0.000, 0.786, -0.578, 0.000, 0.000, 0.000, 0.000, -0.000, -0.000
0.020, 0.786, -0.578, 0.000, 0.000, 0.000, 0.000, -0.000, -0.000
0.040, 0.786, -0.578, 0.000, 0.000, 0.000, 0.000, -0.000, -0.000
0.060, 0.786, -0.578, 0.000, 0.001, 0.000, 0.000, -0.000, -0.000
0.080, 0.786, -0.578, 0.000, 0.000, 0.000, 0.000, -0.000, -0.000
0.100, 0.786, -0.578, 0.000, 1.000, 0.000, 0.000, -0.000, -0.000
0.120, 0.786, -0.578, 0.000, 1.000, 0.000, 0.000, -0.000, -0.000
0.140, 0.786, -0.578, 0.000, 1.000, 0.000, 0.000, -0.000, -0.000
0.160, 0.786, -0.578, 0.000, 1.000, 0.000, 0.000, -0.000, -0.000
0.180, 0.786, -0.578, 0.000, 1.000, 0.000, 0.000, -0.000, -0.000
0.200, 0.786, -0.578, 0.000, 1.000, 0.000, 0.000, -0.000, -0.000
0.220, 0.786, -0.578, 0.000, 1.000, 0.000, 0.000, -0.000, -0.000
0.240, 0.786, -0.578, 0.000, 1.000, 0.000, 0.000, -0.000, -0.000
0.260, 0.786, -0.578, 0.000, 1.000, 0.000, 0.000, -0.000, -0.000
0.280, 0.786, -0.578, 0.000, 1.000, 0.000, 0.000, -0.000, -0.000
0.300, 0.786, -0.578, 0.000, 1.000, 0.000, 0.000, -0.000, -0.000
0.320, 0.786, -0.578, 0.000, 1.000, 0.000, 0.000, -0.000, -0.000
0.340, 0.786, -0.578, 0.000, 1.000, 0.000, 0.000, -0.000, -0.000
0.360, 0.786, -0.578, 0.000, 1.000, 0.000, 0.000, -0.000, -0.000
0.380, 0.786, -0.578, 0.000, 1.000, 0.000, 0.000, -0.000, -0.000
0.400, 0.786, -0.578, 0.000, 1.000, 0.000, 0.000, -0.000, -0.000
0.420, 0.786, -0.578, 0.000, 1.000, 0.000, 0.000, -0.000, -0.000
0.440, 0.786, -0.578, 0.000, 1.000, 0.000, 0.000, -0.000, -0.000
0.460, 0.786, -0.578, 0.000, 1.000, 0.000, 0.000, -0.000, -0.000
0.480, 0.786, -0.578, 0.000, 1.000, 0.000, 0.000, -0.000, -0.000
0.500, 0.786, -0.578, 0.000, 1.000, 0.000, 0.000, -0.000, -0.000
0.520, 0.786, -0.578, 0.000, 1.000, 0.000, 0.000, -0.000, -0.000
0.540, 0.786, -0.578, 0.000, 1.000, 0.000, 0.000, -0.000, -0.000
0.560, 0.786, -0.578, 0.000, 1.000, 0.000, 0.000, -0.000, -0.000
0.580, 0.786, -0.578, 0.000, 1.000, 0.000, 0.000, -0.000, -0.000
0.600, 0.786, -0.578, 0.000, 1.000, 0.000, 0.000, -0.000, -0.000
0.620, 0.786, -0.578, 0.000, 1.000, 0.000, 0.000, -0.000, -0.000
0.640, 0.786, -0.578, 0.000, 1.000, 0.000, 0.000, -0.000, -0.000
0.660, 0.786, -0.578, 0.000, 1.000, 0.000, 0.000, -0.000, -0.000
0.680, 0.786, -0.578, 0.000, 1.000, 0.000, 0.000, -0.000, -0.000
0.700, 0.786, -0.578, 0.000, 1.000, 0.000, 0.000, -0.000, -0.000
0.720, 0.786, -0.578, 0.000, 1.000, 0.000, 0.000, -0.000, -0.000
0.740, 0.786, -0.578, 0.000, 1.000, 0.000, 0.000, -0.000, -0.000
0.760, 0.786, -0.578, 0.000, 1.000, 0.000, 0.000, -0.000, -0.000
0.780, 0.786, -0.578, 0.000, 1.000, 0.000, 0.000, -0.000, -0.000
0.800, 0.786, -0.578, 0.000, 1.000, 0.000, 0.000, -0.000, -0.000
0.820, 0.786, -0.578, 0.000, 1.000, 0.000, 0.000, -0.000, -0.000
0.840, 0.786, -0.578, 0.000, 1.000, 0.000, 0.000, -0.000, -0.000
0.860, 0.786, -0.578, 0.000, 1.000, 0.000, 0.000, -0.000, -0.000
0.880, 0.786, -0.578, 0.000, 1.000, 0.000, 0.000, -0.000, -0.000
0.900, 0.786, -0.578, 0.000, 1.000, 0.000, 0.000, -0.000, -0.000
0.920, 0.786, -0.578, 0.000, 1.000, 0.000, 0.000, -0.000, -0.000
0.940, 0.786, -0.578, 0.000, 1.000, 0.000, 0.000, -0.000, -0.000
0.960, 0.786, -0.578, 0.000, 1.000, 0.000, 0.000, -0.000, -0.000
0.980, 0.786, -0.578, 0.000, 1.000, 0.000, 0.000, -0.000, -0.000
1.000, 0.786, -0.578, 0.000, 1.000, 0.000, 0.000, -0.000, -0.000
1.020, 0.786, -0.578, 0.000, 1.000, 0.000, 0.000, -0.000, -0.000
1.040, 0.786, -0.578, 0.000, 1.000, 0.000, 0.000, -0.000, -0.000
1.060, 0.786, -0.578, 0.000, 1.000, 0.000, 0.000, -0.000, -0.000
1.080, 0.786, -0.578, 0.000, 1.000, 0.000, 0.000, -0.000, -0.000
1.100, 0.786, -0.578, 0.000, 1.000, 0.000, 0.000, -0.000, -0.000
1.120, 0.786, -0.578, 0.000, 1.000, 0.000, 0.000, -0.000, -0.000
1.140, 0.786, -0.578, 0.000, 1.000, 0.000, 0.000, -0.000, -0.000
1.160, 0.786, -0.578, 0.000, 1.000, 0.000, 0.000, -0.000, -0.000
1.180, 0.786, -0.578, 0.000, 1.000, 0.000, 0.000, -0.000, -0.000
1.200, 0.786, -0.578, 0.000, 1.000, 0.000, 0.000, -0.000, -0.000
1.220, 0.786, -0.578, 0.000, 1.000, 0.000, 0.000, -0.000, -0.000
1.240, 0.786, -0.578, 0.000, 1.000, 0.000, 0.000, -0.000, -0.000
1.260, 0.786, -0.578, 0.000, 1.000, 0.000, 0.000, -0.000, -0.000
1.280, 0.786, -0.578, 0.000, 1.000, 0.000, 0.000, -0.000, -0.000
1.300, 0.786, -0.578, 0.000, 1.000, 0.000, 0.000, -0.000, -0.000
1.320, 0.786, -0.578, 0.000, 1.000, 0.000, 0.000, -0.000, -0.000
1.340, 0.786, -0.578, 0.000, 1.000, 0.000, 0.000, -0.000, -0.000
1.360, 0.786, -0.578, 0.000, 1.000, 0.000, 0.000, -0.000, -0.000
1.380, 0.786, -0.578, 0.000, 1.000, 0.000, 0.000, -0.000, -0.000
1.400, 0.786, -0.578, 0.000, 1.000, 0.000, 0.000, -0.000, -0.000
1.420, 0.786, -0.578, 0.000, 1.000, 0.000, 0.000, -0.000, -0.000
1.440, 0.786, -0.578, 0.000, 1.000, 0.000, 0.000, -0.000, -0.000
1.460, 0.786, -0.578, 0.000, 1.000, 0.000, 0.000, -0.000, -0.000
1.480, 0.786, -0.578, 0.000, 1.000, 0.000, 0.000, -0.000, -0.000
1.500, 0.786, -0.578, 0.000, 1.000, 0.000, 0.000, -0.000, -0.000
1.520, 0.786, -0.578, 0.000, 1.000, 0.000, 0.000, -0.000, -0.000
1.540, 0.786, -0.578, 0.000, 1.000, 0.000, 0.000, -0.000, -0.000
1.560, 0.786, -0.578, 0.000, 1.000, 0.000, 0.000, -0.000, -0.000
1.580, 0.786, -0.578, 0.000, 1.000, 0.000, 0.000, -0.000, -0.000
1.600, 0.786, -0.578, 0.000, 1.000, 0.000, 0.000, -0.000, -0.000
1.620, 0.786, -0.578, 0.000, 1.000, 0.000, 0.000, -0.000, -0.000
1.640, 0.786, -0.578, 0.000, 1.000, 0.000, 0.000, -0.000, -0.000
1.660, 0.786, -0.578, 0.000, 1.000, 0.000, 0.000, -0.000, -0.000
1.680, 0.786, -0.578, 0.000, 1.000, 0.000, 0.000, -0.000, -0.000
1.700, 0.786, -0.578, 0.000, 1.000, 0.000, 0.000, -0.000, -0.000
1.720, 0.786, -0.578, 0.000, 1.000, 0.000, 0.000, -0.000, -0.000
1.740, 0.786, -0.578, 0.000, 1.000, 0.000, 0.000, -0.000, -0.000
1.760, 0.786, -0.578, 0.000, 1.000, 0.000, 0.000, -0.000, -0.000
1.780, 0.786, -0.578, 0.000, 1.000, 0.000, 0.000, -0.000, -0.000
1.800, 0.786, -0.578, 0.000, 1.000, 0.000, 0.000, -0.000, -0.000
1.820, 0.786, -0.578, 0.000, 1.000, 0.000, 0.000, -0.000, -0.000
1.840, 0.786, -0.578, 0.000, 1.000, 0.000, 0.000, -0.000, -0.000
1.860, 0.786, -0.578, 0.000, 1.000, 0.000, 0.000, -0.000, -0.000
1.880, 0.786, -0.578, 0.000, 1.000, 0.000, 0.000, -0.000, -0.000
1.900, 0.786, -0.578, 0.000, 1.000, 0.000, 0.000, -0.000, -0.000
1.920, 0.786, -0.578, 0.000, 1.000, 0.000, 0.000, -0.000, -0.000
1.940, 0.786, -0.578, 0.000, 1.000, 0.000, 0.000, -0.000, -0.000
1.960, 0.786, -0.578, 0.000, 1.000, 0.000, 0.000, -0.000, -0.000
1.980, 0.786, -0.578, 0.000, 1.000, 0.000, 0.000, -0.000, -0.000
2.000, 0.786, -0.578, 0.000, 1.000, 0.000, 0.000, -0.000, -0.000
2.020, 0.786, -0.578, 0.000, 1.000, 0.000, 0.000, -0.000, -0.000
2.040, 0.786, -0.578, 0.000, 1.000, 0.000, 0.000, -0.000, -0.000
2.060, 0.786, -0.578, 0.000, 1.000, 0.000, 0.000, -0.000, -0.000
2.080, 0.786, -0.578, 0.000, 1.000, 0.000, 0.000, -0.000, -0.000
2.100, 0.786, -0.578, 0.000, 1.000, 0.000, 0.000, -0.000, -0.000
2.120, 0.786, -0.578, 0.000, 1.000, 0.000, 0.000, -0.000, -0.000
2.140, 0.786, -0.578, 0.000, 1.000, 0.000, 0.000, -0.000, -0.000
2.160, 0.786, -0.578, 0.000, 1.000, 0.000, 0.000, -0.000, -0.000
2.180, 0.786, -0.578, 0.000, 1.000, 0.000, 0.000, -0.000, -0.000
2.200, 0.786, -0.578, 0.000, 1.000, 0.000, 0.000, -0.000, -0.000
2.220, 0.786, -0.578, 0.000, 1.000, 0.000, 0.000, -0.000, -0.000
2.240, 0.786, -0.578, 0.000, 1.000, 0.000, 0.000, -0.000, -0.000
2.260, 0.786, -0.578, 0.000, 1.000, 0.000, 0.000, -0.000, -0.000
2.280, 0.786, -0.578, 0.000, 1.000, 0.000, 0.000, -0.000, -0.000
2.300, 0.786, -0.578, 0.000, 1.000, 0.000, 0.000, -0.000, -0.000
2.320, 0.786, -0.578, 0.000, 1.000, 0.000, 0.000, -0.000, -0.000
2.340, 0.786, -0.578, 0.000, 1.000, 0.000, 0.000, -0.000, -0.000
2.360, 0.786, -0.578, 0.000, 1.000, 0.000, 0.000, -0.000, -0.000
2.380, 0.786, -0.578, 0.000, 1.000, 0.000, 0.000, -0.000, -0.000
2.400, 0.786, -0.578, 0.000, 1.000, 0.000, 0.000, -0.000, -0.000
2.420, 0.786, -0.578, 0.000, 1.000, 0.000, 0.000, -0.000, -0.000
2.440, 0.786, -0.578, 0.000, 1.000, 0.000, 0.000, -0.000, -0.000
2.460, 0.786, -0.578, 0.000, 1.000, 0.000, 0.000, -0.000, -0.000
2.480, 0.786, -0.578, 0.000, 1.000, 0.000, 0.000, -0.000, -0.000
2.500, 0.786, -0.578, 0.000, 1.000, 0.000, 0.000, -0.000, -0.000
2.520, 0.786, -0.578, 0.000, 1.000, 0.000, 0.000, -0.000, -0.000
2.540, 0.786, -0.578, 0.000, 1.000, 0.000, 0.000, -0.000, -0.000
2.560, 0.786, -0.578, 0.000, 1.000, 0.000, 0.000, -0.000, -0.000
2.580, 0.786, -0.578, 0.000, 1.000, 0.000, 0.000, -0.000, -0.000
2.600, 0.786, -0.578, 0.000, 1.000, 0.000, 0.000, -0.000, -0.000
2.620, 0.786, -0.578, 0.000, 1.000, 0.000, 0.000, -0.000, -0.000
2.640, 0.786, -0.578, 0.000, 1.000, 0.000, 0.000, -0.000, -0.000
2.660, 0.786, -0.578, 0.000, 1.000, 0.000, 0.000, -0.000, -0.000
2.680, 0.786, -0.578, 0.000, 1.000, 0.000, 0.000, -0.000, -0.000
2.700, 0.786, -0.578, 0.000, 1.000, 0.000, 0.000, -0.000, -0.000
2.720, 0.786, -0.578, 0.000, 1.000, 0.000, 0.000, -0.000, -0.000
2.740, 0.786, -0.578, 0.000, 1.000, 0.000, 0.000, -0.000, -0.000
2.760, 0.786, -0.578, 0.000, 1.000, 0.000, 0.000, -0.000, -0.000
2.780, 0.786, -0.578, 0.000, 1.000, 0.000, 0.000, -0.000, -0.000
2.800, 0.786, -0.578, 0.000, 1.000, 0.000, 0.000, -0.000, -0.000
2.820, 0.786, -0.578, 0.000, 1.000, 0.000, 0.000, -0.000, -0.000
2.840, 0.786, -0.578, 0.000, 1.000, 0.000, 0.000, -0.000, -0.000
2.860, 0.786, -0.578, 0.000, 1.000, 0.000, 0.000, -0.000, -0.000
2.880, 0.786, -0.578, 0.000, 1.000, 0.000, 0.000, -0.000, -0.000
2.900, 0.786, -0.578, 0.000, 1.000, 0.000, 0.000, -0.000, -0.000
2.920, 0.786, -0.578, 0.000, 1.000, 0.000, 0.000, -0.000, -0.000
2.940, 0.786, -0.578, 0.000, 1.000, 0.000, 0.000, -0.000, -0.000
2.960, 0.786, -0.578, 0.000, 1.000, 0.000, 0.000, -0.000, -0.000
2.980, 0.786, -0.578, 0.000, 1.000, 0.000, 0.000, -0.000, -0.000
3.000, 0.786, -0.578, 0.000, 1.000, 0.000, 0.000, -0.000, -0.000
3.020, 0.786, -0.578, 0.000, 1.000, 0.000, 0.000, -0.000, -0.000
3.040, 0.786, -0.578, 0.000, 1.000, 0.000, 0.000, -0.000, -0.000
3.060, 0.786, -0.578, 0.000, 1.000, 0.000, 0.000, -0.000, -0.000
3.080, 0.786, -0.578, 0.000, 1.000, 0.000, 0.000, -0.000, -0.000
3.100, 0.786, -0.578, 0.000, 1.000, 0.000, 0.000, -0.000, -0.000
3.120, 0.786, -0.578, 0.000, 1.000, 0.000, 0.000, -0.000, -0.000
3.140, 0.786, -0.578, 0.000, 1.000, 0.000, 0.000, -0.000, -0.000
3.160, 0.786, -0.578, 0.000, 1.000, 0.000, 0.000, -0.000, -0.000
3.180, 0.786, -0.578, 0.000, 1.000, 0.000, 0.000, -0.000, -0.000
3.200, 0.786, -0.578, 0.000, 1.000, 0.000, 0.000, -0.000, -0.000
3.220, 0.786, -0.578, 0.000, 1.000, 0.000, 0.000, -0.000, -0.000
3.240, 0.786, -0.578, 0.000, 1.000, 0.000, 0.000, -0.000, -0.000
3.260, 0.786, -0.578, 0.000, 1.000, 0.000, 0.000, -0.000, -0.000
3.280, 0.786, -0.578, 0.000, 1.000, 0.000, 0.000, -0.000, -0.000
3.300, 0.786, -0.578, 0.000, 1.000, 0.000, 0.000, -0.000, -0.000
3.320, 0.786, -0.578, 0.000, 1.000, 0.000, 0.000, -0.000, -0.000
3.340, 0.786, -0.578, 0.000, 1.000, 0.000, 0.000, -0.000, -0.000
3.360, 0.786, -0.578, 0.000, 1.000, 0.000, 0.000, -0.000, -0.000
3.380, 0.786, -0.578, 0.000, 1.000, 0.000, 0.000, -0.000, -0.000
3.400, 0.786, -0.578, 0.000, 1.000, 0.000, 0.000, -0.000, -0.000
3.420, 0.786, -0.578, 0.000, 1.000, 0.000, 0.000, -0.000, -0.000
3.440, 0.786, -0.578, 0.000, 1.000, 0.000, 0.000, -0.000, -0.000
3.460, 0.786, -0.578, 0.000, 1.000, 0.000, 0.000, -0.000, -0.000
3.480, 0.786, -0.578, 0.000, 1.000, 0.000, 0.000, -0.000, -0.000
3.500, 0.786, -0.578, 0.000, 1.000, 0.000, 0.000, -0.000, -0.000
3.520, 0.786, -0.578, 0.000, 1.000, 0.000, 0.000, -0.000, -0.000
3.540, 0.786, -0.578, 0.000, 1.000, 0.000, 0.000, -0.000, -0.000
3.560, 0.786, -0.578, 0.000, 1.000, 0.000, 0.000, -0.000, -0.000
3.580, 0.786, -0.578, 0.000, 1.000, 0.000, 0.000, -0.000, -0.000
3.600, 0.786, -0.578, 0.000, 1.000, 0.000, 0.000, -0.000, -0.000
3.620, 0.786, -0.578, 0.000, 1.000, 0.000, 0.000, -0.000, -0.000
3.640, 0.786, -0.578, 0.000, 1.000, 0.000, 0.000, -0.000, -0.000
3.660, 0.786, -0.578, 0.000, 1.000, 0.000, 0.000, -0.000, -0.000
3.680, 0.786, -0.578, 0.000, 1.000, 0.000, 0.000, -0.000, -0.000
3.700, 0.786, -0.578, 0.000, 1.000, 0.000, 0.000, -0.000, -0.000
3.720, 0.786, -0.578, 0.000, 1.000, 0.000, 0.000, -0.000, -0.000
3.740, 0.786, -0.578, 0.000, 1.000, 0.000, 0.000, -0.000, -0.000
3.760, 0.786, -0.578, 0.000, 1.000, 0.000, 0.000, -0.000, -0.000
3.780, 0.786, -0.578, 0.000, 1.000, 0.000, 0.000, -0.000, -0.000
3.800, 0.786, -0.578, 0.000, 1.000, 0.000, 0.000, -0.000, -0.000
3.820, 0.786, -0.578, 0.000, 1.000, 0.000, 0.000, -0.000, -0.000
3.840, 0.786, -0.578, 0.000, 1.000, 0.000, 0.000, -0.000, -0.000
3.860, 0.786, -0.578, 0.000, 1.000, 0.000, 0.000, -0.000, -0.000
3.880, 0.786, -0.578, 0.000, 1.000, 0.000, 0.000, -0.000, -0.000
3.900, 0.786, -0.578, 0.000, 1.000, 0.000, 0.000, -0.000, -0.000
3.920, 0.786, -0.578, 0.000, 1.000, 0.000, 0.000, -0.000, -0.000
3.940, 0.786, -0.578, 0.000, 1.000, 0.000, 0.000, -0.000, -0.000
3.960, 0.786, -0.578, 0.000, 1.000, 0.000, 0.000, -0.000, -0.000
3.980, 0.786, -0.578, 0.000, 1.000, 0.000, 0.000, -0.000, -0.000
4.000, 0.786, -0.578, 0.000, 1.000, 0.000, 0.000, -0.000, -0.000
4.020, 0.786, -0.578, 0.000, 1.000, 0.000, 0.000, -0.000, -0.000
4.040, 0.786, -0.578, 0.000, 1.000, 0.000, 0.000, -0.000, -0.000
4.060, 0.786, -0.578, 0.000, 1.000, 0.000, 0.000, -0.000, -0.000
4.080, 0.786, -0.578, 0.000, 1.000, 0.000, 0.000, -0.000, -0.000
4.100, 0.786, -0.578, 0.000, 1.000, 0.000, 0.000, -0.000, -0.000
4.120, 0.786, -0.578, 0.000, 1.000, 0.000, 0.000, -0.000, -0.000
4.140, 0.786, -0.578, 0.000, 1.000, 0.000, 0.000, -0.000, -0.000
4.160, 0.786, -0.578, 0.000, 1.000, 0.000, 0.000, -0.000, -0.000
4.180, 0.786, -0.578, 0.000, 1.000, 0.000, 0.000, -0.000, -0.000
4.200, 0.786, -0.578, 0.000, 1.000, 0.000, 0.000, -0.000, -0.000
4.220, 0.786, -0.578, 0.000, 1.000, 0.000, 0.000, -0.000, -0.000
4.240, 0.786, -0.578, 0.000, 1.000, 0.000, 0.000, -0.000, -0.000
4.260, 0.786, -0.578, 0.000, 1.000, 0.000, 0.000, -0.000, -0.000
4.280, 0.786, -0.578, 0.000, 1.000, 0.000, 0.000, -0.000, -0.000
4.300, 0.786, -0.578, 0.000, 1.000, 0.000, 0.000, -0.000, -0.000
4.320, 0.786, -0.578, 0.000, 1.000, 0.000, 0.000, -0.000, -0.000
4.340, 0.786, -0.578, 0.000, 1.000, 0.000, 0.000, -0.000, -0.000
4.360, 0.786, -0.578, 0.000, 1.000, 0.000, 0.000, -0.000, -0.000
4.380, 0.786, -0.578, 0.000, 1.000, 0.000, 0.000, -0.000, -0.000
4.400, 0.786, -0.578, 0.000, 1.000, 0.000, 0.000, -0.000, -0.000
4.420, 0.786, -0.578, 0.000, 1.000, 0.000, 0.000, -0.000, -0.000
4.440, 0.786, -0.578, 0.000, 1.000, 0.000, 0.000, -0.000, -0.000
4.460, 0.786, -0.578, 0.000, 1.000, 0.000, 0.000, -0.000, -0.000
4.480, 0.786, -0.578, 0.000, 1.000, 0.000, 0.000, -0.000, -0.000
4.500, 0.786, -0.578, 0.000, 1.000, 0.000, 0.000, -0.000, -0.000
4.520, 0.786, -0.578, 0.000, 1.000, 0.000, 0.000, -0.000, -0.000
4.540, 0.786, -0.578, 0.000, 1.000, 0.000, 0.000, -0.000, -0.000
4.560, 0.786, -0.578, 0.000, 1.000, 0.000, 0.000, -0.000, -0.000
4.580, 0.786, -0.578, 0.000, 1.000, 0.000, 0.000, -0.000, -0.000
4.600, 0.786, -0.578, 0.000, 1.000, 0.000, 0.000, -0.000, -0.000
4.620, 0.786, -0.578, 0.000, 1.000, 0.000, 0.000, -0.000, -0.000
4.640, 0.786, -0.578, 0.000, 1.000, 0.000, 0.000, -0.000, -0.000
4.660, 0.786, -0.578, 0.000, 1.000, 0.000, 0.000, -0.000, -0.000
4.680, 0.786, -0.578, 0.000, 1.000, 0.000, 0.000, -0.000, -0.000
4.700, 0.786, -0.578, 0.000, 1.000, 0.000, 0.000, -0.000, -0.000
4.720, 0.786, -0.578, 0.000, 1.000, 0.000, 0.000, -0.000, -0.000
4.740, 0.786, -0.578, 0.000, 1.000, 0.000, 0.000, -0.000, -0.000
4.760, 0.786, -0.578, 0.000, 1.000, 0.000, 0.000, -0.000, -0.000
4.780, 0.786, -0.578, 0.000, 1.000, 0.000, 0.000, -0.000, -0.000
4.800, 0.786, -0.578, 0.000, 1.000, 0.000, 0.000, -0.000, -0.000
4.820, 0.786, -0.578, 0.000, 1.000, 0.000, 0.000, -0.000, -0.000
4.840, 0.786, -0.578, 0.000, 1.000, 0.000, 0.000, -0.000, -0.000
4.860, 0.786, -0.578, 0.000, 1.000, 0.000, 0.000, -0.000, -0.000
4.880, 0.786, -0.578, 0.000, 1.000, 0.000, 0.000, -0.000, -0.000
4.900, 0.786, -0.578, 0.000, 1.000, 0.000, 0.000, -0.000, -0.000
4.920, 0.786, -0.578, 0.000, 1.000, 0.000, 0.000, -0.000, -0.000
4.940, 0.786, -0.578, 0.000, 1.000, 0.000, 0.000, -0.000, -0.000
4.960, 0.786, -0.578, 0.000, 1.000, 0.000, 0.000, -0.000, -0.000
4.980, 0.786, -0.578, 0.000, 1.000, 0.000, 0.000, -0.000, -0.000
5.000, 0.786, -0.578, 0.000, 1.000, 0.000, 0.000, -0.000, -0.000
5.020, 0.786, -0.578, 0.000, 1.000, 0.000, 0.000, -0.000, -0.000
5.040, 0.786, -0.578, 0.000, 1.000, 0.000, 0.000, -0.000, -0.000
5.060, 0.786, -0.578, 0.000, 1.000, 0.000, 0.000, -0.000, -0.000
5.080, 0.786, -0.578, 0.000, 1.000, 0.000, 0.000, -0.000, -0.000
5.100, 0.786, -0.578, 0.000, 1.000, 0.000, 0.000, -0.000, -0.000
5.120, 0.786, -0.578, 0.000, 1.000, 0.000, 0.000, -0.000, -0.000
5.140, 0.786, -0.578, 0.000, 1.000, 0.000, 0.000, -0.000, -0.000
5.160, 0.786, -0.578, 0.000, 1.000, 0.000, 0.000, -0.000, -0.000
5.180, 0.786, -0.578, 0.000, 1.000, 0.000, 0.000, -0.000, -0.000
5.200, 0.786, -0.578, 0.000, 1.000, 0.000, 0.000, -0.000, -0.000
5.220, 0.786, -0.578, 0.000, 1.000, 0.000, 0.000, -0.000, -0.000
5.240, 0.786, -0.578, 0.000, 1.000, 0.000, 0.000, -0.000, -0.000
5.260, 0.786, -0.578, 0.000, 1.000, 0.000, 0.000, -0.000, -0.000
5.280, 0.786, -0.578, 0.000, 1.000, 0.000, 0.000, -0.000, -0.000
5.300, 0.786, -0.578, 0.000, 1.000, 0.000, 0.000, -0.000, -0.000
5.320, 0.786, -0.578, 0.000, 1.000, 0.000, 0.000, -0.000, -0.000
5.340, 0.786, -0.578, 0.000, 1.000, 0.000, 0.000, -0.000, -0.000
5.360, 0.786, -0.578, 0.000, 1.000, 0.000, 0.000, -0.000, -0.000
5.380, 0.786, -0.578, 0.000, 1.000, 0.000, 0.000, -0.000, -0.000
5.400, 0.786, -0.578, 0.000, 1.000, 0.000, 0.000, -0.000, -0.000
5.420, 0.786, -0.578, 0.000, 1.000, 0.000, 0.000, -0.000, -0.000
5.440, 0.786, -0.578, 0.000, 1.000, 0.000, 0.000, -0.000, -0.000
5.460, 0.786, -0.578, 0.000, 1.000, 0.000, 0.000, -0.000, -0.000
5.480, 0.786, -0.578, 0.000, 1.000, 0.000, 0.000, -0.000, -0.000
5.500, 0.786, -0.578, 0.000, 1.000, 0.000, 0.000, -0.000, -0.000
5.520, 0.786, -0.578, 0.000, 1.000, 0.000, 0.000, -0.000, -0.000
5.540, 0.786, -0.578, 0.000, 1.000, 0.000, 0.000, -0.000, -0.000
5.560, 0.786, -0.578, 0.000, 1.000, 0.000, 0.000, -0.000, -0.000
5.580, 0.786, -0.578, 0.000, 1.000, 0.000, 0.000, -0.000, -0.000
5.600, 0.786, -0.578, 0.000, 1.000, 0.000, 0.000, -0.000, -0.000
5.620, 0.786, -0.578, 0.000, 1.000, 0.000, 0.000, -0.000, -0.000
5.640, 0.786, -0.578, 0.000, 1.000, 0.000, 0.000, -0.000, -0.000
5.660, 0.786, -0.578, 0.000, 1.000, 0.000, 0.000, -0.000, -0.000
5.680, 0.786, -0.578, 0.000, 1.000, 0.000, 0.000, -0.000, -0.000
5.700, 0.786, -0.578, 0.000, 1.000, 0.000, 0.000, -0.000, -0.000
5.720, 0.786, -0.578, 0.000, 1.000, 0.000, 0.000, -0.000, -0.000
5.740, 0.786, -0.578, 0.000, 1.000, 0.000, 0.000, -0.000, -0.000
5.760, 0.786, -0.578, 0.000, 1.000, 0.000, 0.000, -0.000, -0.000
5.780, 0.786, -0.578, 0.000, 1.000, 0.000, 0.000, -0.000, -0.000
5.800, 0.786, -0.578, 0.000, 1.000, 0.000, 0.000, -0.000, -0.000
5.820, 0.786, -0.578, 0.000, 1.000, 0.000, 0.000, -0.000, -0.000
5.840, 0.786, -0.578, 0.000, 1.000, 0.000, 0.000, -0.000, -0.000
5.860, 0.786, -0.578, 0.000, 1.000, 0.000, 0.000, -0.000, -0.000
5.880, 0.786, -0.578, 0.000, 1.000, 0.000, 0.000, -0.000, -0.000
5.900, 0.786, -0.578, 0.000, 1.000, 0.000, 0.000, -0.000, -0.000
5.920, 0.786, -0.578, 0.000, 1.000, 0.000, 0.000, -0.000, -0.000
5.940, 0.786, -0.578, 0.000, 1.000, 0.000, 0.000, -0.000, -0.000
5.960, 0.786, -0.578, 0.000, 1.000, 0.000, 0.000, -0.000, -0.000
5.980, 0.786, -0.578, 0.000, 1.000, 0.000, 0.000, -0.000, -0.000
6.000, 0.786, -0.578, 0.000, 1.000, 0.000, 0.000, -0.000, -0.000
6.020, 0.786, -0.578, 0.000, 1.000, 0.000, 0.000, -0.000, -0.000
6.040, 0.786, -0.578, 0.000, 1.000, 0.000, 0.000, -0.000, -0.000
6.060, 0.786, -0.578, 0.000, 1.000, 0.000, 0.000, -0.000, -0.000
6.080, 0.786, -0.578, 0.000, 1.000, 0.000, 0.000, -0.000, -0.000
6.100, 0.786, -0.578, 0.000, 1.000, 0.000, 0.000, -0.000, -0.000
6.120, 0.786, -0.578, 0.000, 1.000, 0.000, 0.000, -0.000, -0.000
6.140, 0.786, -0.578, 0.000, 1.000, 0.000, 0.000, -0.000, -0.000
6.160, 0.786, -0.578, 0.000, 1.000, 0.000, 0.000, -0.000, -0.000
6.180, 0.786, -0.578, 0.000, 1.000, 0.000, 0.000, -0.000, -0.000
6.200, 0.786, -0.578, 0.000, 1.000, 0.000, 0.000, -0.000, -0.000
6.220, 0.786, -0.578, 0.000, 1.000, 0.000, 0.000, -0.000, -0.000
6.240, 0.786, -0.578, 0.000, 1.000, 0.000, 0.000, -0.000, -0.000
6.260, 0.786, -0.578, 0.000, 1.000, 0.000, 0.000, -0.000, -0.000
6.280, 0.786, -0.578, 0.000, 1.000, 0.000, 0.000, -0.000, -0.000
6.300, 0.786, -0.578, 0.000, 1.000, 0.000, 0.000, -0.000, -0.000
6.320, 0.786, -0.578, 0.000, 1.000, 0.000, 0.000, -0.000, -0.000
6.340, 0.786, -0.578, 0.000, 1.000, 0.000, 0.000, -0.000, -0.000
6.360, 0.786, -0.578, 0.000, 1.000, 0.000, 0.000, -0.000, -0.000
6.380, 0.786, -0.578, 0.000, 1.000, 0.000, 0.000, -0.000, -0.000
6.400, 0.786, -0.578, 0.000, 1.000, 0.000, 0.000, -0.000, -0.000
6.420, 0.786, -0.578, 0.000, 1.000, 0.000, 0.000, -0.000, -0.000
6.440, 0.786, -0.578, 0.000, 1.000, 0.000, 0.000, -0.000, -0.000
6.460, 0.786, -0.578, 0.000, 1.000, 0.000, 0.000, -0.000, -0.000
6.480, 0.786, -0.578, 0.000, 1.000, 0.000, 0.000, -0.000, -0.000
6.500, 0.786, -0.578, 0.000, 1.000, 0.000, 0.000, -0.000, -0.000
6.520, 0.786, -0.578, 0.000, 1.000, 0.000, 0.000, -0.000, -0.000
6.540, 0.786, -0.578, 0.000, 1.000, 0.000, 0.000, -0.000, -0.000
6.560, 0.786, -0.578, 0.000, 1.000, 0.000, 0.000, -0.000, -0.000
6.580, 0.786, -0.578, 0.000, 1.000, 0.000, 0.000, -0.000, -0.000
6.600, 0.786, -0.578, 0.000, 1.000, 0.000, 0.000, -0.000, -0.000
6.620, 0.786, -0.578, 0.000, 1.000, 0.000, 0.000, -0.000, -0.000
6.640, 0.786, -0.578, 0.000, 1.000, 0.000, 0.000, -0.000, -0.000
6.660, 0.786, -0.578, 0.000, 1.000, 0.000, 0.000, -0.000, -0.000
6.680, 0.786, -0.578, 0.000, 1.000, 0.000, 0.000, -0.000, -0.000
6.700, 0.786, -0.578, 0.000, 1.000, 0.000, 0.000, -0.000, -0.000
6.720, 0.786, -0.578, 0.000, 1.000, 0.000, 0.000, -0.000, -0.000
6.740, 0.786, -0.578, 0.000, 1.000, 0.000, 0.000, -0.000, -0.000
6.760, 0.786, -0.578, 0.000, 1.000, 0.000, 0.000, -0.000, -0.000
6.780, 0.786, -0.578, 0.000, 1.000, 0.000, 0.000, -0.000, -0.000
6.800, 0.786, -0.578, 0.000, 1.000, 0.000, 0.000, -0.000, -0.000
6.820, 0.786, -0.578, 0.000, 1.000, 0.000, 0.000, -0.000, -0.000
6.840, 0.786, -0.578, 0.000, 1.000, 0.000, 0.000, -0.000, -0.000
6.860, 0.786, -0.578, 0.000, 1.000, 0.000, 0.000, -0.000, -0.000
6.880, 0.786, -0.578, 0.000, 1.000, 0.000, 0.000, -0.000, -0.000
6.900, 0.786, -0.578, 0.000, 1.000, 0.000, 0.000, -0.000, -0.000
6.920, 0.786, -0.578, 0.000, 1.000, 0.000, 0.000, -0.000, -0.000
6.940, 0.786, -0.578, 0.000, 1.000, 0.000, 0.000, -0.000, -0.000
6.960, 0.786, -0.578, 0.000, 1.000, 0.000, 0.000, -0.000, -0.000
6.980, 0.786, -0.578, 0.000, 1.000, 0.000, 0.000, -0.000, -0.000
7.000, 0.786, -0.578, 0.000, 1.000, 0.000, 0.000, -0.000, -0.000
7.020, 0.786, -0.578, 0.000, 1.000, 0.000, 0.000, -0.000, -0.000
7.040, 0.786, -0.578, 0.000, 1.000, 0.000, 0.000, -0.000, -0.000
7.060, 0.786, -0.578, 0.000, 1.000, 0.000, 0.000, -0.000, -0.000
7.080, 0.786, -0.578, 0.000, 1.000, 0.000, 0.000, -0.000, -0.000
7.100, 0.786, -0.578, 0.000, 1.000, 0.000, 0.000, -0.000, -0.000
7.120, 0.786, -0.578, 0.000, 1.000, 0.000, 0.000, -0.000, -0.000
7.140, 0.786, -0.578, 0.000, 1.000, 0.000, 0.000, -0.000, -0.000
7.160, 0.786, -0.578, 0.000, 1.000, 0.000, 0.000, -0.000, -0.000
7.180, 0.786, -0.578, 0.000, 1.000, 0.000, 0.000, -0.000, -0.000
7.200, 0.786, -0.578, 0.000, 1.000, 0.000, 0.000, -0.000, -0.000
7.220, 0.786, -0.578, 0.000, 1.000, 0.000, 0.000, -0.000, -0.000
7.240, 0.786, -0.578, 0.000, 1.000, 0.000, 0.000, -0.000, -0.000
7.260, 0.786, -0.578, 0.000, 1.000, 0.000, 0.000, -0.000, -0.000
7.280, 0.786, -0.578, 0.000, 1.000, 0.000, 0.000, -0.000, -0.000
7.300, 0.786, -0.578, 0.000, 1.000, 0.000, 0.000, -0.000, -0.000
7.320, 0.786, -0.578, 0.000, 1.000, 0.000, 0.000, -0.000, -0.000
7.340, 0.786, -0.578, 0.000, 1.000, 0.000, 0.000, -0.000, -0.000
7.360, 0.786, -0.578, 0.000, 1.000, 0.000, 0.000, -0.000, -0.000
7.380, 0.786, -0.578, 0.000, 1.000, 0.000, 0.000, -0.000, -0.000
7.400, 0.786, -0.578, 0.000, 1.000, 0.000, 0.000, -0.000, -0.000
7.420, 0.786, -0.578, 0.000, 1.000, 0.000, 0.000, -0.000, -0.000
7.440, 0.786, -0.578, 0.000, 1.000, 0.000, 0.000, -0.000, -0.000
7.460, 0.786, -0.578, 0.000, 1.000, 0.000, 0.000, -0.000, -0.000
7.480, 0.786, -0.578, 0.000, 1.000, 0.000, 0.000, -0.000, -0.000
7.500, 0.786, -0.578, 0.000, 1.000, 0.000, 0.000, -0.000, -0.000
7.520, 0.786, -0.578, 0.000, 1.000, 0.000, 0.000, -0.000, -0.000
7.540, 0.786, -0.578, 0.000, 1.000, 0.000, 0.000, -0.000, -0.000
7.560, 0.786, -0.578, 0.000, 1.000, 0.000, 0.000, -0.000, -0.000
7.580, 0.786, -0.578, 0.000, 1.000, 0.000, 0.000, -0.000, -0.000
7.600, 0.786, -0.578, 0.000, 1.000, 0.000, 0.000, -0.000, -0.000
7.620, 0.786, -0.578, 0.000, 1.000, 0.000, 0.000, -0.000, -0.000
7.640, 0.786, -0.578, 0.000, 1.000, 0.000, 0.000, -0.000, -0.000
7.660, 0.786, -0.578, 0.000, 1.000, 0.000, 0.000, -0.000, -0.000
7.680, 0.786, -0.578, 0.000, 1.000, 0.000, 0.000, -0.000, -0.000
7.700, 0.786, -0.578, 0.000, 1.000, 0.000, 0.000, -0.000, -0.000
7.720, 0.786, -0.578, 0.000, 1.000, 0.000, 0.000, -0.000, -0.000
7.740, 0.786, -0.578, 0.000, 1.000, 0.000, 0.000, -0.000, -0.000
7.760, 0.786, -0.578, 0.000, 1.000, 0.000, 0.000, -0.000, -0.000
7.780, 0.786, -0.578, 0.000, 0.000, 0.000, 0.000, -0.000, -0.000
7.800, 0.786, -0.578, 0.000, 1.000, 0.000, 0.000, -0.000, -0.000
7.820, 0.786, -0.578, 0.000, 1.000, 0.000, 0.000, -0.000, -0.000
7.840, 0.786, -0.578, 0.000, 1.000, 0.000, 0.000, -0.000, -0.000
7.860, 0.786, -0.578, 0.000, 1.000, 0.000, 0.000, -0.000, -0.000
7.880, 0.786, -0.578, 0.000, 1.000, 0.000, 0.000, -0.000, -0.000
7.900, 0.786, -0.578, 0.000, 1.000, 0.000, 0.000, -0.000, -0.000
7.920, 0.786, -0.578, 0.000, 1.000, 0.000, 0.000, -0.000, -0.000
7.940, 0.786, -0.578, 0.000, 1.000, 0.000, 0.000, -0.000, -0.000
7.960, 0.786, -0.578, 0.000, 1.000, 0.000, 0.000, -0.000, -0.000
7.980, 0.786, -0.578, 0.000, 1.000, 0.000, 0.000, -0.000, -0.000
8.000, 0.786, -0.578, 0.000, 1.000, 0.000, 0.000, -0.000, -0.000
8.020, 0.786, -0.578, 0.000, 1.000, 0.000, 0.000, -0.000, -0.000
8.040, 0.786, -0.578, 0.000, 1.000, 0.000, 0.000, -0.000, -0.000
8.060, 0.786, -0.578, 0.000, 1.000, 0.000, 0.000, -0.000, -0.000
8.080, 0.786, -0.578, 0.000, 1.000, 0.000, 0.000, -0.000, -0.000
8.100, 0.786, -0.578, 0.000, 1.000, 0.000, 0.000, -0.000, -0.000
8.120, 0.786, -0.578, 0.000, 1.000, 0.000, 0.000, -0.000, -0.000
8.140, 0.786, -0.578, 0.000, 1.000, 0.000, 0.000, -0.000, -0.000
8.160, 0.786, -0.578, 0.000, 1.000, 0.000, 0.000, -0.000, -0.000
8.180, 0.786, -0.578, 0.000, 1.000, 0.000, 0.000, -0.000, -0.000
8.200, 0.786, -0.578, 0.000, 1.000, 0.000, 0.000, -0.000, -0.000
8.220, 0.786, -0.578, 0.000, 1.000, 0.000, 0.000, -0.000, -0.000
8.240, 0.786, -0.578, 0.000, 1.000, 0.000, 0.000, -0.000, -0.000
8.260, 0.786, -0.578, 0.000, 1.000, 0.000, 0.000, -0.000, -0.000
8.280, 0.786, -0.578, 0.000, 1.000, 0.000, 0.000, -0.000, -0.000
8.300, 0.786, -0.578, 0.000, 1.000, 0.000, 0.000, -0.000, -0.000
8.320, 0.786, -0.578, 0.000, 1.000, 0.000, 0.000, -0.000, -0.000
8.340, 0.786, -0.578, 0.000, 1.000, 0.000, 0.000, -0.000, -0.000
8.360, 0.786, -0.578, 0.000, 1.000, 0.000, 0.000, -0.000, -0.000
8.380, 0.786, -0.578, 0.000, 1.000, 0.000, 0.000, -0.000, -0.000
8.400, 0.786, -0.578, 0.000, 1.000, 0.000, 0.000, -0.000, -0.000
8.420, 0.786, -0.578, 0.000, 1.000, 0.000, 0.000, -0.000, -0.000
8.440, 0.786, -0.578, 0.000, 1.000, 0.000, 0.000, -0.000, -0.000
8.460, 0.786, -0.578, 0.000, 1.000, 0.000, 0.000, -0.000, -0.000
8.480, 0.786, -0.578, 0.000, 1.000, 0.000, 0.000, -0.000, -0.000
8.500, 0.786, -0.578, 0.000, 1.000, 0.000, 0.000, -0.000, -0.000
8.520, 0.786, -0.578, 0.000, 1.000, 0.000, 0.000, -0.000, -0.000
8.540, 0.786, -0.578, 0.000, 1.000, 0.000, 0.000, -0.000, -0.000
8.560, 0.786, -0.578, 0.000, 1.000, 0.000, 0.000, -0.000, -0.000
8.580, 0.786, -0.578, 0.000, 1.000, 0.000, 0.000, -0.000, -0.000
8.600, 0.786, -0.578, 0.000, 1.000, 0.000, 0.000, -0.000, -0.000
8.620, 0.786, -0.578, 0.000, 1.000, 0.000, 0.000, -0.000, -0.000
8.640, 0.786, -0.578, 0.000, 1.000, 0.000, 0.000, -0.000, -0.000
8.660, 0.786, -0.578, 0.000, 1.000, 0.000, 0.000, -0.000, -0.000
8.680, 0.786, -0.578, 0.000, 1.000, 0.000, 0.000, -0.000, -0.000
8.700, 0.786, -0.578, 0.000, 1.000, 0.000, 0.000, -0.000, -0.000
8.720, 0.786, -0.578, 0.000, 1.000, 0.000, 0.000, -0.000, -0.000
8.740, 0.786, -0.578, 0.000, 1.000, 0.000, 0.000, -0.000, -0.000
8.760, 0.786, -0.578, 0.000, 1.000, 0.000, 0.000, -0.000, -0.000
8.780, 0.786, -0.578, 0.000, 1.000, 0.000, 0.000, -0.000, -0.000
8.800, 0.786, -0.578, 0.000, 1.000, 0.000, 0.000, -0.000, -0.000
8.820, 0.786, -0.578, 0.000, 1.000, 0.000, 0.000, -0.000, -0.000
8.840, 0.786, -0.578, 0.000, 1.000, 0.000, 0.000, -0.000, -0.000
8.860, 0.786, -0.578, 0.000, 1.000, 0.000, 0.000, -0.000, -0.000
8.880, 0.786, -0.578, 0.000, 1.000, 0.000, 0.000, -0.000, -0.000
8.900, 0.786, -0.578, 0.000, 1.000, 0.000, 0.000, -0.000, -0.000
8.920, 0.786, -0.578, 0.000, 1.000, 0.000, 0.000, -0.000, -0.000
8.940, 0.786, -0.578, 0.000, 1.000, 0.000, 0.000, -0.000, -0.000
8.960, 0.786, -0.578, 0.000, 1.000, 0.000, 0.000, -0.000, -0.000
8.980, 0.786, -0.578, 0.000, 1.000, 0.000, 0.000, -0.000, -0.000
9.000, 0.786, -0.578, 0.000, 1.000, 0.000, 0.000, -0.000, -0.000
9.020, 0.786, -0.578, 0.000, 1.000, 0.000, 0.000, -0.000, -0.000
9.040, 0.786, -0.578, 0.000, 1.000, 0.000, 0.000, -0.000, -0.000
9.060, 0.786, -0.578, 0.000, 1.000, 0.000, 0.000, -0.000, -0.000
9.080, 0.786, -0.578, 0.000, 1.000, 0.000, 0.000, -0.000, -0.000
9.100, 0.786, -0.578, 0.000, 1.000, 0.000, 0.000, -0.000, -0.000
9.120, 0.786, -0.578, 0.000, 1.000, 0.000, 0.000, -0.000, -0.000
9.140, 0.786, -0.578, 0.000, 1.000, 0.000, 0.000, -0.000, -0.000
9.160, 0.786, -0.578, 0.000, 1.000, 0.000, 0.000, -0.000, -0.000
9.180, 0.786, -0.578, 0.000, 1.000, 0.000, 0.000, -0.000, -0.000
9.200, 0.786, -0.578, 0.000, 1.000, 0.000, 0.000, -0.000, -0.000
9.220, 0.786, -0.578, 0.000, 1.000, 0.000, 0.000, -0.000, -0.000
9.240, 0.786, -0.578, 0.000, 1.000, 0.000, 0.000, -0.000, -0.000
9.260, 0.786, -0.578, 0.000, 1.000, 0.000, 0.000, -0.000, -0.000
9.280, 0.786, -0.578, 0.000, 1.000, 0.000, 0.000, -0.000, -0.000
9.300, 0.786, -0.578, 0.000, 1.000, 0.000, 0.000, -0.000, -0.000
9.320, 0.786, -0.578, 0.000, 1.000, 0.000, 0.000, -0.000, -0.000
9.340, 0.786, -0.578, 0.000, 1.000, 0.000, 0.000, -0.000, -0.000
9.360, 0.786, -0.578, 0.000, 1.000, 0.000, 0.000, -0.000, -0.000
9.380, 0.786, -0.578, 0.000, 1.000, 0.000, 0.000, -0.000, -0.000
9.400, 0.786, -0.578, 0.000, 1.000, 0.000, 0.000, -0.000, -0.000
9.420, 0.786, -0.578, 0.000, 1.000, 0.000, 0.000, -0.000, -0.000
9.440, 0.786, -0.578, 0.000, 1.000, 0.000, 0.000, -0.000, -0.000
9.460, 0.786, -0.578, 0.000, 1.000, 0.000, 0.000, -0.000, -0.000
9.480, 0.786, -0.578, 0.000, 1.000, 0.000, 0.000, -0.000, -0.000
9.500, 0.786, -0.578, 0.000, 1.000, 0.000, 0.000, -0.000, -0.000
9.520, 0.786, -0.578, 0.000, 1.000, 0.000, 0.000, -0.000, -0.000
9.540, 0.786, -0.578, 0.000, 1.000, 0.000, 0.000, -0.000, -0.000
9.560, 0.786, -0.578, 0.000, 1.000, 0.000, 0.000, -0.000, -0.000
9.580, 0.786, -0.578, 0.000, 1.000, 0.000, 0.000, -0.000, -0.000
9.600, 0.786, -0.578, 0.000, 1.000, 0.000, 0.000, -0.000, -0.000
9.620, 0.786, -0.578, 0.000, 1.000, 0.000, 0.000, -0.000, -0.000
9.640, 0.786, -0.578, 0.000, 1.000, 0.000, 0.000, -0.000, -0.000
9.660, 0.786, -0.578, 0.000, 1.000, 0.000, 0.000, -0.000, -0.000
9.680, 0.786, -0.578, 0.000, 1.000, 0.000, 0.000, -0.000, -0.000
9.700, 0.786, -0.578, 0.000, 1.000, 0.000, 0.000, -0.000, -0.000
9.720, 0.786, -0.578, 0.000, 1.000, 0.000, 0.000, -0.000, -0.000
9.740, 0.786, -0.578, 0.000, 1.000, 0.000, 0.000, -0.000, -0.000
9.760, 0.786, -0.578, 0.000, 1.000, 0.000, 0.000, -0.000, -0.000
9.780, 0.786, -0.578, 0.000, 1.000, 0.000, 0.000, -0.000, -0.000
9.800, 0.786, -0.578, 0.000, 1.000, 0.000, 0.000, -0.000, -0.000
9.820, 0.786, -0.578, 0.000, 1.000, 0.000, 0.000, -0.000, -0.000
9.840, 0.786, -0.578, 0.000, 1.000, 0.000, 0.000, -0.000, -0.000
9.860, 0.786, -0.578, 0.000, 1.000, 0.000, 0.000, -0.000, -0.000
9.880, 0.786, -0.578, 0.000, 1.000, 0.000, 0.000, -0.000, -0.000
9.900, 0.786, -0.578, 0.000, 1.000, 0.000, 0.000, -0.000, -0.000
9.920, 0.786, -0.578, 0.000, 1.000, 0.000, 0.000, -0.000, -0.000
9.940, 0.786, -0.578, 0.000, 1.000, 0.000, 0.000, -0.000, -0.000
9.960, 0.786, -0.578, 0.000, 1.000, 0.000, 0.000, -0.000, -0.000
9.980, 0.786, -0.578, 0.000, 1.000, 0.000, 0.000, -0.000, -0.000
10.000, 0.786, -0.578, 0.000, 1.000, 0.000, 0.000, -0.000, -0.000
10.020, 0.786, -0.578, 0.000, 1.000, 0.000, 0.000, -0.000, -0.000
10.040, 0.786, -0.578, 0.000, 1.000, 0.000, 0.000, -0.000, -0.000
10.060, 0.786, -0.578, 0.000, 1.000, 0.000, 0.000, -0.000, -0.000
10.080, 0.786, -0.578, 0.000, 1.000, 0.000, 0.000, -0.000, -0.000
10.100, 0.786, -0.578, 0.000, 1.000, 0.000, 0.000, -0.000, -0.000
10.120, 0.786, -0.578, 0.000, 1.000, 0.000, 0.000, -0.000, -0.000
10.140, 0.786, -0.578, 0.000, 1.000, 0.000, 0.000, -0.000, -0.000
10.160, 0.786, -0.578, 0.000, 1.000, 0.000, 0.000, -0.000, -0.000
10.180, 0.786, -0.578, 0.000, 1.000, 0.000, 0.000, -0.000, -0.000
10.200, 0.786, -0.578, 0.000, 1.000, 0.000, 0.000, -0.000, -0.000
10.220, 0.786, -0.578, 0.000, 1.000, 0.000, 0.000, -0.000, -0.000
10.240, 0.786, -0.578, 0.000, 1.000, 0.000, 0.000, -0.000, -0.000
10.260, 0.786, -0.578, 0.000, 1.000, 0.000, 0.000, -0.000, -0.000
10.280, 0.786, -0.578, 0.000, 1.000, 0.000, 0.000, -0.000, -0.000
10.300, 0.786, -0.578, 0.000, 1.000, 0.000, 0.000, -0.000, -0.000
10.320, 0.786, -0.578, 0.000, 1.000, 0.000, 0.000, -0.000, -0.000
10.340, 0.786, -0.578, 0.000, 1.000, 0.000, 0.000, -0.000, -0.000
10.360, 0.786, -0.578, 0.000, 1.000, 0.000, 0.000, -0.000, -0.000
10.380, 0.786, -0.578, 0.000, 1.000, 0.000, 0.000, -0.000, -0.000
10.400, 0.786, -0.578, 0.000, 1.000, 0.000, 0.000, -0.000, -0.000
10.420, 0.786, -0.578, 0.000, 1.000, 0.000, 0.000, -0.000, -0.000
10.440, 0.786, -0.578, 0.000, 1.000, 0.000, 0.000, -0.000, -0.000
10.460, 0.786, -0.578, 0.000, 1.000, 0.000, 0.000, -0.000, -0.000
10.480, 0.786, -0.578, 0.000, 1.000, 0.000, 0.000, -0.000, -0.000
10.500, 0.786, -0.578, 0.000, 1.000, 0.000, 0.000, -0.000, -0.000
10.520, 0.786, -0.578, 0.000, 1.000, 0.000, 0.000, -0.000, -0.000
10.540, 0.786, -0.578, 0.000, 1.000, 0.000, 0.000, -0.000, -0.000
10.560, 0.786, -0.578, 0.000, 1.000, 0.000, 0.000, -0.000, -0.000
10.580, 0.786, -0.578, 0.000, 0.000, 0.000, 0.000, -0.000, -0.000
10.600, 0.786, -0.578, 0.000, 1.000, 0.000, 0.000, -0.000, -0.000
10.620, 0.786, -0.578, 0.000, 1.000, 0.000, 0.000, -0.000, -0.000
10.640, 0.786, -0.578, 0.000, 1.000, 0.000, 0.000, -0.000, -0.000
10.660, 0.786, -0.578, 0.000, 1.000, 0.000, 0.000, -0.000, -0.000
10.680, 0.786, -0.578, 0.000, 1.000, 0.000, 0.000, -0.000, -0.000
10.700, 0.786, -0.578, 0.000, 1.000, 0.000, 0.000, -0.000, -0.000
10.720, 0.786, -0.578, 0.000, 1.000, 0.000, 0.000, -0.000, -0.000
10.740, 0.786, -0.578, 0.000, 1.000, 0.000, 0.000, -0.000, -0.000
10.760, 0.786, -0.578, 0.000, 1.000, 0.000, 0.000, -0.000, -0.000
10.780, 0.786, -0.578, 0.000, 1.000, 0.000, 0.000, -0.000, -0.000
10.800, 0.786, -0.578, 0.000, 1.000, 0.000, 0.000, -0.000, -0.000
10.820, 0.786, -0.578, 0.000, 1.000, 0.000, 0.000, -0.000, -0.000
10.840, 0.786, -0.578, 0.000, 1.000, 0.000, 0.000, -0.000, -0.000
10.860, 0.786, -0.578, 0.000, 1.000, 0.000, 0.000, -0.000, -0.000
10.880, 0.786, -0.578, 0.000, 1.000, 0.000, 0.000, -0.000, -0.000
10.900, 0.786, -0.578, 0.000, 1.000, 0.000, 0.000, -0.000, -0.000
10.920, 0.786, -0.578, 0.000, 1.000, 0.000, 0.000, -0.000, -0.000
10.940, 0.786, -0.578, 0.000, 1.000, 0.000, 0.000, -0.000, -0.000
10.960, 0.786, -0.578, 0.000, 1.000, 0.000, 0.000, -0.000, -0.000
10.980, 0.786, -0.578, 0.000, 1.000, 0.000, 0.000, -0.000, -0.000
11.000, 0.786, -0.578, 0.000, 1.000, 0.000, 0.000, -0.000, -0.000
11.020, 0.786, -0.578, 0.000, 1.000, 0.000, 0.000, -0.000, -0.000
11.040, 0.786, -0.578, 0.000, 1.000, 0.000, 0.000, -0.000, -0.000
11.060, 0.786, -0.578, 0.000, 1.000, 0.000, 0.000, -0.000, -0.000
11.080, 0.786, -0.578, 0.000, 1.000, 0.000, 0.000, -0.000, -0.000
11.100, 0.786, -0.578, 0.000, 1.000, 0.000, 0.000, -0.000, -0.000
11.120, 0.786, -0.578, 0.000, 1.000, 0.000, 0.000, -0.000, -0.000
11.140, 0.786, -0.578, 0.000, 1.000, 0.000, 0.000, -0.000, -0.000
11.160, 0.786, -0.578, 0.000, 1.000, 0.000, 0.000, -0.000, -0.000
11.180, 0.786, -0.578, 0.000, 1.000, 0.000, 0.000, -0.000, -0.000
11.200, 0.786, -0.578, 0.000, 1.000, 0.000, 0.000, -0.000, -0.000
11.220, 0.786, -0.578, 0.000, 1.000, 0.000, 0.000, -0.000, -0.000
11.240, 0.786, -0.578, 0.000, 1.000, 0.000, 0.000, -0.000, -0.000
11.260, 0.786, -0.578, 0.000, 1.000, 0.000, 0.000, -0.000, -0.000
11.280, 0.786, -0.578, 0.000, 1.000, 0.000, 0.000, -0.000, -0.000
11.300, 0.786, -0.578, 0.000, 1.000, 0.000, 0.000, -0.000, -0.000
11.320, 0.786, -0.578, 0.000, 1.000, 0.000, 0.000, -0.000, -0.000
11.340, 0.786, -0.578, 0.000, 1.000, 0.000, 0.000, -0.000, -0.000
11.360, 0.786, -0.578, 0.000, 1.000, 0.000, 0.000, -0.000, -0.000
11.380, 0.786, -0.578, 0.000, 1.000, 0.000, 0.000, -0.000, -0.000
11.400, 0.786, -0.578, 0.000, 1.000, 0.000, 0.000, -0.000, -0.000
11.420, 0.786, -0.578, 0.000, 1.000, 0.000, 0.000, -0.000, -0.000
11.440, 0.786, -0.578, 0.000, 1.000, 0.000, 0.000, -0.000, -0.000
11.460, 0.786, -0.578, 0.000, 1.000, 0.000, 0.000, -0.000, -0.000
11.480, 0.786, -0.578, 0.000, 1.000, 0.000, 0.000, -0.000, -0.000
11.500, 0.786, -0.578, 0.000, 1.000, 0.000, 0.000, -0.000, -0.000
11.520, 0.786, -0.578, 0.000, 1.000, 0.000, 0.000, -0.000, -0.000
11.540, 0.786, -0.578, 0.000, 1.000, 0.000, 0.000, -0.000, -0.000
11.560, 0.786, -0.578, 0.000, 1.000, 0.000, 0.000, -0.000, -0.000
11.580, 0.786, -0.578, 0.000, 1.000, 0.000, 0.000, -0.000, -0.000
11.600, 0.786, -0.578, 0.000, 1.000, 0.000, 0.000, -0.000, -0.000
11.620, 0.786, -0.578, 0.000, 1.000, 0.000, 0.000, -0.000, -0.000
11.640, 0.786, -0.578, 0.000, 1.000, 0.000, 0.000, -0.000, -0.000
11.660, 0.786, -0.578, 0.000, 1.000, 0.000, 0.000, -0.000, -0.000
11.680, 0.786, -0.578, 0.000, 1.000, 0.000, 0.000, -0.000, -0.000
11.700, 0.786, -0.578, 0.000, 1.000, 0.000, 0.000, -0.000, -0.000
11.720, 0.786, -0.578, 0.000, 1.000, 0.000, 0.000, -0.000, -0.000
11.740, 0.786, -0.578, 0.000, 1.000, 0.000, 0.000, -0.000, -0.000
11.760, 0.786, -0.578, 0.000, 1.000, 0.000, 0.000, -0.000, -0.000
11.780, 0.786, -0.578, 0.000, 1.000, 0.000, 0.000, -0.000, -0.000
11.800, 0.786, -0.578, 0.000, 1.000, 0.000, 0.000, -0.000, -0.000
11.820, 0.786, -0.578, 0.000, 1.000, 0.000, 0.000, -0.000, -0.000
11.840, 0.786, -0.578, 0.000, 1.000, 0.000, 0.000, -0.000, -0.000
11.860, 0.786, -0.578, 0.000, 1.000, 0.000, 0.000, -0.000, -0.000
11.880, 0.786, -0.578, 0.000, 1.000, 0.000, 0.000, -0.000, -0.000
11.900, 0.786, -0.578, 0.000, 1.000, 0.000, 0.000, -0.000, -0.000
11.920, 0.786, -0.578, 0.000, 1.000, 0.000, 0.000, -0.000, -0.000
11.940, 0.786, -0.578, 0.000, 1.000, 0.000, 0.000, -0.000, -0.000
11.960, 0.786, -0.578, 0.000, 1.000, 0.000, 0.000, -0.000, -0.000
11.980, 0.786, -0.578, 0.000, 1.000, 0.000, 0.000, -0.000, -0.000
12.000, 0.786, -0.578, 0.000, 1.000, 0.000, 0.000, -0.000, -0.000
12.020, 0.786, -0.578, 0.000, 1.000, 0.000, 0.000, -0.000, -0.000
12.040, 0.786, -0.578, 0.000, 1.000, 0.000, 0.000, -0.000, -0.000
12.060, 0.786, -0.578, 0.000, 1.000, 0.000, 0.000, -0.000, -0.000
12.080, 0.786, -0.578, 0.000, 1.000, 0.000, 0.000, -0.000, -0.000
12.100, 0.786, -0.578, 0.000, 1.000, 0.000, 0.000, -0.000, -0.000
12.120, 0.786, -0.578, 0.000, 1.000, 0.000, 0.000, -0.000, -0.000
12.140, 0.786, -0.578, 0.000, 1.000, 0.000, 0.000, -0.000, -0.000
12.160, 0.786, -0.578, 0.000, 1.000, 0.000, 0.000, -0.000, -0.000
12.180, 0.786, -0.578, 0.000, 1.000, 0.000, 0.000, -0.000, -0.000
12.200, 0.786, -0.578, 0.000, 1.000, 0.000, 0.000, -0.000, -0.000
12.220, 0.786, -0.578, 0.000, 1.000, 0.000, 0.000, -0.000, -0.000
12.240, 0.786, -0.578, 0.000, 1.000, 0.000, 0.000, -0.000, -0.000
12.260, 0.786, -0.578, 0.000, 1.000, 0.000, 0.000, -0.000, -0.000
12.280, 0.786, -0.578, 0.000, 1.000, 0.000, 0.000, -0.000, -0.000
12.300, 0.786, -0.578, 0.000, 1.000, 0.000, 0.000, -0.000, -0.000
12.320, 0.786, -0.578, 0.000, 1.000, 0.000, 0.000, -0.000, -0.000
12.340, 0.786, -0.578, 0.000, 1.000, 0.000, 0.000, -0.000, -0.000
12.360, 0.786, -0.578, 0.000, 1.000, 0.000, 0.000, -0.000, -0.000
12.380, 0.786, -0.578, 0.000, 1.000, 0.000, 0.000, -0.000, -0.000
12.400, 0.786, -0.578, 0.000, 1.000, 0.000, 0.000, -0.000, -0.000
12.420, 0.786, -0.578, 0.000, 1.000, 0.000, 0.000, -0.000, -0.000
12.440, 0.786, -0.578, 0.000, 1.000, 0.000, 0.000, -0.000, -0.000
12.460, 0.786, -0.578, 0.000, 1.000, 0.000, 0.000, -0.000, -0.000
12.480, 0.786, -0.578, 0.000, 1.000, 0.000, 0.000, -0.000, -0.000
12.500, 0.786, -0.578, 0.000, 1.000, 0.000, 0.000, -0.000, -0.000
12.520, 0.786, -0.578, 0.000, 1.000, 0.000, 0.000, -0.000, -0.000
12.540, 0.786, -0.578, 0.000, 1.000, 0.000, 0.000, -0.000, -0.000
12.560, 0.786, -0.578, 0.000, 1.000, 0.000, 0.000, -0.000, -0.000
12.580, 0.786, -0.578, 0.000, 1.000, 0.000, 0.000, -0.000, -0.000
12.600, 0.786, -0.578, 0.000, 1.000, 0.000, 0.000, -0.000, -0.000
12.620, 0.786, -0.578, 0.000, 1.000, 0.000, 0.000, -0.000, -0.000
12.640, 0.786, -0.578, 0.000, 1.000, 0.000, 0.000, -0.000, -0.000
12.660, 0.786, -0.578, 0.000, 1.000, 0.000, 0.000, -0.000, -0.000
12.680, 0.786, -0.578, 0.000, 1.000, 0.000, 0.000, -0.000, -0.000
12.700, 0.786, -0.578, 0.000, 1.000, 0.000, 0.000, -0.000, -0.000
12.720, 0.786, -0.578, 0.000, 1.000, 0.000, 0.000, -0.000, -0.000
12.740, 0.786, -0.578, 0.000, 1.000, 0.000, 0.000, -0.000, -0.000
12.760, 0.786, -0.578, 0.000, 1.000, 0.000, 0.000, -0.000, -0.000
12.780, 0.786, -0.578, 0.000, 1.000, 0.000, 0.000, -0.000, -0.000
12.800, 0.786, -0.578, 0.000, 1.000, 0.000, 0.000, -0.000, -0.000
12.820, 0.786, -0.578, 0.000, 1.000, 0.000, 0.000, -0.000, -0.000
12.840, 0.786, -0.578, 0.000, 1.000, 0.000, 0.000, -0.000, -0.000
12.860, 0.786, -0.578, 0.000, 1.000, 0.000, 0.000, -0.000, -0.000
12.880, 0.786, -0.578, 0.000, 1.000, 0.000, 0.000, -0.000, -0.000
12.900, 0.786, -0.578, 0.000, 1.000, 0.000, 0.000, -0.000, -0.000
12.920, 0.786, -0.578, 0.000, 1.000, 0.000, 0.000, -0.000, -0.000
12.940, 0.786, -0.578, 0.000, 1.000, 0.000, 0.000, -0.000, -0.000
12.960, 0.786, -0.578, 0.000, 1.000, 0.000, 0.000, -0.000, -0.000
12.980, 0.786, -0.578, 0.000, 1.000, 0.000, 0.000, -0.000, -0.000
13.000, 0.786, -0.578, 0.000, 1.000, 0.000, 0.000, -0.000, -0.000
13.020, 0.786, -0.578, 0.000, 1.000, 0.000, 0.000, -0.000, -0.000
13.040, 0.786, -0.578, 0.000, 1.000, 0.000, 0.000, -0.000, -0.000
13.060, 0.786, -0.578, 0.000, 1.000, 0.000, 0.000, -0.000, -0.000
13.080, 0.786, -0.578, 0.000, 1.000, 0.000, 0.000, -0.000, -0.000
13.100, 0.786, -0.578, 0.000, 1.000, 0.000, 0.000, -0.000, -0.000
13.120, 0.786, -0.578, 0.000, 1.000, 0.000, 0.000, -0.000, -0.000
13.140, 0.786, -0.578, 0.000, 1.000, 0.000, 0.000, -0.000, -0.000
13.160, 0.786, -0.578, 0.000, 1.000, 0.000, 0.000, -0.000, -0.000
13.180, 0.786, -0.578, 0.000, 1.000, 0.000, 0.000, -0.000, -0.000
13.200, 0.786, -0.578, 0.000, 1.000, 0.000, 0.000, -0.000, -0.000
13.220, 0.786, -0.578, 0.000, 1.000, 0.000, 0.000, -0.000, -0.000
13.240, 0.786, -0.578, 0.000, 1.000, 0.000, 0.000, -0.000, -0.000
13.260, 0.786, -0.578, 0.000, 1.000, 0.000, 0.000, -0.000, -0.000
13.280, 0.786, -0.578, 0.000, 1.000, 0.000, 0.000, -0.000, -0.000
13.300, 0.786, -0.578, 0.000, 1.000, 0.000, 0.000, -0.000, -0.000
13.320, 0.786, -0.578, 0.000, 1.000, 0.000, 0.000, -0.000, -0.000
13.340, 0.786, -0.578, 0.000, 1.000, 0.000, 0.000, -0.000, -0.000
13.360, 0.786, -0.578, 0.000, 1.000, 0.000, 0.000, -0.000, -0.000
13.380, 0.786, -0.578, 0.000, 1.000, 0.000, 0.000, -0.000, -0.000
13.400, 0.786, -0.578, 0.000, 1.000, 0.000, 0.000, -0.000, -0.000
13.420, 0.786, -0.578, 0.000, 1.000, 0.000, 0.000, -0.000, -0.000
13.440, 0.786, -0.578, 0.000, 1.000, 0.000, 0.000, -0.000, -0.000
13.460, 0.786, -0.578, 0.000, 1.000, 0.000, 0.000, -0.000, -0.000
13.480, 0.786, -0.578, 0.000, 1.000, 0.000, 0.000, -0.000, -0.000
13.500, 0.786, -0.578, 0.000, 1.000, 0.000, 0.000, -0.000, -0.000
13.520, 0.786, -0.578, 0.000, 1.000, 0.000, 0.000, -0.000, -0.000
13.540, 0.786, -0.578, 0.000, 1.000, 0.000, 0.000, -0.000, -0.000
13.560, 0.786, -0.578, 0.000, 1.000, 0.000, 0.000, -0.000, -0.000
13.580, 0.786, -0.578, 0.000, 1.000, 0.000, 0.000, -0.000, -0.000
13.600, 0.786, -0.578, 0.000, 1.000, 0.000, 0.000, -0.000, -0.000
13.620, 0.786, -0.578, 0.000, 1.000, 0.000, 0.000, -0.000, -0.000
13.640, 0.786, -0.578, 0.000, 1.000, 0.000, 0.000, -0.000, -0.000
13.660, 0.786, -0.578, 0.000, 1.000, 0.000, 0.000, -0.000, -0.000
13.680, 0.786, -0.578, 0.000, 1.000, 0.000, 0.000, -0.000, -0.000
13.700, 0.786, -0.578, 0.000, 1.000, 0.000, 0.000, -0.000, -0.000
13.720, 0.786, -0.578, 0.000, 1.000, 0.000, 0.000, -0.000, -0.000
13.740, 0.786, -0.578, 0.000, 1.000, 0.000, 0.000, -0.000, -0.000
13.760, 0.786, -0.578, 0.000, 1.000, 0.000, 0.000, -0.000, -0.000
13.780, 0.786, -0.578, 0.000, 1.000, 0.000, 0.000, -0.000, -0.000
13.800, 0.786, -0.578, 0.000, 1.000, 0.000, 0.000, -0.000, -0.000
13.820, 0.786, -0.578, 0.000, 1.000, 0.000, 0.000, -0.000, -0.000
13.840, 0.786, -0.578, 0.000, 1.000, 0.000, 0.000, -0.000, -0.000
13.860, 0.786, -0.578, 0.000, 1.000, 0.000, 0.000, -0.000, -0.000
13.880, 0.786, -0.578, 0.000, 1.000, 0.000, 0.000, -0.000, -0.000
13.900, 0.786, -0.578, 0.000, 1.000, 0.000, 0.000, -0.000, -0.000
13.920, 0.786, -0.578, 0.000, 1.000, 0.000, 0.000, -0.000, -0.000
13.940, 0.786, -0.578, 0.000, 1.000, 0.000, 0.000, -0.000, -0.000
13.960, 0.786, -0.578, 0.000, 1.000, 0.000, 0.000, -0.000, -0.000
13.980, 0.786, -0.578, 0.000, 1.000, 0.000, 0.000, -0.000, -0.000
14.000, 0.786, -0.578, 0.000, 1.000, 0.000, 0.000, -0.000, -0.000
14.020, 0.786, -0.578, 0.000, 1.000, 0.000, 0.000, -0.000, -0.000
14.040, 0.786, -0.578, 0.000, 1.000, 0.000, 0.000, -0.000, -0.000
14.060, 0.786, -0.578, 0.000, 1.000, 0.000, 0.000, -0.000, -0.000
14.080, 0.786, -0.578, 0.000, 1.000, 0.000, 0.000, -0.000, -0.000
14.100, 0.786, -0.578, 0.000, 1.000, 0.000, 0.000, -0.000, -0.000
14.120, 0.786, -0.578, 0.000, 1.000, 0.000, 0.000, -0.000, -0.000
14.140, 0.786, -0.578, 0.000, 1.000, 0.000, 0.000, -0.000, -0.000
14.160, 0.786, -0.578, 0.000, 1.000, 0.000, 0.000, -0.000, -0.000
14.180, 0.786, -0.578, 0.000, 1.000, 0.000, 0.000, -0.000, -0.000
14.200, 0.786, -0.578, 0.000, 1.000, 0.000, 0.000, -0.000, -0.000
14.220, 0.786, -0.578, 0.000, 1.000, 0.000, 0.000, -0.000, -0.000
14.240, 0.786, -0.578, 0.000, 1.000, 0.000, 0.000, -0.000, -0.000
14.260, 0.786, -0.578, 0.000, 1.000, 0.000, 0.000, -0.000, -0.000
14.280, 0.786, -0.578, 0.000, 1.000, 0.000, 0.000, -0.000, -0.000
14.300, 0.786, -0.578, 0.000, 1.000, 0.000, 0.000, -0.000, -0.000
14.320, 0.786, -0.578, 0.000, 1.000, 0.000, 0.000, -0.000, -0.000
14.340, 0.786, -0.578, 0.000, 1.000, 0.000, 0.000, -0.000, -0.000
14.360, 0.786, -0.578, 0.000, 1.000, 0.000, 0.000, -0.000, -0.000
14.380, 0.786, -0.578, 0.000, 1.000, 0.000, 0.000, -0.000, -0.000
14.400, 0.786, -0.578, 0.000, 1.000, 0.000, 0.000, -0.000, -0.000
14.420, 0.786, -0.578, 0.000, 1.000, 0.000, 0.000, -0.000, -0.000
14.440, 0.786, -0.578, 0.000, 1.000, 0.000, 0.000, -0.000, -0.000
14.460, 0.786, -0.578, 0.000, 1.000, 0.000, 0.000, -0.000, -0.000
14.480, 0.786, -0.578, 0.000, 1.000, 0.000, 0.000, -0.000, -0.000
14.500, 0.786, -0.578, 0.000, 1.000, 0.000, 0.000, -0.000, -0.000
14.520, 0.786, -0.578, 0.000, 1.000, 0.000, 0.000, -0.000, -0.000
14.540, 0.786, -0.578, 0.000, 1.000, 0.000, 0.000, -0.000, -0.000
14.560, 0.786, -0.578, 0.000, 1.000, 0.000, 0.000, -0.000, -0.000
14.580, 0.786, -0.578, 0.000, 1.000, 0.000, 0.000, -0.000, -0.000
14.600, 0.786, -0.578, 0.000, 1.000, 0.000, 0.000, -0.000, -0.000
14.620, 0.786, -0.578, 0.000, 1.000, 0.000, 0.000, -0.000, -0.000
14.640, 0.786, -0.578, 0.000, 1.000, 0.000, 0.000, -0.000, -0.000
14.660, 0.786, -0.578, 0.000, 1.000, 0.000, 0.000, -0.000, -0.000
14.680, 0.786, -0.578, 0.000, 1.000, 0.000, 0.000, -0.000, -0.000
14.700, 0.786, -0.578, 0.000, 1.000, 0.000, 0.000, -0.000, -0.000
14.720, 0.786, -0.578, 0.000, 1.000, 0.000, 0.000, -0.000, -0.000
14.740, 0.786, -0.578, 0.000, 1.000, 0.000, 0.000, -0.000, -0.000
14.760, 0.786, -0.578, 0.000, 1.000, 0.000, 0.000, -0.000, -0.000
14.780, 0.786, -0.578, 0.000, 1.000, 0.000, 0.000, -0.000, -0.000
14.800, 0.786, -0.578, 0.000, 1.000, 0.000, 0.000, -0.000, -0.000
14.820, 0.786, -0.578, 0.000, 1.000, 0.000, 0.000, -0.000, -0.000
14.840, 0.786, -0.578, 0.000, 1.000, 0.000, 0.000, -0.000, -0.000
14.860, 0.786, -0.578, 0.000, 1.000, 0.000, 0.000, -0.000, -0.000
14.880, 0.786, -0.578, 0.000, 1.000, 0.000, 0.000, -0.000, -0.000
14.900, 0.786, -0.578, 0.000, 1.000, 0.000, 0.000, -0.000, -0.000
14.920, 0.786, -0.578, 0.000, 0.624, 0.000, 0.000, -0.000, -0.000
14.940, 0.786, -0.578, 0.000, 1.000, 0.000, 0.000, -0.000, -0.000
14.960, 0.786, -0.578, 0.000, 1.000, 0.000, 0.000, -0.000, -0.000
14.980, 0.786, -0.578, 0.000, 1.000, 0.000, 0.000, -0.000, -0.000
15.000, 0.786, -0.578, 0.000, 1.000, 0.000, 0.000, -0.000, -0.000
15.020, 0.786, -0.578, 0.000, 1.000, 0.000, 0.000, -0.000, -0.000
15.040, 0.786, -0.578, 0.000, 1.000, 0.000, 0.000, -0.000, -0.000
15.060, 0.786, -0.578, 0.000, 1.000, 0.000, 0.000, -0.000, -0.000
15.080, 0.786, -0.578, 0.000, 1.000, 0.000, 0.000, -0.000, -0.000
15.100, 0.786, -0.578, 0.000, 1.000, 0.000, 0.000, -0.000, -0.000
15.120, 0.786, -0.578, 0.000, 1.000, 0.000, 0.000, -0.000, -0.000
15.140, 0.786, -0.578, 0.000, 1.000, 0.000, 0.000, -0.000, -0.000
15.160, 0.786, -0.578, 0.000, 1.000, 0.000, 0.000, -0.000, -0.000
15.180, 0.786, -0.578, 0.000, 1.000, 0.000, 0.000, -0.000, -0.000
15.200, 0.786, -0.578, 0.000, 1.000, 0.000, 0.000, -0.000, -0.000
15.220, 0.786, -0.578, 0.000, 1.000, 0.000, 0.000, -0.000, -0.000
15.240, 0.786, -0.578, 0.000, 1.000, 0.000, 0.000, -0.000, -0.000
15.260, 0.786, -0.578, 0.000, 1.000, 0.000, 0.000, -0.000, -0.000
15.280, 0.786, -0.578, 0.000, 1.000, 0.000, 0.000, -0.000, -0.000
15.300, 0.786, -0.578, 0.000, 1.000, 0.000, 0.000, -0.000, -0.000
15.320, 0.786, -0.578, 0.000, 1.000, 0.000, 0.000, -0.000, -0.000
15.340, 0.786, -0.578, 0.000, 1.000, 0.000, 0.000, -0.000, -0.000
15.360, 0.786, -0.578, 0.000, 1.000, 0.000, 0.000, -0.000, -0.000
15.380, 0.786, -0.578, 0.000, 1.000, 0.000, 0.000, -0.000, -0.000
15.400, 0.786, -0.578, 0.000, 1.000, 0.000, 0.000, -0.000, -0.000
15.420, 0.786, -0.578, 0.000, 1.000, 0.000, 0.000, -0.000, -0.000
15.440, 0.786, -0.578, 0.000, 1.000, 0.000, 0.000, -0.000, -0.000
15.460, 0.786, -0.578, 0.000, 1.000, 0.000, 0.000, -0.000, -0.000
15.480, 0.786, -0.578, 0.000, 1.000, 0.000, 0.000, -0.000, -0.000
15.500, 0.786, -0.578, 0.000, 1.000, 0.000, 0.000, -0.000, -0.000
15.520, 0.786, -0.578, 0.000, 1.000, 0.000, 0.000, -0.000, -0.000
15.540, 0.786, -0.578, 0.000, 1.000, 0.000, 0.000, -0.000, -0.000
15.560, 0.786, -0.578, 0.000, 1.000, 0.000, 0.000, -0.000, -0.000
15.580, 0.786, -0.578, 0.000, 1.000, 0.000, 0.000, -0.000, -0.000
15.600, 0.786, -0.578, 0.000, 1.000, 0.000, 0.000, -0.000, -0.000
15.620, 0.786, -0.578, 0.000, 1.000, 0.000, 0.000, -0.000, -0.000
15.640, 0.786, -0.578, 0.000, 1.000, 0.000, 0.000, -0.000, -0.000
15.660, 0.786, -0.578, 0.000, 1.000, 0.000, 0.000, -0.000, -0.000
15.680, 0.786, -0.578, 0.000, 1.000, 0.000, 0.000, -0.000, -0.000
15.700, 0.786, -0.578, 0.000, 1.000, 0.000, 0.000, -0.000, -0.000
15.720, 0.786, -0.578, 0.000, 1.000, 0.000, 0.000, -0.000, -0.000
15.740, 0.786, -0.578, 0.000, 1.000, 0.000, 0.000, -0.000, -0.000
15.760, 0.786, -0.578, 0.000, 1.000, 0.000, 0.000, -0.000, -0.000
15.780, 0.786, -0.578, 0.000, 1.000, 0.000, 0.000, -0.000, -0.000
15.800, 0.786, -0.578, 0.000, 1.000, 0.000, 0.000, -0.000, -0.000
15.820, 0.786, -0.578, 0.000, 1.000, 0.000, 0.000, -0.000, -0.000
15.840, 0.786, -0.578, 0.000, 1.000, 0.000, 0.000, -0.000, -0.000
15.860, 0.786, -0.578, 0.000, 1.000, 0.000, 0.000, -0.000, -0.000
15.880, 0.786, -0.578, 0.000, 1.000, 0.000, 0.000, -0.000, -0.000
15.900, 0.786, -0.578, 0.000, 1.000, 0.000, 0.000, -0.000, -0.000
15.920, 0.786, -0.578, 0.000, 1.000, 0.000, 0.000, -0.000, -0.000
15.940, 0.786, -0.578, 0.000, 1.000, 0.000, 0.000, -0.000, -0.000
15.960, 0.786, -0.578, 0.000, 1.000, 0.000, 0.000, -0.000, -0.000
15.980, 0.786, -0.578, 0.000, 1.000, 0.000, 0.000, -0.000, -0.000
16.000, 0.786, -0.578, 0.000, 1.000, 0.000, 0.000, -0.000, -0.000
16.020, 0.786, -0.578, 0.000, 1.000, 0.000, 0.000, -0.000, -0.000
16.040, 0.786, -0.578, 0.000, 1.000, 0.000, 0.000, -0.000, -0.000
16.060, 0.786, -0.578, 0.000, 1.000, 0.000, 0.000, -0.000, -0.000
16.080, 0.786, -0.578, 0.000, 1.000, 0.000, 0.000, -0.000, -0.000
16.100, 0.786, -0.578, 0.000, 1.000, 0.000, 0.000, -0.000, -0.000
16.120, 0.786, -0.578, 0.000, 1.000, 0.000, 0.000, -0.000, -0.000
16.140, 0.786, -0.578, 0.000, 1.000, 0.000, 0.000, -0.000, -0.000
16.160, 0.786, -0.578, 0.000, 1.000, 0.000, 0.000, -0.000, -0.000
16.180, 0.786, -0.578, 0.000, 1.000, 0.000, 0.000, -0.000, -0.000
16.200, 0.786, -0.578, 0.000, 1.000, 0.000, 0.000, -0.000, -0.000
16.220, 0.786, -0.578, 0.000, 1.000, 0.000, 0.000, -0.000, -0.000
16.240, 0.786, -0.578, 0.000, 1.000, 0.000, 0.000, -0.000, -0.000
16.260, 0.786, -0.578, 0.000, 1.000, 0.000, 0.000, -0.000, -0.000
16.280, 0.786, -0.578, 0.000, 1.000, 0.000, 0.000, -0.000, -0.000
16.300, 0.786, -0.578, 0.000, 1.000, 0.000, 0.000, -0.000, -0.000
16.320, 0.786, -0.578, 0.000, 1.000, 0.000, 0.000, -0.000, -0.000
16.340, 0.786, -0.578, 0.000, 1.000, 0.000, 0.000, -0.000, -0.000
16.360, 0.786, -0.578, 0.000, 1.000, 0.000, 0.000, -0.000, -0.000
16.380, 0.786, -0.578, 0.000, 1.000, 0.000, 0.000, -0.000, -0.000
16.400, 0.786, -0.578, 0.000, 1.000, 0.000, 0.000, -0.000, -0.000
16.420, 0.786, -0.578, 0.000, 1.000, 0.000, 0.000, -0.000, -0.000
16.440, 0.786, -0.578, 0.000, 1.000, 0.000, 0.000, -0.000, -0.000
16.460, 0.786, -0.578, 0.000, 1.000, 0.000, 0.000, -0.000, -0.000
16.480, 0.786, -0.578, 0.000, 1.000, 0.000, 0.000, -0.000, -0.000
16.500, 0.786, -0.578, 0.000, 1.000, 0.000, 0.000, -0.000, -0.000
16.520, 0.786, -0.578, 0.000, 1.000, 0.000, 0.000, -0.000, -0.000
16.540, 0.786, -0.578, 0.000, 1.000, 0.000, 0.000, -0.000, -0.000
16.560, 0.786, -0.578, 0.000, 1.000, 0.000, 0.000, -0.000, -0.000
16.580, 0.786, -0.578, 0.000, 1.000, 0.000, 0.000, -0.000, -0.000
16.600, 0.786, -0.578, 0.000, 1.000, 0.000, 0.000, -0.000, -0.000
16.620, 0.786, -0.578, 0.000, 1.000, 0.000, 0.000, -0.000, -0.000
16.640, 0.786, -0.578, 0.000, 1.000, 0.000, 0.000, -0.000, -0.000
16.660, 0.786, -0.578, 0.000, 1.000, 0.000, 0.000, -0.000, -0.000
16.680, 0.786, -0.578, 0.000, 1.000, 0.000, 0.000, -0.000, -0.000
16.700, 0.786, -0.578, 0.000, 1.000, 0.000, 0.000, -0.000, -0.000
16.720, 0.786, -0.578, 0.000, 1.000, 0.000, 0.000, -0.000, -0.000
16.740, 0.786, -0.578, 0.000, 1.000, 0.000, 0.000, -0.000, -0.000
16.760, 0.786, -0.578, 0.000, 1.000, 0.000, 0.000, -0.000, -0.000
16.780, 0.786, -0.578, 0.000, 1.000, 0.000, 0.000, -0.000, -0.000
16.800, 0.786, -0.578, 0.000, 1.000, 0.000, 0.000, -0.000, -0.000
16.820, 0.786, -0.578, 0.000, 1.000, 0.000, 0.000, -0.000, -0.000
16.840, 0.786, -0.578, 0.000, 1.000, 0.000, 0.000, -0.000, -0.000
16.860, 0.786, -0.578, 0.000, 1.000, 0.000, 0.000, -0.000, -0.000
16.880, 0.786, -0.578, 0.000, 1.000, 0.000, 0.000, -0.000, -0.000
16.900, 0.786, -0.578, 0.000, 1.000, 0.000, 0.000, -0.000, -0.000
16.920, 0.786, -0.578, 0.000, 1.000, 0.000, 0.000, -0.000, -0.000
16.940, 0.786, -0.578, 0.000, 1.000, 0.000, 0.000, -0.000, -0.000
16.960, 0.786, -0.578, 0.000, 1.000, 0.000, 0.000, -0.000, -0.000
16.980, 0.786, -0.578, 0.000, 1.000, 0.000, 0.000, -0.000, -0.000
17.000, 0.786, -0.578, 0.000, 1.000, 0.000, 0.000, -0.000, -0.000
17.020, 0.786, -0.578, 0.000, 1.000, 0.000, 0.000, -0.000, -0.000
17.040, 0.786, -0.578, 0.000, 1.000, 0.000, 0.000, -0.000, -0.000
17.060, 0.786, -0.578, 0.000, 1.000, 0.000, 0.000, -0.000, -0.000
17.080, 0.609, -0.873, 0.000, 1.000, 1.000, 0.006, -0.017, 0.022
17.100, 0.237, -0.924, 0.000, 1.000, 1.000, 0.010, -0.036, 0.037
17.120, -0.321, -0.889, 0.000, 1.000, 1.000, 0.013, -0.045, 0.047
17.140, -0.800, -0.753, 0.000, 1.000, 1.000, 0.015, -0.025, 0.046
17.160, -0.930, -0.434, 0.000, 1.000, 1.000, 0.016, 0.005, 0.027
17.180, -0.920, 0.053, 1.000, 1.000, 0.000, 0.012, 0.001, -0.002
17.200, -0.849, 0.603, 1.000, 1.000, 0.000, 0.009, -0.010, -0.021
17.220, -0.658, 0.885, 1.000, 1.000, 0.000, 0.007, -0.019, -0.027
17.240, -0.326, 0.930, 1.000, 1.000, 0.000, 0.006, -0.022, -0.023
17.260, 0.153, 0.905, 1.000, 1.000, 0.000, 0.006, -0.021, -0.021
17.280, 0.669, 0.815, 1.000, 1.000, 0.000, 0.005, -0.014, -0.018
17.300, 0.901, 0.584, 1.000, 1.000, 0.000, 0.005, -0.002, -0.012
17.320, 0.930, 0.190, 1.000, 1.000, 0.000, 0.005, 0.002, -0.004
17.340, 0.892, -0.353, 0.000, 1.000, 1.000, 0.011, -0.006, 0.015
17.360, 0.763, -0.796, 0.000, 1.000, 1.000, 0.015, -0.030, 0.049
17.380, 0.460, -0.919, 0.000, 1.000, 1.000, 0.018, -0.058, 0.066
17.400, -0.039, -0.911, 0.000, 1.000, 1.000, 0.020, -0.073, 0.073
17.420, -0.633, -0.826, 0.000, 1.000, 1.000, 0.021, -0.058, 0.073
17.440, -0.906, -0.574, 0.000, 1.000, 1.000, 0.022, -0.005, 0.051
17.460, -0.931, -0.135, 0.000, 1.000, 1.000, 0.024, 0.008, 0.012
17.480, -0.882, 0.427, 1.000, 1.000, 0.000, 0.019, -0.013, -0.031
17.500, -0.743, 0.823, 1.000, 1.000, 0.000, 0.016, -0.034, -0.054
17.520, -0.474, 0.922, 1.000, 1.000, 0.000, 0.014, -0.046, -0.053
17.540, -0.082, 0.916, 1.000, 1.000, 0.000, 0.013, -0.049, -0.049
17.560, 0.430, 0.859, 1.000, 1.000, 0.000, 0.012, -0.042, -0.045
17.580, 0.816, 0.699, 1.000, 1.000, 0.000, 0.012, -0.019, -0.034
17.600, 0.921, 0.371, 1.000, 1.000, 0.000, 0.012, 0.001, -0.017
17.620, 0.913, -0.123, 0.000, 1.000, 1.000, 0.018, -0.002, 0.008
17.640, 0.831, -0.655, 0.000, 1.000, 1.000, 0.021, -0.030, 0.057
17.660, 0.597, -0.891, 0.000, 1.000, 1.000, 0.024, -0.070, 0.089
17.680, 0.159, -0.916, 0.000, 1.000, 1.000, 0.026, -0.096, 0.098
17.700, -0.459, -0.860, 0.000, 1.000, 1.000, 0.028, -0.091, 0.099
17.720, -0.867, -0.660, 0.000, 1.000, 1.000, 0.029, -0.027, 0.077
17.740, -0.934, -0.251, 0.000, 1.000, 1.000, 0.030, 0.013, 0.029
17.760, -0.899, 0.302, 1.000, 1.000, 0.000, 0.025, -0.010, -0.029
17.780, -0.787, 0.764, 1.000, 1.000, 0.000, 0.022, -0.040, -0.070
17.800, -0.553, 0.911, 1.000, 1.000, 0.000, 0.020, -0.062, -0.077
17.820, -0.214, 0.918, 1.000, 1.000, 0.000, 0.019, -0.071, -0.073
17.840, 0.249, 0.876, 1.000, 1.000, 0.000, 0.019, -0.068, -0.069
17.860, 0.704, 0.757, 1.000, 1.000, 0.000, 0.018, -0.044, -0.057
17.880, 0.897, 0.480, 1.000, 1.000, 0.000, 0.018, -0.008, -0.034
17.900, 0.918, 0.028, 1.000, 1.000, 0.000, 0.018, 0.000, -0.002
17.920, 0.863, -0.528, 0.000, 1.000, 1.000, 0.024, -0.024, 0.049
17.940, 0.678, -0.855, 0.000, 1.000, 1.000, 0.028, -0.070, 0.099
17.960, 0.289, -0.915, 0.000, 1.000, 1.000, 0.030, -0.109, 0.114
17.980, -0.315, -0.877, 0.000, 1.000, 1.000, 0.032, -0.115, 0.118
18.000, -0.819, -0.714, 0.000, 1.000, 1.000, 0.034, -0.051, 0.099
18.020, -0.933, -0.331, 0.000, 1.000, 1.000, 0.035, 0.015, 0.044
18.040, -0.908, 0.212, 1.000, 1.000, 0.000, 0.030, -0.006, -0.024
18.060, -0.812, 0.711, 1.000, 1.000, 0.000, 0.027, -0.043, -0.080
18.080, -0.602, 0.899, 1.000, 1.000, 0.000, 0.026, -0.074, -0.096
18.100, -0.296, 0.918, 1.000, 1.000, 0.000, 0.025, -0.088, -0.092
18.120, 0.121, 0.884, 1.000, 1.000, 0.000, 0.024, -0.089, -0.088
18.140, 0.592, 0.788, 1.000, 1.000, 0.000, 0.024, -0.068, -0.077
18.160, 0.861, 0.554, 1.000, 1.000, 0.000, 0.023, -0.024, -0.051
18.180, 0.915, 0.138, 1.000, 1.000, 0.000, 0.023, -0.001, -0.012
18.200, 0.880, -0.415, 0.000, 1.000, 1.000, 0.029, -0.021, 0.046
18.220, 0.730, -0.812, 0.000, 1.000, 1.000, 0.033, -0.074, 0.111
18.240, 0.377, -0.909, 0.000, 1.000, 1.000, 0.035, -0.122, 0.133
18.260, -0.210, -0.885, 0.000, 1.000, 1.000, 0.037, -0.137, 0.138
18.280, -0.775, -0.743, 0.000, 1.000, 1.000, 0.039, -0.075, 0.119
18.300, -0.931, -0.375, 0.000, 1.000, 1.000, 0.040, 0.014, 0.058
18.320, -0.913, 0.164, 1.000, 1.000, 0.000, 0.035, -0.004, -0.022
18.340, -0.824, 0.680, 1.000, 1.000, 0.000, 0.032, -0.047, -0.089
18.360, -0.629, 0.890, 1.000, 1.000, 0.000, 0.031, -0.085, -0.113
18.380, -0.345, 0.915, 1.000, 1.000, 0.000, 0.030, -0.104, -0.111
18.400, 0.036, 0.886, 1.000, 1.000, 0.000, 0.029, -0.108, -0.107
18.420, 0.497, 0.804, 1.000, 1.000, 0.000, 0.029, -0.091, -0.096
18.440, 0.818, 0.599, 1.000, 1.000, 0.000, 0.028, -0.043, -0.067
18.460, 0.907, 0.212, 1.000, 1.000, 0.000, 0.028, -0.006, -0.022
18.480, 0.887, -0.329, 0.000, 1.000, 1.000, 0.034, -0.021, 0.043
18.500, 0.760, -0.771, 0.000, 1.000, 1.000, 0.038, -0.077, 0.120
18.520, 0.433, -0.901, 0.000, 1.000, 1.000, 0.040, -0.135, 0.150
18.540, -0.140, -0.886, 0.000, 1.000, 1.000, 0.042, -0.157, 0.156
18.560, -0.742, -0.757, 0.000, 1.000, 1.000, 0.044, -0.095, 0.137
18.580, -0.929, -0.396, 0.000, 1.000, 1.000, 0.045, 0.013, 0.069
18.600, -0.915, 0.145, 1.000, 1.000, 0.000, 0.040, -0.002, -0.022
18.620, -0.829, 0.666, 1.000, 1.000, 0.000, 0.037, -0.053, -0.100
18.640, -0.641, 0.884, 1.000, 1.000, 0.000, 0.035, -0.096, -0.131
18.660, -0.373, 0.913, 1.000, 1.000, 0.000, 0.034, -0.119, -0.129
18.680, -0.021, 0.886, 1.000, 1.000, 0.000, 0.034, -0.126, -0.124
18.700, 0.419, 0.811, 1.000, 1.000, 0.000, 0.033, -0.112, -0.113
18.720, 0.782, 0.642, 1.000, 1.000, 0.000, 0.033, -0.049, -0.067
18.740, 0.902, 0.292, 1.000, 1.000, 0.000, 0.033, -0.008, -0.028
18.760, 0.896, -0.236, 0.000, 1.000, 1.000, 0.039, -0.017, 0.034
18.780, 0.791, -0.716, 0.000, 1.000, 1.000, 0.042, -0.089, 0.146
18.800, 0.481, -0.882, 0.000, 1.000, 1.000, 0.045, -0.183, 0.208
18.820, -0.114, -0.873, 0.000, 1.000, 1.000, 0.047, -0.227, 0.222
18.840, -0.753, -0.728, 0.000, 1.000, 1.000, 0.048, -0.131, 0.187
18.860, -0.928, -0.357, 0.000, 1.000, 1.000, 0.050, 0.012, 0.062
18.880, -0.911, 0.178, 1.000, 1.000, 0.000, 0.045, -0.005, -0.022
18.900, -0.821, 0.689, 1.000, 1.000, 0.000, 0.042, -0.047, -0.089
18.920, -0.627, 0.889, 1.000, 1.000, 0.000, 0.040, -0.099, -0.131
18.940, -0.367, 0.909, 1.000, 1.000, 0.000, 0.039, -0.137, -0.147
18.960, -0.041, 0.878, 1.000, 1.000, 0.000, 0.038, -0.154, -0.151
18.980, 0.367, 0.802, 1.000, 1.000, 0.000, 0.038, -0.142, -0.137
19.000, 0.748, 0.657, 1.000, 1.000, 0.000, 0.038, -0.054, -0.068
19.020, 0.896, 0.341, 1.000, 1.000, 0.000, 0.037, -0.009, -0.027
19.040, 0.900, -0.175, 0.000, 1.000, 1.000, 0.043, -0.015, 0.026
19.060, 0.807, -0.675, 0.000, 1.000, 1.000, 0.047, -0.099, 0.166
19.080, 0.506, -0.863, 0.000, 1.000, 1.000, 0.050, -0.234, 0.266
19.100, -0.132, -0.852, 0.000, 1.000, 1.000, 0.052, -0.309, 0.297
19.120, -0.794, -0.661, 0.000, 1.000, 1.000, 0.053, -0.155, 0.237
19.140, -0.929, -0.250, 0.000, 1.000, 1.000, 0.054, 0.014, 0.047
19.160, -0.898, 0.296, 1.000, 1.000, 0.000, 0.049, -0.009, -0.026
19.180, -0.788, 0.761, 1.000, 1.000, 0.000, 0.046, -0.040, -0.069
19.200, -0.570, 0.904, 1.000, 1.000, 0.000, 0.045, -0.098, -0.122
19.220, -0.306, 0.903, 1.000, 1.000, 0.000, 0.043, -0.155, -0.162
19.240, 0.009, 0.858, 1.000, 1.000, 0.000, 0.043, -0.183, -0.176
19.260, 0.391, 0.770, 1.000, 1.000, 0.000, 0.042, -0.166, -0.154
19.280, 0.760, 0.630, 1.000, 1.000, 0.000, 0.042, -0.045, -0.055
19.300, 0.898, 0.317, 1.000, 1.000, 0.000, 0.042, -0.006, -0.017
19.320, 0.897, -0.206, 0.000, 1.000, 1.000, 0.048, -0.017, 0.032
19.340, 0.796, -0.690, 0.000, 1.000, 1.000, 0.051, -0.125, 0.202
19.360, 0.457, -0.851, 0.000, 1.000, 1.000, 0.054, -0.304, 0.328
19.380, -0.285, -0.808, 0.000, 1.000, 1.000, 0.056, -0.398, 0.374
19.400, -0.874, -0.507, 0.000, 1.000, 1.000, 0.057, -0.094, 0.229
19.420, -0.923, -0.014, 0.000, 1.000, 1.000, 0.059, 0.008, 0.003
19.440, -0.862, 0.543, 1.000, 1.000, 0.000, 0.054, -0.011, -0.023
19.460, -0.689, 0.868, 1.000, 1.000, 0.000, 0.051, -0.023, -0.033
19.480, -0.420, 0.918, 1.000, 1.000, 0.000, 0.049, -0.096, -0.107
19.500, -0.127, 0.883, 1.000, 1.000, 0.000, 0.048, -0.176, -0.175
19.520, 0.205, 0.804, 1.000, 1.000, 0.000, 0.047, -0.209, -0.191
19.540, 0.600, 0.695, 1.000, 1.000, 0.000, 0.047, -0.109, -0.108
19.560, 0.860, 0.499, 1.000, 0.987, 0.013, 0.046, -0.006, -0.012
19.580, 0.911, 0.091, 1.000, 1.000, 0.000, 0.046, -0.002, -0.004
19.600, 0.869, -0.469, 0.000, 1.000, 1.000, 0.052, -0.047, 0.096
19.620, 0.686, -0.811, 0.000, 1.000, 1.000, 0.056, -0.172, 0.233
19.640, 0.125, -0.839, 0.000, 1.000, 1.000, 0.058, -0.441, 0.417
19.660, -0.792, -0.548, 0.000, 1.000, 1.000, 0.060, -0.336, 0.409
19.680, -0.939, 0.070, 1.000, 1.000, 0.000, 0.056, 0.074, -0.033
19.700, -0.847, 0.620, 1.000, 1.000, 0.000, 0.053, -0.044, -0.091
19.720, -0.643, 0.895, 1.000, 0.000, 1.000, 0.057, -0.000, -0.000
19.740, -0.289, 0.933, 1.000, 0.272, 0.728, 0.058, -0.008, -0.008
19.760, 0.170, 0.894, 1.000, 1.000, 0.000, 0.055, -0.056, -0.056
19.780, 0.665, 0.797, 1.000, 1.000, 0.000, 0.053, -0.031, -0.039
19.800, 0.900, 0.581, 1.000, 0.000, 1.000, 0.058, -0.000, -0.000
19.820, 0.930, 0.199, 1.000, 0.000, 1.000, 0.061, 0.000, -0.000
19.840, 0.893, -0.341, 0.000, 0.254, 0.254, 0.059, -0.001, 0.003
19.860, 0.760, -0.773, 0.000, 1.000, 1.000, 0.062, -0.094, 0.148
19.880, 0.231, -0.808, 0.000, 1.000, 1.000, 0.064, -0.562, 0.521
19.900, -0.785, -0.476, 0.000, 1.000, 1.000, 0.066, -0.431, 0.434
19.920, -0.945, 0.222, 1.000, 1.000, 0.000, 0.061, 0.139, -0.151
19.940, -0.810, 0.719, 1.000, 1.000, 0.000, 0.058, -0.087, -0.159
19.960, -0.568, 0.915, 1.000, 0.000, 1.000, 0.062, -0.000, -0.000
19.980, -0.172, 0.931, 1.000, 0.000, 1.000, 0.065, -0.000, -0.000
20.000, 0.374, 0.890, 1.000, 0.000, 1.000, 0.067, -0.000, -0.000
20.020, 0.810, 0.758, 1.000, 0.000, 1.000, 0.069, -0.000, -0.000
20.040, 0.929, 0.470, 1.000, 0.000, 1.000, 0.070, 0.000, -0.000
20.060, 0.925, 0.026, 1.000, 0.035, 0.965, 0.071, 0.000, -0.000
20.080, 0.865, -0.532, 0.000, 1.000, 1.000, 0.072, -0.010, 0.022
20.100, 0.687, -0.866, 0.000, 0.828, 0.828, 0.072, -0.020, 0.029
20.120, 0.344, -0.930, 0.000, 0.581, 0.581, 0.071, -0.019, 0.020
20.140, -0.794, -0.497, 0.000, 1.000, 1.000, 0.073, -0.480, 0.530
20.160, -0.961, 0.388, 1.000, 1.000, 0.000, 0.068, 0.389, -0.406
20.180, -0.722, 0.769, 1.000, 1.000, 0.000, 0.065, -0.262, -0.365
20.200, -0.452, 0.917, 1.000, 0.000, 1.000, 0.070, -0.000, -0.000
20.220, -0.010, 0.920, 1.000, 0.000, 1.000, 0.073, -0.000, -0.000
20.240, 0.544, 0.860, 1.000, 0.055, 0.945, 0.074, -0.002, -0.002
20.260, 0.873, 0.683, 1.000, 0.000, 1.000, 0.076, -0.000, -0.000
20.280, 0.934, 0.347, 1.000, 0.000, 1.000, 0.077, 0.000, -0.000
20.300, 0.913, -0.155, 0.000, 0.520, 0.520, 0.075, -0.000, 0.003
20.320, 0.825, -0.683, 0.000, 0.459, 0.459, 0.074, -0.007, 0.013
20.340, 0.593, -0.905, 0.000, 0.580, 0.580, 0.074, -0.017, 0.021
20.360, 0.183, -0.926, 0.000, 1.000, 1.000, 0.077, -0.039, 0.040
20.380, -0.399, -0.879, 0.000, 1.000, 1.000, 0.079, -0.046, 0.050
20.400, -0.965, -0.038, 0.000, 1.000, 1.000, 0.080, 0.410, 0.036
20.420, -0.773, 0.561, 1.000, 1.000, 0.000, 0.076, -0.394, -0.452
20.440, -0.670, 0.829, 1.000, 1.000, 0.000, 0.073, -0.141, -0.189
20.460, -0.358, 0.924, 1.000, 0.000, 1.000, 0.077, -0.000, -0.000
20.480, 0.111, 0.909, 1.000, 0.433, 0.567, 0.077, -0.017, -0.017
20.500, 0.648, 0.832, 1.000, 0.070, 0.930, 0.080, -0.002, -0.003
20.520, 0.900, 0.619, 1.000, 0.000, 1.000, 0.082, -0.000, -0.000
20.540, 0.933, 0.247, 1.000, 0.121, 0.879, 0.083, 0.001, -0.001
20.560, 0.901, -0.285, 0.000, 0.372, 0.372, 0.080, -0.001, 0.004
20.580, 0.781, -0.740, 0.000, 1.000, 1.000, 0.083, -0.108, 0.176
20.600, 0.196, -0.731, 0.000, 1.000, 1.000, 0.085, -0.783, 0.641
20.620, -0.887, -0.184, 0.000, 1.000, 1.000, 0.086, -0.199, 0.228
20.640, -0.910, 0.482, 1.000, 1.000, 0.000, 0.081, -0.042, -0.460
20.660, -0.741, 0.835, 1.000, 1.000, 0.000, 0.078, -0.097, -0.156
20.680, -0.438, 0.932, 1.000, 0.000, 1.000, 0.082, -0.000, -0.000
20.700, 0.020, 0.922, 1.000, 0.000, 1.000, 0.085, -0.000, -0.000
20.720, 0.575, 0.856, 1.000, 0.000, 1.000, 0.087, -0.000, -0.000
20.740, 0.883, 0.668, 1.000, 0.000, 1.000, 0.089, -0.000, -0.000
20.760, 0.934, 0.323, 1.000, 0.000, 1.000, 0.090, 0.000, -0.000
20.780, 0.911, -0.192, 0.000, 0.753, 0.753, 0.089, -0.001, 0.007
20.800, 0.816, -0.708, 0.000, 0.584, 0.584, 0.088, -0.011, 0.020
20.820, 0.571, -0.910, 0.000, 0.601, 0.601, 0.088, -0.021, 0.026
20.840, 0.116, -0.919, 0.000, 1.000, 1.000, 0.090, -0.083, 0.084
20.860, -0.963, 0.172, 1.000, 1.000, 0.000, 0.086, 0.598, -0.253
20.880, -0.681, 0.621, 1.000, 1.000, 0.000, 0.083, -0.642, -0.632
20.900, -0.563, 0.842, 1.000, 1.000, 0.000, 0.082, -0.124, -0.145
20.920, -0.212, 0.916, 1.000, 0.000, 1.000, 0.087, -0.000, -0.000
20.940, 0.314, 0.891, 1.000, 0.000, 1.000, 0.090, -0.000, -0.000
20.960, 0.780, 0.775, 1.000, 0.000, 1.000, 0.092, -0.000, -0.000
20.980, 0.925, 0.504, 1.000, 0.000, 1.000, 0.094, 0.000, -0.000
21.000, 0.927, 0.072, 1.000, 0.199, 0.801, 0.094, 0.001, -0.001
21.020, 0.873, -0.486, 0.000, 0.177, 0.177, 0.090, -0.002, 0.004
21.040, 0.712, -0.854, 0.000, 0.212, 0.212, 0.088, -0.006, 0.009
21.060, 0.373, -0.928, 0.000, 0.865, 0.865, 0.091, -0.036, 0.039
21.080, -0.507, -0.788, 0.000, 1.000, 1.000, 0.094, -0.425, 0.439
21.100, -0.983, 0.384, 1.000, 1.000, 0.000, 0.090, 0.913, -0.500
21.120, -0.659, 0.773, 1.000, 1.000, 0.000, 0.087, -0.307, -0.375
21.140, -0.378, 0.911, 1.000, 0.000, 1.000, 0.092, -0.000, -0.000
21.160, 0.090, 0.911, 1.000, 0.000, 1.000, 0.095, -0.000, -0.000
21.180, 0.633, 0.838, 1.000, 0.000, 1.000, 0.097, -0.000, -0.000
21.200, 0.897, 0.631, 1.000, 0.000, 1.000, 0.098, -0.000, -0.000
21.220, 0.933, 0.263, 1.000, 0.127, 0.873, 0.099, 0.001, -0.002
21.240, 0.903, -0.265, 0.000, 0.362, 0.362, 0.096, -0.001, 0.005
21.260, 0.794, -0.753, 0.000, 0.421, 0.421, 0.095, -0.009, 0.017
21.280, 0.269, -0.770, 0.000, 1.000, 1.000, 0.098, -0.684, 0.606
21.300, -0.866, -0.220, 0.000, 1.000, 1.000, 0.100, -0.310, 0.276
21.320, -0.916, 0.428, 1.000, 1.000, 0.000, 0.095, -0.007, -0.336
21.340, -0.758, 0.835, 1.000, 0.852, 0.148, 0.094, -0.022, -0.037
21.360, -0.457, 0.933, 1.000, 0.000, 1.000, 0.098, -0.000, -0.000
21.380, -0.005, 0.924, 1.000, 0.000, 1.000, 0.100, -0.000, -0.000
21.400, 0.552, 0.861, 1.000, 0.000, 1.000, 0.102, -0.000, -0.000
21.420, 0.876, 0.680, 1.000, 0.000, 1.000, 0.103, -0.000, -0.000
21.440, 0.934, 0.339, 1.000, 0.105, 0.895, 0.104, 0.001, -0.002
21.460, 0.912, -0.163, 0.000, 0.237, 0.237, 0.101, -0.000, 0.002
21.480, 0.817, -0.638, 0.000, 1.000, 1.000, 0.103, -0.243, 0.405
21.500, 0.287, -0.639, 0.000, 1.000, 1.000, 0.105, -0.984, 0.706
21.520, -0.812, -0.291, 0.000, 1.000, 1.000, 0.106, -0.493, 0.344
21.540, -0.932, 0.363, 1.000, 1.000, 0.000, 0.101, 0.077, -0.283
21.560, -0.780, 0.799, 1.000, 1.000, 0.000, 0.098, -0.061, -0.108
21.580, -0.499, 0.929, 1.000, 0.000, 1.000, 0.103, -0.000, -0.000
21.600, -0.067, 0.927, 1.000, 0.000, 1.000, 0.105, -0.000, -0.000
21.620, 0.490, 0.873, 1.000, 0.000, 1.000, 0.107, -0.000, -0.000
21.640, 0.856, 0.711, 1.000, 0.000, 1.000, 0.109, -0.000, -0.000
21.660, 0.933, 0.389, 1.000, 0.039, 0.961, 0.110, 0.000, -0.001
21.680, 0.924, -0.245, 0.000, 1.000, 1.000, 0.111, 0.018, 0.100
21.700, 0.822, -0.649, 0.000, 1.000, 1.000, 0.112, -0.320, 0.564
21.720, 0.358, -0.705, 0.000, 1.000, 1.000, 0.112, -0.791, 0.654
21.740, -0.711, -0.444, 0.000, 1.000, 1.000, 0.113, -0.621, 0.453
21.760, -0.942, 0.194, 1.000, 1.000, 0.000, 0.108, 0.127, -0.135
21.780, -0.823, 0.711, 1.000, 1.000, 0.000, 0.105, -0.045, -0.088
21.800, -0.584, 0.915, 1.000, 0.000, 1.000, 0.109, -0.000, -0.000
21.820, -0.193, 0.933, 1.000, 0.000, 1.000, 0.111, -0.000, -0.000
21.840, 0.348, 0.893, 1.000, 0.000, 1.000, 0.113, -0.000, -0.000
21.860, 0.758, 0.718, 1.000, 1.000, 0.000, 0.109, -0.058, -0.083
21.880, 0.894, 0.322, 1.000, 1.000, 0.000, 0.106, -0.025, -0.064
21.900, 0.887, -0.311, 0.000, 1.000, 1.000, 0.110, -0.086, 0.164
21.920, 0.719, -0.664, 0.000, 1.000, 1.000, 0.113, -0.476, 0.553
21.940, 0.009, -0.655, 0.000, 1.000, 1.000, 0.115, -0.901, 0.636
21.960, -0.931, -0.050, 0.000, 1.000, 1.000, 0.116, 0.123, 0.062
21.980, -0.856, 0.533, 1.000, 1.000, 0.000, 0.111, -0.173, -0.334
22.000, -0.695, 0.858, 1.000, 1.000, 0.000, 0.108, -0.048, -0.071
22.020, -0.371, 0.932, 1.000, 0.000, 1.000, 0.112, -0.000, -0.000
22.040, 0.114, 0.915, 1.000, 0.000, 1.000, 0.115, -0.000, -0.000
22.060, 0.654, 0.835, 1.000, 0.000, 1.000, 0.117, -0.000, -0.000
22.080, 0.902, 0.619, 1.000, 0.000, 1.000, 0.118, -0.000, -0.000
22.100, 0.933, 0.238, 1.000, 0.265, 0.735, 0.118, 0.002, -0.004
22.120, 0.910, -0.408, 0.000, 1.000, 1.000, 0.119, -0.023, 0.233
22.140, 0.747, -0.696, 0.000, 1.000, 1.000, 0.121, -0.453, 0.603
22.160, 0.083, -0.681, 0.000, 1.000, 1.000, 0.121, -0.863, 0.640
22.180, -0.895, -0.192, 0.000, 1.000, 1.000, 0.122, -0.137, 0.215
22.200, -0.895, 0.414, 1.000, 1.000, 0.000, 0.117, -0.061, -0.212
22.220, -0.751, 0.827, 1.000, 0.362, 0.638, 0.118, -0.012, -0.020
22.240, -0.453, 0.931, 1.000, 0.000, 1.000, 0.120, -0.000, -0.000
22.260, -0.001, 0.923, 1.000, 0.000, 1.000, 0.122, -0.000, -0.000
22.280, 0.363, 0.781, 1.000, 1.000, 0.000, 0.118, -0.220, -0.205
22.300, 0.635, 0.519, 1.000, 1.000, 0.000, 0.115, -0.223, -0.166
22.320, 0.727, 0.058, 1.000, 1.000, 0.000, 0.113, -0.259, -0.025
22.340, 0.565, -0.424, 0.000, 1.000, 1.000, 0.118, -0.577, 0.315
22.360, -0.287, -0.495, 0.000, 1.000, 1.000, 0.121, -0.977, 0.528
22.380, -0.966, 0.199, 1.000, 1.000, 0.000, 0.117, 0.585, -0.262
22.400, -0.691, 0.647, 1.000, 1.000, 0.000, 0.115, -0.534, -0.563
22.420, -0.634, 0.815, 1.000, 1.000, 0.000, 0.113, -0.242, -0.300
22.440, -0.330, 0.915, 1.000, 0.243, 0.757, 0.117, -0.013, -0.014
22.460, 0.159, 0.906, 1.000, 0.000, 1.000, 0.120, -0.000, -0.000
22.480, 0.685, 0.821, 1.000, 0.000, 1.000, 0.123, -0.000, -0.000
22.500, 0.908, 0.594, 1.000, 0.000, 1.000, 0.124, -0.000, -0.000
22.520, 0.932, 0.210, 1.000, 0.000, 1.000, 0.126, 0.000, -0.000
22.540, 0.896, -0.334, 0.000, 0.624, 0.624, 0.125, -0.005, 0.013
22.560, 0.751, -0.728, 0.000, 1.000, 1.000, 0.126, -0.256, 0.363
22.580, 0.263, -0.808, 0.000, 1.000, 1.000, 0.127, -0.497, 0.465
22.600, -0.672, -0.617, 0.000, 1.000, 1.000, 0.128, -0.454, 0.435
22.620, -0.936, -0.073, 0.000, 1.000, 1.000, 0.129, 0.069, 0.037
22.640, -0.868, 0.502, 1.000, 1.000, 0.000, 0.124, -0.058, -0.126
22.660, -0.716, 0.845, 1.000, 1.000, 0.000, 0.121, -0.064, -0.097
22.680, -0.471, 0.913, 1.000, 1.000, 0.000, 0.119, -0.115, -0.132
22.700, -0.309, 0.855, 1.000, 1.000, 0.000, 0.118, -0.302, -0.305
22.720, -0.393, 0.686, 1.000, 1.000, 0.000, 0.117, -0.539, -0.439
22.740, -0.708, 0.521, 1.000, 1.000, 0.000, 0.116, -0.551, -0.474
22.760, -0.848, 0.594, 1.000, 1.000, 0.000, 0.115, -0.304, -0.607
22.780, -0.800, 0.652, 1.000, 1.000, 0.000, 0.115, -0.452, -0.697
22.800, -0.796, 0.677, 1.000, 1.000, 0.000, 0.115, -0.418, -0.659
22.820, -0.752, 0.752, 1.000, 1.000, 0.000, 0.114, -0.388, -0.575
22.840, -0.628, 0.854, 1.000, 1.000, 0.000, 0.114, -0.260, -0.337
22.860, -0.419, 0.892, 1.000, 1.000, 0.000, 0.114, -0.180, -0.197
22.880, -0.151, 0.873, 1.000, 1.000, 0.000, 0.113, -0.188, -0.186
22.900, 0.122, 0.789, 1.000, 1.000, 0.000, 0.113, -0.260, -0.229
22.920, 0.431, 0.666, 1.000, 1.000, 0.000, 0.113, -0.222, -0.178
22.940, 0.748, 0.515, 1.000, 1.000, 0.000, 0.112, -0.055, -0.052
22.960, 0.885, 0.208, 1.000, 0.064, 0.936, 0.118, -0.001, -0.001
22.980, 0.879, -0.311, 0.000, 0.900, 0.900, 0.121, -0.011, 0.017
23.000, 0.757, -0.756, 0.000, 1.000, 1.000, 0.123, -0.083, 0.126
23.020, 0.388, -0.878, 0.000, 1.000, 1.000, 0.125, -0.231, 0.247
23.040, -0.464, -0.767, 0.000, 1.000, 1.000, 0.127, -0.433, 0.420
23.060, -0.938, -0.219, 0.000, 1.000, 1.000, 0.128, 0.098, 0.141
23.080, -0.887, 0.389, 1.000, 1.000, 0.000, 0.123, -0.056, -0.138
23.100, -0.768, 0.784, 1.000, 1.000, 0.000, 0.120, -0.118, -0.194
23.120, -0.584, 0.888, 1.000, 1.000, 0.000, 0.118, -0.186, -0.234
23.140, -0.435, 0.868, 1.000, 1.000, 0.000, 0.116, -0.283, -0.307
23.160, -0.361, 0.808, 1.000, 1.000, 0.000, 0.115, -0.370, -0.359
23.180, -0.385, 0.735, 1.000, 1.000, 0.000, 0.115, -0.443, -0.389
23.200, -0.507, 0.682, 1.000, 1.000, 0.000, 0.114, -0.478, -0.417
23.220, -0.646, 0.688, 1.000, 1.000, 0.000, 0.114, -0.441, -0.459
23.240, -0.700, 0.742, 1.000, 1.000, 0.000, 0.113, -0.386, -0.487
23.260, -0.683, 0.786, 1.000, 1.000, 0.000, 0.113, -0.372, -0.483
23.280, -0.637, 0.812, 1.000, 1.000, 0.000, 0.113, -0.360, -0.446
23.300, -0.557, 0.837, 1.000, 1.000, 0.000, 0.112, -0.319, -0.370
23.320, -0.448, 0.844, 1.000, 1.000, 0.000, 0.112, -0.297, -0.317
23.340, -0.303, 0.837, 1.000, 1.000, 0.000, 0.112, -0.278, -0.273
23.360, -0.132, 0.802, 1.000, 1.000, 0.000, 0.111, -0.288, -0.260
23.380, 0.033, 0.725, 1.000, 1.000, 0.000, 0.111, -0.330, -0.262
23.400, 0.192, 0.616, 1.000, 1.000, 0.000, 0.111, -0.337, -0.226
23.420, 0.435, 0.525, 1.000, 1.000, 0.000, 0.111, -0.201, -0.124
23.440, 0.719, 0.381, 1.000, 1.000, 0.000, 0.110, -0.042, -0.027
23.460, 0.853, 0.045, 1.000, 0.000, 1.000, 0.116, -0.000, -0.000
23.480, 0.841, -0.475, 0.000, 0.000, 0.000, 0.114, -0.000, 0.000
23.500, 0.693, -0.845, 0.000, 0.000, 0.000, 0.112, -0.000, 0.000
23.520, 0.261, -0.899, 0.000, 1.000, 1.000, 0.117, -0.197, 0.204
23.540, -0.646, -0.715, 0.000, 1.000, 1.000, 0.120, -0.400, 0.435
23.560, -0.946, -0.129, 0.000, 1.000, 1.000, 0.122, 0.121, 0.073
23.580, -0.872, 0.465, 1.000, 1.000, 0.000, 0.118, -0.070, -0.150
23.600, -0.749, 0.802, 1.000, 1.000, 0.000, 0.115, -0.159, -0.251
23.620, -0.593, 0.874, 1.000, 1.000, 0.000, 0.113, -0.243, -0.306
23.640, -0.468, 0.858, 1.000, 1.000, 0.000, 0.112, -0.302, -0.332
23.660, -0.378, 0.821, 1.000, 1.000, 0.000, 0.111, -0.342, -0.340
23.680, -0.327, 0.778, 1.000, 1.000, 0.000, 0.111, -0.375, -0.343
23.700, -0.400, 0.695, 1.000, 1.000, 0.000, 0.110, -0.477, -0.396
23.720, -0.649, 0.589, 1.000, 1.000, 0.000, 0.110, -0.536, -0.469
23.740, -0.836, 0.574, 1.000, 1.000, 0.000, 0.110, -0.346, -0.593
23.760, -0.819, 0.624, 1.000, 1.000, 0.000, 0.109, -0.425, -0.702
23.780, -0.811, 0.640, 1.000, 1.000, 0.000, 0.109, -0.428, -0.690
23.800, -0.784, 0.705, 1.000, 1.000, 0.000, 0.109, -0.409, -0.636
23.820, -0.695, 0.817, 1.000, 1.000, 0.000, 0.108, -0.317, -0.441
23.840, -0.539, 0.876, 1.000, 1.000, 0.000, 0.108, -0.233, -0.277
23.860, -0.299, 0.889, 1.000, 1.000, 0.000, 0.108, -0.172, -0.179
23.880, -0.023, 0.843, 1.000, 1.000, 0.000, 0.107, -0.218, -0.206
23.900, 0.221, 0.715, 1.000, 1.000, 0.000, 0.107, -0.307, -0.247
23.920, 0.558, 0.616, 1.000, 1.000, 0.000, 0.107, -0.137, -0.111
23.940, 0.834, 0.449, 1.000, 0.000, 1.000, 0.113, -0.000, -0.000
23.960, 0.900, 0.061, 1.000, 0.000, 1.000, 0.116, -0.000, -0.000
23.980, 0.862, -0.482, 0.000, 0.000, 0.000, 0.113, -0.000, 0.000
24.000, 0.706, -0.852, 0.000, 0.000, 0.000, 0.110, -0.000, 0.000
24.020, 0.388, -0.932, 0.000, 0.000, 0.000, 0.109, -0.000, 0.000
24.040, -0.095, -0.916, 0.000, 0.094, 0.094, 0.109, -0.005, 0.005
24.060, -0.646, -0.835, 0.000, 0.222, 0.222, 0.109, -0.009, 0.011
24.080, -0.938, -0.384, 0.000, 1.000, 1.000, 0.114, 0.055, 0.143
24.100, -0.913, 0.169, 1.000, 1.000, 0.000, 0.111, -0.004, -0.030
24.120, -0.824, 0.679, 1.000, 1.000, 0.000, 0.109, -0.069, -0.130
24.140, -0.664, 0.863, 1.000, 1.000, 0.000, 0.108, -0.192, -0.266
24.160, -0.533, 0.865, 1.000, 1.000, 0.000, 0.107, -0.297, -0.346
24.180, -0.495, 0.809, 1.000, 1.000, 0.000, 0.107, -0.395, -0.416
24.200, -0.576, 0.730, 1.000, 1.000, 0.000, 0.106, -0.473, -0.478
24.220, -0.688, 0.703, 1.000, 1.000, 0.000, 0.106, -0.447, -0.515
24.240, -0.724, 0.742, 1.000, 1.000, 0.000, 0.105, -0.394, -0.528
24.260, -0.705, 0.778, 1.000, 1.000, 0.000, 0.105, -0.384, -0.518
24.280, -0.660, 0.806, 1.000, 1.000, 0.000, 0.105, -0.367, -0.470
24.300, -0.588, 0.833, 1.000, 1.000, 0.000, 0.104, -0.331, -0.394
24.320, -0.467, 0.853, 1.000, 1.000, 0.000, 0.104, -0.279, -0.304
24.340, -0.271, 0.859, 1.000, 1.000, 0.000, 0.104, -0.224, -0.224
24.360, -0.037, 0.817, 1.000, 1.000, 0.000, 0.104, -0.250, -0.228
24.380, 0.218, 0.722, 1.000, 1.000, 0.000, 0.103, -0.275, -0.222
24.400, 0.638, 0.680, 1.000, 0.817, 0.183, 0.104, -0.031, -0.031
24.420, 0.875, 0.476, 1.000, 0.000, 1.000, 0.109, -0.000, -0.000
24.440, 0.914, 0.071, 1.000, 0.000, 1.000, 0.113, -0.000, -0.000
24.460, 0.869, -0.479, 0.000, 0.000, 0.000, 0.109, -0.000, 0.000
24.480, 0.712, -0.851, 0.000, 0.000, 0.000, 0.107, -0.000, 0.000
24.500, 0.268, -0.898, 0.000, 1.000, 1.000, 0.111, -0.228, 0.235
24.520, -0.704, -0.652, 0.000, 1.000, 1.000, 0.114, -0.437, 0.479
24.540, -0.942, -0.071, 0.000, 1.000, 1.000, 0.116, 0.099, 0.038
24.560, -0.871, 0.502, 1.000, 1.000, 0.000, 0.112, -0.035, -0.080
24.580, -0.719, 0.843, 1.000, 1.000, 0.000, 0.109, -0.073, -0.112
24.600, -0.532, 0.891, 1.000, 1.000, 0.000, 0.107, -0.211, -0.252
24.620, -0.430, 0.842, 1.000, 1.000, 0.000, 0.106, -0.342, -0.359
24.640, -0.435, 0.766, 1.000, 1.000, 0.000, 0.105, -0.432, -0.410
24.660, -0.556, 0.695, 1.000, 1.000, 0.000, 0.105, -0.486, -0.454
24.680, -0.715, 0.663, 1.000, 1.000, 0.000, 0.104, -0.454, -0.521
24.700, -0.783, 0.685, 1.000, 1.000, 0.000, 0.104, -0.397, -0.596
24.720, -0.767, 0.725, 1.000, 1.000, 0.000, 0.104, -0.407, -0.610
24.740, -0.729, 0.768, 1.000, 1.000, 0.000, 0.103, -0.391, -0.555
24.760, -0.628, 0.843, 1.000, 1.000, 0.000, 0.103, -0.294, -0.375
24.780, -0.397, 0.898, 1.000, 1.000, 0.000, 0.103, -0.141, -0.153
24.800, -0.058, 0.886, 1.000, 1.000, 0.000, 0.102, -0.124, -0.123
24.820, 0.306, 0.793, 1.000, 1.000, 0.000, 0.102, -0.194, -0.180
24.840, 0.748, 0.717, 1.000, 0.000, 1.000, 0.108, -0.000, -0.000
24.860, 0.911, 0.458, 1.000, 0.000, 1.000, 0.111, -0.000, -0.000
24.880, 0.920, 0.022, 1.000, 0.000, 1.000, 0.114, 0.000, -0.000
24.900, 0.862, -0.533, 0.000, 0.000, 0.000, 0.110, -0.000, 0.000
24.920, 0.660, -0.841, 0.000, 1.000, 1.000, 0.113, -0.142, 0.190
24.940, 0.009, -0.823, 0.000, 1.000, 1.000, 0.115, -0.500, 0.459
24.960, -0.896, -0.317, 0.000, 1.000, 1.000, 0.117, -0.110, 0.295
24.980, -0.906, 0.257, 1.000, 1.000, 0.000, 0.112, -0.019, -0.076
25.000, -0.799, 0.747, 1.000, 0.696, 0.304, 0.111, -0.018, -0.032
25.020, -0.590, 0.899, 1.000, 1.000, 0.000, 0.109, -0.111, -0.142
25.040, -0.424, 0.875, 1.000, 1.000, 0.000, 0.107, -0.271, -0.295
25.060, -0.338, 0.811, 1.000, 1.000, 0.000, 0.106, -0.365, -0.352
25.080, -0.389, 0.713, 1.000, 1.000, 0.000, 0.105, -0.475, -0.403
25.100, -0.577, 0.638, 1.000, 1.000, 0.000, 0.105, -0.514, -0.444
25.120, -0.723, 0.674, 1.000, 1.000, 0.000, 0.104, -0.415, -0.496
25.140, -0.759, 0.721, 1.000, 1.000, 0.000, 0.104, -0.391, -0.567
25.160, -0.746, 0.744, 1.000, 1.000, 0.000, 0.103, -0.408, -0.586
25.180, -0.719, 0.771, 1.000, 1.000, 0.000, 0.103, -0.395, -0.546
25.200, -0.637, 0.832, 1.000, 1.000, 0.000, 0.103, -0.319, -0.406
25.220, -0.458, 0.881, 1.000, 1.000, 0.000, 0.103, -0.204, -0.228
25.240, -0.190, 0.881, 1.000, 1.000, 0.000, 0.102, -0.167, -0.167
25.260, 0.091, 0.808, 1.000, 1.000, 0.000, 0.102, -0.244, -0.221
25.280, 0.414, 0.694, 1.000, 1.000, 0.000, 0.102, -0.214, -0.178
25.300, 0.773, 0.585, 1.000, 0.524, 0.476, 0.104, -0.014, -0.017
25.320, 0.901, 0.286, 1.000, 0.000, 1.000, 0.109, -0.000, -0.000
25.340, 0.897, -0.210, 0.000, 0.000, 0.000, 0.106, -0.000, 0.000
25.360, 0.805, -0.718, 0.000, 0.000, 0.000, 0.104, -0.000, 0.000
25.380, 0.556, -0.911, 0.000, 0.508, 0.508, 0.106, -0.022, 0.027
25.400, -0.061, -0.881, 0.000, 1.000, 1.000, 0.110, -0.282, 0.277
25.420, -0.850, -0.559, 0.000, 1.000, 1.000, 0.113, -0.182, 0.346
25.440, -0.926, -0.086, 0.000, 1.000, 1.000, 0.115, 0.012, 0.017
25.460, -0.873, 0.481, 1.000, 1.000, 0.000, 0.110, -0.036, -0.080
25.480, -0.743, 0.811, 1.000, 1.000, 0.000, 0.107, -0.153, -0.240
25.500, -0.589, 0.873, 1.000, 1.000, 0.000, 0.106, -0.251, -0.313
25.520, -0.476, 0.853, 1.000, 1.000, 0.000, 0.104, -0.315, -0.346
25.540, -0.487, 0.773, 1.000, 1.000, 0.000, 0.104, -0.438, -0.435
25.560, -0.660, 0.652, 1.000, 1.000, 0.000, 0.103, -0.516, -0.517
25.580, -0.808, 0.617, 1.000, 1.000, 0.000, 0.103, -0.395, -0.600
25.600, -0.817, 0.637, 1.000, 1.000, 0.000, 0.102, -0.411, -0.682
25.620, -0.803, 0.658, 1.000, 1.000, 0.000, 0.102, -0.430, -0.680
25.640, -0.781, 0.705, 1.000, 1.000, 0.000, 0.102, -0.413, -0.637
25.660, -0.720, 0.788, 1.000, 1.000, 0.000, 0.101, -0.362, -0.514
25.680, -0.592, 0.861, 1.000, 1.000, 0.000, 0.101, -0.261, -0.323
25.700, -0.368, 0.892, 1.000, 1.000, 0.000, 0.101, -0.170, -0.182
25.720, -0.093, 0.862, 1.000, 1.000, 0.000, 0.100, -0.198, -0.192
25.740, 0.157, 0.754, 1.000, 1.000, 0.000, 0.100, -0.294, -0.248
25.760, 0.468, 0.640, 1.000, 1.000, 0.000, 0.100, -0.199, -0.157
25.780, 0.797, 0.522, 1.000, 0.000, 1.000, 0.105, -0.000, -0.000
25.800, 0.900, 0.186, 1.000, 0.000, 1.000, 0.109, -0.000, -0.000
25.820, 0.882, -0.338, 0.000, 0.000, 0.000, 0.106, -0.000, 0.000
25.840, 0.764, -0.790, 0.000, 0.000, 0.000, 0.103, -0.000, 0.000
25.860, 0.487, -0.926, 0.000, 0.000, 0.000, 0.102, -0.000, 0.000
25.880, 0.050, -0.925, 0.000, 0.060, 0.060, 0.101, -0.003, 0.003
25.900, -0.612, -0.826, 0.000, 1.000, 1.000, 0.107, -0.122, 0.148
25.920, -0.933, -0.394, 0.000, 1.000, 1.000, 0.110, 0.041, 0.147
25.940, -0.915, 0.149, 1.000, 1.000, 0.000, 0.106, -0.002, -0.024
25.960, -0.828, 0.665, 1.000, 1.000, 0.000, 0.104, -0.072, -0.137
25.980, -0.682, 0.850, 1.000, 1.000, 0.000, 0.102, -0.219, -0.309
26.000, -0.630, 0.814, 1.000, 1.000, 0.000, 0.101, -0.396, -0.487
26.020, -0.723, 0.689, 1.000, 1.000, 0.000, 0.101, -0.482, -0.591
26.040, -0.799, 0.652, 1.000, 1.000, 0.000, 0.100, -0.411, -0.632
26.060, -0.796, 0.675, 1.000, 1.000, 0.000, 0.100, -0.418, -0.659
26.080, -0.783, 0.697, 1.000, 1.000, 0.000, 0.099, -0.423, -0.647
26.100, -0.742, 0.761, 1.000, 1.000, 0.000, 0.099, -0.387, -0.562
26.120, -0.637, 0.843, 1.000, 1.000, 0.000, 0.099, -0.292, -0.378
26.140, -0.469, 0.878, 1.000, 1.000, 0.000, 0.099, -0.226, -0.254
26.160, -0.205, 0.881, 1.000, 1.000, 0.000, 0.098, -0.167, -0.168
26.180, 0.096, 0.820, 1.000, 1.000, 0.000, 0.098, -0.219, -0.201
26.200, 0.443, 0.709, 1.000, 1.000, 0.000, 0.098, -0.192, -0.167
26.220, 0.801, 0.599, 1.000, 0.000, 1.000, 0.103, -0.000, -0.000
26.240, 0.910, 0.285, 1.000, 0.000, 1.000, 0.107, -0.000, -0.000
26.260, 0.899, -0.216, 0.000, 0.000, 0.000, 0.104, -0.000, 0.000
26.280, 0.805, -0.723, 0.000, 0.000, 0.000, 0.101, -0.000, 0.000
26.300, 0.561, -0.915, 0.000, 0.000, 0.000, 0.100, -0.000, 0.000
26.320, 0.162, -0.931, 0.000, 0.000, 0.000, 0.099, -0.000, 0.000
26.340, -0.397, -0.885, 0.000, 0.298, 0.298, 0.100, -0.014, 0.015
26.360, -0.913, -0.502, 0.000, 1.000, 1.000, 0.105, -0.012, 0.233
26.380, -0.925, 0.016, 1.000, 1.000, 0.000, 0.102, 0.010, -0.003
26.400, -0.856, 0.571, 1.000, 1.000, 0.000, 0.100, -0.043, -0.090
26.420, -0.709, 0.840, 1.000, 1.000, 0.000, 0.099, -0.164, -0.244
26.440, -0.607, 0.845, 1.000, 1.000, 0.000, 0.098, -0.338, -0.420
26.460, -0.670, 0.732, 1.000, 1.000, 0.000, 0.098, -0.481, -0.560
26.480, -0.761, 0.680, 1.000, 1.000, 0.000, 0.097, -0.437, -0.595
26.500, -0.777, 0.705, 1.000, 1.000, 0.000, 0.097, -0.407, -0.616
26.520, -0.755, 0.738, 1.000, 1.000, 0.000, 0.097, -0.408, -0.598
26.540, -0.703, 0.794, 1.000, 1.000, 0.000, 0.096, -0.368, -0.505
26.560, -0.600, 0.848, 1.000, 1.000, 0.000, 0.096, -0.297, -0.365
26.580, -0.449, 0.868, 1.000, 1.000, 0.000, 0.096, -0.252, -0.276
26.600, -0.252, 0.856, 1.000, 1.000, 0.000, 0.095, -0.239, -0.237
26.620, -0.027, 0.806, 1.000, 1.000, 0.000, 0.095, -0.265, -0.238
26.640, 0.189, 0.696, 1.000, 1.000, 0.000, 0.095, -0.312, -0.241
26.660, 0.538, 0.630, 1.000, 1.000, 0.000, 0.095, -0.115, -0.094
26.680, 0.828, 0.474, 1.000, 0.000, 1.000, 0.100, -0.000, -0.000
26.700, 0.902, 0.101, 1.000, 0.000, 1.000, 0.104, -0.000, -0.000
26.720, 0.869, -0.440, 0.000, 0.000, 0.000, 0.101, -0.000, 0.000
26.740, 0.725, -0.836, 0.000, 0.000, 0.000, 0.098, -0.000, 0.000
26.760, 0.419, -0.931, 0.000, 0.016, 0.016, 0.097, -0.001, 0.001
26.780, -0.069, -0.916, 0.000, 0.518, 0.518, 0.099, -0.026, 0.026
26.800, -0.877, -0.531, 0.000, 1.000, 1.000, 0.103, -0.139, 0.374
26.820, -0.925, -0.059, 0.000, 1.000, 1.000, 0.106, 0.008, 0.010
26.840, -0.870, 0.498, 1.000, 0.000, 1.000, 0.108, -0.000, -0.000
26.860, -0.731, 0.826, 1.000, 1.000, 0.000, 0.104, -0.126, -0.195
26.880, -0.483, 0.914, 1.000, 1.000, 0.000, 0.101, -0.091, -0.105
26.900, -0.295, 0.867, 1.000, 1.000, 0.000, 0.099, -0.271, -0.275
26.920, -0.180, 0.782, 1.000, 1.000, 0.000, 0.098, -0.365, -0.322
26.940, -0.209, 0.655, 1.000, 1.000, 0.000, 0.097, -0.485, -0.350
26.960, -0.441, 0.542, 1.000, 1.000, 0.000, 0.097, -0.567, -0.363
26.980, -0.699, 0.580, 1.000, 1.000, 0.000, 0.096, -0.447, -0.425
27.000, -0.779, 0.692, 1.000, 1.000, 0.000, 0.096, -0.355, -0.531
27.020, -0.747, 0.754, 1.000, 1.000, 0.000, 0.095, -0.389, -0.569
27.040, -0.696, 0.795, 1.000, 1.000, 0.000, 0.095, -0.374, -0.507
27.060, -0.585, 0.853, 1.000, 1.000, 0.000, 0.095, -0.283, -0.344
27.080, -0.416, 0.873, 1.000, 1.000, 0.000, 0.095, -0.234, -0.252
27.100, -0.190, 0.858, 1.000, 1.000, 0.000, 0.094, -0.220, -0.215
27.120, 0.081, 0.800, 1.000, 1.000, 0.000, 0.094, -0.240, -0.214
27.140, 0.408, 0.699, 1.000, 1.000, 0.000, 0.094, -0.204, -0.171
27.160, 0.780, 0.605, 1.000, 0.000, 1.000, 0.100, -0.000, -0.000
27.180, 0.906, 0.306, 1.000, 0.000, 1.000, 0.103, -0.000, -0.000
27.200, 0.901, -0.185, 0.000, 0.000, 0.000, 0.100, -0.000, 0.000
27.220, 0.813, -0.702, 0.000, 0.000, 0.000, 0.097, -0.000, 0.000
27.240, 0.579, -0.911, 0.000, 0.000, 0.000, 0.096, -0.000, 0.000
27.260, 0.186, -0.931, 0.000, 0.068, 0.068, 0.096, -0.003, 0.003
27.280, -0.378, -0.886, 0.000, 0.525, 0.525, 0.098, -0.024, 0.025
27.300, -0.812, -0.755, 0.000, 0.000, 0.000, 0.096, -0.000, 0.000
27.320, -0.929, -0.466, 0.000, 0.000, 0.000, 0.095, 0.000, 0.000
27.340, -0.923, 0.033, 1.000, 1.000, 0.000, 0.094, 0.004, -0.004
27.360, -0.852, 0.584, 1.000, 1.000, 0.000, 0.094, -0.045, -0.093
27.380, -0.693, 0.856, 1.000, 1.000, 0.000, 0.093, -0.125, -0.182
27.400, -0.492, 0.896, 1.000, 1.000, 0.000, 0.093, -0.197, -0.228
27.420, -0.354, 0.849, 1.000, 1.000, 0.000, 0.093, -0.314, -0.320
27.440, -0.372, 0.739, 1.000, 1.000, 0.000, 0.092, -0.467, -0.410
27.460, -0.535, 0.652, 1.000, 1.000, 0.000, 0.092, -0.516, -0.438
27.480, -0.701, 0.663, 1.000, 1.000, 0.000, 0.092, -0.439, -0.487
27.500, -0.746, 0.727, 1.000, 1.000, 0.000, 0.092, -0.382, -0.535
27.520, -0.689, 0.805, 1.000, 1.000, 0.000, 0.091, -0.343, -0.465
27.540, -0.534, 0.875, 1.000, 1.000, 0.000, 0.091, -0.221, -0.261
27.560, -0.240, 0.901, 1.000, 1.000, 0.000, 0.091, -0.109, -0.111
27.580, 0.181, 0.869, 1.000, 1.000, 0.000, 0.091, -0.094, -0.093
27.600, 0.688, 0.798, 1.000, 0.000, 1.000, 0.096, -0.000, -0.000
27.620, 0.906, 0.571, 1.000, 0.000, 1.000, 0.100, -0.000, -0.000
27.640, 0.930, 0.181, 1.000, 0.000, 1.000, 0.103, 0.000, -0.000
27.660, 0.891, -0.361, 0.000, 0.000, 0.000, 0.098, -0.000, 0.000
27.680, 0.762, -0.805, 0.000, 0.000, 0.000, 0.096, -0.000, 0.000
27.700, 0.478, -0.928, 0.000, 0.000, 0.000, 0.094, -0.000, 0.000
27.720, 0.027, -0.923, 0.000, 0.264, 0.264, 0.095, -0.012, 0.012
27.740, -0.557, -0.855, 0.000, 0.807, 0.807, 0.098, -0.032, 0.038
27.760, -0.877, -0.674, 0.000, 0.000, 0.000, 0.096, -0.000, 0.000
27.780, -0.934, -0.334, 0.000, 0.000, 0.000, 0.094, 0.000, 0.000
27.800, -0.911, 0.169, 1.000, 0.176, 0.824, 0.098, -0.000, -0.001
27.820, -0.825, 0.664, 1.000, 1.000, 0.000, 0.096, -0.126, -0.232
27.840, -0.712, 0.816, 1.000, 1.000, 0.000, 0.094, -0.298, -0.432
27.860, -0.739, 0.713, 1.000, 1.000, 0.000, 0.093, -0.465, -0.620
27.880, -0.825, 0.584, 1.000, 1.000, 0.000, 0.092, -0.411, -0.657
27.900, -0.841, 0.561, 1.000, 1.000, 0.000, 0.092, -0.406, -0.708
27.920, -0.833, 0.576, 1.000, 1.000, 0.000, 0.091, -0.429, -0.718
27.940, -0.810, 0.654, 1.000, 1.000, 0.000, 0.091, -0.414, -0.679
27.960, -0.745, 0.770, 1.000, 1.000, 0.000, 0.091, -0.362, -0.538
27.980, -0.625, 0.852, 1.000, 1.000, 0.000, 0.090, -0.277, -0.356
28.000, -0.432, 0.886, 1.000, 1.000, 0.000, 0.090, -0.201, -0.221
28.020, -0.189, 0.868, 1.000, 1.000, 0.000, 0.090, -0.207, -0.204
28.040, 0.132, 0.819, 1.000, 1.000, 0.000, 0.090, -0.194, -0.179
28.060, 0.522, 0.720, 1.000, 1.000, 0.000, 0.089, -0.137, -0.129
28.080, 0.840, 0.574, 1.000, 0.000, 1.000, 0.095, -0.000, -0.000
28.100, 0.916, 0.228, 1.000, 0.000, 1.000, 0.099, -0.000, -0.000
28.120, 0.893, -0.295, 0.000, 0.000, 0.000, 0.095, -0.000, 0.000
28.140, 0.782, -0.770, 0.000, 0.000, 0.000, 0.093, -0.000, 0.000
28.160, 0.516, -0.923, 0.000, 0.000, 0.000, 0.092, -0.000, 0.000
28.180, 0.095, -0.928, 0.000, 0.000, 0.000, 0.091, -0.000, 0.000
28.200, -0.461, -0.877, 0.000, 0.000, 0.000, 0.090, -0.000, 0.000
28.220, -0.846, -0.723, 0.000, 0.000, 0.000, 0.090, -0.000, 0.000
28.240, -0.932, -0.411, 0.000, 0.000, 0.000, 0.089, 0.000, 0.000
28.260, -0.919, 0.058, 1.000, 0.000, 1.000, 0.095, 0.000, -0.000
28.280, -0.848, 0.608, 1.000, 0.000, 1.000, 0.099, -0.000, -0.000
28.300, -0.649, 0.891, 1.000, 0.000, 1.000, 0.101, -0.000, -0.000
28.320, -0.689, 0.734, 1.000, 1.000, 0.000, 0.097, -0.483, -0.587
28.340, -0.738, 0.723, 1.000, 1.000, 0.000, 0.094, -0.412, -0.557
28.360, -0.673, 0.815, 1.000, 1.000, 0.000, 0.093, -0.317, -0.421
28.380, -0.524, 0.872, 1.000, 1.000, 0.000, 0.092, -0.232, -0.270
28.400, -0.366, 0.860, 1.000, 1.000, 0.000, 0.091, -0.269, -0.279
28.420, -0.384, 0.744, 1.000, 1.000, 0.000, 0.090, -0.469, -0.418
28.440, -0.531, 0.666, 1.000, 1.000, 0.000, 0.090, -0.504, -0.437
28.460, -0.638, 0.712, 1.000, 1.000, 0.000, 0.089, -0.406, -0.433
28.480, -0.700, 0.736, 1.000, 1.000, 0.000, 0.089, -0.405, -0.507
28.500, -0.721, 0.748, 1.000, 1.000, 0.000, 0.089, -0.407, -0.546
28.520, -0.682, 0.797, 1.000, 1.000, 0.000, 0.089, -0.363, -0.479
28.540, -0.564, 0.857, 1.000, 1.000, 0.000, 0.088, -0.269, -0.321
28.560, -0.280, 0.903, 1.000, 1.000, 0.000, 0.088, -0.096, -0.100
28.580, 0.127, 0.876, 1.000, 1.000, 0.000, 0.088, -0.097, -0.096
28.600, 0.507, 0.729, 1.000, 1.000, 0.000, 0.088, -0.183, -0.173
28.620, 0.821, 0.561, 1.000, 1.000, 0.000, 0.087, -0.021, -0.032
28.640, 0.908, 0.199, 1.000, 0.970, 0.030, 0.087, -0.002, -0.008
28.660, 0.884, -0.361, 0.000, 1.000, 1.000, 0.093, -0.037, 0.078
28.680, 0.745, -0.780, 0.000, 1.000, 1.000, 0.097, -0.101, 0.153
28.700, 0.424, -0.906, 0.000, 1.000, 1.000, 0.099, -0.098, 0.109
28.720, -0.146, -0.889, 0.000, 1.000, 1.000, 0.101, -0.139, 0.139
28.740, -0.849, -0.607, 0.000, 1.000, 1.000, 0.102, -0.142, 0.293
28.760, -0.922, -0.266, 0.000, 0.000, 0.000, 0.097, 0.000, 0.000
28.780, -0.895, 0.437, 1.000, 1.000, 0.000, 0.094, -0.095, -0.348
28.800, -0.743, 0.840, 1.000, 0.000, 1.000, 0.098, -0.000, -0.000
28.820, -0.437, 0.933, 1.000, 0.000, 1.000, 0.101, -0.000, -0.000
28.840, -0.104, 0.898, 1.000, 1.000, 0.000, 0.097, -0.135, -0.135
28.860, -0.437, 0.375, 1.000, 1.000, 0.000, 0.095, -0.817, -0.351
28.880, -0.893, 0.343, 1.000, 1.000, 0.000, 0.093, -0.157, -0.416
28.900, -0.830, 0.561, 1.000, 1.000, 0.000, 0.092, -0.477, -0.759
28.920, -0.826, 0.619, 1.000, 1.000, 0.000, 0.091, -0.405, -0.694
28.940, -0.750, 0.770, 1.000, 1.000, 0.000, 0.091, -0.345, -0.522
28.960, -0.507, 0.912, 1.000, 1.000, 0.000, 0.090, -0.048, -0.057
28.980, -0.089, 0.925, 1.000, 0.000, 1.000, 0.096, -0.000, -0.000
29.000, 0.466, 0.875, 1.000, 0.000, 1.000, 0.100, -0.000, -0.000
29.020, 0.847, 0.721, 1.000, 0.000, 1.000, 0.102, -0.000, -0.000
29.040, 0.932, 0.407, 1.000, 0.000, 1.000, 0.104, 0.000, -0.000
29.060, 0.919, -0.064, 0.000, 0.000, 0.000, 0.099, 0.000, 0.000
29.080, 0.846, -0.613, 0.000, 0.000, 0.000, 0.096, -0.000, 0.000
29.100, 0.646, -0.892, 0.000, 0.000, 0.000, 0.094, -0.000, 0.000
29.120, 0.272, -0.931, 0.000, 0.532, 0.532, 0.097, -0.025, 0.026
29.140, -0.312, -0.889, 0.000, 1.000, 1.000, 0.101, -0.073, 0.076
29.160, -0.801, -0.748, 0.000, 1.000, 1.000, 0.103, -0.030, 0.054
29.180, -0.927, -0.450, 0.000, 0.409, 0.409, 0.102, 0.001, 0.010
29.200, -0.922, 0.000, 1.000, 0.000, 1.000, 0.104, 0.000, -0.000
29.220, -0.859, 0.556, 1.000, 0.000, 1.000, 0.106, -0.000, -0.000
29.240, -0.684, 0.871, 1.000, 0.812, 0.188, 0.103, -0.028, -0.041
29.260, -0.368, 0.930, 1.000, 0.592, 0.408, 0.102, -0.028, -0.030
29.280, -0.148, 0.852, 1.000, 1.000, 0.000, 0.099, -0.276, -0.266
29.300, 0.046, 0.752, 1.000, 1.000, 0.000, 0.097, -0.324, -0.269
29.320, 0.267, 0.648, 1.000, 1.000, 0.000, 0.096, -0.288, -0.209
29.340, 0.557, 0.531, 1.000, 1.000, 0.000, 0.095, -0.154, -0.106
29.360, 0.801, 0.325, 1.000, 1.000, 0.000, 0.095, -0.022, -0.016
29.380, 0.872, -0.090, 0.000, 0.000, 0.000, 0.094, -0.000, 0.000
29.400, 0.820, -0.615, 0.000, 0.380, 0.380, 0.096, -0.007, 0.012
29.420, 0.623, -0.889, 0.000, 0.000, 0.000, 0.095, -0.000, 0.000
29.440, 0.261, -0.931, 0.000, 0.000, 0.000, 0.094, -0.000, 0.000
29.460, -0.262, -0.902, 0.000, 0.000, 0.000, 0.094, -0.000, 0.000
29.480, -0.753, -0.795, 0.000, 0.000, 0.000, 0.093, -0.000, 0.000
29.500, -0.923, -0.523, 0.000, 0.488, 0.488, 0.096, 0.001, 0.013
29.520, -0.928, -0.078, 0.000, 1.000, 1.000, 0.101, 0.004, 0.004
29.540, -0.874, 0.481, 1.000, 0.489, 0.511, 0.101, -0.005, -0.012
29.560, -0.715, 0.853, 1.000, 0.000, 1.000, 0.104, -0.000, -0.000
29.580, -0.513, 0.897, 1.000, 1.000, 0.000, 0.100, -0.191, -0.225
29.600, -0.596, 0.728, 1.000, 1.000, 0.000, 0.098, -0.517, -0.534
29.620, -0.728, 0.675, 1.000, 1.000, 0.000, 0.096, -0.449, -0.545
29.640, -0.758, 0.724, 1.000, 1.000, 0.000, 0.095, -0.388, -0.563
29.660, -0.794, 0.656, 1.000, 1.000, 0.000, 0.094, -0.437, -0.658
29.680, -0.825, 0.602, 1.000, 1.000, 0.000, 0.094, -0.417, -0.687
29.700, -0.805, 0.662, 1.000, 1.000, 0.000, 0.093, -0.416, -0.674
29.720, -0.738, 0.777, 1.000, 1.000, 0.000, 0.093, -0.355, -0.524
29.740, -0.566, 0.883, 1.000, 1.000, 0.000, 0.093, -0.187, -0.230
29.760, -0.190, 0.925, 1.000, 0.000, 1.000, 0.099, -0.000, -0.000
29.780, 0.289, 0.876, 1.000, 1.000, 0.000, 0.096, -0.062, -0.063
29.800, 0.762, 0.774, 1.000, 0.000, 1.000, 0.101, -0.000, -0.000
29.820, 0.921, 0.512, 1.000, 0.000, 1.000, 0.104, 0.000, -0.000
29.840, 0.927, 0.091, 1.000, 0.000, 1.000, 0.106, 0.000, -0.000
29.860, 0.876, -0.465, 0.000, 0.000, 0.000, 0.101, -0.000, 0.000
29.880, 0.721, -0.847, 0.000, 0.000, 0.000, 0.098, -0.000, 0.000
29.900, 0.408, -0.932, 0.000, 0.000, 0.000, 0.097, -0.000, 0.000
29.920, -0.103, -0.912, 0.000, 0.945, 0.945, 0.101, -0.048, 0.048
29.940, -0.687, -0.810, 0.000, 1.000, 1.000, 0.105, -0.054, 0.073
29.960, -0.910, -0.569, 0.000, 0.435, 0.435, 0.103, -0.001, 0.014
29.980, -0.931, -0.164, 0.000, 0.404, 0.404, 0.103, 0.002, 0.003
30.000, -0.888, 0.383, 1.000, 0.000, 1.000, 0.106, -0.000, -0.000
30.020, -0.755, 0.814, 1.000, 0.000, 1.000, 0.108, -0.000, -0.000
30.040, -0.464, 0.929, 1.000, 0.000, 1.000, 0.110, -0.000, -0.000
30.060, -0.683, 0.597, 1.000, 1.000, 0.000, 0.105, -0.598, -0.566
30.080, -0.872, 0.502, 1.000, 1.000, 0.000, 0.102, -0.261, -0.600
30.100, -0.792, 0.687, 1.000, 1.000, 0.000, 0.100, -0.403, -0.633
30.120, -0.713, 0.802, 1.000, 1.000, 0.000, 0.099, -0.329, -0.469
30.140, -0.556, 0.876, 1.000, 1.000, 0.000, 0.098, -0.223, -0.269
30.160, -0.181, 0.922, 1.000, 0.000, 1.000, 0.103, -0.000, -0.000
30.180, 0.358, 0.888, 1.000, 0.000, 1.000, 0.107, -0.000, -0.000
30.200, 0.802, 0.762, 1.000, 0.000, 1.000, 0.109, -0.000, -0.000
30.220, 0.928, 0.478, 1.000, 0.000, 1.000, 0.111, 0.000, -0.000
30.240, 0.925, 0.039, 1.000, 0.000, 1.000, 0.112, 0.000, -0.000
30.260, 0.867, -0.519, 0.000, 0.000, 0.000, 0.107, -0.000, 0.000
30.280, 0.697, -0.866, 0.000, 0.000, 0.000, 0.104, -0.000, 0.000
30.300, 0.369, -0.934, 0.000, 0.000, 0.000, 0.102, -0.000, 0.000
30.320, -0.118, -0.915, 0.000, 0.000, 0.000, 0.101, -0.000, 0.000
30.340, -0.679, -0.821, 0.000, 0.805, 0.805, 0.105, -0.029, 0.039
30.360, -0.912, -0.568, 0.000, 0.895, 0.895, 0.108, -0.001, 0.029
30.380, -0.931, -0.130, 0.000, 1.000, 1.000, 0.111, 0.007, 0.010
30.400, -0.883, 0.425, 1.000, 0.352, 0.648, 0.111, -0.004, -0.009
30.420, -0.739, 0.832, 1.000, 0.000, 1.000, 0.113, -0.000, -0.000
30.440, -0.437, 0.931, 1.000, 0.000, 1.000, 0.114, -0.000, -0.000
30.460, 0.022, 0.922, 1.000, 0.000, 1.000, 0.116, -0.000, -0.000
30.480, -0.374, 0.222, 1.000, 1.000, 0.000, 0.111, -0.928, -0.225
30.500, -0.847, 0.340, 1.000, 1.000, 0.000, 0.107, -0.294, -0.318
30.520, -0.829, 0.665, 1.000, 1.000, 0.000, 0.106, -0.266, -0.509
30.540, -0.737, 0.780, 1.000, 1.000, 0.000, 0.104, -0.363, -0.535
30.560, -0.688, 0.796, 1.000, 1.000, 0.000, 0.103, -0.385, -0.513
30.580, -0.621, 0.826, 1.000, 1.000, 0.000, 0.103, -0.341, -0.421
30.600, -0.472, 0.868, 1.000, 1.000, 0.000, 0.102, -0.237, -0.264
30.620, -0.297, 0.855, 1.000, 1.000, 0.000, 0.102, -0.257, -0.258
30.640, 0.035, 0.853, 1.000, 1.000, 0.000, 0.102, -0.137, -0.130
30.660, 0.557, 0.824, 1.000, 0.000, 1.000, 0.107, -0.000, -0.000
30.680, 0.872, 0.650, 1.000, 0.000, 1.000, 0.111, -0.000, -0.000
30.700, 0.931, 0.307, 1.000, 0.000, 1.000, 0.113, 0.000, -0.000
30.720, 0.907, -0.201, 0.000, 0.000, 0.000, 0.109, -0.000, 0.000
30.740, 0.812, -0.715, 0.000, 0.000, 0.000, 0.106, -0.000, 0.000
30.760, 0.572, -0.914, 0.000, 0.000, 0.000, 0.105, -0.000, 0.000
30.780, 0.154, -0.927, 0.000, 0.579, 0.579, 0.107, -0.031, 0.031
30.800, -0.487, -0.858, 0.000, 1.000, 1.000, 0.111, -0.106, 0.118
30.820, -0.865, -0.672, 0.000, 1.000, 1.000, 0.114, -0.015, 0.043
30.840, -0.931, -0.338, 0.000, 0.000, 0.000, 0.110, 0.000, 0.000
30.860, -0.911, 0.158, 1.000, 0.000, 1.000, 0.113, -0.000, -0.000
30.880, -0.824, 0.685, 1.000, 0.184, 0.816, 0.114, -0.004, -0.008
30.900, -0.596, 0.909, 1.000, 0.000, 1.000, 0.116, -0.000, -0.000
30.920, -0.213, 0.933, 1.000, 0.000, 1.000, 0.118, -0.000, -0.000
30.940, 0.323, 0.896, 1.000, 0.000, 1.000, 0.119, -0.000, -0.000
30.960, 0.680, 0.658, 1.000, 1.000, 0.000, 0.114, -0.160, -0.168
30.980, 0.839, 0.262, 1.000, 1.000, 0.000, 0.111, -0.091, -0.069
31.000, 0.850, -0.269, 0.000, 1.000, 1.000, 0.115, -0.087, 0.077
31.020, 0.738, -0.716, 0.000, 1.000, 1.000, 0.118, -0.122, 0.163
31.040, 0.405, -0.874, 0.000, 1.000, 1.000, 0.119, -0.184, 0.197
31.060, -0.350, -0.813, 0.000, 1.000, 1.000, 0.121, -0.351, 0.340
31.080, -0.884, -0.509, 0.000, 1.000, 1.000, 0.122, -0.067, 0.201
31.100, -0.919, -0.111, 0.000, 0.000, 0.000, 0.117, 0.000, 0.000
31.120, -0.877, 0.438, 1.000, 0.000, 1.000, 0.120, -0.000, -0.000
31.140, -0.730, 0.837, 1.000, 0.000, 1.000, 0.122, -0.000, -0.000
31.160, -0.434, 0.929, 1.000, 0.302, 0.698, 0.121, -0.016, -0.018
31.180, -0.107, 0.896, 1.000, 1.000, 0.000, 0.117, -0.141, -0.141
31.200, -0.510, 0.296, 1.000, 1.000, 0.000, 0.115, -0.850, -0.302
31.220, -0.851, 0.460, 1.000, 1.000, 0.000, 0.113, -0.267, -0.414
31.240, -0.815, 0.670, 1.000, 1.000, 0.000, 0.112, -0.354, -0.618
31.260, -0.738, 0.777, 1.000, 1.000, 0.000, 0.111, -0.365, -0.537
31.280, -0.567, 0.882, 1.000, 1.000, 0.000, 0.110, -0.187, -0.230
31.300, -0.191, 0.925, 1.000, 0.000, 1.000, 0.116, -0.000, -0.000
31.320, 0.346, 0.891, 1.000, 0.000, 1.000, 0.119, -0.000, -0.000
31.340, 0.797, 0.766, 1.000, 0.000, 1.000, 0.122, -0.000, -0.000
31.360, 0.927, 0.486, 1.000, 0.000, 1.000, 0.123, 0.000, -0.000
31.380, 0.926, 0.050, 1.000, 0.000, 1.000, 0.125, 0.000, -0.000
31.400, 0.869, -0.508, 0.000, 0.000, 0.000, 0.120, -0.000, 0.000
31.420, 0.702, -0.862, 0.000, 0.000, 0.000, 0.117, -0.000, 0.000
31.440, 0.377, -0.933, 0.000, 0.000, 0.000, 0.115, -0.000, 0.000
31.460, -0.189, -0.900, 0.000, 1.000, 1.000, 0.119, -0.095, 0.096
31.480, -0.755, -0.771, 0.000, 1.000, 1.000, 0.123, -0.062, 0.095
31.500, -0.919, -0.512, 0.000, 0.000, 0.000, 0.119, 0.000, 0.000
31.520, -0.927, -0.092, 0.000, 0.000, 0.000, 0.116, 0.000, 0.000
31.540, -0.876, 0.464, 1.000, 0.391, 0.609, 0.118, -0.005, -0.011
31.560, -0.725, 0.842, 1.000, 0.594, 0.406, 0.118, -0.021, -0.033
31.580, -0.416, 0.932, 1.000, 0.000, 1.000, 0.122, -0.000, -0.000
31.600, 0.052, 0.920, 1.000, 0.000, 1.000, 0.125, -0.000, -0.000
31.620, 0.487, 0.796, 1.000, 1.000, 0.000, 0.120, -0.138, -0.142
31.640, 0.785, 0.547, 1.000, 1.000, 0.000, 0.118, -0.091, -0.107
31.660, 0.884, 0.139, 1.000, 1.000, 0.000, 0.116, -0.028, -0.022
31.680, 0.852, -0.431, 0.000, 1.000, 1.000, 0.121, -0.124, 0.182
31.700, 0.634, -0.744, 0.000, 1.000, 1.000, 0.124, -0.376, 0.420
31.720, 0.037, -0.797, 0.000, 1.000, 1.000, 0.126, -0.476, 0.423
31.740, -0.865, -0.390, 0.000, 1.000, 1.000, 0.128, -0.214, 0.333
31.760, -0.907, 0.097, 1.000, 1.000, 0.000, 0.123, -0.008, -0.013
31.780, -0.835, 0.636, 1.000, 0.000, 1.000, 0.126, -0.000, -0.000
31.800, -0.627, 0.897, 1.000, 0.000, 1.000, 0.128, -0.000, -0.000
31.820, -0.261, 0.933, 1.000, 0.000, 1.000, 0.129, -0.000, -0.000
31.840, 0.263, 0.902, 1.000, 0.000, 1.000, 0.131, -0.000, -0.000
31.860, 0.292, 0.364, 1.000, 1.000, 0.000, 0.125, -0.648, -0.252
31.880, -0.146, -0.002, 0.000, 1.000, 1.000, 0.128, -0.851, 0.002
31.900, -0.891, 0.098, 1.000, 1.000, 0.000, 0.124, -0.171, -0.118
31.920, -0.860, 0.583, 1.000, 1.000, 0.000, 0.122, -0.210, -0.471
31.940, -0.719, 0.827, 1.000, 1.000, 0.000, 0.120, -0.218, -0.326
31.960, -0.516, 0.897, 1.000, 1.000, 0.000, 0.119, -0.171, -0.201
31.980, -0.397, 0.846, 1.000, 1.000, 0.000, 0.118, -0.333, -0.345
32.000, -0.314, 0.800, 1.000, 1.000, 0.000, 0.118, -0.356, -0.334
32.020, -0.314, 0.731, 1.000, 1.000, 0.000, 0.117, -0.427, -0.361
32.040, -0.420, 0.669, 1.000, 1.000, 0.000, 0.117, -0.479, -0.384
32.060, -0.511, 0.705, 1.000, 1.000, 0.000, 0.116, -0.402, -0.366
32.080, -0.245, 0.867, 1.000, 0.296, 0.704, 0.120, -0.017, -0.017
32.100, 0.167, 0.862, 1.000, 1.000, 0.000, 0.119, -0.078, -0.077
32.120, 0.625, 0.766, 1.000, 1.000, 0.000, 0.117, -0.064, -0.073
32.140, 0.884, 0.569, 1.000, 0.000, 1.000, 0.123, -0.000, -0.000
32.160, 0.925, 0.193, 1.000, 0.000, 1.000, 0.126, 0.000, -0.000
32.180, 0.891, -0.344, 0.000, 0.000, 0.000, 0.122, -0.000, 0.000
32.200, 0.767, -0.796, 0.000, 0.000, 0.000, 0.120, -0.000, 0.000
32.220, 0.488, -0.927, 0.000, 0.000, 0.000, 0.118, -0.000, 0.000
32.240, 0.045, -0.925, 0.000, 0.143, 0.143, 0.118, -0.008, 0.008
32.260, -0.531, -0.861, 0.000, 0.444, 0.444, 0.120, -0.022, 0.026
32.280, -0.869, -0.688, 0.000, 0.000, 0.000, 0.118, -0.000, 0.000
32.300, -0.935, -0.332, 0.000, 0.615, 0.615, 0.121, 0.005, 0.013
32.320, -0.910, 0.185, 1.000, 0.810, 0.190, 0.120, -0.002, -0.009
32.340, -0.818, 0.699, 1.000, 1.000, 0.000, 0.118, -0.025, -0.048
32.360, -0.809, 0.595, 1.000, 1.000, 0.000, 0.117, -0.477, -0.699
32.380, -0.930, 0.017, 1.000, 1.000, 0.000, 0.116, 0.189, -0.037
32.400, -0.806, 0.553, 1.000, 1.000, 0.000, 0.115, -0.866, -1.148
32.420, -0.888, 0.420, 1.000, 1.000, 0.000, 0.115, -0.236, -0.647
32.440, -0.788, 0.714, 1.000, 1.000, 0.000, 0.114, -0.330, -0.532
32.460, -0.549, 0.911, 1.000, 0.000, 1.000, 0.120, -0.000, -0.000
32.480, -0.148, 0.929, 1.000, 0.000, 1.000, 0.124, -0.000, -0.000
32.500, 0.401, 0.886, 1.000, 0.000, 1.000, 0.126, -0.000, -0.000
32.520, 0.822, 0.748, 1.000, 0.000, 1.000, 0.128, -0.000, -0.000
32.540, 0.930, 0.452, 1.000, 0.000, 1.000, 0.129, 0.000, -0.000
32.560, 0.923, 0.001, 1.000, 0.000, 1.000, 0.130, 0.000, -0.000
32.580, 0.860, -0.556, 0.000, 0.000, 0.000, 0.125, -0.000, 0.000
32.600, 0.677, -0.876, 0.000, 0.152, 0.152, 0.123, -0.006, 0.009
32.620, 0.313, -0.928, 0.000, 0.675, 0.675, 0.124, -0.040, 0.042
32.640, -0.242, -0.897, 0.000, 0.924, 0.924, 0.127, -0.057, 0.058
32.660, -0.744, -0.793, 0.000, 0.172, 0.172, 0.124, -0.006, 0.009
32.680, -0.919, -0.540, 0.000, 0.000, 0.000, 0.122, 0.000, 0.000
32.700, -0.929, -0.131, 0.000, 0.000, 0.000, 0.120, 0.000, 0.000
32.720, -0.882, 0.425, 1.000, 0.612, 0.388, 0.121, -0.007, -0.016
32.740, -0.754, 0.804, 1.000, 1.000, 0.000, 0.120, -0.107, -0.172
32.760, -0.710, 0.773, 1.000, 1.000, 0.000, 0.118, -0.427, -0.579
32.780, -0.726, 0.741, 1.000, 1.000, 0.000, 0.118, -0.430, -0.579
32.800, -0.770, 0.690, 1.000, 1.000, 0.000, 0.117, -0.436, -0.625
32.820, -0.812, 0.628, 1.000, 1.000, 0.000, 0.117, -0.423, -0.671
32.840, -0.814, 0.635, 1.000, 1.000, 0.000, 0.116, -0.422, -0.688
32.860, -0.767, 0.739, 1.000, 1.000, 0.000, 0.116, -0.384, -0.588
32.880, -0.628, 0.862, 1.000, 1.000, 0.000, 0.115, -0.232, -0.303
32.900, -0.285, 0.927, 1.000, 0.000, 1.000, 0.121, -0.000, -0.000
32.920, 0.227, 0.904, 1.000, 0.000, 1.000, 0.125, -0.000, -0.000
32.940, 0.732, 0.804, 1.000, 0.000, 1.000, 0.127, -0.000, -0.000
32.960, 0.917, 0.557, 1.000, 0.000, 1.000, 0.129, 0.000, -0.000
32.980, 0.931, 0.155, 1.000, 0.000, 1.000, 0.130, 0.000, -0.000
33.000, 0.887, -0.394, 0.000, 0.000, 0.000, 0.125, -0.000, 0.000
33.020, 0.751, -0.819, 0.000, 0.000, 0.000, 0.122, -0.000, 0.000
33.040, 0.457, -0.930, 0.000, 0.000, 0.000, 0.120, -0.000, 0.000
33.060, -0.024, -0.918, 0.000, 0.595, 0.595, 0.122, -0.036, 0.036
33.080, -0.625, -0.832, 0.000, 1.000, 1.000, 0.126, -0.058, 0.072
33.100, -0.894, -0.629, 0.000, 0.000, 0.000, 0.123, -0.000, 0.000
33.120, -0.933, -0.266, 0.000, 0.000, 0.000, 0.121, 0.000, 0.000
33.140, -0.903, 0.256, 1.000, 0.000, 1.000, 0.125, -0.000, -0.000
33.160, -0.797, 0.749, 1.000, 0.000, 1.000, 0.128, -0.000, -0.000
33.180, -0.549, 0.917, 1.000, 0.372, 0.628, 0.128, -0.019, -0.024
33.200, -0.444, 0.848, 1.000, 1.000, 0.000, 0.124, -0.351, -0.375
33.220, -0.650, 0.610, 1.000, 1.000, 0.000, 0.122, -0.576, -0.525
33.240, -0.853, 0.532, 1.000, 1.000, 0.000, 0.120, -0.319, -0.596
33.260, -0.826, 0.594, 1.000, 1.000, 0.000, 0.119, -0.438, -0.718
33.280, -0.833, 0.579, 1.000, 1.000, 0.000, 0.119, -0.419, -0.707
33.300, -0.789, 0.706, 1.000, 1.000, 0.000, 0.118, -0.390, -0.622
33.320, -0.634, 0.869, 1.000, 1.000, 0.000, 0.118, -0.186, -0.247
33.340, -0.288, 0.928, 1.000, 0.000, 1.000, 0.123, -0.000, -0.000
33.360, 0.224, 0.904, 1.000, 0.000, 1.000, 0.127, -0.000, -0.000
33.380, 0.730, 0.805, 1.000, 0.000, 1.000, 0.129, -0.000, -0.000
33.400, 0.917, 0.559, 1.000, 0.000, 1.000, 0.131, -0.000, -0.000
33.420, 0.931, 0.157, 1.000, 0.000, 1.000, 0.132, 0.000, -0.000
33.440, 0.887, -0.391, 0.000, 0.000, 0.000, 0.127, -0.000, 0.000
33.460, 0.752, -0.818, 0.000, 0.000, 0.000, 0.124, -0.000, 0.000
33.480, 0.448, -0.927, 0.000, 0.406, 0.406, 0.124, -0.022, 0.025
33.500, -0.080, -0.908, 0.000, 1.000, 1.000, 0.128, -0.090, 0.090
33.520, -0.675, -0.809, 0.000, 1.000, 1.000, 0.131, -0.063, 0.084
33.540, -0.904, -0.588, 0.000, 0.000, 0.000, 0.127, -0.000, 0.000
33.560, -0.931, -0.205, 0.000, 0.000, 0.000, 0.124, 0.000, 0.000
33.580, -0.894, 0.333, 1.000, 0.000, 1.000, 0.128, -0.000, -0.000
33.600, -0.773, 0.790, 1.000, 0.185, 0.815, 0.130, -0.006, -0.011
33.620, -0.527, 0.916, 1.000, 1.000, 0.000, 0.126, -0.064, -0.077
33.640, -0.499, 0.807, 1.000, 1.000, 0.000, 0.124, -0.436, -0.460
33.660, -0.693, 0.621, 1.000, 1.000, 0.000, 0.123, -0.535, -0.542
33.680, -0.844, 0.569, 1.000, 1.000, 0.000, 0.121, -0.342, -0.624
33.700, -0.832, 0.564, 1.000, 1.000, 0.000, 0.121, -0.443, -0.720
33.720, -0.848, 0.534, 1.000, 1.000, 0.000, 0.120, -0.401, -0.712
33.740, -0.797, 0.693, 1.000, 1.000, 0.000, 0.120, -0.387, -0.630
33.760, -0.611, 0.886, 1.000, 1.000, 0.000, 0.119, -0.108, -0.140
33.780, -0.248, 0.930, 1.000, 0.000, 1.000, 0.125, -0.000, -0.000
33.800, 0.278, 0.900, 1.000, 0.000, 1.000, 0.128, -0.000, -0.000
33.820, 0.762, 0.790, 1.000, 0.000, 1.000, 0.131, -0.000, -0.000
33.840, 0.922, 0.528, 1.000, 0.000, 1.000, 0.133, 0.000, -0.000
33.860, 0.929, 0.112, 1.000, 0.000, 1.000, 0.134, 0.000, -0.000
33.880, 0.880, -0.443, 0.000, 0.000, 0.000, 0.129, -0.000, 0.000
33.900, 0.731, -0.839, 0.000, 0.000, 0.000, 0.126, -0.000, 0.000
33.920, 0.413, -0.929, 0.000, 0.353, 0.353, 0.126, -0.020, 0.022
33.940, -0.126, -0.905, 0.000, 1.000, 1.000, 0.130, -0.084, 0.084
33.960, -0.702, -0.801, 0.000, 1.000, 1.000, 0.132, -0.052, 0.072
33.980, -0.910, -0.568, 0.000, 0.000, 0.000, 0.128, -0.000, 0.000
34.000, -0.930, -0.175, 0.000, 0.000, 0.000, 0.126, 0.000, 0.000
34.020, -0.890, 0.369, 1.000, 0.000, 1.000, 0.130, -0.000, -0.000
34.040, -0.761, 0.805, 1.000, 0.397, 0.603, 0.130, -0.014, -0.023
34.060, -0.484, 0.926, 1.000, 0.290, 0.710, 0.131, -0.016, -0.019
34.080, -0.067, 0.922, 1.000, 0.328, 0.672, 0.132, -0.022, -0.022
34.100, -0.409, 0.351, 1.000, 1.000, 0.000, 0.128, -0.856, -0.338
34.120, -0.876, 0.350, 1.000, 1.000, 0.000, 0.126, -0.236, -0.396
34.140, -0.849, 0.564, 1.000, 1.000, 0.000, 0.125, -0.385, -0.736
34.160, -0.809, 0.639, 1.000, 1.000, 0.000, 0.124, -0.438, -0.698
34.180, -0.719, 0.806, 1.000, 1.000, 0.000, 0.123, -0.294, -0.428
34.200, -0.429, 0.924, 1.000, 0.000, 1.000, 0.128, -0.000, -0.000
34.220, 0.028, 0.919, 1.000, 0.000, 1.000, 0.132, -0.000, -0.000
34.240, 0.582, 0.853, 1.000, 0.000, 1.000, 0.134, -0.000, -0.000
34.260, 0.884, 0.663, 1.000, 0.000, 1.000, 0.136, -0.000, -0.000
34.280, 0.934, 0.316, 1.000, 0.000, 1.000, 0.137, 0.000, -0.000
34.300, 0.909, -0.190, 0.000, 0.000, 0.000, 0.132, -0.000, 0.000
34.320, 0.816, -0.708, 0.000, 0.000, 0.000, 0.129, -0.000, 0.000
34.340, 0.578, -0.913, 0.000, 0.000, 0.000, 0.127, -0.000, 0.000
34.360, 0.148, -0.925, 0.000, 0.796, 0.796, 0.130, -0.051, 0.052
34.380, -0.449, -0.870, 0.000, 0.950, 0.950, 0.133, -0.056, 0.062
34.400, -0.840, -0.723, 0.000, 0.000, 0.000, 0.130, -0.000, 0.000
34.420, -0.931, -0.414, 0.000, 0.000, 0.000, 0.128, 0.000, 0.000
34.440, -0.919, 0.053, 1.000, 0.000, 1.000, 0.132, 0.000, -0.000
34.460, -0.849, 0.604, 1.000, 0.000, 1.000, 0.135, -0.000, -0.000
34.480, -0.651, 0.890, 1.000, 0.000, 1.000, 0.137, -0.000, -0.000
34.500, -0.865, 0.286, 1.000, 1.000, 0.000, 0.133, -0.349, -0.395
34.520, -0.916, 0.353, 1.000, 1.000, 0.000, 0.130, -0.015, -0.754
34.540, -0.784, 0.384, 1.000, 1.000, 0.000, 0.128, -0.958, -0.767
34.560, -0.906, 0.492, 1.000, 1.000, 0.000, 0.127, -0.092, -0.687
34.580, -0.757, 0.714, 1.000, 1.000, 0.000, 0.126, -0.437, -0.619
34.600, -0.585, 0.880, 1.000, 1.000, 0.000, 0.125, -0.136, -0.170
34.620, -0.217, 0.926, 1.000, 0.000, 1.000, 0.131, -0.000, -0.000
34.640, 0.315, 0.895, 1.000, 0.000, 1.000, 0.134, -0.000, -0.000
34.660, 0.782, 0.777, 1.000, 0.000, 1.000, 0.136, -0.000, -0.000
34.680, 0.925, 0.505, 1.000, 0.000, 1.000, 0.138, 0.000, -0.000
34.700, 0.927, 0.078, 1.000, 0.000, 1.000, 0.139, 0.000, -0.000
34.720, 0.874, -0.478, 0.000, 0.000, 0.000, 0.134, -0.000, 0.000
34.740, 0.716, -0.852, 0.000, 0.000, 0.000, 0.131, -0.000, 0.000
34.760, 0.399, -0.933, 0.000, 0.000, 0.000, 0.129, -0.000, 0.000
34.780, -0.075, -0.918, 0.000, 0.000, 0.000, 0.128, -0.000, 0.000
34.800, -0.674, -0.816, 0.000, 1.000, 1.000, 0.133, -0.063, 0.084
34.820, -0.911, -0.564, 0.000, 0.759, 0.759, 0.135, -0.002, 0.030
34.840, -0.930, -0.120, 0.000, 1.000, 1.000, 0.137, 0.008, 0.010
34.860, -0.882, 0.435, 1.000, 0.141, 0.859, 0.138, -0.002, -0.004
34.880, -0.735, 0.836, 1.000, 0.000, 1.000, 0.140, -0.000, -0.000
34.900, -0.430, 0.932, 1.000, 0.000, 1.000, 0.141, -0.000, -0.000
34.920, 0.004, 0.916, 1.000, 0.441, 0.559, 0.140, -0.031, -0.031
34.940, -0.706, -0.224, 0.000, 1.000, 1.000, 0.141, -0.973, 0.344
34.960, -0.929, 0.334, 1.000, 1.000, 0.000, 0.137, 0.061, -0.263
34.980, -0.775, 0.727, 1.000, 1.000, 0.000, 0.134, -0.261, -0.406
35.000, -0.666, 0.838, 1.000, 1.000, 0.000, 0.132, -0.284, -0.383
35.020, -0.673, 0.767, 1.000, 1.000, 0.000, 0.131, -0.443, -0.549
35.040, -0.757, 0.678, 1.000, 1.000, 0.000, 0.130, -0.453, -0.607
35.060, -0.754, 0.740, 1.000, 1.000, 0.000, 0.129, -0.386, -0.566
35.080, -0.748, 0.734, 1.000, 1.000, 0.000, 0.129, -0.423, -0.603
35.100, -0.693, 0.801, 1.000, 1.000, 0.000, 0.128, -0.354, -0.480
35.120, -0.539, 0.875, 1.000, 1.000, 0.000, 0.128, -0.221, -0.263
35.140, -0.362, 0.870, 1.000, 1.000, 0.000, 0.127, -0.246, -0.257
35.160, -0.121, 0.847, 1.000, 1.000, 0.000, 0.127, -0.221, -0.211
35.180, 0.336, 0.838, 1.000, 0.897, 0.103, 0.127, -0.054, -0.053
35.200, 0.778, 0.737, 1.000, 0.000, 1.000, 0.133, -0.000, -0.000
35.220, 0.920, 0.465, 1.000, 0.000, 1.000, 0.136, 0.000, -0.000
35.240, 0.922, 0.012, 1.000, 0.397, 0.603, 0.136, 0.001, -0.000
35.260, 0.864, -0.546, 0.000, 1.000, 1.000, 0.138, -0.060, 0.134
35.280, 0.625, -0.809, 0.000, 1.000, 1.000, 0.140, -0.300, 0.364
35.300, -0.146, -0.754, 0.000, 1.000, 1.000, 0.141, -0.635, 0.535
35.320, -0.916, -0.240, 0.000, 1.000, 1.000, 0.142, -0.006, 0.209
35.340, -0.895, 0.280, 1.000, 0.000, 1.000, 0.143, -0.000, -0.000
35.360, -0.787, 0.762, 1.000, 0.000, 1.000, 0.144, -0.000, -0.000
35.380, -0.525, 0.922, 1.000, 0.000, 1.000, 0.145, -0.000, -0.000
35.400, -0.108, 0.929, 1.000, 0.000, 1.000, 0.145, -0.000, -0.000
35.420, 0.446, 0.879, 1.000, 0.000, 1.000, 0.146, -0.000, -0.000
35.440, 0.823, 0.699, 1.000, 0.858, 0.142, 0.141, -0.024, -0.046
35.460, 0.922, 0.356, 1.000, 0.865, 0.135, 0.139, 0.002, -0.022
35.480, 0.912, -0.158, 0.000, 1.000, 1.000, 0.142, -0.003, 0.014
35.500, 0.824, -0.686, 0.000, 0.000, 0.000, 0.138, -0.000, 0.000
35.520, 0.596, -0.909, 0.000, 0.000, 0.000, 0.136, -0.000, 0.000
35.540, 0.213, -0.933, 0.000, 0.000, 0.000, 0.135, -0.000, 0.000
35.560, -0.328, -0.895, 0.000, 0.063, 0.063, 0.134, -0.004, 0.004
35.580, -0.788, -0.774, 0.000, 0.000, 0.000, 0.133, -0.000, 0.000
35.600, -0.928, -0.476, 0.000, 0.518, 0.518, 0.135, 0.003, 0.017
35.620, -0.923, 0.042, 1.000, 1.000, 0.000, 0.134, 0.006, -0.006
35.640, -0.851, 0.594, 1.000, 0.956, 0.044, 0.133, -0.019, -0.040
35.660, -0.695, 0.853, 1.000, 1.000, 0.000, 0.132, -0.147, -0.214
35.680, -0.669, 0.786, 1.000, 1.000, 0.000, 0.131, -0.437, -0.552
35.700, -0.776, 0.638, 1.000, 1.000, 0.000, 0.131, -0.466, -0.626
35.720, -0.839, 0.579, 1.000, 1.000, 0.000, 0.130, -0.381, -0.678
35.740, -0.835, 0.558, 1.000, 1.000, 0.000, 0.130, -0.438, -0.719
35.760, -0.847, 0.539, 1.000, 1.000, 0.000, 0.129, -0.405, -0.716
35.780, -0.837, 0.564, 1.000, 1.000, 0.000, 0.129, -0.429, -0.725
35.800, -0.786, 0.716, 1.000, 1.000, 0.000, 0.129, -0.376, -0.602
35.820, -0.604, 0.885, 1.000, 1.000, 0.000, 0.128, -0.135, -0.174
35.840, -0.240, 0.929, 1.000, 0.000, 1.000, 0.134, -0.000, -0.000
35.860, 0.288, 0.898, 1.000, 0.000, 1.000, 0.138, -0.000, -0.000
35.880, 0.767, 0.786, 1.000, 0.000, 1.000, 0.140, -0.000, -0.000
35.900, 0.923, 0.522, 1.000, 0.000, 1.000, 0.142, 0.000, -0.000
35.920, 0.928, 0.103, 1.000, 0.000, 1.000, 0.143, 0.000, -0.000
35.940, 0.879, -0.452, 0.000, 0.000, 0.000, 0.138, -0.000, 0.000
35.960, 0.727, -0.843, 0.000, 0.000, 0.000, 0.135, -0.000, 0.000
35.980, 0.408, -0.930, 0.000, 0.288, 0.288, 0.134, -0.018, 0.019
36.000, -0.122, -0.907, 0.000, 1.000, 1.000, 0.139, -0.070, 0.070
36.020, -0.682, -0.815, 0.000, 0.658, 0.658, 0.139, -0.031, 0.042
36.040, -0.907, -0.590, 0.000, 0.000, 0.000, 0.136, -0.000, 0.000
36.060, -0.932, -0.206, 0.000, 0.000, 0.000, 0.134, 0.000, 0.000
36.080, -0.895, 0.332, 1.000, 0.000, 1.000, 0.138, -0.000, -0.000
36.100, -0.773, 0.791, 1.000, 0.000, 1.000, 0.141, -0.000, -0.000
36.120, -0.496, 0.926, 1.000, 0.000, 1.000, 0.143, -0.000, -0.000
36.140, -0.871, 0.150, 1.000, 1.000, 0.000, 0.138, -0.335, -0.217
36.160, -0.902, 0.513, 1.000, 1.000, 0.000, 0.136, -0.137, -0.822
36.180, -0.784, 0.451, 1.000, 1.000, 0.000, 0.134, -0.766, -0.726
36.200, -0.887, 0.522, 1.000, 1.000, 0.000, 0.133, -0.200, -0.679
36.220, -0.775, 0.686, 1.000, 1.000, 0.000, 0.132, -0.459, -0.667
36.240, -0.649, 0.851, 1.000, 1.000, 0.000, 0.131, -0.216, -0.288
36.260, -0.319, 0.927, 1.000, 0.000, 1.000, 0.136, -0.000, -0.000
36.280, 0.182, 0.908, 1.000, 0.000, 1.000, 0.140, -0.000, -0.000
36.300, 0.702, 0.817, 1.000, 0.000, 1.000, 0.142, -0.000, -0.000
36.320, 0.912, 0.582, 1.000, 0.000, 1.000, 0.144, -0.000, -0.000
36.340, 0.932, 0.193, 1.000, 0.000, 1.000, 0.145, 0.000, -0.000
36.360, 0.893, -0.348, 0.000, 0.000, 0.000, 0.140, -0.000, 0.000
36.380, 0.767, -0.799, 0.000, 0.000, 0.000, 0.137, -0.000, 0.000
36.400, 0.486, -0.927, 0.000, 0.000, 0.000, 0.135, -0.000, 0.000
36.420, -0.006, -0.916, 0.000, 0.964, 0.964, 0.139, -0.067, 0.067
36.440, -0.629, -0.824, 0.000, 1.000, 1.000, 0.142, -0.081, 0.101
36.460, -0.894, -0.621, 0.000, 0.000, 0.000, 0.139, -0.000, 0.000
36.480, -0.932, -0.256, 0.000, 0.000, 0.000, 0.136, 0.000, 0.000
36.500, -0.901, 0.269, 1.000, 0.000, 1.000, 0.140, -0.000, -0.000
36.520, -0.793, 0.757, 1.000, 0.000, 1.000, 0.143, -0.000, -0.000
36.540, -0.533, 0.922, 1.000, 0.000, 1.000, 0.145, -0.000, -0.000
36.560, -0.120, 0.929, 1.000, 0.000, 1.000, 0.147, -0.000, -0.000
36.580, -0.516, 0.330, 1.000, 1.000, 0.000, 0.142, -0.848, -0.339
36.600, -0.910, 0.381, 1.000, 1.000, 0.000, 0.139, -0.049, -0.468
36.620, -0.788, 0.590, 1.000, 1.000, 0.000, 0.137, -0.580, -0.752
36.640, -0.781, 0.722, 1.000, 1.000, 0.000, 0.135, -0.354, -0.561
36.660, -0.594, 0.888, 1.000, 1.000, 0.000, 0.134, -0.125, -0.159
36.680, -0.223, 0.929, 1.000, 0.000, 1.000, 0.140, -0.000, -0.000
36.700, 0.309, 0.896, 1.000, 0.000, 1.000, 0.143, -0.000, -0.000
36.720, 0.778, 0.780, 1.000, 0.000, 1.000, 0.145, -0.000, -0.000
36.740, 0.925, 0.510, 1.000, 0.000, 1.000, 0.147, 0.000, -0.000
36.760, 0.928, 0.085, 1.000, 0.000, 1.000, 0.148, 0.000, -0.000
36.780, 0.876, -0.472, 0.000, 0.000, 0.000, 0.143, -0.000, 0.000
36.800, 0.719, -0.850, 0.000, 0.000, 0.000, 0.140, -0.000, 0.000
36.820, 0.368, -0.924, 0.000, 0.974, 0.974, 0.144, -0.065, 0.070
36.840, -0.230, -0.888, 0.000, 1.000, 1.000, 0.147, -0.129, 0.131
36.860, -0.766, -0.762, 0.000, 1.000, 1.000, 0.148, -0.047, 0.075
36.880, -0.920, -0.497, 0.000, 0.000, 0.000, 0.144, 0.000, 0.000
36.900, -0.926, -0.070, 0.000, 0.000, 0.000, 0.141, 0.000, 0.000
36.920, -0.873, 0.486, 1.000, 0.000, 1.000, 0.145, -0.000, -0.000
36.940, -0.712, 0.855, 1.000, 0.000, 1.000, 0.148, -0.000, -0.000
36.960, -0.616, 0.840, 1.000, 1.000, 0.000, 0.143, -0.353, -0.440
36.980, -0.962, -0.464, 0.000, 1.000, 1.000, 0.147, 0.892, 1.099
37.000, -0.689, 0.766, 1.000, 1.000, 0.000, 0.143, -1.350, -1.725
37.020, -0.865, 0.404, 1.000, 1.000, 0.000, 0.141, -0.328, -0.537
37.040, -0.815, 0.674, 1.000, 1.000, 0.000, 0.139, -0.333, -0.585
37.060, -0.673, 0.852, 1.000, 1.000, 0.000, 0.138, -0.217, -0.302
37.080, -0.347, 0.929, 1.000, 0.000, 1.000, 0.143, -0.000, -0.000
37.100, 0.145, 0.912, 1.000, 0.000, 1.000, 0.147, -0.000, -0.000
37.120, 0.676, 0.827, 1.000, 0.000, 1.000, 0.149, -0.000, -0.000
37.140, 0.907, 0.603, 1.000, 0.000, 1.000, 0.150, -0.000, -0.000
37.160, 0.933, 0.223, 1.000, 0.000, 1.000, 0.151, 0.000, -0.000
37.180, 0.897, -0.311, 0.000, 0.000, 0.000, 0.146, -0.000, 0.000
37.200, 0.780, -0.780, 0.000, 0.000, 0.000, 0.143, -0.000, 0.000
37.220, 0.509, -0.925, 0.000, 0.000, 0.000, 0.141, -0.000, 0.000
37.240, 0.083, -0.928, 0.000, 0.000, 0.000, 0.140, -0.000, 0.000
37.260, -0.516, -0.861, 0.000, 0.805, 0.805, 0.144, -0.049, 0.056
37.280, -0.871, -0.676, 0.000, 0.500, 0.500, 0.144, -0.008, 0.026
37.300, -0.935, -0.290, 0.000, 1.000, 1.000, 0.148, 0.010, 0.023
37.320, -0.905, 0.239, 1.000, 0.612, 0.388, 0.146, -0.003, -0.011
37.340, -0.802, 0.740, 1.000, 0.000, 1.000, 0.149, -0.000, -0.000
37.360, -0.551, 0.919, 1.000, 0.000, 1.000, 0.151, -0.000, -0.000
37.380, -0.629, 0.732, 1.000, 1.000, 0.000, 0.147, -0.521, -0.567
37.400, -0.922, 0.124, 1.000, 1.000, 0.000, 0.144, 0.053, -0.201
37.420, -0.820, 0.548, 1.000, 1.000, 0.000, 0.142, -0.591, -0.850
37.440, -0.833, 0.615, 1.000, 1.000, 0.000, 0.141, -0.380, -0.686
37.460, -0.791, 0.685, 1.000, 1.000, 0.000, 0.140, -0.424, -0.662
37.480, -0.780, 0.700, 1.000, 1.000, 0.000, 0.139, -0.423, -0.642
37.500, -0.704, 0.806, 1.000, 1.000, 0.000, 0.138, -0.330, -0.462
37.520, -0.656, 0.807, 1.000, 1.000, 0.000, 0.138, -0.384, -0.489
37.540, -0.547, 0.853, 1.000, 1.000, 0.000, 0.137, -0.281, -0.328
37.560, -0.184, 0.916, 1.000, 0.000, 1.000, 0.143, -0.000, -0.000
37.580, 0.350, 0.887, 1.000, 0.000, 1.000, 0.147, -0.000, -0.000
37.600, 0.798, 0.763, 1.000, 0.000, 1.000, 0.149, -0.000, -0.000
37.620, 0.927, 0.482, 1.000, 0.000, 1.000, 0.151, 0.000, -0.000
37.640, 0.925, 0.045, 1.000, 0.000, 1.000, 0.152, 0.000, -0.000
37.660, 0.868, -0.513, 0.000, 0.000, 0.000, 0.147, -0.000, 0.000
37.680, 0.700, -0.864, 0.000, 0.000, 0.000, 0.144, -0.000, 0.000
37.700, 0.373, -0.934, 0.000, 0.000, 0.000, 0.142, -0.000, 0.000
37.720, -0.112, -0.916, 0.000, 0.000, 0.000, 0.140, -0.000, 0.000
37.740, -0.699, -0.807, 0.000, 1.000, 1.000, 0.145, -0.059, 0.081
37.760, -0.913, -0.557, 0.000, 0.399, 0.399, 0.145, -0.001, 0.017
37.780, -0.931, -0.027, 0.000, 1.000, 1.000, 0.148, 0.021, 0.006
37.800, -0.867, 0.533, 1.000, 0.000, 1.000, 0.151, -0.000, -0.000
37.820, -0.694, 0.868, 1.000, 0.231, 0.769, 0.151, -0.011, -0.017
37.840, -0.923, -0.124, 0.000, 1.000, 1.000, 0.152, 0.066, 0.234
37.860, -0.880, 0.425, 1.000, 0.000, 1.000, 0.154, -0.000, -0.000
37.880, -0.738, 0.829, 1.000, 0.238, 0.762, 0.153, -0.011, -0.017
37.900, -0.522, 0.903, 1.000, 1.000, 0.000, 0.148, -0.153, -0.182
37.920, -0.569, 0.757, 1.000, 1.000, 0.000, 0.145, -0.495, -0.518
37.940, -0.585, 0.778, 1.000, 1.000, 0.000, 0.144, -0.376, -0.414
37.960, -0.562, 0.803, 1.000, 1.000, 0.000, 0.142, -0.352, -0.391
37.980, -0.635, 0.736, 1.000, 1.000, 0.000, 0.141, -0.460, -0.508
38.000, -0.775, 0.635, 1.000, 1.000, 0.000, 0.141, -0.449, -0.597
38.020, -0.822, 0.628, 1.000, 1.000, 0.000, 0.140, -0.393, -0.667
38.040, -0.809, 0.640, 1.000, 1.000, 0.000, 0.140, -0.434, -0.692
38.060, -0.784, 0.704, 1.000, 1.000, 0.000, 0.139, -0.408, -0.635
38.080, -0.747, 0.752, 1.000, 1.000, 0.000, 0.139, -0.400, -0.583
38.100, -0.804, 0.618, 1.000, 1.000, 0.000, 0.138, -0.449, -0.667
38.120, -0.819, 0.632, 1.000, 1.000, 0.000, 0.138, -0.407, -0.683
38.140, -0.763, 0.746, 1.000, 1.000, 0.000, 0.138, -0.379, -0.578
38.160, -0.614, 0.868, 1.000, 1.000, 0.000, 0.137, -0.216, -0.278
38.180, -0.293, 0.920, 1.000, 0.632, 0.368, 0.139, -0.042, -0.044
38.200, 0.213, 0.903, 1.000, 0.000, 1.000, 0.144, -0.000, -0.000
38.220, 0.722, 0.807, 1.000, 0.000, 1.000, 0.147, -0.000, -0.000
38.240, 0.915, 0.564, 1.000, 0.000, 1.000, 0.149, -0.000, -0.000
38.260, 0.931, 0.166, 1.000, 0.000, 1.000, 0.151, 0.000, -0.000
38.280, 0.889, -0.380, 0.000, 0.000, 0.000, 0.146, -0.000, 0.000
38.300, 0.756, -0.813, 0.000, 0.000, 0.000, 0.143, -0.000, 0.000
38.320, 0.466, -0.929, 0.000, 0.000, 0.000, 0.141, -0.000, 0.000
38.340, 0.001, -0.921, 0.000, 0.314, 0.314, 0.141, -0.022, 0.022
38.360, -0.614, -0.833, 0.000, 1.000, 1.000, 0.146, -0.071, 0.088
38.380, -0.895, -0.620, 0.000, 0.361, 0.361, 0.145, -0.003, 0.017
38.400, -0.933, -0.212, 0.000, 0.911, 0.911, 0.147, 0.007, 0.014
38.420, -0.896, 0.327, 1.000, 0.089, 0.911, 0.149, -0.001, -0.002
38.440, -0.775, 0.788, 1.000, 0.000, 1.000, 0.151, -0.000, -0.000
38.460, -0.499, 0.926, 1.000, 0.000, 1.000, 0.152, -0.000, -0.000
38.480, -0.821, 0.347, 1.000, 1.000, 0.000, 0.147, -0.495, -0.437
38.500, -0.873, 0.579, 1.000, 1.000, 0.000, 0.144, -0.236, -0.650
38.520, -0.819, 0.469, 1.000, 1.000, 0.000, 0.142, -0.583, -0.701
38.540, -0.911, 0.348, 1.000, 1.000, 0.000, 0.141, -0.062, -0.614
38.560, -0.801, 0.459, 1.000, 1.000, 0.000, 0.140, -0.774, -0.813
38.580, -0.890, 0.496, 1.000, 1.000, 0.000, 0.139, -0.200, -0.696
38.600, -0.767, 0.736, 1.000, 1.000, 0.000, 0.139, -0.366, -0.557
38.620, -0.517, 0.914, 1.000, 0.000, 1.000, 0.144, -0.000, -0.000
38.640, -0.160, 0.916, 1.000, 0.958, 0.042, 0.142, -0.067, -0.068
38.660, 0.139, 0.810, 1.000, 1.000, 0.000, 0.140, -0.257, -0.234
38.680, 0.633, 0.778, 1.000, 0.000, 1.000, 0.145, -0.000, -0.000
38.700, 0.888, 0.578, 1.000, 0.000, 1.000, 0.148, -0.000, -0.000
38.720, 0.927, 0.202, 1.000, 0.000, 1.000, 0.150, 0.000, -0.000
38.740, 0.893, -0.335, 0.000, 0.000, 0.000, 0.146, -0.000, 0.000
38.760, 0.771, -0.792, 0.000, 0.000, 0.000, 0.143, -0.000, 0.000
38.780, 0.491, -0.926, 0.000, 0.077, 0.077, 0.142, -0.005, 0.005
38.800, 0.007, -0.917, 0.000, 0.842, 0.842, 0.145, -0.061, 0.061
38.820, -0.631, -0.821, 0.000, 1.000, 1.000, 0.148, -0.098, 0.122
38.840, -0.895, -0.615, 0.000, 0.042, 0.042, 0.145, -0.000, 0.002
38.860, -0.932, -0.247, 0.000, 0.000, 0.000, 0.142, 0.000, 0.000
38.880, -0.896, 0.332, 1.000, 1.000, 0.000, 0.141, -0.028, -0.077
38.900, -0.780, 0.772, 1.000, 1.000, 0.000, 0.140, -0.072, -0.122
38.920, -0.519, 0.921, 1.000, 0.228, 0.772, 0.143, -0.014, -0.016
38.940, -0.446, 0.831, 1.000, 1.000, 0.000, 0.141, -0.395, -0.413
38.960, -0.059, 0.899, 1.000, 0.000, 1.000, 0.146, -0.000, -0.000
38.980, 0.194, 0.748, 1.000, 1.000, 0.000, 0.143, -0.319, -0.268
39.000, 0.295, 0.473, 1.000, 1.000, 0.000, 0.141, -0.457, -0.236
39.020, 0.220, 0.196, 1.000, 1.000, 0.000, 0.139, -0.518, -0.105
39.040, -0.026, 0.030, 1.000, 1.000, 0.000, 0.138, -0.475, -0.014
39.060, -0.385, 0.048, 1.000, 1.000, 0.000, 0.138, -0.356, -0.019
39.080, -0.467, 0.318, 1.000, 0.000, 1.000, 0.143, -0.000, -0.000
39.100, -0.411, 0.643, 1.000, 0.000, 1.000, 0.147, -0.000, -0.000
39.120, -0.222, 0.805, 1.000, 1.000, 0.000, 0.143, -0.091, -0.084
39.140, 0.232, 0.856, 1.000, 0.000, 1.000, 0.147, -0.000, -0.000
39.160, 0.720, 0.778, 1.000, 0.000, 1.000, 0.149, -0.000, -0.000
39.180, 0.912, 0.537, 1.000, 0.000, 1.000, 0.151, -0.000, -0.000
39.200, 0.928, 0.131, 1.000, 0.000, 1.000, 0.152, 0.000, -0.000
39.220, 0.883, -0.420, 0.000, 0.000, 0.000, 0.147, -0.000, 0.000
39.240, 0.740, -0.829, 0.000, 0.053, 0.053, 0.144, -0.002, 0.004
39.260, 0.434, -0.929, 0.000, 0.169, 0.169, 0.143, -0.011, 0.012
39.280, -0.039, -0.919, 0.000, 0.216, 0.216, 0.142, -0.015, 0.015
39.300, -0.720, -0.774, 0.000, 1.000, 1.000, 0.147, -0.145, 0.203
39.320, -0.928, -0.415, 0.000, 1.000, 1.000, 0.150, 0.013, 0.077
39.340, -0.919, 0.060, 1.000, 0.312, 0.688, 0.150, 0.000, -0.001
39.360, -0.846, 0.593, 1.000, 1.000, 0.000, 0.146, -0.141, -0.275
39.380, -0.671, 0.872, 1.000, 1.000, 0.000, 0.143, -0.067, -0.095
39.400, -0.594, 0.833, 1.000, 1.000, 0.000, 0.142, -0.376, -0.453
39.420, -0.547, 0.818, 1.000, 1.000, 0.000, 0.140, -0.365, -0.408
39.440, -0.536, 0.795, 1.000, 1.000, 0.000, 0.140, -0.390, -0.417
39.460, -0.427, 0.838, 1.000, 1.000, 0.000, 0.139, -0.267, -0.278
39.480, -0.114, 0.879, 1.000, 1.000, 0.000, 0.138, -0.095, -0.093
39.500, 0.315, 0.833, 1.000, 1.000, 0.000, 0.138, -0.107, -0.106
39.520, 0.765, 0.741, 1.000, 0.000, 1.000, 0.143, -0.000, -0.000
39.540, 0.918, 0.475, 1.000, 0.000, 1.000, 0.147, 0.000, -0.000
39.560, 0.923, 0.041, 1.000, 0.000, 1.000, 0.149, 0.000, -0.000
39.580, 0.867, -0.515, 0.000, 0.000, 0.000, 0.145, -0.000, 0.000
39.600, 0.697, -0.864, 0.000, 0.090, 0.090, 0.143, -0.004, 0.006
39.620, 0.358, -0.931, 0.000, 0.301, 0.301, 0.143, -0.020, 0.021
39.640, -0.721, -0.612, 0.000, 1.000, 1.000, 0.147, -0.528, 0.563
39.660, -0.950, 0.067, 1.000, 1.000, 0.000, 0.143, 0.168, -0.044
39.680, -0.858, 0.629, 1.000, 0.000, 1.000, 0.147, -0.000, -0.000
39.700, -0.649, 0.898, 1.000, 0.000, 1.000, 0.150, -0.000, -0.000
39.720, -0.352, 0.922, 1.000, 1.000, 0.000, 0.145, -0.090, -0.096
39.740, -0.138, 0.845, 1.000, 1.000, 0.000, 0.143, -0.283, -0.270
39.760, -0.085, 0.681, 1.000, 1.000, 0.000, 0.141, -0.465, -0.344
39.780, -0.159, 0.563, 1.000, 1.000, 0.000, 0.140, -0.495, -0.299
39.800, -0.250, 0.569, 1.000, 1.000, 0.000, 0.139, -0.405, -0.252
39.820, -0.211, 0.670, 1.000, 1.000, 0.000, 0.138, -0.253, -0.187
39.840, 0.097, 0.776, 1.000, 0.926, 0.074, 0.138, -0.064, -0.055
39.860, 0.581, 0.770, 1.000, 0.000, 1.000, 0.144, -0.000, -0.000
39.880, 0.871, 0.594, 1.000, 0.000, 1.000, 0.147, -0.000, -0.000
39.900, 0.925, 0.234, 1.000, 0.000, 1.000, 0.149, 0.000, -0.000
39.920, 0.897, -0.292, 0.000, 0.000, 0.000, 0.145, -0.000, 0.000
39.940, 0.784, -0.769, 0.000, 0.000, 0.000, 0.142, -0.000, 0.000
39.960, 0.517, -0.922, 0.000, 0.081, 0.081, 0.141, -0.005, 0.006
39.980, 0.087, -0.926, 0.000, 0.158, 0.158, 0.140, -0.011, 0.011
40.000, -0.470, -0.875, 0.000, 0.020, 0.020, 0.139, -0.001, 0.001
40.020, -0.849, -0.719, 0.000, 0.000, 0.000, 0.138, -0.000, 0.000
40.040, -0.933, -0.405, 0.000, 0.000, 0.000, 0.138, 0.000, 0.000
40.060, -0.919, 0.070, 1.000, 0.097, 0.903, 0.142, 0.000, -0.000
40.080, -0.845, 0.617, 1.000, 0.632, 0.368, 0.142, -0.015, -0.030
40.100, -0.732, 0.800, 1.000, 1.000, 0.000, 0.140, -0.303, -0.452
40.120, -0.743, 0.719, 1.000, 1.000, 0.000, 0.138, -0.456, -0.622
40.140, -0.808, 0.625, 1.000, 1.000, 0.000, 0.137, -0.427, -0.657
40.160, -0.821, 0.620, 1.000, 1.000, 0.000, 0.137, -0.415, -0.689
40.180, -0.806, 0.655, 1.000, 1.000, 0.000, 0.136, -0.425, -0.681
40.200, -0.780, 0.707, 1.000, 1.000, 0.000, 0.135, -0.412, -0.635
40.220, -0.725, 0.781, 1.000, 1.000, 0.000, 0.135, -0.371, -0.529
40.240, -0.592, 0.863, 1.000, 1.000, 0.000, 0.135, -0.250, -0.311
40.260, -0.255, 0.920, 1.000, 0.369, 0.631, 0.138, -0.025, -0.025
40.280, 0.262, 0.898, 1.000, 0.000, 1.000, 0.142, -0.000, -0.000
40.300, 0.752, 0.793, 1.000, 0.000, 1.000, 0.145, -0.000, -0.000
40.320, 0.920, 0.536, 1.000, 0.000, 1.000, 0.147, 0.000, -0.000
40.340, 0.929, 0.124, 1.000, 0.000, 1.000, 0.148, 0.000, -0.000
40.360, 0.882, -0.429, 0.000, 0.000, 0.000, 0.143, -0.000, 0.000
40.380, 0.737, -0.834, 0.000, 0.000, 0.000, 0.140, -0.000, 0.000
40.400, 0.432, -0.931, 0.000, 0.049, 0.049, 0.139, -0.003, 0.003
40.420, -0.061, -0.915, 0.000, 0.535, 0.535, 0.140, -0.038, 0.038
40.440, -0.636, -0.833, 0.000, 0.611, 0.611, 0.142, -0.032, 0.040
40.460, -0.897, -0.625, 0.000, 0.000, 0.000, 0.139, -0.000, 0.000
40.480, -0.933, -0.259, 0.000, 0.000, 0.000, 0.138, 0.000, 0.000
40.500, -0.902, 0.265, 1.000, 0.000, 1.000, 0.142, -0.000, -0.000
40.520, -0.805, 0.714, 1.000, 1.000, 0.000, 0.140, -0.145, -0.255
40.540, -0.807, 0.608, 1.000, 1.000, 0.000, 0.138, -0.465, -0.690
40.560, -0.841, 0.567, 1.000, 1.000, 0.000, 0.136, -0.391, -0.693
40.580, -0.832, 0.572, 1.000, 1.000, 0.000, 0.136, -0.434, -0.718
40.600, -0.828, 0.601, 1.000, 1.000, 0.000, 0.135, -0.418, -0.707
40.620, -0.792, 0.693, 1.000, 1.000, 0.000, 0.134, -0.407, -0.647
40.640, -0.704, 0.812, 1.000, 1.000, 0.000, 0.134, -0.319, -0.450
40.660, -0.489, 0.900, 1.000, 1.000, 0.000, 0.133, -0.137, -0.158
40.680, -0.112, 0.913, 1.000, 0.677, 0.323, 0.135, -0.045, -0.046
40.700, 0.371, 0.856, 1.000, 1.000, 0.000, 0.134, -0.069, -0.071
40.720, 0.801, 0.738, 1.000, 0.000, 1.000, 0.139, -0.000, -0.000
40.740, 0.925, 0.453, 1.000, 0.000, 1.000, 0.142, 0.000, -0.000
40.760, 0.922, 0.005, 1.000, 0.000, 1.000, 0.145, 0.000, -0.000
40.780, 0.860, -0.551, 0.000, 0.000, 0.000, 0.140, -0.000, 0.000
40.800, 0.680, -0.876, 0.000, 0.000, 0.000, 0.137, -0.000, 0.000
40.820, 0.334, -0.932, 0.000, 0.206, 0.206, 0.137, -0.013, 0.014
40.840, -0.184, -0.907, 0.000, 0.308, 0.308, 0.137, -0.021, 0.021
40.860, -0.704, -0.816, 0.000, 0.013, 0.013, 0.135, -0.001, 0.001
40.880, -0.917, -0.550, 0.000, 0.740, 0.740, 0.139, 0.000, 0.030
40.900, -0.930, -0.026, 0.000, 1.000, 1.000, 0.142, 0.018, 0.005
40.920, -0.859, 0.541, 1.000, 1.000, 0.000, 0.139, -0.093, -0.191
40.940, -0.736, 0.808, 1.000, 1.000, 0.000, 0.136, -0.223, -0.342
40.960, -0.660, 0.820, 1.000, 1.000, 0.000, 0.135, -0.367, -0.478
40.980, -0.698, 0.738, 1.000, 1.000, 0.000, 0.134, -0.457, -0.571
41.000, -0.770, 0.680, 1.000, 1.000, 0.000, 0.133, -0.436, -0.614
41.020, -0.781, 0.699, 1.000, 1.000, 0.000, 0.133, -0.411, -0.627
41.040, -0.743, 0.758, 1.000, 1.000, 0.000, 0.132, -0.390, -0.568
41.060, -0.733, 0.748, 1.000, 1.000, 0.000, 0.132, -0.422, -0.587
41.080, -0.781, 0.669, 1.000, 1.000, 0.000, 0.131, -0.445, -0.645
41.100, -0.801, 0.662, 1.000, 1.000, 0.000, 0.131, -0.418, -0.662
41.120, -0.776, 0.714, 1.000, 1.000, 0.000, 0.130, -0.410, -0.627
41.140, -0.714, 0.792, 1.000, 1.000, 0.000, 0.130, -0.359, -0.506
41.160, -0.518, 0.893, 1.000, 1.000, 0.000, 0.130, -0.151, -0.178
41.180, -0.205, 0.904, 1.000, 1.000, 0.000, 0.129, -0.105, -0.107
41.200, 0.015, 0.796, 1.000, 1.000, 0.000, 0.129, -0.318, -0.282
41.220, 0.093, 0.597, 1.000, 1.000, 0.000, 0.129, -0.466, -0.297
41.240, 0.103, 0.459, 1.000, 1.000, 0.000, 0.128, -0.432, -0.207
41.260, -0.066, 0.312, 1.000, 1.000, 0.000, 0.128, -0.522, -0.166
41.280, -0.395, 0.301, 1.000, 1.000, 0.000, 0.127, -0.491, -0.164
41.300, -0.420, 0.576, 1.000, 1.000, 0.000, 0.127, -0.098, -0.067
41.320, -0.291, 0.771, 1.000, 1.000, 0.000, 0.127, -0.109, -0.098
41.340, 0.054, 0.840, 1.000, 1.000, 0.000, 0.126, -0.065, -0.061
41.360, 0.551, 0.806, 1.000, 0.421, 0.579, 0.130, -0.022, -0.024
41.380, 0.867, 0.637, 1.000, 0.000, 1.000, 0.134, -0.000, -0.000
41.400, 0.928, 0.294, 1.000, 0.000, 1.000, 0.137, 0.000, -0.000
41.420, 0.905, -0.217, 0.000, 0.000, 0.000, 0.133, -0.000, 0.000
41.440, 0.807, -0.725, 0.000, 0.000, 0.000, 0.130, -0.000, 0.000
41.460, 0.563, -0.916, 0.000, 0.000, 0.000, 0.129, -0.000, 0.000
41.480, 0.147, -0.928, 0.000, 0.339, 0.339, 0.130, -0.022, 0.022
41.500, -0.437, -0.876, 0.000, 0.658, 0.658, 0.132, -0.039, 0.042
41.520, -0.836, -0.730, 0.000, 0.000, 0.000, 0.130, -0.000, 0.000
41.540, -0.931, -0.425, 0.000, 0.000, 0.000, 0.128, 0.000, 0.000
41.560, -0.921, 0.038, 1.000, 0.000, 1.000, 0.133, 0.000, -0.000
41.580, -0.849, 0.581, 1.000, 1.000, 0.000, 0.130, -0.122, -0.242
41.600, -0.672, 0.874, 1.000, 1.000, 0.000, 0.128, -0.046, -0.065
41.620, -0.393, 0.919, 1.000, 1.000, 0.000, 0.127, -0.091, -0.099
41.640, -0.065, 0.886, 1.000, 1.000, 0.000, 0.126, -0.151, -0.149
41.660, 0.275, 0.785, 1.000, 1.000, 0.000, 0.126, -0.220, -0.199
41.680, 0.725, 0.722, 1.000, 0.000, 1.000, 0.131, -0.000, -0.000
41.700, 0.906, 0.476, 1.000, 0.000, 1.000, 0.135, -0.000, -0.000
41.720, 0.921, 0.050, 1.000, 0.000, 1.000, 0.137, 0.000, -0.000
41.740, 0.867, -0.505, 0.000, 0.000, 0.000, 0.133, -0.000, 0.000
41.760, 0.702, -0.861, 0.000, 0.000, 0.000, 0.130, -0.000, 0.000
41.780, 0.377, -0.933, 0.000, 0.014, 0.014, 0.128, -0.001, 0.001
41.800, -0.122, -0.913, 0.000, 0.281, 0.281, 0.129, -0.018, 0.018
41.820, -0.693, -0.812, 0.000, 0.971, 0.971, 0.133, -0.042, 0.059
41.840, -0.909, -0.582, 0.000, 0.000, 0.000, 0.130, -0.000, 0.000
41.860, -0.931, -0.180, 0.000, 0.362, 0.362, 0.130, 0.002, 0.004
41.880, -0.890, 0.368, 1.000, 0.385, 0.615, 0.132, -0.004, -0.010
41.900, -0.764, 0.800, 1.000, 0.912, 0.088, 0.130, -0.032, -0.053
41.920, -0.923, -0.159, 0.000, 1.000, 1.000, 0.134, 0.078, 0.332
41.940, -0.867, 0.627, 1.000, 1.000, 0.000, 0.131, -0.500, -1.362
41.960, -0.852, 0.166, 1.000, 1.000, 0.000, 0.129, -0.574, -0.317
41.980, -0.916, 0.497, 1.000, 1.000, 0.000, 0.127, -0.013, -0.821
42.000, -0.741, 0.644, 1.000, 1.000, 0.000, 0.126, -0.614, -0.734
42.020, -0.677, 0.814, 1.000, 1.000, 0.000, 0.126, -0.260, -0.348
42.040, -0.508, 0.880, 1.000, 1.000, 0.000, 0.125, -0.206, -0.239
42.060, -0.145, 0.912, 1.000, 0.634, 0.366, 0.127, -0.040, -0.040
42.080, 0.283, 0.848, 1.000, 1.000, 0.000, 0.126, -0.120, -0.119
42.100, 0.677, 0.689, 1.000, 1.000, 0.000, 0.125, -0.106, -0.117
42.120, 0.889, 0.466, 1.000, 0.000, 1.000, 0.130, -0.000, -0.000
42.140, 0.916, 0.048, 1.000, 0.000, 1.000, 0.134, -0.000, -0.000
42.160, 0.865, -0.505, 0.000, 0.000, 0.000, 0.130, -0.000, 0.000
42.180, 0.700, -0.861, 0.000, 0.000, 0.000, 0.128, -0.000, 0.000
42.200, 0.376, -0.933, 0.000, 0.000, 0.000, 0.126, -0.000, 0.000
42.220, -0.136, -0.911, 0.000, 0.501, 0.501, 0.128, -0.032, 0.032
42.240, -0.684, -0.819, 0.000, 0.432, 0.432, 0.129, -0.019, 0.025
42.260, -0.908, -0.592, 0.000, 0.000, 0.000, 0.127, -0.000, 0.000
42.280, -0.932, -0.196, 0.000, 0.349, 0.349, 0.128, 0.002, 0.004
42.300, -0.892, 0.353, 1.000, 0.666, 0.334, 0.128, -0.006, -0.015
42.320, -0.770, 0.789, 1.000, 1.000, 0.000, 0.126, -0.044, -0.074
42.340, -0.832, 0.488, 1.000, 1.000, 0.000, 0.125, -0.455, -0.629
42.360, -0.931, 0.099, 1.000, 1.000, 0.000, 0.124, 0.210, -0.222
42.380, -0.782, 0.519, 1.000, 1.000, 0.000, 0.123, -0.983, -1.074
42.400, -0.887, 0.484, 1.000, 1.000, 0.000, 0.123, -0.215, -0.674
42.420, -0.765, 0.755, 1.000, 1.000, 0.000, 0.122, -0.313, -0.488
42.440, -0.506, 0.918, 1.000, 0.000, 1.000, 0.128, -0.000, -0.000
42.460, -0.084, 0.926, 1.000, 0.000, 1.000, 0.132, -0.000, -0.000
42.480, 0.472, 0.875, 1.000, 0.000, 1.000, 0.134, -0.000, -0.000
42.500, 0.850, 0.718, 1.000, 0.000, 1.000, 0.136, -0.000, -0.000
42.520, 0.933, 0.403, 1.000, 0.000, 1.000, 0.137, 0.000, -0.000
42.540, 0.919, -0.070, 0.000, 0.000, 0.000, 0.132, 0.000, 0.000
42.560, 0.845, -0.618, 0.000, 0.000, 0.000, 0.129, -0.000, 0.000
42.580, 0.643, -0.894, 0.000, 0.000, 0.000, 0.127, -0.000, 0.000
42.600, 0.270, -0.931, 0.000, 0.320, 0.320, 0.127, -0.020, 0.020
42.620, -0.329, -0.885, 0.000, 1.000, 1.000, 0.132, -0.088, 0.092
42.640, -0.806, -0.744, 0.000, 0.871, 0.871, 0.134, -0.026, 0.048
42.660, -0.927, -0.456, 0.000, 0.000, 0.000, 0.130, 0.000, 0.000
42.680, -0.923, -0.008, 0.000, 0.035, 0.035, 0.128, 0.000, 0.000
42.700, -0.861, 0.549, 1.000, 0.000, 1.000, 0.132, -0.000, -0.000
42.720, -0.686, 0.871, 1.000, 0.469, 0.531, 0.132, -0.021, -0.030
42.740, -0.674, 0.774, 1.000, 1.000, 0.000, 0.129, -0.450, -0.564
42.760, -0.808, 0.577, 1.000, 1.000, 0.000, 0.127, -0.441, -0.621
42.780, -0.853, 0.546, 1.000, 1.000, 0.000, 0.126, -0.360, -0.693
42.800, -0.834, 0.548, 1.000, 1.000, 0.000, 0.125, -0.454, -0.727
42.820, -0.844, 0.558, 1.000, 1.000, 0.000, 0.125, -0.399, -0.715
42.840, -0.813, 0.639, 1.000, 1.000, 0.000, 0.124, -0.425, -0.694
42.860, -0.748, 0.768, 1.000, 1.000, 0.000, 0.124, -0.355, -0.533
42.880, -0.577, 0.882, 1.000, 1.000, 0.000, 0.123, -0.185, -0.229
42.900, -0.205, 0.926, 1.000, 0.000, 1.000, 0.129, -0.000, -0.000
42.920, 0.268, 0.878, 1.000, 1.000, 0.000, 0.126, -0.066, -0.067
42.940, 0.750, 0.780, 1.000, 0.000, 1.000, 0.131, -0.000, -0.000
42.960, 0.919, 0.525, 1.000, 0.000, 1.000, 0.134, 0.000, -0.000
42.980, 0.928, 0.109, 1.000, 0.000, 1.000, 0.136, 0.000, -0.000
43.000, 0.879, -0.445, 0.000, 0.000, 0.000, 0.131, -0.000, 0.000
43.020, 0.730, -0.840, 0.000, 0.000, 0.000, 0.128, -0.000, 0.000
43.040, 0.419, -0.931, 0.000, 0.130, 0.130, 0.127, -0.007, 0.008
43.060, -0.111, -0.908, 0.000, 1.000, 1.000, 0.132, -0.074, 0.074
43.080, -0.701, -0.800, 0.000, 1.000, 1.000, 0.135, -0.064, 0.088
43.100, -0.910, -0.567, 0.000, 0.000, 0.000, 0.131, -0.000, 0.000
43.120, -0.930, -0.174, 0.000, 0.000, 0.000, 0.128, 0.000, 0.000
43.140, -0.890, 0.371, 1.000, 0.000, 1.000, 0.132, -0.000, -0.000
43.160, -0.759, 0.809, 1.000, 0.000, 1.000, 0.135, -0.000, -0.000
43.180, -0.762, 0.687, 1.000, 1.000, 0.000, 0.131, -0.468, -0.647
43.200, -0.859, 0.482, 1.000, 1.000, 0.000, 0.129, -0.348, -0.630
43.220, -0.863, 0.449, 1.000, 1.000, 0.000, 0.127, -0.403, -0.709
43.240, -0.862, 0.474, 1.000, 1.000, 0.000, 0.126, -0.399, -0.735
43.260, -0.837, 0.570, 1.000, 1.000, 0.000, 0.125, -0.428, -0.732
43.280, -0.777, 0.731, 1.000, 1.000, 0.000, 0.125, -0.365, -0.576
43.300, -0.566, 0.900, 1.000, 1.000, 0.000, 0.124, -0.080, -0.099
43.320, -0.178, 0.928, 1.000, 0.000, 1.000, 0.130, -0.000, -0.000
43.340, 0.364, 0.890, 1.000, 0.000, 1.000, 0.133, -0.000, -0.000
43.360, 0.806, 0.761, 1.000, 0.000, 1.000, 0.135, -0.000, -0.000
43.380, 0.928, 0.476, 1.000, 0.000, 1.000, 0.137, 0.000, -0.000
43.400, 0.925, 0.035, 1.000, 0.000, 1.000, 0.138, 0.000, -0.000
43.420, 0.866, -0.523, 0.000, 0.000, 0.000, 0.133, -0.000, 0.000
43.440, 0.695, -0.867, 0.000, 0.000, 0.000, 0.130, -0.000, 0.000
43.460, 0.325, -0.924, 0.000, 1.000, 1.000, 0.134, -0.068, 0.072
43.480, -0.272, -0.886, 0.000, 1.000, 1.000, 0.137, -0.110, 0.113
43.500, -0.771, -0.768, 0.000, 0.603, 0.603, 0.136, -0.021, 0.035
43.520, -0.922, -0.501, 0.000, 0.000, 0.000, 0.133, 0.000, 0.000
43.540, -0.926, -0.074, 0.000, 0.000, 0.000, 0.130, 0.000, 0.000
43.560, -0.873, 0.483, 1.000, 0.000, 1.000, 0.135, -0.000, -0.000
43.580, -0.747, 0.802, 1.000, 1.000, 0.000, 0.131, -0.182, -0.286
43.600, -0.845, 0.437, 1.000, 1.000, 0.000, 0.129, -0.417, -0.579
43.620, -0.884, 0.450, 1.000, 1.000, 0.000, 0.128, -0.274, -0.717
43.640, -0.833, 0.485, 1.000, 1.000, 0.000, 0.127, -0.543, -0.755
43.660, -0.853, 0.570, 1.000, 1.000, 0.000, 0.126, -0.352, -0.710
43.680, -0.767, 0.745, 1.000, 1.000, 0.000, 0.126, -0.364, -0.564
43.700, -0.553, 0.901, 1.000, 1.000, 0.000, 0.125, -0.084, -0.103
43.720, -0.160, 0.927, 1.000, 0.000, 1.000, 0.131, -0.000, -0.000
43.740, 0.386, 0.887, 1.000, 0.000, 1.000, 0.135, -0.000, -0.000
43.760, 0.815, 0.753, 1.000, 0.000, 1.000, 0.137, -0.000, -0.000
43.780, 0.929, 0.462, 1.000, 0.000, 1.000, 0.139, 0.000, -0.000
43.800, 0.924, 0.014, 1.000, 0.000, 1.000, 0.140, 0.000, -0.000
43.820, 0.863, -0.543, 0.000, 0.000, 0.000, 0.135, -0.000, 0.000
43.840, 0.685, -0.873, 0.000, 0.019, 0.019, 0.132, -0.001, 0.001
43.860, 0.303, -0.923, 0.000, 1.000, 1.000, 0.136, -0.077, 0.081
43.880, -0.304, -0.882, 0.000, 1.000, 1.000, 0.138, -0.111, 0.115
43.900, -0.783, -0.762, 0.000, 0.412, 0.412, 0.137, -0.014, 0.024
43.920, -0.924, -0.489, 0.000, 0.000, 0.000, 0.133, 0.000, 0.000
43.940, -0.925, -0.056, 0.000, 0.000, 0.000, 0.131, 0.000, 0.000
43.960, -0.870, 0.501, 1.000, 0.000, 1.000, 0.136, -0.000, -0.000
43.980, -0.748, 0.796, 1.000, 1.000, 0.000, 0.133, -0.216, -0.339
44.000, -0.856, 0.392, 1.000, 1.000, 0.000, 0.131, -0.387, -0.541
44.020, -0.882, 0.461, 1.000, 1.000, 0.000, 0.129, -0.288, -0.744
44.040, -0.835, 0.474, 1.000, 1.000, 0.000, 0.128, -0.543, -0.747
44.060, -0.853, 0.575, 1.000, 1.000, 0.000, 0.128, -0.349, -0.709
44.080, -0.761, 0.757, 1.000, 1.000, 0.000, 0.127, -0.351, -0.541
44.100, -0.525, 0.910, 1.000, 0.936, 0.064, 0.127, -0.050, -0.059
44.120, -0.115, 0.926, 1.000, 0.000, 1.000, 0.133, -0.000, -0.000
44.140, 0.437, 0.880, 1.000, 0.000, 1.000, 0.136, -0.000, -0.000
44.160, 0.837, 0.733, 1.000, 0.000, 1.000, 0.138, -0.000, -0.000
44.180, 0.932, 0.427, 1.000, 0.000, 1.000, 0.140, 0.000, -0.000
44.200, 0.921, -0.035, 0.000, 0.000, 0.000, 0.135, 0.000, 0.000
44.220, 0.853, -0.588, 0.000, 0.000, 0.000, 0.132, -0.000, 0.000
44.240, 0.659, -0.885, 0.000, 0.091, 0.091, 0.131, -0.004, 0.006
44.260, 0.260, -0.923, 0.000, 1.000, 1.000, 0.135, -0.079, 0.082
44.280, -0.358, -0.875, 0.000, 1.000, 1.000, 0.138, -0.108, 0.113
44.300, -0.803, -0.749, 0.000, 0.164, 0.164, 0.135, -0.005, 0.009
44.320, -0.927, -0.464, 0.000, 0.000, 0.000, 0.133, 0.000, 0.000
44.340, -0.924, -0.020, 0.000, 0.000, 0.000, 0.131, 0.000, 0.000
44.360, -0.863, 0.537, 1.000, 0.000, 1.000, 0.135, -0.000, -0.000
44.380, -0.737, 0.808, 1.000, 1.000, 0.000, 0.133, -0.222, -0.341
44.400, -0.860, 0.372, 1.000, 1.000, 0.000, 0.131, -0.375, -0.517
44.420, -0.883, 0.464, 1.000, 1.000, 0.000, 0.129, -0.286, -0.755
44.440, -0.833, 0.478, 1.000, 1.000, 0.000, 0.129, -0.550, -0.748
44.460, -0.851, 0.580, 1.000, 1.000, 0.000, 0.128, -0.349, -0.705
44.480, -0.756, 0.764, 1.000, 1.000, 0.000, 0.127, -0.343, -0.526
44.500, -0.510, 0.913, 1.000, 0.684, 0.316, 0.129, -0.037, -0.044
44.520, -0.093, 0.925, 1.000, 0.000, 1.000, 0.134, -0.000, -0.000
44.540, 0.461, 0.876, 1.000, 0.000, 1.000, 0.137, -0.000, -0.000
44.560, 0.846, 0.723, 1.000, 0.000, 1.000, 0.139, -0.000, -0.000
44.580, 0.932, 0.411, 1.000, 0.000, 1.000, 0.141, 0.000, -0.000
44.600, 0.919, -0.059, 0.000, 0.000, 0.000, 0.136, 0.000, 0.000
44.620, 0.847, -0.609, 0.000, 0.000, 0.000, 0.133, -0.000, 0.000
44.640, 0.647, -0.891, 0.000, 0.102, 0.102, 0.131, -0.005, 0.007
44.660, 0.239, -0.923, 0.000, 1.000, 1.000, 0.136, -0.078, 0.080
44.680, -0.384, -0.872, 0.000, 1.000, 1.000, 0.139, -0.108, 0.115
44.700, -0.813, -0.742, 0.000, 0.076, 0.076, 0.135, -0.002, 0.004
44.720, -0.928, -0.451, 0.000, 0.000, 0.000, 0.133, 0.000, 0.000
44.740, -0.922, -0.000, 0.000, 0.000, 0.000, 0.131, 0.000, 0.000
44.760, -0.860, 0.556, 1.000, 0.000, 1.000, 0.136, -0.000, -0.000
44.780, -0.723, 0.826, 1.000, 1.000, 0.000, 0.133, -0.191, -0.289
44.800, -0.855, 0.383, 1.000, 1.000, 0.000, 0.131, -0.388, -0.522
44.820, -0.886, 0.454, 1.000, 1.000, 0.000, 0.130, -0.263, -0.745
44.840, -0.828, 0.487, 1.000, 1.000, 0.000, 0.129, -0.566, -0.757
44.860, -0.850, 0.586, 1.000, 1.000, 0.000, 0.128, -0.347, -0.699
44.880, -0.750, 0.775, 1.000, 1.000, 0.000, 0.128, -0.330, -0.504
44.900, -0.490, 0.918, 1.000, 0.339, 0.661, 0.131, -0.019, -0.022
44.920, -0.062, 0.924, 1.000, 0.000, 1.000, 0.135, -0.000, -0.000
44.940, 0.495, 0.871, 1.000, 0.000, 1.000, 0.138, -0.000, -0.000
44.960, 0.858, 0.708, 1.000, 0.000, 1.000, 0.140, -0.000, -0.000
44.980, 0.933, 0.386, 1.000, 0.000, 1.000, 0.141, 0.000, -0.000
45.000, 0.917, -0.093, 0.000, 0.000, 0.000, 0.136, -0.000, 0.000
45.020, 0.840, -0.638, 0.000, 0.000, 0.000, 0.133, -0.000, 0.000
45.040, 0.628, -0.897, 0.000, 0.167, 0.167, 0.132, -0.008, 0.011
45.060, 0.205, -0.922, 0.000, 1.000, 1.000, 0.137, -0.083, 0.085
45.080, -0.424, -0.865, 0.000, 1.000, 1.000, 0.140, -0.107, 0.115
45.100, -0.828, -0.727, 0.000, 0.000, 0.000, 0.136, -0.000, 0.000
45.120, -0.929, -0.426, 0.000, 0.000, 0.000, 0.133, 0.000, 0.000
45.140, -0.920, 0.036, 1.000, 0.000, 1.000, 0.137, 0.000, -0.000
45.160, -0.852, 0.589, 1.000, 0.000, 1.000, 0.140, -0.000, -0.000
45.180, -0.745, 0.783, 1.000, 1.000, 0.000, 0.136, -0.311, -0.472
45.200, -0.870, 0.342, 1.000, 1.000, 0.000, 0.134, -0.334, -0.490
45.220, -0.880, 0.457, 1.000, 1.000, 0.000, 0.132, -0.314, -0.774
45.240, -0.839, 0.472, 1.000, 1.000, 0.000, 0.131, -0.527, -0.745
45.260, -0.849, 0.583, 1.000, 1.000, 0.000, 0.130, -0.358, -0.707
45.280, -0.753, 0.772, 1.000, 1.000, 0.000, 0.129, -0.331, -0.507
45.300, -0.490, 0.919, 1.000, 0.215, 0.785, 0.133, -0.012, -0.014
45.320, -0.062, 0.925, 1.000, 0.000, 1.000, 0.137, -0.000, -0.000
45.340, 0.495, 0.871, 1.000, 0.000, 1.000, 0.140, -0.000, -0.000
45.360, 0.858, 0.708, 1.000, 0.000, 1.000, 0.142, -0.000, -0.000
45.380, 0.933, 0.386, 1.000, 0.000, 1.000, 0.143, 0.000, -0.000
45.400, 0.917, -0.093, 0.000, 0.000, 0.000, 0.138, -0.000, 0.000
45.420, 0.840, -0.637, 0.000, 0.000, 0.000, 0.135, -0.000, 0.000
45.440, 0.627, -0.896, 0.000, 0.250, 0.250, 0.135, -0.012, 0.017
45.460, 0.202, -0.921, 0.000, 1.000, 1.000, 0.139, -0.087, 0.089
45.480, -0.429, -0.864, 0.000, 1.000, 1.000, 0.141, -0.107, 0.115
45.500, -0.830, -0.725, 0.000, 0.000, 0.000, 0.137, -0.000, 0.000
45.520, -0.930, -0.422, 0.000, 0.000, 0.000, 0.135, 0.000, 0.000
45.540, -0.920, 0.041, 1.000, 0.000, 1.000, 0.139, 0.000, -0.000
45.560, -0.851, 0.593, 1.000, 0.000, 1.000, 0.142, -0.000, -0.000
45.580, -0.714, 0.830, 1.000, 1.000, 0.000, 0.138, -0.213, -0.316
45.600, -0.871, 0.300, 1.000, 1.000, 0.000, 0.135, -0.328, -0.431
45.620, -0.884, 0.474, 1.000, 1.000, 0.000, 0.134, -0.284, -0.794
45.640, -0.829, 0.469, 1.000, 1.000, 0.000, 0.132, -0.571, -0.741
45.660, -0.855, 0.578, 1.000, 1.000, 0.000, 0.132, -0.334, -0.701
45.680, -0.753, 0.770, 1.000, 1.000, 0.000, 0.131, -0.335, -0.513
45.700, -0.495, 0.918, 1.000, 0.298, 0.702, 0.135, -0.017, -0.020
45.720, -0.068, 0.925, 1.000, 0.000, 1.000, 0.139, -0.000, -0.000
45.740, 0.488, 0.872, 1.000, 0.000, 1.000, 0.141, -0.000, -0.000
45.760, 0.855, 0.711, 1.000, 0.000, 1.000, 0.143, -0.000, -0.000
45.780, 0.933, 0.392, 1.000, 0.000, 1.000, 0.145, 0.000, -0.000
45.800, 0.917, -0.086, 0.000, 0.000, 0.000, 0.140, 0.000, 0.000
45.820, 0.841, -0.632, 0.000, 0.000, 0.000, 0.137, -0.000, 0.000
45.840, 0.631, -0.895, 0.000, 0.206, 0.206, 0.136, -0.010, 0.014
45.860, 0.211, -0.922, 0.000, 1.000, 1.000, 0.140, -0.084, 0.086
45.880, -0.421, -0.865, 0.000, 1.000, 1.000, 0.143, -0.111, 0.119
45.900, -0.827, -0.728, 0.000, 0.000, 0.000, 0.139, -0.000, 0.000
45.920, -0.929, -0.428, 0.000, 0.000, 0.000, 0.136, 0.000, 0.000
45.940, -0.920, 0.033, 1.000, 0.000, 1.000, 0.141, 0.000, -0.000
45.960, -0.853, 0.586, 1.000, 0.000, 1.000, 0.143, -0.000, -0.000
45.980, -0.686, 0.864, 1.000, 1.000, 0.000, 0.139, -0.097, -0.140
46.000, -0.878, 0.234, 1.000, 1.000, 0.000, 0.137, -0.297, -0.345
46.020, -0.885, 0.494, 1.000, 1.000, 0.000, 0.135, -0.273, -0.826
46.040, -0.821, 0.479, 1.000, 1.000, 0.000, 0.134, -0.595, -0.740
46.060, -0.851, 0.594, 1.000, 1.000, 0.000, 0.133, -0.331, -0.687
46.080, -0.740, 0.791, 1.000, 1.000, 0.000, 0.132, -0.307, -0.465
46.100, -0.460, 0.923, 1.000, 0.000, 1.000, 0.138, -0.000, -0.000
46.120, -0.016, 0.922, 1.000, 0.000, 1.000, 0.141, -0.000, -0.000
46.140, 0.540, 0.862, 1.000, 0.000, 1.000, 0.144, -0.000, -0.000
46.160, 0.872, 0.686, 1.000, 0.000, 1.000, 0.145, -0.000, -0.000
46.180, 0.934, 0.351, 1.000, 0.000, 1.000, 0.147, 0.000, -0.000
46.200, 0.913, -0.142, 0.000, 0.000, 0.000, 0.142, -0.000, 0.000
46.220, 0.828, -0.675, 0.000, 0.000, 0.000, 0.138, -0.000, 0.000
46.240, 0.600, -0.904, 0.000, 0.268, 0.268, 0.138, -0.014, 0.018
46.260, 0.155, -0.919, 0.000, 1.000, 1.000, 0.142, -0.091, 0.093
46.280, -0.487, -0.853, 0.000, 1.000, 1.000, 0.145, -0.109, 0.121
46.300, -0.851, -0.698, 0.000, 0.000, 0.000, 0.141, -0.000, 0.000
46.320, -0.931, -0.379, 0.000, 0.000, 0.000, 0.138, 0.000, 0.000
46.340, -0.916, 0.103, 1.000, 0.000, 1.000, 0.142, -0.000, -0.000
46.360, -0.837, 0.645, 1.000, 0.000, 1.000, 0.145, -0.000, -0.000
46.380, -0.705, 0.830, 1.000, 1.000, 0.000, 0.141, -0.255, -0.370
46.400, -0.885, 0.220, 1.000, 1.000, 0.000, 0.138, -0.256, -0.333
46.420, -0.880, 0.492, 1.000, 1.000, 0.000, 0.137, -0.322, -0.848
46.440, -0.832, 0.462, 1.000, 1.000, 0.000, 0.136, -0.557, -0.730
46.460, -0.850, 0.592, 1.000, 1.000, 0.000, 0.135, -0.340, -0.694
46.480, -0.741, 0.790, 1.000, 1.000, 0.000, 0.134, -0.308, -0.466
46.500, -0.462, 0.923, 1.000, 0.000, 1.000, 0.140, -0.000, -0.000
46.520, -0.019, 0.923, 1.000, 0.000, 1.000, 0.143, -0.000, -0.000
46.540, 0.537, 0.863, 1.000, 0.000, 1.000, 0.145, -0.000, -0.000
46.560, 0.871, 0.687, 1.000, 0.000, 1.000, 0.147, -0.000, -0.000
46.580, 0.934, 0.354, 1.000, 0.000, 1.000, 0.148, 0.000, -0.000
46.600, 0.913, -0.139, 0.000, 0.000, 0.000, 0.143, -0.000, 0.000
46.620, 0.829, -0.673, 0.000, 0.000, 0.000, 0.140, -0.000, 0.000
46.640, 0.602, -0.904, 0.000, 0.270, 0.270, 0.140, -0.014, 0.019
46.660, 0.155, -0.919, 0.000, 1.000, 1.000, 0.144, -0.094, 0.095
46.680, -0.489, -0.852, 0.000, 1.000, 1.000, 0.146, -0.113, 0.125
46.700, -0.852, -0.696, 0.000, 0.000, 0.000, 0.142, -0.000, 0.000
46.720, -0.931, -0.376, 0.000, 0.000, 0.000, 0.140, 0.000, 0.000
46.740, -0.915, 0.106, 1.000, 0.000, 1.000, 0.144, -0.000, -0.000
46.760, -0.836, 0.647, 1.000, 0.000, 1.000, 0.147, -0.000, -0.000
46.780, -0.704, 0.831, 1.000, 1.000, 0.000, 0.143, -0.255, -0.369
46.800, -0.886, 0.214, 1.000, 1.000, 0.000, 0.140, -0.250, -0.324
46.820, -0.880, 0.492, 1.000, 1.000, 0.000, 0.138, -0.324, -0.855
46.840, -0.833, 0.456, 1.000, 1.000, 0.000, 0.137, -0.559, -0.726
46.860, -0.853, 0.587, 1.000, 1.000, 0.000, 0.136, -0.336, -0.698
46.880, -0.744, 0.786, 1.000, 1.000, 0.000, 0.136, -0.312, -0.474
46.900, -0.467, 0.923, 1.000, 0.000, 1.000, 0.141, -0.000, -0.000
46.920, -0.027, 0.923, 1.000, 0.000, 1.000, 0.145, -0.000, -0.000
46.940, 0.530, 0.864, 1.000, 0.000, 1.000, 0.147, -0.000, -0.000
46.960, 0.869, 0.691, 1.000, 0.000, 1.000, 0.149, -0.000, -0.000
46.980, 0.934, 0.359, 1.000, 0.000, 1.000, 0.150, 0.000, -0.000
47.000, 0.914, -0.131, 0.000, 0.000, 0.000, 0.145, -0.000, 0.000
47.020, 0.831, -0.667, 0.000, 0.000, 0.000, 0.142, -0.000, 0.000
47.040, 0.606, -0.902, 0.000, 0.288, 0.288, 0.141, -0.016, 0.020
47.060, 0.162, -0.919, 0.000, 1.000, 1.000, 0.145, -0.094, 0.095
47.080, -0.481, -0.853, 0.000, 1.000, 1.000, 0.148, -0.113, 0.125
47.100, -0.849, -0.700, 0.000, 0.000, 0.000, 0.144, -0.000, 0.000
47.120, -0.931, -0.382, 0.000, 0.000, 0.000, 0.141, 0.000, 0.000
47.140, -0.916, 0.098, 1.000, 0.000, 1.000, 0.146, -0.000, -0.000
47.160, -0.838, 0.641, 1.000, 0.000, 1.000, 0.148, -0.000, -0.000
47.180, -0.700, 0.837, 1.000, 1.000, 0.000, 0.144, -0.234, -0.338
47.200, -0.882, 0.233, 1.000, 1.000, 0.000, 0.142, -0.273, -0.348
47.220, -0.883, 0.484, 1.000, 1.000, 0.000, 0.140, -0.303, -0.843
47.240, -0.831, 0.451, 1.000, 1.000, 0.000, 0.139, -0.576, -0.728
47.260, -0.858, 0.574, 1.000, 1.000, 0.000, 0.138, -0.324, -0.703
47.280, -0.751, 0.774, 1.000, 1.000, 0.000, 0.137, -0.327, -0.501
47.300, -0.482, 0.921, 1.000, 0.000, 1.000, 0.143, -0.000, -0.000
47.320, -0.048, 0.924, 1.000, 0.000, 1.000, 0.146, -0.000, -0.000
47.340, 0.509, 0.868, 1.000, 0.000, 1.000, 0.149, -0.000, -0.000
47.360, 0.862, 0.701, 1.000, 0.000, 1.000, 0.150, -0.000, -0.000
47.380, 0.933, 0.376, 1.000, 0.000, 1.000, 0.151, 0.000, -0.000
47.400, 0.916, -0.108, 0.000, 0.000, 0.000, 0.146, -0.000, 0.000
47.420, 0.836, -0.649, 0.000, 0.000, 0.000, 0.143, -0.000, 0.000
47.440, 0.619, -0.899, 0.000, 0.236, 0.236, 0.143, -0.013, 0.017
47.460, 0.183, -0.920, 0.000, 1.000, 1.000, 0.147, -0.094, 0.096
47.480, -0.460, -0.857, 0.000, 1.000, 1.000, 0.150, -0.117, 0.128
47.500, -0.842, -0.710, 0.000, 0.000, 0.000, 0.145, -0.000, 0.000
47.520, -0.930, -0.398, 0.000, 0.000, 0.000, 0.143, 0.000, 0.000
47.540, -0.918, 0.075, 1.000, 0.000, 1.000, 0.147, 0.000, -0.000
47.560, -0.844, 0.623, 1.000, 0.000, 1.000, 0.150, -0.000, -0.000
47.580, -0.712, 0.827, 1.000, 1.000, 0.000, 0.146, -0.245, -0.360
47.600, -0.877, 0.269, 1.000, 1.000, 0.000, 0.143, -0.298, -0.395
47.620, -0.885, 0.468, 1.000, 1.000, 0.000, 0.141, -0.293, -0.821
47.640, -0.833, 0.447, 1.000, 1.000, 0.000, 0.140, -0.578, -0.732
47.660, -0.862, 0.563, 1.000, 1.000, 0.000, 0.139, -0.319, -0.709
47.680, -0.758, 0.763, 1.000, 1.000, 0.000, 0.139, -0.341, -0.524
47.700, -0.499, 0.918, 1.000, 0.157, 0.843, 0.143, -0.010, -0.011
47.720, -0.075, 0.925, 1.000, 0.000, 1.000, 0.147, -0.000, -0.000
47.740, 0.481, 0.873, 1.000, 0.000, 1.000, 0.150, -0.000, -0.000
47.760, 0.853, 0.714, 1.000, 0.000, 1.000, 0.151, -0.000, -0.000
47.780, 0.933, 0.396, 1.000, 0.000, 1.000, 0.153, 0.000, -0.000
47.800, 0.918, -0.079, 0.000, 0.000, 0.000, 0.148, 0.000, 0.000
47.820, 0.843, -0.626, 0.000, 0.000, 0.000, 0.144, -0.000, 0.000
47.840, 0.635, -0.894, 0.000, 0.215, 0.215, 0.144, -0.011, 0.015
47.860, 0.212, -0.921, 0.000, 1.000, 1.000, 0.148, -0.091, 0.093
47.880, -0.426, -0.863, 0.000, 1.000, 1.000, 0.151, -0.118, 0.126
47.900, -0.829, -0.725, 0.000, 0.000, 0.000, 0.147, -0.000, 0.000
47.920, -0.929, -0.423, 0.000, 0.000, 0.000, 0.144, 0.000, 0.000
47.940, -0.920, 0.039, 1.000, 0.000, 1.000, 0.148, 0.000, -0.000
47.960, -0.851, 0.592, 1.000, 0.000, 1.000, 0.151, -0.000, -0.000
47.980, -0.716, 0.827, 1.000, 1.000, 0.000, 0.147, -0.219, -0.325
48.000, -0.880, 0.247, 1.000, 1.000, 0.000, 0.144, -0.285, -0.369
48.020, -0.885, 0.472, 1.000, 1.000, 0.000, 0.143, -0.294, -0.839
48.040, -0.834, 0.428, 1.000, 1.000, 0.000, 0.141, -0.590, -0.719
48.060, -0.868, 0.550, 1.000, 1.000, 0.000, 0.141, -0.299, -0.715
48.080, -0.762, 0.752, 1.000, 1.000, 0.000, 0.140, -0.353, -0.544
48.100, -0.515, 0.914, 1.000, 0.366, 0.634, 0.143, -0.022, -0.026
48.120, -0.099, 0.926, 1.000, 0.000, 1.000, 0.147, -0.000, -0.000
48.140, 0.455, 0.877, 1.000, 0.000, 1.000, 0.150, -0.000, -0.000
48.160, 0.844, 0.725, 1.000, 0.000, 1.000, 0.152, -0.000, -0.000
48.180, 0.932, 0.415, 1.000, 0.000, 1.000, 0.153, 0.000, -0.000
48.200, 0.920, -0.053, 0.000, 0.000, 0.000, 0.148, 0.000, 0.000
48.220, 0.849, -0.604, 0.000, 0.000, 0.000, 0.145, -0.000, 0.000
48.240, 0.649, -0.889, 0.000, 0.168, 0.168, 0.144, -0.009, 0.012
48.260, 0.236, -0.921, 0.000, 1.000, 1.000, 0.149, -0.089, 0.092
48.280, -0.396, -0.868, 0.000, 1.000, 1.000, 0.152, -0.118, 0.125
48.300, -0.817, -0.737, 0.000, 0.033, 0.033, 0.148, -0.001, 0.002
48.320, -0.928, -0.443, 0.000, 0.000, 0.000, 0.145, 0.000, 0.000
48.340, -0.922, 0.011, 1.000, 0.000, 1.000, 0.149, 0.000, -0.000
48.360, -0.857, 0.566, 1.000, 0.000, 1.000, 0.152, -0.000, -0.000
48.380, -0.726, 0.820, 1.000, 1.000, 0.000, 0.148, -0.217, -0.327
48.400, -0.881, 0.248, 1.000, 1.000, 0.000, 0.145, -0.285, -0.373
48.420, -0.885, 0.467, 1.000, 1.000, 0.000, 0.144, -0.294, -0.841
48.440, -0.836, 0.416, 1.000, 1.000, 0.000, 0.142, -0.593, -0.713
48.460, -0.872, 0.538, 1.000, 1.000, 0.000, 0.142, -0.287, -0.721
48.480, -0.767, 0.740, 1.000, 1.000, 0.000, 0.141, -0.368, -0.566
48.500, -0.535, 0.908, 1.000, 0.714, 0.286, 0.142, -0.042, -0.051
48.520, -0.130, 0.927, 1.000, 0.000, 1.000, 0.147, -0.000, -0.000
48.540, 0.420, 0.882, 1.000, 0.000, 1.000, 0.150, -0.000, -0.000
48.560, 0.830, 0.740, 1.000, 0.000, 1.000, 0.152, -0.000, -0.000
48.580, 0.931, 0.439, 1.000, 0.000, 1.000, 0.154, 0.000, -0.000
48.600, 0.922, -0.018, 0.000, 0.000, 0.000, 0.149, 0.000, 0.000
48.620, 0.856, -0.573, 0.000, 0.000, 0.000, 0.146, -0.000, 0.000
48.640, 0.668, -0.881, 0.000, 0.056, 0.056, 0.144, -0.003, 0.004
48.660, 0.270, -0.922, 0.000, 1.000, 1.000, 0.149, -0.084, 0.088
48.680, -0.354, -0.874, 0.000, 1.000, 1.000, 0.152, -0.120, 0.125
48.700, -0.803, -0.747, 0.000, 0.229, 0.229, 0.149, -0.008, 0.014
48.720, -0.926, -0.462, 0.000, 0.000, 0.000, 0.146, 0.000, 0.000
48.740, -0.923, -0.017, 0.000, 0.000, 0.000, 0.144, 0.000, 0.000
48.760, -0.863, 0.540, 1.000, 0.000, 1.000, 0.149, -0.000, -0.000
48.780, -0.735, 0.811, 1.000, 1.000, 0.000, 0.146, -0.218, -0.334
48.800, -0.878, 0.268, 1.000, 1.000, 0.000, 0.144, -0.302, -0.403
48.820, -0.886, 0.459, 1.000, 1.000, 0.000, 0.143, -0.289, -0.828
48.840, -0.836, 0.419, 1.000, 1.000, 0.000, 0.142, -0.593, -0.720
48.860, -0.872, 0.536, 1.000, 1.000, 0.000, 0.141, -0.289, -0.722
48.880, -0.768, 0.737, 1.000, 1.000, 0.000, 0.140, -0.371, -0.572
48.900, -0.542, 0.906, 1.000, 0.881, 0.119, 0.141, -0.051, -0.062
48.920, -0.142, 0.927, 1.000, 0.000, 1.000, 0.146, -0.000, -0.000
48.940, 0.407, 0.884, 1.000, 0.000, 1.000, 0.149, -0.000, -0.000
48.960, 0.825, 0.745, 1.000, 0.000, 1.000, 0.152, -0.000, -0.000
48.980, 0.930, 0.448, 1.000, 0.000, 1.000, 0.153, 0.000, -0.000
49.000, 0.923, -0.006, 0.000, 0.000, 0.000, 0.148, 0.000, 0.000
49.020, 0.859, -0.562, 0.000, 0.000, 0.000, 0.145, -0.000, 0.000
49.040, 0.675, -0.879, 0.000, 0.014, 0.014, 0.143, -0.001, 0.001
49.060, 0.285, -0.923, 0.000, 1.000, 1.000, 0.148, -0.079, 0.083
49.080, -0.337, -0.876, 0.000, 1.000, 1.000, 0.151, -0.121, 0.126
49.100, -0.799, -0.748, 0.000, 0.388, 0.388, 0.149, -0.013, 0.024
49.120, -0.926, -0.465, 0.000, 0.000, 0.000, 0.146, 0.000, 0.000
49.140, -0.924, -0.022, 0.000, 0.000, 0.000, 0.144, 0.000, 0.000
49.160, -0.864, 0.535, 1.000, 0.000, 1.000, 0.149, -0.000, -0.000
49.180, -0.689, 0.871, 1.000, 0.000, 1.000, 0.152, -0.000, -0.000
49.200, -0.881, 0.208, 1.000, 1.000, 0.000, 0.148, -0.281, -0.309
49.220, -0.891, 0.480, 1.000, 1.000, 0.000, 0.145, -0.249, -0.861
49.240, -0.824, 0.397, 1.000, 1.000, 0.000, 0.143, -0.664, -0.692
49.260, -0.889, 0.508, 1.000, 1.000, 0.000, 0.142, -0.208, -0.718
49.280, -0.772, 0.707, 1.000, 1.000, 0.000, 0.141, -0.422, -0.627
49.300, -0.593, 0.883, 1.000, 1.000, 0.000, 0.141, -0.124, -0.157
49.320, -0.226, 0.927, 1.000, 0.000, 1.000, 0.146, -0.000, -0.000
49.340, 0.304, 0.896, 1.000, 0.000, 1.000, 0.150, -0.000, -0.000
49.360, 0.776, 0.781, 1.000, 0.000, 1.000, 0.152, -0.000, -0.000
49.380, 0.924, 0.512, 1.000, 0.000, 1.000, 0.154, 0.000, -0.000
49.400, 0.928, 0.088, 1.000, 0.000, 1.000, 0.155, 0.000, -0.000
49.420, 0.876, -0.468, 0.000, 0.000, 0.000, 0.150, -0.000, 0.000
49.440, 0.720, -0.849, 0.000, 0.000, 0.000, 0.147, -0.000, 0.000
49.460, 0.371, -0.924, 0.000, 0.925, 0.925, 0.150, -0.064, 0.069
49.480, -0.217, -0.891, 0.000, 1.000, 1.000, 0.153, -0.120, 0.121
49.500, -0.752, -0.773, 0.000, 0.936, 0.936, 0.154, -0.040, 0.062
49.520, -0.919, -0.516, 0.000, 0.000, 0.000, 0.150, 0.000, 0.000
49.540, -0.927, -0.098, 0.000, 0.000, 0.000, 0.147, 0.000, 0.000
49.560, -0.877, 0.457, 1.000, 0.000, 1.000, 0.151, -0.000, -0.000
49.580, -0.725, 0.844, 1.000, 0.000, 1.000, 0.154, -0.000, -0.000
49.600, -0.820, 0.508, 1.000, 1.000, 0.000, 0.150, -0.461, -0.610
49.620, -0.904, 0.340, 1.000, 1.000, 0.000, 0.147, -0.130, -0.587
49.640, -0.824, 0.447, 1.000, 1.000, 0.000, 0.145, -0.679, -0.804
49.660, -0.889, 0.473, 1.000, 1.000, 0.000, 0.144, -0.221, -0.709
49.680, -0.788, 0.668, 1.000, 1.000, 0.000, 0.143, -0.449, -0.671
49.700, -0.651, 0.856, 1.000, 1.000, 0.000, 0.143, -0.189, -0.253
49.720, -0.318, 0.928, 1.000, 0.000, 1.000, 0.148, -0.000, -0.000
49.740, 0.184, 0.908, 1.000, 0.000, 1.000, 0.151, -0.000, -0.000
49.760, 0.704, 0.816, 1.000, 0.000, 1.000, 0.154, -0.000, -0.000
49.780, 0.912, 0.581, 1.000, 0.000, 1.000, 0.155, -0.000, -0.000
49.800, 0.932, 0.191, 1.000, 0.000, 1.000, 0.157, 0.000, -0.000
49.820, 0.893, -0.350, 0.000, 0.000, 0.000, 0.151, -0.000, 0.000
49.840, 0.766, -0.800, 0.000, 0.000, 0.000, 0.148, -0.000, 0.000
49.860, 0.464, -0.921, 0.000, 0.690, 0.690, 0.150, -0.046, 0.052
49.880, -0.073, -0.904, 0.000, 1.000, 1.000, 0.154, -0.112, 0.112
49.900, -0.681, -0.801, 0.000, 1.000, 1.000, 0.156, -0.078, 0.104
49.920, -0.905, -0.577, 0.000, 0.000, 0.000, 0.151, -0.000, 0.000
49.940, -0.930, -0.190, 0.000, 0.000, 0.000, 0.149, 0.000, 0.000
49.960, -0.892, 0.351, 1.000, 0.000, 1.000, 0.153, -0.000, -0.000
49.980, -0.766, 0.800, 1.000, 0.000, 1.000, 0.155, -0.000, -0.000
50.000, -0.682, 0.811, 1.000, 1.000, 0.000, 0.151, -0.375, -0.504
50.020, -0.912, 0.070, 1.000, 1.000, 0.000, 0.149, -0.051, -0.117
50.040, -0.857, 0.534, 1.000, 1.000, 0.000, 0.147, -0.492, -0.971
50.060, -0.853, 0.449, 1.000, 1.000, 0.000, 0.146, -0.449, -0.696
50.080, -0.831, 0.630, 1.000, 1.000, 0.000, 0.145, -0.371, -0.675
50.100, -0.700, 0.835, 1.000, 1.000, 0.000, 0.144, -0.231, -0.333
50.120, -0.391, 0.928, 1.000, 0.000, 1.000, 0.150, -0.000, -0.000
50.140, 0.084, 0.916, 1.000, 0.000, 1.000, 0.153, -0.000, -0.000
50.160, 0.629, 0.841, 1.000, 0.000, 1.000, 0.155, -0.000, -0.000
50.180, 0.896, 0.635, 1.000, 0.000, 1.000, 0.157, -0.000, -0.000
50.200, 0.934, 0.272, 1.000, 0.000, 1.000, 0.158, 0.000, -0.000
50.220, 0.904, -0.248, 0.000, 0.000, 0.000, 0.153, -0.000, 0.000
50.240, 0.799, -0.745, 0.000, 0.000, 0.000, 0.150, -0.000, 0.000
50.260, 0.535, -0.915, 0.000, 0.431, 0.431, 0.150, -0.027, 0.032
50.280, 0.045, -0.913, 0.000, 1.000, 1.000, 0.154, -0.102, 0.102
50.300, -0.602, -0.825, 0.000, 1.000, 1.000, 0.157, -0.107, 0.129
50.320, -0.886, -0.632, 0.000, 0.000, 0.000, 0.152, -0.000, 0.000
50.340, -0.932, -0.276, 0.000, 0.000, 0.000, 0.150, 0.000, 0.000
50.360, -0.904, 0.243, 1.000, 0.000, 1.000, 0.154, -0.000, -0.000
50.380, -0.801, 0.742, 1.000, 0.000, 1.000, 0.157, -0.000, -0.000
50.400, -0.601, 0.894, 1.000, 1.000, 0.000, 0.152, -0.129, -0.167
50.420, -0.907, 0.010, 1.000, 1.000, 0.000, 0.150, -0.097, -0.017
50.440, -0.878, 0.546, 1.000, 1.000, 0.000, 0.148, -0.353, -1.004
50.460, -0.827, 0.420, 1.000, 1.000, 0.000, 0.147, -0.602, -0.683
50.480, -0.861, 0.584, 1.000, 1.000, 0.000, 0.146, -0.299, -0.686
50.500, -0.735, 0.801, 1.000, 1.000, 0.000, 0.145, -0.286, -0.433
50.520, -0.450, 0.925, 1.000, 0.000, 1.000, 0.151, -0.000, -0.000
50.540, -0.002, 0.922, 1.000, 0.000, 1.000, 0.154, -0.000, -0.000
50.560, 0.554, 0.860, 1.000, 0.000, 1.000, 0.157, -0.000, -0.000
50.580, 0.877, 0.679, 1.000, 0.000, 1.000, 0.158, -0.000, -0.000
50.600, 0.934, 0.340, 1.000, 0.000, 1.000, 0.159, 0.000, -0.000
50.620, 0.912, -0.158, 0.000, 0.000, 0.000, 0.154, -0.000, 0.000
50.640, 0.824, -0.686, 0.000, 0.000, 0.000, 0.151, -0.000, 0.000
50.660, 0.592, -0.907, 0.000, 0.205, 0.205, 0.150, -0.012, 0.015
50.680, 0.139, -0.919, 0.000, 1.000, 1.000, 0.155, -0.094, 0.095
50.700, -0.513, -0.846, 0.000, 1.000, 1.000, 0.157, -0.119, 0.133
50.720, -0.860, -0.684, 0.000, 0.000, 0.000, 0.153, -0.000, 0.000
50.740, -0.931, -0.356, 0.000, 0.000, 0.000, 0.150, 0.000, 0.000
50.760, -0.913, 0.134, 1.000, 0.000, 1.000, 0.155, -0.000, -0.000
50.780, -0.830, 0.669, 1.000, 0.000, 1.000, 0.158, -0.000, -0.000
50.800, -0.619, 0.900, 1.000, 0.537, 0.463, 0.156, -0.031, -0.042
50.820, -0.900, 0.064, 1.000, 1.000, 0.000, 0.153, -0.155, -0.101
50.840, -0.883, 0.528, 1.000, 1.000, 0.000, 0.150, -0.313, -0.973
50.860, -0.827, 0.388, 1.000, 1.000, 0.000, 0.149, -0.637, -0.662
50.880, -0.880, 0.541, 1.000, 1.000, 0.000, 0.148, -0.244, -0.709
50.900, -0.758, 0.755, 1.000, 1.000, 0.000, 0.147, -0.355, -0.540
50.920, -0.504, 0.916, 1.000, 0.195, 0.805, 0.151, -0.013, -0.015
50.940, -0.083, 0.925, 1.000, 0.000, 1.000, 0.155, -0.000, -0.000
50.960, 0.472, 0.875, 1.000, 0.000, 1.000, 0.157, -0.000, -0.000
50.980, 0.850, 0.718, 1.000, 0.000, 1.000, 0.159, -0.000, -0.000
51.000, 0.933, 0.403, 1.000, 0.000, 1.000, 0.160, 0.000, -0.000
51.020, 0.919, -0.070, 0.000, 0.000, 0.000, 0.155, 0.000, 0.000
51.040, 0.845, -0.618, 0.000, 0.000, 0.000, 0.152, -0.000, 0.000
51.060, 0.641, -0.893, 0.000, 0.097, 0.097, 0.151, -0.005, 0.007
51.080, 0.221, -0.921, 0.000, 1.000, 1.000, 0.155, -0.091, 0.093
51.100, -0.423, -0.862, 0.000, 1.000, 1.000, 0.158, -0.126, 0.135
51.120, -0.827, -0.725, 0.000, 0.023, 0.023, 0.154, -0.001, 0.001
51.140, -0.929, -0.424, 0.000, 0.000, 0.000, 0.152, 0.000, 0.000
51.160, -0.920, 0.038, 1.000, 0.000, 1.000, 0.156, 0.000, -0.000
51.180, -0.852, 0.591, 1.000, 0.000, 1.000, 0.159, -0.000, -0.000
51.200, -0.717, 0.827, 1.000, 1.000, 0.000, 0.154, -0.220, -0.327
51.220, -0.879, 0.256, 1.000, 1.000, 0.000, 0.152, -0.292, -0.381
51.240, -0.889, 0.449, 1.000, 1.000, 0.000, 0.150, -0.273, -0.839
51.260, -0.834, 0.404, 1.000, 1.000, 0.000, 0.149, -0.620, -0.713
51.280, -0.880, 0.522, 1.000, 1.000, 0.000, 0.148, -0.259, -0.725
51.300, -0.770, 0.729, 1.000, 1.000, 0.000, 0.147, -0.383, -0.585
51.320, -0.549, 0.904, 1.000, 0.884, 0.116, 0.148, -0.053, -0.065
51.340, -0.152, 0.927, 1.000, 0.000, 1.000, 0.153, -0.000, -0.000
51.360, 0.395, 0.886, 1.000, 0.000, 1.000, 0.156, -0.000, -0.000
51.380, 0.819, 0.749, 1.000, 0.000, 1.000, 0.158, -0.000, -0.000
51.400, 0.930, 0.456, 1.000, 0.000, 1.000, 0.160, 0.000, -0.000
51.420, 0.923, 0.006, 1.000, 0.000, 1.000, 0.161, 0.000, -0.000
51.440, 0.861, -0.551, 0.000, 0.000, 0.000, 0.156, -0.000, 0.000
51.460, 0.681, -0.876, 0.000, 0.000, 0.000, 0.153, -0.000, 0.000
51.480, 0.294, -0.923, 0.000, 1.000, 1.000, 0.157, -0.079, 0.083
51.500, -0.327, -0.877, 0.000, 1.000, 1.000, 0.159, -0.125, 0.129
51.520, -0.796, -0.749, 0.000, 0.435, 0.435, 0.158, -0.016, 0.028
51.540, -0.925, -0.468, 0.000, 0.000, 0.000, 0.154, 0.000, 0.000
51.560, -0.924, -0.027, 0.000, 0.000, 0.000, 0.152, 0.000, 0.000
51.580, -0.865, 0.531, 1.000, 0.000, 1.000, 0.156, -0.000, -0.000
51.600, -0.691, 0.869, 1.000, 0.000, 1.000, 0.159, -0.000, -0.000
51.620, -0.876, 0.236, 1.000, 1.000, 0.000, 0.155, -0.305, -0.346
51.640, -0.896, 0.453, 1.000, 1.000, 0.000, 0.153, -0.214, -0.848
51.660, -0.821, 0.381, 1.000, 1.000, 0.000, 0.151, -0.711, -0.693
51.680, -0.898, 0.489, 1.000, 1.000, 0.000, 0.150, -0.155, -0.721
51.700, -0.769, 0.697, 1.000, 1.000, 0.000, 0.149, -0.444, -0.642
51.720, -0.593, 0.882, 1.000, 1.000, 0.000, 0.148, -0.118, -0.149
51.740, -0.227, 0.927, 1.000, 0.000, 1.000, 0.154, -0.000, -0.000
51.760, 0.303, 0.896, 1.000, 0.000, 1.000, 0.157, -0.000, -0.000
51.780, 0.775, 0.781, 1.000, 0.000, 1.000, 0.159, -0.000, -0.000
51.800, 0.924, 0.513, 1.000, 0.000, 1.000, 0.161, 0.000, -0.000
51.820, 0.928, 0.089, 1.000, 0.000, 1.000, 0.162, 0.000, -0.000
51.840, 0.876, -0.467, 0.000, 0.000, 0.000, 0.157, -0.000, 0.000
51.860, 0.721, -0.848, 0.000, 0.000, 0.000, 0.154, -0.000, 0.000
51.880, 0.370, -0.923, 0.000, 0.940, 0.940, 0.157, -0.069, 0.074
51.900, -0.221, -0.890, 0.000, 1.000, 1.000, 0.160, -0.123, 0.125
51.920, -0.755, -0.772, 0.000, 0.882, 0.882, 0.161, -0.039, 0.061
51.940, -0.919, -0.514, 0.000, 0.000, 0.000, 0.157, 0.000, 0.000
51.960, -0.927, -0.094, 0.000, 0.000, 0.000, 0.154, 0.000, 0.000
51.980, -0.877, 0.461, 1.000, 0.000, 1.000, 0.158, -0.000, -0.000
52.000, -0.723, 0.846, 1.000, 0.000, 1.000, 0.161, -0.000, -0.000
52.020, -0.870, 0.277, 1.000, 1.000, 0.000, 0.157, -0.335, -0.402
52.040, -0.897, 0.439, 1.000, 1.000, 0.000, 0.154, -0.207, -0.809
52.060, -0.825, 0.363, 1.000, 1.000, 0.000, 0.152, -0.712, -0.682
52.080, -0.906, 0.461, 1.000, 1.000, 0.000, 0.151, -0.101, -0.730
52.100, -0.770, 0.656, 1.000, 1.000, 0.000, 0.150, -0.517, -0.699
52.120, -0.651, 0.847, 1.000, 1.000, 0.000, 0.150, -0.196, -0.261
52.140, -0.323, 0.926, 1.000, 0.000, 1.000, 0.155, -0.000, -0.000
52.160, 0.175, 0.908, 1.000, 0.000, 1.000, 0.159, -0.000, -0.000
52.180, 0.698, 0.818, 1.000, 0.000, 1.000, 0.161, -0.000, -0.000
52.200, 0.911, 0.586, 1.000, 0.000, 1.000, 0.162, -0.000, -0.000
52.220, 0.932, 0.198, 1.000, 0.000, 1.000, 0.164, 0.000, -0.000
52.240, 0.894, -0.342, 0.000, 0.000, 0.000, 0.158, -0.000, 0.000
52.260, 0.769, -0.796, 0.000, 0.000, 0.000, 0.155, -0.000, 0.000
52.280, 0.467, -0.920, 0.000, 0.725, 0.725, 0.158, -0.050, 0.057
52.300, -0.071, -0.904, 0.000, 1.000, 1.000, 0.161, -0.116, 0.116
52.320, -0.681, -0.801, 0.000, 1.000, 1.000, 0.163, -0.080, 0.105
52.340, -0.905, -0.577, 0.000, 0.000, 0.000, 0.158, -0.000, 0.000
52.360, -0.930, -0.190, 0.000, 0.000, 0.000, 0.155, 0.000, 0.000
52.380, -0.892, 0.351, 1.000, 0.000, 1.000, 0.160, -0.000, -0.000
52.400, -0.766, 0.800, 1.000, 0.000, 1.000, 0.162, -0.000, -0.000
52.420, -0.814, 0.551, 1.000, 1.000, 0.000, 0.158, -0.469, -0.649
52.440, -0.905, 0.296, 1.000, 1.000, 0.000, 0.155, -0.122, -0.519
52.460, -0.834, 0.426, 1.000, 1.000, 0.000, 0.154, -0.684, -0.831
52.480, -0.903, 0.400, 1.000, 1.000, 0.000, 0.152, -0.141, -0.687
52.500, -0.798, 0.592, 1.000, 1.000, 0.000, 0.152, -0.548, -0.750
52.520, -0.741, 0.780, 1.000, 1.000, 0.000, 0.151, -0.299, -0.446
52.540, -0.467, 0.921, 1.000, 0.000, 1.000, 0.156, -0.000, -0.000
52.560, -0.028, 0.923, 1.000, 0.000, 1.000, 0.160, -0.000, -0.000
52.580, 0.529, 0.865, 1.000, 0.000, 1.000, 0.162, -0.000, -0.000
52.600, 0.869, 0.692, 1.000, 0.000, 1.000, 0.164, -0.000, -0.000
52.620, 0.934, 0.360, 1.000, 0.000, 1.000, 0.165, 0.000, -0.000
52.640, 0.914, -0.129, 0.000, 0.000, 0.000, 0.160, -0.000, 0.000
52.660, 0.831, -0.666, 0.000, 0.000, 0.000, 0.156, -0.000, 0.000
52.680, 0.605, -0.901, 0.000, 0.346, 0.346, 0.157, -0.021, 0.027
52.700, 0.160, -0.918, 0.000, 1.000, 1.000, 0.160, -0.096, 0.098
52.720, -0.486, -0.852, 0.000, 1.000, 1.000, 0.163, -0.116, 0.128
52.740, -0.851, -0.697, 0.000, 0.000, 0.000, 0.159, -0.000, 0.000
52.760, -0.931, -0.377, 0.000, 0.000, 0.000, 0.156, 0.000, 0.000
52.780, -0.915, 0.104, 1.000, 0.000, 1.000, 0.160, -0.000, -0.000
52.800, -0.837, 0.646, 1.000, 0.000, 1.000, 0.163, -0.000, -0.000
52.820, -0.700, 0.836, 1.000, 1.000, 0.000, 0.159, -0.240, -0.347
52.840, -0.899, 0.117, 1.000, 1.000, 0.000, 0.156, -0.163, -0.188
52.860, -0.878, 0.505, 1.000, 1.000, 0.000, 0.154, -0.371, -0.975
52.880, -0.846, 0.356, 1.000, 1.000, 0.000, 0.153, -0.568, -0.637
52.900, -0.879, 0.530, 1.000, 1.000, 0.000, 0.152, -0.259, -0.735
52.920, -0.765, 0.741, 1.000, 1.000, 0.000, 0.152, -0.369, -0.564
52.940, -0.516, 0.914, 1.000, 0.110, 0.890, 0.156, -0.007, -0.009
52.960, -0.101, 0.926, 1.000, 0.000, 1.000, 0.160, -0.000, -0.000
52.980, 0.453, 0.878, 1.000, 0.000, 1.000, 0.162, -0.000, -0.000
53.000, 0.843, 0.726, 1.000, 0.000, 1.000, 0.164, -0.000, -0.000
53.020, 0.932, 0.416, 1.000, 0.000, 1.000, 0.165, 0.000, -0.000
53.040, 0.920, -0.051, 0.000, 0.000, 0.000, 0.160, 0.000, 0.000
53.060, 0.849, -0.602, 0.000, 0.000, 0.000, 0.157, -0.000, 0.000
53.080, 0.649, -0.888, 0.000, 0.197, 0.197, 0.156, -0.011, 0.015
53.100, 0.234, -0.920, 0.000, 1.000, 1.000, 0.160, -0.094, 0.097
53.120, -0.407, -0.864, 0.000, 1.000, 1.000, 0.163, -0.127, 0.135
53.140, -0.822, -0.729, 0.000, 0.076, 0.076, 0.159, -0.002, 0.005
53.160, -0.928, -0.432, 0.000, 0.000, 0.000, 0.157, 0.000, 0.000
53.180, -0.921, 0.027, 1.000, 0.000, 1.000, 0.161, 0.000, -0.000
53.200, -0.854, 0.581, 1.000, 0.000, 1.000, 0.164, -0.000, -0.000
53.220, -0.727, 0.814, 1.000, 1.000, 0.000, 0.159, -0.243, -0.365
53.240, -0.881, 0.253, 1.000, 1.000, 0.000, 0.157, -0.284, -0.381
53.260, -0.889, 0.445, 1.000, 1.000, 0.000, 0.155, -0.284, -0.845
53.280, -0.839, 0.382, 1.000, 1.000, 0.000, 0.154, -0.612, -0.696
53.300, -0.886, 0.503, 1.000, 1.000, 0.000, 0.153, -0.237, -0.737
53.320, -0.776, 0.705, 1.000, 1.000, 0.000, 0.152, -0.415, -0.626
53.340, -0.575, 0.894, 1.000, 1.000, 0.000, 0.152, -0.073, -0.091
53.360, -0.194, 0.928, 1.000, 0.000, 1.000, 0.157, -0.000, -0.000
53.380, 0.345, 0.892, 1.000, 0.000, 1.000, 0.161, -0.000, -0.000
53.400, 0.796, 0.768, 1.000, 0.000, 1.000, 0.163, -0.000, -0.000
53.420, 0.927, 0.488, 1.000, 0.000, 1.000, 0.164, 0.000, -0.000
53.440, 0.926, 0.052, 1.000, 0.000, 1.000, 0.166, 0.000, -0.000
53.460, 0.870, -0.505, 0.000, 0.000, 0.000, 0.161, -0.000, 0.000
53.480, 0.703, -0.861, 0.000, 0.000, 0.000, 0.157, -0.000, 0.000
53.500, 0.336, -0.923, 0.000, 0.985, 0.985, 0.161, -0.075, 0.079
53.520, -0.273, -0.883, 0.000, 1.000, 1.000, 0.164, -0.127, 0.130
53.540, -0.777, -0.759, 0.000, 0.698, 0.698, 0.164, -0.029, 0.048
53.560, -0.922, -0.489, 0.000, 0.000, 0.000, 0.160, 0.000, 0.000
53.580, -0.925, -0.058, 0.000, 0.000, 0.000, 0.157, 0.000, 0.000
53.600, -0.870, 0.499, 1.000, 0.000, 1.000, 0.161, -0.000, -0.000
53.620, -0.706, 0.859, 1.000, 0.000, 1.000, 0.164, -0.000, -0.000
53.640, -0.847, 0.395, 1.000, 1.000, 0.000, 0.160, -0.412, -0.521
53.660, -0.908, 0.357, 1.000, 1.000, 0.000, 0.157, -0.103, -0.668
53.680, -0.812, 0.415, 1.000, 1.000, 0.000, 0.156, -0.776, -0.783
53.700, -0.902, 0.462, 1.000, 1.000, 0.000, 0.154, -0.128, -0.704
53.720, -0.773, 0.679, 1.000, 1.000, 0.000, 0.154, -0.464, -0.661
53.740, -0.614, 0.872, 1.000, 1.000, 0.000, 0.153, -0.138, -0.178
53.760, -0.261, 0.927, 1.000, 0.000, 1.000, 0.158, -0.000, -0.000
53.780, 0.259, 0.901, 1.000, 0.000, 1.000, 0.162, -0.000, -0.000
53.800, 0.751, 0.795, 1.000, 0.000, 1.000, 0.164, -0.000, -0.000
53.820, 0.920, 0.538, 1.000, 0.000, 1.000, 0.166, 0.000, -0.000
53.840, 0.930, 0.127, 1.000, 0.000, 1.000, 0.167, 0.000, -0.000
53.860, 0.883, -0.425, 0.000, 0.000, 0.000, 0.162, -0.000, 0.000
53.880, 0.738, -0.832, 0.000, 0.000, 0.000, 0.158, -0.000, 0.000
53.900, 0.407, -0.923, 0.000, 0.759, 0.759, 0.161, -0.055, 0.061
53.920, -0.169, -0.895, 0.000, 1.000, 1.000, 0.164, -0.125, 0.126
53.940, -0.737, -0.777, 0.000, 1.000, 1.000, 0.166, -0.060, 0.088
53.960, -0.915, -0.528, 0.000, 0.000, 0.000, 0.161, -0.000, 0.000
53.980, -0.928, -0.116, 0.000, 0.000, 0.000, 0.159, 0.000, 0.000
54.000, -0.880, 0.437, 1.000, 0.000, 1.000, 0.163, -0.000, -0.000
54.020, -0.733, 0.837, 1.000, 0.000, 1.000, 0.165, -0.000, -0.000
54.040, -0.762, 0.670, 1.000, 1.000, 0.000, 0.161, -0.482, -0.649
54.060, -0.920, 0.142, 1.000, 1.000, 0.000, 0.159, 0.029, -0.255
54.080, -0.821, 0.506, 1.000, 1.000, 0.000, 0.157, -0.740, -0.979
54.100, -0.892, 0.409, 1.000, 1.000, 0.000, 0.156, -0.213, -0.657
54.120, -0.804, 0.635, 1.000, 1.000, 0.000, 0.155, -0.451, -0.692
54.140, -0.680, 0.843, 1.000, 1.000, 0.000, 0.154, -0.203, -0.283
54.160, -0.361, 0.928, 1.000, 0.000, 1.000, 0.159, -0.000, -0.000
54.180, 0.124, 0.913, 1.000, 0.000, 1.000, 0.163, -0.000, -0.000
54.200, 0.661, 0.832, 1.000, 0.000, 1.000, 0.165, -0.000, -0.000
54.220, 0.903, 0.614, 1.000, 0.000, 1.000, 0.167, -0.000, -0.000
54.240, 0.933, 0.240, 1.000, 0.000, 1.000, 0.168, 0.000, -0.000
54.260, 0.900, -0.290, 0.000, 0.000, 0.000, 0.163, -0.000, 0.000
54.280, 0.787, -0.769, 0.000, 0.000, 0.000, 0.160, -0.000, 0.000
54.300, 0.504, -0.917, 0.000, 0.596, 0.596, 0.161, -0.041, 0.048
54.320, -0.012, -0.908, 0.000, 1.000, 1.000, 0.164, -0.113, 0.113
54.340, -0.648, -0.809, 0.000, 1.000, 1.000, 0.167, -0.100, 0.127
54.360, -0.897, -0.599, 0.000, 0.000, 0.000, 0.162, -0.000, 0.000
54.380, -0.931, -0.225, 0.000, 0.000, 0.000, 0.159, 0.000, 0.000
54.400, -0.897, 0.308, 1.000, 0.000, 1.000, 0.164, -0.000, -0.000
54.420, -0.780, 0.778, 1.000, 0.000, 1.000, 0.166, -0.000, -0.000
54.440, -0.791, 0.629, 1.000, 1.000, 0.000, 0.162, -0.474, -0.671
54.460, -0.907, 0.235, 1.000, 1.000, 0.000, 0.159, -0.099, -0.408
54.480, -0.841, 0.448, 1.000, 1.000, 0.000, 0.158, -0.658, -0.897
54.500, -0.900, 0.365, 1.000, 1.000, 0.000, 0.156, -0.174, -0.653
54.520, -0.815, 0.563, 1.000, 1.000, 0.000, 0.156, -0.539, -0.769
54.540, -0.768, 0.751, 1.000, 1.000, 0.000, 0.155, -0.324, -0.508
54.560, -0.511, 0.918, 1.000, 0.000, 1.000, 0.160, -0.000, -0.000
54.580, -0.091, 0.926, 1.000, 0.000, 1.000, 0.164, -0.000, -0.000
54.600, 0.464, 0.876, 1.000, 0.000, 1.000, 0.166, -0.000, -0.000
54.620, 0.847, 0.722, 1.000, 0.000, 1.000, 0.168, -0.000, -0.000
54.640, 0.932, 0.409, 1.000, 0.000, 1.000, 0.169, 0.000, -0.000
54.660, 0.919, -0.061, 0.000, 0.000, 0.000, 0.164, 0.000, 0.000
54.680, 0.847, -0.611, 0.000, 0.000, 0.000, 0.160, -0.000, 0.000
54.700, 0.644, -0.890, 0.000, 0.199, 0.199, 0.160, -0.011, 0.016
54.720, 0.225, -0.920, 0.000, 1.000, 1.000, 0.164, -0.093, 0.096
54.740, -0.414, -0.864, 0.000, 1.000, 1.000, 0.166, -0.123, 0.131
54.760, -0.823, -0.730, 0.000, 0.000, 0.000, 0.162, -0.000, 0.000
54.780, -0.929, -0.431, 0.000, 0.000, 0.000, 0.160, 0.000, 0.000
54.800, -0.921, 0.028, 1.000, 0.000, 1.000, 0.164, 0.000, -0.000
54.820, -0.854, 0.581, 1.000, 0.000, 1.000, 0.167, -0.000, -0.000
54.840, -0.769, 0.736, 1.000, 1.000, 0.000, 0.162, -0.376, -0.578
54.860, -0.890, 0.245, 1.000, 1.000, 0.000, 0.160, -0.234, -0.392
54.880, -0.878, 0.435, 1.000, 1.000, 0.000, 0.158, -0.390, -0.866
54.900, -0.864, 0.354, 1.000, 1.000, 0.000, 0.157, -0.477, -0.667
54.920, -0.873, 0.504, 1.000, 1.000, 0.000, 0.156, -0.323, -0.766
54.940, -0.788, 0.696, 1.000, 1.000, 0.000, 0.155, -0.403, -0.631
54.960, -0.588, 0.894, 1.000, 1.000, 0.000, 0.155, -0.072, -0.091
54.980, -0.212, 0.929, 1.000, 0.000, 1.000, 0.160, -0.000, -0.000
55.000, 0.323, 0.895, 1.000, 0.000, 1.000, 0.164, -0.000, -0.000
55.020, 0.786, 0.775, 1.000, 0.000, 1.000, 0.166, -0.000, -0.000
55.040, 0.926, 0.501, 1.000, 0.000, 1.000, 0.168, 0.000, -0.000
55.060, 0.927, 0.072, 1.000, 0.000, 1.000, 0.169, 0.000, -0.000
55.080, 0.873, -0.485, 0.000, 0.000, 0.000, 0.164, -0.000, 0.000
55.100, 0.713, -0.855, 0.000, 0.000, 0.000, 0.160, -0.000, 0.000
55.120, 0.349, -0.922, 0.000, 1.000, 1.000, 0.164, -0.081, 0.086
55.140, -0.259, -0.884, 0.000, 1.000, 1.000, 0.167, -0.133, 0.135
55.160, -0.771, -0.762, 0.000, 0.728, 0.728, 0.167, -0.032, 0.051
55.180, -0.921, -0.495, 0.000, 0.000, 0.000, 0.163, 0.000, 0.000
55.200, -0.926, -0.067, 0.000, 0.000, 0.000, 0.160, 0.000, 0.000
55.220, -0.872, 0.490, 1.000, 0.000, 1.000, 0.164, -0.000, -0.000
55.240, -0.710, 0.856, 1.000, 0.000, 1.000, 0.167, -0.000, -0.000
55.260, -0.896, 0.102, 1.000, 1.000, 0.000, 0.163, -0.189, -0.165
55.280, -0.888, 0.503, 1.000, 1.000, 0.000, 0.160, -0.299, -1.007
55.300, -0.835, 0.282, 1.000, 1.000, 0.000, 0.159, -0.688, -0.548
55.320, -0.912, 0.474, 1.000, 1.000, 0.000, 0.157, -0.050, -0.765
55.340, -0.756, 0.666, 1.000, 1.000, 0.000, 0.157, -0.534, -0.697
55.360, -0.624, 0.857, 1.000, 1.000, 0.000, 0.156, -0.171, -0.220
55.380, -0.283, 0.925, 1.000, 0.000, 1.000, 0.161, -0.000, -0.000
55.400, 0.228, 0.903, 1.000, 0.000, 1.000, 0.165, -0.000, -0.000
55.420, 0.732, 0.804, 1.000, 0.000, 1.000, 0.167, -0.000, -0.000
55.440, 0.917, 0.556, 1.000, 0.000, 1.000, 0.168, 0.000, -0.000
55.460, 0.931, 0.154, 1.000, 0.000, 1.000, 0.170, 0.000, -0.000
55.480, 0.887, -0.395, 0.000, 0.000, 0.000, 0.165, -0.000, 0.000
55.500, 0.750, -0.820, 0.000, 0.000, 0.000, 0.161, -0.000, 0.000
55.520, 0.427, -0.921, 0.000, 0.814, 0.814, 0.164, -0.060, 0.067
55.540, -0.142, -0.896, 0.000, 1.000, 1.000, 0.167, -0.128, 0.128
55.560, -0.723, -0.783, 0.000, 1.000, 1.000, 0.169, -0.066, 0.094
55.580, -0.913, -0.540, 0.000, 0.000, 0.000, 0.164, -0.000, 0.000
55.600, -0.928, -0.134, 0.000, 0.000, 0.000, 0.162, 0.000, 0.000
55.620, -0.883, 0.416, 1.000, 0.000, 1.000, 0.166, -0.000, -0.000
55.640, -0.741, 0.829, 1.000, 0.000, 1.000, 0.168, -0.000, -0.000
55.660, -0.829, 0.485, 1.000, 1.000, 0.000, 0.164, -0.451, -0.604
55.680, -0.910, 0.301, 1.000, 1.000, 0.000, 0.161, -0.081, -0.555
55.700, -0.820, 0.416, 1.000, 1.000, 0.000, 0.160, -0.779, -0.828
55.720, -0.911, 0.404, 1.000, 1.000, 0.000, 0.158, -0.061, -0.684
55.740, -0.779, 0.617, 1.000, 1.000, 0.000, 0.158, -0.562, -0.735
55.760, -0.700, 0.813, 1.000, 1.000, 0.000, 0.157, -0.251, -0.352
55.780, -0.403, 0.924, 1.000, 0.000, 1.000, 0.162, -0.000, -0.000
55.800, 0.064, 0.917, 1.000, 0.000, 1.000, 0.166, -0.000, -0.000
55.820, 0.612, 0.845, 1.000, 0.000, 1.000, 0.168, -0.000, -0.000
55.840, 0.892, 0.645, 1.000, 0.000, 1.000, 0.169, -0.000, -0.000
55.860, 0.934, 0.288, 1.000, 0.000, 1.000, 0.171, 0.000, -0.000
55.880, 0.906, -0.227, 0.000, 0.000, 0.000, 0.165, -0.000, 0.000
55.900, 0.805, -0.733, 0.000, 0.000, 0.000, 0.162, -0.000, 0.000
55.920, 0.544, -0.912, 0.000, 0.536, 0.536, 0.163, -0.036, 0.044
55.940, 0.051, -0.911, 0.000, 1.000, 1.000, 0.167, -0.113, 0.113
55.960, -0.600, -0.823, 0.000, 1.000, 1.000, 0.169, -0.113, 0.135
55.980, -0.885, -0.632, 0.000, 0.000, 0.000, 0.165, -0.000, 0.000
56.000, -0.931, -0.276, 0.000, 0.000, 0.000, 0.162, 0.000, 0.000
56.020, -0.904, 0.243, 1.000, 0.000, 1.000, 0.166, -0.000, -0.000
56.040, -0.800, 0.742, 1.000, 0.000, 1.000, 0.169, -0.000, -0.000
56.060, -0.752, 0.733, 1.000, 1.000, 0.000, 0.165, -0.434, -0.623
56.080, -0.910, 0.138, 1.000, 1.000, 0.000, 0.162, -0.074, -0.236
56.100, -0.853, 0.494, 1.000, 1.000, 0.000, 0.160, -0.582, -0.998
56.120, -0.884, 0.342, 1.000, 1.000, 0.000, 0.159, -0.314, -0.615
56.140, -0.845, 0.553, 1.000, 1.000, 0.000, 0.158, -0.426, -0.760
56.160, -0.768, 0.752, 1.000, 1.000, 0.000, 0.157, -0.334, -0.525
56.180, -0.511, 0.918, 1.000, 0.000, 1.000, 0.163, -0.000, -0.000
56.200, -0.091, 0.926, 1.000, 0.000, 1.000, 0.166, -0.000, -0.000
56.220, 0.465, 0.876, 1.000, 0.000, 1.000, 0.169, -0.000, -0.000
56.240, 0.847, 0.721, 1.000, 0.000, 1.000, 0.170, -0.000, -0.000
56.260, 0.932, 0.409, 1.000, 0.000, 1.000, 0.171, 0.000, -0.000
56.280, 0.919, -0.062, 0.000, 0.000, 0.000, 0.166, 0.000, 0.000
56.300, 0.847, -0.612, 0.000, 0.000, 0.000, 0.163, -0.000, 0.000
56.320, 0.643, -0.890, 0.000, 0.211, 0.211, 0.162, -0.012, 0.017
56.340, 0.221, -0.920, 0.000, 1.000, 1.000, 0.166, -0.098, 0.101
56.360, -0.425, -0.861, 0.000, 1.000, 1.000, 0.169, -0.129, 0.139
56.380, -0.828, -0.724, 0.000, 0.000, 0.000, 0.165, -0.000, 0.000
56.400, -0.929, -0.422, 0.000, 0.000, 0.000, 0.162, 0.000, 0.000
56.420, -0.920, 0.040, 1.000, 0.000, 1.000, 0.166, 0.000, -0.000
56.440, -0.851, 0.593, 1.000, 0.000, 1.000, 0.169, -0.000, -0.000
56.460, -0.759, 0.755, 1.000, 1.000, 0.000, 0.165, -0.358, -0.546
56.480, -0.895, 0.198, 1.000, 1.000, 0.000, 0.162, -0.199, -0.322
56.500, -0.877, 0.456, 1.000, 1.000, 0.000, 0.161, -0.407, -0.924
56.520, -0.864, 0.334, 1.000, 1.000, 0.000, 0.159, -0.485, -0.635
56.540, -0.877, 0.505, 1.000, 1.000, 0.000, 0.158, -0.300, -0.769
56.560, -0.784, 0.700, 1.000, 1.000, 0.000, 0.158, -0.406, -0.628
56.580, -0.578, 0.897, 1.000, 0.971, 0.029, 0.157, -0.060, -0.076
56.600, -0.197, 0.929, 1.000, 0.000, 1.000, 0.163, -0.000, -0.000
56.620, 0.342, 0.892, 1.000, 0.000, 1.000, 0.166, -0.000, -0.000
56.640, 0.795, 0.769, 1.000, 0.000, 1.000, 0.168, -0.000, -0.000
56.660, 0.927, 0.490, 1.000, 0.000, 1.000, 0.170, 0.000, -0.000
56.680, 0.926, 0.055, 1.000, 0.000, 1.000, 0.171, 0.000, -0.000
56.700, 0.870, -0.502, 0.000, 0.000, 0.000, 0.166, -0.000, 0.000
56.720, 0.705, -0.860, 0.000, 0.000, 0.000, 0.163, -0.000, 0.000
56.740, 0.334, -0.922, 0.000, 1.000, 1.000, 0.167, -0.082, 0.087
56.760, -0.278, -0.882, 0.000, 1.000, 1.000, 0.169, -0.131, 0.134
56.780, -0.777, -0.759, 0.000, 0.611, 0.611, 0.169, -0.026, 0.043
56.800, -0.922, -0.489, 0.000, 0.000, 0.000, 0.165, 0.000, 0.000
56.820, -0.925, -0.057, 0.000, 0.000, 0.000, 0.162, 0.000, 0.000
56.840, -0.870, 0.500, 1.000, 0.000, 1.000, 0.167, -0.000, -0.000
56.860, -0.706, 0.860, 1.000, 0.000, 1.000, 0.169, -0.000, -0.000
56.880, -0.900, 0.076, 1.000, 1.000, 0.000, 0.165, -0.164, -0.125
56.900, -0.886, 0.515, 1.000, 1.000, 0.000, 0.163, -0.320, -1.035
56.920, -0.838, 0.264, 1.000, 1.000, 0.000, 0.161, -0.671, -0.516
56.940, -0.912, 0.477, 1.000, 1.000, 0.000, 0.160, -0.045, -0.776
56.960, -0.754, 0.666, 1.000, 1.000, 0.000, 0.159, -0.539, -0.699
56.980, -0.619, 0.859, 1.000, 1.000, 0.000, 0.158, -0.162, -0.208
57.000, -0.275, 0.925, 1.000, 0.000, 1.000, 0.163, -0.000, -0.000
57.020, 0.239, 0.902, 1.000, 0.000, 1.000, 0.167, -0.000, -0.000
57.040, 0.739, 0.800, 1.000, 0.000, 1.000, 0.169, -0.000, -0.000
57.060, 0.918, 0.550, 1.000, 0.000, 1.000, 0.171, 0.000, -0.000
57.080, 0.930, 0.144, 1.000, 0.000, 1.000, 0.172, 0.000, -0.000
57.100, 0.885, -0.406, 0.000, 0.000, 0.000, 0.167, -0.000, 0.000
57.120, 0.746, -0.824, 0.000, 0.000, 0.000, 0.164, -0.000, 0.000
57.140, 0.418, -0.922, 0.000, 0.815, 0.815, 0.166, -0.061, 0.068
57.160, -0.157, -0.895, 0.000, 1.000, 1.000, 0.169, -0.130, 0.131
57.180, -0.732, -0.778, 0.000, 1.000, 1.000, 0.171, -0.064, 0.093
57.200, -0.914, -0.531, 0.000, 0.000, 0.000, 0.167, -0.000, 0.000
57.220, -0.928, -0.121, 0.000, 0.000, 0.000, 0.164, 0.000, 0.000
57.240, -0.881, 0.431, 1.000, 0.000, 1.000, 0.168, -0.000, -0.000
57.260, -0.736, 0.834, 1.000, 0.000, 1.000, 0.170, -0.000, -0.000
57.280, -0.761, 0.674, 1.000, 1.000, 0.000, 0.166, -0.481, -0.649
57.300, -0.924, 0.099, 1.000, 1.000, 0.000, 0.164, 0.085, -0.181
57.320, -0.813, 0.519, 1.000, 1.000, 0.000, 0.162, -0.807, -1.044
57.340, -0.901, 0.369, 1.000, 1.000, 0.000, 0.161, -0.154, -0.615
57.360, -0.805, 0.616, 1.000, 1.000, 0.000, 0.160, -0.477, -0.711
57.380, -0.698, 0.827, 1.000, 1.000, 0.000, 0.159, -0.229, -0.325
57.400, -0.393, 0.926, 1.000, 0.000, 1.000, 0.164, -0.000, -0.000
57.420, 0.079, 0.916, 1.000, 0.000, 1.000, 0.168, -0.000, -0.000
57.440, 0.625, 0.842, 1.000, 0.000, 1.000, 0.170, -0.000, -0.000
57.460, 0.895, 0.637, 1.000, 0.000, 1.000, 0.172, -0.000, -0.000
57.480, 0.934, 0.276, 1.000, 0.000, 1.000, 0.173, 0.000, -0.000
57.500, 0.904, -0.243, 0.000, 0.000, 0.000, 0.168, -0.000, 0.000
57.520, 0.801, -0.742, 0.000, 0.000, 0.000, 0.164, -0.000, 0.000
57.540, 0.538, -0.915, 0.000, 0.394, 0.394, 0.165, -0.027, 0.032
57.560, 0.044, -0.912, 0.000, 1.000, 1.000, 0.168, -0.108, 0.108
57.580, -0.609, -0.820, 0.000, 1.000, 1.000, 0.171, -0.115, 0.139
57.600, -0.888, -0.625, 0.000, 0.000, 0.000, 0.167, -0.000, 0.000
57.620, -0.931, -0.265, 0.000, 0.000, 0.000, 0.164, 0.000, 0.000
57.640, -0.902, 0.256, 1.000, 0.000, 1.000, 0.168, -0.000, -0.000
57.660, -0.797, 0.749, 1.000, 0.000, 1.000, 0.171, -0.000, -0.000
57.680, -0.555, 0.914, 1.000, 0.520, 0.480, 0.169, -0.036, -0.044
57.700, -0.923, -0.135, 0.000, 1.000, 1.000, 0.172, 0.070, 0.245
57.720, -0.864, 0.611, 1.000, 1.000, 0.000, 0.167, -0.510, -1.276
57.740, -0.854, 0.241, 1.000, 1.000, 0.000, 0.165, -0.531, -0.439
57.760, -0.891, 0.532, 1.000, 1.000, 0.000, 0.163, -0.191, -0.739
57.780, -0.753, 0.755, 1.000, 1.000, 0.000, 0.162, -0.363, -0.542
57.800, -0.494, 0.917, 1.000, 0.000, 1.000, 0.167, -0.000, -0.000
57.820, -0.068, 0.925, 1.000, 0.000, 1.000, 0.170, -0.000, -0.000
57.840, 0.488, 0.872, 1.000, 0.000, 1.000, 0.172, -0.000, -0.000
57.860, 0.855, 0.711, 1.000, 0.000, 1.000, 0.173, -0.000, -0.000
57.880, 0.933, 0.391, 1.000, 0.000, 1.000, 0.175, 0.000, -0.000
57.900, 0.917, -0.086, 0.000, 0.000, 0.000, 0.169, 0.000, 0.000
57.920, 0.841, -0.632, 0.000, 0.000, 0.000, 0.166, -0.000, 0.000
57.940, 0.632, -0.896, 0.000, 0.125, 0.125, 0.165, -0.008, 0.010
57.960, 0.203, -0.920, 0.000, 1.000, 1.000, 0.169, -0.096, 0.098
57.980, -0.453, -0.855, 0.000, 1.000, 1.000, 0.172, -0.134, 0.145
58.000, -0.838, -0.711, 0.000, 0.003, 0.003, 0.168, -0.000, 0.000
58.020, -0.930, -0.402, 0.000, 0.000, 0.000, 0.165, 0.000, 0.000
58.040, -0.918, 0.070, 1.000, 0.000, 1.000, 0.169, 0.000, -0.000
58.060, -0.845, 0.618, 1.000, 0.000, 1.000, 0.172, -0.000, -0.000
58.080, -0.642, 0.894, 1.000, 0.000, 1.000, 0.174, -0.000, -0.000
58.100, -0.895, 0.104, 1.000, 1.000, 0.000, 0.169, -0.192, -0.162
58.120, -0.891, 0.499, 1.000, 1.000, 0.000, 0.166, -0.278, -1.015
58.140, -0.828, 0.296, 1.000, 1.000, 0.000, 0.164, -0.718, -0.569
58.160, -0.910, 0.481, 1.000, 1.000, 0.000, 0.163, -0.062, -0.749
58.180, -0.755, 0.694, 1.000, 1.000, 0.000, 0.162, -0.482, -0.656
58.200, -0.567, 0.886, 1.000, 1.000, 0.000, 0.161, -0.085, -0.105
58.220, -0.190, 0.926, 1.000, 0.000, 1.000, 0.167, -0.000, -0.000
58.240, 0.349, 0.891, 1.000, 0.000, 1.000, 0.170, -0.000, -0.000
58.260, 0.798, 0.766, 1.000, 0.000, 1.000, 0.172, -0.000, -0.000
58.280, 0.927, 0.485, 1.000, 0.000, 1.000, 0.174, 0.000, -0.000
58.300, 0.926, 0.048, 1.000, 0.000, 1.000, 0.175, 0.000, -0.000
58.320, 0.869, -0.510, 0.000, 0.000, 0.000, 0.170, -0.000, 0.000
58.340, 0.701, -0.863, 0.000, 0.000, 0.000, 0.167, -0.000, 0.000
58.360, 0.332, -0.923, 0.000, 0.931, 0.931, 0.170, -0.075, 0.079
58.380, -0.283, -0.882, 0.000, 1.000, 1.000, 0.173, -0.132, 0.135
58.400, -0.783, -0.754, 0.000, 0.695, 0.695, 0.173, -0.030, 0.050
58.420, -0.923, -0.481, 0.000, 0.000, 0.000, 0.169, 0.000, 0.000
58.440, -0.924, -0.045, 0.000, 0.000, 0.000, 0.166, 0.000, 0.000
58.460, -0.868, 0.512, 1.000, 0.000, 1.000, 0.171, -0.000, -0.000
58.480, -0.700, 0.864, 1.000, 0.000, 1.000, 0.173, -0.000, -0.000
58.500, -0.842, 0.413, 1.000, 1.000, 0.000, 0.169, -0.424, -0.536
58.520, -0.912, 0.329, 1.000, 1.000, 0.000, 0.166, -0.061, -0.627
58.540, -0.806, 0.402, 1.000, 1.000, 0.000, 0.165, -0.848, -0.799
58.560, -0.916, 0.417, 1.000, 1.000, 0.000, 0.164, -0.012, -0.688
58.580, -0.764, 0.639, 1.000, 1.000, 0.000, 0.163, -0.557, -0.715
58.600, -0.657, 0.839, 1.000, 1.000, 0.000, 0.162, -0.200, -0.266
58.620, -0.336, 0.925, 1.000, 0.000, 1.000, 0.167, -0.000, -0.000
58.640, 0.158, 0.909, 1.000, 0.000, 1.000, 0.171, -0.000, -0.000
58.660, 0.685, 0.823, 1.000, 0.000, 1.000, 0.173, -0.000, -0.000
58.680, 0.909, 0.595, 1.000, 0.000, 1.000, 0.174, -0.000, -0.000
58.700, 0.932, 0.212, 1.000, 0.000, 1.000, 0.176, 0.000, -0.000
58.720, 0.896, -0.324, 0.000, 0.000, 0.000, 0.170, -0.000, 0.000
58.740, 0.775, -0.787, 0.000, 0.000, 0.000, 0.167, -0.000, 0.000
58.760, 0.479, -0.919, 0.000, 0.666, 0.666, 0.169, -0.049, 0.056
58.780, -0.058, -0.904, 0.000, 1.000, 1.000, 0.172, -0.122, 0.121
58.800, -0.680, -0.798, 0.000, 1.000, 1.000, 0.175, -0.092, 0.121
58.820, -0.904, -0.574, 0.000, 0.000, 0.000, 0.170, -0.000, 0.000
58.840, -0.930, -0.187, 0.000, 0.000, 0.000, 0.167, 0.000, 0.000
58.860, -0.891, 0.354, 1.000, 0.000, 1.000, 0.171, -0.000, -0.000
58.880, -0.765, 0.801, 1.000, 0.000, 1.000, 0.174, -0.000, -0.000
58.900, -0.768, 0.678, 1.000, 1.000, 0.000, 0.170, -0.472, -0.656
58.920, -0.917, 0.136, 1.000, 1.000, 0.000, 0.167, 0.004, -0.243
58.940, -0.830, 0.495, 1.000, 1.000, 0.000, 0.165, -0.735, -1.017
58.960, -0.902, 0.337, 1.000, 1.000, 0.000, 0.164, -0.156, -0.598
58.980, -0.816, 0.574, 1.000, 1.000, 0.000, 0.163, -0.515, -0.759
59.000, -0.751, 0.774, 1.000, 1.000, 0.000, 0.162, -0.302, -0.461
59.020, -0.481, 0.921, 1.000, 0.000, 1.000, 0.168, -0.000, -0.000
59.040, -0.048, 0.924, 1.000, 0.000, 1.000, 0.171, -0.000, -0.000
59.060, 0.509, 0.868, 1.000, 0.000, 1.000, 0.173, -0.000, -0.000
59.080, 0.863, 0.701, 1.000, 0.000, 1.000, 0.175, -0.000, -0.000
59.100, 0.933, 0.376, 1.000, 0.000, 1.000, 0.176, 0.000, -0.000
59.120, 0.916, -0.108, 0.000, 0.000, 0.000, 0.171, -0.000, 0.000
59.140, 0.836, -0.649, 0.000, 0.000, 0.000, 0.168, -0.000, 0.000
59.160, 0.618, -0.898, 0.000, 0.239, 0.239, 0.167, -0.015, 0.020
59.180, 0.178, -0.919, 0.000, 1.000, 1.000, 0.171, -0.100, 0.102
59.200, -0.477, -0.851, 0.000, 1.000, 1.000, 0.174, -0.129, 0.142
59.220, -0.847, -0.700, 0.000, 0.000, 0.000, 0.170, -0.000, 0.000
59.240, -0.931, -0.383, 0.000, 0.000, 0.000, 0.167, 0.000, 0.000
59.260, -0.916, 0.096, 1.000, 0.000, 1.000, 0.171, -0.000, -0.000
59.280, -0.839, 0.640, 1.000, 0.000, 1.000, 0.174, -0.000, -0.000
59.300, -0.633, 0.896, 1.000, 0.220, 0.780, 0.174, -0.014, -0.019
59.320, -0.923, -0.112, 0.000, 1.000, 1.000, 0.176, 0.064, 0.206
59.340, -0.860, 0.607, 1.000, 1.000, 0.000, 0.171, -0.551, -1.309
59.360, -0.867, 0.172, 1.000, 1.000, 0.000, 0.168, -0.470, -0.331
59.380, -0.898, 0.519, 1.000, 1.000, 0.000, 0.166, -0.160, -0.795
59.400, -0.758, 0.716, 1.000, 1.000, 0.000, 0.165, -0.437, -0.626
59.420, -0.542, 0.900, 1.000, 0.693, 0.307, 0.166, -0.047, -0.057
59.440, -0.145, 0.926, 1.000, 0.000, 1.000, 0.171, -0.000, -0.000
59.460, 0.402, 0.884, 1.000, 0.000, 1.000, 0.174, -0.000, -0.000
59.480, 0.822, 0.746, 1.000, 0.000, 1.000, 0.175, -0.000, -0.000
59.500, 0.930, 0.451, 1.000, 0.000, 1.000, 0.177, 0.000, -0.000
59.520, 0.923, -0.002, 0.000, 0.000, 0.000, 0.172, 0.000, 0.000
59.540, 0.859, -0.558, 0.000, 0.000, 0.000, 0.169, -0.000, 0.000
59.560, 0.677, -0.878, 0.000, 0.002, 0.002, 0.167, -0.000, 0.000
59.580, 0.284, -0.922, 0.000, 1.000, 1.000, 0.171, -0.086, 0.090
59.600, -0.353, -0.871, 0.000, 1.000, 1.000, 0.174, -0.138, 0.144
59.620, -0.808, -0.737, 0.000, 0.427, 0.427, 0.173, -0.016, 0.030
59.640, -0.926, -0.448, 0.000, 0.000, 0.000, 0.169, 0.000, 0.000
59.660, -0.922, 0.003, 1.000, 0.000, 1.000, 0.173, 0.000, -0.000
59.680, -0.859, 0.559, 1.000, 0.000, 1.000, 0.176, -0.000, -0.000
59.700, -0.676, 0.878, 1.000, 0.000, 1.000, 0.177, -0.000, -0.000
59.720, -0.911, -0.012, 0.000, 1.000, 1.000, 0.178, -0.068, 0.021
59.740, -0.877, 0.556, 1.000, 1.000, 0.000, 0.173, -0.415, -1.186
59.760, -0.852, 0.193, 1.000, 1.000, 0.000, 0.170, -0.598, -0.384
59.780, -0.912, 0.494, 1.000, 1.000, 0.000, 0.168, -0.046, -0.807
59.800, -0.748, 0.680, 1.000, 1.000, 0.000, 0.167, -0.526, -0.685
59.820, -0.586, 0.873, 1.000, 1.000, 0.000, 0.166, -0.120, -0.150
59.840, -0.223, 0.925, 1.000, 0.000, 1.000, 0.171, -0.000, -0.000
59.860, 0.306, 0.895, 1.000, 0.000, 1.000, 0.174, -0.000, -0.000
59.880, 0.777, 0.780, 1.000, 0.000, 1.000, 0.176, -0.000, -0.000
59.900, 0.924, 0.511, 1.000, 0.000, 1.000, 0.178, 0.000, -0.000
59.920, 0.928, 0.086, 1.000, 0.000, 1.000, 0.179, 0.000, -0.000
59.940, 0.876, -0.470, 0.000, 0.000, 0.000, 0.174, -0.000, 0.000
59.960, 0.719, -0.849, 0.000, 0.000, 0.000, 0.171, -0.000, 0.000
59.980, 0.362, -0.922, 0.000, 0.960, 0.960, 0.174, -0.078, 0.084
60.000, -0.246, -0.884, 0.000, 1.000, 1.000, 0.177, -0.138, 0.141
60.020, -0.770, -0.760, 0.000, 0.873, 0.873, 0.178, -0.041, 0.065
60.040, -0.921, -0.493, 0.000, 0.000, 0.000, 0.173, 0.000, 0.000
60.060, -0.925, -0.064, 0.000, 0.000, 0.000, 0.170, 0.000, 0.000
60.080, -0.871, 0.493, 1.000, 0.000, 1.000, 0.175, -0.000, -0.000
60.100, -0.709, 0.857, 1.000, 0.000, 1.000, 0.177, -0.000, -0.000
60.120, -0.887, 0.173, 1.000, 1.000, 0.000, 0.173, -0.252, -0.266
60.140, -0.896, 0.462, 1.000, 1.000, 0.000, 0.170, -0.235, -0.938
60.160, -0.829, 0.270, 1.000, 1.000, 0.000, 0.169, -0.761, -0.553
60.180, -0.924, 0.443, 1.000, 1.000, 0.000, 0.167, 0.079, -0.775
60.200, -0.735, 0.627, 1.000, 1.000, 0.000, 0.166, -0.655, -0.746
60.220, -0.658, 0.823, 1.000, 1.000, 0.000, 0.166, -0.222, -0.289
60.240, -0.347, 0.922, 1.000, 0.000, 1.000, 0.171, -0.000, -0.000
60.260, 0.141, 0.910, 1.000, 0.000, 1.000, 0.174, -0.000, -0.000
60.280, 0.673, 0.827, 1.000, 0.000, 1.000, 0.177, -0.000, -0.000
60.300, 0.906, 0.605, 1.000, 0.000, 1.000, 0.178, -0.000, -0.000
60.320, 0.933, 0.226, 1.000, 0.000, 1.000, 0.179, 0.000, -0.000
60.340, 0.898, -0.307, 0.000, 0.000, 0.000, 0.174, -0.000, 0.000
60.360, 0.781, -0.778, 0.000, 0.000, 0.000, 0.171, -0.000, 0.000
60.380, 0.491, -0.917, 0.000, 0.641, 0.641, 0.173, -0.048, 0.055
60.400, -0.040, -0.905, 0.000, 1.000, 1.000, 0.176, -0.122, 0.122
60.420, -0.671, -0.800, 0.000, 1.000, 1.000, 0.178, -0.098, 0.127
60.440, -0.902, -0.581, 0.000, 0.000, 0.000, 0.174, -0.000, 0.000
60.460, -0.930, -0.198, 0.000, 0.000, 0.000, 0.171, 0.000, 0.000
60.480, -0.893, 0.341, 1.000, 0.000, 1.000, 0.175, -0.000, -0.000
60.500, -0.769, 0.795, 1.000, 0.000, 1.000, 0.178, -0.000, -0.000
60.520, -0.747, 0.721, 1.000, 1.000, 0.000, 0.173, -0.455, -0.633
60.540, -0.920, 0.079, 1.000, 1.000, 0.000, 0.171, 0.035, -0.142
60.560, -0.832, 0.519, 1.000, 1.000, 0.000, 0.169, -0.744, -1.100
60.580, -0.903, 0.286, 1.000, 1.000, 0.000, 0.168, -0.153, -0.529
60.600, -0.828, 0.554, 1.000, 1.000, 0.000, 0.167, -0.507, -0.782
60.620, -0.771, 0.749, 1.000, 1.000, 0.000, 0.166, -0.328, -0.518
60.640, -0.515, 0.917, 1.000, 0.000, 1.000, 0.171, -0.000, -0.000
60.660, -0.097, 0.927, 1.000, 0.000, 1.000, 0.175, -0.000, -0.000
60.680, 0.457, 0.877, 1.000, 0.000, 1.000, 0.177, -0.000, -0.000
60.700, 0.845, 0.724, 1.000, 0.000, 1.000, 0.179, -0.000, -0.000
60.720, 0.932, 0.414, 1.000, 0.000, 1.000, 0.180, 0.000, -0.000
60.740, 0.920, -0.055, 0.000, 0.000, 0.000, 0.175, 0.000, 0.000
60.760, 0.848, -0.606, 0.000, 0.000, 0.000, 0.171, -0.000, 0.000
60.780, 0.648, -0.889, 0.000, 0.128, 0.128, 0.170, -0.008, 0.011
60.800, 0.231, -0.921, 0.000, 1.000, 1.000, 0.174, -0.094, 0.096
60.820, -0.418, -0.861, 0.000, 1.000, 1.000, 0.177, -0.135, 0.144
60.840, -0.827, -0.724, 0.000, 0.081, 0.081, 0.173, -0.003, 0.006
60.860, -0.929, -0.423, 0.000, 0.000, 0.000, 0.171, 0.000, 0.000
60.880, -0.920, 0.040, 1.000, 0.000, 1.000, 0.175, 0.000, -0.000
60.900, -0.851, 0.592, 1.000, 0.000, 1.000, 0.177, -0.000, -0.000
60.920, -0.658, 0.887, 1.000, 0.000, 1.000, 0.179, -0.000, -0.000
60.940, -0.882, 0.193, 1.000, 1.000, 0.000, 0.174, -0.274, -0.287
60.960, -0.901, 0.445, 1.000, 1.000, 0.000, 0.171, -0.185, -0.911
60.980, -0.815, 0.319, 1.000, 1.000, 0.000, 0.170, -0.807, -0.631
61.000, -0.916, 0.463, 1.000, 1.000, 0.000, 0.168, -0.011, -0.734
61.020, -0.750, 0.686, 1.000, 1.000, 0.000, 0.167, -0.502, -0.665
61.040, -0.575, 0.880, 1.000, 1.000, 0.000, 0.166, -0.098, -0.122
61.060, -0.203, 0.925, 1.000, 0.000, 1.000, 0.172, -0.000, -0.000
61.080, 0.332, 0.892, 1.000, 0.000, 1.000, 0.175, -0.000, -0.000
61.100, 0.790, 0.771, 1.000, 0.000, 1.000, 0.177, -0.000, -0.000
61.120, 0.926, 0.495, 1.000, 0.000, 1.000, 0.179, 0.000, -0.000
61.140, 0.927, 0.063, 1.000, 0.000, 1.000, 0.180, 0.000, -0.000
61.160, 0.872, -0.494, 0.000, 0.000, 0.000, 0.175, -0.000, 0.000
61.180, 0.709, -0.858, 0.000, 0.000, 0.000, 0.172, -0.000, 0.000
61.200, 0.342, -0.922, 0.000, 0.954, 0.954, 0.175, -0.078, 0.084
61.220, -0.274, -0.881, 0.000, 1.000, 1.000, 0.178, -0.139, 0.142
61.240, -0.782, -0.752, 0.000, 0.788, 0.788, 0.178, -0.035, 0.058
61.260, -0.923, -0.479, 0.000, 0.000, 0.000, 0.174, 0.000, 0.000
61.280, -0.924, -0.043, 0.000, 0.000, 0.000, 0.171, 0.000, 0.000
61.300, -0.868, 0.514, 1.000, 0.000, 1.000, 0.176, -0.000, -0.000
61.320, -0.699, 0.864, 1.000, 0.000, 1.000, 0.178, -0.000, -0.000
61.340, -0.847, 0.391, 1.000, 1.000, 0.000, 0.174, -0.412, -0.516
61.360, -0.913, 0.328, 1.000, 1.000, 0.000, 0.171, -0.052, -0.641
61.380, -0.803, 0.390, 1.000, 1.000, 0.000, 0.170, -0.883, -0.792
61.400, -0.921, 0.408, 1.000, 1.000, 0.000, 0.168, 0.038, -0.686
61.420, -0.756, 0.637, 1.000, 1.000, 0.000, 0.167, -0.581, -0.720
61.440, -0.651, 0.839, 1.000, 1.000, 0.000, 0.167, -0.194, -0.256
61.460, -0.327, 0.924, 1.000, 0.000, 1.000, 0.172, -0.000, -0.000
61.480, 0.168, 0.908, 1.000, 0.000, 1.000, 0.175, -0.000, -0.000
61.500, 0.693, 0.820, 1.000, 0.000, 1.000, 0.178, -0.000, -0.000
61.520, 0.910, 0.590, 1.000, 0.000, 1.000, 0.179, -0.000, -0.000
61.540, 0.932, 0.204, 1.000, 0.000, 1.000, 0.180, 0.000, -0.000
61.560, 0.894, -0.335, 0.000, 0.000, 0.000, 0.175, -0.000, 0.000
61.580, 0.772, -0.792, 0.000, 0.000, 0.000, 0.172, -0.000, 0.000
61.600, 0.470, -0.919, 0.000, 0.698, 0.698, 0.174, -0.053, 0.061
61.620, -0.076, -0.902, 0.000, 1.000, 1.000, 0.177, -0.127, 0.127
61.640, -0.692, -0.793, 0.000, 1.000, 1.000, 0.179, -0.089, 0.119
61.660, -0.907, -0.564, 0.000, 0.000, 0.000, 0.175, -0.000, 0.000
61.680, -0.929, -0.172, 0.000, 0.000, 0.000, 0.172, 0.000, 0.000
61.700, -0.889, 0.373, 1.000, 0.000, 1.000, 0.176, -0.000, -0.000
61.720, -0.758, 0.810, 1.000, 0.000, 1.000, 0.179, -0.000, -0.000
61.740, -0.772, 0.665, 1.000, 1.000, 0.000, 0.174, -0.476, -0.659
61.760, -0.921, 0.115, 1.000, 1.000, 0.000, 0.172, 0.049, -0.212
61.780, -0.820, 0.502, 1.000, 1.000, 0.000, 0.170, -0.814, -1.061
61.800, -0.910, 0.308, 1.000, 1.000, 0.000, 0.169, -0.074, -0.559
61.820, -0.807, 0.572, 1.000, 1.000, 0.000, 0.168, -0.556, -0.769
61.840, -0.751, 0.772, 1.000, 1.000, 0.000, 0.167, -0.299, -0.456
61.860, -0.483, 0.920, 1.000, 0.000, 1.000, 0.172, -0.000, -0.000
61.880, -0.050, 0.924, 1.000, 0.000, 1.000, 0.176, -0.000, -0.000
61.900, 0.507, 0.869, 1.000, 0.000, 1.000, 0.178, -0.000, -0.000
61.920, 0.862, 0.702, 1.000, 0.000, 1.000, 0.179, -0.000, -0.000
61.940, 0.933, 0.377, 1.000, 0.000, 1.000, 0.181, 0.000, -0.000
61.960, 0.916, -0.106, 0.000, 0.000, 0.000, 0.175, -0.000, 0.000
61.980, 0.837, -0.648, 0.000, 0.000, 0.000, 0.172, -0.000, 0.000
62.000, 0.617, -0.897, 0.000, 0.327, 0.327, 0.172, -0.021, 0.028
62.020, 0.176, -0.918, 0.000, 1.000, 1.000, 0.176, -0.103, 0.105
62.040, -0.478, -0.851, 0.000, 1.000, 1.000, 0.179, -0.128, 0.140
62.060, -0.848, -0.699, 0.000, 0.000, 0.000, 0.174, -0.000, 0.000
62.080, -0.931, -0.382, 0.000, 0.000, 0.000, 0.172, 0.000, 0.000
62.100, -0.916, 0.098, 1.000, 0.000, 1.000, 0.176, -0.000, -0.000
62.120, -0.838, 0.641, 1.000, 0.000, 1.000, 0.178, -0.000, -0.000
62.140, -0.769, 0.724, 1.000, 1.000, 0.000, 0.174, -0.412, -0.621
62.160, -0.906, 0.144, 1.000, 1.000, 0.000, 0.172, -0.110, -0.249
62.180, -0.863, 0.475, 1.000, 1.000, 0.000, 0.170, -0.544, -1.020
62.200, -0.886, 0.275, 1.000, 1.000, 0.000, 0.169, -0.327, -0.543
62.220, -0.864, 0.511, 1.000, 1.000, 0.000, 0.168, -0.392, -0.808
62.240, -0.793, 0.694, 1.000, 1.000, 0.000, 0.167, -0.393, -0.628
62.260, -0.581, 0.900, 1.000, 0.651, 0.349, 0.168, -0.043, -0.055
62.280, -0.199, 0.929, 1.000, 0.000, 1.000, 0.173, -0.000, -0.000
62.300, 0.340, 0.893, 1.000, 0.000, 1.000, 0.176, -0.000, -0.000
62.320, 0.794, 0.769, 1.000, 0.000, 1.000, 0.178, -0.000, -0.000
62.340, 0.927, 0.491, 1.000, 0.000, 1.000, 0.179, 0.000, -0.000
62.360, 0.926, 0.057, 1.000, 0.000, 1.000, 0.180, 0.000, -0.000
62.380, 0.871, -0.501, 0.000, 0.000, 0.000, 0.175, -0.000, 0.000
62.400, 0.706, -0.860, 0.000, 0.000, 0.000, 0.172, -0.000, 0.000
62.420, 0.331, -0.921, 0.000, 1.000, 1.000, 0.176, -0.089, 0.094
62.440, -0.290, -0.879, 0.000, 1.000, 1.000, 0.178, -0.140, 0.144
62.460, -0.783, -0.754, 0.000, 0.587, 0.587, 0.178, -0.026, 0.043
62.480, -0.923, -0.480, 0.000, 0.000, 0.000, 0.174, 0.000, 0.000
62.500, -0.924, -0.044, 0.000, 0.000, 0.000, 0.171, 0.000, 0.000
62.520, -0.868, 0.513, 1.000, 0.000, 1.000, 0.176, -0.000, -0.000
62.540, -0.703, 0.860, 1.000, 0.361, 0.639, 0.176, -0.020, -0.031
62.560, -0.864, 0.310, 1.000, 1.000, 0.000, 0.173, -0.360, -0.438
62.580, -0.913, 0.340, 1.000, 1.000, 0.000, 0.171, -0.051, -0.725
62.600, -0.800, 0.352, 1.000, 1.000, 0.000, 0.169, -0.949, -0.749
62.620, -0.930, 0.401, 1.000, 1.000, 0.000, 0.168, 0.143, -0.697
62.640, -0.735, 0.640, 1.000, 1.000, 0.000, 0.167, -0.621, -0.723
62.660, -0.623, 0.844, 1.000, 1.000, 0.000, 0.166, -0.172, -0.218
62.680, -0.290, 0.923, 1.000, 0.000, 1.000, 0.172, -0.000, -0.000
62.700, 0.218, 0.903, 1.000, 0.000, 1.000, 0.175, -0.000, -0.000
62.720, 0.725, 0.806, 1.000, 0.000, 1.000, 0.178, -0.000, -0.000
62.740, 0.916, 0.562, 1.000, 0.000, 1.000, 0.179, -0.000, -0.000
62.760, 0.931, 0.162, 1.000, 0.000, 1.000, 0.180, 0.000, -0.000
62.780, 0.888, -0.385, 0.000, 0.000, 0.000, 0.175, -0.000, 0.000
62.800, 0.754, -0.815, 0.000, 0.000, 0.000, 0.172, -0.000, 0.000
62.820, 0.437, -0.922, 0.000, 0.666, 0.666, 0.174, -0.052, 0.058
62.840, -0.126, -0.898, 0.000, 1.000, 1.000, 0.177, -0.127, 0.128
62.860, -0.718, -0.784, 0.000, 1.000, 1.000, 0.179, -0.074, 0.104
62.880, -0.912, -0.543, 0.000, 0.000, 0.000, 0.175, -0.000, 0.000
62.900, -0.928, -0.139, 0.000, 0.000, 0.000, 0.172, 0.000, 0.000
62.920, -0.884, 0.411, 1.000, 0.000, 1.000, 0.176, -0.000, -0.000
62.940, -0.744, 0.826, 1.000, 0.000, 1.000, 0.178, -0.000, -0.000
62.960, -0.762, 0.677, 1.000, 1.000, 0.000, 0.174, -0.478, -0.651
62.980, -0.929, 0.042, 1.000, 1.000, 0.000, 0.172, 0.158, -0.080
63.000, -0.801, 0.540, 1.000, 1.000, 0.000, 0.170, -0.928, -1.165
63.020, -0.917, 0.268, 1.000, 1.000, 0.000, 0.168, 0.001, -0.487
63.040, -0.801, 0.576, 1.000, 1.000, 0.000, 0.168, -0.568, -0.766
63.060, -0.745, 0.777, 1.000, 1.000, 0.000, 0.167, -0.292, -0.440
63.080, -0.474, 0.921, 1.000, 0.000, 1.000, 0.172, -0.000, -0.000
63.100, -0.037, 0.923, 1.000, 0.000, 1.000, 0.176, -0.000, -0.000
63.120, 0.520, 0.866, 1.000, 0.000, 1.000, 0.178, -0.000, -0.000
63.140, 0.866, 0.696, 1.000, 0.000, 1.000, 0.179, -0.000, -0.000
63.160, 0.934, 0.367, 1.000, 0.000, 1.000, 0.180, 0.000, -0.000
63.180, 0.915, -0.120, 0.000, 0.000, 0.000, 0.175, -0.000, 0.000
63.200, 0.833, -0.659, 0.000, 0.000, 0.000, 0.172, -0.000, 0.000
63.220, 0.613, -0.901, 0.000, 0.146, 0.146, 0.171, -0.009, 0.012
63.240, 0.172, -0.919, 0.000, 1.000, 1.000, 0.175, -0.096, 0.098
63.260, -0.486, -0.850, 0.000, 1.000, 1.000, 0.178, -0.131, 0.144
63.280, -0.851, -0.696, 0.000, 0.000, 0.000, 0.174, -0.000, 0.000
63.300, -0.931, -0.376, 0.000, 0.000, 0.000, 0.171, 0.000, 0.000
63.320, -0.915, 0.106, 1.000, 0.000, 1.000, 0.175, -0.000, -0.000
63.340, -0.836, 0.648, 1.000, 0.000, 1.000, 0.178, -0.000, -0.000
63.360, -0.638, 0.891, 1.000, 0.768, 0.232, 0.175, -0.049, -0.067
63.380, -0.925, -0.130, 0.000, 1.000, 1.000, 0.178, 0.093, 0.243
63.400, -0.856, 0.620, 1.000, 1.000, 0.000, 0.174, -0.604, -1.380
63.420, -0.876, 0.118, 1.000, 1.000, 0.000, 0.171, -0.416, -0.233
63.440, -0.899, 0.522, 1.000, 1.000, 0.000, 0.170, -0.154, -0.832
63.460, -0.758, 0.704, 1.000, 1.000, 0.000, 0.168, -0.464, -0.650
63.480, -0.561, 0.891, 1.000, 1.000, 0.000, 0.168, -0.076, -0.094
63.500, -0.177, 0.926, 1.000, 0.000, 1.000, 0.173, -0.000, -0.000
63.520, 0.364, 0.889, 1.000, 0.000, 1.000, 0.176, -0.000, -0.000
63.540, 0.806, 0.760, 1.000, 0.000, 1.000, 0.178, -0.000, -0.000
63.560, 0.928, 0.475, 1.000, 0.000, 1.000, 0.180, 0.000, -0.000
63.580, 0.925, 0.034, 1.000, 0.000, 1.000, 0.181, 0.000, -0.000
63.600, 0.866, -0.524, 0.000, 0.000, 0.000, 0.176, -0.000, 0.000
63.620, 0.694, -0.867, 0.000, 0.000, 0.000, 0.173, -0.000, 0.000
63.640, 0.315, -0.922, 0.000, 0.994, 0.994, 0.176, -0.083, 0.088
63.660, -0.315, -0.876, 0.000, 1.000, 1.000, 0.179, -0.142, 0.147
63.680, -0.796, -0.743, 0.000, 0.615, 0.615, 0.178, -0.025, 0.045
63.700, -0.925, -0.461, 0.000, 0.000, 0.000, 0.174, 0.000, 0.000
63.720, -0.923, -0.017, 0.000, 0.000, 0.000, 0.172, 0.000, 0.000
63.740, -0.863, 0.539, 1.000, 0.000, 1.000, 0.176, -0.000, -0.000
63.760, -0.686, 0.872, 1.000, 0.000, 1.000, 0.179, -0.000, -0.000
63.780, -0.867, 0.290, 1.000, 1.000, 0.000, 0.175, -0.347, -0.409
63.800, -0.908, 0.383, 1.000, 1.000, 0.000, 0.172, -0.106, -0.778
63.820, -0.807, 0.351, 1.000, 1.000, 0.000, 0.170, -0.868, -0.711
63.840, -0.920, 0.435, 1.000, 1.000, 0.000, 0.169, 0.032, -0.715
63.860, -0.750, 0.664, 1.000, 1.000, 0.000, 0.168, -0.542, -0.691
63.880, -0.605, 0.864, 1.000, 1.000, 0.000, 0.167, -0.139, -0.175
63.900, -0.254, 0.925, 1.000, 0.000, 1.000, 0.173, -0.000, -0.000
63.920, 0.267, 0.899, 1.000, 0.000, 1.000, 0.176, -0.000, -0.000
63.940, 0.755, 0.792, 1.000, 0.000, 1.000, 0.178, -0.000, -0.000
63.960, 0.921, 0.534, 1.000, 0.000, 1.000, 0.180, 0.000, -0.000
63.980, 0.929, 0.120, 1.000, 0.000, 1.000, 0.181, 0.000, -0.000
64.000, 0.882, -0.433, 0.000, 0.000, 0.000, 0.176, -0.000, 0.000
64.020, 0.735, -0.835, 0.000, 0.000, 0.000, 0.173, -0.000, 0.000
64.040, 0.399, -0.923, 0.000, 0.765, 0.765, 0.175, -0.061, 0.067
64.060, -0.198, -0.889, 0.000, 1.000, 1.000, 0.178, -0.143, 0.145
64.080, -0.757, -0.763, 0.000, 1.000, 1.000, 0.180, -0.061, 0.093
64.100, -0.918, -0.503, 0.000, 0.000, 0.000, 0.176, 0.000, 0.000
64.120, -0.926, -0.080, 0.000, 0.000, 0.000, 0.173, 0.000, 0.000
64.140, -0.874, 0.476, 1.000, 0.000, 1.000, 0.177, -0.000, -0.000
64.160, -0.716, 0.851, 1.000, 0.000, 1.000, 0.179, -0.000, -0.000
64.180, -0.564, 0.874, 1.000, 1.000, 0.000, 0.175, -0.271, -0.329
64.200, -0.908, -0.000, 0.000, 1.000, 1.000, 0.178, -0.088, 0.001
64.220, -0.878, 0.550, 1.000, 1.000, 0.000, 0.175, -0.356, -1.014
64.240, -0.839, 0.319, 1.000, 1.000, 0.000, 0.172, -0.608, -0.572
64.260, -0.894, 0.509, 1.000, 1.000, 0.000, 0.171, -0.178, -0.741
64.280, -0.763, 0.724, 1.000, 1.000, 0.000, 0.169, -0.406, -0.599
64.300, -0.519, 0.911, 1.000, 0.000, 1.000, 0.174, -0.000, -0.000
64.320, -0.107, 0.926, 1.000, 0.000, 1.000, 0.178, -0.000, -0.000
64.340, 0.446, 0.879, 1.000, 0.000, 1.000, 0.180, -0.000, -0.000
64.360, 0.840, 0.729, 1.000, 0.000, 1.000, 0.181, -0.000, -0.000
64.380, 0.932, 0.422, 1.000, 0.000, 1.000, 0.182, 0.000, -0.000
64.400, 0.920, -0.043, 0.000, 0.000, 0.000, 0.177, 0.000, 0.000
64.420, 0.851, -0.596, 0.000, 0.000, 0.000, 0.174, -0.000, 0.000
64.440, 0.652, -0.885, 0.000, 0.277, 0.277, 0.174, -0.017, 0.024
64.460, 0.209, -0.913, 0.000, 1.000, 1.000, 0.178, -0.139, 0.142
64.480, -0.488, -0.837, 0.000, 1.000, 1.000, 0.180, -0.183, 0.199
64.500, -0.849, -0.685, 0.000, 0.007, 0.007, 0.176, -0.000, 0.000
64.520, -0.930, -0.364, 0.000, 0.000, 0.000, 0.173, 0.000, 0.000
64.540, -0.914, 0.121, 1.000, 0.000, 1.000, 0.177, -0.000, -0.000
64.560, -0.833, 0.659, 1.000, 0.000, 1.000, 0.180, -0.000, -0.000
64.580, -0.615, 0.903, 1.000, 0.000, 1.000, 0.182, -0.000, -0.000
64.600, -0.242, 0.933, 1.000, 0.000, 1.000, 0.183, -0.000, -0.000
64.620, -0.867, -0.181, 0.000, 1.000, 1.000, 0.184, -0.417, 0.305
64.640, -0.937, 0.545, 1.000, 1.000, 0.000, 0.179, 0.209, -0.843
64.660, -0.634, 0.551, 1.000, 1.000, 0.000, 0.176, -0.978, -0.775
64.680, -0.768, 0.667, 1.000, 1.000, 0.000, 0.173, -0.357, -0.488
64.700, -0.552, 0.897, 1.000, 0.000, 1.000, 0.178, -0.000, -0.000
64.720, -0.162, 0.926, 1.000, 0.000, 1.000, 0.181, -0.000, -0.000
64.740, 0.382, 0.887, 1.000, 0.000, 1.000, 0.183, -0.000, -0.000
64.760, 0.814, 0.754, 1.000, 0.000, 1.000, 0.184, -0.000, -0.000
64.780, 0.929, 0.464, 1.000, 0.000, 1.000, 0.185, 0.000, -0.000
64.800, 0.924, 0.017, 1.000, 0.000, 1.000, 0.186, 0.000, -0.000
64.820, 0.863, -0.540, 0.000, 0.000, 0.000, 0.181, -0.000, 0.000
64.840, 0.686, -0.872, 0.000, 0.036, 0.036, 0.178, -0.002, 0.003
64.860, 0.275, -0.916, 0.000, 1.000, 1.000, 0.181, -0.125, 0.130
64.880, -0.421, -0.848, 0.000, 1.000, 1.000, 0.184, -0.201, 0.211
64.900, -0.841, -0.686, 0.000, 0.708, 0.708, 0.184, -0.022, 0.048
64.920, -0.928, -0.370, 0.000, 0.000, 0.000, 0.179, 0.000, 0.000
64.940, -0.914, 0.113, 1.000, 0.000, 1.000, 0.183, -0.000, -0.000
64.960, -0.834, 0.652, 1.000, 0.000, 1.000, 0.185, -0.000, -0.000
64.980, -0.620, 0.902, 1.000, 0.000, 1.000, 0.186, -0.000, -0.000
65.000, -0.249, 0.933, 1.000, 0.000, 1.000, 0.187, -0.000, -0.000
65.020, -0.811, 0.024, 1.000, 1.000, 0.000, 0.182, -0.608, -0.034
65.040, -0.944, 0.499, 1.000, 1.000, 0.000, 0.179, 0.309, -0.787
65.060, -0.585, 0.496, 1.000, 1.000, 0.000, 0.177, -1.184, -0.782
65.080, -0.856, 0.513, 1.000, 1.000, 0.000, 0.175, -0.291, -0.541
65.100, -0.737, 0.809, 1.000, 1.000, 0.000, 0.174, -0.191, -0.293
65.120, -0.448, 0.927, 1.000, 0.000, 1.000, 0.180, -0.000, -0.000
65.140, 0.003, 0.922, 1.000, 0.000, 1.000, 0.183, -0.000, -0.000
65.160, 0.559, 0.859, 1.000, 0.000, 1.000, 0.185, -0.000, -0.000
65.180, 0.878, 0.676, 1.000, 0.000, 1.000, 0.186, -0.000, -0.000
65.200, 0.934, 0.336, 1.000, 0.000, 1.000, 0.188, 0.000, -0.000
65.220, 0.911, -0.163, 0.000, 0.000, 0.000, 0.182, -0.000, 0.000
65.240, 0.823, -0.690, 0.000, 0.000, 0.000, 0.179, -0.000, 0.000
65.260, 0.573, -0.899, 0.000, 0.859, 0.859, 0.182, -0.062, 0.078
65.280, 0.074, -0.906, 0.000, 1.000, 1.000, 0.185, -0.148, 0.148
65.300, -0.602, -0.812, 0.000, 1.000, 1.000, 0.187, -0.144, 0.170
65.320, -0.884, -0.622, 0.000, 0.000, 0.000, 0.182, -0.000, 0.000
65.340, -0.930, -0.263, 0.000, 0.000, 0.000, 0.179, 0.000, 0.000
65.360, -0.902, 0.259, 1.000, 0.000, 1.000, 0.183, -0.000, -0.000
65.380, -0.796, 0.751, 1.000, 0.000, 1.000, 0.186, -0.000, -0.000
65.400, -0.539, 0.921, 1.000, 0.000, 1.000, 0.188, -0.000, -0.000
65.420, -0.361, 0.875, 1.000, 1.000, 0.000, 0.183, -0.274, -0.288
65.440, -0.883, -0.081, 0.000, 1.000, 1.000, 0.186, -0.295, 0.131
65.460, -0.916, 0.543, 1.000, 1.000, 0.000, 0.182, -0.009, -0.840
65.480, -0.726, 0.566, 1.000, 1.000, 0.000, 0.179, -0.774, -0.766
65.500, -0.773, 0.714, 1.000, 1.000, 0.000, 0.177, -0.334, -0.505
65.520, -0.535, 0.910, 1.000, 0.000, 1.000, 0.182, -0.000, -0.000
65.540, -0.129, 0.927, 1.000, 0.000, 1.000, 0.185, -0.000, -0.000
65.560, 0.421, 0.882, 1.000, 0.000, 1.000, 0.187, -0.000, -0.000
65.580, 0.831, 0.739, 1.000, 0.000, 1.000, 0.189, -0.000, -0.000
65.600, 0.931, 0.438, 1.000, 0.000, 1.000, 0.190, 0.000, -0.000
65.620, 0.922, -0.020, 0.000, 0.000, 0.000, 0.184, 0.000, 0.000
65.640, 0.856, -0.575, 0.000, 0.000, 0.000, 0.181, -0.000, 0.000
65.660, 0.663, -0.878, 0.000, 0.326, 0.326, 0.181, -0.021, 0.029
65.680, 0.227, -0.912, 0.000, 1.000, 1.000, 0.185, -0.143, 0.147
65.700, -0.474, -0.837, 0.000, 1.000, 1.000, 0.187, -0.193, 0.208
65.720, -0.846, -0.686, 0.000, 0.106, 0.106, 0.184, -0.003, 0.007
65.740, -0.929, -0.368, 0.000, 0.000, 0.000, 0.181, 0.000, 0.000
65.760, -0.914, 0.117, 1.000, 0.000, 1.000, 0.185, -0.000, -0.000
65.780, -0.834, 0.655, 1.000, 0.000, 1.000, 0.187, -0.000, -0.000
65.800, -0.618, 0.902, 1.000, 0.000, 1.000, 0.189, -0.000, -0.000
65.820, -0.246, 0.933, 1.000, 0.000, 1.000, 0.190, -0.000, -0.000
65.840, -0.873, -0.201, 0.000, 1.000, 1.000, 0.191, -0.379, 0.343
65.860, -0.937, 0.560, 1.000, 1.000, 0.000, 0.186, 0.219, -0.912
65.880, -0.620, 0.508, 1.000, 1.000, 0.000, 0.183, -1.071, -0.760
65.900, -0.835, 0.571, 1.000, 1.000, 0.000, 0.180, -0.323, -0.544
65.920, -0.697, 0.843, 1.000, 1.000, 0.000, 0.179, -0.145, -0.210
65.940, -0.382, 0.929, 1.000, 0.000, 1.000, 0.184, -0.000, -0.000
65.960, 0.098, 0.916, 1.000, 0.000, 1.000, 0.187, -0.000, -0.000
65.980, 0.641, 0.838, 1.000, 0.000, 1.000, 0.189, -0.000, -0.000
66.000, 0.899, 0.628, 1.000, 0.000, 1.000, 0.191, -0.000, -0.000
66.020, 0.934, 0.262, 1.000, 0.000, 1.000, 0.192, 0.000, -0.000
66.040, 0.902, -0.262, 0.000, 0.000, 0.000, 0.186, -0.000, 0.000
66.060, 0.795, -0.753, 0.000, 0.000, 0.000, 0.183, -0.000, 0.000
66.080, 0.512, -0.911, 0.000, 0.828, 0.828, 0.186, -0.065, 0.077
66.100, -0.049, -0.896, 0.000, 1.000, 1.000, 0.189, -0.176, 0.175
66.120, -0.706, -0.770, 0.000, 1.000, 1.000, 0.191, -0.130, 0.174
66.140, -0.907, -0.535, 0.000, 0.000, 0.000, 0.186, -0.000, 0.000
66.160, -0.927, -0.132, 0.000, 0.000, 0.000, 0.183, 0.000, 0.000
66.180, -0.883, 0.418, 1.000, 0.000, 1.000, 0.187, -0.000, -0.000
66.200, -0.740, 0.829, 1.000, 0.000, 1.000, 0.190, -0.000, -0.000
66.220, -0.440, 0.931, 1.000, 0.000, 1.000, 0.191, -0.000, -0.000
66.240, -0.548, 0.714, 1.000, 1.000, 0.000, 0.187, -0.565, -0.540
66.260, -0.914, 0.159, 1.000, 1.000, 0.000, 0.184, -0.033, -0.244
66.280, -0.834, 0.544, 1.000, 1.000, 0.000, 0.182, -0.522, -0.831
66.300, -0.849, 0.541, 1.000, 1.000, 0.000, 0.180, -0.392, -0.714
66.320, -0.780, 0.728, 1.000, 1.000, 0.000, 0.179, -0.359, -0.571
66.340, -0.535, 0.914, 1.000, 0.000, 1.000, 0.184, -0.000, -0.000
66.360, -0.127, 0.928, 1.000, 0.000, 1.000, 0.188, -0.000, -0.000
66.380, 0.425, 0.882, 1.000, 0.000, 1.000, 0.190, -0.000, -0.000
66.400, 0.832, 0.738, 1.000, 0.000, 1.000, 0.191, -0.000, -0.000
66.420, 0.931, 0.436, 1.000, 0.000, 1.000, 0.192, 0.000, -0.000
66.440, 0.922, -0.023, 0.000, 0.000, 0.000, 0.187, 0.000, 0.000
66.460, 0.855, -0.577, 0.000, 0.000, 0.000, 0.184, -0.000, 0.000
66.480, 0.667, -0.883, 0.000, 0.000, 0.000, 0.182, -0.000, 0.000
66.500, 0.243, -0.917, 0.000, 1.000, 1.000, 0.186, -0.121, 0.125
66.520, -0.463, -0.841, 0.000, 1.000, 1.000, 0.189, -0.201, 0.216
66.540, -0.853, -0.670, 0.000, 0.584, 0.584, 0.189, -0.016, 0.040
66.560, -0.929, -0.343, 0.000, 0.000, 0.000, 0.185, 0.000, 0.000
66.580, -0.911, 0.151, 1.000, 0.000, 1.000, 0.188, -0.000, -0.000
66.600, -0.825, 0.681, 1.000, 0.000, 1.000, 0.191, -0.000, -0.000
66.620, -0.599, 0.908, 1.000, 0.000, 1.000, 0.192, -0.000, -0.000
66.640, -0.218, 0.933, 1.000, 0.000, 1.000, 0.193, -0.000, -0.000
66.660, -0.514, 0.494, 1.000, 1.000, 0.000, 0.188, -0.754, -0.460
66.680, -0.922, 0.288, 1.000, 1.000, 0.000, 0.185, 0.043, -0.415
66.700, -0.779, 0.491, 1.000, 1.000, 0.000, 0.183, -0.838, -0.853
66.720, -0.861, 0.582, 1.000, 1.000, 0.000, 0.181, -0.287, -0.660
66.740, -0.719, 0.829, 1.000, 1.000, 0.000, 0.180, -0.216, -0.324
66.760, -0.416, 0.929, 1.000, 0.000, 1.000, 0.185, -0.000, -0.000
66.780, 0.049, 0.919, 1.000, 0.000, 1.000, 0.189, -0.000, -0.000
66.800, 0.601, 0.849, 1.000, 0.000, 1.000, 0.191, -0.000, -0.000
66.820, 0.889, 0.653, 1.000, 0.000, 1.000, 0.192, -0.000, -0.000
66.840, 0.934, 0.300, 1.000, 0.000, 1.000, 0.193, 0.000, -0.000
66.860, 0.907, -0.212, 0.000, 0.000, 0.000, 0.188, -0.000, 0.000
66.880, 0.810, -0.723, 0.000, 0.000, 0.000, 0.185, -0.000, 0.000
66.900, 0.552, -0.909, 0.000, 0.523, 0.523, 0.186, -0.039, 0.049
66.920, 0.018, -0.902, 0.000, 1.000, 1.000, 0.189, -0.171, 0.170
66.940, -0.676, -0.779, 0.000, 1.000, 1.000, 0.192, -0.161, 0.204
66.960, -0.901, -0.559, 0.000, 0.000, 0.000, 0.187, -0.000, 0.000
66.980, -0.928, -0.168, 0.000, 0.000, 0.000, 0.184, 0.000, 0.000
67.000, -0.888, 0.376, 1.000, 0.000, 1.000, 0.188, -0.000, -0.000
67.020, -0.756, 0.811, 1.000, 0.000, 1.000, 0.191, -0.000, -0.000
67.040, -0.468, 0.929, 1.000, 0.000, 1.000, 0.193, -0.000, -0.000
67.060, -0.332, 0.849, 1.000, 1.000, 0.000, 0.188, -0.338, -0.341
67.080, -0.736, 0.336, 1.000, 1.000, 0.000, 0.185, -0.649, -0.378
67.100, -0.930, 0.439, 1.000, 1.000, 0.000, 0.183, 0.129, -0.655
67.120, -0.708, 0.558, 1.000, 1.000, 0.000, 0.182, -0.857, -0.795
67.140, -0.784, 0.691, 1.000, 1.000, 0.000, 0.181, -0.343, -0.523
67.160, -0.557, 0.905, 1.000, 0.000, 1.000, 0.186, -0.000, -0.000
67.180, -0.162, 0.928, 1.000, 0.000, 1.000, 0.189, -0.000, -0.000
67.200, 0.383, 0.887, 1.000, 0.000, 1.000, 0.191, -0.000, -0.000
67.220, 0.815, 0.754, 1.000, 0.000, 1.000, 0.193, -0.000, -0.000
67.240, 0.929, 0.463, 1.000, 0.000, 1.000, 0.194, 0.000, -0.000
67.260, 0.924, 0.017, 1.000, 0.000, 1.000, 0.194, 0.000, -0.000
67.280, 0.863, -0.541, 0.000, 0.000, 0.000, 0.189, -0.000, 0.000
67.300, 0.686, -0.873, 0.000, 0.000, 0.000, 0.186, -0.000, 0.000
67.320, 0.296, -0.921, 0.000, 1.000, 1.000, 0.190, -0.091, 0.096
67.340, -0.383, -0.859, 0.000, 1.000, 1.000, 0.192, -0.186, 0.195
67.360, -0.834, -0.695, 0.000, 0.932, 0.932, 0.193, -0.032, 0.068
67.380, -0.928, -0.384, 0.000, 0.000, 0.000, 0.189, 0.000, 0.000
67.400, -0.915, 0.092, 1.000, 0.000, 1.000, 0.192, -0.000, -0.000
67.420, -0.839, 0.636, 1.000, 0.000, 1.000, 0.194, -0.000, -0.000
67.440, -0.631, 0.898, 1.000, 0.000, 1.000, 0.195, -0.000, -0.000
67.460, -0.623, 0.789, 1.000, 1.000, 0.000, 0.190, -0.451, -0.530
67.480, -0.935, -0.072, 0.000, 1.000, 1.000, 0.193, 0.231, 0.133
67.500, -0.817, 0.576, 1.000, 1.000, 0.000, 0.189, -0.683, -1.013
67.520, -0.895, 0.317, 1.000, 1.000, 0.000, 0.186, -0.204, -0.538
67.540, -0.834, 0.555, 1.000, 1.000, 0.000, 0.184, -0.476, -0.769
67.560, -0.792, 0.708, 1.000, 1.000, 0.000, 0.183, -0.372, -0.604
67.580, -0.634, 0.870, 1.000, 1.000, 0.000, 0.182, -0.185, -0.245
67.600, -0.298, 0.927, 1.000, 0.176, 0.824, 0.186, -0.016, -0.016
67.620, 0.210, 0.905, 1.000, 0.000, 1.000, 0.190, -0.000, -0.000
67.640, 0.721, 0.809, 1.000, 0.000, 1.000, 0.192, -0.000, -0.000
67.660, 0.915, 0.567, 1.000, 0.000, 1.000, 0.194, -0.000, -0.000
67.680, 0.931, 0.170, 1.000, 0.000, 1.000, 0.195, 0.000, -0.000
67.700, 0.889, -0.376, 0.000, 0.000, 0.000, 0.190, -0.000, 0.000
67.720, 0.757, -0.812, 0.000, 0.000, 0.000, 0.187, -0.000, 0.000
67.740, 0.447, -0.923, 0.000, 0.520, 0.520, 0.188, -0.043, 0.049
67.760, -0.118, -0.898, 0.000, 1.000, 1.000, 0.191, -0.134, 0.134
67.780, -0.722, -0.778, 0.000, 1.000, 1.000, 0.193, -0.085, 0.120
67.800, -0.912, -0.536, 0.000, 0.000, 0.000, 0.189, -0.000, 0.000
67.820, -0.928, -0.129, 0.000, 0.000, 0.000, 0.186, 0.000, 0.000
67.840, -0.882, 0.422, 1.000, 0.000, 1.000, 0.190, -0.000, -0.000
67.860, -0.739, 0.831, 1.000, 0.000, 1.000, 0.193, -0.000, -0.000
67.880, -0.759, 0.682, 1.000, 1.000, 0.000, 0.189, -0.479, -0.649
67.900, -0.868, 0.453, 1.000, 1.000, 0.000, 0.186, -0.320, -0.614
67.920, -0.850, 0.505, 1.000, 1.000, 0.000, 0.184, -0.438, -0.744
67.940, -0.873, 0.413, 1.000, 1.000, 0.000, 0.183, -0.358, -0.677
67.960, -0.851, 0.517, 1.000, 1.000, 0.000, 0.182, -0.431, -0.759
67.980, -0.819, 0.635, 1.000, 1.000, 0.000, 0.181, -0.412, -0.692
68.000, -0.785, 0.699, 1.000, 1.000, 0.000, 0.180, -0.415, -0.646
68.020, -0.668, 0.842, 1.000, 1.000, 0.000, 0.180, -0.259, -0.352
68.040, -0.443, 0.901, 1.000, 1.000, 0.000, 0.179, -0.145, -0.162
68.060, -0.103, 0.897, 1.000, 1.000, 0.000, 0.179, -0.106, -0.106
68.080, -0.049, 0.670, 1.000, 1.000, 0.000, 0.178, -0.516, -0.375
68.100, -0.257, 0.463, 1.000, 1.000, 0.000, 0.178, -0.626, -0.311
68.120, -0.476, 0.527, 1.000, 1.000, 0.000, 0.177, -0.425, -0.271
68.140, -0.578, 0.685, 1.000, 1.000, 0.000, 0.177, -0.318, -0.299
68.160, -0.646, 0.740, 1.000, 1.000, 0.000, 0.176, -0.386, -0.437
68.180, -0.828, 0.531, 1.000, 1.000, 0.000, 0.176, -0.411, -0.604
68.200, -0.897, 0.323, 1.000, 1.000, 0.000, 0.175, -0.195, -0.572
68.220, -0.845, 0.441, 1.000, 1.000, 0.000, 0.175, -0.585, -0.814
68.240, -0.894, 0.392, 1.000, 1.000, 0.000, 0.174, -0.220, -0.684
68.260, -0.834, 0.450, 1.000, 1.000, 0.000, 0.174, -0.601, -0.776
68.280, -0.866, 0.545, 1.000, 1.000, 0.000, 0.173, -0.316, -0.720
68.300, -0.752, 0.779, 1.000, 1.000, 0.000, 0.173, -0.300, -0.464
68.320, -0.576, 0.885, 1.000, 1.000, 0.000, 0.172, -0.188, -0.233
68.340, -0.202, 0.926, 1.000, 0.000, 1.000, 0.178, -0.000, -0.000
68.360, 0.334, 0.892, 1.000, 0.000, 1.000, 0.181, -0.000, -0.000
68.380, 0.791, 0.771, 1.000, 0.000, 1.000, 0.183, -0.000, -0.000
68.400, 0.926, 0.494, 1.000, 0.000, 1.000, 0.185, 0.000, -0.000
68.420, 0.926, 0.061, 1.000, 0.000, 1.000, 0.186, 0.000, -0.000
68.440, 0.871, -0.496, 0.000, 0.000, 0.000, 0.181, -0.000, 0.000
68.460, 0.708, -0.858, 0.000, 0.000, 0.000, 0.178, -0.000, 0.000
68.480, 0.348, -0.924, 0.000, 0.770, 0.770, 0.180, -0.065, 0.069
68.500, -0.300, -0.874, 0.000, 1.000, 1.000, 0.183, -0.175, 0.179
68.520, -0.813, -0.714, 0.000, 1.000, 1.000, 0.185, -0.054, 0.100
68.540, -0.925, -0.420, 0.000, 0.000, 0.000, 0.181, 0.000, 0.000
68.560, -0.919, 0.041, 1.000, 0.000, 1.000, 0.184, 0.000, -0.000
68.580, -0.851, 0.593, 1.000, 0.000, 1.000, 0.186, -0.000, -0.000
68.600, -0.657, 0.887, 1.000, 0.000, 1.000, 0.187, -0.000, -0.000
68.620, -0.306, 0.934, 1.000, 0.000, 1.000, 0.188, -0.000, -0.000
68.640, -0.433, 0.672, 1.000, 1.000, 0.000, 0.183, -0.614, -0.499
68.660, -0.953, -0.158, 0.000, 1.000, 1.000, 0.186, 0.563, 0.310
68.680, -0.717, 0.619, 1.000, 1.000, 0.000, 0.181, -1.135, -1.210
68.700, -0.918, 0.288, 1.000, 1.000, 0.000, 0.179, 0.005, -0.460
68.720, -0.795, 0.628, 1.000, 1.000, 0.000, 0.177, -0.456, -0.659
68.740, -0.661, 0.852, 1.000, 1.000, 0.000, 0.176, -0.161, -0.219
68.760, -0.332, 0.928, 1.000, 0.000, 1.000, 0.181, -0.000, -0.000
68.780, 0.164, 0.910, 1.000, 0.000, 1.000, 0.184, -0.000, -0.000
68.800, 0.690, 0.822, 1.000, 0.000, 1.000, 0.186, -0.000, -0.000
68.820, 0.910, 0.592, 1.000, 0.000, 1.000, 0.188, -0.000, -0.000
68.840, 0.932, 0.207, 1.000, 0.000, 1.000, 0.189, 0.000, -0.000
68.860, 0.895, -0.331, 0.000, 0.000, 0.000, 0.183, -0.000, 0.000
68.880, 0.772, -0.787, 0.000, 0.310, 0.310, 0.182, -0.015, 0.025
68.900, 0.431, -0.902, 0.000, 1.000, 1.000, 0.185, -0.148, 0.165
68.920, -0.236, -0.862, 0.000, 1.000, 1.000, 0.187, -0.253, 0.251
68.940, -0.796, -0.704, 0.000, 1.000, 1.000, 0.189, -0.082, 0.136
68.960, -0.921, -0.418, 0.000, 0.000, 0.000, 0.184, 0.000, 0.000
68.980, -0.918, 0.041, 1.000, 0.000, 1.000, 0.187, 0.000, -0.000
69.000, -0.850, 0.592, 1.000, 0.000, 1.000, 0.189, -0.000, -0.000
69.020, -0.657, 0.887, 1.000, 0.000, 1.000, 0.190, -0.000, -0.000
69.040, -0.306, 0.934, 1.000, 0.000, 1.000, 0.191, -0.000, -0.000
69.060, -0.856, -0.034, 0.000, 1.000, 1.000, 0.192, -0.454, 0.053
69.080, -0.945, 0.537, 1.000, 1.000, 0.000, 0.186, 0.397, -1.064
69.100, -0.541, 0.421, 1.000, 1.000, 0.000, 0.183, -1.352, -0.714
69.120, -0.844, 0.503, 1.000, 1.000, 0.000, 0.181, -0.302, -0.483
69.140, -0.735, 0.807, 1.000, 1.000, 0.000, 0.179, -0.177, -0.269
69.160, -0.446, 0.926, 1.000, 0.000, 1.000, 0.184, -0.000, -0.000
69.180, 0.005, 0.922, 1.000, 0.000, 1.000, 0.187, -0.000, -0.000
69.200, 0.561, 0.858, 1.000, 0.000, 1.000, 0.190, -0.000, -0.000
69.220, 0.878, 0.675, 1.000, 0.000, 1.000, 0.191, -0.000, -0.000
69.240, 0.934, 0.335, 1.000, 0.000, 1.000, 0.192, 0.000, -0.000
69.260, 0.911, -0.165, 0.000, 0.000, 0.000, 0.187, -0.000, 0.000
69.280, 0.822, -0.689, 0.000, 0.377, 0.377, 0.186, -0.014, 0.026
69.300, 0.535, -0.877, 0.000, 1.000, 1.000, 0.189, -0.179, 0.212
69.320, -0.082, -0.865, 0.000, 1.000, 1.000, 0.191, -0.286, 0.278
69.340, -0.761, -0.700, 0.000, 1.000, 1.000, 0.192, -0.162, 0.228
69.360, -0.912, -0.433, 0.000, 0.000, 0.000, 0.187, -0.000, 0.000
69.380, -0.917, 0.015, 1.000, 0.000, 1.000, 0.190, 0.000, -0.000
69.400, -0.855, 0.566, 1.000, 1.000, 0.000, 0.186, -0.070, -0.143
69.420, -0.726, 0.819, 1.000, 1.000, 0.000, 0.183, -0.219, -0.330
69.440, -0.669, 0.804, 1.000, 1.000, 0.000, 0.182, -0.395, -0.513
69.460, -0.692, 0.754, 1.000, 1.000, 0.000, 0.180, -0.438, -0.553
69.480, -0.756, 0.694, 1.000, 1.000, 0.000, 0.179, -0.442, -0.605
69.500, -0.758, 0.731, 1.000, 1.000, 0.000, 0.179, -0.401, -0.587
69.520, -0.630, 0.856, 1.000, 1.000, 0.000, 0.178, -0.238, -0.309
69.540, -0.313, 0.921, 1.000, 0.369, 0.631, 0.181, -0.032, -0.033
69.560, 0.186, 0.906, 1.000, 0.000, 1.000, 0.185, -0.000, -0.000
69.580, 0.705, 0.815, 1.000, 0.000, 1.000, 0.188, -0.000, -0.000
69.600, 0.912, 0.579, 1.000, 0.000, 1.000, 0.190, -0.000, -0.000
69.620, 0.932, 0.189, 1.000, 0.000, 1.000, 0.191, 0.000, -0.000
69.640, 0.892, -0.353, 0.000, 0.000, 0.000, 0.186, -0.000, 0.000
69.660, 0.765, -0.801, 0.000, 0.000, 0.000, 0.183, -0.000, 0.000
69.680, 0.483, -0.928, 0.000, 0.000, 0.000, 0.181, -0.000, 0.000
69.700, 0.040, -0.925, 0.000, 0.061, 0.061, 0.180, -0.005, 0.005
69.720, -0.537, -0.860, 0.000, 0.313, 0.313, 0.180, -0.023, 0.027
69.740, -0.871, -0.685, 0.000, 0.000, 0.000, 0.179, -0.000, 0.000
69.760, -0.935, -0.323, 0.000, 0.486, 0.486, 0.181, 0.005, 0.014
69.780, -0.910, 0.182, 1.000, 0.000, 1.000, 0.185, -0.000, -0.000
69.800, -0.818, 0.703, 1.000, 0.000, 1.000, 0.187, -0.000, -0.000
69.820, -0.593, 0.907, 1.000, 0.400, 0.600, 0.187, -0.029, -0.037
69.840, -0.210, 0.932, 1.000, 0.000, 1.000, 0.189, -0.000, -0.000
69.860, 0.284, 0.885, 1.000, 0.515, 0.485, 0.187, -0.046, -0.047
69.880, 0.614, 0.637, 1.000, 1.000, 0.000, 0.183, -0.220, -0.199
69.900, 0.860, 0.442, 1.000, 0.000, 1.000, 0.187, -0.000, -0.000
69.920, 0.906, 0.034, 1.000, 0.000, 1.000, 0.189, -0.000, -0.000
69.940, 0.859, -0.514, 0.000, 0.000, 0.000, 0.185, -0.000, 0.000
69.960, 0.693, -0.863, 0.000, 0.000, 0.000, 0.182, -0.000, 0.000
69.980, 0.366, -0.933, 0.000, 0.000, 0.000, 0.180, -0.000, 0.000
70.000, -0.122, -0.915, 0.000, 0.000, 0.000, 0.179, -0.000, 0.000
70.020, -0.690, -0.815, 0.000, 0.618, 0.618, 0.181, -0.037, 0.051
70.040, -0.937, -0.389, 0.000, 1.000, 1.000, 0.185, 0.041, 0.117
70.060, -0.900, 0.370, 1.000, 1.000, 0.000, 0.182, -0.071, -0.277
70.080, -0.808, 0.602, 1.000, 1.000, 0.000, 0.180, -0.493, -0.726
70.100, -0.877, 0.421, 1.000, 1.000, 0.000, 0.178, -0.302, -0.633
70.120, -0.840, 0.539, 1.000, 1.000, 0.000, 0.177, -0.459, -0.757
70.140, -0.781, 0.732, 1.000, 1.000, 0.000, 0.176, -0.345, -0.553
70.160, -0.564, 0.902, 1.000, 0.999, 0.001, 0.175, -0.070, -0.087
70.180, -0.175, 0.928, 1.000, 0.000, 1.000, 0.181, -0.000, -0.000
70.200, 0.369, 0.889, 1.000, 0.000, 1.000, 0.184, -0.000, -0.000
70.220, 0.808, 0.759, 1.000, 0.000, 1.000, 0.186, -0.000, -0.000
70.240, 0.928, 0.473, 1.000, 0.000, 1.000, 0.188, 0.000, -0.000
70.260, 0.925, 0.008, 1.000, 0.476, 0.524, 0.186, 0.002, -0.000
70.280, 0.862, -0.549, 0.000, 0.000, 0.000, 0.182, -0.000, 0.000
70.300, 0.682, -0.875, 0.000, 0.000, 0.000, 0.179, -0.000, 0.000
70.320, 0.345, -0.934, 0.000, 0.000, 0.000, 0.177, -0.000, 0.000
70.340, -0.180, -0.907, 0.000, 0.366, 0.366, 0.178, -0.032, 0.033
70.360, -0.930, -0.330, 0.000, 1.000, 1.000, 0.183, 0.075, 0.277
70.380, -0.873, 0.689, 1.000, 1.000, 0.000, 0.179, -0.443, -1.477
70.400, -0.764, 0.616, 1.000, 1.000, 0.000, 0.177, -0.594, -0.729
70.420, -0.759, 0.744, 1.000, 1.000, 0.000, 0.176, -0.347, -0.521
70.440, -0.725, 0.769, 1.000, 1.000, 0.000, 0.175, -0.399, -0.559
70.460, -0.678, 0.802, 1.000, 1.000, 0.000, 0.174, -0.370, -0.486
70.480, -0.656, 0.793, 1.000, 1.000, 0.000, 0.173, -0.397, -0.495
70.500, -0.484, 0.879, 1.000, 1.000, 0.000, 0.173, -0.182, -0.206
70.520, -0.230, 0.882, 1.000, 1.000, 0.000, 0.172, -0.173, -0.174
70.540, 0.074, 0.829, 1.000, 1.000, 0.000, 0.172, -0.208, -0.194
70.560, 0.090, 0.518, 1.000, 1.000, 0.000, 0.171, -0.575, -0.313
70.580, -0.578, 0.044, 1.000, 1.000, 0.000, 0.171, -0.900, -0.050
70.600, -0.978, 0.356, 1.000, 1.000, 0.000, 0.170, 1.158, -0.674
70.620, -0.017, 0.476, 1.000, 1.000, 0.000, 0.170, -1.769, -0.876
70.640, -0.796, -0.009, 0.000, 1.000, 1.000, 0.175, -0.665, 0.013
70.660, -0.860, 0.487, 1.000, 1.000, 0.000, 0.173, -0.100, -0.185
70.680, -0.716, 0.839, 1.000, 1.000, 0.000, 0.171, -0.061, -0.091
70.700, -0.407, 0.930, 1.000, 0.000, 1.000, 0.176, -0.000, -0.000
70.720, 0.063, 0.919, 1.000, 0.000, 1.000, 0.179, -0.000, -0.000
70.740, 0.612, 0.846, 1.000, 0.000, 1.000, 0.181, -0.000, -0.000
70.760, 0.892, 0.646, 1.000, 0.000, 1.000, 0.182, -0.000, -0.000
70.780, 0.934, 0.290, 1.000, 0.000, 1.000, 0.183, 0.000, -0.000
70.800, 0.906, -0.226, 0.000, 0.000, 0.000, 0.178, -0.000, 0.000
70.820, 0.806, -0.732, 0.000, 0.000, 0.000, 0.175, -0.000, 0.000
70.840, 0.558, -0.917, 0.000, 0.000, 0.000, 0.173, -0.000, 0.000
70.860, 0.142, -0.928, 0.000, 0.222, 0.222, 0.173, -0.019, 0.019
70.880, -0.855, -0.499, 0.000, 1.000, 1.000, 0.177, -0.255, 0.454
70.900, -0.948, 0.362, 1.000, 1.000, 0.000, 0.174, 0.225, -0.346
70.920, -0.750, 0.755, 1.000, 1.000, 0.000, 0.172, -0.251, -0.371
70.940, -0.538, 0.900, 1.000, 1.000, 0.000, 0.171, -0.094, -0.113
70.960, -0.198, 0.914, 1.000, 0.849, 0.151, 0.171, -0.071, -0.072
70.980, 0.331, 0.889, 1.000, 0.000, 1.000, 0.175, -0.000, -0.000
71.000, 0.789, 0.769, 1.000, 0.000, 1.000, 0.179, -0.000, -0.000
71.020, 0.926, 0.494, 1.000, 0.000, 1.000, 0.181, 0.000, -0.000
71.040, 0.927, 0.004, 1.000, 1.000, 0.000, 0.176, 0.007, -0.000
71.060, 0.863, -0.555, 0.000, 0.815, 0.815, 0.178, -0.019, 0.042
71.080, 0.679, -0.876, 0.000, 0.115, 0.115, 0.175, -0.007, 0.010
71.100, 0.341, -0.934, 0.000, 0.000, 0.000, 0.173, -0.000, 0.000
71.120, -0.593, -0.755, 0.000, 1.000, 1.000, 0.177, -0.446, 0.478
71.140, -0.975, 0.251, 1.000, 1.000, 0.000, 0.174, 0.624, -0.272
71.160, -0.832, 0.768, 1.000, 0.000, 1.000, 0.178, -0.000, -0.000
71.180, -0.574, 0.924, 1.000, 0.323, 0.677, 0.178, -0.023, -0.029
71.200, -0.173, 0.933, 1.000, 0.000, 1.000, 0.180, -0.000, -0.000
71.220, 0.373, 0.891, 1.000, 0.000, 1.000, 0.182, -0.000, -0.000
71.240, 0.810, 0.759, 1.000, 0.000, 1.000, 0.183, -0.000, -0.000
71.260, 0.924, 0.419, 1.000, 0.844, 0.156, 0.179, 0.003, -0.033
71.280, 0.919, -0.083, 0.000, 1.000, 1.000, 0.182, 0.001, 0.008
71.300, 0.843, -0.627, 0.000, 0.559, 0.559, 0.181, -0.017, 0.034
71.320, 0.637, -0.896, 0.000, 0.000, 0.000, 0.177, -0.000, 0.000
71.340, 0.275, -0.934, 0.000, 0.000, 0.000, 0.174, -0.000, 0.000
71.360, -0.868, -0.365, 0.000, 1.000, 1.000, 0.178, -0.280, 0.429
71.380, -0.954, 0.611, 1.000, 1.000, 0.000, 0.175, 0.499, -1.083
71.400, -0.610, 0.780, 1.000, 1.000, 0.000, 0.173, -0.527, -0.601
71.420, -0.466, 0.862, 1.000, 1.000, 0.000, 0.172, -0.207, -0.228
71.440, -0.066, 0.909, 1.000, 0.000, 1.000, 0.177, -0.000, -0.000
71.460, 0.483, 0.866, 1.000, 0.000, 1.000, 0.180, -0.000, -0.000
71.480, 0.852, 0.709, 1.000, 0.000, 1.000, 0.182, -0.000, -0.000
71.500, 0.930, 0.346, 1.000, 0.731, 0.269, 0.179, 0.006, -0.023
71.520, 0.915, -0.233, 0.000, 1.000, 1.000, 0.181, -0.003, 0.060
71.540, 0.808, -0.730, 0.000, 0.952, 0.952, 0.183, -0.038, 0.070
71.560, 0.562, -0.917, 0.000, 0.000, 0.000, 0.178, -0.000, 0.000
71.580, 0.161, -0.931, 0.000, 0.000, 0.000, 0.175, -0.000, 0.000
71.600, -0.386, -0.888, 0.000, 0.000, 0.000, 0.173, -0.000, 0.000
71.620, -0.944, -0.299, 0.000, 1.000, 1.000, 0.178, 0.138, 0.212
71.640, -0.899, 0.305, 1.000, 1.000, 0.000, 0.175, -0.032, -0.093
71.660, -0.782, 0.777, 1.000, 0.000, 1.000, 0.179, -0.000, -0.000
71.680, -0.609, 0.880, 1.000, 1.000, 0.000, 0.176, -0.212, -0.274
71.700, -0.249, 0.928, 1.000, 0.000, 1.000, 0.179, -0.000, -0.000
71.720, 0.275, 0.899, 1.000, 0.000, 1.000, 0.182, -0.000, -0.000
71.740, 0.760, 0.790, 1.000, 0.000, 1.000, 0.183, -0.000, -0.000
71.760, 0.922, 0.530, 1.000, 0.000, 1.000, 0.185, 0.000, -0.000
71.780, 0.929, 0.087, 1.000, 0.530, 0.470, 0.182, 0.004, -0.004
71.800, 0.878, -0.477, 0.000, 1.000, 1.000, 0.184, -0.021, 0.052
71.820, 0.715, -0.846, 0.000, 0.486, 0.486, 0.182, -0.028, 0.042
71.840, 0.393, -0.930, 0.000, 0.174, 0.174, 0.179, -0.014, 0.016
71.860, -0.085, -0.916, 0.000, 0.036, 0.036, 0.177, -0.003, 0.003
71.880, -0.630, -0.841, 0.000, 0.000, 0.000, 0.175, -0.000, 0.000
71.900, -0.897, -0.635, 0.000, 0.000, 0.000, 0.173, -0.000, 0.000
71.920, -0.934, -0.272, 0.000, 0.000, 0.000, 0.172, 0.000, 0.000
71.940, -0.904, 0.249, 1.000, 0.000, 1.000, 0.178, -0.000, -0.000
71.960, -0.816, 0.667, 1.000, 1.000, 0.000, 0.175, -0.256, -0.448
71.980, -0.733, 0.785, 1.000, 1.000, 0.000, 0.173, -0.350, -0.514
72.000, -0.474, 0.916, 1.000, 0.442, 0.558, 0.175, -0.034, -0.039
72.020, -0.040, 0.922, 1.000, 0.000, 1.000, 0.179, -0.000, -0.000
72.040, 0.516, 0.866, 1.000, 0.000, 1.000, 0.182, -0.000, -0.000
72.060, 0.865, 0.697, 1.000, 0.000, 1.000, 0.183, -0.000, -0.000
72.080, 0.933, 0.370, 1.000, 0.000, 1.000, 0.185, 0.000, -0.000
72.100, 0.915, -0.116, 0.000, 0.000, 0.000, 0.179, -0.000, 0.000
72.120, 0.834, -0.656, 0.000, 0.000, 0.000, 0.176, -0.000, 0.000
72.140, 0.618, -0.902, 0.000, 0.000, 0.000, 0.174, -0.000, 0.000
72.160, 0.247, -0.933, 0.000, 0.000, 0.000, 0.173, -0.000, 0.000
72.180, -0.282, -0.900, 0.000, 0.000, 0.000, 0.172, -0.000, 0.000
72.200, -0.917, -0.451, 0.000, 1.000, 1.000, 0.177, -0.001, 0.282
72.220, -0.920, 0.073, 1.000, 1.000, 0.000, 0.174, 0.003, -0.012
72.240, -0.845, 0.619, 1.000, 0.694, 0.306, 0.174, -0.020, -0.040
72.260, -0.757, 0.753, 1.000, 1.000, 0.000, 0.172, -0.378, -0.572
72.280, -0.861, 0.412, 1.000, 1.000, 0.000, 0.171, -0.367, -0.574
72.300, -0.863, 0.515, 1.000, 1.000, 0.000, 0.170, -0.366, -0.749
72.320, -0.782, 0.721, 1.000, 1.000, 0.000, 0.169, -0.364, -0.579
72.340, -0.550, 0.909, 1.000, 0.311, 0.689, 0.173, -0.022, -0.027
72.360, -0.150, 0.928, 1.000, 0.000, 1.000, 0.177, -0.000, -0.000
72.380, 0.397, 0.886, 1.000, 0.000, 1.000, 0.179, -0.000, -0.000
72.400, 0.821, 0.749, 1.000, 0.000, 1.000, 0.181, -0.000, -0.000
72.420, 0.930, 0.454, 1.000, 0.000, 1.000, 0.182, 0.000, -0.000
72.440, 0.924, -0.009, 0.000, 0.301, 0.301, 0.179, 0.001, 0.000
72.460, 0.858, -0.566, 0.000, 0.000, 0.000, 0.175, -0.000, 0.000
72.480, 0.673, -0.880, 0.000, 0.000, 0.000, 0.173, -0.000, 0.000
72.500, 0.331, -0.934, 0.000, 0.000, 0.000, 0.171, -0.000, 0.000
72.520, -0.170, -0.911, 0.000, 0.000, 0.000, 0.170, -0.000, 0.000
72.540, -0.695, -0.821, 0.000, 0.000, 0.000, 0.169, -0.000, 0.000
72.560, -0.911, -0.590, 0.000, 0.000, 0.000, 0.169, -0.000, 0.000
72.580, -0.932, -0.182, 0.000, 0.413, 0.413, 0.170, 0.004, 0.006
72.600, -0.892, 0.362, 1.000, 0.000, 1.000, 0.175, -0.000, -0.000
72.620, -0.763, 0.805, 1.000, 0.000, 1.000, 0.178, -0.000, -0.000
72.640, -0.478, 0.928, 1.000, 0.000, 1.000, 0.180, -0.000, -0.000
72.660, -0.301, 0.865, 1.000, 1.000, 0.000, 0.175, -0.291, -0.296
72.680, -0.090, 0.819, 1.000, 1.000, 0.000, 0.172, -0.265, -0.243
72.700, 0.267, 0.787, 1.000, 1.000, 0.000, 0.170, -0.150, -0.136
72.720, 0.720, 0.726, 1.000, 0.000, 1.000, 0.175, -0.000, -0.000
72.740, 0.902, 0.463, 1.000, 0.367, 0.633, 0.176, -0.003, -0.016
72.760, 0.917, -0.007, 0.000, 0.984, 0.984, 0.178, -0.000, 0.001
72.780, 0.856, -0.560, 0.000, 0.000, 0.000, 0.174, -0.000, 0.000
72.800, 0.674, -0.878, 0.000, 0.000, 0.000, 0.172, -0.000, 0.000
72.820, 0.306, -0.928, 0.000, 0.513, 0.513, 0.173, -0.042, 0.044
72.840, -0.841, -0.410, 0.000, 1.000, 1.000, 0.177, -0.373, 0.463
72.860, -0.936, 0.301, 1.000, 1.000, 0.000, 0.173, 0.099, -0.222
72.880, -0.798, 0.772, 1.000, 1.000, 0.000, 0.171, -0.048, -0.088
72.900, -0.638, 0.867, 1.000, 1.000, 0.000, 0.169, -0.256, -0.341
72.920, -0.749, 0.641, 1.000, 1.000, 0.000, 0.168, -0.514, -0.627
72.940, -0.852, 0.547, 1.000, 1.000, 0.000, 0.167, -0.348, -0.660
72.960, -0.792, 0.695, 1.000, 1.000, 0.000, 0.167, -0.399, -0.637
72.980, -0.568, 0.905, 1.000, 0.197, 0.803, 0.171, -0.013, -0.017
73.000, -0.178, 0.929, 1.000, 0.000, 1.000, 0.175, -0.000, -0.000
73.020, 0.365, 0.890, 1.000, 0.000, 1.000, 0.177, -0.000, -0.000
73.040, 0.806, 0.761, 1.000, 0.000, 1.000, 0.179, -0.000, -0.000
73.060, 0.928, 0.475, 1.000, 0.000, 1.000, 0.180, 0.000, -0.000
73.080, 0.925, 0.034, 1.000, 0.000, 1.000, 0.181, 0.000, -0.000
73.100, 0.866, -0.524, 0.000, 0.000, 0.000, 0.176, -0.000, 0.000
73.120, 0.694, -0.867, 0.000, 0.000, 0.000, 0.172, -0.000, 0.000
73.140, 0.364, -0.934, 0.000, 0.004, 0.004, 0.170, -0.000, 0.000
73.160, -0.124, -0.915, 0.000, 0.000, 0.000, 0.169, -0.000, 0.000
73.180, -0.662, -0.832, 0.000, 0.000, 0.000, 0.168, -0.000, 0.000
73.200, -0.904, -0.614, 0.000, 0.000, 0.000, 0.167, -0.000, 0.000
73.220, -0.933, -0.241, 0.000, 0.000, 0.000, 0.166, 0.000, 0.000
73.240, -0.900, 0.289, 1.000, 0.000, 1.000, 0.172, -0.000, -0.000
73.260, -0.789, 0.761, 1.000, 0.678, 0.322, 0.171, -0.028, -0.049
73.280, -0.544, 0.916, 1.000, 0.553, 0.447, 0.171, -0.039, -0.047
73.300, -0.138, 0.929, 1.000, 0.000, 1.000, 0.175, -0.000, -0.000
73.320, 0.300, 0.852, 1.000, 1.000, 0.000, 0.171, -0.122, -0.122
73.340, 0.756, 0.751, 1.000, 0.160, 0.840, 0.174, -0.008, -0.012
73.360, 0.843, 0.030, 1.000, 1.000, 0.000, 0.170, -0.200, -0.018
73.380, 0.629, -0.517, 0.000, 1.000, 1.000, 0.174, -1.048, 0.769
73.400, -0.499, -0.348, 0.000, 1.000, 1.000, 0.177, -1.260, 0.524
73.420, -0.996, 0.633, 1.000, 1.000, 0.000, 0.172, 2.452, -1.667
73.440, 0.493, 0.493, 1.000, 1.000, 0.000, 0.170, -1.271, -0.763
73.460, 0.768, 0.335, 1.000, 0.153, 0.847, 0.173, -0.007, -0.005
73.480, 0.862, -0.053, 0.000, 0.000, 0.000, 0.170, -0.000, 0.000
73.500, 0.825, -0.579, 0.000, 0.000, 0.000, 0.168, -0.000, 0.000
73.520, 0.636, -0.875, 0.000, 0.321, 0.321, 0.169, -0.020, 0.026
73.540, 0.286, -0.930, 0.000, 0.000, 0.000, 0.167, -0.000, 0.000
73.560, -0.330, -0.881, 0.000, 1.000, 1.000, 0.172, -0.112, 0.117
73.580, -0.818, -0.724, 0.000, 1.000, 1.000, 0.175, -0.040, 0.077
73.600, -0.930, -0.389, 0.000, 0.676, 0.676, 0.175, 0.005, 0.024
73.620, -0.887, 0.663, 1.000, 1.000, 0.000, 0.171, -0.286, -1.247
73.640, -0.743, 0.668, 1.000, 1.000, 0.000, 0.169, -0.575, -0.720
73.660, -0.676, 0.816, 1.000, 1.000, 0.000, 0.167, -0.275, -0.368
73.680, -0.372, 0.922, 1.000, 0.000, 1.000, 0.172, -0.000, -0.000
73.700, 0.106, 0.913, 1.000, 0.000, 1.000, 0.175, -0.000, -0.000
73.720, 0.646, 0.835, 1.000, 0.000, 1.000, 0.177, -0.000, -0.000
73.740, 0.900, 0.623, 1.000, 0.000, 1.000, 0.178, -0.000, -0.000
73.760, 0.933, 0.255, 1.000, 0.000, 1.000, 0.179, 0.000, -0.000
73.780, 0.901, -0.271, 0.000, 0.000, 0.000, 0.174, -0.000, 0.000
73.800, 0.791, -0.753, 0.000, 0.507, 0.507, 0.174, -0.021, 0.037
73.820, 0.517, -0.914, 0.000, 0.556, 0.556, 0.174, -0.041, 0.048
73.840, -0.034, -0.900, 0.000, 1.000, 1.000, 0.177, -0.164, 0.163
73.860, -0.923, -0.284, 0.000, 1.000, 1.000, 0.179, 0.035, 0.276
73.880, -0.888, 0.663, 1.000, 1.000, 0.000, 0.174, -0.304, -1.376
73.900, -0.727, 0.735, 1.000, 1.000, 0.000, 0.171, -0.491, -0.656
73.920, -0.608, 0.855, 1.000, 1.000, 0.000, 0.169, -0.233, -0.293
73.940, -0.366, 0.899, 1.000, 1.000, 0.000, 0.168, -0.139, -0.149
73.960, -0.031, 0.879, 1.000, 1.000, 0.000, 0.167, -0.138, -0.135
73.980, 0.353, 0.789, 1.000, 1.000, 0.000, 0.166, -0.173, -0.162
74.000, 0.774, 0.699, 1.000, 0.000, 1.000, 0.172, -0.000, -0.000
74.020, 0.915, 0.423, 1.000, 0.000, 1.000, 0.175, -0.000, -0.000
74.040, 0.917, -0.029, 0.000, 0.000, 0.000, 0.171, -0.000, 0.000
74.060, 0.852, -0.581, 0.000, 0.260, 0.260, 0.170, -0.007, 0.014
74.080, 0.658, -0.880, 0.000, 0.346, 0.346, 0.170, -0.021, 0.029
74.100, 0.250, -0.919, 0.000, 1.000, 1.000, 0.174, -0.095, 0.098
74.120, -0.412, -0.859, 0.000, 1.000, 1.000, 0.177, -0.154, 0.163
74.140, -0.990, 0.571, 1.000, 1.000, 0.000, 0.172, 1.400, -0.963
74.160, -0.522, 0.828, 1.000, 1.000, 0.000, 0.169, -0.394, -0.435
74.180, -0.272, 0.883, 1.000, 1.000, 0.000, 0.168, -0.127, -0.130
74.200, 0.144, 0.873, 1.000, 0.930, 0.070, 0.167, -0.077, -0.076
74.220, 0.661, 0.809, 1.000, 0.000, 1.000, 0.172, -0.000, -0.000
74.240, 0.901, 0.593, 1.000, 0.000, 1.000, 0.175, -0.000, -0.000
74.260, 0.931, 0.215, 1.000, 0.000, 1.000, 0.177, 0.000, -0.000
74.280, 0.896, -0.321, 0.000, 0.000, 0.000, 0.172, -0.000, 0.000
74.300, 0.776, -0.785, 0.000, 0.000, 0.000, 0.169, -0.000, 0.000
74.320, 0.503, -0.926, 0.000, 0.000, 0.000, 0.168, -0.000, 0.000
74.340, 0.057, -0.924, 0.000, 0.241, 0.241, 0.168, -0.020, 0.020
74.360, -0.641, -0.808, 0.000, 1.000, 1.000, 0.172, -0.157, 0.195
74.380, -0.906, -0.554, 0.000, 0.933, 0.933, 0.175, -0.005, 0.048
74.400, -0.929, -0.116, 0.000, 0.827, 0.827, 0.176, 0.006, 0.008
74.420, -0.880, 0.443, 1.000, 0.699, 0.301, 0.173, -0.012, -0.028
74.440, -0.732, 0.837, 1.000, 0.214, 0.786, 0.175, -0.011, -0.018
74.460, -0.427, 0.931, 1.000, 0.000, 1.000, 0.177, -0.000, -0.000
74.480, 0.035, 0.921, 1.000, 0.000, 1.000, 0.179, -0.000, -0.000
74.500, -0.893, -0.691, 0.000, 1.000, 1.000, 0.180, -0.280, 1.599
74.520, -0.971, 0.949, 1.000, 1.000, 0.000, 0.175, 1.435, -2.735
74.540, 0.623, -0.643, 0.000, 1.000, 1.000, 0.177, -2.151, 1.996
74.560, 0.174, -0.794, 0.000, 1.000, 1.000, 0.179, -0.346, 0.311
74.580, -0.983, 0.560, 1.000, 1.000, 0.000, 0.175, 1.477, -1.216
74.600, 0.251, 0.399, 1.000, 1.000, 0.000, 0.172, -1.655, -0.702
74.620, 0.553, 0.370, 1.000, 0.000, 1.000, 0.176, -0.000, -0.000
74.640, 0.772, 0.140, 1.000, 0.000, 1.000, 0.178, -0.000, -0.000
74.660, 0.826, -0.317, 0.000, 0.000, 0.000, 0.174, -0.000, 0.000
74.680, 0.736, -0.764, 0.000, 0.000, 0.000, 0.171, -0.000, 0.000
74.700, 0.470, -0.917, 0.000, 0.000, 0.000, 0.170, -0.000, 0.000
74.720, -0.048, -0.907, 0.000, 1.000, 1.000, 0.174, -0.097, 0.097
74.740, -0.731, -0.757, 0.000, 1.000, 1.000, 0.177, -0.151, 0.211
74.760, -0.912, -0.510, 0.000, 0.000, 0.000, 0.173, -0.000, 0.000
74.780, -0.925, -0.087, 0.000, 0.135, 0.135, 0.172, 0.001, 0.001
74.800, -0.875, 0.468, 1.000, 0.000, 1.000, 0.176, -0.000, -0.000
74.820, -0.720, 0.848, 1.000, 0.000, 1.000, 0.178, -0.000, -0.000
74.840, -0.406, 0.932, 1.000, 0.000, 1.000, 0.180, -0.000, -0.000
74.860, -0.444, 0.756, 1.000, 1.000, 0.000, 0.175, -0.517, -0.485
74.880, -0.961, -0.362, 0.000, 1.000, 1.000, 0.178, 0.801, 0.784
74.900, -0.703, 0.691, 1.000, 1.000, 0.000, 0.174, -1.192, -1.394
74.920, -0.914, 0.226, 1.000, 1.000, 0.000, 0.172, -0.027, -0.364
74.940, -0.818, 0.536, 1.000, 1.000, 0.000, 0.170, -0.600, -0.831
74.960, -0.821, 0.654, 1.000, 1.000, 0.000, 0.169, -0.369, -0.652
74.980, -0.623, 0.892, 1.000, 0.749, 0.251, 0.169, -0.047, -0.063
75.000, -0.260, 0.932, 1.000, 0.000, 1.000, 0.174, -0.000, -0.000
75.020, 0.264, 0.902, 1.000, 0.000, 1.000, 0.177, -0.000, -0.000
75.040, 0.754, 0.794, 1.000, 0.000, 1.000, 0.179, -0.000, -0.000
75.060, 0.921, 0.537, 1.000, 0.000, 1.000, 0.181, 0.000, -0.000
75.080, 0.929, 0.124, 1.000, 0.000, 1.000, 0.182, 0.000, -0.000
75.100, 0.882, -0.429, 0.000, 0.000, 0.000, 0.176, -0.000, 0.000
75.120, 0.737, -0.834, 0.000, 0.000, 0.000, 0.173, -0.000, 0.000
75.140, 0.365, -0.912, 0.000, 1.000, 1.000, 0.177, -0.133, 0.143
75.160, -0.385, -0.835, 0.000, 1.000, 1.000, 0.180, -0.299, 0.304
75.180, -0.870, -0.589, 0.000, 1.000, 1.000, 0.181, -0.058, 0.156
75.200, -0.924, -0.229, 0.000, 0.000, 0.000, 0.176, 0.000, 0.000
75.220, -0.896, 0.299, 1.000, 0.000, 1.000, 0.179, -0.000, -0.000
75.240, -0.782, 0.773, 1.000, 0.000, 1.000, 0.181, -0.000, -0.000
75.260, -0.551, 0.910, 1.000, 1.000, 0.000, 0.177, -0.080, -0.098
75.280, -0.151, 0.929, 1.000, 0.000, 1.000, 0.180, -0.000, -0.000
75.300, 0.397, 0.886, 1.000, 0.000, 1.000, 0.182, -0.000, -0.000
75.320, 0.820, 0.749, 1.000, 0.000, 1.000, 0.183, -0.000, -0.000
75.340, 0.930, 0.455, 1.000, 0.000, 1.000, 0.184, 0.000, -0.000
75.360, 0.923, 0.004, 1.000, 0.000, 1.000, 0.185, 0.000, -0.000
75.380, 0.861, -0.552, 0.000, 0.000, 0.000, 0.180, -0.000, 0.000
75.400, 0.680, -0.876, 0.000, 0.000, 0.000, 0.177, -0.000, 0.000
75.420, 0.299, -0.924, 0.000, 0.814, 0.814, 0.179, -0.070, 0.073
75.440, -0.426, -0.846, 0.000, 1.000, 1.000, 0.182, -0.234, 0.247
75.460, -0.874, -0.608, 0.000, 1.000, 1.000, 0.184, -0.044, 0.130
75.480, -0.927, -0.252, 0.000, 0.000, 0.000, 0.179, 0.000, 0.000
75.500, -0.899, 0.287, 1.000, 0.762, 0.238, 0.178, -0.007, -0.020
75.520, -0.787, 0.767, 1.000, 0.000, 1.000, 0.181, -0.000, -0.000
75.540, -0.549, 0.913, 1.000, 0.834, 0.166, 0.179, -0.061, -0.074
75.560, -0.721, 0.615, 1.000, 1.000, 0.000, 0.176, -0.565, -0.605
75.580, -0.880, 0.469, 1.000, 1.000, 0.000, 0.174, -0.244, -0.618
75.600, -0.746, 0.809, 1.000, 1.000, 0.000, 0.173, -0.152, -0.241
75.620, -0.458, 0.928, 1.000, 0.000, 1.000, 0.178, -0.000, -0.000
75.640, -0.011, 0.923, 1.000, 0.000, 1.000, 0.181, -0.000, -0.000
75.660, 0.546, 0.862, 1.000, 0.000, 1.000, 0.183, -0.000, -0.000
75.680, 0.874, 0.683, 1.000, 0.000, 1.000, 0.185, -0.000, -0.000
75.700, 0.934, 0.347, 1.000, 0.000, 1.000, 0.186, 0.000, -0.000
75.720, 0.913, -0.148, 0.000, 0.000, 0.000, 0.181, -0.000, 0.000
75.740, 0.826, -0.680, 0.000, 0.000, 0.000, 0.177, -0.000, 0.000
75.760, 0.529, -0.864, 0.000, 1.000, 1.000, 0.181, -0.234, 0.272
75.780, -0.245, -0.801, 0.000, 1.000, 1.000, 0.184, -0.476, 0.438
75.800, -0.884, -0.455, 0.000, 1.000, 1.000, 0.185, -0.093, 0.248
75.820, -0.913, -0.036, 0.000, 0.000, 0.000, 0.181, -0.000, 0.000
75.840, -0.862, 0.516, 1.000, 0.000, 1.000, 0.184, -0.000, -0.000
75.860, -0.694, 0.864, 1.000, 0.000, 1.000, 0.186, -0.000, -0.000
75.880, -0.476, 0.903, 1.000, 1.000, 0.000, 0.181, -0.172, -0.197
75.900, -0.083, 0.914, 1.000, 0.402, 0.598, 0.182, -0.036, -0.036
75.920, 0.420, 0.856, 1.000, 0.635, 0.365, 0.181, -0.052, -0.055
75.940, 0.824, 0.723, 1.000, 0.000, 1.000, 0.184, -0.000, -0.000
75.960, 0.928, 0.423, 1.000, 0.000, 1.000, 0.186, 0.000, -0.000
75.980, 0.920, -0.039, 0.000, 0.000, 0.000, 0.181, 0.000, 0.000
76.000, 0.851, -0.591, 0.000, 0.000, 0.000, 0.178, -0.000, 0.000
76.020, 0.658, -0.887, 0.000, 0.000, 0.000, 0.177, -0.000, 0.000
76.040, 0.307, -0.934, 0.000, 0.013, 0.013, 0.175, -0.001, 0.001
76.060, -0.327, -0.880, 0.000, 1.000, 1.000, 0.180, -0.137, 0.143
76.080, -0.798, -0.749, 0.000, 0.445, 0.445, 0.180, -0.018, 0.033
76.100, -0.927, -0.458, 0.000, 0.154, 0.154, 0.178, 0.001, 0.007
76.120, -0.922, 0.057, 1.000, 1.000, 0.000, 0.176, 0.004, -0.008
76.140, -0.847, 0.602, 1.000, 1.000, 0.000, 0.175, -0.055, -0.110
76.160, -0.654, 0.887, 1.000, 0.209, 0.791, 0.178, -0.013, -0.018
76.180, -0.303, 0.934, 1.000, 0.000, 1.000, 0.182, -0.000, -0.000
76.200, -0.833, 0.043, 1.000, 1.000, 0.000, 0.178, -0.528, -0.062
76.220, -0.881, 0.536, 1.000, 1.000, 0.000, 0.176, -0.125, -0.369
76.240, -0.712, 0.857, 1.000, 1.000, 0.000, 0.174, -0.074, -0.113
76.260, -0.392, 0.933, 1.000, 0.000, 1.000, 0.179, -0.000, -0.000
76.280, 0.085, 0.918, 1.000, 0.000, 1.000, 0.182, -0.000, -0.000
76.300, 0.631, 0.842, 1.000, 0.000, 1.000, 0.184, -0.000, -0.000
76.320, 0.897, 0.635, 1.000, 0.000, 1.000, 0.186, -0.000, -0.000
76.340, 0.934, 0.271, 1.000, 0.000, 1.000, 0.187, 0.000, -0.000
76.360, 0.904, -0.250, 0.000, 0.000, 0.000, 0.181, -0.000, 0.000
76.380, 0.799, -0.745, 0.000, 0.075, 0.075, 0.179, -0.003, 0.006
76.400, 0.518, -0.908, 0.000, 0.922, 0.922, 0.182, -0.070, 0.084
76.420, -0.057, -0.891, 0.000, 1.000, 1.000, 0.184, -0.198, 0.197
76.440, -0.737, -0.742, 0.000, 1.000, 1.000, 0.186, -0.153, 0.212
76.460, -0.911, -0.491, 0.000, 0.000, 0.000, 0.181, -0.000, 0.000
76.480, -0.927, 0.302, 1.000, 1.000, 0.000, 0.178, 0.047, -0.223
76.500, -0.796, 0.775, 1.000, 0.718, 0.282, 0.178, -0.030, -0.055
76.520, -0.528, 0.926, 1.000, 0.000, 1.000, 0.182, -0.000, -0.000
76.540, -0.112, 0.929, 1.000, 0.030, 0.970, 0.185, -0.003, -0.003
76.560, 0.404, 0.869, 1.000, 0.507, 0.493, 0.183, -0.042, -0.045
76.580, 0.676, 0.526, 1.000, 1.000, 0.000, 0.180, -0.246, -0.199
76.600, 0.609, -0.204, 0.000, 1.000, 1.000, 0.183, -0.679, 0.184
76.620, -0.714, -0.259, 0.000, 1.000, 1.000, 0.186, -1.340, 0.561
76.640, -0.998, 0.808, 1.000, 1.000, 0.000, 0.181, 3.404, -3.358
76.660, 0.921, -0.536, 0.000, 1.000, 1.000, 0.184, 0.064, 1.533
76.680, 0.728, -0.880, 0.000, 0.000, 0.000, 0.180, -0.000, 0.000
76.700, 0.398, -0.939, 0.000, 0.000, 0.000, 0.178, -0.000, 0.000
76.720, -0.143, -0.908, 0.000, 0.767, 0.767, 0.181, -0.069, 0.069
76.740, -0.715, -0.798, 0.000, 0.885, 0.885, 0.183, -0.051, 0.072
76.760, -0.913, -0.559, 0.000, 0.000, 0.000, 0.180, -0.000, 0.000
76.780, -0.930, -0.153, 0.000, 0.153, 0.153, 0.178, 0.001, 0.002
76.800, -0.886, 0.397, 1.000, 0.105, 0.895, 0.182, -0.002, -0.004
76.820, -0.809, 0.654, 1.000, 1.000, 0.000, 0.179, -0.392, -0.639
76.840, -0.811, 0.632, 1.000, 1.000, 0.000, 0.177, -0.431, -0.685
76.860, -0.789, 0.695, 1.000, 1.000, 0.000, 0.175, -0.407, -0.640
76.880, -0.762, 0.730, 1.000, 1.000, 0.000, 0.174, -0.412, -0.611
76.900, -0.748, 0.740, 1.000, 1.000, 0.000, 0.173, -0.416, -0.597
76.920, -0.748, 0.733, 1.000, 1.000, 0.000, 0.173, -0.423, -0.601
76.940, -0.753, 0.727, 1.000, 1.000, 0.000, 0.172, -0.422, -0.604
76.960, -0.751, 0.733, 1.000, 1.000, 0.000, 0.172, -0.417, -0.598
76.980, -0.740, 0.747, 1.000, 1.000, 0.000, 0.171, -0.411, -0.582
77.000, -0.727, 0.758, 1.000, 1.000, 0.000, 0.171, -0.409, -0.566
77.020, -0.713, 0.768, 1.000, 1.000, 0.000, 0.170, -0.404, -0.547
77.040, -0.706, 0.767, 1.000, 1.000, 0.000, 0.170, -0.409, -0.544
77.060, -0.702, 0.768, 1.000, 1.000, 0.000, 0.169, -0.407, -0.538
77.080, -0.699, 0.769, 1.000, 1.000, 0.000, 0.169, -0.407, -0.534
77.100, -0.697, 0.769, 1.000, 1.000, 0.000, 0.168, -0.407, -0.532
77.120, -0.697, 0.769, 1.000, 1.000, 0.000, 0.168, -0.407, -0.532
77.140, -0.699, 0.767, 1.000, 1.000, 0.000, 0.167, -0.409, -0.535
77.160, -0.704, 0.763, 1.000, 1.000, 0.000, 0.167, -0.412, -0.541
77.180, -0.708, 0.760, 1.000, 1.000, 0.000, 0.166, -0.412, -0.546
77.200, -0.715, 0.756, 1.000, 1.000, 0.000, 0.166, -0.414, -0.554
77.220, -0.719, 0.755, 1.000, 1.000, 0.000, 0.165, -0.413, -0.557
77.240, -0.722, 0.753, 1.000, 1.000, 0.000, 0.165, -0.414, -0.562
77.260, -0.726, 0.750, 1.000, 1.000, 0.000, 0.164, -0.416, -0.568
77.280, -0.728, 0.751, 1.000, 1.000, 0.000, 0.164, -0.414, -0.568
77.300, -0.728, 0.750, 1.000, 1.000, 0.000, 0.163, -0.415, -0.570
77.320, -0.728, 0.752, 1.000, 1.000, 0.000, 0.163, -0.414, -0.569
77.340, -0.726, 0.753, 1.000, 1.000, 0.000, 0.163, -0.413, -0.567
77.360, -0.723, 0.755, 1.000, 1.000, 0.000, 0.162, -0.412, -0.563
77.380, -0.720, 0.758, 1.000, 1.000, 0.000, 0.162, -0.411, -0.559
77.400, -0.716, 0.760, 1.000, 1.000, 0.000, 0.161, -0.410, -0.554
77.420, -0.712, 0.763, 1.000, 1.000, 0.000, 0.161, -0.409, -0.549
77.440, -0.708, 0.766, 1.000, 1.000, 0.000, 0.160, -0.408, -0.543
77.460, -0.705, 0.767, 1.000, 1.000, 0.000, 0.160, -0.408, -0.541
77.480, -0.701, 0.768, 1.000, 1.000, 0.000, 0.159, -0.407, -0.536
77.500, -0.699, 0.768, 1.000, 1.000, 0.000, 0.159, -0.407, -0.535
77.520, -0.698, 0.769, 1.000, 1.000, 0.000, 0.158, -0.407, -0.532
77.540, -0.697, 0.769, 1.000, 1.000, 0.000, 0.158, -0.407, -0.532
77.560, -0.697, 0.769, 1.000, 1.000, 0.000, 0.158, -0.407, -0.531
77.580, -0.697, 0.769, 1.000, 1.000, 0.000, 0.157, -0.407, -0.532
77.600, -0.697, 0.768, 1.000, 1.000, 0.000, 0.157, -0.408, -0.532
77.620, -0.698, 0.767, 1.000, 1.000, 0.000, 0.156, -0.408, -0.534
77.640, -0.699, 0.767, 1.000, 1.000, 0.000, 0.156, -0.408, -0.534
77.660, -0.700, 0.767, 1.000, 1.000, 0.000, 0.155, -0.408, -0.535
77.680, -0.700, 0.767, 1.000, 1.000, 0.000, 0.155, -0.408, -0.535
77.700, -0.700, 0.767, 1.000, 1.000, 0.000, 0.155, -0.408, -0.535
77.720, -0.699, 0.768, 1.000, 1.000, 0.000, 0.154, -0.407, -0.534
77.740, -0.699, 0.768, 1.000, 1.000, 0.000, 0.154, -0.407, -0.533
77.760, -0.698, 0.769, 1.000, 1.000, 0.000, 0.153, -0.407, -0.532
77.780, -0.697, 0.769, 1.000, 1.000, 0.000, 0.153, -0.406, -0.531
77.800, -0.690, 0.775, 1.000, 1.000, 0.000, 0.152, -0.401, -0.520
77.820, -0.691, 0.770, 1.000, 1.000, 0.000, 0.152, -0.409, -0.529
77.840, -0.697, 0.765, 1.000, 1.000, 0.000, 0.152, -0.411, -0.534
77.860, -0.699, 0.767, 1.000, 1.000, 0.000, 0.151, -0.406, -0.532
77.880, -0.697, 0.770, 1.000, 1.000, 0.000, 0.151, -0.405, -0.530
77.900, -0.693, 0.772, 1.000, 1.000, 0.000, 0.150, -0.404, -0.526
77.920, -0.690, 0.774, 1.000, 1.000, 0.000, 0.150, -0.404, -0.523
77.940, -0.687, 0.774, 1.000, 1.000, 0.000, 0.149, -0.404, -0.520
77.960, -0.685, 0.774, 1.000, 1.000, 0.000, 0.149, -0.404, -0.519
77.980, -0.685, 0.774, 1.000, 1.000, 0.000, 0.149, -0.404, -0.518
78.000, -0.684, 0.774, 1.000, 1.000, 0.000, 0.148, -0.404, -0.517
78.020, -0.684, 0.774, 1.000, 1.000, 0.000, 0.148, -0.404, -0.517
78.040, -0.683, 0.775, 1.000, 1.000, 0.000, 0.147, -0.403, -0.516
78.060, -0.682, 0.775, 1.000, 1.000, 0.000, 0.147, -0.403, -0.515
78.080, -0.681, 0.775, 1.000, 1.000, 0.000, 0.147, -0.403, -0.514
78.100, -0.680, 0.776, 1.000, 1.000, 0.000, 0.146, -0.403, -0.513
78.120, -0.680, 0.776, 1.000, 1.000, 0.000, 0.146, -0.403, -0.512
78.140, -0.679, 0.776, 1.000, 1.000, 0.000, 0.145, -0.402, -0.511
78.160, -0.678, 0.777, 1.000, 1.000, 0.000, 0.145, -0.402, -0.510
78.180, -0.676, 0.777, 1.000, 1.000, 0.000, 0.144, -0.402, -0.509
78.200, -0.675, 0.778, 1.000, 1.000, 0.000, 0.144, -0.402, -0.508
78.220, -0.674, 0.778, 1.000, 1.000, 0.000, 0.144, -0.401, -0.506
78.240, -0.673, 0.779, 1.000, 1.000, 0.000, 0.143, -0.401, -0.505
78.260, -0.671, 0.779, 1.000, 1.000, 0.000, 0.143, -0.401, -0.503
78.280, -0.670, 0.779, 1.000, 1.000, 0.000, 0.142, -0.400, -0.502
78.300, -0.668, 0.780, 1.000, 1.000, 0.000, 0.142, -0.400, -0.501
78.320, -0.667, 0.780, 1.000, 1.000, 0.000, 0.142, -0.400, -0.499
78.340, -0.666, 0.781, 1.000, 1.000, 0.000, 0.141, -0.399, -0.498
78.360, -0.664, 0.781, 1.000, 1.000, 0.000, 0.141, -0.399, -0.497
78.380, -0.663, 0.781, 1.000, 1.000, 0.000, 0.140, -0.399, -0.495
78.400, -0.661, 0.782, 1.000, 1.000, 0.000, 0.140, -0.399, -0.494
78.420, -0.660, 0.782, 1.000, 1.000, 0.000, 0.140, -0.398, -0.492
78.440, -0.658, 0.782, 1.000, 1.000, 0.000, 0.139, -0.398, -0.491
78.460, -0.657, 0.783, 1.000, 1.000, 0.000, 0.139, -0.398, -0.490
78.480, -0.656, 0.783, 1.000, 1.000, 0.000, 0.139, -0.397, -0.488
78.500, -0.654, 0.783, 1.000, 1.000, 0.000, 0.138, -0.397, -0.487
78.520, -0.653, 0.784, 1.000, 1.000, 0.000, 0.138, -0.397, -0.485
78.540, -0.651, 0.784, 1.000, 1.000, 0.000, 0.137, -0.396, -0.484
78.560, -0.650, 0.784, 1.000, 1.000, 0.000, 0.137, -0.396, -0.483
78.580, -0.648, 0.785, 1.000, 1.000, 0.000, 0.137, -0.396, -0.481
78.600, -0.646, 0.785, 1.000, 1.000, 0.000, 0.136, -0.396, -0.480
78.620, -0.645, 0.785, 1.000, 1.000, 0.000, 0.136, -0.395, -0.478
78.640, -0.643, 0.786, 1.000, 1.000, 0.000, 0.135, -0.395, -0.477
78.660, -0.642, 0.786, 1.000, 1.000, 0.000, 0.135, -0.395, -0.476
78.680, -0.640, 0.786, 1.000, 1.000, 0.000, 0.135, -0.394, -0.474
78.700, -0.639, 0.786, 1.000, 1.000, 0.000, 0.134, -0.394, -0.473
78.720, -0.637, 0.787, 1.000, 1.000, 0.000, 0.134, -0.394, -0.471
78.740, -0.635, 0.787, 1.000, 1.000, 0.000, 0.134, -0.393, -0.470
78.760, -0.634, 0.787, 1.000, 1.000, 0.000, 0.133, -0.393, -0.469
78.780, -0.632, 0.787, 1.000, 1.000, 0.000, 0.133, -0.393, -0.467
78.800, -0.630, 0.788, 1.000, 1.000, 0.000, 0.132, -0.392, -0.466
78.820, -0.629, 0.788, 1.000, 1.000, 0.000, 0.132, -0.392, -0.464
78.840, -0.627, 0.788, 1.000, 1.000, 0.000, 0.132, -0.392, -0.463
78.860, -0.625, 0.788, 1.000, 1.000, 0.000, 0.131, -0.392, -0.462
78.880, -0.623, 0.788, 1.000, 1.000, 0.000, 0.131, -0.391, -0.460
78.900, -0.622, 0.789, 1.000, 1.000, 0.000, 0.131, -0.391, -0.459
78.920, -0.615, 0.792, 1.000, 1.000, 0.000, 0.130, -0.385, -0.450
78.940, -0.615, 0.788, 1.000, 1.000, 0.000, 0.130, -0.393, -0.457
78.960, -0.618, 0.786, 1.000, 1.000, 0.000, 0.130, -0.394, -0.459
78.980, -0.622, 0.785, 1.000, 1.000, 0.000, 0.129, -0.394, -0.460
79.000, -0.622, 0.787, 1.000, 1.000, 0.000, 0.129, -0.391, -0.458
79.020, -0.621, 0.789, 1.000, 1.000, 0.000, 0.128, -0.390, -0.457
79.040, -0.619, 0.789, 1.000, 1.000, 0.000, 0.128, -0.390, -0.457
79.060, -0.618, 0.789, 1.000, 1.000, 0.000, 0.128, -0.391, -0.456
79.080, -0.617, 0.789, 1.000, 1.000, 0.000, 0.127, -0.391, -0.455
79.100, -0.615, 0.789, 1.000, 1.000, 0.000, 0.127, -0.390, -0.454
79.120, -0.613, 0.790, 1.000, 1.000, 0.000, 0.127, -0.389, -0.452
79.140, -0.605, 0.794, 1.000, 1.000, 0.000, 0.126, -0.383, -0.442
79.160, -0.603, 0.790, 1.000, 1.000, 0.000, 0.126, -0.390, -0.447
79.180, -0.604, 0.788, 1.000, 1.000, 0.000, 0.126, -0.391, -0.447
79.200, -0.604, 0.788, 1.000, 1.000, 0.000, 0.125, -0.390, -0.446
79.220, -0.603, 0.790, 1.000, 1.000, 0.000, 0.125, -0.387, -0.443
79.240, -0.600, 0.791, 1.000, 1.000, 0.000, 0.125, -0.387, -0.442
79.260, -0.599, 0.790, 1.000, 1.000, 0.000, 0.124, -0.388, -0.442
79.280, -0.599, 0.789, 1.000, 1.000, 0.000, 0.124, -0.389, -0.443
79.300, -0.601, 0.788, 1.000, 1.000, 0.000, 0.123, -0.390, -0.444
79.320, -0.602, 0.788, 1.000, 1.000, 0.000, 0.123, -0.390, -0.444
79.340, -0.603, 0.788, 1.000, 1.000, 0.000, 0.123, -0.389, -0.445
79.360, -0.602, 0.789, 1.000, 1.000, 0.000, 0.122, -0.388, -0.443
79.380, -0.600, 0.791, 1.000, 1.000, 0.000, 0.122, -0.386, -0.441
79.400, -0.595, 0.792, 1.000, 1.000, 0.000, 0.122, -0.385, -0.437
79.420, -0.588, 0.793, 1.000, 1.000, 0.000, 0.121, -0.383, -0.433
79.440, -0.580, 0.794, 1.000, 1.000, 0.000, 0.121, -0.382, -0.428
79.460, -0.580, 0.789, 1.000, 1.000, 0.000, 0.121, -0.389, -0.432
79.480, -0.597, 0.778, 1.000, 1.000, 0.000, 0.120, -0.404, -0.451
79.500, -0.645, 0.754, 1.000, 1.000, 0.000, 0.120, -0.427, -0.493
79.520, -0.742, 0.686, 1.000, 1.000, 0.000, 0.120, -0.452, -0.583
79.540, -0.816, 0.621, 1.000, 1.000, 0.000, 0.119, -0.409, -0.657
79.560, -0.827, 0.597, 1.000, 1.000, 0.000, 0.119, -0.423, -0.702
79.580, -0.821, 0.617, 1.000, 1.000, 0.000, 0.119, -0.425, -0.702
79.600, -0.795, 0.683, 1.000, 1.000, 0.000, 0.118, -0.414, -0.658
79.620, -0.713, 0.803, 1.000, 1.000, 0.000, 0.118, -0.328, -0.469
79.640, -0.497, 0.901, 1.000, 1.000, 0.000, 0.118, -0.126, -0.146
79.660, -0.141, 0.910, 1.000, 1.000, 0.000, 0.117, -0.068, -0.069
79.680, 0.353, 0.866, 1.000, 0.918, 0.082, 0.118, -0.050, -0.052
79.700, 0.794, 0.750, 1.000, 0.000, 1.000, 0.123, -0.000, -0.000
79.720, 0.925, 0.470, 1.000, 0.000, 1.000, 0.127, 0.000, -0.000
79.740, 0.924, 0.029, 1.000, 0.000, 1.000, 0.129, 0.000, -0.000
79.760, 0.865, -0.528, 0.000, 0.000, 0.000, 0.125, -0.000, 0.000
79.780, 0.692, -0.869, 0.000, 0.000, 0.000, 0.122, -0.000, 0.000
79.800, 0.325, -0.926, 0.000, 1.000, 1.000, 0.126, -0.060, 0.064
79.820, -0.339, -0.869, 0.000, 1.000, 1.000, 0.129, -0.181, 0.188
79.840, -0.838, -0.681, 0.000, 1.000, 1.000, 0.131, -0.056, 0.120
79.860, -0.927, -0.366, 0.000, 0.000, 0.000, 0.126, 0.000, 0.000
79.880, -0.913, 0.118, 1.000, 0.000, 1.000, 0.129, -0.000, -0.000
79.900, -0.833, 0.656, 1.000, 0.000, 1.000, 0.132, -0.000, -0.000
79.920, -0.620, 0.901, 1.000, 0.176, 0.824, 0.132, -0.009, -0.012
79.940, -0.287, 0.926, 1.000, 0.807, 0.193, 0.129, -0.050, -0.052
79.960, 0.158, 0.889, 1.000, 1.000, 0.000, 0.126, -0.069, -0.070
79.980, -0.135, 0.172, 1.000, 1.000, 0.000, 0.124, -0.950, -0.166
80.000, -0.832, 0.136, 1.000, 1.000, 0.000, 0.122, -0.411, -0.153
80.020, -0.882, 0.565, 1.000, 1.000, 0.000, 0.121, -0.156, -0.508
80.040, -0.762, 0.716, 1.000, 1.000, 0.000, 0.121, -0.440, -0.640
80.060, -0.765, 0.716, 1.000, 1.000, 0.000, 0.120, -0.422, -0.619
80.080, -0.801, 0.644, 1.000, 1.000, 0.000, 0.120, -0.437, -0.667
80.100, -0.773, 0.726, 1.000, 1.000, 0.000, 0.119, -0.391, -0.602
80.120, -0.752, 0.737, 1.000, 1.000, 0.000, 0.119, -0.419, -0.606
80.140, -0.801, 0.633, 1.000, 1.000, 0.000, 0.118, -0.443, -0.666
80.160, -0.613, 0.885, 1.000, 0.855, 0.145, 0.119, -0.038, -0.050
80.180, -0.252, 0.930, 1.000, 0.000, 1.000, 0.124, -0.000, -0.000
80.200, 0.273, 0.900, 1.000, 0.000, 1.000, 0.128, -0.000, -0.000
80.220, 0.759, 0.791, 1.000, 0.000, 1.000, 0.130, -0.000, -0.000
80.240, 0.922, 0.531, 1.000, 0.000, 1.000, 0.132, 0.000, -0.000
80.260, 0.929, 0.116, 1.000, 0.000, 1.000, 0.133, 0.000, -0.000
80.280, 0.881, -0.437, 0.000, 0.000, 0.000, 0.128, -0.000, 0.000
80.300, 0.729, -0.831, 0.000, 0.712, 0.712, 0.129, -0.028, 0.043
80.320, 0.353, -0.909, 0.000, 1.000, 1.000, 0.132, -0.138, 0.148
80.340, -0.274, -0.873, 0.000, 1.000, 1.000, 0.134, -0.164, 0.166
80.360, -0.752, -0.776, 0.000, 0.000, 0.000, 0.129, -0.000, 0.000
80.380, -0.919, -0.520, 0.000, 0.000, 0.000, 0.126, 0.000, 0.000
80.400, -0.927, -0.102, 0.000, 0.000, 0.000, 0.124, 0.000, 0.000
80.420, -0.878, 0.452, 1.000, 0.000, 1.000, 0.129, -0.000, -0.000
80.440, -0.727, 0.843, 1.000, 0.000, 1.000, 0.132, -0.000, -0.000
80.460, -0.517, 0.901, 1.000, 1.000, 0.000, 0.128, -0.172, -0.203
80.480, -0.607, 0.721, 1.000, 1.000, 0.000, 0.126, -0.528, -0.546
80.500, -0.467, 0.854, 1.000, 1.000, 0.000, 0.124, -0.165, -0.181
80.520, -0.072, 0.907, 1.000, 0.000, 1.000, 0.129, -0.000, -0.000
80.540, 0.474, 0.867, 1.000, 0.000, 1.000, 0.132, -0.000, -0.000
80.560, 0.849, 0.712, 1.000, 0.000, 1.000, 0.134, -0.000, -0.000
80.580, 0.932, 0.396, 1.000, 0.000, 1.000, 0.136, 0.000, -0.000
80.600, 0.918, -0.079, 0.000, 0.000, 0.000, 0.131, 0.000, 0.000
80.620, 0.843, -0.626, 0.000, 0.000, 0.000, 0.128, -0.000, 0.000
80.640, 0.628, -0.889, 0.000, 0.740, 0.740, 0.130, -0.036, 0.048
80.660, 0.169, -0.911, 0.000, 1.000, 1.000, 0.134, -0.143, 0.145
80.680, -0.499, -0.841, 0.000, 1.000, 1.000, 0.136, -0.144, 0.159
80.700, -0.854, -0.685, 0.000, 0.000, 0.000, 0.131, -0.000, 0.000
80.720, -0.930, -0.361, 0.000, 0.000, 0.000, 0.129, 0.000, 0.000
80.740, -0.910, 0.208, 1.000, 1.000, 0.000, 0.127, -0.010, -0.047
80.760, -0.823, 0.632, 1.000, 1.000, 0.000, 0.126, -0.308, -0.531
80.780, -0.759, 0.753, 1.000, 1.000, 0.000, 0.125, -0.372, -0.566
80.800, -0.694, 0.802, 1.000, 1.000, 0.000, 0.124, -0.365, -0.497
80.820, -0.536, 0.876, 1.000, 1.000, 0.000, 0.124, -0.217, -0.257
80.840, -0.219, 0.907, 1.000, 1.000, 0.000, 0.123, -0.080, -0.082
80.860, 0.069, 0.825, 1.000, 1.000, 0.000, 0.123, -0.246, -0.227
80.880, 0.215, 0.606, 1.000, 1.000, 0.000, 0.122, -0.429, -0.284
80.900, 0.280, 0.398, 1.000, 1.000, 0.000, 0.122, -0.416, -0.177
80.920, 0.226, 0.181, 1.000, 1.000, 0.000, 0.122, -0.438, -0.082
80.940, 0.000, 0.017, 1.000, 1.000, 0.000, 0.121, -0.449, -0.008
80.960, -0.445, 0.016, 1.000, 1.000, 0.000, 0.121, -0.435, -0.008
80.980, -0.546, 0.314, 1.000, 0.000, 1.000, 0.127, -0.000, -0.000
81.000, -0.501, 0.670, 1.000, 0.000, 1.000, 0.130, -0.000, -0.000
81.020, -0.253, 0.853, 1.000, 0.212, 0.788, 0.131, -0.013, -0.013
81.040, 0.223, 0.878, 1.000, 0.000, 1.000, 0.133, -0.000, -0.000
81.060, 0.721, 0.792, 1.000, 0.000, 1.000, 0.135, -0.000, -0.000
81.080, 0.913, 0.551, 1.000, 0.000, 1.000, 0.136, -0.000, -0.000
81.100, 0.929, 0.149, 1.000, 0.000, 1.000, 0.137, 0.000, -0.000
81.120, 0.886, -0.400, 0.000, 0.000, 0.000, 0.132, -0.000, 0.000
81.140, 0.748, -0.822, 0.000, 0.000, 0.000, 0.129, -0.000, 0.000
81.160, 0.447, -0.928, 0.000, 0.203, 0.203, 0.128, -0.012, 0.013
81.180, -0.035, -0.917, 0.000, 0.521, 0.521, 0.129, -0.034, 0.034
81.200, -0.590, -0.850, 0.000, 0.063, 0.063, 0.127, -0.003, 0.004
81.220, -0.886, -0.658, 0.000, 0.000, 0.000, 0.126, -0.000, 0.000
81.240, -0.934, -0.308, 0.000, 0.000, 0.000, 0.125, 0.000, 0.000
81.260, -0.908, 0.201, 1.000, 0.000, 1.000, 0.130, -0.000, -0.000
81.280, -0.813, 0.716, 1.000, 0.000, 1.000, 0.133, -0.000, -0.000
81.300, -0.586, 0.908, 1.000, 0.734, 0.266, 0.131, -0.038, -0.048
81.320, -0.292, 0.913, 1.000, 1.000, 0.000, 0.128, -0.117, -0.123
81.340, -0.802, 0.098, 1.000, 1.000, 0.000, 0.126, -0.610, -0.133
81.360, -0.933, 0.498, 1.000, 1.000, 0.000, 0.125, 0.148, -0.714
81.380, -0.686, 0.618, 1.000, 1.000, 0.000, 0.124, -0.777, -0.770
81.400, -0.642, 0.805, 1.000, 1.000, 0.000, 0.124, -0.238, -0.295
81.420, -0.338, 0.916, 1.000, 0.018, 0.982, 0.129, -0.001, -0.001
81.440, 0.149, 0.907, 1.000, 0.000, 1.000, 0.133, -0.000, -0.000
81.460, 0.678, 0.824, 1.000, 0.000, 1.000, 0.135, -0.000, -0.000
81.480, 0.907, 0.600, 1.000, 0.000, 1.000, 0.137, -0.000, -0.000
81.500, 0.933, 0.219, 1.000, 0.000, 1.000, 0.138, 0.000, -0.000
81.520, 0.897, -0.316, 0.000, 0.000, 0.000, 0.133, -0.000, 0.000
81.540, 0.778, -0.783, 0.000, 0.000, 0.000, 0.130, -0.000, 0.000
81.560, 0.480, -0.917, 0.000, 1.000, 1.000, 0.134, -0.060, 0.069
81.580, -0.042, -0.906, 0.000, 1.000, 1.000, 0.136, -0.107, 0.107
81.600, -0.624, -0.829, 0.000, 0.825, 0.825, 0.137, -0.042, 0.052
81.620, -0.893, -0.626, 0.000, 0.000, 0.000, 0.133, -0.000, 0.000
81.640, -0.932, -0.263, 0.000, 0.000, 0.000, 0.130, 0.000, 0.000
81.660, -0.902, 0.267, 1.000, 0.501, 0.499, 0.131, -0.003, -0.009
81.680, -0.833, 0.562, 1.000, 1.000, 0.000, 0.129, -0.466, -0.758
81.700, -0.884, 0.344, 1.000, 1.000, 0.000, 0.128, -0.290, -0.581
81.720, -0.857, 0.483, 1.000, 1.000, 0.000, 0.127, -0.449, -0.790
81.740, -0.834, 0.591, 1.000, 1.000, 0.000, 0.126, -0.415, -0.720
81.760, -0.747, 0.781, 1.000, 1.000, 0.000, 0.125, -0.312, -0.475
81.780, -0.546, 0.896, 1.000, 1.000, 0.000, 0.125, -0.140, -0.170
81.800, -0.153, 0.925, 1.000, 0.000, 1.000, 0.131, -0.000, -0.000
81.820, 0.387, 0.884, 1.000, 0.102, 0.898, 0.133, -0.006, -0.007
81.840, 0.815, 0.751, 1.000, 0.000, 1.000, 0.136, -0.000, -0.000
81.860, 0.929, 0.459, 1.000, 0.000, 1.000, 0.138, 0.000, -0.000
81.880, 0.924, 0.011, 1.000, 0.000, 1.000, 0.139, 0.000, -0.000
81.900, 0.862, -0.546, 0.000, 0.000, 0.000, 0.134, -0.000, 0.000
81.920, 0.683, -0.874, 0.000, 0.000, 0.000, 0.131, -0.000, 0.000
81.940, 0.345, -0.934, 0.000, 0.052, 0.052, 0.129, -0.003, 0.003
81.960, -0.174, -0.908, 0.000, 0.396, 0.396, 0.130, -0.025, 0.026
81.980, -0.697, -0.819, 0.000, 0.000, 0.000, 0.129, -0.000, 0.000
82.000, -0.911, -0.587, 0.000, 0.000, 0.000, 0.127, -0.000, 0.000
82.020, -0.932, -0.199, 0.000, 0.000, 0.000, 0.127, 0.000, 0.000
82.040, -0.893, 0.346, 1.000, 0.487, 0.513, 0.129, -0.004, -0.011
82.060, -0.772, 0.787, 1.000, 1.000, 0.000, 0.127, -0.040, -0.068
82.080, -0.607, 0.876, 1.000, 1.000, 0.000, 0.126, -0.231, -0.297
82.100, -0.959, -0.472, 0.000, 1.000, 1.000, 0.132, 0.809, 1.125
82.120, -0.740, 0.754, 1.000, 1.000, 0.000, 0.129, -1.153, -1.649
82.140, -0.860, 0.425, 1.000, 1.000, 0.000, 0.127, -0.357, -0.575
82.160, -0.783, 0.744, 1.000, 1.000, 0.000, 0.126, -0.248, -0.410
82.180, -0.574, 0.899, 1.000, 1.000, 0.000, 0.125, -0.101, -0.127
82.200, -0.190, 0.929, 1.000, 0.000, 1.000, 0.131, -0.000, -0.000
82.220, 0.350, 0.892, 1.000, 0.000, 1.000, 0.134, -0.000, -0.000
82.240, 0.799, 0.766, 1.000, 0.000, 1.000, 0.136, -0.000, -0.000
82.260, 0.927, 0.485, 1.000, 0.000, 1.000, 0.138, 0.000, -0.000
82.280, 0.926, 0.048, 1.000, 0.000, 1.000, 0.139, 0.000, -0.000
82.300, 0.869, -0.510, 0.000, 0.000, 0.000, 0.134, -0.000, 0.000
82.320, 0.701, -0.863, 0.000, 0.000, 0.000, 0.131, -0.000, 0.000
82.340, 0.349, -0.927, 0.000, 0.725, 0.725, 0.133, -0.045, 0.048
82.360, -0.214, -0.897, 0.000, 1.000, 1.000, 0.137, -0.081, 0.082
82.380, -0.736, -0.792, 0.000, 0.488, 0.488, 0.136, -0.019, 0.029
82.400, -0.917, -0.543, 0.000, 0.000, 0.000, 0.132, -0.000, 0.000
82.420, -0.929, -0.136, 0.000, 0.000, 0.000, 0.130, 0.000, 0.000
82.440, -0.884, 0.415, 1.000, 0.000, 1.000, 0.135, -0.000, -0.000
82.460, -0.760, 0.795, 1.000, 1.000, 0.000, 0.132, -0.123, -0.199
82.480, -0.762, 0.692, 1.000, 1.000, 0.000, 0.130, -0.467, -0.652
82.500, -0.764, 0.724, 1.000, 1.000, 0.000, 0.128, -0.403, -0.596
82.520, -0.783, 0.679, 1.000, 1.000, 0.000, 0.128, -0.437, -0.650
82.540, -0.821, 0.605, 1.000, 1.000, 0.000, 0.127, -0.422, -0.682
82.560, -0.834, 0.578, 1.000, 1.000, 0.000, 0.126, -0.417, -0.705
82.580, -0.826, 0.604, 1.000, 1.000, 0.000, 0.126, -0.425, -0.708
82.600, -0.799, 0.675, 1.000, 1.000, 0.000, 0.125, -0.414, -0.664
82.620, -0.718, 0.800, 1.000, 1.000, 0.000, 0.125, -0.330, -0.474
82.640, -0.495, 0.903, 1.000, 1.000, 0.000, 0.125, -0.113, -0.131
82.660, -0.079, 0.922, 1.000, 0.000, 1.000, 0.130, -0.000, -0.000
82.680, 0.434, 0.860, 1.000, 0.781, 0.219, 0.129, -0.045, -0.049
82.700, 0.832, 0.721, 1.000, 0.000, 1.000, 0.133, -0.000, -0.000
82.720, 0.929, 0.416, 1.000, 0.000, 1.000, 0.136, 0.000, -0.000
82.740, 0.919, -0.049, 0.000, 0.000, 0.000, 0.132, 0.000, 0.000
82.760, 0.849, -0.600, 0.000, 0.000, 0.000, 0.129, -0.000, 0.000
82.780, 0.653, -0.889, 0.000, 0.000, 0.000, 0.127, -0.000, 0.000
82.800, 0.285, -0.931, 0.000, 0.369, 0.369, 0.128, -0.023, 0.024
82.820, -0.284, -0.893, 0.000, 0.949, 0.949, 0.133, -0.060, 0.062
82.840, -0.764, -0.784, 0.000, 0.000, 0.000, 0.129, -0.000, 0.000
82.860, -0.922, -0.522, 0.000, 0.000, 0.000, 0.128, 0.000, 0.000
82.880, -0.928, -0.103, 0.000, 0.000, 0.000, 0.126, 0.000, 0.000
82.900, -0.878, 0.453, 1.000, 0.310, 0.690, 0.130, -0.004, -0.009
82.920, -0.736, 0.828, 1.000, 1.000, 0.000, 0.127, -0.060, -0.095
82.940, -0.905, 0.037, 1.000, 1.000, 0.000, 0.126, -0.125, -0.064
82.960, -0.871, 0.550, 1.000, 1.000, 0.000, 0.125, -0.304, -0.762
82.980, -0.818, 0.536, 1.000, 1.000, 0.000, 0.124, -0.535, -0.738
83.000, -0.834, 0.620, 1.000, 1.000, 0.000, 0.124, -0.371, -0.682
83.020, -0.746, 0.777, 1.000, 1.000, 0.000, 0.123, -0.341, -0.515
83.040, -0.572, 0.883, 1.000, 1.000, 0.000, 0.123, -0.187, -0.231
83.060, -0.367, 0.885, 1.000, 1.000, 0.000, 0.123, -0.215, -0.229
83.080, 0.072, 0.900, 1.000, 0.265, 0.735, 0.127, -0.017, -0.017
83.100, 0.612, 0.837, 1.000, 0.000, 1.000, 0.131, -0.000, -0.000
83.120, 0.891, 0.638, 1.000, 0.000, 1.000, 0.133, -0.000, -0.000
83.140, 0.933, 0.280, 1.000, 0.000, 1.000, 0.135, 0.000, -0.000
83.160, 0.905, -0.238, 0.000, 0.000, 0.000, 0.131, -0.000, 0.000
83.180, 0.802, -0.739, 0.000, 0.000, 0.000, 0.128, -0.000, 0.000
83.200, 0.552, -0.919, 0.000, 0.000, 0.000, 0.126, -0.000, 0.000
83.220, 0.109, -0.924, 0.000, 0.741, 0.741, 0.129, -0.048, 0.048
83.240, -0.527, -0.850, 0.000, 1.000, 1.000, 0.133, -0.096, 0.109
83.260, -0.866, -0.681, 0.000, 0.000, 0.000, 0.129, -0.000, 0.000
83.280, -0.933, -0.339, 0.000, 0.257, 0.257, 0.128, 0.002, 0.006
83.300, -0.911, 0.159, 1.000, 0.009, 0.991, 0.132, -0.000, -0.000
83.320, -0.824, 0.687, 1.000, 0.000, 1.000, 0.135, -0.000, -0.000
83.340, -0.598, 0.908, 1.000, 0.149, 0.851, 0.136, -0.008, -0.010
83.360, -0.925, -0.136, 0.000, 1.000, 1.000, 0.138, 0.093, 0.251
83.380, -0.856, 0.622, 1.000, 1.000, 0.000, 0.133, -0.587, -1.361
83.400, -0.868, 0.178, 1.000, 1.000, 0.000, 0.130, -0.455, -0.335
83.420, -0.899, 0.512, 1.000, 1.000, 0.000, 0.128, -0.157, -0.809
83.440, -0.772, 0.626, 1.000, 1.000, 0.000, 0.127, -0.569, -0.735
83.460, -0.757, 0.749, 1.000, 1.000, 0.000, 0.126, -0.351, -0.526
83.480, -0.502, 0.915, 1.000, 0.053, 0.947, 0.131, -0.003, -0.003
83.500, -0.391, 0.843, 1.000, 1.000, 0.000, 0.128, -0.351, -0.361
83.520, -0.060, 0.876, 1.000, 1.000, 0.000, 0.127, -0.093, -0.091
83.540, 0.395, 0.826, 1.000, 1.000, 0.000, 0.126, -0.085, -0.086
83.560, 0.806, 0.710, 1.000, 0.000, 1.000, 0.131, -0.000, -0.000
83.580, 0.923, 0.419, 1.000, 0.000, 1.000, 0.134, 0.000, -0.000
83.600, 0.918, -0.041, 0.000, 0.000, 0.000, 0.130, 0.000, 0.000
83.620, 0.850, -0.593, 0.000, 0.000, 0.000, 0.128, -0.000, 0.000
83.640, 0.655, -0.886, 0.000, 0.149, 0.149, 0.127, -0.007, 0.009
83.660, 0.270, -0.926, 0.000, 0.842, 0.842, 0.131, -0.053, 0.055
83.680, -0.288, -0.893, 0.000, 0.706, 0.706, 0.133, -0.045, 0.046
83.700, -0.766, -0.783, 0.000, 0.000, 0.000, 0.130, -0.000, 0.000
83.720, -0.922, -0.520, 0.000, 0.000, 0.000, 0.128, 0.000, 0.000
83.740, -0.928, -0.100, 0.000, 0.000, 0.000, 0.126, 0.000, 0.000
83.760, -0.877, 0.459, 1.000, 0.808, 0.192, 0.126, -0.011, -0.024
83.780, -0.728, 0.840, 1.000, 0.646, 0.354, 0.127, -0.025, -0.039
83.800, -0.818, 0.520, 1.000, 1.000, 0.000, 0.126, -0.470, -0.628
83.820, -0.849, 0.583, 1.000, 1.000, 0.000, 0.125, -0.350, -0.695
83.840, -0.793, 0.679, 1.000, 1.000, 0.000, 0.124, -0.431, -0.670
83.860, -0.700, 0.818, 1.000, 1.000, 0.000, 0.124, -0.298, -0.420
83.880, -0.643, 0.815, 1.000, 1.000, 0.000, 0.123, -0.377, -0.474
83.900, -0.861, 0.362, 1.000, 1.000, 0.000, 0.123, -0.354, -0.486
83.920, -0.881, 0.471, 1.000, 1.000, 0.000, 0.122, -0.293, -0.766
83.940, -0.848, 0.368, 1.000, 1.000, 0.000, 0.122, -0.564, -0.670
83.960, -0.897, 0.442, 1.000, 1.000, 0.000, 0.122, -0.187, -0.747
83.980, -0.796, 0.606, 1.000, 1.000, 0.000, 0.121, -0.534, -0.742
84.000, -0.758, 0.756, 1.000, 1.000, 0.000, 0.121, -0.340, -0.518
84.020, -0.638, 0.850, 1.000, 1.000, 0.000, 0.121, -0.276, -0.361
84.040, -0.588, 0.820, 1.000, 1.000, 0.000, 0.120, -0.384, -0.449
84.060, -0.587, 0.789, 1.000, 1.000, 0.000, 0.120, -0.407, -0.457
84.080, -0.676, 0.717, 1.000, 1.000, 0.000, 0.120, -0.466, -0.537
84.100, -0.810, 0.601, 1.000, 1.000, 0.000, 0.119, -0.420, -0.626
84.120, -0.826, 0.618, 1.000, 1.000, 0.000, 0.119, -0.402, -0.690
84.140, -0.790, 0.691, 1.000, 1.000, 0.000, 0.119, -0.416, -0.654
84.160, -0.770, 0.718, 1.000, 1.000, 0.000, 0.118, -0.419, -0.627
84.180, -0.741, 0.754, 1.000, 1.000, 0.000, 0.118, -0.401, -0.577
84.200, -0.646, 0.837, 1.000, 1.000, 0.000, 0.118, -0.302, -0.392
84.220, -0.445, 0.891, 1.000, 1.000, 0.000, 0.117, -0.175, -0.195
84.240, -0.257, 0.855, 1.000, 1.000, 0.000, 0.117, -0.267, -0.265
84.260, -0.142, 0.766, 1.000, 1.000, 0.000, 0.117, -0.373, -0.319
84.280, -0.122, 0.658, 1.000, 1.000, 0.000, 0.116, -0.445, -0.318
84.300, -0.267, 0.545, 1.000, 1.000, 0.000, 0.116, -0.532, -0.317
84.320, -0.630, 0.466, 1.000, 1.000, 0.000, 0.116, -0.564, -0.370
84.340, -0.855, 0.548, 1.000, 1.000, 0.000, 0.115, -0.280, -0.553
84.360, -0.806, 0.649, 1.000, 1.000, 0.000, 0.115, -0.437, -0.694
84.380, -0.805, 0.653, 1.000, 1.000, 0.000, 0.115, -0.427, -0.679
84.400, -0.780, 0.709, 1.000, 1.000, 0.000, 0.114, -0.410, -0.632
84.420, -0.716, 0.792, 1.000, 1.000, 0.000, 0.114, -0.358, -0.506
84.440, -0.556, 0.877, 1.000, 1.000, 0.000, 0.114, -0.213, -0.257
84.460, -0.397, 0.866, 1.000, 1.000, 0.000, 0.113, -0.268, -0.284
84.480, -0.519, 0.685, 1.000, 1.000, 0.000, 0.113, -0.557, -0.494
84.500, -0.823, 0.470, 1.000, 1.000, 0.000, 0.113, -0.423, -0.525
84.520, -0.861, 0.565, 1.000, 1.000, 0.000, 0.112, -0.317, -0.705
84.540, -0.794, 0.662, 1.000, 1.000, 0.000, 0.112, -0.454, -0.693
84.560, -0.785, 0.698, 1.000, 1.000, 0.000, 0.112, -0.413, -0.640
84.580, -0.742, 0.761, 1.000, 1.000, 0.000, 0.111, -0.389, -0.566
84.600, -0.651, 0.833, 1.000, 1.000, 0.000, 0.111, -0.314, -0.410
84.620, -0.450, 0.891, 1.000, 1.000, 0.000, 0.111, -0.174, -0.195
84.640, -0.370, 0.816, 1.000, 1.000, 0.000, 0.111, -0.380, -0.374
84.660, -0.387, 0.743, 1.000, 1.000, 0.000, 0.110, -0.440, -0.392
84.680, -0.669, 0.548, 1.000, 1.000, 0.000, 0.110, -0.579, -0.484
84.700, -0.855, 0.557, 1.000, 1.000, 0.000, 0.110, -0.300, -0.603
84.720, -0.800, 0.663, 1.000, 1.000, 0.000, 0.109, -0.434, -0.683
84.740, -0.794, 0.676, 1.000, 1.000, 0.000, 0.109, -0.425, -0.663
84.760, -0.763, 0.733, 1.000, 1.000, 0.000, 0.109, -0.402, -0.603
84.780, -0.698, 0.802, 1.000, 1.000, 0.000, 0.108, -0.355, -0.488
84.800, -0.537, 0.878, 1.000, 1.000, 0.000, 0.108, -0.213, -0.252
84.820, -0.350, 0.873, 1.000, 1.000, 0.000, 0.108, -0.238, -0.249
84.840, -0.272, 0.786, 1.000, 1.000, 0.000, 0.107, -0.392, -0.356
84.860, -0.495, 0.574, 1.000, 1.000, 0.000, 0.107, -0.619, -0.439
84.880, -0.833, 0.466, 1.000, 1.000, 0.000, 0.107, -0.380, -0.504
84.900, -0.846, 0.602, 1.000, 1.000, 0.000, 0.107, -0.347, -0.691
84.920, -0.796, 0.663, 1.000, 1.000, 0.000, 0.106, -0.449, -0.690
84.940, -0.772, 0.721, 1.000, 1.000, 0.000, 0.106, -0.403, -0.615
84.960, -0.721, 0.781, 1.000, 1.000, 0.000, 0.106, -0.377, -0.533
84.980, -0.601, 0.856, 1.000, 1.000, 0.000, 0.105, -0.270, -0.336
85.000, -0.416, 0.881, 1.000, 1.000, 0.000, 0.105, -0.215, -0.234
85.020, -0.311, 0.817, 1.000, 1.000, 0.000, 0.105, -0.354, -0.340
85.040, -0.489, 0.620, 1.000, 1.000, 0.000, 0.104, -0.592, -0.457
85.060, -0.782, 0.532, 1.000, 1.000, 0.000, 0.104, -0.454, -0.511
85.080, -0.839, 0.625, 1.000, 1.000, 0.000, 0.104, -0.337, -0.649
85.100, -0.786, 0.688, 1.000, 1.000, 0.000, 0.104, -0.437, -0.669
85.120, -0.756, 0.742, 1.000, 1.000, 0.000, 0.103, -0.400, -0.592
85.140, -0.694, 0.803, 1.000, 1.000, 0.000, 0.103, -0.358, -0.487
85.160, -0.543, 0.873, 1.000, 1.000, 0.000, 0.103, -0.228, -0.271
85.180, -0.317, 0.885, 1.000, 1.000, 0.000, 0.102, -0.186, -0.194
85.200, -0.115, 0.824, 1.000, 1.000, 0.000, 0.102, -0.286, -0.266
85.220, -0.093, 0.651, 1.000, 1.000, 0.000, 0.102, -0.492, -0.346
85.240, -0.513, 0.342, 1.000, 1.000, 0.000, 0.102, -0.743, -0.306
85.260, -0.884, 0.424, 1.000, 1.000, 0.000, 0.101, -0.190, -0.468
85.280, -0.804, 0.662, 1.000, 1.000, 0.000, 0.101, -0.403, -0.649
85.300, -0.772, 0.722, 1.000, 1.000, 0.000, 0.101, -0.407, -0.619
85.320, -0.728, 0.772, 1.000, 1.000, 0.000, 0.100, -0.387, -0.550
85.340, -0.634, 0.838, 1.000, 1.000, 0.000, 0.100, -0.309, -0.396
85.360, -0.475, 0.874, 1.000, 1.000, 0.000, 0.100, -0.234, -0.263
85.380, -0.273, 0.865, 1.000, 1.000, 0.000, 0.100, -0.231, -0.233
85.400, -0.308, 0.701, 1.000, 1.000, 0.000, 0.099, -0.517, -0.415
85.420, -0.630, 0.507, 1.000, 1.000, 0.000, 0.099, -0.609, -0.438
85.440, -0.858, 0.536, 1.000, 1.000, 0.000, 0.099, -0.284, -0.572
85.460, -0.798, 0.675, 1.000, 1.000, 0.000, 0.099, -0.419, -0.665
85.480, -0.773, 0.717, 1.000, 1.000, 0.000, 0.098, -0.414, -0.627
85.500, -0.727, 0.775, 1.000, 1.000, 0.000, 0.098, -0.382, -0.543
85.520, -0.616, 0.850, 1.000, 1.000, 0.000, 0.098, -0.283, -0.357
85.540, -0.422, 0.885, 1.000, 1.000, 0.000, 0.097, -0.197, -0.216
85.560, -0.256, 0.842, 1.000, 1.000, 0.000, 0.097, -0.292, -0.284
85.580, -0.154, 0.758, 1.000, 1.000, 0.000, 0.097, -0.377, -0.319
85.600, -0.284, 0.581, 1.000, 1.000, 0.000, 0.097, -0.573, -0.369
85.620, -0.633, 0.483, 1.000, 1.000, 0.000, 0.096, -0.569, -0.390
85.640, -0.828, 0.591, 1.000, 1.000, 0.000, 0.096, -0.321, -0.533
85.660, -0.787, 0.707, 1.000, 1.000, 0.000, 0.096, -0.392, -0.624
85.680, -0.726, 0.782, 1.000, 1.000, 0.000, 0.096, -0.372, -0.533
85.700, -0.627, 0.842, 1.000, 1.000, 0.000, 0.095, -0.307, -0.390
85.720, -0.512, 0.855, 1.000, 1.000, 0.000, 0.095, -0.296, -0.335
85.740, -0.409, 0.836, 1.000, 1.000, 0.000, 0.095, -0.320, -0.330
85.760, -0.510, 0.702, 1.000, 1.000, 0.000, 0.094, -0.520, -0.471
85.780, -0.695, 0.646, 1.000, 1.000, 0.000, 0.094, -0.479, -0.509
85.800, -0.857, 0.523, 1.000, 1.000, 0.000, 0.094, -0.324, -0.627
85.820, -0.771, 0.748, 1.000, 1.000, 0.000, 0.094, -0.328, -0.520
85.840, -0.658, 0.841, 1.000, 1.000, 0.000, 0.093, -0.295, -0.394
85.860, -0.538, 0.859, 1.000, 1.000, 0.000, 0.093, -0.294, -0.342
85.880, -0.246, 0.900, 1.000, 1.000, 0.000, 0.093, -0.096, -0.099
85.900, 0.261, 0.891, 1.000, 0.000, 1.000, 0.099, -0.000, -0.000
85.920, 0.750, 0.789, 1.000, 0.000, 1.000, 0.102, -0.000, -0.000
85.940, 0.920, 0.534, 1.000, 0.000, 1.000, 0.105, 0.000, -0.000
85.960, 0.929, 0.121, 1.000, 0.000, 1.000, 0.107, 0.000, -0.000
85.980, 0.882, -0.431, 0.000, 0.000, 0.000, 0.102, -0.000, 0.000
86.000, 0.736, -0.835, 0.000, 0.000, 0.000, 0.099, -0.000, 0.000
86.020, 0.432, -0.931, 0.000, 0.000, 0.000, 0.097, -0.000, 0.000
86.040, -0.046, -0.918, 0.000, 0.393, 0.393, 0.098, -0.019, 0.019
86.060, -0.618, -0.840, 0.000, 0.668, 0.668, 0.101, -0.025, 0.032
86.080, -0.893, -0.639, 0.000, 0.000, 0.000, 0.098, -0.000, 0.000
86.100, -0.934, -0.264, 0.000, 0.512, 0.512, 0.100, 0.003, 0.007
86.120, -0.871, 0.544, 1.000, 1.000, 0.000, 0.098, -0.294, -0.724
86.140, -0.757, 0.765, 1.000, 1.000, 0.000, 0.097, -0.326, -0.502
86.160, -0.502, 0.916, 1.000, 0.493, 0.507, 0.099, -0.021, -0.024
86.180, -0.080, 0.925, 1.000, 0.000, 1.000, 0.103, -0.000, -0.000
86.200, 0.476, 0.874, 1.000, 0.000, 1.000, 0.106, -0.000, -0.000
86.220, 0.851, 0.716, 1.000, 0.000, 1.000, 0.108, -0.000, -0.000
86.240, 0.933, 0.400, 1.000, 0.000, 1.000, 0.109, 0.000, -0.000
86.260, 0.918, -0.078, 0.000, 0.197, 0.197, 0.106, 0.000, 0.001
86.280, 0.843, -0.624, 0.000, 0.461, 0.461, 0.105, -0.008, 0.016
86.300, 0.632, -0.890, 0.000, 0.674, 0.674, 0.106, -0.026, 0.035
86.320, 0.011, -0.866, 0.000, 1.000, 1.000, 0.109, -0.375, 0.362
86.340, -0.991, 0.678, 1.000, 1.000, 0.000, 0.105, 1.827, -1.494
86.360, 0.007, 0.696, 1.000, 1.000, 0.000, 0.102, -1.013, -0.768
86.380, 0.218, 0.648, 1.000, 1.000, 0.000, 0.100, -0.252, -0.180
86.400, 0.632, 0.640, 1.000, 0.000, 1.000, 0.105, -0.000, -0.000
86.420, 0.867, 0.435, 1.000, 0.000, 1.000, 0.109, -0.000, -0.000
86.440, 0.906, 0.008, 1.000, 0.484, 0.516, 0.108, -0.002, -0.000
86.460, 0.854, -0.541, 0.000, 1.000, 1.000, 0.110, -0.017, 0.034
86.480, 0.670, -0.863, 0.000, 0.975, 0.975, 0.112, -0.038, 0.053
86.500, 0.317, -0.926, 0.000, 0.606, 0.606, 0.111, -0.032, 0.034
86.520, -0.213, -0.902, 0.000, 0.573, 0.573, 0.111, -0.031, 0.032
86.540, -0.954, -0.130, 0.000, 1.000, 1.000, 0.113, 0.307, 0.132
86.560, -0.856, 0.486, 1.000, 1.000, 0.000, 0.109, -0.135, -0.237
86.580, -0.710, 0.842, 1.000, 1.000, 0.000, 0.106, -0.041, -0.061
86.600, -0.402, 0.929, 1.000, 0.159, 0.841, 0.109, -0.008, -0.009
86.620, -0.210, 0.853, 1.000, 1.000, 0.000, 0.106, -0.294, -0.287
86.640, 0.023, 0.793, 1.000, 1.000, 0.000, 0.105, -0.265, -0.233
86.660, 0.216, 0.655, 1.000, 1.000, 0.000, 0.103, -0.340, -0.246
86.680, 0.634, 0.647, 1.000, 0.000, 1.000, 0.109, -0.000, -0.000
86.700, 0.869, 0.442, 1.000, 0.000, 1.000, 0.112, -0.000, -0.000
86.720, 0.908, 0.028, 1.000, 0.000, 1.000, 0.114, -0.000, -0.000
86.740, 0.859, -0.522, 0.000, 0.000, 0.000, 0.110, -0.000, 0.000
86.760, 0.690, -0.865, 0.000, 0.000, 0.000, 0.107, -0.000, 0.000
86.780, 0.361, -0.933, 0.000, 0.000, 0.000, 0.105, -0.000, 0.000
86.800, -0.143, -0.911, 0.000, 0.296, 0.296, 0.106, -0.016, 0.016
86.820, -0.702, -0.810, 0.000, 0.980, 0.980, 0.111, -0.035, 0.049
86.840, -0.912, -0.569, 0.000, 0.206, 0.206, 0.109, -0.000, 0.007
86.860, -0.931, -0.115, 0.000, 1.000, 1.000, 0.113, 0.010, 0.012
86.880, -0.881, 0.440, 1.000, 0.000, 1.000, 0.115, -0.000, -0.000
86.900, -0.733, 0.838, 1.000, 0.000, 1.000, 0.117, -0.000, -0.000
86.920, -0.467, 0.920, 1.000, 1.000, 0.000, 0.112, -0.072, -0.082
86.940, -0.028, 0.923, 1.000, 0.000, 1.000, 0.115, -0.000, -0.000
86.960, 0.371, 0.805, 1.000, 1.000, 0.000, 0.111, -0.177, -0.172
86.980, 0.788, 0.704, 1.000, 0.000, 1.000, 0.115, -0.000, -0.000
87.000, 0.919, 0.421, 1.000, 0.000, 1.000, 0.117, 0.000, -0.000
87.020, 0.918, -0.035, 0.000, 0.000, 0.000, 0.113, 0.000, 0.000
87.040, 0.851, -0.581, 0.000, 1.000, 1.000, 0.116, -0.078, 0.158
87.060, 0.468, -0.667, 0.000, 1.000, 1.000, 0.119, -0.848, 0.700
87.080, -0.816, -0.140, 0.000, 1.000, 1.000, 0.120, -0.644, 0.219
87.100, -0.911, 0.431, 1.000, 1.000, 0.000, 0.115, -0.024, -0.309
87.120, -0.755, 0.839, 1.000, 0.233, 0.767, 0.117, -0.008, -0.013
87.140, -0.451, 0.934, 1.000, 0.000, 1.000, 0.120, -0.000, -0.000
87.160, 0.003, 0.924, 1.000, 0.000, 1.000, 0.122, -0.000, -0.000
87.180, 0.560, 0.859, 1.000, 0.000, 1.000, 0.123, -0.000, -0.000
87.200, 0.878, 0.676, 1.000, 0.000, 1.000, 0.124, -0.000, -0.000
87.220, 0.934, 0.332, 1.000, 0.110, 0.890, 0.124, 0.001, -0.002
87.240, 0.911, -0.169, 0.000, 0.000, 0.000, 0.119, -0.000, 0.000
87.260, 0.820, -0.686, 0.000, 1.000, 1.000, 0.122, -0.038, 0.071
87.280, 0.575, -0.899, 0.000, 1.000, 1.000, 0.124, -0.053, 0.066
87.300, 0.128, -0.917, 0.000, 1.000, 1.000, 0.126, -0.082, 0.083
87.320, -0.689, -0.747, 0.000, 1.000, 1.000, 0.127, -0.271, 0.336
87.340, -0.978, 0.357, 1.000, 1.000, 0.000, 0.122, 0.688, -0.406
87.360, -0.556, 0.702, 1.000, 1.000, 0.000, 0.119, -0.634, -0.600
87.380, -0.448, 0.830, 1.000, 1.000, 0.000, 0.117, -0.195, -0.205
87.400, -0.196, 0.868, 1.000, 1.000, 0.000, 0.115, -0.148, -0.146
87.420, 0.283, 0.868, 1.000, 0.452, 0.548, 0.118, -0.026, -0.026
87.440, 0.756, 0.771, 1.000, 0.000, 1.000, 0.122, -0.000, -0.000
87.460, 0.919, 0.512, 1.000, 0.000, 1.000, 0.125, 0.000, -0.000
87.480, 0.927, -0.070, 0.000, 1.000, 1.000, 0.127, 0.021, 0.022
87.500, 0.860, -0.593, 0.000, 1.000, 1.000, 0.128, -0.184, 0.426
87.520, 0.409, -0.511, 0.000, 1.000, 1.000, 0.129, -1.235, 0.728
87.540, -0.950, 0.217, 1.000, 1.000, 0.000, 0.124, 0.571, -0.478
87.560, -0.500, 0.397, 1.000, 1.000, 0.000, 0.121, -2.012, -0.962
87.580, -0.802, 0.518, 1.000, 1.000, 0.000, 0.119, -0.350, -0.421
87.600, -0.662, 0.845, 1.000, 0.993, 0.007, 0.118, -0.041, -0.055
87.620, -0.338, 0.927, 1.000, 0.000, 1.000, 0.123, -0.000, -0.000
87.640, 0.155, 0.910, 1.000, 0.000, 1.000, 0.126, -0.000, -0.000
87.660, 0.684, 0.824, 1.000, 0.000, 1.000, 0.128, -0.000, -0.000
87.680, 0.908, 0.597, 1.000, 0.000, 1.000, 0.130, -0.000, -0.000
87.700, 0.933, 0.215, 1.000, 0.000, 1.000, 0.131, 0.000, -0.000
87.720, 0.896, -0.322, 0.000, 0.000, 0.000, 0.126, -0.000, 0.000
87.740, 0.776, -0.786, 0.000, 0.000, 0.000, 0.123, -0.000, 0.000
87.760, 0.489, -0.921, 0.000, 0.550, 0.550, 0.124, -0.029, 0.034
87.780, 0.006, -0.916, 0.000, 0.988, 0.988, 0.128, -0.063, 0.063
87.800, -0.623, -0.825, 0.000, 1.000, 1.000, 0.130, -0.087, 0.108
87.820, -0.892, -0.624, 0.000, 0.000, 0.000, 0.126, -0.000, 0.000
87.840, -0.932, -0.260, 0.000, 0.000, 0.000, 0.123, 0.000, 0.000
87.860, -0.899, 0.296, 1.000, 1.000, 0.000, 0.122, -0.014, -0.040
87.880, -0.796, 0.733, 1.000, 1.000, 0.000, 0.120, -0.137, -0.238
87.900, -0.602, 0.891, 1.000, 1.000, 0.000, 0.120, -0.132, -0.170
87.920, -0.412, 0.885, 1.000, 1.000, 0.000, 0.119, -0.237, -0.258
87.940, -0.286, 0.825, 1.000, 1.000, 0.000, 0.118, -0.335, -0.323
87.960, -0.400, 0.656, 1.000, 1.000, 0.000, 0.118, -0.555, -0.431
87.980, -0.469, 0.708, 1.000, 1.000, 0.000, 0.118, -0.377, -0.334
88.000, -0.314, 0.827, 1.000, 1.000, 0.000, 0.117, -0.162, -0.158
88.020, 0.004, 0.850, 1.000, 1.000, 0.000, 0.117, -0.124, -0.118
88.040, 0.439, 0.793, 1.000, 1.000, 0.000, 0.117, -0.100, -0.099
88.060, 0.819, 0.671, 1.000, 0.000, 1.000, 0.122, -0.000, -0.000
88.080, 0.922, 0.364, 1.000, 0.000, 1.000, 0.126, 0.000, -0.000
88.100, 0.912, -0.117, 0.000, 0.000, 0.000, 0.122, -0.000, 0.000
88.120, 0.833, -0.655, 0.000, 0.000, 0.000, 0.120, -0.000, 0.000
88.140, 0.617, -0.902, 0.000, 0.000, 0.000, 0.119, -0.000, 0.000
88.160, 0.245, -0.933, 0.000, 0.019, 0.019, 0.118, -0.001, 0.001
88.180, -0.283, -0.900, 0.000, 0.000, 0.000, 0.117, -0.000, 0.000
88.200, -0.790, -0.763, 0.000, 1.000, 1.000, 0.122, -0.033, 0.057
88.220, -0.925, -0.486, 0.000, 0.000, 0.000, 0.120, 0.000, 0.000
88.240, -0.925, -0.051, 0.000, 0.000, 0.000, 0.118, 0.000, 0.000
88.260, -0.869, 0.509, 1.000, 1.000, 0.000, 0.117, -0.014, -0.032
88.280, -0.713, 0.849, 1.000, 1.000, 0.000, 0.116, -0.059, -0.089
88.300, -0.788, 0.601, 1.000, 1.000, 0.000, 0.116, -0.495, -0.656
88.320, -0.895, 0.361, 1.000, 1.000, 0.000, 0.115, -0.189, -0.574
88.340, -0.834, 0.481, 1.000, 1.000, 0.000, 0.115, -0.573, -0.797
88.360, -0.875, 0.483, 1.000, 1.000, 0.000, 0.114, -0.305, -0.715
88.380, -0.778, 0.732, 1.000, 1.000, 0.000, 0.114, -0.338, -0.538
88.400, -0.578, 0.895, 1.000, 1.000, 0.000, 0.114, -0.107, -0.134
88.420, -0.199, 0.928, 1.000, 0.000, 1.000, 0.119, -0.000, -0.000
88.440, 0.311, 0.886, 1.000, 0.546, 0.454, 0.120, -0.031, -0.032
88.460, 0.777, 0.773, 1.000, 0.000, 1.000, 0.123, -0.000, -0.000
88.480, 0.924, 0.504, 1.000, 0.000, 1.000, 0.126, 0.000, -0.000
88.500, 0.927, 0.077, 1.000, 0.000, 1.000, 0.127, 0.000, -0.000
88.520, 0.874, -0.479, 0.000, 0.000, 0.000, 0.123, -0.000, 0.000
88.540, 0.715, -0.853, 0.000, 0.000, 0.000, 0.120, -0.000, 0.000
88.560, 0.398, -0.933, 0.000, 0.000, 0.000, 0.118, -0.000, 0.000
88.580, -0.077, -0.918, 0.000, 0.000, 0.000, 0.117, -0.000, 0.000
88.600, -0.624, -0.844, 0.000, 0.000, 0.000, 0.116, -0.000, 0.000
88.620, -0.895, -0.639, 0.000, 0.000, 0.000, 0.115, -0.000, 0.000
88.640, -0.939, -0.041, 0.000, 1.000, 1.000, 0.121, 0.060, 0.015
88.660, -0.851, 0.539, 1.000, 1.000, 0.000, 0.118, -0.154, -0.285
88.680, -0.726, 0.820, 1.000, 1.000, 0.000, 0.116, -0.187, -0.283
88.700, -0.430, 0.928, 1.000, 0.000, 1.000, 0.121, -0.000, -0.000
88.720, -0.111, 0.893, 1.000, 1.000, 0.000, 0.119, -0.152, -0.152
88.740, 0.235, 0.805, 1.000, 1.000, 0.000, 0.117, -0.204, -0.189
88.760, 0.705, 0.748, 1.000, 0.000, 1.000, 0.122, -0.000, -0.000
88.780, 0.904, 0.514, 1.000, 0.000, 1.000, 0.125, -0.000, -0.000
88.800, 0.924, 0.104, 1.000, 0.000, 1.000, 0.127, 0.000, -0.000
88.820, 0.878, -0.453, 0.000, 0.887, 0.887, 0.128, -0.011, 0.027
88.840, 0.592, -0.589, 0.000, 1.000, 1.000, 0.129, -0.930, 0.748
88.860, -0.653, -0.248, 0.000, 1.000, 1.000, 0.130, -1.115, 0.394
88.880, -0.982, 0.494, 1.000, 1.000, 0.000, 0.125, 1.188, -0.878
88.900, -0.366, 0.704, 1.000, 1.000, 0.000, 0.122, -0.849, -0.703
88.920, -0.281, 0.771, 1.000, 1.000, 0.000, 0.120, -0.260, -0.231
88.940, 0.018, 0.824, 1.000, 1.000, 0.000, 0.119, -0.117, -0.107
88.960, 0.370, 0.744, 1.000, 1.000, 0.000, 0.118, -0.182, -0.161
88.980, 0.771, 0.659, 1.000, 0.000, 1.000, 0.123, -0.000, -0.000
89.000, 0.910, 0.378, 1.000, 0.000, 1.000, 0.127, -0.000, -0.000
89.020, 0.910, -0.097, 0.000, 0.289, 0.289, 0.125, -0.001, 0.002
89.040, 0.836, -0.638, 0.000, 0.000, 0.000, 0.122, -0.000, 0.000
89.060, 0.628, -0.898, 0.000, 0.000, 0.000, 0.120, -0.000, 0.000
89.080, 0.171, -0.915, 0.000, 1.000, 1.000, 0.125, -0.131, 0.133
89.100, -0.860, -0.439, 0.000, 1.000, 1.000, 0.128, -0.259, 0.431
89.120, -0.938, 0.322, 1.000, 1.000, 0.000, 0.124, 0.116, -0.255
89.140, -0.754, 0.687, 1.000, 1.000, 0.000, 0.121, -0.409, -0.549
89.160, -0.613, 0.863, 1.000, 1.000, 0.000, 0.120, -0.169, -0.216
89.180, -0.274, 0.924, 1.000, 0.200, 0.800, 0.123, -0.012, -0.012
89.200, 0.240, 0.901, 1.000, 0.000, 1.000, 0.127, -0.000, -0.000
89.220, 0.739, 0.800, 1.000, 0.000, 1.000, 0.129, -0.000, -0.000
89.240, 0.918, 0.549, 1.000, 0.000, 1.000, 0.131, 0.000, -0.000
89.260, 0.930, 0.119, 1.000, 0.652, 0.348, 0.128, 0.004, -0.005
89.280, 0.883, -0.442, 0.000, 1.000, 1.000, 0.131, -0.013, 0.033
89.300, 0.730, -0.835, 0.000, 0.509, 0.509, 0.130, -0.020, 0.031
89.320, 0.394, -0.923, 0.000, 0.986, 0.986, 0.132, -0.059, 0.065
89.340, -0.138, -0.903, 0.000, 1.000, 1.000, 0.133, -0.070, 0.070
89.360, -0.984, 0.417, 1.000, 1.000, 0.000, 0.129, 1.165, -0.672
89.380, -0.633, 0.783, 1.000, 1.000, 0.000, 0.126, -0.333, -0.395
89.400, -0.411, 0.892, 1.000, 1.000, 0.000, 0.124, -0.100, -0.109
89.420, -0.418, 0.764, 1.000, 1.000, 0.000, 0.123, -0.470, -0.440
89.440, -0.647, 0.601, 1.000, 1.000, 0.000, 0.122, -0.556, -0.496
89.460, -0.769, 0.673, 1.000, 1.000, 0.000, 0.121, -0.379, -0.527
89.480, -0.740, 0.764, 1.000, 1.000, 0.000, 0.120, -0.366, -0.531
89.500, -0.574, 0.880, 1.000, 1.000, 0.000, 0.120, -0.186, -0.230
89.520, -0.203, 0.925, 1.000, 0.000, 1.000, 0.126, -0.000, -0.000
89.540, 0.317, 0.889, 1.000, 0.261, 0.739, 0.128, -0.016, -0.016
89.560, 0.781, 0.773, 1.000, 0.000, 1.000, 0.131, -0.000, -0.000
89.580, 0.925, 0.502, 1.000, 0.000, 1.000, 0.133, 0.000, -0.000
89.600, 0.927, 0.070, 1.000, 0.104, 0.896, 0.133, 0.000, -0.000
89.620, 0.873, -0.488, 0.000, 0.112, 0.112, 0.129, -0.002, 0.004
89.640, 0.585, -0.650, 0.000, 1.000, 1.000, 0.132, -0.791, 0.706
89.660, -0.311, -0.594, 0.000, 1.000, 1.000, 0.134, -0.859, 0.572
89.680, -0.983, 0.382, 1.000, 1.000, 0.000, 0.130, 1.126, -0.612
89.700, -0.545, 0.730, 1.000, 1.000, 0.000, 0.127, -0.563, -0.550
89.720, -0.572, 0.769, 1.000, 1.000, 0.000, 0.125, -0.368, -0.393
89.740, -0.378, 0.871, 1.000, 1.000, 0.000, 0.124, -0.137, -0.145
89.760, -0.053, 0.875, 1.000, 1.000, 0.000, 0.123, -0.125, -0.123
89.780, 0.155, 0.719, 1.000, 1.000, 0.000, 0.122, -0.358, -0.285
89.800, 0.443, 0.616, 1.000, 1.000, 0.000, 0.122, -0.206, -0.152
89.820, 0.777, 0.509, 1.000, 0.000, 1.000, 0.127, -0.000, -0.000
89.840, 0.893, 0.182, 1.000, 0.000, 1.000, 0.131, -0.000, -0.000
89.860, 0.879, -0.339, 0.000, 0.021, 0.021, 0.127, -0.000, 0.000
89.880, 0.758, -0.784, 0.000, 0.745, 0.745, 0.129, -0.026, 0.042
89.900, 0.484, -0.924, 0.000, 0.000, 0.000, 0.126, -0.000, 0.000
89.920, 0.022, -0.920, 0.000, 0.502, 0.502, 0.127, -0.032, 0.032
89.940, -0.803, -0.659, 0.000, 1.000, 1.000, 0.131, -0.236, 0.375
89.960, -0.932, -0.215, 0.000, 1.000, 1.000, 0.134, 0.023, 0.049
89.980, -0.896, 0.321, 1.000, 0.000, 1.000, 0.135, -0.000, -0.000
90.000, -0.776, 0.785, 1.000, 0.000, 1.000, 0.137, -0.000, -0.000
90.020, -0.502, 0.926, 1.000, 0.000, 1.000, 0.138, -0.000, -0.000
90.040, -0.298, 0.877, 1.000, 1.000, 0.000, 0.132, -0.252, -0.259
90.060, -0.410, 0.664, 1.000, 1.000, 0.000, 0.129, -0.571, -0.452
90.080, -0.668, 0.583, 1.000, 1.000, 0.000, 0.127, -0.514, -0.460
90.100, -0.895, 0.430, 1.000, 1.000, 0.000, 0.126, -0.163, -0.576
90.120, -0.823, 0.447, 1.000, 1.000, 0.000, 0.125, -0.642, -0.755
90.140, -0.907, 0.387, 1.000, 1.000, 0.000, 0.124, -0.102, -0.663
90.160, -0.802, 0.478, 1.000, 1.000, 0.000, 0.124, -0.720, -0.796
90.180, -0.889, 0.484, 1.000, 1.000, 0.000, 0.123, -0.209, -0.693
90.200, -0.743, 0.817, 1.000, 1.000, 0.000, 0.123, -0.155, -0.244
90.220, -0.450, 0.929, 1.000, 0.000, 1.000, 0.129, -0.000, -0.000
90.240, -0.233, 0.871, 1.000, 1.000, 0.000, 0.126, -0.258, -0.258
90.260, 0.191, 0.863, 1.000, 1.000, 0.000, 0.125, -0.072, -0.071
90.280, 0.682, 0.784, 1.000, 0.372, 0.628, 0.127, -0.016, -0.021
90.300, 0.903, 0.561, 1.000, 0.000, 1.000, 0.131, -0.000, -0.000
90.320, 0.928, 0.170, 1.000, 0.000, 1.000, 0.134, 0.000, -0.000
90.340, 0.889, -0.375, 0.000, 0.000, 0.000, 0.130, -0.000, 0.000
90.360, 0.757, -0.811, 0.000, 0.000, 0.000, 0.127, -0.000, 0.000
90.380, 0.469, -0.929, 0.000, 0.000, 0.000, 0.125, -0.000, 0.000
90.400, 0.025, -0.925, 0.000, 0.000, 0.000, 0.124, -0.000, 0.000
90.420, -0.533, -0.865, 0.000, 0.000, 0.000, 0.123, -0.000, 0.000
90.440, -0.870, -0.690, 0.000, 0.000, 0.000, 0.123, -0.000, 0.000
90.460, -0.934, -0.358, 0.000, 0.010, 0.010, 0.122, 0.000, 0.000
90.480, -0.914, 0.134, 1.000, 0.000, 1.000, 0.128, -0.000, -0.000
90.500, -0.831, 0.659, 1.000, 1.000, 0.000, 0.125, -0.048, -0.093
90.520, -0.754, 0.751, 1.000, 1.000, 0.000, 0.124, -0.395, -0.589
90.540, -0.716, 0.776, 1.000, 1.000, 0.000, 0.123, -0.394, -0.545
90.560, -0.712, 0.761, 1.000, 1.000, 0.000, 0.122, -0.418, -0.559
90.580, -0.730, 0.740, 1.000, 1.000, 0.000, 0.121, -0.426, -0.577
90.600, -0.801, 0.630, 1.000, 1.000, 0.000, 0.121, -0.438, -0.653
90.620, -0.856, 0.505, 1.000, 1.000, 0.000, 0.120, -0.373, -0.678
90.640, -0.861, 0.446, 1.000, 1.000, 0.000, 0.120, -0.410, -0.705
90.660, -0.881, 0.371, 1.000, 1.000, 0.000, 0.120, -0.336, -0.673
90.680, -0.852, 0.502, 1.000, 1.000, 0.000, 0.119, -0.449, -0.780
90.700, -0.829, 0.607, 1.000, 1.000, 0.000, 0.119, -0.414, -0.712
90.720, -0.766, 0.745, 1.000, 1.000, 0.000, 0.119, -0.370, -0.570
90.740, -0.612, 0.871, 1.000, 1.000, 0.000, 0.118, -0.208, -0.267
90.760, -0.258, 0.927, 1.000, 0.000, 1.000, 0.124, -0.000, -0.000
90.780, 0.258, 0.899, 1.000, 0.078, 0.922, 0.127, -0.005, -0.005
90.800, 0.750, 0.794, 1.000, 0.000, 1.000, 0.130, -0.000, -0.000
90.820, 0.920, 0.539, 1.000, 0.000, 1.000, 0.131, 0.000, -0.000
90.840, 0.929, 0.128, 1.000, 0.000, 1.000, 0.133, 0.000, -0.000
90.860, 0.883, -0.425, 0.000, 0.000, 0.000, 0.128, -0.000, 0.000
90.880, 0.738, -0.832, 0.000, 0.000, 0.000, 0.125, -0.000, 0.000
90.900, 0.437, -0.931, 0.000, 0.000, 0.000, 0.123, -0.000, 0.000
90.920, -0.050, -0.917, 0.000, 0.507, 0.507, 0.125, -0.032, 0.032
90.940, -0.647, -0.825, 0.000, 1.000, 1.000, 0.129, -0.057, 0.073
90.960, -0.899, -0.614, 0.000, 0.000, 0.000, 0.125, -0.000, 0.000
90.980, -0.932, -0.243, 0.000, 0.000, 0.000, 0.123, 0.000, 0.000
91.000, -0.897, 0.311, 1.000, 1.000, 0.000, 0.122, -0.013, -0.036
91.020, -0.780, 0.780, 1.000, 0.000, 1.000, 0.127, -0.000, -0.000
91.040, -0.888, 0.151, 1.000, 1.000, 0.000, 0.124, -0.259, -0.253
91.060, -0.881, 0.523, 1.000, 1.000, 0.000, 0.122, -0.286, -0.837
91.080, -0.817, 0.496, 1.000, 1.000, 0.000, 0.121, -0.584, -0.736
91.100, -0.859, 0.564, 1.000, 1.000, 0.000, 0.120, -0.323, -0.699
91.120, -0.774, 0.725, 1.000, 1.000, 0.000, 0.120, -0.392, -0.605
91.140, -0.810, 0.611, 1.000, 1.000, 0.000, 0.119, -0.446, -0.679
91.160, -0.681, 0.844, 1.000, 1.000, 0.000, 0.119, -0.176, -0.247
91.180, -0.400, 0.919, 1.000, 1.000, 0.000, 0.118, -0.060, -0.066
91.200, -0.038, 0.895, 1.000, 1.000, 0.000, 0.118, -0.112, -0.111
91.220, 0.418, 0.824, 1.000, 1.000, 0.000, 0.118, -0.099, -0.101
91.240, 0.816, 0.701, 1.000, 0.000, 1.000, 0.123, -0.000, -0.000
91.260, 0.925, 0.402, 1.000, 0.000, 1.000, 0.127, 0.000, -0.000
91.280, 0.917, -0.069, 0.000, 0.142, 0.142, 0.124, -0.000, 0.001
91.300, 0.844, -0.616, 0.000, 0.317, 0.317, 0.123, -0.006, 0.013
91.320, 0.626, -0.881, 0.000, 1.000, 1.000, 0.127, -0.067, 0.088
91.340, -0.375, -0.647, 0.000, 1.000, 1.000, 0.130, -0.852, 0.642
91.360, -0.986, 0.461, 1.000, 1.000, 0.000, 0.125, 1.268, -0.763
91.380, -0.248, 0.678, 1.000, 1.000, 0.000, 0.123, -0.971, -0.738
91.400, -0.285, 0.669, 1.000, 1.000, 0.000, 0.121, -0.397, -0.300
91.420, -0.032, 0.787, 1.000, 1.000, 0.000, 0.120, -0.092, -0.080
91.440, 0.454, 0.809, 1.000, 0.000, 1.000, 0.125, -0.000, -0.000
91.460, 0.829, 0.677, 1.000, 0.000, 1.000, 0.128, -0.000, -0.000
91.480, 0.925, 0.366, 1.000, 0.000, 1.000, 0.131, 0.000, -0.000
91.500, 0.913, -0.116, 0.000, 0.000, 0.000, 0.126, -0.000, 0.000
91.520, 0.833, -0.651, 0.000, 0.669, 0.669, 0.128, -0.016, 0.030
91.540, 0.617, -0.900, 0.000, 0.151, 0.151, 0.125, -0.007, 0.009
91.560, 0.228, -0.929, 0.000, 0.418, 0.418, 0.125, -0.026, 0.026
91.580, -0.352, -0.885, 0.000, 0.895, 0.895, 0.129, -0.054, 0.057
91.600, -0.913, -0.479, 0.000, 1.000, 1.000, 0.131, -0.012, 0.247
91.620, -0.927, 0.526, 1.000, 1.000, 0.000, 0.127, 0.078, -0.679
91.640, -0.700, 0.625, 1.000, 1.000, 0.000, 0.124, -0.728, -0.753
91.660, -0.800, 0.658, 1.000, 1.000, 0.000, 0.123, -0.377, -0.588
91.680, -0.652, 0.861, 1.000, 1.000, 0.000, 0.122, -0.166, -0.224
91.700, -0.316, 0.929, 1.000, 0.000, 1.000, 0.127, -0.000, -0.000
91.720, 0.180, 0.907, 1.000, 0.114, 0.886, 0.129, -0.007, -0.007
91.740, 0.648, 0.781, 1.000, 1.000, 0.000, 0.126, -0.068, -0.083
91.760, 0.888, 0.551, 1.000, 0.617, 0.383, 0.126, -0.006, -0.023
91.780, 0.918, 0.007, 1.000, 1.000, 0.000, 0.124, 0.001, -0.002
91.800, 0.859, -0.551, 0.000, 1.000, 1.000, 0.128, -0.220, 0.463
91.820, 0.510, -0.662, 0.000, 1.000, 1.000, 0.131, -0.833, 0.704
91.840, -0.797, -0.129, 0.000, 1.000, 1.000, 0.133, -0.751, 0.210
91.860, -0.951, 0.493, 1.000, 1.000, 0.000, 0.129, 0.358, -0.687
91.880, -0.720, 0.823, 1.000, 1.000, 0.000, 0.126, -0.199, -0.297
91.900, -0.420, 0.928, 1.000, 0.000, 1.000, 0.130, -0.000, -0.000
91.920, 0.026, 0.916, 1.000, 0.284, 0.716, 0.131, -0.019, -0.019
91.940, 0.540, 0.837, 1.000, 0.847, 0.153, 0.129, -0.045, -0.051
91.960, 0.868, 0.666, 1.000, 0.000, 1.000, 0.132, -0.000, -0.000
91.980, 0.931, 0.330, 1.000, 0.000, 1.000, 0.134, 0.000, -0.000
92.000, 0.910, -0.170, 0.000, 0.000, 0.000, 0.130, -0.000, 0.000
92.020, 0.820, -0.692, 0.000, 0.384, 0.384, 0.129, -0.010, 0.019
92.040, 0.590, -0.910, 0.000, 0.000, 0.000, 0.127, -0.000, 0.000
92.060, 0.193, -0.930, 0.000, 0.248, 0.248, 0.127, -0.015, 0.016
92.080, -0.406, -0.877, 0.000, 1.000, 1.000, 0.131, -0.065, 0.070
92.100, -0.987, 0.469, 1.000, 1.000, 0.000, 0.128, 1.186, -0.710
92.120, -0.306, 0.707, 1.000, 1.000, 0.000, 0.126, -0.858, -0.697
92.140, -0.506, 0.606, 1.000, 1.000, 0.000, 0.125, -0.539, -0.410
92.160, -0.589, 0.718, 1.000, 1.000, 0.000, 0.124, -0.347, -0.349
92.180, -0.751, 0.643, 1.000, 1.000, 0.000, 0.123, -0.457, -0.563
92.200, -0.769, 0.723, 1.000, 1.000, 0.000, 0.123, -0.376, -0.567
92.220, -0.790, 0.664, 1.000, 1.000, 0.000, 0.122, -0.442, -0.663
92.240, -0.794, 0.678, 1.000, 1.000, 0.000, 0.122, -0.418, -0.655
92.260, -0.682, 0.835, 1.000, 1.000, 0.000, 0.121, -0.259, -0.359
92.280, -0.450, 0.904, 1.000, 1.000, 0.000, 0.121, -0.130, -0.146
92.300, -0.016, 0.917, 1.000, 0.000, 1.000, 0.127, -0.000, -0.000
92.320, 0.230, 0.729, 1.000, 1.000, 0.000, 0.124, -0.351, -0.288
92.340, 0.378, 0.477, 1.000, 1.000, 0.000, 0.123, -0.394, -0.212
92.360, 0.262, 0.095, 1.000, 1.000, 0.000, 0.122, -0.607, -0.060
92.380, -0.413, -0.130, 0.000, 1.000, 1.000, 0.127, -0.853, 0.123
92.400, -0.928, 0.235, 1.000, 1.000, 0.000, 0.124, 0.081, -0.252
92.420, -0.798, 0.672, 1.000, 1.000, 0.000, 0.122, -0.281, -0.444
92.440, -0.617, 0.883, 1.000, 1.000, 0.000, 0.121, -0.096, -0.126
92.460, -0.319, 0.916, 1.000, 1.000, 0.000, 0.121, -0.085, -0.090
92.480, 0.174, 0.905, 1.000, 0.000, 1.000, 0.126, -0.000, -0.000
92.500, 0.696, 0.817, 1.000, 0.000, 1.000, 0.129, -0.000, -0.000
92.520, 0.910, 0.586, 1.000, 0.000, 1.000, 0.132, -0.000, -0.000
92.540, 0.932, 0.169, 1.000, 0.738, 0.262, 0.129, 0.005, -0.008
92.560, 0.903, -0.475, 0.000, 1.000, 1.000, 0.132, -0.058, 0.353
92.580, 0.680, -0.536, 0.000, 1.000, 1.000, 0.134, -0.944, 0.788
92.600, -0.635, -0.097, 0.000, 1.000, 1.000, 0.135, -1.464, 0.193
92.620, -0.992, 0.490, 1.000, 1.000, 0.000, 0.130, 2.220, -1.219
92.640, 0.520, 0.434, 1.000, 1.000, 0.000, 0.127, -1.436, -0.768
92.660, 0.771, 0.249, 1.000, 0.000, 1.000, 0.131, -0.000, -0.000
92.680, 0.848, -0.173, 0.000, 0.000, 0.000, 0.128, -0.000, 0.000
92.700, 0.789, -0.675, 0.000, 0.000, 0.000, 0.126, -0.000, 0.000
92.720, 0.568, -0.901, 0.000, 0.053, 0.053, 0.124, -0.003, 0.003
92.740, 0.137, -0.921, 0.000, 0.891, 0.891, 0.129, -0.057, 0.057
92.760, -0.505, -0.851, 0.000, 1.000, 1.000, 0.132, -0.107, 0.120
92.780, -0.869, -0.663, 0.000, 0.784, 0.784, 0.133, -0.012, 0.037
92.800, -0.932, -0.311, 0.000, 0.332, 0.332, 0.131, 0.002, 0.007
92.820, -0.908, 0.198, 1.000, 0.076, 0.924, 0.134, -0.000, -0.001
92.840, -0.813, 0.713, 1.000, 0.000, 1.000, 0.136, -0.000, -0.000
92.860, -0.574, 0.914, 1.000, 0.000, 1.000, 0.137, -0.000, -0.000
92.880, -0.257, 0.917, 1.000, 1.000, 0.000, 0.132, -0.095, -0.098
92.900, -0.330, 0.681, 1.000, 1.000, 0.000, 0.129, -0.578, -0.453
92.920, -0.834, 0.230, 1.000, 1.000, 0.000, 0.127, -0.454, -0.292
92.940, -0.901, 0.530, 1.000, 1.000, 0.000, 0.126, -0.119, -0.711
92.960, -0.771, 0.560, 1.000, 1.000, 0.000, 0.125, -0.671, -0.762
92.980, -0.878, 0.500, 1.000, 1.000, 0.000, 0.125, -0.258, -0.666
93.000, -0.766, 0.756, 1.000, 1.000, 0.000, 0.124, -0.316, -0.495
93.020, -0.507, 0.918, 1.000, 0.000, 1.000, 0.130, -0.000, -0.000
93.040, -0.116, 0.921, 1.000, 0.585, 0.415, 0.130, -0.038, -0.038
93.060, 0.344, 0.852, 1.000, 1.000, 0.000, 0.127, -0.097, -0.099
93.080, 0.786, 0.744, 1.000, 0.000, 1.000, 0.132, -0.000, -0.000
93.100, 0.923, 0.468, 1.000, 0.000, 1.000, 0.134, 0.000, -0.000
93.120, 0.923, 0.015, 1.000, 0.389, 0.611, 0.134, 0.001, -0.000
93.140, 0.862, -0.542, 0.000, 0.000, 0.000, 0.130, -0.000, 0.000
93.160, 0.685, -0.873, 0.000, 0.000, 0.000, 0.128, -0.000, 0.000
93.180, 0.350, -0.934, 0.000, 0.000, 0.000, 0.126, -0.000, 0.000
93.200, -0.144, -0.913, 0.000, 0.000, 0.000, 0.125, -0.000, 0.000
93.220, -0.837, -0.656, 0.000, 1.000, 1.000, 0.131, -0.144, 0.291
93.240, -0.929, -0.283, 0.000, 1.000, 1.000, 0.134, 0.006, 0.024
93.260, -0.904, 0.230, 1.000, 0.000, 1.000, 0.136, -0.000, -0.000
93.280, -0.804, 0.734, 1.000, 0.000, 1.000, 0.138, -0.000, -0.000
93.300, -0.555, 0.918, 1.000, 0.000, 1.000, 0.139, -0.000, -0.000
93.320, -0.152, 0.931, 1.000, 0.000, 1.000, 0.140, -0.000, -0.000
93.340, 0.397, 0.887, 1.000, 0.000, 1.000, 0.141, -0.000, -0.000
93.360, 0.820, 0.749, 1.000, 0.000, 1.000, 0.142, -0.000, -0.000
93.380, 0.930, 0.455, 1.000, 0.000, 1.000, 0.142, 0.000, -0.000
93.400, 0.923, 0.005, 1.000, 0.005, 0.995, 0.143, 0.000, -0.000
93.420, 0.861, -0.552, 0.000, 0.560, 0.560, 0.141, -0.011, 0.023
93.440, 0.420, -0.488, 0.000, 1.000, 1.000, 0.142, -1.291, 0.729
93.460, -0.927, 0.099, 1.000, 1.000, 0.000, 0.138, 0.133, -0.201
93.480, -0.795, 0.501, 1.000, 1.000, 0.000, 0.135, -1.006, -1.129
93.500, -0.822, 0.666, 1.000, 1.000, 0.000, 0.133, -0.327, -0.594
93.520, -0.603, 0.904, 1.000, 0.000, 1.000, 0.137, -0.000, -0.000
93.540, -0.278, 0.922, 1.000, 1.000, 0.000, 0.134, -0.069, -0.071
93.560, 0.234, 0.901, 1.000, 0.000, 1.000, 0.139, -0.000, -0.000
93.580, 0.735, 0.802, 1.000, 0.000, 1.000, 0.141, -0.000, -0.000
93.600, 0.918, 0.553, 1.000, 0.000, 1.000, 0.143, 0.000, -0.000
93.620, 0.930, 0.149, 1.000, 0.000, 1.000, 0.144, 0.000, -0.000
93.640, 0.886, -0.401, 0.000, 0.049, 0.049, 0.140, -0.001, 0.001
93.660, 0.721, -0.769, 0.000, 1.000, 1.000, 0.143, -0.221, 0.306
93.680, -0.392, -0.309, 0.000, 1.000, 1.000, 0.145, -1.360, 0.466
93.700, -0.998, 0.630, 1.000, 1.000, 0.000, 0.140, 2.701, -1.887
93.720, 0.285, 0.591, 1.000, 1.000, 0.000, 0.137, -1.225, -0.803
93.740, 0.654, 0.552, 1.000, 0.279, 0.721, 0.140, -0.014, -0.011
93.760, 0.859, 0.317, 1.000, 0.000, 1.000, 0.143, -0.000, -0.000
93.780, 0.887, -0.152, 0.000, 0.536, 0.536, 0.142, -0.006, 0.006
93.800, 0.812, -0.671, 0.000, 0.375, 0.375, 0.141, -0.011, 0.019
93.820, 0.582, -0.898, 0.000, 0.527, 0.527, 0.141, -0.029, 0.037
93.840, 0.160, -0.922, 0.000, 0.769, 0.769, 0.143, -0.054, 0.055
93.860, -0.382, -0.885, 0.000, 0.000, 0.000, 0.139, -0.000, 0.000
93.880, -0.840, -0.712, 0.000, 1.000, 1.000, 0.143, -0.032, 0.072
93.900, -0.930, -0.402, 0.000, 0.000, 0.000, 0.139, 0.000, 0.000
93.920, -0.917, 0.092, 1.000, 0.762, 0.238, 0.139, -0.000, -0.005
93.940, -0.840, 0.633, 1.000, 0.833, 0.167, 0.138, -0.020, -0.039
93.960, -0.660, 0.877, 1.000, 1.000, 0.000, 0.136, -0.096, -0.134
93.980, -0.321, 0.932, 1.000, 0.101, 0.899, 0.140, -0.007, -0.007
94.000, 0.118, 0.896, 1.000, 0.989, 0.011, 0.138, -0.068, -0.068
94.020, 0.618, 0.808, 1.000, 0.774, 0.226, 0.137, -0.040, -0.048
94.040, 0.889, 0.611, 1.000, 0.000, 1.000, 0.142, -0.000, -0.000
94.060, 0.930, 0.246, 1.000, 0.000, 1.000, 0.145, 0.000, -0.000
94.080, 0.900, -0.280, 0.000, 0.000, 0.000, 0.140, -0.000, 0.000
94.100, 0.789, -0.763, 0.000, 0.000, 0.000, 0.138, -0.000, 0.000
94.120, 0.527, -0.922, 0.000, 0.000, 0.000, 0.136, -0.000, 0.000
94.140, 0.110, -0.929, 0.000, 0.000, 0.000, 0.135, -0.000, 0.000
94.160, -0.917, -0.271, 0.000, 1.000, 1.000, 0.140, 0.001, 0.314
94.180, -0.899, 0.401, 1.000, 1.000, 0.000, 0.138, -0.066, -0.267
94.200, -0.763, 0.803, 1.000, 1.000, 0.000, 0.136, -0.084, -0.140
94.220, -0.666, 0.825, 1.000, 1.000, 0.000, 0.135, -0.361, -0.480
94.240, -0.567, 0.848, 1.000, 1.000, 0.000, 0.134, -0.311, -0.369
94.260, -0.598, 0.767, 1.000, 1.000, 0.000, 0.133, -0.453, -0.498
94.280, -0.693, 0.710, 1.000, 1.000, 0.000, 0.133, -0.457, -0.539
94.300, -0.779, 0.669, 1.000, 1.000, 0.000, 0.132, -0.424, -0.611
94.320, -0.755, 0.747, 1.000, 1.000, 0.000, 0.132, -0.382, -0.567
94.340, -0.754, 0.724, 1.000, 1.000, 0.000, 0.131, -0.433, -0.618
94.360, -0.735, 0.757, 1.000, 1.000, 0.000, 0.131, -0.398, -0.563
94.380, -0.703, 0.782, 1.000, 1.000, 0.000, 0.131, -0.390, -0.527
94.400, -0.555, 0.871, 1.000, 1.000, 0.000, 0.130, -0.218, -0.262
94.420, -0.256, 0.906, 1.000, 1.000, 0.000, 0.130, -0.091, -0.094
94.440, -0.455, 0.585, 1.000, 1.000, 0.000, 0.129, -0.681, -0.480
94.460, -0.859, 0.370, 1.000, 1.000, 0.000, 0.129, -0.329, -0.450
94.480, -0.848, 0.600, 1.000, 1.000, 0.000, 0.129, -0.339, -0.688
94.500, -0.803, 0.636, 1.000, 1.000, 0.000, 0.128, -0.464, -0.709
94.520, -0.819, 0.623, 1.000, 1.000, 0.000, 0.128, -0.417, -0.688
94.540, -0.763, 0.747, 1.000, 1.000, 0.000, 0.128, -0.372, -0.570
94.560, -0.568, 0.893, 1.000, 1.000, 0.000, 0.127, -0.124, -0.154
94.580, -0.286, 0.906, 1.000, 1.000, 0.000, 0.127, -0.127, -0.132
94.600, -0.004, 0.844, 1.000, 1.000, 0.000, 0.127, -0.229, -0.216
94.620, 0.259, 0.716, 1.000, 1.000, 0.000, 0.126, -0.291, -0.236
94.640, 0.678, 0.667, 1.000, 0.404, 0.596, 0.129, -0.018, -0.019
94.660, 0.886, 0.441, 1.000, 0.000, 1.000, 0.134, -0.000, -0.000
94.680, 0.912, 0.015, 1.000, 0.000, 1.000, 0.137, -0.000, -0.000
94.700, 0.858, -0.537, 0.000, 0.000, 0.000, 0.133, -0.000, 0.000
94.720, 0.684, -0.871, 0.000, 0.000, 0.000, 0.130, -0.000, 0.000
94.740, 0.350, -0.933, 0.000, 0.000, 0.000, 0.129, -0.000, 0.000
94.760, -0.143, -0.913, 0.000, 0.000, 0.000, 0.127, -0.000, 0.000
94.780, -0.676, -0.828, 0.000, 0.000, 0.000, 0.127, -0.000, 0.000
94.800, -0.907, -0.604, 0.000, 0.000, 0.000, 0.126, -0.000, 0.000
94.820, -0.934, -0.173, 0.000, 1.000, 1.000, 0.131, 0.010, 0.015
94.840, -0.890, 0.378, 1.000, 0.415, 0.585, 0.132, -0.004, -0.011
94.860, -0.757, 0.812, 1.000, 0.000, 1.000, 0.136, -0.000, -0.000
94.880, -0.841, 0.438, 1.000, 1.000, 0.000, 0.132, -0.430, -0.574
94.900, -0.908, 0.322, 1.000, 1.000, 0.000, 0.129, -0.097, -0.604
94.920, -0.815, 0.472, 1.000, 1.000, 0.000, 0.128, -0.697, -0.822
94.940, -0.815, 0.684, 1.000, 1.000, 0.000, 0.127, -0.319, -0.568
94.960, -0.653, 0.868, 1.000, 1.000, 0.000, 0.126, -0.179, -0.244
94.980, -0.314, 0.930, 1.000, 0.000, 1.000, 0.131, -0.000, -0.000
95.000, 0.191, 0.908, 1.000, 0.000, 1.000, 0.135, -0.000, -0.000
95.020, 0.709, 0.815, 1.000, 0.000, 1.000, 0.137, -0.000, -0.000
95.040, 0.913, 0.578, 1.000, 0.000, 1.000, 0.139, -0.000, -0.000
95.060, 0.932, 0.186, 1.000, 0.000, 1.000, 0.140, 0.000, -0.000
95.080, 0.893, -0.363, 0.000, 0.500, 0.500, 0.138, -0.005, 0.013
95.100, 0.759, -0.798, 0.000, 0.841, 0.841, 0.139, -0.032, 0.052
95.120, 0.468, -0.924, 0.000, 0.341, 0.341, 0.137, -0.020, 0.023
95.140, 0.027, -0.923, 0.000, 0.012, 0.012, 0.133, -0.001, 0.001
95.160, -0.959, 0.030, 1.000, 1.000, 0.000, 0.131, 0.466, -0.039
95.180, -0.752, 0.581, 1.000, 1.000, 0.000, 0.130, -0.539, -0.595
95.200, -0.689, 0.807, 1.000, 1.000, 0.000, 0.129, -0.221, -0.300
95.220, -0.464, 0.901, 1.000, 1.000, 0.000, 0.128, -0.114, -0.130
95.240, -0.402, 0.813, 1.000, 1.000, 0.000, 0.127, -0.403, -0.401
95.260, -0.624, 0.600, 1.000, 1.000, 0.000, 0.127, -0.588, -0.504
95.280, -0.830, 0.567, 1.000, 1.000, 0.000, 0.126, -0.361, -0.581
95.300, -0.845, 0.548, 1.000, 1.000, 0.000, 0.126, -0.403, -0.713
95.320, -0.828, 0.595, 1.000, 1.000, 0.000, 0.126, -0.430, -0.717
95.340, -0.773, 0.736, 1.000, 1.000, 0.000, 0.125, -0.371, -0.580
95.360, -0.653, 0.847, 1.000, 1.000, 0.000, 0.125, -0.273, -0.363
95.380, -0.434, 0.898, 1.000, 1.000, 0.000, 0.125, -0.158, -0.176
95.400, -0.315, 0.829, 1.000, 1.000, 0.000, 0.124, -0.348, -0.340
95.420, -0.313, 0.734, 1.000, 1.000, 0.000, 0.124, -0.446, -0.379
95.440, -0.214, 0.763, 1.000, 1.000, 0.000, 0.124, -0.286, -0.247
95.460, -0.046, 0.755, 1.000, 1.000, 0.000, 0.123, -0.271, -0.226
95.480, 0.421, 0.796, 1.000, 0.000, 1.000, 0.129, -0.000, -0.000
95.500, 0.811, 0.679, 1.000, 0.000, 1.000, 0.132, -0.000, -0.000
95.520, 0.921, 0.380, 1.000, 0.000, 1.000, 0.135, 0.000, -0.000
95.540, 0.913, -0.095, 0.000, 0.000, 0.000, 0.131, -0.000, 0.000
95.560, 0.838, -0.638, 0.000, 0.000, 0.000, 0.128, -0.000, 0.000
95.580, 0.629, -0.898, 0.000, 0.000, 0.000, 0.126, -0.000, 0.000
95.600, 0.263, -0.934, 0.000, 0.000, 0.000, 0.125, -0.000, 0.000
95.620, -0.302, -0.894, 0.000, 0.757, 0.757, 0.129, -0.046, 0.048
95.640, -0.781, -0.773, 0.000, 0.284, 0.284, 0.128, -0.009, 0.016
95.660, -0.924, -0.501, 0.000, 0.000, 0.000, 0.126, 0.000, 0.000
95.680, -0.927, -0.073, 0.000, 0.000, 0.000, 0.125, 0.000, 0.000
95.700, -0.873, 0.484, 1.000, 0.000, 1.000, 0.130, -0.000, -0.000
95.720, -0.713, 0.854, 1.000, 0.017, 0.983, 0.133, -0.001, -0.001
95.740, -0.395, 0.933, 1.000, 0.000, 1.000, 0.135, -0.000, -0.000
95.760, 0.081, 0.918, 1.000, 0.000, 1.000, 0.137, -0.000, -0.000
95.780, 0.628, 0.843, 1.000, 0.000, 1.000, 0.138, -0.000, -0.000
95.800, 0.896, 0.637, 1.000, 0.000, 1.000, 0.139, -0.000, -0.000
95.820, 0.933, 0.258, 1.000, 0.382, 0.618, 0.138, 0.003, -0.007
95.840, 0.904, -0.291, 0.000, 1.000, 1.000, 0.139, -0.008, 0.030
95.860, 0.774, -0.704, 0.000, 1.000, 1.000, 0.140, -0.259, 0.385
95.880, 0.039, -0.585, 0.000, 1.000, 1.000, 0.141, -1.103, 0.685
95.900, -0.989, 0.503, 1.000, 1.000, 0.000, 0.136, 1.852, -1.139
95.920, -0.308, 0.731, 1.000, 1.000, 0.000, 0.133, -0.787, -0.664
95.940, 0.065, 0.843, 1.000, 0.000, 1.000, 0.137, -0.000, -0.000
95.960, 0.582, 0.813, 1.000, 0.000, 1.000, 0.139, -0.000, -0.000
95.980, 0.878, 0.631, 1.000, 0.000, 1.000, 0.141, -0.000, -0.000
96.000, 0.930, 0.279, 1.000, 0.000, 1.000, 0.143, 0.000, -0.000
96.020, 0.905, -0.253, 0.000, 0.825, 0.825, 0.142, -0.004, 0.015
96.040, 0.798, -0.747, 0.000, 0.212, 0.212, 0.139, -0.007, 0.012
96.060, 0.540, -0.918, 0.000, 0.174, 0.174, 0.137, -0.010, 0.012
96.080, 0.075, -0.919, 0.000, 0.986, 0.986, 0.140, -0.069, 0.069
96.100, -0.592, -0.826, 0.000, 1.000, 1.000, 0.142, -0.128, 0.152
96.120, -0.978, 0.263, 1.000, 1.000, 0.000, 0.138, 0.677, -0.286
96.140, -0.662, 0.700, 1.000, 1.000, 0.000, 0.135, -0.430, -0.468
96.160, -0.422, 0.892, 1.000, 0.000, 1.000, 0.140, -0.000, -0.000
96.180, 0.015, 0.911, 1.000, 0.000, 1.000, 0.142, -0.000, -0.000
96.200, 0.566, 0.853, 1.000, 0.000, 1.000, 0.144, -0.000, -0.000
96.220, 0.879, 0.669, 1.000, 0.000, 1.000, 0.146, -0.000, -0.000
96.240, 0.934, 0.326, 1.000, 0.000, 1.000, 0.147, 0.000, -0.000
96.260, 0.910, -0.180, 0.000, 0.168, 0.168, 0.143, -0.000, 0.002
96.280, 0.818, -0.701, 0.000, 0.139, 0.139, 0.140, -0.004, 0.007
96.300, 0.562, -0.900, 0.000, 1.000, 1.000, 0.143, -0.069, 0.085
96.320, 0.067, -0.907, 0.000, 1.000, 1.000, 0.146, -0.135, 0.135
96.340, -0.582, -0.825, 0.000, 1.000, 1.000, 0.147, -0.114, 0.134
96.360, -0.996, 0.846, 1.000, 1.000, 0.000, 0.142, 2.097, -1.987
96.380, 0.374, 0.613, 1.000, 1.000, 0.000, 0.139, -1.098, -0.777
96.400, 0.735, 0.540, 1.000, 0.000, 1.000, 0.144, -0.000, -0.000
96.420, 0.884, 0.250, 1.000, 0.000, 1.000, 0.146, -0.000, -0.000
96.440, 0.887, -0.246, 0.000, 0.000, 0.000, 0.142, -0.000, 0.000
96.460, 0.791, -0.739, 0.000, 0.000, 0.000, 0.139, -0.000, 0.000
96.480, 0.541, -0.917, 0.000, 0.000, 0.000, 0.138, -0.000, 0.000
96.500, 0.132, -0.929, 0.000, 0.000, 0.000, 0.137, -0.000, 0.000
96.520, -0.431, -0.880, 0.000, 0.222, 0.222, 0.137, -0.014, 0.015
96.540, -0.834, -0.735, 0.000, 0.000, 0.000, 0.136, -0.000, 0.000
96.560, -0.931, -0.429, 0.000, 0.056, 0.056, 0.135, 0.000, 0.002
96.580, -0.921, 0.042, 1.000, 0.305, 0.695, 0.139, 0.000, -0.001
96.600, -0.851, 0.595, 1.000, 0.071, 0.929, 0.142, -0.002, -0.003
96.620, -0.778, 0.709, 1.000, 1.000, 0.000, 0.139, -0.411, -0.629
96.640, -0.758, 0.732, 1.000, 1.000, 0.000, 0.137, -0.410, -0.602
96.660, -0.595, 0.877, 1.000, 1.000, 0.000, 0.136, -0.170, -0.215
96.680, -0.232, 0.926, 1.000, 0.000, 1.000, 0.141, -0.000, -0.000
96.700, 0.296, 0.897, 1.000, 0.000, 1.000, 0.144, -0.000, -0.000
96.720, 0.772, 0.783, 1.000, 0.000, 1.000, 0.146, -0.000, -0.000
96.740, 0.924, 0.517, 1.000, 0.000, 1.000, 0.148, 0.000, -0.000
96.760, 0.928, 0.095, 1.000, 0.000, 1.000, 0.149, 0.000, -0.000
96.780, 0.877, -0.461, 0.000, 0.057, 0.057, 0.144, -0.001, 0.002
96.800, 0.717, -0.837, 0.000, 0.917, 0.917, 0.146, -0.042, 0.063
96.820, 0.383, -0.923, 0.000, 0.689, 0.689, 0.146, -0.046, 0.050
96.840, -0.411, -0.827, 0.000, 1.000, 1.000, 0.149, -0.345, 0.352
96.860, -0.993, 0.672, 1.000, 1.000, 0.000, 0.144, 1.672, -1.292
96.880, 0.400, 0.514, 1.000, 1.000, 0.000, 0.141, -1.287, -0.760
96.900, 0.650, 0.353, 1.000, 1.000, 0.000, 0.139, -0.104, -0.052
96.920, 0.818, 0.052, 1.000, 0.000, 1.000, 0.144, -0.000, -0.000
96.940, 0.827, -0.449, 0.000, 0.000, 0.000, 0.141, -0.000, 0.000
96.960, 0.693, -0.831, 0.000, 0.000, 0.000, 0.139, -0.000, 0.000
96.980, 0.384, -0.927, 0.000, 0.000, 0.000, 0.138, -0.000, 0.000
97.000, -0.093, -0.915, 0.000, 0.000, 0.000, 0.137, -0.000, 0.000
97.020, -0.657, -0.828, 0.000, 0.521, 0.521, 0.140, -0.026, 0.034
97.040, -0.902, -0.612, 0.000, 0.000, 0.000, 0.138, -0.000, 0.000
97.060, -0.935, -0.136, 0.000, 1.000, 1.000, 0.143, 0.021, 0.023
97.080, -0.883, 0.429, 1.000, 1.000, 0.000, 0.140, -0.018, -0.043
97.100, -0.737, 0.834, 1.000, 0.000, 1.000, 0.144, -0.000, -0.000
97.120, -0.470, 0.921, 1.000, 1.000, 0.000, 0.141, -0.065, -0.075
97.140, -0.031, 0.923, 1.000, 0.000, 1.000, 0.145, -0.000, -0.000
97.160, 0.526, 0.865, 1.000, 0.000, 1.000, 0.147, -0.000, -0.000
97.180, 0.868, 0.693, 1.000, 0.000, 1.000, 0.149, -0.000, -0.000
97.200, 0.934, 0.363, 1.000, 0.000, 1.000, 0.150, 0.000, -0.000
97.220, 0.914, -0.126, 0.000, 0.000, 0.000, 0.145, -0.000, 0.000
97.240, 0.832, -0.663, 0.000, 0.000, 0.000, 0.142, -0.000, 0.000
97.260, 0.610, -0.902, 0.000, 0.187, 0.187, 0.141, -0.010, 0.013
97.280, 0.215, -0.929, 0.000, 0.407, 0.407, 0.142, -0.028, 0.029
97.300, -0.391, -0.877, 0.000, 1.000, 1.000, 0.146, -0.080, 0.085
97.320, -0.830, -0.723, 0.000, 0.654, 0.654, 0.147, -0.018, 0.038
97.340, -0.929, -0.421, 0.000, 0.000, 0.000, 0.143, 0.000, 0.000
97.360, -0.916, 0.178, 1.000, 1.000, 0.000, 0.141, -0.003, -0.056
97.380, -0.823, 0.652, 1.000, 1.000, 0.000, 0.139, -0.203, -0.362
97.400, -0.690, 0.841, 1.000, 1.000, 0.000, 0.138, -0.232, -0.330
97.420, -0.555, 0.866, 1.000, 1.000, 0.000, 0.138, -0.282, -0.337
97.440, -0.527, 0.806, 1.000, 1.000, 0.000, 0.137, -0.407, -0.438
97.460, -0.682, 0.660, 1.000, 1.000, 0.000, 0.137, -0.517, -0.548
97.480, -0.693, 0.770, 1.000, 1.000, 0.000, 0.136, -0.339, -0.439
97.500, -0.435, 0.909, 1.000, 0.419, 0.581, 0.139, -0.026, -0.029
97.520, 0.010, 0.917, 1.000, 0.000, 1.000, 0.144, -0.000, -0.000
97.540, 0.523, 0.840, 1.000, 0.797, 0.203, 0.142, -0.047, -0.053
97.560, 0.862, 0.675, 1.000, 0.000, 1.000, 0.145, -0.000, -0.000
97.580, 0.926, 0.246, 1.000, 1.000, 0.000, 0.142, 0.008, -0.035
97.600, 0.901, -0.332, 0.000, 1.000, 1.000, 0.145, -0.023, 0.084
97.620, 0.776, -0.792, 0.000, 0.000, 0.000, 0.142, -0.000, 0.000
97.640, 0.499, -0.927, 0.000, 0.000, 0.000, 0.139, -0.000, 0.000
97.660, 0.068, -0.927, 0.000, 0.000, 0.000, 0.138, -0.000, 0.000
97.680, -0.489, -0.873, 0.000, 0.000, 0.000, 0.137, -0.000, 0.000
97.700, -0.856, -0.711, 0.000, 0.000, 0.000, 0.136, -0.000, 0.000
97.720, -0.934, -0.380, 0.000, 0.243, 0.243, 0.137, 0.002, 0.006
97.740, -0.901, 0.385, 1.000, 1.000, 0.000, 0.136, -0.073, -0.305
97.760, -0.809, 0.555, 1.000, 1.000, 0.000, 0.135, -0.570, -0.775
97.780, -0.891, 0.394, 1.000, 1.000, 0.000, 0.135, -0.224, -0.627
97.800, -0.837, 0.468, 1.000, 1.000, 0.000, 0.134, -0.562, -0.778
97.820, -0.830, 0.641, 1.000, 1.000, 0.000, 0.134, -0.354, -0.656
97.840, -0.621, 0.898, 1.000, 0.000, 1.000, 0.139, -0.000, -0.000
97.860, -0.361, 0.909, 1.000, 1.000, 0.000, 0.137, -0.145, -0.156
97.880, -0.043, 0.874, 1.000, 1.000, 0.000, 0.135, -0.166, -0.163
97.900, 0.295, 0.774, 1.000, 1.000, 0.000, 0.134, -0.217, -0.195
97.920, 0.735, 0.708, 1.000, 0.000, 1.000, 0.139, -0.000, -0.000
97.940, 0.907, 0.455, 1.000, 0.000, 1.000, 0.143, -0.000, -0.000
97.960, 0.918, 0.020, 1.000, 0.000, 1.000, 0.145, 0.000, -0.000
97.980, 0.862, -0.535, 0.000, 0.316, 0.316, 0.142, -0.006, 0.013
98.000, 0.687, -0.870, 0.000, 0.000, 0.000, 0.139, -0.000, 0.000
98.020, -0.061, -0.784, 0.000, 1.000, 1.000, 0.143, -0.664, 0.579
98.040, -0.995, 0.764, 1.000, 1.000, 0.000, 0.139, 2.284, -1.954
98.060, -0.045, 0.777, 1.000, 1.000, 0.000, 0.137, -0.825, -0.711
98.080, 0.002, 0.616, 1.000, 1.000, 0.000, 0.135, -0.460, -0.303
98.100, 0.141, 0.590, 1.000, 1.000, 0.000, 0.134, -0.274, -0.173
98.120, 0.536, 0.623, 1.000, 0.000, 1.000, 0.140, -0.000, -0.000
98.140, 0.825, 0.468, 1.000, 0.000, 1.000, 0.143, -0.000, -0.000
98.160, 0.900, 0.094, 1.000, 0.000, 1.000, 0.145, -0.000, -0.000
98.180, 0.868, -0.448, 0.000, 0.168, 0.168, 0.142, -0.003, 0.006
98.200, 0.713, -0.828, 0.000, 1.000, 1.000, 0.145, -0.047, 0.069
98.220, 0.389, -0.923, 0.000, 0.525, 0.525, 0.144, -0.035, 0.038
98.240, -0.166, -0.899, 0.000, 1.000, 1.000, 0.146, -0.092, 0.093
98.260, -0.731, -0.785, 0.000, 1.000, 1.000, 0.148, -0.053, 0.078
98.280, -0.915, -0.538, 0.000, 0.000, 0.000, 0.143, -0.000, 0.000
98.300, -0.929, 0.087, 1.000, 1.000, 0.000, 0.140, 0.031, -0.033
98.320, -0.842, 0.629, 1.000, 1.000, 0.000, 0.138, -0.052, -0.104
98.340, -0.636, 0.896, 1.000, 0.000, 1.000, 0.143, -0.000, -0.000
98.360, -0.509, 0.863, 1.000, 1.000, 0.000, 0.140, -0.318, -0.363
98.380, -0.574, 0.741, 1.000, 1.000, 0.000, 0.138, -0.489, -0.502
98.400, -0.764, 0.607, 1.000, 1.000, 0.000, 0.137, -0.472, -0.569
98.420, -0.858, 0.543, 1.000, 1.000, 0.000, 0.136, -0.328, -0.667
98.440, -0.830, 0.550, 1.000, 1.000, 0.000, 0.135, -0.471, -0.732
98.460, -0.826, 0.624, 1.000, 1.000, 0.000, 0.135, -0.398, -0.692
98.480, -0.824, 0.590, 1.000, 1.000, 0.000, 0.134, -0.443, -0.709
98.500, -0.821, 0.627, 1.000, 1.000, 0.000, 0.134, -0.414, -0.694
98.520, -0.825, 0.595, 1.000, 1.000, 0.000, 0.133, -0.434, -0.705
98.540, -0.784, 0.714, 1.000, 1.000, 0.000, 0.133, -0.386, -0.612
98.560, -0.719, 0.788, 1.000, 1.000, 0.000, 0.133, -0.368, -0.522
98.580, -0.734, 0.732, 1.000, 1.000, 0.000, 0.132, -0.446, -0.604
98.600, -0.828, 0.564, 1.000, 1.000, 0.000, 0.132, -0.416, -0.655
98.620, -0.745, 0.786, 1.000, 1.000, 0.000, 0.131, -0.279, -0.426
98.640, -0.550, 0.894, 1.000, 1.000, 0.000, 0.131, -0.156, -0.190
98.660, -0.334, 0.885, 1.000, 1.000, 0.000, 0.131, -0.214, -0.224
98.680, -0.160, 0.820, 1.000, 1.000, 0.000, 0.130, -0.309, -0.286
98.700, -0.064, 0.710, 1.000, 1.000, 0.000, 0.130, -0.401, -0.312
98.720, -0.037, 0.606, 1.000, 1.000, 0.000, 0.130, -0.431, -0.278
98.740, -0.133, 0.504, 1.000, 1.000, 0.000, 0.129, -0.488, -0.259
98.760, 0.024, 0.620, 1.000, 1.000, 0.000, 0.129, -0.133, -0.088
98.780, 0.426, 0.692, 1.000, 0.000, 1.000, 0.135, -0.000, -0.000
98.800, 0.788, 0.591, 1.000, 0.000, 1.000, 0.138, -0.000, -0.000
98.820, 0.906, 0.284, 1.000, 0.000, 1.000, 0.140, -0.000, -0.000
98.840, 0.898, -0.216, 0.000, 0.000, 0.000, 0.136, -0.000, 0.000
98.860, 0.804, -0.722, 0.000, 0.000, 0.000, 0.133, -0.000, 0.000
98.880, 0.561, -0.915, 0.000, 0.000, 0.000, 0.132, -0.000, 0.000
98.900, 0.158, -0.930, 0.000, 0.068, 0.068, 0.131, -0.004, 0.004
98.920, -0.452, -0.870, 0.000, 1.000, 1.000, 0.136, -0.071, 0.078
98.940, -0.844, -0.715, 0.000, 0.190, 0.190, 0.134, -0.004, 0.010
98.960, -0.931, -0.403, 0.000, 0.000, 0.000, 0.132, 0.000, 0.000
98.980, -0.910, 0.272, 1.000, 1.000, 0.000, 0.131, -0.021, -0.138
99.000, -0.820, 0.505, 1.000, 1.000, 0.000, 0.130, -0.642, -0.844
99.020, -0.915, 0.272, 1.000, 1.000, 0.000, 0.129, -0.029, -0.512
99.040, -0.808, 0.512, 1.000, 1.000, 0.000, 0.128, -0.689, -0.847
99.060, -0.860, 0.562, 1.000, 1.000, 0.000, 0.128, -0.319, -0.696
99.080, -0.715, 0.836, 1.000, 1.000, 0.000, 0.127, -0.173, -0.259
99.100, -0.408, 0.930, 1.000, 0.000, 1.000, 0.133, -0.000, -0.000
99.120, -0.005, 0.906, 1.000, 1.000, 0.000, 0.131, -0.071, -0.071
99.140, 0.420, 0.804, 1.000, 1.000, 0.000, 0.129, -0.145, -0.144
99.160, 0.698, 0.517, 1.000, 1.000, 0.000, 0.128, -0.192, -0.161
99.180, 0.867, 0.236, 1.000, 0.244, 0.756, 0.132, -0.004, -0.004
99.200, 0.863, -0.312, 0.000, 1.000, 1.000, 0.136, -0.072, 0.088
99.220, 0.702, -0.702, 0.000, 1.000, 1.000, 0.138, -0.316, 0.376
99.240, 0.011, -0.703, 0.000, 1.000, 1.000, 0.140, -0.777, 0.595
99.260, -0.953, 0.082, 1.000, 1.000, 0.000, 0.135, 0.392, -0.112
99.280, -0.814, 0.619, 1.000, 1.000, 0.000, 0.132, -0.197, -0.311
99.300, -0.702, 0.827, 1.000, 1.000, 0.000, 0.130, -0.231, -0.332
99.320, -0.566, 0.866, 1.000, 1.000, 0.000, 0.129, -0.273, -0.330
99.340, -0.223, 0.917, 1.000, 0.440, 0.560, 0.132, -0.028, -0.029
99.360, 0.010, 0.809, 1.000, 1.000, 0.000, 0.130, -0.306, -0.276
99.380, -0.025, 0.533, 1.000, 1.000, 0.000, 0.129, -0.583, -0.327
99.400, -0.312, 0.379, 1.000, 1.000, 0.000, 0.128, -0.613, -0.251
99.420, -0.366, 0.578, 1.000, 1.000, 0.000, 0.127, -0.198, -0.131
99.440, -0.184, 0.767, 1.000, 1.000, 0.000, 0.126, -0.071, -0.062
99.460, 0.140, 0.798, 1.000, 1.000, 0.000, 0.126, -0.123, -0.110
99.480, 0.594, 0.750, 1.000, 0.887, 0.113, 0.126, -0.043, -0.046
99.500, 0.872, 0.569, 1.000, 0.000, 1.000, 0.132, -0.000, -0.000
99.520, 0.923, 0.201, 1.000, 0.000, 1.000, 0.135, 0.000, -0.000
99.540, 0.891, -0.333, 0.000, 0.000, 0.000, 0.131, -0.000, 0.000
99.560, 0.770, -0.790, 0.000, 0.000, 0.000, 0.129, -0.000, 0.000
99.580, 0.494, -0.926, 0.000, 0.000, 0.000, 0.128, -0.000, 0.000
99.600, 0.062, -0.926, 0.000, 0.000, 0.000, 0.126, -0.000, 0.000
99.620, -0.518, -0.864, 0.000, 0.472, 0.472, 0.129, -0.025, 0.029
99.640, -0.865, -0.695, 0.000, 0.000, 0.000, 0.127, -0.000, 0.000
99.660, -0.933, -0.367, 0.000, 0.000, 0.000, 0.126, 0.000, 0.000
99.680, -0.914, 0.144, 1.000, 1.000, 0.000, 0.125, -0.001, -0.009
99.700, -0.828, 0.672, 1.000, 0.905, 0.095, 0.125, -0.021, -0.041
99.720, -0.716, 0.809, 1.000, 1.000, 0.000, 0.124, -0.323, -0.468
99.740, -0.922, -0.048, 0.000, 1.000, 1.000, 0.130, 0.060, 0.093
99.760, -0.853, 0.571, 1.000, 1.000, 0.000, 0.127, -0.545, -1.096
99.780, -0.789, 0.692, 1.000, 1.000, 0.000, 0.126, -0.416, -0.649
99.800, -0.666, 0.846, 1.000, 1.000, 0.000, 0.125, -0.242, -0.329
99.820, -0.467, 0.892, 1.000, 1.000, 0.000, 0.124, -0.186, -0.211
99.840, -0.046, 0.917, 1.000, 0.000, 1.000, 0.129, -0.000, -0.000
99.860, 0.507, 0.865, 1.000, 0.000, 1.000, 0.133, -0.000, -0.000
99.880, 0.861, 0.700, 1.000, 0.000, 1.000, 0.135, -0.000, -0.000
99.900, 0.933, 0.375, 1.000, 0.000, 1.000, 0.137, 0.000, -0.000
99.920, 0.916, -0.109, 0.000, 0.000, 0.000, 0.132, -0.000, 0.000
99.940, 0.836, -0.650, 0.000, 0.000, 0.000, 0.129, -0.000, 0.000
99.960, 0.622, -0.901, 0.000, 0.000, 0.000, 0.127, -0.000, 0.000
99.980, 0.253, -0.933, 0.000, 0.000, 0.000, 0.126, -0.000, 0.000
100.000, -0.323, -0.890, 0.000, 0.894, 0.894, 0.130, -0.055, 0.058
100.020, -0.785, -0.772, 0.000, 0.000, 0.000, 0.128, -0.000, 0.000
100.040, -0.928, -0.472, 0.000, 0.644, 0.644, 0.130, 0.003, 0.021
100.060, -0.925, -0.026, 0.000, 0.112, 0.112, 0.128, 0.000, 0.000
100.080, -0.860, 0.538, 1.000, 1.000, 0.000, 0.126, -0.094, -0.195
100.100, -0.688, 0.868, 1.000, 0.359, 0.641, 0.129, -0.015, -0.022
100.120, -0.479, 0.899, 1.000, 1.000, 0.000, 0.127, -0.190, -0.218
100.140, -0.420, 0.814, 1.000, 1.000, 0.000, 0.125, -0.399, -0.402
100.160, -0.521, 0.705, 1.000, 1.000, 0.000, 0.125, -0.502, -0.460
100.180, -0.615, 0.722, 1.000, 1.000, 0.000, 0.124, -0.418, -0.438
100.200, -0.637, 0.773, 1.000, 1.000, 0.000, 0.123, -0.369, -0.433
100.220, -0.602, 0.810, 1.000, 1.000, 0.000, 0.123, -0.346, -0.408
100.240, -0.522, 0.835, 1.000, 1.000, 0.000, 0.122, -0.312, -0.348
100.260, -0.584, 0.745, 1.000, 1.000, 0.000, 0.122, -0.472, -0.493
100.280, -0.552, 0.806, 1.000, 1.000, 0.000, 0.122, -0.320, -0.354
100.300, -0.373, 0.866, 1.000, 1.000, 0.000, 0.121, -0.190, -0.199
100.320, -0.127, 0.852, 1.000, 1.000, 0.000, 0.121, -0.208, -0.200
100.340, 0.236, 0.809, 1.000, 1.000, 0.000, 0.121, -0.157, -0.145
100.360, 0.707, 0.750, 1.000, 0.000, 1.000, 0.126, -0.000, -0.000
100.380, 0.905, 0.514, 1.000, 0.000, 1.000, 0.130, -0.000, -0.000
100.400, 0.924, 0.098, 1.000, 0.183, 0.817, 0.131, 0.001, -0.001
100.420, 0.877, -0.458, 0.000, 0.509, 0.509, 0.130, -0.007, 0.016
100.440, 0.721, -0.840, 0.000, 0.476, 0.476, 0.130, -0.019, 0.029
100.460, 0.385, -0.924, 0.000, 0.807, 0.807, 0.131, -0.049, 0.053
100.480, -0.890, -0.109, 0.000, 1.000, 1.000, 0.134, -0.222, 0.161
100.500, -0.899, 0.507, 1.000, 1.000, 0.000, 0.129, -0.099, -0.499
100.520, -0.743, 0.802, 1.000, 1.000, 0.000, 0.126, -0.231, -0.359
100.540, -0.584, 0.876, 1.000, 1.000, 0.000, 0.125, -0.234, -0.291
100.560, -0.554, 0.809, 1.000, 1.000, 0.000, 0.124, -0.411, -0.457
100.580, -0.564, 0.781, 1.000, 1.000, 0.000, 0.123, -0.407, -0.439
100.600, -0.375, 0.870, 1.000, 1.000, 0.000, 0.122, -0.155, -0.163
100.620, -0.185, 0.835, 1.000, 1.000, 0.000, 0.122, -0.269, -0.255
100.640, 0.188, 0.828, 1.000, 1.000, 0.000, 0.121, -0.119, -0.112
100.660, 0.678, 0.774, 1.000, 0.000, 1.000, 0.127, -0.000, -0.000
100.680, 0.901, 0.553, 1.000, 0.000, 1.000, 0.130, -0.000, -0.000
100.700, 0.927, 0.161, 1.000, 0.000, 1.000, 0.133, 0.000, -0.000
100.720, 0.887, -0.385, 0.000, 0.000, 0.000, 0.128, -0.000, 0.000
100.740, 0.753, -0.815, 0.000, 0.000, 0.000, 0.126, -0.000, 0.000
100.760, 0.462, -0.929, 0.000, 0.000, 0.000, 0.124, -0.000, 0.000
100.780, 0.002, -0.922, 0.000, 0.244, 0.244, 0.124, -0.015, 0.015
100.800, -0.975, 0.270, 1.000, 1.000, 0.000, 0.123, 0.904, -0.424
100.820, -0.627, 0.681, 1.000, 1.000, 0.000, 0.122, -0.563, -0.562
100.840, -0.680, 0.747, 1.000, 1.000, 0.000, 0.121, -0.376, -0.459
100.860, -0.749, 0.700, 1.000, 1.000, 0.000, 0.121, -0.438, -0.592
100.880, -0.734, 0.760, 1.000, 1.000, 0.000, 0.120, -0.381, -0.541
100.900, -0.677, 0.808, 1.000, 1.000, 0.000, 0.120, -0.357, -0.473
100.920, -0.505, 0.881, 1.000, 1.000, 0.000, 0.120, -0.197, -0.228
100.940, -0.284, 0.877, 1.000, 1.000, 0.000, 0.119, -0.207, -0.212
100.960, -0.386, 0.665, 1.000, 1.000, 0.000, 0.119, -0.580, -0.454
100.980, -0.560, 0.645, 1.000, 1.000, 0.000, 0.118, -0.477, -0.411
101.000, -0.375, 0.846, 1.000, 1.000, 0.000, 0.118, -0.055, -0.057
101.020, 0.050, 0.894, 1.000, 0.000, 1.000, 0.124, -0.000, -0.000
101.040, 0.590, 0.839, 1.000, 0.000, 1.000, 0.127, -0.000, -0.000
101.060, 0.885, 0.649, 1.000, 0.000, 1.000, 0.130, -0.000, -0.000
101.080, 0.933, 0.297, 1.000, 0.000, 1.000, 0.132, 0.000, -0.000
101.100, 0.907, -0.215, 0.000, 0.000, 0.000, 0.127, -0.000, 0.000
101.120, 0.809, -0.725, 0.000, 0.000, 0.000, 0.124, -0.000, 0.000
101.140, 0.564, -0.916, 0.000, 0.042, 0.042, 0.122, -0.002, 0.003
101.160, 0.131, -0.925, 0.000, 0.698, 0.698, 0.125, -0.043, 0.044
101.180, -0.492, -0.859, 0.000, 1.000, 1.000, 0.129, -0.084, 0.094
101.200, -0.860, -0.690, 0.000, 0.334, 0.334, 0.127, -0.006, 0.016
101.220, -0.932, -0.363, 0.000, 0.000, 0.000, 0.124, 0.000, 0.000
101.240, -0.914, 0.124, 1.000, 0.000, 1.000, 0.128, -0.000, -0.000
101.260, -0.832, 0.661, 1.000, 0.000, 1.000, 0.131, -0.000, -0.000
101.280, -0.614, 0.904, 1.000, 0.000, 1.000, 0.133, -0.000, -0.000
101.300, -0.240, 0.933, 1.000, 0.000, 1.000, 0.134, -0.000, -0.000
101.320, 0.290, 0.900, 1.000, 0.000, 1.000, 0.135, -0.000, -0.000
101.340, 0.769, 0.787, 1.000, 0.000, 1.000, 0.136, -0.000, -0.000
101.360, 0.923, 0.522, 1.000, 0.000, 1.000, 0.137, 0.000, -0.000
101.380, 0.928, 0.102, 1.000, 0.000, 1.000, 0.138, 0.000, -0.000
101.400, 0.880, -0.458, 0.000, 0.864, 0.864, 0.138, -0.012, 0.028
101.420, 0.724, -0.842, 0.000, 0.297, 0.297, 0.134, -0.012, 0.019
101.440, 0.064, -0.797, 0.000, 1.000, 1.000, 0.137, -0.627, 0.557
101.460, -0.989, 0.631, 1.000, 1.000, 0.000, 0.132, 1.773, -1.406
101.480, 0.456, 0.387, 1.000, 1.000, 0.000, 0.130, -1.464, -0.659
101.500, 0.617, 0.148, 1.000, 1.000, 0.000, 0.128, -0.154, -0.030
101.520, 0.746, -0.208, 0.000, 0.000, 0.000, 0.127, -0.000, 0.000
101.540, 0.718, -0.664, 0.000, 0.000, 0.000, 0.126, -0.000, 0.000
101.560, 0.492, -0.885, 0.000, 0.390, 0.390, 0.128, -0.021, 0.024
101.580, 0.031, -0.907, 0.000, 1.000, 1.000, 0.132, -0.067, 0.067
101.600, -0.894, -0.402, 0.000, 1.000, 1.000, 0.135, -0.116, 0.366
101.620, -0.909, 0.045, 1.000, 0.000, 1.000, 0.137, -0.000, -0.000
101.640, -0.846, 0.592, 1.000, 0.000, 1.000, 0.139, -0.000, -0.000
101.660, -0.654, 0.886, 1.000, 0.000, 1.000, 0.140, -0.000, -0.000
101.680, -0.326, 0.929, 1.000, 0.514, 0.486, 0.138, -0.033, -0.035
101.700, -0.116, 0.838, 1.000, 1.000, 0.000, 0.134, -0.298, -0.281
101.720, 0.263, 0.808, 1.000, 1.000, 0.000, 0.131, -0.131, -0.123
101.740, 0.721, 0.737, 1.000, 0.139, 0.861, 0.134, -0.006, -0.008
101.760, 0.907, 0.495, 1.000, 0.000, 1.000, 0.138, -0.000, -0.000
101.780, 0.923, 0.076, 1.000, 0.000, 1.000, 0.140, 0.000, -0.000
101.800, 0.873, -0.480, 0.000, 0.217, 0.217, 0.136, -0.003, 0.007
101.820, 0.711, -0.849, 0.000, 0.394, 0.394, 0.136, -0.017, 0.025
101.840, 0.173, -0.863, 0.000, 1.000, 1.000, 0.139, -0.390, 0.382
101.860, -0.987, 0.656, 1.000, 1.000, 0.000, 0.135, 1.704, -1.504
101.880, 0.535, 0.232, 1.000, 1.000, 0.000, 0.132, -1.553, -0.439
101.900, 0.696, -0.053, 0.000, 0.883, 0.883, 0.136, -0.039, 0.003
101.920, 0.734, -0.499, 0.000, 0.000, 0.000, 0.133, -0.000, 0.000
101.940, 0.573, -0.823, 0.000, 0.925, 0.925, 0.137, -0.050, 0.058
101.960, 0.160, -0.895, 0.000, 1.000, 1.000, 0.140, -0.104, 0.104
101.980, -0.881, -0.346, 0.000, 1.000, 1.000, 0.142, -0.194, 0.361
102.000, -0.929, 0.431, 1.000, 1.000, 0.000, 0.137, 0.079, -0.422
102.020, -0.765, 0.844, 1.000, 0.000, 1.000, 0.140, -0.000, -0.000
102.040, -0.460, 0.936, 1.000, 0.000, 1.000, 0.142, -0.000, -0.000
102.060, -0.008, 0.925, 1.000, 0.000, 1.000, 0.144, -0.000, -0.000
102.080, 0.549, 0.861, 1.000, 0.024, 0.976, 0.145, -0.001, -0.002
102.100, 0.875, 0.682, 1.000, 0.000, 1.000, 0.146, -0.000, -0.000
102.120, 0.934, 0.345, 1.000, 0.000, 1.000, 0.147, 0.000, -0.000
102.140, 0.913, -0.168, 0.000, 0.676, 0.676, 0.145, -0.001, 0.008
102.160, 0.817, -0.628, 0.000, 1.000, 1.000, 0.147, -0.289, 0.474
102.180, 0.550, -0.855, 0.000, 1.000, 1.000, 0.148, -0.197, 0.232
102.200, 0.187, -0.917, 0.000, 0.000, 0.000, 0.143, -0.000, 0.000
102.220, -0.530, -0.827, 0.000, 1.000, 1.000, 0.146, -0.196, 0.218
102.240, -0.918, -0.461, 0.000, 1.000, 1.000, 0.147, 0.001, 0.157
102.260, -0.921, -0.021, 0.000, 0.000, 0.000, 0.143, 0.000, 0.000
102.280, -0.863, 0.535, 1.000, 0.000, 1.000, 0.146, -0.000, -0.000
102.300, -0.688, 0.871, 1.000, 0.000, 1.000, 0.148, -0.000, -0.000
102.320, -0.384, 0.927, 1.000, 0.676, 0.324, 0.145, -0.045, -0.049
102.340, -0.180, 0.851, 1.000, 1.000, 0.000, 0.142, -0.287, -0.278
102.360, -0.254, 0.633, 1.000, 1.000, 0.000, 0.140, -0.568, -0.398
102.380, -0.725, 0.347, 1.000, 1.000, 0.000, 0.138, -0.618, -0.359
102.400, -0.909, 0.497, 1.000, 1.000, 0.000, 0.137, -0.058, -0.630
102.420, -0.754, 0.662, 1.000, 1.000, 0.000, 0.137, -0.550, -0.709
102.440, -0.791, 0.684, 1.000, 1.000, 0.000, 0.136, -0.400, -0.623
102.460, -0.776, 0.708, 1.000, 1.000, 0.000, 0.135, -0.419, -0.635
102.480, -0.777, 0.697, 1.000, 1.000, 0.000, 0.135, -0.430, -0.643
102.500, -0.815, 0.614, 1.000, 1.000, 0.000, 0.135, -0.431, -0.680
102.520, -0.861, 0.468, 1.000, 1.000, 0.000, 0.134, -0.371, -0.670
102.540, -0.874, 0.384, 1.000, 1.000, 0.000, 0.134, -0.375, -0.676
102.560, -0.864, 0.467, 1.000, 1.000, 0.000, 0.133, -0.409, -0.768
102.580, -0.839, 0.558, 1.000, 1.000, 0.000, 0.133, -0.435, -0.741
102.600, -0.804, 0.673, 1.000, 1.000, 0.000, 0.133, -0.403, -0.660
102.620, -0.772, 0.718, 1.000, 1.000, 0.000, 0.132, -0.416, -0.629
102.640, -0.706, 0.799, 1.000, 1.000, 0.000, 0.132, -0.352, -0.491
102.660, -0.656, 0.809, 1.000, 1.000, 0.000, 0.131, -0.376, -0.480
102.680, -0.509, 0.870, 1.000, 1.000, 0.000, 0.131, -0.230, -0.264
102.700, -0.120, 0.916, 1.000, 0.000, 1.000, 0.137, -0.000, -0.000
102.720, 0.426, 0.877, 1.000, 0.000, 1.000, 0.140, -0.000, -0.000
102.740, 0.831, 0.735, 1.000, 0.000, 1.000, 0.143, -0.000, -0.000
102.760, 0.931, 0.433, 1.000, 0.000, 1.000, 0.144, 0.000, -0.000
102.780, 0.921, -0.027, 0.000, 0.000, 0.000, 0.140, 0.000, 0.000
102.800, 0.854, -0.581, 0.000, 0.511, 0.511, 0.140, -0.010, 0.022
102.820, 0.656, -0.877, 0.000, 0.747, 0.747, 0.141, -0.037, 0.052
102.840, -0.137, -0.776, 0.000, 1.000, 1.000, 0.144, -0.657, 0.571
102.860, -0.993, 0.684, 1.000, 1.000, 0.000, 0.140, 1.962, -1.531
102.880, 0.212, 0.631, 1.000, 1.000, 0.000, 0.137, -1.150, -0.796
102.900, 0.583, 0.604, 1.000, 0.870, 0.130, 0.136, -0.046, -0.038
102.920, 0.842, 0.421, 1.000, 0.000, 1.000, 0.141, -0.000, -0.000
102.940, 0.898, 0.017, 1.000, 0.000, 1.000, 0.144, -0.000, -0.000
102.960, 0.854, -0.528, 0.000, 0.000, 0.000, 0.140, -0.000, 0.000
102.980, 0.684, -0.867, 0.000, 0.000, 0.000, 0.137, -0.000, 0.000
103.000, 0.352, -0.933, 0.000, 0.000, 0.000, 0.135, -0.000, 0.000
103.020, -0.166, -0.908, 0.000, 0.412, 0.412, 0.137, -0.028, 0.028
103.040, -0.733, -0.791, 0.000, 1.000, 1.000, 0.141, -0.053, 0.078
103.060, -0.916, -0.543, 0.000, 0.000, 0.000, 0.138, -0.000, 0.000
103.080, -0.929, -0.137, 0.000, 0.000, 0.000, 0.136, 0.000, 0.000
103.100, -0.883, 0.421, 1.000, 0.891, 0.109, 0.135, -0.011, -0.026
103.120, -0.741, 0.829, 1.000, 0.210, 0.790, 0.139, -0.008, -0.013
103.140, -0.449, 0.929, 1.000, 0.251, 0.749, 0.141, -0.016, -0.018
103.160, 0.002, 0.922, 1.000, 0.000, 1.000, 0.144, -0.000, -0.000
103.180, 0.558, 0.859, 1.000, 0.000, 1.000, 0.146, -0.000, -0.000
103.200, 0.878, 0.677, 1.000, 0.000, 1.000, 0.147, -0.000, -0.000
103.220, 0.934, 0.337, 1.000, 0.000, 1.000, 0.148, 0.000, -0.000
103.240, 0.912, -0.162, 0.000, 0.000, 0.000, 0.143, -0.000, 0.000
103.260, 0.823, -0.689, 0.000, 0.000, 0.000, 0.140, -0.000, 0.000
103.280, 0.594, -0.910, 0.000, 0.000, 0.000, 0.138, -0.000, 0.000
103.300, 0.210, -0.932, 0.000, 0.000, 0.000, 0.136, -0.000, 0.000
103.320, -0.328, -0.895, 0.000, 0.000, 0.000, 0.135, -0.000, 0.000
103.340, -0.789, -0.774, 0.000, 0.000, 0.000, 0.135, -0.000, 0.000
103.360, -0.926, -0.499, 0.000, 0.000, 0.000, 0.134, 0.000, 0.000
103.380, -0.927, -0.068, 0.000, 0.000, 0.000, 0.134, 0.000, 0.000
103.400, -0.873, 0.489, 1.000, 0.000, 1.000, 0.139, -0.000, -0.000
103.420, -0.711, 0.856, 1.000, 0.000, 1.000, 0.143, -0.000, -0.000
103.440, -0.391, 0.933, 1.000, 0.000, 1.000, 0.145, -0.000, -0.000
103.460, 0.087, 0.917, 1.000, 0.000, 1.000, 0.147, -0.000, -0.000
103.480, 0.632, 0.841, 1.000, 0.000, 1.000, 0.148, -0.000, -0.000
103.500, 0.897, 0.634, 1.000, 0.000, 1.000, 0.149, -0.000, -0.000
103.520, 0.934, 0.270, 1.000, 0.000, 1.000, 0.150, 0.000, -0.000
103.540, 0.904, -0.251, 0.000, 0.000, 0.000, 0.144, -0.000, 0.000
103.560, 0.798, -0.747, 0.000, 0.000, 0.000, 0.141, -0.000, 0.000
103.580, 0.544, -0.920, 0.000, 0.000, 0.000, 0.139, -0.000, 0.000
103.600, 0.135, -0.930, 0.000, 0.000, 0.000, 0.138, -0.000, 0.000
103.620, -0.458, -0.872, 0.000, 0.769, 0.769, 0.141, -0.048, 0.053
103.640, -0.845, -0.719, 0.000, 0.046, 0.046, 0.139, -0.001, 0.003
103.660, -0.932, -0.407, 0.000, 0.000, 0.000, 0.138, 0.000, 0.000
103.680, -0.919, 0.063, 1.000, 0.000, 1.000, 0.143, 0.000, -0.000
103.700, -0.846, 0.613, 1.000, 0.000, 1.000, 0.146, -0.000, -0.000
103.720, -0.646, 0.892, 1.000, 0.000, 1.000, 0.148, -0.000, -0.000
103.740, -0.289, 0.934, 1.000, 0.000, 1.000, 0.149, -0.000, -0.000
103.760, 0.226, 0.906, 1.000, 0.000, 1.000, 0.150, -0.000, -0.000
103.780, 0.732, 0.806, 1.000, 0.000, 1.000, 0.151, -0.000, -0.000
103.800, 0.917, 0.558, 1.000, 0.000, 1.000, 0.152, 0.000, -0.000
103.820, 0.931, 0.156, 1.000, 0.000, 1.000, 0.153, 0.000, -0.000
103.840, 0.887, -0.392, 0.000, 0.000, 0.000, 0.148, -0.000, 0.000
103.860, 0.751, -0.819, 0.000, 0.000, 0.000, 0.144, -0.000, 0.000
103.880, 0.458, -0.930, 0.000, 0.000, 0.000, 0.142, -0.000, 0.000
103.900, 0.009, -0.924, 0.000, 0.000, 0.000, 0.141, -0.000, 0.000
103.920, -0.548, -0.862, 0.000, 0.000, 0.000, 0.140, -0.000, 0.000
103.940, -0.875, -0.682, 0.000, 0.000, 0.000, 0.139, -0.000, 0.000
103.960, -0.934, -0.346, 0.000, 0.000, 0.000, 0.138, 0.000, 0.000
103.980, -0.912, 0.157, 1.000, 0.284, 0.716, 0.142, -0.001, -0.003
104.000, -0.824, 0.686, 1.000, 0.000, 1.000, 0.146, -0.000, -0.000
104.020, -0.597, 0.909, 1.000, 0.000, 1.000, 0.149, -0.000, -0.000
104.040, -0.214, 0.933, 1.000, 0.000, 1.000, 0.151, -0.000, -0.000
104.060, 0.322, 0.896, 1.000, 0.000, 1.000, 0.152, -0.000, -0.000
104.080, 0.786, 0.776, 1.000, 0.000, 1.000, 0.153, -0.000, -0.000
104.100, 0.926, 0.502, 1.000, 0.000, 1.000, 0.154, 0.000, -0.000
104.120, 0.927, 0.073, 1.000, 0.000, 1.000, 0.155, 0.000, -0.000
104.140, 0.873, -0.484, 0.000, 0.000, 0.000, 0.149, -0.000, 0.000
104.160, 0.713, -0.854, 0.000, 0.000, 0.000, 0.146, -0.000, 0.000
104.180, 0.395, -0.933, 0.000, 0.000, 0.000, 0.144, -0.000, 0.000
104.200, -0.116, -0.912, 0.000, 0.527, 0.527, 0.146, -0.038, 0.038
104.220, -0.716, -0.793, 0.000, 1.000, 1.000, 0.150, -0.076, 0.107
104.240, -0.912, -0.553, 0.000, 0.000, 0.000, 0.146, -0.000, 0.000
104.260, -0.929, -0.153, 0.000, 0.000, 0.000, 0.144, 0.000, 0.000
104.280, -0.886, 0.401, 1.000, 0.680, 0.320, 0.144, -0.008, -0.020
104.300, -0.747, 0.822, 1.000, 0.000, 1.000, 0.149, -0.000, -0.000
104.320, -0.452, 0.930, 1.000, 0.000, 1.000, 0.152, -0.000, -0.000
104.340, -0.000, 0.923, 1.000, 0.000, 1.000, 0.153, -0.000, -0.000
104.360, 0.556, 0.860, 1.000, 0.000, 1.000, 0.155, -0.000, -0.000
104.380, 0.877, 0.678, 1.000, 0.000, 1.000, 0.156, -0.000, -0.000
104.400, 0.934, 0.339, 1.000, 0.000, 1.000, 0.157, 0.000, -0.000
104.420, 0.912, -0.159, 0.000, 0.000, 0.000, 0.151, -0.000, 0.000
104.440, 0.824, -0.687, 0.000, 0.000, 0.000, 0.148, -0.000, 0.000
104.460, 0.595, -0.909, 0.000, 0.000, 0.000, 0.146, -0.000, 0.000
104.480, 0.209, -0.932, 0.000, 0.052, 0.052, 0.145, -0.004, 0.004
104.500, -0.395, -0.879, 0.000, 1.000, 1.000, 0.150, -0.074, 0.079
104.520, -0.818, -0.745, 0.000, 0.000, 0.000, 0.147, -0.000, 0.000
104.540, -0.929, -0.451, 0.000, 0.027, 0.027, 0.145, 0.000, 0.001
104.560, -0.923, 0.001, 1.000, 0.000, 1.000, 0.150, 0.000, -0.000
104.580, -0.859, 0.557, 1.000, 0.171, 0.829, 0.152, -0.004, -0.008
104.600, -0.677, 0.877, 1.000, 0.000, 1.000, 0.154, -0.000, -0.000
104.620, -0.355, 0.930, 1.000, 0.365, 0.635, 0.154, -0.026, -0.028
104.640, 0.095, 0.905, 1.000, 0.578, 0.422, 0.152, -0.044, -0.044
104.660, 0.634, 0.834, 1.000, 0.000, 1.000, 0.155, -0.000, -0.000
104.680, 0.897, 0.628, 1.000, 0.000, 1.000, 0.157, -0.000, -0.000
104.700, 0.933, 0.263, 1.000, 0.000, 1.000, 0.158, 0.000, -0.000
104.720, 0.902, -0.261, 0.000, 0.000, 0.000, 0.153, -0.000, 0.000
104.740, 0.795, -0.753, 0.000, 0.000, 0.000, 0.150, -0.000, 0.000
