Time (s),o1,o2,fwd_force,filtered_force_1,filtered_force_2,filtered_force_3,filtered_force_4,error_force,gamma_1,gamma_2,gamma_3,gamma_4
0.000, 0.734, -0.774, 0.000, 0.000, 0.000, 0.000, 0.000, 0.000, 0.000, 0.000, 0.000, 0.000
0.020, 0.670, -0.859, 0.000, 0.000, 0.000, 0.000, 0.000, 0.000, 0.000, 0.000, 0.000, 0.000
0.040, 0.603, -0.883, 0.000, 0.000, 0.000, 0.000, 0.000, 0.000, 0.000, 0.000, 0.000, 0.000
0.060, 0.535, -0.886, 0.000, 0.072, 0.082, 0.072, 0.082, 0.072, 0.000, 0.000, 0.000, 0.000
0.080, 0.463, -0.883, 0.000, 0.256, 0.305, 0.256, 0.305, 0.256, 0.000, 0.000, 0.000, 0.000
0.100, 0.380, -0.878, 0.000, 1.000, 0.789, 1.000, 0.793, 1.000, 0.001, 0.001, 0.001, 0.001
0.120, 0.275, -0.869, 0.000, 1.000, 1.000, 1.000, 1.000, 1.000, 0.001, 0.001, 0.001, 0.001
0.140, 0.137, -0.859, 0.000, 1.000, 1.000, 1.000, 1.000, 1.000, 0.001, 0.001, 0.001, 0.001
0.160, -0.050, -0.845, 0.000, 1.000, 1.000, 1.000, 1.000, 1.000, 0.002, 0.001, 0.002, 0.001
0.180, -0.301, -0.823, 0.000, 1.000, 1.000, 1.000, 1.000, 1.000, 0.002, 0.002, 0.002, 0.002
0.200, -0.575, -0.787, 0.000, 1.000, 1.000, 1.000, 1.000, 1.000, 0.002, 0.002, 0.002, 0.002
0.220, -0.774, -0.733, 0.000, 1.000, 1.000, 1.000, 1.000, 1.000, 0.002, 0.002, 0.002, 0.002
0.240, -0.860, -0.666, 0.000, 1.000, 1.000, 1.000, 1.000, 1.000, 0.002, 0.002, 0.002, 0.002
0.260, -0.884, -0.595, 0.000, 1.000, 1.000, 1.000, 1.000, 1.000, 0.002, 0.002, 0.002, 0.002
0.280, -0.887, -0.522, 0.000, 1.000, 1.000, 1.000, 1.000, 1.000, 0.002, 0.002, 0.002, 0.002
0.300, -0.883, -0.443, 0.000, 1.000, 1.000, 1.000, 1.000, 1.000, 0.002, 0.002, 0.002, 0.002
0.320, -0.877, -0.353, 0.000, 1.000, 1.000, 1.000, 1.000, 1.000, 0.002, 0.002, 0.002, 0.002
0.340, -0.869, -0.239, 0.000, 1.000, 1.000, 1.000, 1.000, 1.000, 0.003, 0.003, 0.003, 0.003
0.360, -0.858, -0.088, 0.000, 1.000, 1.000, 1.000, 1.000, 1.000, 0.003, 0.003, 0.003, 0.003
0.380, -0.843, 0.117, 1.000, 1.000, 1.000, 1.000, 1.000, 0.000, 0.002, 0.002, 0.002, 0.002
0.400, -0.818, 0.379, 1.000, 1.000, 1.000, 1.000, 1.000, 0.000, 0.002, 0.002, 0.002, 0.002
0.420, -0.779, 0.639, 1.000, 1.000, 1.000, 1.000, 1.000, 0.000, 0.002, 0.002, 0.002, 0.002
0.440, -0.724, 0.802, 1.000, 1.000, 1.000, 1.000, 1.000, 0.000, 0.002, 0.002, 0.002, 0.002
0.460, -0.661, 0.866, 1.000, 1.000, 1.000, 1.000, 1.000, 0.000, 0.001, 0.001, 0.001, 0.001
0.480, -0.597, 0.883, 1.000, 1.000, 1.000, 1.000, 1.000, 0.000, 0.001, 0.001, 0.001, 0.001
0.500, -0.533, 0.884, 1.000, 1.000, 0.928, 1.000, 1.000, 0.000, 0.001, 0.001, 0.001, 0.001
0.520, -0.466, 0.881, 1.000, 1.000, 1.000, 1.000, 1.000, 0.000, 0.001, 0.001, 0.001, 0.001
0.540, -0.390, 0.876, 1.000, 1.000, 1.000, 1.000, 1.000, 0.000, 0.001, 0.001, 0.001, 0.001
0.560, -0.296, 0.869, 1.000, 1.000, 1.000, 1.000, 1.000, 0.000, 0.001, 0.001, 0.001, 0.001
0.580, -0.175, 0.860, 1.000, 1.000, 1.000, 1.000, 1.000, 0.000, 0.001, 0.001, 0.001, 0.001
0.600, -0.007, 0.848, 1.000, 1.000, 1.000, 1.000, 1.000, 0.000, 0.001, 0.001, 0.001, 0.001
0.620, 0.216, 0.828, 1.000, 1.000, 1.000, 1.000, 1.000, 0.000, 0.001, 0.001, 0.001, 0.001
0.640, 0.486, 0.799, 1.000, 1.000, 0.000, 1.000, 1.000, 0.000, 0.001, 0.002, 0.001, 0.001
0.660, 0.717, 0.753, 1.000, 1.000, 1.000, 0.960, 1.000, 0.000, 0.001, 0.002, 0.001, 0.001
0.680, 0.837, 0.690, 1.000, 1.000, 1.000, 1.000, 1.000, 0.000, 0.001, 0.002, 0.001, 0.001
0.700, 0.877, 0.621, 1.000, 1.000, 1.000, 1.000, 1.000, 0.000, 0.001, 0.002, 0.001, 0.001
0.720, 0.885, 0.551, 1.000, 1.000, 1.000, 1.000, 1.000, 0.000, 0.001, 0.001, 0.001, 0.001
0.740, 0.884, 0.478, 1.000, 1.000, 1.000, 1.000, 1.000, 0.000, 0.001, 0.001, 0.001, 0.001
0.760, 0.879, 0.397, 1.000, 1.000, 1.000, 1.000, 1.000, 0.000, 0.001, 0.001, 0.001, 0.001
0.780, 0.872, 0.300, 1.000, 1.000, 1.000, 1.000, 1.000, 0.000, 0.001, 0.001, 0.001, 0.001
0.800, 0.863, 0.173, 1.000, 1.000, 1.000, 1.000, 1.000, 0.000, 0.001, 0.001, 0.001, 0.001
0.820, 0.850, 0.000, 1.000, 1.000, 1.000, 1.000, 1.000, 0.000, 0.001, 0.002, 0.002, 0.002
0.840, 0.830, -0.233, 0.000, 1.000, 1.000, 1.000, 1.000, 1.000, 0.002, 0.002, 0.002, 0.002
0.860, 0.799, -0.507, 0.000, 1.000, 1.000, 1.000, 1.000, 1.000, 0.002, 0.003, 0.003, 0.003
0.880, 0.752, -0.732, 0.000, 0.397, 1.000, 1.000, 1.000, 0.397, 0.002, 0.003, 0.003, 0.003
0.900, 0.690, -0.844, 0.000, 0.000, 1.000, 1.000, 1.000, 0.000, 0.002, 0.003, 0.003, 0.003
0.920, 0.623, -0.880, 0.000, 0.000, 1.000, 1.000, 1.000, 0.000, 0.002, 0.003, 0.003, 0.003
0.940, 0.555, -0.887, 0.000, 0.000, 1.000, 1.000, 1.000, 0.000, 0.002, 0.003, 0.003, 0.003
0.960, 0.484, -0.885, 0.000, 0.000, 1.000, 1.000, 1.000, 0.000, 0.002, 0.003, 0.003, 0.003
0.980, 0.406, -0.880, 0.000, 0.009, 1.000, 1.000, 1.000, 0.009, 0.002, 0.003, 0.003, 0.003
1.000, 0.311, -0.873, 0.000, 0.000, 1.000, 1.000, 1.000, 0.000, 0.002, 0.004, 0.003, 0.003
1.020, 0.188, -0.864, 0.000, 0.000, 1.000, 1.000, 0.000, 0.000, 0.002, 0.004, 0.004, 0.003
1.040, 0.022, -0.852, 0.000, 0.000, 1.000, 1.000, 0.000, 0.000, 0.002, 0.004, 0.004, 0.003
1.060, -0.205, -0.833, 0.000, 0.000, 0.000, 1.000, 1.000, 0.000, 0.002, 0.003, 0.004, 0.003
1.080, -0.483, -0.801, 0.000, 1.000, 0.000, 0.000, 1.000, 1.000, 0.002, 0.003, 0.003, 0.003
1.100, -0.720, -0.753, 0.000, 1.000, 1.000, 0.000, 1.000, 1.000, 0.002, 0.003, 0.003, 0.004
1.120, -0.841, -0.688, 0.000, 1.000, 1.000, 0.000, 1.000, 1.000, 0.003, 0.004, 0.003, 0.004
1.140, -0.879, -0.619, 0.000, 1.000, 1.000, 1.000, 1.000, 1.000, 0.003, 0.004, 0.003, 0.004
1.160, -0.886, -0.551, 0.000, 0.000, 1.000, 1.000, 0.250, 0.000, 0.003, 0.004, 0.004, 0.004
1.180, -0.884, -0.480, 0.000, 0.000, 1.000, 1.000, 0.000, 0.000, 0.002, 0.004, 0.004, 0.003
1.200, -0.879, -0.400, 0.000, 1.000, 1.000, 1.000, 1.000, 1.000, 0.003, 0.004, 0.004, 0.004
1.220, -0.873, -0.298, 0.000, 1.000, 1.000, 1.000, 1.000, 1.000, 0.003, 0.004, 0.004, 0.004
1.240, -0.864, -0.170, 0.000, 1.000, 1.000, 1.000, 1.000, 1.000, 0.003, 0.004, 0.004, 0.004
1.260, -0.851, 0.005, 1.000, 1.000, 1.000, 1.000, 1.000, 0.000, 0.003, 0.004, 0.004, 0.004
1.280, -0.831, 0.241, 1.000, 1.000, 1.000, 1.000, 1.000, 0.000, 0.003, 0.003, 0.003, 0.003
1.300, -0.800, 0.514, 1.000, 1.000, 1.000, 1.000, 1.000, 0.000, 0.002, 0.003, 0.003, 0.003
1.320, -0.753, 0.735, 1.000, 1.000, 1.000, 1.000, 1.000, 0.000, 0.002, 0.003, 0.003, 0.003
1.340, -0.693, 0.843, 1.000, 1.000, 1.000, 1.000, 0.000, 0.000, 0.002, 0.003, 0.003, 0.004
1.360, -0.628, 0.878, 1.000, 1.000, 1.000, 1.000, 0.000, 0.000, 0.002, 0.003, 0.003, 0.004
1.380, -0.566, 0.884, 1.000, 1.000, 1.000, 1.000, 1.000, 0.000, 0.002, 0.003, 0.003, 0.004
1.400, -0.501, 0.883, 1.000, 1.000, 1.000, 1.000, 1.000, 0.000, 0.002, 0.003, 0.003, 0.003
1.420, -0.428, 0.879, 1.000, 1.000, 1.000, 1.000, 1.000, 0.000, 0.002, 0.003, 0.003, 0.003
1.440, -0.344, 0.873, 1.000, 1.000, 1.000, 1.000, 1.000, 0.000, 0.002, 0.003, 0.003, 0.003
1.460, -0.238, 0.865, 1.000, 1.000, 1.000, 1.000, 1.000, 0.000, 0.002, 0.003, 0.003, 0.003
1.480, -0.096, 0.855, 1.000, 1.000, 1.000, 1.000, 1.000, 0.000, 0.002, 0.003, 0.003, 0.003
1.500, 0.088, 0.836, 1.000, 1.000, 0.000, 1.000, 1.000, 0.000, 0.002, 0.004, 0.003, 0.003
1.520, 0.332, 0.812, 1.000, 1.000, 0.000, 0.000, 1.000, 0.000, 0.002, 0.004, 0.004, 0.003
1.540, 0.599, 0.779, 1.000, 0.000, 0.000, 0.000, 1.000, 1.000, 0.003, 0.004, 0.004, 0.003
1.560, 0.781, 0.723, 1.000, 1.000, 0.000, 0.054, 1.000, 0.000, 0.002, 0.005, 0.004, 0.003
1.580, 0.859, 0.654, 1.000, 1.000, 0.000, 1.000, 1.000, 0.000, 0.002, 0.005, 0.004, 0.003
1.600, 0.881, 0.581, 1.000, 1.000, 0.000, 1.000, 1.000, 0.000, 0.002, 0.005, 0.004, 0.003
1.620, 0.884, 0.508, 1.000, 1.000, 1.000, 1.000, 1.000, 0.000, 0.002, 0.004, 0.003, 0.003
1.640, 0.881, 0.429, 1.000, 1.000, 1.000, 1.000, 1.000, 0.000, 0.002, 0.004, 0.003, 0.003
1.660, 0.875, 0.339, 1.000, 1.000, 1.000, 1.000, 1.000, 0.000, 0.002, 0.004, 0.003, 0.003
1.680, 0.867, 0.225, 1.000, 0.867, 1.000, 1.000, 1.000, 0.133, 0.002, 0.004, 0.003, 0.003
1.700, 0.855, 0.071, 1.000, 1.000, 1.000, 1.000, 1.000, 0.000, 0.002, 0.004, 0.003, 0.004
1.720, 0.838, -0.140, 0.000, 1.000, 1.000, 1.000, 1.000, 1.000, 0.003, 0.005, 0.004, 0.004
1.740, 0.812, -0.405, 0.000, 1.000, 1.000, 1.000, 1.000, 1.000, 0.003, 0.005, 0.004, 0.004
1.760, 0.771, -0.660, 0.000, 1.000, 1.000, 1.000, 1.000, 1.000, 0.003, 0.005, 0.004, 0.004
1.780, 0.713, -0.814, 0.000, 0.000, 1.000, 1.000, 1.000, 0.000, 0.003, 0.005, 0.005, 0.005
1.800, 0.647, -0.872, 0.000, 0.000, 1.000, 1.000, 1.000, 0.000, 0.003, 0.005, 0.005, 0.005
1.820, 0.580, -0.886, 0.000, 0.000, 1.000, 1.000, 1.000, 0.000, 0.003, 0.005, 0.005, 0.005
1.840, 0.511, -0.886, 0.000, 0.000, 1.000, 1.000, 1.000, 0.000, 0.003, 0.005, 0.005, 0.005
1.860, 0.436, -0.882, 0.000, 0.000, 1.000, 1.000, 1.000, 0.000, 0.002, 0.006, 0.005, 0.005
1.880, 0.348, -0.876, 0.000, 0.000, 1.000, 1.000, 1.000, 0.000, 0.002, 0.006, 0.005, 0.005
1.900, 0.238, -0.868, 0.000, 0.000, 1.000, 1.000, 0.000, 0.000, 0.002, 0.006, 0.005, 0.005
1.920, 0.089, -0.857, 0.000, 0.000, 1.000, 1.000, 1.000, 0.000, 0.002, 0.006, 0.005, 0.005
1.940, -0.114, -0.841, 0.000, 0.000, 1.000, 1.000, 0.347, 0.000, 0.002, 0.006, 0.005, 0.005
1.960, -0.376, -0.816, 0.000, 0.000, 1.000, 1.000, 0.673, 0.000, 0.002, 0.006, 0.006, 0.005
1.980, -0.646, -0.772, 0.000, 1.000, 1.000, 0.000, 1.000, 1.000, 0.003, 0.006, 0.005, 0.005
2.000, -0.811, -0.711, 0.000, 1.000, 1.000, 0.000, 1.000, 1.000, 0.003, 0.006, 0.005, 0.005
2.020, -0.872, -0.638, 0.000, 1.000, 1.000, 0.000, 1.000, 1.000, 0.004, 0.006, 0.005, 0.005
2.040, -0.886, -0.567, 0.000, 1.000, 1.000, 1.000, 1.000, 1.000, 0.004, 0.006, 0.005, 0.006
2.060, -0.886, -0.487, 0.000, 1.000, 1.000, 1.000, 1.000, 1.000, 0.004, 0.006, 0.005, 0.006
2.080, -0.881, -0.399, 0.000, 1.000, 1.000, 1.000, 1.000, 1.000, 0.004, 0.007, 0.006, 0.006
2.100, -0.874, -0.292, 0.000, 1.000, 1.000, 1.000, 1.000, 1.000, 0.004, 0.006, 0.006, 0.006
2.120, -0.865, -0.155, 0.000, 1.000, 1.000, 1.000, 1.000, 1.000, 0.004, 0.006, 0.006, 0.005
2.140, -0.851, 0.028, 1.000, 1.000, 1.000, 1.000, 1.000, 0.000, 0.004, 0.006, 0.005, 0.005
2.160, -0.830, 0.270, 1.000, 1.000, 1.000, 1.000, 1.000, 0.000, 0.003, 0.005, 0.005, 0.005
2.180, -0.797, 0.543, 1.000, 1.000, 1.000, 1.000, 0.485, 0.000, 0.003, 0.005, 0.005, 0.005
2.200, -0.748, 0.752, 1.000, 1.000, 1.000, 1.000, 0.087, 0.000, 0.003, 0.005, 0.005, 0.005
2.220, -0.687, 0.849, 1.000, 1.000, 1.000, 1.000, 1.000, 0.000, 0.003, 0.005, 0.005, 0.005
2.240, -0.625, 0.878, 1.000, 1.000, 1.000, 1.000, 1.000, 0.000, 0.003, 0.005, 0.005, 0.005
2.260, -0.563, 0.884, 1.000, 1.000, 1.000, 1.000, 1.000, 0.000, 0.003, 0.005, 0.005, 0.005
2.280, -0.501, 0.881, 1.000, 1.000, 1.000, 1.000, 1.000, 0.000, 0.003, 0.005, 0.005, 0.005
2.300, -0.436, 0.876, 1.000, 1.000, 1.000, 1.000, 1.000, 0.000, 0.003, 0.005, 0.005, 0.005
2.320, -0.362, 0.870, 1.000, 1.000, 1.000, 1.000, 1.000, 0.000, 0.003, 0.005, 0.005, 0.005
2.340, -0.265, 0.864, 1.000, 1.000, 1.000, 1.000, 1.000, 0.000, 0.003, 0.005, 0.005, 0.005
2.360, -0.151, 0.851, 1.000, 1.000, 0.000, 1.000, 1.000, 0.000, 0.003, 0.006, 0.005, 0.005
2.380, 0.006, 0.838, 1.000, 1.000, 0.000, 1.000, 1.000, 0.000, 0.003, 0.006, 0.005, 0.005
2.400, 0.222, 0.819, 1.000, 1.000, 0.000, 0.334, 1.000, 0.000, 0.003, 0.006, 0.005, 0.005
2.420, 0.485, 0.792, 1.000, 1.000, 0.000, 0.000, 1.000, 0.000, 0.003, 0.007, 0.005, 0.005
2.440, 0.713, 0.746, 1.000, 1.000, 0.000, 0.000, 1.000, 0.000, 0.003, 0.007, 0.006, 0.005
2.460, 0.832, 0.680, 1.000, 1.000, 0.000, 0.000, 1.000, 0.000, 0.003, 0.007, 0.006, 0.005
2.480, 0.874, 0.608, 1.000, 1.000, 0.000, 0.000, 1.000, 0.000, 0.003, 0.007, 0.006, 0.005
2.500, 0.884, 0.540, 1.000, 1.000, 1.000, 0.000, 1.000, 0.000, 0.003, 0.006, 0.006, 0.005
2.520, 0.882, 0.462, 1.000, 1.000, 1.000, 1.000, 1.000, 0.000, 0.003, 0.006, 0.006, 0.005
2.540, 0.877, 0.376, 1.000, 1.000, 1.000, 1.000, 1.000, 0.000, 0.003, 0.006, 0.005, 0.005
2.560, 0.870, 0.270, 1.000, 1.000, 1.000, 1.000, 1.000, 0.000, 0.003, 0.006, 0.005, 0.005
2.580, 0.859, 0.130, 1.000, 1.000, 1.000, 1.000, 1.000, 0.000, 0.003, 0.007, 0.005, 0.006
2.600, 0.844, -0.060, 0.000, 1.000, 1.000, 1.000, 1.000, 1.000, 0.003, 0.007, 0.006, 0.006
2.620, 0.822, -0.310, 0.000, 1.000, 1.000, 1.000, 1.000, 1.000, 0.004, 0.007, 0.006, 0.006
2.640, 0.787, -0.581, 0.000, 0.841, 1.000, 1.000, 0.000, 0.841, 0.004, 0.007, 0.006, 0.006
2.660, 0.735, -0.775, 0.000, 0.000, 1.000, 1.000, 0.000, 0.000, 0.004, 0.007, 0.006, 0.005
2.680, 0.670, -0.859, 0.000, 0.000, 1.000, 1.000, 1.000, 0.000, 0.003, 0.007, 0.007, 0.006
2.700, 0.603, -0.883, 0.000, 0.000, 1.000, 1.000, 1.000, 0.000, 0.003, 0.008, 0.007, 0.006
2.720, 0.535, -0.887, 0.000, 0.000, 1.000, 1.000, 1.000, 0.000, 0.003, 0.008, 0.007, 0.006
2.740, 0.463, -0.883, 0.000, 0.000, 1.000, 1.000, 1.000, 0.000, 0.003, 0.008, 0.007, 0.006
2.760, 0.380, -0.878, 0.000, 0.000, 1.000, 1.000, 1.000, 0.000, 0.003, 0.008, 0.007, 0.006
2.780, 0.279, -0.871, 0.000, 0.000, 1.000, 1.000, 1.000, 0.000, 0.003, 0.008, 0.007, 0.007
2.800, 0.146, -0.861, 0.000, 0.000, 1.000, 1.000, 0.000, 0.000, 0.003, 0.008, 0.007, 0.006
2.820, -0.043, -0.845, 0.000, 1.000, 1.000, 1.000, 0.000, 1.000, 0.004, 0.008, 0.007, 0.006
2.840, -0.302, -0.820, 0.000, 1.000, 1.000, 1.000, 0.000, 1.000, 0.004, 0.008, 0.007, 0.006
2.860, -0.573, -0.787, 0.000, 0.000, 1.000, 1.000, 0.295, 0.000, 0.004, 0.008, 0.007, 0.006
2.880, -0.771, -0.736, 0.000, 0.000, 1.000, 1.000, 1.000, 0.000, 0.004, 0.008, 0.007, 0.006
2.900, -0.860, -0.666, 0.000, 1.000, 1.000, 1.000, 1.000, 1.000, 0.004, 0.008, 0.008, 0.006
2.920, -0.884, -0.593, 0.000, 1.000, 1.000, 1.000, 1.000, 1.000, 0.004, 0.008, 0.008, 0.007
2.940, -0.887, -0.516, 0.000, 1.000, 1.000, 1.000, 1.000, 1.000, 0.005, 0.008, 0.008, 0.007
2.960, -0.883, -0.429, 0.000, 1.000, 1.000, 1.000, 1.000, 1.000, 0.005, 0.008, 0.008, 0.007
2.980, -0.877, -0.329, 0.000, 1.000, 1.000, 1.000, 1.000, 1.000, 0.005, 0.007, 0.008, 0.006
3.000, -0.868, -0.205, 0.000, 1.000, 1.000, 1.000, 1.000, 1.000, 0.005, 0.007, 0.007, 0.006
3.020, -0.855, -0.041, 0.000, 1.000, 1.000, 1.000, 1.000, 1.000, 0.005, 0.007, 0.007, 0.006
3.040, -0.838, 0.181, 1.000, 1.000, 1.000, 1.000, 0.650, 0.000, 0.005, 0.007, 0.007, 0.006
3.060, -0.809, 0.451, 1.000, 1.000, 1.000, 1.000, 0.000, 0.000, 0.004, 0.007, 0.007, 0.007
3.080, -0.766, 0.693, 1.000, 1.000, 1.000, 1.000, 0.000, 0.000, 0.004, 0.007, 0.007, 0.007
3.100, -0.708, 0.827, 1.000, 1.000, 1.000, 1.000, 0.000, 0.000, 0.004, 0.007, 0.007, 0.007
3.120, -0.644, 0.873, 1.000, 1.000, 1.000, 1.000, 0.773, 0.000, 0.004, 0.007, 0.007, 0.007
3.140, -0.583, 0.883, 1.000, 1.000, 1.000, 1.000, 1.000, 0.000, 0.004, 0.007, 0.007, 0.006
3.160, -0.525, 0.881, 1.000, 1.000, 1.000, 1.000, 1.000, 0.000, 0.004, 0.007, 0.007, 0.006
3.180, -0.466, 0.877, 1.000, 1.000, 1.000, 1.000, 1.000, 0.000, 0.004, 0.007, 0.007, 0.006
3.200, -0.398, 0.872, 1.000, 1.000, 1.000, 1.000, 1.000, 0.000, 0.004, 0.007, 0.006, 0.006
3.220, -0.328, 0.863, 1.000, 1.000, 0.000, 1.000, 1.000, 0.000, 0.004, 0.008, 0.006, 0.006
3.240, -0.233, 0.856, 1.000, 1.000, 0.000, 1.000, 0.000, 0.000, 0.004, 0.008, 0.006, 0.007
3.260, -0.099, 0.848, 1.000, 1.000, 0.000, 1.000, 0.000, 0.000, 0.004, 0.008, 0.006, 0.007
3.280, 0.076, 0.832, 1.000, 1.000, 0.000, 1.000, 1.000, 0.000, 0.004, 0.008, 0.006, 0.007
3.300, 0.305, 0.808, 1.000, 1.000, 0.000, 0.000, 1.000, 0.000, 0.004, 0.008, 0.007, 0.006
3.320, 0.570, 0.778, 1.000, 1.000, 0.054, 0.000, 1.000, 0.000, 0.004, 0.009, 0.007, 0.006
3.340, 0.767, 0.728, 1.000, 1.000, 1.000, 0.000, 1.000, 0.000, 0.004, 0.008, 0.008, 0.006
3.360, 0.856, 0.666, 1.000, 1.000, 1.000, 0.000, 1.000, 0.000, 0.004, 0.008, 0.008, 0.006
3.380, 0.882, 0.598, 1.000, 1.000, 1.000, 0.000, 1.000, 0.000, 0.004, 0.008, 0.008, 0.006
3.400, 0.885, 0.527, 1.000, 1.000, 1.000, 0.104, 1.000, 0.000, 0.004, 0.007, 0.008, 0.006
3.420, 0.882, 0.450, 1.000, 1.000, 1.000, 0.068, 1.000, 0.000, 0.004, 0.008, 0.008, 0.007
3.440, 0.876, 0.358, 1.000, 1.000, 1.000, 1.000, 1.000, 0.000, 0.004, 0.008, 0.008, 0.007
3.460, 0.867, 0.242, 1.000, 1.000, 1.000, 1.000, 1.000, 0.000, 0.004, 0.009, 0.007, 0.007
3.480, 0.855, 0.089, 1.000, 1.000, 1.000, 1.000, 1.000, 0.000, 0.004, 0.009, 0.008, 0.007
3.500, 0.840, -0.115, 0.000, 1.000, 1.000, 0.000, 1.000, 1.000, 0.004, 0.009, 0.007, 0.008
3.520, 0.816, -0.377, 0.000, 0.000, 1.000, 0.000, 1.000, 0.000, 0.004, 0.009, 0.007, 0.008
3.540, 0.773, -0.633, 0.000, 1.000, 1.000, 1.000, 0.000, 1.000, 0.004, 0.009, 0.008, 0.007
3.560, 0.713, -0.796, 0.000, 1.000, 0.000, 1.000, 0.000, 1.000, 0.005, 0.009, 0.008, 0.007
3.580, 0.646, -0.863, 0.000, 1.000, 0.006, 1.000, 0.000, 1.000, 0.005, 0.008, 0.008, 0.007
3.600, 0.578, -0.882, 0.000, 1.000, 1.000, 1.000, 0.000, 1.000, 0.005, 0.009, 0.008, 0.007
3.620, 0.510, -0.885, 0.000, 0.000, 1.000, 1.000, 1.000, 0.000, 0.005, 0.009, 0.009, 0.007
3.640, 0.435, -0.881, 0.000, 0.046, 0.936, 0.000, 1.000, 0.046, 0.004, 0.009, 0.008, 0.007
3.660, 0.347, -0.875, 0.000, 0.000, 1.000, 0.000, 1.000, 0.000, 0.004, 0.009, 0.008, 0.008
3.680, 0.236, -0.867, 0.000, 0.000, 1.000, 1.000, 0.000, 0.000, 0.004, 0.009, 0.008, 0.007
3.700, 0.077, -0.854, 0.000, 1.000, 1.000, 1.000, 0.000, 1.000, 0.005, 0.009, 0.008, 0.007
3.720, -0.159, -0.830, 0.000, 1.000, 0.000, 1.000, 0.094, 1.000, 0.005, 0.009, 0.009, 0.007
3.740, -0.431, -0.805, 0.000, 1.000, 1.000, 1.000, 0.000, 1.000, 0.005, 0.009, 0.009, 0.007
3.760, -0.680, -0.764, 0.000, 0.000, 1.000, 1.000, 1.000, 0.000, 0.005, 0.009, 0.009, 0.007
3.780, -0.823, -0.706, 0.000, 0.000, 1.000, 0.000, 1.000, 0.000, 0.005, 0.010, 0.008, 0.008
3.800, -0.875, -0.637, 0.000, 1.000, 1.000, 1.000, 1.000, 1.000, 0.005, 0.009, 0.009, 0.008
3.820, -0.887, -0.561, 0.000, 1.000, 1.000, 1.000, 1.000, 1.000, 0.005, 0.009, 0.009, 0.008
3.840, -0.886, -0.484, 0.000, 1.000, 1.000, 1.000, 1.000, 1.000, 0.006, 0.009, 0.009, 0.008
3.860, -0.880, -0.399, 0.000, 1.000, 1.000, 1.000, 1.000, 1.000, 0.006, 0.009, 0.009, 0.007
3.880, -0.873, -0.297, 0.000, 1.000, 1.000, 1.000, 1.000, 1.000, 0.006, 0.008, 0.009, 0.007
3.900, -0.864, -0.165, 0.000, 1.000, 1.000, 1.000, 1.000, 1.000, 0.006, 0.008, 0.008, 0.007
3.920, -0.851, 0.013, 1.000, 1.000, 1.000, 1.000, 0.182, 0.000, 0.005, 0.008, 0.008, 0.007
3.940, -0.831, 0.251, 1.000, 1.000, 1.000, 1.000, 0.185, 0.000, 0.005, 0.008, 0.008, 0.008
3.960, -0.799, 0.523, 1.000, 1.000, 1.000, 1.000, 0.840, 0.000, 0.005, 0.008, 0.008, 0.007
3.980, -0.756, 0.735, 1.000, 1.000, 1.000, 1.000, 1.000, 0.000, 0.005, 0.008, 0.008, 0.007
4.000, -0.697, 0.842, 1.000, 1.000, 1.000, 1.000, 1.000, 0.000, 0.005, 0.008, 0.008, 0.007
4.020, -0.634, 0.877, 1.000, 1.000, 1.000, 1.000, 1.000, 0.000, 0.005, 0.008, 0.008, 0.007
4.040, -0.575, 0.883, 1.000, 1.000, 1.000, 1.000, 1.000, 0.000, 0.005, 0.008, 0.008, 0.007
4.060, -0.522, 0.879, 1.000, 1.000, 0.282, 1.000, 1.000, 0.000, 0.005, 0.009, 0.008, 0.007
4.080, -0.458, 0.877, 1.000, 1.000, 1.000, 1.000, 1.000, 0.000, 0.005, 0.008, 0.008, 0.007
4.100, -0.384, 0.873, 1.000, 1.000, 1.000, 1.000, 0.000, 0.000, 0.005, 0.008, 0.008, 0.007
4.120, -0.306, 0.863, 1.000, 1.000, 0.000, 1.000, 0.000, 0.000, 0.005, 0.009, 0.008, 0.008
4.140, -0.214, 0.852, 1.000, 1.000, 0.000, 1.000, 0.000, 0.000, 0.005, 0.009, 0.008, 0.008
4.160, -0.066, 0.847, 1.000, 1.000, 1.000, 1.000, 0.000, 0.000, 0.005, 0.009, 0.008, 0.008
4.180, 0.143, 0.835, 1.000, 0.000, 1.000, 1.000, 0.000, 1.000, 0.005, 0.009, 0.008, 0.008
4.200, 0.409, 0.811, 1.000, 0.000, 1.000, 1.000, 0.000, 1.000, 0.006, 0.008, 0.008, 0.008
4.220, 0.664, 0.770, 1.000, 0.000, 1.000, 0.000, 1.000, 1.000, 0.006, 0.008, 0.008, 0.008
4.240, 0.816, 0.712, 1.000, 0.000, 1.000, 0.000, 1.000, 1.000, 0.006, 0.008, 0.009, 0.008
4.260, 0.872, 0.646, 1.000, 0.000, 1.000, 0.000, 1.000, 1.000, 0.006, 0.008, 0.009, 0.007
4.280, 0.886, 0.579, 1.000, 0.000, 1.000, 0.000, 1.000, 1.000, 0.006, 0.009, 0.009, 0.008
4.300, 0.886, 0.510, 1.000, 0.104, 1.000, 1.000, 1.000, 0.896, 0.006, 0.009, 0.009, 0.008
4.320, 0.882, 0.434, 1.000, 0.010, 1.000, 1.000, 1.000, 0.990, 0.006, 0.009, 0.008, 0.008
4.340, 0.875, 0.339, 1.000, 1.000, 1.000, 1.000, 1.000, 0.000, 0.006, 0.010, 0.008, 0.009
4.360, 0.866, 0.224, 1.000, 1.000, 1.000, 1.000, 1.000, 0.000, 0.006, 0.010, 0.008, 0.009
4.380, 0.854, 0.067, 1.000, 1.000, 1.000, 1.000, 0.000, 0.000, 0.006, 0.010, 0.008, 0.008
4.400, 0.836, -0.146, 0.000, 1.000, 1.000, 1.000, 0.000, 1.000, 0.006, 0.010, 0.008, 0.008
4.420, 0.810, -0.412, 0.000, 1.000, 1.000, 1.000, 0.000, 1.000, 0.006, 0.010, 0.009, 0.008
4.440, 0.769, -0.666, 0.000, 0.000, 1.000, 1.000, 0.000, 0.000, 0.006, 0.010, 0.009, 0.008
4.460, 0.712, -0.817, 0.000, 0.000, 1.000, 1.000, 0.000, 0.000, 0.006, 0.010, 0.009, 0.008
4.480, 0.646, -0.872, 0.000, 0.000, 1.000, 1.000, 0.000, 0.000, 0.006, 0.010, 0.009, 0.008
4.500, 0.578, -0.886, 0.000, 0.000, 1.000, 1.000, 1.000, 0.000, 0.005, 0.010, 0.009, 0.008
4.520, 0.509, -0.886, 0.000, 0.000, 1.000, 1.000, 1.000, 0.000, 0.005, 0.010, 0.010, 0.008
4.540, 0.427, -0.879, 0.000, 1.000, 1.000, 1.000, 1.000, 1.000, 0.006, 0.011, 0.010, 0.009
4.560, 0.321, -0.869, 0.000, 1.000, 0.000, 1.000, 1.000, 1.000, 0.006, 0.010, 0.010, 0.009
4.580, 0.184, -0.858, 0.000, 1.000, 1.000, 0.000, 1.000, 1.000, 0.007, 0.010, 0.009, 0.009
4.600, 0.007, -0.846, 0.000, 1.000, 1.000, 1.000, 1.000, 1.000, 0.007, 0.010, 0.010, 0.009
4.620, -0.256, -0.819, 0.000, 1.000, 1.000, 0.709, 1.000, 1.000, 0.007, 0.011, 0.010, 0.009
4.640, -0.544, -0.783, 0.000, 1.000, 1.000, 0.000, 1.000, 1.000, 0.007, 0.010, 0.009, 0.009
4.660, -0.761, -0.728, 0.000, 1.000, 1.000, 0.000, 1.000, 1.000, 0.007, 0.010, 0.009, 0.009
4.680, -0.858, -0.656, 0.000, 1.000, 1.000, 0.000, 1.000, 1.000, 0.007, 0.010, 0.009, 0.010
4.700, -0.884, -0.574, 0.000, 1.000, 1.000, 1.000, 1.000, 1.000, 0.007, 0.010, 0.009, 0.009
4.720, -0.885, -0.506, 0.000, 0.000, 1.000, 1.000, 1.000, 0.000, 0.007, 0.009, 0.010, 0.009
4.740, -0.882, -0.422, 0.000, 1.000, 1.000, 1.000, 1.000, 1.000, 0.007, 0.009, 0.010, 0.008
4.760, -0.876, -0.321, 0.000, 1.000, 1.000, 1.000, 1.000, 1.000, 0.007, 0.009, 0.010, 0.008
4.780, -0.867, -0.197, 0.000, 1.000, 1.000, 1.000, 0.325, 1.000, 0.007, 0.009, 0.010, 0.009
4.800, -0.855, -0.030, 0.000, 1.000, 1.000, 1.000, 0.970, 1.000, 0.008, 0.009, 0.010, 0.008
4.820, -0.837, 0.196, 1.000, 1.000, 1.000, 1.000, 1.000, 0.000, 0.007, 0.009, 0.009, 0.008
4.840, -0.808, 0.466, 1.000, 1.000, 1.000, 1.000, 1.000, 0.000, 0.007, 0.009, 0.009, 0.008
4.860, -0.765, 0.702, 1.000, 1.000, 1.000, 1.000, 1.000, 0.000, 0.007, 0.009, 0.009, 0.008
4.880, -0.712, 0.825, 1.000, 1.000, 1.000, 1.000, 1.000, 0.000, 0.006, 0.009, 0.009, 0.008
4.900, -0.659, 0.866, 1.000, 1.000, 1.000, 1.000, 1.000, 0.000, 0.006, 0.009, 0.009, 0.008
4.920, -0.610, 0.876, 1.000, 1.000, 0.228, 1.000, 1.000, 0.000, 0.006, 0.010, 0.009, 0.008
4.940, -0.564, 0.876, 1.000, 1.000, 0.000, 1.000, 1.000, 0.000, 0.006, 0.010, 0.009, 0.008
4.960, -0.501, 0.880, 1.000, 1.000, 1.000, 1.000, 0.000, 0.000, 0.006, 0.010, 0.009, 0.009
4.980, -0.434, 0.877, 1.000, 1.000, 1.000, 1.000, 0.000, 0.000, 0.006, 0.009, 0.009, 0.009
5.000, -0.376, 0.865, 1.000, 1.000, 0.000, 1.000, 0.000, 0.000, 0.006, 0.010, 0.009, 0.009
5.020, -0.308, 0.857, 1.000, 1.000, 0.000, 1.000, 0.000, 0.000, 0.006, 0.010, 0.009, 0.009
5.040, -0.197, 0.856, 1.000, 1.000, 1.000, 1.000, 0.000, 0.000, 0.006, 0.010, 0.009, 0.010
5.060, -0.036, 0.849, 1.000, 0.000, 1.000, 1.000, 0.000, 1.000, 0.007, 0.010, 0.009, 0.010
5.080, 0.186, 0.833, 1.000, 0.000, 1.000, 1.000, 0.000, 1.000, 0.007, 0.009, 0.009, 0.010
5.100, 0.457, 0.806, 1.000, 0.000, 1.000, 1.000, 1.000, 1.000, 0.007, 0.009, 0.009, 0.009
5.120, 0.699, 0.762, 1.000, 0.000, 1.000, 1.000, 1.000, 1.000, 0.008, 0.009, 0.009, 0.009
5.140, 0.831, 0.702, 1.000, 0.000, 1.000, 0.000, 1.000, 1.000, 0.008, 0.010, 0.009, 0.009
5.160, 0.876, 0.635, 1.000, 0.000, 1.000, 0.051, 1.000, 1.000, 0.008, 0.010, 0.009, 0.009
5.180, 0.886, 0.567, 1.000, 0.000, 1.000, 1.000, 1.000, 1.000, 0.008, 0.010, 0.009, 0.010
5.200, 0.885, 0.498, 1.000, 0.000, 1.000, 1.000, 1.000, 1.000, 0.008, 0.011, 0.009, 0.010
5.220, 0.880, 0.415, 1.000, 1.000, 1.000, 1.000, 1.000, 0.000, 0.008, 0.011, 0.009, 0.010
5.240, 0.874, 0.322, 1.000, 0.000, 1.000, 1.000, 1.000, 1.000, 0.008, 0.011, 0.009, 0.010
5.260, 0.865, 0.204, 1.000, 0.000, 1.000, 0.000, 1.000, 1.000, 0.008, 0.011, 0.009, 0.010
5.280, 0.853, 0.043, 1.000, 0.000, 1.000, 1.000, 1.000, 1.000, 0.008, 0.011, 0.009, 0.010
5.300, 0.831, -0.179, 0.000, 1.000, 1.000, 1.000, 0.000, 1.000, 0.008, 0.011, 0.009, 0.010
5.320, 0.795, -0.438, 0.000, 1.000, 0.000, 1.000, 0.000, 1.000, 0.008, 0.011, 0.009, 0.009
5.340, 0.744, -0.667, 0.000, 1.000, 0.000, 1.000, 0.000, 1.000, 0.009, 0.010, 0.010, 0.009
5.360, 0.673, -0.799, 0.000, 1.000, 0.000, 1.000, 0.000, 1.000, 0.009, 0.010, 0.010, 0.009
5.380, 0.603, -0.857, 0.000, 1.000, 0.000, 1.000, 0.000, 1.000, 0.009, 0.010, 0.010, 0.009
5.400, 0.535, -0.876, 0.000, 1.000, 0.000, 1.000, 0.000, 1.000, 0.009, 0.010, 0.010, 0.009
5.420, 0.460, -0.878, 0.000, 1.000, 0.054, 1.000, 0.000, 1.000, 0.009, 0.010, 0.010, 0.009
5.440, 0.349, -0.867, 0.000, 1.000, 0.000, 1.000, 1.000, 1.000, 0.009, 0.010, 0.010, 0.009
5.460, 0.220, -0.859, 0.000, 1.000, 1.000, 0.000, 1.000, 1.000, 0.009, 0.010, 0.010, 0.010
5.480, 0.059, -0.850, 0.000, 1.000, 1.000, 0.000, 1.000, 1.000, 0.009, 0.011, 0.009, 0.010
5.500, -0.228, -0.812, 0.000, 1.000, 0.000, 0.000, 1.000, 1.000, 0.009, 0.010, 0.009, 0.010
5.520, -0.522, -0.779, 0.000, 1.000, 1.000, 0.000, 1.000, 1.000, 0.009, 0.010, 0.009, 0.010
5.540, -0.747, -0.730, 0.000, 1.000, 1.000, 0.000, 1.000, 1.000, 0.009, 0.010, 0.009, 0.010
5.560, -0.855, -0.651, 0.000, 1.000, 0.886, 0.000, 1.000, 1.000, 0.009, 0.010, 0.009, 0.010
5.580, -0.885, -0.558, 0.000, 1.000, 0.566, 0.000, 1.000, 1.000, 0.009, 0.010, 0.009, 0.009
5.600, -0.886, -0.468, 0.000, 1.000, 1.000, 1.000, 1.000, 1.000, 0.010, 0.010, 0.010, 0.009
5.620, -0.881, -0.361, 0.000, 1.000, 1.000, 1.000, 1.000, 1.000, 0.010, 0.010, 0.010, 0.009
5.640, -0.873, -0.232, 0.000, 1.000, 1.000, 1.000, 1.000, 1.000, 0.010, 0.010, 0.010, 0.009
5.660, -0.862, -0.065, 0.000, 1.000, 1.000, 1.000, 1.000, 1.000, 0.010, 0.010, 0.010, 0.009
5.680, -0.846, 0.153, 1.000, 1.000, 1.000, 1.000, 1.000, 0.000, 0.009, 0.010, 0.010, 0.009
5.700, -0.821, 0.415, 1.000, 1.000, 1.000, 1.000, 1.000, 0.000, 0.009, 0.010, 0.011, 0.009
5.720, -0.784, 0.657, 1.000, 1.000, 1.000, 1.000, 1.000, 0.000, 0.009, 0.010, 0.011, 0.009
5.740, -0.736, 0.800, 1.000, 1.000, 1.000, 1.000, 1.000, 0.000, 0.009, 0.010, 0.010, 0.009
5.760, -0.686, 0.855, 1.000, 1.000, 1.000, 1.000, 1.000, 0.000, 0.009, 0.010, 0.010, 0.009
5.780, -0.641, 0.870, 1.000, 1.000, 0.288, 1.000, 1.000, 0.000, 0.008, 0.010, 0.010, 0.009
5.800, -0.602, 0.872, 1.000, 1.000, 0.000, 1.000, 1.000, 0.000, 0.008, 0.010, 0.010, 0.009
5.820, -0.582, 0.863, 1.000, 1.000, 0.000, 1.000, 1.000, 0.000, 0.008, 0.011, 0.009, 0.009
5.840, -0.565, 0.859, 1.000, 1.000, 0.000, 1.000, 1.000, 0.000, 0.008, 0.011, 0.009, 0.009
5.860, -0.543, 0.860, 1.000, 1.000, 0.000, 1.000, 1.000, 0.000, 0.008, 0.011, 0.009, 0.009
5.880, -0.520, 0.859, 1.000, 1.000, 0.000, 0.000, 1.000, 0.000, 0.008, 0.011, 0.010, 0.009
5.900, -0.488, 0.861, 1.000, 1.000, 0.000, 1.000, 1.000, 0.000, 0.008, 0.011, 0.010, 0.009
5.920, -0.454, 0.859, 1.000, 1.000, 0.000, 1.000, 1.000, 0.000, 0.008, 0.011, 0.009, 0.009
5.940, -0.395, 0.863, 1.000, 1.000, 0.000, 1.000, 0.000, 0.000, 0.008, 0.011, 0.009, 0.009
5.960, -0.317, 0.862, 1.000, 1.000, 0.000, 1.000, 0.000, 0.000, 0.008, 0.011, 0.009, 0.010
5.980, -0.241, 0.849, 1.000, 1.000, 0.000, 1.000, 0.000, 0.000, 0.008, 0.011, 0.009, 0.010
6.000, -0.174, 0.828, 1.000, 1.000, 0.000, 1.000, 1.000, 0.000, 0.008, 0.011, 0.009, 0.010
6.020, -0.077, 0.817, 1.000, 1.000, 0.000, 0.000, 1.000, 0.000, 0.008, 0.010, 0.010, 0.009
6.040, 0.066, 0.806, 1.000, 1.000, 0.000, 0.000, 1.000, 0.000, 0.008, 0.010, 0.010, 0.009
6.060, 0.307, 0.804, 1.000, 0.000, 1.000, 0.000, 1.000, 1.000, 0.009, 0.011, 0.010, 0.009
6.080, 0.575, 0.778, 1.000, 0.000, 1.000, 0.000, 1.000, 1.000, 0.009, 0.011, 0.011, 0.010
6.100, 0.771, 0.729, 1.000, 0.000, 1.000, 0.000, 1.000, 1.000, 0.009, 0.011, 0.011, 0.010
6.120, 0.858, 0.667, 1.000, 0.000, 1.000, 0.373, 1.000, 1.000, 0.010, 0.011, 0.011, 0.010
6.140, 0.883, 0.600, 1.000, 0.000, 1.000, 0.019, 1.000, 1.000, 0.010, 0.012, 0.011, 0.010
6.160, 0.886, 0.532, 1.000, 0.000, 1.000, 0.000, 1.000, 1.000, 0.010, 0.012, 0.011, 0.010
6.180, 0.883, 0.460, 1.000, 0.004, 1.000, 0.000, 1.000, 0.996, 0.010, 0.012, 0.011, 0.010
6.200, 0.878, 0.377, 1.000, 0.000, 1.000, 0.000, 1.000, 1.000, 0.010, 0.012, 0.010, 0.011
6.220, 0.870, 0.275, 1.000, 0.001, 1.000, 0.000, 1.000, 0.999, 0.010, 0.012, 0.010, 0.011
6.240, 0.860, 0.140, 1.000, 0.167, 1.000, 0.000, 1.000, 0.833, 0.010, 0.012, 0.010, 0.011
6.260, 0.846, -0.045, 0.000, 0.297, 1.000, 0.000, 1.000, 0.297, 0.010, 0.012, 0.010, 0.011
6.280, 0.825, -0.292, 0.000, 0.085, 1.000, 0.023, 1.000, 0.085, 0.009, 0.012, 0.010, 0.011
6.300, 0.791, -0.564, 0.000, 0.000, 1.000, 0.078, 0.283, 0.000, 0.009, 0.012, 0.010, 0.011
6.320, 0.738, -0.765, 0.000, 1.000, 1.000, 1.000, 0.000, 1.000, 0.010, 0.012, 0.010, 0.010
6.340, 0.644, -0.834, 0.000, 1.000, 0.000, 1.000, 0.000, 1.000, 0.010, 0.012, 0.011, 0.010
6.360, 0.575, -0.869, 0.000, 1.000, 0.044, 1.000, 0.000, 1.000, 0.010, 0.012, 0.011, 0.010
6.380, 0.501, -0.877, 0.000, 1.000, 0.027, 1.000, 0.000, 1.000, 0.010, 0.012, 0.011, 0.010
6.400, 0.426, -0.878, 0.000, 0.000, 1.000, 1.000, 0.000, 0.000, 0.010, 0.012, 0.011, 0.010
6.420, 0.337, -0.874, 0.000, 0.000, 1.000, 1.000, 0.000, 0.000, 0.009, 0.012, 0.011, 0.010
6.440, 0.223, -0.866, 0.000, 0.000, 1.000, 1.000, 0.000, 0.000, 0.009, 0.011, 0.011, 0.010
6.460, 0.070, -0.855, 0.000, 0.000, 1.000, 1.000, 0.000, 0.000, 0.009, 0.011, 0.011, 0.009
6.480, -0.140, -0.839, 0.000, 0.000, 1.000, 1.000, 0.000, 0.000, 0.009, 0.011, 0.012, 0.010
6.500, -0.406, -0.813, 0.000, 0.000, 1.000, 1.000, 0.000, 0.000, 0.009, 0.011, 0.012, 0.010
6.520, -0.662, -0.771, 0.000, 0.000, 1.000, 1.000, 1.000, 0.000, 0.009, 0.011, 0.012, 0.010
6.540, -0.823, -0.699, 0.000, 1.000, 1.000, 0.000, 1.000, 1.000, 0.010, 0.011, 0.011, 0.010
6.560, -0.876, -0.624, 0.000, 1.000, 1.000, 1.000, 1.000, 1.000, 0.010, 0.011, 0.011, 0.010
6.580, -0.886, -0.552, 0.000, 1.000, 1.000, 1.000, 0.000, 1.000, 0.010, 0.011, 0.011, 0.010
6.600, -0.885, -0.471, 0.000, 1.000, 1.000, 1.000, 1.000, 1.000, 0.010, 0.011, 0.011, 0.010
6.620, -0.880, -0.381, 0.000, 1.000, 1.000, 1.000, 1.000, 1.000, 0.010, 0.011, 0.011, 0.010
6.640, -0.872, -0.271, 0.000, 1.000, 1.000, 1.000, 1.000, 1.000, 0.011, 0.011, 0.010, 0.010
6.660, -0.862, -0.128, 0.000, 1.000, 1.000, 1.000, 1.000, 1.000, 0.011, 0.011, 0.010, 0.010
6.680, -0.848, 0.066, 1.000, 1.000, 1.000, 1.000, 1.000, 0.000, 0.010, 0.011, 0.010, 0.010
6.700, -0.827, 0.316, 1.000, 1.000, 1.000, 1.000, 1.000, 0.000, 0.010, 0.011, 0.010, 0.009
6.720, -0.796, 0.577, 1.000, 1.000, 1.000, 1.000, 1.000, 0.000, 0.010, 0.011, 0.010, 0.009
6.740, -0.754, 0.758, 1.000, 1.000, 0.000, 1.000, 1.000, 0.000, 0.010, 0.011, 0.010, 0.009
6.760, -0.701, 0.844, 1.000, 1.000, 0.000, 1.000, 1.000, 0.000, 0.009, 0.012, 0.010, 0.009
6.780, -0.659, 0.864, 1.000, 1.000, 0.000, 1.000, 1.000, 0.000, 0.009, 0.012, 0.010, 0.009
6.800, -0.628, 0.866, 1.000, 1.000, 0.000, 1.000, 1.000, 0.000, 0.009, 0.012, 0.010, 0.009
6.820, -0.595, 0.868, 1.000, 1.000, 0.000, 1.000, 1.000, 0.000, 0.009, 0.012, 0.010, 0.009
6.840, -0.563, 0.868, 1.000, 1.000, 0.000, 1.000, 1.000, 0.000, 0.009, 0.012, 0.010, 0.009
6.860, -0.530, 0.866, 1.000, 1.000, 0.000, 1.000, 1.000, 0.000, 0.009, 0.012, 0.010, 0.009
6.880, -0.498, 0.863, 1.000, 1.000, 0.000, 0.561, 1.000, 0.000, 0.009, 0.013, 0.010, 0.009
6.900, -0.430, 0.872, 1.000, 1.000, 1.000, 1.000, 1.000, 0.000, 0.009, 0.012, 0.010, 0.009
6.920, -0.357, 0.868, 1.000, 1.000, 1.000, 0.000, 1.000, 0.000, 0.009, 0.012, 0.011, 0.010
6.940, -0.296, 0.852, 1.000, 1.000, 1.000, 0.000, 1.000, 0.000, 0.009, 0.012, 0.011, 0.010
6.960, -0.226, 0.840, 1.000, 1.000, 0.030, 0.000, 1.000, 0.000, 0.009, 0.012, 0.011, 0.010
6.980, -0.162, 0.821, 1.000, 1.000, 0.410, 0.000, 1.000, 0.000, 0.009, 0.012, 0.011, 0.011
7.000, -0.067, 0.811, 1.000, 1.000, 0.000, 0.000, 1.000, 0.000, 0.009, 0.012, 0.012, 0.011
7.020, 0.060, 0.796, 1.000, 1.000, 0.000, 0.000, 1.000, 0.000, 0.009, 0.012, 0.012, 0.011
7.040, 0.252, 0.783, 1.000, 1.000, 0.000, 0.000, 1.000, 0.000, 0.009, 0.011, 0.012, 0.011
7.060, 0.516, 0.772, 1.000, 0.000, 1.000, 0.000, 1.000, 1.000, 0.010, 0.012, 0.012, 0.011
7.080, 0.735, 0.734, 1.000, 0.000, 1.000, 0.000, 1.000, 1.000, 0.010, 0.012, 0.012, 0.011
7.100, 0.844, 0.676, 1.000, 0.000, 1.000, 0.000, 1.000, 1.000, 0.010, 0.012, 0.011, 0.011
7.120, 0.879, 0.611, 1.000, 0.000, 1.000, 0.000, 1.000, 1.000, 0.010, 0.013, 0.011, 0.011
7.140, 0.886, 0.543, 1.000, 0.000, 1.000, 0.000, 1.000, 1.000, 0.010, 0.013, 0.011, 0.011
7.160, 0.884, 0.471, 1.000, 0.318, 0.599, 0.029, 1.000, 0.682, 0.010, 0.013, 0.011, 0.011
7.180, 0.878, 0.390, 1.000, 0.208, 1.000, 0.000, 1.000, 0.792, 0.010, 0.013, 0.011, 0.011
7.200, 0.871, 0.291, 1.000, 0.056, 1.000, 0.000, 1.000, 0.944, 0.011, 0.013, 0.011, 0.012
7.220, 0.862, 0.162, 1.000, 0.000, 1.000, 1.000, 1.000, 1.000, 0.011, 0.013, 0.011, 0.012
7.240, 0.848, -0.016, 0.000, 1.000, 1.000, 1.000, 0.000, 1.000, 0.011, 0.013, 0.011, 0.011
7.260, 0.824, -0.253, 0.000, 1.000, 0.000, 1.000, 0.000, 1.000, 0.011, 0.013, 0.012, 0.011
7.280, 0.785, -0.515, 0.000, 1.000, 0.000, 1.000, 0.000, 1.000, 0.011, 0.012, 0.012, 0.011
7.300, 0.734, -0.727, 0.000, 1.000, 0.000, 1.000, 0.000, 1.000, 0.011, 0.013, 0.012, 0.011
7.320, 0.661, -0.829, 0.000, 1.000, 0.000, 0.000, 0.273, 1.000, 0.011, 0.013, 0.012, 0.011
7.340, 0.580, -0.863, 0.000, 1.000, 0.000, 0.907, 0.297, 1.000, 0.011, 0.013, 0.012, 0.011
7.360, 0.512, -0.877, 0.000, 1.000, 1.000, 1.000, 0.080, 1.000, 0.011, 0.013, 0.012, 0.012
7.380, 0.440, -0.879, 0.000, 0.000, 1.000, 1.000, 0.000, 0.000, 0.011, 0.012, 0.012, 0.012
7.400, 0.353, -0.875, 0.000, 0.000, 1.000, 1.000, 0.000, 0.000, 0.010, 0.012, 0.012, 0.012
7.420, 0.242, -0.867, 0.000, 0.525, 1.000, 1.000, 1.000, 0.525, 0.011, 0.012, 0.012, 0.011
7.440, 0.094, -0.856, 0.000, 0.402, 1.000, 1.000, 1.000, 0.402, 0.011, 0.012, 0.012, 0.011
7.460, -0.108, -0.841, 0.000, 0.000, 1.000, 1.000, 1.000, 0.000, 0.010, 0.012, 0.012, 0.011
7.480, -0.368, -0.817, 0.000, 0.000, 1.000, 1.000, 1.000, 0.000, 0.010, 0.012, 0.012, 0.011
7.500, -0.632, -0.778, 0.000, 0.000, 1.000, 1.000, 0.000, 0.000, 0.010, 0.012, 0.011, 0.011
7.520, -0.817, -0.695, 0.000, 1.000, 1.000, 1.000, 1.000, 1.000, 0.011, 0.012, 0.011, 0.011
7.540, -0.877, -0.603, 0.000, 1.000, 0.000, 1.000, 1.000, 1.000, 0.011, 0.012, 0.011, 0.011
7.560, -0.885, -0.536, 0.000, 0.291, 1.000, 1.000, 0.000, 0.291, 0.011, 0.012, 0.011, 0.011
7.580, -0.883, -0.464, 0.000, 0.000, 1.000, 1.000, 0.000, 0.000, 0.010, 0.012, 0.011, 0.012
7.600, -0.879, -0.372, 0.000, 1.000, 1.000, 1.000, 0.000, 1.000, 0.011, 0.012, 0.011, 0.012
7.620, -0.872, -0.256, 0.000, 1.000, 1.000, 1.000, 0.000, 1.000, 0.011, 0.012, 0.011, 0.012
7.640, -0.862, -0.105, 0.000, 1.000, 1.000, 1.000, 0.000, 1.000, 0.011, 0.012, 0.011, 0.012
7.660, -0.848, 0.098, 1.000, 1.000, 1.000, 1.000, 0.000, 0.000, 0.011, 0.012, 0.011, 0.012
7.680, -0.827, 0.353, 1.000, 1.000, 0.656, 1.000, 0.327, 0.000, 0.011, 0.012, 0.011, 0.012
7.700, -0.792, 0.610, 1.000, 1.000, 0.376, 1.000, 0.230, 0.000, 0.010, 0.012, 0.011, 0.012
7.720, -0.742, 0.783, 1.000, 1.000, 1.000, 1.000, 0.000, 0.000, 0.010, 0.012, 0.011, 0.012
7.740, -0.681, 0.858, 1.000, 1.000, 1.000, 1.000, 0.000, 0.000, 0.010, 0.012, 0.011, 0.012
7.760, -0.617, 0.882, 1.000, 1.000, 1.000, 1.000, 0.000, 0.000, 0.010, 0.012, 0.011, 0.012
7.780, -0.556, 0.884, 1.000, 1.000, 1.000, 1.000, 0.000, 0.000, 0.010, 0.012, 0.011, 0.012
7.800, -0.491, 0.882, 1.000, 1.000, 1.000, 1.000, 0.000, 0.000, 0.010, 0.012, 0.011, 0.011
7.820, -0.424, 0.876, 1.000, 1.000, 1.000, 1.000, 1.000, 0.000, 0.010, 0.011, 0.011, 0.012
7.840, -0.336, 0.873, 1.000, 0.318, 1.000, 0.000, 1.000, 0.682, 0.010, 0.012, 0.011, 0.012
7.860, -0.222, 0.866, 1.000, 0.000, 1.000, 0.000, 1.000, 1.000, 0.011, 0.012, 0.012, 0.012
7.880, -0.068, 0.855, 1.000, 0.000, 1.000, 0.000, 1.000, 1.000, 0.011, 0.013, 0.012, 0.013
7.900, 0.143, 0.838, 1.000, 0.000, 1.000, 0.000, 1.000, 1.000, 0.011, 0.013, 0.012, 0.013
7.920, 0.409, 0.812, 1.000, 0.000, 1.000, 0.000, 1.000, 1.000, 0.012, 0.013, 0.012, 0.013
7.940, 0.664, 0.771, 1.000, 0.000, 1.000, 0.000, 1.000, 1.000, 0.012, 0.013, 0.012, 0.013
7.960, 0.816, 0.713, 1.000, 0.000, 1.000, 0.032, 0.000, 1.000, 0.012, 0.013, 0.012, 0.012
7.980, 0.872, 0.647, 1.000, 0.000, 1.000, 0.215, 0.511, 1.000, 0.012, 0.013, 0.012, 0.012
8.000, 0.886, 0.579, 1.000, 0.000, 1.000, 0.213, 1.000, 1.000, 0.012, 0.013, 0.012, 0.013
8.020, 0.886, 0.510, 1.000, 0.112, 1.000, 0.000, 1.000, 0.888, 0.012, 0.013, 0.012, 0.013
8.040, 0.882, 0.434, 1.000, 0.336, 0.000, 0.000, 1.000, 0.664, 0.012, 0.013, 0.013, 0.013
8.060, 0.875, 0.345, 1.000, 0.425, 0.000, 0.000, 1.000, 0.575, 0.012, 0.012, 0.013, 0.013
8.080, 0.867, 0.233, 1.000, 0.086, 1.000, 0.000, 1.000, 0.914, 0.012, 0.013, 0.012, 0.013
8.100, 0.856, 0.083, 1.000, 0.018, 1.000, 0.000, 1.000, 0.982, 0.012, 0.013, 0.012, 0.013
8.120, 0.840, -0.123, 0.000, 0.000, 1.000, 1.000, 0.806, 0.000, 0.012, 0.013, 0.012, 0.012
8.140, 0.806, -0.378, 0.000, 1.000, 0.000, 1.000, 0.000, 1.000, 0.012, 0.013, 0.012, 0.013
8.160, 0.758, -0.622, 0.000, 1.000, 0.000, 1.000, 0.000, 1.000, 0.012, 0.013, 0.013, 0.013
8.180, 0.699, -0.784, 0.000, 1.000, 0.000, 1.000, 0.000, 1.000, 0.012, 0.012, 0.013, 0.013
8.200, 0.624, -0.850, 0.000, 1.000, 0.000, 1.000, 0.029, 1.000, 0.012, 0.013, 0.013, 0.013
8.220, 0.539, -0.867, 0.000, 1.000, 0.000, 0.637, 0.178, 1.000, 0.012, 0.013, 0.013, 0.013
8.240, 0.452, -0.871, 0.000, 1.000, 0.116, 1.000, 0.194, 1.000, 0.013, 0.013, 0.013, 0.013
8.260, 0.370, -0.873, 0.000, 0.000, 1.000, 1.000, 0.000, 0.000, 0.012, 0.013, 0.013, 0.013
8.280, 0.267, -0.868, 0.000, 0.000, 1.000, 1.000, 1.000, 0.000, 0.012, 0.013, 0.013, 0.013
8.300, 0.130, -0.859, 0.000, 0.000, 1.000, 1.000, 1.000, 0.000, 0.011, 0.012, 0.013, 0.013
8.320, -0.058, -0.845, 0.000, 0.000, 1.000, 1.000, 1.000, 0.000, 0.011, 0.012, 0.013, 0.012
8.340, -0.308, -0.823, 0.000, 0.000, 1.000, 1.000, 1.000, 0.000, 0.011, 0.012, 0.013, 0.012
8.360, -0.619, -0.765, 0.000, 1.000, 0.892, 0.000, 1.000, 1.000, 0.012, 0.012, 0.013, 0.012
8.380, -0.793, -0.715, 0.000, 0.000, 1.000, 1.000, 0.000, 0.000, 0.012, 0.012, 0.013, 0.013
8.400, -0.864, -0.652, 0.000, 0.000, 1.000, 1.000, 0.000, 0.000, 0.011, 0.012, 0.013, 0.013
8.420, -0.884, -0.586, 0.000, 0.000, 1.000, 1.000, 0.000, 0.000, 0.011, 0.012, 0.013, 0.013
8.440, -0.886, -0.517, 0.000, 0.000, 1.000, 1.000, 0.000, 0.000, 0.011, 0.012, 0.013, 0.014
8.460, -0.882, -0.443, 0.000, 0.000, 1.000, 1.000, 0.000, 0.000, 0.011, 0.012, 0.013, 0.014
8.480, -0.877, -0.352, 0.000, 1.000, 1.000, 1.000, 0.000, 1.000, 0.012, 0.012, 0.012, 0.014
8.500, -0.869, -0.236, 0.000, 1.000, 1.000, 1.000, 0.000, 1.000, 0.012, 0.012, 0.012, 0.014
8.520, -0.858, -0.083, 0.000, 1.000, 1.000, 1.000, 0.000, 1.000, 0.012, 0.012, 0.012, 0.014
8.540, -0.842, 0.125, 1.000, 1.000, 1.000, 1.000, 0.000, 0.000, 0.012, 0.012, 0.012, 0.014
8.560, -0.817, 0.388, 1.000, 1.000, 1.000, 1.000, 0.000, 0.000, 0.012, 0.012, 0.012, 0.013
8.580, -0.778, 0.645, 1.000, 1.000, 1.000, 1.000, 0.000, 0.000, 0.011, 0.012, 0.012, 0.013
8.600, -0.723, 0.805, 1.000, 1.000, 1.000, 1.000, 0.000, 0.000, 0.011, 0.012, 0.012, 0.013
8.620, -0.660, 0.867, 1.000, 1.000, 1.000, 1.000, 0.000, 0.000, 0.011, 0.012, 0.012, 0.013
8.640, -0.599, 0.882, 1.000, 1.000, 1.000, 1.000, 1.000, 0.000, 0.011, 0.012, 0.012, 0.013
8.660, -0.531, 0.886, 1.000, 0.000, 1.000, 0.000, 1.000, 1.000, 0.012, 0.012, 0.013, 0.014
8.680, -0.475, 0.877, 1.000, 1.000, 1.000, 0.000, 1.000, 0.000, 0.011, 0.012, 0.013, 0.014
8.700, -0.441, 0.862, 1.000, 1.000, 0.000, 0.000, 1.000, 0.000, 0.011, 0.012, 0.013, 0.014
8.720, -0.380, 0.863, 1.000, 1.000, 1.000, 0.000, 1.000, 0.000, 0.011, 0.012, 0.013, 0.014
8.740, -0.338, 0.848, 1.000, 1.000, 0.000, 0.000, 1.000, 0.000, 0.011, 0.012, 0.013, 0.014
8.760, -0.288, 0.840, 1.000, 1.000, 1.000, 0.000, 1.000, 0.000, 0.011, 0.012, 0.014, 0.014
8.780, -0.212, 0.837, 1.000, 1.000, 0.567, 0.000, 1.000, 0.000, 0.011, 0.012, 0.014, 0.014
8.800, -0.136, 0.821, 1.000, 1.000, 0.000, 0.000, 1.000, 0.000, 0.011, 0.012, 0.014, 0.014
8.820, -0.035, 0.807, 1.000, 1.000, 0.000, 0.000, 1.000, 0.000, 0.011, 0.012, 0.014, 0.014
8.840, 0.130, 0.800, 1.000, 1.000, 1.000, 0.000, 1.000, 0.000, 0.011, 0.012, 0.014, 0.015
8.860, 0.385, 0.795, 1.000, 0.000, 1.000, 0.000, 1.000, 1.000, 0.011, 0.013, 0.014, 0.015
8.880, 0.642, 0.763, 1.000, 0.000, 1.000, 0.302, 0.229, 1.000, 0.012, 0.013, 0.014, 0.015
8.900, 0.805, 0.711, 1.000, 0.000, 1.000, 0.156, 1.000, 1.000, 0.012, 0.013, 0.014, 0.014
8.920, 0.868, 0.647, 1.000, 0.000, 1.000, 0.000, 1.000, 1.000, 0.012, 0.013, 0.014, 0.014
8.940, 0.885, 0.580, 1.000, 0.000, 1.000, 0.000, 1.000, 1.000, 0.012, 0.013, 0.014, 0.014
8.960, 0.886, 0.511, 1.000, 0.000, 1.000, 0.000, 1.000, 1.000, 0.012, 0.013, 0.014, 0.013
8.980, 0.882, 0.435, 1.000, 0.393, 0.000, 0.000, 1.000, 0.607, 0.012, 0.013, 0.014, 0.013
9.000, 0.875, 0.347, 1.000, 0.326, 1.000, 0.000, 1.000, 0.674, 0.012, 0.013, 0.013, 0.013
9.020, 0.867, 0.235, 1.000, 0.327, 1.000, 0.013, 1.000, 0.673, 0.012, 0.013, 0.013, 0.013
9.040, 0.856, 0.086, 1.000, 0.234, 1.000, 0.070, 1.000, 0.766, 0.012, 0.013, 0.013, 0.013
9.060, 0.840, -0.119, 0.000, 0.203, 1.000, 0.184, 1.000, 0.203, 0.012, 0.014, 0.013, 0.013
9.080, 0.815, -0.382, 0.000, 0.000, 1.000, 1.000, 1.000, 0.000, 0.012, 0.014, 0.013, 0.013
9.100, 0.773, -0.639, 0.000, 1.000, 1.000, 1.000, 0.000, 1.000, 0.012, 0.014, 0.014, 0.014
9.120, 0.706, -0.793, 0.000, 1.000, 0.000, 1.000, 0.000, 1.000, 0.012, 0.013, 0.014, 0.014
9.140, 0.645, -0.864, 0.000, 0.000, 1.000, 1.000, 0.000, 0.000, 0.012, 0.013, 0.014, 0.014
9.160, 0.579, -0.883, 0.000, 0.000, 1.000, 1.000, 0.000, 0.000, 0.012, 0.013, 0.014, 0.014
9.180, 0.511, -0.885, 0.000, 0.000, 1.000, 1.000, 0.000, 0.000, 0.012, 0.012, 0.014, 0.014
9.200, 0.436, -0.881, 0.000, 0.000, 1.000, 1.000, 0.000, 0.000, 0.012, 0.012, 0.014, 0.015
9.220, 0.348, -0.875, 0.000, 0.000, 1.000, 1.000, 0.000, 0.000, 0.011, 0.012, 0.015, 0.015
9.240, 0.238, -0.868, 0.000, 0.000, 1.000, 1.000, 0.000, 0.000, 0.011, 0.012, 0.015, 0.015
9.260, 0.089, -0.857, 0.000, 0.000, 1.000, 1.000, 0.000, 0.000, 0.011, 0.012, 0.015, 0.015
9.280, -0.114, -0.841, 0.000, 0.000, 1.000, 1.000, 0.000, 0.000, 0.011, 0.012, 0.015, 0.015
9.300, -0.376, -0.816, 0.000, 0.000, 1.000, 1.000, 0.000, 0.000, 0.011, 0.012, 0.015, 0.015
9.320, -0.638, -0.777, 0.000, 0.000, 1.000, 1.000, 0.000, 0.000, 0.011, 0.012, 0.014, 0.015
9.340, -0.804, -0.721, 0.000, 0.000, 1.000, 1.000, 0.000, 0.000, 0.011, 0.012, 0.014, 0.015
9.360, -0.869, -0.655, 0.000, 0.000, 1.000, 1.000, 0.000, 0.000, 0.011, 0.012, 0.014, 0.015
9.380, -0.885, -0.587, 0.000, 0.000, 1.000, 1.000, 0.000, 0.000, 0.011, 0.012, 0.014, 0.015
9.400, -0.887, -0.514, 0.000, 1.000, 1.000, 1.000, 0.000, 1.000, 0.012, 0.012, 0.013, 0.014
9.420, -0.883, -0.430, 0.000, 1.000, 1.000, 1.000, 0.000, 1.000, 0.012, 0.012, 0.013, 0.014
9.440, -0.877, -0.329, 0.000, 1.000, 1.000, 1.000, 0.000, 1.000, 0.012, 0.012, 0.013, 0.014
9.460, -0.870, -0.191, 0.000, 1.000, 1.000, 1.000, 0.000, 1.000, 0.012, 0.012, 0.013, 0.014
9.480, -0.859, -0.010, 0.000, 1.000, 1.000, 1.000, 0.000, 1.000, 0.013, 0.012, 0.013, 0.014
9.500, -0.841, 0.223, 1.000, 1.000, 1.000, 1.000, 0.000, 0.000, 0.012, 0.012, 0.013, 0.014
9.520, -0.812, 0.489, 1.000, 1.000, 1.000, 1.000, 0.000, 0.000, 0.012, 0.012, 0.013, 0.014
9.540, -0.770, 0.710, 1.000, 1.000, 1.000, 1.000, 0.000, 0.000, 0.012, 0.012, 0.013, 0.014
9.560, -0.722, 0.821, 1.000, 1.000, 0.000, 1.000, 0.040, 0.000, 0.011, 0.012, 0.013, 0.014
9.580, -0.677, 0.858, 1.000, 1.000, 0.000, 1.000, 0.007, 0.000, 0.011, 0.013, 0.013, 0.014
9.600, -0.669, 0.848, 1.000, 1.000, 0.000, 0.000, 1.000, 0.000, 0.011, 0.013, 0.014, 0.014
9.620, -0.630, 0.866, 1.000, 1.000, 0.000, 0.000, 1.000, 0.000, 0.011, 0.013, 0.014, 0.014
9.640, -0.587, 0.873, 1.000, 1.000, 0.000, 0.000, 1.000, 0.000, 0.011, 0.013, 0.014, 0.015
9.660, -0.544, 0.873, 1.000, 1.000, 0.000, 0.000, 1.000, 0.000, 0.011, 0.013, 0.014, 0.015
9.680, -0.493, 0.873, 1.000, 1.000, 1.000, 0.000, 1.000, 0.000, 0.011, 0.013, 0.014, 0.015
9.700, -0.436, 0.871, 1.000, 1.000, 1.000, 0.000, 1.000, 0.000, 0.011, 0.012, 0.015, 0.015
9.720, -0.368, 0.867, 1.000, 1.000, 1.000, 0.000, 1.000, 0.000, 0.011, 0.012, 0.015, 0.015
9.740, -0.311, 0.853, 1.000, 1.000, 1.000, 0.000, 1.000, 0.000, 0.011, 0.013, 0.015, 0.015
9.760, -0.259, 0.837, 1.000, 1.000, 0.411, 0.000, 1.000, 0.000, 0.011, 0.013, 0.015, 0.014
9.780, -0.186, 0.829, 1.000, 1.000, 1.000, 0.000, 1.000, 0.000, 0.011, 0.013, 0.015, 0.014
9.800, -0.028, 0.838, 1.000, 0.000, 1.000, 0.000, 1.000, 1.000, 0.012, 0.013, 0.015, 0.014
9.820, 0.193, 0.828, 1.000, 0.000, 1.000, 0.153, 1.000, 1.000, 0.012, 0.013, 0.015, 0.014
9.840, 0.463, 0.802, 1.000, 0.000, 1.000, 0.109, 1.000, 1.000, 0.012, 0.014, 0.015, 0.014
9.860, 0.703, 0.759, 1.000, 0.000, 1.000, 0.092, 1.000, 1.000, 0.012, 0.014, 0.015, 0.014
9.880, 0.833, 0.699, 1.000, 0.000, 1.000, 0.000, 1.000, 1.000, 0.012, 0.014, 0.015, 0.014
9.900, 0.877, 0.632, 1.000, 0.000, 1.000, 0.084, 1.000, 1.000, 0.013, 0.014, 0.015, 0.014
9.920, 0.886, 0.565, 1.000, 0.050, 1.000, 0.000, 1.000, 0.950, 0.013, 0.014, 0.014, 0.014
9.940, 0.885, 0.493, 1.000, 0.497, 0.000, 0.000, 1.000, 0.503, 0.012, 0.013, 0.014, 0.014
9.960, 0.880, 0.415, 1.000, 0.616, 0.000, 0.000, 1.000, 0.384, 0.012, 0.013, 0.014, 0.013
9.980, 0.874, 0.321, 1.000, 0.540, 0.000, 0.004, 1.000, 0.460, 0.012, 0.013, 0.014, 0.013
10.000, 0.865, 0.201, 1.000, 0.478, 0.000, 0.151, 1.000, 0.522, 0.012, 0.013, 0.014, 0.013
10.020, 0.853, 0.039, 1.000, 0.000, 1.000, 1.000, 0.000, 1.000, 0.012, 0.013, 0.014, 0.014
10.040, 0.835, -0.182, 0.000, 0.140, 1.000, 1.000, 0.000, 0.140, 0.012, 0.013, 0.015, 0.014
10.060, 0.807, -0.454, 0.000, 0.000, 1.000, 1.000, 0.000, 0.000, 0.012, 0.014, 0.015, 0.015
10.080, 0.763, -0.697, 0.000, 0.000, 1.000, 1.000, 0.000, 0.000, 0.012, 0.013, 0.015, 0.015
10.100, 0.703, -0.830, 0.000, 0.000, 1.000, 1.000, 0.000, 0.000, 0.012, 0.013, 0.015, 0.015
10.120, 0.636, -0.876, 0.000, 0.000, 1.000, 1.000, 0.000, 0.000, 0.012, 0.013, 0.015, 0.015
10.140, 0.568, -0.886, 0.000, 0.000, 1.000, 1.000, 0.000, 0.000, 0.011, 0.013, 0.015, 0.015
10.160, 0.499, -0.885, 0.000, 0.000, 1.000, 1.000, 0.000, 0.000, 0.011, 0.013, 0.015, 0.015
10.180, 0.422, -0.881, 0.000, 0.000, 1.000, 1.000, 0.000, 0.000, 0.011, 0.013, 0.015, 0.015
10.200, 0.331, -0.874, 0.000, 0.000, 1.000, 1.000, 0.000, 0.000, 0.011, 0.012, 0.016, 0.015
10.220, 0.204, -0.863, 0.000, 1.000, 1.000, 1.000, 0.000, 1.000, 0.012, 0.012, 0.016, 0.015
10.240, 0.011, -0.843, 0.000, 1.000, 1.000, 1.000, 0.000, 1.000, 0.012, 0.012, 0.016, 0.015
10.260, -0.254, -0.817, 0.000, 1.000, 1.000, 1.000, 0.000, 1.000, 0.012, 0.012, 0.015, 0.015
10.280, -0.536, -0.785, 0.000, 1.000, 1.000, 1.000, 0.000, 1.000, 0.013, 0.012, 0.015, 0.014
10.300, -0.756, -0.731, 0.000, 1.000, 1.000, 1.000, 0.000, 1.000, 0.013, 0.012, 0.015, 0.014
10.320, -0.857, -0.656, 0.000, 1.000, 1.000, 1.000, 0.000, 1.000, 0.013, 0.012, 0.014, 0.014
10.340, -0.884, -0.571, 0.000, 1.000, 1.000, 1.000, 0.000, 1.000, 0.013, 0.012, 0.014, 0.014
10.360, -0.887, -0.481, 0.000, 1.000, 1.000, 1.000, 0.000, 1.000, 0.013, 0.012, 0.014, 0.014
10.380, -0.883, -0.371, 0.000, 1.000, 1.000, 1.000, 0.000, 1.000, 0.013, 0.012, 0.014, 0.014
10.400, -0.874, -0.242, 0.000, 1.000, 1.000, 1.000, 0.000, 1.000, 0.013, 0.012, 0.014, 0.014
10.420, -0.863, -0.079, 0.000, 1.000, 1.000, 1.000, 0.000, 1.000, 0.013, 0.012, 0.014, 0.014
10.440, -0.847, 0.135, 1.000, 1.000, 1.000, 1.000, 0.000, 0.000, 0.013, 0.012, 0.014, 0.014
10.460, -0.824, 0.394, 1.000, 1.000, 1.000, 1.000, 0.010, 0.000, 0.012, 0.012, 0.014, 0.014
10.480, -0.786, 0.643, 1.000, 1.000, 1.000, 1.000, 1.000, 0.000, 0.012, 0.012, 0.014, 0.014
10.500, -0.743, 0.789, 1.000, 1.000, 0.000, 0.000, 1.000, 0.000, 0.012, 0.013, 0.015, 0.015
10.520, -0.684, 0.858, 1.000, 1.000, 1.000, 0.000, 1.000, 0.000, 0.012, 0.012, 0.015, 0.015
10.540, -0.632, 0.875, 1.000, 1.000, 1.000, 0.000, 1.000, 0.000, 0.012, 0.012, 0.015, 0.015
10.560, -0.580, 0.879, 1.000, 1.000, 1.000, 0.000, 1.000, 0.000, 0.012, 0.012, 0.015, 0.015
10.580, -0.548, 0.870, 1.000, 1.000, 1.000, 0.000, 1.000, 0.000, 0.012, 0.012, 0.015, 0.015
10.600, -0.519, 0.864, 1.000, 1.000, 1.000, 0.000, 1.000, 0.000, 0.012, 0.012, 0.015, 0.015
10.620, -0.504, 0.855, 1.000, 1.000, 0.000, 0.000, 1.000, 0.000, 0.012, 0.012, 0.016, 0.015
10.640, -0.482, 0.854, 1.000, 1.000, 0.478, 0.000, 1.000, 0.000, 0.012, 0.012, 0.016, 0.014
10.660, -0.431, 0.863, 1.000, 1.000, 1.000, 0.000, 1.000, 0.000, 0.012, 0.013, 0.016, 0.014
10.680, -0.366, 0.863, 1.000, 1.000, 1.000, 0.000, 1.000, 0.000, 0.012, 0.013, 0.016, 0.014
10.700, -0.275, 0.861, 1.000, 1.000, 1.000, 0.000, 1.000, 0.000, 0.012, 0.013, 0.016, 0.014
10.720, -0.143, 0.857, 1.000, 0.000, 1.000, 0.111, 1.000, 1.000, 0.012, 0.013, 0.016, 0.014
10.740, 0.040, 0.846, 1.000, 0.000, 1.000, 0.141, 1.000, 1.000, 0.013, 0.013, 0.016, 0.014
10.760, 0.284, 0.825, 1.000, 0.000, 1.000, 0.097, 1.000, 1.000, 0.013, 0.013, 0.016, 0.014
10.780, 0.557, 0.792, 1.000, 0.000, 1.000, 0.315, 1.000, 1.000, 0.013, 0.013, 0.016, 0.014
10.800, 0.762, 0.741, 1.000, 0.000, 1.000, 0.074, 1.000, 1.000, 0.013, 0.014, 0.016, 0.014
10.820, 0.855, 0.676, 1.000, 0.241, 0.000, 0.000, 1.000, 0.759, 0.013, 0.013, 0.015, 0.014
10.840, 0.882, 0.608, 1.000, 0.275, 0.000, 0.000, 1.000, 0.725, 0.013, 0.013, 0.015, 0.014
10.860, 0.886, 0.540, 1.000, 0.097, 1.000, 0.000, 1.000, 0.903, 0.013, 0.013, 0.015, 0.014
10.880, 0.884, 0.467, 1.000, 0.588, 1.000, 0.159, 1.000, 0.412, 0.013, 0.013, 0.015, 0.014
10.900, 0.878, 0.383, 1.000, 0.710, 1.000, 1.000, 0.249, 0.290, 0.013, 0.014, 0.015, 0.014
10.920, 0.869, 0.272, 1.000, 1.000, 1.000, 1.000, 0.000, 0.000, 0.012, 0.014, 0.016, 0.014
10.940, 0.860, 0.137, 1.000, 0.000, 1.000, 1.000, 0.000, 1.000, 0.013, 0.014, 0.016, 0.015
10.960, 0.846, -0.049, 0.000, 0.000, 1.000, 1.000, 0.000, 0.000, 0.012, 0.013, 0.016, 0.015
10.980, 0.825, -0.297, 0.000, 0.000, 1.000, 1.000, 0.000, 0.000, 0.012, 0.013, 0.016, 0.015
11.000, 0.790, -0.569, 0.000, 0.000, 1.000, 1.000, 0.000, 0.000, 0.012, 0.013, 0.016, 0.015
11.020, 0.738, -0.769, 0.000, 0.000, 1.000, 1.000, 0.000, 0.000, 0.012, 0.013, 0.016, 0.015
11.040, 0.674, -0.857, 0.000, 0.000, 1.000, 1.000, 0.000, 0.000, 0.012, 0.013, 0.016, 0.015
11.060, 0.607, -0.883, 0.000, 0.000, 1.000, 1.000, 0.000, 0.000, 0.012, 0.012, 0.016, 0.015
11.080, 0.539, -0.887, 0.000, 0.000, 1.000, 1.000, 0.000, 0.000, 0.012, 0.012, 0.016, 0.015
11.100, 0.467, -0.884, 0.000, 0.000, 1.000, 1.000, 0.000, 0.000, 0.012, 0.012, 0.017, 0.015
11.120, 0.385, -0.878, 0.000, 0.000, 1.000, 1.000, 0.000, 0.000, 0.012, 0.012, 0.017, 0.016
11.140, 0.285, -0.871, 0.000, 0.000, 1.000, 1.000, 0.000, 0.000, 0.012, 0.012, 0.016, 0.015
11.160, 0.150, -0.860, 0.000, 0.687, 1.000, 1.000, 0.000, 0.687, 0.012, 0.012, 0.016, 0.015
11.180, -0.060, -0.839, 0.000, 1.000, 1.000, 1.000, 0.000, 1.000, 0.013, 0.012, 0.016, 0.014
11.200, -0.348, -0.806, 0.000, 1.000, 1.000, 1.000, 0.000, 1.000, 0.013, 0.012, 0.015, 0.014
11.220, -0.627, -0.765, 0.000, 1.000, 1.000, 1.000, 0.000, 1.000, 0.013, 0.012, 0.015, 0.014
11.240, -0.803, -0.706, 0.000, 1.000, 1.000, 1.000, 0.000, 1.000, 0.013, 0.012, 0.015, 0.014
11.260, -0.870, -0.631, 0.000, 1.000, 1.000, 1.000, 0.000, 1.000, 0.013, 0.012, 0.015, 0.014
11.280, -0.886, -0.546, 0.000, 1.000, 1.000, 1.000, 0.000, 1.000, 0.013, 0.012, 0.015, 0.014
11.300, -0.886, -0.445, 0.000, 1.000, 1.000, 1.000, 0.000, 1.000, 0.013, 0.012, 0.015, 0.014
11.320, -0.880, -0.334, 0.000, 1.000, 1.000, 1.000, 0.000, 1.000, 0.014, 0.012, 0.015, 0.014
11.340, -0.871, -0.198, 0.000, 1.000, 0.000, 1.000, 0.116, 1.000, 0.014, 0.013, 0.015, 0.014
11.360, -0.859, -0.021, 0.000, 1.000, 1.000, 1.000, 0.003, 1.000, 0.014, 0.012, 0.015, 0.014
11.380, -0.841, 0.209, 1.000, 1.000, 1.000, 1.000, 1.000, 0.000, 0.013, 0.012, 0.015, 0.014
11.400, -0.813, 0.476, 1.000, 1.000, 1.000, 0.000, 1.000, 0.000, 0.013, 0.012, 0.015, 0.015
11.420, -0.772, 0.701, 1.000, 1.000, 1.000, 0.000, 1.000, 0.000, 0.013, 0.012, 0.016, 0.015
11.440, -0.714, 0.828, 1.000, 1.000, 1.000, 0.000, 1.000, 0.000, 0.012, 0.012, 0.016, 0.015
11.460, -0.652, 0.872, 1.000, 1.000, 1.000, 0.000, 1.000, 0.000, 0.012, 0.012, 0.016, 0.015
11.480, -0.644, 0.854, 1.000, 1.000, 1.000, 0.000, 1.000, 0.000, 0.012, 0.012, 0.016, 0.015
11.500, -0.623, 0.859, 1.000, 1.000, 0.000, 0.000, 1.000, 0.000, 0.012, 0.012, 0.016, 0.015
11.520, -0.602, 0.860, 1.000, 1.000, 0.000, 0.000, 1.000, 0.000, 0.012, 0.012, 0.016, 0.015
11.540, -0.582, 0.860, 1.000, 1.000, 0.000, 0.000, 1.000, 0.000, 0.012, 0.012, 0.017, 0.015
11.560, -0.562, 0.860, 1.000, 1.000, 0.000, 0.000, 1.000, 0.000, 0.012, 0.012, 0.017, 0.014
11.580, -0.543, 0.858, 1.000, 1.000, 0.000, 0.000, 1.000, 0.000, 0.012, 0.012, 0.017, 0.014
11.600, -0.526, 0.856, 1.000, 1.000, 0.000, 0.000, 1.000, 0.000, 0.012, 0.012, 0.017, 0.014
11.620, -0.496, 0.859, 1.000, 1.000, 1.000, 0.000, 1.000, 0.000, 0.012, 0.012, 0.017, 0.014
11.640, -0.425, 0.872, 1.000, 0.000, 1.000, 0.000, 1.000, 1.000, 0.013, 0.013, 0.017, 0.014
11.660, -0.337, 0.872, 1.000, 0.000, 1.000, 0.034, 1.000, 1.000, 0.013, 0.013, 0.017, 0.014
11.680, -0.223, 0.865, 1.000, 0.000, 1.000, 0.030, 1.000, 1.000, 0.013, 0.013, 0.017, 0.014
11.700, -0.070, 0.855, 1.000, 0.000, 1.000, 0.019, 1.000, 1.000, 0.013, 0.013, 0.016, 0.014
11.720, 0.139, 0.838, 1.000, 0.157, 0.619, 0.000, 1.000, 0.843, 0.013, 0.013, 0.016, 0.014
11.740, 0.405, 0.813, 1.000, 0.000, 0.825, 0.000, 1.000, 1.000, 0.014, 0.013, 0.016, 0.014
11.760, 0.661, 0.772, 1.000, 0.000, 1.000, 0.000, 1.000, 1.000, 0.014, 0.013, 0.016, 0.014
11.780, 0.815, 0.714, 1.000, 0.000, 1.000, 0.112, 1.000, 1.000, 0.014, 0.013, 0.016, 0.014
11.800, 0.864, 0.610, 1.000, 1.000, 1.000, 0.000, 1.000, 0.000, 0.013, 0.013, 0.016, 0.014
11.820, 0.877, 0.515, 1.000, 1.000, 0.011, 1.000, 1.000, 0.000, 0.013, 0.013, 0.016, 0.014
11.840, 0.879, 0.442, 1.000, 0.000, 1.000, 1.000, 0.000, 1.000, 0.013, 0.013, 0.016, 0.014
11.860, 0.875, 0.357, 1.000, 0.000, 1.000, 1.000, 0.000, 1.000, 0.014, 0.013, 0.017, 0.015
11.880, 0.868, 0.249, 1.000, 0.000, 1.000, 1.000, 0.000, 1.000, 0.014, 0.013, 0.017, 0.015
11.900, 0.858, 0.105, 1.000, 0.000, 1.000, 1.000, 0.000, 1.000, 0.014, 0.013, 0.017, 0.015
11.920, 0.843, -0.093, 0.000, 0.000, 1.000, 1.000, 0.000, 0.000, 0.013, 0.012, 0.017, 0.015
11.940, 0.819, -0.350, 0.000, 0.000, 1.000, 1.000, 0.000, 0.000, 0.013, 0.012, 0.017, 0.015
11.960, 0.781, -0.617, 0.000, 0.000, 1.000, 1.000, 0.000, 0.000, 0.013, 0.012, 0.017, 0.015
11.980, 0.726, -0.794, 0.000, 0.000, 1.000, 1.000, 0.000, 0.000, 0.013, 0.012, 0.017, 0.015
12.000, 0.661, -0.866, 0.000, 0.000, 1.000, 1.000, 0.000, 0.000, 0.013, 0.012, 0.017, 0.015
12.020, 0.593, -0.885, 0.000, 0.000, 1.000, 1.000, 0.000, 0.000, 0.013, 0.012, 0.017, 0.015
12.040, 0.525, -0.886, 0.000, 0.000, 1.000, 1.000, 0.000, 0.000, 0.012, 0.012, 0.017, 0.015
12.060, 0.452, -0.883, 0.000, 0.000, 1.000, 1.000, 0.000, 0.000, 0.012, 0.012, 0.016, 0.015
12.080, 0.367, -0.877, 0.000, 0.000, 1.000, 1.000, 0.000, 0.000, 0.012, 0.012, 0.016, 0.014
12.100, 0.262, -0.869, 0.000, 0.000, 1.000, 1.000, 0.000, 0.000, 0.012, 0.012, 0.016, 0.014
12.120, 0.123, -0.859, 0.000, 0.000, 1.000, 1.000, 0.000, 0.000, 0.012, 0.012, 0.016, 0.014
12.140, -0.068, -0.845, 0.000, 0.000, 1.000, 1.000, 0.000, 0.000, 0.012, 0.012, 0.016, 0.014
12.160, -0.335, -0.817, 0.000, 1.000, 1.000, 1.000, 0.000, 1.000, 0.013, 0.012, 0.016, 0.014
12.180, -0.650, -0.751, 0.000, 1.000, 1.000, 1.000, 0.000, 1.000, 0.013, 0.012, 0.016, 0.014
12.200, -0.820, -0.680, 0.000, 1.000, 1.000, 1.000, 0.000, 1.000, 0.013, 0.012, 0.016, 0.014
12.220, -0.874, -0.604, 0.000, 1.000, 1.000, 1.000, 0.000, 1.000, 0.014, 0.012, 0.016, 0.014
12.240, -0.886, -0.521, 0.000, 1.000, 1.000, 1.000, 0.000, 1.000, 0.014, 0.012, 0.016, 0.014
12.260, -0.884, -0.431, 0.000, 1.000, 1.000, 1.000, 0.000, 1.000, 0.014, 0.012, 0.016, 0.014
12.280, -0.878, -0.322, 0.000, 1.000, 0.000, 1.000, 0.000, 1.000, 0.014, 0.012, 0.015, 0.014
12.300, -0.869, -0.188, 0.000, 1.000, 1.000, 1.000, 1.000, 1.000, 0.014, 0.012, 0.015, 0.014
12.320, -0.856, -0.011, 0.000, 1.000, 1.000, 0.000, 1.000, 1.000, 0.014, 0.012, 0.016, 0.015
12.340, -0.839, 0.222, 1.000, 1.000, 1.000, 0.000, 1.000, 0.000, 0.014, 0.012, 0.016, 0.015
12.360, -0.811, 0.489, 1.000, 1.000, 1.000, 0.000, 1.000, 0.000, 0.013, 0.012, 0.017, 0.015
12.380, -0.767, 0.713, 1.000, 1.000, 1.000, 0.000, 1.000, 0.000, 0.013, 0.012, 0.017, 0.015
12.400, -0.713, 0.829, 1.000, 1.000, 1.000, 0.000, 1.000, 0.000, 0.013, 0.012, 0.017, 0.015
12.420, -0.682, 0.851, 1.000, 1.000, 1.000, 0.000, 1.000, 0.000, 0.013, 0.011, 0.017, 0.015
12.440, -0.667, 0.850, 1.000, 1.000, 0.000, 0.000, 1.000, 0.000, 0.013, 0.011, 0.017, 0.014
12.460, -0.649, 0.854, 1.000, 1.000, 0.000, 0.000, 1.000, 0.000, 0.013, 0.011, 0.017, 0.014
12.480, -0.625, 0.860, 1.000, 1.000, 0.000, 0.000, 1.000, 0.000, 0.013, 0.011, 0.017, 0.014
12.500, -0.605, 0.860, 1.000, 1.000, 0.000, 0.000, 1.000, 0.000, 0.013, 0.011, 0.017, 0.014
12.520, -0.582, 0.861, 1.000, 1.000, 0.000, 0.000, 1.000, 0.000, 0.013, 0.011, 0.017, 0.014
12.540, -0.568, 0.857, 1.000, 1.000, 0.000, 0.298, 1.000, 0.000, 0.012, 0.011, 0.017, 0.014
12.560, -0.554, 0.856, 1.000, 1.000, 0.000, 0.106, 1.000, 0.000, 0.012, 0.011, 0.017, 0.014
12.580, -0.540, 0.855, 1.000, 1.000, 0.000, 0.000, 1.000, 0.000, 0.012, 0.011, 0.017, 0.014
12.600, -0.528, 0.852, 1.000, 1.000, 0.000, 0.000, 1.000, 0.000, 0.012, 0.011, 0.017, 0.014
12.620, -0.517, 0.851, 1.000, 1.000, 0.000, 0.000, 1.000, 0.000, 0.012, 0.011, 0.017, 0.014
12.640, -0.506, 0.850, 1.000, 1.000, 0.000, 0.000, 1.000, 0.000, 0.012, 0.011, 0.017, 0.014
12.660, -0.492, 0.849, 1.000, 1.000, 0.000, 0.000, 1.000, 0.000, 0.012, 0.011, 0.017, 0.014
12.680, -0.495, 0.841, 1.000, 1.000, 0.000, 0.000, 1.000, 0.000, 0.012, 0.011, 0.016, 0.014
12.700, -0.500, 0.838, 1.000, 1.000, 0.000, 0.000, 1.000, 0.000, 0.012, 0.011, 0.016, 0.014
12.720, -0.460, 0.856, 1.000, 1.000, 0.000, 1.000, 1.000, 0.000, 0.012, 0.011, 0.017, 0.013
12.740, -0.419, 0.857, 1.000, 1.000, 0.000, 1.000, 1.000, 0.000, 0.012, 0.011, 0.017, 0.013
12.760, -0.399, 0.844, 1.000, 1.000, 0.000, 1.000, 1.000, 0.000, 0.012, 0.011, 0.017, 0.013
12.780, -0.390, 0.834, 1.000, 1.000, 0.000, 1.000, 1.000, 0.000, 0.012, 0.011, 0.017, 0.013
12.800, -0.326, 0.848, 1.000, 1.000, 0.046, 1.000, 1.000, 0.000, 0.012, 0.011, 0.018, 0.013
12.820, -0.247, 0.847, 1.000, 1.000, 0.075, 1.000, 1.000, 0.000, 0.012, 0.011, 0.018, 0.013
12.840, -0.158, 0.835, 1.000, 1.000, 1.000, 1.000, 1.000, 0.000, 0.012, 0.011, 0.018, 0.013
12.860, 0.012, 0.838, 1.000, 0.000, 1.000, 1.000, 1.000, 1.000, 0.013, 0.012, 0.018, 0.013
12.880, 0.246, 0.824, 1.000, 0.000, 1.000, 1.000, 1.000, 1.000, 0.013, 0.011, 0.018, 0.013
12.900, 0.519, 0.795, 1.000, 0.000, 1.000, 1.000, 1.000, 1.000, 0.013, 0.011, 0.018, 0.013
12.920, 0.740, 0.748, 1.000, 0.000, 1.000, 1.000, 1.000, 1.000, 0.013, 0.011, 0.018, 0.013
12.940, 0.847, 0.686, 1.000, 0.000, 1.000, 1.000, 1.000, 1.000, 0.013, 0.011, 0.018, 0.013
12.960, 0.880, 0.619, 1.000, 0.000, 1.000, 1.000, 0.190, 1.000, 0.014, 0.011, 0.018, 0.013
12.980, 0.887, 0.551, 1.000, 0.000, 1.000, 1.000, 0.000, 1.000, 0.014, 0.011, 0.017, 0.013
13.000, 0.884, 0.480, 1.000, 0.000, 1.000, 1.000, 0.000, 1.000, 0.014, 0.011, 0.017, 0.013
13.020, 0.879, 0.401, 1.000, 0.000, 1.000, 1.000, 0.000, 1.000, 0.014, 0.011, 0.017, 0.013
13.040, 0.872, 0.305, 1.000, 0.000, 1.000, 1.000, 1.000, 1.000, 0.014, 0.011, 0.017, 0.014
13.060, 0.863, 0.180, 1.000, 0.000, 1.000, 1.000, 1.000, 1.000, 0.014, 0.011, 0.017, 0.014
13.080, 0.851, 0.010, 1.000, 0.000, 1.000, 1.000, 1.000, 1.000, 0.014, 0.011, 0.017, 0.014
13.100, 0.832, -0.220, 0.000, 0.000, 1.000, 1.000, 1.000, 0.000, 0.013, 0.011, 0.017, 0.014
13.120, 0.802, -0.494, 0.000, 0.000, 1.000, 1.000, 1.000, 0.000, 0.013, 0.011, 0.016, 0.014
13.140, 0.755, -0.724, 0.000, 0.065, 1.000, 1.000, 0.000, 0.065, 0.013, 0.011, 0.016, 0.014
13.160, 0.693, -0.841, 0.000, 0.000, 1.000, 1.000, 0.000, 0.000, 0.013, 0.011, 0.016, 0.014
13.180, 0.626, -0.879, 0.000, 0.000, 1.000, 1.000, 0.000, 0.000, 0.013, 0.011, 0.016, 0.013
13.200, 0.558, -0.887, 0.000, 0.000, 1.000, 1.000, 0.000, 0.000, 0.013, 0.010, 0.016, 0.013
13.220, 0.488, -0.885, 0.000, 0.000, 1.000, 1.000, 0.000, 0.000, 0.013, 0.010, 0.016, 0.013
13.240, 0.402, -0.877, 0.000, 1.000, 1.000, 1.000, 0.000, 1.000, 0.013, 0.010, 0.016, 0.013
13.260, 0.205, -0.841, 0.000, 1.000, 1.000, 0.000, 0.685, 1.000, 0.013, 0.010, 0.017, 0.013
13.280, -0.026, -0.821, 0.000, 1.000, 0.000, 0.000, 0.328, 1.000, 0.014, 0.011, 0.017, 0.013
13.300, -0.312, -0.797, 0.000, 1.000, 1.000, 0.000, 0.155, 1.000, 0.014, 0.011, 0.017, 0.013
13.320, -0.646, -0.729, 0.000, 1.000, 1.000, 1.000, 1.000, 1.000, 0.014, 0.011, 0.017, 0.014
13.340, -0.817, -0.663, 0.000, 1.000, 1.000, 0.000, 1.000, 1.000, 0.014, 0.010, 0.017, 0.014
13.360, -0.870, -0.600, 0.000, 1.000, 1.000, 0.000, 1.000, 1.000, 0.014, 0.010, 0.017, 0.014
13.380, -0.883, -0.525, 0.000, 1.000, 1.000, 0.000, 1.000, 1.000, 0.014, 0.010, 0.018, 0.014
13.400, -0.883, -0.440, 0.000, 1.000, 1.000, 0.000, 1.000, 1.000, 0.014, 0.010, 0.018, 0.014
13.420, -0.880, -0.313, 0.000, 1.000, 1.000, 0.000, 1.000, 1.000, 0.014, 0.011, 0.018, 0.013
13.440, -0.872, -0.156, 0.000, 1.000, 0.000, 0.000, 1.000, 1.000, 0.014, 0.011, 0.018, 0.013
13.460, -0.859, 0.044, 1.000, 1.000, 0.000, 0.000, 1.000, 0.000, 0.014, 0.010, 0.018, 0.013
13.480, -0.839, 0.289, 1.000, 1.000, 1.000, 0.000, 1.000, 0.000, 0.014, 0.011, 0.018, 0.013
13.500, -0.809, 0.546, 1.000, 1.000, 1.000, 0.000, 1.000, 0.000, 0.013, 0.011, 0.018, 0.013
13.520, -0.769, 0.736, 1.000, 1.000, 1.000, 0.015, 1.000, 0.000, 0.013, 0.012, 0.018, 0.013
13.540, -0.723, 0.827, 1.000, 1.000, 1.000, 0.121, 1.000, 0.000, 0.013, 0.012, 0.018, 0.013
13.560, -0.682, 0.857, 1.000, 1.000, 1.000, 0.000, 1.000, 0.000, 0.013, 0.012, 0.018, 0.013
13.580, -0.647, 0.865, 1.000, 1.000, 1.000, 0.000, 1.000, 0.000, 0.013, 0.012, 0.018, 0.013
13.600, -0.620, 0.864, 1.000, 1.000, 0.000, 0.000, 1.000, 0.000, 0.013, 0.011, 0.018, 0.013
13.620, -0.621, 0.849, 1.000, 1.000, 0.000, 0.000, 1.000, 0.000, 0.013, 0.011, 0.018, 0.013
13.640, -0.612, 0.851, 1.000, 1.000, 0.000, 0.000, 1.000, 0.000, 0.013, 0.011, 0.017, 0.013
13.660, -0.607, 0.850, 1.000, 1.000, 0.000, 0.000, 1.000, 0.000, 0.013, 0.011, 0.017, 0.013
13.680, -0.610, 0.845, 1.000, 1.000, 0.000, 0.000, 1.000, 0.000, 0.013, 0.011, 0.017, 0.013
13.700, -0.598, 0.852, 1.000, 1.000, 0.000, 0.000, 1.000, 0.000, 0.013, 0.011, 0.017, 0.013
13.720, -0.543, 0.874, 1.000, 1.000, 0.601, 1.000, 0.207, 0.000, 0.013, 0.011, 0.017, 0.013
13.740, -0.507, 0.867, 1.000, 1.000, 0.000, 1.000, 1.000, 0.000, 0.013, 0.011, 0.018, 0.013
13.760, -0.495, 0.854, 1.000, 1.000, 0.000, 1.000, 1.000, 0.000, 0.013, 0.011, 0.018, 0.013
13.780, -0.473, 0.853, 1.000, 1.000, 0.000, 1.000, 1.000, 0.000, 0.013, 0.011, 0.018, 0.013
13.800, -0.431, 0.858, 1.000, 1.000, 0.129, 1.000, 0.922, 0.000, 0.013, 0.011, 0.018, 0.013
13.820, -0.396, 0.852, 1.000, 1.000, 0.000, 1.000, 1.000, 0.000, 0.013, 0.011, 0.018, 0.013
13.840, -0.317, 0.859, 1.000, 1.000, 1.000, 1.000, 1.000, 0.000, 0.013, 0.011, 0.018, 0.012
13.860, -0.200, 0.860, 1.000, 0.000, 1.000, 1.000, 1.000, 1.000, 0.013, 0.011, 0.018, 0.012
13.880, -0.040, 0.851, 1.000, 0.000, 1.000, 1.000, 1.000, 1.000, 0.013, 0.011, 0.018, 0.012
13.900, 0.180, 0.834, 1.000, 0.000, 1.000, 1.000, 1.000, 1.000, 0.014, 0.011, 0.019, 0.012
13.920, 0.451, 0.807, 1.000, 0.000, 1.000, 1.000, 1.000, 1.000, 0.014, 0.010, 0.019, 0.012
13.940, 0.695, 0.763, 1.000, 0.000, 1.000, 1.000, 0.295, 1.000, 0.014, 0.010, 0.019, 0.013
13.960, 0.830, 0.703, 1.000, 0.000, 1.000, 1.000, 0.000, 1.000, 0.014, 0.010, 0.018, 0.013
13.980, 0.876, 0.636, 1.000, 0.000, 1.000, 1.000, 0.000, 1.000, 0.014, 0.010, 0.018, 0.012
14.000, 0.886, 0.569, 1.000, 0.000, 1.000, 1.000, 0.000, 1.000, 0.014, 0.010, 0.018, 0.012
14.020, 0.885, 0.499, 1.000, 0.000, 1.000, 1.000, 0.000, 1.000, 0.014, 0.010, 0.017, 0.012
14.040, 0.881, 0.423, 1.000, 0.000, 1.000, 1.000, 0.000, 1.000, 0.014, 0.010, 0.017, 0.012
14.060, 0.874, 0.332, 1.000, 0.000, 1.000, 1.000, 0.000, 1.000, 0.014, 0.010, 0.017, 0.012
14.080, 0.866, 0.216, 1.000, 0.000, 1.000, 1.000, 0.000, 1.000, 0.014, 0.010, 0.017, 0.012
14.100, 0.855, 0.060, 1.000, 0.000, 1.000, 1.000, 0.000, 1.000, 0.015, 0.010, 0.017, 0.012
14.120, 0.838, -0.154, 0.000, 0.000, 1.000, 1.000, 0.000, 0.000, 0.014, 0.010, 0.017, 0.012
14.140, 0.811, -0.422, 0.000, 0.000, 1.000, 1.000, 0.000, 0.000, 0.014, 0.010, 0.017, 0.012
14.160, 0.769, -0.674, 0.000, 0.000, 1.000, 1.000, 0.000, 0.000, 0.013, 0.010, 0.017, 0.012
14.180, 0.710, -0.820, 0.000, 0.000, 1.000, 1.000, 0.000, 0.000, 0.013, 0.010, 0.017, 0.012
14.200, 0.644, -0.873, 0.000, 0.000, 1.000, 1.000, 0.000, 0.000, 0.013, 0.010, 0.017, 0.012
14.220, 0.562, -0.880, 0.000, 1.000, 1.000, 1.000, 0.000, 1.000, 0.014, 0.010, 0.017, 0.012
14.240, 0.441, -0.863, 0.000, 1.000, 1.000, 0.000, 0.130, 1.000, 0.014, 0.010, 0.017, 0.012
14.260, 0.306, -0.853, 0.000, 1.000, 0.000, 1.000, 0.000, 1.000, 0.014, 0.011, 0.017, 0.012
14.280, 0.141, -0.843, 0.000, 1.000, 0.000, 1.000, 0.000, 1.000, 0.014, 0.011, 0.017, 0.012
14.300, -0.159, -0.802, 0.000, 1.000, 0.000, 0.000, 1.000, 1.000, 0.015, 0.011, 0.017, 0.012
14.320, -0.455, -0.777, 0.000, 1.000, 1.000, 0.000, 1.000, 1.000, 0.015, 0.011, 0.018, 0.013
14.340, -0.701, -0.738, 0.000, 1.000, 1.000, 0.000, 1.000, 1.000, 0.015, 0.010, 0.018, 0.013
14.360, -0.833, -0.679, 0.000, 1.000, 1.000, 0.000, 1.000, 1.000, 0.015, 0.010, 0.018, 0.013
14.380, -0.877, -0.605, 0.000, 1.000, 1.000, 0.000, 1.000, 1.000, 0.015, 0.010, 0.018, 0.012
14.400, -0.888, -0.510, 0.000, 1.000, 1.000, 0.000, 1.000, 1.000, 0.015, 0.011, 0.018, 0.012
14.420, -0.886, -0.391, 0.000, 1.000, 1.000, 0.000, 1.000, 1.000, 0.015, 0.011, 0.018, 0.012
14.440, -0.879, -0.246, 0.000, 1.000, 0.000, 0.000, 1.000, 1.000, 0.015, 0.011, 0.018, 0.012
14.460, -0.867, -0.070, 0.000, 1.000, 0.167, 0.000, 1.000, 1.000, 0.015, 0.011, 0.018, 0.012
14.480, -0.850, 0.150, 1.000, 1.000, 1.000, 0.000, 1.000, 0.000, 0.015, 0.011, 0.018, 0.012
14.500, -0.826, 0.409, 1.000, 1.000, 1.000, 0.000, 1.000, 0.000, 0.014, 0.011, 0.018, 0.012
14.520, -0.793, 0.643, 1.000, 1.000, 1.000, 0.000, 1.000, 0.000, 0.014, 0.011, 0.019, 0.012
14.540, -0.751, 0.785, 1.000, 1.000, 0.583, 0.021, 1.000, 0.000, 0.014, 0.011, 0.019, 0.012
14.560, -0.710, 0.840, 1.000, 1.000, 0.000, 0.000, 1.000, 0.000, 0.014, 0.011, 0.019, 0.012
14.580, -0.674, 0.858, 1.000, 1.000, 0.000, 0.000, 1.000, 0.000, 0.014, 0.011, 0.019, 0.012
14.600, -0.646, 0.862, 1.000, 1.000, 0.000, 0.000, 1.000, 0.000, 0.014, 0.011, 0.019, 0.012
14.620, -0.640, 0.851, 1.000, 1.000, 0.000, 0.000, 1.000, 0.000, 0.014, 0.010, 0.018, 0.012
14.640, -0.639, 0.846, 1.000, 1.000, 0.000, 0.000, 1.000, 0.000, 0.014, 0.010, 0.018, 0.012
14.660, -0.639, 0.844, 1.000, 1.000, 0.000, 0.000, 1.000, 0.000, 0.014, 0.010, 0.018, 0.011
14.680, -0.610, 0.861, 1.000, 1.000, 0.000, 1.000, 1.000, 0.000, 0.014, 0.010, 0.018, 0.011
14.700, -0.574, 0.868, 1.000, 1.000, 0.000, 1.000, 1.000, 0.000, 0.013, 0.010, 0.018, 0.011
14.720, -0.548, 0.864, 1.000, 1.000, 0.000, 1.000, 1.000, 0.000, 0.013, 0.010, 0.019, 0.011
14.740, -0.532, 0.857, 1.000, 1.000, 0.000, 1.000, 1.000, 0.000, 0.013, 0.010, 0.019, 0.011
14.760, -0.496, 0.862, 1.000, 1.000, 0.039, 1.000, 1.000, 0.000, 0.013, 0.010, 0.019, 0.011
14.780, -0.455, 0.863, 1.000, 1.000, 0.033, 1.000, 1.000, 0.000, 0.013, 0.010, 0.019, 0.011
14.800, -0.417, 0.857, 1.000, 1.000, 1.000, 1.000, 1.000, 0.000, 0.013, 0.011, 0.019, 0.011
14.820, -0.330, 0.866, 1.000, 0.000, 1.000, 1.000, 0.243, 1.000, 0.014, 0.011, 0.019, 0.012
14.840, -0.217, 0.863, 1.000, 0.000, 1.000, 1.000, 1.000, 1.000, 0.014, 0.011, 0.019, 0.011
14.860, -0.061, 0.853, 1.000, 0.000, 1.000, 1.000, 1.000, 1.000, 0.014, 0.010, 0.019, 0.011
14.880, 0.152, 0.837, 1.000, 0.000, 1.000, 1.000, 1.000, 1.000, 0.015, 0.010, 0.019, 0.011
14.900, 0.419, 0.811, 1.000, 0.000, 1.000, 1.000, 1.000, 1.000, 0.015, 0.010, 0.019, 0.011
14.920, 0.672, 0.769, 1.000, 0.000, 1.000, 1.000, 0.000, 1.000, 0.015, 0.010, 0.019, 0.011
14.940, 0.820, 0.711, 1.000, 0.000, 1.000, 1.000, 0.000, 1.000, 0.015, 0.010, 0.019, 0.011
14.960, 0.873, 0.644, 1.000, 0.000, 1.000, 1.000, 0.000, 1.000, 0.015, 0.010, 0.019, 0.011
14.980, 0.886, 0.577, 1.000, 0.000, 1.000, 1.000, 0.000, 1.000, 0.015, 0.010, 0.018, 0.011
15.000, 0.886, 0.507, 1.000, 0.000, 1.000, 1.000, 0.000, 1.000, 0.015, 0.010, 0.018, 0.011
15.020, 0.881, 0.432, 1.000, 0.000, 1.000, 1.000, 1.000, 1.000, 0.015, 0.010, 0.018, 0.012
15.040, 0.875, 0.343, 1.000, 0.000, 1.000, 1.000, 1.000, 1.000, 0.015, 0.010, 0.018, 0.012
15.060, 0.867, 0.232, 1.000, 0.000, 1.000, 1.000, 1.000, 1.000, 0.015, 0.010, 0.018, 0.012
15.080, 0.856, 0.081, 1.000, 0.000, 1.000, 1.000, 1.000, 1.000, 0.015, 0.010, 0.018, 0.012
15.100, 0.840, -0.125, 0.000, 0.000, 1.000, 1.000, 1.000, 0.000, 0.015, 0.010, 0.018, 0.012
15.120, 0.815, -0.389, 0.000, 0.020, 1.000, 1.000, 0.068, 0.020, 0.015, 0.010, 0.018, 0.012
15.140, 0.774, -0.649, 0.000, 0.062, 1.000, 1.000, 0.000, 0.062, 0.014, 0.010, 0.018, 0.012
15.160, 0.718, -0.809, 0.000, 0.000, 1.000, 1.000, 0.000, 0.000, 0.014, 0.010, 0.018, 0.012
15.180, 0.652, -0.870, 0.000, 0.000, 1.000, 1.000, 0.000, 0.000, 0.014, 0.010, 0.017, 0.011
15.200, 0.559, -0.874, 0.000, 1.000, 0.453, 1.000, 0.000, 1.000, 0.015, 0.010, 0.017, 0.011
15.220, 0.438, -0.861, 0.000, 1.000, 0.000, 0.741, 0.194, 1.000, 0.015, 0.010, 0.018, 0.011
15.240, 0.320, -0.858, 0.000, 1.000, 0.000, 1.000, 0.000, 1.000, 0.015, 0.011, 0.017, 0.011
15.260, 0.165, -0.848, 0.000, 1.000, 1.000, 1.000, 0.000, 1.000, 0.015, 0.010, 0.017, 0.011
15.280, -0.095, -0.817, 0.000, 1.000, 1.000, 0.000, 1.000, 1.000, 0.015, 0.010, 0.018, 0.012
15.300, -0.405, -0.784, 0.000, 1.000, 1.000, 0.000, 1.000, 1.000, 0.016, 0.010, 0.018, 0.012
15.320, -0.665, -0.749, 0.000, 1.000, 1.000, 0.000, 1.000, 1.000, 0.016, 0.010, 0.018, 0.012
15.340, -0.818, -0.691, 0.000, 1.000, 1.000, 0.000, 1.000, 1.000, 0.016, 0.010, 0.019, 0.012
15.360, -0.874, -0.614, 0.000, 1.000, 1.000, 0.000, 1.000, 1.000, 0.016, 0.010, 0.019, 0.012
15.380, -0.888, -0.513, 0.000, 1.000, 1.000, 0.000, 1.000, 1.000, 0.016, 0.011, 0.019, 0.011
15.400, -0.886, -0.394, 0.000, 1.000, 1.000, 0.000, 1.000, 1.000, 0.016, 0.011, 0.019, 0.011
15.420, -0.878, -0.256, 0.000, 1.000, 0.897, 0.000, 1.000, 1.000, 0.016, 0.011, 0.019, 0.011
15.440, -0.867, -0.087, 0.000, 1.000, 1.000, 0.000, 1.000, 1.000, 0.016, 0.011, 0.019, 0.011
15.460, -0.852, 0.128, 1.000, 1.000, 1.000, 0.000, 1.000, 0.000, 0.015, 0.011, 0.019, 0.011
15.480, -0.829, 0.385, 1.000, 1.000, 1.000, 0.000, 1.000, 0.000, 0.015, 0.011, 0.019, 0.011
15.500, -0.796, 0.626, 1.000, 1.000, 1.000, 0.000, 1.000, 0.000, 0.015, 0.012, 0.019, 0.011
15.520, -0.755, 0.776, 1.000, 1.000, 1.000, 0.000, 1.000, 0.000, 0.015, 0.012, 0.019, 0.011
15.540, -0.715, 0.836, 1.000, 1.000, 0.000, 0.000, 1.000, 0.000, 0.015, 0.011, 0.019, 0.011
15.560, -0.681, 0.855, 1.000, 1.000, 0.000, 0.000, 1.000, 0.000, 0.015, 0.011, 0.019, 0.011
15.580, -0.659, 0.856, 1.000, 1.000, 0.000, 0.000, 1.000, 0.000, 0.015, 0.011, 0.019, 0.011
15.600, -0.662, 0.842, 1.000, 1.000, 0.000, 0.000, 1.000, 0.000, 0.014, 0.010, 0.019, 0.011
15.620, -0.659, 0.842, 1.000, 1.000, 0.000, 0.000, 1.000, 0.000, 0.014, 0.010, 0.018, 0.011
15.640, -0.642, 0.852, 1.000, 1.000, 0.000, 1.000, 1.000, 0.000, 0.014, 0.010, 0.019, 0.011
15.660, -0.603, 0.868, 1.000, 1.000, 0.110, 1.000, 0.000, 0.000, 0.014, 0.010, 0.019, 0.011
15.680, -0.577, 0.865, 1.000, 1.000, 0.000, 1.000, 1.000, 0.000, 0.014, 0.010, 0.019, 0.011
15.700, -0.558, 0.860, 1.000, 1.000, 0.000, 1.000, 1.000, 0.000, 0.014, 0.010, 0.019, 0.011
15.720, -0.531, 0.862, 1.000, 1.000, 0.000, 1.000, 1.000, 0.000, 0.014, 0.010, 0.019, 0.011
15.740, -0.494, 0.864, 1.000, 1.000, 0.000, 1.000, 1.000, 0.000, 0.014, 0.010, 0.020, 0.011
15.760, -0.471, 0.856, 1.000, 1.000, 0.000, 1.000, 1.000, 0.000, 0.014, 0.010, 0.020, 0.011
15.780, -0.404, 0.867, 1.000, 1.000, 1.000, 1.000, 1.000, 0.000, 0.014, 0.011, 0.020, 0.011
15.800, -0.312, 0.868, 1.000, 0.000, 1.000, 1.000, 1.000, 1.000, 0.015, 0.010, 0.020, 0.011
15.820, -0.192, 0.863, 1.000, 0.000, 1.000, 1.000, 1.000, 1.000, 0.015, 0.010, 0.020, 0.011
15.840, -0.027, 0.851, 1.000, 0.000, 1.000, 1.000, 1.000, 1.000, 0.015, 0.010, 0.020, 0.011
15.860, 0.198, 0.833, 1.000, 0.000, 1.000, 1.000, 1.000, 1.000, 0.015, 0.010, 0.020, 0.011
15.880, 0.471, 0.805, 1.000, 0.000, 1.000, 1.000, 1.000, 1.000, 0.016, 0.010, 0.020, 0.011
15.900, 0.709, 0.759, 1.000, 0.000, 1.000, 1.000, 0.000, 1.000, 0.016, 0.010, 0.020, 0.011
15.920, 0.835, 0.699, 1.000, 0.000, 1.000, 1.000, 0.000, 1.000, 0.016, 0.010, 0.019, 0.011
15.940, 0.877, 0.632, 1.000, 0.000, 1.000, 1.000, 0.000, 1.000, 0.016, 0.010, 0.019, 0.011
15.960, 0.887, 0.564, 1.000, 0.000, 1.000, 1.000, 1.000, 1.000, 0.016, 0.010, 0.019, 0.011
15.980, 0.885, 0.494, 1.000, 0.000, 1.000, 1.000, 1.000, 1.000, 0.016, 0.010, 0.019, 0.012
16.000, 0.880, 0.417, 1.000, 0.000, 1.000, 1.000, 1.000, 1.000, 0.016, 0.010, 0.019, 0.012
16.020, 0.874, 0.325, 1.000, 0.000, 1.000, 1.000, 1.000, 1.000, 0.016, 0.010, 0.018, 0.012
16.040, 0.865, 0.207, 1.000, 0.000, 1.000, 1.000, 1.000, 1.000, 0.016, 0.010, 0.018, 0.012
16.060, 0.854, 0.048, 1.000, 0.000, 1.000, 1.000, 1.000, 1.000, 0.016, 0.010, 0.018, 0.012
16.080, 0.836, -0.171, 0.000, 0.069, 1.000, 1.000, 1.000, 0.069, 0.016, 0.010, 0.018, 0.012
16.100, 0.808, -0.441, 0.000, 0.129, 1.000, 1.000, 0.000, 0.129, 0.015, 0.010, 0.018, 0.012
16.120, 0.765, -0.688, 0.000, 0.000, 1.000, 1.000, 0.000, 0.000, 0.015, 0.010, 0.018, 0.011
16.140, 0.706, -0.826, 0.000, 0.000, 1.000, 1.000, 0.000, 0.000, 0.015, 0.010, 0.018, 0.011
16.160, 0.573, -0.835, 0.000, 1.000, 0.000, 1.000, 0.000, 1.000, 0.015, 0.010, 0.018, 0.011
16.180, 0.452, -0.844, 0.000, 1.000, 0.000, 1.000, 0.216, 1.000, 0.016, 0.011, 0.018, 0.011
16.200, 0.326, -0.847, 0.000, 1.000, 1.000, 1.000, 0.000, 1.000, 0.016, 0.010, 0.018, 0.011
16.220, 0.178, -0.845, 0.000, 1.000, 1.000, 1.000, 0.000, 1.000, 0.016, 0.010, 0.018, 0.011
16.240, -0.104, -0.808, 0.000, 1.000, 1.000, 0.000, 1.000, 1.000, 0.016, 0.010, 0.018, 0.011
16.260, -0.398, -0.784, 0.000, 1.000, 1.000, 0.000, 1.000, 1.000, 0.016, 0.010, 0.019, 0.012
16.280, -0.661, -0.749, 0.000, 1.000, 1.000, 0.000, 1.000, 1.000, 0.016, 0.010, 0.019, 0.011
16.300, -0.817, -0.690, 0.000, 1.000, 1.000, 0.000, 1.000, 1.000, 0.016, 0.010, 0.019, 0.011
16.320, -0.873, -0.617, 0.000, 1.000, 1.000, 0.000, 1.000, 1.000, 0.016, 0.010, 0.019, 0.011
16.340, -0.887, -0.522, 0.000, 1.000, 1.000, 0.000, 1.000, 1.000, 0.017, 0.010, 0.019, 0.011
16.360, -0.886, -0.402, 0.000, 1.000, 1.000, 0.000, 1.000, 1.000, 0.017, 0.011, 0.019, 0.011
16.380, -0.879, -0.259, 0.000, 1.000, 0.000, 0.000, 1.000, 1.000, 0.017, 0.010, 0.019, 0.011
16.400, -0.868, -0.091, 0.000, 1.000, 1.000, 0.000, 1.000, 1.000, 0.017, 0.011, 0.020, 0.011
16.420, -0.853, 0.125, 1.000, 1.000, 1.000, 0.000, 1.000, 0.000, 0.016, 0.011, 0.020, 0.011
16.440, -0.830, 0.381, 1.000, 1.000, 0.571, 0.000, 1.000, 0.000, 0.016, 0.011, 0.020, 0.011
16.460, -0.799, 0.619, 1.000, 1.000, 1.000, 0.000, 1.000, 0.000, 0.016, 0.011, 0.020, 0.011
16.480, -0.759, 0.770, 1.000, 1.000, 1.000, 0.000, 1.000, 0.000, 0.015, 0.011, 0.020, 0.011
16.500, -0.718, 0.834, 1.000, 1.000, 0.994, 0.000, 1.000, 0.000, 0.015, 0.011, 0.020, 0.011
16.520, -0.684, 0.854, 1.000, 1.000, 0.000, 0.000, 1.000, 0.000, 0.015, 0.011, 0.020, 0.011
16.540, -0.656, 0.859, 1.000, 1.000, 0.000, 0.000, 1.000, 0.000, 0.015, 0.010, 0.020, 0.011
16.560, -0.641, 0.855, 1.000, 1.000, 0.000, 0.000, 1.000, 0.000, 0.015, 0.010, 0.019, 0.011
16.580, -0.655, 0.837, 1.000, 1.000, 0.000, 0.000, 1.000, 0.000, 0.015, 0.010, 0.019, 0.011
16.600, -0.651, 0.842, 1.000, 1.000, 0.000, 0.000, 1.000, 0.000, 0.015, 0.010, 0.019, 0.011
16.620, -0.629, 0.856, 1.000, 1.000, 0.000, 1.000, 1.000, 0.000, 0.015, 0.010, 0.019, 0.010
16.640, -0.597, 0.865, 1.000, 1.000, 0.000, 1.000, 0.000, 0.000, 0.015, 0.010, 0.019, 0.011
16.660, -0.576, 0.862, 1.000, 1.000, 0.000, 1.000, 1.000, 0.000, 0.015, 0.010, 0.020, 0.011
16.680, -0.532, 0.870, 1.000, 1.000, 0.121, 1.000, 1.000, 0.000, 0.015, 0.010, 0.020, 0.011
16.700, -0.499, 0.865, 1.000, 1.000, 0.000, 1.000, 0.914, 0.000, 0.015, 0.010, 0.020, 0.011
16.720, -0.478, 0.856, 1.000, 1.000, 0.000, 1.000, 1.000, 0.000, 0.015, 0.010, 0.020, 0.011
16.740, -0.405, 0.870, 1.000, 0.000, 1.000, 1.000, 1.000, 1.000, 0.015, 0.010, 0.020, 0.010
16.760, -0.312, 0.869, 1.000, 0.000, 1.000, 1.000, 1.000, 1.000, 0.016, 0.010, 0.020, 0.010
16.780, -0.191, 0.863, 1.000, 0.000, 1.000, 1.000, 1.000, 1.000, 0.016, 0.010, 0.020, 0.010
16.800, -0.026, 0.852, 1.000, 0.000, 1.000, 1.000, 1.000, 1.000, 0.016, 0.010, 0.020, 0.010
16.820, 0.199, 0.833, 1.000, 0.000, 1.000, 1.000, 1.000, 1.000, 0.016, 0.010, 0.020, 0.010
16.840, 0.472, 0.804, 1.000, 0.000, 1.000, 1.000, 1.000, 1.000, 0.016, 0.010, 0.020, 0.011
16.860, 0.709, 0.759, 1.000, 0.000, 1.000, 1.000, 0.000, 1.000, 0.016, 0.010, 0.020, 0.011
16.880, 0.835, 0.698, 1.000, 0.000, 1.000, 1.000, 0.000, 1.000, 0.016, 0.010, 0.020, 0.010
16.900, 0.878, 0.632, 1.000, 0.000, 1.000, 1.000, 0.000, 1.000, 0.017, 0.010, 0.019, 0.010
16.920, 0.887, 0.564, 1.000, 0.000, 1.000, 1.000, 0.540, 1.000, 0.017, 0.010, 0.019, 0.011
16.940, 0.885, 0.494, 1.000, 0.000, 1.000, 1.000, 1.000, 1.000, 0.017, 0.010, 0.019, 0.011
16.960, 0.880, 0.417, 1.000, 0.000, 1.000, 1.000, 1.000, 1.000, 0.017, 0.010, 0.019, 0.011
16.980, 0.874, 0.325, 1.000, 0.000, 1.000, 1.000, 1.000, 1.000, 0.017, 0.010, 0.019, 0.012
17.000, 0.865, 0.207, 1.000, 0.000, 1.000, 1.000, 0.000, 1.000, 0.017, 0.010, 0.019, 0.011
17.020, 0.854, 0.047, 1.000, 0.000, 1.000, 1.000, 1.000, 1.000, 0.017, 0.009, 0.019, 0.011
17.040, 0.836, -0.172, 0.000, 0.000, 1.000, 1.000, 0.719, 0.000, 0.016, 0.009, 0.019, 0.011
17.060, 0.808, -0.442, 0.000, 0.000, 1.000, 1.000, 0.805, 0.000, 0.016, 0.009, 0.019, 0.012
17.080, 0.765, -0.688, 0.000, 0.000, 1.000, 1.000, 0.000, 0.000, 0.016, 0.009, 0.019, 0.011
17.100, 0.706, -0.827, 0.000, 0.000, 1.000, 1.000, 0.000, 0.000, 0.016, 0.009, 0.018, 0.011
17.120, 0.564, -0.829, 0.000, 1.000, 0.000, 1.000, 0.000, 1.000, 0.016, 0.010, 0.018, 0.011
17.140, 0.413, -0.828, 0.000, 1.000, 0.000, 1.000, 0.000, 1.000, 0.016, 0.010, 0.018, 0.011
17.160, 0.244, -0.826, 0.000, 1.000, 0.000, 1.000, 0.063, 1.000, 0.017, 0.011, 0.018, 0.011
17.180, 0.033, -0.818, 0.000, 1.000, 0.000, 1.000, 0.068, 1.000, 0.017, 0.011, 0.018, 0.011
17.200, -0.264, -0.791, 0.000, 1.000, 0.000, 1.000, 1.000, 1.000, 0.017, 0.011, 0.018, 0.011
17.220, -0.566, -0.756, 0.000, 1.000, 1.000, 0.000, 1.000, 1.000, 0.017, 0.010, 0.019, 0.011
17.240, -0.771, -0.708, 0.000, 1.000, 1.000, 0.000, 1.000, 1.000, 0.017, 0.010, 0.019, 0.012
17.260, -0.857, -0.645, 0.000, 1.000, 1.000, 0.000, 1.000, 1.000, 0.017, 0.010, 0.019, 0.011
17.280, -0.883, -0.564, 0.000, 1.000, 1.000, 0.000, 1.000, 1.000, 0.017, 0.010, 0.020, 0.011
17.300, -0.886, -0.467, 0.000, 1.000, 1.000, 0.000, 1.000, 1.000, 0.017, 0.010, 0.020, 0.011
17.320, -0.882, -0.351, 0.000, 1.000, 1.000, 0.000, 1.000, 1.000, 0.017, 0.011, 0.020, 0.011
17.340, -0.875, -0.204, 0.000, 1.000, 1.000, 0.000, 1.000, 1.000, 0.017, 0.011, 0.020, 0.011
17.360, -0.863, -0.019, 0.000, 1.000, 1.000, 0.000, 1.000, 1.000, 0.017, 0.011, 0.020, 0.011
17.380, -0.846, 0.213, 1.000, 1.000, 1.000, 0.000, 1.000, 0.000, 0.017, 0.011, 0.020, 0.011
17.400, -0.821, 0.471, 1.000, 1.000, 1.000, 0.000, 1.000, 0.000, 0.017, 0.011, 0.020, 0.010
17.420, -0.787, 0.682, 1.000, 1.000, 0.741, 0.000, 1.000, 0.000, 0.016, 0.011, 0.020, 0.010
17.440, -0.747, 0.797, 1.000, 1.000, 0.503, 0.029, 1.000, 0.000, 0.016, 0.011, 0.020, 0.010
17.460, -0.709, 0.842, 1.000, 1.000, 1.000, 0.000, 1.000, 0.000, 0.016, 0.011, 0.020, 0.010
17.480, -0.681, 0.853, 1.000, 1.000, 0.000, 0.000, 1.000, 0.000, 0.016, 0.011, 0.020, 0.010
17.500, -0.657, 0.857, 1.000, 1.000, 0.511, 0.000, 1.000, 0.000, 0.016, 0.011, 0.020, 0.010
17.520, -0.659, 0.843, 1.000, 1.000, 0.000, 0.000, 1.000, 0.000, 0.016, 0.011, 0.020, 0.010
17.540, -0.662, 0.839, 1.000, 1.000, 0.000, 0.000, 1.000, 0.000, 0.016, 0.010, 0.019, 0.010
17.560, -0.665, 0.837, 1.000, 1.000, 0.000, 0.000, 1.000, 0.000, 0.016, 0.010, 0.019, 0.010
17.580, -0.653, 0.847, 1.000, 1.000, 0.000, 0.000, 1.000, 0.000, 0.016, 0.010, 0.019, 0.010
17.600, -0.598, 0.874, 1.000, 1.000, 0.691, 1.000, 0.000, 0.000, 0.016, 0.011, 0.019, 0.011
17.620, -0.571, 0.867, 1.000, 1.000, 0.000, 1.000, 1.000, 0.000, 0.016, 0.010, 0.020, 0.011
17.640, -0.544, 0.864, 1.000, 1.000, 0.000, 1.000, 1.000, 0.000, 0.016, 0.010, 0.020, 0.010
17.660, -0.515, 0.862, 1.000, 1.000, 0.000, 1.000, 0.094, 0.000, 0.016, 0.010, 0.020, 0.011
17.680, -0.497, 0.856, 1.000, 1.000, 0.000, 1.000, 1.000, 0.000, 0.016, 0.010, 0.020, 0.011
17.700, -0.452, 0.862, 1.000, 1.000, 1.000, 1.000, 1.000, 0.000, 0.015, 0.011, 0.020, 0.010
17.720, -0.372, 0.870, 1.000, 0.000, 1.000, 1.000, 0.352, 1.000, 0.016, 0.010, 0.020, 0.011
17.740, -0.270, 0.867, 1.000, 0.000, 1.000, 1.000, 1.000, 1.000, 0.016, 0.010, 0.020, 0.010
17.760, -0.135, 0.859, 1.000, 0.000, 1.000, 1.000, 1.000, 1.000, 0.017, 0.010, 0.020, 0.010
17.780, 0.052, 0.846, 1.000, 0.000, 1.000, 1.000, 1.000, 1.000, 0.017, 0.010, 0.020, 0.010
17.800, 0.300, 0.824, 1.000, 0.000, 1.000, 1.000, 1.000, 1.000, 0.017, 0.010, 0.020, 0.010
17.820, 0.572, 0.789, 1.000, 0.000, 1.000, 1.000, 0.000, 1.000, 0.017, 0.010, 0.021, 0.010
17.840, 0.770, 0.738, 1.000, 0.000, 1.000, 1.000, 0.000, 1.000, 0.017, 0.010, 0.021, 0.010
17.860, 0.858, 0.673, 1.000, 0.000, 1.000, 1.000, 0.000, 1.000, 0.017, 0.010, 0.020, 0.010
17.880, 0.883, 0.606, 1.000, 0.000, 1.000, 1.000, 0.000, 1.000, 0.017, 0.010, 0.020, 0.010
17.900, 0.887, 0.538, 1.000, 0.000, 1.000, 1.000, 0.000, 1.000, 0.017, 0.010, 0.019, 0.010
17.920, 0.884, 0.466, 1.000, 0.000, 1.000, 1.000, 0.848, 1.000, 0.017, 0.010, 0.019, 0.010
17.940, 0.878, 0.384, 1.000, 0.000, 1.000, 1.000, 1.000, 1.000, 0.017, 0.010, 0.019, 0.011
17.960, 0.871, 0.284, 1.000, 0.000, 1.000, 1.000, 1.000, 1.000, 0.017, 0.010, 0.019, 0.011
17.980, 0.861, 0.152, 1.000, 0.000, 1.000, 1.000, 1.000, 1.000, 0.017, 0.010, 0.019, 0.011
18.000, 0.848, -0.028, 0.000, 0.000, 1.000, 1.000, 1.000, 0.000, 0.017, 0.010, 0.019, 0.011
18.020, 0.827, -0.270, 0.000, 0.000, 1.000, 1.000, 0.334, 0.000, 0.017, 0.010, 0.019, 0.011
18.040, 0.794, -0.544, 0.000, 0.000, 1.000, 1.000, 0.000, 0.000, 0.016, 0.010, 0.019, 0.011
18.060, 0.744, -0.755, 0.000, 0.000, 1.000, 1.000, 0.000, 0.000, 0.016, 0.010, 0.019, 0.011
18.080, 0.612, -0.798, 0.000, 1.000, 0.000, 1.000, 0.000, 1.000, 0.017, 0.010, 0.019, 0.010
18.100, 0.481, -0.822, 0.000, 1.000, 0.000, 1.000, 0.000, 1.000, 0.017, 0.011, 0.019, 0.010
18.120, 0.340, -0.830, 0.000, 1.000, 0.000, 1.000, 0.000, 1.000, 0.017, 0.011, 0.019, 0.010
18.140, 0.182, -0.833, 0.000, 1.000, 1.000, 0.000, 1.000, 1.000, 0.017, 0.010, 0.019, 0.011
18.160, -0.008, -0.830, 0.000, 1.000, 1.000, 0.000, 1.000, 1.000, 0.017, 0.010, 0.019, 0.011
18.180, -0.285, -0.806, 0.000, 1.000, 1.000, 0.000, 1.000, 1.000, 0.018, 0.010, 0.020, 0.011
18.200, -0.578, -0.768, 0.000, 1.000, 1.000, 0.000, 1.000, 1.000, 0.018, 0.010, 0.020, 0.012
18.220, -0.783, -0.708, 0.000, 1.000, 1.000, 0.000, 1.000, 1.000, 0.018, 0.010, 0.020, 0.011
18.240, -0.864, -0.635, 0.000, 1.000, 1.000, 0.000, 1.000, 1.000, 0.018, 0.010, 0.020, 0.011
18.260, -0.885, -0.549, 0.000, 1.000, 1.000, 0.000, 1.000, 1.000, 0.018, 0.011, 0.020, 0.011
18.280, -0.888, -0.425, 0.000, 1.000, 0.117, 0.000, 1.000, 1.000, 0.018, 0.010, 0.020, 0.011
18.300, -0.882, -0.281, 0.000, 1.000, 0.143, 0.000, 1.000, 1.000, 0.018, 0.010, 0.020, 0.010
18.320, -0.870, -0.113, 0.000, 1.000, 1.000, 0.000, 1.000, 1.000, 0.018, 0.011, 0.020, 0.010
18.340, -0.856, 0.098, 1.000, 1.000, 1.000, 0.000, 1.000, 0.000, 0.017, 0.011, 0.020, 0.010
18.360, -0.835, 0.350, 1.000, 1.000, 0.842, 0.000, 1.000, 0.000, 0.017, 0.011, 0.020, 0.010
18.380, -0.806, 0.592, 1.000, 1.000, 0.391, 0.087, 1.000, 0.000, 0.017, 0.011, 0.020, 0.010
18.400, -0.769, 0.751, 1.000, 1.000, 0.000, 0.000, 1.000, 0.000, 0.017, 0.010, 0.020, 0.010
18.420, -0.730, 0.824, 1.000, 1.000, 0.000, 0.000, 1.000, 0.000, 0.017, 0.010, 0.021, 0.010
18.440, -0.697, 0.848, 1.000, 1.000, 0.149, 0.000, 1.000, 0.000, 0.017, 0.010, 0.021, 0.010
18.460, -0.671, 0.855, 1.000, 1.000, 1.000, 0.000, 1.000, 0.000, 0.016, 0.011, 0.020, 0.010
18.480, -0.678, 0.837, 1.000, 1.000, 0.000, 0.000, 1.000, 0.000, 0.016, 0.010, 0.020, 0.010
18.500, -0.679, 0.835, 1.000, 1.000, 0.000, 0.000, 1.000, 0.000, 0.016, 0.010, 0.019, 0.010
18.520, -0.682, 0.834, 1.000, 1.000, 0.000, 0.000, 1.000, 0.000, 0.016, 0.010, 0.019, 0.010
18.540, -0.653, 0.855, 1.000, 1.000, 0.000, 0.436, 1.000, 0.000, 0.016, 0.010, 0.019, 0.010
18.560, -0.607, 0.872, 1.000, 1.000, 0.162, 1.000, 0.000, 0.000, 0.016, 0.010, 0.020, 0.011
18.580, -0.583, 0.865, 1.000, 1.000, 0.000, 1.000, 1.000, 0.000, 0.016, 0.010, 0.020, 0.010
18.600, -0.549, 0.867, 1.000, 1.000, 0.000, 1.000, 0.000, 0.000, 0.016, 0.010, 0.020, 0.011
18.620, -0.523, 0.862, 1.000, 1.000, 0.000, 1.000, 0.000, 0.000, 0.016, 0.010, 0.020, 0.011
18.640, -0.506, 0.856, 1.000, 1.000, 0.000, 1.000, 1.000, 0.000, 0.016, 0.010, 0.021, 0.011
18.660, -0.451, 0.867, 1.000, 1.000, 1.000, 1.000, 1.000, 0.000, 0.016, 0.010, 0.021, 0.010
18.680, -0.370, 0.872, 1.000, 0.000, 1.000, 1.000, 1.000, 1.000, 0.017, 0.010, 0.021, 0.010
18.700, -0.267, 0.868, 1.000, 0.000, 1.000, 1.000, 1.000, 1.000, 0.017, 0.010, 0.021, 0.010
18.720, -0.130, 0.859, 1.000, 0.000, 1.000, 1.000, 1.000, 1.000, 0.017, 0.010, 0.021, 0.010
18.740, 0.058, 0.845, 1.000, 0.000, 1.000, 1.000, 1.000, 1.000, 0.017, 0.010, 0.021, 0.010
18.760, 0.308, 0.823, 1.000, 0.000, 1.000, 1.000, 1.000, 1.000, 0.017, 0.010, 0.021, 0.011
18.780, 0.579, 0.788, 1.000, 0.000, 1.000, 1.000, 0.314, 1.000, 0.017, 0.010, 0.021, 0.011
18.800, 0.774, 0.736, 1.000, 0.000, 1.000, 1.000, 0.000, 1.000, 0.018, 0.010, 0.020, 0.010
18.820, 0.859, 0.671, 1.000, 0.000, 1.000, 1.000, 0.000, 1.000, 0.018, 0.010, 0.020, 0.010
18.840, 0.883, 0.604, 1.000, 0.000, 1.000, 1.000, 0.000, 1.000, 0.018, 0.010, 0.020, 0.010
18.860, 0.887, 0.536, 1.000, 0.000, 1.000, 1.000, 0.058, 1.000, 0.018, 0.010, 0.020, 0.010
18.880, 0.883, 0.464, 1.000, 0.000, 1.000, 1.000, 1.000, 1.000, 0.018, 0.010, 0.019, 0.011
18.900, 0.878, 0.381, 1.000, 0.000, 1.000, 1.000, 1.000, 1.000, 0.018, 0.010, 0.019, 0.011
18.920, 0.871, 0.280, 1.000, 0.000, 1.000, 1.000, 1.000, 1.000, 0.018, 0.009, 0.019, 0.011
18.940, 0.861, 0.148, 1.000, 0.000, 1.000, 1.000, 0.000, 1.000, 0.018, 0.009, 0.019, 0.011
18.960, 0.847, -0.034, 0.000, 0.000, 1.000, 1.000, 1.000, 0.000, 0.017, 0.009, 0.019, 0.011
18.980, 0.826, -0.278, 0.000, 0.000, 1.000, 1.000, 1.000, 0.000, 0.017, 0.009, 0.019, 0.011
19.000, 0.793, -0.552, 0.000, 0.000, 1.000, 1.000, 0.000, 0.000, 0.017, 0.009, 0.019, 0.011
19.020, 0.737, -0.753, 0.000, 1.000, 1.000, 1.000, 0.000, 1.000, 0.017, 0.009, 0.019, 0.011
19.040, 0.607, -0.799, 0.000, 1.000, 0.000, 1.000, 0.000, 1.000, 0.018, 0.010, 0.019, 0.010
19.060, 0.479, -0.823, 0.000, 1.000, 1.000, 1.000, 0.000, 1.000, 0.018, 0.010, 0.019, 0.010
19.080, 0.360, -0.840, 0.000, 1.000, 1.000, 1.000, 0.000, 1.000, 0.018, 0.010, 0.019, 0.010
19.100, 0.226, -0.844, 0.000, 1.000, 1.000, 0.573, 1.000, 1.000, 0.018, 0.009, 0.019, 0.011
19.120, 0.029, -0.833, 0.000, 1.000, 1.000, 0.000, 1.000, 1.000, 0.018, 0.009, 0.020, 0.011
19.140, -0.228, -0.813, 0.000, 1.000, 1.000, 0.000, 1.000, 1.000, 0.018, 0.009, 0.020, 0.011
19.160, -0.533, -0.774, 0.000, 1.000, 1.000, 0.000, 1.000, 1.000, 0.018, 0.009, 0.020, 0.012
19.180, -0.757, -0.720, 0.000, 1.000, 1.000, 0.000, 1.000, 1.000, 0.018, 0.009, 0.020, 0.011
19.200, -0.855, -0.651, 0.000, 1.000, 1.000, 0.000, 1.000, 1.000, 0.018, 0.010, 0.020, 0.011
19.220, -0.884, -0.563, 0.000, 1.000, 1.000, 0.000, 1.000, 1.000, 0.018, 0.010, 0.020, 0.011
19.240, -0.889, -0.434, 0.000, 1.000, 0.294, 0.000, 1.000, 1.000, 0.018, 0.010, 0.020, 0.010
19.260, -0.882, -0.290, 0.000, 1.000, 0.722, 0.000, 1.000, 1.000, 0.019, 0.010, 0.020, 0.010
19.280, -0.872, -0.121, 0.000, 1.000, 1.000, 0.000, 1.000, 1.000, 0.019, 0.010, 0.020, 0.010
19.300, -0.858, 0.090, 1.000, 1.000, 0.978, 0.000, 1.000, 0.000, 0.018, 0.011, 0.021, 0.010
19.320, -0.837, 0.341, 1.000, 1.000, 0.410, 0.000, 1.000, 0.000, 0.018, 0.010, 0.021, 0.010
19.340, -0.807, 0.584, 1.000, 1.000, 0.723, 0.063, 1.000, 0.000, 0.017, 0.010, 0.021, 0.010
19.360, -0.770, 0.748, 1.000, 1.000, 0.755, 0.000, 1.000, 0.000, 0.017, 0.011, 0.021, 0.010
19.380, -0.730, 0.824, 1.000, 1.000, 1.000, 0.000, 1.000, 0.000, 0.017, 0.011, 0.021, 0.010
19.400, -0.699, 0.846, 1.000, 1.000, 0.000, 0.000, 1.000, 0.000, 0.017, 0.010, 0.021, 0.010
19.420, -0.683, 0.847, 1.000, 1.000, 0.000, 0.000, 1.000, 0.000, 0.017, 0.010, 0.021, 0.010
19.440, -0.692, 0.831, 1.000, 1.000, 0.000, 0.000, 1.000, 0.000, 0.017, 0.010, 0.020, 0.010
19.460, -0.690, 0.833, 1.000, 1.000, 0.000, 0.000, 1.000, 0.000, 0.017, 0.010, 0.020, 0.010
19.480, -0.678, 0.842, 1.000, 1.000, 0.000, 0.000, 1.000, 0.000, 0.017, 0.010, 0.020, 0.010
19.500, -0.624, 0.872, 1.000, 1.000, 0.761, 1.000, 0.000, 0.000, 0.017, 0.010, 0.020, 0.011
19.520, -0.600, 0.865, 1.000, 1.000, 0.022, 1.000, 0.000, 0.000, 0.017, 0.010, 0.020, 0.011
19.540, -0.583, 0.860, 1.000, 1.000, 0.000, 1.000, 0.740, 0.000, 0.017, 0.010, 0.021, 0.011
19.560, -0.549, 0.866, 1.000, 1.000, 0.000, 1.000, 1.000, 0.000, 0.017, 0.010, 0.021, 0.010
19.580, -0.525, 0.861, 1.000, 1.000, 0.000, 1.000, 1.000, 0.000, 0.017, 0.010, 0.021, 0.010
19.600, -0.524, 0.849, 1.000, 1.000, 0.000, 1.000, 1.000, 0.000, 0.017, 0.010, 0.021, 0.010
19.620, -0.458, 0.870, 1.000, 0.000, 1.000, 1.000, 1.000, 1.000, 0.017, 0.010, 0.021, 0.010
19.640, -0.378, 0.873, 1.000, 0.000, 1.000, 1.000, 1.000, 1.000, 0.017, 0.010, 0.021, 0.010
19.660, -0.278, 0.869, 1.000, 0.000, 1.000, 1.000, 1.000, 1.000, 0.018, 0.010, 0.021, 0.010
19.680, -0.144, 0.860, 1.000, 0.000, 1.000, 1.000, 1.000, 1.000, 0.018, 0.010, 0.021, 0.010
19.700, 0.039, 0.847, 1.000, 0.000, 1.000, 1.000, 1.000, 1.000, 0.018, 0.010, 0.021, 0.010
19.720, 0.284, 0.826, 1.000, 0.000, 1.000, 1.000, 1.000, 1.000, 0.018, 0.010, 0.021, 0.010
19.740, 0.557, 0.792, 1.000, 0.000, 1.000, 1.000, 0.000, 1.000, 0.018, 0.009, 0.021, 0.010
19.760, 0.762, 0.741, 1.000, 0.000, 1.000, 1.000, 0.000, 1.000, 0.018, 0.009, 0.021, 0.010
19.780, 0.855, 0.677, 1.000, 0.000, 1.000, 1.000, 0.000, 1.000, 0.018, 0.009, 0.020, 0.010
19.800, 0.882, 0.610, 1.000, 0.000, 1.000, 1.000, 0.000, 1.000, 0.018, 0.009, 0.020, 0.010
19.820, 0.887, 0.542, 1.000, 0.000, 1.000, 1.000, 1.000, 1.000, 0.018, 0.009, 0.020, 0.010
19.840, 0.884, 0.470, 1.000, 0.000, 1.000, 1.000, 1.000, 1.000, 0.018, 0.009, 0.020, 0.011
19.860, 0.878, 0.389, 1.000, 0.000, 1.000, 1.000, 1.000, 1.000, 0.018, 0.009, 0.020, 0.011
19.880, 0.871, 0.290, 1.000, 0.000, 1.000, 1.000, 1.000, 1.000, 0.019, 0.009, 0.020, 0.011
19.900, 0.862, 0.161, 1.000, 0.000, 1.000, 1.000, 1.000, 1.000, 0.019, 0.009, 0.020, 0.011
19.920, 0.849, -0.016, 0.000, 0.000, 1.000, 1.000, 1.000, 0.000, 0.018, 0.009, 0.020, 0.011
19.940, 0.829, -0.254, 0.000, 0.000, 1.000, 1.000, 1.000, 0.000, 0.018, 0.009, 0.019, 0.012
19.960, 0.796, -0.529, 0.000, 0.000, 1.000, 1.000, 0.000, 0.000, 0.017, 0.009, 0.019, 0.011
19.980, 0.710, -0.700, 0.000, 1.000, 0.000, 1.000, 0.000, 1.000, 0.018, 0.010, 0.019, 0.011
20.000, 0.597, -0.781, 0.000, 1.000, 0.000, 1.000, 0.000, 1.000, 0.018, 0.010, 0.019, 0.011
20.020, 0.493, -0.825, 0.000, 1.000, 0.000, 1.000, 0.000, 1.000, 0.018, 0.010, 0.019, 0.010
20.040, 0.391, -0.847, 0.000, 1.000, 0.000, 1.000, 1.000, 1.000, 0.019, 0.011, 0.019, 0.011
20.060, 0.266, -0.850, 0.000, 1.000, 1.000, 0.000, 1.000, 1.000, 0.019, 0.010, 0.020, 0.011
20.080, 0.105, -0.844, 0.000, 1.000, 1.000, 0.000, 1.000, 1.000, 0.019, 0.010, 0.020, 0.011
20.100, -0.141, -0.821, 0.000, 1.000, 1.000, 0.000, 1.000, 1.000, 0.019, 0.010, 0.020, 0.012
20.120, -0.447, -0.786, 0.000, 1.000, 1.000, 0.000, 1.000, 1.000, 0.019, 0.010, 0.020, 0.011
20.140, -0.704, -0.739, 0.000, 1.000, 1.000, 0.000, 1.000, 1.000, 0.019, 0.010, 0.021, 0.011
20.160, -0.836, -0.673, 0.000, 1.000, 1.000, 0.000, 1.000, 1.000, 0.019, 0.010, 0.021, 0.011
20.180, -0.883, -0.567, 0.000, 1.000, 1.000, 0.000, 1.000, 1.000, 0.019, 0.011, 0.021, 0.011
20.200, -0.889, -0.439, 0.000, 1.000, 0.552, 0.000, 1.000, 1.000, 0.019, 0.010, 0.021, 0.010
20.220, -0.882, -0.299, 0.000, 1.000, 1.000, 0.000, 1.000, 1.000, 0.019, 0.011, 0.021, 0.010
20.240, -0.872, -0.130, 0.000, 1.000, 1.000, 0.000, 1.000, 1.000, 0.019, 0.011, 0.021, 0.010
20.260, -0.859, 0.079, 1.000, 1.000, 0.796, 0.000, 1.000, 0.000, 0.019, 0.011, 0.021, 0.010
20.280, -0.839, 0.328, 1.000, 1.000, 0.469, 0.084, 1.000, 0.000, 0.018, 0.011, 0.021, 0.010
20.300, -0.810, 0.573, 1.000, 1.000, 1.000, 0.000, 1.000, 0.000, 0.018, 0.011, 0.021, 0.010
20.320, -0.773, 0.741, 1.000, 1.000, 1.000, 0.000, 1.000, 0.000, 0.018, 0.011, 0.021, 0.010
20.340, -0.738, 0.815, 1.000, 1.000, 0.000, 0.000, 1.000, 0.000, 0.018, 0.011, 0.021, 0.010
20.360, -0.705, 0.845, 1.000, 1.000, 0.000, 0.000, 1.000, 0.000, 0.018, 0.010, 0.021, 0.010
20.380, -0.688, 0.846, 1.000, 1.000, 0.000, 0.000, 1.000, 0.000, 0.018, 0.010, 0.021, 0.010
20.400, -0.697, 0.829, 1.000, 1.000, 0.000, 0.000, 1.000, 0.000, 0.018, 0.010, 0.020, 0.010
20.420, -0.695, 0.832, 1.000, 1.000, 0.000, 0.000, 1.000, 0.000, 0.018, 0.010, 0.020, 0.010
20.440, -0.682, 0.842, 1.000, 1.000, 0.000, 0.000, 1.000, 0.000, 0.017, 0.010, 0.020, 0.010
20.460, -0.638, 0.867, 1.000, 1.000, 0.000, 1.000, 1.000, 0.000, 0.017, 0.010, 0.020, 0.010
20.480, -0.612, 0.864, 1.000, 1.000, 0.000, 1.000, 1.000, 0.000, 0.017, 0.010, 0.021, 0.010
20.500, -0.577, 0.868, 1.000, 1.000, 0.000, 1.000, 0.885, 0.000, 0.017, 0.010, 0.021, 0.010
20.520, -0.551, 0.864, 1.000, 1.000, 0.000, 1.000, 0.000, 0.000, 0.017, 0.010, 0.021, 0.011
20.540, -0.529, 0.860, 1.000, 1.000, 0.000, 1.000, 0.000, 0.000, 0.017, 0.010, 0.021, 0.011
20.560, -0.501, 0.860, 1.000, 1.000, 1.000, 1.000, 1.000, 0.000, 0.017, 0.010, 0.021, 0.011
20.580, -0.430, 0.873, 1.000, 0.000, 1.000, 1.000, 0.000, 1.000, 0.018, 0.010, 0.021, 0.011
20.600, -0.343, 0.872, 1.000, 0.000, 1.000, 1.000, 1.000, 1.000, 0.018, 0.010, 0.021, 0.011
20.620, -0.232, 0.866, 1.000, 0.000, 1.000, 1.000, 1.000, 1.000, 0.018, 0.010, 0.021, 0.010
20.640, -0.082, 0.856, 1.000, 0.000, 1.000, 1.000, 1.000, 1.000, 0.018, 0.010, 0.021, 0.010
20.660, 0.124, 0.840, 1.000, 0.000, 1.000, 1.000, 1.000, 1.000, 0.019, 0.010, 0.021, 0.010
20.680, 0.388, 0.815, 1.000, 0.000, 1.000, 1.000, 0.186, 1.000, 0.019, 0.010, 0.021, 0.010
20.700, 0.647, 0.775, 1.000, 0.000, 1.000, 1.000, 0.000, 1.000, 0.019, 0.010, 0.021, 0.010
20.720, 0.809, 0.718, 1.000, 0.000, 1.000, 1.000, 0.000, 1.000, 0.019, 0.010, 0.021, 0.010
20.740, 0.870, 0.652, 1.000, 0.000, 1.000, 1.000, 0.000, 1.000, 0.019, 0.010, 0.020, 0.010
20.760, 0.885, 0.584, 1.000, 0.000, 1.000, 1.000, 0.542, 1.000, 0.019, 0.009, 0.020, 0.010
20.780, 0.886, 0.516, 1.000, 0.000, 1.000, 1.000, 1.000, 1.000, 0.019, 0.009, 0.020, 0.011
20.800, 0.882, 0.441, 1.000, 0.000, 1.000, 1.000, 1.000, 1.000, 0.019, 0.009, 0.020, 0.011
20.820, 0.876, 0.355, 1.000, 0.000, 1.000, 1.000, 1.000, 1.000, 0.019, 0.009, 0.020, 0.011
20.840, 0.868, 0.246, 1.000, 0.000, 1.000, 1.000, 0.128, 1.000, 0.019, 0.009, 0.020, 0.011
20.860, 0.858, 0.101, 1.000, 0.000, 1.000, 1.000, 0.986, 1.000, 0.019, 0.009, 0.020, 0.011
20.880, 0.842, -0.099, 0.000, 0.000, 1.000, 1.000, 0.000, 0.000, 0.019, 0.009, 0.020, 0.011
20.900, 0.818, -0.357, 0.000, 0.000, 1.000, 1.000, 0.000, 0.000, 0.018, 0.009, 0.020, 0.011
20.920, 0.768, -0.606, 0.000, 1.000, 1.000, 1.000, 0.000, 1.000, 0.019, 0.009, 0.020, 0.010
20.940, 0.656, -0.724, 0.000, 1.000, 0.000, 1.000, 0.000, 1.000, 0.019, 0.010, 0.019, 0.010
20.960, 0.546, -0.794, 0.000, 1.000, 0.000, 1.000, 0.000, 1.000, 0.019, 0.010, 0.019, 0.010
20.980, 0.457, -0.837, 0.000, 1.000, 0.226, 1.000, 1.000, 1.000, 0.019, 0.010, 0.019, 0.011
21.000, 0.362, -0.854, 0.000, 1.000, 1.000, 0.000, 1.000, 1.000, 0.019, 0.010, 0.020, 0.011
21.020, 0.224, -0.850, 0.000, 1.000, 1.000, 0.000, 1.000, 1.000, 0.019, 0.010, 0.020, 0.011
21.040, 0.021, -0.834, 0.000, 1.000, 1.000, 0.000, 1.000, 1.000, 0.019, 0.010, 0.020, 0.011
21.060, -0.271, -0.802, 0.000, 1.000, 1.000, 0.000, 1.000, 1.000, 0.019, 0.009, 0.021, 0.011
21.080, -0.569, -0.765, 0.000, 1.000, 1.000, 0.000, 1.000, 1.000, 0.019, 0.009, 0.021, 0.011
21.100, -0.774, -0.711, 0.000, 1.000, 1.000, 0.000, 1.000, 1.000, 0.020, 0.010, 0.021, 0.011
21.120, -0.867, -0.618, 0.000, 1.000, 1.000, 0.000, 1.000, 1.000, 0.020, 0.010, 0.021, 0.010
21.140, -0.889, -0.490, 0.000, 1.000, 0.071, 0.000, 1.000, 1.000, 0.020, 0.010, 0.021, 0.010
21.160, -0.886, -0.349, 0.000, 1.000, 1.000, 0.000, 1.000, 1.000, 0.020, 0.010, 0.021, 0.010
21.180, -0.877, -0.187, 0.000, 1.000, 1.000, 0.000, 1.000, 1.000, 0.020, 0.011, 0.021, 0.010
21.200, -0.863, 0.007, 1.000, 1.000, 1.000, 0.000, 1.000, 0.000, 0.019, 0.011, 0.021, 0.010
21.220, -0.845, 0.246, 1.000, 1.000, 1.000, 0.152, 1.000, 0.000, 0.019, 0.011, 0.021, 0.010
21.240, -0.819, 0.500, 1.000, 1.000, 1.000, 0.152, 1.000, 0.000, 0.019, 0.011, 0.021, 0.010
21.260, -0.787, 0.695, 1.000, 1.000, 0.000, 0.000, 1.000, 0.000, 0.018, 0.010, 0.021, 0.010
21.280, -0.748, 0.800, 1.000, 1.000, 1.000, 0.000, 1.000, 0.000, 0.018, 0.011, 0.021, 0.010
21.300, -0.716, 0.837, 1.000, 1.000, 0.000, 0.000, 1.000, 0.000, 0.018, 0.010, 0.021, 0.010
21.320, -0.687, 0.851, 1.000, 1.000, 1.000, 0.000, 1.000, 0.000, 0.018, 0.011, 0.021, 0.010
21.340, -0.684, 0.841, 1.000, 1.000, 0.000, 0.000, 1.000, 0.000, 0.018, 0.010, 0.020, 0.010
21.360, -0.693, 0.829, 1.000, 1.000, 0.000, 0.000, 1.000, 0.000, 0.018, 0.010, 0.020, 0.010
21.380, -0.697, 0.828, 1.000, 1.000, 0.000, 0.000, 1.000, 0.000, 0.018, 0.010, 0.020, 0.010
21.400, -0.683, 0.841, 1.000, 1.000, 0.000, 0.000, 1.000, 0.000, 0.018, 0.010, 0.020, 0.010
21.420, -0.617, 0.878, 1.000, 0.000, 0.625, 1.000, 1.000, 1.000, 0.019, 0.010, 0.020, 0.010
21.440, -0.582, 0.872, 1.000, 1.000, 0.131, 1.000, 0.101, 0.000, 0.018, 0.010, 0.021, 0.010
21.460, -0.566, 0.861, 1.000, 1.000, 0.000, 1.000, 0.000, 0.000, 0.018, 0.010, 0.021, 0.011
21.480, -0.551, 0.857, 1.000, 1.000, 0.000, 1.000, 0.000, 0.000, 0.018, 0.010, 0.021, 0.011
21.500, -0.531, 0.857, 1.000, 1.000, 0.000, 1.000, 0.000, 0.000, 0.018, 0.010, 0.021, 0.011
21.520, -0.465, 0.874, 1.000, 0.000, 1.000, 1.000, 0.000, 1.000, 0.018, 0.010, 0.021, 0.011
21.540, -0.385, 0.875, 1.000, 0.000, 1.000, 1.000, 1.000, 1.000, 0.019, 0.010, 0.021, 0.011
21.560, -0.286, 0.870, 1.000, 0.000, 1.000, 1.000, 1.000, 1.000, 0.019, 0.010, 0.021, 0.011
21.580, -0.156, 0.861, 1.000, 0.000, 1.000, 1.000, 1.000, 1.000, 0.019, 0.010, 0.021, 0.010
21.600, 0.023, 0.848, 1.000, 0.000, 1.000, 1.000, 1.000, 1.000, 0.019, 0.010, 0.021, 0.010
21.620, 0.264, 0.828, 1.000, 0.000, 1.000, 1.000, 1.000, 1.000, 0.019, 0.010, 0.021, 0.011
21.640, 0.538, 0.795, 1.000, 0.000, 1.000, 1.000, 0.000, 1.000, 0.019, 0.010, 0.021, 0.010
21.660, 0.751, 0.745, 1.000, 0.000, 1.000, 1.000, 0.000, 1.000, 0.019, 0.010, 0.021, 0.010
21.680, 0.851, 0.682, 1.000, 0.000, 1.000, 1.000, 0.000, 1.000, 0.019, 0.010, 0.020, 0.010
21.700, 0.882, 0.615, 1.000, 0.000, 1.000, 1.000, 0.362, 1.000, 0.020, 0.010, 0.020, 0.010
21.720, 0.887, 0.547, 1.000, 0.000, 1.000, 1.000, 1.000, 1.000, 0.020, 0.010, 0.020, 0.011
21.740, 0.884, 0.476, 1.000, 0.000, 1.000, 1.000, 1.000, 1.000, 0.020, 0.010, 0.020, 0.011
21.760, 0.879, 0.396, 1.000, 0.000, 1.000, 1.000, 1.000, 1.000, 0.020, 0.009, 0.020, 0.011
21.780, 0.872, 0.298, 1.000, 0.000, 1.000, 1.000, 1.000, 1.000, 0.020, 0.009, 0.020, 0.011
21.800, 0.863, 0.171, 1.000, 0.127, 1.000, 1.000, 0.000, 0.873, 0.020, 0.009, 0.020, 0.011
21.820, 0.850, -0.001, 0.000, 0.000, 1.000, 1.000, 0.000, 0.000, 0.019, 0.009, 0.020, 0.011
21.840, 0.830, -0.236, 0.000, 0.000, 1.000, 1.000, 0.000, 0.000, 0.019, 0.009, 0.020, 0.011
21.860, 0.799, -0.510, 0.000, 0.000, 1.000, 1.000, 0.000, 0.000, 0.019, 0.009, 0.020, 0.010
21.880, 0.690, -0.657, 0.000, 1.000, 0.000, 1.000, 0.000, 1.000, 0.019, 0.010, 0.020, 0.010
21.900, 0.591, -0.762, 0.000, 1.000, 0.000, 1.000, 0.000, 1.000, 0.019, 0.010, 0.019, 0.010
21.920, 0.475, -0.810, 0.000, 1.000, 0.000, 1.000, 0.000, 1.000, 0.020, 0.011, 0.019, 0.010
21.940, 0.372, -0.839, 0.000, 1.000, 0.000, 1.000, 0.143, 1.000, 0.020, 0.011, 0.019, 0.010
21.960, 0.240, -0.845, 0.000, 1.000, 1.000, 1.000, 0.000, 1.000, 0.020, 0.010, 0.019, 0.010
21.980, 0.019, -0.825, 0.000, 1.000, 1.000, 1.000, 1.000, 1.000, 0.020, 0.010, 0.019, 0.011
22.000, -0.274, -0.796, 0.000, 1.000, 1.000, 0.000, 1.000, 1.000, 0.020, 0.010, 0.020, 0.011
22.020, -0.556, -0.770, 0.000, 1.000, 1.000, 0.000, 1.000, 1.000, 0.020, 0.010, 0.020, 0.011
22.040, -0.766, -0.718, 0.000, 1.000, 1.000, 0.000, 1.000, 1.000, 0.020, 0.010, 0.020, 0.011
22.060, -0.860, -0.641, 0.000, 1.000, 1.000, 0.000, 1.000, 1.000, 0.020, 0.010, 0.021, 0.011
22.080, -0.887, -0.538, 0.000, 1.000, 1.000, 0.000, 1.000, 1.000, 0.020, 0.010, 0.021, 0.010
22.100, -0.888, -0.413, 0.000, 1.000, 1.000, 0.000, 1.000, 1.000, 0.020, 0.011, 0.021, 0.010
22.120, -0.881, -0.269, 0.000, 1.000, 1.000, 0.000, 1.000, 1.000, 0.020, 0.011, 0.021, 0.010
22.140, -0.870, -0.093, 0.000, 1.000, 1.000, 0.000, 1.000, 1.000, 0.020, 0.011, 0.021, 0.010
22.160, -0.856, 0.126, 1.000, 1.000, 1.000, 0.000, 1.000, 0.000, 0.020, 0.011, 0.021, 0.010
22.180, -0.835, 0.379, 1.000, 1.000, 0.513, 0.000, 1.000, 0.000, 0.019, 0.011, 0.021, 0.010
22.200, -0.805, 0.611, 1.000, 1.000, 0.798, 0.000, 1.000, 0.000, 0.019, 0.011, 0.021, 0.010
22.220, -0.767, 0.760, 1.000, 1.000, 1.000, 0.000, 1.000, 0.000, 0.019, 0.011, 0.021, 0.010
22.240, -0.729, 0.825, 1.000, 1.000, 1.000, 0.000, 1.000, 0.000, 0.019, 0.011, 0.021, 0.010
22.260, -0.699, 0.846, 1.000, 1.000, 1.000, 0.000, 1.000, 0.000, 0.019, 0.011, 0.021, 0.010
22.280, -0.680, 0.850, 1.000, 1.000, 0.032, 0.000, 1.000, 0.000, 0.019, 0.011, 0.021, 0.010
22.300, -0.692, 0.829, 1.000, 1.000, 0.000, 0.000, 1.000, 0.000, 0.019, 0.011, 0.021, 0.010
22.320, -0.695, 0.829, 1.000, 1.000, 0.000, 0.000, 1.000, 0.000, 0.019, 0.010, 0.020, 0.010
22.340, -0.694, 0.831, 1.000, 1.000, 0.000, 0.000, 1.000, 0.000, 0.019, 0.010, 0.020, 0.010
22.360, -0.673, 0.848, 1.000, 1.000, 0.000, 0.609, 1.000, 0.000, 0.018, 0.010, 0.020, 0.010
22.380, -0.618, 0.874, 1.000, 1.000, 0.496, 1.000, 0.000, 0.000, 0.018, 0.010, 0.021, 0.010
22.400, -0.592, 0.866, 1.000, 1.000, 0.000, 1.000, 0.000, 0.000, 0.018, 0.010, 0.021, 0.011
22.420, -0.566, 0.864, 1.000, 1.000, 0.000, 1.000, 0.350, 0.000, 0.018, 0.010, 0.021, 0.011
22.440, -0.547, 0.859, 1.000, 1.000, 0.000, 1.000, 1.000, 0.000, 0.018, 0.010, 0.021, 0.010
22.460, -0.553, 0.846, 1.000, 1.000, 0.000, 1.000, 1.000, 0.000, 0.018, 0.010, 0.021, 0.010
22.480, -0.494, 0.870, 1.000, 0.643, 1.000, 1.000, 1.000, 0.357, 0.018, 0.011, 0.021, 0.010
22.500, -0.420, 0.876, 1.000, 0.000, 1.000, 1.000, 0.000, 1.000, 0.019, 0.010, 0.021, 0.011
22.520, -0.331, 0.873, 1.000, 0.000, 1.000, 1.000, 1.000, 1.000, 0.019, 0.010, 0.021, 0.010
22.540, -0.215, 0.865, 1.000, 0.000, 1.000, 1.000, 1.000, 1.000, 0.019, 0.010, 0.021, 0.010
22.560, -0.059, 0.854, 1.000, 0.000, 1.000, 1.000, 1.000, 1.000, 0.019, 0.010, 0.021, 0.010
22.580, 0.156, 0.837, 1.000, 0.000, 1.000, 1.000, 1.000, 1.000, 0.020, 0.010, 0.021, 0.011
22.600, 0.424, 0.811, 1.000, 0.000, 1.000, 1.000, 0.418, 1.000, 0.020, 0.010, 0.022, 0.011
22.620, 0.675, 0.768, 1.000, 0.000, 1.000, 1.000, 0.000, 1.000, 0.020, 0.010, 0.022, 0.010
22.640, 0.821, 0.710, 1.000, 0.000, 1.000, 1.000, 0.000, 1.000, 0.020, 0.010, 0.021, 0.010
22.660, 0.874, 0.643, 1.000, 0.000, 1.000, 1.000, 0.000, 1.000, 0.020, 0.010, 0.021, 0.010
22.680, 0.886, 0.576, 1.000, 0.000, 1.000, 1.000, 1.000, 1.000, 0.020, 0.010, 0.020, 0.011
22.700, 0.886, 0.506, 1.000, 0.000, 1.000, 1.000, 1.000, 1.000, 0.020, 0.010, 0.020, 0.011
22.720, 0.881, 0.431, 1.000, 0.000, 1.000, 1.000, 1.000, 1.000, 0.020, 0.010, 0.020, 0.011
22.740, 0.875, 0.342, 1.000, 0.000, 1.000, 1.000, 1.000, 1.000, 0.020, 0.010, 0.020, 0.011
22.760, 0.867, 0.230, 1.000, 0.000, 1.000, 1.000, 0.000, 1.000, 0.020, 0.010, 0.020, 0.011
22.780, 0.856, 0.078, 1.000, 0.081, 1.000, 1.000, 0.000, 0.919, 0.020, 0.010, 0.020, 0.011
22.800, 0.840, -0.129, 0.000, 0.000, 1.000, 1.000, 0.000, 0.000, 0.020, 0.010, 0.020, 0.010
22.820, 0.814, -0.394, 0.000, 0.000, 1.000, 1.000, 0.000, 0.000, 0.019, 0.010, 0.020, 0.010
22.840, 0.774, -0.652, 0.000, 0.005, 1.000, 1.000, 0.000, 0.005, 0.019, 0.010, 0.020, 0.010
22.860, 0.658, -0.752, 0.000, 1.000, 0.000, 1.000, 0.000, 1.000, 0.019, 0.010, 0.020, 0.010
22.880, 0.535, -0.802, 0.000, 1.000, 0.000, 1.000, 0.000, 1.000, 0.020, 0.011, 0.020, 0.010
22.900, 0.410, -0.826, 0.000, 1.000, 0.000, 1.000, 0.000, 1.000, 0.020, 0.011, 0.020, 0.010
22.920, 0.273, -0.836, 0.000, 1.000, 0.000, 1.000, 0.116, 1.000, 0.020, 0.011, 0.020, 0.010
22.940, 0.043, -0.816, 0.000, 1.000, 0.000, 1.000, 1.000, 1.000, 0.020, 0.011, 0.019, 0.011
22.960, -0.246, -0.793, 0.000, 1.000, 1.000, 0.000, 1.000, 1.000, 0.020, 0.011, 0.020, 0.011
22.980, -0.537, -0.766, 0.000, 1.000, 1.000, 0.000, 1.000, 1.000, 0.020, 0.010, 0.020, 0.011
23.000, -0.755, -0.718, 0.000, 1.000, 1.000, 0.000, 1.000, 1.000, 0.020, 0.010, 0.021, 0.011
23.020, -0.855, -0.646, 0.000, 1.000, 1.000, 0.000, 1.000, 1.000, 0.020, 0.010, 0.021, 0.010
23.040, -0.884, -0.554, 0.000, 1.000, 1.000, 0.000, 1.000, 1.000, 0.020, 0.011, 0.021, 0.010
23.060, -0.888, -0.436, 0.000, 1.000, 1.000, 0.000, 1.000, 1.000, 0.020, 0.011, 0.021, 0.010
23.080, -0.882, -0.296, 0.000, 1.000, 1.000, 0.000, 1.000, 1.000, 0.021, 0.011, 0.021, 0.010
23.100, -0.872, -0.130, 0.000, 1.000, 1.000, 0.000, 1.000, 1.000, 0.021, 0.011, 0.021, 0.010
23.120, -0.858, 0.078, 1.000, 1.000, 1.000, 0.000, 1.000, 0.000, 0.020, 0.011, 0.021, 0.010
23.140, -0.838, 0.327, 1.000, 1.000, 0.818, 0.000, 1.000, 0.000, 0.020, 0.011, 0.021, 0.010
23.160, -0.809, 0.573, 1.000, 1.000, 1.000, 0.000, 1.000, 0.000, 0.019, 0.011, 0.021, 0.010
23.180, -0.771, 0.743, 1.000, 1.000, 1.000, 0.006, 1.000, 0.000, 0.019, 0.012, 0.021, 0.010
23.200, -0.733, 0.819, 1.000, 1.000, 1.000, 0.000, 1.000, 0.000, 0.019, 0.012, 0.021, 0.010
23.220, -0.706, 0.842, 1.000, 1.000, 0.000, 0.000, 1.000, 0.000, 0.019, 0.011, 0.021, 0.010
23.240, -0.685, 0.848, 1.000, 1.000, 0.000, 0.000, 1.000, 0.000, 0.019, 0.011, 0.021, 0.010
23.260, -0.692, 0.832, 1.000, 1.000, 0.000, 0.000, 1.000, 0.000, 0.019, 0.011, 0.021, 0.010
23.280, -0.697, 0.828, 1.000, 1.000, 0.000, 0.000, 1.000, 0.000, 0.019, 0.011, 0.020, 0.010
23.300, -0.697, 0.830, 1.000, 1.000, 0.000, 0.000, 1.000, 0.000, 0.019, 0.010, 0.020, 0.010
23.320, -0.685, 0.840, 1.000, 1.000, 0.000, 0.000, 1.000, 0.000, 0.019, 0.010, 0.020, 0.010
23.340, -0.634, 0.870, 1.000, 1.000, 0.539, 1.000, 1.000, 0.000, 0.019, 0.011, 0.021, 0.010
23.360, -0.607, 0.866, 1.000, 1.000, 0.000, 1.000, 1.000, 0.000, 0.019, 0.010, 0.021, 0.010
23.380, -0.574, 0.867, 1.000, 1.000, 0.000, 1.000, 0.072, 0.000, 0.019, 0.010, 0.021, 0.010
23.400, -0.553, 0.862, 1.000, 1.000, 0.000, 1.000, 0.000, 0.000, 0.019, 0.010, 0.021, 0.011
23.420, -0.554, 0.849, 1.000, 1.000, 0.000, 1.000, 1.000, 0.000, 0.018, 0.010, 0.021, 0.010
23.440, -0.516, 0.863, 1.000, 1.000, 1.000, 1.000, 1.000, 0.000, 0.018, 0.011, 0.021, 0.010
23.460, -0.447, 0.875, 1.000, 0.000, 1.000, 1.000, 1.000, 1.000, 0.019, 0.011, 0.021, 0.010
23.480, -0.363, 0.874, 1.000, 0.000, 1.000, 1.000, 1.000, 1.000, 0.019, 0.010, 0.021, 0.010
23.500, -0.257, 0.868, 1.000, 0.000, 1.000, 1.000, 1.000, 1.000, 0.020, 0.010, 0.022, 0.010
23.520, -0.117, 0.858, 1.000, 0.000, 1.000, 1.000, 1.000, 1.000, 0.020, 0.010, 0.022, 0.010
23.540, 0.077, 0.844, 1.000, 0.000, 1.000, 1.000, 1.000, 1.000, 0.020, 0.010, 0.022, 0.010
23.560, 0.331, 0.821, 1.000, 0.000, 1.000, 1.000, 0.641, 1.000, 0.020, 0.010, 0.022, 0.010
23.580, 0.600, 0.784, 1.000, 0.000, 1.000, 1.000, 0.000, 1.000, 0.020, 0.010, 0.022, 0.010
23.600, 0.785, 0.731, 1.000, 0.000, 1.000, 1.000, 0.000, 1.000, 0.020, 0.010, 0.021, 0.010
23.620, 0.863, 0.666, 1.000, 0.000, 1.000, 1.000, 0.000, 1.000, 0.020, 0.010, 0.021, 0.010
23.640, 0.884, 0.598, 1.000, 0.000, 1.000, 1.000, 1.000, 1.000, 0.020, 0.010, 0.021, 0.010
23.660, 0.886, 0.530, 1.000, 0.000, 1.000, 1.000, 1.000, 1.000, 0.020, 0.010, 0.020, 0.011
23.680, 0.883, 0.457, 1.000, 0.000, 1.000, 1.000, 1.000, 1.000, 0.020, 0.010, 0.020, 0.011
23.700, 0.877, 0.374, 1.000, 0.000, 1.000, 1.000, 1.000, 1.000, 0.020, 0.010, 0.020, 0.011
23.720, 0.870, 0.271, 1.000, 0.000, 1.000, 1.000, 1.000, 1.000, 0.020, 0.010, 0.020, 0.011
23.740, 0.860, 0.134, 1.000, 0.220, 1.000, 1.000, 0.000, 0.780, 0.020, 0.010, 0.020, 0.011
23.760, 0.846, -0.053, 0.000, 0.092, 1.000, 1.000, 0.000, 0.092, 0.020, 0.010, 0.020, 0.010
23.780, 0.824, -0.302, 0.000, 0.000, 1.000, 1.000, 0.000, 0.000, 0.019, 0.010, 0.020, 0.010
23.800, 0.752, -0.524, 0.000, 1.000, 0.000, 1.000, 0.000, 1.000, 0.020, 0.010, 0.020, 0.010
23.820, 0.666, -0.688, 0.000, 1.000, 0.000, 1.000, 0.000, 1.000, 0.020, 0.011, 0.020, 0.010
23.840, 0.568, -0.780, 0.000, 1.000, 0.000, 1.000, 0.000, 1.000, 0.020, 0.011, 0.020, 0.010
23.860, 0.477, -0.830, 0.000, 1.000, 0.000, 1.000, 0.109, 1.000, 0.020, 0.011, 0.020, 0.010
23.880, 0.357, -0.842, 0.000, 1.000, 0.000, 1.000, 0.178, 1.000, 0.020, 0.011, 0.020, 0.010
23.900, 0.142, -0.820, 0.000, 1.000, 1.000, 0.000, 1.000, 1.000, 0.021, 0.011, 0.020, 0.011
23.920, -0.111, -0.805, 0.000, 1.000, 1.000, 0.000, 1.000, 1.000, 0.021, 0.011, 0.021, 0.011
23.940, -0.401, -0.784, 0.000, 1.000, 1.000, 0.000, 1.000, 1.000, 0.021, 0.010, 0.021, 0.011
23.960, -0.669, -0.744, 0.000, 1.000, 1.000, 0.000, 1.000, 1.000, 0.021, 0.010, 0.021, 0.011
23.980, -0.822, -0.682, 0.000, 1.000, 1.000, 0.000, 1.000, 1.000, 0.021, 0.010, 0.021, 0.010
24.000, -0.878, -0.591, 0.000, 1.000, 1.000, 0.000, 1.000, 1.000, 0.021, 0.011, 0.021, 0.010
24.020, -0.889, -0.467, 0.000, 1.000, 1.000, 0.000, 1.000, 1.000, 0.021, 0.011, 0.021, 0.010
24.040, -0.885, -0.325, 0.000, 1.000, 1.000, 0.000, 1.000, 1.000, 0.021, 0.011, 0.021, 0.010
24.060, -0.875, -0.157, 0.000, 1.000, 0.492, 0.000, 1.000, 1.000, 0.021, 0.011, 0.021, 0.010
24.080, -0.862, 0.048, 1.000, 1.000, 1.000, 0.000, 1.000, 0.000, 0.020, 0.011, 0.021, 0.010
24.100, -0.843, 0.293, 1.000, 1.000, 1.000, 0.000, 1.000, 0.000, 0.020, 0.011, 0.021, 0.010
24.120, -0.815, 0.542, 1.000, 1.000, 1.000, 0.131, 1.000, 0.000, 0.020, 0.012, 0.021, 0.010
24.140, -0.778, 0.725, 1.000, 1.000, 1.000, 0.000, 1.000, 0.000, 0.020, 0.012, 0.021, 0.010
24.160, -0.742, 0.809, 1.000, 1.000, 1.000, 0.000, 1.000, 0.000, 0.019, 0.012, 0.021, 0.010
24.180, -0.713, 0.838, 1.000, 1.000, 0.000, 0.000, 1.000, 0.000, 0.019, 0.011, 0.021, 0.010
24.200, -0.692, 0.846, 1.000, 1.000, 0.000, 0.000, 1.000, 0.000, 0.019, 0.011, 0.021, 0.010
24.220, -0.670, 0.852, 1.000, 1.000, 1.000, 0.000, 1.000, 0.000, 0.019, 0.011, 0.021, 0.010
24.240, -0.685, 0.830, 1.000, 1.000, 0.000, 0.000, 1.000, 0.000, 0.019, 0.011, 0.020, 0.010
24.260, -0.693, 0.826, 1.000, 1.000, 0.000, 0.000, 1.000, 0.000, 0.019, 0.011, 0.020, 0.010
24.280, -0.702, 0.823, 1.000, 1.000, 0.000, 0.000, 1.000, 0.000, 0.019, 0.011, 0.020, 0.010
24.300, -0.656, 0.862, 1.000, 1.000, 0.013, 1.000, 1.000, 0.000, 0.019, 0.011, 0.021, 0.010
24.320, -0.590, 0.883, 1.000, 0.000, 0.432, 1.000, 0.336, 1.000, 0.020, 0.011, 0.021, 0.010
24.340, -0.582, 0.860, 1.000, 1.000, 0.000, 1.000, 0.000, 0.000, 0.019, 0.011, 0.021, 0.010
24.360, -0.573, 0.854, 1.000, 1.000, 0.000, 1.000, 0.000, 0.000, 0.019, 0.011, 0.021, 0.011
24.380, -0.552, 0.858, 1.000, 1.000, 0.000, 1.000, 0.000, 0.000, 0.019, 0.010, 0.021, 0.011
24.400, -0.491, 0.874, 1.000, 0.523, 1.000, 1.000, 0.000, 0.477, 0.019, 0.011, 0.021, 0.011
24.420, -0.416, 0.877, 1.000, 0.000, 1.000, 1.000, 0.000, 1.000, 0.020, 0.011, 0.021, 0.011
24.440, -0.324, 0.873, 1.000, 0.000, 1.000, 1.000, 1.000, 1.000, 0.020, 0.011, 0.022, 0.011
24.460, -0.206, 0.865, 1.000, 0.000, 1.000, 1.000, 1.000, 1.000, 0.020, 0.011, 0.022, 0.010
24.480, -0.047, 0.853, 1.000, 0.000, 1.000, 1.000, 1.000, 1.000, 0.020, 0.010, 0.022, 0.010
24.500, 0.172, 0.836, 1.000, 0.000, 1.000, 1.000, 1.000, 1.000, 0.020, 0.010, 0.022, 0.011
24.520, 0.442, 0.808, 1.000, 0.000, 1.000, 1.000, 0.000, 1.000, 0.020, 0.010, 0.022, 0.010
24.540, 0.688, 0.765, 1.000, 0.000, 1.000, 1.000, 0.000, 1.000, 0.020, 0.010, 0.021, 0.010
24.560, 0.827, 0.706, 1.000, 0.000, 1.000, 1.000, 0.000, 1.000, 0.020, 0.010, 0.021, 0.010
24.580, 0.875, 0.639, 1.000, 0.000, 1.000, 1.000, 0.000, 1.000, 0.021, 0.010, 0.021, 0.010
24.600, 0.886, 0.571, 1.000, 0.000, 1.000, 1.000, 1.000, 1.000, 0.021, 0.010, 0.020, 0.010
24.620, 0.886, 0.502, 1.000, 0.000, 1.000, 1.000, 1.000, 1.000, 0.021, 0.010, 0.020, 0.011
24.640, 0.881, 0.425, 1.000, 0.000, 1.000, 1.000, 1.000, 1.000, 0.021, 0.010, 0.020, 0.011
24.660, 0.875, 0.336, 1.000, 0.000, 1.000, 1.000, 1.000, 1.000, 0.021, 0.010, 0.020, 0.011
24.680, 0.866, 0.221, 1.000, 0.042, 1.000, 1.000, 0.938, 0.958, 0.021, 0.010, 0.020, 0.011
24.700, 0.855, 0.066, 1.000, 0.065, 1.000, 1.000, 0.000, 0.935, 0.021, 0.010, 0.020, 0.011
24.720, 0.838, -0.145, 0.000, 0.000, 1.000, 1.000, 0.000, 0.000, 0.020, 0.010, 0.020, 0.011
24.740, 0.812, -0.412, 0.000, 0.000, 1.000, 1.000, 0.000, 0.000, 0.020, 0.010, 0.020, 0.010
24.760, 0.770, -0.666, 0.000, 0.000, 1.000, 1.000, 0.000, 0.000, 0.020, 0.010, 0.020, 0.010
24.780, 0.644, -0.751, 0.000, 1.000, 0.000, 1.000, 0.000, 1.000, 0.020, 0.011, 0.020, 0.010
24.800, 0.505, -0.791, 0.000, 1.000, 0.000, 1.000, 0.000, 1.000, 0.020, 0.011, 0.020, 0.010
24.820, 0.360, -0.813, 0.000, 1.000, 0.000, 1.000, 0.000, 1.000, 0.021, 0.011, 0.020, 0.010
24.840, 0.188, -0.820, 0.000, 1.000, 0.000, 1.000, 0.111, 1.000, 0.021, 0.011, 0.020, 0.010
24.860, -0.028, -0.815, 0.000, 1.000, 1.000, 1.000, 0.000, 1.000, 0.021, 0.011, 0.020, 0.010
24.880, -0.365, -0.773, 0.000, 1.000, 1.000, 0.000, 1.000, 1.000, 0.021, 0.011, 0.020, 0.011
24.900, -0.640, -0.741, 0.000, 1.000, 1.000, 0.000, 1.000, 1.000, 0.021, 0.010, 0.020, 0.011
24.920, -0.807, -0.686, 0.000, 1.000, 1.000, 0.000, 1.000, 1.000, 0.021, 0.010, 0.021, 0.011
24.940, -0.869, -0.617, 0.000, 1.000, 1.000, 0.000, 1.000, 1.000, 0.021, 0.010, 0.021, 0.010
24.960, -0.887, -0.519, 0.000, 1.000, 1.000, 0.000, 1.000, 1.000, 0.021, 0.011, 0.021, 0.010
24.980, -0.886, -0.400, 0.000, 1.000, 1.000, 0.000, 1.000, 1.000, 0.021, 0.011, 0.021, 0.010
25.000, -0.879, -0.255, 0.000, 1.000, 1.000, 0.000, 1.000, 1.000, 0.021, 0.011, 0.021, 0.010
25.020, -0.869, -0.076, 0.000, 1.000, 0.817, 0.000, 1.000, 1.000, 0.021, 0.011, 0.021, 0.010
25.040, -0.855, 0.147, 1.000, 1.000, 0.684, 0.000, 1.000, 0.000, 0.021, 0.011, 0.021, 0.010
25.060, -0.833, 0.400, 1.000, 1.000, 1.000, 0.000, 1.000, 0.000, 0.020, 0.012, 0.021, 0.010
25.080, -0.804, 0.624, 1.000, 1.000, 0.406, 0.000, 1.000, 0.000, 0.020, 0.011, 0.021, 0.010
25.100, -0.766, 0.765, 1.000, 1.000, 1.000, 0.000, 1.000, 0.000, 0.020, 0.012, 0.021, 0.010
25.120, -0.730, 0.826, 1.000, 1.000, 1.000, 0.000, 1.000, 0.000, 0.020, 0.012, 0.021, 0.010
25.140, -0.703, 0.843, 1.000, 1.000, 0.000, 0.000, 1.000, 0.000, 0.020, 0.011, 0.021, 0.010
25.160, -0.681, 0.850, 1.000, 1.000, 0.076, 0.000, 1.000, 0.000, 0.020, 0.011, 0.021, 0.010
25.180, -0.671, 0.846, 1.000, 1.000, 1.000, 0.000, 1.000, 0.000, 0.020, 0.011, 0.021, 0.010
25.200, -0.684, 0.831, 1.000, 1.000, 0.000, 0.000, 1.000, 0.000, 0.020, 0.011, 0.021, 0.010
25.220, -0.692, 0.827, 1.000, 1.000, 0.000, 0.000, 1.000, 0.000, 0.019, 0.011, 0.021, 0.010
25.240, -0.694, 0.829, 1.000, 1.000, 0.000, 0.000, 1.000, 0.000, 0.019, 0.011, 0.020, 0.010
25.260, -0.664, 0.853, 1.000, 1.000, 0.000, 1.000, 1.000, 0.000, 0.019, 0.011, 0.021, 0.010
25.280, -0.615, 0.873, 1.000, 1.000, 0.270, 1.000, 0.000, 0.000, 0.019, 0.011, 0.021, 0.010
25.300, -0.579, 0.871, 1.000, 1.000, 0.115, 1.000, 0.000, 0.000, 0.019, 0.011, 0.021, 0.011
25.320, -0.548, 0.867, 1.000, 1.000, 0.070, 1.000, 0.000, 0.000, 0.019, 0.011, 0.021, 0.011
25.340, -0.555, 0.848, 1.000, 1.000, 0.000, 1.000, 1.000, 0.000, 0.019, 0.011, 0.021, 0.010
25.360, -0.565, 0.841, 1.000, 1.000, 0.000, 1.000, 1.000, 0.000, 0.019, 0.011, 0.022, 0.010
25.380, -0.505, 0.871, 1.000, 0.000, 1.000, 1.000, 1.000, 1.000, 0.020, 0.011, 0.022, 0.010
25.400, -0.432, 0.876, 1.000, 0.000, 1.000, 1.000, 1.000, 1.000, 0.020, 0.011, 0.022, 0.010
25.420, -0.345, 0.874, 1.000, 0.000, 1.000, 1.000, 1.000, 1.000, 0.020, 0.011, 0.022, 0.010
25.440, -0.234, 0.867, 1.000, 0.000, 1.000, 1.000, 1.000, 1.000, 0.020, 0.011, 0.022, 0.010
25.460, -0.085, 0.856, 1.000, 0.000, 1.000, 1.000, 1.000, 1.000, 0.020, 0.010, 0.022, 0.010
25.480, 0.120, 0.840, 1.000, 0.000, 1.000, 1.000, 1.000, 1.000, 0.021, 0.010, 0.022, 0.010
25.500, 0.383, 0.815, 1.000, 0.000, 1.000, 1.000, 0.089, 1.000, 0.021, 0.010, 0.022, 0.010
25.520, 0.643, 0.776, 1.000, 0.000, 1.000, 1.000, 0.000, 1.000, 0.021, 0.010, 0.021, 0.010
25.540, 0.807, 0.719, 1.000, 0.000, 1.000, 1.000, 0.000, 1.000, 0.021, 0.010, 0.021, 0.010
25.560, 0.869, 0.653, 1.000, 0.000, 1.000, 1.000, 1.000, 1.000, 0.021, 0.010, 0.021, 0.010
25.580, 0.885, 0.586, 1.000, 0.000, 1.000, 1.000, 1.000, 1.000, 0.021, 0.010, 0.021, 0.011
25.600, 0.886, 0.517, 1.000, 0.000, 1.000, 1.000, 1.000, 1.000, 0.021, 0.010, 0.020, 0.011
25.620, 0.882, 0.443, 1.000, 0.000, 1.000, 1.000, 1.000, 1.000, 0.021, 0.010, 0.020, 0.011
25.640, 0.876, 0.356, 1.000, 0.000, 1.000, 1.000, 1.000, 1.000, 0.021, 0.010, 0.020, 0.011
25.660, 0.868, 0.248, 1.000, 0.153, 1.000, 1.000, 0.000, 0.847, 0.021, 0.010, 0.020, 0.011
25.680, 0.858, 0.103, 1.000, 0.056, 1.000, 1.000, 0.000, 0.944, 0.021, 0.010, 0.020, 0.010
25.700, 0.842, -0.096, 0.000, 0.000, 1.000, 1.000, 0.000, 0.000, 0.020, 0.010, 0.020, 0.010
25.720, 0.819, -0.354, 0.000, 0.000, 1.000, 1.000, 0.000, 0.000, 0.020, 0.010, 0.020, 0.010
25.740, 0.742, -0.567, 0.000, 1.000, 0.000, 1.000, 0.000, 1.000, 0.020, 0.011, 0.020, 0.010
25.760, 0.656, -0.718, 0.000, 1.000, 0.000, 1.000, 0.000, 1.000, 0.021, 0.011, 0.020, 0.010
25.780, 0.550, -0.793, 0.000, 1.000, 0.000, 1.000, 0.000, 1.000, 0.021, 0.011, 0.020, 0.010
25.800, 0.451, -0.833, 0.000, 1.000, 0.000, 1.000, 0.097, 1.000, 0.021, 0.011, 0.020, 0.010
25.820, 0.330, -0.844, 0.000, 1.000, 1.000, 1.000, 0.000, 1.000, 0.021, 0.011, 0.020, 0.010
25.840, 0.135, -0.828, 0.000, 1.000, 1.000, 0.000, 1.000, 1.000, 0.021, 0.011, 0.020, 0.010
25.860, -0.112, -0.812, 0.000, 1.000, 1.000, 0.000, 1.000, 1.000, 0.021, 0.010, 0.021, 0.011
25.880, -0.400, -0.789, 0.000, 1.000, 1.000, 0.000, 1.000, 1.000, 0.021, 0.010, 0.021, 0.010
25.900, -0.670, -0.746, 0.000, 1.000, 1.000, 0.000, 1.000, 1.000, 0.021, 0.010, 0.021, 0.010
25.920, -0.822, -0.685, 0.000, 1.000, 1.000, 0.000, 1.000, 1.000, 0.021, 0.010, 0.021, 0.010
25.940, -0.879, -0.588, 0.000, 1.000, 1.000, 0.000, 1.000, 1.000, 0.021, 0.011, 0.021, 0.010
25.960, -0.888, -0.475, 0.000, 1.000, 1.000, 0.000, 1.000, 1.000, 0.021, 0.011, 0.021, 0.010
25.980, -0.885, -0.336, 0.000, 1.000, 0.562, 0.000, 1.000, 1.000, 0.021, 0.011, 0.021, 0.010
26.000, -0.876, -0.168, 0.000, 1.000, 0.000, 0.000, 1.000, 1.000, 0.022, 0.011, 0.021, 0.010
26.020, -0.863, 0.036, 1.000, 1.000, 1.000, 0.000, 1.000, 0.000, 0.021, 0.011, 0.021, 0.010
26.040, -0.845, 0.279, 1.000, 1.000, 1.000, 0.000, 1.000, 0.000, 0.021, 0.011, 0.021, 0.010
26.060, -0.818, 0.528, 1.000, 1.000, 0.896, 0.000, 1.000, 0.000, 0.020, 0.012, 0.021, 0.010
26.080, -0.782, 0.714, 1.000, 1.000, 1.000, 0.014, 1.000, 0.000, 0.020, 0.012, 0.022, 0.010
26.100, -0.744, 0.806, 1.000, 1.000, 1.000, 0.000, 1.000, 0.000, 0.020, 0.012, 0.022, 0.010
26.120, -0.714, 0.838, 1.000, 1.000, 0.000, 0.000, 1.000, 0.000, 0.020, 0.011, 0.022, 0.010
26.140, -0.687, 0.851, 1.000, 1.000, 1.000, 0.000, 1.000, 0.000, 0.020, 0.012, 0.022, 0.010
26.160, -0.665, 0.854, 1.000, 1.000, 1.000, 0.000, 1.000, 0.000, 0.020, 0.012, 0.021, 0.010
26.180, -0.688, 0.825, 1.000, 1.000, 0.000, 0.000, 1.000, 0.000, 0.020, 0.011, 0.021, 0.009
26.200, -0.690, 0.830, 1.000, 1.000, 0.000, 0.000, 1.000, 0.000, 0.020, 0.011, 0.021, 0.009
26.220, -0.702, 0.822, 1.000, 1.000, 0.000, 0.000, 1.000, 0.000, 0.020, 0.011, 0.020, 0.009
26.240, -0.659, 0.859, 1.000, 1.000, 0.156, 1.000, 0.000, 0.000, 0.020, 0.011, 0.021, 0.010
26.260, -0.604, 0.877, 1.000, 1.000, 0.395, 1.000, 0.000, 0.000, 0.020, 0.011, 0.021, 0.010
26.280, -0.578, 0.867, 1.000, 1.000, 0.098, 1.000, 0.000, 0.000, 0.020, 0.011, 0.021, 0.011
26.300, -0.561, 0.860, 1.000, 1.000, 0.000, 1.000, 0.000, 0.000, 0.019, 0.011, 0.021, 0.011
26.320, -0.538, 0.860, 1.000, 1.000, 0.017, 1.000, 0.000, 0.000, 0.019, 0.011, 0.022, 0.011
26.340, -0.482, 0.871, 1.000, 1.000, 1.000, 1.000, 1.000, 0.000, 0.019, 0.011, 0.022, 0.010
26.360, -0.406, 0.875, 1.000, 0.000, 1.000, 1.000, 1.000, 1.000, 0.020, 0.011, 0.022, 0.010
26.380, -0.313, 0.871, 1.000, 0.000, 1.000, 1.000, 1.000, 1.000, 0.020, 0.011, 0.022, 0.010
26.400, -0.192, 0.864, 1.000, 0.000, 1.000, 1.000, 1.000, 1.000, 0.020, 0.011, 0.022, 0.010
26.420, -0.027, 0.852, 1.000, 0.000, 1.000, 1.000, 1.000, 1.000, 0.021, 0.011, 0.022, 0.010
26.440, 0.198, 0.834, 1.000, 0.000, 1.000, 1.000, 1.000, 1.000, 0.021, 0.011, 0.022, 0.010
26.460, 0.471, 0.805, 1.000, 0.000, 1.000, 1.000, 0.000, 1.000, 0.021, 0.010, 0.022, 0.010
26.480, 0.709, 0.759, 1.000, 0.000, 1.000, 1.000, 0.000, 1.000, 0.021, 0.010, 0.021, 0.010
26.500, 0.835, 0.699, 1.000, 0.000, 1.000, 1.000, 0.000, 1.000, 0.021, 0.010, 0.021, 0.010
26.520, 0.877, 0.632, 1.000, 0.000, 1.000, 1.000, 0.000, 1.000, 0.021, 0.010, 0.021, 0.010
26.540, 0.887, 0.564, 1.000, 0.000, 1.000, 1.000, 1.000, 1.000, 0.021, 0.010, 0.021, 0.010
26.560, 0.885, 0.494, 1.000, 0.000, 1.000, 1.000, 1.000, 1.000, 0.021, 0.010, 0.021, 0.011
26.580, 0.880, 0.417, 1.000, 0.000, 1.000, 1.000, 1.000, 1.000, 0.021, 0.010, 0.020, 0.011
26.600, 0.874, 0.325, 1.000, 0.000, 1.000, 1.000, 1.000, 1.000, 0.021, 0.010, 0.020, 0.011
26.620, 0.865, 0.207, 1.000, 0.000, 1.000, 1.000, 0.000, 1.000, 0.021, 0.010, 0.020, 0.011
26.640, 0.854, 0.047, 1.000, 0.011, 1.000, 1.000, 0.000, 0.989, 0.021, 0.010, 0.020, 0.010
26.660, 0.836, -0.171, 0.000, 0.000, 1.000, 1.000, 0.000, 0.000, 0.021, 0.010, 0.020, 0.010
26.680, 0.809, -0.441, 0.000, 0.000, 1.000, 1.000, 0.000, 0.000, 0.020, 0.010, 0.020, 0.010
26.700, 0.747, -0.664, 0.000, 1.000, 1.000, 1.000, 0.000, 1.000, 0.021, 0.010, 0.020, 0.010
26.720, 0.618, -0.746, 0.000, 1.000, 0.000, 1.000, 0.000, 1.000, 0.021, 0.011, 0.020, 0.010
26.740, 0.488, -0.794, 0.000, 1.000, 0.000, 1.000, 0.000, 1.000, 0.021, 0.011, 0.020, 0.010
26.760, 0.349, -0.818, 0.000, 1.000, 0.000, 1.000, 0.178, 1.000, 0.021, 0.011, 0.020, 0.010
26.780, 0.204, -0.831, 0.000, 1.000, 0.000, 1.000, 0.086, 1.000, 0.021, 0.011, 0.020, 0.010
26.800, 0.003, -0.825, 0.000, 1.000, 1.000, 1.000, 1.000, 1.000, 0.021, 0.011, 0.020, 0.010
26.820, -0.355, -0.771, 0.000, 1.000, 1.000, 0.000, 1.000, 1.000, 0.021, 0.011, 0.020, 0.011
26.840, -0.631, -0.741, 0.000, 1.000, 1.000, 0.000, 1.000, 1.000, 0.021, 0.011, 0.021, 0.011
26.860, -0.803, -0.688, 0.000, 1.000, 1.000, 0.000, 1.000, 1.000, 0.022, 0.010, 0.021, 0.010
26.880, -0.868, -0.619, 0.000, 1.000, 1.000, 0.000, 1.000, 1.000, 0.022, 0.010, 0.021, 0.010
26.900, -0.887, -0.519, 0.000, 1.000, 1.000, 0.000, 1.000, 1.000, 0.022, 0.011, 0.021, 0.010
26.920, -0.885, -0.411, 0.000, 1.000, 1.000, 0.000, 1.000, 1.000, 0.022, 0.011, 0.021, 0.010
26.940, -0.879, -0.274, 0.000, 1.000, 1.000, 0.000, 1.000, 1.000, 0.022, 0.011, 0.021, 0.010
26.960, -0.871, -0.093, 0.000, 1.000, 0.000, 0.000, 1.000, 1.000, 0.022, 0.011, 0.021, 0.010
26.980, -0.857, 0.128, 1.000, 1.000, 1.000, 0.000, 1.000, 0.000, 0.021, 0.011, 0.021, 0.010
27.000, -0.836, 0.379, 1.000, 1.000, 0.630, 0.000, 1.000, 0.000, 0.021, 0.011, 0.021, 0.010
27.020, -0.807, 0.608, 1.000, 1.000, 0.599, 0.000, 1.000, 0.000, 0.021, 0.011, 0.021, 0.010
27.040, -0.769, 0.757, 1.000, 1.000, 1.000, 0.000, 1.000, 0.000, 0.020, 0.012, 0.022, 0.010
27.060, -0.732, 0.823, 1.000, 1.000, 1.000, 0.000, 1.000, 0.000, 0.020, 0.012, 0.022, 0.010
27.080, -0.702, 0.845, 1.000, 1.000, 1.000, 0.000, 1.000, 0.000, 0.020, 0.012, 0.022, 0.010
27.100, -0.685, 0.846, 1.000, 1.000, 0.000, 0.000, 1.000, 0.000, 0.020, 0.011, 0.022, 0.010
27.120, -0.672, 0.848, 1.000, 1.000, 0.000, 0.000, 1.000, 0.000, 0.020, 0.011, 0.022, 0.010
27.140, -0.691, 0.825, 1.000, 1.000, 0.000, 0.000, 1.000, 0.000, 0.020, 0.011, 0.021, 0.009
27.160, -0.697, 0.825, 1.000, 1.000, 0.000, 0.000, 1.000, 0.000, 0.020, 0.011, 0.021, 0.009
27.180, -0.692, 0.834, 1.000, 1.000, 0.000, 0.000, 1.000, 0.000, 0.020, 0.011, 0.021, 0.009
27.200, -0.661, 0.855, 1.000, 1.000, 0.206, 1.000, 0.402, 0.000, 0.020, 0.011, 0.021, 0.010
27.220, -0.625, 0.866, 1.000, 1.000, 0.042, 1.000, 1.000, 0.000, 0.020, 0.011, 0.021, 0.010
27.240, -0.594, 0.867, 1.000, 1.000, 0.021, 1.000, 0.814, 0.000, 0.020, 0.011, 0.021, 0.010
27.260, -0.572, 0.863, 1.000, 1.000, 0.000, 1.000, 1.000, 0.000, 0.020, 0.011, 0.022, 0.010
27.280, -0.573, 0.849, 1.000, 1.000, 0.000, 1.000, 1.000, 0.000, 0.020, 0.011, 0.022, 0.009
27.300, -0.531, 0.866, 1.000, 1.000, 1.000, 1.000, 1.000, 0.000, 0.020, 0.011, 0.022, 0.009
27.320, -0.462, 0.877, 1.000, 0.000, 1.000, 1.000, 0.000, 1.000, 0.020, 0.011, 0.022, 0.010
27.340, -0.381, 0.876, 1.000, 0.000, 1.000, 1.000, 1.000, 1.000, 0.020, 0.011, 0.022, 0.010
27.360, -0.281, 0.870, 1.000, 0.000, 1.000, 1.000, 1.000, 1.000, 0.021, 0.011, 0.022, 0.010
27.380, -0.149, 0.861, 1.000, 0.000, 1.000, 1.000, 1.000, 1.000, 0.021, 0.011, 0.022, 0.009
27.400, 0.033, 0.847, 1.000, 0.000, 1.000, 1.000, 1.000, 1.000, 0.021, 0.011, 0.022, 0.010
27.420, 0.276, 0.827, 1.000, 0.000, 1.000, 1.000, 1.000, 1.000, 0.021, 0.011, 0.022, 0.010
27.440, 0.550, 0.793, 1.000, 0.000, 1.000, 1.000, 0.000, 1.000, 0.021, 0.011, 0.022, 0.010
27.460, 0.758, 0.743, 1.000, 0.000, 1.000, 1.000, 0.000, 1.000, 0.021, 0.010, 0.022, 0.010
27.480, 0.854, 0.679, 1.000, 0.000, 1.000, 1.000, 0.000, 1.000, 0.021, 0.010, 0.021, 0.010
27.500, 0.882, 0.612, 1.000, 0.000, 1.000, 1.000, 1.000, 1.000, 0.021, 0.010, 0.021, 0.010
27.520, 0.887, 0.544, 1.000, 0.000, 1.000, 1.000, 1.000, 1.000, 0.021, 0.010, 0.021, 0.010
27.540, 0.884, 0.472, 1.000, 0.000, 1.000, 1.000, 1.000, 1.000, 0.021, 0.010, 0.021, 0.011
27.560, 0.879, 0.392, 1.000, 0.000, 1.000, 1.000, 1.000, 1.000, 0.021, 0.010, 0.021, 0.011
27.580, 0.872, 0.293, 1.000, 0.012, 1.000, 1.000, 1.000, 0.988, 0.021, 0.010, 0.020, 0.011
27.600, 0.862, 0.165, 1.000, 0.069, 1.000, 1.000, 0.000, 0.931, 0.021, 0.010, 0.020, 0.010
27.620, 0.849, -0.011, 0.000, 0.000, 1.000, 1.000, 0.000, 0.000, 0.021, 0.010, 0.020, 0.010
27.640, 0.829, -0.247, 0.000, 0.000, 1.000, 1.000, 0.000, 0.000, 0.021, 0.010, 0.020, 0.010
27.660, 0.770, -0.486, 0.000, 1.000, 1.000, 1.000, 0.000, 1.000, 0.021, 0.010, 0.020, 0.010
27.680, 0.684, -0.660, 0.000, 1.000, 0.000, 1.000, 0.000, 1.000, 0.021, 0.011, 0.020, 0.010
27.700, 0.586, -0.765, 0.000, 1.000, 0.000, 1.000, 0.000, 1.000, 0.021, 0.011, 0.020, 0.010
27.720, 0.464, -0.809, 0.000, 1.000, 0.000, 1.000, 0.000, 1.000, 0.021, 0.011, 0.020, 0.010
27.740, 0.355, -0.836, 0.000, 1.000, 1.000, 1.000, 0.000, 1.000, 0.021, 0.011, 0.020, 0.010
27.760, 0.211, -0.840, 0.000, 1.000, 1.000, 1.000, 0.000, 1.000, 0.022, 0.011, 0.020, 0.010
27.780, -0.060, -0.808, 0.000, 1.000, 1.000, 0.000, 1.000, 1.000, 0.022, 0.010, 0.020, 0.010
27.800, -0.367, -0.780, 0.000, 1.000, 1.000, 0.000, 1.000, 1.000, 0.022, 0.010, 0.021, 0.010
27.820, -0.638, -0.748, 0.000, 1.000, 1.000, 0.000, 1.000, 1.000, 0.022, 0.010, 0.021, 0.010
27.840, -0.806, -0.693, 0.000, 1.000, 1.000, 0.000, 1.000, 1.000, 0.022, 0.010, 0.021, 0.010
27.860, -0.873, -0.607, 0.000, 1.000, 1.000, 0.000, 1.000, 1.000, 0.022, 0.011, 0.021, 0.010
27.880, -0.888, -0.501, 0.000, 1.000, 1.000, 0.000, 1.000, 1.000, 0.022, 0.011, 0.021, 0.010
27.900, -0.884, -0.391, 0.000, 1.000, 1.000, 0.000, 1.000, 1.000, 0.022, 0.011, 0.021, 0.010
27.920, -0.880, -0.232, 0.000, 1.000, 0.000, 0.000, 1.000, 1.000, 0.022, 0.011, 0.021, 0.010
27.940, -0.868, -0.042, 0.000, 1.000, 0.718, 0.000, 1.000, 1.000, 0.022, 0.011, 0.022, 0.010
27.960, -0.853, 0.188, 1.000, 1.000, 1.000, 0.000, 1.000, 0.000, 0.021, 0.011, 0.022, 0.009
27.980, -0.830, 0.441, 1.000, 1.000, 0.707, 0.000, 1.000, 0.000, 0.021, 0.011, 0.022, 0.009
28.000, -0.798, 0.655, 1.000, 1.000, 1.000, 0.000, 1.000, 0.000, 0.021, 0.012, 0.022, 0.009
28.020, -0.760, 0.780, 1.000, 1.000, 1.000, 0.007, 1.000, 0.000, 0.021, 0.012, 0.022, 0.009
28.040, -0.726, 0.829, 1.000, 1.000, 1.000, 0.000, 1.000, 0.000, 0.021, 0.012, 0.022, 0.009
28.060, -0.703, 0.842, 1.000, 1.000, 0.000, 0.000, 1.000, 0.000, 0.020, 0.011, 0.022, 0.009
28.080, -0.686, 0.846, 1.000, 1.000, 0.000, 0.000, 1.000, 0.000, 0.020, 0.011, 0.022, 0.009
28.100, -0.681, 0.840, 1.000, 1.000, 0.000, 0.000, 1.000, 0.000, 0.020, 0.011, 0.021, 0.009
28.120, -0.701, 0.820, 1.000, 1.000, 0.000, 0.000, 1.000, 0.000, 0.020, 0.011, 0.021, 0.009
28.140, -0.692, 0.835, 1.000, 1.000, 0.000, 0.000, 1.000, 0.000, 0.020, 0.011, 0.021, 0.009
28.160, -0.663, 0.854, 1.000, 1.000, 0.001, 1.000, 0.316, 0.000, 0.020, 0.011, 0.021, 0.010
28.180, -0.646, 0.855, 1.000, 1.000, 0.000, 1.000, 1.000, 0.000, 0.020, 0.011, 0.021, 0.009
28.200, -0.613, 0.865, 1.000, 1.000, 0.037, 1.000, 0.270, 0.000, 0.020, 0.011, 0.022, 0.010
28.220, -0.586, 0.865, 1.000, 1.000, 0.000, 1.000, 1.000, 0.000, 0.020, 0.011, 0.022, 0.010
28.240, -0.583, 0.852, 1.000, 1.000, 0.000, 1.000, 1.000, 0.000, 0.020, 0.010, 0.022, 0.009
28.260, -0.540, 0.868, 1.000, 1.000, 1.000, 1.000, 1.000, 0.000, 0.020, 0.011, 0.022, 0.009
28.280, -0.472, 0.878, 1.000, 0.000, 1.000, 1.000, 0.000, 1.000, 0.020, 0.011, 0.022, 0.010
28.300, -0.393, 0.877, 1.000, 0.000, 1.000, 1.000, 1.000, 1.000, 0.021, 0.011, 0.022, 0.010
28.320, -0.295, 0.871, 1.000, 0.000, 1.000, 1.000, 1.000, 1.000, 0.021, 0.011, 0.022, 0.009
28.340, -0.168, 0.862, 1.000, 0.000, 1.000, 1.000, 1.000, 1.000, 0.021, 0.011, 0.022, 0.009
28.360, 0.006, 0.849, 1.000, 0.000, 1.000, 1.000, 1.000, 1.000, 0.021, 0.011, 0.022, 0.010
28.380, 0.242, 0.830, 1.000, 0.000, 1.000, 1.000, 1.000, 1.000, 0.021, 0.011, 0.022, 0.010
28.400, 0.516, 0.798, 1.000, 0.000, 1.000, 1.000, 0.000, 1.000, 0.021, 0.010, 0.022, 0.010
28.420, 0.738, 0.750, 1.000, 0.000, 1.000, 1.000, 0.000, 1.000, 0.021, 0.010, 0.022, 0.010
28.440, 0.846, 0.688, 1.000, 0.000, 1.000, 1.000, 0.000, 1.000, 0.021, 0.010, 0.021, 0.009
28.460, 0.880, 0.620, 1.000, 0.000, 1.000, 1.000, 1.000, 1.000, 0.021, 0.010, 0.021, 0.010
28.480, 0.887, 0.553, 1.000, 0.000, 1.000, 1.000, 1.000, 1.000, 0.022, 0.010, 0.021, 0.010
28.500, 0.885, 0.482, 1.000, 0.000, 1.000, 1.000, 1.000, 1.000, 0.022, 0.010, 0.021, 0.011
28.520, 0.879, 0.402, 1.000, 0.078, 1.000, 1.000, 1.000, 0.922, 0.022, 0.010, 0.021, 0.011
28.540, 0.873, 0.307, 1.000, 0.000, 1.000, 1.000, 0.564, 1.000, 0.022, 0.010, 0.021, 0.011
28.560, 0.864, 0.183, 1.000, 0.000, 1.000, 1.000, 0.117, 1.000, 0.022, 0.010, 0.021, 0.010
28.580, 0.851, 0.015, 1.000, 0.000, 1.000, 1.000, 0.000, 1.000, 0.022, 0.010, 0.020, 0.010
28.600, 0.832, -0.214, 0.000, 0.000, 1.000, 1.000, 0.000, 0.000, 0.021, 0.010, 0.020, 0.010
28.620, 0.802, -0.488, 0.000, 0.000, 1.000, 1.000, 0.000, 0.000, 0.021, 0.010, 0.020, 0.010
28.640, 0.704, -0.653, 0.000, 1.000, 0.000, 1.000, 0.000, 1.000, 0.021, 0.011, 0.020, 0.010
28.660, 0.592, -0.752, 0.000, 1.000, 0.000, 1.000, 0.000, 1.000, 0.021, 0.011, 0.020, 0.010
28.680, 0.459, -0.797, 0.000, 1.000, 0.000, 1.000, 0.000, 1.000, 0.022, 0.011, 0.020, 0.009
28.700, 0.335, -0.825, 0.000, 1.000, 0.000, 1.000, 0.134, 1.000, 0.022, 0.011, 0.020, 0.010
28.720, 0.172, -0.829, 0.000, 1.000, 1.000, 1.000, 0.000, 1.000, 0.022, 0.011, 0.020, 0.009
28.740, -0.086, -0.807, 0.000, 1.000, 1.000, 1.000, 1.000, 1.000, 0.022, 0.011, 0.020, 0.010
28.760, -0.419, -0.768, 0.000, 1.000, 1.000, 0.000, 1.000, 1.000, 0.022, 0.011, 0.021, 0.010
28.780, -0.676, -0.735, 0.000, 1.000, 1.000, 0.000, 1.000, 1.000, 0.022, 0.010, 0.021, 0.010
28.800, -0.823, -0.677, 0.000, 1.000, 1.000, 0.000, 1.000, 1.000, 0.022, 0.010, 0.021, 0.010
28.820, -0.875, -0.601, 0.000, 1.000, 1.000, 0.000, 1.000, 1.000, 0.022, 0.010, 0.021, 0.010
28.840, -0.888, -0.495, 0.000, 1.000, 1.000, 0.000, 1.000, 1.000, 0.022, 0.011, 0.021, 0.010
28.860, -0.884, -0.386, 0.000, 1.000, 1.000, 0.000, 1.000, 1.000, 0.022, 0.011, 0.021, 0.009
28.880, -0.880, -0.223, 0.000, 1.000, 0.000, 0.000, 1.000, 1.000, 0.022, 0.011, 0.022, 0.009
28.900, -0.868, -0.030, 0.000, 1.000, 0.000, 0.000, 1.000, 1.000, 0.022, 0.011, 0.022, 0.009
28.920, -0.852, 0.203, 1.000, 1.000, 0.235, 0.000, 1.000, 0.000, 0.022, 0.011, 0.022, 0.009
28.940, -0.828, 0.455, 1.000, 1.000, 1.000, 0.000, 1.000, 0.000, 0.021, 0.011, 0.022, 0.009
28.960, -0.798, 0.661, 1.000, 1.000, 0.834, 0.000, 1.000, 0.000, 0.021, 0.011, 0.022, 0.009
28.980, -0.762, 0.779, 1.000, 1.000, 0.761, 0.000, 1.000, 0.000, 0.021, 0.011, 0.022, 0.009
29.000, -0.731, 0.825, 1.000, 1.000, 0.000, 0.000, 1.000, 0.000, 0.021, 0.011, 0.022, 0.009
29.020, -0.706, 0.842, 1.000, 1.000, 0.558, 0.000, 1.000, 0.000, 0.021, 0.011, 0.022, 0.009
29.040, -0.688, 0.845, 1.000, 1.000, 0.000, 0.000, 1.000, 0.000, 0.021, 0.011, 0.022, 0.009
29.060, -0.669, 0.851, 1.000, 1.000, 1.000, 0.000, 1.000, 0.000, 0.021, 0.011, 0.022, 0.009
29.080, -0.697, 0.819, 1.000, 1.000, 0.000, 0.000, 1.000, 0.000, 0.020, 0.011, 0.021, 0.009
29.100, -0.702, 0.823, 1.000, 1.000, 0.000, 0.000, 1.000, 0.000, 0.020, 0.011, 0.021, 0.009
29.120, -0.688, 0.839, 1.000, 1.000, 0.000, 1.000, 1.000, 0.000, 0.020, 0.011, 0.021, 0.009
29.140, -0.660, 0.855, 1.000, 1.000, 0.000, 1.000, 0.000, 0.000, 0.020, 0.010, 0.022, 0.010
29.160, -0.602, 0.878, 1.000, 1.000, 0.295, 1.000, 0.000, 0.000, 0.020, 0.011, 0.022, 0.010
29.180, -0.573, 0.868, 1.000, 1.000, 0.080, 1.000, 0.000, 0.000, 0.020, 0.011, 0.022, 0.010
29.200, -0.585, 0.846, 1.000, 1.000, 0.000, 1.000, 1.000, 0.000, 0.020, 0.010, 0.022, 0.010
29.220, -0.572, 0.853, 1.000, 1.000, 1.000, 1.000, 1.000, 0.000, 0.020, 0.011, 0.022, 0.010
29.240, -0.509, 0.875, 1.000, 0.000, 1.000, 1.000, 1.000, 1.000, 0.021, 0.011, 0.022, 0.009
29.260, -0.437, 0.878, 1.000, 0.000, 1.000, 1.000, 1.000, 1.000, 0.021, 0.011, 0.022, 0.009
29.280, -0.350, 0.874, 1.000, 0.000, 1.000, 1.000, 1.000, 1.000, 0.021, 0.011, 0.022, 0.009
29.300, -0.240, 0.867, 1.000, 0.000, 1.000, 1.000, 1.000, 1.000, 0.021, 0.011, 0.022, 0.009
29.320, -0.093, 0.857, 1.000, 0.000, 1.000, 1.000, 1.000, 1.000, 0.021, 0.010, 0.022, 0.010
29.340, 0.109, 0.841, 1.000, 0.000, 1.000, 1.000, 1.000, 1.000, 0.022, 0.010, 0.022, 0.010
29.360, 0.369, 0.817, 1.000, 0.000, 1.000, 1.000, 0.427, 1.000, 0.022, 0.010, 0.022, 0.010
29.380, 0.633, 0.778, 1.000, 0.000, 1.000, 1.000, 0.000, 1.000, 0.022, 0.010, 0.022, 0.010
29.400, 0.802, 0.722, 1.000, 0.000, 1.000, 1.000, 1.000, 1.000, 0.022, 0.010, 0.021, 0.010
29.420, 0.868, 0.656, 1.000, 0.000, 1.000, 1.000, 1.000, 1.000, 0.022, 0.010, 0.021, 0.010
29.440, 0.885, 0.589, 1.000, 0.000, 1.000, 1.000, 1.000, 1.000, 0.022, 0.010, 0.021, 0.011
29.460, 0.886, 0.520, 1.000, 0.000, 1.000, 1.000, 1.000, 1.000, 0.022, 0.010, 0.021, 0.011
29.480, 0.882, 0.446, 1.000, 0.057, 1.000, 1.000, 1.000, 0.943, 0.022, 0.010, 0.021, 0.011
29.500, 0.876, 0.360, 1.000, 0.000, 1.000, 1.000, 0.000, 1.000, 0.022, 0.010, 0.021, 0.010
29.520, 0.869, 0.254, 1.000, 0.000, 1.000, 1.000, 0.000, 1.000, 0.022, 0.010, 0.021, 0.010
29.540, 0.858, 0.111, 1.000, 0.000, 1.000, 1.000, 0.000, 1.000, 0.022, 0.010, 0.021, 0.010
29.560, 0.843, -0.084, 0.000, 0.000, 1.000, 1.000, 0.000, 0.000, 0.021, 0.010, 0.021, 0.010
29.580, 0.797, -0.325, 0.000, 1.000, 1.000, 1.000, 0.000, 1.000, 0.022, 0.010, 0.020, 0.010
29.600, 0.729, -0.543, 0.000, 1.000, 0.000, 1.000, 0.000, 1.000, 0.022, 0.011, 0.020, 0.010
29.620, 0.655, -0.708, 0.000, 1.000, 0.000, 1.000, 0.000, 1.000, 0.022, 0.011, 0.020, 0.009
29.640, 0.552, -0.789, 0.000, 1.000, 0.000, 1.000, 0.000, 1.000, 0.022, 0.011, 0.020, 0.009
29.660, 0.439, -0.825, 0.000, 1.000, 1.000, 1.000, 0.000, 1.000, 0.022, 0.011, 0.020, 0.009
29.680, 0.323, -0.842, 0.000, 1.000, 1.000, 1.000, 1.000, 1.000, 0.022, 0.010, 0.020, 0.010
29.700, 0.130, -0.828, 0.000, 1.000, 1.000, 0.000, 1.000, 1.000, 0.022, 0.010, 0.021, 0.010
29.720, -0.110, -0.815, 0.000, 1.000, 1.000, 0.000, 1.000, 1.000, 0.022, 0.010, 0.021, 0.011
29.740, -0.412, -0.785, 0.000, 1.000, 1.000, 0.000, 1.000, 1.000, 0.022, 0.010, 0.021, 0.010
29.760, -0.681, -0.740, 0.000, 1.000, 1.000, 0.000, 1.000, 1.000, 0.022, 0.010, 0.021, 0.010
29.780, -0.826, -0.679, 0.000, 1.000, 1.000, 0.000, 1.000, 1.000, 0.022, 0.010, 0.022, 0.010
29.800, -0.881, -0.573, 0.000, 1.000, 1.000, 0.000, 1.000, 1.000, 0.022, 0.011, 0.022, 0.010
29.820, -0.889, -0.441, 0.000, 1.000, 1.000, 0.000, 1.000, 1.000, 0.022, 0.011, 0.022, 0.010
29.840, -0.883, -0.293, 0.000, 1.000, 0.000, 0.000, 1.000, 1.000, 0.023, 0.011, 0.022, 0.010
29.860, -0.873, -0.118, 0.000, 1.000, 0.414, 0.000, 1.000, 1.000, 0.023, 0.011, 0.022, 0.009
29.880, -0.859, 0.098, 1.000, 1.000, 1.000, 0.000, 1.000, 0.000, 0.022, 0.011, 0.022, 0.009
29.900, -0.839, 0.347, 1.000, 1.000, 1.000, 0.000, 1.000, 0.000, 0.022, 0.011, 0.022, 0.009
29.920, -0.812, 0.582, 1.000, 1.000, 1.000, 0.000, 1.000, 0.000, 0.021, 0.011, 0.022, 0.009
29.940, -0.774, 0.744, 1.000, 1.000, 1.000, 0.109, 1.000, 0.000, 0.021, 0.012, 0.022, 0.009
29.960, -0.737, 0.818, 1.000, 1.000, 1.000, 0.000, 1.000, 0.000, 0.021, 0.012, 0.022, 0.009
29.980, -0.706, 0.843, 1.000, 1.000, 1.000, 0.000, 1.000, 0.000, 0.021, 0.012, 0.022, 0.009
30.000, -0.689, 0.845, 1.000, 1.000, 0.000, 0.000, 1.000, 0.000, 0.021, 0.011, 0.022, 0.009
30.020, -0.679, 0.844, 1.000, 1.000, 0.000, 0.000, 1.000, 0.000, 0.021, 0.011, 0.022, 0.009
30.040, -0.701, 0.820, 1.000, 1.000, 0.000, 0.000, 1.000, 0.000, 0.021, 0.011, 0.021, 0.009
30.060, -0.703, 0.824, 1.000, 1.000, 0.000, 0.000, 1.000, 0.000, 0.021, 0.011, 0.021, 0.009
30.080, -0.702, 0.828, 1.000, 1.000, 0.000, 0.000, 1.000, 0.000, 0.021, 0.011, 0.021, 0.009
30.100, -0.664, 0.858, 1.000, 1.000, 0.401, 1.000, 0.000, 0.000, 0.021, 0.011, 0.021, 0.010
30.120, -0.603, 0.880, 1.000, 1.000, 0.433, 1.000, 0.000, 0.000, 0.021, 0.011, 0.022, 0.010
30.140, -0.583, 0.865, 1.000, 1.000, 0.038, 1.000, 0.000, 0.000, 0.021, 0.011, 0.022, 0.010
30.160, -0.569, 0.858, 1.000, 1.000, 0.000, 1.000, 0.000, 0.000, 0.020, 0.011, 0.022, 0.011
30.180, -0.590, 0.838, 1.000, 1.000, 0.000, 1.000, 1.000, 0.000, 0.020, 0.010, 0.022, 0.010
30.200, -0.531, 0.871, 1.000, 0.000, 1.000, 1.000, 1.000, 1.000, 0.021, 0.011, 0.022, 0.010
30.220, -0.461, 0.878, 1.000, 0.000, 1.000, 1.000, 1.000, 1.000, 0.021, 0.011, 0.022, 0.010
30.240, -0.380, 0.876, 1.000, 0.000, 1.000, 1.000, 1.000, 1.000, 0.021, 0.011, 0.022, 0.009
30.260, -0.279, 0.870, 1.000, 0.000, 1.000, 1.000, 1.000, 1.000, 0.022, 0.010, 0.022, 0.009
30.280, -0.146, 0.861, 1.000, 0.000, 1.000, 1.000, 1.000, 1.000, 0.022, 0.010, 0.022, 0.010
30.300, 0.037, 0.847, 1.000, 0.000, 1.000, 1.000, 1.000, 1.000, 0.022, 0.010, 0.022, 0.010
30.320, 0.281, 0.826, 1.000, 0.000, 1.000, 1.000, 0.000, 1.000, 0.022, 0.010, 0.022, 0.010
30.340, 0.554, 0.792, 1.000, 0.000, 1.000, 1.000, 0.000, 1.000, 0.022, 0.010, 0.022, 0.010
30.360, 0.761, 0.742, 1.000, 0.000, 1.000, 1.000, 0.000, 1.000, 0.022, 0.010, 0.022, 0.010
30.380, 0.855, 0.678, 1.000, 0.000, 1.000, 1.000, 1.000, 1.000, 0.022, 0.010, 0.021, 0.010
30.400, 0.882, 0.611, 1.000, 0.000, 1.000, 1.000, 1.000, 1.000, 0.022, 0.010, 0.021, 0.010
30.420, 0.887, 0.543, 1.000, 0.000, 1.000, 1.000, 1.000, 1.000, 0.022, 0.010, 0.021, 0.011
30.440, 0.884, 0.471, 1.000, 0.000, 1.000, 1.000, 1.000, 1.000, 0.022, 0.010, 0.021, 0.011
30.460, 0.879, 0.390, 1.000, 0.013, 1.000, 1.000, 1.000, 0.987, 0.022, 0.010, 0.021, 0.011
30.480, 0.871, 0.291, 1.000, 0.000, 1.000, 1.000, 0.000, 1.000, 0.022, 0.010, 0.021, 0.010
30.500, 0.862, 0.162, 1.000, 0.018, 1.000, 1.000, 0.000, 0.982, 0.022, 0.010, 0.021, 0.010
30.520, 0.849, -0.014, 0.000, 0.000, 1.000, 1.000, 0.000, 0.000, 0.022, 0.010, 0.021, 0.010
30.540, 0.829, -0.252, 0.000, 0.000, 1.000, 1.000, 0.000, 0.000, 0.021, 0.010, 0.021, 0.010
30.560, 0.758, -0.477, 0.000, 1.000, 0.000, 1.000, 0.000, 1.000, 0.022, 0.011, 0.021, 0.010
30.580, 0.678, -0.656, 0.000, 1.000, 0.000, 1.000, 0.000, 1.000, 0.022, 0.011, 0.020, 0.010
30.600, 0.578, -0.761, 0.000, 1.000, 0.000, 1.000, 0.000, 1.000, 0.022, 0.011, 0.020, 0.010
30.620, 0.474, -0.815, 0.000, 1.000, 0.000, 1.000, 0.000, 1.000, 0.022, 0.011, 0.020, 0.010
30.640, 0.367, -0.840, 0.000, 1.000, 1.000, 1.000, 0.000, 1.000, 0.022, 0.011, 0.020, 0.010
30.660, 0.234, -0.845, 0.000, 1.000, 1.000, 1.000, 0.000, 1.000, 0.022, 0.011, 0.020, 0.009
30.680, -0.035, -0.810, 0.000, 1.000, 1.000, 0.000, 1.000, 1.000, 0.022, 0.010, 0.021, 0.010
30.700, -0.347, -0.780, 0.000, 1.000, 1.000, 0.000, 1.000, 1.000, 0.022, 0.010, 0.021, 0.010
30.720, -0.623, -0.749, 0.000, 1.000, 1.000, 0.000, 1.000, 1.000, 0.023, 0.010, 0.021, 0.010
30.740, -0.799, -0.696, 0.000, 1.000, 1.000, 0.000, 1.000, 1.000, 0.023, 0.010, 0.021, 0.010
30.760, -0.872, -0.608, 0.000, 1.000, 1.000, 0.000, 1.000, 1.000, 0.023, 0.011, 0.022, 0.010
30.780, -0.888, -0.499, 0.000, 1.000, 1.000, 0.000, 1.000, 1.000, 0.023, 0.011, 0.022, 0.010
30.800, -0.886, -0.366, 0.000, 1.000, 1.000, 0.000, 1.000, 1.000, 0.023, 0.011, 0.022, 0.010
30.820, -0.878, -0.207, 0.000, 1.000, 0.000, 0.000, 1.000, 1.000, 0.023, 0.011, 0.022, 0.010
30.840, -0.867, -0.009, 0.000, 1.000, 0.845, 0.000, 1.000, 1.000, 0.023, 0.011, 0.022, 0.009
30.860, -0.850, 0.227, 1.000, 1.000, 1.000, 0.000, 1.000, 0.000, 0.022, 0.011, 0.022, 0.009
30.880, -0.826, 0.477, 1.000, 1.000, 1.000, 0.000, 1.000, 0.000, 0.022, 0.012, 0.022, 0.009
30.900, -0.792, 0.680, 1.000, 1.000, 1.000, 0.000, 1.000, 0.000, 0.022, 0.012, 0.022, 0.009
30.920, -0.754, 0.791, 1.000, 1.000, 0.948, 0.039, 1.000, 0.000, 0.021, 0.012, 0.022, 0.009
30.940, -0.721, 0.833, 1.000, 1.000, 1.000, 0.000, 1.000, 0.000, 0.021, 0.012, 0.022, 0.009
30.960, -0.703, 0.840, 1.000, 1.000, 0.000, 0.000, 1.000, 0.000, 0.021, 0.011, 0.022, 0.009
30.980, -0.688, 0.844, 1.000, 1.000, 0.000, 0.000, 1.000, 0.000, 0.021, 0.011, 0.022, 0.009
31.000, -0.678, 0.844, 1.000, 1.000, 0.000, 0.000, 1.000, 0.000, 0.021, 0.011, 0.022, 0.009
31.020, -0.700, 0.820, 1.000, 1.000, 0.000, 0.000, 1.000, 0.000, 0.021, 0.011, 0.021, 0.009
31.040, -0.686, 0.839, 1.000, 1.000, 0.000, 0.667, 1.000, 0.000, 0.021, 0.011, 0.021, 0.009
31.060, -0.658, 0.856, 1.000, 1.000, 0.000, 1.000, 0.105, 0.000, 0.021, 0.011, 0.022, 0.010
31.080, -0.642, 0.855, 1.000, 1.000, 0.000, 1.000, 0.000, 0.000, 0.021, 0.010, 0.022, 0.010
31.100, -0.591, 0.874, 1.000, 1.000, 0.276, 1.000, 0.000, 0.000, 0.021, 0.011, 0.022, 0.010
31.120, -0.598, 0.850, 1.000, 1.000, 0.000, 1.000, 0.296, 0.000, 0.021, 0.011, 0.022, 0.010
31.140, -0.596, 0.848, 1.000, 1.000, 0.000, 1.000, 1.000, 0.000, 0.021, 0.010, 0.022, 0.010
31.160, -0.542, 0.872, 1.000, 1.000, 1.000, 1.000, 1.000, 0.000, 0.021, 0.011, 0.022, 0.010
31.180, -0.473, 0.879, 1.000, 0.000, 1.000, 1.000, 1.000, 1.000, 0.021, 0.011, 0.022, 0.010
31.200, -0.394, 0.877, 1.000, 0.000, 1.000, 1.000, 1.000, 1.000, 0.021, 0.011, 0.022, 0.009
31.220, -0.297, 0.871, 1.000, 0.000, 1.000, 1.000, 1.000, 1.000, 0.022, 0.011, 0.022, 0.009
31.240, -0.170, 0.862, 1.000, 0.000, 1.000, 1.000, 1.000, 1.000, 0.022, 0.011, 0.022, 0.010
31.260, 0.004, 0.850, 1.000, 0.000, 1.000, 1.000, 1.000, 1.000, 0.022, 0.011, 0.022, 0.010
31.280, 0.238, 0.830, 1.000, 0.000, 1.000, 1.000, 0.970, 1.000, 0.022, 0.010, 0.023, 0.010
31.300, 0.512, 0.799, 1.000, 0.000, 1.000, 1.000, 0.000, 1.000, 0.022, 0.010, 0.023, 0.010
31.320, 0.736, 0.751, 1.000, 0.000, 1.000, 1.000, 0.705, 1.000, 0.022, 0.010, 0.023, 0.010
31.340, 0.846, 0.689, 1.000, 0.000, 1.000, 1.000, 1.000, 1.000, 0.022, 0.010, 0.022, 0.011
31.360, 0.880, 0.621, 1.000, 0.000, 1.000, 1.000, 1.000, 1.000, 0.022, 0.010, 0.022, 0.011
31.380, 0.887, 0.554, 1.000, 0.000, 1.000, 1.000, 1.000, 1.000, 0.022, 0.010, 0.021, 0.011
31.400, 0.885, 0.483, 1.000, 0.000, 1.000, 1.000, 1.000, 1.000, 0.022, 0.010, 0.021, 0.011
31.420, 0.880, 0.404, 1.000, 0.003, 1.000, 1.000, 1.000, 0.997, 0.022, 0.010, 0.021, 0.011
31.440, 0.873, 0.309, 1.000, 0.000, 1.000, 1.000, 0.000, 1.000, 0.022, 0.010, 0.021, 0.011
31.460, 0.864, 0.186, 1.000, 0.000, 1.000, 1.000, 0.663, 1.000, 0.022, 0.010, 0.021, 0.011
31.480, 0.851, 0.018, 1.000, 0.000, 1.000, 1.000, 0.000, 1.000, 0.022, 0.010, 0.021, 0.010
31.500, 0.833, -0.210, 0.000, 0.000, 1.000, 1.000, 0.000, 0.000, 0.022, 0.010, 0.021, 0.010
31.520, 0.789, -0.465, 0.000, 1.000, 1.000, 1.000, 0.000, 1.000, 0.022, 0.010, 0.021, 0.010
31.540, 0.690, -0.633, 0.000, 1.000, 0.000, 1.000, 0.000, 1.000, 0.022, 0.011, 0.021, 0.010
31.560, 0.590, -0.747, 0.000, 1.000, 0.000, 1.000, 0.000, 1.000, 0.022, 0.011, 0.021, 0.010
31.580, 0.465, -0.797, 0.000, 1.000, 0.000, 1.000, 0.000, 1.000, 0.023, 0.011, 0.021, 0.010
31.600, 0.353, -0.829, 0.000, 1.000, 0.000, 1.000, 0.307, 1.000, 0.023, 0.011, 0.021, 0.010
31.620, 0.204, -0.835, 0.000, 1.000, 1.000, 1.000, 0.000, 1.000, 0.023, 0.011, 0.021, 0.010
31.640, -0.065, -0.806, 0.000, 1.000, 1.000, 0.000, 1.000, 1.000, 0.023, 0.011, 0.021, 0.010
31.660, -0.388, -0.773, 0.000, 1.000, 1.000, 0.000, 1.000, 1.000, 0.023, 0.010, 0.021, 0.011
31.680, -0.657, -0.738, 0.000, 1.000, 1.000, 0.000, 1.000, 1.000, 0.023, 0.010, 0.022, 0.010
31.700, -0.814, -0.684, 0.000, 1.000, 1.000, 0.000, 1.000, 1.000, 0.023, 0.010, 0.022, 0.010
31.720, -0.873, -0.606, 0.000, 1.000, 1.000, 0.000, 1.000, 1.000, 0.023, 0.010, 0.022, 0.010
31.740, -0.888, -0.499, 0.000, 1.000, 1.000, 0.000, 1.000, 1.000, 0.023, 0.011, 0.022, 0.010
31.760, -0.885, -0.378, 0.000, 1.000, 1.000, 0.000, 1.000, 1.000, 0.023, 0.011, 0.022, 0.010
31.780, -0.879, -0.215, 0.000, 1.000, 0.000, 0.000, 1.000, 1.000, 0.023, 0.011, 0.022, 0.010
31.800, -0.868, -0.019, 0.000, 1.000, 0.000, 0.000, 1.000, 1.000, 0.023, 0.011, 0.022, 0.010
31.820, -0.851, 0.216, 1.000, 1.000, 1.000, 0.000, 1.000, 0.000, 0.022, 0.011, 0.022, 0.010
31.840, -0.828, 0.466, 1.000, 1.000, 1.000, 0.000, 1.000, 0.000, 0.022, 0.011, 0.022, 0.010
31.860, -0.795, 0.670, 1.000, 1.000, 1.000, 0.000, 1.000, 0.000, 0.022, 0.011, 0.022, 0.010
31.880, -0.754, 0.790, 1.000, 1.000, 1.000, 0.014, 1.000, 0.000, 0.022, 0.012, 0.022, 0.010
31.900, -0.720, 0.834, 1.000, 1.000, 1.000, 0.000, 1.000, 0.000, 0.022, 0.012, 0.022, 0.010
31.920, -0.701, 0.841, 1.000, 1.000, 0.000, 0.000, 1.000, 0.000, 0.021, 0.011, 0.022, 0.010
31.940, -0.687, 0.843, 1.000, 1.000, 0.000, 0.000, 1.000, 0.000, 0.021, 0.011, 0.022, 0.009
31.960, -0.677, 0.844, 1.000, 1.000, 0.000, 0.000, 1.000, 0.000, 0.021, 0.011, 0.022, 0.009
31.980, -0.694, 0.825, 1.000, 1.000, 0.000, 0.000, 1.000, 0.000, 0.021, 0.011, 0.022, 0.009
32.000, -0.700, 0.824, 1.000, 1.000, 0.000, 0.000, 1.000, 0.000, 0.021, 0.011, 0.022, 0.009
32.020, -0.678, 0.846, 1.000, 1.000, 0.000, 1.000, 1.000, 0.000, 0.021, 0.010, 0.022, 0.009
32.040, -0.657, 0.853, 1.000, 1.000, 0.000, 1.000, 0.000, 0.000, 0.021, 0.010, 0.022, 0.010
32.060, -0.605, 0.875, 1.000, 1.000, 0.276, 1.000, 0.000, 0.000, 0.021, 0.011, 0.022, 0.010
32.080, -0.592, 0.860, 1.000, 1.000, 0.022, 1.000, 0.000, 0.000, 0.021, 0.010, 0.022, 0.011
32.100, -0.590, 0.851, 1.000, 1.000, 0.000, 1.000, 1.000, 0.000, 0.021, 0.010, 0.022, 0.010
32.120, -0.576, 0.854, 1.000, 1.000, 1.000, 1.000, 1.000, 0.000, 0.021, 0.011, 0.023, 0.010
32.140, -0.513, 0.876, 1.000, 0.000, 1.000, 1.000, 1.000, 1.000, 0.021, 0.011, 0.023, 0.010
32.160, -0.441, 0.879, 1.000, 0.000, 1.000, 1.000, 1.000, 1.000, 0.022, 0.011, 0.023, 0.010
32.180, -0.355, 0.875, 1.000, 0.000, 1.000, 1.000, 1.000, 1.000, 0.022, 0.011, 0.023, 0.010
32.200, -0.247, 0.868, 1.000, 0.000, 1.000, 1.000, 1.000, 1.000, 0.022, 0.011, 0.023, 0.009
32.220, -0.102, 0.858, 1.000, 0.000, 1.000, 1.000, 1.000, 1.000, 0.022, 0.010, 0.023, 0.010
32.240, 0.097, 0.842, 1.000, 0.000, 1.000, 1.000, 1.000, 1.000, 0.022, 0.010, 0.023, 0.010
32.260, 0.355, 0.818, 1.000, 0.000, 1.000, 1.000, 0.000, 1.000, 0.022, 0.010, 0.023, 0.010
32.280, 0.621, 0.780, 1.000, 0.000, 1.000, 1.000, 0.008, 1.000, 0.022, 0.010, 0.022, 0.010
32.300, 0.796, 0.725, 1.000, 0.000, 1.000, 1.000, 0.889, 1.000, 0.022, 0.010, 0.022, 0.010
32.320, 0.866, 0.660, 1.000, 0.000, 1.000, 1.000, 1.000, 1.000, 0.022, 0.010, 0.022, 0.011
32.340, 0.885, 0.592, 1.000, 0.000, 1.000, 1.000, 1.000, 1.000, 0.023, 0.010, 0.022, 0.011
32.360, 0.886, 0.524, 1.000, 0.000, 1.000, 1.000, 1.000, 1.000, 0.023, 0.010, 0.021, 0.011
32.380, 0.883, 0.450, 1.000, 0.000, 1.000, 1.000, 1.000, 1.000, 0.023, 0.010, 0.021, 0.011
32.400, 0.877, 0.366, 1.000, 0.000, 1.000, 1.000, 0.000, 1.000, 0.023, 0.010, 0.021, 0.011
32.420, 0.869, 0.260, 1.000, 0.000, 1.000, 1.000, 0.000, 1.000, 0.023, 0.010, 0.021, 0.010
32.440, 0.859, 0.120, 1.000, 0.000, 1.000, 1.000, 0.000, 1.000, 0.023, 0.010, 0.021, 0.010
32.460, 0.844, -0.072, 0.000, 0.000, 1.000, 1.000, 0.000, 0.000, 0.022, 0.010, 0.021, 0.010
32.480, 0.822, -0.325, 0.000, 0.014, 1.000, 1.000, 0.000, 0.014, 0.022, 0.010, 0.021, 0.010
32.500, 0.731, -0.522, 0.000, 1.000, 0.000, 1.000, 0.049, 1.000, 0.022, 0.011, 0.021, 0.010
32.520, 0.649, -0.686, 0.000, 1.000, 0.000, 1.000, 0.000, 1.000, 0.022, 0.011, 0.021, 0.010
32.540, 0.544, -0.774, 0.000, 1.000, 0.000, 1.000, 0.000, 1.000, 0.023, 0.011, 0.021, 0.010
32.560, 0.439, -0.821, 0.000, 1.000, 0.000, 1.000, 0.206, 1.000, 0.023, 0.011, 0.021, 0.010
32.580, 0.327, -0.841, 0.000, 1.000, 1.000, 1.000, 0.000, 1.000, 0.023, 0.011, 0.021, 0.010
32.600, 0.188, -0.845, 0.000, 1.000, 1.000, 1.000, 0.000, 1.000, 0.023, 0.011, 0.021, 0.010
32.620, -0.113, -0.801, 0.000, 1.000, 1.000, 0.000, 1.000, 1.000, 0.023, 0.010, 0.021, 0.010
32.640, -0.436, -0.767, 0.000, 1.000, 1.000, 0.000, 1.000, 1.000, 0.023, 0.010, 0.021, 0.010
32.660, -0.691, -0.730, 0.000, 1.000, 1.000, 0.000, 1.000, 1.000, 0.023, 0.010, 0.022, 0.010
32.680, -0.829, -0.671, 0.000, 1.000, 1.000, 0.000, 1.000, 1.000, 0.023, 0.010, 0.022, 0.010
32.700, -0.880, -0.574, 0.000, 1.000, 1.000, 0.000, 1.000, 1.000, 0.023, 0.011, 0.022, 0.010
32.720, -0.889, -0.447, 0.000, 1.000, 1.000, 0.000, 1.000, 1.000, 0.023, 0.011, 0.022, 0.010
32.740, -0.884, -0.301, 0.000, 1.000, 0.654, 0.000, 1.000, 1.000, 0.023, 0.011, 0.022, 0.010
32.760, -0.873, -0.130, 0.000, 1.000, 0.639, 0.000, 1.000, 1.000, 0.023, 0.011, 0.022, 0.010
32.780, -0.861, 0.084, 1.000, 1.000, 1.000, 0.000, 1.000, 0.000, 0.023, 0.011, 0.022, 0.009
32.800, -0.841, 0.332, 1.000, 1.000, 1.000, 0.000, 1.000, 0.000, 0.022, 0.012, 0.022, 0.009
32.820, -0.814, 0.570, 1.000, 1.000, 1.000, 0.000, 1.000, 0.000, 0.022, 0.012, 0.022, 0.009
32.840, -0.775, 0.739, 1.000, 1.000, 1.000, 0.000, 1.000, 0.000, 0.022, 0.012, 0.022, 0.009
32.860, -0.736, 0.818, 1.000, 1.000, 1.000, 0.088, 1.000, 0.000, 0.022, 0.012, 0.022, 0.009
32.880, -0.708, 0.841, 1.000, 1.000, 1.000, 0.047, 1.000, 0.000, 0.022, 0.012, 0.022, 0.009
32.900, -0.692, 0.843, 1.000, 1.000, 0.000, 0.000, 1.000, 0.000, 0.022, 0.011, 0.022, 0.009
32.920, -0.673, 0.849, 1.000, 1.000, 1.000, 0.000, 1.000, 0.000, 0.021, 0.012, 0.022, 0.009
32.940, -0.684, 0.832, 1.000, 1.000, 0.000, 0.000, 1.000, 0.000, 0.021, 0.011, 0.023, 0.009
32.960, -0.692, 0.827, 1.000, 1.000, 0.000, 0.000, 1.000, 0.000, 0.021, 0.011, 0.022, 0.009
32.980, -0.660, 0.855, 1.000, 1.000, 0.000, 1.000, 0.000, 0.000, 0.021, 0.011, 0.022, 0.010
33.000, -0.641, 0.856, 1.000, 1.000, 0.000, 1.000, 0.000, 0.000, 0.021, 0.011, 0.022, 0.010
33.020, -0.625, 0.856, 1.000, 1.000, 0.000, 1.000, 0.000, 0.000, 0.021, 0.011, 0.022, 0.010
33.040, -0.604, 0.859, 1.000, 1.000, 0.000, 1.000, 0.000, 0.000, 0.021, 0.011, 0.023, 0.011
33.060, -0.600, 0.851, 1.000, 1.000, 0.000, 1.000, 1.000, 0.000, 0.021, 0.011, 0.023, 0.010
33.080, -0.586, 0.855, 1.000, 1.000, 1.000, 1.000, 1.000, 0.000, 0.021, 0.011, 0.023, 0.010
33.100, -0.523, 0.877, 1.000, 0.000, 1.000, 1.000, 1.000, 1.000, 0.022, 0.012, 0.023, 0.010
33.120, -0.452, 0.880, 1.000, 0.000, 1.000, 1.000, 1.000, 1.000, 0.022, 0.011, 0.023, 0.010
33.140, -0.368, 0.876, 1.000, 0.000, 1.000, 1.000, 1.000, 1.000, 0.022, 0.011, 0.023, 0.009
33.160, -0.264, 0.869, 1.000, 0.000, 1.000, 1.000, 1.000, 1.000, 0.022, 0.011, 0.023, 0.009
33.180, -0.126, 0.859, 1.000, 0.000, 1.000, 1.000, 1.000, 1.000, 0.022, 0.011, 0.023, 0.010
33.200, 0.065, 0.845, 1.000, 0.000, 1.000, 1.000, 1.000, 1.000, 0.022, 0.011, 0.023, 0.010
33.220, 0.316, 0.823, 1.000, 0.000, 1.000, 1.000, 0.857, 1.000, 0.022, 0.011, 0.023, 0.010
33.240, 0.587, 0.787, 1.000, 0.000, 1.000, 1.000, 0.758, 1.000, 0.022, 0.011, 0.023, 0.011
33.260, 0.779, 0.734, 1.000, 0.000, 1.000, 1.000, 1.000, 1.000, 0.023, 0.010, 0.023, 0.011
33.280, 0.861, 0.669, 1.000, 0.000, 1.000, 1.000, 1.000, 1.000, 0.023, 0.010, 0.023, 0.011
33.300, 0.884, 0.602, 1.000, 0.000, 1.000, 1.000, 1.000, 1.000, 0.023, 0.010, 0.022, 0.011
33.320, 0.887, 0.534, 1.000, 0.000, 1.000, 1.000, 1.000, 1.000, 0.023, 0.010, 0.022, 0.011
33.340, 0.883, 0.461, 1.000, 0.000, 1.000, 1.000, 1.000, 1.000, 0.023, 0.010, 0.022, 0.011
33.360, 0.878, 0.379, 1.000, 0.000, 1.000, 1.000, 0.000, 1.000, 0.023, 0.010, 0.022, 0.011
33.380, 0.870, 0.277, 1.000, 0.000, 1.000, 1.000, 1.000, 1.000, 0.023, 0.010, 0.022, 0.011
33.400, 0.861, 0.143, 1.000, 0.000, 1.000, 1.000, 1.000, 1.000, 0.023, 0.010, 0.021, 0.011
33.420, 0.847, -0.041, 0.000, 0.000, 1.000, 1.000, 0.000, 0.000, 0.022, 0.010, 0.021, 0.011
33.440, 0.826, -0.286, 0.000, 0.000, 1.000, 1.000, 0.000, 0.000, 0.022, 0.010, 0.021, 0.010
33.460, 0.761, -0.518, 0.000, 1.000, 1.000, 1.000, 0.000, 1.000, 0.022, 0.010, 0.021, 0.010
33.480, 0.666, -0.676, 0.000, 1.000, 0.000, 1.000, 0.000, 1.000, 0.023, 0.011, 0.021, 0.010
33.500, 0.559, -0.768, 0.000, 1.000, 0.000, 1.000, 0.000, 1.000, 0.023, 0.011, 0.021, 0.010
33.520, 0.435, -0.809, 0.000, 1.000, 0.000, 1.000, 0.061, 1.000, 0.023, 0.011, 0.021, 0.010
33.540, 0.300, -0.828, 0.000, 1.000, 1.000, 1.000, 0.000, 1.000, 0.023, 0.011, 0.021, 0.010
33.560, 0.141, -0.833, 0.000, 1.000, 1.000, 1.000, 0.000, 1.000, 0.023, 0.011, 0.021, 0.010
33.580, -0.144, -0.802, 0.000, 1.000, 1.000, 1.000, 1.000, 1.000, 0.023, 0.011, 0.021, 0.010
33.600, -0.502, -0.748, 0.000, 1.000, 1.000, 0.000, 1.000, 1.000, 0.023, 0.010, 0.021, 0.010
33.620, -0.734, -0.707, 0.000, 1.000, 1.000, 0.000, 1.000, 1.000, 0.023, 0.010, 0.022, 0.010
33.640, -0.844, -0.649, 0.000, 1.000, 1.000, 0.000, 1.000, 1.000, 0.023, 0.010, 0.022, 0.010
33.660, -0.881, -0.565, 0.000, 1.000, 1.000, 0.000, 1.000, 1.000, 0.023, 0.010, 0.022, 0.010
33.680, -0.888, -0.447, 0.000, 1.000, 1.000, 0.000, 1.000, 1.000, 0.023, 0.011, 0.022, 0.010
33.700, -0.882, -0.313, 0.000, 1.000, 1.000, 0.000, 1.000, 1.000, 0.023, 0.011, 0.022, 0.010
33.720, -0.875, -0.138, 0.000, 1.000, 0.000, 0.000, 1.000, 1.000, 0.023, 0.011, 0.022, 0.010
33.740, -0.861, 0.075, 1.000, 1.000, 0.182, 0.000, 1.000, 0.000, 0.023, 0.011, 0.022, 0.010
33.760, -0.842, 0.322, 1.000, 1.000, 1.000, 0.000, 1.000, 0.000, 0.022, 0.011, 0.022, 0.010
33.780, -0.815, 0.562, 1.000, 1.000, 1.000, 0.000, 1.000, 0.000, 0.022, 0.011, 0.023, 0.010
33.800, -0.780, 0.730, 1.000, 1.000, 1.000, 0.000, 1.000, 0.000, 0.022, 0.012, 0.023, 0.010
33.820, -0.740, 0.814, 1.000, 1.000, 1.000, 0.092, 1.000, 0.000, 0.022, 0.012, 0.023, 0.010
33.840, -0.710, 0.841, 1.000, 1.000, 1.000, 0.000, 1.000, 0.000, 0.022, 0.012, 0.023, 0.010
33.860, -0.689, 0.847, 1.000, 1.000, 0.893, 0.000, 1.000, 0.000, 0.022, 0.012, 0.023, 0.010
33.880, -0.671, 0.850, 1.000, 1.000, 1.000, 0.000, 1.000, 0.000, 0.022, 0.012, 0.023, 0.010
33.900, -0.661, 0.848, 1.000, 1.000, 0.000, 0.000, 1.000, 0.000, 0.022, 0.011, 0.023, 0.010
33.920, -0.680, 0.828, 1.000, 1.000, 0.000, 0.000, 1.000, 0.000, 0.021, 0.011, 0.022, 0.010
33.940, -0.685, 0.830, 1.000, 1.000, 0.000, 0.000, 1.000, 0.000, 0.021, 0.011, 0.022, 0.009
33.960, -0.654, 0.856, 1.000, 1.000, 0.000, 1.000, 0.000, 0.000, 0.021, 0.011, 0.022, 0.010
33.980, -0.638, 0.855, 1.000, 1.000, 0.000, 1.000, 0.000, 0.000, 0.021, 0.011, 0.022, 0.010
34.000, -0.621, 0.856, 1.000, 1.000, 0.000, 1.000, 0.000, 0.000, 0.021, 0.011, 0.023, 0.011
34.020, -0.591, 0.864, 1.000, 1.000, 0.218, 1.000, 0.000, 0.000, 0.021, 0.011, 0.023, 0.011
34.040, -0.592, 0.850, 1.000, 1.000, 0.000, 1.000, 1.000, 0.000, 0.021, 0.011, 0.023, 0.010
34.060, -0.541, 0.871, 1.000, 1.000, 1.000, 1.000, 1.000, 0.000, 0.021, 0.011, 0.023, 0.010
34.080, -0.473, 0.879, 1.000, 0.000, 1.000, 1.000, 1.000, 1.000, 0.022, 0.012, 0.023, 0.010
34.100, -0.393, 0.877, 1.000, 0.000, 1.000, 1.000, 1.000, 1.000, 0.022, 0.011, 0.023, 0.010
34.120, -0.296, 0.871, 1.000, 0.000, 1.000, 1.000, 1.000, 1.000, 0.022, 0.011, 0.023, 0.010
34.140, -0.168, 0.862, 1.000, 0.000, 1.000, 1.000, 1.000, 1.000, 0.022, 0.011, 0.023, 0.010
34.160, 0.006, 0.850, 1.000, 0.000, 1.000, 1.000, 1.000, 1.000, 0.022, 0.011, 0.023, 0.010
34.180, 0.241, 0.830, 1.000, 0.000, 1.000, 1.000, 1.000, 1.000, 0.022, 0.011, 0.023, 0.011
34.200, 0.515, 0.798, 1.000, 0.000, 1.000, 1.000, 0.000, 1.000, 0.022, 0.011, 0.023, 0.010
34.220, 0.738, 0.750, 1.000, 0.000, 1.000, 1.000, 0.000, 1.000, 0.023, 0.011, 0.023, 0.010
34.240, 0.846, 0.688, 1.000, 0.000, 1.000, 1.000, 1.000, 1.000, 0.023, 0.010, 0.023, 0.010
34.260, 0.880, 0.621, 1.000, 0.000, 1.000, 1.000, 1.000, 1.000, 0.023, 0.010, 0.022, 0.011
34.280, 0.887, 0.553, 1.000, 0.000, 1.000, 1.000, 1.000, 1.000, 0.023, 0.010, 0.022, 0.011
34.300, 0.884, 0.482, 1.000, 0.046, 1.000, 1.000, 1.000, 0.954, 0.023, 0.010, 0.022, 0.011
34.320, 0.879, 0.403, 1.000, 0.000, 1.000, 1.000, 0.248, 1.000, 0.023, 0.010, 0.022, 0.011
34.340, 0.873, 0.307, 1.000, 0.000, 1.000, 1.000, 0.000, 1.000, 0.023, 0.010, 0.022, 0.010
34.360, 0.864, 0.184, 1.000, 0.000, 1.000, 1.000, 0.000, 1.000, 0.023, 0.010, 0.022, 0.010
34.380, 0.851, 0.015, 1.000, 0.000, 1.000, 1.000, 0.000, 1.000, 0.023, 0.010, 0.021, 0.010
34.400, 0.832, -0.213, 0.000, 0.000, 1.000, 1.000, 0.000, 0.000, 0.022, 0.010, 0.021, 0.010
34.420, 0.790, -0.471, 0.000, 1.000, 1.000, 1.000, 0.000, 1.000, 0.023, 0.010, 0.021, 0.010
34.440, 0.688, -0.634, 0.000, 1.000, 0.000, 1.000, 0.000, 1.000, 0.023, 0.011, 0.021, 0.010
34.460, 0.587, -0.747, 0.000, 1.000, 0.000, 1.000, 0.000, 1.000, 0.023, 0.011, 0.021, 0.010
34.480, 0.479, -0.805, 0.000, 1.000, 0.000, 1.000, 0.000, 1.000, 0.023, 0.011, 0.021, 0.010
34.500, 0.364, -0.832, 0.000, 1.000, 1.000, 1.000, 0.000, 1.000, 0.023, 0.011, 0.021, 0.010
34.520, 0.216, -0.837, 0.000, 1.000, 1.000, 1.000, 0.000, 1.000, 0.023, 0.011, 0.021, 0.010
34.540, -0.015, -0.818, 0.000, 1.000, 1.000, 1.000, 1.000, 1.000, 0.023, 0.011, 0.021, 0.010
34.560, -0.383, -0.762, 0.000, 1.000, 1.000, 0.000, 1.000, 1.000, 0.023, 0.010, 0.022, 0.011
34.580, -0.653, -0.731, 0.000, 1.000, 1.000, 0.000, 1.000, 1.000, 0.023, 0.010, 0.022, 0.010
34.600, -0.812, -0.677, 0.000, 1.000, 1.000, 0.000, 1.000, 1.000, 0.023, 0.010, 0.022, 0.010
34.620, -0.872, -0.604, 0.000, 1.000, 1.000, 0.000, 1.000, 1.000, 0.023, 0.010, 0.022, 0.010
34.640, -0.888, -0.492, 0.000, 1.000, 1.000, 0.000, 1.000, 1.000, 0.023, 0.011, 0.022, 0.010
34.660, -0.885, -0.369, 0.000, 1.000, 1.000, 0.000, 1.000, 1.000, 0.023, 0.011, 0.022, 0.010
34.680, -0.879, -0.205, 0.000, 1.000, 0.000, 0.000, 1.000, 1.000, 0.023, 0.011, 0.022, 0.010
34.700, -0.867, -0.006, 0.000, 1.000, 0.000, 0.000, 1.000, 1.000, 0.023, 0.011, 0.023, 0.010
34.720, -0.850, 0.231, 1.000, 1.000, 1.000, 0.000, 1.000, 0.000, 0.023, 0.011, 0.023, 0.010
34.740, -0.826, 0.480, 1.000, 1.000, 1.000, 0.000, 1.000, 0.000, 0.022, 0.011, 0.023, 0.010
34.760, -0.795, 0.677, 1.000, 1.000, 1.000, 0.000, 1.000, 0.000, 0.022, 0.012, 0.023, 0.010
34.780, -0.756, 0.790, 1.000, 1.000, 1.000, 0.000, 1.000, 0.000, 0.022, 0.012, 0.023, 0.010
34.800, -0.722, 0.833, 1.000, 1.000, 0.876, 0.029, 1.000, 0.000, 0.022, 0.012, 0.023, 0.010
34.820, -0.699, 0.844, 1.000, 1.000, 0.400, 0.000, 1.000, 0.000, 0.022, 0.011, 0.023, 0.010
34.840, -0.683, 0.847, 1.000, 1.000, 0.256, 0.000, 1.000, 0.000, 0.022, 0.011, 0.023, 0.009
34.860, -0.666, 0.850, 1.000, 1.000, 1.000, 0.000, 1.000, 0.000, 0.022, 0.012, 0.023, 0.009
34.880, -0.676, 0.834, 1.000, 1.000, 0.000, 0.000, 1.000, 0.000, 0.022, 0.011, 0.022, 0.009
34.900, -0.690, 0.825, 1.000, 1.000, 0.000, 0.000, 1.000, 0.000, 0.022, 0.011, 0.022, 0.009
34.920, -0.676, 0.842, 1.000, 1.000, 0.000, 1.000, 1.000, 0.000, 0.022, 0.011, 0.022, 0.009
34.940, -0.653, 0.854, 1.000, 1.000, 0.000, 1.000, 0.000, 0.000, 0.021, 0.011, 0.023, 0.010
34.960, -0.638, 0.854, 1.000, 1.000, 0.000, 1.000, 0.000, 0.000, 0.021, 0.011, 0.023, 0.010
34.980, -0.607, 0.864, 1.000, 1.000, 0.167, 1.000, 0.000, 0.000, 0.021, 0.011, 0.023, 0.011
35.000, -0.569, 0.870, 1.000, 1.000, 0.108, 1.000, 0.000, 0.000, 0.021, 0.011, 0.023, 0.011
35.020, -0.581, 0.846, 1.000, 1.000, 1.000, 1.000, 1.000, 0.000, 0.021, 0.011, 0.023, 0.010
35.040, -0.520, 0.873, 1.000, 0.000, 1.000, 1.000, 1.000, 1.000, 0.022, 0.012, 0.023, 0.010
35.060, -0.449, 0.878, 1.000, 0.000, 1.000, 1.000, 1.000, 1.000, 0.022, 0.011, 0.023, 0.010
35.080, -0.365, 0.875, 1.000, 0.000, 1.000, 1.000, 1.000, 1.000, 0.022, 0.011, 0.023, 0.010
35.100, -0.259, 0.869, 1.000, 0.000, 1.000, 1.000, 1.000, 1.000, 0.022, 0.011, 0.023, 0.010
35.120, -0.119, 0.859, 1.000, 0.000, 1.000, 1.000, 1.000, 1.000, 0.023, 0.011, 0.023, 0.010
35.140, 0.073, 0.844, 1.000, 0.000, 1.000, 1.000, 1.000, 1.000, 0.023, 0.011, 0.023, 0.010
35.160, 0.327, 0.821, 1.000, 0.000, 1.000, 1.000, 0.617, 1.000, 0.023, 0.011, 0.023, 0.011
35.180, 0.596, 0.785, 1.000, 0.000, 1.000, 1.000, 0.465, 1.000, 0.023, 0.010, 0.023, 0.010
35.200, 0.784, 0.732, 1.000, 0.000, 1.000, 1.000, 1.000, 1.000, 0.023, 0.010, 0.023, 0.011
35.220, 0.862, 0.667, 1.000, 0.000, 1.000, 1.000, 1.000, 1.000, 0.023, 0.010, 0.022, 0.011
35.240, 0.884, 0.599, 1.000, 0.000, 1.000, 1.000, 1.000, 1.000, 0.023, 0.010, 0.022, 0.011
35.260, 0.887, 0.531, 1.000, 0.000, 1.000, 1.000, 1.000, 1.000, 0.023, 0.010, 0.022, 0.011
35.280, 0.883, 0.458, 1.000, 0.019, 1.000, 1.000, 1.000, 0.981, 0.023, 0.010, 0.022, 0.011
35.300, 0.877, 0.375, 1.000, 0.000, 1.000, 1.000, 0.000, 1.000, 0.023, 0.010, 0.022, 0.011
35.320, 0.870, 0.272, 1.000, 0.000, 1.000, 1.000, 0.000, 1.000, 0.023, 0.010, 0.022, 0.010
35.340, 0.860, 0.137, 1.000, 0.000, 1.000, 1.000, 0.000, 1.000, 0.023, 0.010, 0.022, 0.010
35.360, 0.846, -0.050, 0.000, 0.000, 1.000, 1.000, 0.000, 0.000, 0.022, 0.010, 0.022, 0.010
35.380, 0.825, -0.297, 0.000, 0.000, 1.000, 1.000, 0.000, 0.000, 0.022, 0.010, 0.021, 0.010
35.400, 0.761, -0.531, 0.000, 1.000, 1.000, 1.000, 0.000, 1.000, 0.023, 0.010, 0.021, 0.010
35.420, 0.664, -0.683, 0.000, 1.000, 0.000, 1.000, 0.000, 1.000, 0.023, 0.011, 0.021, 0.010
35.440, 0.555, -0.771, 0.000, 1.000, 0.000, 1.000, 0.000, 1.000, 0.023, 0.011, 0.021, 0.010
35.460, 0.450, -0.819, 0.000, 1.000, 0.068, 1.000, 0.116, 1.000, 0.023, 0.011, 0.021, 0.010
35.480, 0.324, -0.836, 0.000, 1.000, 1.000, 1.000, 0.000, 1.000, 0.023, 0.011, 0.021, 0.010
35.500, 0.157, -0.834, 0.000, 1.000, 1.000, 1.000, 0.000, 1.000, 0.023, 0.011, 0.021, 0.010
35.520, -0.119, -0.804, 0.000, 1.000, 1.000, 1.000, 1.000, 1.000, 0.023, 0.010, 0.021, 0.010
35.540, -0.492, -0.745, 0.000, 1.000, 1.000, 0.000, 1.000, 1.000, 0.023, 0.010, 0.022, 0.011
35.560, -0.727, -0.706, 0.000, 1.000, 1.000, 0.000, 1.000, 1.000, 0.023, 0.010, 0.022, 0.010
35.580, -0.842, -0.647, 0.000, 1.000, 1.000, 0.000, 1.000, 1.000, 0.023, 0.010, 0.022, 0.010
35.600, -0.880, -0.564, 0.000, 1.000, 1.000, 0.000, 1.000, 1.000, 0.023, 0.010, 0.022, 0.010
35.620, -0.887, -0.448, 0.000, 1.000, 1.000, 0.000, 1.000, 1.000, 0.023, 0.011, 0.022, 0.010
35.640, -0.884, -0.298, 0.000, 1.000, 0.680, 0.000, 1.000, 1.000, 0.023, 0.011, 0.022, 0.010
35.660, -0.874, -0.119, 0.000, 1.000, 0.000, 0.000, 1.000, 1.000, 0.023, 0.011, 0.023, 0.010
35.680, -0.860, 0.097, 1.000, 1.000, 0.225, 0.000, 1.000, 0.000, 0.023, 0.011, 0.023, 0.010
35.700, -0.840, 0.346, 1.000, 1.000, 1.000, 0.000, 1.000, 0.000, 0.023, 0.011, 0.023, 0.010
35.720, -0.813, 0.580, 1.000, 1.000, 1.000, 0.000, 1.000, 0.000, 0.022, 0.011, 0.023, 0.010
35.740, -0.780, 0.735, 1.000, 1.000, 1.000, 0.000, 1.000, 0.000, 0.022, 0.011, 0.023, 0.010
35.760, -0.742, 0.814, 1.000, 1.000, 1.000, 0.000, 1.000, 0.000, 0.022, 0.012, 0.023, 0.010
35.780, -0.709, 0.842, 1.000, 1.000, 1.000, 0.018, 1.000, 0.000, 0.022, 0.012, 0.023, 0.010
35.800, -0.691, 0.845, 1.000, 1.000, 0.000, 0.000, 1.000, 0.000, 0.022, 0.011, 0.023, 0.010
35.820, -0.674, 0.849, 1.000, 1.000, 0.306, 0.000, 1.000, 0.000, 0.022, 0.011, 0.023, 0.010
35.840, -0.665, 0.847, 1.000, 1.000, 0.000, 0.000, 1.000, 0.000, 0.022, 0.011, 0.023, 0.010
35.860, -0.686, 0.825, 1.000, 1.000, 0.000, 0.000, 1.000, 0.000, 0.022, 0.011, 0.022, 0.010
35.880, -0.680, 0.837, 1.000, 1.000, 0.000, 0.000, 1.000, 0.000, 0.022, 0.011, 0.022, 0.009
35.900, -0.650, 0.857, 1.000, 1.000, 0.031, 1.000, 0.000, 0.000, 0.022, 0.011, 0.022, 0.010
35.920, -0.637, 0.854, 1.000, 1.000, 0.000, 1.000, 0.000, 0.000, 0.021, 0.010, 0.023, 0.010
35.940, -0.624, 0.854, 1.000, 1.000, 0.000, 1.000, 0.000, 0.000, 0.021, 0.010, 0.023, 0.011
35.960, -0.593, 0.864, 1.000, 1.000, 0.184, 1.000, 0.000, 0.000, 0.021, 0.010, 0.023, 0.011
35.980, -0.605, 0.844, 1.000, 1.000, 0.000, 1.000, 1.000, 0.000, 0.021, 0.010, 0.023, 0.010
36.000, -0.545, 0.874, 1.000, 0.000, 1.000, 1.000, 1.000, 1.000, 0.022, 0.011, 0.023, 0.010
36.020, -0.476, 0.880, 1.000, 0.000, 1.000, 1.000, 1.000, 1.000, 0.022, 0.011, 0.023, 0.010
36.040, -0.397, 0.878, 1.000, 0.000, 1.000, 1.000, 1.000, 1.000, 0.022, 0.011, 0.023, 0.010
36.060, -0.301, 0.872, 1.000, 0.000, 1.000, 1.000, 1.000, 1.000, 0.023, 0.011, 0.023, 0.010
36.080, -0.175, 0.863, 1.000, 0.000, 1.000, 1.000, 1.000, 1.000, 0.023, 0.011, 0.023, 0.010
36.100, -0.004, 0.850, 1.000, 0.000, 1.000, 1.000, 1.000, 1.000, 0.023, 0.010, 0.023, 0.010
36.120, 0.228, 0.831, 1.000, 0.000, 1.000, 1.000, 1.000, 1.000, 0.023, 0.010, 0.023, 0.011
36.140, 0.502, 0.800, 1.000, 0.000, 1.000, 1.000, 0.000, 1.000, 0.023, 0.010, 0.023, 0.010
36.160, 0.729, 0.753, 1.000, 0.000, 1.000, 1.000, 0.104, 1.000, 0.023, 0.010, 0.023, 0.010
36.180, 0.843, 0.691, 1.000, 0.000, 1.000, 1.000, 1.000, 1.000, 0.023, 0.010, 0.022, 0.010
36.200, 0.880, 0.624, 1.000, 0.000, 1.000, 1.000, 1.000, 1.000, 0.023, 0.010, 0.022, 0.011
36.220, 0.887, 0.556, 1.000, 0.000, 1.000, 1.000, 1.000, 1.000, 0.023, 0.010, 0.022, 0.011
36.240, 0.885, 0.486, 1.000, 0.000, 1.000, 1.000, 1.000, 1.000, 0.023, 0.010, 0.022, 0.011
36.260, 0.880, 0.407, 1.000, 0.058, 1.000, 1.000, 0.588, 0.942, 0.023, 0.010, 0.022, 0.011
36.280, 0.873, 0.312, 1.000, 0.000, 1.000, 1.000, 0.000, 1.000, 0.023, 0.010, 0.022, 0.011
36.300, 0.864, 0.191, 1.000, 0.000, 1.000, 1.000, 0.000, 1.000, 0.023, 0.010, 0.022, 0.010
36.320, 0.852, 0.025, 1.000, 0.000, 1.000, 1.000, 0.000, 1.000, 0.023, 0.010, 0.022, 0.010
36.340, 0.834, -0.201, 0.000, 0.000, 1.000, 1.000, 0.000, 0.000, 0.023, 0.010, 0.021, 0.010
36.360, 0.767, -0.430, 0.000, 1.000, 0.000, 1.000, 0.000, 1.000, 0.023, 0.011, 0.021, 0.010
36.380, 0.691, -0.623, 0.000, 1.000, 0.000, 1.000, 0.000, 1.000, 0.023, 0.011, 0.021, 0.010
36.400, 0.603, -0.749, 0.000, 1.000, 0.000, 1.000, 0.000, 1.000, 0.023, 0.011, 0.021, 0.010
36.420, 0.495, -0.807, 0.000, 1.000, 1.000, 1.000, 0.000, 1.000, 0.023, 0.011, 0.021, 0.010
36.440, 0.392, -0.837, 0.000, 1.000, 1.000, 1.000, 0.000, 1.000, 0.023, 0.011, 0.021, 0.010
36.460, 0.266, -0.845, 0.000, 1.000, 1.000, 1.000, 0.000, 1.000, 0.023, 0.010, 0.021, 0.010
36.480, 0.011, -0.813, 0.000, 1.000, 1.000, 0.000, 1.000, 1.000, 0.023, 0.010, 0.022, 0.010
36.500, -0.298, -0.784, 0.000, 1.000, 1.000, 0.000, 1.000, 1.000, 0.023, 0.010, 0.022, 0.011
36.520, -0.581, -0.756, 0.000, 1.000, 1.000, 0.000, 1.000, 1.000, 0.023, 0.010, 0.022, 0.010
36.540, -0.779, -0.705, 0.000, 1.000, 1.000, 0.000, 1.000, 1.000, 0.023, 0.010, 0.022, 0.010
36.560, -0.863, -0.632, 0.000, 1.000, 1.000, 0.000, 1.000, 1.000, 0.024, 0.010, 0.022, 0.010
36.580, -0.888, -0.520, 0.000, 1.000, 1.000, 0.000, 1.000, 1.000, 0.024, 0.011, 0.023, 0.010
36.600, -0.887, -0.397, 0.000, 1.000, 1.000, 0.000, 1.000, 1.000, 0.024, 0.011, 0.023, 0.010
36.620, -0.881, -0.237, 0.000, 1.000, 0.000, 0.000, 1.000, 1.000, 0.024, 0.011, 0.023, 0.010
36.640, -0.870, -0.044, 0.000, 1.000, 0.000, 0.000, 1.000, 1.000, 0.024, 0.010, 0.023, 0.010
36.660, -0.854, 0.187, 1.000, 1.000, 1.000, 0.000, 1.000, 0.000, 0.023, 0.011, 0.023, 0.010
36.680, -0.831, 0.438, 1.000, 1.000, 1.000, 0.000, 1.000, 0.000, 0.023, 0.011, 0.023, 0.010
36.700, -0.801, 0.647, 1.000, 1.000, 1.000, 0.000, 1.000, 0.000, 0.023, 0.011, 0.023, 0.010
36.720, -0.763, 0.775, 1.000, 1.000, 1.000, 0.000, 1.000, 0.000, 0.022, 0.011, 0.023, 0.010
36.740, -0.729, 0.827, 1.000, 1.000, 1.000, 0.000, 1.000, 0.000, 0.022, 0.012, 0.023, 0.010
36.760, -0.707, 0.840, 1.000, 1.000, 0.249, 0.000, 1.000, 0.000, 0.022, 0.011, 0.023, 0.010
36.780, -0.693, 0.842, 1.000, 1.000, 0.000, 0.000, 1.000, 0.000, 0.022, 0.011, 0.023, 0.010
36.800, -0.683, 0.843, 1.000, 1.000, 0.000, 0.000, 1.000, 0.000, 0.022, 0.011, 0.023, 0.009
36.820, -0.687, 0.833, 1.000, 1.000, 0.000, 0.000, 1.000, 0.000, 0.022, 0.011, 0.022, 0.009
36.840, -0.705, 0.818, 1.000, 1.000, 0.000, 0.000, 1.000, 0.000, 0.022, 0.010, 0.022, 0.009
36.860, -0.707, 0.823, 1.000, 1.000, 0.000, 0.000, 1.000, 0.000, 0.022, 0.010, 0.022, 0.009
36.880, -0.715, 0.818, 1.000, 1.000, 0.000, 0.000, 1.000, 0.000, 0.022, 0.010, 0.022, 0.009
36.900, -0.711, 0.826, 1.000, 1.000, 0.000, 0.000, 1.000, 0.000, 0.022, 0.010, 0.022, 0.009
36.920, -0.712, 0.824, 1.000, 1.000, 0.000, 0.076, 1.000, 0.000, 0.022, 0.010, 0.022, 0.009
36.940, -0.708, 0.828, 1.000, 1.000, 0.000, 0.000, 1.000, 0.000, 0.022, 0.010, 0.021, 0.009
36.960, -0.701, 0.833, 1.000, 1.000, 0.000, 0.000, 1.000, 0.000, 0.021, 0.010, 0.021, 0.009
36.980, -0.642, 0.872, 1.000, 1.000, 0.245, 0.000, 1.000, 0.000, 0.021, 0.010, 0.021, 0.009
37.000, -0.575, 0.886, 1.000, 0.000, 1.000, 0.000, 0.000, 1.000, 0.022, 0.011, 0.021, 0.010
37.020, -0.507, 0.885, 1.000, 0.120, 0.063, 0.000, 1.000, 0.880, 0.022, 0.011, 0.021, 0.010
37.040, -0.434, 0.881, 1.000, 0.285, 0.000, 0.028, 1.000, 0.715, 0.022, 0.011, 0.021, 0.009
37.060, -0.349, 0.874, 1.000, 0.412, 0.000, 0.000, 1.000, 0.588, 0.022, 0.012, 0.021, 0.009
37.080, -0.248, 0.865, 1.000, 0.855, 0.000, 0.000, 1.000, 0.145, 0.022, 0.012, 0.021, 0.010
37.100, -0.109, 0.855, 1.000, 0.474, 0.000, 0.000, 1.000, 0.526, 0.022, 0.012, 0.021, 0.010
37.120, 0.042, 0.829, 1.000, 1.000, 0.000, 0.000, 1.000, 0.000, 0.022, 0.012, 0.021, 0.010
37.140, -0.128, 0.641, 1.000, 1.000, 0.000, 0.000, 1.000, 0.000, 0.022, 0.012, 0.021, 0.011
37.160, -0.195, 0.661, 1.000, 1.000, 0.000, 0.000, 1.000, 0.000, 0.021, 0.012, 0.021, 0.011
37.180, -0.214, 0.710, 1.000, 1.000, 0.000, 0.000, 1.000, 0.000, 0.021, 0.012, 0.021, 0.011
37.200, -0.214, 0.745, 1.000, 1.000, 0.000, 0.000, 1.000, 0.000, 0.021, 0.012, 0.021, 0.011
37.220, -0.227, 0.755, 1.000, 1.000, 0.000, 0.000, 1.000, 0.000, 0.021, 0.012, 0.021, 0.011
37.240, -0.244, 0.761, 1.000, 1.000, 0.000, 0.000, 1.000, 0.000, 0.021, 0.012, 0.020, 0.011
37.260, -0.270, 0.764, 1.000, 1.000, 0.000, 1.000, 0.242, 0.000, 0.021, 0.012, 0.020, 0.011
37.280, -0.270, 0.780, 1.000, 1.000, 0.000, 1.000, 0.000, 0.000, 0.021, 0.012, 0.020, 0.010
37.300, -0.267, 0.787, 1.000, 1.000, 0.000, 1.000, 0.000, 0.000, 0.021, 0.012, 0.020, 0.010
37.320, -0.258, 0.792, 1.000, 1.000, 0.000, 1.000, 0.000, 0.000, 0.021, 0.013, 0.020, 0.010
37.340, -0.245, 0.793, 1.000, 1.000, 0.000, 1.000, 0.000, 0.000, 0.021, 0.013, 0.020, 0.010
37.360, -0.215, 0.797, 1.000, 1.000, 0.000, 1.000, 0.000, 0.000, 0.021, 0.013, 0.020, 0.010
37.380, -0.185, 0.792, 1.000, 1.000, 0.000, 1.000, 0.000, 0.000, 0.021, 0.013, 0.020, 0.010
37.400, -0.146, 0.787, 1.000, 1.000, 0.000, 1.000, 0.000, 0.000, 0.021, 0.013, 0.020, 0.010
37.420, -0.107, 0.775, 1.000, 1.000, 0.000, 1.000, 0.000, 0.000, 0.020, 0.013, 0.020, 0.010
37.440, -0.046, 0.769, 1.000, 1.000, 0.000, 1.000, 0.000, 0.000, 0.020, 0.013, 0.020, 0.010
37.460, 0.018, 0.751, 1.000, 1.000, 0.000, 1.000, 0.000, 0.000, 0.020, 0.012, 0.020, 0.010
37.480, 0.118, 0.740, 1.000, 1.000, 0.000, 1.000, 0.000, 0.000, 0.020, 0.012, 0.020, 0.011
37.500, 0.312, 0.745, 1.000, 1.000, 0.000, 1.000, 0.000, 0.000, 0.020, 0.012, 0.020, 0.011
37.520, 0.527, 0.718, 1.000, 1.000, 0.000, 0.001, 1.000, 0.000, 0.020, 0.012, 0.020, 0.010
37.540, 0.690, 0.648, 1.000, 1.000, 0.000, 0.000, 0.000, 0.000, 0.020, 0.012, 0.021, 0.011
37.560, 0.817, 0.613, 1.000, 0.209, 0.000, 0.000, 0.000, 0.791, 0.021, 0.012, 0.021, 0.011
37.580, 0.865, 0.557, 1.000, 0.000, 0.000, 0.000, 1.000, 1.000, 0.021, 0.012, 0.021, 0.011
37.600, 0.878, 0.491, 1.000, 0.000, 0.000, 0.000, 1.000, 1.000, 0.021, 0.012, 0.021, 0.010
37.620, 0.878, 0.414, 1.000, 0.377, 0.000, 0.000, 1.000, 0.623, 0.021, 0.011, 0.021, 0.010
37.640, 0.871, 0.310, 1.000, 1.000, 0.000, 0.000, 1.000, 0.000, 0.021, 0.011, 0.021, 0.010
37.660, 0.851, 0.123, 1.000, 1.000, 0.000, 0.000, 1.000, 0.000, 0.020, 0.011, 0.021, 0.010
37.680, 0.828, -0.083, 0.000, 1.000, 0.000, 0.000, 1.000, 1.000, 0.021, 0.011, 0.021, 0.010
37.700, 0.797, -0.326, 0.000, 1.000, 0.000, 0.000, 1.000, 1.000, 0.021, 0.011, 0.021, 0.010
37.720, 0.772, -0.592, 0.000, 0.000, 0.000, 0.000, 0.000, 0.000, 0.021, 0.011, 0.021, 0.010
37.740, 0.723, -0.780, 0.000, 0.000, 0.000, 0.000, 0.690, 0.000, 0.020, 0.011, 0.021, 0.010
37.760, 0.661, -0.860, 0.000, 0.000, 0.000, 0.000, 0.540, 0.000, 0.020, 0.011, 0.022, 0.010
37.780, 0.594, -0.883, 0.000, 0.000, 0.000, 0.587, 0.000, 0.000, 0.020, 0.011, 0.021, 0.011
37.800, 0.430, -0.847, 0.000, 1.000, 0.000, 0.000, 1.000, 1.000, 0.021, 0.011, 0.021, 0.010
37.820, 0.185, -0.807, 0.000, 1.000, 0.000, 0.000, 1.000, 1.000, 0.021, 0.011, 0.022, 0.010
37.840, -0.123, -0.777, 0.000, 1.000, 0.000, 0.000, 1.000, 1.000, 0.021, 0.011, 0.021, 0.010
37.860, -0.493, -0.727, 0.000, 1.000, 0.000, 0.000, 1.000, 1.000, 0.021, 0.011, 0.021, 0.010
37.880, -0.766, -0.647, 0.000, 1.000, 0.000, 0.000, 1.000, 1.000, 0.021, 0.011, 0.020, 0.010
