0.000, 0.786, -0.578, 0.000, 0.000, 0.000, 0.000, 0.000, 0.000, 0.000, 0.000, 0.000, 0.000, 0.000, 0.000, 0.000, 0.000
0.020, 0.786, -0.578, 0.000, 0.000, 0.000, 0.000, 0.000, 0.000, 0.000, 0.000, 0.000, 0.000, 0.000, 0.000, 0.000, 0.000
0.040, 0.786, -0.578, 0.000, 0.001, 0.001, 0.002, 0.000, 0.000, 0.000, 0.000, 0.000, 0.000, 0.000, 0.000, 0.000, 0.000
0.060, 0.786, -0.578, 0.000, 0.000, 0.000, 0.000, 0.001, 0.001, 0.002, 0.000, 0.000, 0.000, 0.000, 0.000, 0.000, 0.000
0.080, 0.786, -0.578, 0.000, 0.001, 0.001, 0.001, 0.000, 0.000, 0.000, 0.000, 0.000, 0.000, 0.000, 0.000, 0.000, 0.000
0.100, 0.786, -0.578, 0.000, 0.000, 0.000, 0.000, 0.001, 0.000, 0.000, 0.000, 0.000, 0.000, 0.000, 0.000, 0.000, 0.000
0.120, 0.786, -0.578, 0.000, 0.001, 0.000, 0.000, 0.002, 0.002, 0.001, 0.000, 0.000, 0.000, 0.000, 0.000, 0.000, 0.000
0.140, 0.786, -0.578, 0.000, 1.000, 1.000, 1.000, 1.000, 1.000, 1.000, 0.000, 0.000, 0.000, 0.000, 0.000, 0.000, 0.000
0.160, 0.786, -0.578, 0.000, 1.000, 1.000, 1.000, 1.000, 1.000, 1.000, 0.000, 0.000, 0.000, 0.000, 0.000, 0.000, 0.000
0.180, 0.786, -0.578, 0.000, 1.000, 1.000, 1.000, 1.000, 1.000, 1.000, 0.000, 0.000, 0.000, 0.000, 0.000, 0.000, 0.000
0.200, 0.786, -0.578, 0.000, 1.000, 1.000, 1.000, 1.000, 1.000, 1.000, 0.000, 0.000, 0.000, 0.000, 0.000, 0.000, 0.000
0.220, 0.786, -0.578, 0.000, 1.000, 1.000, 0.038, 1.000, 1.000, 0.039, 0.000, 0.000, 0.000, 0.000, 0.000, 0.000, 0.000
0.240, 0.786, -0.578, 0.000, 1.000, 1.000, 1.000, 1.000, 1.000, 1.000, 0.000, 0.000, 0.000, 0.000, 0.000, 0.000, 0.000
0.260, 0.786, -0.578, 0.000, 1.000, 1.000, 1.000, 1.000, 1.000, 1.000, 0.000, 0.000, 0.000, 0.000, 0.000, 0.000, 0.000
0.280, 0.786, -0.578, 0.000, 1.000, 1.000, 1.000, 1.000, 1.000, 1.000, 0.000, 0.000, 0.000, 0.000, 0.000, 0.000, 0.000
0.300, 0.786, -0.578, 0.000, 1.000, 1.000, 1.000, 1.000, 1.000, 1.000, 0.000, 0.000, 0.000, 0.000, 0.000, 0.000, 0.000
0.320, 0.786, -0.578, 0.000, 1.000, 1.000, 1.000, 1.000, 1.000, 1.000, 0.000, 0.000, 0.000, 0.000, 0.000, 0.000, 0.000
0.340, 0.786, -0.578, 0.000, 1.000, 1.000, 1.000, 1.000, 1.000, 1.000, 0.000, 0.000, 0.000, 0.000, 0.000, 0.000, 0.000
0.360, 0.786, -0.578, 0.000, 1.000, 1.000, 1.000, 1.000, 1.000, 1.000, 0.000, 0.000, 0.000, 0.000, 0.000, 0.000, 0.000
0.380, 0.786, -0.578, 0.000, 1.000, 1.000, 1.000, 1.000, 1.000, 1.000, 0.000, 0.000, 0.000, 0.000, 0.000, 0.000, 0.000
0.400, 0.786, -0.578, 0.000, 1.000, 1.000, 1.000, 1.000, 1.000, 1.000, 0.000, 0.000, 0.000, 0.000, 0.000, 0.000, 0.000
0.420, 0.786, -0.578, 0.000, 1.000, 1.000, 1.000, 1.000, 1.000, 1.000, 0.000, 0.000, 0.000, 0.000, 0.000, 0.000, 0.000
0.440, 0.786, -0.578, 0.000, 1.000, 1.000, 1.000, 1.000, 1.000, 1.000, 0.000, 0.000, 0.000, 0.000, 0.000, 0.000, 0.000
0.460, 0.786, -0.578, 0.000, 1.000, 1.000, 1.000, 1.000, 1.000, 1.000, 0.000, 0.000, 0.000, 0.000, 0.000, 0.000, 0.000
0.480, 0.786, -0.578, 0.000, 1.000, 1.000, 1.000, 1.000, 1.000, 1.000, 0.000, 0.000, 0.000, 0.000, 0.000, 0.000, 0.000
0.500, 0.786, -0.578, 0.000, 1.000, 1.000, 1.000, 1.000, 1.000, 1.000, 0.000, 0.000, 0.000, 0.000, 0.000, 0.000, 0.000
0.520, 0.786, -0.578, 0.000, 1.000, 1.000, 1.000, 1.000, 1.000, 1.000, 0.000, 0.000, 0.000, 0.000, 0.000, 0.000, 0.000
0.540, 0.786, -0.578, 0.000, 1.000, 1.000, 1.000, 1.000, 1.000, 1.000, 0.000, 0.000, 0.000, 0.000, 0.000, 0.000, 0.000
0.560, 0.786, -0.578, 0.000, 1.000, 1.000, 1.000, 1.000, 1.000, 1.000, 0.000, 0.000, 0.000, 0.000, 0.000, 0.000, 0.000
0.580, 0.786, -0.578, 0.000, 1.000, 1.000, 1.000, 1.000, 1.000, 1.000, 0.000, 0.000, 0.000, 0.000, 0.000, 0.000, 0.000
0.600, 0.786, -0.578, 0.000, 1.000, 1.000, 1.000, 1.000, 1.000, 1.000, 0.000, 0.000, 0.000, 0.000, 0.000, 0.000, 0.000
0.620, 0.786, -0.578, 0.000, 1.000, 1.000, 1.000, 1.000, 1.000, 1.000, 0.000, 0.000, 0.000, 0.000, 0.000, 0.000, 0.000
0.640, 0.786, -0.578, 0.000, 1.000, 1.000, 1.000, 1.000, 1.000, 1.000, 0.000, 0.000, 0.000, 0.000, 0.000, 0.000, 0.000
0.660, 0.786, -0.578, 0.000, 1.000, 1.000, 1.000, 1.000, 1.000, 1.000, 0.000, 0.000, 0.000, 0.000, 0.000, 0.000, 0.000
0.680, 0.786, -0.578, 0.000, 1.000, 1.000, 1.000, 1.000, 1.000, 1.000, 0.000, 0.000, 0.000, 0.000, 0.000, 0.000, 0.000
0.700, 0.786, -0.578, 0.000, 1.000, 1.000, 1.000, 1.000, 1.000, 1.000, 0.000, 0.000, 0.000, 0.000, 0.000, 0.000, 0.000
0.720, 0.786, -0.578, 0.000, 1.000, 1.000, 1.000, 1.000, 1.000, 1.000, 0.000, 0.000, 0.000, 0.000, 0.000, 0.000, 0.000
0.740, 0.786, -0.578, 0.000, 1.000, 1.000, 1.000, 1.000, 1.000, 1.000, 0.000, 0.000, 0.000, 0.000, 0.000, 0.000, 0.000
0.760, 0.786, -0.578, 0.000, 1.000, 1.000, 1.000, 1.000, 1.000, 1.000, 0.000, 0.000, 0.000, 0.000, 0.000, 0.000, 0.000
0.780, 0.786, -0.578, 0.000, 1.000, 1.000, 1.000, 1.000, 1.000, 1.000, 0.000, 0.000, 0.000, 0.000, 0.000, 0.000, 0.000
0.800, 0.786, -0.578, 0.000, 1.000, 1.000, 1.000, 1.000, 1.000, 1.000, 0.000, 0.000, 0.000, 0.000, 0.000, 0.000, 0.000
0.820, 0.786, -0.578, 0.000, 1.000, 1.000, 1.000, 1.000, 1.000, 1.000, 0.000, 0.000, 0.000, 0.000, 0.000, 0.000, 0.000
0.840, 0.786, -0.578, 0.000, 1.000, 1.000, 1.000, 1.000, 1.000, 1.000, 0.000, 0.000, 0.000, 0.000, 0.000, 0.000, 0.000
0.860, 0.786, -0.578, 0.000, 1.000, 1.000, 1.000, 1.000, 1.000, 1.000, 0.000, 0.000, 0.000, 0.000, 0.000, 0.000, 0.000
0.880, 0.786, -0.578, 0.000, 1.000, 1.000, 1.000, 1.000, 1.000, 1.000, 0.000, 0.000, 0.000, 0.000, 0.000, 0.000, 0.000
0.900, 0.786, -0.578, 0.000, 1.000, 1.000, 1.000, 1.000, 1.000, 1.000, 0.000, 0.000, 0.000, 0.000, 0.000, 0.000, 0.000
0.920, 0.786, -0.578, 0.000, 1.000, 1.000, 1.000, 1.000, 1.000, 1.000, 0.000, 0.000, 0.000, 0.000, 0.000, 0.000, 0.000
0.940, 0.786, -0.578, 0.000, 1.000, 1.000, 1.000, 1.000, 1.000, 1.000, 0.000, 0.000, 0.000, 0.000, 0.000, 0.000, 0.000
0.960, 0.786, -0.578, 0.000, 1.000, 1.000, 1.000, 1.000, 1.000, 1.000, 0.000, 0.000, 0.000, 0.000, 0.000, 0.000, 0.000
0.980, 0.786, -0.578, 0.000, 1.000, 1.000, 1.000, 1.000, 1.000, 1.000, 0.000, 0.000, 0.000, 0.000, 0.000, 0.000, 0.000
1.000, 0.786, -0.578, 0.000, 1.000, 1.000, 1.000, 1.000, 1.000, 1.000, 0.000, 0.000, 0.000, 0.000, 0.000, 0.000, 0.000
1.020, 0.786, -0.578, 0.000, 1.000, 1.000, 1.000, 1.000, 1.000, 1.000, 0.000, 0.000, 0.000, 0.000, 0.000, 0.000, 0.000
1.040, 0.786, -0.578, 0.000, 1.000, 1.000, 1.000, 1.000, 1.000, 1.000, 0.000, 0.000, 0.000, 0.000, 0.000, 0.000, 0.000
1.060, 0.786, -0.578, 0.000, 1.000, 1.000, 1.000, 1.000, 1.000, 1.000, 0.000, 0.000, 0.000, 0.000, 0.000, 0.000, 0.000
1.080, 0.786, -0.578, 0.000, 1.000, 1.000, 1.000, 1.000, 1.000, 1.000, 0.000, 0.000, 0.000, 0.000, 0.000, 0.000, 0.000
1.100, 0.786, -0.578, 0.000, 1.000, 1.000, 1.000, 1.000, 1.000, 1.000, 0.000, 0.000, 0.000, 0.000, 0.000, 0.000, 0.000
1.120, 0.786, -0.578, 0.000, 1.000, 1.000, 1.000, 1.000, 1.000, 1.000, 0.000, 0.000, 0.000, 0.000, 0.000, 0.000, 0.000
1.140, 0.786, -0.578, 0.000, 1.000, 1.000, 1.000, 1.000, 1.000, 1.000, 0.000, 0.000, 0.000, 0.000, 0.000, 0.000, 0.000
1.160, 0.786, -0.578, 0.000, 1.000, 1.000, 1.000, 1.000, 1.000, 1.000, 0.000, 0.000, 0.000, 0.000, 0.000, 0.000, 0.000
1.180, 0.786, -0.578, 0.000, 1.000, 1.000, 1.000, 1.000, 1.000, 1.000, 0.000, 0.000, 0.000, 0.000, 0.000, 0.000, 0.000
1.200, 0.786, -0.578, 0.000, 1.000, 1.000, 1.000, 1.000, 1.000, 1.000, 0.000, 0.000, 0.000, 0.000, 0.000, 0.000, 0.000
1.220, 0.786, -0.578, 0.000, 1.000, 1.000, 1.000, 1.000, 1.000, 1.000, 0.000, 0.000, 0.000, 0.000, 0.000, 0.000, 0.000
1.240, 0.786, -0.578, 0.000, 1.000, 1.000, 1.000, 1.000, 1.000, 1.000, 0.000, 0.000, 0.000, 0.000, 0.000, 0.000, 0.000
1.260, 0.786, -0.578, 0.000, 1.000, 1.000, 1.000, 1.000, 1.000, 1.000, 0.000, 0.000, 0.000, 0.000, 0.000, 0.000, 0.000
1.280, 0.786, -0.578, 0.000, 1.000, 1.000, 1.000, 1.000, 1.000, 1.000, 0.000, 0.000, 0.000, 0.000, 0.000, 0.000, 0.000
1.300, 0.786, -0.578, 0.000, 1.000, 1.000, 1.000, 1.000, 1.000, 1.000, 0.000, 0.000, 0.000, 0.000, 0.000, 0.000, 0.000
1.320, 0.786, -0.578, 0.000, 1.000, 1.000, 1.000, 1.000, 1.000, 1.000, 0.000, 0.000, 0.000, 0.000, 0.000, 0.000, 0.000
1.340, 0.786, -0.578, 0.000, 1.000, 1.000, 1.000, 1.000, 1.000, 1.000, 0.000, 0.000, 0.000, 0.000, 0.000, 0.000, 0.000
1.360, 0.786, -0.578, 0.000, 1.000, 1.000, 1.000, 1.000, 1.000, 1.000, 0.000, 0.000, 0.000, 0.000, 0.000, 0.000, 0.000
1.380, 0.786, -0.578, 0.000, 1.000, 1.000, 1.000, 1.000, 1.000, 1.000, 0.000, 0.000, 0.000, 0.000, 0.000, 0.000, 0.000
1.400, 0.786, -0.578, 0.000, 1.000, 1.000, 1.000, 1.000, 1.000, 1.000, 0.000, 0.000, 0.000, 0.000, 0.000, 0.000, 0.000
1.420, 0.786, -0.578, 0.000, 1.000, 1.000, 1.000, 1.000, 1.000, 1.000, 0.000, 0.000, 0.000, 0.000, 0.000, 0.000, 0.000
1.440, 0.786, -0.578, 0.000, 1.000, 1.000, 1.000, 1.000, 1.000, 1.000, 0.000, 0.000, 0.000, 0.000, 0.000, 0.000, 0.000
1.460, 0.786, -0.578, 0.000, 1.000, 1.000, 1.000, 1.000, 1.000, 1.000, 0.000, 0.000, 0.000, 0.000, 0.000, 0.000, 0.000
1.480, 0.786, -0.578, 0.000, 1.000, 1.000, 1.000, 1.000, 1.000, 1.000, 0.000, 0.000, 0.000, 0.000, 0.000, 0.000, 0.000
1.500, 0.786, -0.578, 0.000, 1.000, 1.000, 1.000, 1.000, 1.000, 1.000, 0.000, 0.000, 0.000, 0.000, 0.000, 0.000, 0.000
1.520, 0.786, -0.578, 0.000, 1.000, 1.000, 1.000, 1.000, 1.000, 1.000, 0.000, 0.000, 0.000, 0.000, 0.000, 0.000, 0.000
1.540, 0.786, -0.578, 0.000, 1.000, 1.000, 1.000, 1.000, 1.000, 1.000, 0.000, 0.000, 0.000, 0.000, 0.000, 0.000, 0.000
1.560, 0.786, -0.578, 0.000, 1.000, 1.000, 1.000, 1.000, 1.000, 1.000, 0.000, 0.000, 0.000, 0.000, 0.000, 0.000, 0.000
1.580, 0.786, -0.578, 0.000, 1.000, 1.000, 1.000, 1.000, 1.000, 1.000, 0.000, 0.000, 0.000, 0.000, 0.000, 0.000, 0.000
1.600, 0.786, -0.578, 0.000, 1.000, 1.000, 1.000, 1.000, 1.000, 1.000, 0.000, 0.000, 0.000, 0.000, 0.000, 0.000, 0.000
1.620, 0.786, -0.578, 0.000, 1.000, 1.000, 1.000, 1.000, 1.000, 1.000, 0.000, 0.000, 0.000, 0.000, 0.000, 0.000, 0.000
1.640, 0.786, -0.578, 0.000, 1.000, 1.000, 1.000, 1.000, 1.000, 1.000, 0.000, 0.000, 0.000, 0.000, 0.000, 0.000, 0.000
1.660, 0.786, -0.578, 0.000, 1.000, 1.000, 1.000, 1.000, 1.000, 1.000, 0.000, 0.000, 0.000, 0.000, 0.000, 0.000, 0.000
1.680, 0.786, -0.578, 0.000, 1.000, 1.000, 1.000, 1.000, 1.000, 1.000, 0.000, 0.000, 0.000, 0.000, 0.000, 0.000, 0.000
1.700, 0.786, -0.578, 0.000, 1.000, 1.000, 1.000, 1.000, 1.000, 1.000, 0.000, 0.000, 0.000, 0.000, 0.000, 0.000, 0.000
1.720, 0.786, -0.578, 0.000, 1.000, 1.000, 1.000, 1.000, 1.000, 1.000, 0.000, 0.000, 0.000, 0.000, 0.000, 0.000, 0.000
1.740, 0.786, -0.578, 0.000, 1.000, 1.000, 1.000, 1.000, 1.000, 1.000, 0.000, 0.000, 0.000, 0.000, 0.000, 0.000, 0.000
1.760, 0.786, -0.578, 0.000, 1.000, 1.000, 1.000, 1.000, 1.000, 1.000, 0.000, 0.000, 0.000, 0.000, 0.000, 0.000, 0.000
1.780, 0.786, -0.578, 0.000, 1.000, 1.000, 1.000, 1.000, 1.000, 1.000, 0.000, 0.000, 0.000, 0.000, 0.000, 0.000, 0.000
1.800, 0.786, -0.578, 0.000, 1.000, 1.000, 1.000, 1.000, 1.000, 1.000, 0.000, 0.000, 0.000, 0.000, 0.000, 0.000, 0.000
1.820, 0.786, -0.578, 0.000, 1.000, 1.000, 1.000, 1.000, 1.000, 1.000, 0.000, 0.000, 0.000, 0.000, 0.000, 0.000, 0.000
1.840, 0.786, -0.578, 0.000, 1.000, 1.000, 1.000, 1.000, 1.000, 1.000, 0.000, 0.000, 0.000, 0.000, 0.000, 0.000, 0.000
1.860, 0.786, -0.578, 0.000, 1.000, 1.000, 1.000, 1.000, 1.000, 1.000, 0.000, 0.000, 0.000, 0.000, 0.000, 0.000, 0.000
1.880, 0.786, -0.578, 0.000, 1.000, 1.000, 1.000, 1.000, 1.000, 1.000, 0.000, 0.000, 0.000, 0.000, 0.000, 0.000, 0.000
1.900, 0.786, -0.578, 0.000, 1.000, 1.000, 1.000, 1.000, 1.000, 1.000, 0.000, 0.000, 0.000, 0.000, 0.000, 0.000, 0.000
1.920, 0.786, -0.578, 0.000, 1.000, 1.000, 1.000, 1.000, 1.000, 1.000, 0.000, 0.000, 0.000, 0.000, 0.000, 0.000, 0.000
1.940, 0.786, -0.578, 0.000, 1.000, 1.000, 1.000, 1.000, 1.000, 1.000, 0.000, 0.000, 0.000, 0.000, 0.000, 0.000, 0.000
1.960, 0.786, -0.578, 0.000, 1.000, 1.000, 1.000, 1.000, 1.000, 1.000, 0.000, 0.000, 0.000, 0.000, 0.000, 0.000, 0.000
1.980, 0.786, -0.578, 0.000, 1.000, 1.000, 1.000, 1.000, 1.000, 1.000, 0.000, 0.000, 0.000, 0.000, 0.000, 0.000, 0.000
2.000, 0.786, -0.578, 0.000, 1.000, 1.000, 1.000, 1.000, 1.000, 1.000, 0.000, 0.000, 0.000, 0.000, 0.000, 0.000, 0.000
2.020, 0.786, -0.578, 0.000, 1.000, 1.000, 1.000, 1.000, 1.000, 1.000, 0.000, 0.000, 0.000, 0.000, 0.000, 0.000, 0.000
2.040, 0.786, -0.578, 0.000, 1.000, 1.000, 1.000, 1.000, 1.000, 1.000, 0.000, 0.000, 0.000, 0.000, 0.000, 0.000, 0.000
2.060, 0.786, -0.578, 0.000, 1.000, 1.000, 1.000, 1.000, 1.000, 1.000, 0.000, 0.000, 0.000, 0.000, 0.000, 0.000, 0.000
2.080, 0.786, -0.578, 0.000, 1.000, 1.000, 1.000, 1.000, 1.000, 1.000, 0.000, 0.000, 0.000, 0.000, 0.000, 0.000, 0.000
2.100, 0.786, -0.578, 0.000, 1.000, 1.000, 1.000, 1.000, 1.000, 1.000, 0.000, 0.000, 0.000, 0.000, 0.000, 0.000, 0.000
2.120, 0.786, -0.578, 0.000, 1.000, 1.000, 1.000, 1.000, 1.000, 1.000, 0.000, 0.000, 0.000, 0.000, 0.000, 0.000, 0.000
2.140, 0.786, -0.578, 0.000, 1.000, 1.000, 1.000, 1.000, 1.000, 1.000, 0.000, 0.000, 0.000, 0.000, 0.000, 0.000, 0.000
2.160, 0.786, -0.578, 0.000, 1.000, 1.000, 1.000, 1.000, 1.000, 1.000, 0.000, 0.000, 0.000, 0.000, 0.000, 0.000, 0.000
2.180, 0.786, -0.578, 0.000, 1.000, 1.000, 1.000, 1.000, 1.000, 1.000, 0.000, 0.000, 0.000, 0.000, 0.000, 0.000, 0.000
2.200, 0.786, -0.578, 0.000, 1.000, 1.000, 1.000, 1.000, 1.000, 1.000, 0.000, 0.000, 0.000, 0.000, 0.000, 0.000, 0.000
2.220, 0.786, -0.578, 0.000, 1.000, 1.000, 1.000, 1.000, 1.000, 1.000, 0.000, 0.000, 0.000, 0.000, 0.000, 0.000, 0.000
2.240, 0.786, -0.578, 0.000, 1.000, 1.000, 1.000, 1.000, 1.000, 1.000, 0.000, 0.000, 0.000, 0.000, 0.000, 0.000, 0.000
2.260, 0.786, -0.578, 0.000, 1.000, 1.000, 1.000, 1.000, 1.000, 1.000, 0.000, 0.000, 0.000, 0.000, 0.000, 0.000, 0.000
2.280, 0.786, -0.578, 0.000, 1.000, 1.000, 1.000, 1.000, 1.000, 1.000, 0.000, 0.000, 0.000, 0.000, 0.000, 0.000, 0.000
2.300, 0.786, -0.578, 0.000, 1.000, 1.000, 1.000, 1.000, 1.000, 1.000, 0.000, 0.000, 0.000, 0.000, 0.000, 0.000, 0.000
2.320, 0.786, -0.578, 0.000, 1.000, 1.000, 1.000, 1.000, 1.000, 1.000, 0.000, 0.000, 0.000, 0.000, 0.000, 0.000, 0.000
2.340, 0.786, -0.578, 0.000, 1.000, 1.000, 1.000, 1.000, 1.000, 1.000, 0.000, 0.000, 0.000, 0.000, 0.000, 0.000, 0.000
2.360, 0.786, -0.578, 0.000, 1.000, 1.000, 1.000, 1.000, 1.000, 1.000, 0.000, 0.000, 0.000, 0.000, 0.000, 0.000, 0.000
2.380, 0.786, -0.578, 0.000, 1.000, 1.000, 1.000, 1.000, 1.000, 1.000, 0.000, 0.000, 0.000, 0.000, 0.000, 0.000, 0.000
2.400, 0.786, -0.578, 0.000, 1.000, 1.000, 1.000, 1.000, 1.000, 1.000, 0.000, 0.000, 0.000, 0.000, 0.000, 0.000, 0.000
2.420, 0.786, -0.578, 0.000, 1.000, 1.000, 1.000, 1.000, 1.000, 1.000, 0.000, 0.000, 0.000, 0.000, 0.000, 0.000, 0.000
2.440, 0.786, -0.578, 0.000, 1.000, 1.000, 1.000, 1.000, 1.000, 1.000, 0.000, 0.000, 0.000, 0.000, 0.000, 0.000, 0.000
2.460, 0.786, -0.578, 0.000, 1.000, 1.000, 1.000, 1.000, 1.000, 1.000, 0.000, 0.000, 0.000, 0.000, 0.000, 0.000, 0.000
2.480, 0.786, -0.578, 0.000, 1.000, 1.000, 1.000, 1.000, 1.000, 1.000, 0.000, 0.000, 0.000, 0.000, 0.000, 0.000, 0.000
2.500, 0.786, -0.578, 0.000, 1.000, 1.000, 1.000, 1.000, 1.000, 1.000, 0.000, 0.000, 0.000, 0.000, 0.000, 0.000, 0.000
2.520, 0.786, -0.578, 0.000, 1.000, 1.000, 1.000, 1.000, 1.000, 1.000, 0.000, 0.000, 0.000, 0.000, 0.000, 0.000, 0.000
2.540, 0.786, -0.578, 0.000, 1.000, 1.000, 1.000, 1.000, 1.000, 1.000, 0.000, 0.000, 0.000, 0.000, 0.000, 0.000, 0.000
2.560, 0.786, -0.578, 0.000, 1.000, 1.000, 1.000, 1.000, 1.000, 1.000, 0.000, 0.000, 0.000, 0.000, 0.000, 0.000, 0.000
2.580, 0.786, -0.578, 0.000, 1.000, 1.000, 1.000, 1.000, 1.000, 1.000, 0.000, 0.000, 0.000, 0.000, 0.000, 0.000, 0.000
2.600, 0.786, -0.578, 0.000, 1.000, 1.000, 1.000, 1.000, 1.000, 1.000, 0.000, 0.000, 0.000, 0.000, 0.000, 0.000, 0.000
2.620, 0.786, -0.578, 0.000, 1.000, 1.000, 1.000, 1.000, 1.000, 1.000, 0.000, 0.000, 0.000, 0.000, 0.000, 0.000, 0.000
2.640, 0.786, -0.578, 0.000, 1.000, 1.000, 1.000, 1.000, 1.000, 1.000, 0.000, 0.000, 0.000, 0.000, 0.000, 0.000, 0.000
2.660, 0.786, -0.578, 0.000, 1.000, 1.000, 1.000, 1.000, 1.000, 1.000, 0.000, 0.000, 0.000, 0.000, 0.000, 0.000, 0.000
2.680, 0.786, -0.578, 0.000, 1.000, 1.000, 1.000, 1.000, 1.000, 1.000, 0.000, 0.000, 0.000, 0.000, 0.000, 0.000, 0.000
2.700, 0.786, -0.578, 0.000, 1.000, 1.000, 1.000, 1.000, 1.000, 1.000, 0.000, 0.000, 0.000, 0.000, 0.000, 0.000, 0.000
2.720, 0.786, -0.578, 0.000, 1.000, 1.000, 1.000, 1.000, 1.000, 1.000, 0.000, 0.000, 0.000, 0.000, 0.000, 0.000, 0.000
2.740, 0.786, -0.578, 0.000, 1.000, 1.000, 1.000, 1.000, 1.000, 1.000, 0.000, 0.000, 0.000, 0.000, 0.000, 0.000, 0.000
2.760, 0.786, -0.578, 0.000, 1.000, 1.000, 1.000, 1.000, 1.000, 1.000, 0.000, 0.000, 0.000, 0.000, 0.000, 0.000, 0.000
2.780, 0.786, -0.578, 0.000, 1.000, 1.000, 1.000, 1.000, 1.000, 1.000, 0.000, 0.000, 0.000, 0.000, 0.000, 0.000, 0.000
2.800, 0.786, -0.578, 0.000, 1.000, 1.000, 1.000, 1.000, 1.000, 1.000, 0.000, 0.000, 0.000, 0.000, 0.000, 0.000, 0.000
2.820, 0.786, -0.578, 0.000, 1.000, 1.000, 1.000, 1.000, 1.000, 1.000, 0.000, 0.000, 0.000, 0.000, 0.000, 0.000, 0.000
2.840, 0.786, -0.578, 0.000, 1.000, 1.000, 1.000, 1.000, 1.000, 1.000, 0.000, 0.000, 0.000, 0.000, 0.000, 0.000, 0.000
2.860, 0.786, -0.578, 0.000, 1.000, 1.000, 1.000, 1.000, 1.000, 1.000, 0.000, 0.000, 0.000, 0.000, 0.000, 0.000, 0.000
2.880, 0.786, -0.578, 0.000, 1.000, 1.000, 1.000, 1.000, 1.000, 1.000, 0.000, 0.000, 0.000, 0.000, 0.000, 0.000, 0.000
2.900, 0.786, -0.578, 0.000, 1.000, 1.000, 1.000, 1.000, 1.000, 1.000, 0.000, 0.000, 0.000, 0.000, 0.000, 0.000, 0.000
2.920, 0.786, -0.578, 0.000, 1.000, 1.000, 1.000, 1.000, 1.000, 1.000, 0.000, 0.000, 0.000, 0.000, 0.000, 0.000, 0.000
2.940, 0.786, -0.578, 0.000, 1.000, 1.000, 1.000, 1.000, 1.000, 1.000, 0.000, 0.000, 0.000, 0.000, 0.000, 0.000, 0.000
2.960, 0.786, -0.578, 0.000, 1.000, 1.000, 1.000, 1.000, 1.000, 1.000, 0.000, 0.000, 0.000, 0.000, 0.000, 0.000, 0.000
2.980, 0.786, -0.578, 0.000, 1.000, 1.000, 1.000, 1.000, 1.000, 1.000, 0.000, 0.000, 0.000, 0.000, 0.000, 0.000, 0.000
3.000, 0.786, -0.578, 0.000, 1.000, 1.000, 1.000, 1.000, 1.000, 1.000, 0.000, 0.000, 0.000, 0.000, 0.000, 0.000, 0.000
3.020, 0.786, -0.578, 0.000, 1.000, 1.000, 1.000, 1.000, 1.000, 1.000, 0.000, 0.000, 0.000, 0.000, 0.000, 0.000, 0.000
3.040, 0.786, -0.578, 0.000, 1.000, 1.000, 1.000, 1.000, 1.000, 1.000, 0.000, 0.000, 0.000, 0.000, 0.000, 0.000, 0.000
3.060, 0.786, -0.578, 0.000, 1.000, 1.000, 1.000, 1.000, 1.000, 1.000, 0.000, 0.000, 0.000, 0.000, 0.000, 0.000, 0.000
3.080, 0.786, -0.578, 0.000, 1.000, 1.000, 1.000, 1.000, 1.000, 1.000, 0.000, 0.000, 0.000, 0.000, 0.000, 0.000, 0.000
3.100, 0.786, -0.578, 0.000, 1.000, 1.000, 1.000, 1.000, 1.000, 1.000, 0.000, 0.000, 0.000, 0.000, 0.000, 0.000, 0.000
3.120, 0.786, -0.578, 0.000, 1.000, 1.000, 1.000, 1.000, 1.000, 1.000, 0.000, 0.000, 0.000, 0.000, 0.000, 0.000, 0.000
3.140, 0.786, -0.578, 0.000, 1.000, 1.000, 1.000, 1.000, 1.000, 1.000, 0.000, 0.000, 0.000, 0.000, 0.000, 0.000, 0.000
3.160, 0.786, -0.578, 0.000, 1.000, 1.000, 1.000, 1.000, 1.000, 1.000, 0.000, 0.000, 0.000, 0.000, 0.000, 0.000, 0.000
3.180, 0.786, -0.578, 0.000, 1.000, 1.000, 1.000, 1.000, 1.000, 1.000, 0.000, 0.000, 0.000, 0.000, 0.000, 0.000, 0.000
3.200, 0.786, -0.578, 0.000, 1.000, 1.000, 1.000, 1.000, 1.000, 1.000, 0.000, 0.000, 0.000, 0.000, 0.000, 0.000, 0.000
3.220, 0.786, -0.578, 0.000, 1.000, 1.000, 1.000, 1.000, 1.000, 1.000, 0.000, 0.000, 0.000, 0.000, 0.000, 0.000, 0.000
3.240, 0.786, -0.578, 0.000, 1.000, 1.000, 1.000, 1.000, 1.000, 1.000, 0.000, 0.000, 0.000, 0.000, 0.000, 0.000, 0.000
3.260, 0.786, -0.578, 0.000, 1.000, 1.000, 1.000, 1.000, 1.000, 1.000, 0.000, 0.000, 0.000, 0.000, 0.000, 0.000, 0.000
3.280, 0.786, -0.578, 0.000, 1.000, 1.000, 1.000, 1.000, 1.000, 1.000, 0.000, 0.000, 0.000, 0.000, 0.000, 0.000, 0.000
3.300, 0.786, -0.578, 0.000, 1.000, 1.000, 1.000, 1.000, 1.000, 1.000, 0.000, 0.000, 0.000, 0.000, 0.000, 0.000, 0.000
3.320, 0.786, -0.578, 0.000, 1.000, 1.000, 1.000, 1.000, 1.000, 1.000, 0.000, 0.000, 0.000, 0.000, 0.000, 0.000, 0.000
3.340, 0.786, -0.578, 0.000, 1.000, 1.000, 1.000, 1.000, 1.000, 1.000, 0.000, 0.000, 0.000, 0.000, 0.000, 0.000, 0.000
3.360, 0.786, -0.578, 0.000, 1.000, 1.000, 1.000, 1.000, 1.000, 1.000, 0.000, 0.000, 0.000, 0.000, 0.000, 0.000, 0.000
3.380, 0.786, -0.578, 0.000, 1.000, 1.000, 1.000, 1.000, 1.000, 1.000, 0.000, 0.000, 0.000, 0.000, 0.000, 0.000, 0.000
3.400, 0.786, -0.578, 0.000, 1.000, 1.000, 1.000, 1.000, 1.000, 1.000, 0.000, 0.000, 0.000, 0.000, 0.000, 0.000, 0.000
3.420, 0.786, -0.578, 0.000, 1.000, 1.000, 1.000, 1.000, 1.000, 1.000, 0.000, 0.000, 0.000, 0.000, 0.000, 0.000, 0.000
3.440, 0.786, -0.578, 0.000, 1.000, 1.000, 1.000, 1.000, 1.000, 1.000, 0.000, 0.000, 0.000, 0.000, 0.000, 0.000, 0.000
3.460, 0.786, -0.578, 0.000, 1.000, 1.000, 1.000, 1.000, 1.000, 1.000, 0.000, 0.000, 0.000, 0.000, 0.000, 0.000, 0.000
3.480, 0.786, -0.578, 0.000, 1.000, 1.000, 1.000, 1.000, 1.000, 1.000, 0.000, 0.000, 0.000, 0.000, 0.000, 0.000, 0.000
3.500, 0.786, -0.578, 0.000, 1.000, 1.000, 1.000, 1.000, 1.000, 1.000, 0.000, 0.000, 0.000, 0.000, 0.000, 0.000, 0.000
3.520, 0.786, -0.578, 0.000, 1.000, 1.000, 1.000, 1.000, 1.000, 1.000, 0.000, 0.000, 0.000, 0.000, 0.000, 0.000, 0.000
3.540, 0.786, -0.578, 0.000, 1.000, 1.000, 1.000, 1.000, 1.000, 1.000, 0.000, 0.000, 0.000, 0.000, 0.000, 0.000, 0.000
3.560, 0.786, -0.578, 0.000, 1.000, 1.000, 1.000, 1.000, 1.000, 1.000, 0.000, 0.000, 0.000, 0.000, 0.000, 0.000, 0.000
3.580, 0.786, -0.578, 0.000, 1.000, 1.000, 1.000, 1.000, 1.000, 1.000, 0.000, 0.000, 0.000, 0.000, 0.000, 0.000, 0.000
3.600, 0.786, -0.578, 0.000, 1.000, 1.000, 1.000, 1.000, 1.000, 1.000, 0.000, 0.000, 0.000, 0.000, 0.000, 0.000, 0.000
3.620, 0.786, -0.578, 0.000, 1.000, 1.000, 1.000, 1.000, 1.000, 1.000, 0.000, 0.000, 0.000, 0.000, 0.000, 0.000, 0.000
3.640, 0.786, -0.578, 0.000, 1.000, 1.000, 1.000, 1.000, 1.000, 1.000, 0.000, 0.000, 0.000, 0.000, 0.000, 0.000, 0.000
3.660, 0.786, -0.578, 0.000, 1.000, 1.000, 1.000, 1.000, 1.000, 1.000, 0.000, 0.000, 0.000, 0.000, 0.000, 0.000, 0.000
3.680, 0.786, -0.578, 0.000, 1.000, 1.000, 1.000, 1.000, 1.000, 1.000, 0.000, 0.000, 0.000, 0.000, 0.000, 0.000, 0.000
3.700, 0.786, -0.578, 0.000, 1.000, 1.000, 1.000, 1.000, 1.000, 1.000, 0.000, 0.000, 0.000, 0.000, 0.000, 0.000, 0.000
3.720, 0.786, -0.578, 0.000, 1.000, 1.000, 1.000, 1.000, 1.000, 1.000, 0.000, 0.000, 0.000, 0.000, 0.000, 0.000, 0.000
3.740, 0.786, -0.578, 0.000, 1.000, 1.000, 1.000, 1.000, 1.000, 1.000, 0.000, 0.000, 0.000, 0.000, 0.000, 0.000, 0.000
3.760, 0.786, -0.578, 0.000, 1.000, 1.000, 1.000, 1.000, 1.000, 1.000, 0.000, 0.000, 0.000, 0.000, 0.000, 0.000, 0.000
3.780, 0.786, -0.578, 0.000, 1.000, 1.000, 1.000, 1.000, 1.000, 1.000, 0.000, 0.000, 0.000, 0.000, 0.000, 0.000, 0.000
3.800, 0.786, -0.578, 0.000, 1.000, 1.000, 1.000, 1.000, 1.000, 1.000, 0.000, 0.000, 0.000, 0.000, 0.000, 0.000, 0.000
3.820, 0.786, -0.578, 0.000, 1.000, 1.000, 1.000, 1.000, 1.000, 1.000, 0.000, 0.000, 0.000, 0.000, 0.000, 0.000, 0.000
3.840, 0.786, -0.578, 0.000, 1.000, 1.000, 1.000, 1.000, 1.000, 1.000, 0.000, 0.000, 0.000, 0.000, 0.000, 0.000, 0.000
3.860, 0.786, -0.578, 0.000, 1.000, 1.000, 1.000, 1.000, 1.000, 1.000, 0.000, 0.000, 0.000, 0.000, 0.000, 0.000, 0.000
3.880, 0.786, -0.578, 0.000, 1.000, 1.000, 1.000, 1.000, 1.000, 1.000, 0.000, 0.000, 0.000, 0.000, 0.000, 0.000, 0.000
3.900, 0.786, -0.578, 0.000, 1.000, 1.000, 1.000, 1.000, 1.000, 1.000, 0.000, 0.000, 0.000, 0.000, 0.000, 0.000, 0.000
3.920, 0.786, -0.578, 0.000, 1.000, 1.000, 1.000, 1.000, 1.000, 1.000, 0.000, 0.000, 0.000, 0.000, 0.000, 0.000, 0.000
3.940, 0.786, -0.578, 0.000, 1.000, 1.000, 1.000, 1.000, 1.000, 1.000, 0.000, 0.000, 0.000, 0.000, 0.000, 0.000, 0.000
3.960, 0.786, -0.578, 0.000, 1.000, 1.000, 1.000, 1.000, 1.000, 1.000, 0.000, 0.000, 0.000, 0.000, 0.000, 0.000, 0.000
3.980, 0.786, -0.578, 0.000, 1.000, 1.000, 1.000, 1.000, 1.000, 1.000, 0.000, 0.000, 0.000, 0.000, 0.000, 0.000, 0.000
4.000, 0.786, -0.578, 0.000, 1.000, 1.000, 1.000, 1.000, 1.000, 1.000, 0.000, 0.000, 0.000, 0.000, 0.000, 0.000, 0.000
4.020, 0.786, -0.578, 0.000, 1.000, 1.000, 1.000, 1.000, 1.000, 1.000, 0.000, 0.000, 0.000, 0.000, 0.000, 0.000, 0.000
4.040, 0.786, -0.578, 0.000, 1.000, 1.000, 1.000, 1.000, 1.000, 1.000, 0.000, 0.000, 0.000, 0.000, 0.000, 0.000, 0.000
4.060, 0.786, -0.578, 0.000, 1.000, 1.000, 1.000, 1.000, 1.000, 1.000, 0.000, 0.000, 0.000, 0.000, 0.000, 0.000, 0.000
4.080, 0.786, -0.578, 0.000, 1.000, 1.000, 1.000, 1.000, 1.000, 1.000, 0.000, 0.000, 0.000, 0.000, 0.000, 0.000, 0.000
4.100, 0.786, -0.578, 0.000, 1.000, 1.000, 1.000, 1.000, 1.000, 1.000, 0.000, 0.000, 0.000, 0.000, 0.000, 0.000, 0.000
4.120, 0.786, -0.578, 0.000, 1.000, 1.000, 1.000, 1.000, 1.000, 1.000, 0.000, 0.000, 0.000, 0.000, 0.000, 0.000, 0.000
4.140, 0.786, -0.578, 0.000, 1.000, 1.000, 1.000, 1.000, 1.000, 1.000, 0.000, 0.000, 0.000, 0.000, 0.000, 0.000, 0.000
4.160, 0.786, -0.578, 0.000, 1.000, 1.000, 1.000, 1.000, 1.000, 1.000, 0.000, 0.000, 0.000, 0.000, 0.000, 0.000, 0.000
4.180, 0.786, -0.578, 0.000, 1.000, 1.000, 1.000, 1.000, 1.000, 1.000, 0.000, 0.000, 0.000, 0.000, 0.000, 0.000, 0.000
4.200, 0.786, -0.578, 0.000, 1.000, 1.000, 1.000, 1.000, 1.000, 1.000, 0.000, 0.000, 0.000, 0.000, 0.000, 0.000, 0.000
4.220, 0.786, -0.578, 0.000, 1.000, 1.000, 1.000, 1.000, 1.000, 1.000, 0.000, 0.000, 0.000, 0.000, 0.000, 0.000, 0.000
4.240, 0.786, -0.578, 0.000, 1.000, 1.000, 1.000, 1.000, 1.000, 1.000, 0.000, 0.000, 0.000, 0.000, 0.000, 0.000, 0.000
4.260, 0.786, -0.578, 0.000, 1.000, 1.000, 1.000, 1.000, 1.000, 1.000, 0.000, 0.000, 0.000, 0.000, 0.000, 0.000, 0.000
4.280, 0.786, -0.578, 0.000, 1.000, 1.000, 1.000, 1.000, 1.000, 1.000, 0.000, 0.000, 0.000, 0.000, 0.000, 0.000, 0.000
4.300, 0.786, -0.578, 0.000, 1.000, 1.000, 1.000, 1.000, 1.000, 1.000, 0.000, 0.000, 0.000, 0.000, 0.000, 0.000, 0.000
4.320, 0.786, -0.578, 0.000, 1.000, 1.000, 1.000, 1.000, 1.000, 1.000, 0.000, 0.000, 0.000, 0.000, 0.000, 0.000, 0.000
4.340, 0.786, -0.578, 0.000, 1.000, 1.000, 1.000, 1.000, 1.000, 1.000, 0.000, 0.000, 0.000, 0.000, 0.000, 0.000, 0.000
4.360, 0.786, -0.578, 0.000, 1.000, 1.000, 1.000, 1.000, 1.000, 1.000, 0.000, 0.000, 0.000, 0.000, 0.000, 0.000, 0.000
4.380, 0.786, -0.578, 0.000, 1.000, 1.000, 1.000, 1.000, 1.000, 1.000, 0.000, 0.000, 0.000, 0.000, 0.000, 0.000, 0.000
4.400, 0.786, -0.578, 0.000, 1.000, 1.000, 1.000, 1.000, 1.000, 1.000, 0.000, 0.000, 0.000, 0.000, 0.000, 0.000, 0.000
4.420, 0.786, -0.578, 0.000, 1.000, 1.000, 1.000, 1.000, 1.000, 1.000, 0.000, 0.000, 0.000, 0.000, 0.000, 0.000, 0.000
4.440, 0.786, -0.578, 0.000, 1.000, 1.000, 1.000, 1.000, 1.000, 1.000, 0.000, 0.000, 0.000, 0.000, 0.000, 0.000, 0.000
4.460, 0.786, -0.578, 0.000, 1.000, 1.000, 1.000, 1.000, 1.000, 1.000, 0.000, 0.000, 0.000, 0.000, 0.000, 0.000, 0.000
4.480, 0.786, -0.578, 0.000, 1.000, 1.000, 1.000, 1.000, 1.000, 1.000, 0.000, 0.000, 0.000, 0.000, 0.000, 0.000, 0.000
4.500, 0.786, -0.578, 0.000, 1.000, 1.000, 1.000, 1.000, 1.000, 1.000, 0.000, 0.000, 0.000, 0.000, 0.000, 0.000, 0.000
4.520, 0.786, -0.578, 0.000, 1.000, 1.000, 1.000, 1.000, 1.000, 1.000, 0.000, 0.000, 0.000, 0.000, 0.000, 0.000, 0.000
4.540, 0.786, -0.578, 0.000, 1.000, 1.000, 1.000, 1.000, 1.000, 1.000, 0.000, 0.000, 0.000, 0.000, 0.000, 0.000, 0.000
4.560, 0.786, -0.578, 0.000, 1.000, 1.000, 1.000, 1.000, 1.000, 1.000, 0.000, 0.000, 0.000, 0.000, 0.000, 0.000, 0.000
4.580, 0.786, -0.578, 0.000, 1.000, 1.000, 1.000, 1.000, 1.000, 1.000, 0.000, 0.000, 0.000, 0.000, 0.000, 0.000, 0.000
4.600, 0.786, -0.578, 0.000, 1.000, 1.000, 1.000, 1.000, 1.000, 1.000, 0.000, 0.000, 0.000, 0.000, 0.000, 0.000, 0.000
4.620, 0.786, -0.578, 0.000, 1.000, 1.000, 1.000, 1.000, 1.000, 1.000, 0.000, 0.000, 0.000, 0.000, 0.000, 0.000, 0.000
4.640, 0.786, -0.578, 0.000, 1.000, 1.000, 1.000, 1.000, 1.000, 1.000, 0.000, 0.000, 0.000, 0.000, 0.000, 0.000, 0.000
4.660, 0.786, -0.578, 0.000, 1.000, 1.000, 1.000, 1.000, 1.000, 1.000, 0.000, 0.000, 0.000, 0.000, 0.000, 0.000, 0.000
4.680, 0.786, -0.578, 0.000, 1.000, 1.000, 1.000, 1.000, 1.000, 1.000, 0.000, 0.000, 0.000, 0.000, 0.000, 0.000, 0.000
4.700, 0.786, -0.578, 0.000, 1.000, 1.000, 1.000, 1.000, 1.000, 1.000, 0.000, 0.000, 0.000, 0.000, 0.000, 0.000, 0.000
4.720, 0.786, -0.578, 0.000, 1.000, 1.000, 1.000, 1.000, 1.000, 1.000, 0.000, 0.000, 0.000, 0.000, 0.000, 0.000, 0.000
4.740, 0.786, -0.578, 0.000, 1.000, 1.000, 1.000, 1.000, 1.000, 1.000, 0.000, 0.000, 0.000, 0.000, 0.000, 0.000, 0.000
4.760, 0.786, -0.578, 0.000, 1.000, 1.000, 1.000, 1.000, 1.000, 1.000, 0.000, 0.000, 0.000, 0.000, 0.000, 0.000, 0.000
4.780, 0.786, -0.578, 0.000, 1.000, 1.000, 1.000, 1.000, 1.000, 1.000, 0.000, 0.000, 0.000, 0.000, 0.000, 0.000, 0.000
4.800, 0.786, -0.578, 0.000, 1.000, 1.000, 1.000, 1.000, 1.000, 1.000, 0.000, 0.000, 0.000, 0.000, 0.000, 0.000, 0.000
4.820, 0.786, -0.578, 0.000, 1.000, 1.000, 1.000, 1.000, 1.000, 1.000, 0.000, 0.000, 0.000, 0.000, 0.000, 0.000, 0.000
4.840, 0.786, -0.578, 0.000, 1.000, 1.000, 1.000, 1.000, 1.000, 1.000, 0.000, 0.000, 0.000, 0.000, 0.000, 0.000, 0.000
4.860, 0.786, -0.578, 0.000, 1.000, 1.000, 1.000, 1.000, 1.000, 1.000, 0.000, 0.000, 0.000, 0.000, 0.000, 0.000, 0.000
4.880, 0.786, -0.578, 0.000, 1.000, 1.000, 1.000, 1.000, 1.000, 1.000, 0.000, 0.000, 0.000, 0.000, 0.000, 0.000, 0.000
4.900, 0.786, -0.578, 0.000, 1.000, 1.000, 1.000, 1.000, 1.000, 1.000, 0.000, 0.000, 0.000, 0.000, 0.000, 0.000, 0.000
4.920, 0.786, -0.578, 0.000, 1.000, 1.000, 1.000, 1.000, 1.000, 1.000, 0.000, 0.000, 0.000, 0.000, 0.000, 0.000, 0.000
4.940, 0.786, -0.578, 0.000, 1.000, 1.000, 1.000, 1.000, 1.000, 1.000, 0.000, 0.000, 0.000, 0.000, 0.000, 0.000, 0.000
4.960, 0.786, -0.578, 0.000, 1.000, 1.000, 1.000, 1.000, 1.000, 1.000, 0.000, 0.000, 0.000, 0.000, 0.000, 0.000, 0.000
4.980, 0.786, -0.578, 0.000, 1.000, 1.000, 1.000, 1.000, 1.000, 1.000, 0.000, 0.000, 0.000, 0.000, 0.000, 0.000, 0.000
5.000, 0.786, -0.578, 0.000, 1.000, 1.000, 1.000, 1.000, 1.000, 1.000, 0.000, 0.000, 0.000, 0.000, 0.000, 0.000, 0.000
5.020, 0.786, -0.578, 0.000, 1.000, 1.000, 1.000, 1.000, 1.000, 1.000, 0.000, 0.000, 0.000, 0.000, 0.000, 0.000, 0.000
5.040, 0.786, -0.578, 0.000, 1.000, 1.000, 1.000, 1.000, 1.000, 1.000, 0.000, 0.000, 0.000, 0.000, 0.000, 0.000, 0.000
5.060, 0.786, -0.578, 0.000, 1.000, 1.000, 1.000, 1.000, 1.000, 1.000, 0.000, 0.000, 0.000, 0.000, 0.000, 0.000, 0.000
5.080, 0.786, -0.578, 0.000, 1.000, 1.000, 1.000, 1.000, 1.000, 1.000, 0.000, 0.000, 0.000, 0.000, 0.000, 0.000, 0.000
5.100, 0.786, -0.578, 0.000, 1.000, 1.000, 1.000, 1.000, 1.000, 1.000, 0.000, 0.000, 0.000, 0.000, 0.000, 0.000, 0.000
5.120, 0.786, -0.578, 0.000, 1.000, 1.000, 1.000, 1.000, 1.000, 1.000, 0.000, 0.000, 0.000, 0.000, 0.000, 0.000, 0.000
5.140, 0.786, -0.578, 0.000, 1.000, 1.000, 1.000, 1.000, 1.000, 1.000, 0.000, 0.000, 0.000, 0.000, 0.000, 0.000, 0.000
5.160, 0.786, -0.578, 0.000, 1.000, 1.000, 1.000, 1.000, 1.000, 1.000, 0.000, 0.000, 0.000, 0.000, 0.000, 0.000, 0.000
5.180, 0.786, -0.578, 0.000, 1.000, 1.000, 1.000, 1.000, 1.000, 1.000, 0.000, 0.000, 0.000, 0.000, 0.000, 0.000, 0.000
5.200, 0.786, -0.578, 0.000, 1.000, 1.000, 1.000, 1.000, 1.000, 1.000, 0.000, 0.000, 0.000, 0.000, 0.000, 0.000, 0.000
5.220, 0.786, -0.578, 0.000, 1.000, 1.000, 1.000, 1.000, 1.000, 1.000, 0.000, 0.000, 0.000, 0.000, 0.000, 0.000, 0.000
5.240, 0.786, -0.578, 0.000, 1.000, 1.000, 1.000, 1.000, 1.000, 1.000, 0.000, 0.000, 0.000, 0.000, 0.000, 0.000, 0.000
5.260, 0.786, -0.578, 0.000, 1.000, 1.000, 1.000, 1.000, 1.000, 1.000, 0.000, 0.000, 0.000, 0.000, 0.000, 0.000, 0.000
5.280, 0.786, -0.578, 0.000, 1.000, 1.000, 1.000, 1.000, 1.000, 1.000, 0.000, 0.000, 0.000, 0.000, 0.000, 0.000, 0.000
5.300, 0.786, -0.578, 0.000, 1.000, 1.000, 1.000, 1.000, 1.000, 1.000, 0.000, 0.000, 0.000, 0.000, 0.000, 0.000, 0.000
5.320, 0.786, -0.578, 0.000, 1.000, 1.000, 1.000, 1.000, 1.000, 1.000, 0.000, 0.000, 0.000, 0.000, 0.000, 0.000, 0.000
5.340, 0.786, -0.578, 0.000, 1.000, 1.000, 1.000, 1.000, 1.000, 1.000, 0.000, 0.000, 0.000, 0.000, 0.000, 0.000, 0.000
5.360, 0.786, -0.578, 0.000, 1.000, 1.000, 1.000, 1.000, 1.000, 1.000, 0.000, 0.000, 0.000, 0.000, 0.000, 0.000, 0.000
5.380, 0.786, -0.578, 0.000, 1.000, 1.000, 1.000, 1.000, 1.000, 1.000, 0.000, 0.000, 0.000, 0.000, 0.000, 0.000, 0.000
5.400, 0.786, -0.578, 0.000, 1.000, 1.000, 1.000, 1.000, 1.000, 1.000, 0.000, 0.000, 0.000, 0.000, 0.000, 0.000, 0.000
5.420, 0.786, -0.578, 0.000, 1.000, 1.000, 1.000, 1.000, 1.000, 1.000, 0.000, 0.000, 0.000, 0.000, 0.000, 0.000, 0.000
5.440, 0.786, -0.578, 0.000, 1.000, 1.000, 1.000, 1.000, 1.000, 1.000, 0.000, 0.000, 0.000, 0.000, 0.000, 0.000, 0.000
5.460, 0.786, -0.578, 0.000, 1.000, 1.000, 1.000, 1.000, 1.000, 1.000, 0.000, 0.000, 0.000, 0.000, 0.000, 0.000, 0.000
5.480, 0.786, -0.578, 0.000, 1.000, 1.000, 1.000, 1.000, 1.000, 1.000, 0.000, 0.000, 0.000, 0.000, 0.000, 0.000, 0.000
5.500, 0.786, -0.578, 0.000, 1.000, 1.000, 1.000, 1.000, 1.000, 1.000, 0.000, 0.000, 0.000, 0.000, 0.000, 0.000, 0.000
5.520, 0.786, -0.578, 0.000, 1.000, 1.000, 1.000, 1.000, 1.000, 1.000, 0.000, 0.000, 0.000, 0.000, 0.000, 0.000, 0.000
5.540, 0.786, -0.578, 0.000, 1.000, 1.000, 1.000, 1.000, 1.000, 1.000, 0.000, 0.000, 0.000, 0.000, 0.000, 0.000, 0.000
5.560, 0.786, -0.578, 0.000, 1.000, 1.000, 1.000, 1.000, 1.000, 1.000, 0.000, 0.000, 0.000, 0.000, 0.000, 0.000, 0.000
5.580, 0.786, -0.578, 0.000, 1.000, 1.000, 1.000, 1.000, 1.000, 1.000, 0.000, 0.000, 0.000, 0.000, 0.000, 0.000, 0.000
5.600, 0.786, -0.578, 0.000, 1.000, 1.000, 1.000, 1.000, 1.000, 1.000, 0.000, 0.000, 0.000, 0.000, 0.000, 0.000, 0.000
5.620, 0.786, -0.578, 0.000, 1.000, 1.000, 1.000, 1.000, 1.000, 1.000, 0.000, 0.000, 0.000, 0.000, 0.000, 0.000, 0.000
5.640, 0.786, -0.578, 0.000, 1.000, 1.000, 1.000, 1.000, 1.000, 1.000, 0.000, 0.000, 0.000, 0.000, 0.000, 0.000, 0.000
5.660, 0.786, -0.578, 0.000, 1.000, 1.000, 1.000, 1.000, 1.000, 1.000, 0.000, 0.000, 0.000, 0.000, 0.000, 0.000, 0.000
5.680, 0.786, -0.578, 0.000, 1.000, 1.000, 1.000, 1.000, 1.000, 1.000, 0.000, 0.000, 0.000, 0.000, 0.000, 0.000, 0.000
5.700, 0.786, -0.578, 0.000, 1.000, 1.000, 1.000, 1.000, 1.000, 1.000, 0.000, 0.000, 0.000, 0.000, 0.000, 0.000, 0.000
5.720, 0.786, -0.578, 0.000, 1.000, 1.000, 1.000, 1.000, 1.000, 1.000, 0.000, 0.000, 0.000, 0.000, 0.000, 0.000, 0.000
5.740, 0.786, -0.578, 0.000, 1.000, 1.000, 1.000, 1.000, 1.000, 1.000, 0.000, 0.000, 0.000, 0.000, 0.000, 0.000, 0.000
5.760, 0.786, -0.578, 0.000, 1.000, 1.000, 1.000, 1.000, 1.000, 1.000, 0.000, 0.000, 0.000, 0.000, 0.000, 0.000, 0.000
5.780, 0.786, -0.578, 0.000, 1.000, 1.000, 1.000, 1.000, 1.000, 1.000, 0.000, 0.000, 0.000, 0.000, 0.000, 0.000, 0.000
5.800, 0.786, -0.578, 0.000, 1.000, 1.000, 1.000, 1.000, 1.000, 1.000, 0.000, 0.000, 0.000, 0.000, 0.000, 0.000, 0.000
5.820, 0.786, -0.578, 0.000, 1.000, 1.000, 1.000, 1.000, 1.000, 1.000, 0.000, 0.000, 0.000, 0.000, 0.000, 0.000, 0.000
5.840, 0.786, -0.578, 0.000, 1.000, 1.000, 1.000, 1.000, 1.000, 1.000, 0.000, 0.000, 0.000, 0.000, 0.000, 0.000, 0.000
5.860, 0.786, -0.578, 0.000, 1.000, 1.000, 1.000, 1.000, 1.000, 1.000, 0.000, 0.000, 0.000, 0.000, 0.000, 0.000, 0.000
5.880, 0.786, -0.578, 0.000, 1.000, 1.000, 1.000, 1.000, 1.000, 1.000, 0.000, 0.000, 0.000, 0.000, 0.000, 0.000, 0.000
5.900, 0.786, -0.578, 0.000, 1.000, 1.000, 1.000, 1.000, 1.000, 1.000, 0.000, 0.000, 0.000, 0.000, 0.000, 0.000, 0.000
5.920, 0.786, -0.578, 0.000, 1.000, 1.000, 1.000, 1.000, 1.000, 1.000, 0.000, 0.000, 0.000, 0.000, 0.000, 0.000, 0.000
5.940, 0.786, -0.578, 0.000, 1.000, 1.000, 1.000, 1.000, 1.000, 1.000, 0.000, 0.000, 0.000, 0.000, 0.000, 0.000, 0.000
5.960, 0.786, -0.578, 0.000, 1.000, 1.000, 1.000, 1.000, 1.000, 1.000, 0.000, 0.000, 0.000, 0.000, 0.000, 0.000, 0.000
5.980, 0.786, -0.578, 0.000, 1.000, 1.000, 1.000, 1.000, 1.000, 1.000, 0.000, 0.000, 0.000, 0.000, 0.000, 0.000, 0.000
6.000, 0.786, -0.578, 0.000, 1.000, 1.000, 1.000, 1.000, 1.000, 1.000, 0.000, 0.000, 0.000, 0.000, 0.000, 0.000, 0.000
6.020, 0.786, -0.578, 0.000, 1.000, 1.000, 1.000, 1.000, 1.000, 1.000, 0.000, 0.000, 0.000, 0.000, 0.000, 0.000, 0.000
6.040, 0.786, -0.578, 0.000, 1.000, 1.000, 1.000, 1.000, 1.000, 1.000, 0.000, 0.000, 0.000, 0.000, 0.000, 0.000, 0.000
6.060, 0.786, -0.578, 0.000, 1.000, 1.000, 1.000, 1.000, 1.000, 1.000, 0.000, 0.000, 0.000, 0.000, 0.000, 0.000, 0.000
6.080, 0.786, -0.578, 0.000, 1.000, 1.000, 1.000, 1.000, 1.000, 1.000, 0.000, 0.000, 0.000, 0.000, 0.000, 0.000, 0.000
6.100, 0.786, -0.578, 0.000, 1.000, 1.000, 1.000, 1.000, 1.000, 1.000, 0.000, 0.000, 0.000, 0.000, 0.000, 0.000, 0.000
6.120, 0.786, -0.578, 0.000, 1.000, 1.000, 1.000, 1.000, 1.000, 1.000, 0.000, 0.000, 0.000, 0.000, 0.000, 0.000, 0.000
6.140, 0.786, -0.578, 0.000, 1.000, 1.000, 1.000, 1.000, 1.000, 1.000, 0.000, 0.000, 0.000, 0.000, 0.000, 0.000, 0.000
6.160, 0.786, -0.578, 0.000, 1.000, 1.000, 1.000, 1.000, 1.000, 1.000, 0.000, 0.000, 0.000, 0.000, 0.000, 0.000, 0.000
6.180, 0.786, -0.578, 0.000, 1.000, 1.000, 1.000, 1.000, 1.000, 1.000, 0.000, 0.000, 0.000, 0.000, 0.000, 0.000, 0.000
6.200, 0.786, -0.578, 0.000, 1.000, 1.000, 1.000, 1.000, 1.000, 1.000, 0.000, 0.000, 0.000, 0.000, 0.000, 0.000, 0.000
6.220, 0.786, -0.578, 0.000, 1.000, 1.000, 1.000, 1.000, 1.000, 1.000, 0.000, 0.000, 0.000, 0.000, 0.000, 0.000, 0.000
6.240, 0.786, -0.578, 0.000, 1.000, 1.000, 1.000, 1.000, 1.000, 1.000, 0.000, 0.000, 0.000, 0.000, 0.000, 0.000, 0.000
6.260, 0.786, -0.578, 0.000, 1.000, 1.000, 1.000, 1.000, 1.000, 1.000, 0.000, 0.000, 0.000, 0.000, 0.000, 0.000, 0.000
6.280, 0.786, -0.578, 0.000, 1.000, 1.000, 1.000, 1.000, 1.000, 1.000, 0.000, 0.000, 0.000, 0.000, 0.000, 0.000, 0.000
6.300, 0.786, -0.578, 0.000, 1.000, 1.000, 1.000, 1.000, 1.000, 1.000, 0.000, 0.000, 0.000, 0.000, 0.000, 0.000, 0.000
6.320, 0.786, -0.578, 0.000, 1.000, 1.000, 1.000, 1.000, 1.000, 1.000, 0.000, 0.000, 0.000, 0.000, 0.000, 0.000, 0.000
6.340, 0.786, -0.578, 0.000, 1.000, 1.000, 1.000, 1.000, 1.000, 1.000, 0.000, 0.000, 0.000, 0.000, 0.000, 0.000, 0.000
6.360, 0.786, -0.578, 0.000, 1.000, 1.000, 1.000, 1.000, 1.000, 1.000, 0.000, 0.000, 0.000, 0.000, 0.000, 0.000, 0.000
6.380, 0.786, -0.578, 0.000, 1.000, 1.000, 1.000, 1.000, 1.000, 1.000, 0.000, 0.000, 0.000, 0.000, 0.000, 0.000, 0.000
6.400, 0.786, -0.578, 0.000, 1.000, 1.000, 1.000, 1.000, 1.000, 1.000, 0.000, 0.000, 0.000, 0.000, 0.000, 0.000, 0.000
6.420, 0.786, -0.578, 0.000, 1.000, 1.000, 1.000, 1.000, 1.000, 1.000, 0.000, 0.000, 0.000, 0.000, 0.000, 0.000, 0.000
6.440, 0.786, -0.578, 0.000, 1.000, 1.000, 1.000, 1.000, 1.000, 1.000, 0.000, 0.000, 0.000, 0.000, 0.000, 0.000, 0.000
6.460, 0.786, -0.578, 0.000, 1.000, 1.000, 1.000, 1.000, 1.000, 1.000, 0.000, 0.000, 0.000, 0.000, 0.000, 0.000, 0.000
6.480, 0.786, -0.578, 0.000, 1.000, 1.000, 1.000, 1.000, 1.000, 1.000, 0.000, 0.000, 0.000, 0.000, 0.000, 0.000, 0.000
6.500, 0.786, -0.578, 0.000, 1.000, 1.000, 1.000, 1.000, 1.000, 1.000, 0.000, 0.000, 0.000, 0.000, 0.000, 0.000, 0.000
6.520, 0.786, -0.578, 0.000, 1.000, 1.000, 1.000, 1.000, 1.000, 1.000, 0.000, 0.000, 0.000, 0.000, 0.000, 0.000, 0.000
6.540, 0.786, -0.578, 0.000, 1.000, 1.000, 1.000, 1.000, 1.000, 1.000, 0.000, 0.000, 0.000, 0.000, 0.000, 0.000, 0.000
6.560, 0.786, -0.578, 0.000, 1.000, 1.000, 1.000, 1.000, 1.000, 1.000, 0.000, 0.000, 0.000, 0.000, 0.000, 0.000, 0.000
6.580, 0.786, -0.578, 0.000, 1.000, 1.000, 1.000, 1.000, 1.000, 1.000, 0.000, 0.000, 0.000, 0.000, 0.000, 0.000, 0.000
6.600, 0.786, -0.578, 0.000, 1.000, 1.000, 1.000, 1.000, 1.000, 1.000, 0.000, 0.000, 0.000, 0.000, 0.000, 0.000, 0.000
6.620, 0.786, -0.578, 0.000, 1.000, 1.000, 1.000, 1.000, 1.000, 1.000, 0.000, 0.000, 0.000, 0.000, 0.000, 0.000, 0.000
6.640, 0.786, -0.578, 0.000, 1.000, 1.000, 1.000, 1.000, 1.000, 1.000, 0.000, 0.000, 0.000, 0.000, 0.000, 0.000, 0.000
6.660, 0.786, -0.578, 0.000, 1.000, 1.000, 1.000, 1.000, 1.000, 1.000, 0.000, 0.000, 0.000, 0.000, 0.000, 0.000, 0.000
6.680, 0.786, -0.578, 0.000, 1.000, 1.000, 1.000, 1.000, 1.000, 1.000, 0.000, 0.000, 0.000, 0.000, 0.000, 0.000, 0.000
6.700, 0.786, -0.578, 0.000, 1.000, 1.000, 1.000, 1.000, 1.000, 1.000, 0.000, 0.000, 0.000, 0.000, 0.000, 0.000, 0.000
6.720, 0.786, -0.578, 0.000, 1.000, 1.000, 1.000, 1.000, 1.000, 1.000, 0.000, 0.000, 0.000, 0.000, 0.000, 0.000, 0.000
6.740, 0.786, -0.578, 0.000, 1.000, 1.000, 1.000, 1.000, 1.000, 1.000, 0.000, 0.000, 0.000, 0.000, 0.000, 0.000, 0.000
6.760, 0.786, -0.578, 0.000, 1.000, 1.000, 1.000, 1.000, 1.000, 1.000, 0.000, 0.000, 0.000, 0.000, 0.000, 0.000, 0.000
6.780, 0.786, -0.578, 0.000, 1.000, 1.000, 1.000, 1.000, 1.000, 1.000, 0.000, 0.000, 0.000, 0.000, 0.000, 0.000, 0.000
6.800, 0.786, -0.578, 0.000, 1.000, 1.000, 1.000, 1.000, 1.000, 1.000, 0.000, 0.000, 0.000, 0.000, 0.000, 0.000, 0.000
6.820, 0.786, -0.578, 0.000, 1.000, 1.000, 1.000, 1.000, 1.000, 1.000, 0.000, 0.000, 0.000, 0.000, 0.000, 0.000, 0.000
6.840, 0.786, -0.578, 0.000, 1.000, 1.000, 1.000, 1.000, 1.000, 1.000, 0.000, 0.000, 0.000, 0.000, 0.000, 0.000, 0.000
6.860, 0.786, -0.578, 0.000, 1.000, 1.000, 1.000, 1.000, 1.000, 1.000, 0.000, 0.000, 0.000, 0.000, 0.000, 0.000, 0.000
6.880, 0.786, -0.578, 0.000, 1.000, 1.000, 1.000, 1.000, 1.000, 1.000, 0.000, 0.000, 0.000, 0.000, 0.000, 0.000, 0.000
6.900, 0.786, -0.578, 0.000, 1.000, 1.000, 1.000, 1.000, 1.000, 1.000, 0.000, 0.000, 0.000, 0.000, 0.000, 0.000, 0.000
6.920, 0.786, -0.578, 0.000, 1.000, 1.000, 1.000, 1.000, 1.000, 1.000, 0.000, 0.000, 0.000, 0.000, 0.000, 0.000, 0.000
6.940, 0.786, -0.578, 0.000, 1.000, 1.000, 1.000, 1.000, 1.000, 1.000, 0.000, 0.000, 0.000, 0.000, 0.000, 0.000, 0.000
6.960, 0.786, -0.578, 0.000, 1.000, 1.000, 1.000, 1.000, 1.000, 1.000, 0.000, 0.000, 0.000, 0.000, 0.000, 0.000, 0.000
6.980, 0.786, -0.578, 0.000, 1.000, 1.000, 1.000, 1.000, 1.000, 1.000, 0.000, 0.000, 0.000, 0.000, 0.000, 0.000, 0.000
7.000, 0.786, -0.578, 0.000, 1.000, 1.000, 1.000, 1.000, 1.000, 1.000, 0.000, 0.000, 0.000, 0.000, 0.000, 0.000, 0.000
7.020, 0.786, -0.578, 0.000, 1.000, 1.000, 1.000, 1.000, 1.000, 1.000, 0.000, 0.000, 0.000, 0.000, 0.000, 0.000, 0.000
7.040, 0.786, -0.578, 0.000, 1.000, 1.000, 1.000, 1.000, 1.000, 1.000, 0.000, 0.000, 0.000, 0.000, 0.000, 0.000, 0.000
7.060, 0.786, -0.578, 0.000, 1.000, 1.000, 1.000, 1.000, 1.000, 1.000, 0.000, 0.000, 0.000, 0.000, 0.000, 0.000, 0.000
7.080, 0.786, -0.578, 0.000, 1.000, 1.000, 1.000, 1.000, 1.000, 1.000, 0.000, 0.000, 0.000, 0.000, 0.000, 0.000, 0.000
7.100, 0.786, -0.578, 0.000, 1.000, 1.000, 1.000, 1.000, 1.000, 1.000, 0.000, 0.000, 0.000, 0.000, 0.000, 0.000, 0.000
7.120, 0.786, -0.578, 0.000, 1.000, 1.000, 1.000, 1.000, 1.000, 1.000, 0.000, 0.000, 0.000, 0.000, 0.000, 0.000, 0.000
7.140, 0.786, -0.578, 0.000, 1.000, 1.000, 1.000, 1.000, 1.000, 1.000, 0.000, 0.000, 0.000, 0.000, 0.000, 0.000, 0.000
7.160, 0.786, -0.578, 0.000, 1.000, 1.000, 1.000, 1.000, 1.000, 1.000, 0.000, 0.000, 0.000, 0.000, 0.000, 0.000, 0.000
7.180, 0.786, -0.578, 0.000, 1.000, 1.000, 1.000, 1.000, 1.000, 1.000, 0.000, 0.000, 0.000, 0.000, 0.000, 0.000, 0.000
7.200, 0.786, -0.578, 0.000, 1.000, 1.000, 1.000, 1.000, 1.000, 1.000, 0.000, 0.000, 0.000, 0.000, 0.000, 0.000, 0.000
7.220, 0.786, -0.578, 0.000, 1.000, 1.000, 1.000, 1.000, 1.000, 1.000, 0.000, 0.000, 0.000, 0.000, 0.000, 0.000, 0.000
7.240, 0.786, -0.578, 0.000, 1.000, 1.000, 1.000, 1.000, 1.000, 1.000, 0.000, 0.000, 0.000, 0.000, 0.000, 0.000, 0.000
7.260, 0.786, -0.578, 0.000, 1.000, 1.000, 1.000, 1.000, 1.000, 1.000, 0.000, 0.000, 0.000, 0.000, 0.000, 0.000, 0.000
7.280, 0.786, -0.578, 0.000, 1.000, 1.000, 1.000, 1.000, 1.000, 1.000, 0.000, 0.000, 0.000, 0.000, 0.000, 0.000, 0.000
7.300, 0.786, -0.578, 0.000, 1.000, 1.000, 1.000, 1.000, 1.000, 1.000, 0.000, 0.000, 0.000, 0.000, 0.000, 0.000, 0.000
7.320, 0.786, -0.578, 0.000, 1.000, 1.000, 1.000, 1.000, 1.000, 1.000, 0.000, 0.000, 0.000, 0.000, 0.000, 0.000, 0.000
7.340, 0.786, -0.578, 0.000, 1.000, 1.000, 1.000, 1.000, 1.000, 1.000, 0.000, 0.000, 0.000, 0.000, 0.000, 0.000, 0.000
7.360, 0.786, -0.578, 0.000, 1.000, 1.000, 1.000, 1.000, 1.000, 1.000, 0.000, 0.000, 0.000, 0.000, 0.000, 0.000, 0.000
7.380, 0.786, -0.578, 0.000, 1.000, 1.000, 1.000, 1.000, 1.000, 1.000, 0.000, 0.000, 0.000, 0.000, 0.000, 0.000, 0.000
7.400, 0.786, -0.578, 0.000, 1.000, 1.000, 1.000, 1.000, 1.000, 1.000, 0.000, 0.000, 0.000, 0.000, 0.000, 0.000, 0.000
7.420, 0.786, -0.578, 0.000, 1.000, 1.000, 1.000, 1.000, 1.000, 1.000, 0.000, 0.000, 0.000, 0.000, 0.000, 0.000, 0.000
7.440, 0.786, -0.578, 0.000, 1.000, 1.000, 1.000, 1.000, 1.000, 1.000, 0.000, 0.000, 0.000, 0.000, 0.000, 0.000, 0.000
7.460, 0.786, -0.578, 0.000, 1.000, 1.000, 1.000, 1.000, 1.000, 1.000, 0.000, 0.000, 0.000, 0.000, 0.000, 0.000, 0.000
7.480, 0.786, -0.578, 0.000, 1.000, 1.000, 1.000, 1.000, 1.000, 1.000, 0.000, 0.000, 0.000, 0.000, 0.000, 0.000, 0.000
7.500, 0.786, -0.578, 0.000, 1.000, 1.000, 1.000, 1.000, 1.000, 1.000, 0.000, 0.000, 0.000, 0.000, 0.000, 0.000, 0.000
7.520, 0.786, -0.578, 0.000, 1.000, 1.000, 1.000, 1.000, 1.000, 1.000, 0.000, 0.000, 0.000, 0.000, 0.000, 0.000, 0.000
7.540, 0.786, -0.578, 0.000, 1.000, 1.000, 1.000, 1.000, 1.000, 1.000, 0.000, 0.000, 0.000, 0.000, 0.000, 0.000, 0.000
7.560, 0.786, -0.578, 0.000, 1.000, 1.000, 1.000, 1.000, 1.000, 1.000, 0.000, 0.000, 0.000, 0.000, 0.000, 0.000, 0.000
7.580, 0.786, -0.578, 0.000, 1.000, 1.000, 1.000, 1.000, 1.000, 1.000, 0.000, 0.000, 0.000, 0.000, 0.000, 0.000, 0.000
7.600, 0.786, -0.578, 0.000, 1.000, 1.000, 1.000, 1.000, 1.000, 1.000, 0.000, 0.000, 0.000, 0.000, 0.000, 0.000, 0.000
7.620, 0.786, -0.578, 0.000, 1.000, 1.000, 1.000, 1.000, 1.000, 1.000, 0.000, 0.000, 0.000, 0.000, 0.000, 0.000, 0.000
7.640, 0.786, -0.578, 0.000, 1.000, 1.000, 1.000, 1.000, 1.000, 1.000, 0.000, 0.000, 0.000, 0.000, 0.000, 0.000, 0.000
7.660, 0.786, -0.578, 0.000, 1.000, 1.000, 1.000, 1.000, 1.000, 1.000, 0.000, 0.000, 0.000, 0.000, 0.000, 0.000, 0.000
7.680, 0.786, -0.578, 0.000, 1.000, 1.000, 1.000, 1.000, 1.000, 1.000, 0.000, 0.000, 0.000, 0.000, 0.000, 0.000, 0.000
7.700, 0.786, -0.578, 0.000, 1.000, 1.000, 1.000, 1.000, 1.000, 1.000, 0.000, 0.000, 0.000, 0.000, 0.000, 0.000, 0.000
7.720, 0.786, -0.578, 0.000, 1.000, 1.000, 1.000, 1.000, 1.000, 1.000, 0.000, 0.000, 0.000, 0.000, 0.000, 0.000, 0.000
7.740, 0.786, -0.578, 0.000, 1.000, 1.000, 1.000, 1.000, 1.000, 1.000, 0.000, 0.000, 0.000, 0.000, 0.000, 0.000, 0.000
7.760, 0.786, -0.578, 0.000, 1.000, 1.000, 1.000, 1.000, 1.000, 1.000, 0.000, 0.000, 0.000, 0.000, 0.000, 0.000, 0.000
7.780, 0.786, -0.578, 0.000, 1.000, 1.000, 1.000, 1.000, 1.000, 1.000, 0.000, 0.000, 0.000, 0.000, 0.000, 0.000, 0.000
7.800, 0.786, -0.578, 0.000, 1.000, 1.000, 1.000, 1.000, 1.000, 1.000, 0.000, 0.000, 0.000, 0.000, 0.000, 0.000, 0.000
7.820, 0.786, -0.578, 0.000, 1.000, 1.000, 1.000, 1.000, 1.000, 1.000, 0.000, 0.000, 0.000, 0.000, 0.000, 0.000, 0.000
7.840, 0.786, -0.578, 0.000, 1.000, 1.000, 1.000, 1.000, 1.000, 1.000, 0.000, 0.000, 0.000, 0.000, 0.000, 0.000, 0.000
7.860, 0.786, -0.578, 0.000, 1.000, 1.000, 1.000, 1.000, 1.000, 1.000, 0.000, 0.000, 0.000, 0.000, 0.000, 0.000, 0.000
7.880, 0.786, -0.578, 0.000, 1.000, 1.000, 1.000, 1.000, 1.000, 1.000, 0.000, 0.000, 0.000, 0.000, 0.000, 0.000, 0.000
7.900, 0.786, -0.578, 0.000, 1.000, 1.000, 1.000, 1.000, 1.000, 1.000, 0.000, 0.000, 0.000, 0.000, 0.000, 0.000, 0.000
7.920, 0.786, -0.578, 0.000, 1.000, 1.000, 1.000, 1.000, 1.000, 1.000, 0.000, 0.000, 0.000, 0.000, 0.000, 0.000, 0.000
7.940, 0.786, -0.578, 0.000, 1.000, 1.000, 1.000, 1.000, 1.000, 1.000, 0.000, 0.000, 0.000, 0.000, 0.000, 0.000, 0.000
7.960, 0.786, -0.578, 0.000, 1.000, 1.000, 1.000, 1.000, 1.000, 1.000, 0.000, 0.000, 0.000, 0.000, 0.000, 0.000, 0.000
7.980, 0.786, -0.578, 0.000, 1.000, 1.000, 1.000, 1.000, 1.000, 1.000, 0.000, 0.000, 0.000, 0.000, 0.000, 0.000, 0.000
8.000, 0.786, -0.578, 0.000, 1.000, 1.000, 1.000, 1.000, 1.000, 1.000, 0.000, 0.000, 0.000, 0.000, 0.000, 0.000, 0.000
8.020, 0.786, -0.578, 0.000, 1.000, 1.000, 1.000, 1.000, 1.000, 1.000, 0.000, 0.000, 0.000, 0.000, 0.000, 0.000, 0.000
8.040, 0.786, -0.578, 0.000, 1.000, 1.000, 1.000, 1.000, 1.000, 1.000, 0.000, 0.000, 0.000, 0.000, 0.000, 0.000, 0.000
8.060, 0.786, -0.578, 0.000, 1.000, 1.000, 1.000, 1.000, 1.000, 1.000, 0.000, 0.000, 0.000, 0.000, 0.000, 0.000, 0.000
8.080, 0.786, -0.578, 0.000, 1.000, 1.000, 1.000, 1.000, 1.000, 1.000, 0.000, 0.000, 0.000, 0.000, 0.000, 0.000, 0.000
8.100, 0.786, -0.578, 0.000, 1.000, 1.000, 1.000, 1.000, 1.000, 1.000, 0.000, 0.000, 0.000, 0.000, 0.000, 0.000, 0.000
8.120, 0.786, -0.578, 0.000, 1.000, 1.000, 1.000, 1.000, 1.000, 1.000, 0.000, 0.000, 0.000, 0.000, 0.000, 0.000, 0.000
8.140, 0.786, -0.578, 0.000, 1.000, 1.000, 1.000, 1.000, 1.000, 1.000, 0.000, 0.000, 0.000, 0.000, 0.000, 0.000, 0.000
8.160, 0.786, -0.578, 0.000, 1.000, 1.000, 1.000, 1.000, 1.000, 1.000, 0.000, 0.000, 0.000, 0.000, 0.000, 0.000, 0.000
8.180, 0.786, -0.578, 0.000, 1.000, 1.000, 1.000, 1.000, 1.000, 1.000, 0.000, 0.000, 0.000, 0.000, 0.000, 0.000, 0.000
8.200, 0.786, -0.578, 0.000, 1.000, 1.000, 1.000, 1.000, 1.000, 1.000, 0.000, 0.000, 0.000, 0.000, 0.000, 0.000, 0.000
8.220, 0.786, -0.578, 0.000, 1.000, 1.000, 1.000, 1.000, 1.000, 1.000, 0.000, 0.000, 0.000, 0.000, 0.000, 0.000, 0.000
8.240, 0.786, -0.578, 0.000, 1.000, 1.000, 1.000, 1.000, 1.000, 1.000, 0.000, 0.000, 0.000, 0.000, 0.000, 0.000, 0.000
8.260, 0.786, -0.578, 0.000, 1.000, 1.000, 1.000, 1.000, 1.000, 1.000, 0.000, 0.000, 0.000, 0.000, 0.000, 0.000, 0.000
8.280, 0.786, -0.578, 0.000, 1.000, 1.000, 1.000, 1.000, 1.000, 1.000, 0.000, 0.000, 0.000, 0.000, 0.000, 0.000, 0.000
8.300, 0.786, -0.578, 0.000, 1.000, 1.000, 1.000, 1.000, 1.000, 1.000, 0.000, 0.000, 0.000, 0.000, 0.000, 0.000, 0.000
8.320, 0.786, -0.578, 0.000, 1.000, 1.000, 1.000, 1.000, 1.000, 1.000, 0.000, 0.000, 0.000, 0.000, 0.000, 0.000, 0.000
8.340, 0.786, -0.578, 0.000, 1.000, 1.000, 1.000, 1.000, 1.000, 1.000, 0.000, 0.000, 0.000, 0.000, 0.000, 0.000, 0.000
8.360, 0.786, -0.578, 0.000, 1.000, 1.000, 1.000, 1.000, 1.000, 1.000, 0.000, 0.000, 0.000, 0.000, 0.000, 0.000, 0.000
8.380, 0.786, -0.578, 0.000, 1.000, 1.000, 1.000, 1.000, 1.000, 1.000, 0.000, 0.000, 0.000, 0.000, 0.000, 0.000, 0.000
8.400, 0.786, -0.578, 0.000, 1.000, 1.000, 1.000, 1.000, 1.000, 1.000, 0.000, 0.000, 0.000, 0.000, 0.000, 0.000, 0.000
8.420, 0.786, -0.578, 0.000, 1.000, 1.000, 1.000, 1.000, 1.000, 1.000, 0.000, 0.000, 0.000, 0.000, 0.000, 0.000, 0.000
8.440, 0.786, -0.578, 0.000, 1.000, 1.000, 1.000, 1.000, 1.000, 1.000, 0.000, 0.000, 0.000, 0.000, 0.000, 0.000, 0.000
8.460, 0.786, -0.578, 0.000, 1.000, 1.000, 1.000, 1.000, 1.000, 1.000, 0.000, 0.000, 0.000, 0.000, 0.000, 0.000, 0.000
8.480, 0.786, -0.578, 0.000, 1.000, 1.000, 1.000, 1.000, 1.000, 1.000, 0.000, 0.000, 0.000, 0.000, 0.000, 0.000, 0.000
8.500, 0.786, -0.578, 0.000, 1.000, 1.000, 1.000, 1.000, 1.000, 1.000, 0.000, 0.000, 0.000, 0.000, 0.000, 0.000, 0.000
8.520, 0.786, -0.578, 0.000, 1.000, 1.000, 1.000, 1.000, 1.000, 1.000, 0.000, 0.000, 0.000, 0.000, 0.000, 0.000, 0.000
8.540, 0.786, -0.578, 0.000, 1.000, 1.000, 1.000, 1.000, 1.000, 1.000, 0.000, 0.000, 0.000, 0.000, 0.000, 0.000, 0.000
8.560, 0.786, -0.578, 0.000, 1.000, 1.000, 1.000, 1.000, 1.000, 1.000, 0.000, 0.000, 0.000, 0.000, 0.000, 0.000, 0.000
8.580, 0.786, -0.578, 0.000, 1.000, 1.000, 1.000, 1.000, 1.000, 1.000, 0.000, 0.000, 0.000, 0.000, 0.000, 0.000, 0.000
8.600, 0.786, -0.578, 0.000, 1.000, 1.000, 1.000, 1.000, 1.000, 1.000, 0.000, 0.000, 0.000, 0.000, 0.000, 0.000, 0.000
8.620, 0.786, -0.578, 0.000, 1.000, 1.000, 1.000, 1.000, 1.000, 1.000, 0.000, 0.000, 0.000, 0.000, 0.000, 0.000, 0.000
8.640, 0.786, -0.578, 0.000, 1.000, 1.000, 1.000, 1.000, 1.000, 1.000, 0.000, 0.000, 0.000, 0.000, 0.000, 0.000, 0.000
8.660, 0.786, -0.578, 0.000, 1.000, 1.000, 1.000, 1.000, 1.000, 1.000, 0.000, 0.000, 0.000, 0.000, 0.000, 0.000, 0.000
8.680, 0.786, -0.578, 0.000, 1.000, 1.000, 1.000, 1.000, 1.000, 1.000, 0.000, 0.000, 0.000, 0.000, 0.000, 0.000, 0.000
8.700, 0.786, -0.578, 0.000, 1.000, 1.000, 1.000, 1.000, 1.000, 1.000, 0.000, 0.000, 0.000, 0.000, 0.000, 0.000, 0.000
8.720, 0.786, -0.578, 0.000, 1.000, 1.000, 1.000, 1.000, 1.000, 1.000, 0.000, 0.000, 0.000, 0.000, 0.000, 0.000, 0.000
8.740, 0.786, -0.578, 0.000, 1.000, 1.000, 1.000, 1.000, 1.000, 1.000, 0.000, 0.000, 0.000, 0.000, 0.000, 0.000, 0.000
8.760, 0.786, -0.578, 0.000, 1.000, 1.000, 1.000, 1.000, 1.000, 1.000, 0.000, 0.000, 0.000, 0.000, 0.000, 0.000, 0.000
8.780, 0.786, -0.578, 0.000, 1.000, 1.000, 1.000, 1.000, 1.000, 1.000, 0.000, 0.000, 0.000, 0.000, 0.000, 0.000, 0.000
8.800, 0.786, -0.578, 0.000, 1.000, 1.000, 1.000, 1.000, 1.000, 1.000, 0.000, 0.000, 0.000, 0.000, 0.000, 0.000, 0.000
8.820, 0.786, -0.578, 0.000, 1.000, 1.000, 1.000, 1.000, 1.000, 1.000, 0.000, 0.000, 0.000, 0.000, 0.000, 0.000, 0.000
8.840, 0.786, -0.578, 0.000, 1.000, 1.000, 1.000, 1.000, 1.000, 1.000, 0.000, 0.000, 0.000, 0.000, 0.000, 0.000, 0.000
8.860, 0.786, -0.578, 0.000, 1.000, 1.000, 1.000, 1.000, 1.000, 1.000, 0.000, 0.000, 0.000, 0.000, 0.000, 0.000, 0.000
8.880, 0.786, -0.578, 0.000, 1.000, 1.000, 1.000, 1.000, 1.000, 1.000, 0.000, 0.000, 0.000, 0.000, 0.000, 0.000, 0.000
8.900, 0.786, -0.578, 0.000, 1.000, 1.000, 1.000, 1.000, 1.000, 1.000, 0.000, 0.000, 0.000, 0.000, 0.000, 0.000, 0.000
8.920, 0.786, -0.578, 0.000, 1.000, 1.000, 1.000, 1.000, 1.000, 1.000, 0.000, 0.000, 0.000, 0.000, 0.000, 0.000, 0.000
8.940, 0.786, -0.578, 0.000, 1.000, 1.000, 1.000, 1.000, 1.000, 1.000, 0.000, 0.000, 0.000, 0.000, 0.000, 0.000, 0.000
8.960, 0.786, -0.578, 0.000, 1.000, 1.000, 1.000, 1.000, 1.000, 1.000, 0.000, 0.000, 0.000, 0.000, 0.000, 0.000, 0.000
8.980, 0.786, -0.578, 0.000, 1.000, 1.000, 1.000, 1.000, 1.000, 1.000, 0.000, 0.000, 0.000, 0.000, 0.000, 0.000, 0.000
9.000, 0.786, -0.578, 0.000, 1.000, 1.000, 1.000, 1.000, 1.000, 1.000, 0.000, 0.000, 0.000, 0.000, 0.000, 0.000, 0.000
9.020, 0.786, -0.578, 0.000, 1.000, 1.000, 1.000, 1.000, 1.000, 1.000, 0.000, 0.000, 0.000, 0.000, 0.000, 0.000, 0.000
9.040, 0.786, -0.578, 0.000, 1.000, 1.000, 1.000, 1.000, 1.000, 1.000, 0.000, 0.000, 0.000, 0.000, 0.000, 0.000, 0.000
9.060, 0.786, -0.578, 0.000, 1.000, 1.000, 1.000, 1.000, 1.000, 1.000, 0.000, 0.000, 0.000, 0.000, 0.000, 0.000, 0.000
9.080, 0.786, -0.578, 0.000, 1.000, 1.000, 1.000, 1.000, 1.000, 1.000, 0.000, 0.000, 0.000, 0.000, 0.000, 0.000, 0.000
9.100, 0.786, -0.578, 0.000, 1.000, 1.000, 1.000, 1.000, 1.000, 1.000, 0.000, 0.000, 0.000, 0.000, 0.000, 0.000, 0.000
9.120, 0.786, -0.578, 0.000, 1.000, 1.000, 1.000, 1.000, 1.000, 1.000, 0.000, 0.000, 0.000, 0.000, 0.000, 0.000, 0.000
9.140, 0.786, -0.578, 0.000, 1.000, 1.000, 1.000, 1.000, 1.000, 1.000, 0.000, 0.000, 0.000, 0.000, 0.000, 0.000, 0.000
9.160, 0.786, -0.578, 0.000, 1.000, 1.000, 1.000, 1.000, 1.000, 1.000, 0.000, 0.000, 0.000, 0.000, 0.000, 0.000, 0.000
9.180, 0.786, -0.578, 0.000, 1.000, 1.000, 1.000, 1.000, 1.000, 1.000, 0.000, 0.000, 0.000, 0.000, 0.000, 0.000, 0.000
9.200, 0.786, -0.578, 0.000, 1.000, 1.000, 1.000, 1.000, 1.000, 1.000, 0.000, 0.000, 0.000, 0.000, 0.000, 0.000, 0.000
9.220, 0.786, -0.578, 0.000, 1.000, 1.000, 1.000, 1.000, 1.000, 1.000, 0.000, 0.000, 0.000, 0.000, 0.000, 0.000, 0.000
9.240, 0.786, -0.578, 0.000, 1.000, 1.000, 1.000, 1.000, 1.000, 1.000, 0.000, 0.000, 0.000, 0.000, 0.000, 0.000, 0.000
9.260, 0.786, -0.578, 0.000, 1.000, 1.000, 1.000, 1.000, 1.000, 1.000, 0.000, 0.000, 0.000, 0.000, 0.000, 0.000, 0.000
9.280, 0.786, -0.578, 0.000, 1.000, 1.000, 1.000, 1.000, 1.000, 1.000, 0.000, 0.000, 0.000, 0.000, 0.000, 0.000, 0.000
9.300, 0.786, -0.578, 0.000, 1.000, 1.000, 1.000, 1.000, 1.000, 1.000, 0.000, 0.000, 0.000, 0.000, 0.000, 0.000, 0.000
9.320, 0.786, -0.578, 0.000, 1.000, 1.000, 1.000, 1.000, 1.000, 1.000, 0.000, 0.000, 0.000, 0.000, 0.000, 0.000, 0.000
9.340, 0.786, -0.578, 0.000, 1.000, 1.000, 1.000, 1.000, 1.000, 1.000, 0.000, 0.000, 0.000, 0.000, 0.000, 0.000, 0.000
9.360, 0.786, -0.578, 0.000, 1.000, 1.000, 1.000, 1.000, 1.000, 1.000, 0.000, 0.000, 0.000, 0.000, 0.000, 0.000, 0.000
9.380, 0.786, -0.578, 0.000, 1.000, 1.000, 1.000, 1.000, 1.000, 1.000, 0.000, 0.000, 0.000, 0.000, 0.000, 0.000, 0.000
9.400, 0.786, -0.578, 0.000, 1.000, 1.000, 1.000, 1.000, 1.000, 1.000, 0.000, 0.000, 0.000, 0.000, 0.000, 0.000, 0.000
9.420, 0.786, -0.578, 0.000, 1.000, 1.000, 1.000, 1.000, 1.000, 1.000, 0.000, 0.000, 0.000, 0.000, 0.000, 0.000, 0.000
9.440, 0.786, -0.578, 0.000, 1.000, 1.000, 1.000, 1.000, 1.000, 1.000, 0.000, 0.000, 0.000, 0.000, 0.000, 0.000, 0.000
9.460, 0.786, -0.578, 0.000, 1.000, 1.000, 1.000, 1.000, 1.000, 1.000, 0.000, 0.000, 0.000, 0.000, 0.000, 0.000, 0.000
9.480, 0.786, -0.578, 0.000, 1.000, 1.000, 1.000, 1.000, 1.000, 1.000, 0.000, 0.000, 0.000, 0.000, 0.000, 0.000, 0.000
9.500, 0.786, -0.578, 0.000, 1.000, 1.000, 1.000, 1.000, 1.000, 1.000, 0.000, 0.000, 0.000, 0.000, 0.000, 0.000, 0.000
9.520, 0.786, -0.578, 0.000, 1.000, 1.000, 1.000, 1.000, 1.000, 1.000, 0.000, 0.000, 0.000, 0.000, 0.000, 0.000, 0.000
9.540, 0.786, -0.578, 0.000, 1.000, 1.000, 1.000, 1.000, 1.000, 1.000, 0.000, 0.000, 0.000, 0.000, 0.000, 0.000, 0.000
9.560, 0.786, -0.578, 0.000, 1.000, 1.000, 1.000, 1.000, 1.000, 1.000, 0.000, 0.000, 0.000, 0.000, 0.000, 0.000, 0.000
9.580, 0.786, -0.578, 0.000, 1.000, 1.000, 1.000, 1.000, 1.000, 1.000, 0.000, 0.000, 0.000, 0.000, 0.000, 0.000, 0.000
9.600, 0.786, -0.578, 0.000, 1.000, 1.000, 1.000, 1.000, 1.000, 1.000, 0.000, 0.000, 0.000, 0.000, 0.000, 0.000, 0.000
9.620, 0.786, -0.578, 0.000, 1.000, 1.000, 1.000, 1.000, 1.000, 1.000, 0.000, 0.000, 0.000, 0.000, 0.000, 0.000, 0.000
9.640, 0.786, -0.578, 0.000, 1.000, 1.000, 1.000, 1.000, 1.000, 1.000, 0.000, 0.000, 0.000, 0.000, 0.000, 0.000, 0.000
9.660, 0.786, -0.578, 0.000, 1.000, 1.000, 1.000, 1.000, 1.000, 1.000, 0.000, 0.000, 0.000, 0.000, 0.000, 0.000, 0.000
9.680, 0.786, -0.578, 0.000, 1.000, 1.000, 1.000, 1.000, 1.000, 1.000, 0.000, 0.000, 0.000, 0.000, 0.000, 0.000, 0.000
9.700, 0.786, -0.578, 0.000, 1.000, 1.000, 1.000, 1.000, 1.000, 1.000, 0.000, 0.000, 0.000, 0.000, 0.000, 0.000, 0.000
9.720, 0.786, -0.578, 0.000, 1.000, 1.000, 1.000, 1.000, 1.000, 1.000, 0.000, 0.000, 0.000, 0.000, 0.000, 0.000, 0.000
9.740, 0.786, -0.578, 0.000, 1.000, 1.000, 1.000, 1.000, 1.000, 1.000, 0.000, 0.000, 0.000, 0.000, 0.000, 0.000, 0.000
9.760, 0.786, -0.578, 0.000, 1.000, 1.000, 1.000, 1.000, 1.000, 1.000, 0.000, 0.000, 0.000, 0.000, 0.000, 0.000, 0.000
9.780, 0.786, -0.578, 0.000, 1.000, 1.000, 1.000, 1.000, 1.000, 1.000, 0.000, 0.000, 0.000, 0.000, 0.000, 0.000, 0.000
9.800, 0.786, -0.578, 0.000, 1.000, 1.000, 1.000, 1.000, 1.000, 1.000, 0.000, 0.000, 0.000, 0.000, 0.000, 0.000, 0.000
9.820, 0.786, -0.578, 0.000, 1.000, 1.000, 1.000, 1.000, 1.000, 1.000, 0.000, 0.000, 0.000, 0.000, 0.000, 0.000, 0.000
9.840, 0.786, -0.578, 0.000, 1.000, 1.000, 1.000, 1.000, 1.000, 1.000, 0.000, 0.000, 0.000, 0.000, 0.000, 0.000, 0.000
9.860, 0.786, -0.578, 0.000, 1.000, 1.000, 1.000, 1.000, 1.000, 1.000, 0.000, 0.000, 0.000, 0.000, 0.000, 0.000, 0.000
9.880, 0.786, -0.578, 0.000, 0.050, 1.000, 1.000, 1.000, 1.000, 1.000, 0.000, 0.000, 0.000, 0.000, 0.000, 0.000, 0.000
9.900, 0.786, -0.578, 0.000, 1.000, 1.000, 1.000, 1.000, 1.000, 1.000, 0.000, 0.000, 0.000, 0.000, 0.000, 0.000, 0.000
9.920, 0.786, -0.578, 0.000, 1.000, 1.000, 1.000, 1.000, 1.000, 1.000, 0.000, 0.000, 0.000, 0.000, 0.000, 0.000, 0.000
9.940, 0.786, -0.578, 0.000, 1.000, 1.000, 1.000, 1.000, 1.000, 1.000, 0.000, 0.000, 0.000, 0.000, 0.000, 0.000, 0.000
9.960, 0.786, -0.578, 0.000, 1.000, 1.000, 1.000, 1.000, 1.000, 1.000, 0.000, 0.000, 0.000, 0.000, 0.000, 0.000, 0.000
9.980, 0.786, -0.578, 0.000, 1.000, 1.000, 1.000, 1.000, 1.000, 1.000, 0.000, 0.000, 0.000, 0.000, 0.000, 0.000, 0.000
10.000, 0.786, -0.578, 0.000, 1.000, 1.000, 1.000, 1.000, 1.000, 1.000, 0.000, 0.000, 0.000, 0.000, 0.000, 0.000, 0.000
10.020, 0.786, -0.578, 0.000, 1.000, 1.000, 1.000, 1.000, 1.000, 1.000, 0.000, 0.000, 0.000, 0.000, 0.000, 0.000, 0.000
10.040, 0.786, -0.578, 0.000, 1.000, 1.000, 1.000, 1.000, 1.000, 1.000, 0.000, 0.000, 0.000, 0.000, 0.000, 0.000, 0.000
10.060, 0.786, -0.578, 0.000, 1.000, 1.000, 1.000, 1.000, 1.000, 1.000, 0.000, 0.000, 0.000, 0.000, 0.000, 0.000, 0.000
10.080, 0.786, -0.578, 0.000, 1.000, 1.000, 1.000, 1.000, 1.000, 1.000, 0.000, 0.000, 0.000, 0.000, 0.000, 0.000, 0.000
10.100, 0.786, -0.578, 0.000, 1.000, 1.000, 1.000, 1.000, 1.000, 1.000, 0.000, 0.000, 0.000, 0.000, 0.000, 0.000, 0.000
10.120, 0.786, -0.578, 0.000, 1.000, 1.000, 1.000, 1.000, 1.000, 1.000, 0.000, 0.000, 0.000, 0.000, 0.000, 0.000, 0.000
10.140, 0.786, -0.578, 0.000, 1.000, 1.000, 1.000, 1.000, 1.000, 1.000, 0.000, 0.000, 0.000, 0.000, 0.000, 0.000, 0.000
10.160, 0.786, -0.578, 0.000, 1.000, 1.000, 1.000, 1.000, 1.000, 1.000, 0.000, 0.000, 0.000, 0.000, 0.000, 0.000, 0.000
10.180, 0.786, -0.578, 0.000, 1.000, 1.000, 1.000, 1.000, 1.000, 1.000, 0.000, 0.000, 0.000, 0.000, 0.000, 0.000, 0.000
10.200, 0.786, -0.578, 0.000, 1.000, 1.000, 1.000, 1.000, 1.000, 1.000, 0.000, 0.000, 0.000, 0.000, 0.000, 0.000, 0.000
10.220, 0.786, -0.578, 0.000, 1.000, 1.000, 1.000, 1.000, 1.000, 1.000, 0.000, 0.000, 0.000, 0.000, 0.000, 0.000, 0.000
10.240, 0.786, -0.578, 0.000, 1.000, 1.000, 1.000, 1.000, 1.000, 1.000, 0.000, 0.000, 0.000, 0.000, 0.000, 0.000, 0.000
10.260, 0.786, -0.578, 0.000, 1.000, 1.000, 1.000, 1.000, 1.000, 1.000, 0.000, 0.000, 0.000, 0.000, 0.000, 0.000, 0.000
10.280, 0.786, -0.578, 0.000, 1.000, 1.000, 1.000, 1.000, 1.000, 1.000, 0.000, 0.000, 0.000, 0.000, 0.000, 0.000, 0.000
10.300, 0.786, -0.578, 0.000, 1.000, 1.000, 1.000, 1.000, 1.000, 1.000, 0.000, 0.000, 0.000, 0.000, 0.000, 0.000, 0.000
10.320, 0.786, -0.578, 0.000, 1.000, 1.000, 1.000, 1.000, 1.000, 1.000, 0.000, 0.000, 0.000, 0.000, 0.000, 0.000, 0.000
10.340, 0.786, -0.578, 0.000, 1.000, 1.000, 1.000, 1.000, 1.000, 1.000, 0.000, 0.000, 0.000, 0.000, 0.000, 0.000, 0.000
10.360, 0.786, -0.578, 0.000, 1.000, 1.000, 1.000, 1.000, 1.000, 1.000, 0.000, 0.000, 0.000, 0.000, 0.000, 0.000, 0.000
10.380, 0.786, -0.578, 0.000, 1.000, 1.000, 1.000, 1.000, 1.000, 1.000, 0.000, 0.000, 0.000, 0.000, 0.000, 0.000, 0.000
10.400, 0.786, -0.578, 0.000, 1.000, 1.000, 1.000, 1.000, 1.000, 1.000, 0.000, 0.000, 0.000, 0.000, 0.000, 0.000, 0.000
10.420, 0.786, -0.578, 0.000, 1.000, 1.000, 1.000, 1.000, 1.000, 1.000, 0.000, 0.000, 0.000, 0.000, 0.000, 0.000, 0.000
10.440, 0.786, -0.578, 0.000, 1.000, 1.000, 1.000, 1.000, 1.000, 1.000, 0.000, 0.000, 0.000, 0.000, 0.000, 0.000, 0.000
10.460, 0.786, -0.578, 0.000, 1.000, 1.000, 1.000, 1.000, 1.000, 1.000, 0.000, 0.000, 0.000, 0.000, 0.000, 0.000, 0.000
10.480, 0.786, -0.578, 0.000, 1.000, 1.000, 1.000, 1.000, 1.000, 1.000, 0.000, 0.000, 0.000, 0.000, 0.000, 0.000, 0.000
10.500, 0.786, -0.578, 0.000, 1.000, 1.000, 1.000, 1.000, 1.000, 1.000, 0.000, 0.000, 0.000, 0.000, 0.000, 0.000, 0.000
10.520, 0.786, -0.578, 0.000, 1.000, 1.000, 1.000, 1.000, 1.000, 1.000, 0.000, 0.000, 0.000, 0.000, 0.000, 0.000, 0.000
10.540, 0.786, -0.578, 0.000, 1.000, 1.000, 1.000, 1.000, 1.000, 1.000, 0.000, 0.000, 0.000, 0.000, 0.000, 0.000, 0.000
10.560, 0.786, -0.578, 0.000, 1.000, 1.000, 1.000, 1.000, 1.000, 1.000, 0.000, 0.000, 0.000, 0.000, 0.000, 0.000, 0.000
10.580, 0.786, -0.578, 0.000, 1.000, 1.000, 1.000, 1.000, 1.000, 1.000, 0.000, 0.000, 0.000, 0.000, 0.000, 0.000, 0.000
10.600, 0.786, -0.578, 0.000, 1.000, 1.000, 1.000, 1.000, 1.000, 1.000, 0.000, 0.000, 0.000, 0.000, 0.000, 0.000, 0.000
10.620, 0.786, -0.578, 0.000, 1.000, 1.000, 1.000, 1.000, 1.000, 1.000, 0.000, 0.000, 0.000, 0.000, 0.000, 0.000, 0.000
10.640, 0.786, -0.578, 0.000, 1.000, 1.000, 1.000, 1.000, 1.000, 1.000, 0.000, 0.000, 0.000, 0.000, 0.000, 0.000, 0.000
10.660, 0.786, -0.578, 0.000, 1.000, 1.000, 1.000, 1.000, 1.000, 1.000, 0.000, 0.000, 0.000, 0.000, 0.000, 0.000, 0.000
10.680, 0.786, -0.578, 0.000, 1.000, 1.000, 1.000, 1.000, 1.000, 1.000, 0.000, 0.000, 0.000, 0.000, 0.000, 0.000, 0.000
10.700, 0.786, -0.578, 0.000, 1.000, 1.000, 1.000, 1.000, 1.000, 1.000, 0.000, 0.000, 0.000, 0.000, 0.000, 0.000, 0.000
10.720, 0.786, -0.578, 0.000, 1.000, 1.000, 1.000, 1.000, 1.000, 1.000, 0.000, 0.000, 0.000, 0.000, 0.000, 0.000, 0.000
10.740, 0.786, -0.578, 0.000, 1.000, 1.000, 1.000, 1.000, 1.000, 1.000, 0.000, 0.000, 0.000, 0.000, 0.000, 0.000, 0.000
10.760, 0.786, -0.578, 0.000, 1.000, 1.000, 1.000, 1.000, 1.000, 1.000, 0.000, 0.000, 0.000, 0.000, 0.000, 0.000, 0.000
10.780, 0.786, -0.578, 0.000, 1.000, 1.000, 1.000, 1.000, 1.000, 1.000, 0.000, 0.000, 0.000, 0.000, 0.000, 0.000, 0.000
10.800, 0.786, -0.578, 0.000, 1.000, 1.000, 1.000, 1.000, 1.000, 1.000, 0.000, 0.000, 0.000, 0.000, 0.000, 0.000, 0.000
10.820, 0.786, -0.578, 0.000, 1.000, 1.000, 1.000, 1.000, 1.000, 1.000, 0.000, 0.000, 0.000, 0.000, 0.000, 0.000, 0.000
10.840, 0.786, -0.578, 0.000, 1.000, 1.000, 1.000, 1.000, 1.000, 1.000, 0.000, 0.000, 0.000, 0.000, 0.000, 0.000, 0.000
10.860, 0.786, -0.578, 0.000, 1.000, 1.000, 1.000, 1.000, 1.000, 1.000, 0.000, 0.000, 0.000, 0.000, 0.000, 0.000, 0.000
10.880, 0.786, -0.578, 0.000, 1.000, 1.000, 1.000, 1.000, 1.000, 1.000, 0.000, 0.000, 0.000, 0.000, 0.000, 0.000, 0.000
10.900, 0.786, -0.578, 0.000, 1.000, 1.000, 1.000, 1.000, 1.000, 1.000, 0.000, 0.000, 0.000, 0.000, 0.000, 0.000, 0.000
10.920, 0.786, -0.578, 0.000, 1.000, 1.000, 1.000, 1.000, 1.000, 1.000, 0.000, 0.000, 0.000, 0.000, 0.000, 0.000, 0.000
10.940, 0.786, -0.578, 0.000, 1.000, 1.000, 1.000, 1.000, 1.000, 1.000, 0.000, 0.000, 0.000, 0.000, 0.000, 0.000, 0.000
10.960, 0.786, -0.578, 0.000, 1.000, 1.000, 1.000, 1.000, 1.000, 1.000, 0.000, 0.000, 0.000, 0.000, 0.000, 0.000, 0.000
10.980, 0.786, -0.578, 0.000, 1.000, 1.000, 1.000, 1.000, 1.000, 1.000, 0.000, 0.000, 0.000, 0.000, 0.000, 0.000, 0.000
11.000, 0.786, -0.578, 0.000, 1.000, 1.000, 1.000, 1.000, 1.000, 1.000, 0.000, 0.000, 0.000, 0.000, 0.000, 0.000, 0.000
11.020, 0.786, -0.578, 0.000, 1.000, 1.000, 1.000, 1.000, 1.000, 1.000, 0.000, 0.000, 0.000, 0.000, 0.000, 0.000, 0.000
11.040, 0.786, -0.578, 0.000, 1.000, 1.000, 1.000, 1.000, 1.000, 1.000, 0.000, 0.000, 0.000, 0.000, 0.000, 0.000, 0.000
11.060, 0.786, -0.578, 0.000, 1.000, 1.000, 1.000, 1.000, 1.000, 1.000, 0.000, 0.000, 0.000, 0.000, 0.000, 0.000, 0.000
11.080, 0.786, -0.578, 0.000, 1.000, 1.000, 1.000, 1.000, 1.000, 1.000, 0.000, 0.000, 0.000, 0.000, 0.000, 0.000, 0.000
11.100, 0.786, -0.578, 0.000, 1.000, 1.000, 1.000, 1.000, 1.000, 1.000, 0.000, 0.000, 0.000, 0.000, 0.000, 0.000, 0.000
11.120, 0.786, -0.578, 0.000, 1.000, 1.000, 1.000, 1.000, 1.000, 1.000, 0.000, 0.000, 0.000, 0.000, 0.000, 0.000, 0.000
11.140, 0.786, -0.578, 0.000, 1.000, 1.000, 1.000, 1.000, 1.000, 1.000, 0.000, 0.000, 0.000, 0.000, 0.000, 0.000, 0.000
11.160, 0.786, -0.578, 0.000, 1.000, 1.000, 1.000, 1.000, 1.000, 1.000, 0.000, 0.000, 0.000, 0.000, 0.000, 0.000, 0.000
11.180, 0.786, -0.578, 0.000, 1.000, 1.000, 1.000, 1.000, 1.000, 1.000, 0.000, 0.000, 0.000, 0.000, 0.000, 0.000, 0.000
11.200, 0.786, -0.578, 0.000, 1.000, 1.000, 1.000, 1.000, 1.000, 1.000, 0.000, 0.000, 0.000, 0.000, 0.000, 0.000, 0.000
11.220, 0.786, -0.578, 0.000, 1.000, 1.000, 1.000, 1.000, 1.000, 1.000, 0.000, 0.000, 0.000, 0.000, 0.000, 0.000, 0.000
11.240, 0.786, -0.578, 0.000, 1.000, 1.000, 1.000, 1.000, 1.000, 1.000, 0.000, 0.000, 0.000, 0.000, 0.000, 0.000, 0.000
11.260, 0.786, -0.578, 0.000, 1.000, 1.000, 1.000, 1.000, 1.000, 1.000, 0.000, 0.000, 0.000, 0.000, 0.000, 0.000, 0.000
11.280, 0.786, -0.578, 0.000, 1.000, 1.000, 1.000, 1.000, 1.000, 1.000, 0.000, 0.000, 0.000, 0.000, 0.000, 0.000, 0.000
11.300, 0.786, -0.578, 0.000, 1.000, 1.000, 1.000, 1.000, 1.000, 1.000, 0.000, 0.000, 0.000, 0.000, 0.000, 0.000, 0.000
11.320, 0.786, -0.578, 0.000, 1.000, 1.000, 1.000, 1.000, 1.000, 1.000, 0.000, 0.000, 0.000, 0.000, 0.000, 0.000, 0.000
11.340, 0.786, -0.578, 0.000, 1.000, 1.000, 1.000, 1.000, 1.000, 1.000, 0.000, 0.000, 0.000, 0.000, 0.000, 0.000, 0.000
11.360, 0.786, -0.578, 0.000, 1.000, 1.000, 1.000, 1.000, 1.000, 1.000, 0.000, 0.000, 0.000, 0.000, 0.000, 0.000, 0.000
11.380, 0.786, -0.578, 0.000, 1.000, 1.000, 1.000, 1.000, 1.000, 1.000, 0.000, 0.000, 0.000, 0.000, 0.000, 0.000, 0.000
11.400, 0.786, -0.578, 0.000, 1.000, 1.000, 1.000, 1.000, 1.000, 1.000, 0.000, 0.000, 0.000, 0.000, 0.000, 0.000, 0.000
11.420, 0.786, -0.578, 0.000, 1.000, 1.000, 1.000, 1.000, 1.000, 1.000, 0.000, 0.000, 0.000, 0.000, 0.000, 0.000, 0.000
11.440, 0.786, -0.578, 0.000, 1.000, 1.000, 1.000, 1.000, 1.000, 1.000, 0.000, 0.000, 0.000, 0.000, 0.000, 0.000, 0.000
11.460, 0.786, -0.578, 0.000, 1.000, 1.000, 1.000, 1.000, 1.000, 1.000, 0.000, 0.000, 0.000, 0.000, 0.000, 0.000, 0.000
11.480, 0.786, -0.578, 0.000, 1.000, 1.000, 1.000, 1.000, 1.000, 1.000, 0.000, 0.000, 0.000, 0.000, 0.000, 0.000, 0.000
11.500, 0.786, -0.578, 0.000, 1.000, 1.000, 1.000, 1.000, 1.000, 1.000, 0.000, 0.000, 0.000, 0.000, 0.000, 0.000, 0.000
11.520, 0.786, -0.578, 0.000, 1.000, 1.000, 1.000, 1.000, 1.000, 1.000, 0.000, 0.000, 0.000, 0.000, 0.000, 0.000, 0.000
11.540, 0.786, -0.578, 0.000, 1.000, 1.000, 1.000, 1.000, 1.000, 1.000, 0.000, 0.000, 0.000, 0.000, 0.000, 0.000, 0.000
11.560, 0.786, -0.578, 0.000, 1.000, 1.000, 1.000, 1.000, 1.000, 1.000, 0.000, 0.000, 0.000, 0.000, 0.000, 0.000, 0.000
11.580, 0.786, -0.578, 0.000, 1.000, 1.000, 1.000, 1.000, 1.000, 1.000, 0.000, 0.000, 0.000, 0.000, 0.000, 0.000, 0.000
11.600, 0.786, -0.578, 0.000, 1.000, 1.000, 1.000, 1.000, 1.000, 1.000, 0.000, 0.000, 0.000, 0.000, 0.000, 0.000, 0.000
11.620, 0.786, -0.578, 0.000, 1.000, 1.000, 1.000, 1.000, 1.000, 1.000, 0.000, 0.000, 0.000, 0.000, 0.000, 0.000, 0.000
11.640, 0.786, -0.578, 0.000, 1.000, 1.000, 1.000, 1.000, 1.000, 1.000, 0.000, 0.000, 0.000, 0.000, 0.000, 0.000, 0.000
11.660, 0.786, -0.578, 0.000, 1.000, 1.000, 1.000, 1.000, 1.000, 1.000, 0.000, 0.000, 0.000, 0.000, 0.000, 0.000, 0.000
11.680, 0.786, -0.578, 0.000, 1.000, 1.000, 1.000, 1.000, 1.000, 1.000, 0.000, 0.000, 0.000, 0.000, 0.000, 0.000, 0.000
11.700, 0.786, -0.578, 0.000, 1.000, 1.000, 1.000, 1.000, 1.000, 1.000, 0.000, 0.000, 0.000, 0.000, 0.000, 0.000, 0.000
11.720, 0.786, -0.578, 0.000, 1.000, 1.000, 1.000, 1.000, 1.000, 1.000, 0.000, 0.000, 0.000, 0.000, 0.000, 0.000, 0.000
11.740, 0.786, -0.578, 0.000, 1.000, 1.000, 1.000, 1.000, 1.000, 1.000, 0.000, 0.000, 0.000, 0.000, 0.000, 0.000, 0.000
11.760, 0.786, -0.578, 0.000, 1.000, 1.000, 1.000, 1.000, 1.000, 1.000, 0.000, 0.000, 0.000, 0.000, 0.000, 0.000, 0.000
11.780, 0.786, -0.578, 0.000, 1.000, 1.000, 1.000, 1.000, 1.000, 1.000, 0.000, 0.000, 0.000, 0.000, 0.000, 0.000, 0.000
11.800, 0.786, -0.578, 0.000, 1.000, 1.000, 1.000, 1.000, 1.000, 1.000, 0.000, 0.000, 0.000, 0.000, 0.000, 0.000, 0.000
11.820, 0.786, -0.578, 0.000, 1.000, 1.000, 1.000, 1.000, 1.000, 1.000, 0.000, 0.000, 0.000, 0.000, 0.000, 0.000, 0.000
11.840, 0.786, -0.578, 0.000, 1.000, 1.000, 1.000, 1.000, 1.000, 1.000, 0.000, 0.000, 0.000, 0.000, 0.000, 0.000, 0.000
11.860, 0.786, -0.578, 0.000, 1.000, 1.000, 1.000, 1.000, 1.000, 1.000, 0.000, 0.000, 0.000, 0.000, 0.000, 0.000, 0.000
11.880, 0.786, -0.578, 0.000, 1.000, 1.000, 1.000, 1.000, 1.000, 1.000, 0.000, 0.000, 0.000, 0.000, 0.000, 0.000, 0.000
11.900, 0.786, -0.578, 0.000, 1.000, 1.000, 1.000, 1.000, 1.000, 1.000, 0.000, 0.000, 0.000, 0.000, 0.000, 0.000, 0.000
11.920, 0.786, -0.578, 0.000, 1.000, 1.000, 1.000, 1.000, 1.000, 1.000, 0.000, 0.000, 0.000, 0.000, 0.000, 0.000, 0.000
11.940, 0.786, -0.578, 0.000, 1.000, 1.000, 1.000, 1.000, 1.000, 1.000, 0.000, 0.000, 0.000, 0.000, 0.000, 0.000, 0.000
11.960, 0.786, -0.578, 0.000, 1.000, 1.000, 1.000, 1.000, 1.000, 1.000, 0.000, 0.000, 0.000, 0.000, 0.000, 0.000, 0.000
11.980, 0.786, -0.578, 0.000, 1.000, 1.000, 1.000, 1.000, 1.000, 1.000, 0.000, 0.000, 0.000, 0.000, 0.000, 0.000, 0.000
12.000, 0.786, -0.578, 0.000, 1.000, 1.000, 1.000, 1.000, 1.000, 1.000, 0.000, 0.000, 0.000, 0.000, 0.000, 0.000, 0.000
12.020, 0.786, -0.578, 0.000, 1.000, 1.000, 1.000, 1.000, 1.000, 1.000, 0.000, 0.000, 0.000, 0.000, 0.000, 0.000, 0.000
12.040, 0.786, -0.578, 0.000, 1.000, 1.000, 1.000, 1.000, 1.000, 1.000, 0.000, 0.000, 0.000, 0.000, 0.000, 0.000, 0.000
12.060, 0.786, -0.578, 0.000, 1.000, 1.000, 1.000, 1.000, 1.000, 1.000, 0.000, 0.000, 0.000, 0.000, 0.000, 0.000, 0.000
12.080, 0.786, -0.578, 0.000, 1.000, 1.000, 1.000, 1.000, 1.000, 1.000, 0.000, 0.000, 0.000, 0.000, 0.000, 0.000, 0.000
12.100, 0.786, -0.578, 0.000, 1.000, 1.000, 1.000, 1.000, 1.000, 1.000, 0.000, 0.000, 0.000, 0.000, 0.000, 0.000, 0.000
12.120, 0.786, -0.578, 0.000, 1.000, 1.000, 1.000, 1.000, 1.000, 1.000, 0.000, 0.000, 0.000, 0.000, 0.000, 0.000, 0.000
12.140, 0.786, -0.578, 0.000, 1.000, 1.000, 1.000, 1.000, 1.000, 1.000, 0.000, 0.000, 0.000, 0.000, 0.000, 0.000, 0.000
12.160, 0.786, -0.578, 0.000, 1.000, 1.000, 1.000, 1.000, 1.000, 1.000, 0.000, 0.000, 0.000, 0.000, 0.000, 0.000, 0.000
12.180, 0.786, -0.578, 0.000, 1.000, 1.000, 1.000, 1.000, 1.000, 1.000, 0.000, 0.000, 0.000, 0.000, 0.000, 0.000, 0.000
12.200, 0.786, -0.578, 0.000, 1.000, 1.000, 1.000, 1.000, 1.000, 1.000, 0.000, 0.000, 0.000, 0.000, 0.000, 0.000, 0.000
12.220, 0.786, -0.578, 0.000, 1.000, 1.000, 1.000, 1.000, 1.000, 1.000, 0.000, 0.000, 0.000, 0.000, 0.000, 0.000, 0.000
12.240, 0.786, -0.578, 0.000, 1.000, 1.000, 1.000, 1.000, 1.000, 1.000, 0.000, 0.000, 0.000, 0.000, 0.000, 0.000, 0.000
12.260, 0.786, -0.578, 0.000, 1.000, 1.000, 1.000, 1.000, 1.000, 1.000, 0.000, 0.000, 0.000, 0.000, 0.000, 0.000, 0.000
12.280, 0.786, -0.578, 0.000, 1.000, 1.000, 1.000, 1.000, 1.000, 1.000, 0.000, 0.000, 0.000, 0.000, 0.000, 0.000, 0.000
12.300, 0.786, -0.578, 0.000, 1.000, 1.000, 1.000, 1.000, 1.000, 1.000, 0.000, 0.000, 0.000, 0.000, 0.000, 0.000, 0.000
12.320, 0.786, -0.578, 0.000, 1.000, 1.000, 1.000, 1.000, 1.000, 1.000, 0.000, 0.000, 0.000, 0.000, 0.000, 0.000, 0.000
12.340, 0.786, -0.578, 0.000, 1.000, 1.000, 1.000, 1.000, 1.000, 1.000, 0.000, 0.000, 0.000, 0.000, 0.000, 0.000, 0.000
12.360, 0.786, -0.578, 0.000, 1.000, 1.000, 1.000, 1.000, 1.000, 1.000, 0.000, 0.000, 0.000, 0.000, 0.000, 0.000, 0.000
12.380, 0.786, -0.578, 0.000, 1.000, 1.000, 1.000, 1.000, 1.000, 1.000, 0.000, 0.000, 0.000, 0.000, 0.000, 0.000, 0.000
12.400, 0.786, -0.578, 0.000, 1.000, 1.000, 1.000, 1.000, 1.000, 1.000, 0.000, 0.000, 0.000, 0.000, 0.000, 0.000, 0.000
12.420, 0.786, -0.578, 0.000, 1.000, 1.000, 1.000, 1.000, 1.000, 1.000, 0.000, 0.000, 0.000, 0.000, 0.000, 0.000, 0.000
12.440, 0.786, -0.578, 0.000, 1.000, 1.000, 1.000, 1.000, 1.000, 1.000, 0.000, 0.000, 0.000, 0.000, 0.000, 0.000, 0.000
12.460, 0.786, -0.578, 0.000, 1.000, 1.000, 1.000, 1.000, 1.000, 1.000, 0.000, 0.000, 0.000, 0.000, 0.000, 0.000, 0.000
12.480, 0.786, -0.578, 0.000, 1.000, 1.000, 1.000, 1.000, 1.000, 1.000, 0.000, 0.000, 0.000, 0.000, 0.000, 0.000, 0.000
12.500, 0.786, -0.578, 0.000, 1.000, 1.000, 1.000, 1.000, 1.000, 1.000, 0.000, 0.000, 0.000, 0.000, 0.000, 0.000, 0.000
12.520, 0.786, -0.578, 0.000, 1.000, 1.000, 1.000, 1.000, 1.000, 1.000, 0.000, 0.000, 0.000, 0.000, 0.000, 0.000, 0.000
12.540, 0.786, -0.578, 0.000, 1.000, 1.000, 1.000, 1.000, 1.000, 1.000, 0.000, 0.000, 0.000, 0.000, 0.000, 0.000, 0.000
12.560, 0.786, -0.578, 0.000, 1.000, 1.000, 1.000, 1.000, 1.000, 1.000, 0.000, 0.000, 0.000, 0.000, 0.000, 0.000, 0.000
12.580, 0.786, -0.578, 0.000, 1.000, 1.000, 1.000, 1.000, 1.000, 1.000, 0.000, 0.000, 0.000, 0.000, 0.000, 0.000, 0.000
12.600, 0.786, -0.578, 0.000, 1.000, 1.000, 1.000, 1.000, 1.000, 1.000, 0.000, 0.000, 0.000, 0.000, 0.000, 0.000, 0.000
12.620, 0.786, -0.578, 0.000, 1.000, 1.000, 1.000, 1.000, 1.000, 1.000, 0.000, 0.000, 0.000, 0.000, 0.000, 0.000, 0.000
12.640, 0.786, -0.578, 0.000, 1.000, 1.000, 1.000, 1.000, 1.000, 1.000, 0.000, 0.000, 0.000, 0.000, 0.000, 0.000, 0.000
12.660, 0.786, -0.578, 0.000, 1.000, 1.000, 1.000, 1.000, 1.000, 1.000, 0.000, 0.000, 0.000, 0.000, 0.000, 0.000, 0.000
12.680, 0.786, -0.578, 0.000, 1.000, 1.000, 1.000, 1.000, 1.000, 1.000, 0.000, 0.000, 0.000, 0.000, 0.000, 0.000, 0.000
12.700, 0.786, -0.578, 0.000, 1.000, 1.000, 1.000, 1.000, 1.000, 1.000, 0.000, 0.000, 0.000, 0.000, 0.000, 0.000, 0.000
12.720, 0.786, -0.578, 0.000, 1.000, 1.000, 1.000, 1.000, 1.000, 1.000, 0.000, 0.000, 0.000, 0.000, 0.000, 0.000, 0.000
12.740, 0.786, -0.578, 0.000, 1.000, 1.000, 1.000, 1.000, 1.000, 1.000, 0.000, 0.000, 0.000, 0.000, 0.000, 0.000, 0.000
12.760, 0.786, -0.578, 0.000, 1.000, 1.000, 1.000, 1.000, 1.000, 1.000, 0.000, 0.000, 0.000, 0.000, 0.000, 0.000, 0.000
12.780, 0.786, -0.578, 0.000, 1.000, 1.000, 1.000, 1.000, 1.000, 1.000, 0.000, 0.000, 0.000, 0.000, 0.000, 0.000, 0.000
12.800, 0.786, -0.578, 0.000, 1.000, 1.000, 1.000, 1.000, 1.000, 1.000, 0.000, 0.000, 0.000, 0.000, 0.000, 0.000, 0.000
12.820, 0.786, -0.578, 0.000, 0.664, 1.000, 1.000, 1.000, 1.000, 1.000, 0.000, 0.000, 0.000, 0.000, 0.000, 0.000, 0.000
12.840, 0.786, -0.578, 0.000, 1.000, 1.000, 1.000, 1.000, 1.000, 1.000, 0.000, 0.000, 0.000, 0.000, 0.000, 0.000, 0.000
12.860, 0.786, -0.578, 0.000, 1.000, 1.000, 1.000, 1.000, 1.000, 1.000, 0.000, 0.000, 0.000, 0.000, 0.000, 0.000, 0.000
12.880, 0.786, -0.578, 0.000, 1.000, 1.000, 1.000, 1.000, 1.000, 1.000, 0.000, 0.000, 0.000, 0.000, 0.000, 0.000, 0.000
12.900, 0.786, -0.578, 0.000, 1.000, 1.000, 1.000, 1.000, 1.000, 1.000, 0.000, 0.000, 0.000, 0.000, 0.000, 0.000, 0.000
12.920, 0.786, -0.578, 0.000, 1.000, 1.000, 1.000, 1.000, 1.000, 1.000, 0.000, 0.000, 0.000, 0.000, 0.000, 0.000, 0.000
12.940, 0.786, -0.578, 0.000, 1.000, 1.000, 1.000, 1.000, 1.000, 1.000, 0.000, 0.000, 0.000, 0.000, 0.000, 0.000, 0.000
12.960, 0.786, -0.578, 0.000, 1.000, 1.000, 1.000, 1.000, 1.000, 1.000, 0.000, 0.000, 0.000, 0.000, 0.000, 0.000, 0.000
12.980, 0.786, -0.578, 0.000, 1.000, 1.000, 1.000, 1.000, 1.000, 1.000, 0.000, 0.000, 0.000, 0.000, 0.000, 0.000, 0.000
13.000, 0.786, -0.578, 0.000, 1.000, 1.000, 1.000, 1.000, 1.000, 1.000, 0.000, 0.000, 0.000, 0.000, 0.000, 0.000, 0.000
13.020, 0.786, -0.578, 0.000, 1.000, 1.000, 1.000, 1.000, 1.000, 1.000, 0.000, 0.000, 0.000, 0.000, 0.000, 0.000, 0.000
13.040, 0.786, -0.578, 0.000, 1.000, 1.000, 1.000, 1.000, 1.000, 1.000, 0.000, 0.000, 0.000, 0.000, 0.000, 0.000, 0.000
13.060, 0.786, -0.578, 0.000, 1.000, 1.000, 1.000, 1.000, 1.000, 1.000, 0.000, 0.000, 0.000, 0.000, 0.000, 0.000, 0.000
13.080, 0.786, -0.578, 0.000, 1.000, 1.000, 1.000, 1.000, 1.000, 1.000, 0.000, 0.000, 0.000, 0.000, 0.000, 0.000, 0.000
13.100, 0.786, -0.578, 0.000, 1.000, 1.000, 1.000, 1.000, 1.000, 1.000, 0.000, 0.000, 0.000, 0.000, 0.000, 0.000, 0.000
13.120, 0.786, -0.578, 0.000, 1.000, 1.000, 1.000, 1.000, 1.000, 1.000, 0.000, 0.000, 0.000, 0.000, 0.000, 0.000, 0.000
13.140, 0.786, -0.578, 0.000, 1.000, 1.000, 1.000, 1.000, 1.000, 1.000, 0.000, 0.000, 0.000, 0.000, 0.000, 0.000, 0.000
13.160, 0.786, -0.578, 0.000, 1.000, 1.000, 1.000, 1.000, 1.000, 1.000, 0.000, 0.000, 0.000, 0.000, 0.000, 0.000, 0.000
13.180, 0.786, -0.578, 0.000, 1.000, 1.000, 1.000, 1.000, 1.000, 1.000, 0.000, 0.000, 0.000, 0.000, 0.000, 0.000, 0.000
13.200, 0.786, -0.578, 0.000, 1.000, 1.000, 1.000, 1.000, 1.000, 1.000, 0.000, 0.000, 0.000, 0.000, 0.000, 0.000, 0.000
13.220, 0.786, -0.578, 0.000, 1.000, 1.000, 1.000, 1.000, 1.000, 1.000, 0.000, 0.000, 0.000, 0.000, 0.000, 0.000, 0.000
13.240, 0.786, -0.578, 0.000, 1.000, 1.000, 1.000, 1.000, 1.000, 1.000, 0.000, 0.000, 0.000, 0.000, 0.000, 0.000, 0.000
13.260, 0.786, -0.578, 0.000, 1.000, 1.000, 1.000, 1.000, 1.000, 1.000, 0.000, 0.000, 0.000, 0.000, 0.000, 0.000, 0.000
13.280, 0.786, -0.578, 0.000, 1.000, 1.000, 1.000, 1.000, 1.000, 1.000, 0.000, 0.000, 0.000, 0.000, 0.000, 0.000, 0.000
13.300, 0.786, -0.578, 0.000, 1.000, 1.000, 1.000, 1.000, 1.000, 1.000, 0.000, 0.000, 0.000, 0.000, 0.000, 0.000, 0.000
13.320, 0.786, -0.578, 0.000, 1.000, 1.000, 1.000, 1.000, 1.000, 1.000, 0.000, 0.000, 0.000, 0.000, 0.000, 0.000, 0.000
13.340, 0.786, -0.578, 0.000, 1.000, 1.000, 1.000, 1.000, 1.000, 1.000, 0.000, 0.000, 0.000, 0.000, 0.000, 0.000, 0.000
13.360, 0.786, -0.578, 0.000, 1.000, 1.000, 1.000, 1.000, 1.000, 1.000, 0.000, 0.000, 0.000, 0.000, 0.000, 0.000, 0.000
13.380, 0.786, -0.578, 0.000, 1.000, 1.000, 1.000, 1.000, 1.000, 1.000, 0.000, 0.000, 0.000, 0.000, 0.000, 0.000, 0.000
13.400, 0.786, -0.578, 0.000, 1.000, 1.000, 1.000, 1.000, 1.000, 1.000, 0.000, 0.000, 0.000, 0.000, 0.000, 0.000, 0.000
13.420, 0.786, -0.578, 0.000, 1.000, 1.000, 1.000, 1.000, 1.000, 1.000, 0.000, 0.000, 0.000, 0.000, 0.000, 0.000, 0.000
13.440, 0.786, -0.578, 0.000, 1.000, 1.000, 1.000, 1.000, 1.000, 1.000, 0.000, 0.000, 0.000, 0.000, 0.000, 0.000, 0.000
13.460, 0.786, -0.578, 0.000, 1.000, 1.000, 1.000, 1.000, 1.000, 1.000, 0.000, 0.000, 0.000, 0.000, 0.000, 0.000, 0.000
13.480, 0.786, -0.578, 0.000, 1.000, 1.000, 1.000, 1.000, 1.000, 1.000, 0.000, 0.000, 0.000, 0.000, 0.000, 0.000, 0.000
13.500, 0.786, -0.578, 0.000, 1.000, 1.000, 1.000, 1.000, 1.000, 1.000, 0.000, 0.000, 0.000, 0.000, 0.000, 0.000, 0.000
13.520, 0.786, -0.578, 0.000, 1.000, 1.000, 1.000, 1.000, 1.000, 1.000, 0.000, 0.000, 0.000, 0.000, 0.000, 0.000, 0.000
13.540, 0.786, -0.578, 0.000, 1.000, 1.000, 1.000, 1.000, 1.000, 1.000, 0.000, 0.000, 0.000, 0.000, 0.000, 0.000, 0.000
13.560, 0.786, -0.578, 0.000, 1.000, 1.000, 1.000, 1.000, 1.000, 1.000, 0.000, 0.000, 0.000, 0.000, 0.000, 0.000, 0.000
13.580, 0.786, -0.578, 0.000, 1.000, 1.000, 1.000, 1.000, 1.000, 1.000, 0.000, 0.000, 0.000, 0.000, 0.000, 0.000, 0.000
13.600, 0.786, -0.578, 0.000, 1.000, 1.000, 1.000, 1.000, 1.000, 1.000, 0.000, 0.000, 0.000, 0.000, 0.000, 0.000, 0.000
13.620, 0.786, -0.578, 0.000, 1.000, 1.000, 1.000, 1.000, 1.000, 1.000, 0.000, 0.000, 0.000, 0.000, 0.000, 0.000, 0.000
13.640, 0.786, -0.578, 0.000, 1.000, 1.000, 1.000, 1.000, 1.000, 1.000, 0.000, 0.000, 0.000, 0.000, 0.000, 0.000, 0.000
13.660, 0.786, -0.578, 0.000, 1.000, 1.000, 1.000, 1.000, 1.000, 1.000, 0.000, 0.000, 0.000, 0.000, 0.000, 0.000, 0.000
13.680, 0.786, -0.578, 0.000, 1.000, 1.000, 1.000, 1.000, 1.000, 1.000, 0.000, 0.000, 0.000, 0.000, 0.000, 0.000, 0.000
13.700, 0.786, -0.578, 0.000, 1.000, 1.000, 1.000, 1.000, 1.000, 1.000, 0.000, 0.000, 0.000, 0.000, 0.000, 0.000, 0.000
13.720, 0.786, -0.578, 0.000, 1.000, 1.000, 1.000, 1.000, 1.000, 1.000, 0.000, 0.000, 0.000, 0.000, 0.000, 0.000, 0.000
13.740, 0.786, -0.578, 0.000, 1.000, 1.000, 1.000, 1.000, 1.000, 1.000, 0.000, 0.000, 0.000, 0.000, 0.000, 0.000, 0.000
13.760, 0.786, -0.578, 0.000, 1.000, 1.000, 1.000, 1.000, 1.000, 1.000, 0.000, 0.000, 0.000, 0.000, 0.000, 0.000, 0.000
13.780, 0.786, -0.578, 0.000, 1.000, 1.000, 1.000, 1.000, 1.000, 1.000, 0.000, 0.000, 0.000, 0.000, 0.000, 0.000, 0.000
13.800, 0.786, -0.578, 0.000, 1.000, 1.000, 1.000, 1.000, 1.000, 1.000, 0.000, 0.000, 0.000, 0.000, 0.000, 0.000, 0.000
13.820, 0.786, -0.578, 0.000, 1.000, 1.000, 1.000, 1.000, 1.000, 1.000, 0.000, 0.000, 0.000, 0.000, 0.000, 0.000, 0.000
13.840, 0.786, -0.578, 0.000, 1.000, 1.000, 1.000, 1.000, 1.000, 1.000, 0.000, 0.000, 0.000, 0.000, 0.000, 0.000, 0.000
13.860, 0.786, -0.578, 0.000, 1.000, 1.000, 1.000, 1.000, 1.000, 1.000, 0.000, 0.000, 0.000, 0.000, 0.000, 0.000, 0.000
13.880, 0.786, -0.578, 0.000, 1.000, 1.000, 1.000, 1.000, 1.000, 1.000, 0.000, 0.000, 0.000, 0.000, 0.000, 0.000, 0.000
13.900, 0.786, -0.578, 0.000, 1.000, 1.000, 1.000, 1.000, 1.000, 1.000, 0.000, 0.000, 0.000, 0.000, 0.000, 0.000, 0.000
13.920, 0.786, -0.578, 0.000, 1.000, 1.000, 1.000, 1.000, 1.000, 1.000, 0.000, 0.000, 0.000, 0.000, 0.000, 0.000, 0.000
13.940, 0.786, -0.578, 0.000, 1.000, 1.000, 1.000, 1.000, 1.000, 1.000, 0.000, 0.000, 0.000, 0.000, 0.000, 0.000, 0.000
13.960, 0.786, -0.578, 0.000, 1.000, 1.000, 1.000, 1.000, 1.000, 1.000, 0.000, 0.000, 0.000, 0.000, 0.000, 0.000, 0.000
13.980, 0.786, -0.578, 0.000, 1.000, 1.000, 1.000, 1.000, 1.000, 1.000, 0.000, 0.000, 0.000, 0.000, 0.000, 0.000, 0.000
14.000, 0.786, -0.578, 0.000, 1.000, 1.000, 1.000, 1.000, 1.000, 1.000, 0.000, 0.000, 0.000, 0.000, 0.000, 0.000, 0.000
14.020, 0.786, -0.578, 0.000, 1.000, 1.000, 1.000, 1.000, 1.000, 1.000, 0.000, 0.000, 0.000, 0.000, 0.000, 0.000, 0.000
14.040, 0.786, -0.578, 0.000, 1.000, 1.000, 1.000, 1.000, 1.000, 1.000, 0.000, 0.000, 0.000, 0.000, 0.000, 0.000, 0.000
14.060, 0.786, -0.578, 0.000, 1.000, 1.000, 1.000, 1.000, 1.000, 1.000, 0.000, 0.000, 0.000, 0.000, 0.000, 0.000, 0.000
14.080, 0.786, -0.578, 0.000, 1.000, 1.000, 1.000, 1.000, 1.000, 1.000, 0.000, 0.000, 0.000, 0.000, 0.000, 0.000, 0.000
14.100, 0.786, -0.578, 0.000, 1.000, 1.000, 1.000, 1.000, 1.000, 1.000, 0.000, 0.000, 0.000, 0.000, 0.000, 0.000, 0.000
14.120, 0.786, -0.578, 0.000, 1.000, 1.000, 1.000, 1.000, 1.000, 1.000, 0.000, 0.000, 0.000, 0.000, 0.000, 0.000, 0.000
14.140, 0.786, -0.578, 0.000, 1.000, 1.000, 1.000, 1.000, 1.000, 1.000, 0.000, 0.000, 0.000, 0.000, 0.000, 0.000, 0.000
14.160, 0.786, -0.578, 0.000, 1.000, 1.000, 1.000, 1.000, 1.000, 1.000, 0.000, 0.000, 0.000, 0.000, 0.000, 0.000, 0.000
14.180, 0.786, -0.578, 0.000, 1.000, 1.000, 1.000, 1.000, 1.000, 1.000, 0.000, 0.000, 0.000, 0.000, 0.000, 0.000, 0.000
14.200, 0.786, -0.578, 0.000, 1.000, 1.000, 1.000, 1.000, 1.000, 1.000, 0.000, 0.000, 0.000, 0.000, 0.000, 0.000, 0.000
14.220, 0.786, -0.578, 0.000, 1.000, 1.000, 1.000, 1.000, 1.000, 1.000, 0.000, 0.000, 0.000, 0.000, 0.000, 0.000, 0.000
14.240, 0.786, -0.578, 0.000, 1.000, 1.000, 1.000, 1.000, 1.000, 1.000, 0.000, 0.000, 0.000, 0.000, 0.000, 0.000, 0.000
14.260, 0.786, -0.578, 0.000, 1.000, 1.000, 1.000, 1.000, 1.000, 1.000, 0.000, 0.000, 0.000, 0.000, 0.000, 0.000, 0.000
14.280, 0.786, -0.578, 0.000, 1.000, 1.000, 1.000, 1.000, 1.000, 1.000, 0.000, 0.000, 0.000, 0.000, 0.000, 0.000, 0.000
14.300, 0.786, -0.578, 0.000, 1.000, 1.000, 1.000, 0.918, 1.000, 1.000, 0.000, 0.000, 0.000, 0.000, 0.000, 0.000, 0.000
14.320, 0.786, -0.578, 0.000, 1.000, 1.000, 1.000, 1.000, 1.000, 1.000, 0.000, 0.000, 0.000, 0.000, 0.000, 0.000, 0.000
14.340, 0.786, -0.578, 0.000, 1.000, 1.000, 1.000, 1.000, 1.000, 1.000, 0.000, 0.000, 0.000, 0.000, 0.000, 0.000, 0.000
14.360, 0.786, -0.578, 0.000, 1.000, 1.000, 1.000, 1.000, 1.000, 1.000, 0.000, 0.000, 0.000, 0.000, 0.000, 0.000, 0.000
14.380, 0.786, -0.578, 0.000, 1.000, 1.000, 1.000, 1.000, 1.000, 1.000, 0.000, 0.000, 0.000, 0.000, 0.000, 0.000, 0.000
14.400, 0.786, -0.578, 0.000, 1.000, 1.000, 1.000, 1.000, 1.000, 1.000, 0.000, 0.000, 0.000, 0.000, 0.000, 0.000, 0.000
14.420, 0.786, -0.578, 0.000, 1.000, 1.000, 1.000, 1.000, 1.000, 1.000, 0.000, 0.000, 0.000, 0.000, 0.000, 0.000, 0.000
14.440, 0.786, -0.578, 0.000, 1.000, 1.000, 1.000, 1.000, 1.000, 1.000, 0.000, 0.000, 0.000, 0.000, 0.000, 0.000, 0.000
14.460, 0.786, -0.578, 0.000, 1.000, 1.000, 1.000, 1.000, 1.000, 1.000, 0.000, 0.000, 0.000, 0.000, 0.000, 0.000, 0.000
14.480, 0.786, -0.578, 0.000, 1.000, 1.000, 1.000, 1.000, 1.000, 1.000, 0.000, 0.000, 0.000, 0.000, 0.000, 0.000, 0.000
14.500, 0.786, -0.578, 0.000, 1.000, 1.000, 1.000, 1.000, 1.000, 1.000, 0.000, 0.000, 0.000, 0.000, 0.000, 0.000, 0.000
14.520, 0.786, -0.578, 0.000, 1.000, 1.000, 1.000, 1.000, 1.000, 1.000, 0.000, 0.000, 0.000, 0.000, 0.000, 0.000, 0.000
14.540, 0.786, -0.578, 0.000, 1.000, 1.000, 1.000, 1.000, 1.000, 1.000, 0.000, 0.000, 0.000, 0.000, 0.000, 0.000, 0.000
14.560, 0.786, -0.578, 0.000, 1.000, 1.000, 1.000, 1.000, 1.000, 1.000, 0.000, 0.000, 0.000, 0.000, 0.000, 0.000, 0.000
14.580, 0.786, -0.578, 0.000, 1.000, 1.000, 1.000, 1.000, 1.000, 1.000, 0.000, 0.000, 0.000, 0.000, 0.000, 0.000, 0.000
14.600, 0.786, -0.578, 0.000, 1.000, 1.000, 1.000, 1.000, 1.000, 1.000, 0.000, 0.000, 0.000, 0.000, 0.000, 0.000, 0.000
14.620, 0.786, -0.578, 0.000, 1.000, 1.000, 1.000, 1.000, 1.000, 1.000, 0.000, 0.000, 0.000, 0.000, 0.000, 0.000, 0.000
14.640, 0.786, -0.578, 0.000, 1.000, 1.000, 1.000, 1.000, 1.000, 1.000, 0.000, 0.000, 0.000, 0.000, 0.000, 0.000, 0.000
14.660, 0.786, -0.578, 0.000, 1.000, 1.000, 1.000, 1.000, 1.000, 1.000, 0.000, 0.000, 0.000, 0.000, 0.000, 0.000, 0.000
14.680, 0.786, -0.578, 0.000, 1.000, 1.000, 1.000, 1.000, 1.000, 1.000, 0.000, 0.000, 0.000, 0.000, 0.000, 0.000, 0.000
14.700, 0.786, -0.578, 0.000, 1.000, 1.000, 1.000, 1.000, 1.000, 1.000, 0.000, 0.000, 0.000, 0.000, 0.000, 0.000, 0.000
14.720, 0.786, -0.578, 0.000, 1.000, 1.000, 1.000, 1.000, 1.000, 1.000, 0.000, 0.000, 0.000, 0.000, 0.000, 0.000, 0.000
14.740, 0.786, -0.578, 0.000, 1.000, 1.000, 1.000, 1.000, 1.000, 1.000, 0.000, 0.000, 0.000, 0.000, 0.000, 0.000, 0.000
14.760, 0.786, -0.578, 0.000, 1.000, 1.000, 1.000, 1.000, 1.000, 1.000, 0.000, 0.000, 0.000, 0.000, 0.000, 0.000, 0.000
14.780, 0.786, -0.578, 0.000, 1.000, 1.000, 1.000, 1.000, 1.000, 1.000, 0.000, 0.000, 0.000, 0.000, 0.000, 0.000, 0.000
14.800, 0.786, -0.578, 0.000, 1.000, 1.000, 1.000, 1.000, 1.000, 1.000, 0.000, 0.000, 0.000, 0.000, 0.000, 0.000, 0.000
14.820, 0.786, -0.578, 0.000, 1.000, 1.000, 1.000, 1.000, 1.000, 1.000, 0.000, 0.000, 0.000, 0.000, 0.000, 0.000, 0.000
14.840, 0.786, -0.578, 0.000, 1.000, 1.000, 1.000, 1.000, 1.000, 1.000, 0.000, 0.000, 0.000, 0.000, 0.000, 0.000, 0.000
14.860, 0.786, -0.578, 0.000, 1.000, 1.000, 1.000, 1.000, 1.000, 1.000, 0.000, 0.000, 0.000, 0.000, 0.000, 0.000, 0.000
14.880, 0.786, -0.578, 0.000, 1.000, 1.000, 1.000, 1.000, 1.000, 1.000, 0.000, 0.000, 0.000, 0.000, 0.000, 0.000, 0.000
14.900, 0.786, -0.578, 0.000, 1.000, 1.000, 1.000, 1.000, 1.000, 1.000, 0.000, 0.000, 0.000, 0.000, 0.000, 0.000, 0.000
14.920, 0.786, -0.578, 0.000, 0.000, 1.000, 1.000, 1.000, 1.000, 1.000, 0.000, 0.000, 0.000, 0.000, 0.000, 0.000, 0.000
14.940, 0.786, -0.578, 0.000, 1.000, 1.000, 1.000, 1.000, 1.000, 1.000, 0.000, 0.000, 0.000, 0.000, 0.000, 0.000, 0.000
14.960, 0.786, -0.578, 0.000, 1.000, 1.000, 1.000, 1.000, 1.000, 1.000, 0.000, 0.000, 0.000, 0.000, 0.000, 0.000, 0.000
14.980, 0.786, -0.578, 0.000, 1.000, 1.000, 1.000, 1.000, 1.000, 1.000, 0.000, 0.000, 0.000, 0.000, 0.000, 0.000, 0.000
15.000, 0.786, -0.578, 0.000, 1.000, 1.000, 1.000, 1.000, 1.000, 1.000, 0.000, 0.000, 0.000, 0.000, 0.000, 0.000, 0.000
15.020, 0.786, -0.578, 0.000, 1.000, 1.000, 1.000, 1.000, 1.000, 1.000, 0.000, 0.000, 0.000, 0.000, 0.000, 0.000, 0.000
15.040, 0.786, -0.578, 0.000, 1.000, 1.000, 1.000, 1.000, 1.000, 1.000, 0.000, 0.000, 0.000, 0.000, 0.000, 0.000, 0.000
15.060, 0.786, -0.578, 0.000, 1.000, 1.000, 1.000, 1.000, 1.000, 1.000, 0.000, 0.000, 0.000, 0.000, 0.000, 0.000, 0.000
15.080, 0.786, -0.578, 0.000, 1.000, 1.000, 1.000, 1.000, 1.000, 1.000, 0.000, 0.000, 0.000, 0.000, 0.000, 0.000, 0.000
15.100, 0.786, -0.578, 0.000, 1.000, 1.000, 1.000, 1.000, 1.000, 1.000, 0.000, 0.000, 0.000, 0.000, 0.000, 0.000, 0.000
15.120, 0.786, -0.578, 0.000, 1.000, 1.000, 1.000, 1.000, 1.000, 1.000, 0.000, 0.000, 0.000, 0.000, 0.000, 0.000, 0.000
15.140, 0.786, -0.578, 0.000, 1.000, 1.000, 1.000, 1.000, 1.000, 1.000, 0.000, 0.000, 0.000, 0.000, 0.000, 0.000, 0.000
15.160, 0.786, -0.578, 0.000, 1.000, 1.000, 1.000, 1.000, 1.000, 1.000, 0.000, 0.000, 0.000, 0.000, 0.000, 0.000, 0.000
15.180, 0.786, -0.578, 0.000, 1.000, 1.000, 1.000, 1.000, 1.000, 1.000, 0.000, 0.000, 0.000, 0.000, 0.000, 0.000, 0.000
15.200, 0.786, -0.578, 0.000, 1.000, 1.000, 1.000, 1.000, 1.000, 1.000, 0.000, 0.000, 0.000, 0.000, 0.000, 0.000, 0.000
15.220, 0.786, -0.578, 0.000, 1.000, 1.000, 1.000, 1.000, 1.000, 1.000, 0.000, 0.000, 0.000, 0.000, 0.000, 0.000, 0.000
15.240, 0.786, -0.578, 0.000, 1.000, 1.000, 1.000, 1.000, 1.000, 1.000, 0.000, 0.000, 0.000, 0.000, 0.000, 0.000, 0.000
15.260, 0.786, -0.578, 0.000, 1.000, 1.000, 1.000, 1.000, 1.000, 1.000, 0.000, 0.000, 0.000, 0.000, 0.000, 0.000, 0.000
15.280, 0.786, -0.578, 0.000, 1.000, 1.000, 1.000, 1.000, 1.000, 1.000, 0.000, 0.000, 0.000, 0.000, 0.000, 0.000, 0.000
15.300, 0.786, -0.578, 0.000, 1.000, 1.000, 1.000, 1.000, 1.000, 1.000, 0.000, 0.000, 0.000, 0.000, 0.000, 0.000, 0.000
15.320, 0.786, -0.578, 0.000, 1.000, 1.000, 1.000, 1.000, 1.000, 1.000, 0.000, 0.000, 0.000, 0.000, 0.000, 0.000, 0.000
15.340, 0.786, -0.578, 0.000, 1.000, 1.000, 1.000, 1.000, 1.000, 1.000, 0.000, 0.000, 0.000, 0.000, 0.000, 0.000, 0.000
15.360, 0.786, -0.578, 0.000, 1.000, 1.000, 1.000, 1.000, 1.000, 1.000, 0.000, 0.000, 0.000, 0.000, 0.000, 0.000, 0.000
15.380, 0.786, -0.578, 0.000, 1.000, 1.000, 1.000, 1.000, 1.000, 1.000, 0.000, 0.000, 0.000, 0.000, 0.000, 0.000, 0.000
15.400, 0.786, -0.578, 0.000, 1.000, 1.000, 1.000, 1.000, 1.000, 1.000, 0.000, 0.000, 0.000, 0.000, 0.000, 0.000, 0.000
15.420, 0.786, -0.578, 0.000, 1.000, 1.000, 1.000, 1.000, 1.000, 1.000, 0.000, 0.000, 0.000, 0.000, 0.000, 0.000, 0.000
15.440, 0.786, -0.578, 0.000, 1.000, 1.000, 1.000, 1.000, 1.000, 1.000, 0.000, 0.000, 0.000, 0.000, 0.000, 0.000, 0.000
15.460, 0.786, -0.578, 0.000, 1.000, 1.000, 1.000, 1.000, 1.000, 1.000, 0.000, 0.000, 0.000, 0.000, 0.000, 0.000, 0.000
15.480, 0.786, -0.578, 0.000, 1.000, 1.000, 1.000, 1.000, 1.000, 1.000, 0.000, 0.000, 0.000, 0.000, 0.000, 0.000, 0.000
15.500, 0.786, -0.578, 0.000, 1.000, 1.000, 1.000, 1.000, 1.000, 1.000, 0.000, 0.000, 0.000, 0.000, 0.000, 0.000, 0.000
15.520, 0.786, -0.578, 0.000, 1.000, 1.000, 1.000, 1.000, 1.000, 1.000, 0.000, 0.000, 0.000, 0.000, 0.000, 0.000, 0.000
15.540, 0.786, -0.578, 0.000, 1.000, 1.000, 1.000, 1.000, 1.000, 1.000, 0.000, 0.000, 0.000, 0.000, 0.000, 0.000, 0.000
15.560, 0.786, -0.578, 0.000, 1.000, 1.000, 1.000, 1.000, 1.000, 1.000, 0.000, 0.000, 0.000, 0.000, 0.000, 0.000, 0.000
15.580, 0.786, -0.578, 0.000, 1.000, 1.000, 1.000, 1.000, 1.000, 1.000, 0.000, 0.000, 0.000, 0.000, 0.000, 0.000, 0.000
15.600, 0.786, -0.578, 0.000, 1.000, 1.000, 1.000, 1.000, 1.000, 1.000, 0.000, 0.000, 0.000, 0.000, 0.000, 0.000, 0.000
15.620, 0.786, -0.578, 0.000, 1.000, 1.000, 1.000, 1.000, 1.000, 1.000, 0.000, 0.000, 0.000, 0.000, 0.000, 0.000, 0.000
15.640, 0.786, -0.578, 0.000, 1.000, 1.000, 1.000, 1.000, 1.000, 1.000, 0.000, 0.000, 0.000, 0.000, 0.000, 0.000, 0.000
15.660, 0.786, -0.578, 0.000, 1.000, 1.000, 1.000, 1.000, 1.000, 1.000, 0.000, 0.000, 0.000, 0.000, 0.000, 0.000, 0.000
15.680, 0.786, -0.578, 0.000, 1.000, 1.000, 1.000, 1.000, 1.000, 1.000, 0.000, 0.000, 0.000, 0.000, 0.000, 0.000, 0.000
15.700, 0.786, -0.578, 0.000, 1.000, 1.000, 1.000, 1.000, 1.000, 1.000, 0.000, 0.000, 0.000, 0.000, 0.000, 0.000, 0.000
15.720, 0.786, -0.578, 0.000, 1.000, 1.000, 1.000, 1.000, 1.000, 1.000, 0.000, 0.000, 0.000, 0.000, 0.000, 0.000, 0.000
15.740, 0.786, -0.578, 0.000, 1.000, 1.000, 1.000, 1.000, 1.000, 1.000, 0.000, 0.000, 0.000, 0.000, 0.000, 0.000, 0.000
15.760, 0.786, -0.578, 0.000, 1.000, 1.000, 1.000, 1.000, 1.000, 1.000, 0.000, 0.000, 0.000, 0.000, 0.000, 0.000, 0.000
15.780, 0.786, -0.578, 0.000, 1.000, 1.000, 1.000, 1.000, 1.000, 1.000, 0.000, 0.000, 0.000, 0.000, 0.000, 0.000, 0.000
15.800, 0.786, -0.578, 0.000, 1.000, 1.000, 1.000, 1.000, 1.000, 1.000, 0.000, 0.000, 0.000, 0.000, 0.000, 0.000, 0.000
15.820, 0.786, -0.578, 0.000, 1.000, 1.000, 1.000, 1.000, 1.000, 1.000, 0.000, 0.000, 0.000, 0.000, 0.000, 0.000, 0.000
15.840, 0.786, -0.578, 0.000, 1.000, 1.000, 1.000, 1.000, 1.000, 1.000, 0.000, 0.000, 0.000, 0.000, 0.000, 0.000, 0.000
15.860, 0.786, -0.578, 0.000, 1.000, 1.000, 1.000, 1.000, 1.000, 1.000, 0.000, 0.000, 0.000, 0.000, 0.000, 0.000, 0.000
15.880, 0.786, -0.578, 0.000, 1.000, 1.000, 1.000, 1.000, 1.000, 1.000, 0.000, 0.000, 0.000, 0.000, 0.000, 0.000, 0.000
15.900, 0.786, -0.578, 0.000, 1.000, 1.000, 1.000, 1.000, 1.000, 1.000, 0.000, 0.000, 0.000, 0.000, 0.000, 0.000, 0.000
15.920, 0.786, -0.578, 0.000, 1.000, 1.000, 1.000, 1.000, 1.000, 1.000, 0.000, 0.000, 0.000, 0.000, 0.000, 0.000, 0.000
15.940, 0.786, -0.578, 0.000, 1.000, 1.000, 1.000, 1.000, 1.000, 1.000, 0.000, 0.000, 0.000, 0.000, 0.000, 0.000, 0.000
15.960, 0.786, -0.578, 0.000, 1.000, 1.000, 1.000, 1.000, 1.000, 1.000, 0.000, 0.000, 0.000, 0.000, 0.000, 0.000, 0.000
15.980, 0.786, -0.578, 0.000, 1.000, 1.000, 1.000, 1.000, 1.000, 1.000, 0.000, 0.000, 0.000, 0.000, 0.000, 0.000, 0.000
16.000, 0.786, -0.578, 0.000, 1.000, 1.000, 1.000, 1.000, 1.000, 1.000, 0.000, 0.000, 0.000, 0.000, 0.000, 0.000, 0.000
16.020, 0.786, -0.578, 0.000, 1.000, 1.000, 1.000, 1.000, 1.000, 1.000, 0.000, 0.000, 0.000, 0.000, 0.000, 0.000, 0.000
16.040, 0.786, -0.578, 0.000, 1.000, 1.000, 1.000, 1.000, 1.000, 1.000, 0.000, 0.000, 0.000, 0.000, 0.000, 0.000, 0.000
16.060, 0.786, -0.578, 0.000, 1.000, 1.000, 1.000, 1.000, 1.000, 1.000, 0.000, 0.000, 0.000, 0.000, 0.000, 0.000, 0.000
16.080, 0.786, -0.578, 0.000, 1.000, 1.000, 1.000, 1.000, 1.000, 1.000, 0.000, 0.000, 0.000, 0.000, 0.000, 0.000, 0.000
16.100, 0.786, -0.578, 0.000, 1.000, 1.000, 1.000, 1.000, 1.000, 1.000, 0.000, 0.000, 0.000, 0.000, 0.000, 0.000, 0.000
16.120, 0.786, -0.578, 0.000, 1.000, 1.000, 1.000, 1.000, 1.000, 1.000, 0.000, 0.000, 0.000, 0.000, 0.000, 0.000, 0.000
16.140, 0.786, -0.578, 0.000, 1.000, 1.000, 1.000, 1.000, 1.000, 1.000, 0.000, 0.000, 0.000, 0.000, 0.000, 0.000, 0.000
16.160, 0.786, -0.578, 0.000, 1.000, 1.000, 1.000, 1.000, 1.000, 1.000, 0.000, 0.000, 0.000, 0.000, 0.000, 0.000, 0.000
16.180, 0.786, -0.578, 0.000, 1.000, 1.000, 1.000, 1.000, 1.000, 1.000, 0.000, 0.000, 0.000, 0.000, 0.000, 0.000, 0.000
16.200, 0.786, -0.578, 0.000, 1.000, 1.000, 1.000, 1.000, 1.000, 1.000, 0.000, 0.000, 0.000, 0.000, 0.000, 0.000, 0.000
16.220, 0.786, -0.578, 0.000, 1.000, 1.000, 1.000, 1.000, 1.000, 1.000, 0.000, 0.000, 0.000, 0.000, 0.000, 0.000, 0.000
16.240, 0.786, -0.578, 0.000, 1.000, 1.000, 1.000, 1.000, 1.000, 1.000, 0.000, 0.000, 0.000, 0.000, 0.000, 0.000, 0.000
16.260, 0.786, -0.578, 0.000, 1.000, 1.000, 1.000, 1.000, 1.000, 1.000, 0.000, 0.000, 0.000, 0.000, 0.000, 0.000, 0.000
16.280, 0.786, -0.578, 0.000, 1.000, 1.000, 1.000, 1.000, 1.000, 1.000, 0.000, 0.000, 0.000, 0.000, 0.000, 0.000, 0.000
16.300, 0.786, -0.578, 0.000, 1.000, 1.000, 1.000, 1.000, 1.000, 1.000, 0.000, 0.000, 0.000, 0.000, 0.000, 0.000, 0.000
16.320, 0.786, -0.578, 0.000, 1.000, 1.000, 1.000, 1.000, 1.000, 1.000, 0.000, 0.000, 0.000, 0.000, 0.000, 0.000, 0.000
16.340, 0.786, -0.578, 0.000, 1.000, 1.000, 1.000, 1.000, 1.000, 1.000, 0.000, 0.000, 0.000, 0.000, 0.000, 0.000, 0.000
16.360, 0.786, -0.578, 0.000, 1.000, 1.000, 1.000, 1.000, 1.000, 1.000, 0.000, 0.000, 0.000, 0.000, 0.000, 0.000, 0.000
16.380, 0.786, -0.578, 0.000, 1.000, 1.000, 1.000, 1.000, 1.000, 1.000, 0.000, 0.000, 0.000, 0.000, 0.000, 0.000, 0.000
16.400, 0.786, -0.578, 0.000, 1.000, 1.000, 1.000, 1.000, 1.000, 1.000, 0.000, 0.000, 0.000, 0.000, 0.000, 0.000, 0.000
16.420, 0.786, -0.578, 0.000, 1.000, 1.000, 1.000, 1.000, 1.000, 1.000, 0.000, 0.000, 0.000, 0.000, 0.000, 0.000, 0.000
16.440, 0.786, -0.578, 0.000, 1.000, 1.000, 1.000, 1.000, 1.000, 1.000, 0.000, 0.000, 0.000, 0.000, 0.000, 0.000, 0.000
16.460, 0.786, -0.578, 0.000, 1.000, 1.000, 1.000, 1.000, 1.000, 1.000, 0.000, 0.000, 0.000, 0.000, 0.000, 0.000, 0.000
16.480, 0.786, -0.578, 0.000, 1.000, 1.000, 1.000, 1.000, 1.000, 1.000, 0.000, 0.000, 0.000, 0.000, 0.000, 0.000, 0.000
16.500, 0.786, -0.578, 0.000, 1.000, 1.000, 1.000, 1.000, 1.000, 1.000, 0.000, 0.000, 0.000, 0.000, 0.000, 0.000, 0.000
16.520, 0.786, -0.578, 0.000, 1.000, 1.000, 1.000, 1.000, 1.000, 1.000, 0.000, 0.000, 0.000, 0.000, 0.000, 0.000, 0.000
16.540, 0.786, -0.578, 0.000, 1.000, 1.000, 1.000, 1.000, 1.000, 1.000, 0.000, 0.000, 0.000, 0.000, 0.000, 0.000, 0.000
16.560, 0.786, -0.578, 0.000, 1.000, 1.000, 1.000, 1.000, 1.000, 1.000, 0.000, 0.000, 0.000, 0.000, 0.000, 0.000, 0.000
16.580, 0.786, -0.578, 0.000, 1.000, 1.000, 1.000, 1.000, 1.000, 1.000, 0.000, 0.000, 0.000, 0.000, 0.000, 0.000, 0.000
16.600, 0.786, -0.578, 0.000, 1.000, 1.000, 1.000, 1.000, 1.000, 1.000, 0.000, 0.000, 0.000, 0.000, 0.000, 0.000, 0.000
16.620, 0.786, -0.578, 0.000, 1.000, 1.000, 1.000, 1.000, 1.000, 1.000, 0.000, 0.000, 0.000, 0.000, 0.000, 0.000, 0.000
16.640, 0.786, -0.578, 0.000, 1.000, 1.000, 1.000, 1.000, 1.000, 1.000, 0.000, 0.000, 0.000, 0.000, 0.000, 0.000, 0.000
16.660, 0.786, -0.578, 0.000, 1.000, 1.000, 1.000, 1.000, 1.000, 1.000, 0.000, 0.000, 0.000, 0.000, 0.000, 0.000, 0.000
16.680, 0.786, -0.578, 0.000, 1.000, 1.000, 1.000, 1.000, 1.000, 1.000, 0.000, 0.000, 0.000, 0.000, 0.000, 0.000, 0.000
16.700, 0.786, -0.578, 0.000, 1.000, 1.000, 1.000, 1.000, 1.000, 1.000, 0.000, 0.000, 0.000, 0.000, 0.000, 0.000, 0.000
16.720, 0.786, -0.578, 0.000, 1.000, 1.000, 1.000, 1.000, 1.000, 1.000, 0.000, 0.000, 0.000, 0.000, 0.000, 0.000, 0.000
16.740, 0.786, -0.578, 0.000, 1.000, 1.000, 1.000, 1.000, 1.000, 1.000, 0.000, 0.000, 0.000, 0.000, 0.000, 0.000, 0.000
16.760, 0.786, -0.578, 0.000, 1.000, 1.000, 1.000, 1.000, 1.000, 1.000, 0.000, 0.000, 0.000, 0.000, 0.000, 0.000, 0.000
16.780, 0.786, -0.578, 0.000, 1.000, 1.000, 1.000, 1.000, 1.000, 1.000, 0.000, 0.000, 0.000, 0.000, 0.000, 0.000, 0.000
16.800, 0.786, -0.578, 0.000, 1.000, 1.000, 1.000, 1.000, 1.000, 1.000, 0.000, 0.000, 0.000, 0.000, 0.000, 0.000, 0.000
16.820, 0.786, -0.578, 0.000, 1.000, 1.000, 1.000, 1.000, 1.000, 1.000, 0.000, 0.000, 0.000, 0.000, 0.000, 0.000, 0.000
16.840, 0.786, -0.578, 0.000, 1.000, 1.000, 1.000, 1.000, 1.000, 1.000, 0.000, 0.000, 0.000, 0.000, 0.000, 0.000, 0.000
16.860, 0.786, -0.578, 0.000, 1.000, 1.000, 1.000, 1.000, 1.000, 1.000, 0.000, 0.000, 0.000, 0.000, 0.000, 0.000, 0.000
16.880, 0.786, -0.578, 0.000, 1.000, 1.000, 1.000, 1.000, 1.000, 1.000, 0.000, 0.000, 0.000, 0.000, 0.000, 0.000, 0.000
16.900, 0.786, -0.578, 0.000, 1.000, 1.000, 1.000, 1.000, 1.000, 1.000, 0.000, 0.000, 0.000, 0.000, 0.000, 0.000, 0.000
16.920, 0.786, -0.578, 0.000, 1.000, 1.000, 1.000, 1.000, 1.000, 1.000, 0.000, 0.000, 0.000, 0.000, 0.000, 0.000, 0.000
16.940, 0.786, -0.578, 0.000, 1.000, 1.000, 1.000, 1.000, 1.000, 1.000, 0.000, 0.000, 0.000, 0.000, 0.000, 0.000, 0.000
16.960, 0.786, -0.578, 0.000, 1.000, 1.000, 1.000, 1.000, 1.000, 1.000, 0.000, 0.000, 0.000, 0.000, 0.000, 0.000, 0.000
16.980, 0.786, -0.578, 0.000, 1.000, 1.000, 1.000, 1.000, 1.000, 1.000, 0.000, 0.000, 0.000, 0.000, 0.000, 0.000, 0.000
17.000, 0.786, -0.578, 0.000, 1.000, 1.000, 1.000, 1.000, 1.000, 1.000, 0.000, 0.000, 0.000, 0.000, 0.000, 0.000, 0.000
17.020, 0.786, -0.578, 0.000, 1.000, 1.000, 1.000, 1.000, 1.000, 1.000, 0.000, 0.000, 0.000, 0.000, 0.000, 0.000, 0.000
17.040, 0.786, -0.578, 0.000, 1.000, 1.000, 1.000, 1.000, 1.000, 1.000, 0.000, 0.000, 0.000, 0.000, 0.000, 0.000, 0.000
17.060, 0.786, -0.578, 0.000, 1.000, 1.000, 1.000, 1.000, 1.000, 1.000, 0.000, 0.000, 0.000, 0.000, 0.000, 0.000, 0.000
17.080, 0.734, -0.774, 0.000, 1.000, 1.000, 1.000, 1.000, 1.000, 1.000, 1.000, 0.001, 0.001, 0.001, 0.001, 0.001, 0.001
17.100, 0.670, -0.859, 0.000, 0.218, 1.000, 0.000, 0.172, 1.000, 0.000, 0.218, 0.001, 0.001, 0.000, 0.000, 0.001, 0.000
17.120, 0.603, -0.883, 0.000, 1.000, 1.000, 0.000, 1.000, 1.000, 0.000, 1.000, 0.001, 0.001, 0.000, 0.001, 0.001, 0.000
17.140, 0.535, -0.886, 0.000, 0.000, 1.000, 0.000, 0.000, 1.000, 0.000, 0.000, 0.001, 0.001, 0.000, 0.001, 0.001, 0.000
17.160, 0.462, -0.883, 0.000, 0.000, 1.000, 0.000, 0.000, 1.000, 0.000, 0.000, 0.000, 0.002, 0.000, 0.000, 0.002, 0.000
17.180, 0.380, -0.878, 0.000, 0.000, 1.000, 0.000, 1.000, 1.000, 0.000, 0.000, 0.000, 0.002, 0.000, 0.001, 0.002, 0.000
17.200, 0.279, -0.871, 0.000, 0.000, 1.000, 0.000, 1.000, 1.000, 0.000, 0.000, 0.000, 0.002, 0.000, 0.001, 0.002, 0.000
17.220, 0.145, -0.861, 0.000, 0.000, 1.000, 0.000, 0.408, 1.000, 0.000, 0.000, 0.000, 0.002, 0.000, 0.001, 0.002, 0.000
17.240, -0.038, -0.847, 0.000, 1.000, 1.000, 0.000, 1.000, 1.000, 0.000, 1.000, 0.001, 0.002, 0.000, 0.001, 0.002, 0.000
17.260, -0.299, -0.821, 0.000, 1.000, 0.000, 0.064, 1.000, 0.000, 1.000, 1.000, 0.001, 0.002, 0.000, 0.002, 0.002, 0.001
17.280, -0.574, -0.786, 0.000, 1.000, 0.000, 1.000, 1.000, 0.000, 1.000, 1.000, 0.001, 0.001, 0.001, 0.002, 0.001, 0.001
17.300, -0.774, -0.731, 0.000, 1.000, 0.000, 0.000, 0.000, 0.000, 1.000, 1.000, 0.002, 0.001, 0.001, 0.001, 0.001, 0.001
17.320, -0.862, -0.658, 0.000, 1.000, 0.000, 0.000, 0.000, 0.000, 1.000, 1.000, 0.002, 0.001, 0.000, 0.001, 0.001, 0.002
17.340, -0.885, -0.579, 0.000, 1.000, 0.000, 0.000, 0.000, 0.000, 1.000, 1.000, 0.002, 0.001, 0.000, 0.001, 0.001, 0.002
17.360, -0.887, -0.496, 0.000, 1.000, 0.000, 0.000, 0.000, 0.000, 1.000, 1.000, 0.002, 0.001, 0.000, 0.001, 0.001, 0.002
17.380, -0.882, -0.404, 0.000, 1.000, 0.000, 0.000, 0.000, 0.000, 1.000, 1.000, 0.002, 0.001, 0.000, 0.001, 0.001, 0.002
17.400, -0.875, -0.297, 0.000, 1.000, 0.000, 0.000, 0.000, 0.000, 1.000, 1.000, 0.002, 0.001, 0.000, 0.001, 0.001, 0.002
17.420, -0.866, -0.159, 0.000, 1.000, 0.000, 0.000, 1.000, 0.000, 1.000, 1.000, 0.002, 0.001, 0.000, 0.001, 0.001, 0.002
17.440, -0.852, 0.025, 1.000, 1.000, 0.000, 0.000, 0.747, 0.000, 1.000, 0.000, 0.002, 0.001, 0.000, 0.002, 0.001, 0.002
17.460, -0.832, 0.266, 1.000, 1.000, 0.000, 0.000, 0.000, 0.000, 1.000, 0.000, 0.002, 0.001, 0.001, 0.002, 0.001, 0.002
17.480, -0.800, 0.536, 1.000, 1.000, 0.000, 0.000, 0.233, 0.000, 1.000, 0.000, 0.001, 0.002, 0.001, 0.002, 0.002, 0.001
17.500, -0.753, 0.746, 1.000, 1.000, 0.000, 0.000, 0.790, 0.000, 1.000, 0.000, 0.001, 0.002, 0.001, 0.002, 0.002, 0.001
17.520, -0.695, 0.845, 1.000, 1.000, 0.000, 0.000, 0.662, 0.000, 1.000, 0.000, 0.001, 0.002, 0.002, 0.002, 0.002, 0.001
17.540, -0.634, 0.876, 1.000, 1.000, 0.000, 0.000, 0.603, 0.000, 1.000, 0.000, 0.001, 0.002, 0.002, 0.002, 0.002, 0.001
17.560, -0.575, 0.882, 1.000, 1.000, 0.000, 0.000, 0.066, 0.000, 1.000, 0.000, 0.001, 0.003, 0.002, 0.002, 0.003, 0.001
17.580, -0.517, 0.881, 1.000, 1.000, 0.000, 0.000, 0.000, 0.000, 1.000, 0.000, 0.001, 0.003, 0.002, 0.002, 0.003, 0.001
17.600, -0.455, 0.877, 1.000, 1.000, 0.000, 0.000, 0.000, 0.000, 1.000, 0.000, 0.001, 0.003, 0.002, 0.003, 0.003, 0.001
17.620, -0.386, 0.871, 1.000, 1.000, 0.000, 0.000, 0.133, 0.000, 1.000, 0.000, 0.001, 0.003, 0.002, 0.003, 0.003, 0.001
17.640, -0.302, 0.865, 1.000, 1.000, 0.000, 1.000, 1.000, 0.000, 1.000, 0.000, 0.001, 0.003, 0.002, 0.002, 0.003, 0.001
17.660, -0.194, 0.856, 1.000, 1.000, 0.000, 1.000, 1.000, 0.000, 1.000, 0.000, 0.001, 0.003, 0.001, 0.002, 0.003, 0.001
17.680, -0.050, 0.844, 1.000, 1.000, 0.000, 1.000, 1.000, 0.000, 1.000, 0.000, 0.001, 0.003, 0.001, 0.002, 0.003, 0.001
17.700, 0.154, 0.829, 1.000, 1.000, 0.000, 1.000, 1.000, 0.000, 1.000, 0.000, 0.001, 0.003, 0.001, 0.002, 0.003, 0.001
17.720, 0.416, 0.805, 1.000, 1.000, 0.521, 0.000, 0.000, 1.000, 0.000, 0.000, 0.001, 0.003, 0.002, 0.002, 0.003, 0.002
17.740, 0.668, 0.766, 1.000, 0.000, 1.000, 0.000, 1.000, 1.000, 0.000, 1.000, 0.002, 0.003, 0.002, 0.002, 0.003, 0.002
17.760, 0.818, 0.709, 1.000, 0.000, 1.000, 0.000, 0.000, 1.000, 0.000, 1.000, 0.002, 0.002, 0.002, 0.002, 0.002, 0.002
17.780, 0.872, 0.642, 1.000, 1.000, 1.000, 0.000, 1.000, 1.000, 0.000, 0.000, 0.002, 0.002, 0.003, 0.002, 0.002, 0.003
17.800, 0.885, 0.574, 1.000, 1.000, 1.000, 0.000, 1.000, 1.000, 0.000, 0.000, 0.002, 0.002, 0.003, 0.002, 0.002, 0.003
17.820, 0.885, 0.505, 1.000, 0.000, 1.000, 0.000, 1.000, 1.000, 0.000, 1.000, 0.002, 0.002, 0.003, 0.002, 0.002, 0.003
17.840, 0.881, 0.429, 1.000, 0.447, 1.000, 0.000, 1.000, 1.000, 0.000, 0.553, 0.002, 0.002, 0.003, 0.002, 0.002, 0.003
17.860, 0.875, 0.339, 1.000, 0.146, 1.000, 0.000, 0.000, 1.000, 0.000, 0.854, 0.002, 0.002, 0.003, 0.002, 0.002, 0.003
17.880, 0.867, 0.226, 1.000, 0.309, 1.000, 0.000, 0.000, 1.000, 0.000, 0.691, 0.002, 0.002, 0.003, 0.003, 0.002, 0.003
17.900, 0.855, 0.073, 1.000, 1.000, 1.000, 0.000, 1.000, 1.000, 0.000, 0.000, 0.002, 0.003, 0.003, 0.003, 0.003, 0.003
17.920, 0.839, -0.136, 0.000, 0.317, 1.000, 0.000, 1.000, 1.000, 0.000, 0.317, 0.002, 0.003, 0.003, 0.003, 0.003, 0.003
17.940, 0.813, -0.402, 0.000, 0.000, 1.000, 0.000, 1.000, 1.000, 0.000, 0.000, 0.002, 0.003, 0.002, 0.003, 0.003, 0.002
17.960, 0.772, -0.659, 0.000, 0.000, 1.000, 0.000, 1.000, 1.000, 0.000, 0.000, 0.002, 0.004, 0.002, 0.003, 0.004, 0.002
17.980, 0.715, -0.814, 0.000, 0.000, 1.000, 0.000, 1.000, 1.000, 0.000, 0.000, 0.002, 0.004, 0.002, 0.004, 0.004, 0.002
18.000, 0.649, -0.872, 0.000, 0.000, 1.000, 0.000, 1.000, 1.000, 0.000, 0.000, 0.002, 0.004, 0.002, 0.004, 0.004, 0.002
18.020, 0.581, -0.886, 0.000, 0.000, 1.000, 0.000, 1.000, 1.000, 0.000, 0.000, 0.002, 0.004, 0.002, 0.004, 0.004, 0.002
18.040, 0.512, -0.886, 0.000, 0.000, 1.000, 0.000, 1.000, 1.000, 0.000, 0.000, 0.002, 0.004, 0.002, 0.004, 0.004, 0.002
18.060, 0.437, -0.882, 0.000, 0.000, 1.000, 0.000, 0.000, 1.000, 0.000, 0.000, 0.002, 0.004, 0.002, 0.003, 0.004, 0.002
18.080, 0.350, -0.876, 0.000, 0.000, 1.000, 0.000, 0.000, 1.000, 0.000, 0.000, 0.002, 0.004, 0.002, 0.003, 0.004, 0.002
18.100, 0.240, -0.868, 0.000, 0.000, 1.000, 0.000, 1.000, 0.000, 0.038, 0.000, 0.002, 0.004, 0.002, 0.003, 0.004, 0.002
18.120, 0.092, -0.857, 0.000, 0.000, 1.000, 0.350, 1.000, 0.000, 0.000, 0.000, 0.002, 0.004, 0.002, 0.004, 0.003, 0.002
18.140, -0.122, -0.838, 0.000, 1.000, 0.000, 1.000, 1.000, 0.000, 0.000, 1.000, 0.002, 0.004, 0.003, 0.004, 0.003, 0.002
18.160, -0.384, -0.814, 0.000, 0.000, 0.000, 1.000, 1.000, 0.000, 0.000, 0.000, 0.002, 0.004, 0.003, 0.004, 0.003, 0.002
18.180, -0.650, -0.771, 0.000, 1.000, 0.000, 0.000, 1.000, 0.000, 1.000, 1.000, 0.002, 0.003, 0.003, 0.004, 0.003, 0.003
18.200, -0.811, -0.713, 0.000, 1.000, 0.000, 0.000, 1.000, 0.000, 1.000, 1.000, 0.003, 0.003, 0.002, 0.004, 0.003, 0.003
18.220, -0.874, -0.631, 0.000, 1.000, 0.000, 0.000, 0.000, 0.000, 1.000, 1.000, 0.003, 0.003, 0.002, 0.004, 0.003, 0.003
18.240, -0.887, -0.554, 0.000, 1.000, 0.000, 1.000, 0.000, 0.000, 1.000, 1.000, 0.003, 0.003, 0.003, 0.004, 0.003, 0.003
18.260, -0.887, -0.456, 0.000, 1.000, 0.000, 0.000, 0.000, 0.000, 1.000, 1.000, 0.003, 0.003, 0.003, 0.003, 0.003, 0.004
18.280, -0.881, -0.348, 0.000, 1.000, 0.000, 0.000, 0.000, 0.000, 1.000, 1.000, 0.003, 0.003, 0.002, 0.003, 0.003, 0.004
18.300, -0.872, -0.216, 0.000, 1.000, 0.000, 0.000, 0.000, 0.000, 1.000, 1.000, 0.004, 0.004, 0.002, 0.003, 0.004, 0.004
18.320, -0.860, -0.047, 0.000, 1.000, 0.000, 0.000, 0.000, 0.000, 1.000, 1.000, 0.004, 0.004, 0.002, 0.004, 0.004, 0.004
18.340, -0.842, 0.175, 1.000, 1.000, 0.843, 0.165, 1.000, 0.579, 1.000, 0.000, 0.003, 0.004, 0.002, 0.004, 0.004, 0.003
18.360, -0.813, 0.444, 1.000, 1.000, 0.000, 1.000, 1.000, 0.000, 1.000, 0.000, 0.003, 0.004, 0.002, 0.003, 0.004, 0.003
18.380, -0.772, 0.684, 1.000, 1.000, 0.000, 1.000, 1.000, 0.000, 1.000, 0.000, 0.003, 0.005, 0.002, 0.003, 0.004, 0.003
18.400, -0.713, 0.824, 1.000, 1.000, 1.000, 1.000, 1.000, 1.000, 1.000, 0.000, 0.003, 0.004, 0.002, 0.003, 0.004, 0.003
18.420, -0.651, 0.872, 1.000, 1.000, 1.000, 1.000, 1.000, 1.000, 1.000, 0.000, 0.003, 0.004, 0.002, 0.003, 0.004, 0.003
18.440, -0.591, 0.882, 1.000, 1.000, 1.000, 1.000, 1.000, 1.000, 1.000, 0.000, 0.002, 0.004, 0.002, 0.003, 0.003, 0.003
18.460, -0.531, 0.883, 1.000, 1.000, 1.000, 0.000, 1.000, 1.000, 1.000, 0.000, 0.002, 0.004, 0.003, 0.003, 0.003, 0.003
18.480, -0.466, 0.880, 1.000, 1.000, 1.000, 1.000, 1.000, 1.000, 1.000, 0.000, 0.002, 0.004, 0.003, 0.003, 0.003, 0.003
18.500, -0.399, 0.872, 1.000, 1.000, 1.000, 0.769, 1.000, 1.000, 1.000, 0.000, 0.002, 0.004, 0.003, 0.003, 0.003, 0.003
18.520, -0.321, 0.865, 1.000, 1.000, 1.000, 0.000, 1.000, 1.000, 1.000, 0.000, 0.002, 0.003, 0.003, 0.003, 0.003, 0.003
18.540, -0.208, 0.861, 1.000, 1.000, 1.000, 0.000, 1.000, 1.000, 0.000, 0.000, 0.002, 0.003, 0.003, 0.003, 0.003, 0.003
18.560, -0.050, 0.852, 1.000, 0.000, 0.829, 1.000, 1.000, 0.065, 0.000, 1.000, 0.003, 0.004, 0.003, 0.003, 0.004, 0.004
18.580, 0.167, 0.836, 1.000, 0.000, 0.000, 1.000, 1.000, 0.000, 0.000, 1.000, 0.003, 0.004, 0.003, 0.003, 0.004, 0.004
18.600, 0.436, 0.809, 1.000, 0.000, 0.000, 1.000, 1.000, 0.000, 0.000, 1.000, 0.004, 0.004, 0.003, 0.003, 0.004, 0.004
18.620, 0.684, 0.766, 1.000, 0.000, 0.051, 1.000, 1.000, 0.000, 0.000, 1.000, 0.004, 0.005, 0.003, 0.003, 0.005, 0.004
18.640, 0.825, 0.707, 1.000, 0.000, 0.000, 0.000, 1.000, 0.000, 0.000, 1.000, 0.004, 0.005, 0.003, 0.003, 0.005, 0.004
18.660, 0.875, 0.640, 1.000, 0.000, 0.037, 1.000, 0.000, 0.000, 0.000, 1.000, 0.004, 0.005, 0.003, 0.004, 0.005, 0.004
18.680, 0.886, 0.571, 1.000, 1.000, 1.000, 0.000, 0.000, 1.000, 0.000, 0.000, 0.004, 0.005, 0.003, 0.004, 0.004, 0.005
18.700, 0.885, 0.501, 1.000, 0.000, 1.000, 0.000, 0.000, 1.000, 0.000, 1.000, 0.004, 0.004, 0.004, 0.004, 0.004, 0.005
18.720, 0.881, 0.425, 1.000, 0.000, 1.000, 0.000, 0.000, 1.000, 0.000, 1.000, 0.004, 0.004, 0.004, 0.005, 0.004, 0.005
18.740, 0.875, 0.335, 1.000, 0.000, 1.000, 0.000, 0.000, 1.000, 0.000, 1.000, 0.004, 0.004, 0.004, 0.005, 0.004, 0.005
18.760, 0.866, 0.220, 1.000, 0.000, 1.000, 0.000, 0.000, 1.000, 0.000, 1.000, 0.004, 0.004, 0.004, 0.005, 0.004, 0.005
18.780, 0.855, 0.065, 1.000, 0.000, 1.000, 0.000, 1.000, 1.000, 0.000, 1.000, 0.005, 0.004, 0.004, 0.004, 0.005, 0.004
18.800, 0.838, -0.147, 0.000, 0.000, 1.000, 0.000, 1.000, 1.000, 0.000, 0.000, 0.004, 0.005, 0.004, 0.005, 0.005, 0.004
18.820, 0.812, -0.414, 0.000, 0.357, 1.000, 0.000, 1.000, 1.000, 0.000, 0.357, 0.004, 0.005, 0.004, 0.005, 0.005, 0.004
18.840, 0.769, -0.667, 0.000, 1.000, 1.000, 0.000, 1.000, 1.000, 0.000, 1.000, 0.004, 0.005, 0.003, 0.005, 0.005, 0.004
18.860, 0.709, -0.815, 0.000, 1.000, 1.000, 0.000, 1.000, 1.000, 0.000, 1.000, 0.005, 0.005, 0.003, 0.005, 0.005, 0.004
18.880, 0.624, -0.860, 0.000, 1.000, 1.000, 0.000, 0.000, 1.000, 0.000, 1.000, 0.005, 0.006, 0.003, 0.005, 0.006, 0.004
18.900, 0.560, -0.881, 0.000, 0.000, 1.000, 0.000, 0.000, 1.000, 0.000, 0.000, 0.004, 0.006, 0.003, 0.004, 0.006, 0.004
18.920, 0.450, -0.868, 0.000, 1.000, 0.000, 0.000, 0.000, 1.000, 0.000, 1.000, 0.005, 0.005, 0.003, 0.004, 0.006, 0.004
18.940, 0.344, -0.864, 0.000, 1.000, 1.000, 0.000, 0.000, 1.000, 0.000, 1.000, 0.005, 0.005, 0.003, 0.004, 0.006, 0.004
18.960, 0.236, -0.863, 0.000, 0.000, 1.000, 0.000, 0.000, 1.000, 0.000, 0.000, 0.004, 0.006, 0.003, 0.004, 0.006, 0.004
18.980, 0.088, -0.855, 0.000, 0.000, 1.000, 0.000, 0.000, 1.000, 0.000, 0.000, 0.004, 0.006, 0.003, 0.004, 0.006, 0.004
19.000, -0.204, -0.813, 0.000, 1.000, 0.000, 0.000, 0.000, 1.000, 0.002, 1.000, 0.005, 0.005, 0.003, 0.004, 0.006, 0.004
19.020, -0.486, -0.787, 0.000, 1.000, 0.000, 0.209, 1.000, 0.906, 0.081, 1.000, 0.005, 0.005, 0.003, 0.004, 0.006, 0.004
19.040, -0.721, -0.743, 0.000, 1.000, 0.000, 0.458, 1.000, 0.000, 0.000, 1.000, 0.005, 0.005, 0.003, 0.005, 0.006, 0.004
19.060, -0.844, -0.672, 0.000, 1.000, 1.000, 0.000, 0.000, 1.000, 0.000, 1.000, 0.005, 0.005, 0.003, 0.005, 0.006, 0.004
19.080, -0.879, -0.607, 0.000, 0.000, 1.000, 1.000, 0.000, 1.000, 1.000, 0.000, 0.005, 0.006, 0.004, 0.004, 0.006, 0.004
19.100, -0.885, -0.540, 0.000, 0.000, 0.107, 1.000, 0.000, 1.000, 1.000, 0.000, 0.005, 0.005, 0.004, 0.004, 0.006, 0.005
19.120, -0.885, -0.449, 0.000, 1.000, 1.000, 0.000, 0.000, 1.000, 0.000, 1.000, 0.005, 0.006, 0.004, 0.004, 0.006, 0.004
19.140, -0.877, -0.364, 0.000, 0.000, 1.000, 0.000, 1.000, 1.000, 0.000, 0.000, 0.005, 0.006, 0.004, 0.005, 0.006, 0.004
19.160, -0.869, -0.258, 0.000, 0.361, 1.000, 0.000, 1.000, 1.000, 0.000, 0.361, 0.005, 0.006, 0.003, 0.005, 0.005, 0.004
19.180, -0.859, -0.117, 0.000, 0.000, 1.000, 0.000, 1.000, 1.000, 0.000, 0.000, 0.004, 0.005, 0.003, 0.005, 0.005, 0.004
19.200, -0.844, 0.077, 1.000, 0.000, 1.000, 0.000, 1.000, 1.000, 0.000, 1.000, 0.005, 0.005, 0.003, 0.005, 0.005, 0.004
19.220, -0.821, 0.331, 1.000, 0.000, 1.000, 0.000, 1.000, 1.000, 0.000, 1.000, 0.005, 0.005, 0.003, 0.005, 0.005, 0.004
19.240, -0.784, 0.600, 1.000, 0.000, 1.000, 0.000, 1.000, 1.000, 0.000, 1.000, 0.006, 0.005, 0.004, 0.005, 0.005, 0.004
19.260, -0.731, 0.786, 1.000, 0.336, 1.000, 0.000, 1.000, 1.000, 0.000, 0.664, 0.005, 0.005, 0.004, 0.005, 0.005, 0.005
19.280, -0.667, 0.862, 1.000, 1.000, 1.000, 0.000, 1.000, 1.000, 0.000, 0.000, 0.005, 0.005, 0.004, 0.004, 0.005, 0.005
19.300, -0.602, 0.883, 1.000, 1.000, 1.000, 0.000, 1.000, 1.000, 0.000, 0.000, 0.005, 0.005, 0.005, 0.004, 0.005, 0.005
19.320, -0.537, 0.885, 1.000, 1.000, 1.000, 0.000, 1.000, 1.000, 0.000, 0.000, 0.005, 0.005, 0.005, 0.004, 0.005, 0.005
19.340, -0.469, 0.882, 1.000, 1.000, 1.000, 0.000, 1.000, 1.000, 0.000, 0.000, 0.005, 0.005, 0.005, 0.004, 0.005, 0.005
19.360, -0.394, 0.876, 1.000, 1.000, 1.000, 0.000, 1.000, 1.000, 0.000, 0.000, 0.005, 0.005, 0.005, 0.004, 0.005, 0.005
19.380, -0.304, 0.869, 1.000, 1.000, 1.000, 0.000, 1.000, 1.000, 0.000, 0.000, 0.005, 0.005, 0.005, 0.004, 0.005, 0.006
19.400, -0.189, 0.860, 1.000, 1.000, 1.000, 0.000, 1.000, 1.000, 0.000, 0.000, 0.004, 0.005, 0.005, 0.004, 0.005, 0.006
19.420, -0.023, 0.850, 1.000, 0.000, 1.000, 0.000, 1.000, 0.000, 1.000, 1.000, 0.005, 0.005, 0.005, 0.004, 0.006, 0.005
19.440, 0.203, 0.833, 1.000, 0.000, 1.000, 0.000, 1.000, 0.000, 1.000, 1.000, 0.005, 0.005, 0.005, 0.004, 0.006, 0.005
19.460, 0.475, 0.804, 1.000, 0.000, 1.000, 0.000, 1.000, 0.000, 1.000, 1.000, 0.006, 0.005, 0.005, 0.004, 0.006, 0.005
19.480, 0.712, 0.758, 1.000, 0.000, 1.000, 0.000, 1.000, 0.000, 0.000, 1.000, 0.006, 0.005, 0.006, 0.004, 0.006, 0.005
19.500, 0.836, 0.697, 1.000, 0.000, 1.000, 0.000, 0.000, 0.199, 0.000, 1.000, 0.006, 0.005, 0.006, 0.005, 0.006, 0.005
19.520, 0.878, 0.631, 1.000, 0.000, 1.000, 0.000, 0.000, 0.166, 0.000, 1.000, 0.006, 0.005, 0.006, 0.005, 0.006, 0.006
19.540, 0.887, 0.563, 1.000, 0.108, 0.578, 0.000, 0.000, 0.000, 0.000, 0.892, 0.006, 0.005, 0.006, 0.005, 0.007, 0.006
19.560, 0.885, 0.493, 1.000, 0.023, 0.000, 0.000, 0.000, 0.000, 0.000, 0.977, 0.006, 0.005, 0.006, 0.006, 0.007, 0.006
19.580, 0.880, 0.415, 1.000, 0.000, 1.000, 0.000, 0.672, 1.000, 0.000, 1.000, 0.006, 0.005, 0.006, 0.005, 0.006, 0.006
19.600, 0.874, 0.323, 1.000, 0.000, 1.000, 0.000, 1.000, 1.000, 0.000, 1.000, 0.007, 0.005, 0.006, 0.005, 0.006, 0.006
19.620, 0.865, 0.204, 1.000, 0.000, 1.000, 0.000, 1.000, 1.000, 0.000, 1.000, 0.007, 0.005, 0.006, 0.005, 0.006, 0.006
19.640, 0.852, 0.039, 1.000, 1.000, 0.584, 0.000, 0.000, 1.000, 0.000, 0.000, 0.006, 0.005, 0.006, 0.005, 0.007, 0.006
19.660, 0.834, -0.182, 0.000, 1.000, 0.000, 0.000, 0.000, 1.000, 0.000, 1.000, 0.006, 0.006, 0.006, 0.006, 0.007, 0.007
19.680, 0.805, -0.451, 0.000, 1.000, 0.000, 0.000, 0.000, 1.000, 0.000, 1.000, 0.007, 0.006, 0.006, 0.005, 0.007, 0.006
19.700, 0.761, -0.694, 0.000, 0.632, 1.000, 0.000, 0.000, 1.000, 0.000, 0.632, 0.007, 0.006, 0.006, 0.005, 0.007, 0.006
19.720, 0.701, -0.828, 0.000, 1.000, 0.000, 0.000, 0.000, 1.000, 0.000, 1.000, 0.007, 0.006, 0.006, 0.005, 0.007, 0.006
19.740, 0.632, -0.873, 0.000, 1.000, 1.000, 0.000, 0.000, 1.000, 0.000, 1.000, 0.007, 0.006, 0.005, 0.005, 0.007, 0.005
19.760, 0.560, -0.883, 0.000, 1.000, 1.000, 0.000, 0.000, 1.000, 0.000, 1.000, 0.007, 0.006, 0.005, 0.005, 0.007, 0.005
19.780, 0.474, -0.878, 0.000, 1.000, 1.000, 0.000, 0.000, 1.000, 0.000, 1.000, 0.007, 0.006, 0.005, 0.005, 0.008, 0.005
19.800, 0.344, -0.861, 0.000, 1.000, 1.000, 0.000, 0.000, 1.000, 0.000, 1.000, 0.007, 0.007, 0.005, 0.005, 0.008, 0.005
19.820, 0.150, -0.836, 0.000, 1.000, 1.000, 0.000, 0.000, 1.000, 0.000, 1.000, 0.007, 0.007, 0.005, 0.005, 0.008, 0.005
19.840, -0.121, -0.808, 0.000, 1.000, 0.000, 0.000, 0.000, 1.000, 0.000, 1.000, 0.007, 0.006, 0.005, 0.005, 0.008, 0.005
19.860, -0.445, -0.771, 0.000, 1.000, 0.000, 0.000, 0.000, 1.000, 0.000, 1.000, 0.007, 0.006, 0.005, 0.005, 0.008, 0.005
19.880, -0.685, -0.742, 0.000, 0.000, 0.000, 1.000, 0.110, 1.000, 0.000, 0.000, 0.007, 0.006, 0.006, 0.005, 0.008, 0.005
19.900, -0.842, -0.647, 0.000, 1.000, 0.000, 1.000, 0.000, 1.000, 0.000, 1.000, 0.007, 0.006, 0.006, 0.005, 0.008, 0.005
19.920, -0.877, -0.583, 0.000, 1.000, 0.000, 1.000, 0.000, 1.000, 0.000, 1.000, 0.007, 0.006, 0.006, 0.005, 0.008, 0.005
19.940, -0.888, -0.463, 0.000, 1.000, 0.000, 0.000, 0.000, 1.000, 0.000, 1.000, 0.008, 0.005, 0.006, 0.005, 0.008, 0.005
19.960, -0.882, -0.345, 0.000, 1.000, 0.000, 0.000, 0.000, 1.000, 0.000, 1.000, 0.008, 0.005, 0.006, 0.005, 0.007, 0.005
19.980, -0.872, -0.210, 0.000, 1.000, 0.000, 1.000, 0.000, 1.000, 1.000, 1.000, 0.008, 0.005, 0.006, 0.005, 0.007, 0.006
20.000, -0.863, -0.028, 0.000, 1.000, 0.000, 0.000, 0.000, 1.000, 1.000, 1.000, 0.008, 0.005, 0.006, 0.005, 0.007, 0.006
20.020, -0.846, 0.202, 1.000, 1.000, 0.000, 0.000, 0.000, 1.000, 1.000, 0.000, 0.007, 0.005, 0.006, 0.004, 0.007, 0.006
20.040, -0.822, 0.460, 1.000, 1.000, 0.000, 0.000, 0.000, 0.000, 1.000, 0.000, 0.007, 0.005, 0.006, 0.004, 0.007, 0.006
20.060, -0.786, 0.678, 1.000, 1.000, 0.000, 0.000, 0.000, 0.000, 1.000, 0.000, 0.007, 0.005, 0.005, 0.004, 0.008, 0.007
20.080, -0.743, 0.800, 1.000, 1.000, 1.000, 0.000, 0.000, 0.934, 1.000, 0.000, 0.007, 0.006, 0.005, 0.004, 0.007, 0.007
20.100, -0.698, 0.849, 1.000, 1.000, 1.000, 0.000, 0.000, 1.000, 1.000, 0.000, 0.007, 0.006, 0.005, 0.004, 0.007, 0.006
20.120, -0.664, 0.861, 1.000, 1.000, 1.000, 0.000, 0.000, 1.000, 1.000, 0.000, 0.007, 0.007, 0.006, 0.004, 0.007, 0.006
20.140, -0.634, 0.864, 1.000, 1.000, 1.000, 0.000, 1.000, 0.848, 1.000, 0.000, 0.007, 0.006, 0.006, 0.004, 0.007, 0.006
20.160, -0.605, 0.866, 1.000, 1.000, 1.000, 0.000, 1.000, 0.000, 1.000, 0.000, 0.007, 0.006, 0.007, 0.004, 0.008, 0.006
20.180, -0.576, 0.866, 1.000, 1.000, 1.000, 0.000, 1.000, 0.023, 1.000, 0.000, 0.007, 0.006, 0.007, 0.004, 0.008, 0.006
20.200, -0.545, 0.865, 1.000, 1.000, 1.000, 0.000, 1.000, 0.000, 1.000, 0.000, 0.007, 0.006, 0.007, 0.004, 0.008, 0.006
20.220, -0.513, 0.864, 1.000, 1.000, 1.000, 0.000, 1.000, 0.000, 1.000, 0.000, 0.007, 0.006, 0.007, 0.004, 0.008, 0.006
20.240, -0.478, 0.862, 1.000, 1.000, 1.000, 0.000, 1.000, 0.000, 1.000, 0.000, 0.007, 0.006, 0.007, 0.004, 0.008, 0.005
20.260, -0.440, 0.860, 1.000, 1.000, 1.000, 0.000, 1.000, 0.000, 1.000, 0.000, 0.007, 0.006, 0.007, 0.004, 0.009, 0.005
20.280, -0.395, 0.857, 1.000, 1.000, 1.000, 0.000, 1.000, 0.000, 1.000, 0.000, 0.006, 0.005, 0.007, 0.004, 0.009, 0.005
20.300, -0.341, 0.853, 1.000, 1.000, 1.000, 0.000, 1.000, 0.000, 1.000, 0.000, 0.006, 0.005, 0.007, 0.004, 0.009, 0.005
20.320, -0.274, 0.847, 1.000, 1.000, 1.000, 0.000, 1.000, 0.000, 1.000, 0.000, 0.006, 0.005, 0.007, 0.004, 0.009, 0.005
20.340, -0.183, 0.841, 1.000, 1.000, 1.000, 0.000, 1.000, 0.000, 1.000, 0.000, 0.006, 0.005, 0.008, 0.004, 0.009, 0.005
20.360, -0.060, 0.831, 1.000, 1.000, 1.000, 0.000, 1.000, 0.000, 1.000, 0.000, 0.006, 0.005, 0.008, 0.004, 0.009, 0.005
20.380, 0.111, 0.816, 1.000, 1.000, 1.000, 0.000, 1.000, 0.000, 1.000, 0.000, 0.006, 0.005, 0.008, 0.004, 0.009, 0.005
20.400, 0.366, 0.805, 1.000, 0.000, 1.000, 0.000, 1.000, 0.000, 1.000, 1.000, 0.007, 0.005, 0.008, 0.004, 0.009, 0.005
20.420, 0.627, 0.772, 1.000, 0.000, 1.000, 0.000, 1.000, 0.000, 1.000, 1.000, 0.007, 0.005, 0.008, 0.004, 0.008, 0.005
20.440, 0.799, 0.718, 1.000, 0.000, 1.000, 0.000, 1.000, 0.000, 1.000, 1.000, 0.008, 0.005, 0.008, 0.004, 0.008, 0.005
20.460, 0.867, 0.654, 1.000, 0.000, 1.000, 0.173, 1.000, 0.000, 0.000, 1.000, 0.008, 0.005, 0.008, 0.004, 0.008, 0.006
20.480, 0.885, 0.587, 1.000, 0.000, 0.444, 0.154, 1.000, 0.000, 0.000, 1.000, 0.008, 0.006, 0.008, 0.004, 0.008, 0.006
20.500, 0.886, 0.518, 1.000, 0.000, 1.000, 0.000, 1.000, 1.000, 0.000, 1.000, 0.008, 0.006, 0.008, 0.004, 0.008, 0.007
20.520, 0.882, 0.444, 1.000, 0.000, 1.000, 0.000, 1.000, 1.000, 0.000, 1.000, 0.008, 0.005, 0.008, 0.004, 0.009, 0.007
20.540, 0.876, 0.353, 1.000, 1.000, 0.000, 0.000, 0.000, 1.000, 0.000, 0.000, 0.008, 0.006, 0.008, 0.005, 0.009, 0.007
20.560, 0.867, 0.238, 1.000, 1.000, 0.000, 0.000, 0.000, 1.000, 0.000, 0.000, 0.007, 0.006, 0.008, 0.005, 0.009, 0.007
20.580, 0.856, 0.088, 1.000, 1.000, 1.000, 0.000, 0.000, 1.000, 0.000, 0.000, 0.007, 0.006, 0.007, 0.005, 0.009, 0.007
20.600, 0.840, -0.117, 0.000, 1.000, 1.000, 0.000, 0.000, 1.000, 0.000, 1.000, 0.008, 0.006, 0.007, 0.005, 0.009, 0.007
20.620, 0.813, -0.377, 0.000, 1.000, 0.000, 1.000, 0.000, 1.000, 0.000, 1.000, 0.008, 0.006, 0.008, 0.005, 0.009, 0.007
20.640, 0.771, -0.633, 0.000, 1.000, 0.000, 0.000, 0.000, 1.000, 0.000, 1.000, 0.008, 0.006, 0.007, 0.005, 0.010, 0.007
20.660, 0.711, -0.795, 0.000, 1.000, 0.000, 0.000, 0.000, 1.000, 0.000, 1.000, 0.008, 0.006, 0.007, 0.005, 0.010, 0.006
20.680, 0.621, -0.847, 0.000, 1.000, 0.000, 1.000, 0.000, 1.000, 0.000, 1.000, 0.008, 0.006, 0.008, 0.004, 0.010, 0.006
20.700, 0.547, -0.871, 0.000, 1.000, 0.000, 0.000, 0.000, 1.000, 0.000, 1.000, 0.009, 0.006, 0.008, 0.004, 0.010, 0.006
20.720, 0.421, -0.858, 0.000, 1.000, 0.000, 1.000, 0.000, 1.000, 0.000, 1.000, 0.009, 0.006, 0.008, 0.004, 0.009, 0.006
20.740, 0.250, -0.839, 0.000, 1.000, 0.000, 0.000, 0.000, 1.000, 0.000, 1.000, 0.009, 0.006, 0.008, 0.004, 0.009, 0.006
20.760, 0.025, -0.821, 0.000, 1.000, 0.000, 1.000, 0.000, 1.000, 0.000, 1.000, 0.009, 0.005, 0.008, 0.004, 0.009, 0.006
20.780, -0.307, -0.779, 0.000, 1.000, 0.000, 0.000, 0.000, 1.000, 0.000, 1.000, 0.009, 0.005, 0.008, 0.004, 0.009, 0.006
20.800, -0.604, -0.743, 0.000, 1.000, 0.000, 1.000, 0.000, 1.000, 0.000, 1.000, 0.009, 0.005, 0.008, 0.004, 0.009, 0.006
20.820, -0.783, -0.702, 0.000, 0.000, 0.015, 1.000, 0.000, 1.000, 0.000, 0.000, 0.008, 0.005, 0.008, 0.004, 0.009, 0.006
20.840, -0.873, -0.592, 0.000, 1.000, 0.000, 1.000, 0.000, 1.000, 0.000, 1.000, 0.009, 0.005, 0.009, 0.004, 0.008, 0.006
20.860, -0.888, -0.476, 0.000, 1.000, 0.000, 1.000, 0.000, 1.000, 0.000, 1.000, 0.009, 0.005, 0.009, 0.004, 0.008, 0.006
20.880, -0.883, -0.361, 0.000, 1.000, 0.000, 1.000, 0.000, 1.000, 0.000, 1.000, 0.009, 0.005, 0.009, 0.004, 0.008, 0.006
20.900, -0.875, -0.224, 0.000, 1.000, 0.000, 1.000, 0.000, 1.000, 0.000, 1.000, 0.009, 0.005, 0.009, 0.004, 0.008, 0.006
20.920, -0.860, -0.062, 0.000, 1.000, 0.000, 1.000, 1.000, 1.000, 0.000, 1.000, 0.009, 0.005, 0.009, 0.005, 0.008, 0.006
20.940, -0.840, 0.153, 1.000, 0.000, 0.000, 1.000, 1.000, 0.366, 0.000, 1.000, 0.009, 0.005, 0.009, 0.005, 0.009, 0.006
20.960, -0.812, 0.422, 1.000, 0.035, 1.000, 1.000, 1.000, 0.000, 1.000, 0.965, 0.009, 0.006, 0.008, 0.005, 0.009, 0.006
20.980, -0.772, 0.670, 1.000, 1.000, 1.000, 0.000, 1.000, 0.000, 1.000, 0.000, 0.009, 0.006, 0.009, 0.006, 0.009, 0.007
21.000, -0.713, 0.819, 1.000, 0.185, 1.000, 0.000, 1.000, 0.000, 1.000, 0.815, 0.009, 0.007, 0.009, 0.006, 0.010, 0.007
21.020, -0.646, 0.873, 1.000, 0.000, 1.000, 0.000, 1.000, 0.000, 1.000, 1.000, 0.009, 0.007, 0.009, 0.005, 0.010, 0.007
21.040, -0.579, 0.886, 1.000, 0.000, 1.000, 0.000, 1.000, 0.000, 1.000, 1.000, 0.010, 0.007, 0.009, 0.005, 0.010, 0.007
21.060, -0.513, 0.885, 1.000, 1.000, 1.000, 0.000, 1.000, 0.000, 1.000, 0.000, 0.009, 0.006, 0.009, 0.005, 0.010, 0.007
21.080, -0.443, 0.880, 1.000, 1.000, 1.000, 0.000, 1.000, 0.000, 1.000, 0.000, 0.009, 0.006, 0.009, 0.005, 0.010, 0.007
21.100, -0.369, 0.872, 1.000, 1.000, 1.000, 0.000, 1.000, 0.000, 1.000, 0.000, 0.009, 0.006, 0.010, 0.005, 0.010, 0.007
21.120, -0.282, 0.863, 1.000, 1.000, 1.000, 0.000, 1.000, 0.000, 1.000, 0.000, 0.009, 0.006, 0.010, 0.005, 0.010, 0.006
21.140, -0.172, 0.853, 1.000, 1.000, 1.000, 0.064, 1.000, 0.000, 1.000, 0.000, 0.008, 0.006, 0.010, 0.005, 0.010, 0.006
21.160, -0.024, 0.840, 1.000, 1.000, 1.000, 0.609, 1.000, 0.000, 1.000, 0.000, 0.008, 0.006, 0.009, 0.005, 0.010, 0.006
21.180, 0.175, 0.821, 1.000, 1.000, 1.000, 0.000, 1.000, 0.000, 1.000, 0.000, 0.008, 0.006, 0.010, 0.005, 0.011, 0.006
21.200, 0.442, 0.801, 1.000, 0.000, 1.000, 0.000, 1.000, 0.000, 1.000, 1.000, 0.009, 0.006, 0.010, 0.005, 0.011, 0.006
21.220, 0.688, 0.760, 1.000, 0.000, 1.000, 0.000, 1.000, 0.000, 1.000, 1.000, 0.009, 0.006, 0.010, 0.005, 0.011, 0.006
21.240, 0.826, 0.702, 1.000, 0.000, 1.000, 0.000, 1.000, 0.000, 1.000, 1.000, 0.010, 0.006, 0.010, 0.005, 0.011, 0.006
21.260, 0.875, 0.636, 1.000, 0.000, 1.000, 0.000, 1.000, 0.000, 1.000, 1.000, 0.010, 0.006, 0.010, 0.005, 0.010, 0.006
21.280, 0.886, 0.569, 1.000, 0.000, 1.000, 0.000, 1.000, 0.000, 1.000, 1.000, 0.010, 0.006, 0.010, 0.005, 0.010, 0.006
21.300, 0.885, 0.499, 1.000, 0.000, 1.000, 0.000, 1.000, 0.000, 1.000, 1.000, 0.010, 0.006, 0.010, 0.005, 0.010, 0.006
21.320, 0.881, 0.423, 1.000, 0.000, 1.000, 0.000, 1.000, 0.000, 1.000, 1.000, 0.010, 0.006, 0.010, 0.004, 0.010, 0.006
21.340, 0.874, 0.332, 1.000, 0.000, 1.000, 0.000, 1.000, 0.000, 1.000, 1.000, 0.010, 0.006, 0.010, 0.004, 0.009, 0.006
21.360, 0.866, 0.217, 1.000, 0.000, 1.000, 0.000, 1.000, 0.000, 1.000, 1.000, 0.010, 0.005, 0.010, 0.004, 0.009, 0.006
21.380, 0.855, 0.061, 1.000, 0.000, 1.000, 0.000, 1.000, 0.000, 0.000, 1.000, 0.010, 0.005, 0.010, 0.004, 0.009, 0.007
21.400, 0.838, -0.153, 0.000, 0.000, 1.000, 0.000, 1.000, 0.000, 0.000, 0.000, 0.010, 0.005, 0.010, 0.004, 0.009, 0.007
21.420, 0.811, -0.420, 0.000, 0.000, 1.000, 0.000, 1.000, 1.000, 0.000, 0.000, 0.009, 0.005, 0.009, 0.004, 0.010, 0.007
21.440, 0.769, -0.673, 0.000, 0.000, 1.000, 0.000, 0.000, 1.000, 0.000, 0.000, 0.009, 0.005, 0.009, 0.005, 0.010, 0.007
21.460, 0.710, -0.820, 0.000, 0.000, 1.000, 0.000, 0.066, 1.000, 0.000, 0.000, 0.009, 0.005, 0.009, 0.005, 0.011, 0.008
21.480, 0.644, -0.873, 0.000, 0.000, 1.000, 0.000, 0.139, 1.000, 0.000, 0.000, 0.009, 0.005, 0.009, 0.006, 0.011, 0.008
21.500, 0.489, -0.845, 0.000, 1.000, 0.000, 0.000, 0.000, 1.000, 0.591, 1.000, 0.010, 0.006, 0.009, 0.006, 0.011, 0.007
21.520, 0.319, -0.831, 0.000, 1.000, 0.000, 0.000, 0.000, 1.000, 0.021, 1.000, 0.010, 0.006, 0.009, 0.006, 0.011, 0.008
21.540, 0.098, -0.814, 0.000, 1.000, 0.000, 0.000, 0.000, 1.000, 0.000, 1.000, 0.010, 0.007, 0.009, 0.005, 0.011, 0.008
21.560, -0.213, -0.783, 0.000, 1.000, 0.000, 0.000, 0.000, 1.000, 0.000, 1.000, 0.010, 0.007, 0.009, 0.005, 0.011, 0.007
21.580, -0.545, -0.741, 0.000, 1.000, 0.000, 0.000, 0.000, 1.000, 0.000, 1.000, 0.010, 0.007, 0.009, 0.005, 0.011, 0.007
21.600, -0.768, -0.685, 0.000, 1.000, 0.000, 1.000, 0.000, 1.000, 0.000, 1.000, 0.011, 0.007, 0.010, 0.005, 0.011, 0.007
21.620, -0.853, -0.632, 0.000, 0.000, 0.000, 1.000, 0.557, 1.000, 0.000, 0.000, 0.010, 0.007, 0.010, 0.005, 0.010, 0.007
21.640, -0.888, -0.500, 0.000, 1.000, 0.000, 1.000, 0.000, 1.000, 0.000, 1.000, 0.010, 0.007, 0.010, 0.005, 0.010, 0.007
21.660, -0.885, -0.384, 0.000, 1.000, 0.000, 0.000, 0.000, 1.000, 0.000, 1.000, 0.011, 0.006, 0.010, 0.005, 0.010, 0.007
21.680, -0.877, -0.244, 0.000, 1.000, 0.000, 0.000, 0.000, 1.000, 0.000, 1.000, 0.011, 0.006, 0.009, 0.005, 0.010, 0.007
21.700, -0.866, -0.071, 0.000, 1.000, 0.000, 1.000, 0.000, 1.000, 0.000, 1.000, 0.011, 0.006, 0.010, 0.005, 0.010, 0.007
21.720, -0.851, 0.150, 1.000, 1.000, 0.000, 1.000, 0.000, 1.000, 0.000, 0.000, 0.010, 0.006, 0.010, 0.005, 0.010, 0.007
21.740, -0.827, 0.408, 1.000, 1.000, 0.000, 1.000, 0.000, 1.000, 0.000, 0.000, 0.010, 0.006, 0.010, 0.005, 0.010, 0.007
21.760, -0.794, 0.642, 1.000, 1.000, 0.000, 1.000, 0.000, 1.000, 0.000, 0.000, 0.010, 0.006, 0.011, 0.005, 0.010, 0.007
21.780, -0.753, 0.782, 1.000, 1.000, 0.000, 1.000, 0.000, 1.000, 0.000, 0.000, 0.010, 0.006, 0.010, 0.005, 0.010, 0.007
21.800, -0.712, 0.839, 1.000, 1.000, 0.000, 1.000, 0.000, 1.000, 0.000, 0.000, 0.010, 0.006, 0.010, 0.005, 0.010, 0.006
21.820, -0.680, 0.855, 1.000, 1.000, 0.000, 1.000, 0.000, 1.000, 0.000, 0.000, 0.010, 0.006, 0.010, 0.005, 0.010, 0.006
21.840, -0.654, 0.859, 1.000, 1.000, 0.000, 1.000, 0.000, 1.000, 0.000, 0.000, 0.010, 0.006, 0.009, 0.005, 0.010, 0.006
21.860, -0.611, 0.871, 1.000, 1.000, 0.000, 1.000, 1.000, 1.000, 0.000, 0.000, 0.009, 0.006, 0.009, 0.005, 0.010, 0.006
21.880, -0.546, 0.883, 1.000, 0.000, 0.000, 1.000, 1.000, 0.000, 0.000, 1.000, 0.010, 0.006, 0.009, 0.006, 0.010, 0.006
21.900, -0.483, 0.880, 1.000, 1.000, 0.000, 1.000, 1.000, 0.000, 1.000, 0.000, 0.010, 0.006, 0.009, 0.006, 0.011, 0.007
21.920, -0.426, 0.871, 1.000, 1.000, 0.000, 1.000, 1.000, 0.000, 1.000, 0.000, 0.010, 0.006, 0.009, 0.006, 0.011, 0.007
21.940, -0.366, 0.863, 1.000, 1.000, 0.000, 1.000, 1.000, 0.000, 1.000, 0.000, 0.010, 0.006, 0.009, 0.006, 0.011, 0.008
21.960, -0.297, 0.855, 1.000, 1.000, 0.000, 1.000, 1.000, 0.000, 1.000, 0.000, 0.009, 0.006, 0.009, 0.006, 0.011, 0.008
21.980, -0.183, 0.854, 1.000, 1.000, 1.000, 1.000, 1.000, 0.000, 1.000, 0.000, 0.009, 0.006, 0.009, 0.005, 0.011, 0.008
22.000, -0.017, 0.848, 1.000, 0.000, 1.000, 0.000, 1.000, 0.000, 1.000, 1.000, 0.010, 0.007, 0.010, 0.005, 0.011, 0.007
22.020, 0.211, 0.831, 1.000, 0.000, 1.000, 0.000, 1.000, 0.000, 1.000, 1.000, 0.010, 0.007, 0.010, 0.005, 0.011, 0.007
22.040, 0.484, 0.802, 1.000, 0.000, 1.000, 0.045, 1.000, 0.000, 1.000, 1.000, 0.011, 0.007, 0.010, 0.005, 0.011, 0.007
22.060, 0.717, 0.756, 1.000, 0.000, 1.000, 0.213, 1.000, 0.000, 1.000, 1.000, 0.011, 0.007, 0.010, 0.005, 0.012, 0.007
22.080, 0.838, 0.695, 1.000, 0.000, 1.000, 0.357, 1.000, 0.000, 1.000, 1.000, 0.011, 0.006, 0.010, 0.005, 0.012, 0.007
22.100, 0.878, 0.628, 1.000, 0.000, 1.000, 0.000, 1.000, 0.000, 1.000, 1.000, 0.011, 0.006, 0.011, 0.005, 0.012, 0.007
22.120, 0.887, 0.561, 1.000, 0.000, 1.000, 0.000, 1.000, 0.000, 1.000, 1.000, 0.011, 0.006, 0.011, 0.005, 0.012, 0.007
22.140, 0.885, 0.490, 1.000, 0.000, 1.000, 0.000, 1.000, 0.000, 1.000, 1.000, 0.011, 0.006, 0.011, 0.005, 0.012, 0.007
22.160, 0.880, 0.413, 1.000, 0.000, 1.000, 0.000, 1.000, 0.000, 1.000, 1.000, 0.011, 0.006, 0.011, 0.005, 0.012, 0.007
22.180, 0.874, 0.320, 1.000, 0.000, 1.000, 0.000, 1.000, 0.000, 1.000, 1.000, 0.011, 0.006, 0.011, 0.005, 0.012, 0.007
22.200, 0.865, 0.200, 1.000, 0.000, 1.000, 0.000, 1.000, 0.000, 1.000, 1.000, 0.011, 0.006, 0.011, 0.005, 0.011, 0.007
22.220, 0.853, 0.038, 1.000, 0.000, 1.000, 0.000, 1.000, 0.000, 1.000, 1.000, 0.011, 0.006, 0.011, 0.005, 0.011, 0.007
22.240, 0.835, -0.184, 0.000, 0.000, 1.000, 0.000, 1.000, 0.000, 1.000, 0.000, 0.011, 0.006, 0.011, 0.005, 0.011, 0.007
22.260, 0.807, -0.455, 0.000, 0.000, 1.000, 0.000, 1.000, 0.000, 1.000, 0.000, 0.011, 0.006, 0.011, 0.005, 0.011, 0.007
22.280, 0.762, -0.698, 0.000, 0.000, 1.000, 0.000, 1.000, 0.000, 0.000, 0.000, 0.010, 0.006, 0.011, 0.005, 0.011, 0.007
22.300, 0.702, -0.831, 0.000, 0.000, 1.000, 0.000, 0.000, 0.000, 0.000, 0.000, 0.010, 0.006, 0.011, 0.005, 0.011, 0.008
22.320, 0.635, -0.876, 0.000, 0.210, 1.000, 0.000, 0.000, 0.000, 0.000, 0.210, 0.010, 0.006, 0.011, 0.006, 0.011, 0.008
22.340, 0.568, -0.886, 0.000, 0.000, 1.000, 0.000, 1.000, 0.000, 0.246, 0.000, 0.010, 0.006, 0.010, 0.006, 0.011, 0.008
22.360, 0.498, -0.885, 0.000, 0.000, 1.000, 0.000, 1.000, 1.000, 0.000, 0.000, 0.010, 0.006, 0.010, 0.005, 0.011, 0.008
22.380, 0.421, -0.881, 0.000, 0.000, 1.000, 0.000, 0.000, 1.000, 0.000, 0.000, 0.010, 0.006, 0.010, 0.006, 0.011, 0.008
22.400, 0.330, -0.874, 0.000, 0.000, 1.000, 0.000, 0.044, 1.000, 0.000, 0.000, 0.010, 0.006, 0.010, 0.006, 0.012, 0.008
22.420, 0.214, -0.866, 0.000, 0.000, 1.000, 0.000, 0.000, 1.000, 0.000, 0.000, 0.010, 0.006, 0.010, 0.006, 0.012, 0.008
22.440, -0.202, -0.767, 0.000, 1.000, 0.000, 0.000, 0.000, 1.000, 0.252, 1.000, 0.011, 0.006, 0.010, 0.006, 0.012, 0.008
22.460, -0.588, -0.698, 0.000, 1.000, 0.000, 0.000, 0.000, 1.000, 0.229, 1.000, 0.011, 0.007, 0.010, 0.007, 0.012, 0.008
22.480, -0.800, -0.627, 0.000, 1.000, 0.000, 0.005, 0.000, 1.000, 0.000, 1.000, 0.011, 0.007, 0.010, 0.007, 0.012, 0.008
22.500, -0.868, -0.545, 0.000, 1.000, 0.000, 0.004, 0.000, 1.000, 0.000, 1.000, 0.011, 0.007, 0.010, 0.006, 0.012, 0.008
22.520, -0.884, -0.432, 0.000, 1.000, 0.000, 0.022, 0.000, 1.000, 0.000, 1.000, 0.011, 0.007, 0.010, 0.006, 0.012, 0.007
22.540, -0.881, -0.295, 0.000, 1.000, 0.000, 0.000, 0.000, 1.000, 0.000, 1.000, 0.012, 0.007, 0.010, 0.006, 0.012, 0.007
22.560, -0.871, -0.131, 0.000, 1.000, 0.083, 0.000, 0.000, 1.000, 0.000, 1.000, 0.012, 0.007, 0.010, 0.006, 0.011, 0.007
22.580, -0.857, 0.075, 1.000, 1.000, 0.066, 0.000, 0.000, 1.000, 0.000, 0.000, 0.011, 0.008, 0.010, 0.006, 0.011, 0.007
22.600, -0.837, 0.325, 1.000, 1.000, 0.000, 0.000, 0.000, 1.000, 0.000, 0.000, 0.011, 0.008, 0.010, 0.005, 0.011, 0.007
22.620, -0.797, 0.591, 1.000, 1.000, 0.000, 1.000, 0.000, 1.000, 0.000, 0.000, 0.011, 0.008, 0.010, 0.005, 0.011, 0.007
22.640, -0.754, 0.765, 1.000, 1.000, 0.000, 1.000, 0.000, 1.000, 0.000, 0.000, 0.011, 0.008, 0.011, 0.005, 0.011, 0.007
22.660, -0.722, 0.826, 1.000, 1.000, 0.000, 1.000, 0.000, 1.000, 0.000, 0.000, 0.010, 0.007, 0.011, 0.005, 0.011, 0.007
22.680, -0.693, 0.847, 1.000, 1.000, 0.000, 1.000, 0.000, 1.000, 0.000, 0.000, 0.010, 0.007, 0.011, 0.005, 0.011, 0.007
22.700, -0.671, 0.853, 1.000, 1.000, 0.000, 1.000, 0.000, 1.000, 0.000, 0.000, 0.010, 0.007, 0.011, 0.005, 0.011, 0.007
22.720, -0.653, 0.854, 1.000, 1.000, 0.000, 1.000, 0.000, 1.000, 0.000, 0.000, 0.010, 0.007, 0.010, 0.005, 0.011, 0.007
22.740, -0.644, 0.850, 1.000, 1.000, 0.000, 1.000, 0.000, 1.000, 0.000, 0.000, 0.010, 0.007, 0.010, 0.005, 0.011, 0.007
22.760, -0.638, 0.848, 1.000, 1.000, 0.000, 1.000, 0.000, 1.000, 0.000, 0.000, 0.010, 0.007, 0.010, 0.005, 0.011, 0.007
22.780, -0.637, 0.846, 1.000, 1.000, 0.000, 1.000, 0.000, 1.000, 1.000, 0.000, 0.010, 0.007, 0.010, 0.005, 0.011, 0.008
22.800, -0.643, 0.840, 1.000, 1.000, 0.000, 0.000, 0.000, 0.000, 1.000, 0.000, 0.010, 0.007, 0.010, 0.005, 0.011, 0.008
22.820, -0.647, 0.840, 1.000, 1.000, 0.000, 0.000, 0.000, 0.000, 1.000, 0.000, 0.010, 0.006, 0.011, 0.005, 0.012, 0.008
22.840, -0.646, 0.842, 1.000, 1.000, 0.000, 0.000, 0.000, 0.811, 1.000, 0.000, 0.010, 0.006, 0.011, 0.005, 0.011, 0.008
22.860, -0.645, 0.843, 1.000, 1.000, 0.000, 0.210, 0.000, 0.000, 1.000, 0.000, 0.010, 0.006, 0.011, 0.005, 0.012, 0.009
22.880, -0.633, 0.850, 1.000, 1.000, 0.000, 1.000, 1.000, 0.000, 1.000, 0.000, 0.010, 0.006, 0.011, 0.006, 0.012, 0.008
22.900, -0.596, 0.866, 1.000, 1.000, 0.000, 1.000, 1.000, 0.000, 1.000, 0.000, 0.010, 0.006, 0.010, 0.006, 0.012, 0.008
22.920, -0.544, 0.876, 1.000, 1.000, 0.000, 1.000, 1.000, 0.000, 1.000, 0.000, 0.010, 0.006, 0.010, 0.006, 0.012, 0.008
22.940, -0.479, 0.879, 1.000, 1.000, 0.000, 1.000, 1.000, 0.000, 1.000, 0.000, 0.010, 0.006, 0.010, 0.006, 0.012, 0.007
22.960, -0.405, 0.876, 1.000, 1.000, 0.000, 1.000, 1.000, 0.000, 1.000, 0.000, 0.010, 0.006, 0.010, 0.006, 0.012, 0.007
22.980, -0.319, 0.869, 1.000, 1.000, 0.000, 1.000, 1.000, 0.000, 1.000, 0.000, 0.010, 0.006, 0.010, 0.006, 0.013, 0.007
23.000, -0.215, 0.859, 1.000, 1.000, 0.000, 1.000, 1.000, 0.000, 1.000, 0.000, 0.010, 0.006, 0.010, 0.006, 0.013, 0.007
23.020, -0.080, 0.846, 1.000, 1.000, 0.000, 1.000, 1.000, 0.000, 1.000, 0.000, 0.010, 0.006, 0.010, 0.005, 0.013, 0.007
23.040, 0.070, 0.820, 1.000, 1.000, 1.000, 0.000, 1.000, 0.000, 1.000, 0.000, 0.010, 0.007, 0.011, 0.005, 0.013, 0.007
23.060, 0.316, 0.810, 1.000, 0.000, 1.000, 0.000, 1.000, 0.000, 1.000, 1.000, 0.010, 0.007, 0.011, 0.005, 0.013, 0.007
23.080, 0.585, 0.780, 1.000, 0.000, 1.000, 0.000, 1.000, 0.000, 1.000, 1.000, 0.011, 0.008, 0.011, 0.005, 0.013, 0.007
23.100, 0.777, 0.730, 1.000, 0.000, 1.000, 0.000, 1.000, 0.000, 1.000, 1.000, 0.011, 0.007, 0.011, 0.005, 0.013, 0.007
23.120, 0.860, 0.667, 1.000, 0.000, 1.000, 0.000, 1.000, 0.000, 1.000, 1.000, 0.011, 0.007, 0.011, 0.005, 0.013, 0.007
23.140, 0.883, 0.600, 1.000, 0.000, 1.000, 0.000, 1.000, 0.000, 1.000, 1.000, 0.011, 0.007, 0.012, 0.005, 0.012, 0.007
23.160, 0.886, 0.531, 1.000, 0.000, 1.000, 0.000, 1.000, 0.000, 0.000, 1.000, 0.011, 0.007, 0.012, 0.005, 0.012, 0.008
23.180, 0.883, 0.459, 1.000, 0.000, 1.000, 0.000, 1.000, 0.000, 0.000, 1.000, 0.012, 0.007, 0.012, 0.005, 0.012, 0.008
23.200, 0.877, 0.376, 1.000, 0.000, 1.000, 0.000, 1.000, 0.000, 0.000, 1.000, 0.012, 0.006, 0.012, 0.005, 0.012, 0.008
23.220, 0.870, 0.273, 1.000, 0.000, 1.000, 0.000, 1.000, 0.000, 0.000, 1.000, 0.012, 0.006, 0.012, 0.005, 0.012, 0.009
23.240, 0.860, 0.138, 1.000, 0.000, 1.000, 0.000, 1.000, 0.000, 0.190, 1.000, 0.012, 0.006, 0.011, 0.005, 0.012, 0.009
23.260, 0.846, -0.048, 0.000, 0.008, 1.000, 0.000, 0.000, 0.000, 1.000, 0.008, 0.011, 0.006, 0.011, 0.006, 0.012, 0.008
23.280, 0.825, -0.295, 0.000, 0.176, 1.000, 0.000, 0.000, 0.000, 0.619, 0.176, 0.011, 0.006, 0.011, 0.006, 0.012, 0.008
23.300, 0.790, -0.567, 0.000, 0.000, 1.000, 0.000, 0.000, 1.000, 0.000, 0.000, 0.011, 0.006, 0.011, 0.006, 0.012, 0.008
23.320, 0.739, -0.768, 0.000, 0.000, 1.000, 0.000, 0.000, 1.000, 0.000, 0.000, 0.011, 0.006, 0.011, 0.007, 0.012, 0.009
23.340, 0.675, -0.857, 0.000, 0.000, 1.000, 0.000, 0.000, 1.000, 0.000, 0.000, 0.011, 0.006, 0.011, 0.007, 0.013, 0.009
23.360, 0.607, -0.883, 0.000, 0.000, 1.000, 0.000, 0.012, 1.000, 0.000, 0.000, 0.010, 0.006, 0.010, 0.007, 0.013, 0.008
23.380, 0.539, -0.887, 0.000, 0.000, 1.000, 0.000, 0.194, 1.000, 0.000, 0.000, 0.010, 0.006, 0.010, 0.007, 0.013, 0.008
23.400, 0.460, -0.881, 0.000, 1.000, 1.000, 0.000, 0.000, 1.000, 0.000, 1.000, 0.011, 0.006, 0.010, 0.007, 0.013, 0.008
23.420, 0.110, -0.779, 0.000, 1.000, 0.000, 0.000, 1.000, 1.000, 0.511, 1.000, 0.011, 0.007, 0.010, 0.007, 0.013, 0.008
23.440, -0.240, -0.746, 0.000, 1.000, 0.000, 0.000, 0.000, 1.000, 0.075, 1.000, 0.012, 0.007, 0.010, 0.006, 0.013, 0.008
23.460, -0.592, -0.698, 0.000, 1.000, 0.000, 0.023, 0.000, 1.000, 0.000, 1.000, 0.012, 0.007, 0.010, 0.006, 0.013, 0.008
23.480, -0.810, -0.610, 0.000, 1.000, 0.000, 0.000, 0.000, 1.000, 0.000, 1.000, 0.012, 0.008, 0.010, 0.006, 0.013, 0.008
23.500, -0.873, -0.514, 0.000, 1.000, 0.000, 0.000, 0.000, 1.000, 0.000, 1.000, 0.012, 0.008, 0.010, 0.006, 0.012, 0.008
23.520, -0.881, -0.413, 0.000, 1.000, 0.000, 0.000, 0.000, 1.000, 0.000, 1.000, 0.012, 0.008, 0.010, 0.006, 0.012, 0.008
23.540, -0.878, -0.279, 0.000, 1.000, 0.000, 0.000, 0.000, 1.000, 0.000, 1.000, 0.012, 0.008, 0.010, 0.006, 0.012, 0.008
23.560, -0.869, -0.114, 0.000, 1.000, 0.000, 0.000, 0.000, 1.000, 0.000, 1.000, 0.012, 0.008, 0.010, 0.006, 0.012, 0.008
23.580, -0.856, 0.097, 1.000, 1.000, 0.077, 0.000, 0.000, 1.000, 0.000, 0.000, 0.012, 0.008, 0.010, 0.006, 0.012, 0.008
23.600, -0.832, 0.352, 1.000, 1.000, 0.000, 1.000, 0.000, 1.000, 0.000, 0.000, 0.011, 0.008, 0.011, 0.006, 0.012, 0.008
23.620, -0.789, 0.619, 1.000, 0.665, 0.000, 1.000, 0.647, 1.000, 0.000, 0.335, 0.011, 0.008, 0.011, 0.006, 0.012, 0.007
23.640, -0.757, 0.765, 1.000, 1.000, 0.000, 1.000, 0.000, 1.000, 1.000, 0.000, 0.011, 0.008, 0.011, 0.006, 0.012, 0.008
23.660, -0.729, 0.821, 1.000, 1.000, 0.000, 1.000, 0.000, 0.000, 1.000, 0.000, 0.011, 0.008, 0.011, 0.006, 0.012, 0.008
23.680, -0.707, 0.838, 1.000, 1.000, 0.000, 0.000, 0.000, 0.000, 1.000, 0.000, 0.011, 0.008, 0.011, 0.006, 0.013, 0.009
23.700, -0.688, 0.845, 1.000, 1.000, 0.000, 0.000, 0.000, 1.000, 1.000, 0.000, 0.011, 0.007, 0.011, 0.006, 0.012, 0.009
23.720, -0.666, 0.853, 1.000, 1.000, 0.000, 1.000, 0.000, 1.000, 1.000, 0.000, 0.011, 0.007, 0.011, 0.006, 0.012, 0.009
23.740, -0.657, 0.849, 1.000, 1.000, 0.000, 1.000, 0.000, 1.000, 1.000, 0.000, 0.011, 0.007, 0.011, 0.006, 0.012, 0.009
23.760, -0.651, 0.847, 1.000, 1.000, 0.000, 1.000, 0.000, 1.000, 1.000, 0.000, 0.011, 0.007, 0.011, 0.006, 0.012, 0.009
23.780, -0.649, 0.844, 1.000, 1.000, 0.000, 1.000, 0.000, 0.934, 1.000, 0.000, 0.011, 0.007, 0.010, 0.006, 0.012, 0.008
23.800, -0.648, 0.843, 1.000, 1.000, 0.000, 1.000, 0.000, 0.550, 1.000, 0.000, 0.011, 0.007, 0.010, 0.006, 0.012, 0.008
23.820, -0.647, 0.843, 1.000, 1.000, 0.000, 1.000, 0.000, 0.153, 1.000, 0.000, 0.011, 0.007, 0.010, 0.006, 0.012, 0.008
23.840, -0.645, 0.844, 1.000, 1.000, 0.000, 1.000, 0.000, 0.557, 1.000, 0.000, 0.011, 0.007, 0.010, 0.006, 0.012, 0.008
23.860, -0.650, 0.840, 1.000, 1.000, 0.000, 0.000, 0.000, 0.000, 1.000, 0.000, 0.011, 0.007, 0.011, 0.006, 0.013, 0.008
23.880, -0.654, 0.838, 1.000, 1.000, 0.000, 0.000, 0.000, 0.000, 1.000, 0.000, 0.011, 0.007, 0.011, 0.006, 0.013, 0.008
23.900, -0.656, 0.839, 1.000, 1.000, 0.000, 0.000, 0.000, 0.000, 1.000, 0.000, 0.011, 0.007, 0.011, 0.007, 0.013, 0.008
23.920, -0.654, 0.842, 1.000, 1.000, 0.000, 0.000, 0.000, 0.000, 1.000, 0.000, 0.010, 0.007, 0.012, 0.007, 0.013, 0.008
23.940, -0.650, 0.844, 1.000, 1.000, 0.000, 0.000, 0.000, 0.000, 1.000, 0.000, 0.010, 0.007, 0.012, 0.007, 0.013, 0.008
23.960, -0.604, 0.869, 1.000, 1.000, 1.000, 0.000, 0.000, 0.000, 1.000, 0.000, 0.010, 0.007, 0.012, 0.007, 0.013, 0.008
23.980, -0.612, 0.847, 1.000, 1.000, 0.000, 0.000, 0.000, 0.000, 1.000, 0.000, 0.010, 0.007, 0.012, 0.007, 0.014, 0.008
24.000, -0.570, 0.867, 1.000, 1.000, 1.000, 0.000, 1.000, 0.000, 1.000, 0.000, 0.010, 0.008, 0.012, 0.007, 0.014, 0.008
24.020, -0.505, 0.880, 1.000, 0.000, 1.000, 0.000, 1.000, 0.000, 1.000, 1.000, 0.011, 0.008, 0.012, 0.006, 0.014, 0.008
24.040, -0.430, 0.879, 1.000, 0.000, 1.000, 0.000, 1.000, 0.000, 1.000, 1.000, 0.011, 0.008, 0.012, 0.006, 0.014, 0.008
24.060, -0.342, 0.874, 1.000, 0.000, 1.000, 0.000, 1.000, 0.000, 1.000, 1.000, 0.012, 0.008, 0.012, 0.006, 0.013, 0.008
24.080, -0.230, 0.867, 1.000, 0.000, 1.000, 0.000, 1.000, 0.000, 1.000, 1.000, 0.012, 0.008, 0.012, 0.006, 0.013, 0.008
24.100, -0.079, 0.856, 1.000, 0.000, 1.000, 0.000, 1.000, 0.000, 1.000, 1.000, 0.012, 0.008, 0.012, 0.006, 0.013, 0.008
24.120, 0.129, 0.840, 1.000, 0.000, 1.000, 0.000, 1.000, 0.000, 1.000, 1.000, 0.012, 0.007, 0.012, 0.006, 0.013, 0.008
24.140, 0.393, 0.814, 1.000, 0.000, 1.000, 0.000, 1.000, 0.000, 0.000, 1.000, 0.012, 0.007, 0.012, 0.006, 0.012, 0.008
24.160, 0.652, 0.774, 1.000, 0.000, 1.000, 0.000, 1.000, 0.000, 0.000, 1.000, 0.012, 0.007, 0.011, 0.006, 0.012, 0.008
24.180, 0.811, 0.717, 1.000, 0.000, 1.000, 0.000, 1.000, 0.000, 0.000, 1.000, 0.012, 0.007, 0.011, 0.006, 0.012, 0.009
24.200, 0.871, 0.651, 1.000, 0.000, 1.000, 0.000, 1.000, 0.000, 0.000, 1.000, 0.012, 0.007, 0.011, 0.006, 0.012, 0.009
24.220, 0.886, 0.583, 1.000, 0.000, 1.000, 0.000, 1.000, 0.000, 0.175, 1.000, 0.012, 0.007, 0.011, 0.006, 0.012, 0.009
24.240, 0.886, 0.514, 1.000, 0.052, 1.000, 0.000, 0.000, 0.000, 0.000, 0.948, 0.012, 0.007, 0.011, 0.006, 0.012, 0.009
24.260, 0.882, 0.439, 1.000, 0.321, 1.000, 0.000, 0.000, 1.000, 0.000, 0.679, 0.012, 0.007, 0.011, 0.007, 0.013, 0.009
24.280, 0.876, 0.352, 1.000, 0.000, 1.000, 0.000, 0.000, 1.000, 0.000, 1.000, 0.012, 0.007, 0.011, 0.007, 0.013, 0.009
24.300, 0.868, 0.242, 1.000, 0.029, 1.000, 0.000, 0.000, 1.000, 0.000, 0.971, 0.013, 0.007, 0.011, 0.007, 0.013, 0.009
24.320, 0.857, 0.095, 1.000, 0.000, 1.000, 0.000, 0.000, 1.000, 0.000, 1.000, 0.013, 0.007, 0.011, 0.007, 0.014, 0.010
24.340, 0.842, -0.106, 0.000, 0.000, 1.000, 0.000, 0.086, 1.000, 0.000, 0.000, 0.012, 0.007, 0.011, 0.008, 0.014, 0.009
24.360, 0.817, -0.366, 0.000, 0.000, 1.000, 0.000, 0.184, 1.000, 0.000, 0.000, 0.012, 0.007, 0.011, 0.008, 0.014, 0.009
24.380, 0.779, -0.630, 0.000, 0.000, 1.000, 0.000, 0.020, 1.000, 0.000, 0.000, 0.012, 0.007, 0.011, 0.008, 0.014, 0.008
24.400, 0.723, -0.801, 0.000, 0.000, 1.000, 0.000, 0.000, 1.000, 0.000, 0.000, 0.011, 0.007, 0.011, 0.008, 0.014, 0.008
24.420, 0.649, -0.862, 0.000, 1.000, 1.000, 0.000, 0.000, 1.000, 0.000, 1.000, 0.012, 0.007, 0.011, 0.008, 0.013, 0.008
24.440, 0.450, -0.815, 0.000, 1.000, 0.000, 0.000, 1.000, 1.000, 0.525, 1.000, 0.012, 0.008, 0.011, 0.008, 0.013, 0.009
24.460, 0.213, -0.792, 0.000, 1.000, 0.000, 0.000, 0.000, 1.000, 0.000, 1.000, 0.013, 0.008, 0.011, 0.007, 0.013, 0.008
24.480, -0.057, -0.781, 0.000, 1.000, 0.000, 0.000, 0.000, 1.000, 0.000, 1.000, 0.013, 0.008, 0.011, 0.007, 0.013, 0.008
24.500, -0.394, -0.751, 0.000, 1.000, 0.000, 0.000, 0.000, 1.000, 0.000, 1.000, 0.013, 0.008, 0.011, 0.007, 0.013, 0.008
24.520, -0.717, -0.672, 0.000, 1.000, 0.000, 0.000, 0.000, 1.000, 0.000, 1.000, 0.013, 0.008, 0.011, 0.007, 0.013, 0.008
24.540, -0.851, -0.579, 0.000, 1.000, 0.000, 0.000, 0.000, 1.000, 0.000, 1.000, 0.013, 0.009, 0.010, 0.007, 0.013, 0.008
24.560, -0.881, -0.475, 0.000, 1.000, 0.000, 0.000, 0.000, 1.000, 0.000, 1.000, 0.013, 0.009, 0.011, 0.007, 0.012, 0.008
24.580, -0.883, -0.349, 0.000, 1.000, 0.000, 0.000, 0.000, 1.000, 0.000, 1.000, 0.013, 0.009, 0.011, 0.007, 0.012, 0.008
24.600, -0.875, -0.199, 0.000, 1.000, 0.135, 0.000, 0.000, 1.000, 0.000, 1.000, 0.013, 0.009, 0.012, 0.007, 0.012, 0.008
24.620, -0.857, -0.033, 0.000, 0.000, 0.000, 1.000, 0.604, 1.000, 0.000, 0.000, 0.013, 0.009, 0.011, 0.007, 0.012, 0.008
24.640, -0.846, 0.195, 1.000, 1.000, 0.000, 1.000, 0.000, 0.497, 1.000, 0.000, 0.012, 0.009, 0.011, 0.007, 0.013, 0.009
24.660, -0.829, 0.444, 1.000, 1.000, 0.000, 0.000, 0.000, 0.000, 1.000, 0.000, 0.012, 0.009, 0.011, 0.007, 0.013, 0.009
24.680, -0.800, 0.651, 1.000, 1.000, 0.000, 0.000, 0.000, 0.000, 1.000, 0.000, 0.012, 0.009, 0.012, 0.007, 0.013, 0.009
24.700, -0.766, 0.771, 1.000, 1.000, 0.000, 0.000, 0.000, 1.000, 1.000, 0.000, 0.012, 0.008, 0.012, 0.007, 0.013, 0.009
24.720, -0.733, 0.823, 1.000, 1.000, 0.000, 1.000, 0.000, 1.000, 1.000, 0.000, 0.012, 0.008, 0.011, 0.007, 0.013, 0.010
24.740, -0.710, 0.838, 1.000, 1.000, 0.000, 0.539, 0.000, 0.585, 1.000, 0.000, 0.012, 0.008, 0.011, 0.007, 0.013, 0.009
24.760, -0.695, 0.842, 1.000, 1.000, 0.000, 0.895, 0.000, 0.670, 1.000, 0.000, 0.012, 0.008, 0.011, 0.007, 0.013, 0.009
24.780, -0.685, 0.842, 1.000, 1.000, 0.000, 1.000, 0.000, 0.000, 1.000, 0.000, 0.012, 0.008, 0.011, 0.007, 0.013, 0.009
24.800, -0.683, 0.838, 1.000, 1.000, 0.000, 0.000, 0.000, 0.000, 1.000, 0.000, 0.012, 0.008, 0.011, 0.007, 0.013, 0.008
24.820, -0.682, 0.837, 1.000, 1.000, 0.000, 0.000, 0.000, 0.000, 1.000, 0.000, 0.012, 0.008, 0.012, 0.006, 0.014, 0.008
24.840, -0.677, 0.839, 1.000, 1.000, 0.000, 0.000, 0.000, 0.000, 1.000, 0.000, 0.012, 0.008, 0.012, 0.006, 0.014, 0.008
24.860, -0.674, 0.839, 1.000, 1.000, 0.000, 0.000, 0.000, 0.000, 1.000, 0.000, 0.012, 0.008, 0.012, 0.006, 0.014, 0.008
24.880, -0.676, 0.837, 1.000, 1.000, 0.000, 0.000, 0.000, 0.000, 1.000, 0.000, 0.012, 0.008, 0.012, 0.007, 0.014, 0.008
24.900, -0.680, 0.833, 1.000, 1.000, 0.000, 0.000, 0.000, 0.000, 1.000, 0.000, 0.011, 0.008, 0.012, 0.007, 0.014, 0.008
24.920, -0.683, 0.832, 1.000, 1.000, 0.000, 0.000, 0.000, 0.000, 1.000, 0.000, 0.011, 0.008, 0.012, 0.008, 0.014, 0.008
24.940, -0.682, 0.835, 1.000, 1.000, 0.000, 0.000, 0.000, 0.000, 1.000, 0.000, 0.011, 0.008, 0.013, 0.008, 0.014, 0.008
24.960, -0.634, 0.868, 1.000, 1.000, 1.000, 0.000, 0.000, 0.000, 1.000, 0.000, 0.011, 0.008, 0.013, 0.008, 0.014, 0.008
24.980, -0.636, 0.848, 1.000, 1.000, 1.000, 0.000, 0.000, 0.000, 1.000, 0.000, 0.011, 0.009, 0.013, 0.008, 0.014, 0.008
25.000, -0.620, 0.855, 1.000, 1.000, 0.000, 0.000, 1.000, 0.000, 1.000, 0.000, 0.011, 0.008, 0.013, 0.008, 0.014, 0.008
25.020, -0.619, 0.848, 1.000, 1.000, 0.000, 0.000, 0.000, 0.000, 1.000, 0.000, 0.011, 0.008, 0.012, 0.008, 0.013, 0.008
25.040, -0.632, 0.838, 1.000, 1.000, 0.000, 0.000, 0.000, 0.000, 1.000, 0.000, 0.011, 0.008, 0.012, 0.008, 0.013, 0.008
25.060, -0.644, 0.835, 1.000, 1.000, 1.000, 0.000, 1.000, 0.000, 1.000, 0.000, 0.011, 0.008, 0.012, 0.008, 0.013, 0.008
25.080, -0.645, 0.840, 1.000, 1.000, 1.000, 0.000, 1.000, 0.000, 1.000, 0.000, 0.011, 0.009, 0.012, 0.007, 0.013, 0.008
25.100, -0.621, 0.856, 1.000, 1.000, 1.000, 0.000, 1.000, 0.000, 1.000, 0.000, 0.011, 0.009, 0.011, 0.007, 0.013, 0.008
25.120, -0.563, 0.877, 1.000, 1.000, 1.000, 0.000, 1.000, 0.000, 1.000, 0.000, 0.011, 0.008, 0.011, 0.007, 0.013, 0.008
25.140, -0.495, 0.882, 1.000, 0.000, 1.000, 0.000, 1.000, 0.000, 1.000, 1.000, 0.012, 0.008, 0.011, 0.007, 0.013, 0.008
25.160, -0.418, 0.880, 1.000, 0.000, 1.000, 0.000, 1.000, 0.000, 1.000, 1.000, 0.012, 0.008, 0.011, 0.007, 0.013, 0.008
25.180, -0.450, 0.831, 1.000, 1.000, 0.000, 0.000, 0.000, 0.000, 1.000, 0.000, 0.012, 0.009, 0.011, 0.008, 0.013, 0.008
25.200, -0.474, 0.823, 1.000, 1.000, 0.000, 0.000, 0.000, 0.000, 1.000, 0.000, 0.011, 0.009, 0.011, 0.008, 0.013, 0.008
25.220, -0.491, 0.826, 1.000, 1.000, 0.000, 0.000, 0.000, 0.000, 1.000, 0.000, 0.011, 0.009, 0.011, 0.008, 0.013, 0.008
25.240, -0.504, 0.830, 1.000, 1.000, 0.000, 0.000, 0.000, 0.000, 1.000, 0.000, 0.011, 0.009, 0.011, 0.008, 0.013, 0.008
25.260, -0.516, 0.833, 1.000, 1.000, 0.000, 0.078, 0.000, 1.000, 1.000, 0.000, 0.011, 0.009, 0.011, 0.009, 0.013, 0.008
25.280, -0.520, 0.838, 1.000, 1.000, 0.000, 0.000, 0.000, 1.000, 0.000, 0.000, 0.011, 0.009, 0.011, 0.009, 0.014, 0.008
25.300, -0.522, 0.840, 1.000, 1.000, 0.000, 0.000, 0.000, 1.000, 0.000, 0.000, 0.011, 0.010, 0.011, 0.009, 0.014, 0.009
25.320, -0.526, 0.840, 1.000, 1.000, 0.000, 0.000, 0.000, 1.000, 0.000, 0.000, 0.011, 0.010, 0.011, 0.009, 0.014, 0.009
25.340, -0.478, 0.862, 1.000, 1.000, 1.000, 1.000, 0.000, 1.000, 0.000, 0.000, 0.011, 0.009, 0.012, 0.009, 0.014, 0.009
25.360, -0.433, 0.862, 1.000, 1.000, 0.000, 1.000, 0.000, 1.000, 0.000, 0.000, 0.011, 0.009, 0.012, 0.008, 0.014, 0.009
25.380, -0.432, 0.841, 1.000, 1.000, 0.000, 1.000, 0.000, 1.000, 0.000, 0.000, 0.011, 0.010, 0.012, 0.008, 0.013, 0.009
25.400, -0.425, 0.836, 1.000, 1.000, 0.000, 1.000, 0.000, 1.000, 0.000, 0.000, 0.011, 0.010, 0.012, 0.008, 0.013, 0.010
25.420, -0.430, 0.830, 1.000, 1.000, 0.000, 1.000, 0.000, 1.000, 0.000, 0.000, 0.011, 0.010, 0.013, 0.008, 0.013, 0.010
25.440, -0.463, 0.816, 1.000, 1.000, 0.000, 1.000, 0.000, 1.000, 0.000, 0.000, 0.011, 0.010, 0.012, 0.008, 0.013, 0.010
25.460, -0.497, 0.815, 1.000, 1.000, 0.000, 1.000, 0.000, 1.000, 0.000, 0.000, 0.011, 0.010, 0.012, 0.008, 0.013, 0.010
25.480, -0.524, 0.821, 1.000, 1.000, 0.000, 1.000, 0.000, 1.000, 0.000, 0.000, 0.011, 0.010, 0.012, 0.008, 0.013, 0.010
25.500, -0.545, 0.827, 1.000, 1.000, 0.000, 1.000, 0.000, 1.000, 0.000, 0.000, 0.011, 0.010, 0.011, 0.008, 0.013, 0.009
25.520, -0.559, 0.833, 1.000, 1.000, 0.000, 1.000, 0.000, 1.000, 0.000, 0.000, 0.011, 0.010, 0.011, 0.008, 0.013, 0.009
25.540, -0.568, 0.837, 1.000, 1.000, 0.000, 1.000, 0.000, 1.000, 0.000, 0.000, 0.011, 0.010, 0.011, 0.007, 0.013, 0.009
25.560, -0.571, 0.842, 1.000, 1.000, 0.000, 1.000, 0.000, 1.000, 0.000, 0.000, 0.011, 0.010, 0.011, 0.007, 0.013, 0.009
25.580, -0.569, 0.846, 1.000, 1.000, 0.000, 1.000, 0.000, 1.000, 0.000, 0.000, 0.011, 0.010, 0.011, 0.007, 0.013, 0.009
25.600, -0.565, 0.848, 1.000, 1.000, 0.000, 1.000, 0.000, 1.000, 0.000, 0.000, 0.011, 0.009, 0.011, 0.007, 0.013, 0.009
25.620, -0.565, 0.846, 1.000, 1.000, 0.000, 1.000, 0.000, 1.000, 0.000, 0.000, 0.011, 0.009, 0.011, 0.007, 0.012, 0.008
25.640, -0.563, 0.847, 1.000, 1.000, 0.000, 1.000, 0.000, 1.000, 0.000, 0.000, 0.011, 0.009, 0.011, 0.007, 0.012, 0.008
25.660, -0.559, 0.848, 1.000, 1.000, 0.000, 1.000, 0.000, 1.000, 0.000, 0.000, 0.011, 0.009, 0.011, 0.007, 0.012, 0.008
25.680, -0.552, 0.849, 1.000, 1.000, 0.000, 1.000, 0.000, 1.000, 0.000, 0.000, 0.010, 0.009, 0.011, 0.007, 0.012, 0.008
25.700, -0.545, 0.849, 1.000, 1.000, 0.000, 1.000, 0.000, 1.000, 0.000, 0.000, 0.010, 0.009, 0.011, 0.007, 0.012, 0.008
25.720, -0.538, 0.849, 1.000, 1.000, 0.000, 1.000, 0.000, 1.000, 0.000, 0.000, 0.010, 0.009, 0.011, 0.007, 0.012, 0.008
25.740, -0.527, 0.851, 1.000, 1.000, 0.000, 1.000, 0.000, 1.000, 0.000, 0.000, 0.010, 0.009, 0.011, 0.007, 0.012, 0.008
25.760, -0.513, 0.851, 1.000, 1.000, 0.000, 1.000, 0.000, 1.000, 0.000, 0.000, 0.010, 0.009, 0.011, 0.007, 0.012, 0.008
25.780, -0.483, 0.857, 1.000, 1.000, 0.000, 0.000, 0.000, 1.000, 0.000, 0.000, 0.010, 0.009, 0.011, 0.007, 0.012, 0.008
25.800, -0.497, 0.838, 1.000, 1.000, 0.000, 0.000, 0.000, 1.000, 1.000, 0.000, 0.010, 0.009, 0.012, 0.008, 0.012, 0.009
25.820, -0.497, 0.840, 1.000, 1.000, 1.000, 0.000, 0.000, 0.000, 1.000, 0.000, 0.010, 0.009, 0.012, 0.008, 0.013, 0.009
25.840, -0.431, 0.865, 1.000, 0.000, 1.000, 0.000, 0.177, 0.000, 1.000, 1.000, 0.011, 0.010, 0.012, 0.008, 0.013, 0.009
25.860, -0.346, 0.870, 1.000, 0.000, 1.000, 0.000, 0.132, 0.000, 1.000, 1.000, 0.011, 0.010, 0.012, 0.008, 0.013, 0.010
25.880, -0.398, 0.810, 1.000, 1.000, 0.000, 0.000, 0.000, 1.000, 1.000, 0.000, 0.011, 0.010, 0.012, 0.009, 0.013, 0.010
25.900, -0.365, 0.832, 1.000, 1.000, 0.000, 0.543, 1.000, 0.000, 0.000, 0.000, 0.011, 0.009, 0.012, 0.008, 0.013, 0.010
25.920, -0.334, 0.833, 1.000, 1.000, 1.000, 0.000, 1.000, 0.000, 1.000, 0.000, 0.010, 0.010, 0.012, 0.008, 0.013, 0.009
25.940, -0.231, 0.851, 1.000, 0.000, 1.000, 0.000, 1.000, 0.000, 1.000, 1.000, 0.011, 0.010, 0.013, 0.008, 0.014, 0.009
25.960, -0.130, 0.837, 1.000, 1.000, 1.000, 0.000, 1.000, 0.000, 1.000, 0.000, 0.011, 0.010, 0.013, 0.008, 0.014, 0.009
25.980, -0.020, 0.814, 1.000, 1.000, 1.000, 0.000, 1.000, 0.000, 1.000, 0.000, 0.011, 0.010, 0.012, 0.008, 0.014, 0.009
26.000, 0.122, 0.791, 1.000, 1.000, 1.000, 0.000, 1.000, 0.000, 1.000, 0.000, 0.010, 0.010, 0.012, 0.008, 0.014, 0.009
26.020, 0.374, 0.791, 1.000, 0.000, 1.000, 0.000, 1.000, 0.000, 1.000, 1.000, 0.011, 0.009, 0.012, 0.007, 0.014, 0.009
26.040, 0.632, 0.763, 1.000, 0.000, 1.000, 0.000, 1.000, 0.000, 1.000, 1.000, 0.011, 0.009, 0.011, 0.007, 0.014, 0.009
26.060, 0.800, 0.712, 1.000, 0.000, 1.000, 0.000, 1.000, 0.000, 1.000, 1.000, 0.012, 0.009, 0.011, 0.007, 0.014, 0.009
26.080, 0.867, 0.648, 1.000, 0.000, 1.000, 0.000, 1.000, 0.000, 1.000, 1.000, 0.012, 0.009, 0.011, 0.007, 0.014, 0.009
26.100, 0.884, 0.582, 1.000, 0.000, 1.000, 0.000, 1.000, 0.000, 1.000, 1.000, 0.012, 0.009, 0.011, 0.007, 0.014, 0.008
26.120, 0.886, 0.513, 1.000, 0.000, 1.000, 0.000, 1.000, 0.000, 1.000, 1.000, 0.012, 0.009, 0.011, 0.007, 0.014, 0.008
26.140, 0.882, 0.438, 1.000, 0.000, 1.000, 0.000, 1.000, 0.000, 1.000, 1.000, 0.012, 0.009, 0.011, 0.007, 0.014, 0.008
26.160, 0.876, 0.351, 1.000, 0.000, 1.000, 0.000, 1.000, 0.000, 1.000, 1.000, 0.012, 0.009, 0.011, 0.007, 0.014, 0.008
26.180, 0.868, 0.242, 1.000, 0.000, 1.000, 0.000, 1.000, 0.000, 1.000, 1.000, 0.012, 0.009, 0.011, 0.007, 0.014, 0.008
26.200, 0.857, 0.095, 1.000, 0.000, 1.000, 0.000, 0.000, 0.000, 0.000, 1.000, 0.012, 0.009, 0.011, 0.008, 0.014, 0.009
26.220, 0.842, -0.106, 0.000, 0.000, 1.000, 0.000, 1.000, 0.000, 0.000, 0.000, 0.012, 0.009, 0.011, 0.008, 0.013, 0.009
26.240, 0.817, -0.367, 0.000, 0.000, 1.000, 0.000, 1.000, 0.000, 0.000, 0.000, 0.011, 0.009, 0.011, 0.007, 0.013, 0.010
26.260, 0.778, -0.630, 0.000, 0.000, 1.000, 0.000, 1.000, 0.000, 0.000, 0.000, 0.011, 0.009, 0.011, 0.007, 0.013, 0.010
26.280, 0.723, -0.801, 0.000, 0.000, 1.000, 0.000, 0.717, 1.000, 0.000, 0.000, 0.011, 0.009, 0.011, 0.008, 0.014, 0.010
26.300, 0.657, -0.868, 0.000, 0.000, 1.000, 0.000, 0.000, 1.000, 0.000, 0.000, 0.011, 0.009, 0.011, 0.008, 0.014, 0.010
26.320, 0.590, -0.885, 0.000, 0.000, 1.000, 0.000, 0.136, 1.000, 0.000, 0.000, 0.011, 0.009, 0.011, 0.008, 0.014, 0.010
26.340, 0.521, -0.886, 0.000, 0.000, 1.000, 0.000, 0.000, 1.000, 0.000, 0.000, 0.011, 0.009, 0.011, 0.008, 0.014, 0.010
26.360, 0.391, -0.863, 0.000, 1.000, 1.000, 0.000, 0.000, 1.000, 0.000, 1.000, 0.011, 0.009, 0.011, 0.009, 0.015, 0.010
26.380, 0.056, -0.784, 0.000, 1.000, 0.000, 0.000, 0.000, 1.000, 0.530, 1.000, 0.012, 0.009, 0.011, 0.008, 0.015, 0.010
26.400, -0.285, -0.753, 0.000, 1.000, 0.000, 0.000, 0.000, 1.000, 0.139, 1.000, 0.012, 0.010, 0.011, 0.008, 0.015, 0.010
26.420, -0.633, -0.694, 0.000, 1.000, 0.000, 0.000, 0.000, 1.000, 0.000, 1.000, 0.012, 0.010, 0.011, 0.008, 0.015, 0.009
26.440, -0.822, -0.610, 0.000, 1.000, 0.000, 0.000, 0.000, 1.000, 0.000, 1.000, 0.012, 0.010, 0.012, 0.008, 0.015, 0.009
26.460, -0.873, -0.526, 0.000, 1.000, 0.000, 0.000, 0.000, 1.000, 0.000, 1.000, 0.012, 0.010, 0.012, 0.008, 0.014, 0.009
26.480, -0.883, -0.416, 0.000, 1.000, 0.000, 0.000, 0.000, 1.000, 0.000, 1.000, 0.012, 0.010, 0.012, 0.008, 0.014, 0.009
26.500, -0.880, -0.276, 0.000, 1.000, 0.000, 0.000, 0.000, 1.000, 0.000, 1.000, 0.013, 0.010, 0.012, 0.007, 0.014, 0.009
26.520, -0.870, -0.106, 0.000, 1.000, 0.000, 0.000, 0.000, 1.000, 0.000, 1.000, 0.013, 0.011, 0.012, 0.007, 0.014, 0.009
26.540, -0.850, 0.099, 1.000, 1.000, 0.000, 1.000, 0.000, 1.000, 0.000, 0.000, 0.012, 0.011, 0.012, 0.007, 0.014, 0.009
26.560, -0.829, 0.354, 1.000, 1.000, 0.000, 1.000, 0.186, 1.000, 0.000, 0.000, 0.012, 0.011, 0.012, 0.008, 0.013, 0.009
26.580, -0.803, 0.593, 1.000, 1.000, 0.000, 1.000, 0.000, 1.000, 0.000, 0.000, 0.012, 0.011, 0.011, 0.007, 0.013, 0.009
26.600, -0.764, 0.757, 1.000, 1.000, 0.000, 1.000, 0.000, 1.000, 0.000, 0.000, 0.011, 0.011, 0.011, 0.007, 0.013, 0.009
26.620, -0.722, 0.831, 1.000, 1.000, 0.000, 1.000, 0.000, 1.000, 0.000, 0.000, 0.011, 0.011, 0.011, 0.007, 0.013, 0.009
26.640, -0.686, 0.854, 1.000, 1.000, 0.000, 1.000, 0.000, 1.000, 0.000, 0.000, 0.011, 0.011, 0.011, 0.007, 0.013, 0.009
26.660, -0.654, 0.862, 1.000, 1.000, 0.000, 1.000, 0.000, 1.000, 0.000, 0.000, 0.011, 0.010, 0.011, 0.007, 0.013, 0.009
26.680, -0.628, 0.863, 1.000, 1.000, 0.000, 1.000, 0.000, 1.000, 0.000, 0.000, 0.011, 0.010, 0.011, 0.007, 0.013, 0.009
26.700, -0.596, 0.867, 1.000, 1.000, 0.000, 1.000, 1.000, 1.000, 0.000, 0.000, 0.011, 0.010, 0.011, 0.008, 0.013, 0.009
26.720, -0.531, 0.881, 1.000, 0.000, 0.000, 1.000, 1.000, 0.248, 0.000, 1.000, 0.012, 0.010, 0.011, 0.008, 0.014, 0.009
26.740, -0.541, 0.849, 1.000, 1.000, 0.000, 0.000, 0.000, 1.000, 1.000, 0.000, 0.011, 0.010, 0.011, 0.008, 0.013, 0.009
26.760, -0.571, 0.831, 1.000, 1.000, 0.000, 0.000, 0.000, 0.000, 1.000, 0.000, 0.011, 0.010, 0.012, 0.008, 0.014, 0.010
26.780, -0.599, 0.827, 1.000, 1.000, 0.000, 0.000, 0.000, 0.000, 1.000, 0.000, 0.011, 0.010, 0.012, 0.008, 0.014, 0.010
26.800, -0.625, 0.825, 1.000, 1.000, 0.000, 0.000, 0.000, 0.000, 1.000, 0.000, 0.011, 0.010, 0.012, 0.007, 0.014, 0.009
26.820, -0.646, 0.826, 1.000, 1.000, 0.000, 0.000, 0.000, 0.000, 1.000, 0.000, 0.011, 0.010, 0.012, 0.008, 0.014, 0.009
26.840, -0.657, 0.831, 1.000, 1.000, 0.000, 0.000, 0.000, 0.000, 1.000, 0.000, 0.011, 0.010, 0.012, 0.008, 0.015, 0.009
26.860, -0.663, 0.834, 1.000, 1.000, 0.000, 0.000, 0.000, 0.000, 1.000, 0.000, 0.011, 0.009, 0.013, 0.009, 0.015, 0.009
26.880, -0.665, 0.837, 1.000, 1.000, 0.000, 0.000, 0.000, 0.000, 1.000, 0.000, 0.011, 0.009, 0.013, 0.009, 0.015, 0.009
26.900, -0.602, 0.876, 1.000, 0.000, 1.000, 0.000, 0.000, 0.000, 1.000, 1.000, 0.012, 0.010, 0.013, 0.009, 0.015, 0.009
26.920, -0.535, 0.884, 1.000, 0.000, 1.000, 0.000, 0.133, 0.000, 1.000, 1.000, 0.012, 0.010, 0.013, 0.009, 0.015, 0.009
26.940, -0.601, 0.821, 1.000, 1.000, 0.000, 0.000, 0.000, 0.000, 1.000, 0.000, 0.012, 0.010, 0.012, 0.009, 0.015, 0.009
26.960, -0.588, 0.846, 1.000, 1.000, 0.000, 0.000, 1.000, 0.000, 1.000, 0.000, 0.011, 0.010, 0.012, 0.009, 0.015, 0.009
26.980, -0.561, 0.859, 1.000, 1.000, 0.000, 0.082, 1.000, 0.000, 1.000, 0.000, 0.011, 0.010, 0.012, 0.008, 0.015, 0.009
27.000, -0.573, 0.843, 1.000, 1.000, 0.000, 0.000, 0.000, 0.000, 1.000, 0.000, 0.011, 0.010, 0.012, 0.009, 0.015, 0.009
27.020, -0.549, 0.857, 1.000, 1.000, 1.000, 0.000, 0.000, 0.000, 1.000, 0.000, 0.011, 0.010, 0.012, 0.009, 0.015, 0.009
27.040, -0.542, 0.852, 1.000, 1.000, 0.106, 0.000, 1.000, 0.000, 1.000, 0.000, 0.011, 0.010, 0.011, 0.009, 0.015, 0.009
27.060, -0.488, 0.869, 1.000, 1.000, 1.000, 0.000, 1.000, 0.000, 1.000, 0.000, 0.011, 0.010, 0.011, 0.008, 0.015, 0.009
27.080, -0.473, 0.853, 1.000, 1.000, 1.000, 0.000, 0.250, 0.000, 1.000, 0.000, 0.011, 0.010, 0.011, 0.009, 0.015, 0.009
27.100, -0.473, 0.842, 1.000, 1.000, 0.000, 0.000, 0.000, 0.000, 1.000, 0.000, 0.011, 0.010, 0.011, 0.009, 0.014, 0.009
27.120, -0.472, 0.839, 1.000, 1.000, 0.000, 0.000, 0.000, 0.000, 1.000, 0.000, 0.011, 0.011, 0.011, 0.009, 0.014, 0.009
27.140, -0.468, 0.839, 1.000, 1.000, 0.000, 0.000, 0.000, 0.000, 1.000, 0.000, 0.011, 0.011, 0.011, 0.009, 0.014, 0.008
27.160, -0.466, 0.838, 1.000, 1.000, 0.000, 0.000, 0.000, 0.000, 1.000, 0.000, 0.011, 0.011, 0.011, 0.009, 0.014, 0.008
27.180, -0.460, 0.839, 1.000, 1.000, 0.000, 0.000, 0.000, 0.000, 1.000, 0.000, 0.011, 0.011, 0.011, 0.010, 0.014, 0.008
27.200, -0.452, 0.840, 1.000, 1.000, 0.000, 0.000, 0.000, 0.000, 1.000, 0.000, 0.011, 0.011, 0.011, 0.010, 0.014, 0.008
27.220, -0.445, 0.839, 1.000, 1.000, 0.000, 0.000, 0.000, 0.000, 1.000, 0.000, 0.011, 0.011, 0.011, 0.010, 0.014, 0.008
27.240, -0.408, 0.849, 1.000, 1.000, 0.000, 0.000, 0.000, 0.000, 0.000, 0.000, 0.011, 0.011, 0.011, 0.010, 0.014, 0.009
27.260, -0.361, 0.850, 1.000, 1.000, 0.000, 0.000, 0.000, 0.106, 0.000, 0.000, 0.011, 0.011, 0.011, 0.010, 0.014, 0.009
27.280, -0.313, 0.844, 1.000, 1.000, 0.000, 0.000, 0.000, 1.000, 0.000, 0.000, 0.011, 0.012, 0.011, 0.009, 0.014, 0.010
27.300, -0.289, 0.826, 1.000, 1.000, 0.000, 0.190, 0.000, 1.000, 0.000, 0.000, 0.011, 0.012, 0.011, 0.009, 0.015, 0.010
27.320, -0.249, 0.821, 1.000, 1.000, 0.000, 1.000, 0.000, 1.000, 0.000, 0.000, 0.010, 0.012, 0.012, 0.009, 0.015, 0.010
27.340, -0.142, 0.832, 1.000, 1.000, 0.000, 1.000, 0.278, 1.000, 0.000, 0.000, 0.010, 0.012, 0.012, 0.009, 0.015, 0.010
27.360, -0.069, 0.803, 1.000, 1.000, 0.000, 1.000, 0.000, 1.000, 0.231, 0.000, 0.010, 0.012, 0.012, 0.009, 0.015, 0.010
27.380, 0.028, 0.783, 1.000, 1.000, 0.000, 1.000, 0.000, 1.000, 0.012, 0.000, 0.010, 0.012, 0.011, 0.009, 0.015, 0.010
27.400, 0.168, 0.767, 1.000, 1.000, 0.000, 1.000, 0.000, 1.000, 0.000, 0.000, 0.010, 0.012, 0.011, 0.009, 0.015, 0.010
27.420, 0.381, 0.755, 1.000, 1.000, 0.000, 1.000, 0.000, 1.000, 0.000, 0.000, 0.010, 0.012, 0.011, 0.009, 0.014, 0.010
27.440, 0.632, 0.740, 1.000, 0.000, 0.128, 1.000, 0.012, 1.000, 0.000, 1.000, 0.011, 0.012, 0.011, 0.009, 0.014, 0.010
27.460, 0.768, 0.649, 1.000, 1.000, 0.000, 1.000, 0.000, 1.000, 0.000, 0.000, 0.011, 0.012, 0.011, 0.009, 0.014, 0.009
27.480, 0.836, 0.558, 1.000, 1.000, 0.000, 1.000, 0.000, 1.000, 0.000, 0.000, 0.011, 0.012, 0.011, 0.008, 0.014, 0.009
27.500, 0.863, 0.471, 1.000, 1.000, 0.000, 1.000, 1.000, 1.000, 0.000, 0.000, 0.010, 0.012, 0.011, 0.009, 0.014, 0.009
27.520, 0.872, 0.395, 1.000, 0.000, 0.000, 1.000, 1.000, 0.000, 0.000, 1.000, 0.011, 0.012, 0.011, 0.009, 0.014, 0.009
27.540, 0.870, 0.300, 1.000, 0.000, 0.000, 1.000, 1.000, 0.000, 0.000, 1.000, 0.011, 0.011, 0.011, 0.010, 0.015, 0.009
27.560, 0.862, 0.175, 1.000, 0.000, 0.000, 1.000, 1.000, 0.000, 0.000, 1.000, 0.012, 0.011, 0.011, 0.010, 0.015, 0.009
27.580, 0.850, 0.003, 1.000, 0.000, 0.000, 1.000, 1.000, 0.000, 0.000, 1.000, 0.012, 0.011, 0.011, 0.010, 0.015, 0.009
27.600, 0.831, -0.229, 0.000, 0.000, 0.000, 1.000, 1.000, 0.000, 0.000, 0.000, 0.011, 0.011, 0.011, 0.010, 0.015, 0.009
27.620, 0.792, -0.493, 0.000, 1.000, 0.000, 1.000, 1.000, 0.000, 0.000, 1.000, 0.012, 0.011, 0.011, 0.010, 0.015, 0.009
27.640, 0.739, -0.710, 0.000, 1.000, 1.000, 1.000, 1.000, 0.000, 0.199, 1.000, 0.012, 0.012, 0.011, 0.010, 0.015, 0.009
27.660, 0.683, -0.834, 0.000, 0.000, 1.000, 0.000, 1.000, 0.000, 0.171, 0.000, 0.011, 0.012, 0.011, 0.010, 0.016, 0.009
27.680, 0.619, -0.876, 0.000, 0.000, 1.000, 0.000, 1.000, 0.000, 0.000, 0.000, 0.011, 0.012, 0.012, 0.009, 0.016, 0.009
27.700, 0.552, -0.885, 0.000, 0.000, 1.000, 0.000, 1.000, 0.000, 0.000, 0.000, 0.011, 0.012, 0.012, 0.009, 0.016, 0.009
27.720, 0.481, -0.884, 0.000, 0.000, 1.000, 0.000, 1.000, 0.000, 0.000, 0.000, 0.011, 0.012, 0.012, 0.009, 0.016, 0.009
27.740, 0.402, -0.879, 0.000, 0.000, 0.000, 1.000, 1.000, 0.000, 0.000, 0.000, 0.011, 0.012, 0.012, 0.009, 0.016, 0.009
27.760, 0.307, -0.873, 0.000, 0.000, 0.000, 0.000, 1.000, 0.000, 1.000, 0.000, 0.011, 0.012, 0.012, 0.009, 0.016, 0.009
27.780, 0.180, -0.863, 0.000, 0.590, 1.000, 0.000, 0.000, 0.000, 1.000, 0.590, 0.011, 0.012, 0.012, 0.010, 0.016, 0.010
27.800, 0.011, -0.851, 0.000, 0.000, 1.000, 0.000, 1.000, 0.000, 1.000, 0.000, 0.011, 0.012, 0.012, 0.009, 0.016, 0.010
27.820, -0.219, -0.832, 0.000, 0.000, 1.000, 0.000, 1.000, 0.000, 1.000, 0.000, 0.011, 0.012, 0.012, 0.009, 0.016, 0.010
27.840, -0.493, -0.802, 0.000, 0.000, 1.000, 0.000, 1.000, 0.000, 1.000, 0.000, 0.011, 0.012, 0.012, 0.009, 0.016, 0.010
27.860, -0.723, -0.755, 0.000, 0.000, 1.000, 0.000, 1.000, 0.000, 1.000, 0.000, 0.010, 0.012, 0.013, 0.009, 0.016, 0.010
27.880, -0.841, -0.693, 0.000, 0.000, 1.000, 0.000, 1.000, 0.000, 1.000, 0.000, 0.010, 0.012, 0.013, 0.009, 0.015, 0.009
27.900, -0.879, -0.626, 0.000, 0.000, 1.000, 0.000, 1.000, 0.000, 1.000, 0.000, 0.010, 0.011, 0.013, 0.009, 0.015, 0.009
27.920, -0.887, -0.558, 0.000, 0.000, 1.000, 0.000, 1.000, 0.000, 1.000, 0.000, 0.010, 0.011, 0.013, 0.009, 0.015, 0.009
27.940, -0.885, -0.488, 0.000, 0.000, 1.000, 0.000, 1.000, 0.000, 1.000, 0.000, 0.010, 0.011, 0.013, 0.009, 0.015, 0.009
27.960, -0.880, -0.410, 0.000, 0.000, 1.000, 0.000, 1.000, 0.000, 1.000, 0.000, 0.010, 0.011, 0.012, 0.009, 0.015, 0.009
27.980, -0.873, -0.316, 0.000, 0.000, 1.000, 0.000, 1.000, 0.000, 1.000, 0.000, 0.010, 0.011, 0.012, 0.009, 0.015, 0.009
28.000, -0.865, -0.196, 0.000, 0.000, 1.000, 0.000, 1.000, 0.000, 1.000, 0.000, 0.010, 0.011, 0.012, 0.009, 0.015, 0.009
28.020, -0.853, -0.032, 0.000, 0.000, 1.000, 0.000, 1.000, 0.000, 1.000, 0.000, 0.010, 0.011, 0.012, 0.009, 0.015, 0.009
28.040, -0.834, 0.191, 1.000, 0.000, 1.000, 0.000, 1.000, 0.000, 1.000, 1.000, 0.011, 0.011, 0.012, 0.009, 0.014, 0.009
28.060, -0.806, 0.463, 1.000, 0.000, 1.000, 0.000, 1.000, 0.000, 1.000, 1.000, 0.011, 0.011, 0.011, 0.009, 0.014, 0.009
28.080, -0.761, 0.703, 1.000, 0.000, 1.000, 0.000, 1.000, 0.000, 1.000, 1.000, 0.011, 0.011, 0.011, 0.009, 0.014, 0.009
28.100, -0.700, 0.833, 1.000, 0.000, 1.000, 0.000, 1.000, 0.000, 1.000, 1.000, 0.012, 0.011, 0.011, 0.009, 0.014, 0.009
28.120, -0.634, 0.877, 1.000, 0.000, 1.000, 0.000, 1.000, 0.000, 1.000, 1.000, 0.012, 0.011, 0.011, 0.009, 0.014, 0.009
28.140, -0.566, 0.886, 1.000, 0.000, 1.000, 0.000, 1.000, 0.000, 1.000, 1.000, 0.012, 0.011, 0.011, 0.009, 0.014, 0.009
28.160, -0.496, 0.885, 1.000, 0.000, 1.000, 0.000, 1.000, 1.000, 0.000, 1.000, 0.012, 0.011, 0.011, 0.009, 0.015, 0.009
28.180, -0.435, 0.876, 1.000, 1.000, 1.000, 0.000, 1.000, 1.000, 0.000, 0.000, 0.011, 0.011, 0.011, 0.009, 0.015, 0.010
28.200, -0.391, 0.860, 1.000, 1.000, 1.000, 0.000, 0.000, 1.000, 0.000, 0.000, 0.011, 0.011, 0.011, 0.009, 0.015, 0.010
28.220, -0.351, 0.849, 1.000, 1.000, 1.000, 0.000, 0.000, 1.000, 0.000, 0.000, 0.011, 0.011, 0.011, 0.009, 0.016, 0.010
28.240, -0.313, 0.838, 1.000, 1.000, 1.000, 0.000, 0.000, 1.000, 0.000, 0.000, 0.011, 0.011, 0.011, 0.010, 0.015, 0.010
28.260, -0.276, 0.828, 1.000, 1.000, 1.000, 0.000, 0.000, 1.000, 0.000, 0.000, 0.011, 0.011, 0.011, 0.010, 0.015, 0.010
28.280, -0.251, 0.814, 1.000, 1.000, 0.000, 0.000, 0.000, 0.000, 1.000, 0.000, 0.011, 0.011, 0.011, 0.010, 0.015, 0.010
28.300, -0.199, 0.813, 1.000, 1.000, 1.000, 0.000, 0.000, 1.000, 0.000, 0.000, 0.011, 0.011, 0.011, 0.010, 0.015, 0.010
28.320, -0.086, 0.822, 1.000, 1.000, 1.000, 0.000, 0.000, 1.000, 0.000, 0.000, 0.010, 0.011, 0.011, 0.010, 0.015, 0.010
28.340, -0.003, 0.790, 1.000, 1.000, 1.000, 0.000, 0.000, 1.000, 0.000, 0.000, 0.010, 0.011, 0.011, 0.010, 0.015, 0.011
28.360, 0.098, 0.763, 1.000, 1.000, 0.000, 0.000, 0.000, 1.000, 0.000, 0.000, 0.010, 0.011, 0.011, 0.010, 0.014, 0.010
28.380, 0.337, 0.778, 1.000, 0.000, 1.000, 0.000, 0.170, 1.000, 0.000, 1.000, 0.011, 0.011, 0.011, 0.010, 0.014, 0.010
28.400, 0.598, 0.759, 1.000, 0.000, 1.000, 0.000, 0.104, 1.000, 0.000, 1.000, 0.011, 0.011, 0.012, 0.010, 0.014, 0.010
28.420, 0.782, 0.714, 1.000, 0.000, 1.000, 0.000, 0.008, 1.000, 0.000, 1.000, 0.012, 0.011, 0.012, 0.011, 0.014, 0.009
28.440, 0.860, 0.653, 1.000, 0.000, 1.000, 0.000, 0.000, 1.000, 0.000, 1.000, 0.012, 0.011, 0.012, 0.011, 0.014, 0.009
28.460, 0.883, 0.587, 1.000, 0.000, 1.000, 0.000, 0.000, 1.000, 0.000, 1.000, 0.012, 0.011, 0.012, 0.010, 0.014, 0.009
28.480, 0.885, 0.519, 1.000, 0.093, 1.000, 0.000, 0.000, 1.000, 0.000, 0.907, 0.012, 0.011, 0.012, 0.010, 0.014, 0.009
28.500, 0.882, 0.445, 1.000, 0.049, 1.000, 0.000, 0.000, 1.000, 0.000, 0.951, 0.012, 0.011, 0.013, 0.010, 0.014, 0.009
28.520, 0.870, 0.302, 1.000, 1.000, 1.000, 0.000, 1.000, 0.000, 0.503, 0.000, 0.012, 0.011, 0.013, 0.010, 0.015, 0.009
28.540, 0.862, 0.177, 1.000, 0.000, 1.000, 0.367, 1.000, 0.000, 0.000, 1.000, 0.012, 0.010, 0.012, 0.010, 0.015, 0.009
28.560, 0.850, 0.006, 1.000, 0.000, 1.000, 0.000, 1.000, 0.000, 0.000, 1.000, 0.012, 0.010, 0.013, 0.011, 0.015, 0.009
28.580, 0.831, -0.226, 0.000, 0.000, 1.000, 0.000, 1.000, 0.000, 0.000, 0.000, 0.012, 0.010, 0.013, 0.011, 0.015, 0.009
28.600, 0.801, -0.500, 0.000, 0.000, 1.000, 0.000, 1.000, 0.000, 0.000, 0.000, 0.011, 0.010, 0.013, 0.011, 0.015, 0.009
28.620, 0.754, -0.728, 0.000, 0.000, 1.000, 0.000, 1.000, 0.000, 1.000, 0.000, 0.011, 0.010, 0.013, 0.011, 0.016, 0.010
28.640, 0.692, -0.842, 0.000, 0.000, 1.000, 0.000, 1.000, 0.000, 0.000, 0.000, 0.011, 0.010, 0.013, 0.011, 0.016, 0.009
28.660, 0.625, -0.879, 0.000, 0.000, 1.000, 0.000, 0.000, 0.000, 0.000, 0.000, 0.011, 0.010, 0.013, 0.011, 0.016, 0.009
28.680, 0.557, -0.887, 0.000, 0.000, 1.000, 1.000, 0.000, 0.000, 0.000, 0.000, 0.011, 0.010, 0.013, 0.010, 0.016, 0.009
28.700, 0.486, -0.885, 0.000, 0.000, 1.000, 0.453, 0.000, 0.000, 0.000, 0.000, 0.011, 0.010, 0.013, 0.010, 0.016, 0.009
28.720, 0.408, -0.880, 0.000, 0.000, 0.581, 1.000, 0.000, 1.000, 0.000, 0.000, 0.011, 0.010, 0.012, 0.010, 0.015, 0.009
28.740, 0.314, -0.873, 0.000, 0.000, 0.000, 1.000, 0.000, 1.000, 0.000, 0.000, 0.011, 0.011, 0.012, 0.010, 0.015, 0.009
28.760, 0.192, -0.864, 0.000, 0.000, 1.000, 1.000, 0.000, 1.000, 0.000, 0.000, 0.011, 0.011, 0.012, 0.010, 0.015, 0.009
28.780, 0.027, -0.852, 0.000, 0.000, 1.000, 1.000, 0.000, 1.000, 0.000, 0.000, 0.011, 0.011, 0.012, 0.010, 0.015, 0.009
28.800, -0.198, -0.834, 0.000, 0.000, 1.000, 1.000, 0.000, 1.000, 0.000, 0.000, 0.011, 0.010, 0.012, 0.010, 0.015, 0.010
28.820, -0.470, -0.805, 0.000, 0.000, 1.000, 1.000, 0.000, 1.000, 0.000, 0.000, 0.011, 0.010, 0.012, 0.010, 0.014, 0.010
28.840, -0.708, -0.760, 0.000, 0.000, 1.000, 0.000, 0.000, 1.000, 0.000, 0.000, 0.011, 0.010, 0.012, 0.010, 0.015, 0.010
28.860, -0.835, -0.699, 0.000, 0.000, 0.000, 0.000, 0.000, 1.000, 0.181, 0.000, 0.011, 0.010, 0.012, 0.011, 0.015, 0.010
28.880, -0.877, -0.632, 0.000, 0.000, 1.000, 1.000, 0.000, 0.758, 0.000, 0.000, 0.011, 0.011, 0.012, 0.011, 0.015, 0.010
28.900, -0.887, -0.564, 0.000, 0.000, 1.000, 1.000, 0.000, 1.000, 0.000, 0.000, 0.010, 0.011, 0.013, 0.011, 0.016, 0.011
28.920, -0.885, -0.494, 0.000, 0.000, 1.000, 1.000, 1.000, 1.000, 0.000, 0.000, 0.010, 0.011, 0.013, 0.011, 0.016, 0.011
28.940, -0.880, -0.417, 0.000, 0.000, 1.000, 1.000, 0.000, 1.000, 0.000, 0.000, 0.010, 0.012, 0.013, 0.011, 0.016, 0.011
28.960, -0.874, -0.325, 0.000, 0.000, 1.000, 1.000, 0.000, 1.000, 0.000, 0.000, 0.010, 0.012, 0.013, 0.011, 0.016, 0.011
28.980, -0.865, -0.207, 0.000, 0.000, 0.000, 1.000, 0.000, 1.000, 0.000, 0.000, 0.010, 0.011, 0.013, 0.011, 0.016, 0.011
29.000, -0.854, -0.048, 0.000, 0.097, 0.000, 1.000, 0.000, 1.000, 0.000, 0.097, 0.010, 0.011, 0.013, 0.011, 0.016, 0.011
29.020, -0.836, 0.170, 1.000, 0.000, 1.000, 0.000, 1.000, 0.000, 0.010, 1.000, 0.011, 0.011, 0.013, 0.011, 0.016, 0.011
29.040, -0.809, 0.440, 1.000, 0.000, 1.000, 0.000, 1.000, 0.000, 0.164, 1.000, 0.011, 0.012, 0.012, 0.011, 0.015, 0.011
29.060, -0.765, 0.687, 1.000, 0.000, 1.000, 0.000, 0.000, 0.136, 0.000, 1.000, 0.012, 0.012, 0.012, 0.011, 0.015, 0.011
29.080, -0.706, 0.826, 1.000, 0.000, 1.000, 0.205, 1.000, 0.000, 0.000, 1.000, 0.012, 0.012, 0.012, 0.011, 0.015, 0.011
29.100, -0.709, 0.824, 1.000, 1.000, 1.000, 0.000, 0.000, 0.000, 0.000, 0.000, 0.011, 0.012, 0.012, 0.011, 0.015, 0.011
29.120, -0.655, 0.867, 1.000, 1.000, 0.000, 0.034, 1.000, 0.000, 1.000, 0.000, 0.011, 0.011, 0.012, 0.011, 0.015, 0.011
29.140, -0.598, 0.880, 1.000, 1.000, 0.000, 0.000, 1.000, 0.000, 1.000, 0.000, 0.011, 0.011, 0.012, 0.010, 0.015, 0.010
29.160, -0.557, 0.874, 1.000, 1.000, 0.000, 0.000, 1.000, 0.000, 1.000, 0.000, 0.011, 0.011, 0.012, 0.010, 0.015, 0.010
29.180, -0.517, 0.870, 1.000, 1.000, 0.000, 0.000, 0.000, 0.000, 1.000, 0.000, 0.011, 0.011, 0.012, 0.011, 0.015, 0.010
29.200, -0.477, 0.866, 1.000, 1.000, 0.000, 0.000, 0.000, 0.000, 1.000, 0.000, 0.011, 0.011, 0.013, 0.011, 0.016, 0.010
29.220, -0.439, 0.861, 1.000, 1.000, 0.000, 0.000, 0.000, 0.000, 1.000, 0.000, 0.010, 0.011, 0.013, 0.011, 0.016, 0.011
29.240, -0.399, 0.855, 1.000, 1.000, 0.000, 0.000, 0.000, 0.000, 1.000, 0.000, 0.010, 0.011, 0.013, 0.012, 0.016, 0.011
29.260, -0.350, 0.851, 1.000, 1.000, 0.000, 0.000, 0.000, 0.000, 1.000, 0.000, 0.010, 0.012, 0.013, 0.012, 0.016, 0.011
29.280, -0.279, 0.849, 1.000, 1.000, 0.000, 0.000, 0.000, 0.000, 1.000, 0.000, 0.010, 0.012, 0.013, 0.012, 0.016, 0.011
29.300, -0.172, 0.847, 1.000, 1.000, 0.000, 1.000, 0.000, 0.000, 1.000, 0.000, 0.010, 0.012, 0.013, 0.012, 0.016, 0.011
29.320, -0.003, 0.844, 1.000, 0.000, 0.000, 0.000, 0.000, 0.000, 1.000, 1.000, 0.011, 0.012, 0.013, 0.012, 0.016, 0.012
29.340, 0.191, 0.817, 1.000, 1.000, 0.000, 0.000, 0.000, 0.000, 1.000, 0.000, 0.011, 0.012, 0.013, 0.012, 0.016, 0.012
29.360, 0.459, 0.797, 1.000, 0.000, 0.000, 0.000, 0.832, 0.000, 0.000, 1.000, 0.011, 0.012, 0.014, 0.012, 0.016, 0.011
29.380, 0.699, 0.756, 1.000, 0.000, 0.000, 1.000, 0.590, 0.000, 0.000, 1.000, 0.011, 0.012, 0.013, 0.011, 0.016, 0.011
29.400, 0.831, 0.698, 1.000, 0.000, 0.000, 1.000, 0.199, 0.000, 0.000, 1.000, 0.012, 0.012, 0.013, 0.011, 0.017, 0.011
29.420, 0.863, 0.561, 1.000, 1.000, 0.000, 1.000, 0.000, 0.000, 1.000, 0.000, 0.011, 0.013, 0.013, 0.011, 0.017, 0.011
29.440, 0.868, 0.425, 1.000, 1.000, 1.000, 0.000, 0.000, 1.000, 0.272, 0.000, 0.011, 0.012, 0.013, 0.011, 0.016, 0.011
29.460, 0.864, 0.299, 1.000, 1.000, 0.000, 0.000, 0.000, 1.000, 0.000, 0.000, 0.011, 0.012, 0.013, 0.011, 0.016, 0.011
29.480, 0.860, 0.175, 1.000, 0.000, 1.000, 0.000, 1.000, 0.000, 0.000, 1.000, 0.011, 0.012, 0.014, 0.011, 0.016, 0.011
29.500, 0.849, 0.004, 1.000, 0.000, 1.000, 0.000, 1.000, 0.000, 0.000, 1.000, 0.011, 0.012, 0.014, 0.012, 0.016, 0.010
29.520, 0.831, -0.228, 0.000, 0.000, 1.000, 0.000, 0.000, 0.901, 0.000, 0.000, 0.011, 0.011, 0.014, 0.011, 0.016, 0.010
29.540, 0.800, -0.502, 0.000, 0.000, 1.000, 0.000, 0.000, 0.000, 0.000, 0.000, 0.011, 0.011, 0.014, 0.011, 0.016, 0.010
29.560, 0.753, -0.729, 0.000, 0.000, 1.000, 0.000, 0.000, 1.000, 0.000, 0.000, 0.011, 0.011, 0.014, 0.011, 0.016, 0.010
29.580, 0.691, -0.843, 0.000, 0.000, 1.000, 1.000, 0.000, 1.000, 0.000, 0.000, 0.011, 0.011, 0.013, 0.011, 0.016, 0.010
29.600, 0.624, -0.880, 0.000, 0.000, 1.000, 1.000, 0.000, 1.000, 0.000, 0.000, 0.011, 0.011, 0.013, 0.011, 0.015, 0.011
29.620, 0.556, -0.887, 0.000, 0.000, 1.000, 0.017, 1.000, 0.000, 0.000, 0.000, 0.010, 0.011, 0.014, 0.011, 0.015, 0.011
29.640, 0.486, -0.885, 0.000, 0.000, 0.000, 1.000, 0.000, 1.000, 0.000, 0.000, 0.010, 0.012, 0.013, 0.011, 0.016, 0.011
29.660, 0.407, -0.880, 0.000, 0.000, 1.000, 1.000, 0.000, 1.000, 0.000, 0.000, 0.010, 0.011, 0.013, 0.011, 0.016, 0.012
29.680, 0.313, -0.873, 0.000, 0.000, 1.000, 0.000, 0.000, 0.000, 0.000, 0.000, 0.010, 0.011, 0.013, 0.011, 0.016, 0.012
29.700, 0.191, -0.864, 0.000, 0.000, 1.000, 0.000, 0.000, 1.000, 0.000, 0.000, 0.010, 0.011, 0.013, 0.011, 0.016, 0.012
29.720, 0.026, -0.852, 0.000, 0.000, 1.000, 0.000, 0.000, 1.000, 0.286, 0.000, 0.010, 0.011, 0.013, 0.011, 0.016, 0.012
29.740, -0.208, -0.831, 0.000, 1.000, 0.000, 0.000, 0.000, 1.000, 0.000, 1.000, 0.011, 0.012, 0.013, 0.011, 0.017, 0.012
29.760, -0.481, -0.802, 0.000, 0.000, 1.000, 0.000, 0.106, 1.000, 0.000, 0.000, 0.011, 0.011, 0.013, 0.011, 0.017, 0.012
29.780, -0.715, -0.757, 0.000, 0.000, 1.000, 0.000, 0.212, 1.000, 0.000, 0.000, 0.010, 0.011, 0.013, 0.011, 0.017, 0.012
29.800, -0.838, -0.696, 0.000, 0.000, 1.000, 0.000, 1.000, 0.000, 0.000, 0.000, 0.010, 0.012, 0.012, 0.011, 0.016, 0.012
29.820, -0.878, -0.629, 0.000, 0.000, 1.000, 0.000, 0.959, 0.000, 0.000, 0.000, 0.010, 0.012, 0.012, 0.012, 0.016, 0.012
29.840, -0.887, -0.561, 0.000, 0.000, 1.000, 0.000, 1.000, 0.000, 0.000, 0.000, 0.010, 0.012, 0.012, 0.011, 0.016, 0.012
29.860, -0.885, -0.491, 0.000, 0.000, 1.000, 0.000, 1.000, 0.379, 0.000, 0.000, 0.010, 0.012, 0.012, 0.011, 0.016, 0.012
29.880, -0.880, -0.413, 0.000, 0.000, 1.000, 0.000, 1.000, 0.000, 0.000, 0.000, 0.010, 0.013, 0.012, 0.011, 0.016, 0.012
29.900, -0.874, -0.321, 0.000, 0.000, 1.000, 0.000, 1.000, 0.000, 0.000, 0.000, 0.010, 0.013, 0.012, 0.011, 0.015, 0.013
29.920, -0.865, -0.201, 0.000, 0.139, 1.000, 0.000, 0.000, 0.000, 1.000, 0.139, 0.010, 0.013, 0.012, 0.011, 0.015, 0.012
29.940, -0.853, -0.040, 0.000, 0.000, 1.000, 0.000, 0.000, 0.000, 1.000, 0.000, 0.010, 0.013, 0.012, 0.012, 0.015, 0.012
29.960, -0.835, 0.182, 1.000, 0.000, 1.000, 0.000, 0.000, 0.000, 1.000, 1.000, 0.011, 0.013, 0.012, 0.012, 0.016, 0.012
29.980, -0.818, 0.439, 1.000, 1.000, 0.000, 0.000, 0.000, 0.000, 1.000, 0.000, 0.010, 0.012, 0.012, 0.012, 0.016, 0.011
30.000, -0.774, 0.683, 1.000, 1.000, 0.000, 0.017, 1.000, 0.000, 1.000, 0.000, 0.010, 0.012, 0.012, 0.011, 0.016, 0.011
30.020, -0.717, 0.821, 1.000, 1.000, 0.000, 0.000, 1.000, 0.000, 1.000, 0.000, 0.010, 0.012, 0.012, 0.011, 0.017, 0.012
30.040, -0.676, 0.856, 1.000, 1.000, 0.000, 0.000, 0.000, 0.000, 1.000, 0.000, 0.010, 0.012, 0.012, 0.012, 0.017, 0.012
30.060, -0.669, 0.847, 1.000, 1.000, 0.000, 0.000, 0.000, 0.000, 1.000, 0.000, 0.010, 0.012, 0.012, 0.012, 0.017, 0.012
30.080, -0.680, 0.833, 1.000, 1.000, 0.000, 0.000, 0.000, 0.000, 1.000, 0.000, 0.010, 0.012, 0.012, 0.012, 0.017, 0.013
30.100, -0.674, 0.839, 1.000, 1.000, 0.000, 0.000, 0.000, 0.000, 1.000, 0.000, 0.010, 0.011, 0.012, 0.012, 0.017, 0.013
30.120, -0.656, 0.850, 1.000, 1.000, 0.000, 0.000, 0.000, 0.000, 1.000, 0.000, 0.010, 0.012, 0.013, 0.012, 0.017, 0.013
30.140, -0.604, 0.874, 1.000, 1.000, 0.000, 0.000, 0.000, 0.000, 1.000, 0.000, 0.010, 0.012, 0.013, 0.012, 0.017, 0.013
30.160, -0.593, 0.859, 1.000, 1.000, 0.000, 0.000, 0.000, 0.000, 1.000, 0.000, 0.010, 0.013, 0.013, 0.012, 0.017, 0.013
30.180, -0.574, 0.859, 1.000, 1.000, 0.000, 0.000, 0.000, 0.225, 1.000, 0.000, 0.010, 0.013, 0.013, 0.013, 0.017, 0.013
30.200, -0.574, 0.850, 1.000, 1.000, 0.000, 0.000, 0.000, 0.000, 1.000, 0.000, 0.010, 0.013, 0.013, 0.013, 0.017, 0.013
30.220, -0.570, 0.849, 1.000, 1.000, 0.000, 0.000, 0.000, 0.000, 1.000, 0.000, 0.010, 0.013, 0.014, 0.013, 0.017, 0.013
30.240, -0.578, 0.842, 1.000, 1.000, 0.000, 0.000, 0.000, 1.000, 0.014, 0.000, 0.010, 0.013, 0.014, 0.013, 0.017, 0.013
30.260, -0.576, 0.846, 1.000, 1.000, 0.000, 0.000, 0.000, 1.000, 0.000, 0.000, 0.010, 0.013, 0.014, 0.013, 0.016, 0.012
30.280, -0.526, 0.869, 1.000, 1.000, 0.000, 0.000, 0.000, 1.000, 0.000, 0.000, 0.010, 0.013, 0.014, 0.013, 0.016, 0.012
30.300, -0.493, 0.864, 1.000, 1.000, 0.000, 0.000, 0.000, 1.000, 1.000, 0.000, 0.010, 0.013, 0.014, 0.013, 0.016, 0.013
30.320, -0.420, 0.874, 1.000, 0.000, 0.000, 1.000, 0.238, 1.000, 0.092, 1.000, 0.010, 0.013, 0.013, 0.013, 0.016, 0.013
30.340, -0.331, 0.872, 1.000, 0.000, 0.000, 1.000, 0.000, 1.000, 0.000, 1.000, 0.011, 0.013, 0.013, 0.012, 0.016, 0.013
30.360, -0.230, 0.861, 1.000, 1.000, 0.000, 0.070, 0.000, 1.000, 0.000, 0.000, 0.010, 0.014, 0.013, 0.012, 0.016, 0.013
30.380, -0.088, 0.852, 1.000, 1.000, 0.043, 0.000, 0.000, 1.000, 0.000, 0.000, 0.010, 0.014, 0.014, 0.012, 0.017, 0.013
30.400, 0.074, 0.827, 1.000, 1.000, 0.000, 0.000, 0.000, 1.000, 0.000, 0.000, 0.010, 0.014, 0.014, 0.012, 0.017, 0.013
30.420, 0.315, 0.811, 1.000, 1.000, 1.000, 0.000, 0.000, 1.000, 0.000, 0.000, 0.010, 0.013, 0.014, 0.012, 0.017, 0.013
30.440, 0.583, 0.781, 1.000, 0.000, 1.000, 0.000, 0.000, 1.000, 0.000, 1.000, 0.010, 0.013, 0.014, 0.012, 0.017, 0.014
30.460, 0.776, 0.730, 1.000, 0.000, 1.000, 0.000, 0.062, 1.000, 0.000, 1.000, 0.011, 0.013, 0.014, 0.012, 0.017, 0.014
30.480, 0.859, 0.667, 1.000, 0.000, 1.000, 0.000, 1.000, 1.000, 0.000, 1.000, 0.011, 0.012, 0.014, 0.012, 0.017, 0.014
30.500, 0.883, 0.600, 1.000, 0.000, 1.000, 0.000, 1.000, 0.404, 0.000, 1.000, 0.011, 0.012, 0.014, 0.012, 0.017, 0.014
30.520, 0.886, 0.532, 1.000, 0.000, 1.000, 0.000, 1.000, 1.000, 0.000, 1.000, 0.011, 0.013, 0.014, 0.013, 0.017, 0.014
30.540, 0.883, 0.459, 1.000, 0.000, 1.000, 0.000, 1.000, 1.000, 0.000, 1.000, 0.011, 0.013, 0.014, 0.013, 0.017, 0.014
30.560, 0.878, 0.376, 1.000, 0.000, 1.000, 0.000, 0.000, 0.000, 0.000, 1.000, 0.011, 0.013, 0.014, 0.012, 0.017, 0.014
30.580, 0.870, 0.274, 1.000, 0.000, 1.000, 1.000, 1.000, 0.000, 0.000, 1.000, 0.012, 0.014, 0.015, 0.013, 0.017, 0.014
30.600, 0.860, 0.139, 1.000, 0.000, 0.000, 1.000, 1.000, 0.000, 0.000, 1.000, 0.012, 0.013, 0.015, 0.013, 0.016, 0.014
30.620, 0.846, -0.047, 0.000, 0.000, 0.000, 1.000, 1.000, 0.000, 0.000, 0.000, 0.011, 0.013, 0.015, 0.013, 0.016, 0.014
30.640, 0.825, -0.293, 0.000, 0.000, 0.000, 1.000, 1.000, 0.000, 0.000, 0.000, 0.011, 0.013, 0.015, 0.013, 0.016, 0.014
30.660, 0.790, -0.566, 0.000, 0.000, 0.000, 1.000, 1.000, 0.000, 0.000, 0.000, 0.011, 0.013, 0.015, 0.013, 0.016, 0.014
30.680, 0.739, -0.767, 0.000, 0.011, 0.000, 1.000, 1.000, 0.000, 0.000, 0.011, 0.010, 0.012, 0.015, 0.013, 0.016, 0.014
30.700, 0.675, -0.857, 0.000, 0.005, 0.000, 1.000, 1.000, 0.000, 0.000, 0.005, 0.010, 0.012, 0.015, 0.013, 0.016, 0.014
30.720, 0.607, -0.883, 0.000, 0.110, 0.000, 1.000, 1.000, 0.000, 1.000, 0.110, 0.010, 0.012, 0.015, 0.013, 0.016, 0.014
30.740, 0.539, -0.887, 0.000, 0.000, 0.280, 1.000, 1.000, 0.000, 0.626, 0.000, 0.010, 0.012, 0.015, 0.012, 0.017, 0.014
30.760, 0.467, -0.884, 0.000, 0.000, 1.000, 0.000, 1.000, 0.000, 1.000, 0.000, 0.010, 0.013, 0.014, 0.012, 0.017, 0.014
30.780, 0.386, -0.878, 0.000, 0.000, 1.000, 0.000, 1.000, 0.000, 1.000, 0.000, 0.010, 0.013, 0.014, 0.012, 0.017, 0.014
30.800, 0.286, -0.871, 0.000, 0.000, 1.000, 0.000, 1.000, 0.000, 0.000, 0.000, 0.010, 0.013, 0.014, 0.012, 0.017, 0.014
30.820, 0.155, -0.862, 0.000, 0.000, 1.000, 0.000, 1.000, 0.000, 1.000, 0.000, 0.010, 0.014, 0.014, 0.012, 0.017, 0.014
30.840, -0.182, -0.798, 0.000, 1.000, 1.000, 0.000, 1.000, 0.000, 1.000, 1.000, 0.011, 0.014, 0.014, 0.012, 0.017, 0.014
30.860, -0.548, -0.737, 0.000, 1.000, 0.000, 0.000, 0.000, 0.000, 1.000, 1.000, 0.011, 0.013, 0.014, 0.012, 0.018, 0.015
30.880, -0.757, -0.697, 0.000, 1.000, 0.000, 0.000, 0.000, 0.000, 1.000, 1.000, 0.011, 0.013, 0.014, 0.013, 0.018, 0.015
30.900, -0.852, -0.637, 0.000, 1.000, 0.000, 0.000, 0.000, 0.000, 1.000, 1.000, 0.011, 0.013, 0.014, 0.013, 0.018, 0.015
30.920, -0.879, -0.574, 0.000, 0.000, 0.000, 0.000, 0.066, 0.393, 0.000, 0.000, 0.011, 0.014, 0.014, 0.013, 0.017, 0.014
30.940, -0.885, -0.494, 0.000, 1.000, 0.000, 0.000, 0.077, 0.000, 1.000, 1.000, 0.011, 0.014, 0.014, 0.013, 0.018, 0.014
30.960, -0.882, -0.392, 0.000, 1.000, 0.000, 0.000, 0.064, 0.000, 1.000, 1.000, 0.011, 0.014, 0.015, 0.013, 0.018, 0.015
30.980, -0.876, -0.269, 0.000, 1.000, 0.000, 0.000, 0.000, 0.000, 1.000, 1.000, 0.012, 0.014, 0.015, 0.013, 0.018, 0.015
31.000, -0.864, -0.122, 0.000, 1.000, 0.000, 0.000, 0.000, 0.000, 1.000, 1.000, 0.012, 0.014, 0.015, 0.014, 0.018, 0.015
31.020, -0.859, 0.092, 1.000, 1.000, 0.000, 0.000, 0.000, 0.000, 1.000, 0.000, 0.011, 0.014, 0.015, 0.014, 0.018, 0.014
31.040, -0.838, 0.342, 1.000, 1.000, 0.000, 0.000, 0.000, 0.726, 1.000, 0.000, 0.011, 0.014, 0.015, 0.014, 0.018, 0.014
31.060, -0.796, 0.607, 1.000, 1.000, 0.000, 0.000, 0.000, 1.000, 0.000, 0.000, 0.011, 0.014, 0.015, 0.014, 0.017, 0.014
31.080, -0.746, 0.780, 1.000, 1.000, 0.000, 0.000, 0.000, 1.000, 0.000, 0.000, 0.011, 0.014, 0.015, 0.014, 0.017, 0.015
31.100, -0.710, 0.836, 1.000, 1.000, 0.000, 0.000, 0.000, 1.000, 0.000, 0.000, 0.011, 0.014, 0.015, 0.014, 0.017, 0.015
31.120, -0.651, 0.873, 1.000, 1.000, 0.000, 0.000, 0.000, 1.000, 0.000, 0.000, 0.010, 0.015, 0.015, 0.014, 0.017, 0.015
31.140, -0.597, 0.879, 1.000, 1.000, 0.000, 1.000, 0.000, 1.000, 0.000, 0.000, 0.010, 0.015, 0.015, 0.014, 0.018, 0.015
31.160, -0.540, 0.881, 1.000, 1.000, 0.000, 0.000, 0.000, 1.000, 0.000, 0.000, 0.010, 0.015, 0.015, 0.014, 0.018, 0.015
31.180, -0.486, 0.876, 1.000, 1.000, 0.791, 0.000, 0.000, 1.000, 0.000, 0.000, 0.010, 0.014, 0.015, 0.014, 0.018, 0.015
31.200, -0.409, 0.877, 1.000, 0.000, 1.000, 0.000, 0.000, 1.000, 0.000, 1.000, 0.011, 0.014, 0.015, 0.014, 0.018, 0.015
31.220, -0.316, 0.872, 1.000, 0.000, 0.000, 0.000, 0.000, 1.000, 0.000, 1.000, 0.011, 0.014, 0.016, 0.013, 0.018, 0.015
31.240, -0.202, 0.862, 1.000, 1.000, 0.000, 0.000, 0.000, 1.000, 0.000, 0.000, 0.011, 0.014, 0.016, 0.013, 0.018, 0.016
31.260, -0.042, 0.852, 1.000, 0.000, 1.000, 0.000, 0.430, 1.000, 0.000, 1.000, 0.011, 0.014, 0.016, 0.013, 0.018, 0.016
31.280, 0.178, 0.835, 1.000, 0.000, 1.000, 1.000, 0.000, 1.000, 0.000, 1.000, 0.012, 0.014, 0.015, 0.013, 0.018, 0.016
31.300, 0.449, 0.807, 1.000, 0.000, 1.000, 1.000, 0.000, 1.000, 0.000, 1.000, 0.012, 0.014, 0.015, 0.013, 0.018, 0.016
31.320, 0.693, 0.764, 1.000, 0.000, 1.000, 0.000, 0.000, 0.000, 0.000, 1.000, 0.012, 0.014, 0.015, 0.013, 0.018, 0.016
31.340, 0.829, 0.704, 1.000, 0.000, 1.000, 0.000, 0.000, 0.000, 0.861, 1.000, 0.012, 0.014, 0.015, 0.013, 0.017, 0.015
31.360, 0.876, 0.637, 1.000, 0.000, 1.000, 0.000, 1.000, 0.000, 0.641, 1.000, 0.012, 0.015, 0.015, 0.013, 0.017, 0.015
31.380, 0.886, 0.569, 1.000, 0.000, 1.000, 0.000, 1.000, 0.000, 0.000, 1.000, 0.012, 0.015, 0.015, 0.014, 0.017, 0.015
31.400, 0.885, 0.500, 1.000, 0.000, 1.000, 0.000, 1.000, 0.000, 0.000, 1.000, 0.012, 0.015, 0.015, 0.014, 0.017, 0.016
31.420, 0.881, 0.423, 1.000, 0.000, 1.000, 0.000, 1.000, 0.000, 0.000, 1.000, 0.012, 0.015, 0.014, 0.014, 0.017, 0.016
31.440, 0.874, 0.333, 1.000, 0.023, 1.000, 0.000, 0.000, 0.000, 0.000, 0.977, 0.012, 0.015, 0.014, 0.014, 0.018, 0.016
31.460, 0.866, 0.218, 1.000, 0.000, 1.000, 0.000, 0.000, 0.000, 0.000, 1.000, 0.012, 0.015, 0.014, 0.013, 0.018, 0.015
31.480, 0.855, 0.062, 1.000, 0.197, 0.000, 0.109, 0.000, 0.000, 0.000, 0.803, 0.012, 0.015, 0.014, 0.013, 0.018, 0.015
31.500, 0.838, -0.151, 0.000, 0.000, 0.000, 1.000, 1.000, 0.000, 0.000, 0.000, 0.012, 0.014, 0.015, 0.014, 0.018, 0.015
31.520, 0.811, -0.419, 0.000, 0.000, 0.000, 1.000, 1.000, 0.000, 0.000, 0.000, 0.012, 0.014, 0.015, 0.014, 0.018, 0.015
31.540, 0.769, -0.672, 0.000, 0.000, 0.000, 1.000, 1.000, 0.000, 0.000, 0.000, 0.011, 0.014, 0.015, 0.014, 0.018, 0.015
31.560, 0.711, -0.820, 0.000, 0.000, 0.260, 1.000, 1.000, 0.000, 0.000, 0.000, 0.011, 0.014, 0.016, 0.014, 0.018, 0.015
31.580, 0.644, -0.873, 0.000, 0.000, 0.018, 1.000, 1.000, 0.029, 0.060, 0.000, 0.011, 0.014, 0.016, 0.014, 0.019, 0.015
31.600, 0.577, -0.886, 0.000, 0.000, 0.000, 1.000, 1.000, 0.000, 1.000, 0.000, 0.011, 0.014, 0.016, 0.013, 0.019, 0.015
31.620, 0.508, -0.886, 0.000, 0.000, 0.000, 1.000, 1.000, 0.000, 1.000, 0.000, 0.011, 0.014, 0.016, 0.013, 0.019, 0.015
31.640, 0.432, -0.881, 0.000, 0.000, 0.000, 1.000, 1.000, 0.000, 0.000, 0.000, 0.011, 0.014, 0.016, 0.013, 0.019, 0.015
31.660, 0.308, -0.865, 0.000, 1.000, 0.000, 1.000, 1.000, 0.000, 0.000, 1.000, 0.012, 0.014, 0.015, 0.013, 0.019, 0.015
31.680, 0.109, -0.838, 0.000, 1.000, 0.000, 1.000, 1.000, 0.000, 0.401, 1.000, 0.012, 0.014, 0.015, 0.013, 0.019, 0.015
31.700, -0.123, -0.823, 0.000, 1.000, 0.000, 1.000, 1.000, 0.000, 1.000, 1.000, 0.012, 0.015, 0.015, 0.013, 0.019, 0.015
31.720, -0.388, -0.804, 0.000, 1.000, 0.000, 0.000, 0.195, 0.192, 1.000, 1.000, 0.012, 0.015, 0.015, 0.013, 0.019, 0.016
31.740, -0.646, -0.769, 0.000, 0.000, 0.000, 0.000, 0.000, 1.000, 0.000, 0.000, 0.012, 0.015, 0.016, 0.014, 0.018, 0.015
31.760, -0.812, -0.706, 0.000, 1.000, 0.000, 0.000, 0.000, 1.000, 0.000, 1.000, 0.012, 0.015, 0.016, 0.014, 0.018, 0.015
31.780, -0.871, -0.637, 0.000, 1.000, 0.000, 0.000, 0.000, 1.000, 0.000, 1.000, 0.012, 0.015, 0.016, 0.014, 0.018, 0.015
31.800, -0.885, -0.570, 0.000, 0.000, 0.000, 0.000, 0.000, 1.000, 0.000, 0.000, 0.012, 0.015, 0.016, 0.014, 0.018, 0.015
31.820, -0.885, -0.501, 0.000, 0.000, 0.000, 0.000, 0.000, 1.000, 0.000, 0.000, 0.012, 0.015, 0.016, 0.014, 0.018, 0.014
31.840, -0.881, -0.425, 0.000, 0.000, 0.000, 0.000, 0.000, 1.000, 0.000, 0.000, 0.012, 0.015, 0.016, 0.014, 0.018, 0.014
31.860, -0.875, -0.335, 0.000, 0.000, 0.000, 0.000, 0.000, 1.000, 0.000, 0.000, 0.011, 0.015, 0.016, 0.015, 0.019, 0.015
31.880, -0.866, -0.219, 0.000, 0.267, 0.000, 0.000, 0.000, 1.000, 0.000, 0.267, 0.011, 0.016, 0.016, 0.015, 0.019, 0.015
31.900, -0.856, -0.062, 0.000, 1.000, 0.000, 1.000, 0.000, 1.000, 0.000, 1.000, 0.012, 0.016, 0.016, 0.015, 0.019, 0.016
31.920, -0.840, 0.153, 1.000, 1.000, 0.000, 1.000, 0.000, 1.000, 0.000, 0.000, 0.012, 0.016, 0.015, 0.015, 0.019, 0.016
31.940, -0.819, 0.414, 1.000, 1.000, 0.000, 0.000, 0.000, 1.000, 0.007, 0.000, 0.012, 0.016, 0.016, 0.015, 0.019, 0.016
31.960, -0.782, 0.657, 1.000, 1.000, 0.000, 0.000, 0.000, 1.000, 0.253, 0.000, 0.011, 0.016, 0.016, 0.015, 0.019, 0.016
31.980, -0.732, 0.803, 1.000, 1.000, 0.000, 1.000, 0.062, 1.000, 0.000, 0.000, 0.011, 0.016, 0.016, 0.015, 0.019, 0.016
32.000, -0.678, 0.859, 1.000, 1.000, 0.000, 0.222, 0.000, 1.000, 0.000, 0.000, 0.011, 0.016, 0.016, 0.015, 0.019, 0.016
32.020, -0.626, 0.875, 1.000, 1.000, 0.000, 0.000, 0.000, 1.000, 0.000, 0.000, 0.011, 0.016, 0.016, 0.015, 0.019, 0.016
32.040, -0.628, 0.851, 1.000, 1.000, 0.000, 0.000, 0.000, 1.000, 1.000, 0.000, 0.011, 0.016, 0.016, 0.015, 0.019, 0.016
32.060, -0.657, 0.827, 1.000, 1.000, 0.000, 0.000, 0.000, 0.000, 1.000, 0.000, 0.011, 0.016, 0.016, 0.015, 0.019, 0.015
32.080, -0.671, 0.828, 1.000, 1.000, 0.000, 0.000, 0.000, 0.000, 1.000, 0.000, 0.011, 0.016, 0.017, 0.014, 0.019, 0.015
32.100, -0.625, 0.865, 1.000, 1.000, 0.000, 0.000, 0.000, 0.000, 1.000, 0.000, 0.011, 0.016, 0.016, 0.014, 0.019, 0.015
32.120, -0.572, 0.877, 1.000, 1.000, 0.000, 0.000, 1.000, 0.000, 0.000, 0.000, 0.011, 0.015, 0.016, 0.015, 0.019, 0.015
32.140, -0.555, 0.862, 1.000, 1.000, 0.000, 0.012, 1.000, 0.000, 0.000, 0.000, 0.011, 0.015, 0.016, 0.015, 0.019, 0.016
32.160, -0.513, 0.868, 1.000, 1.000, 0.000, 0.000, 1.000, 0.000, 0.000, 0.000, 0.011, 0.015, 0.015, 0.015, 0.019, 0.016
32.180, -0.500, 0.855, 1.000, 1.000, 0.000, 0.000, 0.000, 0.000, 0.000, 0.000, 0.011, 0.015, 0.015, 0.015, 0.020, 0.016
32.200, -0.478, 0.854, 1.000, 1.000, 0.000, 0.000, 0.000, 1.000, 0.000, 0.000, 0.011, 0.015, 0.015, 0.014, 0.019, 0.016
32.220, -0.446, 0.855, 1.000, 1.000, 0.000, 0.000, 0.000, 1.000, 1.000, 0.000, 0.011, 0.015, 0.015, 0.014, 0.019, 0.016
32.240, -0.405, 0.855, 1.000, 1.000, 1.000, 0.000, 0.000, 1.000, 1.000, 0.000, 0.011, 0.015, 0.015, 0.014, 0.018, 0.015
32.260, -0.339, 0.857, 1.000, 1.000, 1.000, 0.000, 0.000, 0.000, 1.000, 0.000, 0.011, 0.016, 0.015, 0.014, 0.019, 0.015
32.280, -0.282, 0.845, 1.000, 1.000, 1.000, 0.000, 0.000, 0.000, 1.000, 0.000, 0.011, 0.016, 0.015, 0.014, 0.019, 0.015
32.300, -0.210, 0.836, 1.000, 1.000, 1.000, 0.440, 1.000, 0.000, 0.000, 0.000, 0.011, 0.016, 0.015, 0.014, 0.019, 0.015
32.320, -0.122, 0.824, 1.000, 1.000, 0.000, 1.000, 1.000, 0.000, 0.000, 0.000, 0.011, 0.015, 0.016, 0.015, 0.019, 0.016
32.340, 0.058, 0.830, 1.000, 0.233, 0.000, 1.000, 1.000, 0.000, 0.000, 0.767, 0.011, 0.015, 0.016, 0.015, 0.020, 0.015
32.360, 0.194, 0.776, 1.000, 1.000, 0.164, 0.000, 0.000, 0.000, 0.000, 0.000, 0.011, 0.015, 0.016, 0.014, 0.020, 0.015
32.380, 0.336, 0.721, 1.000, 1.000, 0.000, 0.000, 0.000, 0.000, 0.000, 0.000, 0.011, 0.015, 0.015, 0.014, 0.020, 0.015
32.400, 0.533, 0.691, 1.000, 1.000, 0.000, 0.000, 0.000, 0.000, 1.000, 0.000, 0.011, 0.015, 0.015, 0.014, 0.020, 0.015
32.420, 0.719, 0.658, 1.000, 1.000, 0.000, 0.219, 0.000, 0.000, 1.000, 0.000, 0.011, 0.015, 0.015, 0.014, 0.020, 0.016
32.440, 0.821, 0.594, 1.000, 1.000, 0.000, 0.000, 0.378, 0.000, 1.000, 0.000, 0.011, 0.015, 0.015, 0.014, 0.020, 0.016
32.460, 0.859, 0.507, 1.000, 1.000, 0.000, 0.000, 0.000, 0.695, 1.000, 0.000, 0.011, 0.015, 0.015, 0.014, 0.020, 0.016
32.480, 0.873, 0.437, 1.000, 0.282, 1.000, 0.143, 0.177, 1.000, 0.000, 0.718, 0.011, 0.015, 0.015, 0.014, 0.019, 0.016
32.500, 0.873, 0.351, 1.000, 0.000, 1.000, 0.000, 1.000, 0.000, 0.000, 1.000, 0.011, 0.015, 0.015, 0.014, 0.019, 0.015
32.520, 0.867, 0.243, 1.000, 0.000, 1.000, 0.000, 1.000, 0.000, 0.000, 1.000, 0.012, 0.015, 0.015, 0.014, 0.020, 0.015
32.540, 0.857, 0.097, 1.000, 0.000, 1.000, 0.000, 1.000, 1.000, 0.000, 1.000, 0.012, 0.015, 0.016, 0.014, 0.020, 0.015
32.560, 0.842, -0.104, 0.000, 0.000, 1.000, 0.000, 1.000, 1.000, 0.000, 0.000, 0.011, 0.014, 0.016, 0.014, 0.020, 0.015
32.580, 0.817, -0.364, 0.000, 0.000, 1.000, 0.000, 1.000, 1.000, 0.000, 0.000, 0.011, 0.014, 0.016, 0.014, 0.020, 0.015
32.600, 0.779, -0.628, 0.000, 0.000, 1.000, 0.000, 1.000, 1.000, 0.000, 0.000, 0.011, 0.014, 0.016, 0.013, 0.020, 0.015
32.620, 0.723, -0.800, 0.000, 0.000, 1.000, 0.000, 1.000, 0.000, 0.000, 0.000, 0.011, 0.014, 0.016, 0.013, 0.020, 0.015
32.640, 0.658, -0.867, 0.000, 0.000, 1.000, 0.000, 1.000, 0.000, 0.000, 0.000, 0.011, 0.014, 0.016, 0.013, 0.019, 0.015
32.660, 0.590, -0.885, 0.000, 0.000, 1.000, 0.000, 1.000, 0.000, 0.000, 0.000, 0.011, 0.014, 0.016, 0.013, 0.019, 0.015
32.680, 0.522, -0.886, 0.000, 0.000, 1.000, 1.000, 1.000, 0.000, 0.000, 0.000, 0.011, 0.014, 0.016, 0.013, 0.019, 0.015
32.700, 0.448, -0.882, 0.000, 0.000, 0.450, 1.000, 1.000, 0.000, 0.000, 0.000, 0.011, 0.014, 0.016, 0.013, 0.019, 0.015
32.720, 0.363, -0.877, 0.000, 0.000, 1.000, 1.000, 1.000, 0.000, 0.000, 0.000, 0.011, 0.014, 0.015, 0.013, 0.019, 0.015
32.740, 0.256, -0.869, 0.000, 0.000, 0.000, 1.000, 1.000, 0.000, 0.000, 0.000, 0.011, 0.015, 0.015, 0.013, 0.019, 0.015
32.760, 0.115, -0.859, 0.000, 0.000, 0.000, 0.000, 1.000, 0.000, 0.000, 0.000, 0.010, 0.015, 0.016, 0.013, 0.018, 0.016
32.780, -0.079, -0.844, 0.000, 0.000, 0.000, 0.000, 1.000, 0.000, 0.000, 0.000, 0.010, 0.015, 0.016, 0.013, 0.018, 0.016
32.800, -0.334, -0.821, 0.000, 0.000, 0.000, 0.000, 1.000, 0.000, 0.000, 0.000, 0.010, 0.015, 0.016, 0.013, 0.018, 0.016
32.820, -0.603, -0.784, 0.000, 0.000, 1.000, 0.000, 1.000, 0.000, 0.000, 0.000, 0.010, 0.015, 0.016, 0.013, 0.018, 0.016
32.840, -0.787, -0.730, 0.000, 0.000, 1.000, 0.244, 1.000, 0.000, 0.000, 0.000, 0.010, 0.015, 0.016, 0.013, 0.018, 0.016
32.860, -0.863, -0.665, 0.000, 0.000, 0.623, 1.000, 1.000, 0.000, 0.000, 0.000, 0.010, 0.015, 0.016, 0.013, 0.018, 0.016
32.880, -0.884, -0.598, 0.000, 0.000, 1.000, 1.000, 1.000, 0.000, 1.000, 0.000, 0.010, 0.015, 0.016, 0.013, 0.018, 0.016
32.900, -0.886, -0.529, 0.000, 0.000, 1.000, 1.000, 1.000, 0.000, 1.000, 0.000, 0.010, 0.014, 0.015, 0.013, 0.018, 0.015
32.920, -0.883, -0.456, 0.000, 0.000, 1.000, 1.000, 1.000, 0.000, 1.000, 0.000, 0.010, 0.014, 0.015, 0.013, 0.018, 0.015
32.940, -0.878, -0.363, 0.000, 1.000, 1.000, 0.000, 0.000, 0.000, 1.000, 1.000, 0.011, 0.014, 0.016, 0.013, 0.018, 0.015
32.960, -0.871, -0.247, 0.000, 1.000, 0.000, 0.000, 0.000, 0.000, 1.000, 1.000, 0.011, 0.015, 0.016, 0.014, 0.019, 0.015
32.980, -0.867, -0.066, 0.000, 1.000, 0.000, 0.000, 0.000, 0.000, 1.000, 1.000, 0.011, 0.015, 0.015, 0.014, 0.019, 0.015
33.000, -0.857, 0.161, 1.000, 1.000, 0.000, 0.000, 0.000, 0.000, 1.000, 0.000, 0.011, 0.015, 0.015, 0.014, 0.019, 0.015
33.020, -0.835, 0.411, 1.000, 1.000, 0.000, 0.000, 0.000, 0.000, 1.000, 0.000, 0.011, 0.015, 0.015, 0.014, 0.019, 0.015
33.040, -0.807, 0.625, 1.000, 1.000, 0.000, 0.000, 0.000, 0.000, 1.000, 0.000, 0.011, 0.015, 0.015, 0.014, 0.019, 0.015
33.060, -0.768, 0.765, 1.000, 1.000, 0.000, 0.000, 0.000, 1.000, 0.000, 0.000, 0.010, 0.014, 0.015, 0.015, 0.019, 0.015
33.080, -0.711, 0.845, 1.000, 1.000, 0.000, 0.000, 0.000, 1.000, 0.000, 0.000, 0.010, 0.014, 0.015, 0.015, 0.019, 0.016
33.100, -0.679, 0.856, 1.000, 1.000, 0.000, 0.000, 0.000, 1.000, 0.000, 0.000, 0.010, 0.014, 0.015, 0.014, 0.018, 0.016
33.120, -0.631, 0.872, 1.000, 1.000, 0.000, 0.000, 0.386, 1.000, 0.000, 0.000, 0.010, 0.014, 0.015, 0.014, 0.018, 0.016
33.140, -0.601, 0.868, 1.000, 1.000, 0.000, 0.000, 0.000, 1.000, 0.000, 0.000, 0.010, 0.014, 0.015, 0.014, 0.018, 0.016
33.160, -0.564, 0.870, 1.000, 1.000, 0.000, 0.000, 0.000, 1.000, 0.000, 0.000, 0.010, 0.014, 0.015, 0.014, 0.018, 0.016
33.180, -0.555, 0.857, 1.000, 1.000, 0.000, 0.000, 0.000, 0.666, 1.000, 0.000, 0.010, 0.014, 0.015, 0.013, 0.018, 0.016
33.200, -0.535, 0.857, 1.000, 1.000, 0.000, 0.000, 0.000, 0.000, 1.000, 0.000, 0.010, 0.014, 0.015, 0.013, 0.019, 0.015
33.220, -0.514, 0.857, 1.000, 1.000, 0.000, 0.000, 0.000, 0.000, 1.000, 0.000, 0.010, 0.014, 0.015, 0.013, 0.019, 0.015
33.240, -0.472, 0.863, 1.000, 1.000, 0.000, 0.000, 0.000, 0.000, 0.444, 0.000, 0.010, 0.014, 0.015, 0.013, 0.019, 0.015
33.260, -0.422, 0.863, 1.000, 1.000, 0.000, 0.000, 0.000, 0.000, 0.270, 0.000, 0.010, 0.014, 0.015, 0.013, 0.019, 0.016
33.280, -0.369, 0.858, 1.000, 1.000, 0.000, 0.000, 0.000, 1.000, 0.000, 0.000, 0.010, 0.014, 0.015, 0.013, 0.019, 0.016
33.300, -0.296, 0.855, 1.000, 1.000, 0.000, 0.000, 0.000, 1.000, 0.000, 0.000, 0.010, 0.014, 0.014, 0.013, 0.018, 0.016
33.320, -0.196, 0.850, 1.000, 1.000, 0.000, 0.000, 0.000, 1.000, 0.704, 0.000, 0.010, 0.014, 0.014, 0.013, 0.018, 0.016
33.340, -0.065, 0.839, 1.000, 1.000, 0.000, 0.000, 0.000, 1.000, 1.000, 0.000, 0.010, 0.014, 0.014, 0.013, 0.018, 0.015
33.360, 0.113, 0.822, 1.000, 1.000, 0.000, 0.000, 0.000, 0.000, 1.000, 0.000, 0.010, 0.014, 0.014, 0.013, 0.019, 0.015
33.380, 0.356, 0.802, 1.000, 1.000, 0.000, 0.000, 0.000, 0.000, 1.000, 0.000, 0.010, 0.014, 0.014, 0.013, 0.019, 0.015
33.400, 0.610, 0.765, 1.000, 1.000, 0.000, 0.000, 0.000, 0.000, 1.000, 0.000, 0.010, 0.014, 0.015, 0.013, 0.019, 0.015
33.420, 0.776, 0.699, 1.000, 1.000, 1.000, 1.000, 0.187, 0.000, 1.000, 0.000, 0.010, 0.014, 0.015, 0.013, 0.019, 0.015
33.440, 0.855, 0.636, 1.000, 1.000, 1.000, 1.000, 1.000, 0.000, 1.000, 0.000, 0.010, 0.014, 0.014, 0.013, 0.019, 0.016
33.460, 0.880, 0.572, 1.000, 0.000, 1.000, 0.000, 1.000, 0.000, 0.000, 1.000, 0.010, 0.014, 0.015, 0.014, 0.019, 0.015
33.480, 0.884, 0.504, 1.000, 0.000, 1.000, 0.535, 1.000, 1.000, 0.000, 1.000, 0.011, 0.014, 0.015, 0.014, 0.019, 0.015
33.500, 0.881, 0.429, 1.000, 0.000, 0.942, 1.000, 1.000, 0.000, 0.000, 1.000, 0.011, 0.014, 0.015, 0.014, 0.019, 0.015
33.520, 0.875, 0.340, 1.000, 0.000, 1.000, 0.481, 1.000, 0.000, 0.000, 1.000, 0.011, 0.014, 0.015, 0.014, 0.019, 0.015
33.540, 0.867, 0.226, 1.000, 0.000, 1.000, 0.207, 1.000, 0.434, 0.000, 1.000, 0.011, 0.014, 0.015, 0.014, 0.019, 0.015
33.560, 0.856, 0.074, 1.000, 0.000, 1.000, 1.000, 1.000, 1.000, 0.000, 1.000, 0.011, 0.013, 0.015, 0.013, 0.019, 0.015
33.580, 0.839, -0.135, 0.000, 0.000, 1.000, 1.000, 1.000, 1.000, 0.000, 0.000, 0.011, 0.013, 0.015, 0.013, 0.019, 0.015
33.600, 0.813, -0.400, 0.000, 0.000, 1.000, 0.998, 1.000, 1.000, 0.000, 0.000, 0.011, 0.013, 0.014, 0.013, 0.020, 0.015
33.620, 0.773, -0.657, 0.000, 0.000, 1.000, 1.000, 1.000, 1.000, 0.000, 0.000, 0.010, 0.013, 0.014, 0.013, 0.020, 0.015
33.640, 0.715, -0.813, 0.000, 0.000, 1.000, 1.000, 1.000, 0.000, 0.000, 0.000, 0.010, 0.013, 0.014, 0.013, 0.019, 0.015
33.660, 0.642, -0.867, 0.000, 1.000, 0.000, 0.000, 1.000, 0.000, 0.000, 1.000, 0.011, 0.014, 0.015, 0.013, 0.019, 0.015
33.680, 0.574, -0.883, 0.000, 0.426, 1.000, 0.000, 1.000, 0.000, 0.000, 0.426, 0.011, 0.014, 0.015, 0.013, 0.019, 0.014
33.700, 0.505, -0.885, 0.000, 0.000, 1.000, 0.000, 1.000, 0.000, 0.000, 0.000, 0.011, 0.013, 0.015, 0.013, 0.018, 0.014
33.720, 0.430, -0.881, 0.000, 0.000, 1.000, 0.000, 1.000, 1.000, 0.000, 0.000, 0.010, 0.013, 0.015, 0.013, 0.019, 0.014
33.740, 0.341, -0.875, 0.000, 0.000, 1.000, 1.000, 0.000, 1.000, 0.000, 0.000, 0.010, 0.013, 0.015, 0.013, 0.019, 0.014
33.760, 0.228, -0.867, 0.000, 0.071, 0.000, 0.000, 1.000, 0.000, 0.101, 0.071, 0.010, 0.014, 0.015, 0.013, 0.019, 0.014
33.780, 0.076, -0.856, 0.000, 0.000, 1.000, 0.000, 1.000, 0.000, 0.000, 0.000, 0.010, 0.014, 0.016, 0.013, 0.019, 0.014
33.800, -0.132, -0.840, 0.000, 0.000, 0.000, 0.128, 1.000, 0.000, 0.000, 0.000, 0.010, 0.014, 0.016, 0.013, 0.018, 0.014
33.820, -0.397, -0.814, 0.000, 0.000, 0.000, 1.000, 1.000, 0.000, 0.000, 0.000, 0.010, 0.014, 0.015, 0.013, 0.018, 0.014
33.840, -0.655, -0.773, 0.000, 0.000, 0.000, 1.000, 1.000, 0.000, 0.000, 0.000, 0.010, 0.014, 0.015, 0.013, 0.018, 0.014
33.860, -0.812, -0.716, 0.000, 0.000, 0.000, 1.000, 1.000, 0.000, 0.000, 0.000, 0.010, 0.015, 0.015, 0.013, 0.018, 0.015
33.880, -0.871, -0.650, 0.000, 0.000, 0.000, 1.000, 1.000, 0.000, 0.000, 0.000, 0.010, 0.015, 0.016, 0.013, 0.018, 0.015
33.900, -0.886, -0.582, 0.000, 0.000, 0.000, 1.000, 1.000, 0.000, 0.000, 0.000, 0.010, 0.015, 0.016, 0.013, 0.019, 0.015
33.920, -0.886, -0.513, 0.000, 0.000, 0.000, 1.000, 1.000, 0.000, 0.000, 0.000, 0.010, 0.015, 0.016, 0.013, 0.019, 0.015
33.940, -0.882, -0.439, 0.000, 0.030, 0.000, 1.000, 1.000, 0.000, 0.000, 0.030, 0.010, 0.015, 0.016, 0.013, 0.019, 0.016
33.960, -0.876, -0.351, 0.000, 0.084, 0.000, 1.000, 1.000, 0.030, 0.000, 0.084, 0.010, 0.015, 0.016, 0.012, 0.019, 0.016
33.980, -0.868, -0.242, 0.000, 0.000, 0.000, 1.000, 1.000, 0.000, 1.000, 0.000, 0.010, 0.015, 0.016, 0.012, 0.019, 0.015
34.000, -0.857, -0.095, 0.000, 0.380, 1.000, 0.000, 1.000, 1.000, 1.000, 0.380, 0.010, 0.015, 0.016, 0.012, 0.019, 0.015
34.020, -0.857, 0.126, 1.000, 1.000, 1.000, 0.000, 0.000, 1.000, 0.000, 0.000, 0.010, 0.015, 0.015, 0.013, 0.019, 0.015
34.040, -0.835, 0.379, 1.000, 1.000, 0.000, 0.000, 0.000, 1.000, 0.000, 0.000, 0.010, 0.014, 0.015, 0.013, 0.018, 0.016
34.060, -0.801, 0.619, 1.000, 1.000, 0.000, 0.000, 0.000, 1.000, 0.000, 0.000, 0.010, 0.014, 0.015, 0.014, 0.018, 0.016
34.080, -0.760, 0.769, 1.000, 1.000, 0.000, 0.000, 0.000, 1.000, 1.000, 0.000, 0.010, 0.014, 0.015, 0.014, 0.018, 0.015
34.100, -0.704, 0.848, 1.000, 1.000, 0.000, 0.000, 0.000, 0.000, 1.000, 0.000, 0.010, 0.014, 0.015, 0.013, 0.019, 0.015
34.120, -0.653, 0.871, 1.000, 1.000, 0.000, 0.000, 0.000, 0.000, 1.000, 0.000, 0.010, 0.014, 0.015, 0.013, 0.019, 0.015
34.140, -0.609, 0.874, 1.000, 1.000, 0.000, 0.000, 0.000, 0.000, 1.000, 0.000, 0.010, 0.014, 0.015, 0.013, 0.019, 0.015
34.160, -0.567, 0.874, 1.000, 1.000, 0.000, 0.000, 0.000, 1.000, 1.000, 0.000, 0.010, 0.014, 0.015, 0.013, 0.019, 0.015
34.180, -0.518, 0.875, 1.000, 1.000, 0.000, 0.000, 0.000, 1.000, 0.820, 0.000, 0.010, 0.014, 0.014, 0.013, 0.018, 0.015
34.200, -0.483, 0.866, 1.000, 1.000, 0.000, 0.000, 0.000, 0.000, 1.000, 0.000, 0.010, 0.014, 0.015, 0.012, 0.019, 0.014
34.220, -0.423, 0.869, 1.000, 1.000, 0.000, 0.000, 0.000, 0.000, 1.000, 0.000, 0.010, 0.014, 0.015, 0.012, 0.019, 0.014
34.240, -0.358, 0.863, 1.000, 1.000, 0.000, 0.000, 0.000, 1.000, 0.000, 0.000, 0.010, 0.013, 0.016, 0.012, 0.019, 0.015
34.260, -0.287, 0.854, 1.000, 1.000, 0.000, 0.000, 0.000, 1.000, 0.000, 0.000, 0.009, 0.013, 0.016, 0.012, 0.018, 0.015
34.280, -0.216, 0.840, 1.000, 1.000, 0.000, 0.000, 0.000, 1.000, 0.000, 0.000, 0.009, 0.013, 0.016, 0.012, 0.018, 0.015
34.300, -0.107, 0.833, 1.000, 1.000, 0.000, 0.000, 0.000, 1.000, 0.000, 0.000, 0.009, 0.013, 0.016, 0.012, 0.018, 0.016
34.320, 0.022, 0.814, 1.000, 1.000, 0.000, 0.000, 0.000, 1.000, 0.827, 0.000, 0.009, 0.013, 0.016, 0.012, 0.018, 0.015
34.340, 0.209, 0.797, 1.000, 1.000, 0.000, 0.000, 0.000, 0.000, 0.000, 0.000, 0.009, 0.013, 0.016, 0.012, 0.018, 0.016
34.360, 0.455, 0.776, 1.000, 1.000, 0.209, 0.000, 0.000, 0.000, 0.000, 0.000, 0.009, 0.013, 0.016, 0.012, 0.019, 0.016
34.380, 0.682, 0.734, 1.000, 1.000, 0.022, 0.000, 0.000, 0.460, 0.889, 0.000, 0.009, 0.013, 0.016, 0.012, 0.019, 0.015
34.400, 0.820, 0.683, 1.000, 0.789, 0.000, 1.000, 0.604, 0.000, 1.000, 0.211, 0.009, 0.013, 0.016, 0.012, 0.019, 0.015
34.420, 0.872, 0.621, 1.000, 0.000, 0.000, 1.000, 1.000, 0.000, 0.000, 1.000, 0.010, 0.013, 0.015, 0.013, 0.019, 0.015
34.440, 0.884, 0.554, 1.000, 0.026, 0.000, 1.000, 0.000, 0.000, 0.000, 0.974, 0.010, 0.013, 0.015, 0.013, 0.019, 0.015
34.460, 0.884, 0.484, 1.000, 0.000, 0.000, 1.000, 1.000, 0.000, 0.000, 1.000, 0.011, 0.014, 0.015, 0.013, 0.019, 0.015
34.480, 0.879, 0.406, 1.000, 0.000, 0.000, 1.000, 1.000, 0.000, 0.000, 1.000, 0.011, 0.014, 0.015, 0.013, 0.019, 0.014
34.500, 0.873, 0.311, 1.000, 0.000, 0.000, 0.728, 1.000, 0.000, 0.000, 1.000, 0.011, 0.014, 0.015, 0.013, 0.019, 0.014
34.520, 0.864, 0.189, 1.000, 0.000, 1.000, 0.797, 1.000, 0.000, 0.000, 1.000, 0.011, 0.014, 0.015, 0.013, 0.020, 0.014
34.540, 0.852, 0.023, 1.000, 0.000, 1.000, 0.000, 1.000, 0.000, 0.000, 1.000, 0.011, 0.014, 0.015, 0.013, 0.020, 0.014
34.560, 0.830, -0.205, 0.000, 1.000, 0.000, 0.000, 1.000, 0.000, 0.004, 1.000, 0.011, 0.014, 0.016, 0.012, 0.019, 0.014
34.580, 0.802, -0.477, 0.000, 0.000, 0.657, 1.000, 1.000, 0.000, 0.000, 0.000, 0.011, 0.014, 0.015, 0.012, 0.019, 0.014
34.600, 0.757, -0.712, 0.000, 0.000, 1.000, 1.000, 1.000, 0.000, 0.000, 0.000, 0.010, 0.014, 0.015, 0.012, 0.018, 0.014
34.620, 0.697, -0.836, 0.000, 0.000, 0.000, 1.000, 1.000, 0.000, 0.000, 0.000, 0.010, 0.014, 0.015, 0.012, 0.018, 0.014
34.640, 0.628, -0.877, 0.000, 0.669, 0.000, 1.000, 1.000, 1.000, 0.000, 0.669, 0.010, 0.014, 0.015, 0.012, 0.019, 0.014
34.660, 0.556, -0.884, 0.000, 1.000, 0.000, 1.000, 1.000, 1.000, 0.000, 1.000, 0.011, 0.014, 0.015, 0.012, 0.019, 0.014
34.680, 0.486, -0.884, 0.000, 0.000, 0.000, 0.000, 1.000, 1.000, 0.000, 0.000, 0.010, 0.015, 0.015, 0.012, 0.019, 0.014
34.700, 0.407, -0.879, 0.000, 0.000, 1.000, 0.000, 1.000, 1.000, 0.000, 0.000, 0.010, 0.014, 0.016, 0.012, 0.019, 0.014
34.720, 0.312, -0.873, 0.000, 0.201, 1.000, 0.000, 1.000, 0.000, 0.061, 0.201, 0.010, 0.014, 0.016, 0.012, 0.019, 0.014
34.740, 0.190, -0.864, 0.000, 0.000, 1.000, 0.000, 1.000, 0.000, 0.000, 0.000, 0.010, 0.014, 0.016, 0.012, 0.019, 0.014
34.760, 0.024, -0.852, 0.000, 0.183, 0.000, 0.612, 1.000, 0.000, 0.122, 0.183, 0.010, 0.014, 0.016, 0.012, 0.018, 0.014
34.780, -0.202, -0.833, 0.000, 0.000, 0.000, 1.000, 1.000, 0.017, 0.000, 0.000, 0.010, 0.014, 0.015, 0.012, 0.018, 0.014
34.800, -0.475, -0.804, 0.000, 0.000, 0.000, 1.000, 1.000, 0.000, 0.000, 0.000, 0.010, 0.015, 0.015, 0.012, 0.018, 0.014
34.820, -0.712, -0.758, 0.000, 0.000, 0.000, 1.000, 1.000, 0.000, 0.000, 0.000, 0.010, 0.015, 0.015, 0.012, 0.018, 0.014
34.840, -0.836, -0.698, 0.000, 0.000, 0.000, 1.000, 1.000, 0.000, 0.000, 0.000, 0.010, 0.015, 0.015, 0.012, 0.018, 0.014
34.860, -0.878, -0.631, 0.000, 0.000, 0.000, 1.000, 1.000, 0.000, 0.000, 0.000, 0.010, 0.015, 0.015, 0.012, 0.019, 0.014
34.880, -0.887, -0.563, 0.000, 0.000, 0.000, 1.000, 1.000, 0.000, 0.000, 0.000, 0.010, 0.015, 0.016, 0.012, 0.019, 0.015
34.900, -0.885, -0.493, 0.000, 0.000, 0.000, 1.000, 1.000, 0.000, 0.000, 0.000, 0.010, 0.015, 0.016, 0.012, 0.019, 0.015
34.920, -0.880, -0.416, 0.000, 0.000, 0.000, 1.000, 1.000, 0.000, 0.000, 0.000, 0.010, 0.015, 0.016, 0.012, 0.019, 0.015
34.940, -0.874, -0.323, 0.000, 0.000, 0.000, 1.000, 1.000, 0.000, 0.000, 0.000, 0.010, 0.015, 0.016, 0.012, 0.019, 0.015
34.960, -0.865, -0.204, 0.000, 0.277, 0.062, 1.000, 1.000, 0.000, 1.000, 0.277, 0.010, 0.015, 0.016, 0.012, 0.019, 0.015
34.980, -0.854, -0.043, 0.000, 0.495, 0.168, 0.000, 0.000, 1.000, 1.000, 0.495, 0.010, 0.015, 0.016, 0.012, 0.019, 0.014
35.000, -0.836, 0.176, 1.000, 0.000, 1.000, 0.000, 0.000, 1.000, 0.000, 1.000, 0.010, 0.015, 0.015, 0.013, 0.019, 0.015
35.020, -0.836, 0.412, 1.000, 1.000, 0.000, 0.000, 0.000, 1.000, 0.000, 0.000, 0.010, 0.015, 0.015, 0.013, 0.018, 0.015
35.040, -0.805, 0.631, 1.000, 1.000, 0.000, 0.000, 0.000, 1.000, 0.000, 0.000, 0.010, 0.014, 0.015, 0.013, 0.018, 0.015
35.060, -0.767, 0.767, 1.000, 1.000, 0.000, 0.000, 0.000, 1.000, 0.000, 0.000, 0.010, 0.014, 0.015, 0.013, 0.018, 0.015
35.080, -0.726, 0.831, 1.000, 1.000, 0.000, 0.000, 0.000, 1.000, 1.000, 0.000, 0.010, 0.014, 0.015, 0.013, 0.018, 0.015
35.100, -0.674, 0.865, 1.000, 1.000, 0.000, 0.000, 0.000, 0.000, 1.000, 0.000, 0.010, 0.014, 0.015, 0.013, 0.019, 0.015
35.120, -0.635, 0.870, 1.000, 1.000, 0.000, 0.000, 0.000, 0.000, 1.000, 0.000, 0.010, 0.014, 0.015, 0.013, 0.019, 0.014
35.140, -0.586, 0.877, 1.000, 1.000, 0.000, 0.000, 0.000, 0.000, 1.000, 0.000, 0.010, 0.014, 0.015, 0.013, 0.019, 0.014
35.160, -0.545, 0.873, 1.000, 1.000, 0.000, 0.000, 0.000, 1.000, 1.000, 0.000, 0.009, 0.014, 0.015, 0.012, 0.019, 0.014
35.180, -0.494, 0.873, 1.000, 1.000, 0.000, 0.000, 0.000, 1.000, 0.000, 0.000, 0.009, 0.014, 0.015, 0.012, 0.018, 0.015
35.200, -0.444, 0.869, 1.000, 1.000, 0.000, 0.000, 0.000, 1.000, 0.000, 0.000, 0.009, 0.014, 0.015, 0.012, 0.018, 0.015
35.220, -0.393, 0.862, 1.000, 1.000, 0.000, 0.000, 0.000, 1.000, 0.000, 0.000, 0.009, 0.014, 0.015, 0.012, 0.018, 0.015
35.240, -0.346, 0.852, 1.000, 1.000, 0.000, 0.000, 0.000, 1.000, 0.000, 0.000, 0.009, 0.014, 0.015, 0.012, 0.018, 0.015
35.260, -0.300, 0.841, 1.000, 1.000, 0.000, 0.000, 0.000, 1.000, 0.000, 0.000, 0.009, 0.014, 0.016, 0.012, 0.018, 0.015
35.280, -0.207, 0.844, 1.000, 1.000, 0.000, 0.000, 0.000, 1.000, 0.535, 0.000, 0.009, 0.014, 0.016, 0.012, 0.018, 0.015
35.300, -0.090, 0.835, 1.000, 1.000, 0.000, 0.000, 0.000, 1.000, 1.000, 0.000, 0.009, 0.014, 0.016, 0.012, 0.018, 0.015
35.320, 0.067, 0.820, 1.000, 1.000, 0.000, 0.000, 0.000, 1.000, 1.000, 0.000, 0.009, 0.013, 0.016, 0.012, 0.018, 0.015
35.340, 0.268, 0.795, 1.000, 1.000, 0.000, 0.000, 0.000, 0.000, 0.000, 0.000, 0.009, 0.013, 0.016, 0.012, 0.018, 0.015
35.360, 0.528, 0.773, 1.000, 1.000, 0.225, 0.065, 0.000, 0.409, 0.000, 0.000, 0.009, 0.014, 0.016, 0.012, 0.018, 0.015
35.380, 0.736, 0.726, 1.000, 1.000, 0.031, 0.000, 0.000, 0.000, 0.000, 0.000, 0.009, 0.013, 0.016, 0.012, 0.019, 0.015
35.400, 0.840, 0.661, 1.000, 1.000, 0.000, 0.000, 0.000, 1.000, 0.000, 0.000, 0.009, 0.013, 0.016, 0.012, 0.018, 0.015
35.420, 0.875, 0.588, 1.000, 1.000, 0.000, 1.000, 0.794, 1.000, 0.000, 0.000, 0.009, 0.014, 0.016, 0.012, 0.018, 0.015
35.440, 0.883, 0.521, 1.000, 0.000, 0.000, 1.000, 1.000, 0.000, 0.000, 1.000, 0.010, 0.014, 0.015, 0.013, 0.018, 0.015
35.460, 0.881, 0.448, 1.000, 0.115, 0.182, 0.402, 1.000, 0.000, 0.000, 0.885, 0.010, 0.014, 0.016, 0.013, 0.019, 0.014
35.480, 0.876, 0.363, 1.000, 0.000, 0.000, 1.000, 1.000, 0.000, 0.000, 1.000, 0.010, 0.015, 0.015, 0.013, 0.019, 0.014
35.500, 0.869, 0.257, 1.000, 0.000, 1.000, 1.000, 1.000, 0.000, 0.000, 1.000, 0.010, 0.014, 0.015, 0.013, 0.019, 0.014
35.520, 0.859, 0.116, 1.000, 0.000, 1.000, 0.966, 1.000, 0.000, 0.000, 1.000, 0.011, 0.014, 0.015, 0.013, 0.019, 0.014
35.540, 0.840, -0.084, 0.000, 1.000, 1.000, 1.000, 1.000, 0.000, 0.000, 1.000, 0.011, 0.014, 0.015, 0.013, 0.019, 0.014
35.560, 0.819, -0.338, 0.000, 0.000, 1.000, 1.000, 1.000, 0.000, 0.000, 0.000, 0.010, 0.014, 0.015, 0.013, 0.019, 0.014
35.580, 0.782, -0.606, 0.000, 0.000, 1.000, 0.407, 1.000, 0.000, 0.000, 0.000, 0.010, 0.013, 0.015, 0.012, 0.019, 0.014
35.600, 0.728, -0.789, 0.000, 0.000, 1.000, 0.772, 1.000, 0.000, 0.000, 0.000, 0.010, 0.013, 0.015, 0.012, 0.019, 0.014
35.620, 0.663, -0.863, 0.000, 0.283, 1.000, 1.000, 1.000, 1.000, 0.000, 0.283, 0.010, 0.013, 0.015, 0.012, 0.019, 0.014
35.640, 0.596, -0.884, 0.000, 0.002, 0.864, 1.000, 1.000, 1.000, 0.000, 0.002, 0.010, 0.013, 0.015, 0.012, 0.019, 0.014
35.660, 0.527, -0.886, 0.000, 0.000, 1.000, 1.000, 1.000, 1.000, 0.000, 0.000, 0.010, 0.013, 0.015, 0.012, 0.019, 0.014
35.680, 0.454, -0.883, 0.000, 0.000, 1.000, 0.000, 1.000, 1.000, 0.000, 0.000, 0.009, 0.013, 0.015, 0.012, 0.019, 0.014
35.700, 0.370, -0.877, 0.000, 0.000, 1.000, 0.000, 1.000, 1.000, 0.000, 0.000, 0.009, 0.013, 0.016, 0.012, 0.019, 0.014
35.720, 0.266, -0.870, 0.000, 0.000, 1.000, 0.000, 1.000, 1.000, 0.000, 0.000, 0.009, 0.013, 0.016, 0.012, 0.020, 0.014
35.740, 0.129, -0.860, 0.000, 0.000, 1.000, 0.000, 1.000, 1.000, 0.000, 0.000, 0.009, 0.013, 0.016, 0.012, 0.020, 0.014
35.760, -0.072, -0.842, 0.000, 1.000, 0.000, 0.000, 1.000, 0.000, 0.466, 1.000, 0.010, 0.014, 0.016, 0.012, 0.019, 0.014
35.780, -0.324, -0.821, 0.000, 0.000, 0.000, 0.000, 1.000, 0.000, 0.549, 0.000, 0.010, 0.014, 0.016, 0.012, 0.019, 0.014
35.800, -0.594, -0.785, 0.000, 0.000, 0.000, 1.000, 1.000, 0.000, 0.000, 0.000, 0.010, 0.014, 0.016, 0.012, 0.018, 0.014
35.820, -0.782, -0.732, 0.000, 0.000, 0.000, 1.000, 1.000, 0.000, 0.000, 0.000, 0.009, 0.014, 0.015, 0.012, 0.018, 0.014
35.840, -0.862, -0.667, 0.000, 0.000, 0.000, 1.000, 1.000, 0.000, 0.000, 0.000, 0.009, 0.015, 0.015, 0.012, 0.018, 0.014
35.860, -0.884, -0.600, 0.000, 0.000, 0.000, 1.000, 1.000, 0.000, 0.000, 0.000, 0.009, 0.015, 0.015, 0.012, 0.018, 0.015
35.880, -0.887, -0.531, 0.000, 0.000, 0.000, 1.000, 1.000, 0.000, 0.000, 0.000, 0.009, 0.015, 0.016, 0.012, 0.018, 0.015
35.900, -0.883, -0.459, 0.000, 0.000, 0.000, 1.000, 1.000, 0.000, 0.000, 0.000, 0.009, 0.014, 0.016, 0.012, 0.018, 0.015
35.920, -0.878, -0.374, 0.000, 0.743, 0.000, 1.000, 1.000, 0.000, 1.000, 0.743, 0.010, 0.014, 0.016, 0.011, 0.018, 0.015
35.940, -0.870, -0.271, 0.000, 0.074, 0.000, 1.000, 0.000, 0.000, 1.000, 0.074, 0.010, 0.014, 0.016, 0.012, 0.018, 0.014
35.960, -0.860, -0.135, 0.000, 0.000, 1.000, 1.000, 1.000, 0.000, 1.000, 0.000, 0.009, 0.014, 0.016, 0.012, 0.019, 0.014
35.980, -0.848, 0.055, 1.000, 1.000, 1.000, 0.000, 1.000, 0.071, 1.000, 0.000, 0.009, 0.014, 0.016, 0.012, 0.019, 0.014
36.000, -0.834, 0.300, 1.000, 1.000, 1.000, 0.000, 0.089, 0.000, 1.000, 0.000, 0.009, 0.015, 0.015, 0.012, 0.019, 0.014
36.020, -0.811, 0.547, 1.000, 1.000, 0.000, 0.000, 0.000, 1.000, 1.000, 0.000, 0.009, 0.014, 0.015, 0.012, 0.019, 0.014
36.040, -0.764, 0.745, 1.000, 1.000, 0.000, 0.000, 0.000, 1.000, 0.000, 0.000, 0.009, 0.014, 0.015, 0.013, 0.018, 0.014
36.060, -0.718, 0.831, 1.000, 1.000, 0.000, 0.000, 0.000, 1.000, 0.000, 0.000, 0.009, 0.014, 0.015, 0.012, 0.018, 0.015
36.080, -0.682, 0.855, 1.000, 1.000, 0.000, 0.000, 0.000, 1.000, 0.000, 0.000, 0.009, 0.014, 0.015, 0.012, 0.018, 0.015
36.100, -0.643, 0.867, 1.000, 1.000, 0.000, 0.000, 0.000, 1.000, 0.000, 0.000, 0.009, 0.014, 0.015, 0.012, 0.018, 0.015
36.120, -0.609, 0.869, 1.000, 1.000, 0.000, 0.000, 0.000, 1.000, 0.000, 0.000, 0.009, 0.013, 0.015, 0.012, 0.018, 0.015
36.140, -0.594, 0.860, 1.000, 1.000, 0.000, 0.000, 0.000, 0.000, 1.000, 0.000, 0.009, 0.013, 0.015, 0.012, 0.018, 0.015
36.160, -0.550, 0.870, 1.000, 1.000, 0.000, 0.000, 0.000, 0.000, 1.000, 0.000, 0.009, 0.013, 0.015, 0.012, 0.019, 0.014
36.180, -0.516, 0.867, 1.000, 1.000, 0.000, 0.000, 0.000, 0.000, 1.000, 0.000, 0.009, 0.013, 0.015, 0.011, 0.019, 0.014
36.200, -0.470, 0.868, 1.000, 1.000, 0.000, 0.000, 0.000, 0.000, 1.000, 0.000, 0.009, 0.013, 0.015, 0.011, 0.019, 0.014
36.220, -0.412, 0.867, 1.000, 1.000, 0.000, 0.000, 0.000, 0.000, 1.000, 0.000, 0.009, 0.013, 0.015, 0.011, 0.019, 0.014
36.240, -0.329, 0.867, 1.000, 1.000, 0.000, 0.000, 0.000, 0.000, 1.000, 0.000, 0.009, 0.013, 0.015, 0.011, 0.019, 0.014
36.260, -0.239, 0.856, 1.000, 1.000, 0.000, 0.000, 0.000, 1.000, 0.000, 0.000, 0.009, 0.013, 0.015, 0.011, 0.019, 0.014
36.280, -0.108, 0.849, 1.000, 1.000, 0.000, 0.000, 0.000, 1.000, 0.000, 0.000, 0.009, 0.013, 0.015, 0.011, 0.018, 0.015
36.300, 0.072, 0.835, 1.000, 1.000, 0.000, 0.000, 0.000, 1.000, 0.003, 0.000, 0.009, 0.013, 0.015, 0.011, 0.018, 0.015
36.320, 0.315, 0.815, 1.000, 1.000, 0.000, 0.000, 0.000, 0.000, 1.000, 0.000, 0.009, 0.014, 0.015, 0.011, 0.019, 0.014
36.340, 0.573, 0.776, 1.000, 1.000, 0.000, 0.000, 0.000, 0.000, 1.000, 0.000, 0.009, 0.014, 0.016, 0.011, 0.019, 0.014
36.360, 0.759, 0.716, 1.000, 1.000, 0.096, 0.000, 0.000, 0.000, 1.000, 0.000, 0.009, 0.014, 0.016, 0.011, 0.019, 0.014
36.380, 0.850, 0.653, 1.000, 1.000, 0.000, 0.000, 0.000, 0.000, 1.000, 0.000, 0.009, 0.014, 0.016, 0.011, 0.019, 0.014
36.400, 0.879, 0.589, 1.000, 0.000, 1.000, 1.000, 1.000, 1.000, 1.000, 1.000, 0.009, 0.014, 0.015, 0.012, 0.019, 0.014
36.420, 0.884, 0.521, 1.000, 0.000, 1.000, 1.000, 0.573, 1.000, 0.000, 1.000, 0.010, 0.014, 0.015, 0.012, 0.018, 0.014
36.440, 0.882, 0.448, 1.000, 0.000, 1.000, 0.483, 0.000, 0.000, 0.000, 1.000, 0.010, 0.013, 0.015, 0.012, 0.019, 0.014
36.460, 0.876, 0.363, 1.000, 0.000, 1.000, 0.000, 0.299, 0.050, 0.000, 1.000, 0.010, 0.013, 0.016, 0.012, 0.019, 0.014
36.480, 0.869, 0.256, 1.000, 0.000, 1.000, 0.000, 1.000, 0.000, 0.000, 1.000, 0.010, 0.013, 0.016, 0.012, 0.019, 0.014
36.500, 0.859, 0.115, 1.000, 0.000, 1.000, 1.000, 1.000, 0.000, 0.000, 1.000, 0.010, 0.013, 0.015, 0.012, 0.018, 0.014
36.520, 0.844, -0.079, 0.000, 0.000, 1.000, 0.000, 1.000, 0.000, 0.000, 0.000, 0.010, 0.013, 0.016, 0.011, 0.018, 0.014
36.540, 0.821, -0.334, 0.000, 0.000, 1.000, 1.000, 1.000, 1.000, 0.000, 0.000, 0.009, 0.013, 0.015, 0.011, 0.019, 0.013
36.560, 0.784, -0.602, 0.000, 0.000, 1.000, 1.000, 1.000, 0.000, 0.000, 0.000, 0.009, 0.013, 0.015, 0.011, 0.018, 0.013
36.580, 0.730, -0.787, 0.000, 0.000, 0.000, 1.000, 1.000, 0.000, 0.000, 0.000, 0.009, 0.014, 0.015, 0.011, 0.018, 0.013
36.600, 0.665, -0.863, 0.000, 0.000, 1.000, 0.000, 1.000, 0.000, 0.000, 0.000, 0.009, 0.013, 0.015, 0.011, 0.018, 0.013
36.620, 0.598, -0.884, 0.000, 0.000, 1.000, 0.000, 1.000, 0.000, 0.000, 0.000, 0.009, 0.013, 0.016, 0.011, 0.018, 0.013
36.640, 0.529, -0.886, 0.000, 0.000, 1.000, 0.000, 1.000, 0.000, 0.059, 0.000, 0.009, 0.013, 0.016, 0.011, 0.018, 0.013
36.660, 0.456, -0.883, 0.000, 0.000, 1.000, 0.256, 1.000, 0.000, 0.000, 0.000, 0.009, 0.013, 0.016, 0.011, 0.018, 0.013
36.680, 0.373, -0.877, 0.000, 0.000, 1.000, 1.000, 1.000, 1.000, 0.000, 0.000, 0.009, 0.013, 0.015, 0.011, 0.018, 0.013
36.700, 0.269, -0.870, 0.000, 0.000, 1.000, 1.000, 1.000, 1.000, 0.000, 0.000, 0.009, 0.013, 0.015, 0.011, 0.019, 0.013
36.720, 0.133, -0.860, 0.000, 0.000, 1.000, 0.000, 1.000, 0.000, 0.066, 0.000, 0.009, 0.013, 0.016, 0.011, 0.018, 0.013
36.740, -0.056, -0.845, 0.000, 0.267, 0.000, 0.000, 1.000, 0.000, 0.000, 0.267, 0.009, 0.013, 0.016, 0.011, 0.018, 0.013
36.760, -0.308, -0.823, 0.000, 0.591, 0.000, 0.000, 1.000, 0.000, 0.000, 0.591, 0.009, 0.014, 0.016, 0.011, 0.018, 0.013
36.780, -0.579, -0.788, 0.000, 0.000, 0.000, 1.000, 1.000, 0.000, 0.000, 0.000, 0.009, 0.014, 0.016, 0.011, 0.018, 0.013
36.800, -0.774, -0.736, 0.000, 0.000, 0.000, 1.000, 1.000, 0.000, 0.000, 0.000, 0.009, 0.014, 0.016, 0.011, 0.018, 0.013
36.820, -0.859, -0.671, 0.000, 0.000, 0.000, 1.000, 1.000, 0.000, 0.000, 0.000, 0.009, 0.014, 0.016, 0.011, 0.018, 0.013
36.840, -0.883, -0.604, 0.000, 0.000, 0.000, 1.000, 1.000, 0.000, 0.000, 0.000, 0.009, 0.014, 0.016, 0.011, 0.018, 0.013
36.860, -0.887, -0.536, 0.000, 0.000, 0.000, 1.000, 1.000, 0.000, 0.000, 0.000, 0.009, 0.014, 0.017, 0.011, 0.018, 0.013
36.880, -0.883, -0.463, 0.000, 0.000, 0.000, 1.000, 1.000, 0.000, 0.000, 0.000, 0.009, 0.014, 0.017, 0.011, 0.018, 0.014
36.900, -0.878, -0.381, 0.000, 0.013, 0.000, 1.000, 1.000, 0.000, 0.000, 0.013, 0.009, 0.015, 0.017, 0.011, 0.019, 0.014
36.920, -0.871, -0.280, 0.000, 0.000, 0.000, 1.000, 1.000, 0.000, 0.000, 0.000, 0.009, 0.015, 0.017, 0.011, 0.019, 0.014
36.940, -0.861, -0.147, 0.000, 0.000, 1.000, 0.000, 1.000, 0.000, 0.000, 0.000, 0.009, 0.015, 0.016, 0.011, 0.019, 0.014
36.960, -0.847, 0.035, 1.000, 0.000, 1.000, 0.000, 1.000, 1.000, 1.000, 1.000, 0.009, 0.015, 0.016, 0.011, 0.018, 0.014
36.980, -0.831, 0.277, 1.000, 1.000, 1.000, 0.000, 0.000, 1.000, 1.000, 0.000, 0.009, 0.015, 0.016, 0.011, 0.018, 0.014
37.000, -0.810, 0.529, 1.000, 1.000, 0.000, 0.000, 0.000, 1.000, 0.000, 0.000, 0.009, 0.014, 0.015, 0.011, 0.018, 0.014
37.020, -0.761, 0.740, 1.000, 1.000, 0.000, 0.000, 0.000, 0.419, 1.000, 0.000, 0.009, 0.014, 0.015, 0.012, 0.018, 0.014
37.040, -0.707, 0.838, 1.000, 1.000, 0.000, 0.000, 0.000, 1.000, 0.000, 0.000, 0.009, 0.014, 0.015, 0.012, 0.018, 0.014
37.060, -0.645, 0.875, 1.000, 1.000, 0.000, 0.000, 0.000, 0.000, 1.000, 0.000, 0.009, 0.014, 0.015, 0.011, 0.018, 0.014
37.080, -0.595, 0.878, 1.000, 1.000, 0.000, 0.000, 0.000, 1.000, 0.000, 0.000, 0.009, 0.014, 0.015, 0.011, 0.018, 0.014
37.100, -0.540, 0.880, 1.000, 1.000, 0.000, 0.000, 0.000, 1.000, 1.000, 0.000, 0.009, 0.013, 0.016, 0.011, 0.018, 0.014
37.120, -0.478, 0.878, 1.000, 1.000, 0.000, 0.000, 1.000, 1.000, 0.000, 0.000, 0.009, 0.013, 0.016, 0.011, 0.018, 0.014
37.140, -0.447, 0.861, 1.000, 1.000, 0.000, 0.000, 0.000, 0.000, 0.000, 0.000, 0.009, 0.013, 0.016, 0.011, 0.018, 0.014
37.160, -0.394, 0.861, 1.000, 1.000, 0.000, 0.000, 0.000, 1.000, 0.000, 0.000, 0.009, 0.013, 0.016, 0.011, 0.018, 0.014
37.180, -0.334, 0.856, 1.000, 1.000, 0.000, 0.000, 0.000, 1.000, 0.000, 0.000, 0.008, 0.013, 0.017, 0.011, 0.018, 0.015
37.200, -0.275, 0.844, 1.000, 1.000, 0.000, 0.000, 0.000, 1.000, 1.000, 0.000, 0.008, 0.013, 0.017, 0.011, 0.018, 0.014
37.220, -0.192, 0.838, 1.000, 1.000, 0.000, 0.000, 0.000, 1.000, 1.000, 0.000, 0.008, 0.013, 0.017, 0.011, 0.017, 0.014
37.240, -0.066, 0.832, 1.000, 1.000, 0.000, 0.000, 0.000, 1.000, 1.000, 0.000, 0.008, 0.013, 0.017, 0.011, 0.017, 0.014
37.260, 0.121, 0.823, 1.000, 1.000, 0.000, 0.000, 0.000, 1.000, 1.000, 0.000, 0.008, 0.013, 0.017, 0.011, 0.017, 0.013
37.280, 0.365, 0.801, 1.000, 1.000, 0.000, 0.000, 0.000, 0.276, 0.000, 0.000, 0.008, 0.013, 0.017, 0.011, 0.018, 0.014
37.300, 0.616, 0.763, 1.000, 1.000, 0.183, 0.000, 0.000, 1.000, 0.000, 0.000, 0.008, 0.013, 0.017, 0.011, 0.017, 0.014
37.320, 0.792, 0.714, 1.000, 0.000, 0.000, 1.000, 0.000, 0.000, 1.000, 1.000, 0.009, 0.013, 0.016, 0.011, 0.018, 0.015
37.340, 0.864, 0.652, 1.000, 0.000, 0.000, 1.000, 1.000, 0.000, 0.000, 1.000, 0.009, 0.013, 0.016, 0.011, 0.018, 0.014
37.360, 0.884, 0.585, 1.000, 0.110, 0.000, 1.000, 1.000, 0.000, 0.000, 0.890, 0.009, 0.013, 0.016, 0.011, 0.018, 0.014
37.380, 0.886, 0.517, 1.000, 0.000, 0.000, 1.000, 1.000, 0.000, 0.000, 1.000, 0.010, 0.013, 0.016, 0.012, 0.019, 0.014
37.400, 0.882, 0.443, 1.000, 0.000, 0.000, 1.000, 1.000, 0.000, 0.000, 1.000, 0.010, 0.014, 0.016, 0.012, 0.019, 0.013
37.420, 0.876, 0.356, 1.000, 0.000, 0.000, 1.000, 1.000, 0.000, 0.000, 1.000, 0.010, 0.014, 0.016, 0.012, 0.019, 0.013
37.440, 0.868, 0.248, 1.000, 0.000, 0.000, 1.000, 1.000, 0.000, 0.000, 1.000, 0.010, 0.014, 0.016, 0.012, 0.019, 0.013
37.460, 0.858, 0.104, 1.000, 0.000, 0.000, 1.000, 1.000, 0.000, 0.000, 1.000, 0.010, 0.014, 0.015, 0.012, 0.019, 0.013
37.480, 0.843, -0.094, 0.000, 0.000, 1.000, 1.000, 1.000, 0.000, 0.000, 0.000, 0.010, 0.014, 0.015, 0.012, 0.019, 0.013
37.500, 0.815, -0.350, 0.000, 1.000, 1.000, 0.000, 1.000, 0.000, 0.000, 1.000, 0.010, 0.014, 0.016, 0.011, 0.018, 0.013
37.520, 0.779, -0.616, 0.000, 0.000, 0.000, 0.000, 1.000, 0.000, 0.011, 0.000, 0.010, 0.014, 0.016, 0.011, 0.018, 0.013
37.540, 0.725, -0.793, 0.000, 0.000, 1.000, 1.000, 1.000, 0.000, 0.000, 0.000, 0.009, 0.014, 0.016, 0.011, 0.018, 0.013
37.560, 0.660, -0.865, 0.000, 0.000, 0.000, 0.564, 1.000, 0.000, 0.000, 0.000, 0.009, 0.014, 0.016, 0.011, 0.018, 0.013
37.580, 0.593, -0.885, 0.000, 0.000, 0.000, 1.000, 1.000, 1.000, 0.000, 0.000, 0.009, 0.014, 0.016, 0.011, 0.018, 0.013
37.600, 0.520, -0.885, 0.000, 1.000, 0.000, 0.720, 1.000, 1.000, 0.000, 1.000, 0.010, 0.014, 0.016, 0.011, 0.018, 0.013
37.620, 0.447, -0.882, 0.000, 0.000, 1.000, 0.000, 1.000, 0.390, 0.109, 0.000, 0.009, 0.014, 0.016, 0.011, 0.018, 0.013
37.640, 0.361, -0.876, 0.000, 0.000, 0.687, 0.000, 1.000, 0.000, 0.000, 0.000, 0.009, 0.014, 0.016, 0.011, 0.018, 0.013
37.660, 0.255, -0.869, 0.000, 0.000, 1.000, 0.000, 1.000, 0.000, 0.000, 0.000, 0.009, 0.014, 0.017, 0.011, 0.018, 0.013
37.680, 0.113, -0.859, 0.000, 0.000, 0.000, 1.000, 1.000, 1.000, 0.000, 0.000, 0.009, 0.014, 0.016, 0.011, 0.018, 0.013
37.700, -0.082, -0.844, 0.000, 0.085, 0.000, 1.000, 1.000, 1.000, 0.242, 0.085, 0.009, 0.014, 0.016, 0.011, 0.018, 0.013
37.720, -0.338, -0.820, 0.000, 0.000, 0.000, 0.000, 1.000, 0.000, 0.000, 0.000, 0.009, 0.015, 0.016, 0.011, 0.018, 0.013
37.740, -0.606, -0.783, 0.000, 0.000, 0.065, 1.000, 1.000, 0.000, 0.000, 0.000, 0.009, 0.015, 0.016, 0.011, 0.018, 0.013
37.760, -0.789, -0.729, 0.000, 0.000, 0.000, 1.000, 1.000, 0.000, 0.000, 0.000, 0.009, 0.015, 0.016, 0.011, 0.018, 0.013
37.780, -0.864, -0.664, 0.000, 0.000, 0.000, 1.000, 1.000, 0.000, 0.000, 0.000, 0.009, 0.015, 0.016, 0.011, 0.017, 0.014
37.800, -0.884, -0.597, 0.000, 0.000, 1.000, 1.000, 1.000, 0.000, 0.000, 0.000, 0.009, 0.014, 0.016, 0.010, 0.017, 0.014
37.820, -0.886, -0.528, 0.000, 0.000, 1.000, 1.000, 1.000, 0.000, 0.000, 0.000, 0.009, 0.014, 0.017, 0.010, 0.017, 0.014
37.840, -0.883, -0.455, 0.000, 0.000, 0.000, 1.000, 1.000, 0.000, 1.000, 0.000, 0.009, 0.014, 0.017, 0.010, 0.017, 0.014
37.860, -0.877, -0.371, 0.000, 0.314, 1.000, 1.000, 1.000, 1.000, 1.000, 0.314, 0.009, 0.015, 0.017, 0.010, 0.017, 0.013
37.880, -0.875, -0.232, 0.000, 1.000, 1.000, 0.000, 0.000, 0.000, 1.000, 1.000, 0.009, 0.015, 0.016, 0.011, 0.018, 0.013
37.900, -0.866, -0.050, 0.000, 1.000, 0.000, 0.000, 0.000, 1.000, 0.000, 1.000, 0.010, 0.014, 0.016, 0.011, 0.017, 0.014
37.920, -0.851, 0.177, 1.000, 1.000, 0.000, 0.000, 0.000, 1.000, 0.000, 0.000, 0.009, 0.014, 0.016, 0.012, 0.017, 0.014
37.940, -0.826, 0.436, 1.000, 1.000, 0.000, 0.000, 0.000, 1.000, 0.818, 0.000, 0.009, 0.014, 0.016, 0.012, 0.017, 0.014
37.960, -0.784, 0.673, 1.000, 1.000, 0.000, 0.000, 0.000, 1.000, 1.000, 0.000, 0.009, 0.014, 0.016, 0.012, 0.017, 0.013
37.980, -0.731, 0.811, 1.000, 1.000, 0.000, 0.000, 0.000, 1.000, 0.021, 0.000, 0.009, 0.014, 0.016, 0.011, 0.017, 0.014
38.000, -0.685, 0.856, 1.000, 1.000, 0.000, 0.000, 0.000, 0.000, 0.696, 0.000, 0.009, 0.014, 0.015, 0.011, 0.018, 0.014
38.020, -0.634, 0.874, 1.000, 1.000, 0.000, 0.000, 0.000, 1.000, 1.000, 0.000, 0.009, 0.014, 0.015, 0.011, 0.017, 0.013
38.040, -0.595, 0.873, 1.000, 1.000, 0.000, 0.000, 0.000, 1.000, 1.000, 0.000, 0.009, 0.013, 0.015, 0.011, 0.017, 0.013
38.060, -0.559, 0.870, 1.000, 1.000, 0.000, 0.000, 0.000, 1.000, 1.000, 0.000, 0.009, 0.013, 0.015, 0.011, 0.017, 0.013
38.080, -0.519, 0.870, 1.000, 1.000, 0.000, 0.000, 0.000, 1.000, 1.000, 0.000, 0.009, 0.013, 0.015, 0.011, 0.017, 0.013
38.100, -0.470, 0.870, 1.000, 1.000, 0.000, 0.000, 0.000, 1.000, 0.000, 0.000, 0.009, 0.013, 0.015, 0.011, 0.017, 0.014
38.120, -0.420, 0.865, 1.000, 1.000, 0.000, 0.000, 0.000, 1.000, 0.000, 0.000, 0.009, 0.013, 0.015, 0.011, 0.017, 0.014
38.140, -0.362, 0.860, 1.000, 1.000, 0.000, 0.000, 0.000, 1.000, 0.846, 0.000, 0.009, 0.013, 0.015, 0.010, 0.017, 0.014
38.160, -0.292, 0.854, 1.000, 1.000, 0.000, 0.000, 0.000, 1.000, 1.000, 0.000, 0.009, 0.013, 0.015, 0.010, 0.017, 0.013
38.180, -0.192, 0.849, 1.000, 1.000, 0.000, 0.000, 0.000, 1.000, 1.000, 0.000, 0.008, 0.013, 0.015, 0.010, 0.017, 0.013
38.200, -0.050, 0.841, 1.000, 1.000, 0.000, 0.000, 0.000, 1.000, 0.000, 0.000, 0.008, 0.013, 0.015, 0.010, 0.017, 0.014
38.220, 0.151, 0.827, 1.000, 1.000, 0.000, 0.000, 0.000, 0.327, 0.276, 0.000, 0.008, 0.013, 0.016, 0.010, 0.017, 0.014
38.240, 0.403, 0.801, 1.000, 1.000, 0.000, 0.000, 0.000, 0.000, 1.000, 0.000, 0.008, 0.013, 0.016, 0.010, 0.017, 0.013
38.260, 0.652, 0.761, 1.000, 1.000, 0.000, 0.000, 0.000, 0.000, 1.000, 0.000, 0.008, 0.013, 0.016, 0.010, 0.018, 0.014
38.280, 0.806, 0.702, 1.000, 1.000, 0.015, 0.000, 0.000, 0.000, 1.000, 0.000, 0.008, 0.013, 0.016, 0.010, 0.018, 0.014
38.300, 0.864, 0.622, 1.000, 1.000, 0.000, 1.000, 0.000, 0.000, 1.000, 0.000, 0.008, 0.014, 0.016, 0.010, 0.018, 0.014
38.320, 0.882, 0.556, 1.000, 0.592, 1.000, 1.000, 0.744, 0.000, 1.000, 0.408, 0.009, 0.013, 0.016, 0.011, 0.018, 0.014
38.340, 0.883, 0.487, 1.000, 0.000, 1.000, 1.000, 1.000, 0.000, 0.000, 1.000, 0.009, 0.013, 0.015, 0.011, 0.018, 0.014
38.360, 0.879, 0.409, 1.000, 0.000, 1.000, 0.000, 1.000, 0.000, 0.000, 1.000, 0.009, 0.013, 0.016, 0.011, 0.018, 0.014
38.380, 0.873, 0.315, 1.000, 0.000, 1.000, 0.000, 1.000, 0.000, 0.000, 1.000, 0.010, 0.013, 0.016, 0.012, 0.018, 0.013
38.400, 0.864, 0.194, 1.000, 0.000, 1.000, 0.000, 1.000, 0.000, 0.000, 1.000, 0.010, 0.013, 0.016, 0.011, 0.018, 0.013
38.420, 0.852, 0.030, 1.000, 0.000, 1.000, 1.000, 1.000, 0.277, 0.000, 1.000, 0.010, 0.013, 0.016, 0.011, 0.018, 0.013
38.440, 0.834, -0.194, 0.000, 0.000, 1.000, 1.000, 1.000, 1.000, 0.000, 0.000, 0.009, 0.013, 0.016, 0.011, 0.018, 0.013
38.460, 0.805, -0.467, 0.000, 0.000, 1.000, 1.000, 1.000, 1.000, 0.000, 0.000, 0.009, 0.013, 0.015, 0.011, 0.018, 0.013
38.480, 0.760, -0.706, 0.000, 0.000, 1.000, 0.000, 1.000, 1.000, 0.000, 0.000, 0.009, 0.013, 0.016, 0.010, 0.018, 0.013
38.500, 0.700, -0.834, 0.000, 0.000, 1.000, 1.000, 1.000, 1.000, 0.000, 0.000, 0.009, 0.013, 0.016, 0.010, 0.018, 0.013
38.520, 0.633, -0.877, 0.000, 0.000, 1.000, 1.000, 1.000, 1.000, 0.000, 0.000, 0.009, 0.013, 0.015, 0.010, 0.019, 0.013
38.540, 0.563, -0.885, 0.000, 1.000, 0.000, 0.000, 1.000, 1.000, 0.000, 1.000, 0.009, 0.013, 0.016, 0.010, 0.019, 0.013
38.560, 0.493, -0.885, 0.000, 0.000, 0.000, 0.000, 1.000, 0.275, 0.033, 0.000, 0.009, 0.014, 0.016, 0.010, 0.018, 0.013
38.580, 0.416, -0.880, 0.000, 0.000, 1.000, 0.000, 1.000, 0.000, 0.000, 0.000, 0.009, 0.013, 0.016, 0.010, 0.018, 0.013
38.600, 0.323, -0.874, 0.000, 0.000, 1.000, 0.000, 1.000, 0.000, 0.000, 0.000, 0.009, 0.013, 0.016, 0.010, 0.018, 0.013
38.620, 0.205, -0.865, 0.000, 0.000, 1.000, 0.686, 1.000, 0.000, 0.000, 0.000, 0.009, 0.013, 0.016, 0.010, 0.017, 0.013
38.640, 0.045, -0.853, 0.000, 0.000, 0.000, 1.000, 1.000, 0.000, 0.000, 0.000, 0.009, 0.013, 0.016, 0.010, 0.017, 0.013
38.660, -0.174, -0.836, 0.000, 0.000, 0.000, 1.000, 1.000, 0.000, 0.000, 0.000, 0.009, 0.014, 0.016, 0.010, 0.017, 0.013
38.680, -0.445, -0.808, 0.000, 0.000, 0.000, 1.000, 1.000, 0.000, 0.000, 0.000, 0.009, 0.014, 0.015, 0.010, 0.017, 0.013
38.700, -0.691, -0.764, 0.000, 0.000, 0.000, 1.000, 1.000, 0.000, 0.000, 0.000, 0.009, 0.014, 0.015, 0.010, 0.017, 0.013
38.720, -0.828, -0.705, 0.000, 0.000, 0.000, 1.000, 1.000, 0.000, 0.000, 0.000, 0.008, 0.014, 0.016, 0.010, 0.017, 0.014
38.740, -0.875, -0.638, 0.000, 0.000, 0.000, 1.000, 1.000, 0.000, 0.000, 0.000, 0.008, 0.014, 0.016, 0.010, 0.017, 0.014
38.760, -0.886, -0.570, 0.000, 0.351, 0.000, 1.000, 1.000, 0.000, 1.000, 0.351, 0.009, 0.014, 0.016, 0.010, 0.017, 0.013
38.780, -0.886, -0.499, 0.000, 0.747, 0.000, 1.000, 0.081, 0.000, 1.000, 0.747, 0.009, 0.014, 0.016, 0.010, 0.017, 0.013
38.800, -0.883, -0.396, 0.000, 1.000, 1.000, 1.000, 1.000, 1.000, 0.000, 1.000, 0.009, 0.014, 0.017, 0.010, 0.017, 0.014
38.820, -0.878, -0.260, 0.000, 1.000, 0.000, 0.000, 0.000, 0.000, 1.000, 1.000, 0.010, 0.014, 0.016, 0.011, 0.017, 0.013
38.840, -0.865, -0.102, 0.000, 1.000, 0.000, 0.000, 0.000, 1.000, 0.654, 1.000, 0.010, 0.014, 0.016, 0.011, 0.017, 0.013
38.860, -0.848, 0.102, 1.000, 1.000, 0.000, 0.000, 0.000, 1.000, 0.000, 0.000, 0.009, 0.013, 0.016, 0.011, 0.017, 0.014
38.880, -0.832, 0.352, 1.000, 1.000, 0.000, 0.000, 0.000, 1.000, 0.000, 0.000, 0.009, 0.013, 0.015, 0.011, 0.017, 0.014
38.900, -0.794, 0.611, 1.000, 1.000, 0.000, 0.000, 0.000, 1.000, 0.000, 0.000, 0.009, 0.013, 0.015, 0.012, 0.017, 0.014
38.920, -0.746, 0.780, 1.000, 1.000, 0.000, 0.000, 0.000, 0.000, 1.000, 0.000, 0.009, 0.013, 0.015, 0.011, 0.017, 0.014
38.940, -0.703, 0.843, 1.000, 1.000, 0.000, 0.000, 0.000, 1.000, 1.000, 0.000, 0.009, 0.013, 0.015, 0.011, 0.017, 0.013
38.960, -0.660, 0.864, 1.000, 1.000, 0.000, 0.000, 0.000, 0.000, 1.000, 0.000, 0.009, 0.013, 0.015, 0.011, 0.017, 0.013
38.980, -0.620, 0.871, 1.000, 1.000, 0.000, 0.000, 0.053, 0.000, 1.000, 0.000, 0.009, 0.013, 0.015, 0.010, 0.018, 0.013
39.000, -0.567, 0.878, 1.000, 1.000, 0.000, 0.000, 0.000, 0.000, 1.000, 0.000, 0.009, 0.013, 0.015, 0.010, 0.018, 0.013
39.020, -0.511, 0.879, 1.000, 1.000, 0.000, 0.000, 0.000, 1.000, 0.000, 0.000, 0.009, 0.013, 0.015, 0.010, 0.017, 0.013
39.040, -0.446, 0.876, 1.000, 1.000, 0.000, 0.000, 0.000, 1.000, 0.000, 0.000, 0.009, 0.013, 0.015, 0.010, 0.017, 0.014
39.060, -0.388, 0.866, 1.000, 1.000, 0.000, 0.000, 0.000, 1.000, 0.000, 0.000, 0.008, 0.013, 0.015, 0.010, 0.017, 0.014
39.080, -0.323, 0.858, 1.000, 1.000, 0.000, 0.000, 0.000, 1.000, 0.000, 0.000, 0.008, 0.013, 0.015, 0.010, 0.017, 0.014
39.100, -0.253, 0.847, 1.000, 1.000, 0.000, 0.000, 0.000, 1.000, 0.000, 0.000, 0.008, 0.013, 0.015, 0.010, 0.017, 0.014
39.120, -0.158, 0.838, 1.000, 1.000, 0.000, 0.000, 0.000, 0.000, 0.550, 0.000, 0.008, 0.013, 0.015, 0.010, 0.017, 0.014
39.140, -0.007, 0.833, 1.000, 1.000, 0.000, 0.000, 0.000, 0.000, 0.869, 0.000, 0.008, 0.013, 0.015, 0.010, 0.017, 0.014
39.160, 0.206, 0.820, 1.000, 1.000, 0.000, 0.000, 0.000, 0.000, 1.000, 0.000, 0.008, 0.013, 0.016, 0.010, 0.018, 0.013
39.180, 0.467, 0.793, 1.000, 1.000, 0.000, 0.000, 0.000, 0.000, 1.000, 0.000, 0.008, 0.013, 0.016, 0.010, 0.018, 0.013
39.200, 0.697, 0.747, 1.000, 1.000, 0.000, 0.000, 0.000, 0.000, 1.000, 0.000, 0.008, 0.013, 0.016, 0.010, 0.018, 0.014
39.220, 0.826, 0.684, 1.000, 1.000, 0.000, 0.000, 0.000, 0.000, 1.000, 0.000, 0.008, 0.013, 0.016, 0.010, 0.018, 0.014
39.240, 0.873, 0.620, 1.000, 0.835, 0.000, 1.000, 0.000, 0.000, 1.000, 0.165, 0.008, 0.012, 0.016, 0.010, 0.018, 0.014
39.260, 0.884, 0.553, 1.000, 0.000, 0.000, 1.000, 1.000, 0.000, 0.000, 1.000, 0.009, 0.012, 0.015, 0.010, 0.018, 0.014
39.280, 0.884, 0.483, 1.000, 0.000, 0.000, 1.000, 1.000, 0.000, 0.000, 1.000, 0.009, 0.013, 0.015, 0.011, 0.018, 0.013
39.300, 0.879, 0.404, 1.000, 0.000, 0.000, 1.000, 1.000, 0.000, 0.000, 1.000, 0.010, 0.013, 0.015, 0.011, 0.018, 0.013
39.320, 0.873, 0.309, 1.000, 0.000, 1.000, 1.000, 1.000, 0.000, 0.000, 1.000, 0.010, 0.013, 0.015, 0.011, 0.018, 0.013
39.340, 0.864, 0.186, 1.000, 0.000, 1.000, 1.000, 1.000, 0.000, 0.000, 1.000, 0.010, 0.013, 0.015, 0.011, 0.018, 0.013
39.360, 0.851, 0.019, 1.000, 0.000, 1.000, 0.617, 1.000, 0.000, 0.000, 1.000, 0.010, 0.013, 0.015, 0.011, 0.018, 0.013
39.380, 0.833, -0.209, 0.000, 0.000, 1.000, 1.000, 1.000, 0.000, 0.000, 0.000, 0.009, 0.013, 0.015, 0.011, 0.018, 0.013
39.400, 0.803, -0.482, 0.000, 0.000, 0.000, 1.000, 1.000, 0.000, 0.000, 0.000, 0.009, 0.013, 0.015, 0.010, 0.017, 0.013
39.420, 0.757, -0.716, 0.000, 0.218, 0.000, 1.000, 1.000, 1.000, 0.000, 0.218, 0.009, 0.013, 0.015, 0.010, 0.018, 0.013
39.440, 0.696, -0.838, 0.000, 0.000, 0.000, 1.000, 1.000, 1.000, 0.000, 0.000, 0.009, 0.014, 0.015, 0.010, 0.018, 0.013
39.460, 0.629, -0.878, 0.000, 0.000, 0.000, 1.000, 1.000, 0.072, 0.000, 0.000, 0.009, 0.014, 0.015, 0.010, 0.018, 0.013
39.480, 0.561, -0.887, 0.000, 0.000, 1.000, 1.000, 1.000, 1.000, 0.000, 0.000, 0.009, 0.013, 0.015, 0.010, 0.018, 0.013
39.500, 0.491, -0.885, 0.000, 0.000, 1.000, 0.000, 1.000, 1.000, 0.000, 0.000, 0.009, 0.013, 0.015, 0.010, 0.018, 0.013
39.520, 0.413, -0.880, 0.000, 0.000, 1.000, 0.000, 1.000, 1.000, 0.000, 0.000, 0.009, 0.013, 0.015, 0.010, 0.018, 0.013
39.540, 0.320, -0.874, 0.000, 0.025, 1.000, 0.000, 1.000, 0.000, 0.192, 0.025, 0.009, 0.013, 0.016, 0.010, 0.018, 0.013
39.560, 0.201, -0.865, 0.000, 0.000, 0.922, 0.000, 1.000, 0.000, 0.105, 0.000, 0.009, 0.013, 0.016, 0.010, 0.018, 0.013
39.580, 0.023, -0.848, 0.000, 1.000, 0.000, 0.003, 1.000, 0.000, 0.324, 1.000, 0.009, 0.013, 0.016, 0.010, 0.017, 0.013
39.600, -0.203, -0.832, 0.000, 0.000, 0.000, 1.000, 1.000, 0.000, 0.000, 0.000, 0.009, 0.014, 0.015, 0.010, 0.017, 0.013
39.620, -0.475, -0.803, 0.000, 0.000, 0.000, 1.000, 1.000, 0.000, 0.000, 0.000, 0.009, 0.014, 0.015, 0.010, 0.017, 0.013
39.640, -0.712, -0.758, 0.000, 0.000, 0.000, 1.000, 1.000, 0.000, 0.000, 0.000, 0.009, 0.014, 0.015, 0.010, 0.017, 0.013
39.660, -0.836, -0.697, 0.000, 0.000, 0.000, 1.000, 1.000, 0.000, 0.000, 0.000, 0.009, 0.014, 0.015, 0.010, 0.017, 0.014
39.680, -0.878, -0.630, 0.000, 0.000, 0.000, 1.000, 1.000, 0.000, 0.000, 0.000, 0.009, 0.014, 0.015, 0.010, 0.018, 0.014
39.700, -0.887, -0.563, 0.000, 0.000, 0.537, 1.000, 1.000, 0.000, 0.000, 0.000, 0.008, 0.014, 0.016, 0.010, 0.018, 0.014
39.720, -0.885, -0.493, 0.000, 0.000, 0.000, 1.000, 1.000, 0.000, 0.000, 0.000, 0.008, 0.014, 0.016, 0.010, 0.018, 0.014
39.740, -0.880, -0.415, 0.000, 0.222, 0.000, 1.000, 0.000, 0.051, 0.000, 0.222, 0.009, 0.014, 0.016, 0.010, 0.018, 0.014
39.760, -0.874, -0.322, 0.000, 0.048, 0.000, 1.000, 1.000, 0.000, 1.000, 0.048, 0.009, 0.014, 0.016, 0.010, 0.018, 0.014
39.780, -0.865, -0.204, 0.000, 0.000, 1.000, 0.000, 1.000, 1.000, 1.000, 0.000, 0.008, 0.014, 0.016, 0.010, 0.018, 0.013
39.800, -0.863, -0.012, 0.000, 1.000, 0.000, 0.000, 0.000, 1.000, 0.000, 1.000, 0.009, 0.014, 0.015, 0.010, 0.017, 0.014
39.820, -0.841, 0.222, 1.000, 1.000, 0.000, 0.000, 0.000, 1.000, 1.000, 0.000, 0.009, 0.014, 0.015, 0.011, 0.017, 0.013
39.840, -0.812, 0.489, 1.000, 1.000, 0.000, 0.000, 0.000, 1.000, 1.000, 0.000, 0.009, 0.013, 0.015, 0.011, 0.017, 0.013
39.860, -0.768, 0.713, 1.000, 1.000, 0.000, 0.000, 0.000, 1.000, 0.800, 0.000, 0.009, 0.013, 0.015, 0.011, 0.017, 0.013
39.880, -0.718, 0.825, 1.000, 1.000, 0.000, 0.000, 0.000, 0.737, 1.000, 0.000, 0.008, 0.013, 0.015, 0.011, 0.017, 0.013
39.900, -0.674, 0.860, 1.000, 1.000, 0.000, 0.000, 0.000, 1.000, 1.000, 0.000, 0.008, 0.013, 0.015, 0.011, 0.017, 0.013
39.920, -0.630, 0.871, 1.000, 1.000, 0.000, 0.000, 0.000, 1.000, 1.000, 0.000, 0.008, 0.013, 0.015, 0.010, 0.017, 0.013
39.940, -0.595, 0.870, 1.000, 1.000, 0.000, 0.000, 0.000, 1.000, 0.946, 0.000, 0.008, 0.013, 0.015, 0.010, 0.017, 0.013
39.960, -0.545, 0.876, 1.000, 1.000, 0.000, 0.000, 0.000, 0.000, 1.000, 0.000, 0.008, 0.013, 0.015, 0.010, 0.017, 0.013
39.980, -0.502, 0.871, 1.000, 1.000, 0.000, 0.000, 0.000, 1.000, 0.000, 0.000, 0.008, 0.013, 0.015, 0.010, 0.017, 0.013
40.000, -0.446, 0.871, 1.000, 1.000, 0.000, 0.000, 0.000, 1.000, 0.000, 0.000, 0.008, 0.013, 0.014, 0.010, 0.017, 0.014
40.020, -0.406, 0.859, 1.000, 1.000, 0.000, 0.000, 0.000, 0.000, 0.000, 0.000, 0.008, 0.013, 0.014, 0.010, 0.017, 0.014
40.040, -0.342, 0.858, 1.000, 1.000, 0.000, 0.000, 0.000, 0.000, 1.000, 0.000, 0.008, 0.013, 0.014, 0.010, 0.018, 0.013
40.060, -0.272, 0.850, 1.000, 1.000, 0.000, 0.000, 0.000, 0.000, 1.000, 0.000, 0.008, 0.013, 0.014, 0.010, 0.018, 0.013
40.080, -0.161, 0.847, 1.000, 1.000, 0.000, 0.000, 0.000, 1.000, 0.043, 0.000, 0.008, 0.013, 0.014, 0.010, 0.017, 0.014
40.100, -0.001, 0.839, 1.000, 1.000, 0.000, 0.000, 0.000, 1.000, 0.000, 0.000, 0.008, 0.013, 0.015, 0.010, 0.017, 0.014
40.120, 0.217, 0.822, 1.000, 1.000, 0.000, 0.000, 0.000, 1.000, 0.000, 0.000, 0.008, 0.013, 0.015, 0.010, 0.017, 0.014
40.140, 0.480, 0.793, 1.000, 1.000, 0.000, 0.000, 0.000, 0.000, 1.000, 0.000, 0.008, 0.013, 0.015, 0.010, 0.017, 0.014
40.160, 0.708, 0.747, 1.000, 1.000, 0.000, 0.000, 0.000, 0.000, 1.000, 0.000, 0.008, 0.013, 0.016, 0.010, 0.018, 0.014
40.180, 0.827, 0.674, 1.000, 1.000, 0.000, 0.000, 0.000, 0.000, 1.000, 0.000, 0.008, 0.012, 0.016, 0.010, 0.018, 0.014
40.200, 0.865, 0.572, 1.000, 1.000, 0.000, 0.000, 0.000, 0.000, 1.000, 0.000, 0.008, 0.012, 0.016, 0.010, 0.018, 0.014
40.220, 0.878, 0.499, 1.000, 1.000, 1.000, 1.000, 0.191, 0.000, 1.000, 0.000, 0.008, 0.012, 0.015, 0.010, 0.018, 0.015
40.240, 0.878, 0.424, 1.000, 0.000, 0.000, 1.000, 1.000, 0.000, 0.000, 1.000, 0.009, 0.013, 0.015, 0.010, 0.018, 0.014
40.260, 0.874, 0.334, 1.000, 0.000, 0.000, 1.000, 1.000, 0.000, 0.000, 1.000, 0.009, 0.013, 0.015, 0.011, 0.018, 0.014
40.280, 0.866, 0.220, 1.000, 0.000, 1.000, 1.000, 1.000, 0.000, 0.000, 1.000, 0.009, 0.013, 0.015, 0.011, 0.018, 0.013
40.300, 0.855, 0.065, 1.000, 0.000, 0.604, 1.000, 1.000, 0.000, 0.000, 1.000, 0.009, 0.013, 0.015, 0.011, 0.018, 0.013
40.320, 0.838, -0.147, 0.000, 0.000, 1.000, 0.000, 1.000, 0.000, 0.000, 0.000, 0.009, 0.013, 0.015, 0.011, 0.018, 0.013
40.340, 0.812, -0.414, 0.000, 0.000, 1.000, 0.000, 1.000, 0.000, 0.000, 0.000, 0.009, 0.013, 0.015, 0.010, 0.018, 0.013
40.360, 0.770, -0.668, 0.000, 0.000, 1.000, 1.000, 1.000, 1.000, 0.000, 0.000, 0.008, 0.012, 0.015, 0.010, 0.018, 0.013
40.380, 0.712, -0.818, 0.000, 0.000, 0.000, 1.000, 1.000, 1.000, 0.000, 0.000, 0.008, 0.013, 0.015, 0.010, 0.018, 0.013
40.400, 0.646, -0.873, 0.000, 0.000, 1.000, 1.000, 1.000, 1.000, 0.000, 0.000, 0.008, 0.013, 0.015, 0.010, 0.018, 0.013
40.420, 0.577, -0.885, 0.000, 0.592, 1.000, 0.000, 1.000, 1.000, 0.000, 0.592, 0.009, 0.013, 0.015, 0.010, 0.018, 0.013
40.440, 0.508, -0.886, 0.000, 0.000, 0.103, 0.000, 1.000, 0.000, 0.000, 0.000, 0.008, 0.013, 0.015, 0.010, 0.018, 0.013
40.460, 0.432, -0.881, 0.000, 0.000, 1.000, 0.000, 1.000, 0.000, 0.000, 0.000, 0.008, 0.013, 0.016, 0.010, 0.018, 0.013
40.480, 0.344, -0.875, 0.000, 0.000, 1.000, 0.000, 1.000, 0.000, 0.000, 0.000, 0.008, 0.013, 0.016, 0.010, 0.017, 0.013
40.500, 0.232, -0.867, 0.000, 0.000, 1.000, 0.000, 1.000, 1.000, 0.000, 0.000, 0.008, 0.012, 0.016, 0.010, 0.018, 0.013
40.520, 0.082, -0.856, 0.000, 0.000, 1.000, 0.000, 1.000, 1.000, 0.000, 0.000, 0.008, 0.012, 0.016, 0.010, 0.018, 0.013
40.540, -0.124, -0.840, 0.000, 0.032, 0.000, 1.000, 1.000, 0.000, 0.000, 0.032, 0.008, 0.013, 0.015, 0.010, 0.018, 0.013
40.560, -0.388, -0.815, 0.000, 0.000, 0.000, 1.000, 1.000, 0.000, 0.000, 0.000, 0.008, 0.013, 0.015, 0.010, 0.018, 0.014
40.580, -0.648, -0.775, 0.000, 0.000, 0.000, 1.000, 1.000, 0.000, 0.000, 0.000, 0.008, 0.013, 0.015, 0.010, 0.017, 0.014
40.600, -0.809, -0.718, 0.000, 0.000, 0.000, 1.000, 1.000, 0.000, 0.000, 0.000, 0.008, 0.014, 0.015, 0.010, 0.017, 0.014
40.620, -0.870, -0.652, 0.000, 0.000, 1.000, 1.000, 1.000, 0.000, 0.000, 0.000, 0.008, 0.013, 0.015, 0.009, 0.017, 0.014
40.640, -0.885, -0.584, 0.000, 0.000, 1.000, 1.000, 1.000, 0.000, 0.000, 0.000, 0.008, 0.013, 0.016, 0.009, 0.017, 0.014
40.660, -0.886, -0.515, 0.000, 0.000, 1.000, 1.000, 1.000, 0.041, 0.000, 0.000, 0.008, 0.013, 0.016, 0.009, 0.017, 0.014
40.680, -0.882, -0.441, 0.000, 0.000, 1.000, 1.000, 1.000, 0.000, 1.000, 0.000, 0.008, 0.013, 0.016, 0.009, 0.018, 0.014
40.700, -0.876, -0.354, 0.000, 0.057, 1.000, 0.000, 1.000, 0.000, 1.000, 0.057, 0.008, 0.013, 0.016, 0.009, 0.018, 0.014
40.720, -0.874, -0.208, 0.000, 1.000, 0.000, 0.000, 0.000, 0.000, 1.000, 1.000, 0.009, 0.013, 0.015, 0.010, 0.018, 0.013
40.740, -0.865, -0.018, 0.000, 1.000, 0.000, 0.000, 0.000, 0.000, 1.000, 1.000, 0.009, 0.013, 0.015, 0.010, 0.018, 0.013
40.760, -0.843, 0.215, 1.000, 1.000, 0.000, 0.000, 0.000, 1.000, 0.000, 0.000, 0.009, 0.013, 0.015, 0.011, 0.018, 0.014
40.780, -0.815, 0.480, 1.000, 1.000, 0.000, 0.000, 0.000, 1.000, 0.000, 0.000, 0.008, 0.012, 0.015, 0.011, 0.017, 0.014
40.800, -0.772, 0.705, 1.000, 1.000, 0.000, 0.000, 0.000, 1.000, 0.400, 0.000, 0.008, 0.012, 0.015, 0.011, 0.017, 0.014
40.820, -0.727, 0.817, 1.000, 1.000, 0.000, 0.000, 0.000, 1.000, 1.000, 0.000, 0.008, 0.012, 0.015, 0.011, 0.017, 0.014
40.840, -0.679, 0.859, 1.000, 1.000, 0.000, 0.000, 0.000, 1.000, 1.000, 0.000, 0.008, 0.012, 0.015, 0.010, 0.017, 0.013
40.860, -0.634, 0.872, 1.000, 1.000, 0.000, 0.000, 0.000, 1.000, 1.000, 0.000, 0.008, 0.012, 0.015, 0.010, 0.017, 0.013
40.880, -0.597, 0.871, 1.000, 1.000, 0.000, 0.000, 0.000, 0.000, 1.000, 0.000, 0.008, 0.012, 0.014, 0.010, 0.017, 0.013
40.900, -0.549, 0.875, 1.000, 1.000, 1.000, 0.000, 0.000, 0.000, 1.000, 0.000, 0.008, 0.013, 0.014, 0.010, 0.018, 0.013
40.920, -0.481, 0.881, 1.000, 0.058, 1.000, 0.000, 0.000, 1.000, 1.000, 0.942, 0.008, 0.013, 0.014, 0.010, 0.017, 0.013
40.940, -0.493, 0.845, 1.000, 1.000, 0.000, 0.188, 0.120, 1.000, 0.000, 0.000, 0.008, 0.013, 0.014, 0.010, 0.017, 0.014
40.960, -0.493, 0.841, 1.000, 1.000, 0.000, 0.000, 0.000, 1.000, 0.000, 0.000, 0.008, 0.013, 0.014, 0.010, 0.017, 0.014
40.980, -0.456, 0.855, 1.000, 1.000, 0.000, 0.000, 0.000, 1.000, 1.000, 0.000, 0.008, 0.012, 0.014, 0.010, 0.017, 0.014
41.000, -0.410, 0.858, 1.000, 1.000, 0.000, 0.000, 0.000, 0.000, 1.000, 0.000, 0.008, 0.012, 0.014, 0.010, 0.017, 0.013
41.020, -0.336, 0.862, 1.000, 1.000, 0.000, 0.000, 0.000, 0.000, 1.000, 0.000, 0.008, 0.012, 0.014, 0.010, 0.018, 0.013
41.040, -0.241, 0.857, 1.000, 1.000, 0.000, 0.000, 0.000, 1.000, 0.000, 0.000, 0.008, 0.012, 0.014, 0.010, 0.017, 0.014
41.060, -0.107, 0.850, 1.000, 1.000, 0.000, 0.000, 0.000, 1.000, 0.000, 0.000, 0.008, 0.012, 0.015, 0.010, 0.017, 0.014
41.080, 0.078, 0.837, 1.000, 1.000, 0.000, 0.000, 0.000, 1.000, 1.000, 0.000, 0.008, 0.012, 0.015, 0.009, 0.017, 0.014
41.100, 0.321, 0.815, 1.000, 1.000, 0.000, 0.000, 0.000, 0.000, 1.000, 0.000, 0.008, 0.013, 0.015, 0.009, 0.017, 0.013
41.120, 0.577, 0.774, 1.000, 1.000, 0.000, 0.000, 0.000, 0.000, 0.000, 0.000, 0.008, 0.013, 0.016, 0.009, 0.018, 0.014
41.140, 0.762, 0.715, 1.000, 1.000, 0.000, 0.000, 0.000, 0.000, 1.000, 0.000, 0.008, 0.013, 0.016, 0.009, 0.018, 0.013
41.160, 0.851, 0.651, 1.000, 1.000, 0.000, 0.000, 0.000, 0.000, 1.000, 0.000, 0.008, 0.013, 0.016, 0.009, 0.018, 0.013
41.180, 0.879, 0.582, 1.000, 1.000, 1.000, 1.000, 0.000, 1.000, 0.000, 0.000, 0.008, 0.013, 0.015, 0.009, 0.018, 0.013
41.200, 0.884, 0.514, 1.000, 0.000, 1.000, 1.000, 1.000, 1.000, 0.000, 1.000, 0.008, 0.013, 0.015, 0.010, 0.017, 0.013
41.220, 0.881, 0.440, 1.000, 0.000, 1.000, 0.000, 1.000, 0.000, 0.000, 1.000, 0.009, 0.012, 0.015, 0.010, 0.018, 0.013
41.240, 0.876, 0.353, 1.000, 0.000, 1.000, 1.000, 1.000, 0.000, 0.000, 1.000, 0.009, 0.012, 0.015, 0.011, 0.018, 0.013
41.260, 0.868, 0.245, 1.000, 0.000, 1.000, 0.593, 1.000, 0.000, 0.000, 1.000, 0.009, 0.012, 0.015, 0.011, 0.018, 0.013
41.280, 0.857, 0.099, 1.000, 0.000, 1.000, 1.000, 1.000, 0.314, 0.000, 1.000, 0.009, 0.012, 0.015, 0.010, 0.017, 0.013
41.300, 0.842, -0.101, 0.000, 0.000, 1.000, 1.000, 1.000, 1.000, 0.000, 0.000, 0.009, 0.012, 0.015, 0.010, 0.018, 0.013
41.320, 0.818, -0.360, 0.000, 0.000, 1.000, 0.000, 1.000, 1.000, 0.000, 0.000, 0.008, 0.012, 0.015, 0.010, 0.018, 0.013
41.340, 0.780, -0.625, 0.000, 0.000, 1.000, 1.000, 1.000, 1.000, 0.000, 0.000, 0.008, 0.012, 0.015, 0.010, 0.018, 0.013
41.360, 0.724, -0.798, 0.000, 0.000, 1.000, 0.000, 1.000, 0.000, 0.000, 0.000, 0.008, 0.012, 0.015, 0.010, 0.018, 0.013
41.380, 0.659, -0.867, 0.000, 0.000, 1.000, 0.000, 1.000, 0.000, 0.000, 0.000, 0.008, 0.012, 0.015, 0.010, 0.017, 0.013
41.400, 0.591, -0.885, 0.000, 0.000, 1.000, 0.000, 1.000, 0.000, 0.000, 0.000, 0.008, 0.012, 0.016, 0.009, 0.017, 0.013
41.420, 0.522, -0.886, 0.000, 0.000, 1.000, 0.000, 1.000, 0.000, 0.000, 0.000, 0.008, 0.012, 0.016, 0.009, 0.017, 0.013
41.440, 0.449, -0.883, 0.000, 0.000, 1.000, 1.000, 1.000, 0.000, 0.000, 0.000, 0.008, 0.012, 0.015, 0.009, 0.017, 0.013
41.460, 0.364, -0.877, 0.000, 0.000, 1.000, 1.000, 1.000, 0.000, 0.000, 0.000, 0.008, 0.012, 0.015, 0.009, 0.017, 0.013
41.480, 0.258, -0.869, 0.000, 0.000, 0.000, 1.000, 1.000, 0.000, 0.000, 0.000, 0.008, 0.012, 0.015, 0.009, 0.017, 0.012
41.500, 0.117, -0.859, 0.000, 0.000, 0.000, 1.000, 1.000, 0.000, 0.000, 0.000, 0.008, 0.013, 0.015, 0.009, 0.017, 0.012
41.520, -0.076, -0.844, 0.000, 0.000, 0.000, 0.000, 1.000, 0.000, 0.000, 0.000, 0.008, 0.013, 0.015, 0.009, 0.017, 0.012
41.540, -0.330, -0.821, 0.000, 0.000, 0.000, 1.000, 1.000, 0.000, 0.000, 0.000, 0.008, 0.013, 0.015, 0.009, 0.017, 0.012
41.560, -0.599, -0.785, 0.000, 0.000, 0.000, 1.000, 1.000, 0.000, 0.000, 0.000, 0.008, 0.013, 0.015, 0.009, 0.017, 0.012
41.580, -0.785, -0.731, 0.000, 0.000, 0.000, 1.000, 1.000, 0.000, 0.000, 0.000, 0.008, 0.013, 0.016, 0.009, 0.017, 0.012
41.600, -0.863, -0.666, 0.000, 0.000, 0.000, 1.000, 1.000, 0.000, 0.000, 0.000, 0.008, 0.013, 0.016, 0.009, 0.016, 0.012
41.620, -0.884, -0.598, 0.000, 0.000, 0.000, 1.000, 1.000, 0.000, 0.000, 0.000, 0.008, 0.014, 0.016, 0.009, 0.016, 0.012
41.640, -0.887, -0.530, 0.000, 0.122, 0.000, 1.000, 1.000, 0.010, 0.000, 0.122, 0.008, 0.014, 0.016, 0.009, 0.016, 0.013
41.660, -0.883, -0.457, 0.000, 0.217, 0.000, 1.000, 0.000, 0.136, 0.000, 0.217, 0.008, 0.014, 0.016, 0.010, 0.016, 0.013
41.680, -0.877, -0.373, 0.000, 0.278, 0.000, 1.000, 1.000, 0.000, 1.000, 0.278, 0.008, 0.014, 0.016, 0.009, 0.017, 0.013
41.700, -0.870, -0.269, 0.000, 0.319, 0.000, 1.000, 0.000, 1.000, 1.000, 0.319, 0.008, 0.013, 0.016, 0.010, 0.017, 0.013
41.720, -0.865, -0.111, 0.000, 1.000, 1.000, 0.000, 0.000, 1.000, 0.000, 1.000, 0.008, 0.013, 0.016, 0.010, 0.017, 0.013
41.740, -0.861, 0.110, 1.000, 1.000, 0.000, 0.000, 0.000, 1.000, 0.000, 0.000, 0.008, 0.013, 0.015, 0.010, 0.016, 0.013
41.760, -0.836, 0.365, 1.000, 1.000, 0.000, 0.000, 0.000, 1.000, 0.000, 0.000, 0.008, 0.013, 0.015, 0.011, 0.016, 0.014
41.780, -0.806, 0.600, 1.000, 1.000, 0.000, 0.003, 0.000, 1.000, 0.000, 0.000, 0.008, 0.013, 0.015, 0.011, 0.016, 0.014
41.800, -0.746, 0.786, 1.000, 1.000, 0.000, 0.000, 0.000, 1.000, 0.000, 0.000, 0.008, 0.013, 0.015, 0.011, 0.016, 0.014
41.820, -0.680, 0.862, 1.000, 1.000, 0.000, 0.000, 0.000, 1.000, 0.000, 0.000, 0.008, 0.012, 0.015, 0.010, 0.016, 0.014
41.840, -0.618, 0.881, 1.000, 1.000, 0.000, 0.000, 0.000, 1.000, 0.000, 0.000, 0.008, 0.012, 0.015, 0.010, 0.016, 0.014
41.860, -0.582, 0.873, 1.000, 1.000, 0.000, 0.000, 0.000, 1.000, 0.000, 0.000, 0.008, 0.012, 0.015, 0.010, 0.016, 0.014
41.880, -0.541, 0.872, 1.000, 1.000, 0.000, 0.000, 0.000, 0.000, 1.000, 0.000, 0.008, 0.012, 0.015, 0.010, 0.017, 0.013
41.900, -0.492, 0.872, 1.000, 1.000, 0.000, 0.000, 0.000, 1.000, 1.000, 0.000, 0.008, 0.012, 0.015, 0.010, 0.016, 0.013
41.920, -0.434, 0.871, 1.000, 1.000, 0.000, 0.000, 0.000, 1.000, 0.000, 0.000, 0.008, 0.012, 0.016, 0.010, 0.016, 0.014
41.940, -0.370, 0.865, 1.000, 1.000, 0.000, 0.000, 0.000, 1.000, 0.000, 0.000, 0.008, 0.012, 0.016, 0.009, 0.016, 0.014
41.960, -0.306, 0.854, 1.000, 1.000, 0.000, 0.000, 0.000, 1.000, 0.000, 0.000, 0.008, 0.012, 0.016, 0.009, 0.016, 0.014
41.980, -0.230, 0.845, 1.000, 1.000, 0.000, 0.000, 0.000, 1.000, 1.000, 0.000, 0.007, 0.012, 0.016, 0.009, 0.016, 0.014
42.000, -0.110, 0.840, 1.000, 1.000, 0.000, 0.000, 0.000, 1.000, 1.000, 0.000, 0.007, 0.012, 0.016, 0.009, 0.016, 0.013
42.020, 0.047, 0.826, 1.000, 1.000, 0.000, 0.000, 0.000, 1.000, 1.000, 0.000, 0.007, 0.012, 0.016, 0.009, 0.016, 0.013
42.040, 0.278, 0.812, 1.000, 1.000, 0.000, 0.000, 0.000, 1.000, 1.000, 0.000, 0.007, 0.012, 0.016, 0.009, 0.016, 0.013
42.060, 0.541, 0.781, 1.000, 1.000, 0.000, 0.000, 0.000, 1.000, 1.000, 0.000, 0.007, 0.012, 0.016, 0.009, 0.016, 0.013
42.080, 0.751, 0.736, 1.000, 0.072, 0.000, 1.000, 1.000, 0.842, 0.000, 0.928, 0.008, 0.012, 0.016, 0.010, 0.016, 0.013
42.100, 0.850, 0.675, 1.000, 0.000, 0.000, 1.000, 1.000, 0.000, 0.000, 1.000, 0.008, 0.012, 0.015, 0.010, 0.016, 0.013
42.120, 0.881, 0.608, 1.000, 0.182, 0.000, 1.000, 0.000, 0.000, 0.000, 0.818, 0.008, 0.012, 0.015, 0.010, 0.017, 0.013
42.140, 0.886, 0.541, 1.000, 0.000, 0.000, 1.000, 1.000, 0.000, 0.000, 1.000, 0.009, 0.012, 0.015, 0.010, 0.017, 0.013
42.160, 0.884, 0.469, 1.000, 0.000, 0.000, 1.000, 1.000, 0.000, 0.000, 1.000, 0.009, 0.013, 0.015, 0.011, 0.017, 0.013
42.180, 0.878, 0.388, 1.000, 0.000, 0.000, 1.000, 1.000, 0.000, 0.000, 1.000, 0.009, 0.013, 0.015, 0.011, 0.017, 0.013
42.200, 0.871, 0.289, 1.000, 0.000, 1.000, 1.000, 1.000, 0.000, 0.000, 1.000, 0.009, 0.013, 0.015, 0.011, 0.017, 0.013
42.220, 0.862, 0.159, 1.000, 0.000, 1.000, 0.000, 1.000, 0.000, 0.000, 1.000, 0.009, 0.012, 0.015, 0.011, 0.017, 0.012
42.240, 0.849, -0.019, 0.000, 0.000, 1.000, 0.000, 1.000, 0.000, 0.000, 0.000, 0.009, 0.012, 0.016, 0.010, 0.017, 0.012
42.260, 0.828, -0.258, 0.000, 0.000, 1.000, 0.000, 1.000, 0.000, 0.000, 0.000, 0.008, 0.012, 0.016, 0.010, 0.017, 0.012
42.280, 0.796, -0.532, 0.000, 0.000, 1.000, 1.000, 1.000, 0.000, 0.000, 0.000, 0.008, 0.012, 0.016, 0.010, 0.017, 0.012
42.300, 0.747, -0.748, 0.000, 0.000, 1.000, 1.000, 1.000, 0.000, 0.000, 0.000, 0.008, 0.012, 0.015, 0.010, 0.017, 0.012
42.320, 0.684, -0.850, 0.000, 0.000, 1.000, 1.000, 1.000, 0.000, 0.000, 0.000, 0.008, 0.012, 0.015, 0.010, 0.018, 0.012
42.340, 0.616, -0.881, 0.000, 0.000, 1.000, 0.000, 1.000, 0.000, 0.000, 0.000, 0.008, 0.012, 0.016, 0.010, 0.017, 0.012
42.360, 0.548, -0.887, 0.000, 0.000, 1.000, 0.000, 1.000, 0.000, 0.000, 0.000, 0.008, 0.012, 0.016, 0.010, 0.017, 0.012
42.380, 0.477, -0.884, 0.000, 0.000, 1.000, 0.000, 1.000, 0.000, 0.000, 0.000, 0.008, 0.012, 0.016, 0.010, 0.016, 0.012
42.400, 0.397, -0.879, 0.000, 0.000, 1.000, 0.000, 1.000, 0.000, 0.000, 0.000, 0.008, 0.012, 0.016, 0.010, 0.016, 0.012
42.420, 0.301, -0.872, 0.000, 0.000, 1.000, 0.150, 1.000, 0.000, 0.000, 0.000, 0.008, 0.012, 0.016, 0.010, 0.016, 0.012
42.440, 0.175, -0.863, 0.000, 0.000, 1.000, 1.000, 1.000, 0.000, 0.000, 0.000, 0.008, 0.012, 0.016, 0.009, 0.016, 0.012
42.460, 0.003, -0.850, 0.000, 0.000, 0.000, 0.000, 1.000, 0.000, 0.000, 0.000, 0.008, 0.012, 0.016, 0.009, 0.016, 0.012
42.480, -0.229, -0.831, 0.000, 0.000, 0.000, 0.000, 1.000, 1.000, 0.000, 0.000, 0.008, 0.013, 0.016, 0.009, 0.017, 0.012
42.500, -0.503, -0.800, 0.000, 0.000, 0.000, 1.000, 0.000, 1.000, 0.000, 0.000, 0.008, 0.013, 0.016, 0.010, 0.017, 0.012
42.520, -0.730, -0.753, 0.000, 0.000, 1.000, 0.000, 0.001, 1.000, 0.000, 0.000, 0.008, 0.012, 0.016, 0.010, 0.017, 0.013
42.540, -0.843, -0.691, 0.000, 0.000, 0.000, 1.000, 0.256, 1.000, 0.000, 0.000, 0.008, 0.013, 0.016, 0.010, 0.017, 0.013
42.560, -0.880, -0.621, 0.000, 1.000, 1.000, 0.000, 0.000, 1.000, 0.000, 1.000, 0.008, 0.012, 0.016, 0.011, 0.017, 0.013
42.580, -0.888, -0.540, 0.000, 1.000, 0.000, 0.000, 0.000, 1.000, 0.000, 1.000, 0.009, 0.013, 0.016, 0.011, 0.017, 0.013
42.600, -0.885, -0.455, 0.000, 1.000, 0.000, 1.000, 0.000, 1.000, 0.000, 1.000, 0.009, 0.013, 0.016, 0.011, 0.018, 0.013
42.620, -0.883, -0.319, 0.000, 1.000, 0.000, 1.000, 0.000, 1.000, 1.000, 1.000, 0.009, 0.013, 0.016, 0.011, 0.017, 0.013
42.640, -0.875, -0.147, 0.000, 1.000, 0.000, 0.000, 0.000, 0.000, 1.000, 1.000, 0.009, 0.013, 0.016, 0.011, 0.017, 0.013
42.660, -0.861, 0.061, 1.000, 1.000, 0.000, 0.000, 0.000, 0.000, 1.000, 0.000, 0.009, 0.013, 0.016, 0.011, 0.017, 0.012
42.680, -0.841, 0.308, 1.000, 1.000, 0.000, 0.000, 0.000, 0.000, 1.000, 0.000, 0.008, 0.013, 0.015, 0.011, 0.018, 0.012
42.700, -0.813, 0.556, 1.000, 1.000, 0.000, 0.000, 0.000, 0.000, 1.000, 0.000, 0.008, 0.014, 0.015, 0.011, 0.018, 0.012
42.720, -0.774, 0.734, 1.000, 1.000, 0.000, 0.000, 0.000, 0.000, 1.000, 0.000, 0.008, 0.014, 0.015, 0.011, 0.018, 0.012
42.740, -0.731, 0.822, 1.000, 1.000, 0.000, 0.000, 0.000, 1.000, 0.000, 0.000, 0.008, 0.014, 0.015, 0.012, 0.017, 0.013
42.760, -0.691, 0.854, 1.000, 1.000, 0.000, 0.000, 0.000, 1.000, 0.000, 0.000, 0.008, 0.013, 0.015, 0.011, 0.017, 0.013
42.780, -0.661, 0.860, 1.000, 1.000, 0.000, 0.000, 0.000, 1.000, 0.000, 0.000, 0.008, 0.013, 0.015, 0.011, 0.017, 0.013
42.800, -0.636, 0.861, 1.000, 1.000, 0.000, 0.000, 0.000, 1.000, 0.000, 0.000, 0.008, 0.013, 0.015, 0.011, 0.017, 0.013
42.820, -0.625, 0.855, 1.000, 1.000, 0.000, 0.000, 0.000, 1.000, 1.000, 0.000, 0.008, 0.012, 0.015, 0.010, 0.016, 0.013
42.840, -0.583, 0.870, 1.000, 1.000, 0.000, 0.000, 0.000, 0.000, 1.000, 0.000, 0.008, 0.012, 0.015, 0.010, 0.017, 0.013
42.860, -0.538, 0.873, 1.000, 1.000, 0.000, 0.000, 0.000, 0.000, 1.000, 0.000, 0.008, 0.012, 0.015, 0.010, 0.017, 0.013
42.880, -0.514, 0.862, 1.000, 1.000, 0.000, 0.000, 0.000, 0.000, 1.000, 0.000, 0.008, 0.012, 0.015, 0.010, 0.018, 0.012
42.900, -0.471, 0.865, 1.000, 1.000, 0.000, 0.000, 0.000, 0.000, 1.000, 0.000, 0.008, 0.012, 0.015, 0.010, 0.018, 0.012
42.920, -0.419, 0.864, 1.000, 1.000, 0.000, 0.000, 0.000, 0.000, 1.000, 0.000, 0.008, 0.012, 0.015, 0.010, 0.018, 0.012
42.940, -0.359, 0.860, 1.000, 1.000, 0.000, 0.000, 0.000, 0.000, 1.000, 0.000, 0.008, 0.012, 0.015, 0.010, 0.018, 0.012
42.960, -0.288, 0.854, 1.000, 1.000, 0.000, 0.000, 0.000, 1.000, 1.000, 0.000, 0.008, 0.012, 0.015, 0.010, 0.017, 0.012
42.980, -0.189, 0.848, 1.000, 1.000, 1.000, 0.000, 0.000, 1.000, 1.000, 0.000, 0.008, 0.013, 0.015, 0.010, 0.017, 0.012
43.000, -0.028, 0.845, 1.000, 0.046, 1.000, 0.000, 0.000, 0.000, 1.000, 0.954, 0.008, 0.013, 0.016, 0.010, 0.017, 0.012
43.020, 0.108, 0.803, 1.000, 1.000, 0.000, 0.000, 0.000, 0.503, 0.000, 0.000, 0.008, 0.013, 0.016, 0.010, 0.017, 0.013
43.040, 0.334, 0.789, 1.000, 1.000, 0.000, 0.161, 1.000, 0.000, 0.000, 0.000, 0.008, 0.012, 0.016, 0.011, 0.018, 0.013
43.060, 0.589, 0.761, 1.000, 1.000, 0.079, 0.202, 0.000, 0.000, 0.000, 0.000, 0.008, 0.012, 0.016, 0.010, 0.018, 0.013
43.080, 0.775, 0.714, 1.000, 1.000, 0.247, 0.323, 0.000, 0.000, 0.000, 0.000, 0.008, 0.012, 0.016, 0.010, 0.018, 0.013
43.100, 0.858, 0.654, 1.000, 0.000, 1.000, 1.000, 1.000, 1.000, 0.000, 1.000, 0.008, 0.013, 0.015, 0.011, 0.017, 0.014
43.120, 0.882, 0.589, 1.000, 0.000, 1.000, 1.000, 1.000, 1.000, 0.000, 1.000, 0.009, 0.013, 0.015, 0.011, 0.017, 0.014
43.140, 0.885, 0.521, 1.000, 0.000, 0.000, 1.000, 1.000, 0.000, 0.000, 1.000, 0.009, 0.013, 0.015, 0.011, 0.017, 0.014
43.160, 0.882, 0.447, 1.000, 0.000, 0.000, 1.000, 1.000, 0.000, 0.000, 1.000, 0.009, 0.013, 0.015, 0.011, 0.018, 0.014
43.180, 0.876, 0.362, 1.000, 0.000, 0.000, 1.000, 1.000, 0.000, 0.000, 1.000, 0.009, 0.014, 0.015, 0.011, 0.017, 0.013
43.200, 0.869, 0.255, 1.000, 0.000, 0.000, 1.000, 1.000, 0.000, 0.000, 1.000, 0.009, 0.014, 0.015, 0.011, 0.017, 0.013
43.220, 0.859, 0.114, 1.000, 0.000, 0.000, 1.000, 1.000, 0.015, 0.000, 1.000, 0.009, 0.014, 0.015, 0.010, 0.017, 0.013
43.240, 0.844, -0.081, 0.000, 0.000, 1.000, 1.000, 1.000, 1.000, 0.000, 0.000, 0.009, 0.013, 0.015, 0.010, 0.017, 0.013
43.260, 0.821, -0.336, 0.000, 0.000, 1.000, 1.000, 1.000, 0.000, 0.000, 0.000, 0.009, 0.013, 0.015, 0.010, 0.017, 0.012
43.280, 0.784, -0.604, 0.000, 0.000, 1.000, 0.000, 1.000, 0.000, 0.000, 0.000, 0.008, 0.013, 0.015, 0.010, 0.017, 0.012
43.300, 0.730, -0.788, 0.000, 0.000, 1.000, 0.000, 1.000, 0.000, 0.000, 0.000, 0.008, 0.013, 0.015, 0.010, 0.017, 0.012
43.320, 0.665, -0.864, 0.000, 0.000, 1.000, 0.000, 1.000, 0.000, 0.000, 0.000, 0.008, 0.012, 0.016, 0.010, 0.017, 0.012
43.340, 0.597, -0.884, 0.000, 0.000, 1.000, 0.000, 1.000, 0.000, 0.000, 0.000, 0.008, 0.012, 0.016, 0.010, 0.017, 0.012
43.360, 0.529, -0.886, 0.000, 0.000, 1.000, 0.000, 1.000, 1.000, 0.000, 0.000, 0.008, 0.012, 0.016, 0.010, 0.017, 0.012
43.380, 0.456, -0.883, 0.000, 0.000, 1.000, 0.000, 1.000, 1.000, 0.000, 0.000, 0.008, 0.012, 0.016, 0.010, 0.017, 0.012
43.400, 0.372, -0.877, 0.000, 0.117, 1.000, 0.000, 1.000, 0.121, 0.155, 0.117, 0.008, 0.012, 0.016, 0.010, 0.017, 0.012
43.420, 0.268, -0.870, 0.000, 0.000, 1.000, 0.042, 1.000, 0.000, 0.000, 0.000, 0.008, 0.012, 0.016, 0.010, 0.017, 0.012
43.440, 0.131, -0.860, 0.000, 0.000, 1.000, 0.000, 1.000, 0.000, 0.000, 0.000, 0.008, 0.012, 0.016, 0.010, 0.017, 0.012
43.460, -0.057, -0.846, 0.000, 0.000, 1.000, 1.000, 1.000, 0.000, 0.000, 0.000, 0.008, 0.012, 0.016, 0.010, 0.017, 0.012
43.480, -0.307, -0.824, 0.000, 0.000, 0.186, 1.000, 1.000, 0.000, 0.000, 0.000, 0.008, 0.013, 0.016, 0.010, 0.016, 0.012
43.500, -0.578, -0.788, 0.000, 0.000, 0.000, 1.000, 1.000, 0.000, 0.000, 0.000, 0.008, 0.013, 0.016, 0.010, 0.016, 0.012
43.520, -0.774, -0.736, 0.000, 0.000, 0.000, 1.000, 1.000, 0.000, 1.000, 0.000, 0.008, 0.013, 0.016, 0.010, 0.016, 0.013
43.540, -0.859, -0.671, 0.000, 0.123, 0.000, 0.000, 1.000, 0.000, 1.000, 0.123, 0.008, 0.013, 0.016, 0.010, 0.016, 0.013
43.560, -0.883, -0.604, 0.000, 0.000, 0.000, 0.000, 1.000, 0.000, 1.000, 0.000, 0.008, 0.014, 0.015, 0.010, 0.016, 0.013
43.580, -0.887, -0.535, 0.000, 0.318, 0.000, 1.000, 0.000, 0.000, 1.000, 0.318, 0.008, 0.014, 0.016, 0.010, 0.017, 0.013
43.600, -0.889, -0.392, 0.000, 1.000, 0.000, 0.000, 0.000, 0.000, 1.000, 1.000, 0.009, 0.014, 0.016, 0.011, 0.017, 0.012
43.620, -0.880, -0.241, 0.000, 1.000, 0.000, 0.000, 0.000, 0.000, 1.000, 1.000, 0.009, 0.014, 0.015, 0.011, 0.017, 0.012
43.640, -0.867, -0.063, 0.000, 1.000, 0.000, 0.000, 0.000, 0.000, 1.000, 1.000, 0.009, 0.014, 0.015, 0.011, 0.017, 0.012
43.660, -0.850, 0.159, 1.000, 1.000, 0.000, 0.000, 0.000, 1.000, 1.000, 0.000, 0.009, 0.014, 0.015, 0.011, 0.017, 0.012
43.680, -0.819, 0.427, 1.000, 1.000, 0.070, 0.000, 0.000, 1.000, 0.000, 0.000, 0.008, 0.014, 0.015, 0.011, 0.017, 0.013
43.700, -0.787, 0.657, 1.000, 1.000, 0.007, 0.000, 0.000, 1.000, 0.000, 0.000, 0.008, 0.014, 0.015, 0.011, 0.017, 0.013
43.720, -0.739, 0.799, 1.000, 1.000, 0.000, 0.000, 0.000, 1.000, 0.000, 0.000, 0.008, 0.014, 0.015, 0.011, 0.016, 0.013
43.740, -0.688, 0.855, 1.000, 1.000, 0.000, 0.000, 0.000, 1.000, 0.000, 0.000, 0.008, 0.014, 0.015, 0.012, 0.016, 0.013
43.760, -0.648, 0.867, 1.000, 1.000, 0.000, 0.000, 0.000, 1.000, 1.000, 0.000, 0.008, 0.014, 0.015, 0.012, 0.016, 0.013
43.780, -0.605, 0.873, 1.000, 1.000, 0.000, 0.000, 0.000, 0.000, 1.000, 0.000, 0.008, 0.013, 0.015, 0.011, 0.017, 0.013
43.800, -0.551, 0.879, 1.000, 1.000, 0.000, 0.000, 0.000, 0.000, 1.000, 0.000, 0.008, 0.013, 0.015, 0.011, 0.017, 0.012
43.820, -0.505, 0.874, 1.000, 1.000, 0.000, 0.000, 0.000, 0.000, 1.000, 0.000, 0.008, 0.013, 0.015, 0.011, 0.017, 0.012
43.840, -0.463, 0.867, 1.000, 1.000, 0.000, 0.000, 0.000, 0.000, 1.000, 0.000, 0.008, 0.013, 0.015, 0.010, 0.017, 0.012
43.860, -0.416, 0.862, 1.000, 1.000, 0.000, 0.000, 0.000, 0.804, 1.000, 0.000, 0.008, 0.013, 0.015, 0.010, 0.017, 0.012
43.880, -0.358, 0.859, 1.000, 1.000, 0.000, 0.000, 0.000, 1.000, 1.000, 0.000, 0.008, 0.013, 0.015, 0.010, 0.017, 0.012
43.900, -0.268, 0.859, 1.000, 1.000, 0.000, 0.000, 0.000, 1.000, 0.000, 0.000, 0.008, 0.013, 0.015, 0.010, 0.017, 0.013
43.920, -0.144, 0.853, 1.000, 1.000, 1.000, 0.000, 0.000, 1.000, 0.000, 0.000, 0.008, 0.013, 0.015, 0.010, 0.016, 0.013
43.940, 0.037, 0.844, 1.000, 0.021, 1.000, 0.000, 0.000, 0.000, 1.000, 0.979, 0.008, 0.014, 0.015, 0.010, 0.017, 0.013
43.960, 0.242, 0.812, 1.000, 1.000, 1.000, 0.000, 0.000, 0.000, 1.000, 0.000, 0.008, 0.014, 0.016, 0.010, 0.017, 0.012
43.980, 0.513, 0.789, 1.000, 0.000, 1.000, 0.000, 0.039, 0.000, 1.000, 1.000, 0.009, 0.014, 0.016, 0.010, 0.017, 0.012
44.000, 0.735, 0.745, 1.000, 0.000, 1.000, 0.000, 0.000, 1.000, 1.000, 1.000, 0.009, 0.014, 0.016, 0.010, 0.017, 0.012
44.020, 0.845, 0.684, 1.000, 0.000, 1.000, 0.000, 0.000, 1.000, 0.000, 1.000, 0.009, 0.014, 0.016, 0.010, 0.017, 0.013
44.040, 0.880, 0.618, 1.000, 0.000, 1.000, 0.000, 1.000, 1.000, 0.000, 1.000, 0.009, 0.014, 0.016, 0.011, 0.016, 0.013
44.060, 0.886, 0.550, 1.000, 0.000, 1.000, 0.000, 1.000, 0.000, 0.000, 1.000, 0.009, 0.014, 0.016, 0.011, 0.016, 0.013
44.080, 0.884, 0.479, 1.000, 0.000, 1.000, 1.000, 1.000, 0.000, 0.000, 1.000, 0.009, 0.014, 0.016, 0.011, 0.016, 0.013
44.100, 0.879, 0.400, 1.000, 0.000, 0.000, 1.000, 1.000, 0.000, 0.000, 1.000, 0.010, 0.014, 0.015, 0.011, 0.016, 0.013
44.120, 0.872, 0.304, 1.000, 0.009, 0.000, 1.000, 1.000, 0.095, 0.000, 0.991, 0.010, 0.014, 0.015, 0.012, 0.016, 0.012
44.140, 0.863, 0.179, 1.000, 0.000, 0.000, 1.000, 1.000, 0.000, 0.000, 1.000, 0.010, 0.014, 0.015, 0.012, 0.016, 0.012
44.160, 0.851, 0.009, 1.000, 0.000, 0.000, 1.000, 1.000, 0.000, 0.000, 1.000, 0.010, 0.014, 0.015, 0.011, 0.016, 0.012
44.180, 0.832, -0.222, 0.000, 0.000, 0.000, 1.000, 1.000, 1.000, 0.000, 0.000, 0.009, 0.015, 0.015, 0.011, 0.017, 0.012
44.200, 0.801, -0.496, 0.000, 0.000, 0.000, 0.094, 1.000, 1.000, 0.000, 0.000, 0.009, 0.015, 0.015, 0.011, 0.017, 0.012
44.220, 0.754, -0.725, 0.000, 0.000, 0.000, 0.433, 1.000, 1.000, 0.000, 0.000, 0.009, 0.015, 0.015, 0.010, 0.017, 0.012
44.240, 0.693, -0.842, 0.000, 0.000, 1.000, 0.000, 1.000, 0.151, 0.137, 0.000, 0.009, 0.014, 0.016, 0.010, 0.017, 0.012
44.260, 0.625, -0.879, 0.000, 0.000, 1.000, 0.000, 1.000, 0.000, 0.000, 0.000, 0.009, 0.014, 0.016, 0.010, 0.016, 0.012
44.280, 0.558, -0.887, 0.000, 0.000, 1.000, 0.000, 1.000, 0.000, 0.000, 0.000, 0.009, 0.014, 0.016, 0.010, 0.016, 0.012
44.300, 0.487, -0.885, 0.000, 0.000, 1.000, 0.040, 1.000, 0.000, 0.000, 0.000, 0.008, 0.014, 0.016, 0.010, 0.016, 0.012
44.320, 0.409, -0.880, 0.000, 0.000, 1.000, 0.000, 1.000, 0.000, 0.000, 0.000, 0.008, 0.013, 0.016, 0.010, 0.016, 0.012
44.340, 0.315, -0.873, 0.000, 0.000, 1.000, 0.028, 1.000, 0.000, 0.000, 0.000, 0.008, 0.013, 0.016, 0.010, 0.016, 0.012
44.360, 0.194, -0.864, 0.000, 0.000, 1.000, 0.000, 1.000, 0.000, 0.000, 0.000, 0.008, 0.013, 0.016, 0.010, 0.016, 0.012
44.380, 0.030, -0.852, 0.000, 0.000, 0.000, 0.000, 1.000, 0.000, 0.000, 0.000, 0.008, 0.014, 0.016, 0.010, 0.016, 0.012
44.400, -0.194, -0.834, 0.000, 0.000, 0.000, 1.000, 1.000, 0.000, 0.000, 0.000, 0.008, 0.014, 0.016, 0.010, 0.016, 0.012
44.420, -0.466, -0.805, 0.000, 0.000, 0.000, 1.000, 1.000, 0.000, 0.000, 0.000, 0.008, 0.014, 0.016, 0.010, 0.016, 0.012
44.440, -0.706, -0.760, 0.000, 0.000, 0.000, 1.000, 1.000, 0.000, 0.000, 0.000, 0.008, 0.015, 0.016, 0.010, 0.016, 0.012
44.460, -0.834, -0.700, 0.000, 0.000, 0.000, 1.000, 1.000, 0.000, 0.000, 0.000, 0.008, 0.015, 0.017, 0.010, 0.017, 0.012
44.480, -0.877, -0.632, 0.000, 0.475, 0.000, 1.000, 1.000, 0.000, 1.000, 0.475, 0.009, 0.015, 0.017, 0.010, 0.017, 0.012
44.500, -0.886, -0.564, 0.000, 0.000, 0.000, 1.000, 1.000, 0.000, 1.000, 0.000, 0.008, 0.015, 0.017, 0.010, 0.017, 0.013
44.520, -0.885, -0.494, 0.000, 0.000, 0.000, 1.000, 1.000, 0.000, 1.000, 0.000, 0.008, 0.015, 0.017, 0.010, 0.017, 0.012
44.540, -0.880, -0.417, 0.000, 0.000, 0.000, 1.000, 1.000, 0.000, 1.000, 0.000, 0.008, 0.015, 0.017, 0.010, 0.017, 0.012
44.560, -0.874, -0.325, 0.000, 0.000, 0.112, 1.000, 1.000, 0.000, 1.000, 0.000, 0.008, 0.015, 0.017, 0.010, 0.017, 0.012
44.580, -0.865, -0.207, 0.000, 0.053, 0.000, 1.000, 1.000, 0.000, 1.000, 0.053, 0.008, 0.015, 0.017, 0.010, 0.017, 0.012
44.600, -0.854, -0.048, 0.000, 0.270, 0.345, 1.000, 0.000, 0.000, 1.000, 0.270, 0.008, 0.015, 0.017, 0.010, 0.017, 0.012
44.620, -0.856, 0.181, 1.000, 1.000, 0.000, 0.000, 0.000, 1.000, 0.000, 0.000, 0.008, 0.015, 0.017, 0.011, 0.017, 0.012
44.640, -0.834, 0.430, 1.000, 1.000, 0.000, 0.000, 0.000, 1.000, 0.000, 0.000, 0.008, 0.015, 0.017, 0.011, 0.017, 0.013
44.660, -0.796, 0.656, 1.000, 1.000, 0.000, 0.000, 0.000, 1.000, 0.000, 0.000, 0.008, 0.015, 0.017, 0.011, 0.016, 0.013
44.680, -0.742, 0.802, 1.000, 1.000, 0.000, 0.000, 0.000, 1.000, 1.000, 0.000, 0.008, 0.015, 0.017, 0.011, 0.016, 0.012
44.700, -0.683, 0.862, 1.000, 1.000, 0.000, 0.000, 0.000, 0.000, 1.000, 0.000, 0.008, 0.014, 0.017, 0.011, 0.017, 0.012
44.720, -0.626, 0.878, 1.000, 1.000, 0.000, 0.000, 0.000, 0.000, 1.000, 0.000, 0.008, 0.014, 0.017, 0.012, 0.017, 0.012
44.740, -0.574, 0.880, 1.000, 1.000, 0.000, 0.000, 0.000, 0.000, 1.000, 0.000, 0.008, 0.014, 0.017, 0.012, 0.017, 0.012
44.760, -0.527, 0.876, 1.000, 1.000, 0.000, 0.000, 0.000, 0.000, 1.000, 0.000, 0.008, 0.014, 0.017, 0.012, 0.017, 0.012
44.780, -0.480, 0.871, 1.000, 1.000, 0.000, 0.000, 0.000, 0.000, 1.000, 0.000, 0.008, 0.014, 0.017, 0.012, 0.017, 0.012
44.800, -0.421, 0.869, 1.000, 1.000, 0.000, 0.000, 0.000, 1.000, 0.283, 0.000, 0.008, 0.014, 0.018, 0.011, 0.017, 0.012
44.820, -0.347, 0.866, 1.000, 1.000, 0.000, 0.000, 0.000, 1.000, 0.000, 0.000, 0.008, 0.014, 0.018, 0.011, 0.017, 0.012
44.840, -0.266, 0.856, 1.000, 1.000, 0.000, 0.000, 0.000, 1.000, 0.000, 0.000, 0.008, 0.014, 0.018, 0.011, 0.016, 0.013
44.860, -0.169, 0.844, 1.000, 1.000, 0.000, 0.000, 0.000, 1.000, 0.000, 0.000, 0.008, 0.014, 0.018, 0.011, 0.016, 0.013
44.880, -0.055, 0.826, 1.000, 1.000, 0.000, 0.000, 0.000, 1.000, 0.000, 0.000, 0.008, 0.014, 0.018, 0.011, 0.016, 0.013
44.900, 0.096, 0.807, 1.000, 1.000, 1.000, 0.000, 0.000, 1.000, 0.000, 0.000, 0.008, 0.014, 0.018, 0.010, 0.016, 0.013
44.920, 0.345, 0.802, 1.000, 0.000, 1.000, 0.000, 0.000, 1.000, 0.000, 1.000, 0.008, 0.015, 0.018, 0.010, 0.016, 0.013
44.940, 0.609, 0.772, 1.000, 0.000, 1.000, 0.000, 0.000, 1.000, 0.000, 1.000, 0.009, 0.015, 0.018, 0.010, 0.016, 0.013
44.960, 0.789, 0.721, 1.000, 0.000, 0.000, 1.000, 0.415, 1.000, 0.000, 1.000, 0.009, 0.014, 0.017, 0.011, 0.016, 0.013
44.980, 0.863, 0.658, 1.000, 0.113, 0.000, 1.000, 0.117, 1.000, 0.000, 0.887, 0.009, 0.014, 0.017, 0.011, 0.016, 0.013
45.000, 0.884, 0.591, 1.000, 0.123, 0.000, 1.000, 0.141, 1.000, 0.000, 0.877, 0.009, 0.014, 0.017, 0.010, 0.016, 0.013
45.020, 0.886, 0.522, 1.000, 0.120, 0.000, 1.000, 0.054, 1.000, 0.000, 0.880, 0.009, 0.014, 0.017, 0.010, 0.016, 0.013
45.040, 0.882, 0.448, 1.000, 0.000, 1.000, 0.254, 1.000, 0.000, 0.000, 1.000, 0.009, 0.014, 0.017, 0.011, 0.016, 0.012
45.060, 0.877, 0.363, 1.000, 0.000, 1.000, 0.000, 1.000, 0.000, 0.000, 1.000, 0.010, 0.014, 0.017, 0.011, 0.017, 0.012
45.080, 0.869, 0.257, 1.000, 0.000, 1.000, 1.000, 1.000, 0.000, 0.000, 1.000, 0.010, 0.014, 0.017, 0.011, 0.017, 0.012
45.100, 0.859, 0.116, 1.000, 0.000, 0.000, 1.000, 1.000, 0.000, 0.000, 1.000, 0.010, 0.014, 0.017, 0.012, 0.017, 0.012
45.120, 0.844, -0.078, 0.000, 0.000, 0.000, 1.000, 1.000, 0.000, 0.000, 0.000, 0.009, 0.015, 0.018, 0.012, 0.017, 0.012
45.140, 0.821, -0.332, 0.000, 0.000, 0.000, 1.000, 1.000, 0.183, 0.000, 0.000, 0.009, 0.015, 0.018, 0.012, 0.017, 0.012
45.160, 0.784, -0.601, 0.000, 0.000, 0.000, 1.000, 1.000, 0.071, 0.000, 0.000, 0.009, 0.015, 0.018, 0.011, 0.017, 0.012
45.180, 0.730, -0.786, 0.000, 0.000, 0.000, 1.000, 1.000, 0.000, 0.000, 0.000, 0.009, 0.015, 0.018, 0.011, 0.017, 0.012
45.200, 0.665, -0.863, 0.000, 0.000, 0.000, 1.000, 1.000, 0.000, 0.000, 0.000, 0.009, 0.015, 0.018, 0.011, 0.017, 0.012
45.220, 0.598, -0.884, 0.000, 0.000, 0.000, 1.000, 1.000, 0.000, 0.000, 0.000, 0.008, 0.015, 0.018, 0.011, 0.016, 0.012
45.240, 0.530, -0.886, 0.000, 0.000, 1.000, 0.485, 1.000, 0.000, 0.000, 0.000, 0.008, 0.015, 0.018, 0.011, 0.016, 0.012
45.260, 0.457, -0.883, 0.000, 0.000, 1.000, 0.000, 1.000, 0.000, 0.000, 0.000, 0.008, 0.014, 0.017, 0.011, 0.016, 0.012
45.280, 0.373, -0.877, 0.000, 0.000, 1.000, 0.000, 1.000, 0.000, 0.000, 0.000, 0.008, 0.014, 0.017, 0.011, 0.016, 0.012
45.300, 0.270, -0.870, 0.000, 0.000, 1.000, 0.000, 1.000, 0.000, 0.000, 0.000, 0.008, 0.014, 0.017, 0.010, 0.016, 0.012
45.320, 0.134, -0.860, 0.000, 0.000, 1.000, 0.000, 1.000, 0.000, 0.000, 0.000, 0.008, 0.014, 0.017, 0.010, 0.016, 0.012
45.340, -0.053, -0.846, 0.000, 0.000, 1.000, 0.000, 1.000, 0.000, 0.000, 0.000, 0.008, 0.014, 0.017, 0.010, 0.016, 0.012
45.360, -0.302, -0.824, 0.000, 0.000, 1.000, 0.000, 1.000, 1.000, 0.000, 0.000, 0.008, 0.014, 0.018, 0.010, 0.016, 0.012
45.380, -0.574, -0.789, 0.000, 0.000, 1.000, 0.000, 0.000, 1.000, 0.000, 0.000, 0.008, 0.014, 0.018, 0.011, 0.017, 0.012
45.400, -0.772, -0.737, 0.000, 0.000, 1.000, 0.000, 0.000, 1.000, 0.000, 0.000, 0.008, 0.014, 0.018, 0.011, 0.017, 0.012
45.420, -0.858, -0.673, 0.000, 0.000, 1.000, 1.000, 0.000, 1.000, 0.000, 0.000, 0.008, 0.014, 0.018, 0.012, 0.017, 0.011
45.440, -0.883, -0.605, 0.000, 0.061, 0.000, 1.000, 0.305, 1.000, 0.000, 0.061, 0.008, 0.014, 0.017, 0.012, 0.017, 0.012
45.460, -0.887, -0.536, 0.000, 0.480, 0.128, 1.000, 1.000, 1.000, 0.000, 0.480, 0.008, 0.015, 0.017, 0.011, 0.017, 0.012
45.480, -0.889, -0.393, 0.000, 1.000, 0.000, 1.000, 0.000, 1.000, 1.000, 1.000, 0.009, 0.015, 0.017, 0.011, 0.017, 0.012
45.500, -0.880, -0.242, 0.000, 1.000, 0.000, 0.000, 0.000, 1.000, 1.000, 1.000, 0.009, 0.014, 0.017, 0.012, 0.017, 0.012
45.520, -0.865, -0.074, 0.000, 1.000, 0.000, 0.000, 0.000, 0.000, 1.000, 1.000, 0.009, 0.014, 0.018, 0.012, 0.017, 0.012
45.540, -0.845, 0.140, 1.000, 1.000, 0.000, 0.000, 0.000, 0.000, 1.000, 0.000, 0.009, 0.014, 0.018, 0.012, 0.017, 0.012
45.560, -0.820, 0.403, 1.000, 1.000, 0.000, 0.000, 0.000, 0.000, 1.000, 0.000, 0.009, 0.014, 0.018, 0.012, 0.017, 0.012
45.580, -0.792, 0.636, 1.000, 1.000, 0.000, 0.000, 0.000, 1.000, 1.000, 0.000, 0.009, 0.014, 0.018, 0.012, 0.017, 0.011
45.600, -0.742, 0.792, 1.000, 1.000, 0.000, 0.000, 0.000, 1.000, 0.624, 0.000, 0.008, 0.014, 0.018, 0.012, 0.017, 0.012
45.620, -0.682, 0.860, 1.000, 1.000, 0.000, 0.000, 0.000, 0.000, 1.000, 0.000, 0.008, 0.014, 0.018, 0.012, 0.017, 0.012
45.640, -0.624, 0.879, 1.000, 1.000, 0.000, 0.000, 0.000, 1.000, 1.000, 0.000, 0.008, 0.014, 0.018, 0.012, 0.017, 0.011
45.660, -0.576, 0.878, 1.000, 1.000, 0.000, 0.000, 0.000, 1.000, 1.000, 0.000, 0.008, 0.014, 0.018, 0.013, 0.016, 0.011
45.680, -0.537, 0.872, 1.000, 1.000, 0.000, 0.000, 0.000, 1.000, 1.000, 0.000, 0.008, 0.014, 0.018, 0.012, 0.016, 0.011
45.700, -0.499, 0.868, 1.000, 1.000, 0.000, 0.000, 0.000, 1.000, 1.000, 0.000, 0.008, 0.014, 0.019, 0.012, 0.016, 0.011
45.720, -0.463, 0.862, 1.000, 1.000, 0.000, 0.000, 0.000, 0.346, 1.000, 0.000, 0.008, 0.013, 0.019, 0.011, 0.016, 0.011
45.740, -0.407, 0.864, 1.000, 1.000, 0.000, 0.000, 0.000, 1.000, 0.000, 0.000, 0.008, 0.013, 0.019, 0.011, 0.016, 0.012
45.760, -0.354, 0.856, 1.000, 1.000, 0.000, 0.000, 0.000, 1.000, 0.000, 0.000, 0.008, 0.013, 0.019, 0.011, 0.016, 0.012
45.780, -0.283, 0.851, 1.000, 1.000, 0.000, 0.013, 0.000, 1.000, 0.000, 0.000, 0.008, 0.013, 0.019, 0.011, 0.016, 0.012
45.800, -0.202, 0.841, 1.000, 1.000, 0.000, 0.000, 0.000, 1.000, 0.000, 0.000, 0.008, 0.013, 0.019, 0.011, 0.016, 0.013
45.820, -0.091, 0.831, 1.000, 1.000, 0.000, 0.000, 0.000, 1.000, 0.000, 0.000, 0.008, 0.013, 0.019, 0.011, 0.016, 0.013
45.840, 0.086, 0.825, 1.000, 1.000, 0.000, 1.000, 0.059, 1.000, 0.000, 0.000, 0.008, 0.013, 0.019, 0.011, 0.016, 0.013
45.860, 0.338, 0.811, 1.000, 0.000, 0.000, 1.000, 0.037, 1.000, 0.000, 1.000, 0.009, 0.013, 0.019, 0.011, 0.016, 0.013
45.880, 0.604, 0.778, 1.000, 0.000, 0.000, 1.000, 0.371, 1.000, 0.000, 1.000, 0.009, 0.013, 0.019, 0.011, 0.016, 0.013
45.900, 0.787, 0.726, 1.000, 0.000, 0.000, 1.000, 0.123, 1.000, 0.000, 1.000, 0.009, 0.013, 0.019, 0.011, 0.016, 0.013
45.920, 0.863, 0.662, 1.000, 0.008, 0.000, 1.000, 1.000, 1.000, 0.000, 0.992, 0.009, 0.013, 0.019, 0.012, 0.016, 0.013
45.940, 0.884, 0.595, 1.000, 0.000, 0.000, 1.000, 1.000, 0.000, 0.000, 1.000, 0.010, 0.014, 0.019, 0.012, 0.016, 0.013
45.960, 0.886, 0.526, 1.000, 0.000, 0.000, 1.000, 1.000, 0.000, 0.000, 1.000, 0.010, 0.014, 0.019, 0.012, 0.017, 0.012
45.980, 0.883, 0.453, 1.000, 0.000, 0.000, 1.000, 1.000, 0.000, 0.000, 1.000, 0.010, 0.014, 0.019, 0.012, 0.017, 0.012
46.000, 0.877, 0.369, 1.000, 0.000, 0.039, 1.000, 1.000, 0.000, 0.000, 1.000, 0.010, 0.014, 0.019, 0.012, 0.017, 0.012
46.020, 0.870, 0.265, 1.000, 0.000, 0.000, 1.000, 1.000, 0.000, 0.000, 1.000, 0.010, 0.015, 0.019, 0.013, 0.017, 0.012
46.040, 0.860, 0.127, 1.000, 0.000, 1.000, 1.000, 1.000, 0.000, 0.000, 1.000, 0.010, 0.014, 0.019, 0.012, 0.017, 0.012
46.060, 0.845, -0.063, 0.000, 0.000, 1.000, 0.000, 1.000, 0.000, 0.000, 0.000, 0.010, 0.014, 0.019, 0.012, 0.017, 0.012
46.080, 0.823, -0.314, 0.000, 0.000, 1.000, 0.000, 1.000, 0.000, 0.000, 0.000, 0.009, 0.014, 0.019, 0.012, 0.017, 0.012
46.100, 0.787, -0.585, 0.000, 0.000, 1.000, 0.000, 1.000, 0.048, 0.000, 0.000, 0.009, 0.013, 0.019, 0.011, 0.017, 0.012
46.120, 0.734, -0.778, 0.000, 0.000, 1.000, 0.000, 1.000, 0.005, 0.000, 0.000, 0.009, 0.013, 0.019, 0.011, 0.017, 0.012
46.140, 0.670, -0.860, 0.000, 0.000, 1.000, 0.000, 1.000, 0.000, 0.000, 0.000, 0.009, 0.013, 0.019, 0.011, 0.017, 0.012
46.160, 0.602, -0.884, 0.000, 0.000, 1.000, 0.000, 1.000, 0.000, 0.000, 0.000, 0.009, 0.013, 0.020, 0.011, 0.018, 0.012
46.180, 0.534, -0.887, 0.000, 0.000, 1.000, 0.000, 1.000, 0.000, 0.000, 0.000, 0.009, 0.013, 0.020, 0.011, 0.017, 0.011
46.200, 0.462, -0.883, 0.000, 0.000, 1.000, 0.000, 1.000, 0.000, 0.000, 0.000, 0.009, 0.013, 0.020, 0.011, 0.017, 0.011
46.220, 0.379, -0.878, 0.000, 0.000, 1.000, 0.000, 1.000, 0.000, 0.000, 0.000, 0.009, 0.013, 0.020, 0.011, 0.016, 0.011
46.240, 0.278, -0.870, 0.000, 0.000, 1.000, 1.000, 1.000, 0.000, 0.000, 0.000, 0.009, 0.013, 0.019, 0.011, 0.016, 0.011
46.260, 0.144, -0.861, 0.000, 0.000, 0.000, 1.000, 1.000, 0.000, 0.000, 0.000, 0.009, 0.014, 0.019, 0.011, 0.016, 0.011
46.280, -0.040, -0.847, 0.000, 0.000, 0.000, 1.000, 1.000, 0.000, 0.000, 0.000, 0.009, 0.014, 0.019, 0.011, 0.016, 0.011
46.300, -0.285, -0.826, 0.000, 0.000, 0.000, 1.000, 1.000, 0.000, 0.000, 0.000, 0.009, 0.014, 0.018, 0.011, 0.016, 0.011
46.320, -0.558, -0.792, 0.000, 0.000, 0.000, 1.000, 1.000, 1.000, 1.000, 0.000, 0.008, 0.014, 0.018, 0.011, 0.017, 0.012
46.340, -0.763, -0.741, 0.000, 0.000, 0.000, 1.000, 0.006, 1.000, 0.000, 0.000, 0.008, 0.014, 0.018, 0.011, 0.017, 0.012
46.360, -0.855, -0.677, 0.000, 0.000, 0.000, 1.000, 0.152, 1.000, 0.000, 0.000, 0.008, 0.015, 0.018, 0.012, 0.017, 0.011
46.380, -0.882, -0.610, 0.000, 0.000, 1.000, 1.000, 0.002, 1.000, 0.000, 0.000, 0.008, 0.014, 0.018, 0.012, 0.017, 0.012
46.400, -0.887, -0.542, 0.000, 0.000, 1.000, 0.000, 0.177, 1.000, 0.000, 0.000, 0.008, 0.014, 0.019, 0.012, 0.017, 0.012
46.420, -0.884, -0.470, 0.000, 0.000, 1.000, 0.002, 1.000, 0.000, 0.000, 0.000, 0.008, 0.014, 0.019, 0.012, 0.017, 0.013
46.440, -0.880, -0.377, 0.000, 1.000, 0.000, 0.034, 1.000, 0.000, 0.700, 1.000, 0.009, 0.014, 0.019, 0.011, 0.017, 0.012
46.460, -0.871, -0.275, 0.000, 0.000, 0.000, 0.143, 1.000, 0.000, 0.000, 0.000, 0.009, 0.014, 0.019, 0.011, 0.016, 0.013
46.480, -0.861, -0.140, 0.000, 0.000, 0.000, 1.000, 1.000, 0.000, 0.000, 0.000, 0.009, 0.014, 0.019, 0.011, 0.016, 0.013
46.500, -0.847, 0.045, 1.000, 0.000, 0.000, 1.000, 1.000, 0.000, 1.000, 1.000, 0.009, 0.015, 0.019, 0.011, 0.017, 0.012
46.520, -0.825, 0.292, 1.000, 0.000, 0.000, 1.000, 1.000, 0.000, 1.000, 1.000, 0.009, 0.015, 0.018, 0.011, 0.017, 0.012
46.540, -0.791, 0.564, 1.000, 0.000, 0.000, 1.000, 1.000, 0.000, 0.000, 1.000, 0.010, 0.015, 0.018, 0.011, 0.017, 0.012
46.560, -0.740, 0.766, 1.000, 0.381, 0.000, 1.000, 1.000, 0.000, 0.000, 0.619, 0.010, 0.015, 0.018, 0.011, 0.017, 0.013
46.580, -0.676, 0.856, 1.000, 0.438, 0.000, 1.000, 1.000, 0.000, 0.000, 0.562, 0.010, 0.015, 0.018, 0.011, 0.018, 0.013
46.600, -0.609, 0.883, 1.000, 0.000, 0.000, 1.000, 1.000, 0.000, 0.539, 1.000, 0.010, 0.015, 0.018, 0.011, 0.018, 0.013
46.620, -0.557, 0.880, 1.000, 1.000, 0.000, 0.000, 1.000, 0.000, 1.000, 0.000, 0.009, 0.015, 0.019, 0.011, 0.018, 0.012
46.640, -0.542, 0.862, 1.000, 1.000, 0.000, 0.000, 0.000, 0.000, 1.000, 0.000, 0.009, 0.014, 0.019, 0.011, 0.018, 0.012
46.660, -0.509, 0.863, 1.000, 1.000, 0.000, 0.000, 0.000, 0.000, 1.000, 0.000, 0.009, 0.014, 0.019, 0.012, 0.018, 0.012
46.680, -0.477, 0.861, 1.000, 1.000, 0.000, 0.000, 0.000, 0.000, 1.000, 0.000, 0.009, 0.014, 0.019, 0.012, 0.018, 0.012
46.700, -0.427, 0.863, 1.000, 1.000, 0.000, 0.000, 0.000, 0.000, 1.000, 0.000, 0.009, 0.014, 0.019, 0.012, 0.018, 0.012
46.720, -0.422, 0.841, 1.000, 1.000, 0.000, 0.000, 0.000, 1.000, 0.000, 0.000, 0.009, 0.014, 0.019, 0.012, 0.017, 0.012
46.740, -0.376, 0.850, 1.000, 1.000, 0.000, 0.202, 0.000, 1.000, 0.000, 0.000, 0.009, 0.014, 0.019, 0.012, 0.017, 0.013
46.760, -0.322, 0.848, 1.000, 1.000, 0.000, 0.164, 0.000, 1.000, 0.000, 0.000, 0.009, 0.014, 0.019, 0.013, 0.017, 0.013
46.780, -0.254, 0.843, 1.000, 1.000, 0.000, 0.000, 0.000, 1.000, 0.000, 0.000, 0.009, 0.014, 0.019, 0.013, 0.017, 0.013
46.800, -0.166, 0.835, 1.000, 1.000, 0.000, 0.000, 0.000, 1.000, 0.000, 0.000, 0.009, 0.013, 0.020, 0.013, 0.017, 0.013
46.820, -0.030, 0.829, 1.000, 1.000, 1.000, 0.000, 0.000, 1.000, 0.000, 0.000, 0.009, 0.014, 0.019, 0.013, 0.016, 0.013
46.840, 0.188, 0.824, 1.000, 0.000, 1.000, 0.000, 0.000, 1.000, 0.070, 1.000, 0.009, 0.014, 0.019, 0.012, 0.016, 0.013
46.860, 0.457, 0.801, 1.000, 0.000, 1.000, 0.000, 0.154, 0.000, 0.000, 1.000, 0.009, 0.015, 0.018, 0.012, 0.017, 0.013
46.880, 0.698, 0.759, 1.000, 0.000, 0.000, 0.000, 0.673, 0.000, 0.000, 1.000, 0.010, 0.014, 0.018, 0.012, 0.017, 0.013
46.900, 0.830, 0.699, 1.000, 0.163, 0.000, 1.000, 0.000, 1.000, 0.000, 0.837, 0.010, 0.014, 0.019, 0.012, 0.017, 0.013
46.920, 0.876, 0.633, 1.000, 0.031, 0.000, 1.000, 0.000, 1.000, 0.000, 0.969, 0.010, 0.014, 0.019, 0.012, 0.017, 0.013
46.940, 0.886, 0.565, 1.000, 0.049, 0.000, 1.000, 0.000, 1.000, 0.000, 0.951, 0.010, 0.014, 0.019, 0.012, 0.017, 0.012
46.960, 0.877, 0.386, 1.000, 1.000, 0.119, 0.464, 0.000, 1.000, 0.222, 0.000, 0.010, 0.014, 0.019, 0.011, 0.016, 0.012
46.980, 0.868, 0.268, 1.000, 1.000, 0.011, 0.073, 0.000, 1.000, 0.000, 0.000, 0.009, 0.014, 0.019, 0.011, 0.016, 0.012
47.000, 0.859, 0.129, 1.000, 1.000, 1.000, 1.000, 1.000, 0.000, 0.000, 0.000, 0.009, 0.014, 0.019, 0.012, 0.016, 0.012
47.020, 0.845, -0.059, 0.000, 0.000, 0.000, 1.000, 1.000, 0.000, 0.000, 0.000, 0.009, 0.014, 0.019, 0.012, 0.016, 0.012
47.040, 0.823, -0.309, 0.000, 0.000, 0.000, 0.735, 1.000, 0.000, 0.000, 0.000, 0.009, 0.015, 0.019, 0.013, 0.016, 0.012
47.060, 0.788, -0.580, 0.000, 0.000, 1.000, 0.000, 1.000, 0.000, 0.000, 0.000, 0.009, 0.014, 0.019, 0.013, 0.016, 0.012
47.080, 0.735, -0.775, 0.000, 0.000, 1.000, 0.000, 1.000, 0.000, 0.000, 0.000, 0.009, 0.014, 0.019, 0.013, 0.016, 0.012
47.100, 0.671, -0.859, 0.000, 0.000, 1.000, 0.000, 1.000, 0.000, 0.000, 0.000, 0.009, 0.014, 0.019, 0.013, 0.016, 0.012
47.120, 0.603, -0.883, 0.000, 0.267, 1.000, 0.000, 1.000, 0.000, 1.000, 0.267, 0.009, 0.014, 0.020, 0.013, 0.016, 0.012
47.140, 0.535, -0.886, 0.000, 0.178, 1.000, 0.000, 0.012, 0.000, 1.000, 0.178, 0.009, 0.013, 0.020, 0.012, 0.016, 0.013
47.160, 0.462, -0.883, 0.000, 0.000, 1.000, 1.000, 1.000, 0.421, 0.000, 0.000, 0.009, 0.013, 0.019, 0.012, 0.016, 0.012
47.180, 0.380, -0.878, 0.000, 0.000, 1.000, 1.000, 1.000, 0.000, 0.000, 0.000, 0.009, 0.013, 0.019, 0.012, 0.016, 0.012
47.200, 0.278, -0.871, 0.000, 0.000, 1.000, 1.000, 1.000, 0.000, 0.000, 0.000, 0.009, 0.013, 0.019, 0.012, 0.016, 0.012
47.220, 0.145, -0.861, 0.000, 0.000, 1.000, 1.000, 1.000, 0.000, 0.000, 0.000, 0.009, 0.013, 0.018, 0.012, 0.016, 0.012
47.240, -0.038, -0.847, 0.000, 0.000, 1.000, 1.000, 1.000, 0.000, 0.000, 0.000, 0.009, 0.013, 0.018, 0.012, 0.016, 0.012
47.260, -0.283, -0.826, 0.000, 0.000, 1.000, 1.000, 1.000, 0.000, 0.000, 0.000, 0.009, 0.013, 0.018, 0.012, 0.016, 0.012
47.280, -0.556, -0.792, 0.000, 0.000, 1.000, 1.000, 1.000, 0.000, 0.000, 0.000, 0.009, 0.013, 0.018, 0.012, 0.016, 0.012
47.300, -0.762, -0.741, 0.000, 0.000, 0.000, 1.000, 1.000, 0.000, 0.000, 0.000, 0.009, 0.014, 0.018, 0.012, 0.016, 0.012
47.320, -0.855, -0.678, 0.000, 0.000, 0.000, 1.000, 1.000, 0.000, 0.000, 0.000, 0.009, 0.014, 0.018, 0.011, 0.016, 0.012
47.340, -0.882, -0.610, 0.000, 0.000, 1.000, 1.000, 1.000, 0.000, 0.000, 0.000, 0.008, 0.014, 0.018, 0.011, 0.015, 0.013
47.360, -0.887, -0.542, 0.000, 0.000, 1.000, 1.000, 1.000, 0.000, 0.000, 0.000, 0.008, 0.013, 0.018, 0.011, 0.015, 0.013
47.380, -0.884, -0.471, 0.000, 0.000, 0.000, 1.000, 1.000, 0.000, 0.000, 0.000, 0.008, 0.014, 0.018, 0.011, 0.015, 0.013
47.400, -0.879, -0.389, 0.000, 0.342, 0.000, 1.000, 1.000, 0.000, 1.000, 0.342, 0.009, 0.014, 0.018, 0.011, 0.015, 0.013
47.420, -0.871, -0.290, 0.000, 0.000, 0.000, 1.000, 1.000, 0.000, 0.000, 0.000, 0.009, 0.014, 0.018, 0.011, 0.015, 0.013
47.440, -0.862, -0.160, 0.000, 0.000, 0.000, 1.000, 1.000, 0.000, 0.000, 0.000, 0.008, 0.015, 0.018, 0.011, 0.016, 0.013
47.460, -0.849, 0.017, 1.000, 0.000, 0.000, 1.000, 1.000, 0.000, 0.000, 1.000, 0.009, 0.015, 0.018, 0.011, 0.016, 0.013
47.480, -0.839, 0.254, 1.000, 1.000, 0.000, 1.000, 1.000, 0.000, 1.000, 0.000, 0.009, 0.015, 0.018, 0.011, 0.016, 0.013
47.500, -0.808, 0.520, 1.000, 1.000, 0.000, 0.000, 1.000, 0.000, 1.000, 0.000, 0.009, 0.015, 0.018, 0.011, 0.017, 0.012
47.520, -0.761, 0.734, 1.000, 1.000, 0.000, 0.000, 1.000, 0.000, 1.000, 0.000, 0.009, 0.015, 0.019, 0.011, 0.017, 0.012
47.540, -0.707, 0.837, 1.000, 1.000, 0.000, 0.000, 1.000, 0.000, 1.000, 0.000, 0.008, 0.015, 0.019, 0.011, 0.017, 0.012
47.560, -0.653, 0.870, 1.000, 1.000, 0.000, 0.000, 1.000, 0.000, 1.000, 0.000, 0.008, 0.015, 0.019, 0.011, 0.017, 0.012
47.580, -0.626, 0.865, 1.000, 1.000, 0.000, 0.000, 0.000, 0.000, 1.000, 0.000, 0.008, 0.015, 0.019, 0.012, 0.017, 0.012
47.600, -0.594, 0.867, 1.000, 1.000, 0.000, 0.000, 0.000, 0.000, 1.000, 0.000, 0.008, 0.014, 0.019, 0.012, 0.017, 0.012
47.620, -0.562, 0.867, 1.000, 1.000, 0.000, 0.000, 0.000, 0.000, 1.000, 0.000, 0.008, 0.014, 0.019, 0.012, 0.017, 0.012
47.640, -0.529, 0.866, 1.000, 1.000, 0.000, 0.000, 0.000, 1.000, 1.000, 0.000, 0.008, 0.014, 0.019, 0.012, 0.017, 0.012
47.660, -0.477, 0.871, 1.000, 1.000, 0.065, 0.000, 0.000, 1.000, 1.000, 0.000, 0.008, 0.014, 0.019, 0.013, 0.016, 0.012
47.680, -0.429, 0.865, 1.000, 1.000, 0.000, 0.000, 0.000, 1.000, 1.000, 0.000, 0.008, 0.014, 0.019, 0.013, 0.016, 0.012
47.700, -0.356, 0.866, 1.000, 1.000, 0.000, 0.000, 0.000, 0.000, 1.000, 0.000, 0.008, 0.014, 0.019, 0.013, 0.016, 0.012
47.720, -0.263, 0.861, 1.000, 1.000, 0.000, 0.000, 0.000, 0.000, 1.000, 0.000, 0.008, 0.014, 0.019, 0.013, 0.017, 0.012
47.740, -0.154, 0.849, 1.000, 1.000, 0.000, 0.000, 0.000, 0.373, 1.000, 0.000, 0.008, 0.014, 0.020, 0.013, 0.017, 0.012
47.760, -0.002, 0.836, 1.000, 1.000, 1.000, 0.000, 0.000, 0.196, 1.000, 0.000, 0.008, 0.014, 0.020, 0.013, 0.017, 0.012
47.780, 0.149, 0.799, 1.000, 1.000, 1.000, 0.000, 0.000, 0.202, 1.000, 0.000, 0.008, 0.014, 0.020, 0.012, 0.017, 0.012
47.800, 0.408, 0.792, 1.000, 0.000, 1.000, 0.000, 0.000, 1.000, 0.000, 1.000, 0.009, 0.015, 0.020, 0.012, 0.016, 0.012
47.820, 0.660, 0.759, 1.000, 0.000, 1.000, 0.053, 0.000, 1.000, 0.000, 1.000, 0.009, 0.015, 0.020, 0.012, 0.016, 0.013
47.840, 0.813, 0.706, 1.000, 0.000, 1.000, 0.000, 0.000, 1.000, 0.000, 1.000, 0.009, 0.015, 0.019, 0.012, 0.016, 0.013
47.860, 0.871, 0.641, 1.000, 0.000, 1.000, 0.000, 0.000, 1.000, 0.000, 1.000, 0.009, 0.015, 0.019, 0.012, 0.016, 0.013
47.880, 0.885, 0.574, 1.000, 0.000, 1.000, 0.000, 0.000, 1.000, 0.000, 1.000, 0.010, 0.015, 0.019, 0.012, 0.017, 0.013
47.900, 0.885, 0.505, 1.000, 0.000, 1.000, 0.000, 0.059, 1.000, 0.000, 1.000, 0.010, 0.015, 0.018, 0.012, 0.017, 0.012
47.920, 0.881, 0.429, 1.000, 0.000, 1.000, 0.000, 0.000, 1.000, 0.000, 1.000, 0.010, 0.014, 0.018, 0.012, 0.017, 0.012
47.940, 0.875, 0.340, 1.000, 0.000, 1.000, 0.000, 0.000, 1.000, 0.000, 1.000, 0.010, 0.014, 0.018, 0.012, 0.017, 0.012
47.960, 0.867, 0.227, 1.000, 0.000, 1.000, 0.000, 1.000, 1.000, 0.000, 1.000, 0.010, 0.014, 0.018, 0.012, 0.017, 0.012
47.980, 0.854, 0.068, 1.000, 1.000, 1.000, 0.102, 1.000, 0.000, 0.000, 0.000, 0.009, 0.014, 0.018, 0.012, 0.017, 0.012
48.000, 0.838, -0.142, 0.000, 0.000, 1.000, 0.000, 1.000, 0.000, 0.000, 0.000, 0.009, 0.014, 0.018, 0.013, 0.016, 0.012
48.020, 0.812, -0.409, 0.000, 0.000, 1.000, 0.000, 1.000, 0.000, 0.000, 0.000, 0.009, 0.014, 0.018, 0.013, 0.016, 0.012
48.040, 0.771, -0.664, 0.000, 0.000, 0.000, 1.000, 1.000, 0.000, 0.000, 0.000, 0.009, 0.014, 0.019, 0.013, 0.016, 0.012
48.060, 0.713, -0.816, 0.000, 0.000, 0.000, 1.000, 1.000, 0.000, 0.188, 0.000, 0.009, 0.015, 0.019, 0.013, 0.016, 0.012
48.080, 0.647, -0.872, 0.000, 0.006, 0.000, 1.000, 1.000, 0.000, 0.086, 0.006, 0.009, 0.015, 0.019, 0.013, 0.016, 0.012
48.100, 0.579, -0.886, 0.000, 0.000, 1.000, 0.000, 1.000, 0.000, 0.000, 0.000, 0.009, 0.014, 0.019, 0.013, 0.016, 0.012
48.120, 0.510, -0.886, 0.000, 0.000, 1.000, 0.000, 1.000, 0.000, 0.000, 0.000, 0.009, 0.014, 0.018, 0.013, 0.016, 0.012
48.140, 0.435, -0.882, 0.000, 0.000, 1.000, 0.000, 1.000, 0.000, 0.000, 0.000, 0.009, 0.014, 0.018, 0.012, 0.016, 0.011
48.160, 0.347, -0.875, 0.000, 0.000, 1.000, 0.000, 1.000, 0.000, 0.000, 0.000, 0.009, 0.014, 0.018, 0.012, 0.016, 0.011
48.180, 0.236, -0.868, 0.000, 0.000, 1.000, 0.000, 1.000, 0.000, 0.000, 0.000, 0.009, 0.014, 0.018, 0.012, 0.016, 0.011
48.200, 0.088, -0.857, 0.000, 0.000, 1.000, 0.000, 1.000, 0.000, 0.000, 0.000, 0.009, 0.014, 0.018, 0.012, 0.016, 0.011
48.220, -0.116, -0.841, 0.000, 0.000, 1.000, 0.000, 1.000, 0.000, 0.000, 0.000, 0.008, 0.014, 0.018, 0.012, 0.016, 0.011
48.240, -0.379, -0.816, 0.000, 0.000, 1.000, 0.000, 1.000, 0.000, 0.000, 0.000, 0.008, 0.014, 0.019, 0.012, 0.016, 0.011
48.260, -0.640, -0.776, 0.000, 0.000, 1.000, 0.000, 1.000, 0.000, 1.000, 0.000, 0.008, 0.014, 0.019, 0.012, 0.016, 0.012
48.280, -0.805, -0.720, 0.000, 0.000, 1.000, 0.000, 1.000, 0.000, 1.000, 0.000, 0.008, 0.013, 0.019, 0.012, 0.016, 0.012
48.300, -0.869, -0.654, 0.000, 0.000, 1.000, 0.000, 1.000, 0.000, 1.000, 0.000, 0.008, 0.013, 0.019, 0.012, 0.017, 0.012
48.320, -0.885, -0.586, 0.000, 0.246, 0.000, 1.000, 1.000, 0.000, 1.000, 0.246, 0.009, 0.014, 0.019, 0.012, 0.017, 0.012
48.340, -0.887, -0.506, 0.000, 1.000, 0.000, 1.000, 1.000, 0.000, 1.000, 1.000, 0.009, 0.014, 0.018, 0.012, 0.017, 0.012
48.360, -0.882, -0.424, 0.000, 1.000, 0.000, 0.000, 1.000, 0.000, 1.000, 1.000, 0.009, 0.015, 0.019, 0.012, 0.017, 0.011
48.380, -0.875, -0.333, 0.000, 0.000, 0.000, 0.000, 1.000, 0.000, 1.000, 0.000, 0.009, 0.015, 0.019, 0.012, 0.017, 0.011
48.400, -0.866, -0.218, 0.000, 0.000, 0.000, 1.000, 1.000, 0.000, 1.000, 0.000, 0.009, 0.015, 0.019, 0.012, 0.017, 0.011
48.420, -0.855, -0.062, 0.000, 0.000, 0.000, 1.000, 1.000, 0.000, 1.000, 0.000, 0.009, 0.015, 0.018, 0.012, 0.017, 0.011
48.440, -0.838, 0.151, 1.000, 0.000, 0.000, 1.000, 1.000, 1.000, 1.000, 1.000, 0.009, 0.015, 0.018, 0.011, 0.017, 0.011
48.460, -0.812, 0.418, 1.000, 1.000, 0.000, 0.594, 1.000, 1.000, 0.000, 0.000, 0.009, 0.015, 0.018, 0.011, 0.016, 0.012
48.480, -0.770, 0.671, 1.000, 0.000, 0.000, 0.000, 0.000, 1.000, 0.000, 1.000, 0.009, 0.015, 0.019, 0.012, 0.016, 0.012
48.500, -0.722, 0.809, 1.000, 1.000, 0.000, 0.000, 0.000, 1.000, 0.000, 0.000, 0.009, 0.014, 0.019, 0.012, 0.016, 0.012
48.520, -0.674, 0.858, 1.000, 1.000, 0.000, 0.000, 0.000, 1.000, 0.000, 0.000, 0.009, 0.014, 0.019, 0.013, 0.016, 0.013
48.540, -0.633, 0.869, 1.000, 1.000, 0.000, 0.000, 0.000, 1.000, 1.000, 0.000, 0.009, 0.014, 0.019, 0.013, 0.016, 0.012
48.560, -0.594, 0.871, 1.000, 1.000, 0.000, 0.000, 0.000, 0.000, 1.000, 0.000, 0.009, 0.014, 0.019, 0.013, 0.016, 0.012
48.580, -0.553, 0.873, 1.000, 1.000, 0.000, 0.000, 0.000, 0.000, 1.000, 0.000, 0.009, 0.014, 0.019, 0.013, 0.017, 0.012
48.600, -0.503, 0.874, 1.000, 1.000, 0.000, 0.000, 0.000, 1.000, 0.000, 0.000, 0.008, 0.014, 0.019, 0.013, 0.016, 0.012
48.620, -0.442, 0.873, 1.000, 1.000, 0.000, 0.000, 0.000, 1.000, 0.000, 0.000, 0.008, 0.014, 0.020, 0.013, 0.016, 0.012
48.640, -0.379, 0.866, 1.000, 1.000, 0.000, 0.064, 0.000, 1.000, 0.010, 0.000, 0.008, 0.014, 0.020, 0.013, 0.016, 0.013
48.660, -0.318, 0.855, 1.000, 1.000, 0.000, 0.171, 0.000, 1.000, 0.000, 0.000, 0.008, 0.014, 0.020, 0.013, 0.016, 0.013
48.680, -0.225, 0.852, 1.000, 1.000, 1.000, 0.000, 0.000, 0.000, 1.000, 0.000, 0.008, 0.014, 0.020, 0.013, 0.016, 0.012
48.700, -0.107, 0.841, 1.000, 1.000, 1.000, 0.000, 0.000, 0.000, 1.000, 0.000, 0.008, 0.014, 0.020, 0.012, 0.017, 0.012
48.720, 0.004, 0.811, 1.000, 1.000, 1.000, 0.000, 0.032, 0.000, 1.000, 0.000, 0.008, 0.015, 0.019, 0.012, 0.017, 0.012
48.740, 0.178, 0.796, 1.000, 1.000, 0.000, 0.130, 0.000, 1.000, 0.000, 0.000, 0.008, 0.014, 0.019, 0.012, 0.016, 0.012
48.760, 0.427, 0.782, 1.000, 1.000, 0.000, 0.223, 0.000, 1.000, 0.000, 0.000, 0.008, 0.014, 0.019, 0.012, 0.016, 0.013
48.780, 0.657, 0.738, 1.000, 1.000, 0.059, 0.336, 0.000, 1.000, 0.000, 0.000, 0.008, 0.014, 0.019, 0.012, 0.016, 0.012
48.800, 0.808, 0.688, 1.000, 1.000, 1.000, 1.000, 0.000, 1.000, 0.000, 0.000, 0.008, 0.014, 0.019, 0.012, 0.016, 0.012
48.820, 0.868, 0.627, 1.000, 0.000, 0.000, 1.000, 0.000, 1.000, 0.000, 1.000, 0.009, 0.014, 0.019, 0.012, 0.016, 0.012
48.840, 0.883, 0.562, 1.000, 0.101, 0.000, 1.000, 0.000, 1.000, 0.000, 0.899, 0.009, 0.014, 0.020, 0.012, 0.017, 0.012
48.860, 0.884, 0.492, 1.000, 0.162, 0.000, 1.000, 0.000, 1.000, 0.000, 0.838, 0.009, 0.015, 0.020, 0.012, 0.017, 0.012
48.880, 0.880, 0.415, 1.000, 0.000, 0.000, 1.000, 1.000, 0.000, 0.000, 1.000, 0.010, 0.015, 0.020, 0.012, 0.016, 0.012
48.900, 0.874, 0.322, 1.000, 0.000, 0.000, 1.000, 1.000, 0.000, 0.000, 1.000, 0.010, 0.015, 0.020, 0.013, 0.016, 0.011
48.920, 0.865, 0.203, 1.000, 0.000, 0.000, 0.000, 1.000, 0.000, 0.000, 1.000, 0.010, 0.015, 0.019, 0.013, 0.016, 0.011
48.940, 0.853, 0.043, 1.000, 0.000, 1.000, 0.000, 1.000, 0.000, 0.000, 1.000, 0.010, 0.015, 0.019, 0.013, 0.016, 0.011
48.960, 0.836, -0.177, 0.000, 0.000, 1.000, 0.000, 1.000, 0.000, 0.000, 0.000, 0.009, 0.014, 0.019, 0.013, 0.016, 0.011
48.980, 0.808, -0.448, 0.000, 0.000, 1.000, 0.000, 1.000, 0.062, 0.064, 0.000, 0.009, 0.014, 0.020, 0.013, 0.016, 0.011
49.000, 0.764, -0.693, 0.000, 0.000, 1.000, 0.000, 1.000, 0.091, 0.105, 0.000, 0.009, 0.014, 0.020, 0.013, 0.016, 0.011
49.020, 0.704, -0.829, 0.000, 0.000, 1.000, 0.000, 1.000, 0.000, 0.072, 0.000, 0.009, 0.014, 0.020, 0.013, 0.016, 0.011
49.040, 0.637, -0.876, 0.000, 0.000, 1.000, 0.000, 1.000, 0.164, 0.000, 0.000, 0.009, 0.014, 0.020, 0.013, 0.016, 0.011
49.060, 0.570, -0.886, 0.000, 0.000, 1.000, 0.000, 1.000, 0.000, 0.000, 0.000, 0.009, 0.014, 0.020, 0.012, 0.016, 0.011
49.080, 0.500, -0.885, 0.000, 0.000, 1.000, 0.000, 1.000, 0.000, 0.000, 0.000, 0.009, 0.014, 0.020, 0.012, 0.015, 0.011
49.100, 0.424, -0.881, 0.000, 0.000, 1.000, 0.000, 1.000, 0.000, 0.000, 0.000, 0.009, 0.014, 0.020, 0.012, 0.015, 0.011
49.120, 0.333, -0.874, 0.000, 0.000, 1.000, 0.000, 1.000, 0.000, 0.000, 0.000, 0.009, 0.014, 0.020, 0.012, 0.015, 0.011
49.140, 0.218, -0.866, 0.000, 0.000, 1.000, 0.000, 1.000, 0.000, 0.000, 0.000, 0.008, 0.014, 0.020, 0.012, 0.015, 0.011
49.160, 0.063, -0.855, 0.000, 0.000, 1.000, 0.000, 1.000, 0.000, 0.000, 0.000, 0.008, 0.013, 0.020, 0.012, 0.015, 0.011
49.180, -0.150, -0.838, 0.000, 0.000, 0.000, 1.000, 1.000, 0.000, 0.000, 0.000, 0.008, 0.014, 0.020, 0.012, 0.015, 0.011
49.200, -0.418, -0.811, 0.000, 0.000, 0.000, 1.000, 1.000, 0.000, 0.000, 0.000, 0.008, 0.014, 0.019, 0.012, 0.015, 0.011
49.220, -0.671, -0.769, 0.000, 0.000, 0.000, 1.000, 1.000, 0.000, 0.000, 0.000, 0.008, 0.015, 0.019, 0.012, 0.015, 0.011
49.240, -0.819, -0.711, 0.000, 0.000, 0.000, 1.000, 1.000, 0.000, 0.000, 0.000, 0.008, 0.015, 0.019, 0.012, 0.015, 0.012
49.260, -0.873, -0.645, 0.000, 0.000, 0.000, 1.000, 1.000, 0.000, 0.000, 0.000, 0.008, 0.015, 0.019, 0.012, 0.016, 0.012
49.280, -0.886, -0.577, 0.000, 0.000, 0.000, 1.000, 1.000, 0.000, 1.000, 0.000, 0.008, 0.015, 0.019, 0.012, 0.016, 0.012
49.300, -0.886, -0.508, 0.000, 0.075, 0.000, 1.000, 0.000, 0.000, 1.000, 0.075, 0.008, 0.015, 0.019, 0.012, 0.016, 0.011
49.320, -0.881, -0.432, 0.000, 0.000, 0.000, 1.000, 1.000, 0.000, 1.000, 0.000, 0.008, 0.015, 0.019, 0.012, 0.016, 0.011
49.340, -0.875, -0.344, 0.000, 0.000, 0.000, 1.000, 1.000, 0.000, 0.000, 0.000, 0.008, 0.015, 0.019, 0.012, 0.016, 0.012
49.360, -0.867, -0.232, 0.000, 0.000, 0.000, 1.000, 1.000, 0.000, 1.000, 0.000, 0.008, 0.015, 0.019, 0.012, 0.017, 0.011
49.380, -0.860, -0.067, 0.000, 1.000, 0.000, 0.859, 1.000, 0.000, 1.000, 1.000, 0.009, 0.015, 0.019, 0.012, 0.017, 0.011
49.400, -0.841, 0.146, 1.000, 1.000, 0.000, 0.000, 1.000, 0.000, 1.000, 0.000, 0.009, 0.015, 0.019, 0.012, 0.017, 0.011
49.420, -0.822, 0.404, 1.000, 1.000, 0.000, 0.000, 0.000, 0.000, 1.000, 0.000, 0.008, 0.015, 0.019, 0.012, 0.017, 0.011
49.440, -0.793, 0.636, 1.000, 1.000, 0.000, 0.000, 0.000, 0.000, 1.000, 0.000, 0.008, 0.016, 0.020, 0.013, 0.017, 0.011
49.460, -0.754, 0.778, 1.000, 1.000, 0.000, 0.000, 0.000, 1.000, 1.000, 0.000, 0.008, 0.016, 0.020, 0.013, 0.016, 0.011
49.480, -0.700, 0.849, 1.000, 1.000, 0.000, 0.000, 0.000, 1.000, 0.000, 0.000, 0.008, 0.016, 0.020, 0.013, 0.016, 0.011
49.500, -0.654, 0.869, 1.000, 1.000, 0.000, 0.000, 0.000, 1.000, 0.000, 0.000, 0.008, 0.016, 0.020, 0.013, 0.016, 0.012
49.520, -0.611, 0.873, 1.000, 1.000, 0.000, 0.000, 0.000, 1.000, 0.000, 0.000, 0.008, 0.015, 0.020, 0.013, 0.016, 0.012
49.540, -0.565, 0.876, 1.000, 1.000, 0.000, 0.000, 0.000, 1.000, 0.000, 0.000, 0.008, 0.015, 0.019, 0.013, 0.016, 0.012
49.560, -0.515, 0.875, 1.000, 1.000, 0.000, 1.000, 0.015, 0.000, 0.000, 0.000, 0.008, 0.015, 0.020, 0.013, 0.016, 0.012
49.580, -0.460, 0.873, 1.000, 1.000, 0.000, 1.000, 0.020, 0.000, 0.000, 0.000, 0.008, 0.014, 0.020, 0.013, 0.016, 0.012
49.600, -0.432, 0.857, 1.000, 1.000, 0.000, 1.000, 0.000, 0.000, 1.000, 0.000, 0.008, 0.014, 0.020, 0.014, 0.017, 0.012
49.620, -0.363, 0.863, 1.000, 1.000, 0.000, 0.000, 0.000, 0.000, 1.000, 0.000, 0.008, 0.014, 0.020, 0.013, 0.017, 0.012
49.640, -0.280, 0.858, 1.000, 1.000, 1.000, 0.000, 0.000, 1.000, 1.000, 0.000, 0.008, 0.015, 0.019, 0.013, 0.016, 0.011
49.660, -0.192, 0.845, 1.000, 1.000, 1.000, 0.000, 0.000, 1.000, 0.000, 0.000, 0.008, 0.015, 0.019, 0.012, 0.016, 0.012
49.680, -0.102, 0.824, 1.000, 1.000, 1.000, 0.000, 0.000, 1.000, 0.000, 0.000, 0.008, 0.015, 0.019, 0.012, 0.016, 0.012
49.700, 0.005, 0.802, 1.000, 1.000, 1.000, 0.000, 0.000, 1.000, 0.000, 0.000, 0.008, 0.016, 0.019, 0.012, 0.016, 0.012
49.720, 0.148, 0.781, 1.000, 1.000, 1.000, 0.000, 0.000, 1.000, 0.000, 0.000, 0.008, 0.016, 0.019, 0.012, 0.016, 0.013
49.740, 0.368, 0.769, 1.000, 1.000, 0.000, 0.222, 0.000, 1.000, 0.000, 0.000, 0.008, 0.015, 0.019, 0.012, 0.016, 0.013
49.760, 0.599, 0.734, 1.000, 1.000, 0.000, 0.358, 0.000, 1.000, 0.000, 0.000, 0.008, 0.015, 0.019, 0.012, 0.017, 0.013
49.780, 0.779, 0.696, 1.000, 0.000, 1.000, 1.000, 0.000, 1.000, 0.000, 1.000, 0.008, 0.015, 0.019, 0.012, 0.017, 0.013
49.800, 0.858, 0.639, 1.000, 0.000, 0.000, 1.000, 0.000, 1.000, 0.000, 1.000, 0.009, 0.015, 0.020, 0.012, 0.017, 0.013
49.820, 0.881, 0.575, 1.000, 0.000, 1.000, 1.000, 0.059, 1.000, 0.000, 1.000, 0.009, 0.015, 0.020, 0.012, 0.017, 0.012
49.840, 0.884, 0.506, 1.000, 0.000, 1.000, 0.000, 1.000, 1.000, 0.000, 1.000, 0.009, 0.016, 0.019, 0.013, 0.017, 0.012
49.860, 0.881, 0.431, 1.000, 0.000, 1.000, 0.000, 1.000, 0.000, 0.000, 1.000, 0.009, 0.015, 0.019, 0.013, 0.017, 0.012
49.880, 0.875, 0.343, 1.000, 0.000, 1.000, 0.000, 1.000, 0.000, 0.000, 1.000, 0.010, 0.015, 0.019, 0.013, 0.016, 0.012
49.900, 0.867, 0.230, 1.000, 0.000, 1.000, 0.000, 1.000, 0.000, 0.055, 1.000, 0.010, 0.015, 0.019, 0.013, 0.016, 0.012
49.920, 0.856, 0.080, 1.000, 0.000, 1.000, 0.000, 1.000, 0.000, 0.184, 1.000, 0.010, 0.015, 0.019, 0.013, 0.016, 0.012
49.940, 0.840, -0.127, 0.000, 0.000, 1.000, 0.000, 1.000, 0.000, 0.034, 0.000, 0.009, 0.014, 0.019, 0.014, 0.016, 0.012
49.960, 0.814, -0.391, 0.000, 0.000, 1.000, 0.000, 1.000, 0.000, 0.000, 0.000, 0.009, 0.014, 0.020, 0.013, 0.016, 0.012
49.980, 0.774, -0.650, 0.000, 0.000, 1.000, 0.000, 1.000, 0.000, 0.000, 0.000, 0.009, 0.014, 0.020, 0.013, 0.016, 0.012
50.000, 0.717, -0.810, 0.000, 0.000, 1.000, 0.000, 1.000, 0.000, 0.000, 0.000, 0.009, 0.014, 0.020, 0.013, 0.016, 0.011
50.020, 0.651, -0.870, 0.000, 0.000, 1.000, 0.000, 1.000, 0.000, 0.000, 0.000, 0.008, 0.014, 0.020, 0.012, 0.015, 0.011
50.040, 0.583, -0.886, 0.000, 0.000, 1.000, 1.000, 1.000, 0.000, 0.000, 0.000, 0.008, 0.014, 0.019, 0.012, 0.015, 0.011
50.060, 0.515, -0.886, 0.000, 0.000, 0.000, 1.000, 1.000, 0.000, 0.000, 0.000, 0.008, 0.015, 0.019, 0.012, 0.015, 0.011
50.080, 0.438, -0.881, 0.000, 0.589, 0.000, 1.000, 1.000, 0.000, 1.000, 0.589, 0.009, 0.015, 0.019, 0.012, 0.015, 0.012
50.100, 0.351, -0.876, 0.000, 0.000, 0.000, 1.000, 1.000, 0.030, 1.000, 0.000, 0.009, 0.015, 0.019, 0.012, 0.016, 0.012
50.120, 0.242, -0.868, 0.000, 0.000, 1.000, 1.000, 1.000, 0.000, 0.000, 0.000, 0.008, 0.015, 0.019, 0.012, 0.016, 0.012
50.140, 0.095, -0.857, 0.000, 0.000, 1.000, 0.000, 1.000, 0.000, 0.000, 0.000, 0.008, 0.015, 0.019, 0.012, 0.016, 0.012
50.160, -0.106, -0.842, 0.000, 0.000, 1.000, 0.000, 1.000, 0.000, 0.000, 0.000, 0.008, 0.014, 0.019, 0.012, 0.017, 0.012
50.180, -0.367, -0.817, 0.000, 0.000, 1.000, 1.000, 1.000, 0.000, 0.000, 0.000, 0.008, 0.014, 0.019, 0.012, 0.017, 0.011
50.200, -0.630, -0.778, 0.000, 0.000, 1.000, 1.000, 1.000, 0.000, 0.000, 0.000, 0.008, 0.014, 0.019, 0.012, 0.017, 0.011
50.220, -0.801, -0.723, 0.000, 0.000, 1.000, 1.000, 1.000, 0.000, 0.000, 0.000, 0.008, 0.014, 0.019, 0.012, 0.017, 0.012
50.240, -0.868, -0.657, 0.000, 0.000, 0.000, 1.000, 1.000, 0.000, 0.000, 0.000, 0.008, 0.015, 0.019, 0.012, 0.017, 0.012
50.260, -0.885, -0.590, 0.000, 0.000, 0.000, 1.000, 0.436, 1.000, 0.000, 0.000, 0.008, 0.015, 0.018, 0.012, 0.016, 0.013
50.280, -0.886, -0.521, 0.000, 0.129, 0.000, 1.000, 0.000, 1.000, 0.000, 0.129, 0.008, 0.015, 0.018, 0.013, 0.016, 0.013
50.300, -0.883, -0.442, 0.000, 1.000, 0.000, 1.000, 1.000, 1.000, 0.000, 1.000, 0.009, 0.015, 0.018, 0.012, 0.016, 0.013
50.320, -0.876, -0.356, 0.000, 0.000, 0.000, 1.000, 1.000, 0.000, 0.000, 0.000, 0.009, 0.016, 0.018, 0.012, 0.016, 0.013
50.340, -0.869, -0.240, 0.000, 1.000, 0.000, 1.000, 0.000, 1.000, 0.000, 1.000, 0.009, 0.016, 0.018, 0.013, 0.016, 0.013
50.360, -0.859, -0.088, 0.000, 1.000, 0.000, 1.000, 0.000, 1.000, 0.000, 1.000, 0.009, 0.016, 0.018, 0.013, 0.016, 0.013
50.380, -0.843, 0.119, 1.000, 1.000, 0.000, 1.000, 0.000, 1.000, 1.000, 0.000, 0.009, 0.016, 0.018, 0.013, 0.016, 0.013
50.400, -0.820, 0.380, 1.000, 1.000, 0.000, 1.000, 0.000, 1.000, 1.000, 0.000, 0.009, 0.016, 0.018, 0.013, 0.016, 0.012
50.420, -0.782, 0.637, 1.000, 1.000, 0.000, 0.000, 0.000, 1.000, 0.752, 0.000, 0.008, 0.015, 0.019, 0.013, 0.016, 0.012
50.440, -0.734, 0.794, 1.000, 1.000, 0.000, 0.630, 0.000, 1.000, 1.000, 0.000, 0.008, 0.015, 0.019, 0.013, 0.015, 0.012
50.460, -0.678, 0.858, 1.000, 1.000, 0.000, 1.000, 0.000, 1.000, 1.000, 0.000, 0.008, 0.015, 0.018, 0.014, 0.015, 0.012
50.480, -0.621, 0.878, 1.000, 1.000, 0.000, 0.906, 0.000, 1.000, 0.812, 0.000, 0.008, 0.015, 0.018, 0.014, 0.015, 0.012
50.500, -0.562, 0.882, 1.000, 1.000, 0.000, 0.000, 0.000, 1.000, 0.000, 0.000, 0.008, 0.015, 0.019, 0.014, 0.015, 0.012
50.520, -0.502, 0.880, 1.000, 1.000, 0.039, 0.000, 0.000, 0.172, 0.000, 0.000, 0.008, 0.015, 0.019, 0.014, 0.016, 0.013
50.540, -0.437, 0.876, 1.000, 1.000, 0.000, 0.000, 0.000, 1.000, 0.000, 0.000, 0.008, 0.014, 0.019, 0.014, 0.016, 0.013
50.560, -0.363, 0.870, 1.000, 1.000, 1.000, 0.000, 0.000, 1.000, 0.000, 0.000, 0.008, 0.015, 0.019, 0.014, 0.015, 0.013
50.580, -0.278, 0.861, 1.000, 1.000, 1.000, 0.000, 0.000, 1.000, 1.000, 0.000, 0.008, 0.015, 0.019, 0.014, 0.015, 0.013
50.600, -0.192, 0.845, 1.000, 1.000, 1.000, 0.000, 0.000, 1.000, 1.000, 0.000, 0.008, 0.016, 0.019, 0.014, 0.015, 0.012
50.620, -0.093, 0.827, 1.000, 1.000, 1.000, 0.000, 0.000, 1.000, 1.000, 0.000, 0.008, 0.016, 0.019, 0.013, 0.015, 0.012
50.640, 0.017, 0.802, 1.000, 1.000, 1.000, 0.000, 0.055, 1.000, 1.000, 0.000, 0.008, 0.016, 0.020, 0.013, 0.015, 0.012
50.660, 0.161, 0.779, 1.000, 1.000, 1.000, 0.114, 0.000, 1.000, 1.000, 0.000, 0.008, 0.016, 0.020, 0.013, 0.016, 0.013
50.680, 0.376, 0.763, 1.000, 1.000, 0.000, 0.131, 0.000, 1.000, 0.000, 0.000, 0.008, 0.015, 0.020, 0.013, 0.016, 0.012
50.700, 0.629, 0.745, 1.000, 0.000, 0.003, 0.212, 0.000, 1.000, 0.000, 1.000, 0.009, 0.015, 0.019, 0.013, 0.016, 0.012
50.720, 0.771, 0.660, 1.000, 1.000, 0.000, 0.004, 0.000, 1.000, 0.000, 0.000, 0.008, 0.015, 0.019, 0.013, 0.016, 0.012
50.740, 0.852, 0.610, 1.000, 0.000, 1.000, 1.000, 0.000, 1.000, 0.000, 1.000, 0.009, 0.015, 0.019, 0.013, 0.017, 0.012
50.760, 0.877, 0.548, 1.000, 0.000, 1.000, 1.000, 0.000, 1.000, 0.000, 1.000, 0.009, 0.015, 0.019, 0.013, 0.017, 0.012
50.780, 0.881, 0.479, 1.000, 0.000, 1.000, 1.000, 0.026, 1.000, 0.000, 1.000, 0.009, 0.015, 0.020, 0.013, 0.017, 0.012
50.800, 0.878, 0.400, 1.000, 0.000, 1.000, 0.000, 0.036, 1.000, 0.000, 1.000, 0.009, 0.015, 0.019, 0.012, 0.017, 0.012
50.820, 0.872, 0.304, 1.000, 0.000, 1.000, 0.000, 1.000, 0.150, 0.000, 1.000, 0.010, 0.014, 0.019, 0.013, 0.016, 0.012
50.840, 0.863, 0.179, 1.000, 0.000, 1.000, 0.000, 1.000, 0.000, 0.000, 1.000, 0.010, 0.014, 0.019, 0.013, 0.016, 0.012
50.860, 0.851, 0.009, 1.000, 0.000, 1.000, 0.000, 1.000, 0.000, 0.000, 1.000, 0.010, 0.014, 0.018, 0.014, 0.016, 0.012
50.880, 0.832, -0.222, 0.000, 0.000, 1.000, 1.000, 1.000, 0.000, 0.000, 0.000, 0.009, 0.014, 0.019, 0.014, 0.016, 0.012
50.900, 0.801, -0.495, 0.000, 0.092, 0.000, 1.000, 1.000, 0.000, 0.205, 0.092, 0.009, 0.015, 0.019, 0.014, 0.015, 0.012
50.920, 0.754, -0.725, 0.000, 0.000, 0.000, 1.000, 1.000, 0.112, 0.000, 0.000, 0.009, 0.015, 0.019, 0.014, 0.015, 0.012
50.940, 0.693, -0.841, 0.000, 0.000, 0.000, 0.000, 1.000, 0.000, 0.000, 0.000, 0.009, 0.015, 0.019, 0.014, 0.015, 0.012
50.960, 0.626, -0.879, 0.000, 0.000, 1.000, 0.000, 1.000, 0.000, 0.000, 0.000, 0.009, 0.015, 0.019, 0.013, 0.015, 0.011
50.980, 0.558, -0.887, 0.000, 0.000, 1.000, 0.000, 1.000, 0.000, 0.000, 0.000, 0.009, 0.015, 0.018, 0.013, 0.015, 0.011
51.000, 0.487, -0.885, 0.000, 0.000, 1.000, 0.000, 1.000, 0.000, 0.000, 0.000, 0.008, 0.015, 0.018, 0.013, 0.016, 0.011
51.020, 0.409, -0.880, 0.000, 0.000, 1.000, 0.000, 1.000, 0.000, 0.000, 0.000, 0.008, 0.014, 0.018, 0.013, 0.016, 0.011
51.040, 0.315, -0.873, 0.000, 0.000, 1.000, 0.000, 1.000, 0.000, 0.000, 0.000, 0.008, 0.014, 0.018, 0.013, 0.016, 0.011
51.060, 0.195, -0.864, 0.000, 0.000, 1.000, 0.000, 1.000, 0.000, 0.000, 0.000, 0.008, 0.014, 0.018, 0.013, 0.017, 0.011
51.080, 0.030, -0.852, 0.000, 0.000, 1.000, 0.000, 1.000, 0.000, 0.000, 0.000, 0.008, 0.014, 0.019, 0.013, 0.017, 0.011
51.100, -0.194, -0.834, 0.000, 0.000, 1.000, 0.000, 1.000, 0.000, 0.000, 0.000, 0.008, 0.014, 0.019, 0.013, 0.017, 0.011
51.120, -0.466, -0.805, 0.000, 0.000, 1.000, 0.000, 1.000, 0.000, 0.000, 0.000, 0.008, 0.014, 0.019, 0.012, 0.017, 0.012
51.140, -0.705, -0.760, 0.000, 0.000, 1.000, 1.000, 1.000, 1.000, 0.143, 0.000, 0.008, 0.014, 0.019, 0.012, 0.016, 0.012
51.160, -0.834, -0.700, 0.000, 0.007, 0.000, 1.000, 0.000, 1.000, 1.000, 0.007, 0.008, 0.015, 0.018, 0.013, 0.016, 0.012
51.180, -0.877, -0.633, 0.000, 0.000, 0.000, 1.000, 1.000, 0.339, 0.000, 0.000, 0.008, 0.015, 0.018, 0.013, 0.016, 0.012
51.200, -0.886, -0.565, 0.000, 0.000, 1.000, 1.000, 1.000, 0.000, 0.000, 0.000, 0.008, 0.015, 0.018, 0.013, 0.016, 0.012
51.220, -0.885, -0.495, 0.000, 0.000, 1.000, 0.000, 1.000, 1.000, 0.000, 0.000, 0.008, 0.014, 0.019, 0.013, 0.016, 0.013
51.240, -0.881, -0.418, 0.000, 0.000, 1.000, 0.000, 0.000, 1.000, 0.000, 0.000, 0.008, 0.014, 0.019, 0.013, 0.016, 0.013
51.260, -0.874, -0.327, 0.000, 0.000, 1.000, 0.000, 0.487, 1.000, 0.063, 0.000, 0.008, 0.014, 0.019, 0.013, 0.016, 0.013
51.280, -0.866, -0.210, 0.000, 0.000, 1.000, 0.000, 1.000, 1.000, 1.000, 0.000, 0.008, 0.014, 0.019, 0.013, 0.016, 0.012
51.300, -0.854, -0.051, 0.000, 0.000, 1.000, 0.000, 1.000, 1.000, 1.000, 0.000, 0.008, 0.014, 0.019, 0.013, 0.015, 0.012
51.320, -0.837, 0.166, 1.000, 0.000, 0.000, 0.000, 0.000, 1.000, 0.984, 1.000, 0.009, 0.015, 0.019, 0.013, 0.015, 0.012
51.340, -0.811, 0.434, 1.000, 1.000, 0.000, 1.000, 0.000, 1.000, 1.000, 0.000, 0.008, 0.015, 0.019, 0.013, 0.015, 0.012
51.360, -0.772, 0.676, 1.000, 1.000, 0.000, 0.693, 0.000, 1.000, 1.000, 0.000, 0.008, 0.015, 0.019, 0.014, 0.015, 0.012
51.380, -0.717, 0.818, 1.000, 1.000, 0.000, 0.000, 0.000, 0.553, 0.929, 0.000, 0.008, 0.015, 0.019, 0.014, 0.015, 0.012
51.400, -0.654, 0.870, 1.000, 1.000, 0.000, 0.000, 0.000, 0.000, 1.000, 0.000, 0.008, 0.015, 0.019, 0.014, 0.016, 0.011
51.420, -0.592, 0.883, 1.000, 1.000, 0.098, 0.000, 0.000, 1.000, 1.000, 0.000, 0.008, 0.015, 0.019, 0.014, 0.016, 0.011
51.440, -0.528, 0.884, 1.000, 1.000, 0.000, 0.000, 0.000, 1.000, 0.000, 0.000, 0.008, 0.016, 0.020, 0.014, 0.015, 0.012
51.460, -0.462, 0.880, 1.000, 1.000, 0.000, 0.000, 0.000, 1.000, 0.632, 0.000, 0.008, 0.016, 0.020, 0.014, 0.015, 0.012
51.480, -0.385, 0.875, 1.000, 1.000, 1.000, 0.000, 0.000, 1.000, 0.691, 0.000, 0.008, 0.015, 0.020, 0.014, 0.015, 0.012
51.500, -0.326, 0.858, 1.000, 1.000, 1.000, 0.021, 0.000, 1.000, 1.000, 0.000, 0.008, 0.015, 0.020, 0.014, 0.015, 0.012
51.520, -0.229, 0.855, 1.000, 1.000, 1.000, 0.001, 0.000, 1.000, 1.000, 0.000, 0.008, 0.016, 0.020, 0.014, 0.015, 0.012
51.540, -0.109, 0.844, 1.000, 1.000, 1.000, 0.000, 0.000, 1.000, 0.000, 0.000, 0.008, 0.016, 0.020, 0.014, 0.016, 0.012
51.560, 0.039, 0.824, 1.000, 1.000, 1.000, 0.000, 0.000, 1.000, 0.000, 0.000, 0.008, 0.016, 0.020, 0.013, 0.016, 0.012
51.580, 0.252, 0.806, 1.000, 1.000, 1.000, 0.000, 0.000, 1.000, 0.000, 0.000, 0.008, 0.016, 0.019, 0.013, 0.016, 0.012
51.600, 0.522, 0.785, 1.000, 0.000, 1.000, 0.000, 0.000, 1.000, 0.000, 1.000, 0.008, 0.016, 0.019, 0.013, 0.016, 0.012
51.620, 0.740, 0.741, 1.000, 0.000, 1.000, 0.000, 0.000, 1.000, 0.000, 1.000, 0.009, 0.016, 0.019, 0.013, 0.016, 0.011
51.640, 0.846, 0.681, 1.000, 0.000, 1.000, 0.000, 0.000, 1.000, 0.000, 1.000, 0.009, 0.016, 0.019, 0.013, 0.017, 0.011
51.660, 0.880, 0.614, 1.000, 0.000, 1.000, 0.000, 0.032, 1.000, 0.000, 1.000, 0.009, 0.016, 0.019, 0.013, 0.017, 0.011
51.680, 0.886, 0.547, 1.000, 0.029, 1.000, 0.000, 0.000, 1.000, 0.000, 0.971, 0.009, 0.016, 0.018, 0.013, 0.017, 0.011
51.700, 0.884, 0.475, 1.000, 0.509, 0.188, 0.000, 0.000, 1.000, 0.000, 0.491, 0.009, 0.016, 0.018, 0.013, 0.017, 0.011
51.720, 0.879, 0.394, 1.000, 0.100, 0.000, 1.000, 0.534, 0.000, 0.000, 0.900, 0.009, 0.015, 0.019, 0.013, 0.016, 0.011
51.740, 0.872, 0.296, 1.000, 0.358, 0.000, 1.000, 0.065, 0.000, 1.000, 0.642, 0.009, 0.015, 0.019, 0.013, 0.016, 0.012
51.760, 0.863, 0.169, 1.000, 0.000, 0.000, 1.000, 1.000, 0.000, 1.000, 1.000, 0.009, 0.015, 0.019, 0.013, 0.016, 0.012
51.780, 0.850, -0.005, 0.000, 0.000, 0.000, 1.000, 1.000, 0.000, 0.000, 0.000, 0.009, 0.016, 0.020, 0.014, 0.016, 0.012
51.800, 0.830, -0.241, 0.000, 0.000, 0.000, 1.000, 1.000, 0.000, 0.000, 0.000, 0.009, 0.016, 0.020, 0.014, 0.015, 0.012
51.820, 0.799, -0.515, 0.000, 0.000, 0.000, 1.000, 1.000, 0.000, 0.000, 0.000, 0.009, 0.016, 0.020, 0.014, 0.015, 0.011
51.840, 0.750, -0.737, 0.000, 0.000, 1.000, 0.000, 1.000, 0.000, 0.000, 0.000, 0.008, 0.016, 0.019, 0.014, 0.015, 0.011
51.860, 0.688, -0.846, 0.000, 0.000, 1.000, 0.000, 1.000, 0.000, 0.000, 0.000, 0.008, 0.015, 0.020, 0.014, 0.016, 0.011
51.880, 0.621, -0.880, 0.000, 0.000, 1.000, 0.000, 1.000, 0.000, 0.000, 0.000, 0.008, 0.015, 0.020, 0.013, 0.016, 0.011
51.900, 0.553, -0.887, 0.000, 0.000, 1.000, 0.000, 1.000, 0.000, 0.000, 0.000, 0.008, 0.015, 0.020, 0.013, 0.016, 0.011
51.920, 0.482, -0.885, 0.000, 0.000, 1.000, 0.000, 1.000, 0.000, 0.000, 0.000, 0.008, 0.015, 0.020, 0.013, 0.017, 0.011
51.940, 0.354, -0.864, 0.000, 1.000, 0.000, 0.000, 0.000, 0.186, 0.403, 1.000, 0.009, 0.015, 0.020, 0.014, 0.017, 0.011
51.960, 0.224, -0.857, 0.000, 1.000, 0.000, 0.000, 0.000, 0.271, 0.437, 1.000, 0.009, 0.016, 0.020, 0.014, 0.017, 0.011
51.980, 0.064, -0.849, 0.000, 1.000, 0.000, 0.000, 0.000, 0.161, 0.221, 1.000, 0.009, 0.016, 0.020, 0.014, 0.017, 0.011
52.000, -0.146, -0.836, 0.000, 0.000, 0.000, 0.000, 1.000, 0.000, 0.000, 0.000, 0.009, 0.016, 0.020, 0.014, 0.017, 0.012
52.020, -0.413, -0.811, 0.000, 0.000, 1.000, 0.000, 1.000, 0.000, 0.000, 0.000, 0.009, 0.016, 0.020, 0.013, 0.017, 0.012
52.040, -0.667, -0.770, 0.000, 0.000, 0.000, 1.000, 1.000, 0.000, 0.000, 0.000, 0.009, 0.016, 0.020, 0.013, 0.017, 0.012
52.060, -0.817, -0.712, 0.000, 0.000, 0.000, 1.000, 0.203, 1.000, 1.000, 0.000, 0.009, 0.016, 0.019, 0.014, 0.016, 0.012
52.080, -0.873, -0.645, 0.000, 0.332, 0.259, 0.000, 0.000, 1.000, 0.000, 0.332, 0.009, 0.016, 0.020, 0.014, 0.016, 0.012
52.100, -0.886, -0.577, 0.000, 0.000, 0.000, 1.000, 0.123, 1.000, 0.000, 0.000, 0.009, 0.016, 0.019, 0.014, 0.016, 0.012
52.120, -0.886, -0.508, 0.000, 0.000, 1.000, 1.000, 0.033, 1.000, 0.000, 0.000, 0.008, 0.016, 0.019, 0.014, 0.016, 0.013
52.140, -0.882, -0.430, 0.000, 1.000, 1.000, 0.000, 0.000, 1.000, 0.000, 1.000, 0.009, 0.016, 0.020, 0.014, 0.016, 0.013
52.160, -0.876, -0.338, 0.000, 1.000, 0.000, 0.000, 0.000, 1.000, 0.000, 1.000, 0.009, 0.016, 0.020, 0.015, 0.016, 0.013
52.180, -0.867, -0.225, 0.000, 0.000, 0.000, 1.000, 0.000, 1.000, 0.000, 0.000, 0.009, 0.016, 0.019, 0.015, 0.015, 0.013
52.200, -0.859, -0.059, 0.000, 1.000, 0.000, 0.000, 0.000, 1.000, 1.000, 1.000, 0.009, 0.016, 0.020, 0.015, 0.015, 0.012
52.220, -0.846, 0.161, 1.000, 1.000, 0.000, 0.000, 0.000, 1.000, 1.000, 0.000, 0.009, 0.016, 0.020, 0.015, 0.015, 0.012
52.240, -0.820, 0.424, 1.000, 1.000, 0.000, 0.000, 0.000, 1.000, 1.000, 0.000, 0.009, 0.017, 0.020, 0.015, 0.015, 0.012
52.260, -0.783, 0.663, 1.000, 1.000, 0.000, 0.000, 0.000, 1.000, 0.000, 0.000, 0.009, 0.017, 0.020, 0.015, 0.015, 0.012
52.280, -0.732, 0.805, 1.000, 1.000, 0.000, 0.000, 0.000, 1.000, 0.000, 0.000, 0.009, 0.017, 0.020, 0.015, 0.015, 0.013
52.300, -0.681, 0.858, 1.000, 1.000, 0.000, 0.000, 0.000, 1.000, 0.000, 0.000, 0.009, 0.017, 0.020, 0.015, 0.015, 0.013
52.320, -0.630, 0.874, 1.000, 1.000, 0.000, 0.000, 0.000, 1.000, 0.000, 0.000, 0.008, 0.016, 0.020, 0.015, 0.015, 0.013
52.340, -0.595, 0.871, 1.000, 1.000, 0.000, 0.106, 0.000, 1.000, 0.000, 0.000, 0.008, 0.016, 0.020, 0.015, 0.015, 0.013
52.360, -0.573, 0.863, 1.000, 1.000, 0.000, 0.000, 0.000, 1.000, 0.597, 0.000, 0.008, 0.016, 0.020, 0.015, 0.015, 0.013
52.380, -0.539, 0.866, 1.000, 1.000, 0.000, 0.000, 0.000, 1.000, 1.000, 0.000, 0.008, 0.016, 0.021, 0.015, 0.015, 0.012
52.400, -0.497, 0.868, 1.000, 1.000, 0.000, 0.000, 0.000, 0.000, 1.000, 0.000, 0.008, 0.015, 0.021, 0.015, 0.016, 0.012
52.420, -0.450, 0.866, 1.000, 1.000, 0.000, 0.000, 0.000, 0.000, 1.000, 0.000, 0.008, 0.015, 0.021, 0.014, 0.016, 0.012
52.440, -0.413, 0.857, 1.000, 1.000, 0.000, 0.373, 0.000, 1.000, 1.000, 0.000, 0.008, 0.015, 0.020, 0.014, 0.016, 0.012
52.460, -0.345, 0.860, 1.000, 1.000, 0.000, 1.000, 0.000, 1.000, 1.000, 0.000, 0.008, 0.015, 0.020, 0.014, 0.015, 0.012
52.480, -0.250, 0.859, 1.000, 1.000, 1.000, 1.000, 0.000, 1.000, 1.000, 0.000, 0.008, 0.016, 0.020, 0.014, 0.015, 0.013
52.500, -0.109, 0.854, 1.000, 0.000, 1.000, 0.000, 0.000, 1.000, 0.000, 1.000, 0.009, 0.016, 0.020, 0.014, 0.015, 0.012
52.520, 0.086, 0.842, 1.000, 0.000, 1.000, 0.000, 0.000, 1.000, 0.000, 1.000, 0.009, 0.016, 0.020, 0.014, 0.015, 0.012
52.540, 0.342, 0.819, 1.000, 0.000, 1.000, 0.000, 0.000, 1.000, 0.000, 1.000, 0.009, 0.017, 0.019, 0.014, 0.015, 0.012
52.560, 0.610, 0.782, 1.000, 0.000, 1.000, 0.000, 0.109, 1.000, 0.000, 1.000, 0.010, 0.017, 0.019, 0.014, 0.015, 0.012
52.580, 0.790, 0.728, 1.000, 0.000, 1.000, 0.000, 0.000, 1.000, 0.000, 1.000, 0.010, 0.017, 0.019, 0.014, 0.015, 0.012
52.600, 0.864, 0.663, 1.000, 0.000, 0.000, 1.000, 0.195, 1.000, 0.000, 1.000, 0.010, 0.016, 0.020, 0.014, 0.015, 0.012
52.620, 0.881, 0.567, 1.000, 1.000, 0.000, 1.000, 0.057, 1.000, 0.000, 0.000, 0.009, 0.016, 0.020, 0.014, 0.015, 0.012
52.640, 0.884, 0.499, 1.000, 0.000, 0.000, 1.000, 1.000, 0.000, 0.000, 1.000, 0.010, 0.016, 0.020, 0.014, 0.015, 0.012
52.660, 0.880, 0.423, 1.000, 0.000, 0.000, 1.000, 1.000, 0.000, 0.000, 1.000, 0.010, 0.017, 0.020, 0.015, 0.016, 0.012
52.680, 0.874, 0.332, 1.000, 0.000, 0.000, 1.000, 1.000, 0.000, 0.121, 1.000, 0.010, 0.017, 0.021, 0.015, 0.016, 0.012
52.700, 0.866, 0.217, 1.000, 0.000, 0.000, 1.000, 1.000, 0.000, 0.000, 1.000, 0.010, 0.017, 0.021, 0.015, 0.016, 0.012
52.720, 0.855, 0.061, 1.000, 0.000, 0.000, 0.000, 1.000, 0.000, 0.000, 1.000, 0.010, 0.017, 0.021, 0.015, 0.016, 0.012
52.740, 0.838, -0.153, 0.000, 0.000, 1.000, 0.000, 1.000, 0.000, 0.000, 0.000, 0.010, 0.016, 0.021, 0.015, 0.016, 0.012
52.760, 0.811, -0.421, 0.000, 0.000, 1.000, 0.000, 1.000, 0.000, 0.000, 0.000, 0.009, 0.016, 0.021, 0.014, 0.016, 0.011
52.780, 0.769, -0.673, 0.000, 0.000, 1.000, 0.000, 1.000, 0.029, 0.000, 0.000, 0.009, 0.016, 0.021, 0.014, 0.016, 0.011
52.800, 0.710, -0.820, 0.000, 0.000, 1.000, 0.000, 1.000, 0.059, 0.000, 0.000, 0.009, 0.016, 0.021, 0.014, 0.016, 0.011
52.820, 0.644, -0.873, 0.000, 0.000, 1.000, 0.000, 1.000, 0.000, 0.000, 0.000, 0.009, 0.016, 0.021, 0.014, 0.016, 0.011
52.840, 0.576, -0.886, 0.000, 0.000, 1.000, 0.000, 1.000, 0.000, 0.000, 0.000, 0.009, 0.016, 0.021, 0.014, 0.017, 0.011
52.860, 0.507, -0.886, 0.000, 0.000, 1.000, 1.000, 1.000, 0.000, 0.000, 0.000, 0.009, 0.016, 0.020, 0.014, 0.016, 0.011
52.880, 0.432, -0.881, 0.000, 0.000, 0.000, 1.000, 1.000, 0.000, 0.000, 0.000, 0.009, 0.016, 0.020, 0.014, 0.016, 0.011
52.900, 0.343, -0.875, 0.000, 0.000, 0.000, 1.000, 1.000, 0.000, 0.000, 0.000, 0.009, 0.016, 0.020, 0.014, 0.015, 0.012
52.920, 0.231, -0.867, 0.000, 0.000, 0.000, 1.000, 1.000, 0.000, 0.000, 0.000, 0.009, 0.017, 0.020, 0.014, 0.015, 0.012
52.940, 0.080, -0.856, 0.000, 0.000, 0.000, 1.000, 1.000, 0.000, 1.000, 0.000, 0.009, 0.017, 0.020, 0.014, 0.015, 0.012
52.960, -0.128, -0.840, 0.000, 0.366, 0.009, 0.000, 0.000, 0.000, 1.000, 0.366, 0.009, 0.017, 0.020, 0.014, 0.015, 0.012
52.980, -0.392, -0.814, 0.000, 0.000, 1.000, 1.000, 1.000, 0.000, 0.000, 0.000, 0.009, 0.016, 0.020, 0.014, 0.015, 0.012
53.000, -0.651, -0.774, 0.000, 0.000, 1.000, 0.000, 1.000, 0.000, 0.000, 0.000, 0.009, 0.016, 0.020, 0.014, 0.015, 0.012
53.020, -0.810, -0.717, 0.000, 0.000, 1.000, 0.000, 1.000, 1.000, 0.000, 0.000, 0.009, 0.016, 0.020, 0.014, 0.016, 0.013
53.040, -0.871, -0.651, 0.000, 0.000, 1.000, 0.000, 0.000, 1.000, 0.000, 0.000, 0.009, 0.016, 0.021, 0.014, 0.016, 0.013
53.060, -0.886, -0.583, 0.000, 0.000, 1.000, 0.000, 0.000, 1.000, 0.000, 0.000, 0.009, 0.016, 0.021, 0.014, 0.016, 0.013
53.080, -0.886, -0.514, 0.000, 0.287, 1.000, 0.253, 0.000, 0.588, 0.000, 0.287, 0.009, 0.016, 0.021, 0.015, 0.016, 0.013
53.100, -0.884, -0.416, 0.000, 1.000, 1.000, 0.000, 1.000, 0.000, 0.000, 1.000, 0.009, 0.015, 0.021, 0.014, 0.016, 0.013
53.120, -0.878, -0.297, 0.000, 1.000, 0.000, 0.000, 1.000, 0.000, 0.525, 1.000, 0.010, 0.016, 0.021, 0.014, 0.015, 0.013
53.140, -0.865, -0.169, 0.000, 0.000, 0.000, 1.000, 1.000, 0.000, 1.000, 0.000, 0.009, 0.016, 0.020, 0.014, 0.015, 0.012
53.160, -0.851, 0.006, 1.000, 0.000, 0.000, 0.000, 0.000, 0.000, 0.000, 1.000, 0.010, 0.017, 0.021, 0.014, 0.015, 0.013
53.180, -0.830, 0.241, 1.000, 0.000, 0.000, 0.000, 1.000, 0.000, 0.000, 1.000, 0.010, 0.017, 0.021, 0.014, 0.015, 0.013
53.200, -0.799, 0.515, 1.000, 0.900, 0.000, 0.000, 0.000, 0.000, 1.000, 0.100, 0.010, 0.017, 0.021, 0.014, 0.015, 0.013
53.220, -0.758, 0.728, 1.000, 1.000, 0.493, 0.000, 0.000, 0.034, 1.000, 0.000, 0.009, 0.017, 0.021, 0.015, 0.016, 0.012
53.240, -0.702, 0.837, 1.000, 1.000, 0.145, 0.000, 0.000, 0.000, 1.000, 0.000, 0.009, 0.017, 0.021, 0.015, 0.016, 0.012
53.260, -0.639, 0.875, 1.000, 1.000, 1.000, 0.000, 0.000, 0.000, 1.000, 0.000, 0.009, 0.016, 0.021, 0.015, 0.016, 0.012
53.280, -0.609, 0.869, 1.000, 1.000, 0.000, 0.000, 0.000, 1.000, 1.000, 0.000, 0.009, 0.017, 0.021, 0.015, 0.016, 0.012
53.300, -0.576, 0.868, 1.000, 1.000, 0.000, 0.000, 0.000, 1.000, 0.000, 0.000, 0.009, 0.017, 0.021, 0.015, 0.015, 0.012
53.320, -0.518, 0.877, 1.000, 1.000, 0.000, 0.000, 0.000, 0.000, 1.000, 0.000, 0.009, 0.017, 0.021, 0.015, 0.016, 0.012
53.340, -0.455, 0.876, 1.000, 1.000, 0.000, 0.000, 0.000, 0.000, 1.000, 0.000, 0.009, 0.017, 0.021, 0.015, 0.016, 0.013
53.360, -0.391, 0.869, 1.000, 1.000, 1.000, 0.000, 0.000, 0.000, 1.000, 0.000, 0.009, 0.017, 0.020, 0.015, 0.016, 0.013
53.380, -0.309, 0.864, 1.000, 1.000, 1.000, 0.000, 0.000, 0.000, 1.000, 0.000, 0.009, 0.017, 0.020, 0.015, 0.016, 0.013
53.400, -0.203, 0.857, 1.000, 1.000, 0.000, 0.000, 0.000, 0.000, 1.000, 0.000, 0.009, 0.016, 0.020, 0.015, 0.016, 0.013
53.420, -0.099, 0.835, 1.000, 1.000, 0.000, 0.000, 0.000, 0.000, 1.000, 0.000, 0.009, 0.016, 0.020, 0.015, 0.017, 0.013
53.440, 0.002, 0.803, 1.000, 1.000, 0.000, 1.000, 0.000, 0.000, 1.000, 0.000, 0.009, 0.016, 0.020, 0.014, 0.017, 0.013
53.460, 0.205, 0.803, 1.000, 1.000, 0.000, 1.000, 0.293, 0.000, 1.000, 0.000, 0.009, 0.016, 0.021, 0.014, 0.017, 0.013
53.480, 0.472, 0.788, 1.000, 0.000, 0.000, 1.000, 0.616, 0.000, 0.000, 1.000, 0.009, 0.016, 0.021, 0.015, 0.017, 0.013
53.500, 0.707, 0.749, 1.000, 0.000, 0.000, 1.000, 0.025, 0.000, 0.000, 1.000, 0.010, 0.016, 0.021, 0.014, 0.017, 0.013
53.520, 0.834, 0.692, 1.000, 0.000, 1.000, 1.000, 0.000, 0.000, 0.000, 1.000, 0.010, 0.016, 0.021, 0.014, 0.017, 0.012
53.540, 0.877, 0.626, 1.000, 0.000, 1.000, 0.000, 0.000, 0.000, 0.000, 1.000, 0.010, 0.017, 0.021, 0.014, 0.017, 0.012
53.560, 0.886, 0.558, 1.000, 0.235, 1.000, 0.000, 0.000, 1.000, 0.000, 0.765, 0.010, 0.017, 0.020, 0.014, 0.016, 0.012
53.580, 0.885, 0.488, 1.000, 0.000, 1.000, 0.237, 1.000, 0.000, 0.000, 1.000, 0.010, 0.017, 0.020, 0.015, 0.017, 0.012
53.600, 0.880, 0.410, 1.000, 0.000, 1.000, 0.646, 1.000, 0.000, 0.000, 1.000, 0.010, 0.017, 0.020, 0.015, 0.017, 0.012
53.620, 0.873, 0.316, 1.000, 0.000, 1.000, 0.000, 1.000, 0.000, 0.000, 1.000, 0.010, 0.017, 0.020, 0.015, 0.017, 0.012
53.640, 0.865, 0.196, 1.000, 0.000, 1.000, 0.000, 1.000, 0.090, 0.000, 1.000, 0.010, 0.017, 0.020, 0.015, 0.017, 0.012
53.660, 0.853, 0.032, 1.000, 0.000, 1.000, 0.000, 1.000, 0.000, 0.000, 1.000, 0.011, 0.017, 0.020, 0.015, 0.017, 0.012
53.680, 0.834, -0.191, 0.000, 0.000, 1.000, 0.000, 1.000, 0.000, 0.000, 0.000, 0.010, 0.017, 0.020, 0.015, 0.017, 0.012
53.700, 0.806, -0.463, 0.000, 0.000, 1.000, 0.000, 1.000, 0.000, 0.000, 0.000, 0.010, 0.016, 0.021, 0.016, 0.017, 0.012
53.720, 0.761, -0.703, 0.000, 0.000, 1.000, 0.000, 1.000, 0.000, 0.000, 0.000, 0.010, 0.016, 0.021, 0.016, 0.016, 0.013
53.740, 0.701, -0.833, 0.000, 0.000, 0.000, 1.000, 1.000, 0.000, 0.000, 0.000, 0.009, 0.017, 0.020, 0.015, 0.016, 0.013
53.760, 0.634, -0.877, 0.000, 0.000, 0.000, 1.000, 1.000, 0.000, 0.000, 0.000, 0.009, 0.017, 0.020, 0.015, 0.016, 0.013
53.780, 0.566, -0.886, 0.000, 0.020, 0.000, 1.000, 1.000, 0.000, 1.000, 0.020, 0.009, 0.017, 0.020, 0.015, 0.016, 0.013
53.800, 0.496, -0.885, 0.000, 0.002, 0.000, 1.000, 1.000, 1.000, 0.000, 0.002, 0.009, 0.017, 0.020, 0.014, 0.016, 0.013
53.820, 0.419, -0.881, 0.000, 0.000, 0.000, 1.000, 1.000, 1.000, 0.000, 0.000, 0.009, 0.017, 0.020, 0.014, 0.017, 0.013
53.840, 0.328, -0.874, 0.000, 0.000, 0.000, 1.000, 0.147, 1.000, 0.000, 0.000, 0.009, 0.018, 0.020, 0.015, 0.017, 0.013
53.860, 0.211, -0.866, 0.000, 0.000, 0.000, 1.000, 0.018, 1.000, 0.000, 0.000, 0.009, 0.018, 0.020, 0.015, 0.017, 0.014
53.880, 0.053, -0.854, 0.000, 0.000, 1.000, 1.000, 0.000, 1.000, 0.000, 0.000, 0.009, 0.017, 0.019, 0.015, 0.017, 0.014
53.900, -0.164, -0.837, 0.000, 0.000, 1.000, 0.000, 1.000, 0.512, 0.000, 0.000, 0.009, 0.017, 0.020, 0.015, 0.017, 0.014
53.920, -0.433, -0.810, 0.000, 0.000, 1.000, 0.000, 1.000, 0.000, 0.000, 0.000, 0.009, 0.017, 0.020, 0.015, 0.017, 0.014
53.940, -0.694, -0.757, 0.000, 1.000, 1.000, 0.000, 1.000, 0.000, 0.000, 1.000, 0.010, 0.016, 0.021, 0.014, 0.016, 0.014
53.960, -0.828, -0.699, 0.000, 0.000, 0.000, 0.000, 0.000, 0.235, 0.000, 0.000, 0.009, 0.017, 0.021, 0.015, 0.016, 0.014
53.980, -0.876, -0.631, 0.000, 1.000, 0.000, 0.680, 1.000, 0.000, 0.000, 1.000, 0.010, 0.017, 0.020, 0.015, 0.016, 0.014
54.000, -0.886, -0.563, 0.000, 0.000, 0.000, 1.000, 1.000, 0.000, 0.000, 0.000, 0.010, 0.017, 0.020, 0.014, 0.017, 0.014
54.020, -0.885, -0.494, 0.000, 0.000, 0.000, 1.000, 1.000, 0.000, 0.000, 0.000, 0.009, 0.018, 0.020, 0.014, 0.017, 0.014
54.040, -0.880, -0.416, 0.000, 0.000, 0.000, 1.000, 1.000, 0.000, 0.000, 0.000, 0.009, 0.018, 0.020, 0.014, 0.017, 0.014
54.060, -0.874, -0.324, 0.000, 0.000, 0.000, 1.000, 0.335, 0.000, 1.000, 0.000, 0.009, 0.018, 0.019, 0.015, 0.017, 0.014
54.080, -0.865, -0.206, 0.000, 0.000, 0.000, 1.000, 1.000, 0.000, 1.000, 0.000, 0.009, 0.018, 0.019, 0.014, 0.017, 0.013
54.100, -0.854, -0.046, 0.000, 0.000, 0.000, 1.000, 1.000, 0.000, 1.000, 0.000, 0.009, 0.018, 0.019, 0.014, 0.017, 0.013
54.120, -0.836, 0.173, 1.000, 0.000, 0.000, 1.000, 1.000, 0.000, 1.000, 1.000, 0.010, 0.018, 0.019, 0.014, 0.017, 0.013
54.140, -0.808, 0.443, 1.000, 0.000, 0.000, 0.000, 0.337, 0.000, 1.000, 1.000, 0.010, 0.018, 0.020, 0.014, 0.018, 0.013
54.160, -0.783, 0.663, 1.000, 1.000, 0.000, 0.000, 0.000, 0.000, 1.000, 0.000, 0.010, 0.018, 0.020, 0.015, 0.018, 0.014
54.180, -0.759, 0.772, 1.000, 1.000, 0.000, 0.000, 0.000, 0.000, 1.000, 0.000, 0.009, 0.018, 0.020, 0.015, 0.018, 0.014
54.200, -0.730, 0.823, 1.000, 1.000, 0.000, 0.000, 0.000, 0.000, 1.000, 0.000, 0.009, 0.018, 0.020, 0.015, 0.018, 0.014
54.220, -0.707, 0.839, 1.000, 1.000, 0.000, 0.000, 0.000, 0.000, 1.000, 0.000, 0.009, 0.018, 0.021, 0.015, 0.018, 0.014
54.240, -0.681, 0.851, 1.000, 1.000, 0.000, 0.000, 0.000, 0.000, 1.000, 0.000, 0.009, 0.018, 0.020, 0.016, 0.018, 0.014
54.260, -0.659, 0.855, 1.000, 1.000, 0.000, 0.000, 0.000, 0.000, 1.000, 0.000, 0.009, 0.018, 0.020, 0.016, 0.018, 0.014
54.280, -0.634, 0.860, 1.000, 1.000, 0.000, 0.000, 0.036, 0.000, 1.000, 0.000, 0.009, 0.017, 0.020, 0.016, 0.018, 0.015
54.300, -0.632, 0.849, 1.000, 1.000, 0.000, 0.000, 0.000, 0.000, 1.000, 0.000, 0.009, 0.017, 0.019, 0.016, 0.018, 0.015
54.320, -0.630, 0.847, 1.000, 1.000, 0.000, 0.000, 0.000, 0.000, 1.000, 0.000, 0.009, 0.017, 0.019, 0.016, 0.018, 0.015
54.340, -0.623, 0.849, 1.000, 1.000, 0.000, 0.000, 0.000, 0.000, 1.000, 0.000, 0.009, 0.017, 0.019, 0.016, 0.018, 0.015
54.360, -0.623, 0.846, 1.000, 1.000, 0.000, 0.000, 0.000, 0.000, 1.000, 0.000, 0.009, 0.017, 0.019, 0.015, 0.018, 0.015
54.380, -0.630, 0.841, 1.000, 1.000, 0.000, 0.000, 0.000, 0.000, 1.000, 0.000, 0.009, 0.017, 0.019, 0.015, 0.018, 0.015
54.400, -0.626, 0.846, 1.000, 1.000, 0.000, 1.000, 0.000, 1.000, 1.000, 0.000, 0.009, 0.017, 0.020, 0.015, 0.018, 0.014
54.420, -0.612, 0.853, 1.000, 1.000, 0.000, 0.065, 0.000, 1.000, 1.000, 0.000, 0.009, 0.017, 0.019, 0.015, 0.017, 0.014
54.440, -0.571, 0.868, 1.000, 1.000, 0.000, 0.000, 0.000, 1.000, 0.000, 0.000, 0.009, 0.017, 0.019, 0.015, 0.018, 0.014
54.460, -0.550, 0.862, 1.000, 1.000, 0.000, 0.000, 0.000, 1.000, 0.000, 0.000, 0.009, 0.016, 0.019, 0.014, 0.018, 0.015
54.480, -0.531, 0.858, 1.000, 1.000, 0.081, 0.000, 0.000, 1.000, 0.000, 0.000, 0.009, 0.017, 0.019, 0.014, 0.018, 0.015
54.500, -0.483, 0.867, 1.000, 1.000, 1.000, 0.000, 0.000, 1.000, 1.000, 0.000, 0.009, 0.017, 0.019, 0.014, 0.018, 0.014
54.520, -0.410, 0.873, 1.000, 0.545, 1.000, 0.000, 0.000, 0.005, 0.000, 0.455, 0.009, 0.017, 0.019, 0.014, 0.018, 0.015
54.540, -0.411, 0.840, 1.000, 1.000, 1.000, 0.000, 0.000, 0.000, 1.000, 0.000, 0.009, 0.018, 0.019, 0.014, 0.017, 0.014
54.560, -0.457, 0.812, 1.000, 1.000, 0.000, 0.000, 0.000, 1.000, 1.000, 0.000, 0.009, 0.017, 0.019, 0.014, 0.018, 0.014
54.580, -0.412, 0.845, 1.000, 1.000, 0.000, 0.114, 0.000, 1.000, 0.000, 0.000, 0.009, 0.017, 0.019, 0.014, 0.018, 0.014
54.600, -0.404, 0.836, 1.000, 1.000, 0.000, 1.000, 0.000, 0.230, 1.000, 0.000, 0.009, 0.017, 0.019, 0.014, 0.018, 0.014
54.620, -0.369, 0.841, 1.000, 1.000, 0.000, 1.000, 0.000, 1.000, 0.000, 0.000, 0.009, 0.017, 0.020, 0.014, 0.018, 0.015
54.640, -0.383, 0.820, 1.000, 1.000, 0.000, 1.000, 0.000, 0.000, 0.000, 0.000, 0.009, 0.017, 0.019, 0.014, 0.018, 0.015
54.660, -0.379, 0.822, 1.000, 1.000, 0.000, 0.000, 0.000, 0.000, 1.000, 0.000, 0.009, 0.017, 0.019, 0.014, 0.017, 0.014
54.680, -0.331, 0.838, 1.000, 1.000, 0.000, 0.000, 0.000, 0.000, 1.000, 0.000, 0.009, 0.018, 0.020, 0.014, 0.017, 0.014
54.700, -0.259, 0.842, 1.000, 1.000, 0.000, 0.000, 0.000, 0.000, 1.000, 0.000, 0.008, 0.018, 0.020, 0.014, 0.017, 0.014
54.720, -0.149, 0.842, 1.000, 1.000, 0.000, 0.000, 0.000, 0.000, 1.000, 0.000, 0.008, 0.018, 0.020, 0.014, 0.018, 0.014
54.740, 0.009, 0.835, 1.000, 1.000, 0.000, 0.061, 0.000, 0.000, 0.000, 0.000, 0.008, 0.018, 0.020, 0.014, 0.018, 0.014
54.760, 0.172, 0.800, 1.000, 1.000, 0.000, 0.011, 0.000, 0.000, 0.000, 0.000, 0.008, 0.018, 0.020, 0.014, 0.018, 0.015
54.780, 0.434, 0.790, 1.000, 0.000, 0.000, 1.000, 1.000, 0.000, 0.000, 1.000, 0.009, 0.018, 0.020, 0.014, 0.018, 0.015
54.800, 0.680, 0.755, 1.000, 0.000, 0.000, 1.000, 1.000, 0.000, 0.000, 1.000, 0.009, 0.018, 0.019, 0.014, 0.018, 0.015
54.820, 0.822, 0.700, 1.000, 0.000, 1.000, 1.000, 1.000, 0.000, 0.000, 1.000, 0.010, 0.018, 0.019, 0.014, 0.018, 0.015
54.840, 0.873, 0.635, 1.000, 0.000, 1.000, 0.000, 1.000, 0.000, 0.000, 1.000, 0.010, 0.017, 0.019, 0.014, 0.019, 0.015
54.860, 0.885, 0.568, 1.000, 0.000, 1.000, 0.000, 1.000, 0.000, 0.092, 1.000, 0.010, 0.017, 0.020, 0.014, 0.019, 0.015
54.880, 0.885, 0.498, 1.000, 0.000, 1.000, 0.000, 1.000, 0.000, 1.000, 1.000, 0.010, 0.017, 0.020, 0.014, 0.019, 0.015
54.900, 0.881, 0.422, 1.000, 0.000, 1.000, 1.000, 1.000, 0.000, 1.000, 1.000, 0.010, 0.017, 0.019, 0.014, 0.019, 0.014
54.920, 0.874, 0.331, 1.000, 0.000, 1.000, 1.000, 1.000, 0.000, 1.000, 1.000, 0.010, 0.017, 0.019, 0.014, 0.019, 0.015
54.940, 0.866, 0.215, 1.000, 0.087, 1.000, 0.000, 0.000, 1.000, 0.000, 0.913, 0.010, 0.017, 0.020, 0.014, 0.018, 0.014
54.960, 0.854, 0.058, 1.000, 0.000, 1.000, 1.000, 1.000, 1.000, 0.000, 1.000, 0.010, 0.017, 0.019, 0.014, 0.018, 0.014
54.980, 0.837, -0.156, 0.000, 0.000, 1.000, 1.000, 1.000, 1.000, 0.000, 0.000, 0.010, 0.017, 0.019, 0.014, 0.018, 0.014
55.000, 0.811, -0.425, 0.000, 0.000, 0.000, 1.000, 0.268, 0.000, 0.000, 0.000, 0.010, 0.017, 0.019, 0.014, 0.018, 0.014
55.020, 0.768, -0.676, 0.000, 0.000, 0.000, 1.000, 1.000, 0.000, 0.000, 0.000, 0.009, 0.017, 0.019, 0.014, 0.018, 0.014
55.040, 0.709, -0.821, 0.000, 0.000, 0.000, 1.000, 1.000, 0.000, 0.000, 0.000, 0.009, 0.018, 0.019, 0.014, 0.019, 0.014
55.060, 0.643, -0.874, 0.000, 0.000, 0.000, 1.000, 1.000, 0.000, 0.000, 0.000, 0.009, 0.018, 0.019, 0.014, 0.019, 0.014
55.080, 0.575, -0.886, 0.000, 0.000, 0.000, 1.000, 1.000, 0.000, 0.000, 0.000, 0.009, 0.018, 0.019, 0.014, 0.019, 0.014
55.100, 0.506, -0.886, 0.000, 0.000, 0.009, 1.000, 1.000, 0.000, 0.000, 0.000, 0.009, 0.018, 0.018, 0.013, 0.019, 0.014
55.120, 0.431, -0.881, 0.000, 0.000, 0.296, 0.000, 1.000, 0.000, 0.000, 0.000, 0.009, 0.018, 0.019, 0.013, 0.019, 0.014
55.140, 0.342, -0.875, 0.000, 0.000, 1.000, 0.000, 1.000, 0.000, 0.000, 0.000, 0.009, 0.017, 0.019, 0.013, 0.019, 0.014
55.160, 0.229, -0.867, 0.000, 0.000, 1.000, 0.000, 1.000, 0.257, 0.091, 0.000, 0.009, 0.018, 0.020, 0.013, 0.019, 0.014
55.180, 0.078, -0.856, 0.000, 0.000, 1.000, 0.000, 1.000, 0.649, 0.000, 0.000, 0.009, 0.018, 0.020, 0.013, 0.019, 0.014
55.200, -0.130, -0.840, 0.000, 0.000, 1.000, 0.000, 0.000, 1.000, 1.000, 0.000, 0.009, 0.018, 0.020, 0.014, 0.019, 0.014
55.220, -0.534, -0.749, 0.000, 1.000, 0.000, 0.000, 0.000, 1.000, 0.000, 1.000, 0.009, 0.018, 0.020, 0.014, 0.019, 0.014
55.240, -0.754, -0.703, 0.000, 1.000, 0.000, 0.234, 0.000, 1.000, 0.000, 1.000, 0.010, 0.017, 0.020, 0.014, 0.019, 0.014
55.260, -0.857, -0.625, 0.000, 1.000, 0.000, 0.176, 0.000, 1.000, 0.000, 1.000, 0.010, 0.017, 0.020, 0.015, 0.019, 0.014
55.280, -0.884, -0.532, 0.000, 1.000, 0.000, 0.000, 0.000, 1.000, 0.000, 1.000, 0.010, 0.017, 0.020, 0.015, 0.019, 0.014
55.300, -0.882, -0.460, 0.000, 0.000, 1.000, 0.000, 0.450, 1.000, 0.000, 0.000, 0.010, 0.017, 0.019, 0.015, 0.019, 0.014
55.320, -0.877, -0.378, 0.000, 0.000, 1.000, 0.000, 0.117, 1.000, 0.000, 0.000, 0.009, 0.018, 0.019, 0.015, 0.019, 0.013
55.340, -0.870, -0.276, 0.000, 0.000, 0.294, 0.000, 0.306, 1.000, 0.000, 0.000, 0.009, 0.017, 0.019, 0.015, 0.019, 0.013
55.360, -0.861, -0.142, 0.000, 0.000, 1.000, 0.000, 0.000, 1.000, 0.000, 0.000, 0.009, 0.018, 0.019, 0.014, 0.019, 0.014
55.380, -0.847, 0.043, 1.000, 0.254, 0.000, 0.611, 0.260, 0.000, 0.000, 0.746, 0.010, 0.017, 0.019, 0.014, 0.019, 0.014
55.400, -0.825, 0.288, 1.000, 0.100, 0.000, 1.000, 0.296, 0.000, 0.000, 0.900, 0.010, 0.017, 0.019, 0.014, 0.019, 0.015
55.420, -0.791, 0.561, 1.000, 0.104, 0.000, 1.000, 0.150, 0.000, 0.000, 0.896, 0.010, 0.017, 0.020, 0.014, 0.018, 0.015
55.440, -0.788, 0.698, 1.000, 1.000, 0.000, 1.000, 0.000, 1.000, 0.000, 0.000, 0.010, 0.017, 0.020, 0.014, 0.019, 0.015
55.460, -0.766, 0.776, 1.000, 1.000, 0.000, 0.000, 0.000, 1.000, 0.000, 0.000, 0.009, 0.017, 0.019, 0.014, 0.019, 0.015
55.480, -0.721, 0.837, 1.000, 1.000, 0.000, 0.000, 0.000, 1.000, 0.000, 0.000, 0.009, 0.017, 0.019, 0.014, 0.019, 0.015
55.500, -0.686, 0.855, 1.000, 1.000, 0.000, 0.000, 0.000, 1.000, 0.000, 0.000, 0.009, 0.017, 0.019, 0.014, 0.018, 0.015
55.520, -0.657, 0.860, 1.000, 1.000, 0.000, 0.000, 0.000, 1.000, 0.000, 0.000, 0.009, 0.018, 0.019, 0.013, 0.018, 0.015
55.540, -0.615, 0.871, 1.000, 1.000, 0.000, 0.000, 1.000, 1.000, 0.000, 0.000, 0.009, 0.018, 0.019, 0.014, 0.018, 0.015
55.560, -0.549, 0.884, 1.000, 0.000, 0.281, 0.586, 1.000, 0.000, 0.000, 1.000, 0.010, 0.018, 0.019, 0.014, 0.019, 0.015
55.580, -0.479, 0.883, 1.000, 0.000, 0.131, 0.147, 0.905, 0.000, 0.000, 1.000, 0.010, 0.018, 0.019, 0.015, 0.019, 0.015
55.600, -0.511, 0.837, 1.000, 1.000, 0.000, 0.000, 0.000, 0.000, 1.000, 0.000, 0.010, 0.018, 0.019, 0.014, 0.019, 0.015
55.620, -0.457, 0.862, 1.000, 1.000, 0.000, 0.000, 0.000, 0.130, 0.439, 0.000, 0.009, 0.018, 0.018, 0.014, 0.019, 0.015
55.640, -0.418, 0.857, 1.000, 1.000, 0.000, 0.000, 0.000, 0.068, 0.000, 0.000, 0.009, 0.018, 0.018, 0.014, 0.019, 0.015
55.660, -0.346, 0.862, 1.000, 1.000, 0.000, 0.000, 0.000, 1.000, 1.000, 0.000, 0.009, 0.018, 0.019, 0.014, 0.019, 0.015
55.680, -0.239, 0.863, 1.000, 0.000, 1.000, 0.000, 0.000, 1.000, 0.000, 1.000, 0.010, 0.018, 0.019, 0.014, 0.018, 0.015
55.700, -0.093, 0.855, 1.000, 0.052, 1.000, 1.000, 0.024, 1.000, 0.000, 0.948, 0.010, 0.017, 0.019, 0.013, 0.018, 0.015
55.720, 0.109, 0.841, 1.000, 0.000, 1.000, 1.000, 1.000, 1.000, 0.000, 1.000, 0.010, 0.017, 0.019, 0.014, 0.018, 0.015
55.740, 0.370, 0.816, 1.000, 0.000, 1.000, 1.000, 1.000, 0.000, 0.000, 1.000, 0.010, 0.017, 0.018, 0.014, 0.019, 0.016
55.760, 0.633, 0.778, 1.000, 0.000, 1.000, 0.000, 1.000, 0.000, 0.000, 1.000, 0.011, 0.017, 0.019, 0.014, 0.019, 0.016
55.780, 0.802, 0.722, 1.000, 0.000, 1.000, 1.000, 1.000, 0.000, 0.000, 1.000, 0.011, 0.017, 0.019, 0.014, 0.019, 0.016
55.800, 0.868, 0.656, 1.000, 0.000, 1.000, 1.000, 1.000, 0.000, 0.000, 1.000, 0.011, 0.017, 0.018, 0.014, 0.019, 0.016
55.820, 0.885, 0.589, 1.000, 0.000, 1.000, 1.000, 1.000, 0.000, 0.000, 1.000, 0.011, 0.017, 0.018, 0.013, 0.019, 0.015
55.840, 0.886, 0.520, 1.000, 0.000, 1.000, 1.000, 1.000, 0.000, 0.000, 1.000, 0.011, 0.017, 0.018, 0.013, 0.019, 0.015
55.860, 0.882, 0.446, 1.000, 0.000, 0.000, 1.000, 1.000, 0.000, 0.000, 1.000, 0.011, 0.017, 0.018, 0.013, 0.020, 0.015
55.880, 0.876, 0.361, 1.000, 0.000, 1.000, 1.000, 1.000, 0.487, 0.000, 1.000, 0.011, 0.017, 0.018, 0.013, 0.019, 0.015
55.900, 0.869, 0.254, 1.000, 0.000, 1.000, 0.420, 0.270, 0.000, 0.000, 1.000, 0.011, 0.017, 0.018, 0.014, 0.019, 0.014
55.920, 0.858, 0.112, 1.000, 0.000, 1.000, 1.000, 1.000, 0.000, 0.000, 1.000, 0.011, 0.017, 0.018, 0.013, 0.020, 0.014
55.940, 0.843, -0.084, 0.000, 0.000, 0.000, 1.000, 1.000, 0.000, 0.000, 0.000, 0.011, 0.017, 0.018, 0.013, 0.020, 0.014
55.960, 0.820, -0.340, 0.000, 0.000, 0.000, 1.000, 1.000, 0.000, 0.000, 0.000, 0.010, 0.017, 0.018, 0.013, 0.020, 0.014
55.980, 0.783, -0.608, 0.000, 0.068, 0.000, 1.000, 1.000, 0.000, 1.000, 0.068, 0.010, 0.018, 0.018, 0.013, 0.020, 0.015
56.000, 0.729, -0.789, 0.000, 0.000, 0.000, 1.000, 1.000, 0.054, 0.199, 0.000, 0.010, 0.018, 0.018, 0.013, 0.020, 0.015
56.020, 0.664, -0.864, 0.000, 0.000, 1.000, 0.000, 1.000, 0.000, 0.000, 0.000, 0.010, 0.017, 0.018, 0.013, 0.020, 0.014
56.040, 0.596, -0.884, 0.000, 0.000, 1.000, 0.463, 1.000, 0.184, 0.000, 0.000, 0.010, 0.017, 0.018, 0.013, 0.020, 0.014
56.060, 0.528, -0.886, 0.000, 0.000, 1.000, 0.000, 1.000, 0.000, 0.000, 0.000, 0.010, 0.017, 0.019, 0.013, 0.020, 0.014
56.080, 0.455, -0.883, 0.000, 0.000, 1.000, 0.000, 1.000, 1.000, 0.000, 0.000, 0.010, 0.017, 0.019, 0.013, 0.020, 0.014
56.100, 0.371, -0.877, 0.000, 0.000, 1.000, 0.000, 1.000, 1.000, 0.000, 0.000, 0.010, 0.017, 0.019, 0.013, 0.020, 0.014
56.120, 0.267, -0.870, 0.000, 0.000, 1.000, 0.000, 1.000, 1.000, 0.000, 0.000, 0.010, 0.018, 0.019, 0.013, 0.020, 0.014
56.140, 0.129, -0.860, 0.000, 0.000, 1.000, 0.000, 0.000, 1.000, 0.000, 0.000, 0.010, 0.018, 0.019, 0.013, 0.020, 0.014
56.160, -0.060, -0.845, 0.000, 0.000, 1.000, 0.000, 0.000, 1.000, 0.000, 0.000, 0.010, 0.018, 0.019, 0.014, 0.020, 0.014
56.180, -0.310, -0.823, 0.000, 0.000, 1.000, 0.000, 0.000, 1.000, 0.000, 0.000, 0.010, 0.018, 0.019, 0.014, 0.020, 0.014
56.200, -0.629, -0.758, 0.000, 1.000, 0.766, 0.000, 0.000, 1.000, 0.000, 1.000, 0.010, 0.018, 0.018, 0.014, 0.020, 0.014
56.220, -0.798, -0.709, 0.000, 0.000, 1.000, 0.000, 0.000, 1.000, 0.000, 0.000, 0.010, 0.018, 0.018, 0.014, 0.020, 0.014
56.240, -0.866, -0.646, 0.000, 0.000, 1.000, 0.000, 0.107, 1.000, 0.000, 0.000, 0.010, 0.018, 0.018, 0.014, 0.020, 0.014
56.260, -0.884, -0.580, 0.000, 0.000, 1.000, 0.000, 0.000, 1.000, 0.000, 0.000, 0.010, 0.018, 0.018, 0.014, 0.020, 0.015
56.280, -0.885, -0.511, 0.000, 0.110, 1.000, 0.000, 0.000, 1.000, 0.000, 0.110, 0.010, 0.018, 0.018, 0.015, 0.020, 0.015
56.300, -0.882, -0.436, 0.000, 0.359, 1.000, 0.017, 0.000, 0.000, 0.000, 0.359, 0.010, 0.018, 0.018, 0.014, 0.020, 0.015
56.320, -0.885, -0.251, 0.000, 1.000, 0.000, 0.000, 0.000, 0.000, 1.000, 1.000, 0.010, 0.018, 0.018, 0.014, 0.020, 0.015
56.340, -0.874, -0.045, 0.000, 1.000, 0.000, 0.000, 0.000, 1.000, 1.000, 1.000, 0.011, 0.017, 0.018, 0.014, 0.019, 0.014
56.360, -0.854, 0.187, 1.000, 1.000, 0.000, 0.000, 0.000, 1.000, 0.000, 0.000, 0.010, 0.017, 0.018, 0.013, 0.019, 0.015
56.380, -0.827, 0.445, 1.000, 1.000, 0.000, 0.000, 0.000, 1.000, 0.000, 0.000, 0.010, 0.017, 0.018, 0.013, 0.019, 0.015
56.400, -0.779, 0.687, 1.000, 1.000, 0.000, 0.000, 0.000, 1.000, 0.000, 0.000, 0.010, 0.017, 0.018, 0.013, 0.019, 0.015
56.420, -0.727, 0.816, 1.000, 1.000, 0.000, 0.000, 0.000, 1.000, 0.000, 0.000, 0.010, 0.017, 0.017, 0.013, 0.019, 0.015
56.440, -0.671, 0.864, 1.000, 1.000, 0.000, 0.000, 0.000, 1.000, 0.000, 0.000, 0.010, 0.018, 0.017, 0.013, 0.019, 0.015
56.460, -0.633, 0.869, 1.000, 1.000, 0.000, 0.000, 0.000, 1.000, 1.000, 0.000, 0.010, 0.018, 0.017, 0.013, 0.019, 0.015
56.480, -0.596, 0.871, 1.000, 1.000, 0.000, 0.000, 0.000, 1.000, 1.000, 0.000, 0.010, 0.018, 0.017, 0.013, 0.019, 0.015
56.500, -0.542, 0.878, 1.000, 1.000, 0.000, 0.000, 1.000, 0.000, 1.000, 0.000, 0.010, 0.018, 0.017, 0.014, 0.019, 0.014
56.520, -0.472, 0.881, 1.000, 0.000, 0.000, 0.250, 1.000, 0.000, 0.000, 1.000, 0.010, 0.018, 0.017, 0.014, 0.020, 0.015
56.540, -0.466, 0.852, 1.000, 1.000, 0.000, 0.000, 0.000, 0.265, 0.000, 0.000, 0.010, 0.018, 0.017, 0.014, 0.020, 0.015
56.560, -0.405, 0.863, 1.000, 1.000, 0.000, 0.000, 0.000, 1.000, 0.000, 0.000, 0.010, 0.019, 0.017, 0.013, 0.019, 0.015
56.580, -0.330, 0.862, 1.000, 1.000, 0.000, 0.000, 0.000, 1.000, 0.000, 0.000, 0.010, 0.019, 0.017, 0.013, 0.019, 0.016
56.600, -0.231, 0.858, 1.000, 1.000, 1.000, 0.000, 0.000, 1.000, 0.000, 0.000, 0.010, 0.018, 0.017, 0.013, 0.019, 0.016
56.620, -0.084, 0.853, 1.000, 0.000, 1.000, 1.000, 0.086, 1.000, 0.000, 1.000, 0.010, 0.018, 0.017, 0.013, 0.019, 0.016
56.640, 0.121, 0.839, 1.000, 0.000, 1.000, 0.000, 0.000, 1.000, 0.000, 1.000, 0.011, 0.017, 0.018, 0.013, 0.019, 0.016
56.660, 0.384, 0.815, 1.000, 0.000, 1.000, 0.000, 0.000, 1.000, 1.000, 1.000, 0.011, 0.017, 0.018, 0.013, 0.019, 0.015
56.680, 0.644, 0.775, 1.000, 0.000, 1.000, 0.000, 1.000, 0.000, 0.000, 1.000, 0.011, 0.017, 0.018, 0.013, 0.019, 0.016
56.700, 0.807, 0.719, 1.000, 0.000, 1.000, 1.000, 1.000, 0.000, 0.122, 1.000, 0.011, 0.017, 0.018, 0.014, 0.019, 0.016
56.720, 0.870, 0.653, 1.000, 0.000, 0.000, 1.000, 1.000, 0.000, 0.000, 1.000, 0.011, 0.018, 0.017, 0.013, 0.020, 0.015
56.740, 0.885, 0.585, 1.000, 0.000, 1.000, 1.000, 1.000, 0.000, 0.000, 1.000, 0.011, 0.017, 0.017, 0.013, 0.020, 0.015
56.760, 0.886, 0.516, 1.000, 0.000, 1.000, 0.000, 1.000, 0.000, 0.000, 1.000, 0.011, 0.017, 0.018, 0.013, 0.020, 0.015
56.780, 0.882, 0.442, 1.000, 0.000, 0.000, 1.000, 1.000, 0.000, 0.000, 1.000, 0.011, 0.018, 0.017, 0.013, 0.020, 0.015
56.800, 0.876, 0.356, 1.000, 0.000, 0.126, 1.000, 1.000, 0.000, 0.000, 1.000, 0.012, 0.018, 0.017, 0.013, 0.020, 0.015
56.820, 0.868, 0.247, 1.000, 0.000, 1.000, 1.000, 1.000, 0.000, 0.000, 1.000, 0.012, 0.018, 0.017, 0.013, 0.020, 0.014
56.840, 0.858, 0.103, 1.000, 0.000, 1.000, 1.000, 1.000, 0.000, 0.000, 1.000, 0.012, 0.017, 0.017, 0.013, 0.020, 0.014
56.860, 0.842, -0.096, 0.000, 0.000, 1.000, 1.000, 1.000, 0.000, 0.000, 0.000, 0.011, 0.017, 0.017, 0.013, 0.020, 0.014
56.880, 0.819, -0.354, 0.000, 0.000, 1.000, 0.099, 1.000, 0.000, 1.000, 0.000, 0.011, 0.017, 0.017, 0.013, 0.020, 0.015
56.900, 0.780, -0.620, 0.000, 0.211, 1.000, 0.000, 1.000, 0.000, 1.000, 0.211, 0.011, 0.017, 0.018, 0.013, 0.020, 0.015
56.920, 0.725, -0.795, 0.000, 0.000, 1.000, 0.000, 1.000, 0.041, 0.000, 0.000, 0.011, 0.017, 0.018, 0.013, 0.020, 0.015
56.940, 0.660, -0.866, 0.000, 0.000, 1.000, 0.000, 1.000, 0.000, 0.000, 0.000, 0.010, 0.017, 0.018, 0.013, 0.020, 0.015
56.960, 0.593, -0.885, 0.000, 0.000, 1.000, 0.000, 1.000, 0.000, 0.000, 0.000, 0.010, 0.017, 0.018, 0.013, 0.020, 0.015
56.980, 0.524, -0.886, 0.000, 0.000, 0.000, 0.146, 1.000, 0.000, 0.000, 0.000, 0.010, 0.017, 0.018, 0.013, 0.020, 0.014
57.000, 0.451, -0.883, 0.000, 0.000, 1.000, 0.000, 1.000, 0.000, 0.000, 0.000, 0.010, 0.017, 0.018, 0.012, 0.020, 0.014
57.020, 0.366, -0.877, 0.000, 0.000, 1.000, 1.000, 1.000, 1.000, 0.000, 0.000, 0.010, 0.017, 0.018, 0.012, 0.020, 0.014
57.040, 0.261, -0.869, 0.000, 0.000, 1.000, 1.000, 1.000, 1.000, 0.000, 0.000, 0.010, 0.017, 0.017, 0.012, 0.020, 0.014
57.060, 0.121, -0.859, 0.000, 0.000, 0.000, 1.000, 1.000, 1.000, 0.000, 0.000, 0.010, 0.017, 0.017, 0.012, 0.020, 0.014
57.080, -0.071, -0.844, 0.000, 0.000, 0.000, 1.000, 1.000, 1.000, 0.000, 0.000, 0.010, 0.018, 0.017, 0.012, 0.020, 0.014
57.100, -0.324, -0.822, 0.000, 0.000, 0.000, 1.000, 1.000, 1.000, 0.000, 0.000, 0.010, 0.018, 0.018, 0.012, 0.021, 0.014
57.120, -0.594, -0.786, 0.000, 0.000, 0.000, 1.000, 0.010, 1.000, 0.000, 0.000, 0.010, 0.018, 0.018, 0.013, 0.021, 0.015
57.140, -0.782, -0.732, 0.000, 0.000, 0.000, 1.000, 0.000, 1.000, 0.000, 0.000, 0.010, 0.017, 0.018, 0.013, 0.021, 0.015
57.160, -0.863, -0.663, 0.000, 1.000, 0.000, 0.000, 0.000, 1.000, 0.000, 1.000, 0.011, 0.017, 0.018, 0.013, 0.021, 0.015
57.180, -0.886, -0.581, 0.000, 1.000, 0.000, 0.000, 0.000, 1.000, 0.000, 1.000, 0.011, 0.017, 0.017, 0.014, 0.020, 0.015
57.200, -0.889, -0.474, 0.000, 1.000, 0.000, 1.000, 0.000, 1.000, 0.000, 1.000, 0.011, 0.017, 0.018, 0.014, 0.020, 0.016
57.220, -0.886, -0.319, 0.000, 1.000, 0.000, 1.000, 0.000, 1.000, 0.026, 1.000, 0.011, 0.017, 0.018, 0.014, 0.020, 0.016
57.240, -0.877, -0.137, 0.000, 1.000, 0.000, 0.000, 0.000, 1.000, 0.000, 1.000, 0.012, 0.017, 0.018, 0.014, 0.019, 0.016
57.260, -0.863, 0.079, 1.000, 1.000, 0.000, 0.000, 0.000, 0.000, 1.000, 0.000, 0.011, 0.017, 0.017, 0.014, 0.020, 0.015
57.280, -0.841, 0.328, 1.000, 1.000, 0.000, 0.000, 0.000, 0.000, 1.000, 0.000, 0.011, 0.017, 0.017, 0.014, 0.020, 0.015
57.300, -0.810, 0.574, 1.000, 1.000, 0.000, 0.000, 0.000, 1.000, 1.000, 0.000, 0.011, 0.016, 0.017, 0.014, 0.020, 0.015
57.320, -0.776, 0.736, 1.000, 1.000, 0.000, 0.000, 0.000, 1.000, 0.000, 0.000, 0.010, 0.016, 0.017, 0.014, 0.020, 0.015
57.340, -0.738, 0.816, 1.000, 1.000, 0.000, 0.000, 0.000, 1.000, 0.000, 0.000, 0.010, 0.016, 0.017, 0.014, 0.019, 0.015
57.360, -0.722, 0.829, 1.000, 1.000, 0.000, 0.000, 0.000, 0.000, 1.000, 0.000, 0.010, 0.016, 0.017, 0.013, 0.020, 0.015
57.380, -0.695, 0.846, 1.000, 1.000, 0.000, 0.000, 0.000, 0.000, 1.000, 0.000, 0.010, 0.016, 0.017, 0.013, 0.020, 0.015
57.400, -0.674, 0.851, 1.000, 1.000, 0.000, 0.000, 0.000, 0.000, 1.000, 0.000, 0.010, 0.016, 0.017, 0.013, 0.020, 0.015
57.420, -0.658, 0.852, 1.000, 1.000, 0.000, 0.000, 0.000, 1.000, 1.000, 0.000, 0.010, 0.016, 0.017, 0.013, 0.020, 0.014
57.440, -0.636, 0.858, 1.000, 1.000, 0.000, 0.000, 0.000, 1.000, 0.000, 0.000, 0.010, 0.016, 0.017, 0.013, 0.020, 0.015
57.460, -0.617, 0.858, 1.000, 1.000, 0.000, 0.000, 0.000, 1.000, 0.000, 0.000, 0.010, 0.016, 0.017, 0.013, 0.019, 0.015
57.480, -0.621, 0.846, 1.000, 1.000, 0.000, 0.000, 0.000, 0.000, 1.000, 0.000, 0.010, 0.016, 0.017, 0.013, 0.020, 0.015
57.500, -0.620, 0.846, 1.000, 1.000, 0.000, 0.000, 0.000, 0.000, 1.000, 0.000, 0.010, 0.016, 0.016, 0.013, 0.020, 0.015
57.520, -0.623, 0.844, 1.000, 1.000, 0.000, 0.000, 0.000, 0.000, 1.000, 0.000, 0.010, 0.016, 0.017, 0.013, 0.020, 0.014
57.540, -0.629, 0.841, 1.000, 1.000, 0.000, 0.000, 0.000, 0.000, 1.000, 0.000, 0.010, 0.016, 0.017, 0.013, 0.020, 0.014
57.560, -0.634, 0.840, 1.000, 1.000, 0.000, 0.000, 0.000, 0.000, 1.000, 0.000, 0.010, 0.016, 0.018, 0.013, 0.021, 0.014
57.580, -0.641, 0.838, 1.000, 1.000, 0.000, 0.000, 0.000, 0.000, 1.000, 0.000, 0.010, 0.016, 0.018, 0.013, 0.021, 0.014
57.600, -0.585, 0.873, 1.000, 1.000, 0.000, 1.000, 0.000, 0.000, 1.000, 0.000, 0.010, 0.017, 0.017, 0.013, 0.021, 0.014
57.620, -0.565, 0.862, 1.000, 1.000, 0.000, 1.000, 0.000, 1.000, 0.000, 0.000, 0.010, 0.017, 0.017, 0.012, 0.020, 0.015
57.640, -0.550, 0.857, 1.000, 1.000, 0.000, 0.000, 0.000, 0.894, 1.000, 0.000, 0.010, 0.017, 0.017, 0.012, 0.020, 0.014
57.660, -0.506, 0.868, 1.000, 1.000, 0.000, 0.000, 0.000, 0.000, 1.000, 0.000, 0.010, 0.017, 0.018, 0.012, 0.020, 0.014
57.680, -0.481, 0.859, 1.000, 1.000, 0.000, 0.000, 1.000, 0.000, 1.000, 0.000, 0.010, 0.017, 0.018, 0.013, 0.020, 0.014
57.700, -0.407, 0.871, 1.000, 0.000, 0.000, 1.000, 1.000, 0.000, 0.000, 1.000, 0.010, 0.017, 0.017, 0.013, 0.021, 0.015
57.720, -0.315, 0.870, 1.000, 0.000, 0.000, 1.000, 1.000, 0.000, 0.000, 1.000, 0.011, 0.017, 0.017, 0.014, 0.021, 0.015
57.740, -0.207, 0.860, 1.000, 1.000, 0.000, 1.000, 1.000, 0.000, 0.000, 0.000, 0.010, 0.018, 0.017, 0.014, 0.021, 0.015
57.760, -0.118, 0.832, 1.000, 1.000, 0.000, 1.000, 1.000, 0.000, 1.000, 0.000, 0.010, 0.018, 0.017, 0.013, 0.021, 0.015
57.780, -0.041, 0.799, 1.000, 1.000, 0.000, 1.000, 1.000, 0.000, 1.000, 0.000, 0.010, 0.018, 0.017, 0.013, 0.021, 0.015
57.800, 0.080, 0.783, 1.000, 1.000, 0.766, 1.000, 0.000, 0.000, 0.000, 0.000, 0.010, 0.017, 0.017, 0.013, 0.021, 0.015
57.820, 0.319, 0.791, 1.000, 0.000, 1.000, 1.000, 1.000, 0.000, 1.000, 1.000, 0.010, 0.017, 0.016, 0.013, 0.021, 0.015
57.840, 0.584, 0.769, 1.000, 0.000, 0.000, 1.000, 1.000, 0.000, 0.000, 1.000, 0.011, 0.017, 0.016, 0.013, 0.020, 0.015
57.860, 0.775, 0.723, 1.000, 0.000, 0.000, 1.000, 1.000, 0.000, 0.000, 1.000, 0.011, 0.017, 0.016, 0.013, 0.020, 0.015
57.880, 0.858, 0.661, 1.000, 0.000, 0.000, 1.000, 1.000, 0.000, 0.000, 1.000, 0.011, 0.018, 0.016, 0.013, 0.020, 0.015
57.900, 0.882, 0.595, 1.000, 0.000, 0.000, 1.000, 1.000, 0.000, 0.000, 1.000, 0.011, 0.018, 0.016, 0.013, 0.020, 0.016
57.920, 0.886, 0.527, 1.000, 0.000, 0.000, 1.000, 1.000, 0.000, 0.000, 1.000, 0.011, 0.018, 0.016, 0.012, 0.020, 0.016
57.940, 0.883, 0.454, 1.000, 0.000, 0.000, 1.000, 1.000, 0.000, 0.000, 1.000, 0.012, 0.018, 0.016, 0.012, 0.020, 0.016
57.960, 0.877, 0.370, 1.000, 0.000, 0.000, 1.000, 1.000, 0.000, 0.000, 1.000, 0.012, 0.018, 0.016, 0.012, 0.019, 0.016
57.980, 0.870, 0.266, 1.000, 0.000, 0.000, 1.000, 1.000, 0.000, 0.000, 1.000, 0.012, 0.018, 0.016, 0.012, 0.019, 0.016
58.000, 0.860, 0.128, 1.000, 0.000, 0.000, 1.000, 1.000, 0.000, 0.000, 1.000, 0.012, 0.018, 0.016, 0.012, 0.019, 0.016
58.020, 0.845, -0.062, 0.000, 0.000, 0.000, 1.000, 1.000, 0.000, 0.000, 0.000, 0.011, 0.018, 0.016, 0.012, 0.019, 0.016
58.040, 0.823, -0.313, 0.000, 0.000, 0.000, 1.000, 1.000, 0.000, 0.000, 0.000, 0.011, 0.018, 0.016, 0.012, 0.019, 0.016
58.060, 0.787, -0.584, 0.000, 0.000, 1.000, 0.000, 1.000, 0.000, 0.000, 0.000, 0.011, 0.018, 0.017, 0.012, 0.019, 0.016
58.080, 0.735, -0.777, 0.000, 0.000, 1.000, 0.000, 1.000, 0.000, 0.192, 0.000, 0.011, 0.018, 0.017, 0.012, 0.019, 0.016
58.100, 0.670, -0.860, 0.000, 0.000, 1.000, 0.000, 1.000, 0.000, 0.000, 0.000, 0.010, 0.018, 0.017, 0.012, 0.019, 0.015
58.120, 0.603, -0.884, 0.000, 0.000, 1.000, 0.000, 1.000, 0.000, 0.000, 0.000, 0.010, 0.018, 0.017, 0.012, 0.019, 0.015
58.140, 0.535, -0.887, 0.000, 0.000, 1.000, 0.000, 1.000, 0.000, 0.000, 0.000, 0.010, 0.018, 0.017, 0.012, 0.019, 0.015
58.160, 0.462, -0.883, 0.000, 0.000, 1.000, 0.000, 1.000, 0.000, 1.000, 0.000, 0.010, 0.018, 0.017, 0.012, 0.019, 0.015
58.180, 0.378, -0.877, 0.000, 0.475, 1.000, 0.000, 0.000, 0.000, 1.000, 0.475, 0.011, 0.018, 0.018, 0.013, 0.019, 0.016
58.200, 0.276, -0.870, 0.000, 0.000, 1.000, 0.148, 0.311, 0.000, 0.000, 0.000, 0.010, 0.019, 0.018, 0.013, 0.019, 0.015
58.220, 0.141, -0.860, 0.000, 0.097, 1.000, 0.349, 0.042, 0.000, 1.000, 0.097, 0.010, 0.019, 0.017, 0.013, 0.019, 0.016
58.240, -0.043, -0.847, 0.000, 0.000, 0.000, 0.538, 0.532, 0.000, 1.000, 0.000, 0.010, 0.018, 0.017, 0.013, 0.019, 0.016
58.260, -0.289, -0.825, 0.000, 0.000, 0.000, 0.000, 0.274, 0.000, 1.000, 0.000, 0.010, 0.018, 0.017, 0.013, 0.019, 0.016
58.280, -0.571, -0.786, 0.000, 1.000, 0.000, 0.000, 1.000, 0.000, 0.000, 1.000, 0.011, 0.017, 0.017, 0.013, 0.019, 0.016
58.300, -0.786, -0.714, 0.000, 1.000, 0.000, 0.000, 1.000, 0.000, 0.000, 1.000, 0.011, 0.017, 0.016, 0.012, 0.020, 0.015
58.320, -0.862, -0.652, 0.000, 0.000, 0.000, 1.000, 1.000, 0.028, 0.000, 0.000, 0.011, 0.018, 0.017, 0.012, 0.020, 0.015
58.340, -0.883, -0.586, 0.000, 0.000, 0.000, 1.000, 0.000, 0.000, 1.000, 0.000, 0.011, 0.018, 0.017, 0.013, 0.020, 0.016
58.360, -0.891, -0.454, 0.000, 1.000, 0.000, 0.548, 0.000, 0.000, 1.000, 1.000, 0.011, 0.018, 0.017, 0.013, 0.020, 0.015
58.380, -0.885, -0.292, 0.000, 1.000, 0.000, 0.000, 0.000, 1.000, 1.000, 1.000, 0.011, 0.018, 0.017, 0.013, 0.019, 0.015
58.400, -0.869, -0.149, 0.000, 1.000, 0.000, 0.000, 0.000, 1.000, 0.000, 1.000, 0.012, 0.019, 0.017, 0.014, 0.019, 0.016
58.420, -0.856, 0.046, 1.000, 1.000, 0.000, 0.000, 0.000, 1.000, 0.000, 0.000, 0.011, 0.019, 0.016, 0.014, 0.019, 0.016
58.440, -0.833, 0.293, 1.000, 1.000, 0.000, 0.000, 0.000, 1.000, 0.000, 0.000, 0.011, 0.019, 0.016, 0.014, 0.019, 0.016
58.460, -0.805, 0.552, 1.000, 1.000, 0.000, 0.000, 0.000, 1.000, 0.000, 0.000, 0.011, 0.019, 0.016, 0.014, 0.019, 0.016
58.480, -0.762, 0.745, 1.000, 1.000, 0.000, 1.000, 0.000, 1.000, 0.000, 0.000, 0.011, 0.019, 0.017, 0.014, 0.019, 0.016
58.500, -0.738, 0.809, 1.000, 1.000, 0.000, 1.000, 0.000, 1.000, 0.000, 0.000, 0.010, 0.019, 0.017, 0.014, 0.019, 0.016
58.520, -0.695, 0.851, 1.000, 1.000, 0.000, 0.000, 0.000, 1.000, 1.000, 0.000, 0.010, 0.019, 0.017, 0.013, 0.018, 0.016
58.540, -0.647, 0.871, 1.000, 1.000, 0.000, 0.000, 0.000, 0.000, 1.000, 0.000, 0.010, 0.019, 0.016, 0.013, 0.019, 0.016
58.560, -0.591, 0.880, 1.000, 1.000, 1.000, 0.000, 0.000, 0.000, 1.000, 0.000, 0.010, 0.018, 0.016, 0.013, 0.019, 0.015
58.580, -0.523, 0.885, 1.000, 0.000, 1.000, 0.000, 0.000, 0.000, 1.000, 1.000, 0.011, 0.018, 0.016, 0.013, 0.020, 0.015
58.600, -0.485, 0.870, 1.000, 1.000, 0.000, 0.000, 0.000, 0.000, 1.000, 0.000, 0.011, 0.018, 0.016, 0.013, 0.020, 0.015
58.620, -0.433, 0.867, 1.000, 1.000, 0.000, 0.000, 0.000, 1.000, 1.000, 0.000, 0.010, 0.019, 0.016, 0.013, 0.019, 0.015
58.640, -0.400, 0.854, 1.000, 1.000, 0.000, 0.000, 0.000, 1.000, 1.000, 0.000, 0.010, 0.019, 0.016, 0.013, 0.019, 0.015
58.660, -0.362, 0.847, 1.000, 1.000, 0.000, 0.000, 0.000, 1.000, 1.000, 0.000, 0.010, 0.019, 0.016, 0.012, 0.019, 0.015
58.680, -0.352, 0.830, 1.000, 1.000, 0.000, 0.000, 0.000, 0.000, 1.000, 0.000, 0.010, 0.019, 0.016, 0.012, 0.019, 0.015
58.700, -0.361, 0.815, 1.000, 1.000, 0.000, 0.000, 0.000, 0.000, 1.000, 0.000, 0.010, 0.019, 0.017, 0.012, 0.019, 0.015
58.720, -0.389, 0.805, 1.000, 1.000, 0.000, 0.000, 0.000, 0.000, 1.000, 0.000, 0.010, 0.019, 0.017, 0.012, 0.020, 0.015
58.740, -0.309, 0.844, 1.000, 0.000, 0.000, 1.000, 0.430, 0.000, 1.000, 1.000, 0.011, 0.019, 0.017, 0.013, 0.020, 0.015
58.760, -0.348, 0.801, 1.000, 1.000, 0.000, 0.000, 0.000, 0.000, 1.000, 0.000, 0.010, 0.019, 0.017, 0.012, 0.020, 0.015
58.780, -0.384, 0.794, 1.000, 1.000, 0.000, 0.000, 0.000, 0.000, 1.000, 0.000, 0.010, 0.019, 0.017, 0.012, 0.020, 0.015
58.800, -0.426, 0.795, 1.000, 1.000, 0.000, 0.000, 0.000, 0.000, 1.000, 0.000, 0.010, 0.018, 0.017, 0.012, 0.020, 0.015
58.820, -0.363, 0.842, 1.000, 1.000, 0.017, 0.174, 1.000, 0.000, 0.000, 0.000, 0.010, 0.018, 0.017, 0.013, 0.020, 0.015
58.840, -0.364, 0.824, 1.000, 1.000, 0.000, 1.000, 1.000, 0.000, 1.000, 0.000, 0.010, 0.018, 0.017, 0.013, 0.020, 0.015
58.860, -0.285, 0.846, 1.000, 1.000, 0.000, 1.000, 1.000, 0.000, 0.000, 0.000, 0.010, 0.018, 0.016, 0.013, 0.020, 0.015
58.880, -0.270, 0.818, 1.000, 1.000, 0.000, 1.000, 0.000, 0.000, 0.000, 0.000, 0.010, 0.018, 0.016, 0.013, 0.019, 0.016
58.900, -0.229, 0.815, 1.000, 1.000, 0.000, 1.000, 0.000, 0.000, 1.000, 0.000, 0.010, 0.018, 0.016, 0.013, 0.019, 0.015
58.920, -0.158, 0.815, 1.000, 1.000, 0.000, 1.000, 0.000, 0.000, 1.000, 0.000, 0.010, 0.018, 0.016, 0.013, 0.019, 0.015
58.940, -0.069, 0.806, 1.000, 1.000, 0.000, 1.000, 0.000, 0.000, 0.898, 0.000, 0.010, 0.018, 0.016, 0.013, 0.019, 0.015
58.960, 0.063, 0.796, 1.000, 1.000, 0.000, 1.000, 0.388, 0.000, 1.000, 0.000, 0.010, 0.018, 0.016, 0.013, 0.019, 0.015
58.980, 0.240, 0.778, 1.000, 1.000, 0.000, 1.000, 0.000, 0.000, 0.000, 0.000, 0.010, 0.018, 0.016, 0.013, 0.019, 0.015
59.000, 0.504, 0.770, 1.000, 0.000, 1.000, 0.000, 1.000, 0.000, 0.000, 1.000, 0.010, 0.018, 0.016, 0.013, 0.019, 0.016
59.020, 0.726, 0.734, 1.000, 0.000, 1.000, 0.000, 1.000, 0.000, 0.000, 1.000, 0.011, 0.018, 0.017, 0.013, 0.018, 0.016
59.040, 0.840, 0.677, 1.000, 0.373, 0.000, 0.104, 1.000, 0.000, 0.000, 0.627, 0.011, 0.018, 0.017, 0.013, 0.018, 0.016
59.060, 0.878, 0.612, 1.000, 0.000, 0.000, 0.000, 1.000, 0.000, 0.000, 1.000, 0.011, 0.018, 0.017, 0.012, 0.018, 0.016
59.080, 0.885, 0.545, 1.000, 0.000, 0.000, 0.000, 1.000, 1.000, 0.000, 1.000, 0.011, 0.018, 0.017, 0.012, 0.019, 0.016
59.100, 0.884, 0.474, 1.000, 0.000, 0.000, 0.410, 0.225, 1.000, 0.000, 1.000, 0.011, 0.018, 0.017, 0.013, 0.019, 0.016
59.120, 0.879, 0.393, 1.000, 0.245, 0.000, 1.000, 1.000, 0.426, 0.488, 0.755, 0.011, 0.018, 0.017, 0.013, 0.019, 0.016
59.140, 0.872, 0.295, 1.000, 0.000, 0.000, 1.000, 1.000, 0.000, 0.099, 1.000, 0.012, 0.018, 0.016, 0.012, 0.019, 0.016
59.160, 0.862, 0.167, 1.000, 0.000, 0.000, 1.000, 1.000, 0.000, 0.000, 1.000, 0.012, 0.019, 0.016, 0.012, 0.019, 0.016
59.180, 0.849, -0.008, 0.000, 0.000, 0.000, 1.000, 1.000, 0.000, 0.000, 0.000, 0.011, 0.019, 0.017, 0.012, 0.018, 0.016
59.200, 0.830, -0.244, 0.000, 0.000, 0.000, 1.000, 1.000, 0.000, 0.000, 0.000, 0.011, 0.019, 0.017, 0.012, 0.018, 0.016
59.220, 0.798, -0.518, 0.000, 0.000, 1.000, 1.000, 1.000, 0.000, 0.000, 0.000, 0.011, 0.018, 0.017, 0.012, 0.018, 0.015
59.240, 0.750, -0.739, 0.000, 0.000, 1.000, 1.000, 1.000, 0.000, 0.000, 0.000, 0.010, 0.018, 0.017, 0.012, 0.019, 0.015
59.260, 0.687, -0.847, 0.000, 0.000, 0.000, 1.000, 1.000, 0.000, 0.000, 0.000, 0.010, 0.018, 0.017, 0.012, 0.019, 0.015
59.280, 0.620, -0.880, 0.000, 0.000, 0.000, 1.000, 1.000, 0.000, 0.000, 0.000, 0.010, 0.019, 0.018, 0.012, 0.019, 0.015
59.300, 0.552, -0.887, 0.000, 0.000, 0.000, 1.000, 1.000, 0.000, 0.000, 0.000, 0.010, 0.019, 0.018, 0.012, 0.019, 0.015
59.320, 0.481, -0.884, 0.000, 0.000, 0.000, 1.000, 1.000, 0.000, 0.000, 0.000, 0.010, 0.019, 0.018, 0.012, 0.020, 0.015
59.340, 0.402, -0.879, 0.000, 0.000, 0.000, 1.000, 1.000, 0.000, 0.000, 0.000, 0.010, 0.019, 0.018, 0.012, 0.020, 0.015
59.360, 0.307, -0.873, 0.000, 0.000, 0.000, 0.000, 1.000, 0.000, 0.000, 0.000, 0.010, 0.019, 0.017, 0.012, 0.020, 0.015
59.380, 0.159, -0.857, 0.000, 1.000, 0.000, 0.000, 1.000, 0.056, 0.080, 1.000, 0.011, 0.019, 0.017, 0.012, 0.020, 0.015
59.400, -0.041, -0.840, 0.000, 1.000, 0.000, 0.000, 0.000, 0.141, 0.514, 1.000, 0.011, 0.019, 0.017, 0.012, 0.020, 0.015
59.420, -0.285, -0.822, 0.000, 0.000, 0.000, 0.000, 0.000, 0.043, 0.536, 0.000, 0.011, 0.019, 0.016, 0.013, 0.020, 0.015
59.440, -0.557, -0.790, 0.000, 0.000, 0.000, 0.000, 1.000, 0.000, 0.000, 0.000, 0.011, 0.019, 0.016, 0.012, 0.020, 0.015
59.460, -0.762, -0.740, 0.000, 0.000, 0.000, 1.000, 0.000, 1.000, 1.000, 0.000, 0.010, 0.019, 0.017, 0.013, 0.019, 0.015
59.480, -0.855, -0.676, 0.000, 0.000, 0.000, 1.000, 0.000, 1.000, 0.000, 0.000, 0.010, 0.019, 0.017, 0.013, 0.019, 0.015
59.500, -0.883, -0.605, 0.000, 1.000, 0.000, 1.000, 0.000, 1.000, 0.000, 1.000, 0.011, 0.019, 0.016, 0.013, 0.019, 0.015
59.520, -0.887, -0.534, 0.000, 0.909, 0.000, 0.000, 0.000, 0.778, 1.000, 0.909, 0.011, 0.020, 0.017, 0.013, 0.019, 0.015
59.540, -0.888, -0.409, 0.000, 1.000, 0.000, 0.000, 0.000, 0.000, 1.000, 1.000, 0.011, 0.020, 0.017, 0.014, 0.019, 0.016
59.560, -0.883, -0.231, 0.000, 1.000, 0.000, 0.000, 0.000, 0.000, 1.000, 1.000, 0.012, 0.020, 0.017, 0.014, 0.019, 0.015
59.580, -0.869, -0.038, 0.000, 1.000, 0.000, 0.000, 0.000, 0.000, 1.000, 1.000, 0.012, 0.020, 0.018, 0.014, 0.020, 0.015
59.600, -0.848, 0.191, 1.000, 1.000, 0.000, 0.000, 0.000, 0.000, 1.000, 0.000, 0.011, 0.019, 0.018, 0.014, 0.020, 0.015
59.620, -0.819, 0.456, 1.000, 1.000, 0.000, 0.000, 0.000, 1.000, 1.000, 0.000, 0.011, 0.019, 0.018, 0.014, 0.019, 0.015
59.640, -0.777, 0.688, 1.000, 1.000, 0.000, 0.000, 0.000, 1.000, 1.000, 0.000, 0.011, 0.019, 0.018, 0.014, 0.019, 0.015
59.660, -0.734, 0.807, 1.000, 1.000, 0.000, 0.000, 0.000, 1.000, 1.000, 0.000, 0.011, 0.018, 0.018, 0.014, 0.019, 0.015
59.680, -0.688, 0.854, 1.000, 1.000, 0.000, 0.000, 0.000, 1.000, 1.000, 0.000, 0.010, 0.018, 0.018, 0.014, 0.019, 0.015
59.700, -0.649, 0.866, 1.000, 1.000, 0.000, 0.000, 0.000, 1.000, 0.853, 0.000, 0.010, 0.018, 0.018, 0.014, 0.020, 0.015
59.720, -0.599, 0.876, 1.000, 1.000, 0.000, 1.000, 0.000, 1.000, 1.000, 0.000, 0.010, 0.018, 0.017, 0.014, 0.020, 0.015
59.740, -0.546, 0.879, 1.000, 1.000, 0.000, 0.000, 0.000, 1.000, 0.000, 0.000, 0.010, 0.018, 0.018, 0.013, 0.020, 0.015
59.760, -0.503, 0.872, 1.000, 1.000, 0.000, 0.000, 0.000, 1.000, 0.000, 0.000, 0.010, 0.018, 0.018, 0.013, 0.020, 0.015
59.780, -0.466, 0.864, 1.000, 1.000, 0.000, 0.155, 0.000, 1.000, 0.000, 0.000, 0.010, 0.018, 0.018, 0.013, 0.020, 0.016
59.800, -0.469, 0.843, 1.000, 1.000, 0.000, 0.000, 0.000, 0.192, 0.000, 0.000, 0.010, 0.018, 0.018, 0.013, 0.020, 0.016
59.820, -0.433, 0.852, 1.000, 1.000, 1.000, 0.000, 0.000, 0.000, 1.000, 0.000, 0.010, 0.018, 0.018, 0.013, 0.019, 0.015
59.840, -0.354, 0.865, 1.000, 0.603, 1.000, 0.000, 0.000, 0.000, 0.000, 0.397, 0.010, 0.019, 0.018, 0.013, 0.019, 0.016
59.860, -0.324, 0.841, 1.000, 1.000, 0.000, 0.426, 0.061, 0.000, 0.000, 0.000, 0.010, 0.018, 0.018, 0.013, 0.019, 0.016
59.880, -0.280, 0.833, 1.000, 1.000, 0.000, 0.000, 0.000, 0.000, 1.000, 0.000, 0.010, 0.018, 0.018, 0.013, 0.019, 0.015
59.900, -0.236, 0.823, 1.000, 1.000, 0.000, 0.000, 0.000, 1.000, 0.000, 0.000, 0.010, 0.018, 0.018, 0.013, 0.019, 0.016
59.920, -0.253, 0.788, 1.000, 1.000, 0.000, 0.000, 0.000, 1.000, 0.000, 0.000, 0.010, 0.018, 0.018, 0.012, 0.020, 0.016
59.940, -0.163, 0.817, 1.000, 1.000, 0.000, 1.000, 0.000, 1.000, 0.000, 0.000, 0.010, 0.018, 0.018, 0.012, 0.019, 0.016
59.960, -0.068, 0.810, 1.000, 1.000, 0.000, 1.000, 0.000, 0.000, 0.995, 0.000, 0.010, 0.018, 0.018, 0.012, 0.019, 0.016
59.980, 0.120, 0.815, 1.000, 1.000, 0.000, 1.000, 1.000, 0.000, 1.000, 0.000, 0.010, 0.018, 0.019, 0.013, 0.020, 0.015
60.000, 0.377, 0.803, 1.000, 0.000, 0.000, 1.000, 1.000, 0.000, 0.000, 1.000, 0.011, 0.019, 0.019, 0.013, 0.020, 0.016
60.020, 0.637, 0.769, 1.000, 0.000, 0.000, 1.000, 1.000, 0.000, 0.000, 1.000, 0.011, 0.019, 0.019, 0.014, 0.020, 0.016
60.040, 0.803, 0.716, 1.000, 0.000, 0.000, 1.000, 1.000, 0.000, 0.000, 1.000, 0.011, 0.019, 0.019, 0.014, 0.020, 0.015
60.060, 0.868, 0.651, 1.000, 0.000, 0.000, 1.000, 1.000, 0.000, 0.000, 1.000, 0.011, 0.019, 0.019, 0.014, 0.020, 0.015
60.080, 0.885, 0.584, 1.000, 0.000, 0.000, 1.000, 1.000, 0.000, 0.000, 1.000, 0.012, 0.019, 0.019, 0.014, 0.020, 0.015
60.100, 0.886, 0.515, 1.000, 0.000, 0.033, 1.000, 1.000, 0.000, 1.000, 1.000, 0.012, 0.019, 0.019, 0.014, 0.020, 0.016
60.120, 0.882, 0.441, 1.000, 0.145, 0.000, 1.000, 1.000, 0.000, 1.000, 0.855, 0.012, 0.019, 0.019, 0.014, 0.020, 0.016
60.140, 0.876, 0.354, 1.000, 0.028, 0.000, 1.000, 1.000, 0.000, 1.000, 0.972, 0.012, 0.019, 0.019, 0.013, 0.020, 0.016
60.160, 0.868, 0.245, 1.000, 0.083, 0.000, 1.000, 1.000, 0.000, 1.000, 0.917, 0.012, 0.019, 0.018, 0.013, 0.020, 0.016
60.180, 0.858, 0.099, 1.000, 0.000, 1.000, 1.000, 1.000, 0.000, 0.000, 1.000, 0.012, 0.019, 0.018, 0.013, 0.020, 0.016
60.200, 0.842, -0.101, 0.000, 0.000, 1.000, 0.000, 1.000, 0.000, 0.000, 0.000, 0.011, 0.019, 0.018, 0.013, 0.020, 0.015
60.220, 0.818, -0.360, 0.000, 0.000, 1.000, 0.000, 1.000, 0.000, 0.000, 0.000, 0.011, 0.018, 0.019, 0.013, 0.020, 0.015
60.240, 0.780, -0.625, 0.000, 0.000, 1.000, 0.000, 1.000, 0.000, 0.000, 0.000, 0.011, 0.018, 0.019, 0.013, 0.021, 0.015
60.260, 0.724, -0.798, 0.000, 0.000, 1.000, 0.000, 1.000, 0.000, 0.000, 0.000, 0.011, 0.018, 0.019, 0.013, 0.021, 0.015
60.280, 0.659, -0.867, 0.000, 0.000, 1.000, 0.000, 1.000, 0.000, 0.000, 0.000, 0.011, 0.018, 0.019, 0.013, 0.021, 0.015
60.300, 0.591, -0.885, 0.000, 0.000, 1.000, 1.000, 1.000, 0.000, 0.000, 0.000, 0.011, 0.018, 0.019, 0.013, 0.021, 0.015
60.320, 0.523, -0.886, 0.000, 0.000, 0.000, 1.000, 1.000, 0.000, 0.000, 0.000, 0.011, 0.018, 0.018, 0.012, 0.021, 0.015
60.340, 0.449, -0.883, 0.000, 0.000, 0.000, 1.000, 1.000, 0.000, 0.000, 0.000, 0.010, 0.019, 0.018, 0.012, 0.021, 0.015
60.360, 0.364, -0.877, 0.000, 0.000, 0.000, 1.000, 1.000, 0.000, 0.000, 0.000, 0.010, 0.019, 0.018, 0.012, 0.021, 0.015
60.380, 0.258, -0.869, 0.000, 0.000, 0.000, 1.000, 1.000, 0.000, 0.000, 0.000, 0.010, 0.019, 0.018, 0.012, 0.020, 0.015
60.400, 0.117, -0.859, 0.000, 0.000, 0.000, 1.000, 1.000, 0.000, 0.000, 0.000, 0.010, 0.019, 0.018, 0.012, 0.020, 0.015
60.420, -0.076, -0.844, 0.000, 0.000, 0.000, 1.000, 1.000, 0.000, 1.000, 0.000, 0.010, 0.019, 0.018, 0.012, 0.020, 0.015
60.440, -0.330, -0.821, 0.000, 0.000, 1.000, 0.000, 1.000, 0.000, 1.000, 0.000, 0.010, 0.019, 0.018, 0.012, 0.020, 0.015
60.460, -0.599, -0.785, 0.000, 0.000, 1.000, 0.000, 1.000, 1.000, 1.000, 0.000, 0.010, 0.018, 0.018, 0.012, 0.020, 0.015
60.480, -0.785, -0.731, 0.000, 0.000, 1.000, 0.000, 0.000, 1.000, 0.000, 0.000, 0.010, 0.018, 0.019, 0.013, 0.020, 0.015
60.500, -0.863, -0.666, 0.000, 0.000, 1.000, 0.000, 0.000, 1.000, 0.000, 0.000, 0.010, 0.018, 0.019, 0.013, 0.021, 0.016
60.520, -0.884, -0.599, 0.000, 0.000, 1.000, 0.000, 0.000, 1.000, 0.000, 0.000, 0.010, 0.018, 0.019, 0.013, 0.021, 0.016
60.540, -0.886, -0.530, 0.000, 0.000, 1.000, 0.000, 0.000, 1.000, 0.000, 0.000, 0.010, 0.018, 0.019, 0.014, 0.021, 0.016
60.560, -0.883, -0.457, 0.000, 0.000, 1.000, 0.000, 0.063, 1.000, 0.000, 0.000, 0.010, 0.018, 0.019, 0.014, 0.021, 0.016
60.580, -0.877, -0.374, 0.000, 0.000, 1.000, 0.000, 1.000, 1.000, 0.000, 0.000, 0.010, 0.018, 0.019, 0.013, 0.021, 0.016
60.600, -0.870, -0.271, 0.000, 0.000, 1.000, 0.000, 1.000, 0.000, 0.000, 0.000, 0.010, 0.018, 0.019, 0.013, 0.020, 0.016
60.620, -0.860, -0.135, 0.000, 0.000, 1.000, 0.000, 1.000, 0.000, 0.151, 0.000, 0.010, 0.018, 0.019, 0.013, 0.020, 0.016
60.640, -0.846, 0.052, 1.000, 0.000, 1.000, 0.000, 1.000, 0.000, 0.000, 1.000, 0.011, 0.018, 0.019, 0.013, 0.020, 0.016
60.660, -0.824, 0.300, 1.000, 0.000, 1.000, 0.000, 1.000, 0.000, 1.000, 1.000, 0.011, 0.018, 0.019, 0.012, 0.020, 0.016
60.680, -0.809, 0.543, 1.000, 1.000, 0.000, 0.000, 1.000, 0.000, 1.000, 0.000, 0.011, 0.018, 0.019, 0.012, 0.021, 0.015
60.700, -0.768, 0.736, 1.000, 1.000, 0.000, 0.000, 0.000, 0.000, 1.000, 0.000, 0.010, 0.018, 0.019, 0.013, 0.021, 0.015
60.720, -0.729, 0.820, 1.000, 1.000, 0.000, 0.000, 0.000, 0.000, 1.000, 0.000, 0.010, 0.019, 0.020, 0.013, 0.021, 0.015
60.740, -0.680, 0.861, 1.000, 1.000, 0.000, 0.000, 0.000, 0.000, 1.000, 0.000, 0.010, 0.019, 0.020, 0.014, 0.021, 0.015
60.760, -0.643, 0.867, 1.000, 1.000, 0.000, 0.000, 0.000, 0.000, 1.000, 0.000, 0.010, 0.019, 0.020, 0.014, 0.021, 0.015
60.780, -0.600, 0.873, 1.000, 1.000, 0.000, 0.000, 0.000, 0.000, 1.000, 0.000, 0.010, 0.019, 0.020, 0.014, 0.021, 0.015
60.800, -0.552, 0.876, 1.000, 1.000, 0.000, 0.000, 0.000, 0.000, 1.000, 0.000, 0.010, 0.019, 0.019, 0.014, 0.021, 0.015
60.820, -0.515, 0.869, 1.000, 1.000, 0.000, 0.000, 0.000, 0.000, 0.000, 0.000, 0.010, 0.019, 0.019, 0.014, 0.021, 0.015
60.840, -0.465, 0.870, 1.000, 1.000, 0.000, 0.000, 0.000, 0.000, 0.638, 0.000, 0.010, 0.019, 0.019, 0.014, 0.021, 0.015
60.860, -0.440, 0.855, 1.000, 1.000, 0.000, 0.000, 0.000, 1.000, 0.029, 0.000, 0.010, 0.019, 0.018, 0.014, 0.021, 0.016
60.880, -0.438, 0.840, 1.000, 1.000, 0.000, 0.000, 0.000, 1.000, 0.000, 0.000, 0.010, 0.019, 0.018, 0.014, 0.020, 0.016
60.900, -0.437, 0.834, 1.000, 1.000, 0.000, 0.000, 0.000, 1.000, 0.000, 0.000, 0.010, 0.019, 0.018, 0.014, 0.020, 0.016
60.920, -0.404, 0.845, 1.000, 1.000, 0.000, 0.000, 0.000, 1.000, 0.651, 0.000, 0.010, 0.019, 0.018, 0.013, 0.020, 0.016
60.940, -0.365, 0.846, 1.000, 1.000, 0.000, 0.000, 0.000, 1.000, 1.000, 0.000, 0.010, 0.019, 0.018, 0.013, 0.020, 0.015
60.960, -0.319, 0.842, 1.000, 1.000, 0.000, 0.000, 0.000, 1.000, 1.000, 0.000, 0.010, 0.019, 0.018, 0.013, 0.020, 0.015
60.980, -0.260, 0.838, 1.000, 1.000, 0.000, 0.000, 0.000, 1.000, 1.000, 0.000, 0.010, 0.019, 0.018, 0.013, 0.020, 0.015
61.000, -0.184, 0.831, 1.000, 1.000, 0.000, 0.000, 0.000, 1.000, 1.000, 0.000, 0.010, 0.018, 0.018, 0.013, 0.020, 0.015
61.020, -0.096, 0.817, 1.000, 1.000, 0.000, 0.000, 0.000, 0.000, 1.000, 0.000, 0.010, 0.018, 0.018, 0.013, 0.020, 0.016
61.040, -0.026, 0.786, 1.000, 1.000, 0.000, 1.000, 0.000, 0.000, 1.000, 0.000, 0.010, 0.018, 0.018, 0.013, 0.020, 0.016
61.060, 0.023, 0.748, 1.000, 1.000, 0.000, 0.000, 0.000, 0.000, 1.000, 0.000, 0.010, 0.018, 0.018, 0.013, 0.021, 0.016
61.080, 0.132, 0.740, 1.000, 1.000, 0.000, 0.000, 0.000, 0.000, 1.000, 0.000, 0.010, 0.018, 0.018, 0.013, 0.021, 0.016
61.100, 0.321, 0.740, 1.000, 1.000, 0.000, 0.000, 0.000, 0.000, 1.000, 0.000, 0.010, 0.018, 0.018, 0.013, 0.021, 0.016
61.120, 0.576, 0.738, 1.000, 0.000, 1.000, 0.000, 0.284, 0.000, 1.000, 1.000, 0.010, 0.018, 0.018, 0.013, 0.021, 0.016
61.140, 0.767, 0.702, 1.000, 0.000, 1.000, 0.000, 0.000, 0.000, 1.000, 1.000, 0.011, 0.019, 0.018, 0.013, 0.021, 0.016
61.160, 0.854, 0.646, 1.000, 0.000, 1.000, 0.000, 0.000, 0.032, 1.000, 1.000, 0.011, 0.019, 0.018, 0.013, 0.021, 0.017
61.180, 0.880, 0.582, 1.000, 0.005, 1.000, 0.000, 0.000, 0.000, 1.000, 0.995, 0.011, 0.019, 0.018, 0.013, 0.021, 0.017
61.200, 0.884, 0.513, 1.000, 0.412, 1.000, 0.000, 0.000, 0.000, 1.000, 0.588, 0.011, 0.019, 0.017, 0.012, 0.021, 0.017
61.220, 0.881, 0.439, 1.000, 0.000, 1.000, 0.016, 1.000, 0.000, 0.000, 1.000, 0.011, 0.019, 0.017, 0.013, 0.021, 0.016
61.240, 0.876, 0.352, 1.000, 0.000, 1.000, 0.000, 1.000, 0.000, 0.000, 1.000, 0.011, 0.019, 0.018, 0.013, 0.021, 0.016
61.260, 0.868, 0.243, 1.000, 0.000, 1.000, 0.328, 1.000, 0.000, 0.000, 1.000, 0.011, 0.019, 0.018, 0.013, 0.021, 0.016
61.280, 0.857, 0.096, 1.000, 0.000, 1.000, 1.000, 1.000, 0.000, 0.000, 1.000, 0.011, 0.018, 0.018, 0.013, 0.021, 0.016
61.300, 0.842, -0.105, 0.000, 0.000, 1.000, 0.693, 1.000, 0.000, 0.000, 0.000, 0.011, 0.018, 0.018, 0.013, 0.021, 0.017
61.320, 0.817, -0.365, 0.000, 0.000, 1.000, 0.000, 1.000, 0.000, 0.000, 0.000, 0.011, 0.018, 0.018, 0.013, 0.021, 0.017
61.340, 0.779, -0.629, 0.000, 0.000, 0.462, 1.000, 1.000, 0.000, 0.000, 0.000, 0.010, 0.018, 0.018, 0.012, 0.021, 0.017
61.360, 0.723, -0.800, 0.000, 0.000, 1.000, 1.000, 1.000, 0.000, 0.000, 0.000, 0.010, 0.018, 0.018, 0.012, 0.020, 0.017
61.380, 0.657, -0.867, 0.000, 0.000, 1.000, 1.000, 1.000, 0.000, 0.000, 0.000, 0.010, 0.018, 0.017, 0.012, 0.020, 0.017
61.400, 0.590, -0.885, 0.000, 0.000, 1.000, 1.000, 1.000, 0.000, 0.000, 0.000, 0.010, 0.018, 0.017, 0.012, 0.020, 0.017
61.420, 0.521, -0.886, 0.000, 0.000, 1.000, 1.000, 1.000, 0.000, 0.000, 0.000, 0.010, 0.018, 0.017, 0.012, 0.020, 0.017
61.440, 0.448, -0.882, 0.000, 0.000, 1.000, 1.000, 1.000, 0.000, 0.000, 0.000, 0.010, 0.018, 0.017, 0.012, 0.020, 0.017
61.460, 0.362, -0.877, 0.000, 0.000, 1.000, 1.000, 1.000, 0.000, 0.000, 0.000, 0.010, 0.018, 0.017, 0.012, 0.020, 0.017
61.480, 0.256, -0.869, 0.000, 0.000, 1.000, 1.000, 1.000, 0.000, 0.000, 0.000, 0.010, 0.018, 0.017, 0.012, 0.020, 0.017
61.500, 0.115, -0.859, 0.000, 0.000, 1.000, 1.000, 1.000, 0.000, 0.000, 0.000, 0.010, 0.018, 0.017, 0.012, 0.020, 0.017
61.520, -0.080, -0.844, 0.000, 0.000, 0.028, 1.000, 1.000, 0.000, 0.000, 0.000, 0.010, 0.018, 0.017, 0.012, 0.020, 0.017
61.540, -0.335, -0.821, 0.000, 0.000, 1.000, 1.000, 1.000, 0.000, 0.000, 0.000, 0.010, 0.018, 0.017, 0.012, 0.020, 0.017
61.560, -0.603, -0.784, 0.000, 0.000, 0.000, 1.000, 1.000, 0.000, 0.000, 0.000, 0.010, 0.018, 0.017, 0.012, 0.019, 0.017
61.580, -0.787, -0.730, 0.000, 0.000, 0.000, 1.000, 1.000, 0.000, 0.000, 0.000, 0.010, 0.019, 0.017, 0.012, 0.019, 0.018
61.600, -0.863, -0.665, 0.000, 0.000, 0.000, 1.000, 1.000, 1.000, 0.000, 0.000, 0.010, 0.019, 0.017, 0.012, 0.020, 0.018
61.620, -0.884, -0.597, 0.000, 0.000, 0.000, 0.000, 1.000, 0.000, 1.000, 0.000, 0.010, 0.019, 0.017, 0.012, 0.020, 0.017
61.640, -0.886, -0.529, 0.000, 0.000, 0.046, 1.000, 1.000, 0.000, 1.000, 0.000, 0.010, 0.019, 0.017, 0.012, 0.020, 0.017
61.660, -0.883, -0.456, 0.000, 0.000, 0.000, 1.000, 1.000, 0.000, 1.000, 0.000, 0.010, 0.019, 0.017, 0.012, 0.019, 0.016
61.680, -0.877, -0.372, 0.000, 0.000, 0.000, 0.000, 0.000, 0.000, 1.000, 0.000, 0.010, 0.019, 0.017, 0.012, 0.019, 0.017
61.700, -0.874, -0.237, 0.000, 1.000, 0.000, 0.000, 0.000, 0.000, 1.000, 1.000, 0.010, 0.019, 0.018, 0.013, 0.019, 0.017
61.720, -0.865, -0.063, 0.000, 1.000, 0.000, 0.000, 0.000, 0.000, 1.000, 1.000, 0.011, 0.019, 0.018, 0.013, 0.020, 0.017
61.740, -0.855, 0.164, 1.000, 1.000, 0.000, 0.000, 0.000, 0.000, 1.000, 0.000, 0.010, 0.019, 0.018, 0.013, 0.020, 0.018
61.760, -0.832, 0.417, 1.000, 1.000, 0.000, 0.000, 0.000, 0.000, 1.000, 0.000, 0.010, 0.019, 0.018, 0.013, 0.020, 0.018
61.780, -0.800, 0.640, 1.000, 1.000, 0.000, 0.000, 0.000, 0.000, 1.000, 0.000, 0.010, 0.019, 0.018, 0.013, 0.020, 0.018
61.800, -0.758, 0.780, 1.000, 1.000, 0.000, 0.000, 0.009, 0.000, 1.000, 0.000, 0.010, 0.019, 0.017, 0.013, 0.021, 0.018
61.820, -0.728, 0.825, 1.000, 1.000, 0.000, 0.000, 0.000, 0.000, 1.000, 0.000, 0.010, 0.019, 0.017, 0.014, 0.021, 0.018
61.840, -0.679, 0.862, 1.000, 1.000, 0.000, 1.000, 0.054, 0.003, 1.000, 0.000, 0.010, 0.018, 0.018, 0.014, 0.021, 0.018
61.860, -0.623, 0.878, 1.000, 1.000, 0.000, 1.000, 0.204, 0.044, 1.000, 0.000, 0.010, 0.018, 0.018, 0.014, 0.021, 0.018
61.880, -0.664, 0.826, 1.000, 1.000, 0.000, 0.000, 0.000, 0.000, 1.000, 0.000, 0.010, 0.018, 0.017, 0.013, 0.021, 0.018
61.900, -0.672, 0.831, 1.000, 1.000, 0.000, 0.000, 0.000, 1.000, 1.000, 0.000, 0.010, 0.018, 0.017, 0.013, 0.020, 0.018
61.920, -0.666, 0.840, 1.000, 1.000, 0.000, 0.000, 0.000, 1.000, 0.000, 0.000, 0.010, 0.018, 0.017, 0.013, 0.020, 0.018
61.940, -0.650, 0.851, 1.000, 1.000, 0.000, 0.000, 0.000, 1.000, 0.000, 0.000, 0.009, 0.018, 0.017, 0.012, 0.020, 0.017
61.960, -0.635, 0.853, 1.000, 1.000, 0.000, 0.000, 0.000, 1.000, 0.000, 0.000, 0.009, 0.018, 0.017, 0.012, 0.020, 0.018
61.980, -0.628, 0.850, 1.000, 1.000, 0.000, 0.000, 0.000, 1.000, 0.000, 0.000, 0.009, 0.018, 0.017, 0.012, 0.019, 0.018
62.000, -0.622, 0.850, 1.000, 1.000, 0.000, 0.000, 0.000, 1.000, 0.000, 0.000, 0.009, 0.018, 0.017, 0.012, 0.019, 0.018
62.020, -0.614, 0.850, 1.000, 1.000, 0.000, 0.000, 0.000, 1.000, 0.000, 0.000, 0.009, 0.018, 0.017, 0.012, 0.019, 0.018
62.040, -0.604, 0.853, 1.000, 1.000, 0.000, 0.000, 0.000, 1.000, 0.000, 0.000, 0.009, 0.018, 0.017, 0.012, 0.019, 0.018
62.060, -0.622, 0.837, 1.000, 1.000, 0.000, 0.000, 0.000, 1.000, 1.000, 0.000, 0.009, 0.017, 0.017, 0.012, 0.019, 0.018
62.080, -0.600, 0.855, 1.000, 1.000, 0.000, 0.000, 0.000, 0.000, 1.000, 0.000, 0.009, 0.017, 0.016, 0.012, 0.020, 0.017
62.100, -0.580, 0.859, 1.000, 1.000, 0.000, 0.000, 0.000, 0.000, 1.000, 0.000, 0.009, 0.017, 0.016, 0.012, 0.020, 0.017
62.120, -0.518, 0.877, 1.000, 0.664, 0.000, 1.000, 0.203, 0.000, 0.000, 0.336, 0.009, 0.017, 0.017, 0.012, 0.020, 0.018
62.140, -0.540, 0.842, 1.000, 1.000, 0.000, 1.000, 0.000, 0.000, 1.000, 0.000, 0.009, 0.017, 0.017, 0.012, 0.020, 0.017
62.160, -0.532, 0.847, 1.000, 1.000, 0.000, 0.000, 0.000, 0.000, 1.000, 0.000, 0.009, 0.017, 0.017, 0.012, 0.020, 0.017
62.180, -0.525, 0.848, 1.000, 1.000, 0.000, 0.000, 0.000, 1.000, 1.000, 0.000, 0.009, 0.017, 0.017, 0.012, 0.020, 0.017
62.200, -0.487, 0.860, 1.000, 1.000, 0.000, 0.000, 0.000, 1.000, 0.000, 0.000, 0.009, 0.017, 0.018, 0.012, 0.020, 0.017
62.220, -0.462, 0.855, 1.000, 1.000, 0.000, 0.000, 0.000, 1.000, 1.000, 0.000, 0.009, 0.017, 0.018, 0.012, 0.019, 0.017
62.240, -0.434, 0.852, 1.000, 1.000, 0.000, 0.000, 0.000, 1.000, 1.000, 0.000, 0.009, 0.018, 0.018, 0.012, 0.019, 0.017
62.260, -0.362, 0.863, 1.000, 1.000, 0.000, 1.000, 0.000, 1.000, 0.000, 0.000, 0.009, 0.018, 0.017, 0.012, 0.019, 0.017
62.280, -0.273, 0.860, 1.000, 1.000, 0.000, 1.000, 0.000, 1.000, 0.000, 0.000, 0.009, 0.018, 0.017, 0.012, 0.019, 0.018
62.300, -0.230, 0.830, 1.000, 1.000, 0.000, 1.000, 0.000, 0.000, 1.000, 0.000, 0.009, 0.018, 0.017, 0.012, 0.020, 0.017
62.320, -0.159, 0.821, 1.000, 1.000, 0.000, 1.000, 0.000, 0.000, 1.000, 0.000, 0.009, 0.018, 0.017, 0.012, 0.020, 0.017
62.340, -0.073, 0.807, 1.000, 1.000, 0.000, 1.000, 1.000, 0.000, 1.000, 0.000, 0.009, 0.019, 0.017, 0.012, 0.020, 0.017
62.360, 0.124, 0.818, 1.000, 0.000, 0.000, 1.000, 1.000, 0.000, 1.000, 1.000, 0.010, 0.019, 0.016, 0.012, 0.020, 0.017
62.380, 0.382, 0.804, 1.000, 0.000, 0.000, 1.000, 1.000, 0.000, 0.000, 1.000, 0.010, 0.019, 0.016, 0.012, 0.020, 0.017
62.400, 0.641, 0.769, 1.000, 0.000, 0.000, 1.000, 1.000, 0.000, 0.000, 1.000, 0.010, 0.019, 0.016, 0.012, 0.020, 0.018
62.420, 0.805, 0.715, 1.000, 0.000, 1.000, 1.000, 1.000, 0.000, 0.000, 1.000, 0.010, 0.018, 0.016, 0.012, 0.021, 0.018
62.440, 0.869, 0.650, 1.000, 0.000, 1.000, 0.000, 1.000, 0.000, 0.000, 1.000, 0.011, 0.018, 0.017, 0.012, 0.021, 0.018
62.460, 0.885, 0.583, 1.000, 0.000, 1.000, 0.000, 1.000, 0.000, 0.000, 1.000, 0.011, 0.018, 0.017, 0.012, 0.021, 0.018
62.480, 0.886, 0.514, 1.000, 0.000, 1.000, 0.000, 1.000, 0.000, 0.000, 1.000, 0.011, 0.018, 0.017, 0.012, 0.020, 0.018
62.500, 0.882, 0.440, 1.000, 0.000, 1.000, 0.000, 1.000, 0.000, 0.000, 1.000, 0.011, 0.017, 0.018, 0.012, 0.020, 0.018
62.520, 0.876, 0.353, 1.000, 0.000, 1.000, 0.000, 1.000, 0.000, 0.000, 1.000, 0.011, 0.017, 0.018, 0.011, 0.020, 0.018
62.540, 0.868, 0.244, 1.000, 0.000, 1.000, 1.000, 1.000, 0.000, 0.000, 1.000, 0.011, 0.017, 0.017, 0.011, 0.019, 0.018
62.560, 0.857, 0.098, 1.000, 0.000, 0.000, 1.000, 1.000, 0.000, 0.000, 1.000, 0.011, 0.018, 0.017, 0.011, 0.019, 0.018
62.580, 0.842, -0.102, 0.000, 0.000, 0.000, 1.000, 1.000, 0.000, 0.000, 0.000, 0.011, 0.018, 0.017, 0.011, 0.019, 0.018
62.600, 0.818, -0.362, 0.000, 0.000, 0.639, 1.000, 1.000, 0.000, 0.245, 0.000, 0.010, 0.018, 0.017, 0.011, 0.019, 0.018
62.620, 0.779, -0.626, 0.000, 0.000, 0.000, 1.000, 1.000, 0.000, 1.000, 0.000, 0.010, 0.018, 0.016, 0.011, 0.019, 0.018
62.640, 0.724, -0.799, 0.000, 0.000, 0.000, 1.000, 1.000, 1.000, 0.393, 0.000, 0.010, 0.018, 0.016, 0.011, 0.020, 0.018
62.660, 0.658, -0.867, 0.000, 0.000, 0.000, 1.000, 0.000, 1.000, 0.000, 0.000, 0.010, 0.019, 0.016, 0.012, 0.020, 0.018
62.680, 0.591, -0.885, 0.000, 0.000, 0.000, 1.000, 0.242, 1.000, 0.000, 0.000, 0.010, 0.019, 0.016, 0.012, 0.020, 0.018
62.700, 0.522, -0.886, 0.000, 0.049, 0.000, 1.000, 0.309, 0.738, 0.045, 0.049, 0.010, 0.019, 0.016, 0.012, 0.020, 0.018
62.720, 0.448, -0.882, 0.000, 0.271, 0.199, 1.000, 0.000, 1.000, 0.000, 0.271, 0.010, 0.019, 0.016, 0.012, 0.020, 0.018
62.740, 0.362, -0.876, 0.000, 0.000, 1.000, 0.000, 1.000, 1.000, 0.000, 0.000, 0.010, 0.018, 0.017, 0.012, 0.020, 0.017
62.760, 0.256, -0.869, 0.000, 0.000, 1.000, 0.000, 1.000, 0.000, 0.085, 0.000, 0.010, 0.018, 0.017, 0.012, 0.020, 0.017
62.780, 0.115, -0.859, 0.000, 0.000, 1.000, 0.000, 1.000, 0.000, 0.000, 0.000, 0.010, 0.018, 0.017, 0.012, 0.020, 0.017
62.800, -0.254, -0.786, 0.000, 1.000, 0.000, 0.000, 0.000, 0.036, 1.000, 1.000, 0.010, 0.018, 0.017, 0.012, 0.020, 0.018
62.820, -0.605, -0.724, 0.000, 1.000, 0.000, 0.000, 0.000, 1.000, 1.000, 1.000, 0.011, 0.018, 0.018, 0.012, 0.020, 0.018
62.840, -0.797, -0.665, 0.000, 1.000, 0.000, 0.000, 0.000, 0.000, 1.000, 1.000, 0.011, 0.018, 0.018, 0.013, 0.020, 0.018
62.860, -0.873, -0.565, 0.000, 1.000, 0.000, 0.000, 0.000, 0.000, 1.000, 1.000, 0.011, 0.017, 0.018, 0.012, 0.020, 0.018
62.880, -0.888, -0.434, 0.000, 1.000, 0.000, 0.000, 0.000, 0.000, 1.000, 1.000, 0.011, 0.017, 0.018, 0.012, 0.020, 0.019
62.900, -0.882, -0.291, 0.000, 1.000, 0.000, 0.000, 0.000, 0.045, 1.000, 1.000, 0.011, 0.017, 0.018, 0.012, 0.021, 0.019
62.920, -0.874, -0.106, 0.000, 1.000, 0.000, 0.000, 0.000, 0.000, 1.000, 1.000, 0.011, 0.017, 0.018, 0.012, 0.021, 0.019
62.940, -0.863, 0.120, 1.000, 1.000, 0.000, 0.000, 0.000, 0.000, 1.000, 0.000, 0.011, 0.017, 0.018, 0.012, 0.021, 0.019
62.960, -0.842, 0.368, 1.000, 1.000, 0.000, 0.000, 0.000, 1.000, 0.000, 0.000, 0.010, 0.017, 0.018, 0.011, 0.020, 0.019
62.980, -0.807, 0.606, 1.000, 1.000, 0.000, 0.000, 0.000, 1.000, 0.000, 0.000, 0.010, 0.017, 0.018, 0.011, 0.020, 0.019
63.000, -0.749, 0.785, 1.000, 1.000, 1.000, 0.000, 0.000, 1.000, 0.000, 0.000, 0.010, 0.018, 0.018, 0.011, 0.020, 0.019
63.020, -0.680, 0.864, 1.000, 0.258, 1.000, 0.000, 0.000, 1.000, 0.000, 0.742, 0.010, 0.018, 0.018, 0.011, 0.019, 0.019
63.040, -0.612, 0.885, 1.000, 0.186, 1.000, 0.000, 0.000, 1.000, 1.000, 0.814, 0.011, 0.018, 0.017, 0.011, 0.019, 0.018
63.060, -0.683, 0.806, 1.000, 1.000, 0.000, 0.000, 0.000, 0.000, 1.000, 0.000, 0.010, 0.018, 0.017, 0.011, 0.020, 0.018
63.080, -0.676, 0.833, 1.000, 1.000, 0.000, 0.000, 0.000, 0.000, 1.000, 0.000, 0.010, 0.017, 0.017, 0.011, 0.020, 0.018
63.100, -0.635, 0.863, 1.000, 1.000, 0.000, 0.000, 0.000, 1.000, 0.000, 0.000, 0.010, 0.017, 0.017, 0.011, 0.020, 0.018
63.120, -0.594, 0.871, 1.000, 1.000, 0.000, 0.000, 0.000, 1.000, 0.000, 0.000, 0.010, 0.017, 0.017, 0.011, 0.020, 0.019
63.140, -0.554, 0.872, 1.000, 1.000, 0.000, 0.000, 0.000, 1.000, 0.000, 0.000, 0.010, 0.017, 0.017, 0.011, 0.019, 0.019
63.160, -0.487, 0.880, 1.000, 0.000, 0.000, 1.000, 0.476, 0.000, 0.000, 1.000, 0.011, 0.017, 0.017, 0.011, 0.020, 0.019
63.180, -0.410, 0.878, 1.000, 0.000, 0.000, 1.000, 1.000, 0.000, 0.000, 1.000, 0.011, 0.018, 0.017, 0.012, 0.020, 0.019
63.200, -0.316, 0.873, 1.000, 0.000, 0.000, 1.000, 1.000, 0.000, 0.000, 1.000, 0.011, 0.018, 0.018, 0.012, 0.020, 0.019
63.220, -0.197, 0.864, 1.000, 0.128, 0.240, 1.000, 1.000, 0.000, 0.013, 0.872, 0.011, 0.018, 0.018, 0.012, 0.020, 0.019
63.240, -0.034, 0.852, 1.000, 0.054, 0.357, 0.000, 1.000, 0.000, 1.000, 0.946, 0.011, 0.018, 0.017, 0.013, 0.021, 0.019
63.260, 0.189, 0.834, 1.000, 0.009, 0.000, 1.000, 1.000, 0.000, 1.000, 0.991, 0.011, 0.018, 0.018, 0.013, 0.021, 0.018
63.280, 0.452, 0.802, 1.000, 1.000, 0.000, 1.000, 1.000, 0.000, 0.000, 0.000, 0.011, 0.018, 0.018, 0.012, 0.021, 0.019
63.300, 0.695, 0.760, 1.000, 0.000, 0.000, 1.000, 1.000, 0.000, 0.000, 1.000, 0.011, 0.018, 0.017, 0.012, 0.021, 0.019
63.320, 0.829, 0.701, 1.000, 0.000, 0.000, 1.000, 1.000, 0.000, 0.000, 1.000, 0.011, 0.018, 0.017, 0.012, 0.021, 0.019
63.340, 0.876, 0.635, 1.000, 0.000, 1.000, 0.000, 1.000, 0.000, 0.000, 1.000, 0.012, 0.018, 0.017, 0.012, 0.021, 0.019
63.360, 0.886, 0.567, 1.000, 0.000, 1.000, 0.000, 1.000, 0.000, 0.000, 1.000, 0.012, 0.018, 0.018, 0.011, 0.021, 0.019
63.380, 0.885, 0.498, 1.000, 0.000, 1.000, 0.000, 1.000, 0.020, 0.098, 1.000, 0.012, 0.017, 0.018, 0.011, 0.021, 0.019
63.400, 0.881, 0.421, 1.000, 0.000, 1.000, 0.000, 1.000, 0.000, 0.043, 1.000, 0.012, 0.017, 0.018, 0.011, 0.021, 0.019
63.420, 0.874, 0.330, 1.000, 0.000, 1.000, 0.000, 1.000, 0.000, 0.000, 1.000, 0.012, 0.017, 0.018, 0.011, 0.021, 0.019
63.440, 0.866, 0.214, 1.000, 0.000, 1.000, 1.000, 1.000, 0.000, 0.000, 1.000, 0.012, 0.017, 0.018, 0.011, 0.021, 0.019
63.460, 0.854, 0.057, 1.000, 0.000, 0.000, 1.000, 1.000, 0.000, 0.000, 1.000, 0.012, 0.018, 0.017, 0.011, 0.021, 0.019
63.480, 0.837, -0.159, 0.000, 0.000, 0.000, 1.000, 1.000, 0.000, 0.000, 0.000, 0.012, 0.018, 0.017, 0.011, 0.021, 0.019
63.500, 0.810, -0.427, 0.000, 0.000, 0.000, 1.000, 1.000, 0.000, 0.000, 0.000, 0.011, 0.018, 0.017, 0.011, 0.020, 0.018
63.520, 0.768, -0.678, 0.000, 0.000, 1.000, 1.000, 1.000, 0.000, 0.000, 0.000, 0.011, 0.018, 0.017, 0.011, 0.020, 0.018
63.540, 0.709, -0.822, 0.000, 0.000, 1.000, 0.000, 1.000, 0.000, 0.000, 0.000, 0.011, 0.017, 0.017, 0.011, 0.020, 0.018
63.560, 0.642, -0.874, 0.000, 0.000, 1.000, 0.000, 1.000, 0.000, 1.000, 0.000, 0.011, 0.017, 0.018, 0.011, 0.020, 0.019
63.580, 0.575, -0.886, 0.000, 0.041, 1.000, 0.000, 0.127, 0.000, 1.000, 0.041, 0.011, 0.017, 0.018, 0.012, 0.020, 0.019
63.600, 0.505, -0.886, 0.000, 0.000, 1.000, 1.000, 0.253, 0.000, 1.000, 0.000, 0.011, 0.017, 0.017, 0.012, 0.020, 0.019
63.620, 0.430, -0.881, 0.000, 0.000, 1.000, 0.000, 1.000, 0.000, 0.000, 0.000, 0.011, 0.017, 0.018, 0.011, 0.019, 0.019
63.640, 0.341, -0.875, 0.000, 0.000, 1.000, 0.000, 1.000, 0.000, 0.000, 0.000, 0.011, 0.017, 0.018, 0.011, 0.019, 0.018
63.660, 0.228, -0.867, 0.000, 0.000, 0.000, 1.000, 1.000, 0.000, 0.000, 0.000, 0.011, 0.017, 0.018, 0.011, 0.019, 0.018
63.680, 0.076, -0.856, 0.000, 0.000, 0.000, 1.000, 1.000, 0.000, 0.000, 0.000, 0.011, 0.018, 0.017, 0.011, 0.019, 0.018
63.700, -0.132, -0.839, 0.000, 0.000, 0.000, 0.000, 1.000, 0.000, 0.000, 0.000, 0.011, 0.018, 0.018, 0.011, 0.019, 0.018
63.720, -0.425, -0.803, 0.000, 1.000, 0.000, 0.000, 0.000, 0.000, 0.000, 1.000, 0.011, 0.018, 0.018, 0.012, 0.019, 0.018
63.740, -0.675, -0.764, 0.000, 0.000, 0.012, 0.000, 1.000, 0.000, 0.000, 0.000, 0.011, 0.018, 0.018, 0.011, 0.019, 0.018
63.760, -0.821, -0.707, 0.000, 0.000, 1.000, 0.000, 1.000, 0.000, 0.000, 0.000, 0.011, 0.018, 0.018, 0.011, 0.019, 0.018
63.780, -0.873, -0.641, 0.000, 0.000, 1.000, 0.217, 1.000, 0.000, 0.000, 0.000, 0.011, 0.017, 0.018, 0.011, 0.019, 0.018
63.800, -0.886, -0.573, 0.000, 0.000, 1.000, 1.000, 1.000, 0.000, 0.000, 0.000, 0.011, 0.017, 0.018, 0.011, 0.019, 0.018
63.820, -0.885, -0.504, 0.000, 0.000, 0.000, 1.000, 1.000, 0.000, 0.000, 0.000, 0.011, 0.018, 0.017, 0.011, 0.019, 0.018
63.840, -0.881, -0.428, 0.000, 0.249, 0.000, 1.000, 1.000, 0.000, 1.000, 0.249, 0.011, 0.018, 0.017, 0.011, 0.019, 0.018
63.860, -0.875, -0.338, 0.000, 0.081, 0.000, 1.000, 1.000, 0.000, 1.000, 0.081, 0.011, 0.018, 0.017, 0.011, 0.019, 0.018
63.880, -0.867, -0.224, 0.000, 0.000, 0.000, 1.000, 1.000, 0.000, 1.000, 0.000, 0.011, 0.018, 0.018, 0.011, 0.019, 0.018
63.900, -0.855, -0.071, 0.000, 0.026, 0.000, 1.000, 1.000, 0.000, 1.000, 0.026, 0.010, 0.018, 0.018, 0.011, 0.019, 0.018
63.920, -0.842, 0.141, 1.000, 1.000, 0.000, 1.000, 1.000, 0.000, 1.000, 0.000, 0.010, 0.018, 0.018, 0.011, 0.019, 0.018
63.940, -0.841, 0.378, 1.000, 1.000, 0.000, 0.000, 0.000, 0.000, 1.000, 0.000, 0.010, 0.019, 0.018, 0.011, 0.020, 0.017
63.960, -0.808, 0.609, 1.000, 1.000, 0.000, 0.000, 0.000, 1.000, 1.000, 0.000, 0.010, 0.019, 0.017, 0.012, 0.019, 0.017
63.980, -0.763, 0.768, 1.000, 1.000, 0.000, 0.000, 0.000, 1.000, 0.000, 0.000, 0.010, 0.019, 0.017, 0.012, 0.019, 0.018
64.000, -0.708, 0.846, 1.000, 1.000, 0.000, 0.000, 0.000, 1.000, 0.000, 0.000, 0.010, 0.019, 0.017, 0.012, 0.019, 0.018
64.020, -0.659, 0.869, 1.000, 1.000, 0.000, 0.000, 0.000, 1.000, 0.000, 0.000, 0.010, 0.018, 0.017, 0.012, 0.019, 0.019
64.040, -0.619, 0.871, 1.000, 1.000, 0.000, 0.000, 0.000, 1.000, 0.000, 0.000, 0.010, 0.018, 0.017, 0.012, 0.019, 0.019
64.060, -0.585, 0.870, 1.000, 1.000, 0.000, 0.000, 0.000, 1.000, 0.000, 0.000, 0.010, 0.018, 0.017, 0.012, 0.019, 0.019
64.080, -0.555, 0.867, 1.000, 1.000, 0.000, 0.000, 0.000, 1.000, 0.000, 0.000, 0.010, 0.017, 0.017, 0.012, 0.018, 0.019
64.100, -0.542, 0.857, 1.000, 1.000, 0.000, 0.000, 0.000, 1.000, 1.000, 0.000, 0.010, 0.017, 0.017, 0.012, 0.018, 0.018
64.120, -0.503, 0.865, 1.000, 1.000, 0.000, 0.000, 0.000, 1.000, 1.000, 0.000, 0.010, 0.017, 0.017, 0.011, 0.018, 0.018
64.140, -0.482, 0.856, 1.000, 1.000, 0.000, 0.000, 0.000, 0.000, 1.000, 0.000, 0.010, 0.017, 0.017, 0.011, 0.019, 0.018
64.160, -0.436, 0.861, 1.000, 1.000, 0.000, 0.000, 0.000, 1.000, 1.000, 0.000, 0.010, 0.017, 0.017, 0.011, 0.019, 0.018
64.180, -0.390, 0.857, 1.000, 1.000, 0.000, 0.000, 0.000, 1.000, 1.000, 0.000, 0.010, 0.017, 0.016, 0.011, 0.018, 0.018
64.200, -0.345, 0.849, 1.000, 1.000, 0.000, 0.000, 0.000, 1.000, 0.000, 0.000, 0.010, 0.017, 0.016, 0.011, 0.018, 0.018
64.220, -0.307, 0.837, 1.000, 1.000, 1.000, 0.000, 0.000, 1.000, 0.000, 0.000, 0.010, 0.018, 0.016, 0.011, 0.018, 0.018
64.240, -0.193, 0.851, 1.000, 0.000, 1.000, 0.000, 0.000, 0.000, 0.000, 1.000, 0.011, 0.018, 0.016, 0.011, 0.019, 0.019
64.260, -0.124, 0.820, 1.000, 1.000, 0.000, 0.067, 0.000, 1.000, 0.000, 0.000, 0.010, 0.018, 0.016, 0.011, 0.018, 0.019
64.280, 0.023, 0.818, 1.000, 1.000, 0.000, 0.000, 0.000, 1.000, 1.000, 0.000, 0.010, 0.017, 0.016, 0.011, 0.018, 0.018
64.300, 0.185, 0.790, 1.000, 1.000, 0.103, 0.182, 1.000, 1.000, 0.000, 0.000, 0.010, 0.017, 0.016, 0.011, 0.018, 0.019
64.320, 0.420, 0.772, 1.000, 1.000, 0.110, 0.000, 0.000, 0.000, 0.000, 0.000, 0.010, 0.017, 0.017, 0.011, 0.019, 0.019
64.340, 0.657, 0.739, 1.000, 1.000, 0.118, 0.000, 0.000, 0.000, 0.000, 0.000, 0.010, 0.017, 0.017, 0.011, 0.019, 0.019
64.360, 0.804, 0.680, 1.000, 1.000, 0.000, 0.000, 0.000, 0.000, 0.000, 0.000, 0.010, 0.017, 0.017, 0.011, 0.019, 0.019
64.380, 0.865, 0.618, 1.000, 1.000, 1.000, 0.000, 0.000, 1.000, 1.000, 0.000, 0.010, 0.017, 0.018, 0.011, 0.019, 0.019
64.400, 0.882, 0.553, 1.000, 0.000, 1.000, 1.000, 1.000, 0.000, 0.705, 1.000, 0.010, 0.017, 0.017, 0.011, 0.019, 0.019
64.420, 0.883, 0.484, 1.000, 0.000, 1.000, 0.000, 1.000, 0.000, 0.000, 1.000, 0.011, 0.017, 0.017, 0.012, 0.019, 0.018
64.440, 0.879, 0.405, 1.000, 0.000, 0.000, 1.000, 1.000, 0.000, 0.000, 1.000, 0.011, 0.017, 0.017, 0.012, 0.019, 0.018
64.460, 0.873, 0.310, 1.000, 0.000, 0.000, 1.000, 1.000, 0.000, 0.000, 1.000, 0.011, 0.018, 0.017, 0.012, 0.020, 0.018
64.480, 0.864, 0.188, 1.000, 0.000, 0.000, 1.000, 1.000, 0.000, 0.000, 1.000, 0.011, 0.018, 0.016, 0.012, 0.020, 0.018
64.500, 0.852, 0.021, 1.000, 0.000, 1.000, 1.000, 1.000, 0.000, 0.000, 1.000, 0.011, 0.017, 0.016, 0.012, 0.020, 0.018
64.520, 0.833, -0.206, 0.000, 0.000, 1.000, 1.000, 1.000, 0.125, 0.000, 0.000, 0.011, 0.017, 0.016, 0.012, 0.020, 0.018
64.540, 0.804, -0.479, 0.000, 0.000, 1.000, 1.000, 1.000, 1.000, 0.000, 0.000, 0.011, 0.017, 0.016, 0.011, 0.019, 0.018
64.560, 0.758, -0.714, 0.000, 0.000, 1.000, 1.000, 1.000, 1.000, 0.000, 0.000, 0.010, 0.017, 0.016, 0.011, 0.019, 0.017
64.580, 0.697, -0.837, 0.000, 0.000, 1.000, 1.000, 1.000, 1.000, 0.000, 0.000, 0.010, 0.017, 0.016, 0.011, 0.019, 0.017
64.600, 0.630, -0.878, 0.000, 0.000, 1.000, 1.000, 1.000, 0.580, 0.000, 0.000, 0.010, 0.017, 0.016, 0.011, 0.019, 0.017
64.620, 0.562, -0.887, 0.000, 0.000, 1.000, 1.000, 1.000, 1.000, 0.000, 0.000, 0.010, 0.017, 0.016, 0.011, 0.019, 0.017
64.640, 0.492, -0.885, 0.000, 0.000, 1.000, 1.000, 1.000, 1.000, 0.000, 0.000, 0.010, 0.016, 0.016, 0.011, 0.020, 0.017
64.660, 0.414, -0.880, 0.000, 0.000, 1.000, 0.000, 1.000, 1.000, 0.000, 0.000, 0.010, 0.016, 0.017, 0.011, 0.020, 0.017
64.680, 0.322, -0.874, 0.000, 0.000, 1.000, 0.000, 1.000, 1.000, 0.000, 0.000, 0.010, 0.016, 0.017, 0.011, 0.020, 0.017
64.700, 0.203, -0.865, 0.000, 0.000, 1.000, 0.000, 1.000, 1.000, 0.000, 0.000, 0.010, 0.016, 0.017, 0.011, 0.020, 0.017
64.720, 0.042, -0.853, 0.000, 0.021, 0.000, 0.000, 1.000, 0.279, 0.000, 0.021, 0.010, 0.017, 0.017, 0.011, 0.020, 0.017
64.740, -0.195, -0.830, 0.000, 1.000, 0.000, 0.000, 1.000, 0.000, 0.359, 1.000, 0.011, 0.017, 0.017, 0.011, 0.019, 0.017
64.760, -0.467, -0.803, 0.000, 0.000, 0.000, 0.000, 1.000, 0.000, 0.570, 0.000, 0.010, 0.017, 0.017, 0.011, 0.019, 0.017
64.780, -0.706, -0.759, 0.000, 0.000, 0.000, 0.000, 1.000, 0.000, 0.000, 0.000, 0.010, 0.018, 0.018, 0.011, 0.019, 0.017
64.800, -0.834, -0.699, 0.000, 0.000, 1.000, 1.000, 1.000, 0.000, 0.000, 0.000, 0.010, 0.017, 0.017, 0.011, 0.019, 0.017
64.820, -0.877, -0.632, 0.000, 0.000, 1.000, 1.000, 1.000, 1.000, 0.000, 0.000, 0.010, 0.017, 0.017, 0.011, 0.019, 0.018
64.840, -0.886, -0.564, 0.000, 0.000, 0.000, 1.000, 0.000, 1.000, 0.000, 0.000, 0.010, 0.017, 0.017, 0.011, 0.019, 0.018
64.860, -0.885, -0.494, 0.000, 0.238, 0.000, 1.000, 0.000, 1.000, 0.000, 0.238, 0.010, 0.017, 0.017, 0.012, 0.019, 0.018
64.880, -0.883, -0.383, 0.000, 1.000, 0.000, 1.000, 0.000, 1.000, 0.000, 1.000, 0.011, 0.017, 0.017, 0.012, 0.019, 0.018
64.900, -0.880, -0.219, 0.000, 1.000, 0.000, 0.000, 0.000, 1.000, 1.000, 1.000, 0.011, 0.017, 0.017, 0.012, 0.019, 0.018
64.920, -0.865, -0.039, 0.000, 1.000, 0.000, 0.000, 0.000, 1.000, 0.674, 1.000, 0.011, 0.017, 0.017, 0.012, 0.018, 0.018
64.940, -0.846, 0.188, 1.000, 1.000, 0.000, 0.000, 0.000, 1.000, 0.505, 0.000, 0.011, 0.016, 0.016, 0.012, 0.018, 0.018
64.960, -0.817, 0.455, 1.000, 1.000, 0.000, 0.000, 0.000, 1.000, 0.000, 0.000, 0.010, 0.016, 0.016, 0.012, 0.018, 0.018
64.980, -0.781, 0.680, 1.000, 1.000, 0.000, 0.000, 0.000, 1.000, 0.000, 0.000, 0.010, 0.016, 0.016, 0.012, 0.018, 0.018
65.000, -0.739, 0.802, 1.000, 1.000, 0.000, 0.000, 0.000, 1.000, 0.000, 0.000, 0.010, 0.016, 0.016, 0.012, 0.018, 0.018
65.020, -0.694, 0.851, 1.000, 1.000, 0.000, 0.000, 0.000, 1.000, 1.000, 0.000, 0.010, 0.016, 0.016, 0.012, 0.018, 0.018
65.040, -0.655, 0.865, 1.000, 1.000, 0.000, 0.000, 0.000, 1.000, 0.424, 0.000, 0.010, 0.016, 0.016, 0.011, 0.018, 0.018
65.060, -0.615, 0.871, 1.000, 1.000, 0.000, 0.000, 0.000, 1.000, 1.000, 0.000, 0.010, 0.016, 0.016, 0.011, 0.018, 0.018
65.080, -0.571, 0.874, 1.000, 1.000, 0.000, 0.000, 0.000, 1.000, 0.000, 0.000, 0.010, 0.016, 0.016, 0.011, 0.018, 0.018
65.100, -0.567, 0.855, 1.000, 1.000, 0.000, 0.000, 0.000, 1.000, 0.000, 0.000, 0.010, 0.016, 0.016, 0.011, 0.018, 0.018
65.120, -0.548, 0.857, 1.000, 1.000, 0.000, 0.000, 0.000, 1.000, 0.000, 0.000, 0.010, 0.016, 0.016, 0.011, 0.018, 0.018
65.140, -0.528, 0.858, 1.000, 1.000, 0.000, 0.000, 1.000, 1.000, 0.000, 0.000, 0.010, 0.016, 0.016, 0.012, 0.018, 0.019
65.160, -0.493, 0.862, 1.000, 1.000, 0.000, 0.222, 0.000, 0.000, 0.000, 0.000, 0.010, 0.016, 0.016, 0.011, 0.018, 0.019
65.180, -0.445, 0.864, 1.000, 1.000, 0.000, 0.000, 0.000, 0.000, 0.000, 0.000, 0.010, 0.016, 0.016, 0.011, 0.019, 0.019
65.200, -0.380, 0.865, 1.000, 1.000, 0.000, 0.000, 0.000, 0.000, 1.000, 0.000, 0.010, 0.016, 0.016, 0.011, 0.019, 0.018
65.220, -0.287, 0.865, 1.000, 1.000, 0.000, 0.000, 0.000, 0.000, 1.000, 0.000, 0.010, 0.016, 0.016, 0.011, 0.019, 0.018
65.240, -0.164, 0.858, 1.000, 1.000, 0.000, 0.000, 0.000, 0.000, 1.000, 0.000, 0.010, 0.016, 0.016, 0.011, 0.019, 0.018
65.260, -0.003, 0.843, 1.000, 1.000, 0.000, 0.000, 0.000, 1.000, 1.000, 0.000, 0.010, 0.016, 0.016, 0.011, 0.019, 0.018
65.280, 0.178, 0.812, 1.000, 1.000, 0.000, 0.000, 0.000, 0.000, 1.000, 0.000, 0.010, 0.016, 0.016, 0.011, 0.019, 0.018
65.300, 0.434, 0.792, 1.000, 1.000, 0.000, 0.000, 0.000, 0.000, 1.000, 0.000, 0.010, 0.016, 0.016, 0.011, 0.019, 0.019
65.320, 0.673, 0.750, 1.000, 1.000, 0.000, 1.000, 0.511, 0.000, 1.000, 0.000, 0.010, 0.016, 0.016, 0.011, 0.019, 0.019
65.340, 0.818, 0.697, 1.000, 0.000, 0.000, 1.000, 1.000, 0.000, 1.000, 1.000, 0.010, 0.016, 0.016, 0.012, 0.019, 0.019
65.360, 0.872, 0.633, 1.000, 0.000, 0.000, 1.000, 1.000, 0.000, 0.000, 1.000, 0.010, 0.016, 0.016, 0.012, 0.019, 0.018
65.380, 0.885, 0.567, 1.000, 0.000, 0.000, 1.000, 1.000, 0.000, 0.000, 1.000, 0.011, 0.017, 0.016, 0.012, 0.019, 0.018
65.400, 0.885, 0.497, 1.000, 0.000, 1.000, 1.000, 1.000, 0.000, 0.000, 1.000, 0.011, 0.016, 0.016, 0.012, 0.020, 0.018
65.420, 0.880, 0.421, 1.000, 0.000, 0.000, 1.000, 1.000, 0.093, 0.000, 1.000, 0.011, 0.017, 0.015, 0.012, 0.020, 0.018
65.440, 0.874, 0.329, 1.000, 0.000, 1.000, 0.128, 1.000, 0.000, 0.000, 1.000, 0.011, 0.016, 0.016, 0.011, 0.020, 0.017
65.460, 0.866, 0.213, 1.000, 0.000, 1.000, 0.000, 1.000, 0.000, 0.000, 1.000, 0.011, 0.016, 0.016, 0.011, 0.020, 0.017
65.480, 0.854, 0.056, 1.000, 0.000, 1.000, 1.000, 1.000, 0.000, 0.000, 1.000, 0.011, 0.016, 0.016, 0.011, 0.020, 0.017
65.500, 0.837, -0.160, 0.000, 0.000, 1.000, 1.000, 1.000, 0.785, 0.000, 0.000, 0.011, 0.016, 0.016, 0.011, 0.019, 0.017
65.520, 0.810, -0.428, 0.000, 0.000, 1.000, 1.000, 1.000, 1.000, 0.000, 0.000, 0.010, 0.016, 0.016, 0.011, 0.020, 0.017
65.540, 0.768, -0.679, 0.000, 0.000, 1.000, 1.000, 1.000, 1.000, 0.000, 0.000, 0.010, 0.015, 0.015, 0.011, 0.020, 0.017
65.560, 0.709, -0.823, 0.000, 0.000, 0.895, 1.000, 1.000, 1.000, 0.000, 0.000, 0.010, 0.015, 0.015, 0.011, 0.020, 0.017
65.580, 0.642, -0.874, 0.000, 0.000, 1.000, 1.000, 1.000, 1.000, 0.000, 0.000, 0.010, 0.015, 0.015, 0.011, 0.020, 0.017
65.600, 0.575, -0.886, 0.000, 0.000, 1.000, 0.000, 1.000, 0.000, 0.000, 0.000, 0.010, 0.015, 0.016, 0.011, 0.019, 0.017
65.620, 0.505, -0.886, 0.000, 0.000, 1.000, 0.000, 1.000, 0.000, 0.000, 0.000, 0.010, 0.015, 0.016, 0.011, 0.019, 0.017
65.640, 0.429, -0.881, 0.000, 0.000, 1.000, 0.000, 1.000, 0.000, 0.000, 0.000, 0.010, 0.015, 0.016, 0.011, 0.019, 0.017
65.660, 0.340, -0.875, 0.000, 0.000, 1.000, 0.000, 1.000, 0.000, 0.000, 0.000, 0.010, 0.015, 0.017, 0.011, 0.019, 0.017
65.680, 0.201, -0.859, 0.000, 1.000, 1.000, 0.000, 1.000, 0.000, 0.000, 1.000, 0.010, 0.015, 0.017, 0.011, 0.019, 0.017
65.700, 0.037, -0.850, 0.000, 0.676, 0.000, 0.000, 1.000, 0.158, 0.166, 0.676, 0.011, 0.016, 0.017, 0.011, 0.019, 0.017
65.720, -0.186, -0.833, 0.000, 0.378, 0.000, 0.000, 1.000, 0.000, 0.000, 0.378, 0.011, 0.016, 0.017, 0.011, 0.018, 0.018
65.740, -0.457, -0.806, 0.000, 0.000, 0.033, 0.000, 1.000, 1.000, 0.000, 0.000, 0.010, 0.016, 0.017, 0.011, 0.019, 0.018
65.760, -0.699, -0.762, 0.000, 0.000, 1.000, 0.000, 0.494, 1.000, 0.000, 0.000, 0.010, 0.016, 0.017, 0.011, 0.019, 0.018
65.780, -0.831, -0.702, 0.000, 0.000, 0.000, 0.000, 0.000, 1.000, 0.000, 0.000, 0.010, 0.016, 0.017, 0.011, 0.019, 0.018
65.800, -0.877, -0.630, 0.000, 1.000, 0.000, 1.000, 0.000, 1.000, 0.000, 1.000, 0.011, 0.016, 0.017, 0.012, 0.020, 0.018
65.820, -0.887, -0.553, 0.000, 1.000, 0.000, 1.000, 0.000, 1.000, 0.000, 1.000, 0.011, 0.017, 0.017, 0.012, 0.019, 0.018
65.840, -0.887, -0.456, 0.000, 1.000, 0.000, 1.000, 0.000, 1.000, 0.000, 1.000, 0.011, 0.017, 0.017, 0.012, 0.019, 0.018
65.860, -0.882, -0.334, 0.000, 1.000, 0.000, 0.000, 0.000, 1.000, 1.000, 1.000, 0.011, 0.017, 0.017, 0.012, 0.019, 0.018
65.880, -0.876, -0.163, 0.000, 1.000, 0.000, 0.000, 0.000, 0.000, 1.000, 1.000, 0.011, 0.017, 0.016, 0.012, 0.019, 0.018
65.900, -0.857, 0.023, 1.000, 1.000, 0.000, 0.000, 0.000, 0.000, 1.000, 0.000, 0.011, 0.017, 0.016, 0.012, 0.019, 0.017
65.920, -0.835, 0.265, 1.000, 1.000, 0.000, 0.000, 0.000, 0.000, 1.000, 0.000, 0.011, 0.017, 0.016, 0.012, 0.020, 0.017
65.940, -0.805, 0.531, 1.000, 1.000, 0.000, 0.000, 0.000, 0.000, 1.000, 0.000, 0.010, 0.017, 0.016, 0.012, 0.020, 0.017
65.960, -0.769, 0.726, 1.000, 1.000, 0.000, 0.000, 0.000, 1.000, 0.000, 0.000, 0.010, 0.017, 0.016, 0.013, 0.019, 0.018
65.980, -0.722, 0.825, 1.000, 1.000, 0.000, 0.000, 0.000, 1.000, 0.000, 0.000, 0.010, 0.017, 0.016, 0.012, 0.019, 0.018
66.000, -0.678, 0.859, 1.000, 1.000, 0.027, 0.194, 1.000, 1.000, 0.000, 0.000, 0.010, 0.016, 0.016, 0.012, 0.019, 0.018
66.020, -0.653, 0.859, 1.000, 1.000, 0.000, 0.155, 1.000, 0.000, 0.000, 0.000, 0.010, 0.016, 0.016, 0.012, 0.019, 0.018
66.040, -0.603, 0.874, 1.000, 1.000, 0.000, 0.000, 0.000, 0.000, 0.000, 0.000, 0.010, 0.016, 0.016, 0.012, 0.019, 0.018
66.060, -0.567, 0.871, 1.000, 1.000, 0.000, 0.000, 0.000, 1.000, 0.471, 0.000, 0.010, 0.016, 0.016, 0.012, 0.019, 0.018
66.080, -0.542, 0.864, 1.000, 1.000, 0.000, 0.000, 0.000, 1.000, 1.000, 0.000, 0.010, 0.016, 0.016, 0.012, 0.019, 0.018
66.100, -0.500, 0.868, 1.000, 1.000, 0.000, 0.000, 0.000, 0.000, 1.000, 0.000, 0.010, 0.016, 0.015, 0.011, 0.019, 0.017
66.120, -0.442, 0.870, 1.000, 1.000, 0.000, 0.000, 0.000, 1.000, 1.000, 0.000, 0.010, 0.016, 0.015, 0.011, 0.019, 0.017
66.140, -0.385, 0.864, 1.000, 1.000, 1.000, 0.000, 0.000, 0.000, 1.000, 0.000, 0.010, 0.016, 0.015, 0.011, 0.019, 0.017
66.160, -0.292, 0.865, 1.000, 0.902, 1.000, 0.000, 0.000, 1.000, 1.000, 0.098, 0.010, 0.016, 0.015, 0.011, 0.019, 0.018
66.180, -0.197, 0.851, 1.000, 1.000, 1.000, 0.000, 0.969, 0.508, 1.000, 0.000, 0.010, 0.017, 0.015, 0.012, 0.019, 0.018
66.200, -0.121, 0.823, 1.000, 1.000, 0.000, 0.526, 1.000, 0.000, 0.000, 0.000, 0.010, 0.016, 0.016, 0.012, 0.019, 0.018
66.220, -0.030, 0.801, 1.000, 1.000, 0.000, 0.116, 0.000, 0.000, 1.000, 0.000, 0.010, 0.016, 0.015, 0.012, 0.019, 0.018
66.240, 0.055, 0.768, 1.000, 1.000, 0.000, 0.000, 0.000, 0.000, 1.000, 0.000, 0.010, 0.016, 0.016, 0.012, 0.020, 0.018
66.260, 0.198, 0.754, 1.000, 1.000, 0.000, 0.000, 0.000, 0.000, 1.000, 0.000, 0.010, 0.016, 0.016, 0.011, 0.020, 0.018
66.280, 0.426, 0.749, 1.000, 1.000, 0.000, 0.000, 0.000, 0.000, 1.000, 0.000, 0.010, 0.016, 0.016, 0.011, 0.020, 0.018
66.300, 0.637, 0.707, 1.000, 1.000, 0.078, 0.000, 0.050, 0.000, 1.000, 0.000, 0.010, 0.016, 0.017, 0.011, 0.020, 0.019
66.320, 0.787, 0.656, 1.000, 1.000, 0.000, 0.000, 0.020, 0.609, 1.000, 0.000, 0.010, 0.016, 0.017, 0.011, 0.020, 0.019
66.340, 0.858, 0.603, 1.000, 0.000, 1.000, 1.000, 0.509, 0.418, 1.000, 1.000, 0.010, 0.016, 0.016, 0.011, 0.019, 0.019
66.360, 0.879, 0.540, 1.000, 0.000, 1.000, 0.334, 1.000, 0.000, 0.000, 1.000, 0.011, 0.016, 0.016, 0.012, 0.020, 0.018
66.380, 0.881, 0.469, 1.000, 0.000, 1.000, 0.000, 1.000, 0.000, 0.000, 1.000, 0.011, 0.015, 0.017, 0.012, 0.020, 0.018
66.400, 0.878, 0.389, 1.000, 0.000, 0.000, 1.000, 1.000, 0.000, 0.000, 1.000, 0.011, 0.016, 0.016, 0.011, 0.020, 0.018
66.420, 0.871, 0.290, 1.000, 0.000, 1.000, 1.000, 1.000, 0.000, 0.000, 1.000, 0.011, 0.016, 0.016, 0.011, 0.019, 0.017
66.440, 0.862, 0.161, 1.000, 0.000, 1.000, 0.000, 1.000, 0.000, 0.000, 1.000, 0.011, 0.016, 0.016, 0.011, 0.019, 0.017
66.460, 0.849, -0.016, 0.000, 0.000, 1.000, 0.000, 1.000, 0.000, 0.000, 0.000, 0.011, 0.015, 0.017, 0.011, 0.019, 0.018
66.480, 0.829, -0.255, 0.000, 0.000, 1.000, 0.000, 1.000, 0.000, 0.000, 0.000, 0.010, 0.015, 0.017, 0.011, 0.019, 0.018
66.500, 0.796, -0.529, 0.000, 0.000, 1.000, 0.000, 1.000, 0.000, 0.000, 0.000, 0.010, 0.015, 0.017, 0.011, 0.019, 0.018
66.520, 0.747, -0.746, 0.000, 0.000, 1.000, 0.000, 1.000, 0.000, 0.000, 0.000, 0.010, 0.015, 0.017, 0.011, 0.019, 0.018
66.540, 0.684, -0.849, 0.000, 0.000, 1.000, 0.000, 1.000, 0.000, 0.000, 0.000, 0.010, 0.015, 0.017, 0.011, 0.018, 0.019
66.560, 0.617, -0.881, 0.000, 0.000, 1.000, 0.000, 1.000, 0.000, 0.000, 0.000, 0.010, 0.015, 0.017, 0.011, 0.018, 0.019
66.580, 0.549, -0.887, 0.000, 0.000, 1.000, 0.609, 1.000, 0.000, 0.000, 0.000, 0.010, 0.015, 0.017, 0.011, 0.018, 0.019
66.600, 0.470, -0.882, 0.000, 1.000, 0.000, 1.000, 1.000, 0.000, 0.000, 1.000, 0.010, 0.016, 0.016, 0.011, 0.018, 0.019
66.620, 0.390, -0.878, 0.000, 0.000, 0.000, 1.000, 1.000, 0.000, 0.000, 0.000, 0.010, 0.016, 0.016, 0.011, 0.018, 0.019
66.640, 0.291, -0.871, 0.000, 0.000, 0.000, 0.000, 1.000, 0.003, 0.000, 0.000, 0.010, 0.016, 0.017, 0.011, 0.018, 0.019
66.660, 0.162, -0.862, 0.000, 0.000, 0.000, 0.137, 1.000, 0.000, 0.000, 0.000, 0.010, 0.016, 0.017, 0.011, 0.018, 0.019
66.680, -0.014, -0.849, 0.000, 0.000, 0.000, 1.000, 1.000, 0.000, 0.000, 0.000, 0.010, 0.016, 0.017, 0.011, 0.018, 0.019
66.700, -0.252, -0.829, 0.000, 0.000, 1.000, 0.000, 1.000, 0.000, 0.000, 0.000, 0.010, 0.016, 0.016, 0.011, 0.018, 0.019
66.720, -0.526, -0.797, 0.000, 0.000, 0.000, 1.000, 1.000, 0.000, 1.000, 0.000, 0.010, 0.016, 0.017, 0.011, 0.018, 0.019
66.740, -0.744, -0.748, 0.000, 0.000, 1.000, 0.000, 0.000, 0.000, 1.000, 0.000, 0.010, 0.016, 0.016, 0.011, 0.018, 0.018
66.760, -0.849, -0.685, 0.000, 0.000, 0.643, 0.000, 0.000, 0.000, 1.000, 0.000, 0.010, 0.016, 0.016, 0.012, 0.018, 0.018
66.780, -0.881, -0.617, 0.000, 0.504, 1.000, 0.000, 0.000, 0.000, 1.000, 0.504, 0.010, 0.016, 0.016, 0.012, 0.018, 0.018
66.800, -0.887, -0.544, 0.000, 1.000, 1.000, 0.000, 0.160, 0.000, 1.000, 1.000, 0.011, 0.015, 0.016, 0.012, 0.018, 0.018
66.820, -0.884, -0.472, 0.000, 0.155, 1.000, 0.000, 1.000, 0.000, 1.000, 0.155, 0.010, 0.015, 0.016, 0.012, 0.018, 0.018
66.840, -0.879, -0.391, 0.000, 0.000, 1.000, 0.000, 1.000, 0.000, 1.000, 0.000, 0.010, 0.015, 0.016, 0.011, 0.018, 0.018
66.860, -0.872, -0.292, 0.000, 0.000, 1.000, 0.000, 0.000, 0.000, 1.000, 0.000, 0.010, 0.015, 0.016, 0.012, 0.018, 0.018
66.880, -0.862, -0.164, 0.000, 0.000, 1.000, 0.000, 0.000, 0.000, 1.000, 0.000, 0.010, 0.015, 0.016, 0.012, 0.019, 0.018
66.900, -0.849, 0.012, 1.000, 0.000, 1.000, 0.000, 1.000, 0.000, 1.000, 1.000, 0.010, 0.016, 0.016, 0.012, 0.019, 0.019
66.920, -0.830, 0.249, 1.000, 1.000, 0.332, 0.000, 0.000, 0.000, 1.000, 0.000, 0.010, 0.016, 0.016, 0.011, 0.019, 0.019
66.940, -0.805, 0.514, 1.000, 1.000, 0.843, 0.000, 0.000, 0.000, 1.000, 0.000, 0.010, 0.016, 0.015, 0.011, 0.019, 0.019
66.960, -0.775, 0.708, 1.000, 1.000, 0.000, 0.000, 0.000, 0.000, 1.000, 0.000, 0.010, 0.015, 0.015, 0.011, 0.019, 0.019
66.980, -0.739, 0.806, 1.000, 1.000, 0.000, 0.000, 0.000, 0.000, 1.000, 0.000, 0.010, 0.015, 0.015, 0.011, 0.019, 0.019
67.000, -0.708, 0.840, 1.000, 1.000, 0.000, 0.000, 0.000, 0.000, 1.000, 0.000, 0.010, 0.015, 0.015, 0.011, 0.019, 0.019
67.020, -0.676, 0.856, 1.000, 1.000, 0.000, 0.000, 0.000, 0.000, 1.000, 0.000, 0.010, 0.015, 0.015, 0.011, 0.019, 0.019
67.040, -0.653, 0.858, 1.000, 1.000, 0.000, 0.000, 0.000, 0.000, 1.000, 0.000, 0.010, 0.015, 0.015, 0.011, 0.019, 0.019
67.060, -0.673, 0.831, 1.000, 1.000, 0.000, 0.000, 0.000, 0.000, 1.000, 0.000, 0.010, 0.015, 0.015, 0.011, 0.019, 0.019
67.080, -0.655, 0.849, 1.000, 1.000, 0.000, 0.000, 0.000, 1.000, 0.000, 0.000, 0.010, 0.015, 0.015, 0.011, 0.019, 0.019
67.100, -0.599, 0.875, 1.000, 1.000, 1.000, 0.000, 0.000, 1.000, 0.000, 0.000, 0.010, 0.015, 0.015, 0.011, 0.019, 0.019
67.120, -0.532, 0.884, 1.000, 0.000, 1.000, 0.000, 0.000, 1.000, 0.000, 1.000, 0.010, 0.016, 0.016, 0.011, 0.018, 0.019
67.140, -0.462, 0.882, 1.000, 0.498, 0.000, 0.000, 0.000, 0.000, 0.000, 0.502, 0.010, 0.015, 0.016, 0.011, 0.019, 0.019
67.160, -0.556, 0.804, 1.000, 1.000, 0.000, 0.000, 0.000, 1.000, 0.587, 0.000, 0.010, 0.015, 0.016, 0.011, 0.018, 0.019
67.180, -0.531, 0.845, 1.000, 1.000, 0.298, 0.000, 0.000, 1.000, 0.000, 0.000, 0.010, 0.015, 0.016, 0.011, 0.018, 0.019
67.200, -0.478, 0.866, 1.000, 1.000, 0.000, 0.000, 0.000, 1.000, 0.000, 0.000, 0.010, 0.015, 0.017, 0.011, 0.018, 0.019
67.220, -0.433, 0.863, 1.000, 1.000, 0.000, 0.113, 0.000, 0.835, 0.000, 0.000, 0.010, 0.015, 0.017, 0.011, 0.018, 0.020
67.240, -0.405, 0.851, 1.000, 1.000, 0.000, 0.000, 0.000, 0.000, 1.000, 0.000, 0.010, 0.015, 0.017, 0.010, 0.019, 0.019
67.260, -0.369, 0.846, 1.000, 1.000, 0.000, 1.000, 0.357, 0.000, 1.000, 0.000, 0.010, 0.015, 0.016, 0.011, 0.019, 0.019
67.280, -0.319, 0.845, 1.000, 1.000, 0.000, 1.000, 0.000, 1.000, 1.000, 0.000, 0.009, 0.015, 0.016, 0.011, 0.018, 0.018
67.300, -0.253, 0.841, 1.000, 1.000, 0.000, 1.000, 0.000, 1.000, 0.000, 0.000, 0.009, 0.016, 0.016, 0.010, 0.018, 0.019
67.320, -0.200, 0.823, 1.000, 1.000, 0.000, 1.000, 0.000, 1.000, 0.000, 0.000, 0.009, 0.016, 0.015, 0.010, 0.019, 0.019
67.340, -0.096, 0.822, 1.000, 1.000, 0.000, 1.000, 0.000, 1.000, 0.000, 0.000, 0.009, 0.016, 0.015, 0.010, 0.019, 0.019
67.360, -0.000, 0.797, 1.000, 1.000, 0.000, 1.000, 0.000, 1.000, 0.169, 0.000, 0.009, 0.016, 0.015, 0.011, 0.019, 0.019
67.380, 0.128, 0.775, 1.000, 1.000, 0.000, 1.000, 0.000, 1.000, 0.000, 0.000, 0.009, 0.016, 0.015, 0.011, 0.019, 0.020
67.400, 0.376, 0.781, 1.000, 0.000, 0.000, 1.000, 0.215, 1.000, 0.000, 1.000, 0.010, 0.016, 0.015, 0.011, 0.019, 0.020
67.420, 0.632, 0.757, 1.000, 0.000, 0.000, 1.000, 0.274, 1.000, 0.000, 1.000, 0.010, 0.016, 0.015, 0.011, 0.019, 0.020
67.440, 0.800, 0.708, 1.000, 0.000, 0.000, 1.000, 0.022, 1.000, 0.000, 1.000, 0.011, 0.016, 0.015, 0.012, 0.019, 0.020
67.460, 0.866, 0.645, 1.000, 0.000, 1.000, 1.000, 0.081, 1.000, 0.000, 1.000, 0.011, 0.016, 0.015, 0.012, 0.020, 0.020
67.480, 0.884, 0.579, 1.000, 0.000, 1.000, 0.000, 1.000, 0.000, 0.000, 1.000, 0.011, 0.016, 0.016, 0.011, 0.019, 0.020
67.500, 0.885, 0.510, 1.000, 0.000, 1.000, 0.000, 1.000, 0.000, 0.026, 1.000, 0.011, 0.015, 0.016, 0.011, 0.019, 0.020
67.520, 0.881, 0.435, 1.000, 0.000, 1.000, 0.047, 1.000, 0.000, 0.000, 1.000, 0.011, 0.015, 0.016, 0.011, 0.018, 0.020
67.540, 0.875, 0.347, 1.000, 0.000, 1.000, 0.000, 1.000, 0.000, 0.000, 1.000, 0.011, 0.015, 0.016, 0.011, 0.018, 0.020
67.560, 0.867, 0.236, 1.000, 0.000, 1.000, 0.000, 1.000, 0.000, 0.000, 1.000, 0.011, 0.015, 0.016, 0.011, 0.018, 0.020
67.580, 0.857, 0.088, 1.000, 0.000, 1.000, 1.000, 1.000, 0.000, 0.000, 1.000, 0.011, 0.015, 0.016, 0.011, 0.018, 0.020
67.600, 0.841, -0.116, 0.000, 0.000, 0.000, 1.000, 1.000, 0.000, 0.000, 0.000, 0.011, 0.015, 0.016, 0.011, 0.019, 0.020
67.620, 0.816, -0.378, 0.000, 0.000, 0.000, 0.000, 1.000, 0.000, 0.000, 0.000, 0.010, 0.016, 0.016, 0.011, 0.019, 0.020
67.640, 0.776, -0.640, 0.000, 0.000, 0.026, 0.880, 1.000, 0.000, 0.000, 0.000, 0.010, 0.016, 0.016, 0.010, 0.019, 0.020
67.660, 0.720, -0.805, 0.000, 0.000, 1.000, 0.000, 1.000, 0.000, 0.000, 0.000, 0.010, 0.016, 0.016, 0.010, 0.019, 0.019
67.680, 0.654, -0.869, 0.000, 0.000, 1.000, 0.000, 1.000, 0.000, 0.000, 0.000, 0.010, 0.015, 0.016, 0.010, 0.019, 0.019
67.700, 0.587, -0.885, 0.000, 0.000, 1.000, 0.000, 1.000, 0.000, 0.000, 0.000, 0.010, 0.015, 0.017, 0.010, 0.020, 0.019
67.720, 0.509, -0.883, 0.000, 1.000, 1.000, 0.000, 1.000, 0.000, 0.000, 1.000, 0.010, 0.015, 0.017, 0.010, 0.020, 0.019
67.740, 0.429, -0.879, 0.000, 1.000, 0.000, 1.000, 1.000, 0.000, 0.000, 1.000, 0.011, 0.016, 0.016, 0.010, 0.020, 0.019
67.760, 0.336, -0.873, 0.000, 1.000, 0.000, 1.000, 1.000, 0.000, 0.000, 1.000, 0.011, 0.016, 0.016, 0.010, 0.020, 0.019
67.780, 0.222, -0.866, 0.000, 0.000, 0.000, 1.000, 1.000, 0.000, 0.000, 0.000, 0.011, 0.016, 0.016, 0.010, 0.020, 0.019
67.800, 0.069, -0.855, 0.000, 0.000, 1.000, 0.000, 1.000, 0.000, 0.000, 0.000, 0.010, 0.016, 0.016, 0.010, 0.020, 0.019
67.820, -0.142, -0.839, 0.000, 0.000, 0.000, 0.000, 1.000, 0.015, 0.053, 0.000, 0.010, 0.016, 0.016, 0.010, 0.020, 0.019
67.840, -0.408, -0.812, 0.000, 0.000, 0.000, 1.000, 1.000, 0.000, 0.155, 0.000, 0.010, 0.016, 0.016, 0.010, 0.020, 0.019
67.860, -0.670, -0.766, 0.000, 1.000, 0.000, 1.000, 0.000, 0.000, 1.000, 1.000, 0.011, 0.016, 0.016, 0.011, 0.020, 0.019
67.880, -0.833, -0.680, 0.000, 1.000, 0.000, 0.000, 0.000, 0.000, 1.000, 1.000, 0.011, 0.016, 0.016, 0.011, 0.020, 0.019
67.900, -0.876, -0.616, 0.000, 0.000, 0.000, 0.000, 0.406, 0.000, 1.000, 0.000, 0.011, 0.016, 0.016, 0.011, 0.020, 0.020
67.920, -0.885, -0.549, 0.000, 0.000, 0.000, 0.000, 0.458, 0.108, 0.000, 0.000, 0.010, 0.017, 0.016, 0.011, 0.020, 0.019
67.940, -0.884, -0.473, 0.000, 1.000, 0.000, 0.000, 0.000, 0.000, 1.000, 1.000, 0.011, 0.017, 0.015, 0.011, 0.020, 0.019
67.960, -0.882, -0.360, 0.000, 1.000, 0.000, 0.000, 0.000, 1.000, 0.000, 1.000, 0.011, 0.017, 0.015, 0.012, 0.020, 0.019
67.980, -0.876, -0.205, 0.000, 1.000, 0.000, 0.810, 0.000, 1.000, 0.000, 1.000, 0.011, 0.017, 0.016, 0.012, 0.019, 0.020
68.000, -0.866, -0.011, 0.000, 1.000, 0.000, 0.000, 0.000, 1.000, 0.000, 1.000, 0.011, 0.017, 0.016, 0.012, 0.019, 0.020
68.020, -0.845, 0.224, 1.000, 1.000, 0.000, 0.000, 0.000, 1.000, 0.000, 0.000, 0.011, 0.017, 0.015, 0.011, 0.019, 0.020
68.040, -0.817, 0.486, 1.000, 1.000, 0.000, 0.000, 0.000, 1.000, 0.000, 0.000, 0.011, 0.016, 0.015, 0.011, 0.020, 0.020
68.060, -0.779, 0.700, 1.000, 1.000, 0.000, 0.000, 0.000, 1.000, 0.000, 0.000, 0.011, 0.016, 0.015, 0.011, 0.020, 0.020
68.080, -0.733, 0.813, 1.000, 1.000, 0.000, 0.000, 0.000, 1.000, 0.000, 0.000, 0.010, 0.016, 0.015, 0.011, 0.020, 0.020
68.100, -0.663, 0.872, 1.000, 0.000, 1.000, 0.000, 0.000, 1.000, 0.000, 1.000, 0.011, 0.016, 0.015, 0.011, 0.020, 0.020
68.120, -0.594, 0.887, 1.000, 0.000, 1.000, 0.000, 0.000, 1.000, 0.000, 1.000, 0.011, 0.017, 0.015, 0.011, 0.020, 0.020
68.140, -0.525, 0.887, 1.000, 0.000, 1.000, 0.000, 0.000, 1.000, 0.000, 1.000, 0.011, 0.017, 0.015, 0.010, 0.020, 0.020
68.160, -0.452, 0.883, 1.000, 0.000, 1.000, 0.000, 0.000, 1.000, 0.000, 1.000, 0.012, 0.017, 0.015, 0.010, 0.020, 0.020
68.180, -0.368, 0.877, 1.000, 0.028, 1.000, 0.000, 0.000, 0.000, 1.000, 0.972, 0.012, 0.017, 0.015, 0.010, 0.020, 0.020
68.200, -0.263, 0.869, 1.000, 0.131, 1.000, 0.007, 0.000, 0.000, 0.000, 0.869, 0.012, 0.017, 0.015, 0.010, 0.019, 0.020
68.220, -0.125, 0.859, 1.000, 0.000, 1.000, 0.000, 0.120, 0.000, 0.000, 1.000, 0.012, 0.017, 0.015, 0.010, 0.019, 0.020
68.240, 0.066, 0.845, 1.000, 0.000, 1.000, 0.000, 0.023, 0.000, 0.344, 1.000, 0.012, 0.017, 0.015, 0.010, 0.019, 0.020
68.260, 0.318, 0.822, 1.000, 0.000, 1.000, 0.000, 0.000, 0.000, 0.124, 1.000, 0.012, 0.017, 0.015, 0.010, 0.019, 0.020
68.280, 0.579, 0.782, 1.000, 1.000, 0.104, 0.000, 0.000, 0.000, 1.000, 0.000, 0.012, 0.017, 0.016, 0.010, 0.019, 0.020
68.300, 0.743, 0.692, 1.000, 1.000, 0.000, 0.000, 0.000, 0.000, 1.000, 0.000, 0.011, 0.017, 0.016, 0.010, 0.019, 0.019
68.320, 0.842, 0.638, 1.000, 1.000, 1.000, 0.000, 1.000, 0.000, 1.000, 0.000, 0.011, 0.017, 0.016, 0.011, 0.019, 0.019
68.340, 0.876, 0.576, 1.000, 0.000, 1.000, 0.558, 1.000, 0.000, 0.689, 1.000, 0.011, 0.016, 0.016, 0.011, 0.019, 0.019
68.360, 0.883, 0.509, 1.000, 0.000, 1.000, 0.000, 1.000, 0.000, 0.487, 1.000, 0.012, 0.016, 0.016, 0.011, 0.019, 0.019
68.380, 0.881, 0.435, 1.000, 0.000, 1.000, 0.000, 1.000, 0.000, 0.000, 1.000, 0.012, 0.016, 0.016, 0.012, 0.020, 0.019
68.400, 0.875, 0.347, 1.000, 0.000, 0.221, 1.000, 1.000, 0.000, 0.000, 1.000, 0.012, 0.016, 0.016, 0.012, 0.020, 0.019
68.420, 0.867, 0.236, 1.000, 0.000, 0.000, 1.000, 1.000, 0.000, 0.000, 1.000, 0.012, 0.017, 0.015, 0.012, 0.020, 0.019
68.440, 0.857, 0.088, 1.000, 0.000, 0.000, 1.000, 1.000, 0.000, 0.000, 1.000, 0.012, 0.017, 0.015, 0.011, 0.020, 0.019
68.460, 0.841, -0.117, 0.000, 0.000, 0.000, 1.000, 1.000, 0.000, 0.000, 0.000, 0.012, 0.017, 0.015, 0.011, 0.020, 0.019
68.480, 0.816, -0.379, 0.000, 0.000, 1.000, 1.000, 1.000, 0.000, 0.000, 0.000, 0.012, 0.017, 0.015, 0.011, 0.020, 0.019
68.500, 0.776, -0.640, 0.000, 0.000, 0.136, 1.000, 1.000, 0.000, 1.000, 0.000, 0.011, 0.017, 0.015, 0.011, 0.020, 0.019
68.520, 0.720, -0.805, 0.000, 0.000, 1.000, 0.000, 1.000, 0.000, 0.159, 0.000, 0.011, 0.017, 0.015, 0.011, 0.020, 0.019
68.540, 0.654, -0.869, 0.000, 0.000, 1.000, 0.000, 1.000, 0.000, 0.000, 0.000, 0.011, 0.016, 0.016, 0.011, 0.020, 0.019
68.560, 0.587, -0.885, 0.000, 0.000, 1.000, 0.000, 1.000, 0.000, 1.000, 0.000, 0.011, 0.016, 0.016, 0.010, 0.020, 0.019
68.580, 0.518, -0.886, 0.000, 0.000, 1.000, 0.000, 1.000, 0.000, 0.000, 0.000, 0.011, 0.016, 0.016, 0.010, 0.020, 0.019
68.600, 0.444, -0.882, 0.000, 0.000, 1.000, 0.000, 1.000, 0.000, 0.000, 0.000, 0.011, 0.016, 0.016, 0.010, 0.020, 0.019
68.620, 0.305, -0.860, 0.000, 1.000, 0.000, 0.000, 1.000, 0.000, 0.000, 1.000, 0.012, 0.016, 0.016, 0.010, 0.021, 0.019
68.640, 0.176, -0.857, 0.000, 1.000, 0.000, 1.000, 1.000, 0.000, 0.000, 1.000, 0.012, 0.017, 0.016, 0.010, 0.021, 0.019
68.660, 0.003, -0.847, 0.000, 0.689, 0.000, 1.000, 0.963, 0.000, 0.000, 0.689, 0.012, 0.017, 0.016, 0.010, 0.021, 0.018
68.680, -0.248, -0.824, 0.000, 1.000, 0.000, 0.000, 1.000, 1.000, 0.000, 1.000, 0.012, 0.017, 0.016, 0.010, 0.020, 0.018
68.700, -0.521, -0.795, 0.000, 0.000, 1.000, 1.000, 1.000, 1.000, 0.000, 0.000, 0.012, 0.017, 0.016, 0.010, 0.020, 0.018
68.720, -0.741, -0.747, 0.000, 0.000, 1.000, 1.000, 1.000, 1.000, 0.000, 0.000, 0.011, 0.016, 0.016, 0.010, 0.019, 0.018
68.740, -0.847, -0.685, 0.000, 0.000, 0.000, 1.000, 0.000, 1.000, 0.071, 0.000, 0.011, 0.017, 0.016, 0.011, 0.019, 0.018
68.760, -0.880, -0.618, 0.000, 0.000, 0.000, 1.000, 0.000, 1.000, 0.000, 0.000, 0.011, 0.017, 0.016, 0.011, 0.020, 0.018
68.780, -0.887, -0.550, 0.000, 0.000, 0.000, 1.000, 0.000, 1.000, 0.000, 0.000, 0.011, 0.017, 0.017, 0.011, 0.020, 0.019
68.800, -0.884, -0.479, 0.000, 0.000, 0.000, 1.000, 0.000, 1.000, 0.000, 0.000, 0.011, 0.017, 0.017, 0.012, 0.020, 0.019
68.820, -0.879, -0.400, 0.000, 0.000, 0.000, 1.000, 0.080, 1.000, 0.000, 0.000, 0.011, 0.017, 0.017, 0.012, 0.020, 0.019
68.840, -0.872, -0.304, 0.000, 0.000, 0.000, 1.000, 0.080, 1.000, 0.000, 0.000, 0.011, 0.017, 0.017, 0.012, 0.021, 0.019
68.860, -0.863, -0.179, 0.000, 0.000, 0.000, 1.000, 0.160, 1.000, 0.000, 0.000, 0.011, 0.018, 0.017, 0.012, 0.021, 0.020
68.880, -0.859, 0.012, 1.000, 1.000, 0.000, 0.750, 0.000, 1.000, 0.000, 0.000, 0.011, 0.018, 0.017, 0.012, 0.021, 0.020
68.900, -0.857, 0.248, 1.000, 1.000, 0.000, 0.000, 0.000, 1.000, 0.000, 0.000, 0.011, 0.018, 0.016, 0.012, 0.021, 0.020
68.920, -0.816, 0.519, 1.000, 1.000, 0.290, 0.000, 0.000, 1.000, 0.000, 0.000, 0.011, 0.017, 0.016, 0.012, 0.021, 0.020
68.940, -0.784, 0.705, 1.000, 1.000, 0.000, 0.000, 0.000, 1.000, 0.118, 0.000, 0.011, 0.017, 0.016, 0.012, 0.021, 0.020
68.960, -0.757, 0.789, 1.000, 1.000, 0.000, 0.000, 0.000, 1.000, 0.009, 0.000, 0.011, 0.017, 0.016, 0.011, 0.021, 0.020
68.980, -0.701, 0.853, 1.000, 1.000, 1.000, 0.000, 0.000, 1.000, 1.000, 0.000, 0.011, 0.017, 0.015, 0.011, 0.021, 0.019
69.000, -0.714, 0.822, 1.000, 1.000, 1.000, 0.000, 0.000, 0.000, 1.000, 0.000, 0.011, 0.017, 0.015, 0.011, 0.020, 0.019
69.020, -0.668, 0.861, 1.000, 1.000, 0.000, 0.000, 0.000, 0.000, 1.000, 0.000, 0.011, 0.017, 0.015, 0.011, 0.020, 0.019
69.040, -0.619, 0.875, 1.000, 1.000, 0.000, 0.000, 0.000, 0.000, 1.000, 0.000, 0.011, 0.017, 0.015, 0.011, 0.020, 0.019
69.060, -0.571, 0.877, 1.000, 1.000, 0.000, 0.000, 0.000, 0.000, 1.000, 0.000, 0.011, 0.017, 0.016, 0.011, 0.020, 0.018
69.080, -0.511, 0.879, 1.000, 1.000, 0.000, 0.000, 0.000, 0.000, 0.000, 0.000, 0.011, 0.016, 0.016, 0.011, 0.020, 0.019
69.100, -0.438, 0.880, 1.000, 0.000, 0.000, 0.373, 1.000, 0.000, 0.000, 1.000, 0.011, 0.016, 0.016, 0.011, 0.020, 0.019
69.120, -0.351, 0.875, 1.000, 0.000, 0.236, 0.423, 1.000, 0.000, 0.000, 1.000, 0.012, 0.016, 0.016, 0.012, 0.021, 0.019
69.140, -0.344, 0.836, 1.000, 1.000, 0.000, 0.190, 0.000, 0.000, 0.000, 0.000, 0.011, 0.016, 0.016, 0.011, 0.021, 0.020
69.160, -0.299, 0.835, 1.000, 1.000, 0.000, 0.000, 0.000, 0.000, 0.742, 0.000, 0.011, 0.016, 0.017, 0.011, 0.021, 0.019
69.180, -0.248, 0.829, 1.000, 1.000, 0.000, 0.000, 0.000, 0.000, 1.000, 0.000, 0.011, 0.016, 0.017, 0.011, 0.021, 0.019
69.200, -0.179, 0.824, 1.000, 1.000, 0.000, 0.000, 0.000, 0.000, 1.000, 0.000, 0.011, 0.016, 0.017, 0.011, 0.021, 0.019
69.220, -0.048, 0.826, 1.000, 1.000, 0.000, 1.000, 0.000, 0.000, 1.000, 0.000, 0.011, 0.016, 0.016, 0.011, 0.021, 0.019
69.240, 0.152, 0.821, 1.000, 1.000, 0.000, 1.000, 0.108, 0.000, 1.000, 0.000, 0.011, 0.016, 0.016, 0.011, 0.021, 0.019
69.260, 0.393, 0.794, 1.000, 1.000, 0.110, 1.000, 0.000, 0.000, 1.000, 0.000, 0.011, 0.016, 0.016, 0.011, 0.021, 0.019
69.280, 0.649, 0.762, 1.000, 0.000, 0.000, 1.000, 1.000, 0.000, 0.000, 1.000, 0.011, 0.016, 0.016, 0.011, 0.021, 0.019
69.300, 0.808, 0.709, 1.000, 0.000, 0.000, 1.000, 1.000, 0.000, 0.000, 1.000, 0.011, 0.016, 0.016, 0.012, 0.021, 0.019
69.320, 0.869, 0.645, 1.000, 0.000, 0.000, 1.000, 1.000, 0.000, 0.000, 1.000, 0.012, 0.016, 0.015, 0.012, 0.021, 0.018
69.340, 0.885, 0.578, 1.000, 0.000, 0.000, 1.000, 1.000, 0.000, 0.000, 1.000, 0.012, 0.016, 0.015, 0.012, 0.021, 0.018
69.360, 0.885, 0.509, 1.000, 0.000, 0.000, 1.000, 1.000, 0.000, 0.000, 1.000, 0.012, 0.017, 0.015, 0.011, 0.021, 0.018
69.380, 0.881, 0.434, 1.000, 0.000, 0.000, 1.000, 1.000, 0.000, 0.000, 1.000, 0.012, 0.017, 0.015, 0.011, 0.021, 0.018
69.400, 0.875, 0.346, 1.000, 0.000, 0.000, 1.000, 1.000, 0.000, 0.000, 1.000, 0.012, 0.017, 0.015, 0.011, 0.021, 0.018
69.420, 0.867, 0.235, 1.000, 0.000, 1.000, 1.000, 1.000, 0.000, 0.000, 1.000, 0.012, 0.017, 0.015, 0.011, 0.022, 0.018
69.440, 0.856, 0.085, 1.000, 0.000, 1.000, 0.000, 1.000, 0.000, 0.000, 1.000, 0.012, 0.016, 0.016, 0.011, 0.022, 0.018
69.460, 0.841, -0.120, 0.000, 0.000, 1.000, 0.000, 1.000, 0.000, 0.000, 0.000, 0.012, 0.016, 0.016, 0.011, 0.022, 0.018
69.480, 0.816, -0.382, 0.000, 0.000, 1.000, 0.000, 1.000, 0.000, 0.000, 0.000, 0.012, 0.016, 0.016, 0.011, 0.022, 0.018
69.500, 0.776, -0.643, 0.000, 0.000, 1.000, 1.000, 1.000, 0.000, 0.000, 0.000, 0.011, 0.016, 0.016, 0.011, 0.022, 0.018
69.520, 0.719, -0.807, 0.000, 0.000, 0.000, 1.000, 1.000, 0.000, 0.000, 0.000, 0.011, 0.016, 0.016, 0.011, 0.021, 0.018
69.540, 0.653, -0.869, 0.000, 0.000, 0.000, 1.000, 1.000, 0.000, 0.000, 0.000, 0.011, 0.017, 0.015, 0.011, 0.021, 0.018
69.560, 0.586, -0.885, 0.000, 0.000, 0.000, 0.811, 1.000, 0.000, 0.000, 0.000, 0.011, 0.017, 0.015, 0.011, 0.021, 0.018
69.580, 0.517, -0.886, 0.000, 0.000, 1.000, 0.000, 1.000, 0.000, 0.000, 0.000, 0.011, 0.016, 0.016, 0.011, 0.020, 0.018
69.600, 0.443, -0.882, 0.000, 0.000, 1.000, 0.000, 1.000, 0.000, 0.000, 0.000, 0.011, 0.016, 0.016, 0.010, 0.020, 0.018
69.620, 0.356, -0.876, 0.000, 0.000, 0.197, 0.000, 1.000, 0.088, 0.081, 0.000, 0.011, 0.017, 0.016, 0.010, 0.020, 0.018
69.640, 0.248, -0.868, 0.000, 0.000, 0.850, 0.000, 1.000, 0.000, 0.000, 0.000, 0.011, 0.016, 0.017, 0.010, 0.020, 0.018
69.660, 0.104, -0.858, 0.000, 0.000, 1.000, 0.836, 1.000, 0.000, 0.000, 0.000, 0.011, 0.016, 0.016, 0.010, 0.020, 0.017
69.680, -0.094, -0.843, 0.000, 0.000, 0.000, 1.000, 1.000, 1.000, 0.000, 0.000, 0.011, 0.017, 0.016, 0.010, 0.021, 0.018
69.700, -0.352, -0.819, 0.000, 0.000, 0.000, 1.000, 1.000, 1.000, 0.000, 0.000, 0.011, 0.017, 0.016, 0.010, 0.021, 0.018
69.720, -0.618, -0.781, 0.000, 0.000, 0.000, 1.000, 0.000, 1.000, 0.000, 0.000, 0.011, 0.017, 0.015, 0.011, 0.021, 0.019
69.740, -0.795, -0.726, 0.000, 0.000, 0.000, 1.000, 0.000, 1.000, 0.000, 0.000, 0.011, 0.017, 0.016, 0.011, 0.021, 0.019
69.760, -0.866, -0.658, 0.000, 0.936, 0.000, 1.000, 0.000, 1.000, 0.000, 0.936, 0.011, 0.017, 0.016, 0.012, 0.021, 0.019
69.780, -0.887, -0.575, 0.000, 1.000, 0.000, 0.134, 0.000, 1.000, 0.000, 1.000, 0.012, 0.017, 0.016, 0.012, 0.021, 0.019
69.800, -0.887, -0.487, 0.000, 1.000, 0.000, 0.354, 0.000, 1.000, 0.000, 1.000, 0.012, 0.017, 0.016, 0.012, 0.021, 0.019
69.820, -0.882, -0.389, 0.000, 1.000, 0.000, 1.000, 0.000, 1.000, 0.000, 1.000, 0.012, 0.017, 0.016, 0.012, 0.020, 0.019
69.840, -0.883, -0.199, 0.000, 1.000, 0.000, 0.247, 0.000, 1.000, 1.000, 1.000, 0.012, 0.018, 0.016, 0.012, 0.020, 0.019
69.860, -0.870, 0.014, 1.000, 1.000, 0.000, 0.000, 0.000, 0.000, 1.000, 0.000, 0.012, 0.018, 0.016, 0.012, 0.021, 0.018
69.880, -0.851, 0.255, 1.000, 1.000, 0.000, 0.000, 0.000, 0.000, 1.000, 0.000, 0.011, 0.018, 0.016, 0.012, 0.021, 0.018
69.900, -0.821, 0.508, 1.000, 1.000, 0.000, 0.000, 0.000, 1.000, 1.000, 0.000, 0.011, 0.017, 0.015, 0.012, 0.021, 0.018
69.920, -0.787, 0.700, 1.000, 1.000, 0.000, 0.000, 0.000, 1.000, 0.000, 0.000, 0.011, 0.017, 0.015, 0.012, 0.020, 0.018
69.940, -0.752, 0.796, 1.000, 1.000, 0.000, 0.000, 0.000, 1.000, 0.000, 0.000, 0.011, 0.017, 0.015, 0.011, 0.020, 0.019
69.960, -0.723, 0.831, 1.000, 1.000, 0.000, 0.000, 0.000, 1.000, 0.000, 0.000, 0.011, 0.016, 0.015, 0.011, 0.020, 0.019
69.980, -0.703, 0.841, 1.000, 1.000, 0.000, 0.000, 0.000, 1.000, 0.000, 0.000, 0.011, 0.016, 0.015, 0.011, 0.020, 0.019
70.000, -0.664, 0.861, 1.000, 1.000, 0.000, 0.000, 1.000, 1.000, 0.000, 0.000, 0.011, 0.016, 0.015, 0.012, 0.020, 0.019
70.020, -0.660, 0.848, 1.000, 1.000, 0.000, 0.000, 0.927, 0.000, 1.000, 0.000, 0.011, 0.016, 0.015, 0.012, 0.020, 0.019
70.040, -0.609, 0.872, 1.000, 1.000, 0.000, 0.000, 0.299, 0.000, 0.000, 0.000, 0.011, 0.016, 0.015, 0.012, 0.021, 0.019
70.060, -0.573, 0.871, 1.000, 1.000, 0.000, 0.000, 0.000, 0.000, 0.000, 0.000, 0.011, 0.016, 0.015, 0.011, 0.021, 0.019
70.080, -0.550, 0.863, 1.000, 1.000, 0.000, 0.000, 0.000, 1.000, 0.000, 0.000, 0.011, 0.016, 0.015, 0.011, 0.020, 0.019
70.100, -0.499, 0.871, 1.000, 1.000, 0.000, 0.000, 0.000, 1.000, 0.000, 0.000, 0.011, 0.016, 0.015, 0.011, 0.020, 0.019
70.120, -0.466, 0.862, 1.000, 1.000, 0.000, 0.000, 0.000, 1.000, 0.000, 0.000, 0.011, 0.016, 0.015, 0.011, 0.020, 0.019
70.140, -0.421, 0.861, 1.000, 1.000, 0.000, 0.210, 0.000, 0.000, 0.918, 0.000, 0.011, 0.016, 0.015, 0.011, 0.020, 0.019
70.160, -0.336, 0.867, 1.000, 0.345, 1.000, 0.000, 0.000, 0.531, 1.000, 0.655, 0.011, 0.016, 0.015, 0.011, 0.020, 0.018
70.180, -0.248, 0.857, 1.000, 1.000, 1.000, 0.000, 0.000, 0.000, 1.000, 0.000, 0.011, 0.017, 0.015, 0.011, 0.021, 0.018
70.200, -0.141, 0.844, 1.000, 1.000, 0.035, 0.000, 0.194, 0.000, 1.000, 0.000, 0.011, 0.016, 0.016, 0.011, 0.021, 0.018
70.220, -0.039, 0.817, 1.000, 1.000, 1.000, 0.000, 0.000, 1.000, 0.000, 0.000, 0.011, 0.017, 0.016, 0.011, 0.020, 0.019
70.240, 0.088, 0.792, 1.000, 1.000, 0.457, 0.000, 0.000, 0.596, 0.595, 0.000, 0.011, 0.017, 0.016, 0.011, 0.020, 0.019
70.260, 0.284, 0.777, 1.000, 1.000, 0.000, 1.000, 1.000, 0.000, 1.000, 0.000, 0.010, 0.017, 0.016, 0.011, 0.021, 0.019
70.280, 0.490, 0.734, 1.000, 1.000, 0.000, 1.000, 0.000, 0.000, 1.000, 0.000, 0.010, 0.017, 0.015, 0.011, 0.021, 0.019
70.300, 0.712, 0.711, 1.000, 0.000, 0.000, 1.000, 1.000, 0.000, 1.000, 1.000, 0.011, 0.017, 0.015, 0.012, 0.021, 0.019
70.320, 0.833, 0.662, 1.000, 0.000, 0.000, 1.000, 1.000, 0.000, 0.000, 1.000, 0.011, 0.017, 0.015, 0.012, 0.021, 0.019
70.340, 0.874, 0.600, 1.000, 0.000, 1.000, 1.000, 1.000, 0.000, 0.000, 1.000, 0.012, 0.017, 0.015, 0.011, 0.021, 0.018
70.360, 0.884, 0.534, 1.000, 0.000, 1.000, 0.000, 1.000, 0.000, 0.000, 1.000, 0.012, 0.017, 0.015, 0.011, 0.021, 0.018
70.380, 0.882, 0.462, 1.000, 0.000, 1.000, 0.000, 1.000, 0.000, 0.000, 1.000, 0.012, 0.016, 0.016, 0.011, 0.021, 0.018
70.400, 0.878, 0.380, 1.000, 0.000, 1.000, 0.000, 1.000, 0.000, 0.000, 1.000, 0.012, 0.016, 0.016, 0.011, 0.021, 0.018
70.420, 0.870, 0.279, 1.000, 0.000, 1.000, 0.000, 1.000, 0.000, 0.000, 1.000, 0.012, 0.016, 0.016, 0.011, 0.021, 0.018
70.440, 0.861, 0.146, 1.000, 0.000, 0.217, 1.000, 1.000, 0.000, 0.000, 1.000, 0.012, 0.016, 0.016, 0.011, 0.021, 0.018
70.460, 0.847, -0.037, 0.000, 0.000, 0.000, 1.000, 1.000, 0.000, 0.000, 0.000, 0.012, 0.017, 0.015, 0.011, 0.021, 0.018
70.480, 0.826, -0.282, 0.000, 0.000, 0.000, 1.000, 1.000, 0.000, 0.000, 0.000, 0.011, 0.017, 0.015, 0.011, 0.021, 0.018
70.500, 0.792, -0.555, 0.000, 0.000, 0.000, 1.000, 1.000, 1.000, 0.000, 0.000, 0.011, 0.017, 0.015, 0.011, 0.021, 0.018
70.520, 0.742, -0.761, 0.000, 0.000, 1.000, 0.000, 1.000, 1.000, 0.000, 0.000, 0.011, 0.017, 0.015, 0.011, 0.021, 0.018
70.540, 0.678, -0.855, 0.000, 0.000, 1.000, 0.000, 1.000, 1.000, 0.000, 0.000, 0.011, 0.016, 0.016, 0.011, 0.021, 0.018
70.560, 0.610, -0.882, 0.000, 0.000, 1.000, 0.000, 1.000, 0.000, 0.000, 0.000, 0.011, 0.016, 0.016, 0.011, 0.021, 0.017
70.580, 0.542, -0.887, 0.000, 0.000, 1.000, 0.000, 1.000, 0.000, 0.000, 0.000, 0.011, 0.016, 0.016, 0.011, 0.021, 0.017
70.600, 0.471, -0.884, 0.000, 0.000, 1.000, 0.000, 1.000, 0.000, 0.000, 0.000, 0.011, 0.016, 0.016, 0.011, 0.020, 0.017
70.620, 0.390, -0.879, 0.000, 0.000, 1.000, 0.000, 1.000, 0.000, 0.000, 0.000, 0.011, 0.016, 0.016, 0.010, 0.020, 0.017
70.640, 0.291, -0.871, 0.000, 0.000, 1.000, 1.000, 1.000, 0.000, 0.000, 0.000, 0.011, 0.016, 0.016, 0.010, 0.020, 0.017
70.660, 0.162, -0.862, 0.000, 0.000, 1.000, 1.000, 1.000, 1.000, 0.000, 0.000, 0.011, 0.016, 0.015, 0.010, 0.021, 0.018
70.680, -0.014, -0.849, 0.000, 0.000, 1.000, 0.002, 1.000, 1.000, 0.000, 0.000, 0.011, 0.016, 0.016, 0.010, 0.021, 0.018
70.700, -0.274, -0.822, 0.000, 1.000, 0.000, 0.000, 1.000, 0.000, 0.502, 1.000, 0.011, 0.016, 0.016, 0.010, 0.020, 0.018
70.720, -0.547, -0.791, 0.000, 0.000, 0.000, 0.000, 1.000, 0.000, 0.000, 0.000, 0.011, 0.017, 0.016, 0.010, 0.020, 0.018
70.740, -0.756, -0.742, 0.000, 0.000, 0.000, 1.000, 1.000, 0.000, 0.000, 0.000, 0.011, 0.017, 0.016, 0.010, 0.020, 0.019
70.760, -0.853, -0.679, 0.000, 0.000, 0.000, 1.000, 1.000, 0.159, 0.000, 0.000, 0.011, 0.017, 0.016, 0.010, 0.020, 0.019
70.780, -0.882, -0.612, 0.000, 0.000, 0.000, 1.000, 0.000, 0.035, 0.021, 0.000, 0.011, 0.017, 0.016, 0.011, 0.020, 0.019
70.800, -0.887, -0.544, 0.000, 0.000, 0.000, 1.000, 0.000, 0.000, 1.000, 0.000, 0.011, 0.017, 0.017, 0.011, 0.020, 0.018
70.820, -0.888, -0.419, 0.000, 1.000, 0.000, 0.000, 0.000, 1.000, 1.000, 1.000, 0.011, 0.017, 0.016, 0.011, 0.020, 0.018
70.840, -0.879, -0.303, 0.000, 1.000, 0.000, 0.000, 0.000, 0.000, 1.000, 1.000, 0.012, 0.017, 0.016, 0.012, 0.020, 0.018
70.860, -0.870, -0.151, 0.000, 1.000, 0.000, 0.000, 0.000, 1.000, 0.000, 1.000, 0.012, 0.017, 0.015, 0.012, 0.020, 0.018
70.880, -0.856, 0.044, 1.000, 1.000, 0.000, 0.000, 0.000, 1.000, 0.879, 0.000, 0.011, 0.018, 0.015, 0.012, 0.020, 0.018
70.900, -0.840, 0.288, 1.000, 1.000, 0.000, 0.000, 0.000, 1.000, 0.000, 0.000, 0.011, 0.018, 0.015, 0.012, 0.020, 0.018
70.920, -0.807, 0.551, 1.000, 1.000, 0.000, 0.000, 0.000, 1.000, 1.000, 0.000, 0.011, 0.017, 0.015, 0.012, 0.020, 0.018
70.940, -0.771, 0.732, 1.000, 1.000, 0.000, 0.000, 0.000, 1.000, 1.000, 0.000, 0.011, 0.017, 0.015, 0.012, 0.019, 0.018
70.960, -0.723, 0.827, 1.000, 1.000, 0.000, 0.000, 0.000, 1.000, 1.000, 0.000, 0.011, 0.016, 0.015, 0.011, 0.019, 0.018
70.980, -0.680, 0.858, 1.000, 1.000, 0.000, 0.000, 0.000, 0.261, 1.000, 0.000, 0.011, 0.016, 0.015, 0.011, 0.020, 0.017
71.000, -0.647, 0.864, 1.000, 1.000, 0.000, 0.000, 0.000, 1.000, 1.000, 0.000, 0.011, 0.016, 0.015, 0.011, 0.020, 0.017
71.020, -0.608, 0.870, 1.000, 1.000, 0.000, 0.000, 0.000, 0.000, 1.000, 0.000, 0.011, 0.016, 0.015, 0.011, 0.020, 0.017
71.040, -0.565, 0.873, 1.000, 1.000, 0.000, 0.000, 0.000, 0.000, 0.437, 0.000, 0.011, 0.016, 0.015, 0.011, 0.020, 0.018
71.060, -0.510, 0.877, 1.000, 1.000, 0.000, 0.000, 1.000, 1.000, 0.000, 0.000, 0.010, 0.016, 0.015, 0.011, 0.020, 0.018
71.080, -0.448, 0.875, 1.000, 1.000, 0.000, 0.000, 0.000, 1.000, 0.000, 0.000, 0.010, 0.016, 0.015, 0.011, 0.020, 0.018
71.100, -0.376, 0.871, 1.000, 1.000, 0.000, 0.000, 0.000, 1.000, 0.000, 0.000, 0.010, 0.016, 0.015, 0.011, 0.019, 0.018
71.120, -0.288, 0.864, 1.000, 1.000, 0.000, 0.000, 0.000, 1.000, 0.000, 0.000, 0.010, 0.016, 0.015, 0.011, 0.019, 0.019
71.140, -0.171, 0.856, 1.000, 1.000, 0.058, 0.000, 0.000, 1.000, 1.000, 0.000, 0.010, 0.016, 0.015, 0.011, 0.019, 0.018
71.160, -0.008, 0.845, 1.000, 1.000, 1.000, 0.000, 0.000, 1.000, 1.000, 0.000, 0.010, 0.016, 0.015, 0.011, 0.019, 0.018
71.180, 0.183, 0.817, 1.000, 1.000, 1.000, 0.000, 0.000, 0.000, 1.000, 0.000, 0.010, 0.017, 0.016, 0.011, 0.020, 0.018
71.200, 0.426, 0.787, 1.000, 1.000, 0.000, 0.000, 0.000, 0.000, 1.000, 0.000, 0.010, 0.016, 0.016, 0.011, 0.020, 0.017
71.220, 0.628, 0.719, 1.000, 1.000, 0.061, 0.000, 0.000, 0.000, 1.000, 0.000, 0.010, 0.016, 0.016, 0.011, 0.020, 0.018
71.240, 0.770, 0.646, 1.000, 1.000, 0.052, 0.000, 0.000, 0.000, 1.000, 0.000, 0.010, 0.016, 0.016, 0.010, 0.020, 0.018
71.260, 0.851, 0.597, 1.000, 0.000, 1.000, 0.000, 0.337, 0.000, 1.000, 1.000, 0.011, 0.017, 0.016, 0.011, 0.020, 0.018
71.280, 0.876, 0.535, 1.000, 0.000, 0.079, 1.000, 1.000, 0.000, 0.000, 1.000, 0.011, 0.017, 0.016, 0.011, 0.021, 0.018
71.300, 0.880, 0.465, 1.000, 0.000, 0.000, 1.000, 1.000, 0.000, 0.000, 1.000, 0.011, 0.017, 0.015, 0.011, 0.021, 0.018
71.320, 0.877, 0.384, 1.000, 0.000, 0.000, 1.000, 1.000, 0.000, 0.000, 1.000, 0.012, 0.017, 0.015, 0.012, 0.021, 0.017
71.340, 0.871, 0.284, 1.000, 0.000, 0.000, 1.000, 1.000, 0.000, 0.000, 1.000, 0.012, 0.017, 0.015, 0.012, 0.021, 0.017
71.360, 0.861, 0.153, 1.000, 0.000, 0.000, 1.000, 1.000, 0.000, 0.000, 1.000, 0.012, 0.017, 0.015, 0.011, 0.021, 0.017
71.380, 0.848, -0.027, 0.000, 0.000, 1.000, 1.000, 1.000, 0.000, 0.000, 0.000, 0.011, 0.017, 0.015, 0.011, 0.020, 0.017
71.400, 0.827, -0.269, 0.000, 0.000, 1.000, 1.000, 1.000, 0.000, 0.000, 0.000, 0.011, 0.016, 0.015, 0.011, 0.020, 0.017
71.420, 0.794, -0.543, 0.000, 0.000, 1.000, 1.000, 1.000, 0.000, 0.000, 0.000, 0.011, 0.016, 0.015, 0.011, 0.020, 0.017
71.440, 0.735, -0.743, 0.000, 1.000, 0.258, 0.000, 1.000, 0.000, 0.000, 1.000, 0.011, 0.017, 0.015, 0.011, 0.020, 0.017
71.460, 0.671, -0.844, 0.000, 1.000, 0.000, 0.000, 1.000, 0.000, 0.000, 1.000, 0.012, 0.017, 0.016, 0.011, 0.019, 0.017
71.480, 0.606, -0.879, 0.000, 0.000, 1.000, 0.000, 1.000, 0.092, 0.000, 0.000, 0.011, 0.017, 0.016, 0.011, 0.019, 0.017
71.500, 0.539, -0.885, 0.000, 0.000, 1.000, 0.000, 1.000, 0.000, 0.000, 0.000, 0.011, 0.016, 0.016, 0.011, 0.019, 0.017
71.520, 0.468, -0.883, 0.000, 0.000, 1.000, 0.000, 1.000, 0.000, 0.000, 0.000, 0.011, 0.016, 0.016, 0.011, 0.019, 0.017
71.540, 0.386, -0.878, 0.000, 0.000, 1.000, 0.000, 1.000, 1.000, 0.000, 0.000, 0.011, 0.016, 0.016, 0.010, 0.020, 0.017
71.560, 0.287, -0.871, 0.000, 0.000, 1.000, 1.000, 1.000, 1.000, 0.000, 0.000, 0.011, 0.016, 0.016, 0.010, 0.020, 0.017
71.580, 0.156, -0.862, 0.000, 0.000, 1.000, 1.000, 1.000, 1.000, 0.000, 0.000, 0.011, 0.016, 0.015, 0.010, 0.020, 0.017
71.600, -0.023, -0.848, 0.000, 0.111, 1.000, 0.018, 1.000, 0.000, 0.000, 0.111, 0.011, 0.016, 0.016, 0.010, 0.020, 0.017
71.620, -0.293, -0.818, 0.000, 1.000, 0.000, 0.000, 1.000, 0.000, 0.447, 1.000, 0.011, 0.016, 0.016, 0.010, 0.020, 0.017
71.640, -0.565, -0.787, 0.000, 0.000, 0.000, 1.000, 1.000, 0.000, 0.000, 0.000, 0.011, 0.017, 0.016, 0.010, 0.019, 0.017
71.660, -0.766, -0.737, 0.000, 0.000, 0.000, 1.000, 1.000, 0.000, 0.000, 0.000, 0.011, 0.017, 0.016, 0.010, 0.019, 0.017
71.680, -0.856, -0.673, 0.000, 0.000, 0.000, 1.000, 1.000, 0.000, 0.000, 0.000, 0.011, 0.017, 0.016, 0.010, 0.019, 0.017
71.700, -0.883, -0.606, 0.000, 0.000, 0.000, 1.000, 1.000, 0.000, 0.000, 0.000, 0.011, 0.017, 0.016, 0.010, 0.019, 0.018
71.720, -0.887, -0.538, 0.000, 0.111, 0.000, 1.000, 0.000, 0.002, 0.000, 0.111, 0.011, 0.017, 0.017, 0.011, 0.020, 0.018
71.740, -0.884, -0.466, 0.000, 0.163, 0.000, 1.000, 0.000, 0.133, 0.000, 0.163, 0.011, 0.017, 0.017, 0.011, 0.020, 0.018
71.760, -0.878, -0.384, 0.000, 0.000, 0.000, 1.000, 1.000, 0.000, 0.000, 0.000, 0.010, 0.017, 0.017, 0.011, 0.020, 0.018
71.780, -0.871, -0.284, 0.000, 0.000, 0.000, 1.000, 1.000, 1.000, 1.000, 0.000, 0.010, 0.017, 0.017, 0.011, 0.020, 0.018
71.800, -0.871, -0.104, 0.000, 1.000, 0.000, 0.000, 0.000, 1.000, 0.000, 1.000, 0.011, 0.018, 0.016, 0.011, 0.019, 0.018
71.820, -0.860, 0.118, 1.000, 1.000, 0.000, 0.000, 0.000, 1.000, 0.000, 0.000, 0.011, 0.018, 0.016, 0.011, 0.019, 0.018
71.840, -0.830, 0.379, 1.000, 1.000, 0.000, 0.000, 0.000, 1.000, 1.000, 0.000, 0.011, 0.017, 0.016, 0.012, 0.019, 0.017
71.860, -0.803, 0.611, 1.000, 1.000, 0.000, 0.000, 0.000, 1.000, 1.000, 0.000, 0.010, 0.017, 0.015, 0.012, 0.019, 0.017
71.880, -0.754, 0.777, 1.000, 1.000, 0.000, 0.000, 0.000, 1.000, 1.000, 0.000, 0.010, 0.017, 0.015, 0.012, 0.019, 0.017
71.900, -0.701, 0.848, 1.000, 1.000, 0.000, 0.000, 0.000, 1.000, 0.683, 0.000, 0.010, 0.016, 0.015, 0.011, 0.019, 0.017
71.920, -0.653, 0.870, 1.000, 1.000, 0.000, 0.000, 0.000, 1.000, 1.000, 0.000, 0.010, 0.016, 0.015, 0.011, 0.019, 0.017
71.940, -0.612, 0.872, 1.000, 1.000, 0.000, 0.028, 1.000, 1.000, 0.000, 0.000, 0.010, 0.016, 0.015, 0.011, 0.019, 0.017
71.960, -0.565, 0.876, 1.000, 1.000, 0.000, 0.000, 0.319, 1.000, 0.000, 0.000, 0.010, 0.016, 0.015, 0.011, 0.019, 0.018
71.980, -0.506, 0.879, 1.000, 1.000, 0.000, 0.000, 0.000, 1.000, 0.000, 0.000, 0.010, 0.016, 0.016, 0.011, 0.019, 0.018
72.000, -0.443, 0.875, 1.000, 1.000, 0.000, 0.000, 0.000, 1.000, 0.000, 0.000, 0.010, 0.016, 0.016, 0.011, 0.018, 0.018
72.020, -0.370, 0.870, 1.000, 1.000, 0.000, 0.000, 0.000, 1.000, 0.284, 0.000, 0.010, 0.016, 0.016, 0.011, 0.018, 0.018
72.040, -0.291, 0.860, 1.000, 1.000, 0.000, 0.000, 0.000, 1.000, 1.000, 0.000, 0.010, 0.016, 0.016, 0.011, 0.018, 0.017
72.060, -0.193, 0.850, 1.000, 1.000, 0.000, 0.000, 0.000, 1.000, 1.000, 0.000, 0.010, 0.016, 0.017, 0.011, 0.018, 0.017
72.080, -0.074, 0.835, 1.000, 1.000, 0.000, 0.000, 0.000, 1.000, 0.000, 0.000, 0.010, 0.016, 0.017, 0.011, 0.018, 0.018
72.100, 0.088, 0.818, 1.000, 1.000, 0.000, 0.000, 0.000, 1.000, 0.000, 0.000, 0.010, 0.016, 0.017, 0.010, 0.018, 0.018
72.120, 0.265, 0.780, 1.000, 1.000, 0.000, 0.000, 0.000, 0.000, 1.000, 0.000, 0.010, 0.016, 0.017, 0.010, 0.019, 0.018
72.140, 0.454, 0.730, 1.000, 1.000, 0.000, 0.000, 0.109, 0.000, 1.000, 0.000, 0.010, 0.016, 0.017, 0.010, 0.019, 0.018
72.160, 0.663, 0.695, 1.000, 1.000, 0.000, 1.000, 0.000, 0.000, 1.000, 0.000, 0.010, 0.016, 0.016, 0.010, 0.019, 0.018
72.180, 0.809, 0.657, 1.000, 0.000, 0.000, 1.000, 1.000, 0.000, 0.000, 1.000, 0.010, 0.016, 0.016, 0.011, 0.019, 0.018
72.200, 0.866, 0.600, 1.000, 0.000, 0.000, 1.000, 1.000, 0.000, 0.000, 1.000, 0.011, 0.016, 0.016, 0.011, 0.020, 0.017
72.220, 0.881, 0.535, 1.000, 0.000, 0.000, 1.000, 1.000, 0.000, 0.000, 1.000, 0.011, 0.015, 0.016, 0.012, 0.020, 0.017
72.240, 0.882, 0.464, 1.000, 0.000, 0.000, 1.000, 1.000, 0.000, 0.000, 1.000, 0.011, 0.015, 0.016, 0.012, 0.020, 0.017
72.260, 0.877, 0.383, 1.000, 0.000, 0.000, 0.000, 1.000, 0.038, 0.000, 1.000, 0.011, 0.015, 0.016, 0.012, 0.020, 0.017
72.280, 0.871, 0.282, 1.000, 0.000, 0.000, 1.000, 1.000, 0.000, 0.000, 1.000, 0.012, 0.016, 0.016, 0.012, 0.020, 0.017
72.300, 0.861, 0.150, 1.000, 0.000, 0.000, 1.000, 1.000, 0.000, 0.000, 1.000, 0.012, 0.016, 0.016, 0.011, 0.020, 0.017
72.320, 0.848, -0.031, 0.000, 0.000, 0.000, 1.000, 1.000, 0.000, 0.000, 0.000, 0.011, 0.017, 0.015, 0.011, 0.019, 0.017
72.340, 0.827, -0.274, 0.000, 0.000, 0.000, 1.000, 1.000, 0.000, 0.000, 0.000, 0.011, 0.017, 0.015, 0.011, 0.019, 0.017
72.360, 0.794, -0.547, 0.000, 0.000, 1.000, 1.000, 1.000, 0.000, 0.000, 0.000, 0.011, 0.016, 0.015, 0.011, 0.019, 0.017
72.380, 0.736, -0.749, 0.000, 1.000, 1.000, 0.000, 1.000, 0.000, 0.000, 1.000, 0.011, 0.016, 0.016, 0.011, 0.019, 0.017
72.400, 0.662, -0.840, 0.000, 1.000, 0.000, 1.000, 1.000, 0.000, 0.000, 1.000, 0.011, 0.016, 0.016, 0.011, 0.019, 0.017
72.420, 0.594, -0.874, 0.000, 1.000, 0.000, 1.000, 1.000, 0.000, 0.000, 1.000, 0.012, 0.017, 0.015, 0.011, 0.018, 0.017
72.440, 0.528, -0.883, 0.000, 0.000, 0.000, 0.000, 1.000, 0.000, 0.000, 0.000, 0.011, 0.017, 0.016, 0.011, 0.018, 0.016
72.460, 0.456, -0.882, 0.000, 0.000, 1.000, 0.000, 1.000, 0.000, 0.000, 0.000, 0.011, 0.016, 0.016, 0.011, 0.018, 0.016
72.480, 0.372, -0.877, 0.000, 0.000, 1.000, 0.000, 1.000, 0.000, 0.000, 0.000, 0.011, 0.016, 0.016, 0.011, 0.018, 0.016
72.500, 0.269, -0.870, 0.000, 0.000, 1.000, 0.000, 1.000, 0.000, 0.000, 0.000, 0.011, 0.016, 0.017, 0.010, 0.018, 0.016
72.520, 0.132, -0.860, 0.000, 0.000, 1.000, 0.000, 1.000, 0.000, 0.000, 0.000, 0.010, 0.016, 0.017, 0.010, 0.018, 0.016
72.540, -0.056, -0.846, 0.000, 0.000, 1.000, 0.250, 0.533, 1.000, 0.000, 0.000, 0.010, 0.016, 0.017, 0.011, 0.019, 0.016
72.560, -0.305, -0.824, 0.000, 0.000, 1.000, 1.000, 0.000, 1.000, 0.000, 0.000, 0.010, 0.015, 0.016, 0.011, 0.019, 0.017
72.580, -0.577, -0.789, 0.000, 0.000, 1.000, 0.000, 1.000, 0.000, 0.002, 0.000, 0.010, 0.015, 0.016, 0.011, 0.019, 0.017
72.600, -0.773, -0.736, 0.000, 0.000, 1.000, 0.000, 1.000, 0.008, 0.000, 0.000, 0.010, 0.015, 0.017, 0.011, 0.018, 0.017
72.620, -0.859, -0.672, 0.000, 0.000, 0.000, 0.000, 1.000, 0.048, 0.181, 0.000, 0.010, 0.016, 0.017, 0.011, 0.018, 0.017
72.640, -0.883, -0.605, 0.000, 0.000, 0.000, 1.000, 1.000, 1.000, 0.000, 0.000, 0.010, 0.016, 0.017, 0.011, 0.018, 0.018
72.660, -0.887, -0.535, 0.000, 0.695, 0.000, 1.000, 0.000, 1.000, 0.000, 0.695, 0.011, 0.017, 0.017, 0.011, 0.018, 0.018
72.680, -0.884, -0.456, 0.000, 1.000, 0.000, 1.000, 0.000, 1.000, 0.000, 1.000, 0.011, 0.017, 0.017, 0.011, 0.018, 0.018
72.700, -0.883, -0.313, 0.000, 1.000, 0.000, 0.000, 0.000, 1.000, 0.931, 1.000, 0.011, 0.017, 0.017, 0.012, 0.018, 0.017
72.720, -0.871, -0.164, 0.000, 1.000, 0.000, 0.000, 0.000, 1.000, 1.000, 1.000, 0.012, 0.017, 0.016, 0.012, 0.018, 0.017
72.740, -0.860, 0.033, 1.000, 1.000, 0.000, 0.000, 0.000, 1.000, 0.556, 0.000, 0.011, 0.017, 0.016, 0.012, 0.018, 0.017
72.760, -0.838, 0.276, 1.000, 1.000, 0.000, 0.000, 0.000, 1.000, 0.000, 0.000, 0.011, 0.017, 0.016, 0.012, 0.018, 0.017
72.780, -0.808, 0.539, 1.000, 1.000, 0.000, 0.000, 0.000, 0.000, 0.000, 0.000, 0.011, 0.017, 0.016, 0.012, 0.018, 0.018
72.800, -0.764, 0.739, 1.000, 1.000, 0.000, 0.000, 0.000, 0.000, 1.000, 0.000, 0.010, 0.017, 0.016, 0.012, 0.019, 0.017
72.820, -0.709, 0.838, 1.000, 1.000, 0.000, 0.000, 0.000, 0.000, 1.000, 0.000, 0.010, 0.017, 0.016, 0.012, 0.019, 0.017
72.840, -0.665, 0.863, 1.000, 1.000, 0.000, 0.000, 0.000, 1.000, 0.000, 0.000, 0.010, 0.016, 0.016, 0.011, 0.018, 0.017
72.860, -0.620, 0.873, 1.000, 1.000, 0.000, 0.000, 0.000, 1.000, 0.000, 0.000, 0.010, 0.016, 0.015, 0.011, 0.018, 0.018
72.880, -0.626, 0.849, 1.000, 1.000, 0.000, 0.000, 0.000, 1.000, 0.000, 0.000, 0.010, 0.016, 0.015, 0.011, 0.018, 0.018
72.900, -0.589, 0.865, 1.000, 1.000, 0.122, 0.000, 1.000, 0.000, 0.000, 0.000, 0.010, 0.016, 0.015, 0.012, 0.018, 0.018
72.920, -0.552, 0.869, 1.000, 1.000, 0.000, 0.000, 1.000, 0.000, 0.000, 0.000, 0.010, 0.016, 0.015, 0.012, 0.019, 0.018
72.940, -0.511, 0.869, 1.000, 1.000, 0.000, 0.000, 1.000, 0.000, 1.000, 0.000, 0.010, 0.016, 0.015, 0.012, 0.019, 0.017
72.960, -0.451, 0.873, 1.000, 1.000, 0.000, 0.000, 0.000, 0.000, 1.000, 0.000, 0.010, 0.016, 0.015, 0.012, 0.019, 0.017
72.980, -0.387, 0.868, 1.000, 1.000, 0.000, 0.000, 0.000, 0.000, 1.000, 0.000, 0.010, 0.016, 0.015, 0.011, 0.019, 0.017
73.000, -0.303, 0.864, 1.000, 1.000, 0.000, 0.000, 0.000, 0.000, 1.000, 0.000, 0.010, 0.016, 0.015, 0.011, 0.019, 0.017
73.020, -0.182, 0.860, 1.000, 0.317, 1.000, 0.000, 0.000, 1.000, 1.000, 0.683, 0.010, 0.016, 0.015, 0.011, 0.019, 0.017
73.040, -0.015, 0.850, 1.000, 0.063, 1.000, 0.000, 0.000, 1.000, 1.000, 0.937, 0.011, 0.016, 0.015, 0.011, 0.018, 0.018
73.060, 0.198, 0.827, 1.000, 1.000, 0.000, 0.031, 0.000, 1.000, 1.000, 0.000, 0.011, 0.016, 0.015, 0.011, 0.018, 0.018
73.080, 0.446, 0.792, 1.000, 1.000, 0.000, 0.187, 0.359, 0.000, 0.000, 0.000, 0.010, 0.016, 0.015, 0.011, 0.019, 0.017
73.100, 0.689, 0.754, 1.000, 0.000, 1.000, 0.000, 0.000, 0.000, 1.000, 1.000, 0.011, 0.016, 0.016, 0.011, 0.019, 0.018
73.120, 0.826, 0.698, 1.000, 0.000, 1.000, 0.000, 1.000, 0.000, 1.000, 1.000, 0.011, 0.017, 0.016, 0.012, 0.019, 0.018
73.140, 0.875, 0.633, 1.000, 0.000, 1.000, 0.000, 0.138, 0.000, 1.000, 1.000, 0.011, 0.016, 0.016, 0.011, 0.019, 0.018
73.160, 0.886, 0.565, 1.000, 0.000, 1.000, 0.000, 1.000, 0.000, 1.000, 1.000, 0.011, 0.016, 0.016, 0.012, 0.019, 0.018
73.180, 0.885, 0.496, 1.000, 0.000, 1.000, 0.000, 1.000, 0.450, 0.000, 1.000, 0.012, 0.016, 0.017, 0.012, 0.019, 0.018
73.200, 0.880, 0.419, 1.000, 0.000, 0.629, 1.000, 1.000, 0.000, 0.000, 1.000, 0.012, 0.016, 0.016, 0.012, 0.019, 0.017
73.220, 0.874, 0.327, 1.000, 0.000, 1.000, 0.277, 1.000, 0.000, 0.000, 1.000, 0.012, 0.016, 0.016, 0.011, 0.019, 0.017
73.240, 0.866, 0.210, 1.000, 0.000, 1.000, 0.000, 1.000, 0.000, 0.000, 1.000, 0.012, 0.016, 0.016, 0.011, 0.019, 0.017
73.260, 0.854, 0.052, 1.000, 0.000, 0.000, 1.000, 1.000, 0.000, 0.000, 1.000, 0.012, 0.016, 0.016, 0.011, 0.019, 0.017
73.280, 0.837, -0.165, 0.000, 0.000, 1.000, 0.417, 1.000, 0.000, 0.000, 0.000, 0.011, 0.016, 0.016, 0.011, 0.019, 0.017
73.300, 0.809, -0.434, 0.000, 0.000, 0.000, 1.000, 1.000, 0.000, 0.000, 0.000, 0.011, 0.016, 0.016, 0.011, 0.018, 0.017
73.320, 0.766, -0.683, 0.000, 0.000, 1.000, 0.099, 1.000, 0.000, 0.000, 0.000, 0.011, 0.016, 0.016, 0.011, 0.018, 0.017
73.340, 0.707, -0.825, 0.000, 0.000, 0.000, 0.760, 1.000, 0.000, 0.000, 0.000, 0.011, 0.016, 0.016, 0.011, 0.018, 0.017
73.360, 0.633, -0.870, 0.000, 1.000, 0.000, 0.000, 1.000, 0.000, 0.000, 1.000, 0.011, 0.016, 0.016, 0.011, 0.018, 0.017
73.380, 0.558, -0.881, 0.000, 1.000, 0.000, 0.000, 1.000, 0.000, 0.032, 1.000, 0.012, 0.017, 0.016, 0.011, 0.018, 0.017
73.400, 0.489, -0.883, 0.000, 0.000, 1.000, 0.000, 1.000, 0.000, 0.000, 0.000, 0.011, 0.016, 0.017, 0.011, 0.018, 0.018
73.420, 0.411, -0.879, 0.000, 0.000, 1.000, 0.000, 1.000, 0.000, 0.000, 0.000, 0.011, 0.016, 0.017, 0.011, 0.018, 0.018
73.440, 0.318, -0.873, 0.000, 0.000, 1.000, 1.000, 1.000, 0.000, 0.000, 0.000, 0.011, 0.016, 0.016, 0.011, 0.018, 0.018
73.460, 0.198, -0.865, 0.000, 0.000, 1.000, 1.000, 1.000, 0.000, 0.000, 0.000, 0.011, 0.016, 0.016, 0.011, 0.018, 0.018
73.480, 0.036, -0.853, 0.000, 0.000, 1.000, 1.000, 1.000, 0.000, 0.000, 0.000, 0.011, 0.015, 0.016, 0.011, 0.018, 0.018
73.500, -0.187, -0.835, 0.000, 0.000, 0.000, 1.000, 1.000, 1.000, 0.000, 0.000, 0.011, 0.016, 0.016, 0.011, 0.018, 0.018
73.520, -0.458, -0.806, 0.000, 0.000, 0.000, 1.000, 1.000, 1.000, 0.000, 0.000, 0.011, 0.016, 0.016, 0.011, 0.019, 0.018
73.540, -0.700, -0.762, 0.000, 0.000, 0.000, 1.000, 0.000, 1.000, 0.000, 0.000, 0.011, 0.017, 0.016, 0.011, 0.019, 0.018
73.560, -0.832, -0.702, 0.000, 0.000, 0.000, 1.000, 0.000, 1.000, 0.000, 0.000, 0.011, 0.017, 0.017, 0.011, 0.019, 0.018
73.580, -0.881, -0.611, 0.000, 1.000, 0.000, 1.000, 0.000, 1.000, 1.000, 1.000, 0.011, 0.017, 0.017, 0.012, 0.019, 0.018
73.600, -0.893, -0.462, 0.000, 1.000, 0.000, 0.000, 0.000, 0.000, 1.000, 1.000, 0.011, 0.017, 0.016, 0.012, 0.019, 0.017
73.620, -0.884, -0.336, 0.000, 1.000, 0.000, 0.000, 0.000, 0.000, 1.000, 1.000, 0.012, 0.017, 0.016, 0.012, 0.019, 0.017
73.640, -0.871, -0.209, 0.000, 1.000, 0.000, 0.000, 0.000, 0.000, 1.000, 1.000, 0.012, 0.017, 0.016, 0.012, 0.019, 0.017
73.660, -0.859, -0.038, 0.000, 1.000, 0.000, 0.000, 0.000, 1.000, 0.000, 1.000, 0.012, 0.017, 0.016, 0.012, 0.019, 0.018
73.680, -0.853, 0.193, 1.000, 1.000, 0.000, 0.000, 0.000, 1.000, 0.000, 0.000, 0.011, 0.017, 0.016, 0.012, 0.018, 0.018
73.700, -0.835, 0.435, 1.000, 1.000, 0.000, 0.000, 0.000, 1.000, 0.000, 0.000, 0.011, 0.016, 0.015, 0.012, 0.018, 0.018
73.720, -0.789, 0.673, 1.000, 1.000, 0.000, 0.000, 0.000, 1.000, 0.000, 0.000, 0.011, 0.016, 0.015, 0.012, 0.018, 0.018
73.740, -0.741, 0.803, 1.000, 1.000, 0.000, 0.000, 0.000, 1.000, 1.000, 0.000, 0.011, 0.016, 0.015, 0.012, 0.018, 0.018
73.760, -0.698, 0.850, 1.000, 1.000, 0.000, 0.000, 0.000, 1.000, 1.000, 0.000, 0.011, 0.016, 0.015, 0.011, 0.018, 0.017
73.780, -0.658, 0.865, 1.000, 1.000, 0.000, 0.000, 0.000, 1.000, 1.000, 0.000, 0.011, 0.016, 0.015, 0.011, 0.018, 0.017
73.800, -0.624, 0.867, 1.000, 1.000, 0.000, 0.000, 0.000, 1.000, 1.000, 0.000, 0.011, 0.016, 0.015, 0.011, 0.018, 0.017
73.820, -0.584, 0.871, 1.000, 1.000, 0.000, 0.000, 0.000, 1.000, 1.000, 0.000, 0.011, 0.016, 0.015, 0.011, 0.018, 0.018
73.840, -0.536, 0.875, 1.000, 1.000, 0.000, 0.000, 0.000, 1.000, 1.000, 0.000, 0.011, 0.016, 0.015, 0.011, 0.018, 0.018
73.860, -0.495, 0.869, 1.000, 1.000, 0.000, 0.000, 0.074, 1.000, 1.000, 0.000, 0.011, 0.015, 0.015, 0.011, 0.018, 0.018
73.880, -0.445, 0.868, 1.000, 1.000, 0.000, 0.000, 0.000, 0.000, 1.000, 0.000, 0.011, 0.015, 0.015, 0.011, 0.018, 0.018
73.900, -0.399, 0.860, 1.000, 1.000, 0.000, 0.000, 0.000, 0.000, 1.000, 0.000, 0.010, 0.015, 0.015, 0.011, 0.018, 0.018
73.920, -0.380, 0.842, 1.000, 1.000, 0.000, 0.000, 0.000, 0.000, 1.000, 0.000, 0.010, 0.015, 0.015, 0.011, 0.019, 0.018
73.940, -0.387, 0.824, 1.000, 1.000, 0.000, 0.000, 0.000, 0.060, 1.000, 0.000, 0.010, 0.015, 0.015, 0.011, 0.019, 0.018
73.960, -0.374, 0.828, 1.000, 1.000, 0.000, 0.000, 0.000, 0.000, 1.000, 0.000, 0.010, 0.015, 0.015, 0.011, 0.019, 0.019
73.980, -0.384, 0.818, 1.000, 1.000, 0.000, 0.000, 0.000, 0.000, 1.000, 0.000, 0.010, 0.015, 0.015, 0.011, 0.019, 0.019
74.000, -0.350, 0.832, 1.000, 1.000, 0.000, 0.000, 0.000, 0.000, 1.000, 0.000, 0.010, 0.015, 0.016, 0.011, 0.019, 0.019
74.020, -0.356, 0.818, 1.000, 1.000, 0.000, 0.000, 0.000, 0.000, 1.000, 0.000, 0.010, 0.015, 0.016, 0.011, 0.019, 0.019
74.040, -0.363, 0.813, 1.000, 1.000, 0.000, 0.000, 0.000, 0.000, 1.000, 0.000, 0.010, 0.015, 0.016, 0.011, 0.019, 0.019
74.060, -0.335, 0.825, 1.000, 1.000, 0.000, 1.000, 0.000, 0.104, 1.000, 0.000, 0.010, 0.015, 0.016, 0.011, 0.019, 0.019
74.080, -0.287, 0.831, 1.000, 1.000, 0.000, 1.000, 0.000, 1.000, 1.000, 0.000, 0.010, 0.015, 0.015, 0.011, 0.019, 0.018
74.100, -0.240, 0.825, 1.000, 1.000, 0.000, 1.000, 0.000, 1.000, 0.000, 0.000, 0.010, 0.015, 0.015, 0.011, 0.018, 0.019
74.120, -0.145, 0.829, 1.000, 1.000, 0.000, 1.000, 0.000, 1.000, 0.000, 0.000, 0.010, 0.015, 0.015, 0.011, 0.018, 0.019
74.140, -0.025, 0.818, 1.000, 1.000, 0.000, 1.000, 0.000, 1.000, 0.000, 0.000, 0.010, 0.015, 0.015, 0.011, 0.019, 0.019
74.160, 0.121, 0.795, 1.000, 1.000, 0.000, 1.000, 0.000, 1.000, 0.000, 0.000, 0.010, 0.016, 0.015, 0.010, 0.019, 0.019
74.180, 0.374, 0.793, 1.000, 0.000, 0.000, 1.000, 0.000, 1.000, 0.000, 1.000, 0.011, 0.016, 0.015, 0.011, 0.019, 0.019
74.200, 0.632, 0.764, 1.000, 0.000, 0.000, 1.000, 1.000, 1.000, 0.000, 1.000, 0.011, 0.016, 0.015, 0.011, 0.019, 0.019
74.220, 0.800, 0.713, 1.000, 0.000, 0.000, 1.000, 0.000, 1.000, 0.000, 1.000, 0.011, 0.016, 0.015, 0.011, 0.019, 0.019
74.240, 0.867, 0.649, 1.000, 0.040, 0.000, 1.000, 1.000, 1.000, 0.000, 0.960, 0.011, 0.016, 0.015, 0.011, 0.019, 0.019
74.260, 0.884, 0.582, 1.000, 0.006, 0.000, 1.000, 1.000, 0.000, 0.000, 0.994, 0.012, 0.017, 0.015, 0.011, 0.019, 0.019
74.280, 0.886, 0.514, 1.000, 0.000, 1.000, 0.000, 1.000, 0.000, 0.000, 1.000, 0.012, 0.016, 0.015, 0.011, 0.018, 0.019
74.300, 0.882, 0.439, 1.000, 0.000, 1.000, 0.000, 1.000, 0.000, 0.000, 1.000, 0.012, 0.016, 0.016, 0.011, 0.018, 0.019
74.320, 0.876, 0.352, 1.000, 0.000, 1.000, 0.000, 1.000, 0.000, 0.000, 1.000, 0.012, 0.015, 0.016, 0.010, 0.018, 0.019
74.340, 0.868, 0.243, 1.000, 0.000, 1.000, 0.000, 1.000, 0.000, 0.000, 1.000, 0.012, 0.015, 0.016, 0.010, 0.018, 0.019
74.360, 0.857, 0.096, 1.000, 0.000, 1.000, 0.000, 1.000, 0.000, 0.000, 1.000, 0.012, 0.015, 0.016, 0.010, 0.018, 0.019
74.380, 0.842, -0.105, 0.000, 0.000, 1.000, 0.112, 1.000, 0.000, 0.000, 0.000, 0.012, 0.015, 0.016, 0.010, 0.018, 0.019
74.400, 0.817, -0.365, 0.000, 0.000, 1.000, 0.000, 1.000, 0.000, 0.000, 0.000, 0.011, 0.015, 0.016, 0.010, 0.018, 0.020
74.420, 0.779, -0.629, 0.000, 0.000, 1.000, 0.000, 1.000, 0.000, 0.000, 0.000, 0.011, 0.015, 0.016, 0.010, 0.018, 0.020
74.440, 0.723, -0.800, 0.000, 0.000, 1.000, 0.000, 1.000, 0.000, 0.000, 0.000, 0.011, 0.015, 0.016, 0.010, 0.018, 0.020
74.460, 0.658, -0.867, 0.000, 0.000, 1.000, 0.000, 1.000, 0.000, 0.000, 0.000, 0.011, 0.015, 0.016, 0.010, 0.018, 0.020
74.480, 0.590, -0.885, 0.000, 0.062, 1.000, 0.000, 1.000, 0.000, 0.000, 0.062, 0.011, 0.015, 0.016, 0.010, 0.019, 0.020
74.500, 0.520, -0.886, 0.000, 0.560, 0.000, 1.000, 1.000, 0.000, 0.000, 0.560, 0.011, 0.015, 0.016, 0.010, 0.019, 0.020
74.520, 0.441, -0.881, 0.000, 1.000, 0.125, 1.000, 1.000, 0.000, 0.000, 1.000, 0.011, 0.016, 0.016, 0.010, 0.019, 0.019
74.540, 0.355, -0.876, 0.000, 0.000, 0.867, 1.000, 1.000, 0.000, 0.000, 0.000, 0.011, 0.015, 0.015, 0.010, 0.019, 0.019
74.560, 0.246, -0.868, 0.000, 0.000, 0.253, 1.000, 1.000, 0.000, 0.000, 0.000, 0.011, 0.016, 0.015, 0.010, 0.019, 0.019
74.580, 0.101, -0.858, 0.000, 0.000, 0.000, 0.000, 1.000, 0.115, 0.146, 0.000, 0.011, 0.016, 0.015, 0.010, 0.019, 0.019
74.600, -0.098, -0.842, 0.000, 0.000, 0.000, 0.000, 1.000, 0.184, 0.239, 0.000, 0.011, 0.016, 0.015, 0.010, 0.019, 0.019
74.620, -0.369, -0.814, 0.000, 1.000, 0.000, 0.000, 0.000, 0.000, 1.000, 1.000, 0.011, 0.016, 0.015, 0.011, 0.019, 0.019
74.640, -0.646, -0.767, 0.000, 1.000, 0.000, 0.000, 0.000, 0.000, 1.000, 1.000, 0.012, 0.016, 0.015, 0.011, 0.019, 0.019
74.660, -0.820, -0.690, 0.000, 1.000, 0.000, 0.000, 0.000, 0.000, 1.000, 1.000, 0.012, 0.016, 0.015, 0.011, 0.019, 0.020
74.680, -0.878, -0.598, 0.000, 1.000, 0.000, 0.000, 0.000, 0.000, 1.000, 1.000, 0.012, 0.016, 0.015, 0.011, 0.019, 0.020
74.700, -0.889, -0.481, 0.000, 1.000, 0.000, 0.000, 0.000, 0.000, 1.000, 1.000, 0.012, 0.017, 0.015, 0.012, 0.019, 0.020
74.720, -0.884, -0.364, 0.000, 1.000, 0.147, 0.000, 0.000, 0.000, 1.000, 1.000, 0.012, 0.017, 0.015, 0.012, 0.020, 0.020
74.740, -0.879, -0.193, 0.000, 1.000, 0.088, 0.000, 0.000, 0.000, 1.000, 1.000, 0.012, 0.017, 0.015, 0.012, 0.020, 0.019
74.760, -0.862, -0.007, 0.000, 1.000, 0.000, 0.000, 0.000, 0.000, 0.000, 1.000, 0.012, 0.017, 0.015, 0.012, 0.020, 0.020
74.780, -0.846, 0.229, 1.000, 1.000, 0.000, 0.000, 0.000, 0.036, 1.000, 0.000, 0.012, 0.017, 0.015, 0.011, 0.020, 0.019
74.800, -0.819, 0.488, 1.000, 1.000, 0.000, 0.000, 0.000, 1.000, 1.000, 0.000, 0.012, 0.017, 0.015, 0.011, 0.019, 0.019
74.820, -0.782, 0.697, 1.000, 1.000, 0.000, 0.000, 0.000, 1.000, 1.000, 0.000, 0.011, 0.016, 0.015, 0.011, 0.019, 0.019
74.840, -0.735, 0.812, 1.000, 1.000, 1.000, 0.000, 0.000, 1.000, 1.000, 0.000, 0.011, 0.017, 0.014, 0.011, 0.019, 0.019
74.860, -0.707, 0.840, 1.000, 1.000, 1.000, 0.000, 0.000, 1.000, 1.000, 0.000, 0.011, 0.017, 0.014, 0.011, 0.018, 0.018
74.880, -0.667, 0.862, 1.000, 1.000, 1.000, 0.000, 0.000, 1.000, 1.000, 0.000, 0.011, 0.017, 0.014, 0.010, 0.018, 0.018
74.900, -0.625, 0.871, 1.000, 1.000, 1.000, 0.000, 0.000, 1.000, 1.000, 0.000, 0.011, 0.017, 0.014, 0.010, 0.019, 0.018
74.920, -0.581, 0.874, 1.000, 1.000, 1.000, 0.000, 0.000, 1.000, 0.000, 0.000, 0.011, 0.017, 0.014, 0.010, 0.019, 0.019
74.940, -0.554, 0.866, 1.000, 1.000, 1.000, 0.000, 0.000, 1.000, 0.000, 0.000, 0.011, 0.017, 0.014, 0.010, 0.019, 0.019
74.960, -0.532, 0.861, 1.000, 1.000, 1.000, 0.000, 0.000, 1.000, 0.000, 0.000, 0.011, 0.017, 0.014, 0.010, 0.019, 0.019
74.980, -0.499, 0.863, 1.000, 1.000, 0.000, 0.000, 0.000, 1.000, 0.000, 0.000, 0.011, 0.017, 0.014, 0.010, 0.020, 0.020
75.000, -0.540, 0.828, 1.000, 1.000, 0.000, 0.322, 0.362, 1.000, 0.000, 0.000, 0.011, 0.016, 0.014, 0.010, 0.020, 0.020
75.020, -0.526, 0.846, 1.000, 1.000, 0.000, 0.000, 0.065, 1.000, 0.000, 0.000, 0.011, 0.016, 0.014, 0.010, 0.020, 0.020
75.040, -0.488, 0.860, 1.000, 1.000, 0.000, 0.141, 0.000, 1.000, 0.000, 0.000, 0.011, 0.016, 0.015, 0.010, 0.020, 0.020
75.060, -0.432, 0.867, 1.000, 1.000, 0.000, 0.047, 0.000, 1.000, 0.000, 0.000, 0.011, 0.016, 0.015, 0.010, 0.020, 0.020
75.080, -0.454, 0.832, 1.000, 1.000, 0.000, 0.000, 0.000, 0.930, 0.000, 0.000, 0.011, 0.016, 0.015, 0.010, 0.020, 0.020
75.100, -0.450, 0.836, 1.000, 1.000, 0.000, 0.000, 0.000, 0.000, 1.000, 0.000, 0.011, 0.016, 0.015, 0.010, 0.019, 0.019
75.120, -0.396, 0.854, 1.000, 1.000, 0.000, 1.000, 0.000, 0.000, 1.000, 0.000, 0.011, 0.016, 0.015, 0.010, 0.019, 0.019
75.140, -0.313, 0.861, 1.000, 1.000, 0.000, 1.000, 0.000, 0.000, 1.000, 0.000, 0.011, 0.016, 0.015, 0.010, 0.019, 0.019
75.160, -0.205, 0.857, 1.000, 1.000, 0.000, 1.000, 1.000, 0.000, 1.000, 0.000, 0.011, 0.016, 0.014, 0.011, 0.019, 0.019
75.180, -0.099, 0.835, 1.000, 1.000, 0.000, 1.000, 1.000, 0.000, 1.000, 0.000, 0.011, 0.015, 0.014, 0.011, 0.019, 0.019
75.200, -0.019, 0.797, 1.000, 1.000, 0.000, 1.000, 0.000, 0.000, 0.000, 0.000, 0.011, 0.016, 0.014, 0.011, 0.018, 0.019
75.220, 0.066, 0.764, 1.000, 1.000, 0.000, 1.000, 0.000, 0.000, 0.000, 0.000, 0.010, 0.016, 0.014, 0.011, 0.019, 0.019
75.240, 0.268, 0.771, 1.000, 1.000, 0.000, 1.000, 0.000, 0.000, 0.000, 0.000, 0.010, 0.017, 0.014, 0.011, 0.019, 0.019
75.260, 0.530, 0.764, 1.000, 0.000, 0.000, 1.000, 1.000, 0.000, 0.000, 1.000, 0.011, 0.017, 0.014, 0.011, 0.019, 0.018
75.280, 0.743, 0.726, 1.000, 0.000, 0.000, 1.000, 1.000, 0.000, 0.000, 1.000, 0.011, 0.017, 0.014, 0.011, 0.020, 0.018
75.300, 0.846, 0.669, 1.000, 0.000, 0.000, 1.000, 1.000, 0.000, 0.000, 1.000, 0.012, 0.017, 0.014, 0.010, 0.020, 0.018
75.320, 0.879, 0.604, 1.000, 0.000, 0.000, 1.000, 1.000, 0.000, 0.000, 1.000, 0.012, 0.017, 0.014, 0.010, 0.020, 0.018
75.340, 0.885, 0.537, 1.000, 0.000, 1.000, 0.000, 1.000, 0.000, 0.000, 1.000, 0.012, 0.017, 0.015, 0.010, 0.020, 0.018
75.360, 0.883, 0.465, 1.000, 0.000, 1.000, 0.000, 1.000, 0.000, 0.000, 1.000, 0.012, 0.016, 0.015, 0.010, 0.020, 0.018
75.380, 0.878, 0.383, 1.000, 0.000, 1.000, 0.000, 1.000, 0.000, 0.000, 1.000, 0.012, 0.016, 0.015, 0.010, 0.020, 0.018
75.400, 0.871, 0.282, 1.000, 0.000, 1.000, 0.000, 1.000, 0.000, 0.000, 1.000, 0.012, 0.016, 0.015, 0.010, 0.020, 0.018
75.420, 0.861, 0.150, 1.000, 0.000, 1.000, 0.000, 1.000, 0.000, 0.000, 1.000, 0.012, 0.016, 0.015, 0.010, 0.020, 0.018
75.440, 0.848, -0.031, 0.000, 0.000, 1.000, 1.000, 1.000, 0.000, 0.000, 0.000, 0.012, 0.016, 0.015, 0.010, 0.020, 0.018
75.460, 0.827, -0.273, 0.000, 0.000, 0.000, 1.000, 1.000, 0.000, 0.000, 0.000, 0.011, 0.016, 0.015, 0.010, 0.020, 0.018
75.480, 0.794, -0.547, 0.000, 0.000, 0.000, 1.000, 1.000, 0.000, 0.000, 0.000, 0.011, 0.017, 0.014, 0.010, 0.020, 0.018
75.500, 0.743, -0.756, 0.000, 0.000, 0.000, 1.000, 1.000, 0.000, 0.000, 0.000, 0.011, 0.017, 0.014, 0.010, 0.020, 0.018
75.520, 0.680, -0.853, 0.000, 0.000, 1.000, 0.000, 1.000, 0.000, 0.000, 0.000, 0.011, 0.016, 0.015, 0.010, 0.020, 0.018
75.540, 0.613, -0.882, 0.000, 0.000, 1.000, 0.000, 1.000, 0.000, 0.000, 0.000, 0.011, 0.016, 0.015, 0.010, 0.020, 0.018
75.560, 0.545, -0.887, 0.000, 0.000, 1.000, 0.629, 1.000, 0.000, 0.000, 0.000, 0.011, 0.016, 0.015, 0.010, 0.020, 0.018
75.580, 0.473, -0.884, 0.000, 0.000, 1.000, 0.552, 1.000, 1.000, 0.000, 0.000, 0.011, 0.016, 0.015, 0.010, 0.020, 0.018
75.600, 0.393, -0.879, 0.000, 0.000, 1.000, 0.000, 0.000, 1.000, 0.000, 0.000, 0.011, 0.016, 0.015, 0.010, 0.020, 0.017
75.620, 0.295, -0.872, 0.000, 0.000, 0.000, 1.000, 0.000, 1.000, 0.000, 0.000, 0.011, 0.016, 0.015, 0.011, 0.019, 0.017
75.640, 0.167, -0.862, 0.000, 0.000, 0.000, 1.000, 0.000, 1.000, 0.000, 0.000, 0.011, 0.016, 0.014, 0.011, 0.020, 0.017
75.660, -0.008, -0.849, 0.000, 0.000, 1.000, 1.000, 0.000, 1.000, 0.000, 0.000, 0.011, 0.016, 0.014, 0.011, 0.020, 0.018
75.680, -0.244, -0.830, 0.000, 0.000, 1.000, 0.000, 0.000, 1.000, 0.000, 0.000, 0.011, 0.016, 0.015, 0.011, 0.020, 0.018
75.700, -0.518, -0.798, 0.000, 0.000, 1.000, 0.000, 0.000, 1.000, 0.000, 0.000, 0.011, 0.016, 0.015, 0.011, 0.020, 0.019
75.720, -0.739, -0.750, 0.000, 0.000, 1.000, 0.000, 0.000, 1.000, 0.000, 0.000, 0.011, 0.016, 0.014, 0.012, 0.020, 0.019
75.740, -0.847, -0.687, 0.000, 0.000, 1.000, 0.000, 0.000, 1.000, 0.000, 0.000, 0.011, 0.016, 0.014, 0.012, 0.021, 0.019
75.760, -0.880, -0.620, 0.000, 0.000, 1.000, 0.000, 0.000, 1.000, 0.000, 0.000, 0.011, 0.016, 0.014, 0.012, 0.021, 0.019
75.780, -0.887, -0.552, 0.000, 0.000, 0.000, 1.000, 0.000, 1.000, 0.000, 0.000, 0.011, 0.016, 0.015, 0.012, 0.021, 0.019
75.800, -0.886, -0.464, 0.000, 1.000, 0.000, 1.000, 0.000, 1.000, 0.000, 1.000, 0.011, 0.016, 0.015, 0.012, 0.021, 0.019
75.820, -0.883, -0.331, 0.000, 1.000, 0.000, 1.000, 0.000, 1.000, 0.000, 1.000, 0.011, 0.016, 0.015, 0.011, 0.021, 0.019
75.840, -0.880, -0.131, 0.000, 1.000, 0.000, 0.000, 0.000, 1.000, 0.000, 1.000, 0.012, 0.016, 0.015, 0.011, 0.021, 0.019
75.860, -0.864, 0.091, 1.000, 1.000, 0.000, 0.000, 0.000, 0.000, 1.000, 0.000, 0.011, 0.015, 0.014, 0.011, 0.020, 0.019
75.880, -0.835, 0.347, 1.000, 1.000, 0.000, 0.000, 0.000, 0.000, 1.000, 0.000, 0.011, 0.015, 0.014, 0.011, 0.020, 0.018
75.900, -0.801, 0.598, 1.000, 1.000, 0.000, 0.000, 0.000, 0.000, 1.000, 0.000, 0.011, 0.015, 0.014, 0.011, 0.021, 0.018
75.920, -0.749, 0.777, 1.000, 1.000, 0.000, 0.000, 0.000, 0.000, 1.000, 0.000, 0.011, 0.015, 0.014, 0.011, 0.021, 0.018
75.940, -0.691, 0.853, 1.000, 1.000, 0.000, 0.000, 1.000, 0.000, 1.000, 0.000, 0.011, 0.015, 0.014, 0.011, 0.021, 0.018
75.960, -0.631, 0.878, 1.000, 1.000, 0.000, 0.496, 1.000, 0.000, 0.000, 0.000, 0.011, 0.015, 0.014, 0.011, 0.021, 0.018
75.980, -0.612, 0.864, 1.000, 1.000, 0.000, 0.107, 1.000, 0.000, 0.000, 0.000, 0.011, 0.015, 0.014, 0.012, 0.021, 0.019
76.000, -0.583, 0.865, 1.000, 1.000, 0.000, 0.072, 0.000, 0.000, 0.000, 0.000, 0.011, 0.015, 0.014, 0.011, 0.021, 0.019
76.020, -0.546, 0.868, 1.000, 1.000, 0.000, 0.013, 0.000, 0.000, 0.000, 0.000, 0.010, 0.015, 0.014, 0.011, 0.021, 0.019
76.040, -0.504, 0.869, 1.000, 1.000, 0.000, 0.000, 0.000, 0.472, 0.269, 0.000, 0.010, 0.015, 0.014, 0.011, 0.021, 0.019
76.060, -0.467, 0.864, 1.000, 1.000, 0.000, 0.000, 0.000, 1.000, 1.000, 0.000, 0.010, 0.015, 0.014, 0.011, 0.020, 0.018
76.080, -0.418, 0.862, 1.000, 1.000, 0.000, 0.000, 0.000, 1.000, 1.000, 0.000, 0.010, 0.015, 0.014, 0.011, 0.020, 0.018
76.100, -0.355, 0.860, 1.000, 1.000, 0.000, 0.000, 0.000, 1.000, 1.000, 0.000, 0.010, 0.015, 0.015, 0.011, 0.020, 0.018
76.120, -0.257, 0.861, 1.000, 1.000, 0.000, 1.000, 0.000, 1.000, 1.000, 0.000, 0.010, 0.015, 0.014, 0.011, 0.020, 0.018
76.140, -0.119, 0.856, 1.000, 0.222, 0.000, 1.000, 0.000, 1.000, 1.000, 0.778, 0.011, 0.015, 0.014, 0.010, 0.020, 0.018
76.160, 0.062, 0.840, 1.000, 1.000, 0.000, 1.000, 0.000, 1.000, 1.000, 0.000, 0.011, 0.015, 0.014, 0.010, 0.020, 0.019
76.180, 0.293, 0.814, 1.000, 1.000, 0.000, 0.910, 0.000, 0.000, 1.000, 0.000, 0.010, 0.015, 0.014, 0.010, 0.020, 0.019
76.200, 0.560, 0.783, 1.000, 1.000, 0.000, 1.000, 0.317, 0.000, 1.000, 0.000, 0.010, 0.016, 0.014, 0.011, 0.020, 0.019
76.220, 0.711, 0.673, 1.000, 1.000, 0.000, 1.000, 0.000, 0.000, 1.000, 0.000, 0.010, 0.016, 0.014, 0.010, 0.021, 0.019
76.240, 0.829, 0.631, 1.000, 0.000, 0.000, 1.000, 1.000, 0.000, 0.000, 1.000, 0.011, 0.016, 0.014, 0.010, 0.021, 0.019
76.260, 0.871, 0.573, 1.000, 0.000, 0.000, 1.000, 1.000, 0.000, 0.000, 1.000, 0.011, 0.016, 0.014, 0.010, 0.021, 0.018
76.280, 0.881, 0.507, 1.000, 0.000, 1.000, 1.000, 1.000, 0.000, 0.000, 1.000, 0.011, 0.016, 0.014, 0.010, 0.021, 0.018
76.300, 0.880, 0.432, 1.000, 0.000, 1.000, 0.000, 1.000, 0.007, 0.000, 1.000, 0.012, 0.015, 0.014, 0.010, 0.021, 0.018
76.320, 0.875, 0.344, 1.000, 0.000, 1.000, 0.000, 1.000, 0.000, 0.000, 1.000, 0.012, 0.015, 0.015, 0.010, 0.021, 0.018
76.340, 0.867, 0.232, 1.000, 0.000, 1.000, 0.000, 1.000, 0.000, 0.000, 1.000, 0.012, 0.015, 0.015, 0.010, 0.021, 0.018
76.360, 0.856, 0.082, 1.000, 0.000, 1.000, 0.000, 1.000, 0.000, 0.000, 1.000, 0.012, 0.015, 0.015, 0.010, 0.021, 0.018
76.380, 0.840, -0.124, 0.000, 0.000, 1.000, 0.000, 1.000, 0.000, 0.000, 0.000, 0.011, 0.015, 0.015, 0.010, 0.021, 0.018
76.400, 0.815, -0.387, 0.000, 0.000, 1.000, 0.000, 1.000, 0.000, 0.000, 0.000, 0.011, 0.015, 0.015, 0.010, 0.020, 0.017
76.420, 0.775, -0.647, 0.000, 0.000, 1.000, 1.000, 1.000, 0.000, 0.000, 0.000, 0.011, 0.015, 0.015, 0.010, 0.020, 0.017
76.440, 0.718, -0.809, 0.000, 0.000, 0.000, 0.000, 1.000, 0.000, 0.000, 0.000, 0.011, 0.015, 0.015, 0.010, 0.020, 0.017
76.460, 0.652, -0.870, 0.000, 0.000, 1.000, 0.000, 1.000, 0.000, 0.000, 0.000, 0.011, 0.015, 0.015, 0.010, 0.020, 0.017
76.480, 0.585, -0.885, 0.000, 0.000, 1.000, 0.000, 1.000, 0.000, 0.000, 0.000, 0.011, 0.015, 0.015, 0.010, 0.020, 0.017
76.500, 0.516, -0.886, 0.000, 0.000, 1.000, 0.000, 1.000, 0.000, 0.000, 0.000, 0.011, 0.015, 0.015, 0.010, 0.020, 0.017
76.520, 0.441, -0.882, 0.000, 0.000, 1.000, 0.000, 1.000, 0.000, 0.000, 0.000, 0.011, 0.015, 0.015, 0.010, 0.020, 0.018
76.540, 0.355, -0.876, 0.000, 0.000, 1.000, 0.418, 1.000, 0.000, 0.000, 0.000, 0.011, 0.015, 0.015, 0.010, 0.019, 0.018
76.560, 0.246, -0.868, 0.000, 0.000, 0.000, 1.000, 1.000, 0.000, 0.000, 0.000, 0.010, 0.015, 0.015, 0.010, 0.019, 0.018
76.580, 0.101, -0.858, 0.000, 0.000, 0.000, 0.000, 1.000, 0.000, 0.000, 0.000, 0.010, 0.015, 0.015, 0.010, 0.019, 0.019
76.600, -0.098, -0.842, 0.000, 0.000, 0.000, 0.000, 1.000, 0.000, 0.000, 0.000, 0.010, 0.016, 0.015, 0.010, 0.019, 0.019
76.620, -0.357, -0.818, 0.000, 0.000, 0.327, 0.000, 1.000, 1.000, 0.000, 0.000, 0.010, 0.016, 0.015, 0.010, 0.020, 0.019
76.640, -0.622, -0.780, 0.000, 0.000, 1.000, 0.000, 0.000, 1.000, 0.000, 0.000, 0.010, 0.015, 0.015, 0.010, 0.020, 0.019
76.660, -0.797, -0.725, 0.000, 0.000, 1.000, 1.000, 0.000, 1.000, 0.000, 0.000, 0.010, 0.015, 0.015, 0.011, 0.020, 0.019
76.680, -0.866, -0.659, 0.000, 0.000, 1.000, 0.000, 0.000, 1.000, 0.000, 0.000, 0.010, 0.015, 0.015, 0.011, 0.020, 0.019
76.700, -0.885, -0.587, 0.000, 1.000, 0.000, 1.000, 0.000, 1.000, 0.000, 1.000, 0.011, 0.015, 0.015, 0.011, 0.020, 0.019
76.720, -0.890, -0.465, 0.000, 1.000, 0.000, 0.000, 0.000, 0.000, 1.000, 1.000, 0.011, 0.016, 0.015, 0.011, 0.020, 0.018
76.740, -0.883, -0.342, 0.000, 1.000, 0.000, 0.000, 0.000, 0.000, 1.000, 1.000, 0.011, 0.016, 0.015, 0.011, 0.020, 0.018
76.760, -0.872, -0.209, 0.000, 1.000, 0.000, 0.000, 0.000, 0.000, 0.939, 1.000, 0.012, 0.016, 0.014, 0.012, 0.021, 0.018
76.780, -0.859, -0.039, 0.000, 1.000, 0.021, 0.000, 0.000, 0.000, 1.000, 1.000, 0.012, 0.016, 0.014, 0.012, 0.021, 0.018
76.800, -0.840, 0.185, 1.000, 1.000, 0.000, 0.000, 0.000, 0.000, 1.000, 0.000, 0.011, 0.016, 0.014, 0.012, 0.021, 0.018
76.820, -0.814, 0.451, 1.000, 1.000, 0.000, 0.000, 0.000, 0.032, 0.149, 0.000, 0.011, 0.016, 0.014, 0.011, 0.021, 0.018
76.840, -0.782, 0.674, 1.000, 1.000, 0.000, 0.000, 0.000, 1.000, 0.000, 0.000, 0.011, 0.016, 0.014, 0.011, 0.020, 0.018
76.860, -0.766, 0.766, 1.000, 1.000, 0.000, 0.000, 0.000, 1.000, 0.000, 0.000, 0.011, 0.016, 0.014, 0.011, 0.020, 0.019
76.880, -0.725, 0.831, 1.000, 1.000, 0.000, 0.000, 0.000, 1.000, 0.149, 0.000, 0.011, 0.016, 0.014, 0.010, 0.020, 0.019
76.900, -0.684, 0.858, 1.000, 1.000, 0.034, 0.000, 0.000, 0.773, 0.000, 0.000, 0.011, 0.016, 0.014, 0.010, 0.020, 0.019
76.920, -0.634, 0.873, 1.000, 1.000, 0.000, 0.000, 1.000, 0.000, 1.000, 0.000, 0.010, 0.015, 0.014, 0.011, 0.020, 0.018
76.940, -0.580, 0.880, 1.000, 1.000, 0.000, 0.000, 0.445, 0.000, 1.000, 0.000, 0.010, 0.015, 0.014, 0.011, 0.020, 0.018
76.960, -0.521, 0.881, 1.000, 1.000, 0.000, 0.000, 0.000, 0.000, 0.029, 0.000, 0.010, 0.015, 0.014, 0.011, 0.021, 0.018
76.980, -0.457, 0.878, 1.000, 1.000, 0.000, 0.000, 0.000, 0.000, 0.000, 0.000, 0.010, 0.015, 0.014, 0.011, 0.021, 0.019
77.000, -0.389, 0.872, 1.000, 1.000, 0.000, 0.000, 0.000, 0.000, 0.535, 0.000, 0.010, 0.015, 0.014, 0.010, 0.021, 0.019
77.020, -0.297, 0.867, 1.000, 1.000, 1.000, 0.000, 0.000, 0.000, 0.000, 0.000, 0.010, 0.015, 0.014, 0.010, 0.021, 0.018
77.040, -0.172, 0.861, 1.000, 0.000, 1.000, 0.000, 0.657, 0.000, 1.000, 1.000, 0.011, 0.016, 0.014, 0.011, 0.021, 0.019
77.060, -0.000, 0.849, 1.000, 0.167, 1.000, 0.000, 0.000, 0.000, 1.000, 0.833, 0.011, 0.016, 0.014, 0.011, 0.021, 0.019
77.080, 0.232, 0.830, 1.000, 0.205, 0.000, 0.000, 0.000, 0.000, 1.000, 0.795, 0.011, 0.016, 0.015, 0.010, 0.021, 0.019
77.100, 0.506, 0.799, 1.000, 0.000, 1.000, 0.000, 0.006, 0.000, 1.000, 1.000, 0.012, 0.016, 0.015, 0.010, 0.021, 0.019
77.120, 0.731, 0.752, 1.000, 0.000, 1.000, 0.000, 1.000, 0.000, 1.000, 1.000, 0.012, 0.016, 0.015, 0.011, 0.021, 0.019
77.140, 0.844, 0.690, 1.000, 0.000, 1.000, 0.000, 1.000, 0.000, 1.000, 1.000, 0.012, 0.016, 0.015, 0.011, 0.021, 0.019
77.160, 0.880, 0.623, 1.000, 0.000, 1.000, 0.000, 1.000, 0.318, 0.000, 1.000, 0.012, 0.016, 0.015, 0.011, 0.021, 0.019
77.180, 0.887, 0.555, 1.000, 0.000, 1.000, 0.000, 1.000, 0.113, 0.000, 1.000, 0.012, 0.016, 0.015, 0.012, 0.021, 0.018
77.200, 0.885, 0.485, 1.000, 0.000, 0.000, 1.000, 1.000, 0.000, 0.000, 1.000, 0.012, 0.016, 0.015, 0.011, 0.021, 0.018
77.220, 0.880, 0.406, 1.000, 0.000, 0.000, 1.000, 1.000, 0.000, 0.000, 1.000, 0.012, 0.016, 0.015, 0.011, 0.021, 0.018
77.240, 0.873, 0.311, 1.000, 0.000, 0.000, 1.000, 1.000, 0.000, 0.000, 1.000, 0.012, 0.016, 0.014, 0.011, 0.021, 0.018
77.260, 0.864, 0.189, 1.000, 0.000, 0.000, 1.000, 1.000, 0.000, 0.000, 1.000, 0.012, 0.017, 0.014, 0.011, 0.021, 0.018
77.280, 0.852, 0.023, 1.000, 0.000, 1.000, 1.000, 1.000, 0.000, 0.000, 1.000, 0.012, 0.016, 0.014, 0.010, 0.020, 0.018
77.300, 0.833, -0.204, 0.000, 0.000, 1.000, 0.000, 1.000, 0.000, 0.000, 0.000, 0.012, 0.016, 0.015, 0.010, 0.020, 0.018
77.320, 0.804, -0.477, 0.000, 0.000, 1.000, 0.000, 1.000, 0.000, 0.000, 0.000, 0.012, 0.016, 0.015, 0.010, 0.020, 0.018
77.340, 0.758, -0.713, 0.000, 0.000, 1.000, 0.000, 1.000, 0.000, 0.000, 0.000, 0.011, 0.015, 0.015, 0.010, 0.020, 0.018
77.360, 0.697, -0.837, 0.000, 0.000, 1.000, 0.000, 1.000, 0.000, 0.000, 0.000, 0.011, 0.015, 0.015, 0.010, 0.020, 0.018
77.380, 0.630, -0.878, 0.000, 0.000, 1.000, 1.000, 1.000, 0.000, 0.000, 0.000, 0.011, 0.015, 0.015, 0.010, 0.020, 0.019
77.400, 0.563, -0.887, 0.000, 0.000, 0.000, 1.000, 1.000, 0.000, 0.000, 0.000, 0.011, 0.016, 0.015, 0.010, 0.020, 0.019
77.420, 0.493, -0.885, 0.000, 0.000, 0.000, 1.000, 1.000, 0.000, 0.000, 0.000, 0.011, 0.016, 0.014, 0.010, 0.020, 0.019
77.440, 0.415, -0.880, 0.000, 0.000, 1.000, 1.000, 1.000, 0.000, 0.000, 0.000, 0.011, 0.016, 0.014, 0.010, 0.020, 0.019
77.460, 0.323, -0.874, 0.000, 0.000, 0.000, 0.000, 1.000, 0.000, 0.000, 0.000, 0.011, 0.016, 0.015, 0.010, 0.020, 0.019
77.480, 0.204, -0.865, 0.000, 0.000, 0.000, 0.000, 1.000, 0.000, 0.208, 0.000, 0.011, 0.016, 0.015, 0.010, 0.019, 0.019
77.500, 0.044, -0.853, 0.000, 0.000, 0.816, 0.000, 1.000, 0.000, 0.000, 0.000, 0.011, 0.016, 0.015, 0.010, 0.019, 0.019
77.520, -0.176, -0.836, 0.000, 0.000, 1.000, 0.000, 1.000, 0.000, 0.033, 0.000, 0.011, 0.016, 0.015, 0.010, 0.019, 0.019
77.540, -0.447, -0.808, 0.000, 0.000, 1.000, 0.000, 1.000, 0.000, 0.000, 0.000, 0.011, 0.015, 0.016, 0.010, 0.019, 0.019
77.560, -0.692, -0.764, 0.000, 0.000, 1.000, 1.000, 1.000, 0.000, 0.906, 0.000, 0.011, 0.015, 0.015, 0.010, 0.019, 0.019
77.580, -0.828, -0.704, 0.000, 0.044, 1.000, 1.000, 1.000, 0.000, 1.000, 0.044, 0.011, 0.015, 0.015, 0.010, 0.019, 0.018
77.600, -0.876, -0.638, 0.000, 0.000, 0.000, 1.000, 0.000, 0.000, 1.000, 0.000, 0.011, 0.016, 0.015, 0.011, 0.019, 0.018
77.620, -0.886, -0.570, 0.000, 0.000, 0.000, 1.000, 0.000, 0.058, 1.000, 0.000, 0.011, 0.016, 0.014, 0.011, 0.019, 0.018
77.640, -0.885, -0.500, 0.000, 0.000, 0.000, 1.000, 0.000, 0.000, 1.000, 0.000, 0.011, 0.016, 0.015, 0.011, 0.019, 0.018
77.660, -0.881, -0.418, 0.000, 1.000, 0.000, 1.000, 0.000, 0.000, 1.000, 1.000, 0.011, 0.016, 0.015, 0.011, 0.019, 0.018
77.680, -0.875, -0.317, 0.000, 1.000, 0.000, 0.000, 0.000, 0.000, 1.000, 1.000, 0.012, 0.017, 0.015, 0.011, 0.019, 0.018
77.700, -0.868, -0.181, 0.000, 1.000, 0.251, 0.000, 0.000, 0.000, 1.000, 1.000, 0.012, 0.017, 0.015, 0.012, 0.019, 0.018
77.720, -0.854, -0.007, 0.000, 1.000, 1.000, 0.000, 0.016, 0.000, 1.000, 1.000, 0.012, 0.016, 0.014, 0.012, 0.020, 0.018
77.740, -0.834, 0.226, 1.000, 1.000, 1.000, 0.000, 0.000, 0.000, 1.000, 0.000, 0.012, 0.016, 0.014, 0.012, 0.020, 0.018
77.760, -0.805, 0.497, 1.000, 1.000, 0.000, 0.000, 0.000, 0.000, 1.000, 0.000, 0.011, 0.016, 0.014, 0.012, 0.020, 0.019
77.780, -0.769, 0.708, 1.000, 1.000, 1.000, 0.000, 0.000, 1.000, 1.000, 0.000, 0.011, 0.016, 0.014, 0.012, 0.020, 0.019
77.800, -0.718, 0.825, 1.000, 1.000, 1.000, 0.000, 0.000, 0.000, 1.000, 0.000, 0.011, 0.016, 0.014, 0.012, 0.020, 0.019
77.820, -0.657, 0.870, 1.000, 1.000, 1.000, 0.000, 0.613, 0.000, 1.000, 0.000, 0.011, 0.017, 0.014, 0.012, 0.020, 0.019
77.840, -0.600, 0.881, 1.000, 1.000, 0.190, 0.000, 0.000, 0.000, 1.000, 0.000, 0.011, 0.016, 0.014, 0.011, 0.020, 0.019
77.860, -0.586, 0.862, 1.000, 1.000, 0.000, 0.000, 0.000, 0.000, 1.000, 0.000, 0.011, 0.016, 0.014, 0.011, 0.020, 0.019
77.880, -0.648, 0.812, 1.000, 1.000, 0.000, 0.000, 0.000, 0.000, 1.000, 0.000, 0.011, 0.016, 0.014, 0.011, 0.020, 0.019
77.900, -0.630, 0.846, 1.000, 1.000, 0.000, 0.000, 0.000, 0.000, 0.069, 0.000, 0.011, 0.016, 0.014, 0.011, 0.021, 0.019
77.920, -0.603, 0.860, 1.000, 1.000, 0.000, 0.000, 0.000, 0.000, 1.000, 0.000, 0.011, 0.015, 0.014, 0.011, 0.021, 0.019
77.940, -0.578, 0.863, 1.000, 1.000, 0.000, 0.000, 0.000, 0.000, 0.000, 0.000, 0.011, 0.015, 0.014, 0.011, 0.021, 0.019
77.960, -0.535, 0.870, 1.000, 1.000, 0.000, 0.000, 0.000, 0.000, 0.000, 0.000, 0.011, 0.015, 0.014, 0.011, 0.021, 0.018
77.980, -0.539, 0.849, 1.000, 1.000, 0.000, 0.000, 0.000, 0.000, 1.000, 0.000, 0.011, 0.015, 0.014, 0.011, 0.021, 0.019
78.000, -0.538, 0.846, 1.000, 1.000, 0.000, 0.000, 0.000, 0.000, 0.501, 0.000, 0.010, 0.015, 0.014, 0.010, 0.021, 0.019
78.020, -0.492, 0.864, 1.000, 1.000, 0.000, 0.000, 0.000, 0.000, 0.000, 0.000, 0.010, 0.015, 0.014, 0.010, 0.021, 0.019
78.040, -0.475, 0.853, 1.000, 1.000, 0.000, 0.000, 0.000, 0.000, 1.000, 0.000, 0.010, 0.015, 0.014, 0.010, 0.021, 0.019
78.060, -0.515, 0.824, 1.000, 1.000, 0.000, 0.000, 0.000, 0.000, 1.000, 0.000, 0.010, 0.015, 0.014, 0.010, 0.021, 0.018
78.080, -0.539, 0.826, 1.000, 1.000, 0.000, 0.000, 0.000, 0.000, 1.000, 0.000, 0.010, 0.015, 0.014, 0.010, 0.021, 0.018
78.100, -0.563, 0.827, 1.000, 1.000, 0.000, 0.000, 0.000, 0.000, 1.000, 0.000, 0.010, 0.015, 0.014, 0.010, 0.021, 0.018
78.120, -0.506, 0.866, 1.000, 0.000, 0.000, 1.000, 0.306, 0.220, 0.000, 1.000, 0.011, 0.015, 0.014, 0.010, 0.021, 0.018
78.140, -0.514, 0.844, 1.000, 1.000, 0.000, 0.450, 0.000, 0.000, 1.000, 0.000, 0.011, 0.015, 0.014, 0.010, 0.021, 0.018
78.160, -0.469, 0.861, 1.000, 1.000, 0.000, 0.000, 0.000, 1.000, 0.000, 0.000, 0.011, 0.015, 0.014, 0.010, 0.021, 0.019
78.180, -0.396, 0.870, 1.000, 0.542, 0.000, 1.000, 0.000, 1.000, 0.000, 0.458, 0.011, 0.015, 0.014, 0.010, 0.021, 0.019
78.200, -0.313, 0.865, 1.000, 1.000, 0.000, 1.000, 0.000, 1.000, 0.000, 0.000, 0.011, 0.015, 0.014, 0.010, 0.021, 0.019
78.220, -0.275, 0.837, 1.000, 1.000, 0.000, 1.000, 0.000, 1.000, 0.000, 0.000, 0.010, 0.016, 0.014, 0.010, 0.021, 0.019
78.240, -0.149, 0.848, 1.000, 0.000, 0.000, 1.000, 0.000, 1.000, 0.000, 1.000, 0.011, 0.016, 0.014, 0.010, 0.021, 0.019
78.260, 0.029, 0.842, 1.000, 0.000, 0.000, 1.000, 0.094, 1.000, 0.000, 1.000, 0.011, 0.016, 0.013, 0.011, 0.021, 0.019
78.280, 0.269, 0.825, 1.000, 0.000, 0.000, 1.000, 0.000, 1.000, 0.000, 1.000, 0.012, 0.016, 0.013, 0.011, 0.021, 0.019
78.300, 0.542, 0.793, 1.000, 0.000, 0.000, 1.000, 0.240, 1.000, 0.000, 1.000, 0.012, 0.016, 0.013, 0.011, 0.021, 0.019
78.320, 0.754, 0.743, 1.000, 0.000, 0.000, 1.000, 1.000, 0.000, 0.000, 1.000, 0.012, 0.016, 0.013, 0.011, 0.021, 0.019
78.340, 0.832, 0.624, 1.000, 1.000, 0.000, 1.000, 1.000, 0.000, 0.000, 0.000, 0.011, 0.016, 0.013, 0.011, 0.021, 0.020
78.360, 0.872, 0.565, 1.000, 0.000, 1.000, 1.000, 1.000, 0.000, 0.000, 1.000, 0.012, 0.016, 0.013, 0.010, 0.020, 0.020
78.380, 0.881, 0.498, 1.000, 0.000, 1.000, 0.000, 1.000, 0.000, 0.000, 1.000, 0.012, 0.016, 0.014, 0.010, 0.020, 0.020
78.400, 0.879, 0.423, 1.000, 0.000, 1.000, 0.000, 1.000, 0.000, 0.000, 1.000, 0.012, 0.015, 0.014, 0.010, 0.020, 0.020
78.420, 0.874, 0.332, 1.000, 0.000, 1.000, 0.000, 1.000, 0.000, 0.039, 1.000, 0.012, 0.015, 0.014, 0.010, 0.021, 0.020
78.440, 0.866, 0.217, 1.000, 0.000, 1.000, 0.000, 1.000, 0.000, 0.000, 1.000, 0.012, 0.015, 0.015, 0.010, 0.021, 0.020
78.460, 0.855, 0.061, 1.000, 0.000, 1.000, 0.000, 1.000, 0.000, 0.000, 1.000, 0.012, 0.015, 0.015, 0.010, 0.021, 0.020
78.480, 0.838, -0.152, 0.000, 0.000, 1.000, 0.000, 1.000, 0.000, 0.000, 0.000, 0.012, 0.015, 0.015, 0.010, 0.021, 0.020
78.500, 0.811, -0.420, 0.000, 0.000, 1.000, 1.000, 1.000, 0.000, 0.000, 0.000, 0.011, 0.015, 0.014, 0.010, 0.021, 0.020
78.520, 0.769, -0.673, 0.000, 0.000, 1.000, 0.000, 1.000, 0.000, 0.000, 0.000, 0.011, 0.015, 0.015, 0.010, 0.021, 0.019
78.540, 0.711, -0.820, 0.000, 0.000, 1.000, 0.000, 1.000, 0.000, 0.000, 0.000, 0.011, 0.015, 0.015, 0.010, 0.021, 0.019
78.560, 0.644, -0.873, 0.000, 0.000, 1.000, 0.000, 1.000, 0.000, 0.000, 0.000, 0.011, 0.015, 0.015, 0.010, 0.021, 0.019
78.580, 0.577, -0.886, 0.000, 0.000, 1.000, 0.000, 1.000, 0.000, 1.000, 0.000, 0.011, 0.015, 0.015, 0.010, 0.022, 0.019
78.600, 0.507, -0.886, 0.000, 0.000, 1.000, 0.000, 1.000, 0.000, 1.000, 0.000, 0.011, 0.015, 0.015, 0.010, 0.022, 0.020
78.620, 0.432, -0.881, 0.000, 0.000, 1.000, 0.000, 1.000, 0.208, 0.353, 0.000, 0.011, 0.015, 0.015, 0.010, 0.022, 0.019
78.640, 0.343, -0.875, 0.000, 0.000, 1.000, 0.000, 1.000, 0.000, 1.000, 0.000, 0.011, 0.015, 0.015, 0.010, 0.022, 0.020
78.660, 0.231, -0.867, 0.000, 0.000, 0.000, 0.069, 1.000, 0.000, 1.000, 0.000, 0.011, 0.015, 0.015, 0.010, 0.022, 0.020
78.680, 0.081, -0.856, 0.000, 0.050, 0.000, 0.258, 0.813, 0.000, 0.000, 0.050, 0.011, 0.016, 0.015, 0.010, 0.022, 0.019
78.700, -0.263, -0.795, 0.000, 1.000, 0.000, 0.000, 0.000, 1.000, 0.145, 1.000, 0.011, 0.016, 0.015, 0.010, 0.021, 0.019
78.720, -0.561, -0.761, 0.000, 1.000, 0.000, 0.000, 0.000, 0.000, 1.000, 1.000, 0.012, 0.016, 0.015, 0.011, 0.021, 0.019
78.740, -0.761, -0.720, 0.000, 0.249, 0.302, 0.000, 0.000, 0.000, 0.344, 0.249, 0.011, 0.016, 0.014, 0.011, 0.022, 0.019
78.760, -0.853, -0.661, 0.000, 0.000, 0.377, 0.000, 0.000, 1.000, 0.000, 0.000, 0.011, 0.016, 0.014, 0.011, 0.021, 0.019
78.780, -0.881, -0.596, 0.000, 0.000, 0.737, 0.000, 0.000, 1.000, 0.000, 0.000, 0.011, 0.016, 0.014, 0.011, 0.021, 0.019
78.800, -0.885, -0.528, 0.000, 0.000, 0.935, 0.000, 0.000, 1.000, 0.000, 0.000, 0.011, 0.015, 0.014, 0.011, 0.021, 0.019
78.820, -0.883, -0.456, 0.000, 0.000, 0.000, 0.000, 0.000, 1.000, 0.000, 0.000, 0.011, 0.016, 0.014, 0.011, 0.021, 0.019
78.840, -0.877, -0.372, 0.000, 0.000, 0.000, 0.000, 0.000, 1.000, 0.000, 0.000, 0.011, 0.015, 0.014, 0.011, 0.021, 0.019
78.860, -0.870, -0.268, 0.000, 0.000, 0.000, 0.000, 0.000, 1.000, 0.000, 0.000, 0.011, 0.015, 0.014, 0.010, 0.022, 0.019
78.880, -0.860, -0.131, 0.000, 0.000, 1.000, 1.000, 0.000, 1.000, 0.000, 0.000, 0.011, 0.016, 0.014, 0.010, 0.022, 0.020
78.900, -0.846, 0.057, 1.000, 0.000, 0.000, 1.000, 0.000, 1.000, 0.000, 1.000, 0.011, 0.015, 0.015, 0.010, 0.022, 0.020
78.920, -0.824, 0.306, 1.000, 0.000, 0.000, 1.000, 0.461, 1.000, 0.000, 1.000, 0.012, 0.015, 0.015, 0.010, 0.022, 0.020
78.940, -0.788, 0.578, 1.000, 0.000, 0.078, 1.000, 0.132, 1.000, 0.000, 1.000, 0.012, 0.015, 0.015, 0.010, 0.022, 0.020
78.960, -0.737, 0.773, 1.000, 0.532, 0.403, 0.000, 0.000, 1.000, 0.000, 0.468, 0.012, 0.015, 0.015, 0.010, 0.022, 0.020
78.980, -0.672, 0.859, 1.000, 0.000, 1.000, 0.000, 0.000, 1.000, 0.000, 1.000, 0.012, 0.016, 0.014, 0.010, 0.022, 0.020
79.000, -0.605, 0.883, 1.000, 0.000, 1.000, 0.000, 0.243, 1.000, 0.000, 1.000, 0.012, 0.016, 0.014, 0.010, 0.022, 0.020
79.020, -0.572, 0.872, 1.000, 1.000, 1.000, 0.000, 0.000, 0.000, 0.000, 0.000, 0.012, 0.016, 0.014, 0.010, 0.021, 0.020
79.040, -0.658, 0.799, 1.000, 1.000, 0.000, 0.000, 0.034, 0.000, 0.000, 0.000, 0.011, 0.016, 0.014, 0.010, 0.021, 0.020
79.060, -0.604, 0.862, 1.000, 0.391, 0.000, 1.000, 1.000, 0.000, 0.000, 0.609, 0.012, 0.015, 0.015, 0.011, 0.021, 0.020
79.080, -0.580, 0.862, 1.000, 1.000, 0.000, 0.426, 1.000, 0.000, 0.000, 0.000, 0.011, 0.015, 0.015, 0.011, 0.022, 0.020
79.100, -0.564, 0.859, 1.000, 1.000, 0.000, 0.000, 0.000, 0.000, 0.000, 0.000, 0.011, 0.015, 0.015, 0.011, 0.022, 0.020
79.120, -0.520, 0.869, 1.000, 1.000, 0.000, 0.000, 0.000, 0.000, 0.000, 0.000, 0.011, 0.015, 0.015, 0.010, 0.022, 0.020
79.140, -0.481, 0.866, 1.000, 1.000, 0.000, 0.000, 0.000, 0.000, 0.000, 0.000, 0.011, 0.015, 0.015, 0.010, 0.022, 0.020
79.160, -0.410, 0.872, 1.000, 0.996, 0.000, 0.000, 0.000, 0.000, 0.000, 0.004, 0.011, 0.015, 0.015, 0.010, 0.022, 0.020
79.180, -0.354, 0.860, 1.000, 1.000, 0.000, 0.000, 0.000, 0.000, 1.000, 0.000, 0.011, 0.015, 0.015, 0.010, 0.022, 0.020
79.200, -0.275, 0.855, 1.000, 1.000, 0.000, 1.000, 0.000, 0.000, 1.000, 0.000, 0.011, 0.015, 0.015, 0.010, 0.022, 0.020
79.220, -0.150, 0.853, 1.000, 1.000, 0.000, 1.000, 0.916, 0.000, 1.000, 0.000, 0.011, 0.016, 0.015, 0.011, 0.022, 0.019
79.240, -0.025, 0.829, 1.000, 1.000, 0.000, 1.000, 0.000, 0.000, 1.000, 0.000, 0.011, 0.016, 0.014, 0.010, 0.022, 0.019
79.260, 0.137, 0.805, 1.000, 1.000, 0.000, 1.000, 0.000, 1.000, 1.000, 0.000, 0.011, 0.016, 0.014, 0.011, 0.022, 0.020
79.280, 0.329, 0.770, 1.000, 1.000, 0.000, 1.000, 0.000, 1.000, 0.000, 0.000, 0.011, 0.016, 0.014, 0.011, 0.021, 0.019
79.300, 0.589, 0.756, 1.000, 0.000, 0.000, 1.000, 1.000, 1.000, 0.000, 1.000, 0.011, 0.016, 0.014, 0.011, 0.021, 0.019
79.320, 0.777, 0.713, 1.000, 0.000, 0.000, 1.000, 1.000, 0.000, 0.000, 1.000, 0.012, 0.016, 0.014, 0.010, 0.022, 0.019
79.340, 0.858, 0.653, 1.000, 0.000, 1.000, 1.000, 1.000, 0.000, 0.000, 1.000, 0.012, 0.016, 0.014, 0.010, 0.022, 0.019
79.360, 0.882, 0.588, 1.000, 0.000, 1.000, 0.000, 1.000, 0.000, 0.000, 1.000, 0.012, 0.015, 0.015, 0.010, 0.022, 0.019
79.380, 0.885, 0.519, 1.000, 0.000, 1.000, 0.000, 1.000, 0.000, 0.000, 1.000, 0.012, 0.015, 0.015, 0.010, 0.022, 0.019
79.400, 0.882, 0.446, 1.000, 0.000, 1.000, 0.000, 1.000, 0.000, 0.000, 1.000, 0.012, 0.015, 0.015, 0.010, 0.022, 0.019
79.420, 0.876, 0.360, 1.000, 0.000, 1.000, 0.000, 1.000, 0.000, 0.000, 1.000, 0.012, 0.015, 0.015, 0.010, 0.022, 0.019
79.440, 0.869, 0.253, 1.000, 0.000, 1.000, 1.000, 1.000, 0.000, 0.000, 1.000, 0.012, 0.015, 0.015, 0.010, 0.022, 0.019
79.460, 0.858, 0.111, 1.000, 0.000, 0.000, 1.000, 1.000, 0.000, 0.000, 1.000, 0.012, 0.015, 0.014, 0.010, 0.022, 0.019
79.480, 0.843, -0.085, 0.000, 0.000, 0.000, 1.000, 1.000, 0.000, 0.000, 0.000, 0.012, 0.016, 0.014, 0.010, 0.023, 0.019
79.500, 0.820, -0.341, 0.000, 0.000, 1.000, 1.000, 1.000, 1.000, 0.000, 0.000, 0.012, 0.015, 0.014, 0.010, 0.022, 0.018
79.520, 0.783, -0.609, 0.000, 0.000, 1.000, 0.000, 1.000, 1.000, 0.000, 0.000, 0.011, 0.015, 0.015, 0.010, 0.022, 0.018
79.540, 0.729, -0.790, 0.000, 0.000, 1.000, 0.000, 1.000, 1.000, 0.000, 0.000, 0.011, 0.015, 0.015, 0.010, 0.022, 0.018
79.560, 0.663, -0.864, 0.000, 0.000, 1.000, 0.000, 1.000, 1.000, 0.000, 0.000, 0.011, 0.015, 0.015, 0.010, 0.022, 0.018
79.580, 0.596, -0.884, 0.000, 0.000, 1.000, 0.000, 1.000, 1.000, 0.000, 0.000, 0.011, 0.015, 0.015, 0.010, 0.023, 0.018
79.600, 0.527, -0.886, 0.000, 0.000, 0.000, 0.027, 1.000, 1.000, 0.000, 0.000, 0.011, 0.015, 0.015, 0.010, 0.023, 0.018
79.620, 0.454, -0.883, 0.000, 0.000, 1.000, 1.000, 0.000, 1.000, 0.000, 0.000, 0.011, 0.015, 0.015, 0.010, 0.023, 0.018
79.640, 0.370, -0.877, 0.000, 0.000, 0.917, 1.000, 0.000, 1.000, 0.000, 0.000, 0.011, 0.015, 0.015, 0.011, 0.023, 0.018
79.660, 0.266, -0.870, 0.000, 0.000, 1.000, 0.000, 0.000, 1.000, 0.000, 0.000, 0.011, 0.015, 0.015, 0.011, 0.023, 0.018
79.680, 0.129, -0.860, 0.000, 0.000, 1.000, 0.000, 0.000, 1.000, 0.000, 0.000, 0.011, 0.015, 0.015, 0.011, 0.023, 0.018
79.700, -0.071, -0.843, 0.000, 1.000, 1.000, 0.000, 0.000, 1.000, 0.000, 1.000, 0.011, 0.015, 0.015, 0.011, 0.023, 0.019
79.720, -0.433, -0.777, 0.000, 1.000, 0.000, 0.000, 0.000, 1.000, 0.330, 1.000, 0.012, 0.015, 0.015, 0.011, 0.022, 0.019
79.740, -0.706, -0.723, 0.000, 1.000, 0.000, 0.000, 0.000, 1.000, 0.000, 1.000, 0.012, 0.014, 0.015, 0.011, 0.022, 0.019
79.760, -0.838, -0.655, 0.000, 1.000, 0.000, 0.000, 0.000, 1.000, 0.000, 1.000, 0.012, 0.014, 0.015, 0.011, 0.022, 0.019
79.780, -0.878, -0.579, 0.000, 1.000, 0.000, 0.000, 0.000, 1.000, 0.000, 1.000, 0.012, 0.014, 0.014, 0.012, 0.022, 0.019
79.800, -0.883, -0.512, 0.000, 0.000, 0.000, 0.000, 0.000, 1.000, 0.000, 0.000, 0.012, 0.014, 0.014, 0.012, 0.021, 0.019
79.820, -0.882, -0.425, 0.000, 1.000, 0.000, 0.000, 0.000, 1.000, 1.000, 1.000, 0.012, 0.014, 0.014, 0.011, 0.021, 0.019
79.840, -0.880, -0.285, 0.000, 1.000, 0.000, 0.000, 0.000, 0.000, 1.000, 1.000, 0.012, 0.014, 0.014, 0.011, 0.022, 0.019
79.860, -0.866, -0.145, 0.000, 1.000, 0.000, 0.000, 0.000, 0.000, 1.000, 1.000, 0.013, 0.014, 0.014, 0.011, 0.022, 0.018
79.880, -0.851, 0.043, 1.000, 1.000, 0.000, 0.000, 0.000, 0.000, 1.000, 0.000, 0.012, 0.014, 0.014, 0.010, 0.022, 0.018
79.900, -0.841, 0.284, 1.000, 1.000, 0.000, 0.000, 0.000, 1.000, 0.532, 0.000, 0.012, 0.014, 0.014, 0.010, 0.022, 0.018
79.920, -0.819, 0.527, 1.000, 1.000, 0.000, 0.000, 0.000, 1.000, 0.000, 0.000, 0.012, 0.014, 0.014, 0.010, 0.022, 0.019
79.940, -0.777, 0.722, 1.000, 1.000, 0.000, 0.000, 0.000, 0.255, 1.000, 0.000, 0.011, 0.014, 0.014, 0.010, 0.022, 0.018
79.960, -0.723, 0.829, 1.000, 1.000, 0.000, 0.000, 0.000, 0.000, 1.000, 0.000, 0.011, 0.014, 0.014, 0.010, 0.022, 0.018
79.980, -0.679, 0.859, 1.000, 1.000, 0.000, 0.000, 0.000, 0.000, 1.000, 0.000, 0.011, 0.014, 0.014, 0.010, 0.022, 0.018
80.000, -0.645, 0.865, 1.000, 1.000, 0.000, 0.000, 1.000, 0.000, 1.000, 0.000, 0.011, 0.014, 0.014, 0.011, 0.023, 0.018
80.020, -0.605, 0.871, 1.000, 1.000, 0.000, 0.035, 1.000, 0.000, 0.000, 0.000, 0.011, 0.014, 0.014, 0.011, 0.023, 0.018
80.040, -0.553, 0.877, 1.000, 1.000, 0.000, 0.000, 0.000, 0.000, 0.000, 0.000, 0.011, 0.014, 0.014, 0.011, 0.023, 0.019
80.060, -0.489, 0.880, 1.000, 1.000, 0.000, 0.000, 0.000, 0.301, 0.000, 0.000, 0.011, 0.014, 0.014, 0.011, 0.023, 0.019
80.080, -0.412, 0.878, 1.000, 0.068, 0.000, 0.000, 0.000, 1.000, 0.000, 0.932, 0.012, 0.014, 0.014, 0.010, 0.022, 0.019
80.100, -0.330, 0.870, 1.000, 1.000, 0.053, 0.000, 0.000, 1.000, 0.917, 0.000, 0.011, 0.014, 0.014, 0.010, 0.022, 0.019
80.120, -0.225, 0.861, 1.000, 1.000, 0.000, 0.000, 0.000, 0.000, 1.000, 0.000, 0.011, 0.014, 0.014, 0.010, 0.022, 0.018
80.140, -0.085, 0.850, 1.000, 1.000, 0.000, 0.000, 0.000, 0.000, 1.000, 0.000, 0.011, 0.014, 0.014, 0.010, 0.022, 0.018
80.160, 0.109, 0.835, 1.000, 1.000, 0.000, 1.000, 0.000, 0.000, 1.000, 0.000, 0.011, 0.014, 0.014, 0.010, 0.023, 0.018
80.180, 0.342, 0.804, 1.000, 1.000, 0.000, 1.000, 1.000, 0.000, 1.000, 0.000, 0.011, 0.014, 0.013, 0.011, 0.023, 0.018
80.200, 0.607, 0.774, 1.000, 0.000, 0.000, 1.000, 1.000, 0.000, 1.000, 1.000, 0.012, 0.015, 0.013, 0.011, 0.023, 0.018
80.220, 0.788, 0.723, 1.000, 0.000, 0.000, 1.000, 1.000, 0.000, 0.000, 1.000, 0.012, 0.015, 0.013, 0.011, 0.023, 0.018
80.240, 0.863, 0.659, 1.000, 0.000, 0.000, 1.000, 1.000, 0.000, 0.000, 1.000, 0.012, 0.015, 0.013, 0.011, 0.023, 0.018
80.260, 0.884, 0.592, 1.000, 0.000, 1.000, 0.874, 1.000, 0.000, 0.000, 1.000, 0.012, 0.014, 0.013, 0.011, 0.023, 0.018
80.280, 0.886, 0.524, 1.000, 0.000, 1.000, 0.000, 1.000, 0.000, 0.000, 1.000, 0.013, 0.014, 0.014, 0.011, 0.023, 0.018
80.300, 0.883, 0.450, 1.000, 0.000, 1.000, 0.000, 1.000, 0.000, 0.000, 1.000, 0.013, 0.014, 0.014, 0.011, 0.022, 0.018
80.320, 0.877, 0.366, 1.000, 0.000, 1.000, 0.000, 1.000, 0.000, 0.000, 1.000, 0.013, 0.014, 0.015, 0.010, 0.022, 0.018
80.340, 0.869, 0.260, 1.000, 0.000, 1.000, 0.000, 1.000, 0.000, 0.000, 1.000, 0.013, 0.014, 0.015, 0.010, 0.022, 0.018
80.360, 0.859, 0.121, 1.000, 0.000, 1.000, 1.000, 1.000, 0.000, 0.000, 1.000, 0.013, 0.014, 0.014, 0.010, 0.022, 0.018
80.380, 0.844, -0.071, 0.000, 0.000, 0.000, 1.000, 1.000, 0.000, 0.000, 0.000, 0.012, 0.014, 0.014, 0.010, 0.022, 0.017
80.400, 0.822, -0.324, 0.000, 0.000, 1.000, 1.000, 1.000, 0.000, 0.000, 0.000, 0.012, 0.014, 0.014, 0.010, 0.021, 0.017
80.420, 0.786, -0.594, 0.000, 0.000, 1.000, 1.000, 1.000, 0.000, 0.000, 0.000, 0.012, 0.014, 0.014, 0.010, 0.021, 0.017
80.440, 0.732, -0.783, 0.000, 0.000, 0.000, 0.000, 1.000, 0.000, 0.000, 0.000, 0.012, 0.014, 0.014, 0.010, 0.021, 0.017
80.460, 0.667, -0.862, 0.000, 0.000, 1.000, 0.000, 1.000, 0.000, 0.000, 0.000, 0.012, 0.014, 0.014, 0.010, 0.021, 0.017
80.480, 0.600, -0.884, 0.000, 0.000, 1.000, 0.000, 1.000, 0.000, 0.000, 0.000, 0.012, 0.014, 0.015, 0.010, 0.021, 0.017
80.500, 0.532, -0.887, 0.000, 0.000, 1.000, 0.000, 1.000, 0.000, 0.000, 0.000, 0.011, 0.014, 0.015, 0.010, 0.021, 0.017
80.520, 0.459, -0.883, 0.000, 0.000, 1.000, 0.000, 1.000, 1.000, 0.000, 0.000, 0.011, 0.014, 0.015, 0.010, 0.022, 0.017
80.540, 0.376, -0.878, 0.000, 0.000, 1.000, 0.000, 0.673, 0.000, 0.036, 0.000, 0.011, 0.014, 0.015, 0.010, 0.021, 0.017
80.560, 0.273, -0.870, 0.000, 0.000, 0.000, 1.000, 1.000, 0.000, 0.000, 0.000, 0.011, 0.014, 0.014, 0.010, 0.021, 0.017
80.580, 0.138, -0.860, 0.000, 0.000, 0.000, 1.000, 1.000, 0.000, 0.000, 0.000, 0.011, 0.014, 0.014, 0.010, 0.021, 0.017
80.600, -0.047, -0.846, 0.000, 0.000, 0.000, 1.000, 1.000, 0.000, 0.000, 0.000, 0.011, 0.015, 0.014, 0.010, 0.021, 0.017
80.620, -0.294, -0.825, 0.000, 0.000, 1.000, 1.000, 1.000, 0.000, 0.000, 0.000, 0.011, 0.014, 0.014, 0.010, 0.021, 0.017
80.640, -0.567, -0.790, 0.000, 0.000, 0.000, 1.000, 1.000, 0.064, 0.000, 0.000, 0.011, 0.015, 0.014, 0.010, 0.021, 0.017
80.660, -0.768, -0.739, 0.000, 0.000, 0.000, 1.000, 1.000, 0.000, 0.000, 0.000, 0.011, 0.015, 0.015, 0.010, 0.021, 0.018
80.680, -0.857, -0.675, 0.000, 0.000, 0.000, 1.000, 1.000, 1.000, 0.000, 0.000, 0.011, 0.015, 0.015, 0.010, 0.021, 0.018
80.700, -0.883, -0.606, 0.000, 0.582, 0.000, 0.000, 0.000, 1.000, 1.000, 0.582, 0.011, 0.015, 0.014, 0.010, 0.021, 0.018
80.720, -0.888, -0.518, 0.000, 1.000, 0.000, 0.000, 0.000, 1.000, 0.000, 1.000, 0.012, 0.015, 0.014, 0.011, 0.021, 0.018
80.740, -0.885, -0.422, 0.000, 1.000, 0.000, 0.000, 0.000, 0.000, 0.423, 1.000, 0.012, 0.015, 0.014, 0.011, 0.021, 0.018
80.760, -0.877, -0.317, 0.000, 1.000, 0.000, 0.000, 0.000, 1.000, 0.000, 1.000, 0.012, 0.015, 0.014, 0.011, 0.021, 0.018
80.780, -0.868, -0.182, 0.000, 1.000, 0.829, 0.000, 0.000, 1.000, 0.424, 1.000, 0.013, 0.015, 0.014, 0.011, 0.021, 0.018
80.800, -0.855, -0.004, 0.000, 1.000, 1.000, 0.000, 0.000, 1.000, 1.000, 1.000, 0.013, 0.014, 0.014, 0.011, 0.021, 0.018
80.820, -0.837, 0.229, 1.000, 1.000, 1.000, 0.000, 0.000, 1.000, 1.000, 0.000, 0.012, 0.015, 0.014, 0.011, 0.021, 0.017
80.840, -0.808, 0.498, 1.000, 1.000, 1.000, 0.000, 0.000, 1.000, 1.000, 0.000, 0.012, 0.015, 0.014, 0.011, 0.020, 0.017
80.860, -0.763, 0.720, 1.000, 1.000, 1.000, 0.000, 0.000, 1.000, 1.000, 0.000, 0.012, 0.015, 0.014, 0.010, 0.020, 0.017
80.880, -0.706, 0.835, 1.000, 1.000, 1.000, 0.000, 0.000, 0.000, 1.000, 0.000, 0.012, 0.015, 0.013, 0.010, 0.021, 0.017
80.900, -0.661, 0.863, 1.000, 1.000, 1.000, 0.000, 0.000, 1.000, 1.000, 0.000, 0.011, 0.015, 0.013, 0.010, 0.021, 0.017
80.920, -0.644, 0.857, 1.000, 1.000, 1.000, 0.000, 0.000, 1.000, 0.000, 0.000, 0.011, 0.016, 0.013, 0.010, 0.020, 0.017
80.940, -0.606, 0.868, 1.000, 1.000, 0.071, 0.000, 0.000, 1.000, 0.000, 0.000, 0.011, 0.015, 0.013, 0.010, 0.020, 0.018
80.960, -0.566, 0.871, 1.000, 1.000, 0.000, 0.000, 0.000, 1.000, 0.000, 0.000, 0.011, 0.015, 0.013, 0.010, 0.020, 0.018
80.980, -0.547, 0.862, 1.000, 1.000, 0.000, 0.000, 1.000, 1.000, 0.000, 0.000, 0.011, 0.015, 0.013, 0.011, 0.020, 0.018
81.000, -0.512, 0.864, 1.000, 1.000, 0.000, 0.151, 1.000, 0.000, 0.000, 0.000, 0.011, 0.014, 0.013, 0.011, 0.021, 0.018
81.020, -0.455, 0.870, 1.000, 1.000, 0.000, 0.048, 0.000, 0.000, 0.000, 0.000, 0.011, 0.014, 0.013, 0.011, 0.021, 0.018
81.040, -0.390, 0.868, 1.000, 1.000, 0.000, 0.121, 1.000, 0.000, 0.496, 0.000, 0.011, 0.014, 0.013, 0.011, 0.021, 0.018
81.060, -0.328, 0.858, 1.000, 1.000, 0.000, 0.000, 0.000, 0.000, 0.759, 0.000, 0.011, 0.014, 0.013, 0.011, 0.021, 0.018
81.080, -0.276, 0.842, 1.000, 1.000, 0.000, 0.000, 0.000, 1.000, 1.000, 0.000, 0.011, 0.014, 0.014, 0.010, 0.021, 0.017
81.100, -0.180, 0.841, 1.000, 1.000, 0.000, 0.000, 0.000, 0.000, 1.000, 0.000, 0.011, 0.014, 0.014, 0.010, 0.021, 0.017
81.120, -0.073, 0.825, 1.000, 1.000, 0.000, 0.000, 0.000, 0.000, 1.000, 0.000, 0.011, 0.014, 0.014, 0.010, 0.021, 0.018
81.140, 0.103, 0.819, 1.000, 1.000, 0.000, 1.000, 0.000, 0.000, 1.000, 0.000, 0.011, 0.014, 0.014, 0.010, 0.021, 0.018
81.160, 0.356, 0.806, 1.000, 0.262, 0.000, 1.000, 0.378, 0.000, 1.000, 0.738, 0.011, 0.014, 0.014, 0.010, 0.022, 0.018
