Time (s),torque_R1_J1, torque_R1_J2, torque_R1_J3, torque_R2_J1, torque_R2_J2, torque_R2_J3, torque_R3_J1, torque_R3_J2, torque_R3_J3, torque_L1_J1, torque_L1_J2, torque_L1_J3, torque_L2_J1, torque_L2_J2, torque_L2_J3, torque_L3_J1, torque_L3_J2, torque_L3_J3
0.000, -0.001, -0.058, 0.058, -0.001, -0.058, 0.058, -0.001, -0.058, 0.058, 0.001, -0.058, 0.058, 0.001, -0.058, 0.058, 0.001, -0.058, 
0.000, -0.001, -0.058, 0.058, -0.001, -0.058, 0.058, -0.001, -0.058, 0.058, 0.001, -0.058, 0.058, 0.001, -0.058, 0.058, 0.001, -0.058, 
0.000, -0.001, -0.058, 0.058, -0.001, -0.058, 0.058, -0.001, -0.058, 0.058, 0.001, -0.058, 0.058, 0.001, -0.058, 0.058, 0.001, -0.058, 
0.020, 0.001, -0.334, 0.225, 0.001, -0.334, 0.225, 0.001, -0.334, 0.225, -0.001, -0.334, 0.225, -0.001, -0.334, 0.225, -0.001, -0.334, 
0.020, 0.001, -0.334, 0.225, 0.001, -0.334, 0.225, 0.001, -0.334, 0.225, -0.001, -0.334, 0.225, -0.001, -0.334, 0.225, -0.001, -0.334, 
0.020, 0.001, -0.334, 0.225, 0.001, -0.334, 0.225, 0.001, -0.334, 0.225, -0.001, -0.334, 0.225, -0.001, -0.334, 0.225, -0.001, -0.334, 
0.040, -0.001, -0.574, 0.147, -0.001, -0.574, 0.147, -0.001, -0.574, 0.147, -0.001, -0.574, 0.147, -0.001, -0.574, 0.147, -0.001, -0.574, 
0.040, -0.001, -0.574, 0.147, -0.001, -0.574, 0.147, -0.001, -0.574, 0.147, -0.001, -0.574, 0.147, -0.001, -0.574, 0.147, -0.001, -0.574, 
0.040, -0.001, -0.574, 0.147, -0.001, -0.574, 0.147, -0.001, -0.574, 0.147, -0.001, -0.574, 0.147, -0.001, -0.574, 0.147, -0.001, -0.574, 
0.060, -0.001, -0.798, 0.068, -0.001, -0.798, 0.068, -0.001, -0.798, 0.068, 0.001, -0.798, 0.068, 0.001, -0.798, 0.068, 0.001, -0.798, 
0.060, -0.001, -0.798, 0.068, -0.001, -0.798, 0.068, -0.001, -0.798, 0.068, 0.001, -0.798, 0.068, 0.001, -0.798, 0.068, 0.001, -0.798, 
0.060, -0.001, -0.798, 0.068, -0.001, -0.798, 0.068, -0.001, -0.798, 0.068, 0.001, -0.798, 0.068, 0.001, -0.798, 0.068, 0.001, -0.798, 
0.080, 0.001, -0.991, 0.019, 0.001, -0.991, 0.019, 0.001, -0.991, 0.019, -0.001, -0.991, 0.019, -0.001, -0.991, 0.019, -0.001, -0.991, 
0.080, 0.001, -0.991, 0.019, 0.001, -0.991, 0.019, 0.001, -0.991, 0.019, -0.001, -0.991, 0.019, -0.001, -0.991, 0.019, -0.001, -0.991, 
0.080, 0.001, -0.991, 0.019, 0.001, -0.991, 0.019, 0.001, -0.991, 0.019, -0.001, -0.991, 0.019, -0.001, -0.991, 0.019, -0.001, -0.991, 
0.100, -0.001, -1.131, -0.018, -0.001, -1.131, -0.018, -0.001, -1.131, -0.018, -0.001, -1.131, -0.018, -0.001, -1.131, -0.018, -0.001, -1.131, 
0.100, -0.001, -1.131, -0.018, -0.001, -1.131, -0.018, -0.001, -1.131, -0.018, -0.001, -1.131, -0.018, -0.001, -1.131, -0.018, -0.001, -1.131, 
0.100, -0.001, -1.131, -0.018, -0.001, -1.131, -0.018, -0.001, -1.131, -0.018, -0.001, -1.131, -0.018, -0.001, -1.131, -0.018, -0.001, -1.131, 
0.120, -0.001, -1.212, -0.042, -0.001, -1.212, -0.042, -0.001, -1.212, -0.042, 0.001, -1.212, -0.042, 0.001, -1.212, -0.042, 0.001, -1.212, 
0.120, -0.001, -1.212, -0.042, -0.001, -1.212, -0.042, -0.001, -1.212, -0.042, 0.001, -1.212, -0.042, 0.001, -1.212, -0.042, 0.001, -1.212, 
0.120, -0.001, -1.212, -0.042, -0.001, -1.212, -0.042, -0.001, -1.212, -0.042, 0.001, -1.212, -0.042, 0.001, -1.212, -0.042, 0.001, -1.212, 
0.140, 0.001, -1.009, -0.029, 0.001, -1.009, -0.029, 0.001, -1.009, -0.029, 0.001, -1.009, -0.029, 0.001, -1.009, -0.029, 0.001, -1.009, 
0.140, 0.001, -1.009, -0.029, 0.001, -1.009, -0.029, 0.001, -1.009, -0.029, 0.001, -1.009, -0.029, 0.001, -1.009, -0.029, 0.001, -1.009, 
0.140, 0.001, -1.009, -0.029, 0.001, -1.009, -0.029, 0.001, -1.009, -0.029, 0.001, -1.009, -0.029, 0.001, -1.009, -0.029, 0.001, -1.009, 
0.160, -0.001, -0.887, 0.028, -0.001, -0.887, 0.028, -0.001, -0.887, 0.028, -0.001, -0.887, 0.029, -0.001, -0.887, 0.029, -0.001, -0.887, 
0.160, -0.001, -0.887, 0.028, -0.001, -0.887, 0.028, -0.001, -0.887, 0.028, -0.001, -0.887, 0.029, -0.001, -0.887, 0.029, -0.001, -0.887, 
0.160, -0.001, -0.887, 0.028, -0.001, -0.887, 0.028, -0.001, -0.887, 0.028, -0.001, -0.887, 0.029, -0.001, -0.887, 0.029, -0.001, -0.887, 
0.180, 0.000, -0.838, 0.051, 0.000, -0.838, 0.051, 0.000, -0.838, 0.051, 0.000, -0.838, 0.051, 0.000, -0.838, 0.051, 0.000, -0.838, 
0.180, 0.000, -0.838, 0.051, 0.000, -0.838, 0.051, 0.000, -0.838, 0.051, 0.000, -0.838, 0.051, 0.000, -0.838, 0.051, 0.000, -0.838, 
0.180, 0.000, -0.838, 0.051, 0.000, -0.838, 0.051, 0.000, -0.838, 0.051, 0.000, -0.838, 0.051, 0.000, -0.838, 0.051, 0.000, -0.838, 
0.200, 0.001, -0.795, 0.056, 0.001, -0.795, 0.056, 0.001, -0.795, 0.056, -0.001, -0.795, 0.056, -0.001, -0.795, 0.056, -0.001, -0.795, 
0.200, 0.001, -0.795, 0.056, 0.001, -0.795, 0.056, 0.001, -0.795, 0.056, -0.001, -0.795, 0.056, -0.001, -0.795, 0.056, -0.001, -0.795, 
0.200, 0.001, -0.795, 0.056, 0.001, -0.795, 0.056, 0.001, -0.795, 0.056, -0.001, -0.795, 0.056, -0.001, -0.795, 0.056, -0.001, -0.795, 
0.220, -0.001, -0.765, 0.060, -0.001, -0.765, 0.060, -0.001, -0.765, 0.060, 0.001, -0.765, 0.060, 0.001, -0.765, 0.060, 0.001, -0.765, 
0.220, -0.001, -0.765, 0.060, -0.001, -0.765, 0.060, -0.001, -0.765, 0.060, 0.001, -0.765, 0.060, 0.001, -0.765, 0.060, 0.001, -0.765, 
0.220, -0.001, -0.765, 0.060, -0.001, -0.765, 0.060, -0.001, -0.765, 0.060, 0.001, -0.765, 0.060, 0.001, -0.765, 0.060, 0.001, -0.765, 
0.240, -0.001, -0.750, 0.062, -0.001, -0.750, 0.062, -0.001, -0.750, 0.062, 0.001, -0.750, 0.062, 0.001, -0.750, 0.062, 0.001, -0.750, 
0.240, -0.001, -0.750, 0.062, -0.001, -0.750, 0.062, -0.001, -0.750, 0.062, 0.001, -0.750, 0.062, 0.001, -0.750, 0.062, 0.001, -0.750, 
0.240, -0.001, -0.750, 0.062, -0.001, -0.750, 0.062, -0.001, -0.750, 0.062, 0.001, -0.750, 0.062, 0.001, -0.750, 0.062, 0.001, -0.750, 
0.260, 0.001, -0.747, 0.062, 0.001, -0.747, 0.062, 0.001, -0.747, 0.062, -0.001, -0.747, 0.062, -0.001, -0.747, 0.062, -0.001, -0.747, 
0.260, 0.001, -0.747, 0.062, 0.001, -0.747, 0.062, 0.001, -0.747, 0.062, -0.001, -0.747, 0.062, -0.001, -0.747, 0.062, -0.001, -0.747, 
0.260, 0.001, -0.747, 0.062, 0.001, -0.747, 0.062, 0.001, -0.747, 0.062, -0.001, -0.747, 0.062, -0.001, -0.747, 0.062, -0.001, -0.747, 
0.280, 0.001, -0.755, 0.059, 0.001, -0.755, 0.059, 0.001, -0.755, 0.059, 0.000, -0.755, 0.059, 0.000, -0.755, 0.059, 0.000, -0.755, 
0.280, 0.001, -0.755, 0.059, 0.001, -0.755, 0.059, 0.001, -0.755, 0.059, 0.000, -0.755, 0.059, 0.000, -0.755, 0.059, 0.000, -0.755, 
0.280, 0.001, -0.755, 0.059, 0.001, -0.755, 0.059, 0.001, -0.755, 0.059, 0.000, -0.755, 0.059, 0.000, -0.755, 0.059, 0.000, -0.755, 
0.300, -0.001, -0.771, 0.054, -0.001, -0.771, 0.054, -0.001, -0.771, 0.054, 0.001, -0.771, 0.054, 0.001, -0.771, 0.054, 0.001, -0.771, 
0.300, -0.001, -0.771, 0.054, -0.001, -0.771, 0.054, -0.001, -0.771, 0.054, 0.001, -0.771, 0.054, 0.001, -0.771, 0.054, 0.001, -0.771, 
0.300, -0.001, -0.771, 0.054, -0.001, -0.771, 0.054, -0.001, -0.771, 0.054, 0.001, -0.771, 0.054, 0.001, -0.771, 0.054, 0.001, -0.771, 
0.320, 0.000, -0.792, 0.049, 0.000, -0.792, 0.049, 0.000, -0.792, 0.049, -0.001, -0.792, 0.049, -0.001, -0.792, 0.049, -0.001, -0.792, 
0.320, 0.000, -0.792, 0.049, 0.000, -0.792, 0.049, 0.000, -0.792, 0.049, -0.001, -0.792, 0.049, -0.001, -0.792, 0.049, -0.001, -0.792, 
0.320, 0.000, -0.792, 0.049, 0.000, -0.792, 0.049, 0.000, -0.792, 0.049, -0.001, -0.792, 0.049, -0.001, -0.792, 0.049, -0.001, -0.792, 
0.340, 0.001, -0.814, 0.044, 0.001, -0.814, 0.044, 0.001, -0.814, 0.044, -0.001, -0.814, 0.044, -0.001, -0.814, 0.044, -0.001, -0.814, 
0.340, 0.001, -0.814, 0.044, 0.001, -0.814, 0.044, 0.001, -0.814, 0.044, -0.001, -0.814, 0.044, -0.001, -0.814, 0.044, -0.001, -0.814, 
0.340, 0.001, -0.814, 0.044, 0.001, -0.814, 0.044, 0.001, -0.814, 0.044, -0.001, -0.814, 0.044, -0.001, -0.814, 0.044, -0.001, -0.814, 
0.360, -0.001, -0.834, 0.040, -0.001, -0.834, 0.040, -0.001, -0.834, 0.040, 0.001, -0.834, 0.040, 0.001, -0.834, 0.040, 0.001, -0.834, 
0.360, -0.001, -0.834, 0.040, -0.001, -0.834, 0.040, -0.001, -0.834, 0.040, 0.001, -0.834, 0.040, 0.001, -0.834, 0.040, 0.001, -0.834, 
0.360, -0.001, -0.834, 0.040, -0.001, -0.834, 0.040, -0.001, -0.834, 0.040, 0.001, -0.834, 0.040, 0.001, -0.834, 0.040, 0.001, -0.834, 
0.380, -0.001, -0.852, 0.036, -0.001, -0.852, 0.036, -0.001, -0.852, 0.036, 0.001, -0.852, 0.036, 0.001, -0.852, 0.036, 0.001, -0.852, 
0.380, -0.001, -0.852, 0.036, -0.001, -0.852, 0.036, -0.001, -0.852, 0.036, 0.001, -0.852, 0.036, 0.001, -0.852, 0.036, 0.001, -0.852, 
0.380, -0.001, -0.852, 0.036, -0.001, -0.852, 0.036, -0.001, -0.852, 0.036, 0.001, -0.852, 0.036, 0.001, -0.852, 0.036, 0.001, -0.852, 
0.400, 0.001, -0.864, 0.033, 0.001, -0.864, 0.033, 0.001, -0.864, 0.033, -0.001, -0.864, 0.033, -0.001, -0.864, 0.033, -0.001, -0.864, 
0.400, 0.001, -0.864, 0.033, 0.001, -0.864, 0.033, 0.001, -0.864, 0.033, -0.001, -0.864, 0.033, -0.001, -0.864, 0.033, -0.001, -0.864, 
0.400, 0.001, -0.864, 0.033, 0.001, -0.864, 0.033, 0.001, -0.864, 0.033, -0.001, -0.864, 0.033, -0.001, -0.864, 0.033, -0.001, -0.864, 
0.420, 0.001, -0.872, 0.032, 0.001, -0.872, 0.032, 0.001, -0.872, 0.032, 0.000, -0.872, 0.032, 0.000, -0.872, 0.032, 0.000, -0.872, 
0.420, 0.001, -0.872, 0.032, 0.001, -0.872, 0.032, 0.001, -0.872, 0.032, 0.000, -0.872, 0.032, 0.000, -0.872, 0.032, 0.000, -0.872, 
0.420, 0.001, -0.872, 0.032, 0.001, -0.872, 0.032, 0.001, -0.872, 0.032, 0.000, -0.872, 0.032, 0.000, -0.872, 0.032, 0.000, -0.872, 
0.440, -0.001, -0.874, 0.031, -0.001, -0.874, 0.031, -0.001, -0.874, 0.031, 0.001, -0.874, 0.031, 0.001, -0.874, 0.031, 0.001, -0.874, 
0.440, -0.001, -0.874, 0.031, -0.001, -0.874, 0.031, -0.001, -0.874, 0.031, 0.001, -0.874, 0.031, 0.001, -0.874, 0.031, 0.001, -0.874, 
0.440, -0.001, -0.874, 0.031, -0.001, -0.874, 0.031, -0.001, -0.874, 0.031, 0.001, -0.874, 0.031, 0.001, -0.874, 0.031, 0.001, -0.874, 
0.460, 0.000, -0.872, 0.032, 0.000, -0.872, 0.032, 0.000, -0.872, 0.032, -0.001, -0.872, 0.032, -0.001, -0.872, 0.032, -0.001, -0.872, 
0.460, 0.000, -0.872, 0.032, 0.000, -0.872, 0.032, 0.000, -0.872, 0.032, -0.001, -0.872, 0.032, -0.001, -0.872, 0.032, -0.001, -0.872, 
0.460, 0.000, -0.872, 0.032, 0.000, -0.872, 0.032, 0.000, -0.872, 0.032, -0.001, -0.872, 0.032, -0.001, -0.872, 0.032, -0.001, -0.872, 
0.480, 0.001, -0.866, 0.034, 0.001, -0.866, 0.034, 0.001, -0.866, 0.034, -0.001, -0.866, 0.034, -0.001, -0.866, 0.034, -0.001, -0.866, 
0.480, 0.001, -0.866, 0.034, 0.001, -0.866, 0.034, 0.001, -0.866, 0.034, -0.001, -0.866, 0.034, -0.001, -0.866, 0.034, -0.001, -0.866, 
0.480, 0.001, -0.866, 0.034, 0.001, -0.866, 0.034, 0.001, -0.866, 0.034, -0.001, -0.866, 0.034, -0.001, -0.866, 0.034, -0.001, -0.866, 
0.500, -0.001, -0.859, 0.036, -0.001, -0.859, 0.036, -0.001, -0.859, 0.036, 0.001, -0.859, 0.036, 0.001, -0.859, 0.036, 0.001, -0.859, 
0.500, -0.001, -0.859, 0.036, -0.001, -0.859, 0.036, -0.001, -0.859, 0.036, 0.001, -0.859, 0.036, 0.001, -0.859, 0.036, 0.001, -0.859, 
0.500, -0.001, -0.859, 0.036, -0.001, -0.859, 0.036, -0.001, -0.859, 0.036, 0.001, -0.859, 0.036, 0.001, -0.859, 0.036, 0.001, -0.859, 
0.520, -0.001, -0.851, 0.038, -0.001, -0.851, 0.038, -0.001, -0.851, 0.038, 0.001, -0.851, 0.038, 0.001, -0.851, 0.038, 0.001, -0.851, 
0.520, -0.001, -0.851, 0.038, -0.001, -0.851, 0.038, -0.001, -0.851, 0.038, 0.001, -0.851, 0.038, 0.001, -0.851, 0.038, 0.001, -0.851, 
0.520, -0.001, -0.851, 0.038, -0.001, -0.851, 0.038, -0.001, -0.851, 0.038, 0.001, -0.851, 0.038, 0.001, -0.851, 0.038, 0.001, -0.851, 
0.540, 0.001, -0.843, 0.039, 0.001, -0.843, 0.039, 0.001, -0.843, 0.039, -0.001, -0.843, 0.039, -0.001, -0.843, 0.039, -0.001, -0.843, 
0.540, 0.001, -0.843, 0.039, 0.001, -0.843, 0.039, 0.001, -0.843, 0.039, -0.001, -0.843, 0.039, -0.001, -0.843, 0.039, -0.001, -0.843, 
0.540, 0.001, -0.843, 0.039, 0.001, -0.843, 0.039, 0.001, -0.843, 0.039, -0.001, -0.843, 0.039, -0.001, -0.843, 0.039, -0.001, -0.843, 
0.560, 0.001, -0.836, 0.041, 0.001, -0.836, 0.041, 0.001, -0.836, 0.041, 0.000, -0.836, 0.041, 0.000, -0.836, 0.041, 0.000, -0.836, 
0.560, 0.001, -0.836, 0.041, 0.001, -0.836, 0.041, 0.001, -0.836, 0.041, 0.000, -0.836, 0.041, 0.000, -0.836, 0.041, 0.000, -0.836, 
0.560, 0.001, -0.836, 0.041, 0.001, -0.836, 0.041, 0.001, -0.836, 0.041, 0.000, -0.836, 0.041, 0.000, -0.836, 0.041, 0.000, -0.836, 
0.580, -0.001, -0.830, 0.042, -0.001, -0.830, 0.042, -0.001, -0.830, 0.042, 0.001, -0.830, 0.042, 0.001, -0.830, 0.042, 0.001, -0.830, 
0.580, -0.001, -0.830, 0.042, -0.001, -0.830, 0.042, -0.001, -0.830, 0.042, 0.001, -0.830, 0.042, 0.001, -0.830, 0.042, 0.001, -0.830, 
0.580, -0.001, -0.830, 0.042, -0.001, -0.830, 0.042, -0.001, -0.830, 0.042, 0.001, -0.830, 0.042, 0.001, -0.830, 0.042, 0.001, -0.830, 
0.600, 0.000, -0.827, 0.043, 0.000, -0.827, 0.043, 0.000, -0.827, 0.043, -0.001, -0.827, 0.043, -0.001, -0.827, 0.043, -0.001, -0.827, 
0.600, 0.000, -0.827, 0.043, 0.000, -0.827, 0.043, 0.000, -0.827, 0.043, -0.001, -0.827, 0.043, -0.001, -0.827, 0.043, -0.001, -0.827, 
0.600, 0.000, -0.827, 0.043, 0.000, -0.827, 0.043, 0.000, -0.827, 0.043, -0.001, -0.827, 0.043, -0.001, -0.827, 0.043, -0.001, -0.827, 
0.620, -0.001, -0.826, 0.043, -0.001, -0.826, 0.043, -0.001, -0.826, 0.043, -0.001, -0.826, 0.043, -0.001, -0.826, 0.043, -0.001, -0.826, 
0.620, -0.001, -0.826, 0.043, -0.001, -0.826, 0.043, -0.001, -0.826, 0.043, -0.001, -0.826, 0.043, -0.001, -0.826, 0.043, -0.001, -0.826, 
0.620, -0.001, -0.826, 0.043, -0.001, -0.826, 0.043, -0.001, -0.826, 0.043, -0.001, -0.826, 0.043, -0.001, -0.826, 0.043, -0.001, -0.826, 
0.640, 0.001, -0.826, 0.043, 0.001, -0.826, 0.043, 0.001, -0.826, 0.043, 0.001, -0.826, 0.043, 0.001, -0.826, 0.043, 0.001, -0.826, 
0.640, 0.001, -0.826, 0.043, 0.001, -0.826, 0.043, 0.001, -0.826, 0.043, 0.001, -0.826, 0.043, 0.001, -0.826, 0.043, 0.001, -0.826, 
0.640, 0.001, -0.826, 0.043, 0.001, -0.826, 0.043, 0.001, -0.826, 0.043, 0.001, -0.826, 0.043, 0.001, -0.826, 0.043, 0.001, -0.826, 
0.660, 0.001, -0.828, 0.042, 0.001, -0.828, 0.042, 0.001, -0.828, 0.042, 0.001, -0.828, 0.042, 0.001, -0.828, 0.042, 0.001, -0.828, 
0.660, 0.001, -0.828, 0.042, 0.001, -0.828, 0.042, 0.001, -0.828, 0.042, 0.001, -0.828, 0.042, 0.001, -0.828, 0.042, 0.001, -0.828, 
0.660, 0.001, -0.828, 0.042, 0.001, -0.828, 0.042, 0.001, -0.828, 0.042, 0.001, -0.828, 0.042, 0.001, -0.828, 0.042, 0.001, -0.828, 
0.680, -0.001, -0.830, 0.042, -0.001, -0.830, 0.042, -0.001, -0.830, 0.042, -0.001, -0.830, 0.042, -0.001, -0.830, 0.042, -0.001, -0.830, 
0.680, -0.001, -0.830, 0.042, -0.001, -0.830, 0.042, -0.001, -0.830, 0.042, -0.001, -0.830, 0.042, -0.001, -0.830, 0.042, -0.001, -0.830, 
0.680, -0.001, -0.830, 0.042, -0.001, -0.830, 0.042, -0.001, -0.830, 0.042, -0.001, -0.830, 0.042, -0.001, -0.830, 0.042, -0.001, -0.830, 
0.700, 0.000, -0.833, 0.041, 0.000, -0.833, 0.041, 0.000, -0.833, 0.041, 0.000, -0.833, 0.041, 0.000, -0.833, 0.041, 0.000, -0.833, 
0.700, 0.000, -0.833, 0.041, 0.000, -0.833, 0.041, 0.000, -0.833, 0.041, 0.000, -0.833, 0.041, 0.000, -0.833, 0.041, 0.000, -0.833, 
0.700, 0.000, -0.833, 0.041, 0.000, -0.833, 0.041, 0.000, -0.833, 0.041, 0.000, -0.833, 0.041, 0.000, -0.833, 0.041, 0.000, -0.833, 
0.720, 0.001, -0.837, 0.040, 0.001, -0.837, 0.040, 0.001, -0.837, 0.040, 0.001, -0.837, 0.040, 0.001, -0.837, 0.040, 0.001, -0.837, 
0.720, 0.001, -0.837, 0.040, 0.001, -0.837, 0.040, 0.001, -0.837, 0.040, 0.001, -0.837, 0.040, 0.001, -0.837, 0.040, 0.001, -0.837, 
0.720, 0.001, -0.837, 0.040, 0.001, -0.837, 0.040, 0.001, -0.837, 0.040, 0.001, -0.837, 0.040, 0.001, -0.837, 0.040, 0.001, -0.837, 
0.740, -0.001, -0.839, 0.040, -0.001, -0.839, 0.040, -0.001, -0.839, 0.040, -0.001, -0.839, 0.040, -0.001, -0.839, 0.040, -0.001, -0.839, 
0.740, -0.001, -0.839, 0.040, -0.001, -0.839, 0.040, -0.001, -0.839, 0.040, -0.001, -0.839, 0.040, -0.001, -0.839, 0.040, -0.001, -0.839, 
0.740, -0.001, -0.839, 0.040, -0.001, -0.839, 0.040, -0.001, -0.839, 0.040, -0.001, -0.839, 0.040, -0.001, -0.839, 0.040, -0.001, -0.839, 
0.760, -0.001, -0.839, 0.040, -0.001, -0.839, 0.040, -0.001, -0.839, 0.040, -0.001, -0.839, 0.040, -0.001, -0.839, 0.040, -0.001, -0.839, 
0.760, -0.001, -0.839, 0.040, -0.001, -0.839, 0.040, -0.001, -0.839, 0.040, -0.001, -0.839, 0.040, -0.001, -0.839, 0.040, -0.001, -0.839, 
0.760, -0.001, -0.839, 0.040, -0.001, -0.839, 0.040, -0.001, -0.839, 0.040, -0.001, -0.839, 0.040, -0.001, -0.839, 0.040, -0.001, -0.839, 
0.780, 0.001, -0.839, 0.040, 0.001, -0.839, 0.040, 0.001, -0.839, 0.040, -0.001, -0.839, 0.040, -0.001, -0.839, 0.040, -0.001, -0.839, 
0.780, 0.001, -0.839, 0.040, 0.001, -0.839, 0.040, 0.001, -0.839, 0.040, -0.001, -0.839, 0.040, -0.001, -0.839, 0.040, -0.001, -0.839, 
0.780, 0.001, -0.839, 0.040, 0.001, -0.839, 0.040, 0.001, -0.839, 0.040, -0.001, -0.839, 0.040, -0.001, -0.839, 0.040, -0.001, -0.839, 
0.800, -0.001, -0.839, 0.040, -0.001, -0.839, 0.040, -0.001, -0.839, 0.040, 0.001, -0.839, 0.040, 0.001, -0.839, 0.040, 0.001, -0.839, 
0.800, -0.001, -0.839, 0.040, -0.001, -0.839, 0.040, -0.001, -0.839, 0.040, 0.001, -0.839, 0.040, 0.001, -0.839, 0.040, 0.001, -0.839, 
0.800, -0.001, -0.839, 0.040, -0.001, -0.839, 0.040, -0.001, -0.839, 0.040, 0.001, -0.839, 0.040, 0.001, -0.839, 0.040, 0.001, -0.839, 
0.820, -0.001, -0.839, 0.040, -0.001, -0.839, 0.040, -0.001, -0.839, 0.040, 0.000, -0.839, 0.040, 0.000, -0.839, 0.040, 0.000, -0.839, 
0.820, -0.001, -0.839, 0.040, -0.001, -0.839, 0.040, -0.001, -0.839, 0.040, 0.000, -0.839, 0.040, 0.000, -0.839, 0.040, 0.000, -0.839, 
0.820, -0.001, -0.839, 0.040, -0.001, -0.839, 0.040, -0.001, -0.839, 0.040, 0.000, -0.839, 0.040, 0.000, -0.839, 0.040, 0.000, -0.839, 
0.840, 0.001, -0.839, 0.040, 0.001, -0.839, 0.040, 0.001, -0.839, 0.040, -0.001, -0.839, 0.040, -0.001, -0.839, 0.040, -0.001, -0.839, 
0.840, 0.001, -0.839, 0.040, 0.001, -0.839, 0.040, 0.001, -0.839, 0.040, -0.001, -0.839, 0.040, -0.001, -0.839, 0.040, -0.001, -0.839, 
0.840, 0.001, -0.839, 0.040, 0.001, -0.839, 0.040, 0.001, -0.839, 0.040, -0.001, -0.839, 0.040, -0.001, -0.839, 0.040, -0.001, -0.839, 
0.860, -0.001, -0.839, 0.040, -0.001, -0.839, 0.040, -0.001, -0.839, 0.040, 0.001, -0.839, 0.040, 0.001, -0.839, 0.040, 0.001, -0.839, 
0.860, -0.001, -0.839, 0.040, -0.001, -0.839, 0.040, -0.001, -0.839, 0.040, 0.001, -0.839, 0.040, 0.001, -0.839, 0.040, 0.001, -0.839, 
0.860, -0.001, -0.839, 0.040, -0.001, -0.839, 0.040, -0.001, -0.839, 0.040, 0.001, -0.839, 0.040, 0.001, -0.839, 0.040, 0.001, -0.839, 
0.880, -0.001, -0.839, 0.040, -0.001, -0.839, 0.040, -0.001, -0.839, 0.040, 0.000, -0.839, 0.040, 0.000, -0.839, 0.040, 0.000, -0.839, 
0.880, -0.001, -0.839, 0.040, -0.001, -0.839, 0.040, -0.001, -0.839, 0.040, 0.000, -0.839, 0.040, 0.000, -0.839, 0.040, 0.000, -0.839, 
0.880, -0.001, -0.839, 0.040, -0.001, -0.839, 0.040, -0.001, -0.839, 0.040, 0.000, -0.839, 0.040, 0.000, -0.839, 0.040, 0.000, -0.839, 
0.900, 0.001, -0.839, 0.040, 0.001, -0.839, 0.040, 0.001, -0.839, 0.040, -0.001, -0.839, 0.040, -0.001, -0.839, 0.040, -0.001, -0.839, 
0.900, 0.001, -0.839, 0.040, 0.001, -0.839, 0.040, 0.001, -0.839, 0.040, -0.001, -0.839, 0.040, -0.001, -0.839, 0.040, -0.001, -0.839, 
0.900, 0.001, -0.839, 0.040, 0.001, -0.839, 0.040, 0.001, -0.839, 0.040, -0.001, -0.839, 0.040, -0.001, -0.839, 0.040, -0.001, -0.839, 
0.920, -0.001, -0.839, 0.040, -0.001, -0.839, 0.040, -0.001, -0.839, 0.040, 0.001, -0.839, 0.040, 0.001, -0.839, 0.040, 0.001, -0.839, 
0.920, -0.001, -0.839, 0.040, -0.001, -0.839, 0.040, -0.001, -0.839, 0.040, 0.001, -0.839, 0.040, 0.001, -0.839, 0.040, 0.001, -0.839, 
0.920, -0.001, -0.839, 0.040, -0.001, -0.839, 0.040, -0.001, -0.839, 0.040, 0.001, -0.839, 0.040, 0.001, -0.839, 0.040, 0.001, -0.839, 
0.940, -0.001, -0.839, 0.040, -0.001, -0.839, 0.040, -0.001, -0.839, 0.040, 0.000, -0.839, 0.040, 0.000, -0.839, 0.040, 0.000, -0.839, 
0.940, -0.001, -0.839, 0.040, -0.001, -0.839, 0.040, -0.001, -0.839, 0.040, 0.000, -0.839, 0.040, 0.000, -0.839, 0.040, 0.000, -0.839, 
0.940, -0.001, -0.839, 0.040, -0.001, -0.839, 0.040, -0.001, -0.839, 0.040, 0.000, -0.839, 0.040, 0.000, -0.839, 0.040, 0.000, -0.839, 
0.960, 0.001, -0.839, 0.040, 0.001, -0.839, 0.040, 0.001, -0.839, 0.040, -0.001, -0.839, 0.040, -0.001, -0.839, 0.040, -0.001, -0.839, 
0.960, 0.001, -0.839, 0.040, 0.001, -0.839, 0.040, 0.001, -0.839, 0.040, -0.001, -0.839, 0.040, -0.001, -0.839, 0.040, -0.001, -0.839, 
0.960, 0.001, -0.839, 0.040, 0.001, -0.839, 0.040, 0.001, -0.839, 0.040, -0.001, -0.839, 0.040, -0.001, -0.839, 0.040, -0.001, -0.839, 
0.980, -0.001, -0.839, 0.040, -0.001, -0.839, 0.040, -0.001, -0.839, 0.040, 0.001, -0.839, 0.040, 0.001, -0.839, 0.040, 0.001, -0.839, 
0.980, -0.001, -0.839, 0.040, -0.001, -0.839, 0.040, -0.001, -0.839, 0.040, 0.001, -0.839, 0.040, 0.001, -0.839, 0.040, 0.001, -0.839, 
0.980, -0.001, -0.839, 0.040, -0.001, -0.839, 0.040, -0.001, -0.839, 0.040, 0.001, -0.839, 0.040, 0.001, -0.839, 0.040, 0.001, -0.839, 
1.000, -0.001, -0.839, 0.040, -0.001, -0.839, 0.040, -0.001, -0.839, 0.040, 0.000, -0.839, 0.040, 0.000, -0.839, 0.040, 0.000, -0.839, 
1.000, -0.001, -0.839, 0.040, -0.001, -0.839, 0.040, -0.001, -0.839, 0.040, 0.000, -0.839, 0.040, 0.000, -0.839, 0.040, 0.000, -0.839, 
1.000, -0.001, -0.839, 0.040, -0.001, -0.839, 0.040, -0.001, -0.839, 0.040, 0.000, -0.839, 0.040, 0.000, -0.839, 0.040, 0.000, -0.839, 
1.020, 0.001, -0.839, 0.040, 0.001, -0.839, 0.040, 0.001, -0.839, 0.040, -0.001, -0.839, 0.040, -0.001, -0.839, 0.040, -0.001, -0.839, 
1.020, 0.001, -0.839, 0.040, 0.001, -0.839, 0.040, 0.001, -0.839, 0.040, -0.001, -0.839, 0.040, -0.001, -0.839, 0.040, -0.001, -0.839, 
1.020, 0.001, -0.839, 0.040, 0.001, -0.839, 0.040, 0.001, -0.839, 0.040, -0.001, -0.839, 0.040, -0.001, -0.839, 0.040, -0.001, -0.839, 
1.040, -0.001, -0.839, 0.040, -0.001, -0.839, 0.040, -0.001, -0.839, 0.040, 0.001, -0.839, 0.040, 0.001, -0.839, 0.040, 0.001, -0.839, 
1.040, -0.001, -0.839, 0.040, -0.001, -0.839, 0.040, -0.001, -0.839, 0.040, 0.001, -0.839, 0.040, 0.001, -0.839, 0.040, 0.001, -0.839, 
1.040, -0.001, -0.839, 0.040, -0.001, -0.839, 0.040, -0.001, -0.839, 0.040, 0.001, -0.839, 0.040, 0.001, -0.839, 0.040, 0.001, -0.839, 
1.060, -0.001, -0.839, 0.040, -0.001, -0.839, 0.040, -0.001, -0.839, 0.040, 0.000, -0.839, 0.040, 0.000, -0.839, 0.040, 0.000, -0.839, 
1.060, -0.001, -0.839, 0.040, -0.001, -0.839, 0.040, -0.001, -0.839, 0.040, 0.000, -0.839, 0.040, 0.000, -0.839, 0.040, 0.000, -0.839, 
1.060, -0.001, -0.839, 0.040, -0.001, -0.839, 0.040, -0.001, -0.839, 0.040, 0.000, -0.839, 0.040, 0.000, -0.839, 0.040, 0.000, -0.839, 
1.080, 0.001, -0.839, 0.040, 0.001, -0.839, 0.040, 0.001, -0.839, 0.040, -0.001, -0.839, 0.040, -0.001, -0.839, 0.040, -0.001, -0.839, 
1.080, 0.001, -0.839, 0.040, 0.001, -0.839, 0.040, 0.001, -0.839, 0.040, -0.001, -0.839, 0.040, -0.001, -0.839, 0.040, -0.001, -0.839, 
1.080, 0.001, -0.839, 0.040, 0.001, -0.839, 0.040, 0.001, -0.839, 0.040, -0.001, -0.839, 0.040, -0.001, -0.839, 0.040, -0.001, -0.839, 
1.100, -0.001, -0.839, 0.040, -0.001, -0.839, 0.040, -0.001, -0.839, 0.040, 0.001, -0.839, 0.040, 0.001, -0.839, 0.040, 0.001, -0.839, 
1.100, -0.001, -0.839, 0.040, -0.001, -0.839, 0.040, -0.001, -0.839, 0.040, 0.001, -0.839, 0.040, 0.001, -0.839, 0.040, 0.001, -0.839, 
1.100, -0.001, -0.839, 0.040, -0.001, -0.839, 0.040, -0.001, -0.839, 0.040, 0.001, -0.839, 0.040, 0.001, -0.839, 0.040, 0.001, -0.839, 
1.120, -0.001, -0.839, 0.040, -0.001, -0.839, 0.040, -0.001, -0.839, 0.040, 0.000, -0.839, 0.040, 0.000, -0.839, 0.040, 0.000, -0.839, 
1.120, -0.001, -0.839, 0.040, -0.001, -0.839, 0.040, -0.001, -0.839, 0.040, 0.000, -0.839, 0.040, 0.000, -0.839, 0.040, 0.000, -0.839, 
1.120, -0.001, -0.839, 0.040, -0.001, -0.839, 0.040, -0.001, -0.839, 0.040, 0.000, -0.839, 0.040, 0.000, -0.839, 0.040, 0.000, -0.839, 
1.140, 0.001, -0.839, 0.040, 0.001, -0.839, 0.040, 0.001, -0.839, 0.040, -0.001, -0.839, 0.040, -0.001, -0.839, 0.040, -0.001, -0.839, 
1.140, 0.001, -0.839, 0.040, 0.001, -0.839, 0.040, 0.001, -0.839, 0.040, -0.001, -0.839, 0.040, -0.001, -0.839, 0.040, -0.001, -0.839, 
1.140, 0.001, -0.839, 0.040, 0.001, -0.839, 0.040, 0.001, -0.839, 0.040, -0.001, -0.839, 0.040, -0.001, -0.839, 0.040, -0.001, -0.839, 
1.160, -0.001, -0.839, 0.040, -0.001, -0.839, 0.040, -0.001, -0.839, 0.040, 0.001, -0.839, 0.040, 0.001, -0.839, 0.040, 0.001, -0.839, 
1.160, -0.001, -0.839, 0.040, -0.001, -0.839, 0.040, -0.001, -0.839, 0.040, 0.001, -0.839, 0.040, 0.001, -0.839, 0.040, 0.001, -0.839, 
1.160, -0.001, -0.839, 0.040, -0.001, -0.839, 0.040, -0.001, -0.839, 0.040, 0.001, -0.839, 0.040, 0.001, -0.839, 0.040, 0.001, -0.839, 
1.180, -0.001, -0.839, 0.040, -0.001, -0.839, 0.040, -0.001, -0.839, 0.040, 0.000, -0.839, 0.040, 0.000, -0.839, 0.040, 0.000, -0.839, 
1.180, -0.001, -0.839, 0.040, -0.001, -0.839, 0.040, -0.001, -0.839, 0.040, 0.000, -0.839, 0.040, 0.000, -0.839, 0.040, 0.000, -0.839, 
1.180, -0.001, -0.839, 0.040, -0.001, -0.839, 0.040, -0.001, -0.839, 0.040, 0.000, -0.839, 0.040, 0.000, -0.839, 0.040, 0.000, -0.839, 
1.200, 0.001, -0.839, 0.040, 0.001, -0.839, 0.040, 0.001, -0.839, 0.040, -0.001, -0.839, 0.040, -0.001, -0.839, 0.040, -0.001, -0.839, 
1.200, 0.001, -0.839, 0.040, 0.001, -0.839, 0.040, 0.001, -0.839, 0.040, -0.001, -0.839, 0.040, -0.001, -0.839, 0.040, -0.001, -0.839, 
1.200, 0.001, -0.839, 0.040, 0.001, -0.839, 0.040, 0.001, -0.839, 0.040, -0.001, -0.839, 0.040, -0.001, -0.839, 0.040, -0.001, -0.839, 
1.220, -0.001, -0.839, 0.040, -0.001, -0.839, 0.040, -0.001, -0.839, 0.040, 0.001, -0.839, 0.040, 0.001, -0.839, 0.040, 0.001, -0.839, 
1.220, -0.001, -0.839, 0.040, -0.001, -0.839, 0.040, -0.001, -0.839, 0.040, 0.001, -0.839, 0.040, 0.001, -0.839, 0.040, 0.001, -0.839, 
1.220, -0.001, -0.839, 0.040, -0.001, -0.839, 0.040, -0.001, -0.839, 0.040, 0.001, -0.839, 0.040, 0.001, -0.839, 0.040, 0.001, -0.839, 
1.240, -0.001, -0.839, 0.040, -0.001, -0.839, 0.040, -0.001, -0.839, 0.040, 0.000, -0.839, 0.040, 0.000, -0.839, 0.040, 0.000, -0.839, 
1.240, -0.001, -0.839, 0.040, -0.001, -0.839, 0.040, -0.001, -0.839, 0.040, 0.000, -0.839, 0.040, 0.000, -0.839, 0.040, 0.000, -0.839, 
1.240, -0.001, -0.839, 0.040, -0.001, -0.839, 0.040, -0.001, -0.839, 0.040, 0.000, -0.839, 0.040, 0.000, -0.839, 0.040, 0.000, -0.839, 
1.260, 0.001, -0.839, 0.040, 0.001, -0.839, 0.040, 0.001, -0.839, 0.040, -0.001, -0.839, 0.040, -0.001, -0.839, 0.040, -0.001, -0.839, 
1.260, 0.001, -0.839, 0.040, 0.001, -0.839, 0.040, 0.001, -0.839, 0.040, -0.001, -0.839, 0.040, -0.001, -0.839, 0.040, -0.001, -0.839, 
1.260, 0.001, -0.839, 0.040, 0.001, -0.839, 0.040, 0.001, -0.839, 0.040, -0.001, -0.839, 0.040, -0.001, -0.839, 0.040, -0.001, -0.839, 
1.280, -0.001, -0.839, 0.040, -0.001, -0.839, 0.040, -0.001, -0.839, 0.040, 0.001, -0.839, 0.040, 0.001, -0.839, 0.040, 0.001, -0.839, 
1.280, -0.001, -0.839, 0.040, -0.001, -0.839, 0.040, -0.001, -0.839, 0.040, 0.001, -0.839, 0.040, 0.001, -0.839, 0.040, 0.001, -0.839, 
1.280, -0.001, -0.839, 0.040, -0.001, -0.839, 0.040, -0.001, -0.839, 0.040, 0.001, -0.839, 0.040, 0.001, -0.839, 0.040, 0.001, -0.839, 
1.300, -0.001, -0.839, 0.040, -0.001, -0.839, 0.040, -0.001, -0.839, 0.040, 0.000, -0.839, 0.040, 0.000, -0.839, 0.040, 0.000, -0.839, 
1.300, -0.001, -0.839, 0.040, -0.001, -0.839, 0.040, -0.001, -0.839, 0.040, 0.000, -0.839, 0.040, 0.000, -0.839, 0.040, 0.000, -0.839, 
1.300, -0.001, -0.839, 0.040, -0.001, -0.839, 0.040, -0.001, -0.839, 0.040, 0.000, -0.839, 0.040, 0.000, -0.839, 0.040, 0.000, -0.839, 
1.320, 0.001, -0.839, 0.040, 0.001, -0.839, 0.040, 0.001, -0.839, 0.040, -0.001, -0.839, 0.040, -0.001, -0.839, 0.040, -0.001, -0.839, 
1.320, 0.001, -0.839, 0.040, 0.001, -0.839, 0.040, 0.001, -0.839, 0.040, -0.001, -0.839, 0.040, -0.001, -0.839, 0.040, -0.001, -0.839, 
1.320, 0.001, -0.839, 0.040, 0.001, -0.839, 0.040, 0.001, -0.839, 0.040, -0.001, -0.839, 0.040, -0.001, -0.839, 0.040, -0.001, -0.839, 
1.340, -0.001, -0.839, 0.040, -0.001, -0.839, 0.040, -0.001, -0.839, 0.040, 0.001, -0.839, 0.040, 0.001, -0.839, 0.040, 0.001, -0.839, 
1.340, -0.001, -0.839, 0.040, -0.001, -0.839, 0.040, -0.001, -0.839, 0.040, 0.001, -0.839, 0.040, 0.001, -0.839, 0.040, 0.001, -0.839, 
1.340, -0.001, -0.839, 0.040, -0.001, -0.839, 0.040, -0.001, -0.839, 0.040, 0.001, -0.839, 0.040, 0.001, -0.839, 0.040, 0.001, -0.839, 
1.360, -0.001, -0.839, 0.040, -0.001, -0.839, 0.040, -0.001, -0.839, 0.040, 0.000, -0.839, 0.040, 0.000, -0.839, 0.040, 0.000, -0.839, 
1.360, -0.001, -0.839, 0.040, -0.001, -0.839, 0.040, -0.001, -0.839, 0.040, 0.000, -0.839, 0.040, 0.000, -0.839, 0.040, 0.000, -0.839, 
1.360, -0.001, -0.839, 0.040, -0.001, -0.839, 0.040, -0.001, -0.839, 0.040, 0.000, -0.839, 0.040, 0.000, -0.839, 0.040, 0.000, -0.839, 
1.380, 0.001, -0.839, 0.040, 0.001, -0.839, 0.040, 0.001, -0.839, 0.040, -0.001, -0.839, 0.040, -0.001, -0.839, 0.040, -0.001, -0.839, 
1.380, 0.001, -0.839, 0.040, 0.001, -0.839, 0.040, 0.001, -0.839, 0.040, -0.001, -0.839, 0.040, -0.001, -0.839, 0.040, -0.001, -0.839, 
1.380, 0.001, -0.839, 0.040, 0.001, -0.839, 0.040, 0.001, -0.839, 0.040, -0.001, -0.839, 0.040, -0.001, -0.839, 0.040, -0.001, -0.839, 
1.400, -0.001, -0.839, 0.040, -0.001, -0.839, 0.040, -0.001, -0.839, 0.040, 0.001, -0.839, 0.040, 0.001, -0.839, 0.040, 0.001, -0.839, 
1.400, -0.001, -0.839, 0.040, -0.001, -0.839, 0.040, -0.001, -0.839, 0.040, 0.001, -0.839, 0.040, 0.001, -0.839, 0.040, 0.001, -0.839, 
1.400, -0.001, -0.839, 0.040, -0.001, -0.839, 0.040, -0.001, -0.839, 0.040, 0.001, -0.839, 0.040, 0.001, -0.839, 0.040, 0.001, -0.839, 
1.420, -0.001, -0.839, 0.040, -0.001, -0.839, 0.040, -0.001, -0.839, 0.040, 0.000, -0.839, 0.040, 0.000, -0.839, 0.040, 0.000, -0.839, 
1.420, -0.001, -0.839, 0.040, -0.001, -0.839, 0.040, -0.001, -0.839, 0.040, 0.000, -0.839, 0.040, 0.000, -0.839, 0.040, 0.000, -0.839, 
1.420, -0.001, -0.839, 0.040, -0.001, -0.839, 0.040, -0.001, -0.839, 0.040, 0.000, -0.839, 0.040, 0.000, -0.839, 0.040, 0.000, -0.839, 
1.440, 0.001, -0.839, 0.040, 0.001, -0.839, 0.040, 0.001, -0.839, 0.040, -0.001, -0.839, 0.040, -0.001, -0.839, 0.040, -0.001, -0.839, 
1.440, 0.001, -0.839, 0.040, 0.001, -0.839, 0.040, 0.001, -0.839, 0.040, -0.001, -0.839, 0.040, -0.001, -0.839, 0.040, -0.001, -0.839, 
1.440, 0.001, -0.839, 0.040, 0.001, -0.839, 0.040, 0.001, -0.839, 0.040, -0.001, -0.839, 0.040, -0.001, -0.839, 0.040, -0.001, -0.839, 
1.460, -0.001, -0.839, 0.040, -0.001, -0.839, 0.040, -0.001, -0.839, 0.040, 0.001, -0.839, 0.040, 0.001, -0.839, 0.040, 0.001, -0.839, 
1.460, -0.001, -0.839, 0.040, -0.001, -0.839, 0.040, -0.001, -0.839, 0.040, 0.001, -0.839, 0.040, 0.001, -0.839, 0.040, 0.001, -0.839, 
1.460, -0.001, -0.839, 0.040, -0.001, -0.839, 0.040, -0.001, -0.839, 0.040, 0.001, -0.839, 0.040, 0.001, -0.839, 0.040, 0.001, -0.839, 
1.480, -0.001, -0.839, 0.040, -0.001, -0.839, 0.040, -0.001, -0.839, 0.040, 0.000, -0.839, 0.040, 0.000, -0.839, 0.040, 0.000, -0.839, 
1.480, -0.001, -0.839, 0.040, -0.001, -0.839, 0.040, -0.001, -0.839, 0.040, 0.000, -0.839, 0.040, 0.000, -0.839, 0.040, 0.000, -0.839, 
1.480, -0.001, -0.839, 0.040, -0.001, -0.839, 0.040, -0.001, -0.839, 0.040, 0.000, -0.839, 0.040, 0.000, -0.839, 0.040, 0.000, -0.839, 
1.500, 0.001, -0.839, 0.040, 0.001, -0.839, 0.040, 0.001, -0.839, 0.040, -0.001, -0.839, 0.040, -0.001, -0.839, 0.040, -0.001, -0.839, 
1.500, 0.001, -0.839, 0.040, 0.001, -0.839, 0.040, 0.001, -0.839, 0.040, -0.001, -0.839, 0.040, -0.001, -0.839, 0.040, -0.001, -0.839, 
1.500, 0.001, -0.839, 0.040, 0.001, -0.839, 0.040, 0.001, -0.839, 0.040, -0.001, -0.839, 0.040, -0.001, -0.839, 0.040, -0.001, -0.839, 
1.520, -0.001, -0.839, 0.040, -0.001, -0.839, 0.040, -0.001, -0.839, 0.040, 0.001, -0.839, 0.040, 0.001, -0.839, 0.040, 0.001, -0.839, 
1.520, -0.001, -0.839, 0.040, -0.001, -0.839, 0.040, -0.001, -0.839, 0.040, 0.001, -0.839, 0.040, 0.001, -0.839, 0.040, 0.001, -0.839, 
1.520, -0.001, -0.839, 0.040, -0.001, -0.839, 0.040, -0.001, -0.839, 0.040, 0.001, -0.839, 0.040, 0.001, -0.839, 0.040, 0.001, -0.839, 
1.540, -0.001, -0.839, 0.040, -0.001, -0.839, 0.040, -0.001, -0.839, 0.040, 0.000, -0.839, 0.040, 0.000, -0.839, 0.040, 0.000, -0.839, 
1.540, -0.001, -0.839, 0.040, -0.001, -0.839, 0.040, -0.001, -0.839, 0.040, 0.000, -0.839, 0.040, 0.000, -0.839, 0.040, 0.000, -0.839, 
1.540, -0.001, -0.839, 0.040, -0.001, -0.839, 0.040, -0.001, -0.839, 0.040, 0.000, -0.839, 0.040, 0.000, -0.839, 0.040, 0.000, -0.839, 
1.560, 0.001, -0.839, 0.040, 0.001, -0.839, 0.040, 0.001, -0.839, 0.040, -0.001, -0.839, 0.040, -0.001, -0.839, 0.040, -0.001, -0.839, 
1.560, 0.001, -0.839, 0.040, 0.001, -0.839, 0.040, 0.001, -0.839, 0.040, -0.001, -0.839, 0.040, -0.001, -0.839, 0.040, -0.001, -0.839, 
1.560, 0.001, -0.839, 0.040, 0.001, -0.839, 0.040, 0.001, -0.839, 0.040, -0.001, -0.839, 0.040, -0.001, -0.839, 0.040, -0.001, -0.839, 
1.580, -0.001, -0.839, 0.040, -0.001, -0.839, 0.040, -0.001, -0.839, 0.040, 0.001, -0.839, 0.040, 0.001, -0.839, 0.040, 0.001, -0.839, 
1.580, -0.001, -0.839, 0.040, -0.001, -0.839, 0.040, -0.001, -0.839, 0.040, 0.001, -0.839, 0.040, 0.001, -0.839, 0.040, 0.001, -0.839, 
1.580, -0.001, -0.839, 0.040, -0.001, -0.839, 0.040, -0.001, -0.839, 0.040, 0.001, -0.839, 0.040, 0.001, -0.839, 0.040, 0.001, -0.839, 
1.600, -0.001, -0.839, 0.040, -0.001, -0.839, 0.040, -0.001, -0.839, 0.040, 0.000, -0.839, 0.040, 0.000, -0.839, 0.040, 0.000, -0.839, 
1.600, -0.001, -0.839, 0.040, -0.001, -0.839, 0.040, -0.001, -0.839, 0.040, 0.000, -0.839, 0.040, 0.000, -0.839, 0.040, 0.000, -0.839, 
1.600, -0.001, -0.839, 0.040, -0.001, -0.839, 0.040, -0.001, -0.839, 0.040, 0.000, -0.839, 0.040, 0.000, -0.839, 0.040, 0.000, -0.839, 
1.620, 0.001, -0.839, 0.040, 0.001, -0.839, 0.040, 0.001, -0.839, 0.040, -0.001, -0.839, 0.040, -0.001, -0.839, 0.040, -0.001, -0.839, 
1.620, 0.001, -0.839, 0.040, 0.001, -0.839, 0.040, 0.001, -0.839, 0.040, -0.001, -0.839, 0.040, -0.001, -0.839, 0.040, -0.001, -0.839, 
1.620, 0.001, -0.839, 0.040, 0.001, -0.839, 0.040, 0.001, -0.839, 0.040, -0.001, -0.839, 0.040, -0.001, -0.839, 0.040, -0.001, -0.839, 
1.640, -0.001, -0.839, 0.040, -0.001, -0.839, 0.040, -0.001, -0.839, 0.040, 0.001, -0.839, 0.040, 0.001, -0.839, 0.040, 0.001, -0.839, 
1.640, -0.001, -0.839, 0.040, -0.001, -0.839, 0.040, -0.001, -0.839, 0.040, 0.001, -0.839, 0.040, 0.001, -0.839, 0.040, 0.001, -0.839, 
1.640, -0.001, -0.839, 0.040, -0.001, -0.839, 0.040, -0.001, -0.839, 0.040, 0.001, -0.839, 0.040, 0.001, -0.839, 0.040, 0.001, -0.839, 
1.660, -0.001, -0.839, 0.040, -0.001, -0.839, 0.040, -0.001, -0.839, 0.040, 0.000, -0.839, 0.040, 0.000, -0.839, 0.040, 0.000, -0.839, 
1.660, -0.001, -0.839, 0.040, -0.001, -0.839, 0.040, -0.001, -0.839, 0.040, 0.000, -0.839, 0.040, 0.000, -0.839, 0.040, 0.000, -0.839, 
1.660, -0.001, -0.839, 0.040, -0.001, -0.839, 0.040, -0.001, -0.839, 0.040, 0.000, -0.839, 0.040, 0.000, -0.839, 0.040, 0.000, -0.839, 
1.680, 0.001, -0.839, 0.040, 0.001, -0.839, 0.040, 0.001, -0.839, 0.040, -0.001, -0.839, 0.040, -0.001, -0.839, 0.040, -0.001, -0.839, 
1.680, 0.001, -0.839, 0.040, 0.001, -0.839, 0.040, 0.001, -0.839, 0.040, -0.001, -0.839, 0.040, -0.001, -0.839, 0.040, -0.001, -0.839, 
1.680, 0.001, -0.839, 0.040, 0.001, -0.839, 0.040, 0.001, -0.839, 0.040, -0.001, -0.839, 0.040, -0.001, -0.839, 0.040, -0.001, -0.839, 
1.700, -0.001, -0.839, 0.040, -0.001, -0.839, 0.040, -0.001, -0.839, 0.040, 0.001, -0.839, 0.040, 0.001, -0.839, 0.040, 0.001, -0.839, 
1.700, -0.001, -0.839, 0.040, -0.001, -0.839, 0.040, -0.001, -0.839, 0.040, 0.001, -0.839, 0.040, 0.001, -0.839, 0.040, 0.001, -0.839, 
1.700, -0.001, -0.839, 0.040, -0.001, -0.839, 0.040, -0.001, -0.839, 0.040, 0.001, -0.839, 0.040, 0.001, -0.839, 0.040, 0.001, -0.839, 
1.720, -0.001, -0.839, 0.040, -0.001, -0.839, 0.040, -0.001, -0.839, 0.040, 0.000, -0.839, 0.040, 0.000, -0.839, 0.040, 0.000, -0.839, 
1.720, -0.001, -0.839, 0.040, -0.001, -0.839, 0.040, -0.001, -0.839, 0.040, 0.000, -0.839, 0.040, 0.000, -0.839, 0.040, 0.000, -0.839, 
1.720, -0.001, -0.839, 0.040, -0.001, -0.839, 0.040, -0.001, -0.839, 0.040, 0.000, -0.839, 0.040, 0.000, -0.839, 0.040, 0.000, -0.839, 
1.740, 0.001, -0.839, 0.040, 0.001, -0.839, 0.040, 0.001, -0.839, 0.040, -0.001, -0.839, 0.040, -0.001, -0.839, 0.040, -0.001, -0.839, 
1.740, 0.001, -0.839, 0.040, 0.001, -0.839, 0.040, 0.001, -0.839, 0.040, -0.001, -0.839, 0.040, -0.001, -0.839, 0.040, -0.001, -0.839, 
1.740, 0.001, -0.839, 0.040, 0.001, -0.839, 0.040, 0.001, -0.839, 0.040, -0.001, -0.839, 0.040, -0.001, -0.839, 0.040, -0.001, -0.839, 
1.760, -0.001, -0.839, 0.040, -0.001, -0.839, 0.040, -0.001, -0.839, 0.040, 0.001, -0.839, 0.040, 0.001, -0.839, 0.040, 0.001, -0.839, 
1.760, -0.001, -0.839, 0.040, -0.001, -0.839, 0.040, -0.001, -0.839, 0.040, 0.001, -0.839, 0.040, 0.001, -0.839, 0.040, 0.001, -0.839, 
1.760, -0.001, -0.839, 0.040, -0.001, -0.839, 0.040, -0.001, -0.839, 0.040, 0.001, -0.839, 0.040, 0.001, -0.839, 0.040, 0.001, -0.839, 
1.780, -0.001, -0.839, 0.040, -0.001, -0.839, 0.040, -0.001, -0.839, 0.040, 0.000, -0.839, 0.040, 0.000, -0.839, 0.040, 0.000, -0.839, 
1.780, -0.001, -0.839, 0.040, -0.001, -0.839, 0.040, -0.001, -0.839, 0.040, 0.000, -0.839, 0.040, 0.000, -0.839, 0.040, 0.000, -0.839, 
1.780, -0.001, -0.839, 0.040, -0.001, -0.839, 0.040, -0.001, -0.839, 0.040, 0.000, -0.839, 0.040, 0.000, -0.839, 0.040, 0.000, -0.839, 
1.800, 0.001, -0.839, 0.040, 0.001, -0.839, 0.040, 0.001, -0.839, 0.040, -0.001, -0.839, 0.040, -0.001, -0.839, 0.040, -0.001, -0.839, 
1.800, 0.001, -0.839, 0.040, 0.001, -0.839, 0.040, 0.001, -0.839, 0.040, -0.001, -0.839, 0.040, -0.001, -0.839, 0.040, -0.001, -0.839, 
1.800, 0.001, -0.839, 0.040, 0.001, -0.839, 0.040, 0.001, -0.839, 0.040, -0.001, -0.839, 0.040, -0.001, -0.839, 0.040, -0.001, -0.839, 
1.820, -0.001, -0.839, 0.040, -0.001, -0.839, 0.040, -0.001, -0.839, 0.040, 0.001, -0.839, 0.040, 0.001, -0.839, 0.040, 0.001, -0.839, 
1.820, -0.001, -0.839, 0.040, -0.001, -0.839, 0.040, -0.001, -0.839, 0.040, 0.001, -0.839, 0.040, 0.001, -0.839, 0.040, 0.001, -0.839, 
1.820, -0.001, -0.839, 0.040, -0.001, -0.839, 0.040, -0.001, -0.839, 0.040, 0.001, -0.839, 0.040, 0.001, -0.839, 0.040, 0.001, -0.839, 
1.840, -0.001, -0.839, 0.040, -0.001, -0.839, 0.040, -0.001, -0.839, 0.040, 0.000, -0.839, 0.040, 0.000, -0.839, 0.040, 0.000, -0.839, 
1.840, -0.001, -0.839, 0.040, -0.001, -0.839, 0.040, -0.001, -0.839, 0.040, 0.000, -0.839, 0.040, 0.000, -0.839, 0.040, 0.000, -0.839, 
1.840, -0.001, -0.839, 0.040, -0.001, -0.839, 0.040, -0.001, -0.839, 0.040, 0.000, -0.839, 0.040, 0.000, -0.839, 0.040, 0.000, -0.839, 
1.860, 0.001, -0.839, 0.040, 0.001, -0.839, 0.040, 0.001, -0.839, 0.040, -0.001, -0.839, 0.040, -0.001, -0.839, 0.040, -0.001, -0.839, 
1.860, 0.001, -0.839, 0.040, 0.001, -0.839, 0.040, 0.001, -0.839, 0.040, -0.001, -0.839, 0.040, -0.001, -0.839, 0.040, -0.001, -0.839, 
1.860, 0.001, -0.839, 0.040, 0.001, -0.839, 0.040, 0.001, -0.839, 0.040, -0.001, -0.839, 0.040, -0.001, -0.839, 0.040, -0.001, -0.839, 
1.880, -0.001, -0.839, 0.040, -0.001, -0.839, 0.040, -0.001, -0.839, 0.040, 0.001, -0.839, 0.040, 0.001, -0.839, 0.040, 0.001, -0.839, 
1.880, -0.001, -0.839, 0.040, -0.001, -0.839, 0.040, -0.001, -0.839, 0.040, 0.001, -0.839, 0.040, 0.001, -0.839, 0.040, 0.001, -0.839, 
1.880, -0.001, -0.839, 0.040, -0.001, -0.839, 0.040, -0.001, -0.839, 0.040, 0.001, -0.839, 0.040, 0.001, -0.839, 0.040, 0.001, -0.839, 
1.900, -0.001, -0.839, 0.040, -0.001, -0.839, 0.040, -0.001, -0.839, 0.040, 0.000, -0.839, 0.040, 0.000, -0.839, 0.040, 0.000, -0.839, 
1.900, -0.001, -0.839, 0.040, -0.001, -0.839, 0.040, -0.001, -0.839, 0.040, 0.000, -0.839, 0.040, 0.000, -0.839, 0.040, 0.000, -0.839, 
1.900, -0.001, -0.839, 0.040, -0.001, -0.839, 0.040, -0.001, -0.839, 0.040, 0.000, -0.839, 0.040, 0.000, -0.839, 0.040, 0.000, -0.839, 
1.920, 0.001, -0.839, 0.040, 0.001, -0.839, 0.040, 0.001, -0.839, 0.040, -0.001, -0.839, 0.040, -0.001, -0.839, 0.040, -0.001, -0.839, 
1.920, 0.001, -0.839, 0.040, 0.001, -0.839, 0.040, 0.001, -0.839, 0.040, -0.001, -0.839, 0.040, -0.001, -0.839, 0.040, -0.001, -0.839, 
1.920, 0.001, -0.839, 0.040, 0.001, -0.839, 0.040, 0.001, -0.839, 0.040, -0.001, -0.839, 0.040, -0.001, -0.839, 0.040, -0.001, -0.839, 
1.940, -0.001, -0.839, 0.040, -0.001, -0.839, 0.040, -0.001, -0.839, 0.040, 0.001, -0.839, 0.040, 0.001, -0.839, 0.040, 0.001, -0.839, 
1.940, -0.001, -0.839, 0.040, -0.001, -0.839, 0.040, -0.001, -0.839, 0.040, 0.001, -0.839, 0.040, 0.001, -0.839, 0.040, 0.001, -0.839, 
1.940, -0.001, -0.839, 0.040, -0.001, -0.839, 0.040, -0.001, -0.839, 0.040, 0.001, -0.839, 0.040, 0.001, -0.839, 0.040, 0.001, -0.839, 
1.960, -0.001, -0.839, 0.040, -0.001, -0.839, 0.040, -0.001, -0.839, 0.040, 0.000, -0.839, 0.040, 0.000, -0.839, 0.040, 0.000, -0.839, 
1.960, -0.001, -0.839, 0.040, -0.001, -0.839, 0.040, -0.001, -0.839, 0.040, 0.000, -0.839, 0.040, 0.000, -0.839, 0.040, 0.000, -0.839, 
1.960, -0.001, -0.839, 0.040, -0.001, -0.839, 0.040, -0.001, -0.839, 0.040, 0.000, -0.839, 0.040, 0.000, -0.839, 0.040, 0.000, -0.839, 
1.980, 0.001, -0.839, 0.040, 0.001, -0.839, 0.040, 0.001, -0.839, 0.040, -0.001, -0.839, 0.040, -0.001, -0.839, 0.040, -0.001, -0.839, 
1.980, 0.001, -0.839, 0.040, 0.001, -0.839, 0.040, 0.001, -0.839, 0.040, -0.001, -0.839, 0.040, -0.001, -0.839, 0.040, -0.001, -0.839, 
1.980, 0.001, -0.839, 0.040, 0.001, -0.839, 0.040, 0.001, -0.839, 0.040, -0.001, -0.839, 0.040, -0.001, -0.839, 0.040, -0.001, -0.839, 
2.000, -0.001, -0.839, 0.040, -0.001, -0.839, 0.040, -0.001, -0.839, 0.040, 0.001, -0.839, 0.040, 0.001, -0.839, 0.040, 0.001, -0.839, 
2.000, -0.001, -0.839, 0.040, -0.001, -0.839, 0.040, -0.001, -0.839, 0.040, 0.001, -0.839, 0.040, 0.001, -0.839, 0.040, 0.001, -0.839, 
2.000, -0.001, -0.839, 0.040, -0.001, -0.839, 0.040, -0.001, -0.839, 0.040, 0.001, -0.839, 0.040, 0.001, -0.839, 0.040, 0.001, -0.839, 
2.020, -0.001, -0.839, 0.040, -0.001, -0.839, 0.040, -0.001, -0.839, 0.040, 0.000, -0.839, 0.040, 0.000, -0.839, 0.040, 0.000, -0.839, 
2.020, -0.001, -0.839, 0.040, -0.001, -0.839, 0.040, -0.001, -0.839, 0.040, 0.000, -0.839, 0.040, 0.000, -0.839, 0.040, 0.000, -0.839, 
2.020, -0.001, -0.839, 0.040, -0.001, -0.839, 0.040, -0.001, -0.839, 0.040, 0.000, -0.839, 0.040, 0.000, -0.839, 0.040, 0.000, -0.839, 
2.040, 0.001, -0.839, 0.040, 0.001, -0.839, 0.040, 0.001, -0.839, 0.040, -0.001, -0.839, 0.040, -0.001, -0.839, 0.040, -0.001, -0.839, 
2.040, 0.001, -0.839, 0.040, 0.001, -0.839, 0.040, 0.001, -0.839, 0.040, -0.001, -0.839, 0.040, -0.001, -0.839, 0.040, -0.001, -0.839, 
2.040, 0.001, -0.839, 0.040, 0.001, -0.839, 0.040, 0.001, -0.839, 0.040, -0.001, -0.839, 0.040, -0.001, -0.839, 0.040, -0.001, -0.839, 
2.060, -0.001, -0.839, 0.040, -0.001, -0.839, 0.040, -0.001, -0.839, 0.040, 0.001, -0.839, 0.040, 0.001, -0.839, 0.040, 0.001, -0.839, 
2.060, -0.001, -0.839, 0.040, -0.001, -0.839, 0.040, -0.001, -0.839, 0.040, 0.001, -0.839, 0.040, 0.001, -0.839, 0.040, 0.001, -0.839, 
2.060, -0.001, -0.839, 0.040, -0.001, -0.839, 0.040, -0.001, -0.839, 0.040, 0.001, -0.839, 0.040, 0.001, -0.839, 0.040, 0.001, -0.839, 
2.080, -0.001, -0.839, 0.040, -0.001, -0.839, 0.040, -0.001, -0.839, 0.040, 0.000, -0.839, 0.040, 0.000, -0.839, 0.040, 0.000, -0.839, 
2.080, -0.001, -0.839, 0.040, -0.001, -0.839, 0.040, -0.001, -0.839, 0.040, 0.000, -0.839, 0.040, 0.000, -0.839, 0.040, 0.000, -0.839, 
2.080, -0.001, -0.839, 0.040, -0.001, -0.839, 0.040, -0.001, -0.839, 0.040, 0.000, -0.839, 0.040, 0.000, -0.839, 0.040, 0.000, -0.839, 
2.100, 0.001, -0.839, 0.040, 0.001, -0.839, 0.040, 0.001, -0.839, 0.040, -0.001, -0.839, 0.040, -0.001, -0.839, 0.040, -0.001, -0.839, 
2.100, 0.001, -0.839, 0.040, 0.001, -0.839, 0.040, 0.001, -0.839, 0.040, -0.001, -0.839, 0.040, -0.001, -0.839, 0.040, -0.001, -0.839, 
2.100, 0.001, -0.839, 0.040, 0.001, -0.839, 0.040, 0.001, -0.839, 0.040, -0.001, -0.839, 0.040, -0.001, -0.839, 0.040, -0.001, -0.839, 
2.120, -0.001, -0.839, 0.040, -0.001, -0.839, 0.040, -0.001, -0.839, 0.040, 0.001, -0.839, 0.040, 0.001, -0.839, 0.040, 0.001, -0.839, 
2.120, -0.001, -0.839, 0.040, -0.001, -0.839, 0.040, -0.001, -0.839, 0.040, 0.001, -0.839, 0.040, 0.001, -0.839, 0.040, 0.001, -0.839, 
2.120, -0.001, -0.839, 0.040, -0.001, -0.839, 0.040, -0.001, -0.839, 0.040, 0.001, -0.839, 0.040, 0.001, -0.839, 0.040, 0.001, -0.839, 
2.140, -0.001, -0.839, 0.040, -0.001, -0.839, 0.040, -0.001, -0.839, 0.040, 0.000, -0.839, 0.040, 0.000, -0.839, 0.040, 0.000, -0.839, 
2.140, -0.001, -0.839, 0.040, -0.001, -0.839, 0.040, -0.001, -0.839, 0.040, 0.000, -0.839, 0.040, 0.000, -0.839, 0.040, 0.000, -0.839, 
2.140, -0.001, -0.839, 0.040, -0.001, -0.839, 0.040, -0.001, -0.839, 0.040, 0.000, -0.839, 0.040, 0.000, -0.839, 0.040, 0.000, -0.839, 
2.160, 0.001, -0.839, 0.040, 0.001, -0.839, 0.040, 0.001, -0.839, 0.040, -0.001, -0.839, 0.040, -0.001, -0.839, 0.040, -0.001, -0.839, 
2.160, 0.001, -0.839, 0.040, 0.001, -0.839, 0.040, 0.001, -0.839, 0.040, -0.001, -0.839, 0.040, -0.001, -0.839, 0.040, -0.001, -0.839, 
2.160, 0.001, -0.839, 0.040, 0.001, -0.839, 0.040, 0.001, -0.839, 0.040, -0.001, -0.839, 0.040, -0.001, -0.839, 0.040, -0.001, -0.839, 
2.180, -0.001, -0.839, 0.040, -0.001, -0.839, 0.040, -0.001, -0.839, 0.040, 0.001, -0.839, 0.040, 0.001, -0.839, 0.040, 0.001, -0.839, 
2.180, -0.001, -0.839, 0.040, -0.001, -0.839, 0.040, -0.001, -0.839, 0.040, 0.001, -0.839, 0.040, 0.001, -0.839, 0.040, 0.001, -0.839, 
2.180, -0.001, -0.839, 0.040, -0.001, -0.839, 0.040, -0.001, -0.839, 0.040, 0.001, -0.839, 0.040, 0.001, -0.839, 0.040, 0.001, -0.839, 
2.200, -0.001, -0.839, 0.040, -0.001, -0.839, 0.040, -0.001, -0.839, 0.040, 0.000, -0.839, 0.040, 0.000, -0.839, 0.040, 0.000, -0.839, 
2.200, -0.001, -0.839, 0.040, -0.001, -0.839, 0.040, -0.001, -0.839, 0.040, 0.000, -0.839, 0.040, 0.000, -0.839, 0.040, 0.000, -0.839, 
2.200, -0.001, -0.839, 0.040, -0.001, -0.839, 0.040, -0.001, -0.839, 0.040, 0.000, -0.839, 0.040, 0.000, -0.839, 0.040, 0.000, -0.839, 
2.220, 0.001, -0.839, 0.040, 0.001, -0.839, 0.040, 0.001, -0.839, 0.040, -0.001, -0.839, 0.040, -0.001, -0.839, 0.040, -0.001, -0.839, 
2.220, 0.001, -0.839, 0.040, 0.001, -0.839, 0.040, 0.001, -0.839, 0.040, -0.001, -0.839, 0.040, -0.001, -0.839, 0.040, -0.001, -0.839, 
2.220, 0.001, -0.839, 0.040, 0.001, -0.839, 0.040, 0.001, -0.839, 0.040, -0.001, -0.839, 0.040, -0.001, -0.839, 0.040, -0.001, -0.839, 
2.240, -0.001, -0.839, 0.040, -0.001, -0.839, 0.040, -0.001, -0.839, 0.040, 0.001, -0.839, 0.040, 0.001, -0.839, 0.040, 0.001, -0.839, 
2.240, -0.001, -0.839, 0.040, -0.001, -0.839, 0.040, -0.001, -0.839, 0.040, 0.001, -0.839, 0.040, 0.001, -0.839, 0.040, 0.001, -0.839, 
2.240, -0.001, -0.839, 0.040, -0.001, -0.839, 0.040, -0.001, -0.839, 0.040, 0.001, -0.839, 0.040, 0.001, -0.839, 0.040, 0.001, -0.839, 
2.260, -0.001, -0.839, 0.040, -0.001, -0.839, 0.040, -0.001, -0.839, 0.040, 0.000, -0.839, 0.040, 0.000, -0.839, 0.040, 0.000, -0.839, 
2.260, -0.001, -0.839, 0.040, -0.001, -0.839, 0.040, -0.001, -0.839, 0.040, 0.000, -0.839, 0.040, 0.000, -0.839, 0.040, 0.000, -0.839, 
2.260, -0.001, -0.839, 0.040, -0.001, -0.839, 0.040, -0.001, -0.839, 0.040, 0.000, -0.839, 0.040, 0.000, -0.839, 0.040, 0.000, -0.839, 
2.280, 0.001, -0.839, 0.040, 0.001, -0.839, 0.040, 0.001, -0.839, 0.040, -0.001, -0.839, 0.040, -0.001, -0.839, 0.040, -0.001, -0.839, 
2.280, 0.001, -0.839, 0.040, 0.001, -0.839, 0.040, 0.001, -0.839, 0.040, -0.001, -0.839, 0.040, -0.001, -0.839, 0.040, -0.001, -0.839, 
2.280, 0.001, -0.839, 0.040, 0.001, -0.839, 0.040, 0.001, -0.839, 0.040, -0.001, -0.839, 0.040, -0.001, -0.839, 0.040, -0.001, -0.839, 
2.300, -0.001, -0.839, 0.040, -0.001, -0.839, 0.040, -0.001, -0.839, 0.040, 0.001, -0.839, 0.040, 0.001, -0.839, 0.040, 0.001, -0.839, 
2.300, -0.001, -0.839, 0.040, -0.001, -0.839, 0.040, -0.001, -0.839, 0.040, 0.001, -0.839, 0.040, 0.001, -0.839, 0.040, 0.001, -0.839, 
2.300, -0.001, -0.839, 0.040, -0.001, -0.839, 0.040, -0.001, -0.839, 0.040, 0.001, -0.839, 0.040, 0.001, -0.839, 0.040, 0.001, -0.839, 
2.320, -0.001, -0.839, 0.040, -0.001, -0.839, 0.040, -0.001, -0.839, 0.040, 0.000, -0.839, 0.040, 0.000, -0.839, 0.040, 0.000, -0.839, 
2.320, -0.001, -0.839, 0.040, -0.001, -0.839, 0.040, -0.001, -0.839, 0.040, 0.000, -0.839, 0.040, 0.000, -0.839, 0.040, 0.000, -0.839, 
2.320, -0.001, -0.839, 0.040, -0.001, -0.839, 0.040, -0.001, -0.839, 0.040, 0.000, -0.839, 0.040, 0.000, -0.839, 0.040, 0.000, -0.839, 
2.340, 0.001, -0.839, 0.040, 0.001, -0.839, 0.040, 0.001, -0.839, 0.040, -0.001, -0.839, 0.040, -0.001, -0.839, 0.040, -0.001, -0.839, 
2.340, 0.001, -0.839, 0.040, 0.001, -0.839, 0.040, 0.001, -0.839, 0.040, -0.001, -0.839, 0.040, -0.001, -0.839, 0.040, -0.001, -0.839, 
2.340, 0.001, -0.839, 0.040, 0.001, -0.839, 0.040, 0.001, -0.839, 0.040, -0.001, -0.839, 0.040, -0.001, -0.839, 0.040, -0.001, -0.839, 
2.360, -0.001, -0.839, 0.040, -0.001, -0.839, 0.040, -0.001, -0.839, 0.040, 0.001, -0.839, 0.040, 0.001, -0.839, 0.040, 0.001, -0.839, 
2.360, -0.001, -0.839, 0.040, -0.001, -0.839, 0.040, -0.001, -0.839, 0.040, 0.001, -0.839, 0.040, 0.001, -0.839, 0.040, 0.001, -0.839, 
2.360, -0.001, -0.839, 0.040, -0.001, -0.839, 0.040, -0.001, -0.839, 0.040, 0.001, -0.839, 0.040, 0.001, -0.839, 0.040, 0.001, -0.839, 
2.380, -0.001, -0.839, 0.040, -0.001, -0.839, 0.040, -0.001, -0.839, 0.040, 0.000, -0.839, 0.040, 0.000, -0.839, 0.040, 0.000, -0.839, 
2.380, -0.001, -0.839, 0.040, -0.001, -0.839, 0.040, -0.001, -0.839, 0.040, 0.000, -0.839, 0.040, 0.000, -0.839, 0.040, 0.000, -0.839, 
2.380, -0.001, -0.839, 0.040, -0.001, -0.839, 0.040, -0.001, -0.839, 0.040, 0.000, -0.839, 0.040, 0.000, -0.839, 0.040, 0.000, -0.839, 
2.400, 0.001, -0.839, 0.040, 0.001, -0.839, 0.040, 0.001, -0.839, 0.040, -0.001, -0.839, 0.040, -0.001, -0.839, 0.040, -0.001, -0.839, 
2.400, 0.001, -0.839, 0.040, 0.001, -0.839, 0.040, 0.001, -0.839, 0.040, -0.001, -0.839, 0.040, -0.001, -0.839, 0.040, -0.001, -0.839, 
2.400, 0.001, -0.839, 0.040, 0.001, -0.839, 0.040, 0.001, -0.839, 0.040, -0.001, -0.839, 0.040, -0.001, -0.839, 0.040, -0.001, -0.839, 
2.420, -0.001, -0.839, 0.040, -0.001, -0.839, 0.040, -0.001, -0.839, 0.040, 0.001, -0.839, 0.040, 0.001, -0.839, 0.040, 0.001, -0.839, 
2.420, -0.001, -0.839, 0.040, -0.001, -0.839, 0.040, -0.001, -0.839, 0.040, 0.001, -0.839, 0.040, 0.001, -0.839, 0.040, 0.001, -0.839, 
2.420, -0.001, -0.839, 0.040, -0.001, -0.839, 0.040, -0.001, -0.839, 0.040, 0.001, -0.839, 0.040, 0.001, -0.839, 0.040, 0.001, -0.839, 
2.440, -0.001, -0.839, 0.040, -0.001, -0.839, 0.040, -0.001, -0.839, 0.040, 0.000, -0.839, 0.040, 0.000, -0.839, 0.040, 0.000, -0.839, 
2.440, -0.001, -0.839, 0.040, -0.001, -0.839, 0.040, -0.001, -0.839, 0.040, 0.000, -0.839, 0.040, 0.000, -0.839, 0.040, 0.000, -0.839, 
2.440, -0.001, -0.839, 0.040, -0.001, -0.839, 0.040, -0.001, -0.839, 0.040, 0.000, -0.839, 0.040, 0.000, -0.839, 0.040, 0.000, -0.839, 
2.460, 0.001, -0.839, 0.040, 0.001, -0.839, 0.040, 0.001, -0.839, 0.040, -0.001, -0.839, 0.040, -0.001, -0.839, 0.040, -0.001, -0.839, 
2.460, 0.001, -0.839, 0.040, 0.001, -0.839, 0.040, 0.001, -0.839, 0.040, -0.001, -0.839, 0.040, -0.001, -0.839, 0.040, -0.001, -0.839, 
2.460, 0.001, -0.839, 0.040, 0.001, -0.839, 0.040, 0.001, -0.839, 0.040, -0.001, -0.839, 0.040, -0.001, -0.839, 0.040, -0.001, -0.839, 
2.480, -0.001, -0.839, 0.040, -0.001, -0.839, 0.040, -0.001, -0.839, 0.040, 0.001, -0.839, 0.040, 0.001, -0.839, 0.040, 0.001, -0.839, 
2.480, -0.001, -0.839, 0.040, -0.001, -0.839, 0.040, -0.001, -0.839, 0.040, 0.001, -0.839, 0.040, 0.001, -0.839, 0.040, 0.001, -0.839, 
2.480, -0.001, -0.839, 0.040, -0.001, -0.839, 0.040, -0.001, -0.839, 0.040, 0.001, -0.839, 0.040, 0.001, -0.839, 0.040, 0.001, -0.839, 
2.500, -0.001, -0.839, 0.040, -0.001, -0.839, 0.040, -0.001, -0.839, 0.040, 0.000, -0.839, 0.040, 0.000, -0.839, 0.040, 0.000, -0.839, 
2.500, -0.001, -0.839, 0.040, -0.001, -0.839, 0.040, -0.001, -0.839, 0.040, 0.000, -0.839, 0.040, 0.000, -0.839, 0.040, 0.000, -0.839, 
2.500, -0.001, -0.839, 0.040, -0.001, -0.839, 0.040, -0.001, -0.839, 0.040, 0.000, -0.839, 0.040, 0.000, -0.839, 0.040, 0.000, -0.839, 
2.520, 0.001, -0.839, 0.040, 0.001, -0.839, 0.040, 0.001, -0.839, 0.040, -0.001, -0.839, 0.040, -0.001, -0.839, 0.040, -0.001, -0.839, 
2.520, 0.001, -0.839, 0.040, 0.001, -0.839, 0.040, 0.001, -0.839, 0.040, -0.001, -0.839, 0.040, -0.001, -0.839, 0.040, -0.001, -0.839, 
2.520, 0.001, -0.839, 0.040, 0.001, -0.839, 0.040, 0.001, -0.839, 0.040, -0.001, -0.839, 0.040, -0.001, -0.839, 0.040, -0.001, -0.839, 
2.540, -0.001, -0.839, 0.040, -0.001, -0.839, 0.040, -0.001, -0.839, 0.040, 0.001, -0.839, 0.040, 0.001, -0.839, 0.040, 0.001, -0.839, 
2.540, -0.001, -0.839, 0.040, -0.001, -0.839, 0.040, -0.001, -0.839, 0.040, 0.001, -0.839, 0.040, 0.001, -0.839, 0.040, 0.001, -0.839, 
2.540, -0.001, -0.839, 0.040, -0.001, -0.839, 0.040, -0.001, -0.839, 0.040, 0.001, -0.839, 0.040, 0.001, -0.839, 0.040, 0.001, -0.839, 
2.560, -0.001, -0.839, 0.040, -0.001, -0.839, 0.040, -0.001, -0.839, 0.040, 0.000, -0.839, 0.040, 0.000, -0.839, 0.040, 0.000, -0.839, 
2.560, -0.001, -0.839, 0.040, -0.001, -0.839, 0.040, -0.001, -0.839, 0.040, 0.000, -0.839, 0.040, 0.000, -0.839, 0.040, 0.000, -0.839, 
2.560, -0.001, -0.839, 0.040, -0.001, -0.839, 0.040, -0.001, -0.839, 0.040, 0.000, -0.839, 0.040, 0.000, -0.839, 0.040, 0.000, -0.839, 
2.580, 0.001, -0.839, 0.040, 0.001, -0.839, 0.040, 0.001, -0.839, 0.040, -0.001, -0.839, 0.040, -0.001, -0.839, 0.040, -0.001, -0.839, 
2.580, 0.001, -0.839, 0.040, 0.001, -0.839, 0.040, 0.001, -0.839, 0.040, -0.001, -0.839, 0.040, -0.001, -0.839, 0.040, -0.001, -0.839, 
2.580, 0.001, -0.839, 0.040, 0.001, -0.839, 0.040, 0.001, -0.839, 0.040, -0.001, -0.839, 0.040, -0.001, -0.839, 0.040, -0.001, -0.839, 
2.600, -0.001, -0.839, 0.040, -0.001, -0.839, 0.040, -0.001, -0.839, 0.040, 0.001, -0.839, 0.040, 0.001, -0.839, 0.040, 0.001, -0.839, 
2.600, -0.001, -0.839, 0.040, -0.001, -0.839, 0.040, -0.001, -0.839, 0.040, 0.001, -0.839, 0.040, 0.001, -0.839, 0.040, 0.001, -0.839, 
2.600, -0.001, -0.839, 0.040, -0.001, -0.839, 0.040, -0.001, -0.839, 0.040, 0.001, -0.839, 0.040, 0.001, -0.839, 0.040, 0.001, -0.839, 
2.620, -0.001, -0.839, 0.040, -0.001, -0.839, 0.040, -0.001, -0.839, 0.040, 0.000, -0.839, 0.040, 0.000, -0.839, 0.040, 0.000, -0.839, 
2.620, -0.001, -0.839, 0.040, -0.001, -0.839, 0.040, -0.001, -0.839, 0.040, 0.000, -0.839, 0.040, 0.000, -0.839, 0.040, 0.000, -0.839, 
2.620, -0.001, -0.839, 0.040, -0.001, -0.839, 0.040, -0.001, -0.839, 0.040, 0.000, -0.839, 0.040, 0.000, -0.839, 0.040, 0.000, -0.839, 
2.640, 0.001, -0.839, 0.040, 0.001, -0.839, 0.040, 0.001, -0.839, 0.040, -0.001, -0.839, 0.040, -0.001, -0.839, 0.040, -0.001, -0.839, 
2.640, 0.001, -0.839, 0.040, 0.001, -0.839, 0.040, 0.001, -0.839, 0.040, -0.001, -0.839, 0.040, -0.001, -0.839, 0.040, -0.001, -0.839, 
2.640, 0.001, -0.839, 0.040, 0.001, -0.839, 0.040, 0.001, -0.839, 0.040, -0.001, -0.839, 0.040, -0.001, -0.839, 0.040, -0.001, -0.839, 
2.660, -0.001, -0.839, 0.040, -0.001, -0.839, 0.040, -0.001, -0.839, 0.040, 0.001, -0.839, 0.040, 0.001, -0.839, 0.040, 0.001, -0.839, 
2.660, -0.001, -0.839, 0.040, -0.001, -0.839, 0.040, -0.001, -0.839, 0.040, 0.001, -0.839, 0.040, 0.001, -0.839, 0.040, 0.001, -0.839, 
2.660, -0.001, -0.839, 0.040, -0.001, -0.839, 0.040, -0.001, -0.839, 0.040, 0.001, -0.839, 0.040, 0.001, -0.839, 0.040, 0.001, -0.839, 
2.680, -0.001, -0.839, 0.040, -0.001, -0.839, 0.040, -0.001, -0.839, 0.040, 0.000, -0.839, 0.040, 0.000, -0.839, 0.040, 0.000, -0.839, 
2.680, -0.001, -0.839, 0.040, -0.001, -0.839, 0.040, -0.001, -0.839, 0.040, 0.000, -0.839, 0.040, 0.000, -0.839, 0.040, 0.000, -0.839, 
2.680, -0.001, -0.839, 0.040, -0.001, -0.839, 0.040, -0.001, -0.839, 0.040, 0.000, -0.839, 0.040, 0.000, -0.839, 0.040, 0.000, -0.839, 
2.700, 0.001, -0.839, 0.040, 0.001, -0.839, 0.040, 0.001, -0.839, 0.040, -0.001, -0.839, 0.040, -0.001, -0.839, 0.040, -0.001, -0.839, 
2.700, 0.001, -0.839, 0.040, 0.001, -0.839, 0.040, 0.001, -0.839, 0.040, -0.001, -0.839, 0.040, -0.001, -0.839, 0.040, -0.001, -0.839, 
2.700, 0.001, -0.839, 0.040, 0.001, -0.839, 0.040, 0.001, -0.839, 0.040, -0.001, -0.839, 0.040, -0.001, -0.839, 0.040, -0.001, -0.839, 
2.720, -0.001, -0.839, 0.040, -0.001, -0.839, 0.040, -0.001, -0.839, 0.040, 0.001, -0.839, 0.040, 0.001, -0.839, 0.040, 0.001, -0.839, 
2.720, -0.001, -0.839, 0.040, -0.001, -0.839, 0.040, -0.001, -0.839, 0.040, 0.001, -0.839, 0.040, 0.001, -0.839, 0.040, 0.001, -0.839, 
2.720, -0.001, -0.839, 0.040, -0.001, -0.839, 0.040, -0.001, -0.839, 0.040, 0.001, -0.839, 0.040, 0.001, -0.839, 0.040, 0.001, -0.839, 
2.740, -0.001, -0.839, 0.040, -0.001, -0.839, 0.040, -0.001, -0.839, 0.040, 0.000, -0.839, 0.040, 0.000, -0.839, 0.040, 0.000, -0.839, 
2.740, -0.001, -0.839, 0.040, -0.001, -0.839, 0.040, -0.001, -0.839, 0.040, 0.000, -0.839, 0.040, 0.000, -0.839, 0.040, 0.000, -0.839, 
2.740, -0.001, -0.839, 0.040, -0.001, -0.839, 0.040, -0.001, -0.839, 0.040, 0.000, -0.839, 0.040, 0.000, -0.839, 0.040, 0.000, -0.839, 
2.760, 0.001, -0.839, 0.040, 0.001, -0.839, 0.040, 0.001, -0.839, 0.040, -0.001, -0.839, 0.040, -0.001, -0.839, 0.040, -0.001, -0.839, 
2.760, 0.001, -0.839, 0.040, 0.001, -0.839, 0.040, 0.001, -0.839, 0.040, -0.001, -0.839, 0.040, -0.001, -0.839, 0.040, -0.001, -0.839, 
2.760, 0.001, -0.839, 0.040, 0.001, -0.839, 0.040, 0.001, -0.839, 0.040, -0.001, -0.839, 0.040, -0.001, -0.839, 0.040, -0.001, -0.839, 
2.780, -0.001, -0.839, 0.040, -0.001, -0.839, 0.040, -0.001, -0.839, 0.040, 0.001, -0.839, 0.040, 0.001, -0.839, 0.040, 0.001, -0.839, 
2.780, -0.001, -0.839, 0.040, -0.001, -0.839, 0.040, -0.001, -0.839, 0.040, 0.001, -0.839, 0.040, 0.001, -0.839, 0.040, 0.001, -0.839, 
2.780, -0.001, -0.839, 0.040, -0.001, -0.839, 0.040, -0.001, -0.839, 0.040, 0.001, -0.839, 0.040, 0.001, -0.839, 0.040, 0.001, -0.839, 
2.800, -0.001, -0.839, 0.040, -0.001, -0.839, 0.040, -0.001, -0.839, 0.040, 0.000, -0.839, 0.040, 0.000, -0.839, 0.040, 0.000, -0.839, 
2.800, -0.001, -0.839, 0.040, -0.001, -0.839, 0.040, -0.001, -0.839, 0.040, 0.000, -0.839, 0.040, 0.000, -0.839, 0.040, 0.000, -0.839, 
2.800, -0.001, -0.839, 0.040, -0.001, -0.839, 0.040, -0.001, -0.839, 0.040, 0.000, -0.839, 0.040, 0.000, -0.839, 0.040, 0.000, -0.839, 
2.820, 0.001, -0.839, 0.040, 0.001, -0.839, 0.040, 0.001, -0.839, 0.040, -0.001, -0.839, 0.040, -0.001, -0.839, 0.040, -0.001, -0.839, 
2.820, 0.001, -0.839, 0.040, 0.001, -0.839, 0.040, 0.001, -0.839, 0.040, -0.001, -0.839, 0.040, -0.001, -0.839, 0.040, -0.001, -0.839, 
2.820, 0.001, -0.839, 0.040, 0.001, -0.839, 0.040, 0.001, -0.839, 0.040, -0.001, -0.839, 0.040, -0.001, -0.839, 0.040, -0.001, -0.839, 
2.840, -0.001, -0.839, 0.040, -0.001, -0.839, 0.040, -0.001, -0.839, 0.040, 0.001, -0.839, 0.040, 0.001, -0.839, 0.040, 0.001, -0.839, 
2.840, -0.001, -0.839, 0.040, -0.001, -0.839, 0.040, -0.001, -0.839, 0.040, 0.001, -0.839, 0.040, 0.001, -0.839, 0.040, 0.001, -0.839, 
2.840, -0.001, -0.839, 0.040, -0.001, -0.839, 0.040, -0.001, -0.839, 0.040, 0.001, -0.839, 0.040, 0.001, -0.839, 0.040, 0.001, -0.839, 
2.860, -0.001, -0.839, 0.040, -0.001, -0.839, 0.040, -0.001, -0.839, 0.040, 0.000, -0.839, 0.040, 0.000, -0.839, 0.040, 0.000, -0.839, 
2.860, -0.001, -0.839, 0.040, -0.001, -0.839, 0.040, -0.001, -0.839, 0.040, 0.000, -0.839, 0.040, 0.000, -0.839, 0.040, 0.000, -0.839, 
2.860, -0.001, -0.839, 0.040, -0.001, -0.839, 0.040, -0.001, -0.839, 0.040, 0.000, -0.839, 0.040, 0.000, -0.839, 0.040, 0.000, -0.839, 
2.880, 0.001, -0.839, 0.040, 0.001, -0.839, 0.040, 0.001, -0.839, 0.040, -0.001, -0.839, 0.040, -0.001, -0.839, 0.040, -0.001, -0.839, 
2.880, 0.001, -0.839, 0.040, 0.001, -0.839, 0.040, 0.001, -0.839, 0.040, -0.001, -0.839, 0.040, -0.001, -0.839, 0.040, -0.001, -0.839, 
2.880, 0.001, -0.839, 0.040, 0.001, -0.839, 0.040, 0.001, -0.839, 0.040, -0.001, -0.839, 0.040, -0.001, -0.839, 0.040, -0.001, -0.839, 
2.900, -0.001, -0.839, 0.040, -0.001, -0.839, 0.040, -0.001, -0.839, 0.040, 0.001, -0.839, 0.040, 0.001, -0.839, 0.040, 0.001, -0.839, 
2.900, -0.001, -0.839, 0.040, -0.001, -0.839, 0.040, -0.001, -0.839, 0.040, 0.001, -0.839, 0.040, 0.001, -0.839, 0.040, 0.001, -0.839, 
2.900, -0.001, -0.839, 0.040, -0.001, -0.839, 0.040, -0.001, -0.839, 0.040, 0.001, -0.839, 0.040, 0.001, -0.839, 0.040, 0.001, -0.839, 
2.920, -0.001, -0.839, 0.040, -0.001, -0.839, 0.040, -0.001, -0.839, 0.040, 0.000, -0.839, 0.040, 0.000, -0.839, 0.040, 0.000, -0.839, 
2.920, -0.001, -0.839, 0.040, -0.001, -0.839, 0.040, -0.001, -0.839, 0.040, 0.000, -0.839, 0.040, 0.000, -0.839, 0.040, 0.000, -0.839, 
2.920, -0.001, -0.839, 0.040, -0.001, -0.839, 0.040, -0.001, -0.839, 0.040, 0.000, -0.839, 0.040, 0.000, -0.839, 0.040, 0.000, -0.839, 
2.940, 0.001, -0.839, 0.040, 0.001, -0.839, 0.040, 0.001, -0.839, 0.040, -0.001, -0.839, 0.040, -0.001, -0.839, 0.040, -0.001, -0.839, 
2.940, 0.001, -0.839, 0.040, 0.001, -0.839, 0.040, 0.001, -0.839, 0.040, -0.001, -0.839, 0.040, -0.001, -0.839, 0.040, -0.001, -0.839, 
2.940, 0.001, -0.839, 0.040, 0.001, -0.839, 0.040, 0.001, -0.839, 0.040, -0.001, -0.839, 0.040, -0.001, -0.839, 0.040, -0.001, -0.839, 
2.960, -0.001, -0.839, 0.040, -0.001, -0.839, 0.040, -0.001, -0.839, 0.040, 0.001, -0.839, 0.040, 0.001, -0.839, 0.040, 0.001, -0.839, 
2.960, -0.001, -0.839, 0.040, -0.001, -0.839, 0.040, -0.001, -0.839, 0.040, 0.001, -0.839, 0.040, 0.001, -0.839, 0.040, 0.001, -0.839, 
2.960, -0.001, -0.839, 0.040, -0.001, -0.839, 0.040, -0.001, -0.839, 0.040, 0.001, -0.839, 0.040, 0.001, -0.839, 0.040, 0.001, -0.839, 
2.980, -0.001, -0.839, 0.040, -0.001, -0.839, 0.040, -0.001, -0.839, 0.040, 0.000, -0.839, 0.040, 0.000, -0.839, 0.040, 0.000, -0.839, 
2.980, -0.001, -0.839, 0.040, -0.001, -0.839, 0.040, -0.001, -0.839, 0.040, 0.000, -0.839, 0.040, 0.000, -0.839, 0.040, 0.000, -0.839, 
2.980, -0.001, -0.839, 0.040, -0.001, -0.839, 0.040, -0.001, -0.839, 0.040, 0.000, -0.839, 0.040, 0.000, -0.839, 0.040, 0.000, -0.839, 
3.000, 0.001, -0.839, 0.040, 0.001, -0.839, 0.040, 0.001, -0.839, 0.040, -0.001, -0.839, 0.040, -0.001, -0.839, 0.040, -0.001, -0.839, 
3.000, 0.001, -0.839, 0.040, 0.001, -0.839, 0.040, 0.001, -0.839, 0.040, -0.001, -0.839, 0.040, -0.001, -0.839, 0.040, -0.001, -0.839, 
3.000, 0.001, -0.839, 0.040, 0.001, -0.839, 0.040, 0.001, -0.839, 0.040, -0.001, -0.839, 0.040, -0.001, -0.839, 0.040, -0.001, -0.839, 
3.020, -0.001, -0.839, 0.040, -0.001, -0.839, 0.040, -0.001, -0.839, 0.040, 0.001, -0.839, 0.040, 0.001, -0.839, 0.040, 0.001, -0.839, 
3.020, -0.001, -0.839, 0.040, -0.001, -0.839, 0.040, -0.001, -0.839, 0.040, 0.001, -0.839, 0.040, 0.001, -0.839, 0.040, 0.001, -0.839, 
3.020, -0.001, -0.839, 0.040, -0.001, -0.839, 0.040, -0.001, -0.839, 0.040, 0.001, -0.839, 0.040, 0.001, -0.839, 0.040, 0.001, -0.839, 
3.040, -0.001, -0.839, 0.040, -0.001, -0.839, 0.040, -0.001, -0.839, 0.040, 0.000, -0.839, 0.040, 0.000, -0.839, 0.040, 0.000, -0.839, 
3.040, -0.001, -0.839, 0.040, -0.001, -0.839, 0.040, -0.001, -0.839, 0.040, 0.000, -0.839, 0.040, 0.000, -0.839, 0.040, 0.000, -0.839, 
3.040, -0.001, -0.839, 0.040, -0.001, -0.839, 0.040, -0.001, -0.839, 0.040, 0.000, -0.839, 0.040, 0.000, -0.839, 0.040, 0.000, -0.839, 
3.060, 0.001, -0.839, 0.040, 0.001, -0.839, 0.040, 0.001, -0.839, 0.040, -0.001, -0.839, 0.040, -0.001, -0.839, 0.040, -0.001, -0.839, 
3.060, 0.001, -0.839, 0.040, 0.001, -0.839, 0.040, 0.001, -0.839, 0.040, -0.001, -0.839, 0.040, -0.001, -0.839, 0.040, -0.001, -0.839, 
3.060, 0.001, -0.839, 0.040, 0.001, -0.839, 0.040, 0.001, -0.839, 0.040, -0.001, -0.839, 0.040, -0.001, -0.839, 0.040, -0.001, -0.839, 
3.080, -0.001, -0.839, 0.040, -0.001, -0.839, 0.040, -0.001, -0.839, 0.040, 0.001, -0.839, 0.040, 0.001, -0.839, 0.040, 0.001, -0.839, 
3.080, -0.001, -0.839, 0.040, -0.001, -0.839, 0.040, -0.001, -0.839, 0.040, 0.001, -0.839, 0.040, 0.001, -0.839, 0.040, 0.001, -0.839, 
3.080, -0.001, -0.839, 0.040, -0.001, -0.839, 0.040, -0.001, -0.839, 0.040, 0.001, -0.839, 0.040, 0.001, -0.839, 0.040, 0.001, -0.839, 
3.100, -0.001, -0.839, 0.040, -0.001, -0.839, 0.040, -0.001, -0.839, 0.040, 0.000, -0.839, 0.040, 0.000, -0.839, 0.040, 0.000, -0.839, 
3.100, -0.001, -0.839, 0.040, -0.001, -0.839, 0.040, -0.001, -0.839, 0.040, 0.000, -0.839, 0.040, 0.000, -0.839, 0.040, 0.000, -0.839, 
3.100, -0.001, -0.839, 0.040, -0.001, -0.839, 0.040, -0.001, -0.839, 0.040, 0.000, -0.839, 0.040, 0.000, -0.839, 0.040, 0.000, -0.839, 
3.120, 0.001, -0.839, 0.040, 0.001, -0.839, 0.040, 0.001, -0.839, 0.040, -0.001, -0.839, 0.040, -0.001, -0.839, 0.040, -0.001, -0.839, 
3.120, 0.001, -0.839, 0.040, 0.001, -0.839, 0.040, 0.001, -0.839, 0.040, -0.001, -0.839, 0.040, -0.001, -0.839, 0.040, -0.001, -0.839, 
3.120, 0.001, -0.839, 0.040, 0.001, -0.839, 0.040, 0.001, -0.839, 0.040, -0.001, -0.839, 0.040, -0.001, -0.839, 0.040, -0.001, -0.839, 
3.140, -0.001, -0.839, 0.040, -0.001, -0.839, 0.040, -0.001, -0.839, 0.040, 0.001, -0.839, 0.040, 0.001, -0.839, 0.040, 0.001, -0.839, 
3.140, -0.001, -0.839, 0.040, -0.001, -0.839, 0.040, -0.001, -0.839, 0.040, 0.001, -0.839, 0.040, 0.001, -0.839, 0.040, 0.001, -0.839, 
3.140, -0.001, -0.839, 0.040, -0.001, -0.839, 0.040, -0.001, -0.839, 0.040, 0.001, -0.839, 0.040, 0.001, -0.839, 0.040, 0.001, -0.839, 
3.160, -0.001, -0.839, 0.040, -0.001, -0.839, 0.040, -0.001, -0.839, 0.040, 0.000, -0.839, 0.040, 0.000, -0.839, 0.040, 0.000, -0.839, 
3.160, -0.001, -0.839, 0.040, -0.001, -0.839, 0.040, -0.001, -0.839, 0.040, 0.000, -0.839, 0.040, 0.000, -0.839, 0.040, 0.000, -0.839, 
3.160, -0.001, -0.839, 0.040, -0.001, -0.839, 0.040, -0.001, -0.839, 0.040, 0.000, -0.839, 0.040, 0.000, -0.839, 0.040, 0.000, -0.839, 
3.180, 0.001, -0.839, 0.040, 0.001, -0.839, 0.040, 0.001, -0.839, 0.040, -0.001, -0.839, 0.040, -0.001, -0.839, 0.040, -0.001, -0.839, 
3.180, 0.001, -0.839, 0.040, 0.001, -0.839, 0.040, 0.001, -0.839, 0.040, -0.001, -0.839, 0.040, -0.001, -0.839, 0.040, -0.001, -0.839, 
3.180, 0.001, -0.839, 0.040, 0.001, -0.839, 0.040, 0.001, -0.839, 0.040, -0.001, -0.839, 0.040, -0.001, -0.839, 0.040, -0.001, -0.839, 
3.200, -0.001, -0.839, 0.040, -0.001, -0.839, 0.040, -0.001, -0.839, 0.040, 0.001, -0.839, 0.040, 0.001, -0.839, 0.040, 0.001, -0.839, 
3.200, -0.001, -0.839, 0.040, -0.001, -0.839, 0.040, -0.001, -0.839, 0.040, 0.001, -0.839, 0.040, 0.001, -0.839, 0.040, 0.001, -0.839, 
3.200, -0.001, -0.839, 0.040, -0.001, -0.839, 0.040, -0.001, -0.839, 0.040, 0.001, -0.839, 0.040, 0.001, -0.839, 0.040, 0.001, -0.839, 
3.220, -0.001, -0.839, 0.040, -0.001, -0.839, 0.040, -0.001, -0.839, 0.040, 0.000, -0.839, 0.040, 0.000, -0.839, 0.040, 0.000, -0.839, 
3.220, -0.001, -0.839, 0.040, -0.001, -0.839, 0.040, -0.001, -0.839, 0.040, 0.000, -0.839, 0.040, 0.000, -0.839, 0.040, 0.000, -0.839, 
3.220, -0.001, -0.839, 0.040, -0.001, -0.839, 0.040, -0.001, -0.839, 0.040, 0.000, -0.839, 0.040, 0.000, -0.839, 0.040, 0.000, -0.839, 
3.240, 0.001, -0.839, 0.040, 0.001, -0.839, 0.040, 0.001, -0.839, 0.040, -0.001, -0.839, 0.040, -0.001, -0.839, 0.040, -0.001, -0.839, 
3.240, 0.001, -0.839, 0.040, 0.001, -0.839, 0.040, 0.001, -0.839, 0.040, -0.001, -0.839, 0.040, -0.001, -0.839, 0.040, -0.001, -0.839, 
3.240, 0.001, -0.839, 0.040, 0.001, -0.839, 0.040, 0.001, -0.839, 0.040, -0.001, -0.839, 0.040, -0.001, -0.839, 0.040, -0.001, -0.839, 
3.260, -0.001, -0.839, 0.040, -0.001, -0.839, 0.040, -0.001, -0.839, 0.040, 0.001, -0.839, 0.040, 0.001, -0.839, 0.040, 0.001, -0.839, 
3.260, -0.001, -0.839, 0.040, -0.001, -0.839, 0.040, -0.001, -0.839, 0.040, 0.001, -0.839, 0.040, 0.001, -0.839, 0.040, 0.001, -0.839, 
3.260, -0.001, -0.839, 0.040, -0.001, -0.839, 0.040, -0.001, -0.839, 0.040, 0.001, -0.839, 0.040, 0.001, -0.839, 0.040, 0.001, -0.839, 
3.280, -0.001, -0.839, 0.040, -0.001, -0.839, 0.040, -0.001, -0.839, 0.040, 0.000, -0.839, 0.040, 0.000, -0.839, 0.040, 0.000, -0.839, 
3.280, -0.001, -0.839, 0.040, -0.001, -0.839, 0.040, -0.001, -0.839, 0.040, 0.000, -0.839, 0.040, 0.000, -0.839, 0.040, 0.000, -0.839, 
3.280, -0.001, -0.839, 0.040, -0.001, -0.839, 0.040, -0.001, -0.839, 0.040, 0.000, -0.839, 0.040, 0.000, -0.839, 0.040, 0.000, -0.839, 
3.300, 0.001, -0.839, 0.040, 0.001, -0.839, 0.040, 0.001, -0.839, 0.040, -0.001, -0.839, 0.040, -0.001, -0.839, 0.040, -0.001, -0.839, 
3.300, 0.001, -0.839, 0.040, 0.001, -0.839, 0.040, 0.001, -0.839, 0.040, -0.001, -0.839, 0.040, -0.001, -0.839, 0.040, -0.001, -0.839, 
3.300, 0.001, -0.839, 0.040, 0.001, -0.839, 0.040, 0.001, -0.839, 0.040, -0.001, -0.839, 0.040, -0.001, -0.839, 0.040, -0.001, -0.839, 
3.320, -0.001, -0.839, 0.040, -0.001, -0.839, 0.040, -0.001, -0.839, 0.040, 0.001, -0.839, 0.040, 0.001, -0.839, 0.040, 0.001, -0.839, 
3.320, -0.001, -0.839, 0.040, -0.001, -0.839, 0.040, -0.001, -0.839, 0.040, 0.001, -0.839, 0.040, 0.001, -0.839, 0.040, 0.001, -0.839, 
3.320, -0.001, -0.839, 0.040, -0.001, -0.839, 0.040, -0.001, -0.839, 0.040, 0.001, -0.839, 0.040, 0.001, -0.839, 0.040, 0.001, -0.839, 
3.340, -0.001, -0.839, 0.040, -0.001, -0.839, 0.040, -0.001, -0.839, 0.040, 0.000, -0.839, 0.040, 0.000, -0.839, 0.040, 0.000, -0.839, 
3.340, -0.001, -0.839, 0.040, -0.001, -0.839, 0.040, -0.001, -0.839, 0.040, 0.000, -0.839, 0.040, 0.000, -0.839, 0.040, 0.000, -0.839, 
3.340, -0.001, -0.839, 0.040, -0.001, -0.839, 0.040, -0.001, -0.839, 0.040, 0.000, -0.839, 0.040, 0.000, -0.839, 0.040, 0.000, -0.839, 
3.360, 0.001, -0.839, 0.040, 0.001, -0.839, 0.040, 0.001, -0.839, 0.040, -0.001, -0.839, 0.040, -0.001, -0.839, 0.040, -0.001, -0.839, 
3.360, 0.001, -0.839, 0.040, 0.001, -0.839, 0.040, 0.001, -0.839, 0.040, -0.001, -0.839, 0.040, -0.001, -0.839, 0.040, -0.001, -0.839, 
3.360, 0.001, -0.839, 0.040, 0.001, -0.839, 0.040, 0.001, -0.839, 0.040, -0.001, -0.839, 0.040, -0.001, -0.839, 0.040, -0.001, -0.839, 
3.380, -0.001, -0.839, 0.040, -0.001, -0.839, 0.040, -0.001, -0.839, 0.040, 0.001, -0.839, 0.040, 0.001, -0.839, 0.040, 0.001, -0.839, 
3.380, -0.001, -0.839, 0.040, -0.001, -0.839, 0.040, -0.001, -0.839, 0.040, 0.001, -0.839, 0.040, 0.001, -0.839, 0.040, 0.001, -0.839, 
3.380, -0.001, -0.839, 0.040, -0.001, -0.839, 0.040, -0.001, -0.839, 0.040, 0.001, -0.839, 0.040, 0.001, -0.839, 0.040, 0.001, -0.839, 
3.400, -0.001, -0.839, 0.040, -0.001, -0.839, 0.040, -0.001, -0.839, 0.040, 0.000, -0.839, 0.040, 0.000, -0.839, 0.040, 0.000, -0.839, 
3.400, -0.001, -0.839, 0.040, -0.001, -0.839, 0.040, -0.001, -0.839, 0.040, 0.000, -0.839, 0.040, 0.000, -0.839, 0.040, 0.000, -0.839, 
3.400, -0.001, -0.839, 0.040, -0.001, -0.839, 0.040, -0.001, -0.839, 0.040, 0.000, -0.839, 0.040, 0.000, -0.839, 0.040, 0.000, -0.839, 
3.420, 0.001, -0.839, 0.040, 0.001, -0.839, 0.040, 0.001, -0.839, 0.040, -0.001, -0.839, 0.040, -0.001, -0.839, 0.040, -0.001, -0.839, 
3.420, 0.001, -0.839, 0.040, 0.001, -0.839, 0.040, 0.001, -0.839, 0.040, -0.001, -0.839, 0.040, -0.001, -0.839, 0.040, -0.001, -0.839, 
3.420, 0.001, -0.839, 0.040, 0.001, -0.839, 0.040, 0.001, -0.839, 0.040, -0.001, -0.839, 0.040, -0.001, -0.839, 0.040, -0.001, -0.839, 
3.440, -0.001, -0.839, 0.040, -0.001, -0.839, 0.040, -0.001, -0.839, 0.040, 0.001, -0.839, 0.040, 0.001, -0.839, 0.040, 0.001, -0.839, 
3.440, -0.001, -0.839, 0.040, -0.001, -0.839, 0.040, -0.001, -0.839, 0.040, 0.001, -0.839, 0.040, 0.001, -0.839, 0.040, 0.001, -0.839, 
3.440, -0.001, -0.839, 0.040, -0.001, -0.839, 0.040, -0.001, -0.839, 0.040, 0.001, -0.839, 0.040, 0.001, -0.839, 0.040, 0.001, -0.839, 
3.460, -0.001, -0.839, 0.040, -0.001, -0.839, 0.040, -0.001, -0.839, 0.040, 0.000, -0.839, 0.040, 0.000, -0.839, 0.040, 0.000, -0.839, 
3.460, -0.001, -0.839, 0.040, -0.001, -0.839, 0.040, -0.001, -0.839, 0.040, 0.000, -0.839, 0.040, 0.000, -0.839, 0.040, 0.000, -0.839, 
3.460, -0.001, -0.839, 0.040, -0.001, -0.839, 0.040, -0.001, -0.839, 0.040, 0.000, -0.839, 0.040, 0.000, -0.839, 0.040, 0.000, -0.839, 
3.480, 0.001, -0.839, 0.040, 0.001, -0.839, 0.040, 0.001, -0.839, 0.040, -0.001, -0.839, 0.040, -0.001, -0.839, 0.040, -0.001, -0.839, 
3.480, 0.001, -0.839, 0.040, 0.001, -0.839, 0.040, 0.001, -0.839, 0.040, -0.001, -0.839, 0.040, -0.001, -0.839, 0.040, -0.001, -0.839, 
3.480, 0.001, -0.839, 0.040, 0.001, -0.839, 0.040, 0.001, -0.839, 0.040, -0.001, -0.839, 0.040, -0.001, -0.839, 0.040, -0.001, -0.839, 
3.500, -0.001, -0.839, 0.040, -0.001, -0.839, 0.040, -0.001, -0.839, 0.040, 0.001, -0.839, 0.040, 0.001, -0.839, 0.040, 0.001, -0.839, 
3.500, -0.001, -0.839, 0.040, -0.001, -0.839, 0.040, -0.001, -0.839, 0.040, 0.001, -0.839, 0.040, 0.001, -0.839, 0.040, 0.001, -0.839, 
3.500, -0.001, -0.839, 0.040, -0.001, -0.839, 0.040, -0.001, -0.839, 0.040, 0.001, -0.839, 0.040, 0.001, -0.839, 0.040, 0.001, -0.839, 
3.520, -0.001, -0.839, 0.040, -0.001, -0.839, 0.040, -0.001, -0.839, 0.040, 0.000, -0.839, 0.040, 0.000, -0.839, 0.040, 0.000, -0.839, 
3.520, -0.001, -0.839, 0.040, -0.001, -0.839, 0.040, -0.001, -0.839, 0.040, 0.000, -0.839, 0.040, 0.000, -0.839, 0.040, 0.000, -0.839, 
3.520, -0.001, -0.839, 0.040, -0.001, -0.839, 0.040, -0.001, -0.839, 0.040, 0.000, -0.839, 0.040, 0.000, -0.839, 0.040, 0.000, -0.839, 
3.540, 0.001, -0.839, 0.040, 0.001, -0.839, 0.040, 0.001, -0.839, 0.040, -0.001, -0.839, 0.040, -0.001, -0.839, 0.040, -0.001, -0.839, 
3.540, 0.001, -0.839, 0.040, 0.001, -0.839, 0.040, 0.001, -0.839, 0.040, -0.001, -0.839, 0.040, -0.001, -0.839, 0.040, -0.001, -0.839, 
3.540, 0.001, -0.839, 0.040, 0.001, -0.839, 0.040, 0.001, -0.839, 0.040, -0.001, -0.839, 0.040, -0.001, -0.839, 0.040, -0.001, -0.839, 
3.560, -0.001, -0.839, 0.040, -0.001, -0.839, 0.040, -0.001, -0.839, 0.040, 0.001, -0.839, 0.040, 0.001, -0.839, 0.040, 0.001, -0.839, 
3.560, -0.001, -0.839, 0.040, -0.001, -0.839, 0.040, -0.001, -0.839, 0.040, 0.001, -0.839, 0.040, 0.001, -0.839, 0.040, 0.001, -0.839, 
3.560, -0.001, -0.839, 0.040, -0.001, -0.839, 0.040, -0.001, -0.839, 0.040, 0.001, -0.839, 0.040, 0.001, -0.839, 0.040, 0.001, -0.839, 
3.580, -0.001, -0.839, 0.040, -0.001, -0.839, 0.040, -0.001, -0.839, 0.040, 0.000, -0.839, 0.040, 0.000, -0.839, 0.040, 0.000, -0.839, 
3.580, -0.001, -0.839, 0.040, -0.001, -0.839, 0.040, -0.001, -0.839, 0.040, 0.000, -0.839, 0.040, 0.000, -0.839, 0.040, 0.000, -0.839, 
3.580, -0.001, -0.839, 0.040, -0.001, -0.839, 0.040, -0.001, -0.839, 0.040, 0.000, -0.839, 0.040, 0.000, -0.839, 0.040, 0.000, -0.839, 
3.600, 0.001, -0.839, 0.040, 0.001, -0.839, 0.040, 0.001, -0.839, 0.040, -0.001, -0.839, 0.040, -0.001, -0.839, 0.040, -0.001, -0.839, 
3.600, 0.001, -0.839, 0.040, 0.001, -0.839, 0.040, 0.001, -0.839, 0.040, -0.001, -0.839, 0.040, -0.001, -0.839, 0.040, -0.001, -0.839, 
3.600, 0.001, -0.839, 0.040, 0.001, -0.839, 0.040, 0.001, -0.839, 0.040, -0.001, -0.839, 0.040, -0.001, -0.839, 0.040, -0.001, -0.839, 
3.620, -0.001, -0.839, 0.040, -0.001, -0.839, 0.040, -0.001, -0.839, 0.040, 0.001, -0.839, 0.040, 0.001, -0.839, 0.040, 0.001, -0.839, 
3.620, -0.001, -0.839, 0.040, -0.001, -0.839, 0.040, -0.001, -0.839, 0.040, 0.001, -0.839, 0.040, 0.001, -0.839, 0.040, 0.001, -0.839, 
3.620, -0.001, -0.839, 0.040, -0.001, -0.839, 0.040, -0.001, -0.839, 0.040, 0.001, -0.839, 0.040, 0.001, -0.839, 0.040, 0.001, -0.839, 
3.640, -0.001, -0.839, 0.040, -0.001, -0.839, 0.040, -0.001, -0.839, 0.040, 0.000, -0.839, 0.040, 0.000, -0.839, 0.040, 0.000, -0.839, 
3.640, -0.001, -0.839, 0.040, -0.001, -0.839, 0.040, -0.001, -0.839, 0.040, 0.000, -0.839, 0.040, 0.000, -0.839, 0.040, 0.000, -0.839, 
3.640, -0.001, -0.839, 0.040, -0.001, -0.839, 0.040, -0.001, -0.839, 0.040, 0.000, -0.839, 0.040, 0.000, -0.839, 0.040, 0.000, -0.839, 
3.660, 0.001, -0.839, 0.040, 0.001, -0.839, 0.040, 0.001, -0.839, 0.040, -0.001, -0.839, 0.040, -0.001, -0.839, 0.040, -0.001, -0.839, 
3.660, 0.001, -0.839, 0.040, 0.001, -0.839, 0.040, 0.001, -0.839, 0.040, -0.001, -0.839, 0.040, -0.001, -0.839, 0.040, -0.001, -0.839, 
3.660, 0.001, -0.839, 0.040, 0.001, -0.839, 0.040, 0.001, -0.839, 0.040, -0.001, -0.839, 0.040, -0.001, -0.839, 0.040, -0.001, -0.839, 
3.680, -0.001, -0.839, 0.040, -0.001, -0.839, 0.040, -0.001, -0.839, 0.040, 0.001, -0.839, 0.040, 0.001, -0.839, 0.040, 0.001, -0.839, 
3.680, -0.001, -0.839, 0.040, -0.001, -0.839, 0.040, -0.001, -0.839, 0.040, 0.001, -0.839, 0.040, 0.001, -0.839, 0.040, 0.001, -0.839, 
3.680, -0.001, -0.839, 0.040, -0.001, -0.839, 0.040, -0.001, -0.839, 0.040, 0.001, -0.839, 0.040, 0.001, -0.839, 0.040, 0.001, -0.839, 
3.700, -0.001, -0.839, 0.040, -0.001, -0.839, 0.040, -0.001, -0.839, 0.040, 0.000, -0.839, 0.040, 0.000, -0.839, 0.040, 0.000, -0.839, 
3.700, -0.001, -0.839, 0.040, -0.001, -0.839, 0.040, -0.001, -0.839, 0.040, 0.000, -0.839, 0.040, 0.000, -0.839, 0.040, 0.000, -0.839, 
3.700, -0.001, -0.839, 0.040, -0.001, -0.839, 0.040, -0.001, -0.839, 0.040, 0.000, -0.839, 0.040, 0.000, -0.839, 0.040, 0.000, -0.839, 
3.720, 0.001, -0.839, 0.040, 0.001, -0.839, 0.040, 0.001, -0.839, 0.040, -0.001, -0.839, 0.040, -0.001, -0.839, 0.040, -0.001, -0.839, 
3.720, 0.001, -0.839, 0.040, 0.001, -0.839, 0.040, 0.001, -0.839, 0.040, -0.001, -0.839, 0.040, -0.001, -0.839, 0.040, -0.001, -0.839, 
3.720, 0.001, -0.839, 0.040, 0.001, -0.839, 0.040, 0.001, -0.839, 0.040, -0.001, -0.839, 0.040, -0.001, -0.839, 0.040, -0.001, -0.839, 
3.740, -0.001, -0.839, 0.040, -0.001, -0.839, 0.040, -0.001, -0.839, 0.040, 0.001, -0.839, 0.040, 0.001, -0.839, 0.040, 0.001, -0.839, 
3.740, -0.001, -0.839, 0.040, -0.001, -0.839, 0.040, -0.001, -0.839, 0.040, 0.001, -0.839, 0.040, 0.001, -0.839, 0.040, 0.001, -0.839, 
3.740, -0.001, -0.839, 0.040, -0.001, -0.839, 0.040, -0.001, -0.839, 0.040, 0.001, -0.839, 0.040, 0.001, -0.839, 0.040, 0.001, -0.839, 
3.760, -0.001, -0.839, 0.040, -0.001, -0.839, 0.040, -0.001, -0.839, 0.040, 0.000, -0.839, 0.040, 0.000, -0.839, 0.040, 0.000, -0.839, 
3.760, -0.001, -0.839, 0.040, -0.001, -0.839, 0.040, -0.001, -0.839, 0.040, 0.000, -0.839, 0.040, 0.000, -0.839, 0.040, 0.000, -0.839, 
3.760, -0.001, -0.839, 0.040, -0.001, -0.839, 0.040, -0.001, -0.839, 0.040, 0.000, -0.839, 0.040, 0.000, -0.839, 0.040, 0.000, -0.839, 
3.780, 0.001, -0.839, 0.040, 0.001, -0.839, 0.040, 0.001, -0.839, 0.040, -0.001, -0.839, 0.040, -0.001, -0.839, 0.040, -0.001, -0.839, 
3.780, 0.001, -0.839, 0.040, 0.001, -0.839, 0.040, 0.001, -0.839, 0.040, -0.001, -0.839, 0.040, -0.001, -0.839, 0.040, -0.001, -0.839, 
3.780, 0.001, -0.839, 0.040, 0.001, -0.839, 0.040, 0.001, -0.839, 0.040, -0.001, -0.839, 0.040, -0.001, -0.839, 0.040, -0.001, -0.839, 
3.800, -0.001, -0.839, 0.040, -0.001, -0.839, 0.040, -0.001, -0.839, 0.040, 0.001, -0.839, 0.040, 0.001, -0.839, 0.040, 0.001, -0.839, 
3.800, -0.001, -0.839, 0.040, -0.001, -0.839, 0.040, -0.001, -0.839, 0.040, 0.001, -0.839, 0.040, 0.001, -0.839, 0.040, 0.001, -0.839, 
3.800, -0.001, -0.839, 0.040, -0.001, -0.839, 0.040, -0.001, -0.839, 0.040, 0.001, -0.839, 0.040, 0.001, -0.839, 0.040, 0.001, -0.839, 
3.820, -0.001, -0.839, 0.040, -0.001, -0.839, 0.040, -0.001, -0.839, 0.040, 0.000, -0.839, 0.040, 0.000, -0.839, 0.040, 0.000, -0.839, 
3.820, -0.001, -0.839, 0.040, -0.001, -0.839, 0.040, -0.001, -0.839, 0.040, 0.000, -0.839, 0.040, 0.000, -0.839, 0.040, 0.000, -0.839, 
3.820, -0.001, -0.839, 0.040, -0.001, -0.839, 0.040, -0.001, -0.839, 0.040, 0.000, -0.839, 0.040, 0.000, -0.839, 0.040, 0.000, -0.839, 
3.840, 0.001, -0.839, 0.040, 0.001, -0.839, 0.040, 0.001, -0.839, 0.040, -0.001, -0.839, 0.040, -0.001, -0.839, 0.040, -0.001, -0.839, 
3.840, 0.001, -0.839, 0.040, 0.001, -0.839, 0.040, 0.001, -0.839, 0.040, -0.001, -0.839, 0.040, -0.001, -0.839, 0.040, -0.001, -0.839, 
3.840, 0.001, -0.839, 0.040, 0.001, -0.839, 0.040, 0.001, -0.839, 0.040, -0.001, -0.839, 0.040, -0.001, -0.839, 0.040, -0.001, -0.839, 
3.860, -0.001, -0.839, 0.040, -0.001, -0.839, 0.040, -0.001, -0.839, 0.040, 0.001, -0.839, 0.040, 0.001, -0.839, 0.040, 0.001, -0.839, 
3.860, -0.001, -0.839, 0.040, -0.001, -0.839, 0.040, -0.001, -0.839, 0.040, 0.001, -0.839, 0.040, 0.001, -0.839, 0.040, 0.001, -0.839, 
3.860, -0.001, -0.839, 0.040, -0.001, -0.839, 0.040, -0.001, -0.839, 0.040, 0.001, -0.839, 0.040, 0.001, -0.839, 0.040, 0.001, -0.839, 
3.880, -0.001, -0.839, 0.040, -0.001, -0.839, 0.040, -0.001, -0.839, 0.040, 0.000, -0.839, 0.040, 0.000, -0.839, 0.040, 0.000, -0.839, 
3.880, -0.001, -0.839, 0.040, -0.001, -0.839, 0.040, -0.001, -0.839, 0.040, 0.000, -0.839, 0.040, 0.000, -0.839, 0.040, 0.000, -0.839, 
3.880, -0.001, -0.839, 0.040, -0.001, -0.839, 0.040, -0.001, -0.839, 0.040, 0.000, -0.839, 0.040, 0.000, -0.839, 0.040, 0.000, -0.839, 
3.900, 0.001, -0.839, 0.040, 0.001, -0.839, 0.040, 0.001, -0.839, 0.040, -0.001, -0.839, 0.040, -0.001, -0.839, 0.040, -0.001, -0.839, 
3.900, 0.001, -0.839, 0.040, 0.001, -0.839, 0.040, 0.001, -0.839, 0.040, -0.001, -0.839, 0.040, -0.001, -0.839, 0.040, -0.001, -0.839, 
3.900, 0.001, -0.839, 0.040, 0.001, -0.839, 0.040, 0.001, -0.839, 0.040, -0.001, -0.839, 0.040, -0.001, -0.839, 0.040, -0.001, -0.839, 
3.920, -0.001, -0.839, 0.040, -0.001, -0.839, 0.040, -0.001, -0.839, 0.040, 0.001, -0.839, 0.040, 0.001, -0.839, 0.040, 0.001, -0.839, 
3.920, -0.001, -0.839, 0.040, -0.001, -0.839, 0.040, -0.001, -0.839, 0.040, 0.001, -0.839, 0.040, 0.001, -0.839, 0.040, 0.001, -0.839, 
3.920, -0.001, -0.839, 0.040, -0.001, -0.839, 0.040, -0.001, -0.839, 0.040, 0.001, -0.839, 0.040, 0.001, -0.839, 0.040, 0.001, -0.839, 
3.940, -0.001, -0.839, 0.040, -0.001, -0.839, 0.040, -0.001, -0.839, 0.040, -0.001, -0.839, 0.040, 0.000, -0.839, 0.040, 0.000, -0.839, 
3.940, -0.001, -0.839, 0.040, -0.001, -0.839, 0.040, -0.001, -0.839, 0.040, -0.001, -0.839, 0.040, 0.000, -0.839, 0.040, 0.000, -0.839, 
3.940, -0.001, -0.839, 0.040, -0.001, -0.839, 0.040, -0.001, -0.839, 0.040, -0.001, -0.839, 0.040, 0.000, -0.839, 0.040, 0.000, -0.839, 
3.960, 0.001, -0.839, 0.040, 0.001, -0.839, 0.040, 0.001, -0.839, 0.040, 0.001, -0.839, 0.040, -0.001, -0.839, 0.040, -0.001, -0.839, 
3.960, 0.001, -0.839, 0.040, 0.001, -0.839, 0.040, 0.001, -0.839, 0.040, 0.001, -0.839, 0.040, -0.001, -0.839, 0.040, -0.001, -0.839, 
3.960, 0.001, -0.839, 0.040, 0.001, -0.839, 0.040, 0.001, -0.839, 0.040, 0.001, -0.839, 0.040, -0.001, -0.839, 0.040, -0.001, -0.839, 
3.980, -0.001, -0.839, 0.040, -0.001, -0.839, 0.040, -0.001, -0.839, 0.040, -0.001, -0.839, 0.040, 0.001, -0.839, 0.040, 0.001, -0.839, 
3.980, -0.001, -0.839, 0.040, -0.001, -0.839, 0.040, -0.001, -0.839, 0.040, -0.001, -0.839, 0.040, 0.001, -0.839, 0.040, 0.001, -0.839, 
3.980, -0.001, -0.839, 0.040, -0.001, -0.839, 0.040, -0.001, -0.839, 0.040, -0.001, -0.839, 0.040, 0.001, -0.839, 0.040, 0.001, -0.839, 
4.000, -0.001, -0.839, 0.040, -0.001, -0.839, 0.040, -0.001, -0.839, 0.040, 0.001, -0.839, 0.040, 0.000, -0.839, 0.040, 0.000, -0.839, 
4.000, -0.001, -0.839, 0.040, -0.001, -0.839, 0.040, -0.001, -0.839, 0.040, 0.001, -0.839, 0.040, 0.000, -0.839, 0.040, 0.000, -0.839, 
4.000, -0.001, -0.839, 0.040, -0.001, -0.839, 0.040, -0.001, -0.839, 0.040, 0.001, -0.839, 0.040, 0.000, -0.839, 0.040, 0.000, -0.839, 
4.020, 0.001, -0.839, 0.040, 0.001, -0.839, 0.040, 0.001, -0.839, 0.040, -0.001, -0.839, 0.040, -0.001, -0.839, 0.040, -0.001, -0.839, 
4.020, 0.001, -0.839, 0.040, 0.001, -0.839, 0.040, 0.001, -0.839, 0.040, -0.001, -0.839, 0.040, -0.001, -0.839, 0.040, -0.001, -0.839, 
4.020, 0.001, -0.839, 0.040, 0.001, -0.839, 0.040, 0.001, -0.839, 0.040, -0.001, -0.839, 0.040, -0.001, -0.839, 0.040, -0.001, -0.839, 
4.040, -0.001, -0.839, 0.040, -0.001, -0.839, 0.040, -0.001, -0.839, 0.040, 0.000, -0.839, 0.040, 0.001, -0.839, 0.040, 0.001, -0.839, 
4.040, -0.001, -0.839, 0.040, -0.001, -0.839, 0.040, -0.001, -0.839, 0.040, 0.000, -0.839, 0.040, 0.001, -0.839, 0.040, 0.001, -0.839, 
4.040, -0.001, -0.839, 0.040, -0.001, -0.839, 0.040, -0.001, -0.839, 0.040, 0.000, -0.839, 0.040, 0.001, -0.839, 0.040, 0.001, -0.839, 
4.060, -0.001, -0.839, 0.040, -0.001, -0.839, 0.040, -0.001, -0.839, 0.040, 0.001, -0.839, 0.040, 0.000, -0.839, 0.040, 0.000, -0.839, 
4.060, -0.001, -0.839, 0.040, -0.001, -0.839, 0.040, -0.001, -0.839, 0.040, 0.001, -0.839, 0.040, 0.000, -0.839, 0.040, 0.000, -0.839, 
4.060, -0.001, -0.839, 0.040, -0.001, -0.839, 0.040, -0.001, -0.839, 0.040, 0.001, -0.839, 0.040, 0.000, -0.839, 0.040, 0.000, -0.839, 
4.080, 0.001, -0.839, 0.040, 0.001, -0.839, 0.040, 0.001, -0.839, 0.040, -0.001, -0.839, 0.040, -0.001, -0.839, 0.040, -0.001, -0.839, 
4.080, 0.001, -0.839, 0.040, 0.001, -0.839, 0.040, 0.001, -0.839, 0.040, -0.001, -0.839, 0.040, -0.001, -0.839, 0.040, -0.001, -0.839, 
4.080, 0.001, -0.839, 0.040, 0.001, -0.839, 0.040, 0.001, -0.839, 0.040, -0.001, -0.839, 0.040, -0.001, -0.839, 0.040, -0.001, -0.839, 
4.100, -0.001, -0.839, 0.040, -0.001, -0.839, 0.040, -0.001, -0.839, 0.040, 0.000, -0.839, 0.040, 0.001, -0.839, 0.040, 0.001, -0.839, 
4.100, -0.001, -0.839, 0.040, -0.001, -0.839, 0.040, -0.001, -0.839, 0.040, 0.000, -0.839, 0.040, 0.001, -0.839, 0.040, 0.001, -0.839, 
4.100, -0.001, -0.839, 0.040, -0.001, -0.839, 0.040, -0.001, -0.839, 0.040, 0.000, -0.839, 0.040, 0.001, -0.839, 0.040, 0.001, -0.839, 
4.120, -0.001, -0.839, 0.040, -0.001, -0.839, 0.040, -0.001, -0.839, 0.040, -0.001, -0.839, 0.040, 0.000, -0.839, 0.040, -0.001, -0.839, 
4.120, -0.001, -0.839, 0.040, -0.001, -0.839, 0.040, -0.001, -0.839, 0.040, -0.001, -0.839, 0.040, 0.000, -0.839, 0.040, -0.001, -0.839, 
4.120, -0.001, -0.839, 0.040, -0.001, -0.839, 0.040, -0.001, -0.839, 0.040, -0.001, -0.839, 0.040, 0.000, -0.839, 0.040, -0.001, -0.839, 
4.140, 0.001, -0.839, 0.040, 0.001, -0.839, 0.040, 0.001, -0.839, 0.040, 0.001, -0.839, 0.040, -0.001, -0.839, 0.040, 0.001, -0.839, 
4.140, 0.001, -0.839, 0.040, 0.001, -0.839, 0.040, 0.001, -0.839, 0.040, 0.001, -0.839, 0.040, -0.001, -0.839, 0.040, 0.001, -0.839, 
4.140, 0.001, -0.839, 0.040, 0.001, -0.839, 0.040, 0.001, -0.839, 0.040, 0.001, -0.839, 0.040, -0.001, -0.839, 0.040, 0.001, -0.839, 
4.160, -0.001, -0.839, 0.040, -0.001, -0.839, 0.040, -0.001, -0.839, 0.040, 0.001, -0.839, 0.040, 0.001, -0.839, 0.040, -0.001, -0.839, 
4.160, -0.001, -0.839, 0.040, -0.001, -0.839, 0.040, -0.001, -0.839, 0.040, 0.001, -0.839, 0.040, 0.001, -0.839, 0.040, -0.001, -0.839, 
4.160, -0.001, -0.839, 0.040, -0.001, -0.839, 0.040, -0.001, -0.839, 0.040, 0.001, -0.839, 0.040, 0.001, -0.839, 0.040, -0.001, -0.839, 
4.180, -0.001, -0.839, 0.040, -0.001, -0.839, 0.040, -0.001, -0.839, 0.040, -0.001, -0.839, 0.040, 0.000, -0.839, 0.040, 0.001, -0.839, 
4.180, -0.001, -0.839, 0.040, -0.001, -0.839, 0.040, -0.001, -0.839, 0.040, -0.001, -0.839, 0.040, 0.000, -0.839, 0.040, 0.001, -0.839, 
4.180, -0.001, -0.839, 0.040, -0.001, -0.839, 0.040, -0.001, -0.839, 0.040, -0.001, -0.839, 0.040, 0.000, -0.839, 0.040, 0.001, -0.839, 
4.200, 0.001, -0.839, 0.040, 0.001, -0.839, 0.040, 0.001, -0.839, 0.040, 0.001, -0.839, 0.040, -0.001, -0.839, 0.040, -0.001, -0.839, 
4.200, 0.001, -0.839, 0.040, 0.001, -0.839, 0.040, 0.001, -0.839, 0.040, 0.001, -0.839, 0.040, -0.001, -0.839, 0.040, -0.001, -0.839, 
4.200, 0.001, -0.839, 0.040, 0.001, -0.839, 0.040, 0.001, -0.839, 0.040, 0.001, -0.839, 0.040, -0.001, -0.839, 0.040, -0.001, -0.839, 
4.220, -0.001, -0.839, 0.040, -0.001, -0.839, 0.040, -0.001, -0.839, 0.040, 0.001, -0.839, 0.040, 0.001, -0.839, 0.040, 0.000, -0.839, 
4.220, -0.001, -0.839, 0.040, -0.001, -0.839, 0.040, -0.001, -0.839, 0.040, 0.001, -0.839, 0.040, 0.001, -0.839, 0.040, 0.000, -0.839, 
4.220, -0.001, -0.839, 0.040, -0.001, -0.839, 0.040, -0.001, -0.839, 0.040, 0.001, -0.839, 0.040, 0.001, -0.839, 0.040, 0.000, -0.839, 
4.240, -0.001, -0.839, 0.040, -0.001, -0.839, 0.040, -0.001, -0.839, 0.040, 0.000, -0.839, 0.040, 0.000, -0.839, 0.040, 0.001, -0.839, 
4.240, -0.001, -0.839, 0.040, -0.001, -0.839, 0.040, -0.001, -0.839, 0.040, 0.000, -0.839, 0.040, 0.000, -0.839, 0.040, 0.001, -0.839, 
4.240, -0.001, -0.839, 0.040, -0.001, -0.839, 0.040, -0.001, -0.839, 0.040, 0.000, -0.839, 0.040, 0.000, -0.839, 0.040, 0.001, -0.839, 
4.260, 0.001, -0.839, 0.040, 0.001, -0.839, 0.040, 0.001, -0.839, 0.040, 0.000, -0.839, 0.040, -0.001, -0.839, 0.040, -0.001, -0.839, 
4.260, 0.001, -0.839, 0.040, 0.001, -0.839, 0.040, 0.001, -0.839, 0.040, 0.000, -0.839, 0.040, -0.001, -0.839, 0.040, -0.001, -0.839, 
4.260, 0.001, -0.839, 0.040, 0.001, -0.839, 0.040, 0.001, -0.839, 0.040, 0.000, -0.839, 0.040, -0.001, -0.839, 0.040, -0.001, -0.839, 
4.280, -0.001, -0.839, 0.040, -0.001, -0.839, 0.040, -0.001, -0.839, 0.040, -0.001, -0.839, 0.040, 0.001, -0.839, 0.040, 0.000, -0.839, 
4.280, -0.001, -0.839, 0.040, -0.001, -0.839, 0.040, -0.001, -0.839, 0.040, -0.001, -0.839, 0.040, 0.001, -0.839, 0.040, 0.000, -0.839, 
4.280, -0.001, -0.839, 0.040, -0.001, -0.839, 0.040, -0.001, -0.839, 0.040, -0.001, -0.839, 0.040, 0.001, -0.839, 0.040, 0.000, -0.839, 
4.300, -0.001, -0.839, 0.040, -0.001, -0.839, 0.040, -0.001, -0.839, 0.040, 0.001, -0.839, 0.040, 0.000, -0.839, 0.040, -0.001, -0.839, 
4.300, -0.001, -0.839, 0.040, -0.001, -0.839, 0.040, -0.001, -0.839, 0.040, 0.001, -0.839, 0.040, 0.000, -0.839, 0.040, -0.001, -0.839, 
4.300, -0.001, -0.839, 0.040, -0.001, -0.839, 0.040, -0.001, -0.839, 0.040, 0.001, -0.839, 0.040, 0.000, -0.839, 0.040, -0.001, -0.839, 
4.320, 0.001, -0.839, 0.040, 0.001, -0.839, 0.040, 0.001, -0.839, 0.040, 0.000, -0.839, 0.040, -0.001, -0.839, 0.040, 0.001, -0.839, 
4.320, 0.001, -0.839, 0.040, 0.001, -0.839, 0.040, 0.001, -0.839, 0.040, 0.000, -0.839, 0.040, -0.001, -0.839, 0.040, 0.001, -0.839, 
4.320, 0.001, -0.839, 0.040, 0.001, -0.839, 0.040, 0.001, -0.839, 0.040, 0.000, -0.839, 0.040, -0.001, -0.839, 0.040, 0.001, -0.839, 
4.340, -0.001, -0.839, 0.040, -0.001, -0.839, 0.040, -0.001, -0.839, 0.040, -0.001, -0.839, 0.040, 0.001, -0.839, 0.040, 0.001, -0.839, 
4.340, -0.001, -0.839, 0.040, -0.001, -0.839, 0.040, -0.001, -0.839, 0.040, -0.001, -0.839, 0.040, 0.001, -0.839, 0.040, 0.001, -0.839, 
4.340, -0.001, -0.839, 0.040, -0.001, -0.839, 0.040, -0.001, -0.839, 0.040, -0.001, -0.839, 0.040, 0.001, -0.839, 0.040, 0.001, -0.839, 
4.360, -0.001, -0.839, 0.040, -0.001, -0.839, 0.040, -0.001, -0.839, 0.040, 0.001, -0.839, 0.040, 0.000, -0.839, 0.040, -0.001, -0.839, 
4.360, -0.001, -0.839, 0.040, -0.001, -0.839, 0.040, -0.001, -0.839, 0.040, 0.001, -0.839, 0.040, 0.000, -0.839, 0.040, -0.001, -0.839, 
4.360, -0.001, -0.839, 0.040, -0.001, -0.839, 0.040, -0.001, -0.839, 0.040, 0.001, -0.839, 0.040, 0.000, -0.839, 0.040, -0.001, -0.839, 
4.380, 0.001, -0.839, 0.040, 0.001, -0.839, 0.040, 0.001, -0.839, 0.040, -0.001, -0.839, 0.040, -0.001, -0.839, 0.040, 0.001, -0.839, 
4.380, 0.001, -0.839, 0.040, 0.001, -0.839, 0.040, 0.001, -0.839, 0.040, -0.001, -0.839, 0.040, -0.001, -0.839, 0.040, 0.001, -0.839, 
4.380, 0.001, -0.839, 0.040, 0.001, -0.839, 0.040, 0.001, -0.839, 0.040, -0.001, -0.839, 0.040, -0.001, -0.839, 0.040, 0.001, -0.839, 
4.400, -0.001, -0.839, 0.040, -0.001, -0.839, 0.040, -0.001, -0.839, 0.040, 0.001, -0.839, 0.040, 0.001, -0.839, 0.040, 0.001, -0.839, 
4.400, -0.001, -0.839, 0.040, -0.001, -0.839, 0.040, -0.001, -0.839, 0.040, 0.001, -0.839, 0.040, 0.001, -0.839, 0.040, 0.001, -0.839, 
4.400, -0.001, -0.839, 0.040, -0.001, -0.839, 0.040, -0.001, -0.839, 0.040, 0.001, -0.839, 0.040, 0.001, -0.839, 0.040, 0.001, -0.839, 
4.420, -0.001, -0.839, 0.040, -0.001, -0.839, 0.040, -0.001, -0.839, 0.040, -0.001, -0.839, 0.040, 0.000, -0.839, 0.040, 0.000, -0.839, 
4.420, -0.001, -0.839, 0.040, -0.001, -0.839, 0.040, -0.001, -0.839, 0.040, -0.001, -0.839, 0.040, 0.000, -0.839, 0.040, 0.000, -0.839, 
4.420, -0.001, -0.839, 0.040, -0.001, -0.839, 0.040, -0.001, -0.839, 0.040, -0.001, -0.839, 0.040, 0.000, -0.839, 0.040, 0.000, -0.839, 
4.440, 0.001, -0.839, 0.040, 0.001, -0.839, 0.040, 0.001, -0.839, 0.040, 0.001, -0.839, 0.040, -0.001, -0.839, 0.040, 0.000, -0.839, 
4.440, 0.001, -0.839, 0.040, 0.001, -0.839, 0.040, 0.001, -0.839, 0.040, 0.001, -0.839, 0.040, -0.001, -0.839, 0.040, 0.000, -0.839, 
4.440, 0.001, -0.839, 0.040, 0.001, -0.839, 0.040, 0.001, -0.839, 0.040, 0.001, -0.839, 0.040, -0.001, -0.839, 0.040, 0.000, -0.839, 
4.460, -0.001, -0.839, 0.040, -0.001, -0.839, 0.040, -0.001, -0.839, 0.040, -0.001, -0.839, 0.040, 0.001, -0.839, 0.040, -0.001, -0.839, 
4.460, -0.001, -0.839, 0.040, -0.001, -0.839, 0.040, -0.001, -0.839, 0.040, -0.001, -0.839, 0.040, 0.001, -0.839, 0.040, -0.001, -0.839, 
4.460, -0.001, -0.839, 0.040, -0.001, -0.839, 0.040, -0.001, -0.839, 0.040, -0.001, -0.839, 0.040, 0.001, -0.839, 0.040, -0.001, -0.839, 
4.480, -0.001, -0.839, 0.040, -0.001, -0.839, 0.040, -0.001, -0.839, 0.040, 0.000, -0.839, 0.040, 0.000, -0.839, 0.040, 0.001, -0.839, 
4.480, -0.001, -0.839, 0.040, -0.001, -0.839, 0.040, -0.001, -0.839, 0.040, 0.000, -0.839, 0.040, 0.000, -0.839, 0.040, 0.001, -0.839, 
4.480, -0.001, -0.839, 0.040, -0.001, -0.839, 0.040, -0.001, -0.839, 0.040, 0.000, -0.839, 0.040, 0.000, -0.839, 0.040, 0.001, -0.839, 
4.500, 0.001, -0.839, 0.040, 0.001, -0.839, 0.040, 0.001, -0.839, 0.040, 0.001, -0.839, 0.040, -0.001, -0.839, 0.040, 0.000, -0.839, 
4.500, 0.001, -0.839, 0.040, 0.001, -0.839, 0.040, 0.001, -0.839, 0.040, 0.001, -0.839, 0.040, -0.001, -0.839, 0.040, 0.000, -0.839, 
4.500, 0.001, -0.839, 0.040, 0.001, -0.839, 0.040, 0.001, -0.839, 0.040, 0.001, -0.839, 0.040, -0.001, -0.839, 0.040, 0.000, -0.839, 
4.520, -0.001, -0.839, 0.040, -0.001, -0.839, 0.040, -0.001, -0.839, 0.040, -0.001, -0.839, 0.040, 0.001, -0.839, 0.040, -0.001, -0.839, 
4.520, -0.001, -0.839, 0.040, -0.001, -0.839, 0.040, -0.001, -0.839, 0.040, -0.001, -0.839, 0.040, 0.001, -0.839, 0.040, -0.001, -0.839, 
4.520, -0.001, -0.839, 0.040, -0.001, -0.839, 0.040, -0.001, -0.839, 0.040, -0.001, -0.839, 0.040, 0.001, -0.839, 0.040, -0.001, -0.839, 
4.540, -0.001, -0.839, 0.040, -0.001, -0.839, 0.040, -0.001, -0.839, 0.040, 0.000, -0.839, 0.040, 0.000, -0.839, 0.040, 0.001, -0.839, 
4.540, -0.001, -0.839, 0.040, -0.001, -0.839, 0.040, -0.001, -0.839, 0.040, 0.000, -0.839, 0.040, 0.000, -0.839, 0.040, 0.001, -0.839, 
4.540, -0.001, -0.839, 0.040, -0.001, -0.839, 0.040, -0.001, -0.839, 0.040, 0.000, -0.839, 0.040, 0.000, -0.839, 0.040, 0.001, -0.839, 
4.560, 0.001, -0.839, 0.040, 0.001, -0.839, 0.040, 0.001, -0.839, 0.040, -0.001, -0.839, 0.040, -0.001, -0.839, 0.040, -0.001, -0.839, 
4.560, 0.001, -0.839, 0.040, 0.001, -0.839, 0.040, 0.001, -0.839, 0.040, -0.001, -0.839, 0.040, -0.001, -0.839, 0.040, -0.001, -0.839, 
4.560, 0.001, -0.839, 0.040, 0.001, -0.839, 0.040, 0.001, -0.839, 0.040, -0.001, -0.839, 0.040, -0.001, -0.839, 0.040, -0.001, -0.839, 
4.580, -0.001, -0.839, 0.040, -0.001, -0.839, 0.040, -0.001, -0.839, 0.040, 0.001, -0.839, 0.040, 0.001, -0.839, 0.040, 0.001, -0.839, 
4.580, -0.001, -0.839, 0.040, -0.001, -0.839, 0.040, -0.001, -0.839, 0.040, 0.001, -0.839, 0.040, 0.001, -0.839, 0.040, 0.001, -0.839, 
4.580, -0.001, -0.839, 0.040, -0.001, -0.839, 0.040, -0.001, -0.839, 0.040, 0.001, -0.839, 0.040, 0.001, -0.839, 0.040, 0.001, -0.839, 
4.600, -0.001, -0.839, 0.040, -0.001, -0.839, 0.040, -0.001, -0.839, 0.040, 0.001, -0.839, 0.040, 0.000, -0.839, 0.040, -0.001, -0.839, 
4.600, -0.001, -0.839, 0.040, -0.001, -0.839, 0.040, -0.001, -0.839, 0.040, 0.001, -0.839, 0.040, 0.000, -0.839, 0.040, -0.001, -0.839, 
4.600, -0.001, -0.839, 0.040, -0.001, -0.839, 0.040, -0.001, -0.839, 0.040, 0.001, -0.839, 0.040, 0.000, -0.839, 0.040, -0.001, -0.839, 
4.620, 0.001, -0.839, 0.040, 0.001, -0.839, 0.040, 0.001, -0.839, 0.040, -0.001, -0.839, 0.040, -0.001, -0.839, 0.040, 0.001, -0.839, 
4.620, 0.001, -0.839, 0.040, 0.001, -0.839, 0.040, 0.001, -0.839, 0.040, -0.001, -0.839, 0.040, -0.001, -0.839, 0.040, 0.001, -0.839, 
4.620, 0.001, -0.839, 0.040, 0.001, -0.839, 0.040, 0.001, -0.839, 0.040, -0.001, -0.839, 0.040, -0.001, -0.839, 0.040, 0.001, -0.839, 
4.640, -0.001, -0.839, 0.040, -0.001, -0.839, 0.040, -0.001, -0.839, 0.040, 0.001, -0.839, 0.040, 0.001, -0.839, 0.040, -0.001, -0.839, 
4.640, -0.001, -0.839, 0.040, -0.001, -0.839, 0.040, -0.001, -0.839, 0.040, 0.001, -0.839, 0.040, 0.001, -0.839, 0.040, -0.001, -0.839, 
4.640, -0.001, -0.839, 0.040, -0.001, -0.839, 0.040, -0.001, -0.839, 0.040, 0.001, -0.839, 0.040, 0.001, -0.839, 0.040, -0.001, -0.839, 
4.660, -0.001, -0.839, 0.040, -0.001, -0.839, 0.040, -0.001, -0.839, 0.040, 0.001, -0.839, 0.040, 0.000, -0.839, 0.040, 0.000, -0.839, 
4.660, -0.001, -0.839, 0.040, -0.001, -0.839, 0.040, -0.001, -0.839, 0.040, 0.001, -0.839, 0.040, 0.000, -0.839, 0.040, 0.000, -0.839, 
4.660, -0.001, -0.839, 0.040, -0.001, -0.839, 0.040, -0.001, -0.839, 0.040, 0.001, -0.839, 0.040, 0.000, -0.839, 0.040, 0.000, -0.839, 
4.680, 0.001, -0.839, 0.040, 0.001, -0.839, 0.040, 0.001, -0.839, 0.040, 0.000, -0.839, 0.040, -0.001, -0.839, 0.040, 0.001, -0.839, 
4.680, 0.001, -0.839, 0.040, 0.001, -0.839, 0.040, 0.001, -0.839, 0.040, 0.000, -0.839, 0.040, -0.001, -0.839, 0.040, 0.001, -0.839, 
4.680, 0.001, -0.839, 0.040, 0.001, -0.839, 0.040, 0.001, -0.839, 0.040, 0.000, -0.839, 0.040, -0.001, -0.839, 0.040, 0.001, -0.839, 
4.700, -0.001, -0.839, 0.040, -0.001, -0.839, 0.040, -0.001, -0.839, 0.040, 0.000, -0.839, 0.040, 0.001, -0.839, 0.040, -0.001, -0.839, 
4.700, -0.001, -0.839, 0.040, -0.001, -0.839, 0.040, -0.001, -0.839, 0.040, 0.000, -0.839, 0.040, 0.001, -0.839, 0.040, -0.001, -0.839, 
4.700, -0.001, -0.839, 0.040, -0.001, -0.839, 0.040, -0.001, -0.839, 0.040, 0.000, -0.839, 0.040, 0.001, -0.839, 0.040, -0.001, -0.839, 
4.720, -0.001, -0.839, 0.040, -0.001, -0.839, 0.040, -0.001, -0.839, 0.040, -0.001, -0.839, 0.040, 0.000, -0.839, 0.040, 0.000, -0.839, 
4.720, -0.001, -0.839, 0.040, -0.001, -0.839, 0.040, -0.001, -0.839, 0.040, -0.001, -0.839, 0.040, 0.000, -0.839, 0.040, 0.000, -0.839, 
4.720, -0.001, -0.839, 0.040, -0.001, -0.839, 0.040, -0.001, -0.839, 0.040, -0.001, -0.839, 0.040, 0.000, -0.839, 0.040, 0.000, -0.839, 
4.740, 0.001, -0.839, 0.040, 0.001, -0.839, 0.040, 0.001, -0.839, 0.040, 0.000, -0.839, 0.040, -0.001, -0.839, 0.040, -0.001, -0.839, 
4.740, 0.001, -0.839, 0.040, 0.001, -0.839, 0.040, 0.001, -0.839, 0.040, 0.000, -0.839, 0.040, -0.001, -0.839, 0.040, -0.001, -0.839, 
4.740, 0.001, -0.839, 0.040, 0.001, -0.839, 0.040, 0.001, -0.839, 0.040, 0.000, -0.839, 0.040, -0.001, -0.839, 0.040, -0.001, -0.839, 
4.760, -0.001, -0.839, 0.040, -0.001, -0.839, 0.040, -0.001, -0.839, 0.040, 0.001, -0.839, 0.040, 0.001, -0.839, 0.040, 0.001, -0.839, 
4.760, -0.001, -0.839, 0.040, -0.001, -0.839, 0.040, -0.001, -0.839, 0.040, 0.001, -0.839, 0.040, 0.001, -0.839, 0.040, 0.001, -0.839, 
4.760, -0.001, -0.839, 0.040, -0.001, -0.839, 0.040, -0.001, -0.839, 0.040, 0.001, -0.839, 0.040, 0.001, -0.839, 0.040, 0.001, -0.839, 
4.780, -0.001, -0.839, 0.040, -0.001, -0.839, 0.040, -0.001, -0.839, 0.040, 0.001, -0.839, 0.040, 0.000, -0.839, 0.040, 0.001, -0.839, 
4.780, -0.001, -0.839, 0.040, -0.001, -0.839, 0.040, -0.001, -0.839, 0.040, 0.001, -0.839, 0.040, 0.000, -0.839, 0.040, 0.001, -0.839, 
4.780, -0.001, -0.839, 0.040, -0.001, -0.839, 0.040, -0.001, -0.839, 0.040, 0.001, -0.839, 0.040, 0.000, -0.839, 0.040, 0.001, -0.839, 
4.800, 0.001, -0.839, 0.040, 0.001, -0.839, 0.040, 0.001, -0.839, 0.040, -0.001, -0.839, 0.040, -0.001, -0.839, 0.040, -0.001, -0.839, 
4.800, 0.001, -0.839, 0.040, 0.001, -0.839, 0.040, 0.001, -0.839, 0.040, -0.001, -0.839, 0.040, -0.001, -0.839, 0.040, -0.001, -0.839, 
4.800, 0.001, -0.839, 0.040, 0.001, -0.839, 0.040, 0.001, -0.839, 0.040, -0.001, -0.839, 0.040, -0.001, -0.839, 0.040, -0.001, -0.839, 
4.820, -0.001, -0.839, 0.040, -0.001, -0.839, 0.040, -0.001, -0.839, 0.040, 0.001, -0.839, 0.040, 0.001, -0.839, 0.040, 0.001, -0.839, 
4.820, -0.001, -0.839, 0.040, -0.001, -0.839, 0.040, -0.001, -0.839, 0.040, 0.001, -0.839, 0.040, 0.001, -0.839, 0.040, 0.001, -0.839, 
4.820, -0.001, -0.839, 0.040, -0.001, -0.839, 0.040, -0.001, -0.839, 0.040, 0.001, -0.839, 0.040, 0.001, -0.839, 0.040, 0.001, -0.839, 
4.840, -0.001, -0.839, 0.040, -0.001, -0.839, 0.040, -0.001, -0.839, 0.040, 0.001, -0.839, 0.040, 0.000, -0.839, 0.040, 0.001, -0.839, 
4.840, -0.001, -0.839, 0.040, -0.001, -0.839, 0.040, -0.001, -0.839, 0.040, 0.001, -0.839, 0.040, 0.000, -0.839, 0.040, 0.001, -0.839, 
4.840, -0.001, -0.839, 0.040, -0.001, -0.839, 0.040, -0.001, -0.839, 0.040, 0.001, -0.839, 0.040, 0.000, -0.839, 0.040, 0.001, -0.839, 
4.860, 0.001, -0.839, 0.040, 0.001, -0.839, 0.040, 0.001, -0.839, 0.040, -0.001, -0.839, 0.040, -0.001, -0.839, 0.040, 0.000, -0.839, 
4.860, 0.001, -0.839, 0.040, 0.001, -0.839, 0.040, 0.001, -0.839, 0.040, -0.001, -0.839, 0.040, -0.001, -0.839, 0.040, 0.000, -0.839, 
4.860, 0.001, -0.839, 0.040, 0.001, -0.839, 0.040, 0.001, -0.839, 0.040, -0.001, -0.839, 0.040, -0.001, -0.839, 0.040, 0.000, -0.839, 
4.880, -0.001, -0.839, 0.040, -0.001, -0.839, 0.040, -0.001, -0.839, 0.040, 0.001, -0.839, 0.040, 0.001, -0.839, 0.040, 0.000, -0.839, 
4.880, -0.001, -0.839, 0.040, -0.001, -0.839, 0.040, -0.001, -0.839, 0.040, 0.001, -0.839, 0.040, 0.001, -0.839, 0.040, 0.000, -0.839, 
4.880, -0.001, -0.839, 0.040, -0.001, -0.839, 0.040, -0.001, -0.839, 0.040, 0.001, -0.839, 0.040, 0.001, -0.839, 0.040, 0.000, -0.839, 
4.900, -0.001, -0.839, 0.040, -0.001, -0.839, 0.040, -0.001, -0.839, 0.040, 0.001, -0.839, 0.040, 0.000, -0.839, 0.040, -0.001, -0.839, 
4.900, -0.001, -0.839, 0.040, -0.001, -0.839, 0.040, -0.001, -0.839, 0.040, 0.001, -0.839, 0.040, 0.000, -0.839, 0.040, -0.001, -0.839, 
4.900, -0.001, -0.839, 0.040, -0.001, -0.839, 0.040, -0.001, -0.839, 0.040, 0.001, -0.839, 0.040, 0.000, -0.839, 0.040, -0.001, -0.839, 
4.920, 0.001, -0.839, 0.040, 0.001, -0.839, 0.040, 0.001, -0.839, 0.040, -0.001, -0.839, 0.040, -0.001, -0.839, 0.040, 0.000, -0.839, 
4.920, 0.001, -0.839, 0.040, 0.001, -0.839, 0.040, 0.001, -0.839, 0.040, -0.001, -0.839, 0.040, -0.001, -0.839, 0.040, 0.000, -0.839, 
4.920, 0.001, -0.839, 0.040, 0.001, -0.839, 0.040, 0.001, -0.839, 0.040, -0.001, -0.839, 0.040, -0.001, -0.839, 0.040, 0.000, -0.839, 
4.940, -0.001, -0.839, 0.040, -0.001, -0.839, 0.040, -0.001, -0.839, 0.040, 0.001, -0.839, 0.040, 0.001, -0.839, 0.040, 0.001, -0.839, 
4.940, -0.001, -0.839, 0.040, -0.001, -0.839, 0.040, -0.001, -0.839, 0.040, 0.001, -0.839, 0.040, 0.001, -0.839, 0.040, 0.001, -0.839, 
4.940, -0.001, -0.839, 0.040, -0.001, -0.839, 0.040, -0.001, -0.839, 0.040, 0.001, -0.839, 0.040, 0.001, -0.839, 0.040, 0.001, -0.839, 
4.960, -0.001, -0.839, 0.040, -0.001, -0.839, 0.040, -0.001, -0.839, 0.040, 0.001, -0.839, 0.040, 0.000, -0.839, 0.040, 0.001, -0.839, 
4.960, -0.001, -0.839, 0.040, -0.001, -0.839, 0.040, -0.001, -0.839, 0.040, 0.001, -0.839, 0.040, 0.000, -0.839, 0.040, 0.001, -0.839, 
4.960, -0.001, -0.839, 0.040, -0.001, -0.839, 0.040, -0.001, -0.839, 0.040, 0.001, -0.839, 0.040, 0.000, -0.839, 0.040, 0.001, -0.839, 
4.980, 0.001, -0.839, 0.040, 0.001, -0.839, 0.040, 0.001, -0.839, 0.040, -0.001, -0.839, 0.040, -0.001, -0.839, 0.040, -0.001, -0.839, 
4.980, 0.001, -0.839, 0.040, 0.001, -0.839, 0.040, 0.001, -0.839, 0.040, -0.001, -0.839, 0.040, -0.001, -0.839, 0.040, -0.001, -0.839, 
4.980, 0.001, -0.839, 0.040, 0.001, -0.839, 0.040, 0.001, -0.839, 0.040, -0.001, -0.839, 0.040, -0.001, -0.839, 0.040, -0.001, -0.839, 
5.000, -0.001, -0.839, 0.040, -0.001, -0.839, 0.040, -0.001, -0.839, 0.040, 0.001, -0.839, 0.040, 0.001, -0.839, 0.040, 0.001, -0.839, 
5.000, -0.001, -0.839, 0.040, -0.001, -0.839, 0.040, -0.001, -0.839, 0.040, 0.001, -0.839, 0.040, 0.001, -0.839, 0.040, 0.001, -0.839, 
5.000, -0.001, -0.839, 0.040, -0.001, -0.839, 0.040, -0.001, -0.839, 0.040, 0.001, -0.839, 0.040, 0.001, -0.839, 0.040, 0.001, -0.839, 
5.020, -0.001, -0.839, 0.040, -0.001, -0.839, 0.040, -0.001, -0.839, 0.040, 0.001, -0.839, 0.040, 0.000, -0.839, 0.040, 0.001, -0.839, 
5.020, -0.001, -0.839, 0.040, -0.001, -0.839, 0.040, -0.001, -0.839, 0.040, 0.001, -0.839, 0.040, 0.000, -0.839, 0.040, 0.001, -0.839, 
5.020, -0.001, -0.839, 0.040, -0.001, -0.839, 0.040, -0.001, -0.839, 0.040, 0.001, -0.839, 0.040, 0.000, -0.839, 0.040, 0.001, -0.839, 
5.040, 0.001, -0.839, 0.040, 0.001, -0.839, 0.040, 0.001, -0.839, 0.040, -0.001, -0.839, 0.040, -0.001, -0.839, 0.040, -0.001, -0.839, 
5.040, 0.001, -0.839, 0.040, 0.001, -0.839, 0.040, 0.001, -0.839, 0.040, -0.001, -0.839, 0.040, -0.001, -0.839, 0.040, -0.001, -0.839, 
5.040, 0.001, -0.839, 0.040, 0.001, -0.839, 0.040, 0.001, -0.839, 0.040, -0.001, -0.839, 0.040, -0.001, -0.839, 0.040, -0.001, -0.839, 
5.060, -0.001, -0.839, 0.040, -0.001, -0.839, 0.040, -0.001, -0.839, 0.040, 0.001, -0.839, 0.040, 0.001, -0.839, 0.040, 0.001, -0.839, 
5.060, -0.001, -0.839, 0.040, -0.001, -0.839, 0.040, -0.001, -0.839, 0.040, 0.001, -0.839, 0.040, 0.001, -0.839, 0.040, 0.001, -0.839, 
5.060, -0.001, -0.839, 0.040, -0.001, -0.839, 0.040, -0.001, -0.839, 0.040, 0.001, -0.839, 0.040, 0.001, -0.839, 0.040, 0.001, -0.839, 
5.080, -0.001, -0.839, 0.040, -0.001, -0.839, 0.040, -0.001, -0.839, 0.040, 0.001, -0.839, 0.040, 0.000, -0.839, 0.040, 0.001, -0.839, 
5.080, -0.001, -0.839, 0.040, -0.001, -0.839, 0.040, -0.001, -0.839, 0.040, 0.001, -0.839, 0.040, 0.000, -0.839, 0.040, 0.001, -0.839, 
5.080, -0.001, -0.839, 0.040, -0.001, -0.839, 0.040, -0.001, -0.839, 0.040, 0.001, -0.839, 0.040, 0.000, -0.839, 0.040, 0.001, -0.839, 
5.100, 0.001, -0.839, 0.040, 0.001, -0.839, 0.040, 0.001, -0.839, 0.040, -0.001, -0.839, 0.040, -0.001, -0.839, 0.040, -0.001, -0.839, 
5.100, 0.001, -0.839, 0.040, 0.001, -0.839, 0.040, 0.001, -0.839, 0.040, -0.001, -0.839, 0.040, -0.001, -0.839, 0.040, -0.001, -0.839, 
5.100, 0.001, -0.839, 0.040, 0.001, -0.839, 0.040, 0.001, -0.839, 0.040, -0.001, -0.839, 0.040, -0.001, -0.839, 0.040, -0.001, -0.839, 
5.120, -0.001, -0.839, 0.040, -0.001, -0.839, 0.040, -0.001, -0.839, 0.040, 0.001, -0.839, 0.040, 0.001, -0.839, 0.040, 0.001, -0.839, 
5.120, -0.001, -0.839, 0.040, -0.001, -0.839, 0.040, -0.001, -0.839, 0.040, 0.001, -0.839, 0.040, 0.001, -0.839, 0.040, 0.001, -0.839, 
5.120, -0.001, -0.839, 0.040, -0.001, -0.839, 0.040, -0.001, -0.839, 0.040, 0.001, -0.839, 0.040, 0.001, -0.839, 0.040, 0.001, -0.839, 
5.140, -0.001, -0.839, 0.040, -0.001, -0.839, 0.040, -0.001, -0.839, 0.040, 0.001, -0.839, 0.040, 0.000, -0.839, 0.040, 0.001, -0.839, 
5.140, -0.001, -0.839, 0.040, -0.001, -0.839, 0.040, -0.001, -0.839, 0.040, 0.001, -0.839, 0.040, 0.000, -0.839, 0.040, 0.001, -0.839, 
5.140, -0.001, -0.839, 0.040, -0.001, -0.839, 0.040, -0.001, -0.839, 0.040, 0.001, -0.839, 0.040, 0.000, -0.839, 0.040, 0.001, -0.839, 
5.160, 0.001, -0.839, 0.040, 0.001, -0.839, 0.040, 0.001, -0.839, 0.040, -0.001, -0.839, 0.040, -0.001, -0.839, 0.040, -0.001, -0.839, 
5.160, 0.001, -0.839, 0.040, 0.001, -0.839, 0.040, 0.001, -0.839, 0.040, -0.001, -0.839, 0.040, -0.001, -0.839, 0.040, -0.001, -0.839, 
5.160, 0.001, -0.839, 0.040, 0.001, -0.839, 0.040, 0.001, -0.839, 0.040, -0.001, -0.839, 0.040, -0.001, -0.839, 0.040, -0.001, -0.839, 
5.180, -0.001, -0.839, 0.040, -0.001, -0.839, 0.040, -0.001, -0.839, 0.040, 0.001, -0.839, 0.040, 0.001, -0.839, 0.040, 0.001, -0.839, 
5.180, -0.001, -0.839, 0.040, -0.001, -0.839, 0.040, -0.001, -0.839, 0.040, 0.001, -0.839, 0.040, 0.001, -0.839, 0.040, 0.001, -0.839, 
5.180, -0.001, -0.839, 0.040, -0.001, -0.839, 0.040, -0.001, -0.839, 0.040, 0.001, -0.839, 0.040, 0.001, -0.839, 0.040, 0.001, -0.839, 
5.200, -0.001, -0.839, 0.040, -0.001, -0.839, 0.040, -0.001, -0.839, 0.040, 0.001, -0.839, 0.040, 0.000, -0.839, 0.040, 0.001, -0.839, 
5.200, -0.001, -0.839, 0.040, -0.001, -0.839, 0.040, -0.001, -0.839, 0.040, 0.001, -0.839, 0.040, 0.000, -0.839, 0.040, 0.001, -0.839, 
5.200, -0.001, -0.839, 0.040, -0.001, -0.839, 0.040, -0.001, -0.839, 0.040, 0.001, -0.839, 0.040, 0.000, -0.839, 0.040, 0.001, -0.839, 
5.220, 0.001, -0.839, 0.040, 0.001, -0.839, 0.040, 0.001, -0.839, 0.040, -0.001, -0.839, 0.040, -0.001, -0.839, 0.040, -0.001, -0.839, 
5.220, 0.001, -0.839, 0.040, 0.001, -0.839, 0.040, 0.001, -0.839, 0.040, -0.001, -0.839, 0.040, -0.001, -0.839, 0.040, -0.001, -0.839, 
5.220, 0.001, -0.839, 0.040, 0.001, -0.839, 0.040, 0.001, -0.839, 0.040, -0.001, -0.839, 0.040, -0.001, -0.839, 0.040, -0.001, -0.839, 
5.240, -0.001, -0.839, 0.040, -0.001, -0.839, 0.040, -0.001, -0.839, 0.040, 0.001, -0.839, 0.040, 0.001, -0.839, 0.040, 0.001, -0.839, 
5.240, -0.001, -0.839, 0.040, -0.001, -0.839, 0.040, -0.001, -0.839, 0.040, 0.001, -0.839, 0.040, 0.001, -0.839, 0.040, 0.001, -0.839, 
5.240, -0.001, -0.839, 0.040, -0.001, -0.839, 0.040, -0.001, -0.839, 0.040, 0.001, -0.839, 0.040, 0.001, -0.839, 0.040, 0.001, -0.839, 
5.260, -0.001, -0.839, 0.040, -0.001, -0.839, 0.040, -0.001, -0.839, 0.040, 0.001, -0.839, 0.040, 0.000, -0.839, 0.040, 0.001, -0.839, 
5.260, -0.001, -0.839, 0.040, -0.001, -0.839, 0.040, -0.001, -0.839, 0.040, 0.001, -0.839, 0.040, 0.000, -0.839, 0.040, 0.001, -0.839, 
5.260, -0.001, -0.839, 0.040, -0.001, -0.839, 0.040, -0.001, -0.839, 0.040, 0.001, -0.839, 0.040, 0.000, -0.839, 0.040, 0.001, -0.839, 
5.280, 0.001, -0.839, 0.040, 0.001, -0.839, 0.040, 0.001, -0.839, 0.040, -0.001, -0.839, 0.040, -0.001, -0.839, 0.040, -0.001, -0.839, 
5.280, 0.001, -0.839, 0.040, 0.001, -0.839, 0.040, 0.001, -0.839, 0.040, -0.001, -0.839, 0.040, -0.001, -0.839, 0.040, -0.001, -0.839, 
5.280, 0.001, -0.839, 0.040, 0.001, -0.839, 0.040, 0.001, -0.839, 0.040, -0.001, -0.839, 0.040, -0.001, -0.839, 0.040, -0.001, -0.839, 
5.300, -0.001, -0.839, 0.040, -0.001, -0.839, 0.040, -0.001, -0.839, 0.040, 0.001, -0.839, 0.040, 0.001, -0.839, 0.040, 0.001, -0.839, 
5.300, -0.001, -0.839, 0.040, -0.001, -0.839, 0.040, -0.001, -0.839, 0.040, 0.001, -0.839, 0.040, 0.001, -0.839, 0.040, 0.001, -0.839, 
5.300, -0.001, -0.839, 0.040, -0.001, -0.839, 0.040, -0.001, -0.839, 0.040, 0.001, -0.839, 0.040, 0.001, -0.839, 0.040, 0.001, -0.839, 
5.320, -0.001, -0.839, 0.040, -0.001, -0.839, 0.040, -0.001, -0.839, 0.040, 0.001, -0.839, 0.040, 0.000, -0.839, 0.040, 0.001, -0.839, 
5.320, -0.001, -0.839, 0.040, -0.001, -0.839, 0.040, -0.001, -0.839, 0.040, 0.001, -0.839, 0.040, 0.000, -0.839, 0.040, 0.001, -0.839, 
5.320, -0.001, -0.839, 0.040, -0.001, -0.839, 0.040, -0.001, -0.839, 0.040, 0.001, -0.839, 0.040, 0.000, -0.839, 0.040, 0.001, -0.839, 
5.340, 0.001, -0.839, 0.040, 0.001, -0.839, 0.040, 0.001, -0.839, 0.040, -0.001, -0.839, 0.040, -0.001, -0.839, 0.040, -0.001, -0.839, 
5.340, 0.001, -0.839, 0.040, 0.001, -0.839, 0.040, 0.001, -0.839, 0.040, -0.001, -0.839, 0.040, -0.001, -0.839, 0.040, -0.001, -0.839, 
5.340, 0.001, -0.839, 0.040, 0.001, -0.839, 0.040, 0.001, -0.839, 0.040, -0.001, -0.839, 0.040, -0.001, -0.839, 0.040, -0.001, -0.839, 
5.360, -0.001, -0.839, 0.040, -0.001, -0.839, 0.040, -0.001, -0.839, 0.040, 0.001, -0.839, 0.040, 0.001, -0.839, 0.040, 0.001, -0.839, 
5.360, -0.001, -0.839, 0.040, -0.001, -0.839, 0.040, -0.001, -0.839, 0.040, 0.001, -0.839, 0.040, 0.001, -0.839, 0.040, 0.001, -0.839, 
5.360, -0.001, -0.839, 0.040, -0.001, -0.839, 0.040, -0.001, -0.839, 0.040, 0.001, -0.839, 0.040, 0.001, -0.839, 0.040, 0.001, -0.839, 
5.380, -0.001, -0.839, 0.040, -0.001, -0.839, 0.040, -0.001, -0.839, 0.040, 0.001, -0.839, 0.040, -0.001, -0.839, 0.040, 0.001, -0.839, 
5.380, -0.001, -0.839, 0.040, -0.001, -0.839, 0.040, -0.001, -0.839, 0.040, 0.001, -0.839, 0.040, -0.001, -0.839, 0.040, 0.001, -0.839, 
5.380, -0.001, -0.839, 0.040, -0.001, -0.839, 0.040, -0.001, -0.839, 0.040, 0.001, -0.839, 0.040, -0.001, -0.839, 0.040, 0.001, -0.839, 
5.400, 0.001, -0.839, 0.040, 0.001, -0.839, 0.040, 0.001, -0.839, 0.040, -0.001, -0.839, 0.040, 0.001, -0.839, 0.040, -0.001, -0.839, 
5.400, 0.001, -0.839, 0.040, 0.001, -0.839, 0.040, 0.001, -0.839, 0.040, -0.001, -0.839, 0.040, 0.001, -0.839, 0.040, -0.001, -0.839, 
5.400, 0.001, -0.839, 0.040, 0.001, -0.839, 0.040, 0.001, -0.839, 0.040, -0.001, -0.839, 0.040, 0.001, -0.839, 0.040, -0.001, -0.839, 
5.420, -0.001, -0.839, 0.040, -0.001, -0.839, 0.040, -0.001, -0.839, 0.040, 0.001, -0.839, 0.040, -0.001, -0.839, 0.040, 0.001, -0.839, 
5.420, -0.001, -0.839, 0.040, -0.001, -0.839, 0.040, -0.001, -0.839, 0.040, 0.001, -0.839, 0.040, -0.001, -0.839, 0.040, 0.001, -0.839, 
5.420, -0.001, -0.839, 0.040, -0.001, -0.839, 0.040, -0.001, -0.839, 0.040, 0.001, -0.839, 0.040, -0.001, -0.839, 0.040, 0.001, -0.839, 
5.440, -0.001, -0.839, 0.040, -0.001, -0.839, 0.040, -0.001, -0.839, 0.040, 0.001, -0.839, 0.040, 0.001, -0.839, 0.040, 0.001, -0.839, 
5.440, -0.001, -0.839, 0.040, -0.001, -0.839, 0.040, -0.001, -0.839, 0.040, 0.001, -0.839, 0.040, 0.001, -0.839, 0.040, 0.001, -0.839, 
5.440, -0.001, -0.839, 0.040, -0.001, -0.839, 0.040, -0.001, -0.839, 0.040, 0.001, -0.839, 0.040, 0.001, -0.839, 0.040, 0.001, -0.839, 
5.460, 0.001, -0.839, 0.040, 0.001, -0.839, 0.040, 0.001, -0.839, 0.040, -0.001, -0.839, 0.040, -0.001, -0.839, 0.040, -0.001, -0.839, 
5.460, 0.001, -0.839, 0.040, 0.001, -0.839, 0.040, 0.001, -0.839, 0.040, -0.001, -0.839, 0.040, -0.001, -0.839, 0.040, -0.001, -0.839, 
5.460, 0.001, -0.839, 0.040, 0.001, -0.839, 0.040, 0.001, -0.839, 0.040, -0.001, -0.839, 0.040, -0.001, -0.839, 0.040, -0.001, -0.839, 
5.480, -0.001, -0.839, 0.040, -0.001, -0.839, 0.040, -0.001, -0.839, 0.040, 0.001, -0.839, 0.040, 0.000, -0.839, 0.040, 0.001, -0.839, 
5.480, -0.001, -0.839, 0.040, -0.001, -0.839, 0.040, -0.001, -0.839, 0.040, 0.001, -0.839, 0.040, 0.000, -0.839, 0.040, 0.001, -0.839, 
5.480, -0.001, -0.839, 0.040, -0.001, -0.839, 0.040, -0.001, -0.839, 0.040, 0.001, -0.839, 0.040, 0.000, -0.839, 0.040, 0.001, -0.839, 
5.500, -0.001, -0.839, 0.040, -0.001, -0.839, 0.040, -0.001, -0.839, 0.040, 0.001, -0.839, 0.040, 0.001, -0.839, 0.040, 0.001, -0.839, 
5.500, -0.001, -0.839, 0.040, -0.001, -0.839, 0.040, -0.001, -0.839, 0.040, 0.001, -0.839, 0.040, 0.001, -0.839, 0.040, 0.001, -0.839, 
5.500, -0.001, -0.839, 0.040, -0.001, -0.839, 0.040, -0.001, -0.839, 0.040, 0.001, -0.839, 0.040, 0.001, -0.839, 0.040, 0.001, -0.839, 
5.520, 0.001, -0.839, 0.040, 0.001, -0.839, 0.040, 0.001, -0.839, 0.040, -0.001, -0.839, 0.040, -0.001, -0.839, 0.040, -0.001, -0.839, 
5.520, 0.001, -0.839, 0.040, 0.001, -0.839, 0.040, 0.001, -0.839, 0.040, -0.001, -0.839, 0.040, -0.001, -0.839, 0.040, -0.001, -0.839, 
5.520, 0.001, -0.839, 0.040, 0.001, -0.839, 0.040, 0.001, -0.839, 0.040, -0.001, -0.839, 0.040, -0.001, -0.839, 0.040, -0.001, -0.839, 
5.540, -0.001, -0.839, 0.040, -0.001, -0.839, 0.040, -0.001, -0.839, 0.040, 0.001, -0.839, 0.040, 0.000, -0.839, 0.040, 0.001, -0.839, 
5.540, -0.001, -0.839, 0.040, -0.001, -0.839, 0.040, -0.001, -0.839, 0.040, 0.001, -0.839, 0.040, 0.000, -0.839, 0.040, 0.001, -0.839, 
5.540, -0.001, -0.839, 0.040, -0.001, -0.839, 0.040, -0.001, -0.839, 0.040, 0.001, -0.839, 0.040, 0.000, -0.839, 0.040, 0.001, -0.839, 
5.560, -0.001, -0.839, 0.040, -0.001, -0.839, 0.040, -0.001, -0.839, 0.040, 0.001, -0.839, 0.040, -0.001, -0.839, 0.040, 0.001, -0.839, 
5.560, -0.001, -0.839, 0.040, -0.001, -0.839, 0.040, -0.001, -0.839, 0.040, 0.001, -0.839, 0.040, -0.001, -0.839, 0.040, 0.001, -0.839, 
5.560, -0.001, -0.839, 0.040, -0.001, -0.839, 0.040, -0.001, -0.839, 0.040, 0.001, -0.839, 0.040, -0.001, -0.839, 0.040, 0.001, -0.839, 
5.580, 0.001, -0.839, 0.040, 0.001, -0.839, 0.040, 0.001, -0.839, 0.040, -0.001, -0.839, 0.040, 0.001, -0.839, 0.040, -0.001, -0.839, 
5.580, 0.001, -0.839, 0.040, 0.001, -0.839, 0.040, 0.001, -0.839, 0.040, -0.001, -0.839, 0.040, 0.001, -0.839, 0.040, -0.001, -0.839, 
5.580, 0.001, -0.839, 0.040, 0.001, -0.839, 0.040, 0.001, -0.839, 0.040, -0.001, -0.839, 0.040, 0.001, -0.839, 0.040, -0.001, -0.839, 
5.600, -0.001, -0.839, 0.040, -0.001, -0.839, 0.040, -0.001, -0.839, 0.040, 0.001, -0.839, 0.040, 0.001, -0.839, 0.040, 0.001, -0.839, 
5.600, -0.001, -0.839, 0.040, -0.001, -0.839, 0.040, -0.001, -0.839, 0.040, 0.001, -0.839, 0.040, 0.001, -0.839, 0.040, 0.001, -0.839, 
5.600, -0.001, -0.839, 0.040, -0.001, -0.839, 0.040, -0.001, -0.839, 0.040, 0.001, -0.839, 0.040, 0.001, -0.839, 0.040, 0.001, -0.839, 
5.620, -0.001, -0.839, 0.040, -0.001, -0.839, 0.040, -0.001, -0.839, 0.040, 0.001, -0.839, 0.040, -0.001, -0.839, 0.040, 0.001, -0.839, 
5.620, -0.001, -0.839, 0.040, -0.001, -0.839, 0.040, -0.001, -0.839, 0.040, 0.001, -0.839, 0.040, -0.001, -0.839, 0.040, 0.001, -0.839, 
5.620, -0.001, -0.839, 0.040, -0.001, -0.839, 0.040, -0.001, -0.839, 0.040, 0.001, -0.839, 0.040, -0.001, -0.839, 0.040, 0.001, -0.839, 
5.640, 0.001, -0.839, 0.040, 0.001, -0.839, 0.040, 0.001, -0.839, 0.040, -0.001, -0.839, 0.040, 0.001, -0.839, 0.040, -0.001, -0.839, 
5.640, 0.001, -0.839, 0.040, 0.001, -0.839, 0.040, 0.001, -0.839, 0.040, -0.001, -0.839, 0.040, 0.001, -0.839, 0.040, -0.001, -0.839, 
5.640, 0.001, -0.839, 0.040, 0.001, -0.839, 0.040, 0.001, -0.839, 0.040, -0.001, -0.839, 0.040, 0.001, -0.839, 0.040, -0.001, -0.839, 
5.660, -0.001, -0.839, 0.040, -0.001, -0.839, 0.040, -0.001, -0.839, 0.040, 0.001, -0.839, 0.040, 0.001, -0.839, 0.040, 0.001, -0.839, 
5.660, -0.001, -0.839, 0.040, -0.001, -0.839, 0.040, -0.001, -0.839, 0.040, 0.001, -0.839, 0.040, 0.001, -0.839, 0.040, 0.001, -0.839, 
5.660, -0.001, -0.839, 0.040, -0.001, -0.839, 0.040, -0.001, -0.839, 0.040, 0.001, -0.839, 0.040, 0.001, -0.839, 0.040, 0.001, -0.839, 
5.680, -0.001, -0.839, 0.040, -0.001, -0.839, 0.040, -0.001, -0.839, 0.040, 0.001, -0.839, 0.040, 0.000, -0.839, 0.040, 0.001, -0.839, 
5.680, -0.001, -0.839, 0.040, -0.001, -0.839, 0.040, -0.001, -0.839, 0.040, 0.001, -0.839, 0.040, 0.000, -0.839, 0.040, 0.001, -0.839, 
5.680, -0.001, -0.839, 0.040, -0.001, -0.839, 0.040, -0.001, -0.839, 0.040, 0.001, -0.839, 0.040, 0.000, -0.839, 0.040, 0.001, -0.839, 
5.700, 0.001, -0.839, 0.040, 0.001, -0.839, 0.040, 0.001, -0.839, 0.040, -0.001, -0.839, 0.040, 0.000, -0.839, 0.040, -0.001, -0.839, 
5.700, 0.001, -0.839, 0.040, 0.001, -0.839, 0.040, 0.001, -0.839, 0.040, -0.001, -0.839, 0.040, 0.000, -0.839, 0.040, -0.001, -0.839, 
5.700, 0.001, -0.839, 0.040, 0.001, -0.839, 0.040, 0.001, -0.839, 0.040, -0.001, -0.839, 0.040, 0.000, -0.839, 0.040, -0.001, -0.839, 
5.720, -0.001, -0.839, 0.040, -0.001, -0.839, 0.040, -0.001, -0.839, 0.040, 0.001, -0.839, 0.040, -0.001, -0.839, 0.040, 0.001, -0.839, 
5.720, -0.001, -0.839, 0.040, -0.001, -0.839, 0.040, -0.001, -0.839, 0.040, 0.001, -0.839, 0.040, -0.001, -0.839, 0.040, 0.001, -0.839, 
5.720, -0.001, -0.839, 0.040, -0.001, -0.839, 0.040, -0.001, -0.839, 0.040, 0.001, -0.839, 0.040, -0.001, -0.839, 0.040, 0.001, -0.839, 
5.740, -0.001, -0.839, 0.040, -0.001, -0.839, 0.040, -0.001, -0.839, 0.040, 0.001, -0.839, 0.040, 0.001, -0.839, 0.040, 0.001, -0.839, 
5.740, -0.001, -0.839, 0.040, -0.001, -0.839, 0.040, -0.001, -0.839, 0.040, 0.001, -0.839, 0.040, 0.001, -0.839, 0.040, 0.001, -0.839, 
5.740, -0.001, -0.839, 0.040, -0.001, -0.839, 0.040, -0.001, -0.839, 0.040, 0.001, -0.839, 0.040, 0.001, -0.839, 0.040, 0.001, -0.839, 
5.760, 0.001, -0.839, 0.040, 0.001, -0.839, 0.040, 0.001, -0.839, 0.040, -0.001, -0.839, 0.040, 0.000, -0.839, 0.040, -0.001, -0.839, 
5.760, 0.001, -0.839, 0.040, 0.001, -0.839, 0.040, 0.001, -0.839, 0.040, -0.001, -0.839, 0.040, 0.000, -0.839, 0.040, -0.001, -0.839, 
5.760, 0.001, -0.839, 0.040, 0.001, -0.839, 0.040, 0.001, -0.839, 0.040, -0.001, -0.839, 0.040, 0.000, -0.839, 0.040, -0.001, -0.839, 
5.780, -0.001, -0.839, 0.040, -0.001, -0.839, 0.040, -0.001, -0.839, 0.040, 0.001, -0.839, 0.040, -0.001, -0.839, 0.040, 0.001, -0.839, 
5.780, -0.001, -0.839, 0.040, -0.001, -0.839, 0.040, -0.001, -0.839, 0.040, 0.001, -0.839, 0.040, -0.001, -0.839, 0.040, 0.001, -0.839, 
5.780, -0.001, -0.839, 0.040, -0.001, -0.839, 0.040, -0.001, -0.839, 0.040, 0.001, -0.839, 0.040, -0.001, -0.839, 0.040, 0.001, -0.839, 
5.800, -0.001, -0.839, 0.040, -0.001, -0.839, 0.040, -0.001, -0.839, 0.040, 0.001, -0.839, 0.040, 0.001, -0.839, 0.040, 0.001, -0.839, 
5.800, -0.001, -0.839, 0.040, -0.001, -0.839, 0.040, -0.001, -0.839, 0.040, 0.001, -0.839, 0.040, 0.001, -0.839, 0.040, 0.001, -0.839, 
5.800, -0.001, -0.839, 0.040, -0.001, -0.839, 0.040, -0.001, -0.839, 0.040, 0.001, -0.839, 0.040, 0.001, -0.839, 0.040, 0.001, -0.839, 
5.820, 0.001, -0.839, 0.040, 0.001, -0.839, 0.040, 0.001, -0.839, 0.040, -0.001, -0.839, 0.040, -0.001, -0.839, 0.040, -0.001, -0.839, 
5.820, 0.001, -0.839, 0.040, 0.001, -0.839, 0.040, 0.001, -0.839, 0.040, -0.001, -0.839, 0.040, -0.001, -0.839, 0.040, -0.001, -0.839, 
5.820, 0.001, -0.839, 0.040, 0.001, -0.839, 0.040, 0.001, -0.839, 0.040, -0.001, -0.839, 0.040, -0.001, -0.839, 0.040, -0.001, -0.839, 
5.840, -0.001, -0.839, 0.040, -0.001, -0.839, 0.040, -0.001, -0.839, 0.040, 0.001, -0.839, 0.040, 0.001, -0.839, 0.040, 0.001, -0.839, 
5.840, -0.001, -0.839, 0.040, -0.001, -0.839, 0.040, -0.001, -0.839, 0.040, 0.001, -0.839, 0.040, 0.001, -0.839, 0.040, 0.001, -0.839, 
5.840, -0.001, -0.839, 0.040, -0.001, -0.839, 0.040, -0.001, -0.839, 0.040, 0.001, -0.839, 0.040, 0.001, -0.839, 0.040, 0.001, -0.839, 
5.860, -0.001, -0.839, 0.040, -0.001, -0.839, 0.040, -0.001, -0.839, 0.040, 0.001, -0.839, 0.040, -0.001, -0.839, 0.040, 0.001, -0.839, 
5.860, -0.001, -0.839, 0.040, -0.001, -0.839, 0.040, -0.001, -0.839, 0.040, 0.001, -0.839, 0.040, -0.001, -0.839, 0.040, 0.001, -0.839, 
5.860, -0.001, -0.839, 0.040, -0.001, -0.839, 0.040, -0.001, -0.839, 0.040, 0.001, -0.839, 0.040, -0.001, -0.839, 0.040, 0.001, -0.839, 
5.880, 0.001, -0.839, 0.040, 0.001, -0.839, 0.040, 0.001, -0.839, 0.040, -0.001, -0.839, 0.040, 0.001, -0.839, 0.040, -0.001, -0.839, 
5.880, 0.001, -0.839, 0.040, 0.001, -0.839, 0.040, 0.001, -0.839, 0.040, -0.001, -0.839, 0.040, 0.001, -0.839, 0.040, -0.001, -0.839, 
5.880, 0.001, -0.839, 0.040, 0.001, -0.839, 0.040, 0.001, -0.839, 0.040, -0.001, -0.839, 0.040, 0.001, -0.839, 0.040, -0.001, -0.839, 
5.900, -0.001, -0.839, 0.040, -0.001, -0.839, 0.040, -0.001, -0.839, 0.040, 0.001, -0.839, 0.040, -0.001, -0.839, 0.040, 0.001, -0.839, 
5.900, -0.001, -0.839, 0.040, -0.001, -0.839, 0.040, -0.001, -0.839, 0.040, 0.001, -0.839, 0.040, -0.001, -0.839, 0.040, 0.001, -0.839, 
5.900, -0.001, -0.839, 0.040, -0.001, -0.839, 0.040, -0.001, -0.839, 0.040, 0.001, -0.839, 0.040, -0.001, -0.839, 0.040, 0.001, -0.839, 
5.920, -0.001, -0.839, 0.040, -0.001, -0.839, 0.040, -0.001, -0.839, 0.040, 0.001, -0.839, 0.040, 0.000, -0.839, 0.040, 0.001, -0.839, 
5.920, -0.001, -0.839, 0.040, -0.001, -0.839, 0.040, -0.001, -0.839, 0.040, 0.001, -0.839, 0.040, 0.000, -0.839, 0.040, 0.001, -0.839, 
5.920, -0.001, -0.839, 0.040, -0.001, -0.839, 0.040, -0.001, -0.839, 0.040, 0.001, -0.839, 0.040, 0.000, -0.839, 0.040, 0.001, -0.839, 
5.940, 0.001, -0.839, 0.040, 0.001, -0.839, 0.040, 0.001, -0.839, 0.040, -0.001, -0.839, 0.040, 0.001, -0.839, 0.040, -0.001, -0.839, 
5.940, 0.001, -0.839, 0.040, 0.001, -0.839, 0.040, 0.001, -0.839, 0.040, -0.001, -0.839, 0.040, 0.001, -0.839, 0.040, -0.001, -0.839, 
5.940, 0.001, -0.839, 0.040, 0.001, -0.839, 0.040, 0.001, -0.839, 0.040, -0.001, -0.839, 0.040, 0.001, -0.839, 0.040, -0.001, -0.839, 
5.960, -0.001, -0.839, 0.040, -0.001, -0.839, 0.040, -0.001, -0.839, 0.040, 0.001, -0.839, 0.040, -0.001, -0.839, 0.040, 0.001, -0.839, 
5.960, -0.001, -0.839, 0.040, -0.001, -0.839, 0.040, -0.001, -0.839, 0.040, 0.001, -0.839, 0.040, -0.001, -0.839, 0.040, 0.001, -0.839, 
5.960, -0.001, -0.839, 0.040, -0.001, -0.839, 0.040, -0.001, -0.839, 0.040, 0.001, -0.839, 0.040, -0.001, -0.839, 0.040, 0.001, -0.839, 
5.980, -0.001, -0.839, 0.040, -0.001, -0.839, 0.040, -0.001, -0.839, 0.040, 0.001, -0.839, 0.040, 0.000, -0.839, 0.040, 0.001, -0.839, 
5.980, -0.001, -0.839, 0.040, -0.001, -0.839, 0.040, -0.001, -0.839, 0.040, 0.001, -0.839, 0.040, 0.000, -0.839, 0.040, 0.001, -0.839, 
5.980, -0.001, -0.839, 0.040, -0.001, -0.839, 0.040, -0.001, -0.839, 0.040, 0.001, -0.839, 0.040, 0.000, -0.839, 0.040, 0.001, -0.839, 
6.000, 0.001, -0.839, 0.040, 0.001, -0.839, 0.040, 0.001, -0.839, 0.040, -0.001, -0.839, 0.040, -0.001, -0.839, 0.040, -0.001, -0.839, 
6.000, 0.001, -0.839, 0.040, 0.001, -0.839, 0.040, 0.001, -0.839, 0.040, -0.001, -0.839, 0.040, -0.001, -0.839, 0.040, -0.001, -0.839, 
6.000, 0.001, -0.839, 0.040, 0.001, -0.839, 0.040, 0.001, -0.839, 0.040, -0.001, -0.839, 0.040, -0.001, -0.839, 0.040, -0.001, -0.839, 
