Time (s),torque_R1_J1, torque_R1_J2, torque_R1_J3, torque_R2_J1, torque_R2_J2, torque_R2_J3, torque_R3_J1, torque_R3_J2, torque_R3_J3, torque_L1_J1, torque_L1_J2, torque_L1_J3, torque_L2_J1, torque_L2_J2, torque_L2_J3, torque_L3_J1, torque_L3_J2, torque_L3_J3
0.000, -0.000, -0.000, -0.000, -0.000, -0.000, -0.000, -0.000, -0.000, -0.000, 0.000, -0.000, 0.000, 0.000, -0.000, -0.000, 0.000, -0.000, 
0.000, -0.000, -0.000, -0.000, -0.000, -0.000, -0.000, -0.000, -0.000, -0.000, 0.000, -0.000, 0.000, 0.000, -0.000, -0.000, 0.000, -0.000, 
0.000, -0.000, -0.000, -0.000, -0.000, -0.000, -0.000, -0.000, -0.000, -0.000, 0.000, -0.000, 0.000, 0.000, -0.000, -0.000, 0.000, -0.000, 
0.015, -0.000, -0.000, -0.000, -0.000, -0.000, -0.000, 0.000, -0.000, -0.000, 0.000, -0.000, -0.000, -0.000, -0.000, -0.000, -0.000, -0.000, 
0.015, -0.000, -0.000, -0.000, -0.000, -0.000, -0.000, 0.000, -0.000, -0.000, 0.000, -0.000, -0.000, -0.000, -0.000, -0.000, -0.000, -0.000, 
0.015, -0.000, -0.000, -0.000, -0.000, -0.000, -0.000, 0.000, -0.000, -0.000, 0.000, -0.000, -0.000, -0.000, -0.000, -0.000, -0.000, -0.000, 
0.030, -0.000, -0.000, -0.000, -0.000, 0.000, -0.000, 0.000, -0.000, -0.000, 0.000, 0.000, -0.000, -0.000, -0.000, -0.000, -0.000, -0.000, 
0.030, -0.000, -0.000, -0.000, -0.000, 0.000, -0.000, 0.000, -0.000, -0.000, 0.000, 0.000, -0.000, -0.000, -0.000, -0.000, -0.000, -0.000, 
0.030, -0.000, -0.000, -0.000, -0.000, 0.000, -0.000, 0.000, -0.000, -0.000, 0.000, 0.000, -0.000, -0.000, -0.000, -0.000, -0.000, -0.000, 
0.045, -0.000, -0.000, -0.000, -0.000, -0.000, -0.000, 0.000, -0.000, -0.000, 0.000, 0.000, -0.000, -0.000, -0.000, -0.000, -0.000, -0.000, 
0.045, -0.000, -0.000, -0.000, -0.000, -0.000, -0.000, 0.000, -0.000, -0.000, 0.000, 0.000, -0.000, -0.000, -0.000, -0.000, -0.000, -0.000, 
0.045, -0.000, -0.000, -0.000, -0.000, -0.000, -0.000, 0.000, -0.000, -0.000, 0.000, 0.000, -0.000, -0.000, -0.000, -0.000, -0.000, -0.000, 
0.060, -0.000, -0.000, -0.000, -0.000, -0.000, -0.000, 0.000, -0.000, -0.000, 0.000, 0.000, -0.000, -0.000, -0.000, -0.000, -0.000, -0.000, 
0.060, -0.000, -0.000, -0.000, -0.000, -0.000, -0.000, 0.000, -0.000, -0.000, 0.000, 0.000, -0.000, -0.000, -0.000, -0.000, -0.000, -0.000, 
0.060, -0.000, -0.000, -0.000, -0.000, -0.000, -0.000, 0.000, -0.000, -0.000, 0.000, 0.000, -0.000, -0.000, -0.000, -0.000, -0.000, -0.000, 
0.075, -0.000, -0.000, -0.000, -0.000, -0.000, -0.000, 0.000, -0.000, -0.000, 0.000, 0.000, -0.000, -0.000, -0.000, -0.000, -0.000, -0.000, 
0.075, -0.000, -0.000, -0.000, -0.000, -0.000, -0.000, 0.000, -0.000, -0.000, 0.000, 0.000, -0.000, -0.000, -0.000, -0.000, -0.000, -0.000, 
0.075, -0.000, -0.000, -0.000, -0.000, -0.000, -0.000, 0.000, -0.000, -0.000, 0.000, 0.000, -0.000, -0.000, -0.000, -0.000, -0.000, -0.000, 
0.090, -0.000, -0.000, -0.000, -0.000, -0.000, -0.000, 0.000, -0.000, -0.000, 0.000, -0.000, -0.000, -0.000, -0.000, -0.000, -0.000, -0.000, 
0.090, -0.000, -0.000, -0.000, -0.000, -0.000, -0.000, 0.000, -0.000, -0.000, 0.000, -0.000, -0.000, -0.000, -0.000, -0.000, -0.000, -0.000, 
0.090, -0.000, -0.000, -0.000, -0.000, -0.000, -0.000, 0.000, -0.000, -0.000, 0.000, -0.000, -0.000, -0.000, -0.000, -0.000, -0.000, -0.000, 
0.105, -0.000, -0.000, -0.000, -0.000, -0.000, -0.000, 0.000, -0.000, -0.000, 0.000, -0.000, -0.000, -0.000, -0.000, -0.000, -0.000, -0.000, 
0.105, -0.000, -0.000, -0.000, -0.000, -0.000, -0.000, 0.000, -0.000, -0.000, 0.000, -0.000, -0.000, -0.000, -0.000, -0.000, -0.000, -0.000, 
0.105, -0.000, -0.000, -0.000, -0.000, -0.000, -0.000, 0.000, -0.000, -0.000, 0.000, -0.000, -0.000, -0.000, -0.000, -0.000, -0.000, -0.000, 
0.120, -0.000, -0.000, -0.000, -0.000, 0.000, -0.000, 0.000, -0.000, -0.000, 0.000, -0.000, -0.000, -0.000, -0.000, -0.000, -0.000, -0.000, 
0.120, -0.000, -0.000, -0.000, -0.000, 0.000, -0.000, 0.000, -0.000, -0.000, 0.000, -0.000, -0.000, -0.000, -0.000, -0.000, -0.000, -0.000, 
0.120, -0.000, -0.000, -0.000, -0.000, 0.000, -0.000, 0.000, -0.000, -0.000, 0.000, -0.000, -0.000, -0.000, -0.000, -0.000, -0.000, -0.000, 
0.135, -0.000, 0.000, -0.000, -0.000, -0.000, -0.000, 0.000, 0.000, -0.000, 0.000, -0.000, -0.000, 0.000, 0.000, -0.000, -0.000, 0.000, 
0.135, -0.000, 0.000, -0.000, -0.000, -0.000, -0.000, 0.000, 0.000, -0.000, 0.000, -0.000, -0.000, 0.000, 0.000, -0.000, -0.000, 0.000, 
0.135, -0.000, 0.000, -0.000, -0.000, -0.000, -0.000, 0.000, 0.000, -0.000, 0.000, -0.000, -0.000, 0.000, 0.000, -0.000, -0.000, 0.000, 
0.150, -0.005, 0.214, -0.219, -0.005, 0.246, -0.195, -0.005, 0.312, -0.156, 0.006, 0.269, -0.196, 0.006, 0.257, -0.190, 0.006, 0.246, 
0.150, -0.005, 0.214, -0.219, -0.005, 0.246, -0.195, -0.005, 0.312, -0.156, 0.006, 0.269, -0.196, 0.006, 0.257, -0.190, 0.006, 0.246, 
0.150, -0.005, 0.214, -0.219, -0.005, 0.246, -0.195, -0.005, 0.312, -0.156, 0.006, 0.269, -0.196, 0.006, 0.257, -0.190, 0.006, 0.246, 
0.165, 0.031, -0.285, -0.416, 0.031, -0.310, -0.460, 0.031, -0.349, -0.572, -0.032, -0.337, -0.556, -0.032, -0.315, -0.483, -0.032, -0.297, 
0.165, 0.031, -0.285, -0.416, 0.031, -0.310, -0.460, 0.031, -0.349, -0.572, -0.032, -0.337, -0.556, -0.032, -0.315, -0.483, -0.032, -0.297, 
0.165, 0.031, -0.285, -0.416, 0.031, -0.310, -0.460, 0.031, -0.349, -0.572, -0.032, -0.337, -0.556, -0.032, -0.315, -0.483, -0.032, -0.297, 
0.180, 0.033, -0.201, -0.241, 0.033, -0.218, -0.273, 0.033, -0.276, -0.388, -0.033, -0.273, -0.378, -0.033, -0.230, -0.297, -0.033, -0.189, 
0.180, 0.033, -0.201, -0.241, 0.033, -0.218, -0.273, 0.033, -0.276, -0.388, -0.033, -0.273, -0.378, -0.033, -0.230, -0.297, -0.033, -0.189, 
0.180, 0.033, -0.201, -0.241, 0.033, -0.218, -0.273, 0.033, -0.276, -0.388, -0.033, -0.273, -0.378, -0.033, -0.230, -0.297, -0.033, -0.189, 
0.195, 0.021, -0.082, -0.114, 0.021, -0.090, -0.131, 0.021, -0.099, -0.170, -0.021, -0.134, -0.202, -0.021, -0.097, -0.145, -0.021, -0.039, 
0.195, 0.021, -0.082, -0.114, 0.021, -0.090, -0.131, 0.021, -0.099, -0.170, -0.021, -0.134, -0.202, -0.021, -0.097, -0.145, -0.021, -0.039, 
0.195, 0.021, -0.082, -0.114, 0.021, -0.090, -0.131, 0.021, -0.099, -0.170, -0.021, -0.134, -0.202, -0.021, -0.097, -0.145, -0.021, -0.039, 
0.210, 0.009, 0.079, 0.040, 0.009, 0.084, 0.039, 0.009, 0.136, 0.081, -0.009, 0.055, -0.000, -0.009, 0.084, 0.037, -0.009, 0.160, 
0.210, 0.009, 0.079, 0.040, 0.009, 0.084, 0.039, 0.009, 0.136, 0.081, -0.009, 0.055, -0.000, -0.009, 0.084, 0.037, -0.009, 0.160, 
0.210, 0.009, 0.079, 0.040, 0.009, 0.084, 0.039, 0.009, 0.136, 0.081, -0.009, 0.055, -0.000, -0.009, 0.084, 0.037, -0.009, 0.160, 
0.225, 0.001, 0.216, 0.167, 0.001, 0.230, 0.179, 0.001, 0.318, 0.269, -0.001, 0.212, 0.161, -0.001, 0.235, 0.184, -0.001, 0.319, 
0.225, 0.001, 0.216, 0.167, 0.001, 0.230, 0.179, 0.001, 0.318, 0.269, -0.001, 0.212, 0.161, -0.001, 0.235, 0.184, -0.001, 0.319, 
0.225, 0.001, 0.216, 0.167, 0.001, 0.230, 0.179, 0.001, 0.318, 0.269, -0.001, 0.212, 0.161, -0.001, 0.235, 0.184, -0.001, 0.319, 
0.240, 0.002, 0.317, 0.262, 0.002, 0.339, 0.283, 0.002, 0.354, 0.305, -0.002, 0.309, 0.259, -0.002, 0.325, 0.270, -0.002, 0.376, 
0.240, 0.002, 0.317, 0.262, 0.002, 0.339, 0.283, 0.002, 0.354, 0.305, -0.002, 0.309, 0.259, -0.002, 0.325, 0.270, -0.002, 0.376, 
0.240, 0.002, 0.317, 0.262, 0.002, 0.339, 0.283, 0.002, 0.354, 0.305, -0.002, 0.309, 0.259, -0.002, 0.325, 0.270, -0.002, 0.376, 
0.255, 0.004, 0.378, 0.317, 0.004, 0.389, 0.329, 0.004, 0.355, 0.305, -0.004, 0.356, 0.305, -0.004, 0.373, 0.314, -0.004, 0.393, 
0.255, 0.004, 0.378, 0.317, 0.004, 0.389, 0.329, 0.004, 0.355, 0.305, -0.004, 0.356, 0.305, -0.004, 0.373, 0.314, -0.004, 0.393, 
0.255, 0.004, 0.378, 0.317, 0.004, 0.389, 0.329, 0.004, 0.355, 0.305, -0.004, 0.356, 0.305, -0.004, 0.373, 0.314, -0.004, 0.393, 
0.270, 0.006, 0.399, 0.336, 0.006, 0.397, 0.334, 0.006, 0.356, 0.306, -0.006, 0.360, 0.309, -0.006, 0.389, 0.329, -0.006, 0.403, 
0.270, 0.006, 0.399, 0.336, 0.006, 0.397, 0.334, 0.006, 0.356, 0.306, -0.006, 0.360, 0.309, -0.006, 0.389, 0.329, -0.006, 0.403, 
0.270, 0.006, 0.399, 0.336, 0.006, 0.397, 0.334, 0.006, 0.356, 0.306, -0.006, 0.360, 0.309, -0.006, 0.389, 0.329, -0.006, 0.403, 
0.285, 0.006, 0.397, 0.332, 0.006, 0.397, 0.333, 0.006, 0.359, 0.308, -0.006, 0.361, 0.309, -0.006, 0.389, 0.327, -0.006, 0.404, 
0.285, 0.006, 0.397, 0.332, 0.006, 0.397, 0.333, 0.006, 0.359, 0.308, -0.006, 0.361, 0.309, -0.006, 0.389, 0.327, -0.006, 0.404, 
0.285, 0.006, 0.397, 0.332, 0.006, 0.397, 0.333, 0.006, 0.359, 0.308, -0.006, 0.361, 0.309, -0.006, 0.389, 0.327, -0.006, 0.404, 
0.300, 0.004, 0.384, 0.317, 0.004, 0.384, 0.319, 0.004, 0.354, 0.302, -0.004, 0.353, 0.299, -0.004, 0.377, 0.315, -0.004, 0.393, 
0.300, 0.004, 0.384, 0.317, 0.004, 0.384, 0.319, 0.004, 0.354, 0.302, -0.004, 0.353, 0.299, -0.004, 0.377, 0.315, -0.004, 0.393, 
0.300, 0.004, 0.384, 0.317, 0.004, 0.384, 0.319, 0.004, 0.354, 0.302, -0.004, 0.353, 0.299, -0.004, 0.377, 0.315, -0.004, 0.393, 
0.315, 0.004, 0.365, 0.298, 0.004, 0.366, 0.300, 0.003, 0.342, 0.289, -0.004, 0.338, 0.283, -0.004, 0.360, 0.297, -0.003, 0.375, 
0.315, 0.004, 0.365, 0.298, 0.004, 0.366, 0.300, 0.003, 0.342, 0.289, -0.004, 0.338, 0.283, -0.004, 0.360, 0.297, -0.003, 0.375, 
0.315, 0.004, 0.365, 0.298, 0.004, 0.366, 0.300, 0.003, 0.342, 0.289, -0.004, 0.338, 0.283, -0.004, 0.360, 0.297, -0.003, 0.375, 
0.330, 0.003, 0.343, 0.276, 0.003, 0.345, 0.279, 0.003, 0.325, 0.271, -0.003, 0.320, 0.265, -0.003, 0.340, 0.276, -0.003, 0.354, 
0.330, 0.003, 0.343, 0.276, 0.003, 0.345, 0.279, 0.003, 0.325, 0.271, -0.003, 0.320, 0.265, -0.003, 0.340, 0.276, -0.003, 0.354, 
0.330, 0.003, 0.343, 0.276, 0.003, 0.345, 0.279, 0.003, 0.325, 0.271, -0.003, 0.320, 0.265, -0.003, 0.340, 0.276, -0.003, 0.354, 
0.345, 0.002, 0.321, 0.254, 0.002, 0.323, 0.257, 0.002, 0.306, 0.251, -0.002, 0.300, 0.244, -0.002, 0.318, 0.254, -0.002, 0.331, 
0.345, 0.002, 0.321, 0.254, 0.002, 0.323, 0.257, 0.002, 0.306, 0.251, -0.002, 0.300, 0.244, -0.002, 0.318, 0.254, -0.002, 0.331, 
0.345, 0.002, 0.321, 0.254, 0.002, 0.323, 0.257, 0.002, 0.306, 0.251, -0.002, 0.300, 0.244, -0.002, 0.318, 0.254, -0.002, 0.331, 
0.360, 0.002, 0.299, 0.232, 0.002, 0.300, 0.235, 0.002, 0.286, 0.231, -0.002, 0.280, 0.224, -0.002, 0.296, 0.233, -0.002, 0.309, 
0.360, 0.002, 0.299, 0.232, 0.002, 0.300, 0.235, 0.002, 0.286, 0.231, -0.002, 0.280, 0.224, -0.002, 0.296, 0.233, -0.002, 0.309, 
0.360, 0.002, 0.299, 0.232, 0.002, 0.300, 0.235, 0.002, 0.286, 0.231, -0.002, 0.280, 0.224, -0.002, 0.296, 0.233, -0.002, 0.309, 
0.375, 0.002, 0.277, 0.211, 0.002, 0.279, 0.213, 0.002, 0.266, 0.210, -0.002, 0.260, 0.204, -0.002, 0.275, 0.211, -0.002, 0.287, 
0.375, 0.002, 0.277, 0.211, 0.002, 0.279, 0.213, 0.002, 0.266, 0.210, -0.002, 0.260, 0.204, -0.002, 0.275, 0.211, -0.002, 0.287, 
0.375, 0.002, 0.277, 0.211, 0.002, 0.279, 0.213, 0.002, 0.266, 0.210, -0.002, 0.260, 0.204, -0.002, 0.275, 0.211, -0.002, 0.287, 
0.390, 0.002, 0.257, 0.191, 0.002, 0.258, 0.193, 0.002, 0.248, 0.191, -0.002, 0.242, 0.184, -0.002, 0.255, 0.192, -0.002, 0.266, 
0.390, 0.002, 0.257, 0.191, 0.002, 0.258, 0.193, 0.002, 0.248, 0.191, -0.002, 0.242, 0.184, -0.002, 0.255, 0.192, -0.002, 0.266, 
0.390, 0.002, 0.257, 0.191, 0.002, 0.258, 0.193, 0.002, 0.248, 0.191, -0.002, 0.242, 0.184, -0.002, 0.255, 0.192, -0.002, 0.266, 
0.405, 0.001, 0.239, 0.173, 0.001, 0.240, 0.175, 0.001, 0.230, 0.173, -0.001, 0.225, 0.167, -0.001, 0.237, 0.174, -0.001, 0.247, 
0.405, 0.001, 0.239, 0.173, 0.001, 0.240, 0.175, 0.001, 0.230, 0.173, -0.001, 0.225, 0.167, -0.001, 0.237, 0.174, -0.001, 0.247, 
0.405, 0.001, 0.239, 0.173, 0.001, 0.240, 0.175, 0.001, 0.230, 0.173, -0.001, 0.225, 0.167, -0.001, 0.237, 0.174, -0.001, 0.247, 
0.420, 0.001, 0.222, 0.156, 0.001, 0.223, 0.158, 0.001, 0.214, 0.157, -0.001, 0.209, 0.151, -0.001, 0.221, 0.157, -0.001, 0.229, 
0.420, 0.001, 0.222, 0.156, 0.001, 0.223, 0.158, 0.001, 0.214, 0.157, -0.001, 0.209, 0.151, -0.001, 0.221, 0.157, -0.001, 0.229, 
0.420, 0.001, 0.222, 0.156, 0.001, 0.223, 0.158, 0.001, 0.214, 0.157, -0.001, 0.209, 0.151, -0.001, 0.221, 0.157, -0.001, 0.229, 
0.435, 0.001, 0.207, 0.142, 0.001, 0.207, 0.143, 0.001, 0.200, 0.142, -0.001, 0.195, 0.137, -0.001, 0.206, 0.142, -0.001, 0.213, 
0.435, 0.001, 0.207, 0.142, 0.001, 0.207, 0.143, 0.001, 0.200, 0.142, -0.001, 0.195, 0.137, -0.001, 0.206, 0.142, -0.001, 0.213, 
0.435, 0.001, 0.207, 0.142, 0.001, 0.207, 0.143, 0.001, 0.200, 0.142, -0.001, 0.195, 0.137, -0.001, 0.206, 0.142, -0.001, 0.213, 
0.450, 0.001, 0.193, 0.128, 0.001, 0.193, 0.129, 0.001, 0.187, 0.128, -0.001, 0.183, 0.124, -0.001, 0.192, 0.129, -0.001, 0.199, 
0.450, 0.001, 0.193, 0.128, 0.001, 0.193, 0.129, 0.001, 0.187, 0.128, -0.001, 0.183, 0.124, -0.001, 0.192, 0.129, -0.001, 0.199, 
0.450, 0.001, 0.193, 0.128, 0.001, 0.193, 0.129, 0.001, 0.187, 0.128, -0.001, 0.183, 0.124, -0.001, 0.192, 0.129, -0.001, 0.199, 
0.465, 0.001, 0.181, 0.116, 0.001, 0.181, 0.116, 0.001, 0.175, 0.116, -0.001, 0.171, 0.112, -0.001, 0.180, 0.117, -0.001, 0.186, 
0.465, 0.001, 0.181, 0.116, 0.001, 0.181, 0.116, 0.001, 0.175, 0.116, -0.001, 0.171, 0.112, -0.001, 0.180, 0.117, -0.001, 0.186, 
0.465, 0.001, 0.181, 0.116, 0.001, 0.181, 0.116, 0.001, 0.175, 0.116, -0.001, 0.171, 0.112, -0.001, 0.180, 0.117, -0.001, 0.186, 
0.480, 0.001, 0.170, 0.105, 0.001, 0.169, 0.105, 0.001, 0.164, 0.105, -0.001, 0.161, 0.101, -0.001, 0.169, 0.105, -0.001, 0.174, 
0.480, 0.001, 0.170, 0.105, 0.001, 0.169, 0.105, 0.001, 0.164, 0.105, -0.001, 0.161, 0.101, -0.001, 0.169, 0.105, -0.001, 0.174, 
0.480, 0.001, 0.170, 0.105, 0.001, 0.169, 0.105, 0.001, 0.164, 0.105, -0.001, 0.161, 0.101, -0.001, 0.169, 0.105, -0.001, 0.174, 
0.495, 0.001, 0.159, 0.094, 0.001, 0.159, 0.095, 0.001, 0.155, 0.095, -0.001, 0.151, 0.091, -0.001, 0.159, 0.095, -0.001, 0.163, 
0.495, 0.001, 0.159, 0.094, 0.001, 0.159, 0.095, 0.001, 0.155, 0.095, -0.001, 0.151, 0.091, -0.001, 0.159, 0.095, -0.001, 0.163, 
0.495, 0.001, 0.159, 0.094, 0.001, 0.159, 0.095, 0.001, 0.155, 0.095, -0.001, 0.151, 0.091, -0.001, 0.159, 0.095, -0.001, 0.163, 
0.510, 0.001, 0.150, 0.085, 0.001, 0.149, 0.085, 0.001, 0.146, 0.086, -0.001, 0.142, 0.082, -0.001, 0.149, 0.086, -0.001, 0.153, 
0.510, 0.001, 0.150, 0.085, 0.001, 0.149, 0.085, 0.001, 0.146, 0.086, -0.001, 0.142, 0.082, -0.001, 0.149, 0.086, -0.001, 0.153, 
0.510, 0.001, 0.150, 0.085, 0.001, 0.149, 0.085, 0.001, 0.146, 0.086, -0.001, 0.142, 0.082, -0.001, 0.149, 0.086, -0.001, 0.153, 
0.525, 0.001, 0.141, 0.077, 0.001, 0.141, 0.077, 0.000, 0.138, 0.077, -0.001, 0.134, 0.074, -0.001, 0.141, 0.078, -0.000, 0.144, 
0.525, 0.001, 0.141, 0.077, 0.001, 0.141, 0.077, 0.000, 0.138, 0.077, -0.001, 0.134, 0.074, -0.001, 0.141, 0.078, -0.000, 0.144, 
0.525, 0.001, 0.141, 0.077, 0.001, 0.141, 0.077, 0.000, 0.138, 0.077, -0.001, 0.134, 0.074, -0.001, 0.141, 0.078, -0.000, 0.144, 
0.540, 0.000, 0.133, 0.069, 0.000, 0.133, 0.069, 0.000, 0.130, 0.070, -0.000, 0.127, 0.067, -0.000, 0.133, 0.070, -0.000, 0.136, 
0.540, 0.000, 0.133, 0.069, 0.000, 0.133, 0.069, 0.000, 0.130, 0.070, -0.000, 0.127, 0.067, -0.000, 0.133, 0.070, -0.000, 0.136, 
0.540, 0.000, 0.133, 0.069, 0.000, 0.133, 0.069, 0.000, 0.130, 0.070, -0.000, 0.127, 0.067, -0.000, 0.133, 0.070, -0.000, 0.136, 
0.555, 0.000, 0.126, 0.062, 0.000, 0.126, 0.062, 0.000, 0.124, 0.063, -0.000, 0.121, 0.060, -0.000, 0.126, 0.063, -0.000, 0.129, 
0.555, 0.000, 0.126, 0.062, 0.000, 0.126, 0.062, 0.000, 0.124, 0.063, -0.000, 0.121, 0.060, -0.000, 0.126, 0.063, -0.000, 0.129, 
0.555, 0.000, 0.126, 0.062, 0.000, 0.126, 0.062, 0.000, 0.124, 0.063, -0.000, 0.121, 0.060, -0.000, 0.126, 0.063, -0.000, 0.129, 
0.570, 0.000, 0.120, 0.056, 0.000, 0.119, 0.056, 0.000, 0.118, 0.057, -0.000, 0.115, 0.054, -0.000, 0.120, 0.057, -0.000, 0.122, 
0.570, 0.000, 0.120, 0.056, 0.000, 0.119, 0.056, 0.000, 0.118, 0.057, -0.000, 0.115, 0.054, -0.000, 0.120, 0.057, -0.000, 0.122, 
0.570, 0.000, 0.120, 0.056, 0.000, 0.119, 0.056, 0.000, 0.118, 0.057, -0.000, 0.115, 0.054, -0.000, 0.120, 0.057, -0.000, 0.122, 
0.585, 0.000, 0.114, 0.050, 0.000, 0.113, 0.050, 0.000, 0.112, 0.051, -0.000, 0.110, 0.048, -0.000, 0.114, 0.051, -0.000, 0.116, 
0.585, 0.000, 0.114, 0.050, 0.000, 0.113, 0.050, 0.000, 0.112, 0.051, -0.000, 0.110, 0.048, -0.000, 0.114, 0.051, -0.000, 0.116, 
0.585, 0.000, 0.114, 0.050, 0.000, 0.113, 0.050, 0.000, 0.112, 0.051, -0.000, 0.110, 0.048, -0.000, 0.114, 0.051, -0.000, 0.116, 
0.600, 0.000, 0.109, 0.045, 0.000, 0.108, 0.045, 0.000, 0.107, 0.046, -0.000, 0.105, 0.043, -0.000, 0.109, 0.046, -0.000, 0.110, 
0.600, 0.000, 0.109, 0.045, 0.000, 0.108, 0.045, 0.000, 0.107, 0.046, -0.000, 0.105, 0.043, -0.000, 0.109, 0.046, -0.000, 0.110, 
0.600, 0.000, 0.109, 0.045, 0.000, 0.108, 0.045, 0.000, 0.107, 0.046, -0.000, 0.105, 0.043, -0.000, 0.109, 0.046, -0.000, 0.110, 
0.615, 0.000, 0.104, 0.040, 0.000, 0.103, 0.040, 0.000, 0.103, 0.041, -0.000, 0.100, 0.039, -0.000, 0.104, 0.041, -0.000, 0.105, 
0.615, 0.000, 0.104, 0.040, 0.000, 0.103, 0.040, 0.000, 0.103, 0.041, -0.000, 0.100, 0.039, -0.000, 0.104, 0.041, -0.000, 0.105, 
0.615, 0.000, 0.104, 0.040, 0.000, 0.103, 0.040, 0.000, 0.103, 0.041, -0.000, 0.100, 0.039, -0.000, 0.104, 0.041, -0.000, 0.105, 
0.630, 0.000, 0.100, 0.036, 0.000, 0.099, 0.035, 0.000, 0.098, 0.037, -0.000, 0.096, 0.035, -0.000, 0.100, 0.037, -0.000, 0.101, 
0.630, 0.000, 0.100, 0.036, 0.000, 0.099, 0.035, 0.000, 0.098, 0.037, -0.000, 0.096, 0.035, -0.000, 0.100, 0.037, -0.000, 0.101, 
0.630, 0.000, 0.100, 0.036, 0.000, 0.099, 0.035, 0.000, 0.098, 0.037, -0.000, 0.096, 0.035, -0.000, 0.100, 0.037, -0.000, 0.101, 
0.645, 0.000, 0.096, 0.032, 0.000, 0.095, 0.031, 0.000, 0.095, 0.033, -0.000, 0.093, 0.031, -0.000, 0.096, 0.033, -0.000, 0.097, 
0.645, 0.000, 0.096, 0.032, 0.000, 0.095, 0.031, 0.000, 0.095, 0.033, -0.000, 0.093, 0.031, -0.000, 0.096, 0.033, -0.000, 0.097, 
0.645, 0.000, 0.096, 0.032, 0.000, 0.095, 0.031, 0.000, 0.095, 0.033, -0.000, 0.093, 0.031, -0.000, 0.096, 0.033, -0.000, 0.097, 
0.660, 0.000, 0.092, 0.029, 0.000, 0.091, 0.028, 0.000, 0.091, 0.029, -0.000, 0.089, 0.027, -0.000, 0.093, 0.030, -0.000, 0.093, 
0.660, 0.000, 0.092, 0.029, 0.000, 0.091, 0.028, 0.000, 0.091, 0.029, -0.000, 0.089, 0.027, -0.000, 0.093, 0.030, -0.000, 0.093, 
0.660, 0.000, 0.092, 0.029, 0.000, 0.091, 0.028, 0.000, 0.091, 0.029, -0.000, 0.089, 0.027, -0.000, 0.093, 0.030, -0.000, 0.093, 
0.675, 0.000, 0.089, 0.025, 0.000, 0.088, 0.025, 0.000, 0.088, 0.026, -0.000, 0.086, 0.024, -0.000, 0.089, 0.026, -0.000, 0.089, 
0.675, 0.000, 0.089, 0.025, 0.000, 0.088, 0.025, 0.000, 0.088, 0.026, -0.000, 0.086, 0.024, -0.000, 0.089, 0.026, -0.000, 0.089, 
0.675, 0.000, 0.089, 0.025, 0.000, 0.088, 0.025, 0.000, 0.088, 0.026, -0.000, 0.086, 0.024, -0.000, 0.089, 0.026, -0.000, 0.089, 
0.690, 0.000, 0.086, 0.022, 0.000, 0.085, 0.022, 0.000, 0.085, 0.023, -0.000, 0.083, 0.021, -0.000, 0.086, 0.023, -0.000, 0.086, 
0.690, 0.000, 0.086, 0.022, 0.000, 0.085, 0.022, 0.000, 0.085, 0.023, -0.000, 0.083, 0.021, -0.000, 0.086, 0.023, -0.000, 0.086, 
0.690, 0.000, 0.086, 0.022, 0.000, 0.085, 0.022, 0.000, 0.085, 0.023, -0.000, 0.083, 0.021, -0.000, 0.086, 0.023, -0.000, 0.086, 
0.705, -0.000, 0.083, 0.020, 0.000, 0.082, 0.019, -0.000, 0.083, 0.021, -0.000, 0.081, 0.019, -0.000, 0.084, 0.021, 0.000, 0.083, 
0.705, -0.000, 0.083, 0.020, 0.000, 0.082, 0.019, -0.000, 0.083, 0.021, -0.000, 0.081, 0.019, -0.000, 0.084, 0.021, 0.000, 0.083, 
0.705, -0.000, 0.083, 0.020, 0.000, 0.082, 0.019, -0.000, 0.083, 0.021, -0.000, 0.081, 0.019, -0.000, 0.084, 0.021, 0.000, 0.083, 
0.720, -0.000, 0.081, 0.017, 0.000, 0.080, 0.017, -0.000, 0.080, 0.018, 0.000, 0.079, 0.016, -0.000, 0.081, 0.018, 0.000, 0.081, 
0.720, -0.000, 0.081, 0.017, 0.000, 0.080, 0.017, -0.000, 0.080, 0.018, 0.000, 0.079, 0.016, -0.000, 0.081, 0.018, 0.000, 0.081, 
0.720, -0.000, 0.081, 0.017, 0.000, 0.080, 0.017, -0.000, 0.080, 0.018, 0.000, 0.079, 0.016, -0.000, 0.081, 0.018, 0.000, 0.081, 
0.735, -0.000, 0.079, 0.015, 0.000, 0.078, 0.014, -0.000, 0.078, 0.016, 0.000, 0.077, 0.014, -0.000, 0.079, 0.016, 0.000, 0.079, 
0.735, -0.000, 0.079, 0.015, 0.000, 0.078, 0.014, -0.000, 0.078, 0.016, 0.000, 0.077, 0.014, -0.000, 0.079, 0.016, 0.000, 0.079, 
0.735, -0.000, 0.079, 0.015, 0.000, 0.078, 0.014, -0.000, 0.078, 0.016, 0.000, 0.077, 0.014, -0.000, 0.079, 0.016, 0.000, 0.079, 
0.750, -0.000, 0.076, 0.013, 0.000, 0.076, 0.012, -0.000, 0.076, 0.014, 0.000, 0.075, 0.012, -0.000, 0.077, 0.014, 0.000, 0.076, 
0.750, -0.000, 0.076, 0.013, 0.000, 0.076, 0.012, -0.000, 0.076, 0.014, 0.000, 0.075, 0.012, -0.000, 0.077, 0.014, 0.000, 0.076, 
0.750, -0.000, 0.076, 0.013, 0.000, 0.076, 0.012, -0.000, 0.076, 0.014, 0.000, 0.075, 0.012, -0.000, 0.077, 0.014, 0.000, 0.076, 
0.765, -0.000, 0.075, 0.011, 0.000, 0.074, 0.011, -0.000, 0.075, 0.012, 0.000, 0.073, 0.011, -0.000, 0.075, 0.012, 0.000, 0.075, 
0.765, -0.000, 0.075, 0.011, 0.000, 0.074, 0.011, -0.000, 0.075, 0.012, 0.000, 0.073, 0.011, -0.000, 0.075, 0.012, 0.000, 0.075, 
0.765, -0.000, 0.075, 0.011, 0.000, 0.074, 0.011, -0.000, 0.075, 0.012, 0.000, 0.073, 0.011, -0.000, 0.075, 0.012, 0.000, 0.075, 
0.780, -0.000, 0.073, 0.010, 0.000, 0.072, 0.009, -0.000, 0.073, 0.011, 0.000, 0.071, 0.009, -0.000, 0.074, 0.011, 0.000, 0.073, 
0.780, -0.000, 0.073, 0.010, 0.000, 0.072, 0.009, -0.000, 0.073, 0.011, 0.000, 0.071, 0.009, -0.000, 0.074, 0.011, 0.000, 0.073, 
0.780, -0.000, 0.073, 0.010, 0.000, 0.072, 0.009, -0.000, 0.073, 0.011, 0.000, 0.071, 0.009, -0.000, 0.074, 0.011, 0.000, 0.073, 
0.795, -0.000, 0.071, 0.008, 0.000, 0.071, 0.007, -0.000, 0.071, 0.009, 0.000, 0.070, 0.008, -0.000, 0.072, 0.009, 0.000, 0.071, 
0.795, -0.000, 0.071, 0.008, 0.000, 0.071, 0.007, -0.000, 0.071, 0.009, 0.000, 0.070, 0.008, -0.000, 0.072, 0.009, 0.000, 0.071, 
0.795, -0.000, 0.071, 0.008, 0.000, 0.071, 0.007, -0.000, 0.071, 0.009, 0.000, 0.070, 0.008, -0.000, 0.072, 0.009, 0.000, 0.071, 
0.810, -0.000, 0.070, 0.007, 0.000, 0.069, 0.006, -0.000, 0.070, 0.008, 0.000, 0.069, 0.006, -0.000, 0.071, 0.008, 0.000, 0.070, 
0.810, -0.000, 0.070, 0.007, 0.000, 0.069, 0.006, -0.000, 0.070, 0.008, 0.000, 0.069, 0.006, -0.000, 0.071, 0.008, 0.000, 0.070, 
0.810, -0.000, 0.070, 0.007, 0.000, 0.069, 0.006, -0.000, 0.070, 0.008, 0.000, 0.069, 0.006, -0.000, 0.071, 0.008, 0.000, 0.070, 
0.825, -0.000, 0.069, 0.006, 0.000, 0.068, 0.005, -0.000, 0.069, 0.007, 0.000, 0.068, 0.005, 0.000, 0.070, 0.007, 0.000, 0.068, 
0.825, -0.000, 0.069, 0.006, 0.000, 0.068, 0.005, -0.000, 0.069, 0.007, 0.000, 0.068, 0.005, 0.000, 0.070, 0.007, 0.000, 0.068, 
0.825, -0.000, 0.069, 0.006, 0.000, 0.068, 0.005, -0.000, 0.069, 0.007, 0.000, 0.068, 0.005, 0.000, 0.070, 0.007, 0.000, 0.068, 
0.840, -0.000, 0.068, 0.005, 0.000, 0.067, 0.004, -0.000, 0.068, 0.005, 0.000, 0.067, 0.004, 0.000, 0.069, 0.006, 0.000, 0.067, 
0.840, -0.000, 0.068, 0.005, 0.000, 0.067, 0.004, -0.000, 0.068, 0.005, 0.000, 0.067, 0.004, 0.000, 0.069, 0.006, 0.000, 0.067, 
0.840, -0.000, 0.068, 0.005, 0.000, 0.067, 0.004, -0.000, 0.068, 0.005, 0.000, 0.067, 0.004, 0.000, 0.069, 0.006, 0.000, 0.067, 
0.855, -0.000, 0.067, 0.004, 0.000, 0.066, 0.003, -0.000, 0.067, 0.004, 0.000, 0.066, 0.003, 0.000, 0.067, 0.005, 0.000, 0.066, 
0.855, -0.000, 0.067, 0.004, 0.000, 0.066, 0.003, -0.000, 0.067, 0.004, 0.000, 0.066, 0.003, 0.000, 0.067, 0.005, 0.000, 0.066, 
0.855, -0.000, 0.067, 0.004, 0.000, 0.066, 0.003, -0.000, 0.067, 0.004, 0.000, 0.066, 0.003, 0.000, 0.067, 0.005, 0.000, 0.066, 
0.870, -0.000, 0.066, 0.003, 0.000, 0.065, 0.002, -0.000, 0.066, 0.003, 0.000, 0.065, 0.002, 0.000, 0.067, 0.004, 0.000, 0.065, 
0.870, -0.000, 0.066, 0.003, 0.000, 0.065, 0.002, -0.000, 0.066, 0.003, 0.000, 0.065, 0.002, 0.000, 0.067, 0.004, 0.000, 0.065, 
0.870, -0.000, 0.066, 0.003, 0.000, 0.065, 0.002, -0.000, 0.066, 0.003, 0.000, 0.065, 0.002, 0.000, 0.067, 0.004, 0.000, 0.065, 
0.885, -0.000, 0.065, 0.002, -0.000, 0.064, 0.001, -0.000, 0.065, 0.003, 0.000, 0.064, 0.001, 0.000, 0.066, 0.003, 0.000, 0.064, 
0.885, -0.000, 0.065, 0.002, -0.000, 0.064, 0.001, -0.000, 0.065, 0.003, 0.000, 0.064, 0.001, 0.000, 0.066, 0.003, 0.000, 0.064, 
0.885, -0.000, 0.065, 0.002, -0.000, 0.064, 0.001, -0.000, 0.065, 0.003, 0.000, 0.064, 0.001, 0.000, 0.066, 0.003, 0.000, 0.064, 
0.900, -0.000, 0.064, 0.001, -0.000, 0.063, 0.000, -0.000, 0.064, 0.002, 0.000, 0.063, 0.001, 0.000, 0.065, 0.002, 0.000, 0.063, 
0.900, -0.000, 0.064, 0.001, -0.000, 0.063, 0.000, -0.000, 0.064, 0.002, 0.000, 0.063, 0.001, 0.000, 0.065, 0.002, 0.000, 0.063, 
0.900, -0.000, 0.064, 0.001, -0.000, 0.063, 0.000, -0.000, 0.064, 0.002, 0.000, 0.063, 0.001, 0.000, 0.065, 0.002, 0.000, 0.063, 
0.915, -0.000, 0.063, 0.000, -0.000, 0.063, -0.000, -0.000, 0.064, 0.001, 0.000, 0.063, -0.000, 0.000, 0.064, 0.001, 0.000, 0.063, 
0.915, -0.000, 0.063, 0.000, -0.000, 0.063, -0.000, -0.000, 0.064, 0.001, 0.000, 0.063, -0.000, 0.000, 0.064, 0.001, 0.000, 0.063, 
0.915, -0.000, 0.063, 0.000, -0.000, 0.063, -0.000, -0.000, 0.064, 0.001, 0.000, 0.063, -0.000, 0.000, 0.064, 0.001, 0.000, 0.063, 
0.930, -0.000, 0.063, -0.000, -0.000, 0.062, -0.001, -0.000, 0.063, 0.000, 0.000, 0.062, -0.001, 0.000, 0.064, 0.001, 0.000, 0.062, 
0.930, -0.000, 0.063, -0.000, -0.000, 0.062, -0.001, -0.000, 0.063, 0.000, 0.000, 0.062, -0.001, 0.000, 0.064, 0.001, 0.000, 0.062, 
0.930, -0.000, 0.063, -0.000, -0.000, 0.062, -0.001, -0.000, 0.063, 0.000, 0.000, 0.062, -0.001, 0.000, 0.064, 0.001, 0.000, 0.062, 
0.945, -0.000, 0.062, -0.001, -0.000, 0.061, -0.002, -0.000, 0.062, -0.000, 0.000, 0.062, -0.001, 0.000, 0.063, 0.000, 0.000, 0.061, 
0.945, -0.000, 0.062, -0.001, -0.000, 0.061, -0.002, -0.000, 0.062, -0.000, 0.000, 0.062, -0.001, 0.000, 0.063, 0.000, 0.000, 0.061, 
0.945, -0.000, 0.062, -0.001, -0.000, 0.061, -0.002, -0.000, 0.062, -0.000, 0.000, 0.062, -0.001, 0.000, 0.063, 0.000, 0.000, 0.061, 
0.960, -0.000, 0.062, -0.001, -0.000, 0.061, -0.002, -0.000, 0.062, -0.001, 0.000, 0.061, -0.002, 0.000, 0.063, -0.000, 0.000, 0.061, 
0.960, -0.000, 0.062, -0.001, -0.000, 0.061, -0.002, -0.000, 0.062, -0.001, 0.000, 0.061, -0.002, 0.000, 0.063, -0.000, 0.000, 0.061, 
0.960, -0.000, 0.062, -0.001, -0.000, 0.061, -0.002, -0.000, 0.062, -0.001, 0.000, 0.061, -0.002, 0.000, 0.063, -0.000, 0.000, 0.061, 
0.975, -0.000, 0.061, -0.002, -0.000, 0.060, -0.003, -0.000, 0.061, -0.001, 0.000, 0.061, -0.002, 0.000, 0.062, -0.001, 0.000, 0.060, 
0.975, -0.000, 0.061, -0.002, -0.000, 0.060, -0.003, -0.000, 0.061, -0.001, 0.000, 0.061, -0.002, 0.000, 0.062, -0.001, 0.000, 0.060, 
0.975, -0.000, 0.061, -0.002, -0.000, 0.060, -0.003, -0.000, 0.061, -0.001, 0.000, 0.061, -0.002, 0.000, 0.062, -0.001, 0.000, 0.060, 
0.990, -0.000, 0.061, -0.002, -0.000, 0.060, -0.003, -0.000, 0.061, -0.002, 0.000, 0.060, -0.003, 0.000, 0.062, -0.001, 0.000, 0.060, 
0.990, -0.000, 0.061, -0.002, -0.000, 0.060, -0.003, -0.000, 0.061, -0.002, 0.000, 0.060, -0.003, 0.000, 0.062, -0.001, 0.000, 0.060, 
0.990, -0.000, 0.061, -0.002, -0.000, 0.060, -0.003, -0.000, 0.061, -0.002, 0.000, 0.060, -0.003, 0.000, 0.062, -0.001, 0.000, 0.060, 
1.005, -0.000, 0.060, -0.003, -0.000, 0.060, -0.003, -0.000, 0.061, -0.002, 0.000, 0.060, -0.003, 0.000, 0.061, -0.002, 0.000, 0.059, 
1.005, -0.000, 0.060, -0.003, -0.000, 0.060, -0.003, -0.000, 0.061, -0.002, 0.000, 0.060, -0.003, 0.000, 0.061, -0.002, 0.000, 0.059, 
1.005, -0.000, 0.060, -0.003, -0.000, 0.060, -0.003, -0.000, 0.061, -0.002, 0.000, 0.060, -0.003, 0.000, 0.061, -0.002, 0.000, 0.059, 
1.020, -0.000, 0.060, -0.003, -0.000, 0.059, -0.004, -0.000, 0.060, -0.002, 0.000, 0.059, -0.003, 0.000, 0.061, -0.002, 0.000, 0.059, 
1.020, -0.000, 0.060, -0.003, -0.000, 0.059, -0.004, -0.000, 0.060, -0.002, 0.000, 0.059, -0.003, 0.000, 0.061, -0.002, 0.000, 0.059, 
1.020, -0.000, 0.060, -0.003, -0.000, 0.059, -0.004, -0.000, 0.060, -0.002, 0.000, 0.059, -0.003, 0.000, 0.061, -0.002, 0.000, 0.059, 
1.035, -0.000, 0.060, -0.003, -0.000, 0.059, -0.004, -0.000, 0.060, -0.003, 0.000, 0.059, -0.004, 0.000, 0.061, -0.002, 0.000, 0.059, 
1.035, -0.000, 0.060, -0.003, -0.000, 0.059, -0.004, -0.000, 0.060, -0.003, 0.000, 0.059, -0.004, 0.000, 0.061, -0.002, 0.000, 0.059, 
1.035, -0.000, 0.060, -0.003, -0.000, 0.059, -0.004, -0.000, 0.060, -0.003, 0.000, 0.059, -0.004, 0.000, 0.061, -0.002, 0.000, 0.059, 
1.050, -0.000, 0.059, -0.004, -0.000, 0.059, -0.004, -0.000, 0.060, -0.003, 0.000, 0.059, -0.004, 0.000, 0.060, -0.003, 0.000, 0.058, 
1.050, -0.000, 0.059, -0.004, -0.000, 0.059, -0.004, -0.000, 0.060, -0.003, 0.000, 0.059, -0.004, 0.000, 0.060, -0.003, 0.000, 0.058, 
1.050, -0.000, 0.059, -0.004, -0.000, 0.059, -0.004, -0.000, 0.060, -0.003, 0.000, 0.059, -0.004, 0.000, 0.060, -0.003, 0.000, 0.058, 
1.065, -0.000, 0.059, -0.004, -0.000, 0.058, -0.005, -0.000, 0.059, -0.003, 0.000, 0.059, -0.004, 0.000, 0.060, -0.003, 0.000, 0.058, 
1.065, -0.000, 0.059, -0.004, -0.000, 0.058, -0.005, -0.000, 0.059, -0.003, 0.000, 0.059, -0.004, 0.000, 0.060, -0.003, 0.000, 0.058, 
1.065, -0.000, 0.059, -0.004, -0.000, 0.058, -0.005, -0.000, 0.059, -0.003, 0.000, 0.059, -0.004, 0.000, 0.060, -0.003, 0.000, 0.058, 
1.080, -0.000, 0.059, -0.004, -0.000, 0.058, -0.005, -0.000, 0.059, -0.004, 0.000, 0.058, -0.004, 0.000, 0.060, -0.003, 0.000, 0.058, 
1.080, -0.000, 0.059, -0.004, -0.000, 0.058, -0.005, -0.000, 0.059, -0.004, 0.000, 0.058, -0.004, 0.000, 0.060, -0.003, 0.000, 0.058, 
1.080, -0.000, 0.059, -0.004, -0.000, 0.058, -0.005, -0.000, 0.059, -0.004, 0.000, 0.058, -0.004, 0.000, 0.060, -0.003, 0.000, 0.058, 
1.095, -0.000, 0.059, -0.004, -0.000, 0.058, -0.005, -0.000, 0.059, -0.004, 0.000, 0.058, -0.005, 0.000, 0.060, -0.003, 0.000, 0.058, 
1.095, -0.000, 0.059, -0.004, -0.000, 0.058, -0.005, -0.000, 0.059, -0.004, 0.000, 0.058, -0.005, 0.000, 0.060, -0.003, 0.000, 0.058, 
1.095, -0.000, 0.059, -0.004, -0.000, 0.058, -0.005, -0.000, 0.059, -0.004, 0.000, 0.058, -0.005, 0.000, 0.060, -0.003, 0.000, 0.058, 
1.110, -0.000, 0.058, -0.005, -0.000, 0.058, -0.005, -0.000, 0.059, -0.004, 0.000, 0.058, -0.005, 0.000, 0.059, -0.004, 0.000, 0.057, 
1.110, -0.000, 0.058, -0.005, -0.000, 0.058, -0.005, -0.000, 0.059, -0.004, 0.000, 0.058, -0.005, 0.000, 0.059, -0.004, 0.000, 0.057, 
1.110, -0.000, 0.058, -0.005, -0.000, 0.058, -0.005, -0.000, 0.059, -0.004, 0.000, 0.058, -0.005, 0.000, 0.059, -0.004, 0.000, 0.057, 
1.125, -0.000, 0.058, -0.005, -0.000, 0.058, -0.005, -0.000, 0.059, -0.004, 0.000, 0.058, -0.005, 0.000, 0.059, -0.004, 0.000, 0.057, 
1.125, -0.000, 0.058, -0.005, -0.000, 0.058, -0.005, -0.000, 0.059, -0.004, 0.000, 0.058, -0.005, 0.000, 0.059, -0.004, 0.000, 0.057, 
1.125, -0.000, 0.058, -0.005, -0.000, 0.058, -0.005, -0.000, 0.059, -0.004, 0.000, 0.058, -0.005, 0.000, 0.059, -0.004, 0.000, 0.057, 
1.140, -0.000, 0.058, -0.005, 0.000, 0.057, -0.005, -0.000, 0.058, -0.004, 0.000, 0.058, -0.005, 0.000, 0.059, -0.004, 0.000, 0.057, 
1.140, -0.000, 0.058, -0.005, 0.000, 0.057, -0.005, -0.000, 0.058, -0.004, 0.000, 0.058, -0.005, 0.000, 0.059, -0.004, 0.000, 0.057, 
1.140, -0.000, 0.058, -0.005, 0.000, 0.057, -0.005, -0.000, 0.058, -0.004, 0.000, 0.058, -0.005, 0.000, 0.059, -0.004, 0.000, 0.057, 
1.155, -0.000, 0.058, -0.005, 0.000, 0.057, -0.006, -0.000, 0.058, -0.005, 0.000, 0.058, -0.005, 0.000, 0.059, -0.004, 0.000, 0.057, 
1.155, -0.000, 0.058, -0.005, 0.000, 0.057, -0.006, -0.000, 0.058, -0.005, 0.000, 0.058, -0.005, 0.000, 0.059, -0.004, 0.000, 0.057, 
1.155, -0.000, 0.058, -0.005, 0.000, 0.057, -0.006, -0.000, 0.058, -0.005, 0.000, 0.058, -0.005, 0.000, 0.059, -0.004, 0.000, 0.057, 
1.170, -0.000, 0.058, -0.005, 0.000, 0.057, -0.006, -0.000, 0.058, -0.005, 0.000, 0.057, -0.005, 0.000, 0.059, -0.004, 0.000, 0.057, 
1.170, -0.000, 0.058, -0.005, 0.000, 0.057, -0.006, -0.000, 0.058, -0.005, 0.000, 0.057, -0.005, 0.000, 0.059, -0.004, 0.000, 0.057, 
1.170, -0.000, 0.058, -0.005, 0.000, 0.057, -0.006, -0.000, 0.058, -0.005, 0.000, 0.057, -0.005, 0.000, 0.059, -0.004, 0.000, 0.057, 
1.185, -0.000, 0.058, -0.005, 0.000, 0.057, -0.006, -0.000, 0.058, -0.005, 0.000, 0.057, -0.006, 0.000, 0.059, -0.004, 0.000, 0.057, 
1.185, -0.000, 0.058, -0.005, 0.000, 0.057, -0.006, -0.000, 0.058, -0.005, 0.000, 0.057, -0.006, 0.000, 0.059, -0.004, 0.000, 0.057, 
1.185, -0.000, 0.058, -0.005, 0.000, 0.057, -0.006, -0.000, 0.058, -0.005, 0.000, 0.057, -0.006, 0.000, 0.059, -0.004, 0.000, 0.057, 
1.200, -0.000, 0.057, -0.005, 0.000, 0.057, -0.006, -0.000, 0.058, -0.005, 0.000, 0.057, -0.006, 0.000, 0.058, -0.004, 0.000, 0.057, 
1.200, -0.000, 0.057, -0.005, 0.000, 0.057, -0.006, -0.000, 0.058, -0.005, 0.000, 0.057, -0.006, 0.000, 0.058, -0.004, 0.000, 0.057, 
1.200, -0.000, 0.057, -0.005, 0.000, 0.057, -0.006, -0.000, 0.058, -0.005, 0.000, 0.057, -0.006, 0.000, 0.058, -0.004, 0.000, 0.057, 
1.215, -0.000, 0.057, -0.006, 0.000, 0.057, -0.006, -0.000, 0.058, -0.005, 0.000, 0.057, -0.006, 0.000, 0.058, -0.004, 0.000, 0.056, 
1.215, -0.000, 0.057, -0.006, 0.000, 0.057, -0.006, -0.000, 0.058, -0.005, 0.000, 0.057, -0.006, 0.000, 0.058, -0.004, 0.000, 0.056, 
1.215, -0.000, 0.057, -0.006, 0.000, 0.057, -0.006, -0.000, 0.058, -0.005, 0.000, 0.057, -0.006, 0.000, 0.058, -0.004, 0.000, 0.056, 
1.230, -0.000, 0.057, -0.006, 0.000, 0.057, -0.006, -0.000, 0.058, -0.005, 0.000, 0.057, -0.006, 0.000, 0.058, -0.005, 0.000, 0.056, 
1.230, -0.000, 0.057, -0.006, 0.000, 0.057, -0.006, -0.000, 0.058, -0.005, 0.000, 0.057, -0.006, 0.000, 0.058, -0.005, 0.000, 0.056, 
1.230, -0.000, 0.057, -0.006, 0.000, 0.057, -0.006, -0.000, 0.058, -0.005, 0.000, 0.057, -0.006, 0.000, 0.058, -0.005, 0.000, 0.056, 
1.245, -0.000, 0.057, -0.006, 0.000, 0.057, -0.006, -0.000, 0.057, -0.005, 0.000, 0.057, -0.006, 0.000, 0.058, -0.005, 0.000, 0.056, 
1.245, -0.000, 0.057, -0.006, 0.000, 0.057, -0.006, -0.000, 0.057, -0.005, 0.000, 0.057, -0.006, 0.000, 0.058, -0.005, 0.000, 0.056, 
1.245, -0.000, 0.057, -0.006, 0.000, 0.057, -0.006, -0.000, 0.057, -0.005, 0.000, 0.057, -0.006, 0.000, 0.058, -0.005, 0.000, 0.056, 
1.260, -0.000, 0.057, -0.006, 0.000, 0.057, -0.006, -0.000, 0.057, -0.005, 0.000, 0.057, -0.006, -0.000, 0.058, -0.005, 0.000, 0.056, 
1.260, -0.000, 0.057, -0.006, 0.000, 0.057, -0.006, -0.000, 0.057, -0.005, 0.000, 0.057, -0.006, -0.000, 0.058, -0.005, 0.000, 0.056, 
1.260, -0.000, 0.057, -0.006, 0.000, 0.057, -0.006, -0.000, 0.057, -0.005, 0.000, 0.057, -0.006, -0.000, 0.058, -0.005, 0.000, 0.056, 
1.275, -0.000, 0.057, -0.006, 0.000, 0.057, -0.006, -0.000, 0.057, -0.005, 0.000, 0.057, -0.006, -0.000, 0.058, -0.005, 0.000, 0.056, 
1.275, -0.000, 0.057, -0.006, 0.000, 0.057, -0.006, -0.000, 0.057, -0.005, 0.000, 0.057, -0.006, -0.000, 0.058, -0.005, 0.000, 0.056, 
1.275, -0.000, 0.057, -0.006, 0.000, 0.057, -0.006, -0.000, 0.057, -0.005, 0.000, 0.057, -0.006, -0.000, 0.058, -0.005, 0.000, 0.056, 
1.290, -0.000, 0.057, -0.006, 0.000, 0.057, -0.006, -0.000, 0.057, -0.006, 0.000, 0.057, -0.006, -0.000, 0.058, -0.005, 0.000, 0.056, 
1.290, -0.000, 0.057, -0.006, 0.000, 0.057, -0.006, -0.000, 0.057, -0.006, 0.000, 0.057, -0.006, -0.000, 0.058, -0.005, 0.000, 0.056, 
1.290, -0.000, 0.057, -0.006, 0.000, 0.057, -0.006, -0.000, 0.057, -0.006, 0.000, 0.057, -0.006, -0.000, 0.058, -0.005, 0.000, 0.056, 
1.305, -0.000, 0.057, -0.006, 0.000, 0.057, -0.006, -0.000, 0.057, -0.006, 0.000, 0.057, -0.006, -0.000, 0.058, -0.005, 0.000, 0.056, 
1.305, -0.000, 0.057, -0.006, 0.000, 0.057, -0.006, -0.000, 0.057, -0.006, 0.000, 0.057, -0.006, -0.000, 0.058, -0.005, 0.000, 0.056, 
1.305, -0.000, 0.057, -0.006, 0.000, 0.057, -0.006, -0.000, 0.057, -0.006, 0.000, 0.057, -0.006, -0.000, 0.058, -0.005, 0.000, 0.056, 
1.320, -0.000, 0.057, -0.006, 0.000, 0.057, -0.006, -0.000, 0.057, -0.006, 0.000, 0.057, -0.006, -0.000, 0.058, -0.005, 0.000, 0.056, 
1.320, -0.000, 0.057, -0.006, 0.000, 0.057, -0.006, -0.000, 0.057, -0.006, 0.000, 0.057, -0.006, -0.000, 0.058, -0.005, 0.000, 0.056, 
1.320, -0.000, 0.057, -0.006, 0.000, 0.057, -0.006, -0.000, 0.057, -0.006, 0.000, 0.057, -0.006, -0.000, 0.058, -0.005, 0.000, 0.056, 
1.335, -0.000, 0.057, -0.006, 0.000, 0.056, -0.006, -0.000, 0.057, -0.006, 0.000, 0.057, -0.006, -0.000, 0.058, -0.005, 0.000, 0.056, 
1.335, -0.000, 0.057, -0.006, 0.000, 0.056, -0.006, -0.000, 0.057, -0.006, 0.000, 0.057, -0.006, -0.000, 0.058, -0.005, 0.000, 0.056, 
1.335, -0.000, 0.057, -0.006, 0.000, 0.056, -0.006, -0.000, 0.057, -0.006, 0.000, 0.057, -0.006, -0.000, 0.058, -0.005, 0.000, 0.056, 
1.350, -0.000, 0.057, -0.006, 0.000, 0.056, -0.006, -0.000, 0.057, -0.006, 0.000, 0.057, -0.006, -0.000, 0.058, -0.005, 0.000, 0.056, 
1.350, -0.000, 0.057, -0.006, 0.000, 0.056, -0.006, -0.000, 0.057, -0.006, 0.000, 0.057, -0.006, -0.000, 0.058, -0.005, 0.000, 0.056, 
1.350, -0.000, 0.057, -0.006, 0.000, 0.056, -0.006, -0.000, 0.057, -0.006, 0.000, 0.057, -0.006, -0.000, 0.058, -0.005, 0.000, 0.056, 
1.365, -0.000, 0.057, -0.006, 0.000, 0.056, -0.006, -0.000, 0.057, -0.006, 0.000, 0.057, -0.006, -0.000, 0.058, -0.005, 0.000, 0.056, 
1.365, -0.000, 0.057, -0.006, 0.000, 0.056, -0.006, -0.000, 0.057, -0.006, 0.000, 0.057, -0.006, -0.000, 0.058, -0.005, 0.000, 0.056, 
1.365, -0.000, 0.057, -0.006, 0.000, 0.056, -0.006, -0.000, 0.057, -0.006, 0.000, 0.057, -0.006, -0.000, 0.058, -0.005, 0.000, 0.056, 
1.380, -0.000, 0.057, -0.006, 0.000, 0.056, -0.007, -0.000, 0.057, -0.006, 0.000, 0.057, -0.006, -0.000, 0.058, -0.005, 0.000, 0.056, 
1.380, -0.000, 0.057, -0.006, 0.000, 0.056, -0.007, -0.000, 0.057, -0.006, 0.000, 0.057, -0.006, -0.000, 0.058, -0.005, 0.000, 0.056, 
1.380, -0.000, 0.057, -0.006, 0.000, 0.056, -0.007, -0.000, 0.057, -0.006, 0.000, 0.057, -0.006, -0.000, 0.058, -0.005, 0.000, 0.056, 
1.395, -0.000, 0.057, -0.006, 0.000, 0.056, -0.007, -0.000, 0.057, -0.006, 0.000, 0.056, -0.006, -0.000, 0.058, -0.005, 0.000, 0.056, 
1.395, -0.000, 0.057, -0.006, 0.000, 0.056, -0.007, -0.000, 0.057, -0.006, 0.000, 0.056, -0.006, -0.000, 0.058, -0.005, 0.000, 0.056, 
1.395, -0.000, 0.057, -0.006, 0.000, 0.056, -0.007, -0.000, 0.057, -0.006, 0.000, 0.056, -0.006, -0.000, 0.058, -0.005, 0.000, 0.056, 
1.410, -0.000, 0.057, -0.006, 0.000, 0.056, -0.007, -0.000, 0.057, -0.006, 0.000, 0.056, -0.006, -0.000, 0.058, -0.005, 0.000, 0.056, 
1.410, -0.000, 0.057, -0.006, 0.000, 0.056, -0.007, -0.000, 0.057, -0.006, 0.000, 0.056, -0.006, -0.000, 0.058, -0.005, 0.000, 0.056, 
1.410, -0.000, 0.057, -0.006, 0.000, 0.056, -0.007, -0.000, 0.057, -0.006, 0.000, 0.056, -0.006, -0.000, 0.058, -0.005, 0.000, 0.056, 
1.425, -0.000, 0.057, -0.006, 0.000, 0.056, -0.007, -0.000, 0.057, -0.006, 0.000, 0.056, -0.006, -0.000, 0.058, -0.005, 0.000, 0.056, 
1.425, -0.000, 0.057, -0.006, 0.000, 0.056, -0.007, -0.000, 0.057, -0.006, 0.000, 0.056, -0.006, -0.000, 0.058, -0.005, 0.000, 0.056, 
1.425, -0.000, 0.057, -0.006, 0.000, 0.056, -0.007, -0.000, 0.057, -0.006, 0.000, 0.056, -0.006, -0.000, 0.058, -0.005, 0.000, 0.056, 
1.440, -0.000, 0.057, -0.006, 0.000, 0.056, -0.007, -0.000, 0.057, -0.006, 0.000, 0.056, -0.006, -0.000, 0.058, -0.005, 0.000, 0.056, 
1.440, -0.000, 0.057, -0.006, 0.000, 0.056, -0.007, -0.000, 0.057, -0.006, 0.000, 0.056, -0.006, -0.000, 0.058, -0.005, 0.000, 0.056, 
1.440, -0.000, 0.057, -0.006, 0.000, 0.056, -0.007, -0.000, 0.057, -0.006, 0.000, 0.056, -0.006, -0.000, 0.058, -0.005, 0.000, 0.056, 
1.455, -0.000, 0.057, -0.006, 0.000, 0.056, -0.007, -0.000, 0.057, -0.006, 0.000, 0.056, -0.006, -0.000, 0.058, -0.005, 0.000, 0.056, 
1.455, -0.000, 0.057, -0.006, 0.000, 0.056, -0.007, -0.000, 0.057, -0.006, 0.000, 0.056, -0.006, -0.000, 0.058, -0.005, 0.000, 0.056, 
1.455, -0.000, 0.057, -0.006, 0.000, 0.056, -0.007, -0.000, 0.057, -0.006, 0.000, 0.056, -0.006, -0.000, 0.058, -0.005, 0.000, 0.056, 
1.470, -0.000, 0.057, -0.006, 0.000, 0.056, -0.007, -0.000, 0.057, -0.006, 0.000, 0.056, -0.006, -0.000, 0.058, -0.005, 0.000, 0.056, 
1.470, -0.000, 0.057, -0.006, 0.000, 0.056, -0.007, -0.000, 0.057, -0.006, 0.000, 0.056, -0.006, -0.000, 0.058, -0.005, 0.000, 0.056, 
1.470, -0.000, 0.057, -0.006, 0.000, 0.056, -0.007, -0.000, 0.057, -0.006, 0.000, 0.056, -0.006, -0.000, 0.058, -0.005, 0.000, 0.056, 
1.485, -0.000, 0.056, -0.006, 0.000, 0.056, -0.007, -0.000, 0.057, -0.006, 0.000, 0.056, -0.007, -0.000, 0.058, -0.005, 0.000, 0.056, 
1.485, -0.000, 0.056, -0.006, 0.000, 0.056, -0.007, -0.000, 0.057, -0.006, 0.000, 0.056, -0.007, -0.000, 0.058, -0.005, 0.000, 0.056, 
1.485, -0.000, 0.056, -0.006, 0.000, 0.056, -0.007, -0.000, 0.057, -0.006, 0.000, 0.056, -0.007, -0.000, 0.058, -0.005, 0.000, 0.056, 
1.500, -0.000, 0.056, -0.006, 0.000, 0.056, -0.007, -0.000, 0.057, -0.006, 0.000, 0.056, -0.007, -0.000, 0.058, -0.005, 0.000, 0.056, 
1.500, -0.000, 0.056, -0.006, 0.000, 0.056, -0.007, -0.000, 0.057, -0.006, 0.000, 0.056, -0.007, -0.000, 0.058, -0.005, 0.000, 0.056, 
1.500, -0.000, 0.056, -0.006, 0.000, 0.056, -0.007, -0.000, 0.057, -0.006, 0.000, 0.056, -0.007, -0.000, 0.058, -0.005, 0.000, 0.056, 
1.515, -0.000, 0.056, -0.006, 0.000, 0.056, -0.007, -0.000, 0.057, -0.006, 0.000, 0.056, -0.007, -0.000, 0.058, -0.005, 0.000, 0.055, 
1.515, -0.000, 0.056, -0.006, 0.000, 0.056, -0.007, -0.000, 0.057, -0.006, 0.000, 0.056, -0.007, -0.000, 0.058, -0.005, 0.000, 0.055, 
1.515, -0.000, 0.056, -0.006, 0.000, 0.056, -0.007, -0.000, 0.057, -0.006, 0.000, 0.056, -0.007, -0.000, 0.058, -0.005, 0.000, 0.055, 
1.530, -0.000, 0.056, -0.006, 0.000, 0.056, -0.007, -0.000, 0.057, -0.006, 0.000, 0.056, -0.007, -0.000, 0.058, -0.005, 0.000, 0.055, 
1.530, -0.000, 0.056, -0.006, 0.000, 0.056, -0.007, -0.000, 0.057, -0.006, 0.000, 0.056, -0.007, -0.000, 0.058, -0.005, 0.000, 0.055, 
1.530, -0.000, 0.056, -0.006, 0.000, 0.056, -0.007, -0.000, 0.057, -0.006, 0.000, 0.056, -0.007, -0.000, 0.058, -0.005, 0.000, 0.055, 
1.545, -0.000, 0.056, -0.006, 0.000, 0.056, -0.007, -0.000, 0.057, -0.006, 0.000, 0.056, -0.007, -0.000, 0.058, -0.005, 0.000, 0.055, 
1.545, -0.000, 0.056, -0.006, 0.000, 0.056, -0.007, -0.000, 0.057, -0.006, 0.000, 0.056, -0.007, -0.000, 0.058, -0.005, 0.000, 0.055, 
1.545, -0.000, 0.056, -0.006, 0.000, 0.056, -0.007, -0.000, 0.057, -0.006, 0.000, 0.056, -0.007, -0.000, 0.058, -0.005, 0.000, 0.055, 
1.560, -0.000, 0.056, -0.006, 0.000, 0.056, -0.007, -0.000, 0.057, -0.006, 0.000, 0.056, -0.007, -0.000, 0.058, -0.005, 0.000, 0.055, 
1.560, -0.000, 0.056, -0.006, 0.000, 0.056, -0.007, -0.000, 0.057, -0.006, 0.000, 0.056, -0.007, -0.000, 0.058, -0.005, 0.000, 0.055, 
1.560, -0.000, 0.056, -0.006, 0.000, 0.056, -0.007, -0.000, 0.057, -0.006, 0.000, 0.056, -0.007, -0.000, 0.058, -0.005, 0.000, 0.055, 
1.575, -0.000, 0.056, -0.006, 0.000, 0.056, -0.007, -0.000, 0.057, -0.006, 0.000, 0.056, -0.007, -0.000, 0.058, -0.005, 0.000, 0.055, 
1.575, -0.000, 0.056, -0.006, 0.000, 0.056, -0.007, -0.000, 0.057, -0.006, 0.000, 0.056, -0.007, -0.000, 0.058, -0.005, 0.000, 0.055, 
1.575, -0.000, 0.056, -0.006, 0.000, 0.056, -0.007, -0.000, 0.057, -0.006, 0.000, 0.056, -0.007, -0.000, 0.058, -0.005, 0.000, 0.055, 
1.590, -0.000, 0.056, -0.006, 0.000, 0.056, -0.007, -0.000, 0.057, -0.006, 0.000, 0.056, -0.007, -0.000, 0.058, -0.005, 0.000, 0.055, 
1.590, -0.000, 0.056, -0.006, 0.000, 0.056, -0.007, -0.000, 0.057, -0.006, 0.000, 0.056, -0.007, -0.000, 0.058, -0.005, 0.000, 0.055, 
1.590, -0.000, 0.056, -0.006, 0.000, 0.056, -0.007, -0.000, 0.057, -0.006, 0.000, 0.056, -0.007, -0.000, 0.058, -0.005, 0.000, 0.055, 
1.605, -0.000, 0.056, -0.007, 0.000, 0.056, -0.007, -0.000, 0.057, -0.006, 0.000, 0.056, -0.007, -0.000, 0.057, -0.005, 0.000, 0.055, 
1.605, -0.000, 0.056, -0.007, 0.000, 0.056, -0.007, -0.000, 0.057, -0.006, 0.000, 0.056, -0.007, -0.000, 0.057, -0.005, 0.000, 0.055, 
1.605, -0.000, 0.056, -0.007, 0.000, 0.056, -0.007, -0.000, 0.057, -0.006, 0.000, 0.056, -0.007, -0.000, 0.057, -0.005, 0.000, 0.055, 
1.620, -0.000, 0.056, -0.007, 0.000, 0.056, -0.007, -0.000, 0.056, -0.006, 0.000, 0.056, -0.007, -0.000, 0.057, -0.005, 0.000, 0.055, 
1.620, -0.000, 0.056, -0.007, 0.000, 0.056, -0.007, -0.000, 0.056, -0.006, 0.000, 0.056, -0.007, -0.000, 0.057, -0.005, 0.000, 0.055, 
1.620, -0.000, 0.056, -0.007, 0.000, 0.056, -0.007, -0.000, 0.056, -0.006, 0.000, 0.056, -0.007, -0.000, 0.057, -0.005, 0.000, 0.055, 
1.635, -0.000, 0.056, -0.007, 0.000, 0.056, -0.007, -0.000, 0.056, -0.006, 0.000, 0.056, -0.007, -0.000, 0.057, -0.005, 0.000, 0.055, 
1.635, -0.000, 0.056, -0.007, 0.000, 0.056, -0.007, -0.000, 0.056, -0.006, 0.000, 0.056, -0.007, -0.000, 0.057, -0.005, 0.000, 0.055, 
1.635, -0.000, 0.056, -0.007, 0.000, 0.056, -0.007, -0.000, 0.056, -0.006, 0.000, 0.056, -0.007, -0.000, 0.057, -0.005, 0.000, 0.055, 
1.650, -0.000, 0.056, -0.007, 0.000, 0.056, -0.007, -0.000, 0.056, -0.006, 0.000, 0.056, -0.007, -0.000, 0.057, -0.005, 0.000, 0.055, 
1.650, -0.000, 0.056, -0.007, 0.000, 0.056, -0.007, -0.000, 0.056, -0.006, 0.000, 0.056, -0.007, -0.000, 0.057, -0.005, 0.000, 0.055, 
1.650, -0.000, 0.056, -0.007, 0.000, 0.056, -0.007, -0.000, 0.056, -0.006, 0.000, 0.056, -0.007, -0.000, 0.057, -0.005, 0.000, 0.055, 
1.665, -0.000, 0.056, -0.007, 0.000, 0.056, -0.007, -0.000, 0.056, -0.006, 0.000, 0.056, -0.007, -0.000, 0.057, -0.005, 0.000, 0.055, 
1.665, -0.000, 0.056, -0.007, 0.000, 0.056, -0.007, -0.000, 0.056, -0.006, 0.000, 0.056, -0.007, -0.000, 0.057, -0.005, 0.000, 0.055, 
1.665, -0.000, 0.056, -0.007, 0.000, 0.056, -0.007, -0.000, 0.056, -0.006, 0.000, 0.056, -0.007, -0.000, 0.057, -0.005, 0.000, 0.055, 
1.680, -0.000, 0.056, -0.007, 0.000, 0.056, -0.007, -0.000, 0.056, -0.006, 0.000, 0.056, -0.007, -0.000, 0.057, -0.005, 0.000, 0.055, 
1.680, -0.000, 0.056, -0.007, 0.000, 0.056, -0.007, -0.000, 0.056, -0.006, 0.000, 0.056, -0.007, -0.000, 0.057, -0.005, 0.000, 0.055, 
1.680, -0.000, 0.056, -0.007, 0.000, 0.056, -0.007, -0.000, 0.056, -0.006, 0.000, 0.056, -0.007, -0.000, 0.057, -0.005, 0.000, 0.055, 
1.695, -0.000, 0.056, -0.007, 0.000, 0.056, -0.007, -0.000, 0.056, -0.006, 0.000, 0.056, -0.007, -0.000, 0.057, -0.005, 0.000, 0.055, 
1.695, -0.000, 0.056, -0.007, 0.000, 0.056, -0.007, -0.000, 0.056, -0.006, 0.000, 0.056, -0.007, -0.000, 0.057, -0.005, 0.000, 0.055, 
1.695, -0.000, 0.056, -0.007, 0.000, 0.056, -0.007, -0.000, 0.056, -0.006, 0.000, 0.056, -0.007, -0.000, 0.057, -0.005, 0.000, 0.055, 
1.710, -0.000, 0.056, -0.007, 0.000, 0.056, -0.007, -0.000, 0.056, -0.006, 0.000, 0.056, -0.007, -0.000, 0.057, -0.005, 0.000, 0.055, 
1.710, -0.000, 0.056, -0.007, 0.000, 0.056, -0.007, -0.000, 0.056, -0.006, 0.000, 0.056, -0.007, -0.000, 0.057, -0.005, 0.000, 0.055, 
1.710, -0.000, 0.056, -0.007, 0.000, 0.056, -0.007, -0.000, 0.056, -0.006, 0.000, 0.056, -0.007, -0.000, 0.057, -0.005, 0.000, 0.055, 
1.725, -0.000, 0.056, -0.007, 0.000, 0.056, -0.007, -0.000, 0.056, -0.006, 0.000, 0.056, -0.007, -0.000, 0.057, -0.005, 0.000, 0.055, 
1.725, -0.000, 0.056, -0.007, 0.000, 0.056, -0.007, -0.000, 0.056, -0.006, 0.000, 0.056, -0.007, -0.000, 0.057, -0.005, 0.000, 0.055, 
1.725, -0.000, 0.056, -0.007, 0.000, 0.056, -0.007, -0.000, 0.056, -0.006, 0.000, 0.056, -0.007, -0.000, 0.057, -0.005, 0.000, 0.055, 
1.740, -0.000, 0.056, -0.007, 0.000, 0.056, -0.007, -0.000, 0.056, -0.006, 0.000, 0.056, -0.007, -0.000, 0.057, -0.005, 0.000, 0.055, 
1.740, -0.000, 0.056, -0.007, 0.000, 0.056, -0.007, -0.000, 0.056, -0.006, 0.000, 0.056, -0.007, -0.000, 0.057, -0.005, 0.000, 0.055, 
1.740, -0.000, 0.056, -0.007, 0.000, 0.056, -0.007, -0.000, 0.056, -0.006, 0.000, 0.056, -0.007, -0.000, 0.057, -0.005, 0.000, 0.055, 
1.755, -0.000, 0.056, -0.007, 0.000, 0.056, -0.007, -0.000, 0.056, -0.006, 0.000, 0.056, -0.007, -0.000, 0.057, -0.005, 0.000, 0.055, 
1.755, -0.000, 0.056, -0.007, 0.000, 0.056, -0.007, -0.000, 0.056, -0.006, 0.000, 0.056, -0.007, -0.000, 0.057, -0.005, 0.000, 0.055, 
1.755, -0.000, 0.056, -0.007, 0.000, 0.056, -0.007, -0.000, 0.056, -0.006, 0.000, 0.056, -0.007, -0.000, 0.057, -0.005, 0.000, 0.055, 
1.770, -0.000, 0.056, -0.007, 0.000, 0.056, -0.007, -0.000, 0.056, -0.007, 0.000, 0.056, -0.007, -0.000, 0.057, -0.005, 0.000, 0.055, 
1.770, -0.000, 0.056, -0.007, 0.000, 0.056, -0.007, -0.000, 0.056, -0.007, 0.000, 0.056, -0.007, -0.000, 0.057, -0.005, 0.000, 0.055, 
1.770, -0.000, 0.056, -0.007, 0.000, 0.056, -0.007, -0.000, 0.056, -0.007, 0.000, 0.056, -0.007, -0.000, 0.057, -0.005, 0.000, 0.055, 
1.785, -0.000, 0.056, -0.007, 0.000, 0.056, -0.007, -0.000, 0.056, -0.007, 0.000, 0.056, -0.007, -0.000, 0.057, -0.005, 0.000, 0.055, 
1.785, -0.000, 0.056, -0.007, 0.000, 0.056, -0.007, -0.000, 0.056, -0.007, 0.000, 0.056, -0.007, -0.000, 0.057, -0.005, 0.000, 0.055, 
1.785, -0.000, 0.056, -0.007, 0.000, 0.056, -0.007, -0.000, 0.056, -0.007, 0.000, 0.056, -0.007, -0.000, 0.057, -0.005, 0.000, 0.055, 
1.800, -0.000, 0.056, -0.007, 0.000, 0.056, -0.007, -0.000, 0.056, -0.007, 0.000, 0.056, -0.007, -0.000, 0.057, -0.005, 0.000, 0.055, 
1.800, -0.000, 0.056, -0.007, 0.000, 0.056, -0.007, -0.000, 0.056, -0.007, 0.000, 0.056, -0.007, -0.000, 0.057, -0.005, 0.000, 0.055, 
1.800, -0.000, 0.056, -0.007, 0.000, 0.056, -0.007, -0.000, 0.056, -0.007, 0.000, 0.056, -0.007, -0.000, 0.057, -0.005, 0.000, 0.055, 
1.815, -0.000, 0.056, -0.007, 0.000, 0.056, -0.007, -0.000, 0.056, -0.007, 0.000, 0.056, -0.007, -0.000, 0.057, -0.005, 0.000, 0.055, 
1.815, -0.000, 0.056, -0.007, 0.000, 0.056, -0.007, -0.000, 0.056, -0.007, 0.000, 0.056, -0.007, -0.000, 0.057, -0.005, 0.000, 0.055, 
1.815, -0.000, 0.056, -0.007, 0.000, 0.056, -0.007, -0.000, 0.056, -0.007, 0.000, 0.056, -0.007, -0.000, 0.057, -0.005, 0.000, 0.055, 
1.830, -0.000, 0.056, -0.007, 0.000, 0.056, -0.007, -0.000, 0.056, -0.007, 0.000, 0.056, -0.007, -0.000, 0.057, -0.005, 0.000, 0.055, 
1.830, -0.000, 0.056, -0.007, 0.000, 0.056, -0.007, -0.000, 0.056, -0.007, 0.000, 0.056, -0.007, -0.000, 0.057, -0.005, 0.000, 0.055, 
1.830, -0.000, 0.056, -0.007, 0.000, 0.056, -0.007, -0.000, 0.056, -0.007, 0.000, 0.056, -0.007, -0.000, 0.057, -0.005, 0.000, 0.055, 
1.845, -0.000, 0.056, -0.007, 0.000, 0.056, -0.007, -0.000, 0.056, -0.007, 0.000, 0.056, -0.007, -0.000, 0.057, -0.005, 0.000, 0.055, 
1.845, -0.000, 0.056, -0.007, 0.000, 0.056, -0.007, -0.000, 0.056, -0.007, 0.000, 0.056, -0.007, -0.000, 0.057, -0.005, 0.000, 0.055, 
1.845, -0.000, 0.056, -0.007, 0.000, 0.056, -0.007, -0.000, 0.056, -0.007, 0.000, 0.056, -0.007, -0.000, 0.057, -0.005, 0.000, 0.055, 
1.860, -0.000, 0.056, -0.007, 0.000, 0.056, -0.007, -0.000, 0.056, -0.007, 0.000, 0.056, -0.007, -0.000, 0.057, -0.005, 0.000, 0.055, 
1.860, -0.000, 0.056, -0.007, 0.000, 0.056, -0.007, -0.000, 0.056, -0.007, 0.000, 0.056, -0.007, -0.000, 0.057, -0.005, 0.000, 0.055, 
1.860, -0.000, 0.056, -0.007, 0.000, 0.056, -0.007, -0.000, 0.056, -0.007, 0.000, 0.056, -0.007, -0.000, 0.057, -0.005, 0.000, 0.055, 
1.875, -0.000, 0.056, -0.007, 0.000, 0.056, -0.007, -0.000, 0.056, -0.007, 0.000, 0.056, -0.007, -0.000, 0.057, -0.005, 0.000, 0.055, 
1.875, -0.000, 0.056, -0.007, 0.000, 0.056, -0.007, -0.000, 0.056, -0.007, 0.000, 0.056, -0.007, -0.000, 0.057, -0.005, 0.000, 0.055, 
1.875, -0.000, 0.056, -0.007, 0.000, 0.056, -0.007, -0.000, 0.056, -0.007, 0.000, 0.056, -0.007, -0.000, 0.057, -0.005, 0.000, 0.055, 
1.890, -0.000, 0.056, -0.007, 0.000, 0.056, -0.007, -0.000, 0.056, -0.007, 0.000, 0.056, -0.007, -0.000, 0.057, -0.005, 0.000, 0.055, 
1.890, -0.000, 0.056, -0.007, 0.000, 0.056, -0.007, -0.000, 0.056, -0.007, 0.000, 0.056, -0.007, -0.000, 0.057, -0.005, 0.000, 0.055, 
1.890, -0.000, 0.056, -0.007, 0.000, 0.056, -0.007, -0.000, 0.056, -0.007, 0.000, 0.056, -0.007, -0.000, 0.057, -0.005, 0.000, 0.055, 
1.905, -0.000, 0.056, -0.007, 0.000, 0.056, -0.007, -0.000, 0.056, -0.007, 0.000, 0.056, -0.007, -0.000, 0.057, -0.005, 0.000, 0.055, 
1.905, -0.000, 0.056, -0.007, 0.000, 0.056, -0.007, -0.000, 0.056, -0.007, 0.000, 0.056, -0.007, -0.000, 0.057, -0.005, 0.000, 0.055, 
1.905, -0.000, 0.056, -0.007, 0.000, 0.056, -0.007, -0.000, 0.056, -0.007, 0.000, 0.056, -0.007, -0.000, 0.057, -0.005, 0.000, 0.055, 
1.920, -0.000, 0.056, -0.007, 0.000, 0.056, -0.007, -0.000, 0.056, -0.007, 0.000, 0.056, -0.007, -0.000, 0.057, -0.005, 0.000, 0.055, 
1.920, -0.000, 0.056, -0.007, 0.000, 0.056, -0.007, -0.000, 0.056, -0.007, 0.000, 0.056, -0.007, -0.000, 0.057, -0.005, 0.000, 0.055, 
1.920, -0.000, 0.056, -0.007, 0.000, 0.056, -0.007, -0.000, 0.056, -0.007, 0.000, 0.056, -0.007, -0.000, 0.057, -0.005, 0.000, 0.055, 
1.935, -0.000, 0.056, -0.007, 0.000, 0.056, -0.007, -0.000, 0.056, -0.007, 0.000, 0.056, -0.007, -0.000, 0.057, -0.005, 0.000, 0.055, 
1.935, -0.000, 0.056, -0.007, 0.000, 0.056, -0.007, -0.000, 0.056, -0.007, 0.000, 0.056, -0.007, -0.000, 0.057, -0.005, 0.000, 0.055, 
1.935, -0.000, 0.056, -0.007, 0.000, 0.056, -0.007, -0.000, 0.056, -0.007, 0.000, 0.056, -0.007, -0.000, 0.057, -0.005, 0.000, 0.055, 
1.950, -0.000, 0.056, -0.007, 0.000, 0.056, -0.007, -0.000, 0.056, -0.007, 0.000, 0.056, -0.007, -0.000, 0.057, -0.005, 0.000, 0.055, 
1.950, -0.000, 0.056, -0.007, 0.000, 0.056, -0.007, -0.000, 0.056, -0.007, 0.000, 0.056, -0.007, -0.000, 0.057, -0.005, 0.000, 0.055, 
1.950, -0.000, 0.056, -0.007, 0.000, 0.056, -0.007, -0.000, 0.056, -0.007, 0.000, 0.056, -0.007, -0.000, 0.057, -0.005, 0.000, 0.055, 
1.965, -0.000, 0.056, -0.007, 0.000, 0.056, -0.007, -0.000, 0.056, -0.007, 0.000, 0.056, -0.007, -0.000, 0.057, -0.005, 0.000, 0.055, 
1.965, -0.000, 0.056, -0.007, 0.000, 0.056, -0.007, -0.000, 0.056, -0.007, 0.000, 0.056, -0.007, -0.000, 0.057, -0.005, 0.000, 0.055, 
1.965, -0.000, 0.056, -0.007, 0.000, 0.056, -0.007, -0.000, 0.056, -0.007, 0.000, 0.056, -0.007, -0.000, 0.057, -0.005, 0.000, 0.055, 
1.980, -0.000, 0.056, -0.007, 0.000, 0.056, -0.007, -0.000, 0.056, -0.007, 0.000, 0.056, -0.007, -0.000, 0.057, -0.005, 0.000, 0.055, 
1.980, -0.000, 0.056, -0.007, 0.000, 0.056, -0.007, -0.000, 0.056, -0.007, 0.000, 0.056, -0.007, -0.000, 0.057, -0.005, 0.000, 0.055, 
1.980, -0.000, 0.056, -0.007, 0.000, 0.056, -0.007, -0.000, 0.056, -0.007, 0.000, 0.056, -0.007, -0.000, 0.057, -0.005, 0.000, 0.055, 
1.995, -0.000, 0.056, -0.007, 0.000, 0.056, -0.007, -0.000, 0.056, -0.007, 0.000, 0.056, -0.007, -0.000, 0.057, -0.005, 0.000, 0.055, 
1.995, -0.000, 0.056, -0.007, 0.000, 0.056, -0.007, -0.000, 0.056, -0.007, 0.000, 0.056, -0.007, -0.000, 0.057, -0.005, 0.000, 0.055, 
1.995, -0.000, 0.056, -0.007, 0.000, 0.056, -0.007, -0.000, 0.056, -0.007, 0.000, 0.056, -0.007, -0.000, 0.057, -0.005, 0.000, 0.055, 
2.010, -0.000, 0.056, -0.007, 0.000, 0.056, -0.007, -0.000, 0.056, -0.007, 0.000, 0.056, -0.007, -0.000, 0.057, -0.005, 0.000, 0.055, 
2.010, -0.000, 0.056, -0.007, 0.000, 0.056, -0.007, -0.000, 0.056, -0.007, 0.000, 0.056, -0.007, -0.000, 0.057, -0.005, 0.000, 0.055, 
2.010, -0.000, 0.056, -0.007, 0.000, 0.056, -0.007, -0.000, 0.056, -0.007, 0.000, 0.056, -0.007, -0.000, 0.057, -0.005, 0.000, 0.055, 
2.025, -0.000, 0.056, -0.007, 0.000, 0.056, -0.006, -0.000, 0.056, -0.007, 0.000, 0.056, -0.007, -0.000, 0.057, -0.005, 0.000, 0.055, 
2.025, -0.000, 0.056, -0.007, 0.000, 0.056, -0.006, -0.000, 0.056, -0.007, 0.000, 0.056, -0.007, -0.000, 0.057, -0.005, 0.000, 0.055, 
2.025, -0.000, 0.056, -0.007, 0.000, 0.056, -0.006, -0.000, 0.056, -0.007, 0.000, 0.056, -0.007, -0.000, 0.057, -0.005, 0.000, 0.055, 
2.040, -0.000, 0.056, -0.007, 0.000, 0.056, -0.006, -0.000, 0.056, -0.007, 0.000, 0.056, -0.007, -0.000, 0.057, -0.005, 0.000, 0.055, 
2.040, -0.000, 0.056, -0.007, 0.000, 0.056, -0.006, -0.000, 0.056, -0.007, 0.000, 0.056, -0.007, -0.000, 0.057, -0.005, 0.000, 0.055, 
2.040, -0.000, 0.056, -0.007, 0.000, 0.056, -0.006, -0.000, 0.056, -0.007, 0.000, 0.056, -0.007, -0.000, 0.057, -0.005, 0.000, 0.055, 
2.055, -0.000, 0.056, -0.007, 0.000, 0.056, -0.006, -0.000, 0.056, -0.007, 0.000, 0.056, -0.007, -0.000, 0.057, -0.005, 0.000, 0.055, 
2.055, -0.000, 0.056, -0.007, 0.000, 0.056, -0.006, -0.000, 0.056, -0.007, 0.000, 0.056, -0.007, -0.000, 0.057, -0.005, 0.000, 0.055, 
2.055, -0.000, 0.056, -0.007, 0.000, 0.056, -0.006, -0.000, 0.056, -0.007, 0.000, 0.056, -0.007, -0.000, 0.057, -0.005, 0.000, 0.055, 
2.070, -0.000, 0.056, -0.007, 0.000, 0.056, -0.006, -0.000, 0.056, -0.007, 0.000, 0.056, -0.007, -0.000, 0.057, -0.005, 0.000, 0.055, 
2.070, -0.000, 0.056, -0.007, 0.000, 0.056, -0.006, -0.000, 0.056, -0.007, 0.000, 0.056, -0.007, -0.000, 0.057, -0.005, 0.000, 0.055, 
2.070, -0.000, 0.056, -0.007, 0.000, 0.056, -0.006, -0.000, 0.056, -0.007, 0.000, 0.056, -0.007, -0.000, 0.057, -0.005, 0.000, 0.055, 
2.085, -0.000, 0.056, -0.007, 0.000, 0.056, -0.006, -0.000, 0.056, -0.007, 0.000, 0.056, -0.007, -0.000, 0.057, -0.005, 0.000, 0.055, 
2.085, -0.000, 0.056, -0.007, 0.000, 0.056, -0.006, -0.000, 0.056, -0.007, 0.000, 0.056, -0.007, -0.000, 0.057, -0.005, 0.000, 0.055, 
2.085, -0.000, 0.056, -0.007, 0.000, 0.056, -0.006, -0.000, 0.056, -0.007, 0.000, 0.056, -0.007, -0.000, 0.057, -0.005, 0.000, 0.055, 
2.100, -0.000, 0.056, -0.007, 0.000, 0.056, -0.006, -0.000, 0.056, -0.007, 0.000, 0.056, -0.007, -0.000, 0.057, -0.005, 0.000, 0.055, 
2.100, -0.000, 0.056, -0.007, 0.000, 0.056, -0.006, -0.000, 0.056, -0.007, 0.000, 0.056, -0.007, -0.000, 0.057, -0.005, 0.000, 0.055, 
2.100, -0.000, 0.056, -0.007, 0.000, 0.056, -0.006, -0.000, 0.056, -0.007, 0.000, 0.056, -0.007, -0.000, 0.057, -0.005, 0.000, 0.055, 
2.115, -0.000, 0.056, -0.007, 0.000, 0.056, -0.006, -0.000, 0.056, -0.007, 0.000, 0.056, -0.007, -0.000, 0.057, -0.005, 0.000, 0.055, 
2.115, -0.000, 0.056, -0.007, 0.000, 0.056, -0.006, -0.000, 0.056, -0.007, 0.000, 0.056, -0.007, -0.000, 0.057, -0.005, 0.000, 0.055, 
2.115, -0.000, 0.056, -0.007, 0.000, 0.056, -0.006, -0.000, 0.056, -0.007, 0.000, 0.056, -0.007, -0.000, 0.057, -0.005, 0.000, 0.055, 
2.130, -0.000, 0.056, -0.007, 0.000, 0.056, -0.006, -0.000, 0.056, -0.007, 0.000, 0.056, -0.007, -0.000, 0.057, -0.005, 0.000, 0.055, 
2.130, -0.000, 0.056, -0.007, 0.000, 0.056, -0.006, -0.000, 0.056, -0.007, 0.000, 0.056, -0.007, -0.000, 0.057, -0.005, 0.000, 0.055, 
2.130, -0.000, 0.056, -0.007, 0.000, 0.056, -0.006, -0.000, 0.056, -0.007, 0.000, 0.056, -0.007, -0.000, 0.057, -0.005, 0.000, 0.055, 
2.145, -0.000, 0.056, -0.007, 0.000, 0.056, -0.006, -0.000, 0.056, -0.007, 0.000, 0.056, -0.007, -0.000, 0.057, -0.005, 0.000, 0.055, 
2.145, -0.000, 0.056, -0.007, 0.000, 0.056, -0.006, -0.000, 0.056, -0.007, 0.000, 0.056, -0.007, -0.000, 0.057, -0.005, 0.000, 0.055, 
2.145, -0.000, 0.056, -0.007, 0.000, 0.056, -0.006, -0.000, 0.056, -0.007, 0.000, 0.056, -0.007, -0.000, 0.057, -0.005, 0.000, 0.055, 
2.160, -0.000, 0.056, -0.007, 0.000, 0.056, -0.006, -0.000, 0.056, -0.007, 0.000, 0.056, -0.007, -0.000, 0.057, -0.005, 0.000, 0.055, 
2.160, -0.000, 0.056, -0.007, 0.000, 0.056, -0.006, -0.000, 0.056, -0.007, 0.000, 0.056, -0.007, -0.000, 0.057, -0.005, 0.000, 0.055, 
2.160, -0.000, 0.056, -0.007, 0.000, 0.056, -0.006, -0.000, 0.056, -0.007, 0.000, 0.056, -0.007, -0.000, 0.057, -0.005, 0.000, 0.055, 
2.175, -0.000, 0.056, -0.007, 0.000, 0.056, -0.006, -0.000, 0.056, -0.007, 0.000, 0.056, -0.007, -0.000, 0.057, -0.005, 0.000, 0.055, 
2.175, -0.000, 0.056, -0.007, 0.000, 0.056, -0.006, -0.000, 0.056, -0.007, 0.000, 0.056, -0.007, -0.000, 0.057, -0.005, 0.000, 0.055, 
2.175, -0.000, 0.056, -0.007, 0.000, 0.056, -0.006, -0.000, 0.056, -0.007, 0.000, 0.056, -0.007, -0.000, 0.057, -0.005, 0.000, 0.055, 
2.190, -0.000, 0.056, -0.007, 0.000, 0.056, -0.006, -0.000, 0.056, -0.007, 0.000, 0.056, -0.007, -0.000, 0.057, -0.005, 0.000, 0.055, 
2.190, -0.000, 0.056, -0.007, 0.000, 0.056, -0.006, -0.000, 0.056, -0.007, 0.000, 0.056, -0.007, -0.000, 0.057, -0.005, 0.000, 0.055, 
2.190, -0.000, 0.056, -0.007, 0.000, 0.056, -0.006, -0.000, 0.056, -0.007, 0.000, 0.056, -0.007, -0.000, 0.057, -0.005, 0.000, 0.055, 
2.205, -0.000, 0.056, -0.007, 0.000, 0.056, -0.006, -0.000, 0.056, -0.007, 0.000, 0.056, -0.007, -0.000, 0.057, -0.006, 0.000, 0.055, 
2.205, -0.000, 0.056, -0.007, 0.000, 0.056, -0.006, -0.000, 0.056, -0.007, 0.000, 0.056, -0.007, -0.000, 0.057, -0.006, 0.000, 0.055, 
2.205, -0.000, 0.056, -0.007, 0.000, 0.056, -0.006, -0.000, 0.056, -0.007, 0.000, 0.056, -0.007, -0.000, 0.057, -0.006, 0.000, 0.055, 
2.220, -0.000, 0.056, -0.007, 0.000, 0.056, -0.006, -0.000, 0.056, -0.007, 0.000, 0.056, -0.007, -0.000, 0.057, -0.006, 0.000, 0.055, 
2.220, -0.000, 0.056, -0.007, 0.000, 0.056, -0.006, -0.000, 0.056, -0.007, 0.000, 0.056, -0.007, -0.000, 0.057, -0.006, 0.000, 0.055, 
2.220, -0.000, 0.056, -0.007, 0.000, 0.056, -0.006, -0.000, 0.056, -0.007, 0.000, 0.056, -0.007, -0.000, 0.057, -0.006, 0.000, 0.055, 
2.235, -0.000, 0.056, -0.007, 0.000, 0.056, -0.006, -0.000, 0.056, -0.007, 0.000, 0.056, -0.007, -0.000, 0.057, -0.006, 0.000, 0.055, 
2.235, -0.000, 0.056, -0.007, 0.000, 0.056, -0.006, -0.000, 0.056, -0.007, 0.000, 0.056, -0.007, -0.000, 0.057, -0.006, 0.000, 0.055, 
2.235, -0.000, 0.056, -0.007, 0.000, 0.056, -0.006, -0.000, 0.056, -0.007, 0.000, 0.056, -0.007, -0.000, 0.057, -0.006, 0.000, 0.055, 
2.250, -0.000, 0.056, -0.007, 0.000, 0.056, -0.006, -0.000, 0.056, -0.007, 0.000, 0.056, -0.007, -0.000, 0.057, -0.006, 0.000, 0.055, 
2.250, -0.000, 0.056, -0.007, 0.000, 0.056, -0.006, -0.000, 0.056, -0.007, 0.000, 0.056, -0.007, -0.000, 0.057, -0.006, 0.000, 0.055, 
2.250, -0.000, 0.056, -0.007, 0.000, 0.056, -0.006, -0.000, 0.056, -0.007, 0.000, 0.056, -0.007, -0.000, 0.057, -0.006, 0.000, 0.055, 
2.265, -0.000, 0.056, -0.007, 0.000, 0.056, -0.006, -0.000, 0.056, -0.007, 0.000, 0.056, -0.007, -0.000, 0.057, -0.006, 0.000, 0.055, 
2.265, -0.000, 0.056, -0.007, 0.000, 0.056, -0.006, -0.000, 0.056, -0.007, 0.000, 0.056, -0.007, -0.000, 0.057, -0.006, 0.000, 0.055, 
2.265, -0.000, 0.056, -0.007, 0.000, 0.056, -0.006, -0.000, 0.056, -0.007, 0.000, 0.056, -0.007, -0.000, 0.057, -0.006, 0.000, 0.055, 
2.280, -0.000, 0.056, -0.007, 0.000, 0.056, -0.006, -0.000, 0.056, -0.007, 0.000, 0.056, -0.007, -0.000, 0.057, -0.006, 0.000, 0.055, 
2.280, -0.000, 0.056, -0.007, 0.000, 0.056, -0.006, -0.000, 0.056, -0.007, 0.000, 0.056, -0.007, -0.000, 0.057, -0.006, 0.000, 0.055, 
2.280, -0.000, 0.056, -0.007, 0.000, 0.056, -0.006, -0.000, 0.056, -0.007, 0.000, 0.056, -0.007, -0.000, 0.057, -0.006, 0.000, 0.055, 
2.295, -0.000, 0.056, -0.007, 0.000, 0.056, -0.006, -0.000, 0.056, -0.007, 0.000, 0.056, -0.007, -0.000, 0.057, -0.006, 0.000, 0.055, 
2.295, -0.000, 0.056, -0.007, 0.000, 0.056, -0.006, -0.000, 0.056, -0.007, 0.000, 0.056, -0.007, -0.000, 0.057, -0.006, 0.000, 0.055, 
2.295, -0.000, 0.056, -0.007, 0.000, 0.056, -0.006, -0.000, 0.056, -0.007, 0.000, 0.056, -0.007, -0.000, 0.057, -0.006, 0.000, 0.055, 
2.310, -0.000, 0.056, -0.007, 0.000, 0.056, -0.006, -0.000, 0.056, -0.007, 0.000, 0.056, -0.007, -0.000, 0.057, -0.006, 0.000, 0.055, 
2.310, -0.000, 0.056, -0.007, 0.000, 0.056, -0.006, -0.000, 0.056, -0.007, 0.000, 0.056, -0.007, -0.000, 0.057, -0.006, 0.000, 0.055, 
2.310, -0.000, 0.056, -0.007, 0.000, 0.056, -0.006, -0.000, 0.056, -0.007, 0.000, 0.056, -0.007, -0.000, 0.057, -0.006, 0.000, 0.055, 
2.325, -0.000, 0.056, -0.007, 0.000, 0.056, -0.006, -0.000, 0.056, -0.007, 0.000, 0.056, -0.007, -0.000, 0.057, -0.006, 0.000, 0.055, 
2.325, -0.000, 0.056, -0.007, 0.000, 0.056, -0.006, -0.000, 0.056, -0.007, 0.000, 0.056, -0.007, -0.000, 0.057, -0.006, 0.000, 0.055, 
2.325, -0.000, 0.056, -0.007, 0.000, 0.056, -0.006, -0.000, 0.056, -0.007, 0.000, 0.056, -0.007, -0.000, 0.057, -0.006, 0.000, 0.055, 
2.340, -0.000, 0.056, -0.007, 0.000, 0.056, -0.006, -0.000, 0.056, -0.007, 0.000, 0.056, -0.007, -0.000, 0.057, -0.006, 0.000, 0.055, 
2.340, -0.000, 0.056, -0.007, 0.000, 0.056, -0.006, -0.000, 0.056, -0.007, 0.000, 0.056, -0.007, -0.000, 0.057, -0.006, 0.000, 0.055, 
2.340, -0.000, 0.056, -0.007, 0.000, 0.056, -0.006, -0.000, 0.056, -0.007, 0.000, 0.056, -0.007, -0.000, 0.057, -0.006, 0.000, 0.055, 
2.355, -0.000, 0.056, -0.007, 0.000, 0.056, -0.006, -0.000, 0.056, -0.007, 0.000, 0.056, -0.007, -0.000, 0.057, -0.006, 0.000, 0.055, 
2.355, -0.000, 0.056, -0.007, 0.000, 0.056, -0.006, -0.000, 0.056, -0.007, 0.000, 0.056, -0.007, -0.000, 0.057, -0.006, 0.000, 0.055, 
2.355, -0.000, 0.056, -0.007, 0.000, 0.056, -0.006, -0.000, 0.056, -0.007, 0.000, 0.056, -0.007, -0.000, 0.057, -0.006, 0.000, 0.055, 
2.370, -0.000, 0.056, -0.007, 0.000, 0.056, -0.006, -0.000, 0.056, -0.007, 0.000, 0.056, -0.007, -0.000, 0.057, -0.006, 0.000, 0.055, 
2.370, -0.000, 0.056, -0.007, 0.000, 0.056, -0.006, -0.000, 0.056, -0.007, 0.000, 0.056, -0.007, -0.000, 0.057, -0.006, 0.000, 0.055, 
2.370, -0.000, 0.056, -0.007, 0.000, 0.056, -0.006, -0.000, 0.056, -0.007, 0.000, 0.056, -0.007, -0.000, 0.057, -0.006, 0.000, 0.055, 
2.385, -0.000, 0.056, -0.007, 0.000, 0.056, -0.006, -0.000, 0.056, -0.007, 0.000, 0.056, -0.007, -0.000, 0.057, -0.006, 0.000, 0.055, 
2.385, -0.000, 0.056, -0.007, 0.000, 0.056, -0.006, -0.000, 0.056, -0.007, 0.000, 0.056, -0.007, -0.000, 0.057, -0.006, 0.000, 0.055, 
2.385, -0.000, 0.056, -0.007, 0.000, 0.056, -0.006, -0.000, 0.056, -0.007, 0.000, 0.056, -0.007, -0.000, 0.057, -0.006, 0.000, 0.055, 
2.400, -0.000, 0.056, -0.007, 0.000, 0.056, -0.006, -0.000, 0.056, -0.007, 0.000, 0.056, -0.007, -0.000, 0.057, -0.006, 0.000, 0.055, 
2.400, -0.000, 0.056, -0.007, 0.000, 0.056, -0.006, -0.000, 0.056, -0.007, 0.000, 0.056, -0.007, -0.000, 0.057, -0.006, 0.000, 0.055, 
2.400, -0.000, 0.056, -0.007, 0.000, 0.056, -0.006, -0.000, 0.056, -0.007, 0.000, 0.056, -0.007, -0.000, 0.057, -0.006, 0.000, 0.055, 
2.415, -0.000, 0.056, -0.007, 0.000, 0.056, -0.006, -0.000, 0.056, -0.007, 0.000, 0.056, -0.007, -0.000, 0.057, -0.006, 0.000, 0.055, 
2.415, -0.000, 0.056, -0.007, 0.000, 0.056, -0.006, -0.000, 0.056, -0.007, 0.000, 0.056, -0.007, -0.000, 0.057, -0.006, 0.000, 0.055, 
2.415, -0.000, 0.056, -0.007, 0.000, 0.056, -0.006, -0.000, 0.056, -0.007, 0.000, 0.056, -0.007, -0.000, 0.057, -0.006, 0.000, 0.055, 
2.430, -0.000, 0.056, -0.007, 0.000, 0.056, -0.006, -0.000, 0.056, -0.007, 0.000, 0.056, -0.007, -0.000, 0.057, -0.006, 0.000, 0.055, 
2.430, -0.000, 0.056, -0.007, 0.000, 0.056, -0.006, -0.000, 0.056, -0.007, 0.000, 0.056, -0.007, -0.000, 0.057, -0.006, 0.000, 0.055, 
2.430, -0.000, 0.056, -0.007, 0.000, 0.056, -0.006, -0.000, 0.056, -0.007, 0.000, 0.056, -0.007, -0.000, 0.057, -0.006, 0.000, 0.055, 
2.445, -0.000, 0.056, -0.007, 0.000, 0.056, -0.006, -0.000, 0.056, -0.007, 0.000, 0.056, -0.007, -0.000, 0.057, -0.006, 0.000, 0.055, 
2.445, -0.000, 0.056, -0.007, 0.000, 0.056, -0.006, -0.000, 0.056, -0.007, 0.000, 0.056, -0.007, -0.000, 0.057, -0.006, 0.000, 0.055, 
2.445, -0.000, 0.056, -0.007, 0.000, 0.056, -0.006, -0.000, 0.056, -0.007, 0.000, 0.056, -0.007, -0.000, 0.057, -0.006, 0.000, 0.055, 
2.460, -0.000, 0.056, -0.007, 0.000, 0.056, -0.006, -0.000, 0.056, -0.007, 0.000, 0.056, -0.007, -0.000, 0.057, -0.006, 0.000, 0.055, 
2.460, -0.000, 0.056, -0.007, 0.000, 0.056, -0.006, -0.000, 0.056, -0.007, 0.000, 0.056, -0.007, -0.000, 0.057, -0.006, 0.000, 0.055, 
2.460, -0.000, 0.056, -0.007, 0.000, 0.056, -0.006, -0.000, 0.056, -0.007, 0.000, 0.056, -0.007, -0.000, 0.057, -0.006, 0.000, 0.055, 
2.475, -0.000, 0.056, -0.007, 0.000, 0.056, -0.006, -0.000, 0.056, -0.007, 0.000, 0.056, -0.007, -0.000, 0.057, -0.006, 0.000, 0.055, 
2.475, -0.000, 0.056, -0.007, 0.000, 0.056, -0.006, -0.000, 0.056, -0.007, 0.000, 0.056, -0.007, -0.000, 0.057, -0.006, 0.000, 0.055, 
2.475, -0.000, 0.056, -0.007, 0.000, 0.056, -0.006, -0.000, 0.056, -0.007, 0.000, 0.056, -0.007, -0.000, 0.057, -0.006, 0.000, 0.055, 
2.490, -0.000, 0.056, -0.007, 0.000, 0.056, -0.006, -0.000, 0.056, -0.007, 0.000, 0.056, -0.007, -0.000, 0.057, -0.006, 0.000, 0.055, 
2.490, -0.000, 0.056, -0.007, 0.000, 0.056, -0.006, -0.000, 0.056, -0.007, 0.000, 0.056, -0.007, -0.000, 0.057, -0.006, 0.000, 0.055, 
2.490, -0.000, 0.056, -0.007, 0.000, 0.056, -0.006, -0.000, 0.056, -0.007, 0.000, 0.056, -0.007, -0.000, 0.057, -0.006, 0.000, 0.055, 
2.505, -0.000, 0.056, -0.007, 0.000, 0.056, -0.006, -0.000, 0.056, -0.007, 0.000, 0.056, -0.007, -0.000, 0.057, -0.006, 0.000, 0.055, 
2.505, -0.000, 0.056, -0.007, 0.000, 0.056, -0.006, -0.000, 0.056, -0.007, 0.000, 0.056, -0.007, -0.000, 0.057, -0.006, 0.000, 0.055, 
2.505, -0.000, 0.056, -0.007, 0.000, 0.056, -0.006, -0.000, 0.056, -0.007, 0.000, 0.056, -0.007, -0.000, 0.057, -0.006, 0.000, 0.055, 
2.520, -0.000, 0.056, -0.007, 0.000, 0.056, -0.006, -0.000, 0.056, -0.007, 0.000, 0.056, -0.007, -0.000, 0.057, -0.006, 0.000, 0.055, 
2.520, -0.000, 0.056, -0.007, 0.000, 0.056, -0.006, -0.000, 0.056, -0.007, 0.000, 0.056, -0.007, -0.000, 0.057, -0.006, 0.000, 0.055, 
2.520, -0.000, 0.056, -0.007, 0.000, 0.056, -0.006, -0.000, 0.056, -0.007, 0.000, 0.056, -0.007, -0.000, 0.057, -0.006, 0.000, 0.055, 
2.535, -0.000, 0.056, -0.007, 0.000, 0.056, -0.006, -0.000, 0.056, -0.007, 0.000, 0.056, -0.007, -0.000, 0.057, -0.006, 0.000, 0.055, 
2.535, -0.000, 0.056, -0.007, 0.000, 0.056, -0.006, -0.000, 0.056, -0.007, 0.000, 0.056, -0.007, -0.000, 0.057, -0.006, 0.000, 0.055, 
2.535, -0.000, 0.056, -0.007, 0.000, 0.056, -0.006, -0.000, 0.056, -0.007, 0.000, 0.056, -0.007, -0.000, 0.057, -0.006, 0.000, 0.055, 
2.550, -0.000, 0.056, -0.007, 0.000, 0.056, -0.006, -0.000, 0.056, -0.007, 0.000, 0.056, -0.007, -0.000, 0.057, -0.006, 0.000, 0.055, 
2.550, -0.000, 0.056, -0.007, 0.000, 0.056, -0.006, -0.000, 0.056, -0.007, 0.000, 0.056, -0.007, -0.000, 0.057, -0.006, 0.000, 0.055, 
2.550, -0.000, 0.056, -0.007, 0.000, 0.056, -0.006, -0.000, 0.056, -0.007, 0.000, 0.056, -0.007, -0.000, 0.057, -0.006, 0.000, 0.055, 
2.565, -0.000, 0.056, -0.007, 0.000, 0.056, -0.006, -0.000, 0.056, -0.007, 0.000, 0.056, -0.007, -0.000, 0.057, -0.006, 0.000, 0.055, 
2.565, -0.000, 0.056, -0.007, 0.000, 0.056, -0.006, -0.000, 0.056, -0.007, 0.000, 0.056, -0.007, -0.000, 0.057, -0.006, 0.000, 0.055, 
2.565, -0.000, 0.056, -0.007, 0.000, 0.056, -0.006, -0.000, 0.056, -0.007, 0.000, 0.056, -0.007, -0.000, 0.057, -0.006, 0.000, 0.055, 
2.580, -0.000, 0.056, -0.007, 0.000, 0.056, -0.006, -0.000, 0.056, -0.007, 0.000, 0.056, -0.007, -0.000, 0.057, -0.006, 0.000, 0.055, 
2.580, -0.000, 0.056, -0.007, 0.000, 0.056, -0.006, -0.000, 0.056, -0.007, 0.000, 0.056, -0.007, -0.000, 0.057, -0.006, 0.000, 0.055, 
2.580, -0.000, 0.056, -0.007, 0.000, 0.056, -0.006, -0.000, 0.056, -0.007, 0.000, 0.056, -0.007, -0.000, 0.057, -0.006, 0.000, 0.055, 
2.595, -0.000, 0.056, -0.007, 0.000, 0.056, -0.006, -0.000, 0.056, -0.007, 0.000, 0.056, -0.007, -0.000, 0.057, -0.006, 0.000, 0.055, 
2.595, -0.000, 0.056, -0.007, 0.000, 0.056, -0.006, -0.000, 0.056, -0.007, 0.000, 0.056, -0.007, -0.000, 0.057, -0.006, 0.000, 0.055, 
2.595, -0.000, 0.056, -0.007, 0.000, 0.056, -0.006, -0.000, 0.056, -0.007, 0.000, 0.056, -0.007, -0.000, 0.057, -0.006, 0.000, 0.055, 
2.610, -0.000, 0.056, -0.007, 0.000, 0.056, -0.006, -0.000, 0.056, -0.007, 0.000, 0.056, -0.007, -0.000, 0.057, -0.006, 0.000, 0.055, 
2.610, -0.000, 0.056, -0.007, 0.000, 0.056, -0.006, -0.000, 0.056, -0.007, 0.000, 0.056, -0.007, -0.000, 0.057, -0.006, 0.000, 0.055, 
2.610, -0.000, 0.056, -0.007, 0.000, 0.056, -0.006, -0.000, 0.056, -0.007, 0.000, 0.056, -0.007, -0.000, 0.057, -0.006, 0.000, 0.055, 
2.625, -0.000, 0.056, -0.007, 0.000, 0.056, -0.006, -0.000, 0.056, -0.007, 0.000, 0.056, -0.007, -0.000, 0.057, -0.006, 0.000, 0.055, 
2.625, -0.000, 0.056, -0.007, 0.000, 0.056, -0.006, -0.000, 0.056, -0.007, 0.000, 0.056, -0.007, -0.000, 0.057, -0.006, 0.000, 0.055, 
2.625, -0.000, 0.056, -0.007, 0.000, 0.056, -0.006, -0.000, 0.056, -0.007, 0.000, 0.056, -0.007, -0.000, 0.057, -0.006, 0.000, 0.055, 
2.640, -0.000, 0.056, -0.007, 0.000, 0.056, -0.006, -0.000, 0.056, -0.007, 0.000, 0.056, -0.007, -0.000, 0.057, -0.006, 0.000, 0.055, 
2.640, -0.000, 0.056, -0.007, 0.000, 0.056, -0.006, -0.000, 0.056, -0.007, 0.000, 0.056, -0.007, -0.000, 0.057, -0.006, 0.000, 0.055, 
2.640, -0.000, 0.056, -0.007, 0.000, 0.056, -0.006, -0.000, 0.056, -0.007, 0.000, 0.056, -0.007, -0.000, 0.057, -0.006, 0.000, 0.055, 
2.655, -0.000, 0.056, -0.007, 0.000, 0.056, -0.006, -0.000, 0.056, -0.007, 0.000, 0.056, -0.007, -0.000, 0.057, -0.006, 0.000, 0.055, 
2.655, -0.000, 0.056, -0.007, 0.000, 0.056, -0.006, -0.000, 0.056, -0.007, 0.000, 0.056, -0.007, -0.000, 0.057, -0.006, 0.000, 0.055, 
2.655, -0.000, 0.056, -0.007, 0.000, 0.056, -0.006, -0.000, 0.056, -0.007, 0.000, 0.056, -0.007, -0.000, 0.057, -0.006, 0.000, 0.055, 
2.670, -0.000, 0.056, -0.007, 0.000, 0.056, -0.006, -0.000, 0.056, -0.007, 0.000, 0.056, -0.007, -0.000, 0.057, -0.006, 0.000, 0.055, 
2.670, -0.000, 0.056, -0.007, 0.000, 0.056, -0.006, -0.000, 0.056, -0.007, 0.000, 0.056, -0.007, -0.000, 0.057, -0.006, 0.000, 0.055, 
2.670, -0.000, 0.056, -0.007, 0.000, 0.056, -0.006, -0.000, 0.056, -0.007, 0.000, 0.056, -0.007, -0.000, 0.057, -0.006, 0.000, 0.055, 
2.685, -0.000, 0.056, -0.007, 0.000, 0.056, -0.006, -0.000, 0.056, -0.007, 0.000, 0.056, -0.007, -0.000, 0.057, -0.006, 0.000, 0.055, 
2.685, -0.000, 0.056, -0.007, 0.000, 0.056, -0.006, -0.000, 0.056, -0.007, 0.000, 0.056, -0.007, -0.000, 0.057, -0.006, 0.000, 0.055, 
2.685, -0.000, 0.056, -0.007, 0.000, 0.056, -0.006, -0.000, 0.056, -0.007, 0.000, 0.056, -0.007, -0.000, 0.057, -0.006, 0.000, 0.055, 
2.700, -0.000, 0.056, -0.007, 0.000, 0.056, -0.006, -0.000, 0.056, -0.007, 0.000, 0.056, -0.007, -0.000, 0.057, -0.006, 0.000, 0.055, 
2.700, -0.000, 0.056, -0.007, 0.000, 0.056, -0.006, -0.000, 0.056, -0.007, 0.000, 0.056, -0.007, -0.000, 0.057, -0.006, 0.000, 0.055, 
2.700, -0.000, 0.056, -0.007, 0.000, 0.056, -0.006, -0.000, 0.056, -0.007, 0.000, 0.056, -0.007, -0.000, 0.057, -0.006, 0.000, 0.055, 
2.715, -0.000, 0.056, -0.007, 0.000, 0.056, -0.006, -0.000, 0.056, -0.007, 0.000, 0.056, -0.007, -0.000, 0.057, -0.006, 0.000, 0.055, 
2.715, -0.000, 0.056, -0.007, 0.000, 0.056, -0.006, -0.000, 0.056, -0.007, 0.000, 0.056, -0.007, -0.000, 0.057, -0.006, 0.000, 0.055, 
2.715, -0.000, 0.056, -0.007, 0.000, 0.056, -0.006, -0.000, 0.056, -0.007, 0.000, 0.056, -0.007, -0.000, 0.057, -0.006, 0.000, 0.055, 
2.730, -0.000, 0.056, -0.007, 0.000, 0.056, -0.006, -0.000, 0.056, -0.007, 0.000, 0.056, -0.007, -0.000, 0.057, -0.006, 0.000, 0.055, 
2.730, -0.000, 0.056, -0.007, 0.000, 0.056, -0.006, -0.000, 0.056, -0.007, 0.000, 0.056, -0.007, -0.000, 0.057, -0.006, 0.000, 0.055, 
2.730, -0.000, 0.056, -0.007, 0.000, 0.056, -0.006, -0.000, 0.056, -0.007, 0.000, 0.056, -0.007, -0.000, 0.057, -0.006, 0.000, 0.055, 
2.745, -0.000, 0.056, -0.007, 0.000, 0.056, -0.006, -0.000, 0.056, -0.007, 0.000, 0.056, -0.007, -0.000, 0.057, -0.006, 0.000, 0.055, 
2.745, -0.000, 0.056, -0.007, 0.000, 0.056, -0.006, -0.000, 0.056, -0.007, 0.000, 0.056, -0.007, -0.000, 0.057, -0.006, 0.000, 0.055, 
2.745, -0.000, 0.056, -0.007, 0.000, 0.056, -0.006, -0.000, 0.056, -0.007, 0.000, 0.056, -0.007, -0.000, 0.057, -0.006, 0.000, 0.055, 
2.760, -0.000, 0.056, -0.007, 0.000, 0.056, -0.006, -0.000, 0.056, -0.007, 0.000, 0.056, -0.007, -0.000, 0.057, -0.006, 0.000, 0.055, 
2.760, -0.000, 0.056, -0.007, 0.000, 0.056, -0.006, -0.000, 0.056, -0.007, 0.000, 0.056, -0.007, -0.000, 0.057, -0.006, 0.000, 0.055, 
2.760, -0.000, 0.056, -0.007, 0.000, 0.056, -0.006, -0.000, 0.056, -0.007, 0.000, 0.056, -0.007, -0.000, 0.057, -0.006, 0.000, 0.055, 
2.775, -0.000, 0.056, -0.007, 0.000, 0.056, -0.006, -0.000, 0.056, -0.007, 0.000, 0.056, -0.007, -0.000, 0.057, -0.006, 0.000, 0.055, 
2.775, -0.000, 0.056, -0.007, 0.000, 0.056, -0.006, -0.000, 0.056, -0.007, 0.000, 0.056, -0.007, -0.000, 0.057, -0.006, 0.000, 0.055, 
2.775, -0.000, 0.056, -0.007, 0.000, 0.056, -0.006, -0.000, 0.056, -0.007, 0.000, 0.056, -0.007, -0.000, 0.057, -0.006, 0.000, 0.055, 
2.790, -0.000, 0.056, -0.007, 0.000, 0.056, -0.006, -0.000, 0.056, -0.007, 0.000, 0.056, -0.007, -0.000, 0.057, -0.006, 0.000, 0.055, 
2.790, -0.000, 0.056, -0.007, 0.000, 0.056, -0.006, -0.000, 0.056, -0.007, 0.000, 0.056, -0.007, -0.000, 0.057, -0.006, 0.000, 0.055, 
2.790, -0.000, 0.056, -0.007, 0.000, 0.056, -0.006, -0.000, 0.056, -0.007, 0.000, 0.056, -0.007, -0.000, 0.057, -0.006, 0.000, 0.055, 
2.805, -0.000, 0.056, -0.007, 0.000, 0.056, -0.006, -0.000, 0.056, -0.007, 0.000, 0.056, -0.007, -0.000, 0.057, -0.006, 0.000, 0.055, 
2.805, -0.000, 0.056, -0.007, 0.000, 0.056, -0.006, -0.000, 0.056, -0.007, 0.000, 0.056, -0.007, -0.000, 0.057, -0.006, 0.000, 0.055, 
2.805, -0.000, 0.056, -0.007, 0.000, 0.056, -0.006, -0.000, 0.056, -0.007, 0.000, 0.056, -0.007, -0.000, 0.057, -0.006, 0.000, 0.055, 
2.820, -0.000, 0.056, -0.007, 0.000, 0.056, -0.006, -0.000, 0.056, -0.007, 0.000, 0.056, -0.007, -0.000, 0.057, -0.006, 0.000, 0.055, 
2.820, -0.000, 0.056, -0.007, 0.000, 0.056, -0.006, -0.000, 0.056, -0.007, 0.000, 0.056, -0.007, -0.000, 0.057, -0.006, 0.000, 0.055, 
2.820, -0.000, 0.056, -0.007, 0.000, 0.056, -0.006, -0.000, 0.056, -0.007, 0.000, 0.056, -0.007, -0.000, 0.057, -0.006, 0.000, 0.055, 
2.835, -0.000, 0.056, -0.007, 0.000, 0.056, -0.006, -0.000, 0.056, -0.007, 0.000, 0.056, -0.007, -0.000, 0.057, -0.006, 0.000, 0.055, 
2.835, -0.000, 0.056, -0.007, 0.000, 0.056, -0.006, -0.000, 0.056, -0.007, 0.000, 0.056, -0.007, -0.000, 0.057, -0.006, 0.000, 0.055, 
2.835, -0.000, 0.056, -0.007, 0.000, 0.056, -0.006, -0.000, 0.056, -0.007, 0.000, 0.056, -0.007, -0.000, 0.057, -0.006, 0.000, 0.055, 
2.850, -0.000, 0.056, -0.007, 0.000, 0.056, -0.006, -0.000, 0.056, -0.007, 0.000, 0.056, -0.007, -0.000, 0.057, -0.006, 0.000, 0.055, 
2.850, -0.000, 0.056, -0.007, 0.000, 0.056, -0.006, -0.000, 0.056, -0.007, 0.000, 0.056, -0.007, -0.000, 0.057, -0.006, 0.000, 0.055, 
2.850, -0.000, 0.056, -0.007, 0.000, 0.056, -0.006, -0.000, 0.056, -0.007, 0.000, 0.056, -0.007, -0.000, 0.057, -0.006, 0.000, 0.055, 
2.865, -0.000, 0.056, -0.007, 0.000, 0.056, -0.006, -0.000, 0.056, -0.007, 0.000, 0.056, -0.007, -0.000, 0.057, -0.006, 0.000, 0.055, 
2.865, -0.000, 0.056, -0.007, 0.000, 0.056, -0.006, -0.000, 0.056, -0.007, 0.000, 0.056, -0.007, -0.000, 0.057, -0.006, 0.000, 0.055, 
2.865, -0.000, 0.056, -0.007, 0.000, 0.056, -0.006, -0.000, 0.056, -0.007, 0.000, 0.056, -0.007, -0.000, 0.057, -0.006, 0.000, 0.055, 
2.880, -0.000, 0.056, -0.007, 0.000, 0.056, -0.006, -0.000, 0.056, -0.007, 0.000, 0.056, -0.007, -0.000, 0.057, -0.006, 0.000, 0.055, 
2.880, -0.000, 0.056, -0.007, 0.000, 0.056, -0.006, -0.000, 0.056, -0.007, 0.000, 0.056, -0.007, -0.000, 0.057, -0.006, 0.000, 0.055, 
2.880, -0.000, 0.056, -0.007, 0.000, 0.056, -0.006, -0.000, 0.056, -0.007, 0.000, 0.056, -0.007, -0.000, 0.057, -0.006, 0.000, 0.055, 
2.895, -0.000, 0.056, -0.007, 0.000, 0.056, -0.006, -0.000, 0.056, -0.007, 0.000, 0.056, -0.007, -0.000, 0.057, -0.006, 0.000, 0.055, 
2.895, -0.000, 0.056, -0.007, 0.000, 0.056, -0.006, -0.000, 0.056, -0.007, 0.000, 0.056, -0.007, -0.000, 0.057, -0.006, 0.000, 0.055, 
2.895, -0.000, 0.056, -0.007, 0.000, 0.056, -0.006, -0.000, 0.056, -0.007, 0.000, 0.056, -0.007, -0.000, 0.057, -0.006, 0.000, 0.055, 
2.910, -0.000, 0.056, -0.007, 0.000, 0.056, -0.006, -0.000, 0.056, -0.007, 0.000, 0.056, -0.007, -0.000, 0.057, -0.006, 0.000, 0.055, 
2.910, -0.000, 0.056, -0.007, 0.000, 0.056, -0.006, -0.000, 0.056, -0.007, 0.000, 0.056, -0.007, -0.000, 0.057, -0.006, 0.000, 0.055, 
2.910, -0.000, 0.056, -0.007, 0.000, 0.056, -0.006, -0.000, 0.056, -0.007, 0.000, 0.056, -0.007, -0.000, 0.057, -0.006, 0.000, 0.055, 
2.925, -0.000, 0.056, -0.007, 0.000, 0.056, -0.006, -0.000, 0.056, -0.007, 0.000, 0.056, -0.007, -0.000, 0.057, -0.006, 0.000, 0.055, 
2.925, -0.000, 0.056, -0.007, 0.000, 0.056, -0.006, -0.000, 0.056, -0.007, 0.000, 0.056, -0.007, -0.000, 0.057, -0.006, 0.000, 0.055, 
2.925, -0.000, 0.056, -0.007, 0.000, 0.056, -0.006, -0.000, 0.056, -0.007, 0.000, 0.056, -0.007, -0.000, 0.057, -0.006, 0.000, 0.055, 
2.940, -0.000, 0.056, -0.007, 0.000, 0.056, -0.006, -0.000, 0.056, -0.007, 0.000, 0.056, -0.007, -0.000, 0.057, -0.006, 0.000, 0.055, 
2.940, -0.000, 0.056, -0.007, 0.000, 0.056, -0.006, -0.000, 0.056, -0.007, 0.000, 0.056, -0.007, -0.000, 0.057, -0.006, 0.000, 0.055, 
2.940, -0.000, 0.056, -0.007, 0.000, 0.056, -0.006, -0.000, 0.056, -0.007, 0.000, 0.056, -0.007, -0.000, 0.057, -0.006, 0.000, 0.055, 
2.955, -0.000, 0.056, -0.007, 0.000, 0.056, -0.006, -0.000, 0.056, -0.007, 0.000, 0.056, -0.007, -0.000, 0.057, -0.006, 0.000, 0.055, 
2.955, -0.000, 0.056, -0.007, 0.000, 0.056, -0.006, -0.000, 0.056, -0.007, 0.000, 0.056, -0.007, -0.000, 0.057, -0.006, 0.000, 0.055, 
2.955, -0.000, 0.056, -0.007, 0.000, 0.056, -0.006, -0.000, 0.056, -0.007, 0.000, 0.056, -0.007, -0.000, 0.057, -0.006, 0.000, 0.055, 
2.970, -0.000, 0.056, -0.007, 0.000, 0.056, -0.006, -0.000, 0.056, -0.007, 0.000, 0.056, -0.007, -0.000, 0.057, -0.006, 0.000, 0.055, 
2.970, -0.000, 0.056, -0.007, 0.000, 0.056, -0.006, -0.000, 0.056, -0.007, 0.000, 0.056, -0.007, -0.000, 0.057, -0.006, 0.000, 0.055, 
2.970, -0.000, 0.056, -0.007, 0.000, 0.056, -0.006, -0.000, 0.056, -0.007, 0.000, 0.056, -0.007, -0.000, 0.057, -0.006, 0.000, 0.055, 
2.985, -0.000, 0.056, -0.007, 0.000, 0.056, -0.006, -0.000, 0.056, -0.007, 0.000, 0.056, -0.007, -0.000, 0.057, -0.006, 0.000, 0.055, 
2.985, -0.000, 0.056, -0.007, 0.000, 0.056, -0.006, -0.000, 0.056, -0.007, 0.000, 0.056, -0.007, -0.000, 0.057, -0.006, 0.000, 0.055, 
2.985, -0.000, 0.056, -0.007, 0.000, 0.056, -0.006, -0.000, 0.056, -0.007, 0.000, 0.056, -0.007, -0.000, 0.057, -0.006, 0.000, 0.055, 
3.000, -0.000, 0.056, -0.007, 0.000, 0.056, -0.006, -0.000, 0.056, -0.007, 0.000, 0.056, -0.007, -0.000, 0.057, -0.006, 0.000, 0.055, 
3.000, -0.000, 0.056, -0.007, 0.000, 0.056, -0.006, -0.000, 0.056, -0.007, 0.000, 0.056, -0.007, -0.000, 0.057, -0.006, 0.000, 0.055, 
3.000, -0.000, 0.056, -0.007, 0.000, 0.056, -0.006, -0.000, 0.056, -0.007, 0.000, 0.056, -0.007, -0.000, 0.057, -0.006, 0.000, 0.055, 
3.015, -0.000, 0.056, -0.007, 0.000, 0.056, -0.006, -0.000, 0.056, -0.007, 0.000, 0.056, -0.007, -0.000, 0.057, -0.006, 0.000, 0.055, 
3.015, -0.000, 0.056, -0.007, 0.000, 0.056, -0.006, -0.000, 0.056, -0.007, 0.000, 0.056, -0.007, -0.000, 0.057, -0.006, 0.000, 0.055, 
3.015, -0.000, 0.056, -0.007, 0.000, 0.056, -0.006, -0.000, 0.056, -0.007, 0.000, 0.056, -0.007, -0.000, 0.057, -0.006, 0.000, 0.055, 
3.030, -0.000, 0.056, -0.007, 0.000, 0.056, -0.006, -0.000, 0.056, -0.007, 0.000, 0.056, -0.007, -0.000, 0.057, -0.006, 0.000, 0.055, 
3.030, -0.000, 0.056, -0.007, 0.000, 0.056, -0.006, -0.000, 0.056, -0.007, 0.000, 0.056, -0.007, -0.000, 0.057, -0.006, 0.000, 0.055, 
3.030, -0.000, 0.056, -0.007, 0.000, 0.056, -0.006, -0.000, 0.056, -0.007, 0.000, 0.056, -0.007, -0.000, 0.057, -0.006, 0.000, 0.055, 
3.045, -0.000, 0.056, -0.007, 0.000, 0.056, -0.006, -0.000, 0.056, -0.007, 0.000, 0.056, -0.007, -0.000, 0.057, -0.006, 0.000, 0.055, 
3.045, -0.000, 0.056, -0.007, 0.000, 0.056, -0.006, -0.000, 0.056, -0.007, 0.000, 0.056, -0.007, -0.000, 0.057, -0.006, 0.000, 0.055, 
3.045, -0.000, 0.056, -0.007, 0.000, 0.056, -0.006, -0.000, 0.056, -0.007, 0.000, 0.056, -0.007, -0.000, 0.057, -0.006, 0.000, 0.055, 
3.060, -0.000, 0.056, -0.007, 0.000, 0.056, -0.006, -0.000, 0.056, -0.007, 0.000, 0.056, -0.007, -0.000, 0.057, -0.006, 0.000, 0.055, 
3.060, -0.000, 0.056, -0.007, 0.000, 0.056, -0.006, -0.000, 0.056, -0.007, 0.000, 0.056, -0.007, -0.000, 0.057, -0.006, 0.000, 0.055, 
3.060, -0.000, 0.056, -0.007, 0.000, 0.056, -0.006, -0.000, 0.056, -0.007, 0.000, 0.056, -0.007, -0.000, 0.057, -0.006, 0.000, 0.055, 
3.075, -0.000, 0.056, -0.007, 0.000, 0.056, -0.006, -0.000, 0.056, -0.007, 0.000, 0.056, -0.007, -0.000, 0.057, -0.006, 0.000, 0.055, 
3.075, -0.000, 0.056, -0.007, 0.000, 0.056, -0.006, -0.000, 0.056, -0.007, 0.000, 0.056, -0.007, -0.000, 0.057, -0.006, 0.000, 0.055, 
3.075, -0.000, 0.056, -0.007, 0.000, 0.056, -0.006, -0.000, 0.056, -0.007, 0.000, 0.056, -0.007, -0.000, 0.057, -0.006, 0.000, 0.055, 
3.090, -0.000, 0.056, -0.007, 0.000, 0.056, -0.006, -0.000, 0.056, -0.007, 0.000, 0.056, -0.007, -0.000, 0.057, -0.006, 0.000, 0.055, 
3.090, -0.000, 0.056, -0.007, 0.000, 0.056, -0.006, -0.000, 0.056, -0.007, 0.000, 0.056, -0.007, -0.000, 0.057, -0.006, 0.000, 0.055, 
3.090, -0.000, 0.056, -0.007, 0.000, 0.056, -0.006, -0.000, 0.056, -0.007, 0.000, 0.056, -0.007, -0.000, 0.057, -0.006, 0.000, 0.055, 
3.105, -0.000, 0.056, -0.007, 0.000, 0.056, -0.006, -0.000, 0.056, -0.007, 0.000, 0.056, -0.007, -0.000, 0.057, -0.006, 0.000, 0.055, 
3.105, -0.000, 0.056, -0.007, 0.000, 0.056, -0.006, -0.000, 0.056, -0.007, 0.000, 0.056, -0.007, -0.000, 0.057, -0.006, 0.000, 0.055, 
3.105, -0.000, 0.056, -0.007, 0.000, 0.056, -0.006, -0.000, 0.056, -0.007, 0.000, 0.056, -0.007, -0.000, 0.057, -0.006, 0.000, 0.055, 
3.120, -0.000, 0.056, -0.007, 0.000, 0.056, -0.006, -0.000, 0.056, -0.007, 0.000, 0.056, -0.007, -0.000, 0.057, -0.006, 0.000, 0.055, 
3.120, -0.000, 0.056, -0.007, 0.000, 0.056, -0.006, -0.000, 0.056, -0.007, 0.000, 0.056, -0.007, -0.000, 0.057, -0.006, 0.000, 0.055, 
3.120, -0.000, 0.056, -0.007, 0.000, 0.056, -0.006, -0.000, 0.056, -0.007, 0.000, 0.056, -0.007, -0.000, 0.057, -0.006, 0.000, 0.055, 
3.135, -0.000, 0.056, -0.007, 0.000, 0.056, -0.006, -0.000, 0.056, -0.007, 0.000, 0.056, -0.007, -0.000, 0.057, -0.006, 0.000, 0.055, 
3.135, -0.000, 0.056, -0.007, 0.000, 0.056, -0.006, -0.000, 0.056, -0.007, 0.000, 0.056, -0.007, -0.000, 0.057, -0.006, 0.000, 0.055, 
3.135, -0.000, 0.056, -0.007, 0.000, 0.056, -0.006, -0.000, 0.056, -0.007, 0.000, 0.056, -0.007, -0.000, 0.057, -0.006, 0.000, 0.055, 
3.150, -0.000, 0.056, -0.007, 0.000, 0.056, -0.006, -0.000, 0.056, -0.007, 0.000, 0.056, -0.007, -0.000, 0.057, -0.006, 0.000, 0.055, 
3.150, -0.000, 0.056, -0.007, 0.000, 0.056, -0.006, -0.000, 0.056, -0.007, 0.000, 0.056, -0.007, -0.000, 0.057, -0.006, 0.000, 0.055, 
3.150, -0.000, 0.056, -0.007, 0.000, 0.056, -0.006, -0.000, 0.056, -0.007, 0.000, 0.056, -0.007, -0.000, 0.057, -0.006, 0.000, 0.055, 
3.165, -0.000, 0.056, -0.007, 0.000, 0.056, -0.006, -0.000, 0.056, -0.007, 0.000, 0.056, -0.007, -0.000, 0.057, -0.006, 0.000, 0.055, 
3.165, -0.000, 0.056, -0.007, 0.000, 0.056, -0.006, -0.000, 0.056, -0.007, 0.000, 0.056, -0.007, -0.000, 0.057, -0.006, 0.000, 0.055, 
3.165, -0.000, 0.056, -0.007, 0.000, 0.056, -0.006, -0.000, 0.056, -0.007, 0.000, 0.056, -0.007, -0.000, 0.057, -0.006, 0.000, 0.055, 
3.180, -0.000, 0.056, -0.007, 0.000, 0.056, -0.006, -0.000, 0.056, -0.007, 0.000, 0.056, -0.007, -0.000, 0.057, -0.006, 0.000, 0.055, 
3.180, -0.000, 0.056, -0.007, 0.000, 0.056, -0.006, -0.000, 0.056, -0.007, 0.000, 0.056, -0.007, -0.000, 0.057, -0.006, 0.000, 0.055, 
3.180, -0.000, 0.056, -0.007, 0.000, 0.056, -0.006, -0.000, 0.056, -0.007, 0.000, 0.056, -0.007, -0.000, 0.057, -0.006, 0.000, 0.055, 
3.195, -0.000, 0.056, -0.007, 0.000, 0.056, -0.006, -0.000, 0.056, -0.007, 0.000, 0.056, -0.007, -0.000, 0.057, -0.006, 0.000, 0.055, 
3.195, -0.000, 0.056, -0.007, 0.000, 0.056, -0.006, -0.000, 0.056, -0.007, 0.000, 0.056, -0.007, -0.000, 0.057, -0.006, 0.000, 0.055, 
3.195, -0.000, 0.056, -0.007, 0.000, 0.056, -0.006, -0.000, 0.056, -0.007, 0.000, 0.056, -0.007, -0.000, 0.057, -0.006, 0.000, 0.055, 
3.210, -0.000, 0.056, -0.007, 0.000, 0.056, -0.006, -0.000, 0.056, -0.007, 0.000, 0.056, -0.007, -0.000, 0.057, -0.006, 0.000, 0.055, 
3.210, -0.000, 0.056, -0.007, 0.000, 0.056, -0.006, -0.000, 0.056, -0.007, 0.000, 0.056, -0.007, -0.000, 0.057, -0.006, 0.000, 0.055, 
3.210, -0.000, 0.056, -0.007, 0.000, 0.056, -0.006, -0.000, 0.056, -0.007, 0.000, 0.056, -0.007, -0.000, 0.057, -0.006, 0.000, 0.055, 
3.225, -0.000, 0.056, -0.007, 0.000, 0.056, -0.006, -0.000, 0.056, -0.007, 0.000, 0.056, -0.007, -0.000, 0.057, -0.006, 0.000, 0.055, 
3.225, -0.000, 0.056, -0.007, 0.000, 0.056, -0.006, -0.000, 0.056, -0.007, 0.000, 0.056, -0.007, -0.000, 0.057, -0.006, 0.000, 0.055, 
3.225, -0.000, 0.056, -0.007, 0.000, 0.056, -0.006, -0.000, 0.056, -0.007, 0.000, 0.056, -0.007, -0.000, 0.057, -0.006, 0.000, 0.055, 
3.240, -0.000, 0.056, -0.007, 0.000, 0.056, -0.006, -0.000, 0.056, -0.007, 0.000, 0.056, -0.007, -0.000, 0.057, -0.006, 0.000, 0.055, 
3.240, -0.000, 0.056, -0.007, 0.000, 0.056, -0.006, -0.000, 0.056, -0.007, 0.000, 0.056, -0.007, -0.000, 0.057, -0.006, 0.000, 0.055, 
3.240, -0.000, 0.056, -0.007, 0.000, 0.056, -0.006, -0.000, 0.056, -0.007, 0.000, 0.056, -0.007, -0.000, 0.057, -0.006, 0.000, 0.055, 
3.255, -0.000, 0.056, -0.007, 0.000, 0.056, -0.006, -0.000, 0.056, -0.007, 0.000, 0.056, -0.007, -0.000, 0.057, -0.006, 0.000, 0.055, 
3.255, -0.000, 0.056, -0.007, 0.000, 0.056, -0.006, -0.000, 0.056, -0.007, 0.000, 0.056, -0.007, -0.000, 0.057, -0.006, 0.000, 0.055, 
3.255, -0.000, 0.056, -0.007, 0.000, 0.056, -0.006, -0.000, 0.056, -0.007, 0.000, 0.056, -0.007, -0.000, 0.057, -0.006, 0.000, 0.055, 
3.270, -0.000, 0.056, -0.007, 0.000, 0.056, -0.006, -0.000, 0.056, -0.007, 0.000, 0.056, -0.007, -0.000, 0.057, -0.006, 0.000, 0.055, 
3.270, -0.000, 0.056, -0.007, 0.000, 0.056, -0.006, -0.000, 0.056, -0.007, 0.000, 0.056, -0.007, -0.000, 0.057, -0.006, 0.000, 0.055, 
3.270, -0.000, 0.056, -0.007, 0.000, 0.056, -0.006, -0.000, 0.056, -0.007, 0.000, 0.056, -0.007, -0.000, 0.057, -0.006, 0.000, 0.055, 
3.285, -0.000, 0.056, -0.007, 0.000, 0.056, -0.006, -0.000, 0.056, -0.007, 0.000, 0.056, -0.007, -0.000, 0.057, -0.006, 0.000, 0.055, 
3.285, -0.000, 0.056, -0.007, 0.000, 0.056, -0.006, -0.000, 0.056, -0.007, 0.000, 0.056, -0.007, -0.000, 0.057, -0.006, 0.000, 0.055, 
3.285, -0.000, 0.056, -0.007, 0.000, 0.056, -0.006, -0.000, 0.056, -0.007, 0.000, 0.056, -0.007, -0.000, 0.057, -0.006, 0.000, 0.055, 
3.300, -0.000, 0.056, -0.007, 0.000, 0.056, -0.006, -0.000, 0.056, -0.007, 0.000, 0.056, -0.007, -0.000, 0.057, -0.006, 0.000, 0.055, 
3.300, -0.000, 0.056, -0.007, 0.000, 0.056, -0.006, -0.000, 0.056, -0.007, 0.000, 0.056, -0.007, -0.000, 0.057, -0.006, 0.000, 0.055, 
3.300, -0.000, 0.056, -0.007, 0.000, 0.056, -0.006, -0.000, 0.056, -0.007, 0.000, 0.056, -0.007, -0.000, 0.057, -0.006, 0.000, 0.055, 
3.315, -0.000, 0.056, -0.007, 0.000, 0.056, -0.006, -0.000, 0.056, -0.007, 0.000, 0.056, -0.007, -0.000, 0.057, -0.006, 0.000, 0.055, 
3.315, -0.000, 0.056, -0.007, 0.000, 0.056, -0.006, -0.000, 0.056, -0.007, 0.000, 0.056, -0.007, -0.000, 0.057, -0.006, 0.000, 0.055, 
3.315, -0.000, 0.056, -0.007, 0.000, 0.056, -0.006, -0.000, 0.056, -0.007, 0.000, 0.056, -0.007, -0.000, 0.057, -0.006, 0.000, 0.055, 
3.330, -0.000, 0.056, -0.007, 0.000, 0.056, -0.006, -0.000, 0.056, -0.007, 0.000, 0.056, -0.007, -0.000, 0.057, -0.006, 0.000, 0.055, 
3.330, -0.000, 0.056, -0.007, 0.000, 0.056, -0.006, -0.000, 0.056, -0.007, 0.000, 0.056, -0.007, -0.000, 0.057, -0.006, 0.000, 0.055, 
3.330, -0.000, 0.056, -0.007, 0.000, 0.056, -0.006, -0.000, 0.056, -0.007, 0.000, 0.056, -0.007, -0.000, 0.057, -0.006, 0.000, 0.055, 
3.345, -0.000, 0.056, -0.007, 0.000, 0.056, -0.006, -0.000, 0.056, -0.007, 0.000, 0.056, -0.007, -0.000, 0.057, -0.006, 0.000, 0.055, 
3.345, -0.000, 0.056, -0.007, 0.000, 0.056, -0.006, -0.000, 0.056, -0.007, 0.000, 0.056, -0.007, -0.000, 0.057, -0.006, 0.000, 0.055, 
3.345, -0.000, 0.056, -0.007, 0.000, 0.056, -0.006, -0.000, 0.056, -0.007, 0.000, 0.056, -0.007, -0.000, 0.057, -0.006, 0.000, 0.055, 
3.360, -0.000, 0.056, -0.007, 0.000, 0.056, -0.006, -0.000, 0.056, -0.007, 0.000, 0.056, -0.007, -0.000, 0.057, -0.006, 0.000, 0.055, 
3.360, -0.000, 0.056, -0.007, 0.000, 0.056, -0.006, -0.000, 0.056, -0.007, 0.000, 0.056, -0.007, -0.000, 0.057, -0.006, 0.000, 0.055, 
3.360, -0.000, 0.056, -0.007, 0.000, 0.056, -0.006, -0.000, 0.056, -0.007, 0.000, 0.056, -0.007, -0.000, 0.057, -0.006, 0.000, 0.055, 
3.375, -0.000, 0.056, -0.007, 0.000, 0.056, -0.006, -0.000, 0.056, -0.007, 0.000, 0.056, -0.007, -0.000, 0.057, -0.006, 0.000, 0.055, 
3.375, -0.000, 0.056, -0.007, 0.000, 0.056, -0.006, -0.000, 0.056, -0.007, 0.000, 0.056, -0.007, -0.000, 0.057, -0.006, 0.000, 0.055, 
3.375, -0.000, 0.056, -0.007, 0.000, 0.056, -0.006, -0.000, 0.056, -0.007, 0.000, 0.056, -0.007, -0.000, 0.057, -0.006, 0.000, 0.055, 
3.390, -0.000, 0.056, -0.007, 0.000, 0.056, -0.006, -0.000, 0.056, -0.007, 0.000, 0.056, -0.007, -0.000, 0.057, -0.006, 0.000, 0.055, 
3.390, -0.000, 0.056, -0.007, 0.000, 0.056, -0.006, -0.000, 0.056, -0.007, 0.000, 0.056, -0.007, -0.000, 0.057, -0.006, 0.000, 0.055, 
3.390, -0.000, 0.056, -0.007, 0.000, 0.056, -0.006, -0.000, 0.056, -0.007, 0.000, 0.056, -0.007, -0.000, 0.057, -0.006, 0.000, 0.055, 
3.405, -0.000, 0.056, -0.007, 0.000, 0.056, -0.006, -0.000, 0.056, -0.007, 0.000, 0.056, -0.007, -0.000, 0.057, -0.006, 0.000, 0.055, 
3.405, -0.000, 0.056, -0.007, 0.000, 0.056, -0.006, -0.000, 0.056, -0.007, 0.000, 0.056, -0.007, -0.000, 0.057, -0.006, 0.000, 0.055, 
3.405, -0.000, 0.056, -0.007, 0.000, 0.056, -0.006, -0.000, 0.056, -0.007, 0.000, 0.056, -0.007, -0.000, 0.057, -0.006, 0.000, 0.055, 
3.420, -0.000, 0.056, -0.007, 0.000, 0.056, -0.006, -0.000, 0.056, -0.007, 0.000, 0.056, -0.007, -0.000, 0.057, -0.006, 0.000, 0.055, 
3.420, -0.000, 0.056, -0.007, 0.000, 0.056, -0.006, -0.000, 0.056, -0.007, 0.000, 0.056, -0.007, -0.000, 0.057, -0.006, 0.000, 0.055, 
3.420, -0.000, 0.056, -0.007, 0.000, 0.056, -0.006, -0.000, 0.056, -0.007, 0.000, 0.056, -0.007, -0.000, 0.057, -0.006, 0.000, 0.055, 
3.435, -0.000, 0.056, -0.007, 0.000, 0.056, -0.006, -0.000, 0.056, -0.007, 0.000, 0.056, -0.007, -0.000, 0.057, -0.006, 0.000, 0.055, 
3.435, -0.000, 0.056, -0.007, 0.000, 0.056, -0.006, -0.000, 0.056, -0.007, 0.000, 0.056, -0.007, -0.000, 0.057, -0.006, 0.000, 0.055, 
3.435, -0.000, 0.056, -0.007, 0.000, 0.056, -0.006, -0.000, 0.056, -0.007, 0.000, 0.056, -0.007, -0.000, 0.057, -0.006, 0.000, 0.055, 
3.450, -0.000, 0.056, -0.007, 0.000, 0.056, -0.006, -0.000, 0.056, -0.007, 0.000, 0.056, -0.007, -0.000, 0.057, -0.006, 0.000, 0.055, 
3.450, -0.000, 0.056, -0.007, 0.000, 0.056, -0.006, -0.000, 0.056, -0.007, 0.000, 0.056, -0.007, -0.000, 0.057, -0.006, 0.000, 0.055, 
3.450, -0.000, 0.056, -0.007, 0.000, 0.056, -0.006, -0.000, 0.056, -0.007, 0.000, 0.056, -0.007, -0.000, 0.057, -0.006, 0.000, 0.055, 
3.465, -0.000, 0.056, -0.007, 0.000, 0.056, -0.006, -0.000, 0.056, -0.007, 0.000, 0.056, -0.007, -0.000, 0.057, -0.006, 0.000, 0.055, 
3.465, -0.000, 0.056, -0.007, 0.000, 0.056, -0.006, -0.000, 0.056, -0.007, 0.000, 0.056, -0.007, -0.000, 0.057, -0.006, 0.000, 0.055, 
3.465, -0.000, 0.056, -0.007, 0.000, 0.056, -0.006, -0.000, 0.056, -0.007, 0.000, 0.056, -0.007, -0.000, 0.057, -0.006, 0.000, 0.055, 
3.480, -0.000, 0.056, -0.007, 0.000, 0.056, -0.006, -0.000, 0.056, -0.007, 0.000, 0.056, -0.007, -0.000, 0.057, -0.006, 0.000, 0.055, 
3.480, -0.000, 0.056, -0.007, 0.000, 0.056, -0.006, -0.000, 0.056, -0.007, 0.000, 0.056, -0.007, -0.000, 0.057, -0.006, 0.000, 0.055, 
3.480, -0.000, 0.056, -0.007, 0.000, 0.056, -0.006, -0.000, 0.056, -0.007, 0.000, 0.056, -0.007, -0.000, 0.057, -0.006, 0.000, 0.055, 
3.495, -0.000, 0.056, -0.007, 0.000, 0.056, -0.006, -0.000, 0.056, -0.007, 0.000, 0.056, -0.007, -0.000, 0.057, -0.006, 0.000, 0.055, 
3.495, -0.000, 0.056, -0.007, 0.000, 0.056, -0.006, -0.000, 0.056, -0.007, 0.000, 0.056, -0.007, -0.000, 0.057, -0.006, 0.000, 0.055, 
3.495, -0.000, 0.056, -0.007, 0.000, 0.056, -0.006, -0.000, 0.056, -0.007, 0.000, 0.056, -0.007, -0.000, 0.057, -0.006, 0.000, 0.055, 
3.510, -0.000, 0.056, -0.007, 0.000, 0.056, -0.006, -0.000, 0.056, -0.007, 0.000, 0.056, -0.007, -0.000, 0.057, -0.006, 0.000, 0.055, 
3.510, -0.000, 0.056, -0.007, 0.000, 0.056, -0.006, -0.000, 0.056, -0.007, 0.000, 0.056, -0.007, -0.000, 0.057, -0.006, 0.000, 0.055, 
3.510, -0.000, 0.056, -0.007, 0.000, 0.056, -0.006, -0.000, 0.056, -0.007, 0.000, 0.056, -0.007, -0.000, 0.057, -0.006, 0.000, 0.055, 
3.525, -0.000, 0.056, -0.007, 0.000, 0.056, -0.006, -0.000, 0.056, -0.007, 0.000, 0.056, -0.007, -0.000, 0.057, -0.006, 0.000, 0.055, 
3.525, -0.000, 0.056, -0.007, 0.000, 0.056, -0.006, -0.000, 0.056, -0.007, 0.000, 0.056, -0.007, -0.000, 0.057, -0.006, 0.000, 0.055, 
3.525, -0.000, 0.056, -0.007, 0.000, 0.056, -0.006, -0.000, 0.056, -0.007, 0.000, 0.056, -0.007, -0.000, 0.057, -0.006, 0.000, 0.055, 
3.540, -0.000, 0.056, -0.007, 0.000, 0.056, -0.006, -0.000, 0.056, -0.007, 0.000, 0.056, -0.007, -0.000, 0.057, -0.006, 0.000, 0.055, 
3.540, -0.000, 0.056, -0.007, 0.000, 0.056, -0.006, -0.000, 0.056, -0.007, 0.000, 0.056, -0.007, -0.000, 0.057, -0.006, 0.000, 0.055, 
3.540, -0.000, 0.056, -0.007, 0.000, 0.056, -0.006, -0.000, 0.056, -0.007, 0.000, 0.056, -0.007, -0.000, 0.057, -0.006, 0.000, 0.055, 
3.555, -0.000, 0.056, -0.007, 0.000, 0.056, -0.006, -0.000, 0.056, -0.007, 0.000, 0.056, -0.007, -0.000, 0.057, -0.006, 0.000, 0.055, 
3.555, -0.000, 0.056, -0.007, 0.000, 0.056, -0.006, -0.000, 0.056, -0.007, 0.000, 0.056, -0.007, -0.000, 0.057, -0.006, 0.000, 0.055, 
3.555, -0.000, 0.056, -0.007, 0.000, 0.056, -0.006, -0.000, 0.056, -0.007, 0.000, 0.056, -0.007, -0.000, 0.057, -0.006, 0.000, 0.055, 
3.570, -0.000, 0.056, -0.007, 0.000, 0.056, -0.006, -0.000, 0.056, -0.007, 0.000, 0.056, -0.007, -0.000, 0.057, -0.006, 0.000, 0.055, 
3.570, -0.000, 0.056, -0.007, 0.000, 0.056, -0.006, -0.000, 0.056, -0.007, 0.000, 0.056, -0.007, -0.000, 0.057, -0.006, 0.000, 0.055, 
3.570, -0.000, 0.056, -0.007, 0.000, 0.056, -0.006, -0.000, 0.056, -0.007, 0.000, 0.056, -0.007, -0.000, 0.057, -0.006, 0.000, 0.055, 
3.585, -0.000, 0.056, -0.007, 0.000, 0.056, -0.006, -0.000, 0.056, -0.007, 0.000, 0.056, -0.007, -0.000, 0.057, -0.006, 0.000, 0.055, 
3.585, -0.000, 0.056, -0.007, 0.000, 0.056, -0.006, -0.000, 0.056, -0.007, 0.000, 0.056, -0.007, -0.000, 0.057, -0.006, 0.000, 0.055, 
3.585, -0.000, 0.056, -0.007, 0.000, 0.056, -0.006, -0.000, 0.056, -0.007, 0.000, 0.056, -0.007, -0.000, 0.057, -0.006, 0.000, 0.055, 
3.600, -0.000, 0.056, -0.007, 0.000, 0.056, -0.006, -0.000, 0.056, -0.007, 0.000, 0.056, -0.007, -0.000, 0.057, -0.006, 0.000, 0.055, 
3.600, -0.000, 0.056, -0.007, 0.000, 0.056, -0.006, -0.000, 0.056, -0.007, 0.000, 0.056, -0.007, -0.000, 0.057, -0.006, 0.000, 0.055, 
3.600, -0.000, 0.056, -0.007, 0.000, 0.056, -0.006, -0.000, 0.056, -0.007, 0.000, 0.056, -0.007, -0.000, 0.057, -0.006, 0.000, 0.055, 
3.615, -0.000, 0.056, -0.007, 0.000, 0.056, -0.006, -0.000, 0.056, -0.007, 0.000, 0.056, -0.007, -0.000, 0.057, -0.006, 0.000, 0.055, 
3.615, -0.000, 0.056, -0.007, 0.000, 0.056, -0.006, -0.000, 0.056, -0.007, 0.000, 0.056, -0.007, -0.000, 0.057, -0.006, 0.000, 0.055, 
3.615, -0.000, 0.056, -0.007, 0.000, 0.056, -0.006, -0.000, 0.056, -0.007, 0.000, 0.056, -0.007, -0.000, 0.057, -0.006, 0.000, 0.055, 
3.630, -0.000, 0.056, -0.007, 0.000, 0.056, -0.006, -0.000, 0.056, -0.007, 0.000, 0.056, -0.007, -0.000, 0.057, -0.006, 0.000, 0.055, 
3.630, -0.000, 0.056, -0.007, 0.000, 0.056, -0.006, -0.000, 0.056, -0.007, 0.000, 0.056, -0.007, -0.000, 0.057, -0.006, 0.000, 0.055, 
3.630, -0.000, 0.056, -0.007, 0.000, 0.056, -0.006, -0.000, 0.056, -0.007, 0.000, 0.056, -0.007, -0.000, 0.057, -0.006, 0.000, 0.055, 
3.645, -0.000, 0.056, -0.007, 0.000, 0.056, -0.006, -0.000, 0.056, -0.007, 0.000, 0.056, -0.007, -0.000, 0.057, -0.006, 0.000, 0.055, 
3.645, -0.000, 0.056, -0.007, 0.000, 0.056, -0.006, -0.000, 0.056, -0.007, 0.000, 0.056, -0.007, -0.000, 0.057, -0.006, 0.000, 0.055, 
3.645, -0.000, 0.056, -0.007, 0.000, 0.056, -0.006, -0.000, 0.056, -0.007, 0.000, 0.056, -0.007, -0.000, 0.057, -0.006, 0.000, 0.055, 
3.660, -0.000, 0.056, -0.007, 0.000, 0.056, -0.006, -0.000, 0.056, -0.007, 0.000, 0.056, -0.007, -0.000, 0.057, -0.006, 0.000, 0.055, 
3.660, -0.000, 0.056, -0.007, 0.000, 0.056, -0.006, -0.000, 0.056, -0.007, 0.000, 0.056, -0.007, -0.000, 0.057, -0.006, 0.000, 0.055, 
3.660, -0.000, 0.056, -0.007, 0.000, 0.056, -0.006, -0.000, 0.056, -0.007, 0.000, 0.056, -0.007, -0.000, 0.057, -0.006, 0.000, 0.055, 
3.675, -0.000, 0.056, -0.007, 0.000, 0.056, -0.006, -0.000, 0.056, -0.007, 0.000, 0.056, -0.007, -0.000, 0.057, -0.006, 0.000, 0.055, 
3.675, -0.000, 0.056, -0.007, 0.000, 0.056, -0.006, -0.000, 0.056, -0.007, 0.000, 0.056, -0.007, -0.000, 0.057, -0.006, 0.000, 0.055, 
3.675, -0.000, 0.056, -0.007, 0.000, 0.056, -0.006, -0.000, 0.056, -0.007, 0.000, 0.056, -0.007, -0.000, 0.057, -0.006, 0.000, 0.055, 
3.690, -0.000, 0.056, -0.007, 0.000, 0.056, -0.006, -0.000, 0.056, -0.007, 0.000, 0.056, -0.007, -0.000, 0.057, -0.006, 0.000, 0.055, 
3.690, -0.000, 0.056, -0.007, 0.000, 0.056, -0.006, -0.000, 0.056, -0.007, 0.000, 0.056, -0.007, -0.000, 0.057, -0.006, 0.000, 0.055, 
3.690, -0.000, 0.056, -0.007, 0.000, 0.056, -0.006, -0.000, 0.056, -0.007, 0.000, 0.056, -0.007, -0.000, 0.057, -0.006, 0.000, 0.055, 
3.705, -0.000, 0.056, -0.007, 0.000, 0.056, -0.006, -0.000, 0.056, -0.007, 0.000, 0.056, -0.007, -0.000, 0.057, -0.006, 0.000, 0.055, 
3.705, -0.000, 0.056, -0.007, 0.000, 0.056, -0.006, -0.000, 0.056, -0.007, 0.000, 0.056, -0.007, -0.000, 0.057, -0.006, 0.000, 0.055, 
3.705, -0.000, 0.056, -0.007, 0.000, 0.056, -0.006, -0.000, 0.056, -0.007, 0.000, 0.056, -0.007, -0.000, 0.057, -0.006, 0.000, 0.055, 
3.720, -0.000, 0.056, -0.007, 0.000, 0.056, -0.006, -0.000, 0.056, -0.007, 0.000, 0.056, -0.007, -0.000, 0.057, -0.006, 0.000, 0.055, 
3.720, -0.000, 0.056, -0.007, 0.000, 0.056, -0.006, -0.000, 0.056, -0.007, 0.000, 0.056, -0.007, -0.000, 0.057, -0.006, 0.000, 0.055, 
3.720, -0.000, 0.056, -0.007, 0.000, 0.056, -0.006, -0.000, 0.056, -0.007, 0.000, 0.056, -0.007, -0.000, 0.057, -0.006, 0.000, 0.055, 
3.735, -0.000, 0.056, -0.007, 0.000, 0.056, -0.006, -0.000, 0.056, -0.007, 0.000, 0.056, -0.007, -0.000, 0.057, -0.006, 0.000, 0.055, 
3.735, -0.000, 0.056, -0.007, 0.000, 0.056, -0.006, -0.000, 0.056, -0.007, 0.000, 0.056, -0.007, -0.000, 0.057, -0.006, 0.000, 0.055, 
3.735, -0.000, 0.056, -0.007, 0.000, 0.056, -0.006, -0.000, 0.056, -0.007, 0.000, 0.056, -0.007, -0.000, 0.057, -0.006, 0.000, 0.055, 
3.750, -0.000, 0.056, -0.007, 0.000, 0.056, -0.006, -0.000, 0.056, -0.007, 0.000, 0.056, -0.007, -0.000, 0.057, -0.006, 0.000, 0.055, 
3.750, -0.000, 0.056, -0.007, 0.000, 0.056, -0.006, -0.000, 0.056, -0.007, 0.000, 0.056, -0.007, -0.000, 0.057, -0.006, 0.000, 0.055, 
3.750, -0.000, 0.056, -0.007, 0.000, 0.056, -0.006, -0.000, 0.056, -0.007, 0.000, 0.056, -0.007, -0.000, 0.057, -0.006, 0.000, 0.055, 
3.765, -0.000, 0.056, -0.007, 0.000, 0.056, -0.006, -0.000, 0.056, -0.007, 0.000, 0.056, -0.007, -0.000, 0.057, -0.006, 0.000, 0.055, 
3.765, -0.000, 0.056, -0.007, 0.000, 0.056, -0.006, -0.000, 0.056, -0.007, 0.000, 0.056, -0.007, -0.000, 0.057, -0.006, 0.000, 0.055, 
3.765, -0.000, 0.056, -0.007, 0.000, 0.056, -0.006, -0.000, 0.056, -0.007, 0.000, 0.056, -0.007, -0.000, 0.057, -0.006, 0.000, 0.055, 
3.780, -0.000, 0.056, -0.007, 0.000, 0.056, -0.006, -0.000, 0.056, -0.007, 0.000, 0.056, -0.007, -0.000, 0.057, -0.006, 0.000, 0.055, 
3.780, -0.000, 0.056, -0.007, 0.000, 0.056, -0.006, -0.000, 0.056, -0.007, 0.000, 0.056, -0.007, -0.000, 0.057, -0.006, 0.000, 0.055, 
3.780, -0.000, 0.056, -0.007, 0.000, 0.056, -0.006, -0.000, 0.056, -0.007, 0.000, 0.056, -0.007, -0.000, 0.057, -0.006, 0.000, 0.055, 
3.795, -0.000, 0.056, -0.007, 0.000, 0.056, -0.006, -0.000, 0.056, -0.007, 0.000, 0.056, -0.007, -0.000, 0.057, -0.006, 0.000, 0.055, 
3.795, -0.000, 0.056, -0.007, 0.000, 0.056, -0.006, -0.000, 0.056, -0.007, 0.000, 0.056, -0.007, -0.000, 0.057, -0.006, 0.000, 0.055, 
3.795, -0.000, 0.056, -0.007, 0.000, 0.056, -0.006, -0.000, 0.056, -0.007, 0.000, 0.056, -0.007, -0.000, 0.057, -0.006, 0.000, 0.055, 
3.810, -0.000, 0.056, -0.007, 0.000, 0.056, -0.006, -0.000, 0.056, -0.007, 0.000, 0.056, -0.007, -0.000, 0.057, -0.006, 0.000, 0.055, 
3.810, -0.000, 0.056, -0.007, 0.000, 0.056, -0.006, -0.000, 0.056, -0.007, 0.000, 0.056, -0.007, -0.000, 0.057, -0.006, 0.000, 0.055, 
3.810, -0.000, 0.056, -0.007, 0.000, 0.056, -0.006, -0.000, 0.056, -0.007, 0.000, 0.056, -0.007, -0.000, 0.057, -0.006, 0.000, 0.055, 
3.825, -0.000, 0.056, -0.007, 0.000, 0.056, -0.006, -0.000, 0.056, -0.007, 0.000, 0.056, -0.007, -0.000, 0.057, -0.006, 0.000, 0.055, 
3.825, -0.000, 0.056, -0.007, 0.000, 0.056, -0.006, -0.000, 0.056, -0.007, 0.000, 0.056, -0.007, -0.000, 0.057, -0.006, 0.000, 0.055, 
3.825, -0.000, 0.056, -0.007, 0.000, 0.056, -0.006, -0.000, 0.056, -0.007, 0.000, 0.056, -0.007, -0.000, 0.057, -0.006, 0.000, 0.055, 
3.840, -0.000, 0.056, -0.007, 0.000, 0.056, -0.006, -0.000, 0.056, -0.007, 0.000, 0.056, -0.007, -0.000, 0.057, -0.006, 0.000, 0.055, 
3.840, -0.000, 0.056, -0.007, 0.000, 0.056, -0.006, -0.000, 0.056, -0.007, 0.000, 0.056, -0.007, -0.000, 0.057, -0.006, 0.000, 0.055, 
3.840, -0.000, 0.056, -0.007, 0.000, 0.056, -0.006, -0.000, 0.056, -0.007, 0.000, 0.056, -0.007, -0.000, 0.057, -0.006, 0.000, 0.055, 
3.855, -0.000, 0.056, -0.007, 0.000, 0.056, -0.006, -0.000, 0.056, -0.007, 0.000, 0.056, -0.007, -0.000, 0.057, -0.006, 0.000, 0.055, 
3.855, -0.000, 0.056, -0.007, 0.000, 0.056, -0.006, -0.000, 0.056, -0.007, 0.000, 0.056, -0.007, -0.000, 0.057, -0.006, 0.000, 0.055, 
3.855, -0.000, 0.056, -0.007, 0.000, 0.056, -0.006, -0.000, 0.056, -0.007, 0.000, 0.056, -0.007, -0.000, 0.057, -0.006, 0.000, 0.055, 
3.870, -0.000, 0.056, -0.007, 0.000, 0.056, -0.006, -0.000, 0.056, -0.007, 0.000, 0.056, -0.007, -0.000, 0.057, -0.006, 0.000, 0.055, 
3.870, -0.000, 0.056, -0.007, 0.000, 0.056, -0.006, -0.000, 0.056, -0.007, 0.000, 0.056, -0.007, -0.000, 0.057, -0.006, 0.000, 0.055, 
3.870, -0.000, 0.056, -0.007, 0.000, 0.056, -0.006, -0.000, 0.056, -0.007, 0.000, 0.056, -0.007, -0.000, 0.057, -0.006, 0.000, 0.055, 
3.885, -0.000, 0.056, -0.007, 0.000, 0.056, -0.006, -0.000, 0.056, -0.007, 0.000, 0.056, -0.007, -0.000, 0.057, -0.006, 0.000, 0.055, 
3.885, -0.000, 0.056, -0.007, 0.000, 0.056, -0.006, -0.000, 0.056, -0.007, 0.000, 0.056, -0.007, -0.000, 0.057, -0.006, 0.000, 0.055, 
3.885, -0.000, 0.056, -0.007, 0.000, 0.056, -0.006, -0.000, 0.056, -0.007, 0.000, 0.056, -0.007, -0.000, 0.057, -0.006, 0.000, 0.055, 
3.900, -0.000, 0.056, -0.007, 0.000, 0.056, -0.006, -0.000, 0.056, -0.007, 0.000, 0.056, -0.007, -0.000, 0.057, -0.006, 0.000, 0.055, 
3.900, -0.000, 0.056, -0.007, 0.000, 0.056, -0.006, -0.000, 0.056, -0.007, 0.000, 0.056, -0.007, -0.000, 0.057, -0.006, 0.000, 0.055, 
3.900, -0.000, 0.056, -0.007, 0.000, 0.056, -0.006, -0.000, 0.056, -0.007, 0.000, 0.056, -0.007, -0.000, 0.057, -0.006, 0.000, 0.055, 
3.915, -0.000, 0.056, -0.007, 0.000, 0.056, -0.006, -0.000, 0.056, -0.007, 0.000, 0.056, -0.007, -0.000, 0.057, -0.006, 0.000, 0.055, 
3.915, -0.000, 0.056, -0.007, 0.000, 0.056, -0.006, -0.000, 0.056, -0.007, 0.000, 0.056, -0.007, -0.000, 0.057, -0.006, 0.000, 0.055, 
3.915, -0.000, 0.056, -0.007, 0.000, 0.056, -0.006, -0.000, 0.056, -0.007, 0.000, 0.056, -0.007, -0.000, 0.057, -0.006, 0.000, 0.055, 
3.930, -0.000, 0.056, -0.007, 0.000, 0.056, -0.006, -0.000, 0.056, -0.007, 0.000, 0.056, -0.007, -0.000, 0.057, -0.006, 0.000, 0.055, 
3.930, -0.000, 0.056, -0.007, 0.000, 0.056, -0.006, -0.000, 0.056, -0.007, 0.000, 0.056, -0.007, -0.000, 0.057, -0.006, 0.000, 0.055, 
3.930, -0.000, 0.056, -0.007, 0.000, 0.056, -0.006, -0.000, 0.056, -0.007, 0.000, 0.056, -0.007, -0.000, 0.057, -0.006, 0.000, 0.055, 
3.945, -0.000, 0.056, -0.007, 0.000, 0.056, -0.006, -0.000, 0.056, -0.007, 0.000, 0.056, -0.007, -0.000, 0.057, -0.006, 0.000, 0.055, 
3.945, -0.000, 0.056, -0.007, 0.000, 0.056, -0.006, -0.000, 0.056, -0.007, 0.000, 0.056, -0.007, -0.000, 0.057, -0.006, 0.000, 0.055, 
3.945, -0.000, 0.056, -0.007, 0.000, 0.056, -0.006, -0.000, 0.056, -0.007, 0.000, 0.056, -0.007, -0.000, 0.057, -0.006, 0.000, 0.055, 
3.960, -0.000, 0.056, -0.007, 0.000, 0.056, -0.006, -0.000, 0.056, -0.007, 0.000, 0.056, -0.007, -0.000, 0.057, -0.006, 0.000, 0.055, 
3.960, -0.000, 0.056, -0.007, 0.000, 0.056, -0.006, -0.000, 0.056, -0.007, 0.000, 0.056, -0.007, -0.000, 0.057, -0.006, 0.000, 0.055, 
3.960, -0.000, 0.056, -0.007, 0.000, 0.056, -0.006, -0.000, 0.056, -0.007, 0.000, 0.056, -0.007, -0.000, 0.057, -0.006, 0.000, 0.055, 
3.975, -0.000, 0.056, -0.007, 0.000, 0.056, -0.006, -0.000, 0.056, -0.007, 0.000, 0.056, -0.007, -0.000, 0.057, -0.006, 0.000, 0.055, 
3.975, -0.000, 0.056, -0.007, 0.000, 0.056, -0.006, -0.000, 0.056, -0.007, 0.000, 0.056, -0.007, -0.000, 0.057, -0.006, 0.000, 0.055, 
3.975, -0.000, 0.056, -0.007, 0.000, 0.056, -0.006, -0.000, 0.056, -0.007, 0.000, 0.056, -0.007, -0.000, 0.057, -0.006, 0.000, 0.055, 
3.990, -0.000, 0.056, -0.007, 0.000, 0.056, -0.006, -0.000, 0.056, -0.007, 0.000, 0.056, -0.007, -0.000, 0.057, -0.006, 0.000, 0.055, 
3.990, -0.000, 0.056, -0.007, 0.000, 0.056, -0.006, -0.000, 0.056, -0.007, 0.000, 0.056, -0.007, -0.000, 0.057, -0.006, 0.000, 0.055, 
3.990, -0.000, 0.056, -0.007, 0.000, 0.056, -0.006, -0.000, 0.056, -0.007, 0.000, 0.056, -0.007, -0.000, 0.057, -0.006, 0.000, 0.055, 
4.005, -0.000, 0.056, -0.007, 0.000, 0.056, -0.006, -0.000, 0.056, -0.007, 0.000, 0.056, -0.007, -0.000, 0.057, -0.006, 0.000, 0.055, 
4.005, -0.000, 0.056, -0.007, 0.000, 0.056, -0.006, -0.000, 0.056, -0.007, 0.000, 0.056, -0.007, -0.000, 0.057, -0.006, 0.000, 0.055, 
4.005, -0.000, 0.056, -0.007, 0.000, 0.056, -0.006, -0.000, 0.056, -0.007, 0.000, 0.056, -0.007, -0.000, 0.057, -0.006, 0.000, 0.055, 
4.020, -0.000, 0.056, -0.007, 0.000, 0.056, -0.006, -0.000, 0.056, -0.007, 0.000, 0.056, -0.007, -0.000, 0.057, -0.006, 0.000, 0.055, 
4.020, -0.000, 0.056, -0.007, 0.000, 0.056, -0.006, -0.000, 0.056, -0.007, 0.000, 0.056, -0.007, -0.000, 0.057, -0.006, 0.000, 0.055, 
4.020, -0.000, 0.056, -0.007, 0.000, 0.056, -0.006, -0.000, 0.056, -0.007, 0.000, 0.056, -0.007, -0.000, 0.057, -0.006, 0.000, 0.055, 
4.035, -0.000, 0.056, -0.007, 0.000, 0.056, -0.006, -0.000, 0.056, -0.007, 0.000, 0.056, -0.007, -0.000, 0.057, -0.006, 0.000, 0.055, 
4.035, -0.000, 0.056, -0.007, 0.000, 0.056, -0.006, -0.000, 0.056, -0.007, 0.000, 0.056, -0.007, -0.000, 0.057, -0.006, 0.000, 0.055, 
4.035, -0.000, 0.056, -0.007, 0.000, 0.056, -0.006, -0.000, 0.056, -0.007, 0.000, 0.056, -0.007, -0.000, 0.057, -0.006, 0.000, 0.055, 
4.050, -0.000, 0.056, -0.007, 0.000, 0.056, -0.006, -0.000, 0.056, -0.007, 0.000, 0.056, -0.007, -0.000, 0.057, -0.006, 0.000, 0.055, 
4.050, -0.000, 0.056, -0.007, 0.000, 0.056, -0.006, -0.000, 0.056, -0.007, 0.000, 0.056, -0.007, -0.000, 0.057, -0.006, 0.000, 0.055, 
4.050, -0.000, 0.056, -0.007, 0.000, 0.056, -0.006, -0.000, 0.056, -0.007, 0.000, 0.056, -0.007, -0.000, 0.057, -0.006, 0.000, 0.055, 
4.065, -0.000, 0.056, -0.007, 0.000, 0.056, -0.006, -0.000, 0.056, -0.007, 0.000, 0.056, -0.007, -0.000, 0.057, -0.006, 0.000, 0.055, 
4.065, -0.000, 0.056, -0.007, 0.000, 0.056, -0.006, -0.000, 0.056, -0.007, 0.000, 0.056, -0.007, -0.000, 0.057, -0.006, 0.000, 0.055, 
4.065, -0.000, 0.056, -0.007, 0.000, 0.056, -0.006, -0.000, 0.056, -0.007, 0.000, 0.056, -0.007, -0.000, 0.057, -0.006, 0.000, 0.055, 
4.080, -0.000, 0.056, -0.007, 0.000, 0.056, -0.006, -0.000, 0.056, -0.007, 0.000, 0.056, -0.007, -0.000, 0.057, -0.006, 0.000, 0.055, 
4.080, -0.000, 0.056, -0.007, 0.000, 0.056, -0.006, -0.000, 0.056, -0.007, 0.000, 0.056, -0.007, -0.000, 0.057, -0.006, 0.000, 0.055, 
4.080, -0.000, 0.056, -0.007, 0.000, 0.056, -0.006, -0.000, 0.056, -0.007, 0.000, 0.056, -0.007, -0.000, 0.057, -0.006, 0.000, 0.055, 
4.095, -0.000, 0.056, -0.007, 0.000, 0.056, -0.006, -0.000, 0.056, -0.007, 0.000, 0.056, -0.007, -0.000, 0.057, -0.006, 0.000, 0.055, 
4.095, -0.000, 0.056, -0.007, 0.000, 0.056, -0.006, -0.000, 0.056, -0.007, 0.000, 0.056, -0.007, -0.000, 0.057, -0.006, 0.000, 0.055, 
4.095, -0.000, 0.056, -0.007, 0.000, 0.056, -0.006, -0.000, 0.056, -0.007, 0.000, 0.056, -0.007, -0.000, 0.057, -0.006, 0.000, 0.055, 
4.110, -0.000, 0.056, -0.007, 0.000, 0.056, -0.006, -0.000, 0.056, -0.007, 0.000, 0.056, -0.007, -0.000, 0.057, -0.006, 0.000, 0.055, 
4.110, -0.000, 0.056, -0.007, 0.000, 0.056, -0.006, -0.000, 0.056, -0.007, 0.000, 0.056, -0.007, -0.000, 0.057, -0.006, 0.000, 0.055, 
4.110, -0.000, 0.056, -0.007, 0.000, 0.056, -0.006, -0.000, 0.056, -0.007, 0.000, 0.056, -0.007, -0.000, 0.057, -0.006, 0.000, 0.055, 
4.125, -0.000, 0.056, -0.007, 0.000, 0.056, -0.006, -0.000, 0.056, -0.007, 0.000, 0.056, -0.007, -0.000, 0.057, -0.006, 0.000, 0.055, 
4.125, -0.000, 0.056, -0.007, 0.000, 0.056, -0.006, -0.000, 0.056, -0.007, 0.000, 0.056, -0.007, -0.000, 0.057, -0.006, 0.000, 0.055, 
4.125, -0.000, 0.056, -0.007, 0.000, 0.056, -0.006, -0.000, 0.056, -0.007, 0.000, 0.056, -0.007, -0.000, 0.057, -0.006, 0.000, 0.055, 
4.140, -0.000, 0.056, -0.007, 0.000, 0.056, -0.006, -0.000, 0.056, -0.007, 0.000, 0.056, -0.007, -0.000, 0.057, -0.006, 0.000, 0.055, 
4.140, -0.000, 0.056, -0.007, 0.000, 0.056, -0.006, -0.000, 0.056, -0.007, 0.000, 0.056, -0.007, -0.000, 0.057, -0.006, 0.000, 0.055, 
4.140, -0.000, 0.056, -0.007, 0.000, 0.056, -0.006, -0.000, 0.056, -0.007, 0.000, 0.056, -0.007, -0.000, 0.057, -0.006, 0.000, 0.055, 
4.155, -0.000, 0.056, -0.007, 0.000, 0.056, -0.006, -0.000, 0.056, -0.007, 0.000, 0.056, -0.007, -0.000, 0.057, -0.006, 0.000, 0.055, 
4.155, -0.000, 0.056, -0.007, 0.000, 0.056, -0.006, -0.000, 0.056, -0.007, 0.000, 0.056, -0.007, -0.000, 0.057, -0.006, 0.000, 0.055, 
4.155, -0.000, 0.056, -0.007, 0.000, 0.056, -0.006, -0.000, 0.056, -0.007, 0.000, 0.056, -0.007, -0.000, 0.057, -0.006, 0.000, 0.055, 
4.170, -0.000, 0.056, -0.007, 0.000, 0.056, -0.006, -0.000, 0.056, -0.007, 0.000, 0.056, -0.007, -0.000, 0.057, -0.006, 0.000, 0.055, 
4.170, -0.000, 0.056, -0.007, 0.000, 0.056, -0.006, -0.000, 0.056, -0.007, 0.000, 0.056, -0.007, -0.000, 0.057, -0.006, 0.000, 0.055, 
4.170, -0.000, 0.056, -0.007, 0.000, 0.056, -0.006, -0.000, 0.056, -0.007, 0.000, 0.056, -0.007, -0.000, 0.057, -0.006, 0.000, 0.055, 
4.185, -0.000, 0.056, -0.007, 0.000, 0.056, -0.006, -0.000, 0.056, -0.007, 0.000, 0.056, -0.007, -0.000, 0.057, -0.006, 0.000, 0.055, 
4.185, -0.000, 0.056, -0.007, 0.000, 0.056, -0.006, -0.000, 0.056, -0.007, 0.000, 0.056, -0.007, -0.000, 0.057, -0.006, 0.000, 0.055, 
4.185, -0.000, 0.056, -0.007, 0.000, 0.056, -0.006, -0.000, 0.056, -0.007, 0.000, 0.056, -0.007, -0.000, 0.057, -0.006, 0.000, 0.055, 
4.200, -0.000, 0.056, -0.007, 0.000, 0.056, -0.006, -0.000, 0.056, -0.007, 0.000, 0.056, -0.007, -0.000, 0.057, -0.006, 0.000, 0.055, 
4.200, -0.000, 0.056, -0.007, 0.000, 0.056, -0.006, -0.000, 0.056, -0.007, 0.000, 0.056, -0.007, -0.000, 0.057, -0.006, 0.000, 0.055, 
4.200, -0.000, 0.056, -0.007, 0.000, 0.056, -0.006, -0.000, 0.056, -0.007, 0.000, 0.056, -0.007, -0.000, 0.057, -0.006, 0.000, 0.055, 
4.215, -0.000, 0.056, -0.007, 0.000, 0.056, -0.006, -0.000, 0.056, -0.007, 0.000, 0.056, -0.007, -0.000, 0.057, -0.006, 0.000, 0.055, 
4.215, -0.000, 0.056, -0.007, 0.000, 0.056, -0.006, -0.000, 0.056, -0.007, 0.000, 0.056, -0.007, -0.000, 0.057, -0.006, 0.000, 0.055, 
4.215, -0.000, 0.056, -0.007, 0.000, 0.056, -0.006, -0.000, 0.056, -0.007, 0.000, 0.056, -0.007, -0.000, 0.057, -0.006, 0.000, 0.055, 
4.230, -0.000, 0.056, -0.007, 0.000, 0.056, -0.006, -0.000, 0.056, -0.007, 0.000, 0.056, -0.007, -0.000, 0.057, -0.006, 0.000, 0.055, 
4.230, -0.000, 0.056, -0.007, 0.000, 0.056, -0.006, -0.000, 0.056, -0.007, 0.000, 0.056, -0.007, -0.000, 0.057, -0.006, 0.000, 0.055, 
4.230, -0.000, 0.056, -0.007, 0.000, 0.056, -0.006, -0.000, 0.056, -0.007, 0.000, 0.056, -0.007, -0.000, 0.057, -0.006, 0.000, 0.055, 
4.245, -0.000, 0.056, -0.007, 0.000, 0.056, -0.006, -0.000, 0.056, -0.007, 0.000, 0.056, -0.007, -0.000, 0.057, -0.006, 0.000, 0.055, 
4.245, -0.000, 0.056, -0.007, 0.000, 0.056, -0.006, -0.000, 0.056, -0.007, 0.000, 0.056, -0.007, -0.000, 0.057, -0.006, 0.000, 0.055, 
4.245, -0.000, 0.056, -0.007, 0.000, 0.056, -0.006, -0.000, 0.056, -0.007, 0.000, 0.056, -0.007, -0.000, 0.057, -0.006, 0.000, 0.055, 
4.260, -0.000, 0.056, -0.007, 0.000, 0.056, -0.006, -0.000, 0.056, -0.007, 0.000, 0.056, -0.007, -0.000, 0.057, -0.006, 0.000, 0.055, 
4.260, -0.000, 0.056, -0.007, 0.000, 0.056, -0.006, -0.000, 0.056, -0.007, 0.000, 0.056, -0.007, -0.000, 0.057, -0.006, 0.000, 0.055, 
4.260, -0.000, 0.056, -0.007, 0.000, 0.056, -0.006, -0.000, 0.056, -0.007, 0.000, 0.056, -0.007, -0.000, 0.057, -0.006, 0.000, 0.055, 
4.275, -0.000, 0.056, -0.007, 0.000, 0.056, -0.006, -0.000, 0.056, -0.007, 0.000, 0.056, -0.007, -0.000, 0.057, -0.006, 0.000, 0.055, 
4.275, -0.000, 0.056, -0.007, 0.000, 0.056, -0.006, -0.000, 0.056, -0.007, 0.000, 0.056, -0.007, -0.000, 0.057, -0.006, 0.000, 0.055, 
4.275, -0.000, 0.056, -0.007, 0.000, 0.056, -0.006, -0.000, 0.056, -0.007, 0.000, 0.056, -0.007, -0.000, 0.057, -0.006, 0.000, 0.055, 
4.290, -0.000, 0.056, -0.007, 0.000, 0.056, -0.006, -0.000, 0.056, -0.007, 0.000, 0.056, -0.007, -0.000, 0.057, -0.006, 0.000, 0.055, 
4.290, -0.000, 0.056, -0.007, 0.000, 0.056, -0.006, -0.000, 0.056, -0.007, 0.000, 0.056, -0.007, -0.000, 0.057, -0.006, 0.000, 0.055, 
4.290, -0.000, 0.056, -0.007, 0.000, 0.056, -0.006, -0.000, 0.056, -0.007, 0.000, 0.056, -0.007, -0.000, 0.057, -0.006, 0.000, 0.055, 
4.305, -0.000, 0.056, -0.007, 0.000, 0.056, -0.006, -0.000, 0.056, -0.007, 0.000, 0.056, -0.007, -0.000, 0.057, -0.006, 0.000, 0.055, 
4.305, -0.000, 0.056, -0.007, 0.000, 0.056, -0.006, -0.000, 0.056, -0.007, 0.000, 0.056, -0.007, -0.000, 0.057, -0.006, 0.000, 0.055, 
4.305, -0.000, 0.056, -0.007, 0.000, 0.056, -0.006, -0.000, 0.056, -0.007, 0.000, 0.056, -0.007, -0.000, 0.057, -0.006, 0.000, 0.055, 
4.320, -0.000, 0.056, -0.007, 0.000, 0.056, -0.006, -0.000, 0.056, -0.007, 0.000, 0.056, -0.007, -0.000, 0.057, -0.006, 0.000, 0.055, 
4.320, -0.000, 0.056, -0.007, 0.000, 0.056, -0.006, -0.000, 0.056, -0.007, 0.000, 0.056, -0.007, -0.000, 0.057, -0.006, 0.000, 0.055, 
4.320, -0.000, 0.056, -0.007, 0.000, 0.056, -0.006, -0.000, 0.056, -0.007, 0.000, 0.056, -0.007, -0.000, 0.057, -0.006, 0.000, 0.055, 
4.335, -0.000, 0.056, -0.007, 0.000, 0.056, -0.006, -0.000, 0.056, -0.007, 0.000, 0.056, -0.007, -0.000, 0.057, -0.006, 0.000, 0.055, 
4.335, -0.000, 0.056, -0.007, 0.000, 0.056, -0.006, -0.000, 0.056, -0.007, 0.000, 0.056, -0.007, -0.000, 0.057, -0.006, 0.000, 0.055, 
4.335, -0.000, 0.056, -0.007, 0.000, 0.056, -0.006, -0.000, 0.056, -0.007, 0.000, 0.056, -0.007, -0.000, 0.057, -0.006, 0.000, 0.055, 
4.350, -0.000, 0.056, -0.007, 0.000, 0.056, -0.006, -0.000, 0.056, -0.007, 0.000, 0.056, -0.007, -0.000, 0.057, -0.006, 0.000, 0.055, 
4.350, -0.000, 0.056, -0.007, 0.000, 0.056, -0.006, -0.000, 0.056, -0.007, 0.000, 0.056, -0.007, -0.000, 0.057, -0.006, 0.000, 0.055, 
4.350, -0.000, 0.056, -0.007, 0.000, 0.056, -0.006, -0.000, 0.056, -0.007, 0.000, 0.056, -0.007, -0.000, 0.057, -0.006, 0.000, 0.055, 
4.365, -0.000, 0.056, -0.007, 0.000, 0.056, -0.006, -0.000, 0.056, -0.007, 0.000, 0.056, -0.007, -0.000, 0.057, -0.006, 0.000, 0.055, 
4.365, -0.000, 0.056, -0.007, 0.000, 0.056, -0.006, -0.000, 0.056, -0.007, 0.000, 0.056, -0.007, -0.000, 0.057, -0.006, 0.000, 0.055, 
4.365, -0.000, 0.056, -0.007, 0.000, 0.056, -0.006, -0.000, 0.056, -0.007, 0.000, 0.056, -0.007, -0.000, 0.057, -0.006, 0.000, 0.055, 
4.380, -0.000, 0.056, -0.007, 0.000, 0.056, -0.006, -0.000, 0.056, -0.007, 0.000, 0.056, -0.007, -0.000, 0.057, -0.006, 0.000, 0.055, 
4.380, -0.000, 0.056, -0.007, 0.000, 0.056, -0.006, -0.000, 0.056, -0.007, 0.000, 0.056, -0.007, -0.000, 0.057, -0.006, 0.000, 0.055, 
4.380, -0.000, 0.056, -0.007, 0.000, 0.056, -0.006, -0.000, 0.056, -0.007, 0.000, 0.056, -0.007, -0.000, 0.057, -0.006, 0.000, 0.055, 
4.395, -0.000, 0.056, -0.007, 0.000, 0.056, -0.006, -0.000, 0.056, -0.007, 0.000, 0.056, -0.007, -0.000, 0.057, -0.006, 0.000, 0.055, 
4.395, -0.000, 0.056, -0.007, 0.000, 0.056, -0.006, -0.000, 0.056, -0.007, 0.000, 0.056, -0.007, -0.000, 0.057, -0.006, 0.000, 0.055, 
4.395, -0.000, 0.056, -0.007, 0.000, 0.056, -0.006, -0.000, 0.056, -0.007, 0.000, 0.056, -0.007, -0.000, 0.057, -0.006, 0.000, 0.055, 
4.410, -0.000, 0.056, -0.007, 0.000, 0.056, -0.006, -0.000, 0.056, -0.007, 0.000, 0.056, -0.007, -0.000, 0.057, -0.006, 0.000, 0.055, 
4.410, -0.000, 0.056, -0.007, 0.000, 0.056, -0.006, -0.000, 0.056, -0.007, 0.000, 0.056, -0.007, -0.000, 0.057, -0.006, 0.000, 0.055, 
4.410, -0.000, 0.056, -0.007, 0.000, 0.056, -0.006, -0.000, 0.056, -0.007, 0.000, 0.056, -0.007, -0.000, 0.057, -0.006, 0.000, 0.055, 
4.425, -0.000, 0.056, -0.007, 0.000, 0.056, -0.006, -0.000, 0.056, -0.007, 0.000, 0.056, -0.007, -0.000, 0.057, -0.006, 0.000, 0.055, 
4.425, -0.000, 0.056, -0.007, 0.000, 0.056, -0.006, -0.000, 0.056, -0.007, 0.000, 0.056, -0.007, -0.000, 0.057, -0.006, 0.000, 0.055, 
4.425, -0.000, 0.056, -0.007, 0.000, 0.056, -0.006, -0.000, 0.056, -0.007, 0.000, 0.056, -0.007, -0.000, 0.057, -0.006, 0.000, 0.055, 
4.440, -0.000, 0.056, -0.007, 0.000, 0.056, -0.006, -0.000, 0.056, -0.007, 0.000, 0.056, -0.007, -0.000, 0.057, -0.006, 0.000, 0.055, 
4.440, -0.000, 0.056, -0.007, 0.000, 0.056, -0.006, -0.000, 0.056, -0.007, 0.000, 0.056, -0.007, -0.000, 0.057, -0.006, 0.000, 0.055, 
4.440, -0.000, 0.056, -0.007, 0.000, 0.056, -0.006, -0.000, 0.056, -0.007, 0.000, 0.056, -0.007, -0.000, 0.057, -0.006, 0.000, 0.055, 
4.455, -0.000, 0.056, -0.007, 0.000, 0.056, -0.006, -0.000, 0.056, -0.007, 0.000, 0.056, -0.007, -0.000, 0.057, -0.006, 0.000, 0.055, 
4.455, -0.000, 0.056, -0.007, 0.000, 0.056, -0.006, -0.000, 0.056, -0.007, 0.000, 0.056, -0.007, -0.000, 0.057, -0.006, 0.000, 0.055, 
4.455, -0.000, 0.056, -0.007, 0.000, 0.056, -0.006, -0.000, 0.056, -0.007, 0.000, 0.056, -0.007, -0.000, 0.057, -0.006, 0.000, 0.055, 
4.470, -0.000, 0.056, -0.007, 0.000, 0.056, -0.006, -0.000, 0.056, -0.007, 0.000, 0.056, -0.007, -0.000, 0.057, -0.006, 0.000, 0.055, 
4.470, -0.000, 0.056, -0.007, 0.000, 0.056, -0.006, -0.000, 0.056, -0.007, 0.000, 0.056, -0.007, -0.000, 0.057, -0.006, 0.000, 0.055, 
4.470, -0.000, 0.056, -0.007, 0.000, 0.056, -0.006, -0.000, 0.056, -0.007, 0.000, 0.056, -0.007, -0.000, 0.057, -0.006, 0.000, 0.055, 
4.485, -0.000, 0.056, -0.007, 0.000, 0.056, -0.006, -0.000, 0.056, -0.007, 0.000, 0.056, -0.007, -0.000, 0.057, -0.006, 0.000, 0.055, 
4.485, -0.000, 0.056, -0.007, 0.000, 0.056, -0.006, -0.000, 0.056, -0.007, 0.000, 0.056, -0.007, -0.000, 0.057, -0.006, 0.000, 0.055, 
4.485, -0.000, 0.056, -0.007, 0.000, 0.056, -0.006, -0.000, 0.056, -0.007, 0.000, 0.056, -0.007, -0.000, 0.057, -0.006, 0.000, 0.055, 
4.500, -0.000, 0.056, -0.007, 0.000, 0.056, -0.006, -0.000, 0.056, -0.007, 0.000, 0.056, -0.007, -0.000, 0.057, -0.006, 0.000, 0.055, 
4.500, -0.000, 0.056, -0.007, 0.000, 0.056, -0.006, -0.000, 0.056, -0.007, 0.000, 0.056, -0.007, -0.000, 0.057, -0.006, 0.000, 0.055, 
4.500, -0.000, 0.056, -0.007, 0.000, 0.056, -0.006, -0.000, 0.056, -0.007, 0.000, 0.056, -0.007, -0.000, 0.057, -0.006, 0.000, 0.055, 
