Time (s),o1,o2,fwd_force,filtered_force_1,filtered_force_2,filtered_force_3,filtered_force_4,filtered_force_5,filtered_force_6,error_force,gamma_1,gamma_2,gamma_3,gamma_4,gamma_5,gamma_6
0.000, 0.734, -0.774, 0.000, 0.000, 0.000, 0.000, 0.000, 0.000, 0.000, 0.000, 0.000, 0.000, 0.000, 0.000, 0.000, 0.000
0.020, 0.670, -0.859, 0.000, 0.000, 0.000, 0.000, 0.000, 0.000, 0.000, 0.000, 0.000, 0.000, 0.000, 0.000, 0.000, 0.000
0.040, 0.603, -0.883, 0.000, 0.000, 0.000, 0.000, 0.000, 0.000, 0.000, 0.000, 0.000, 0.000, 0.000, 0.000, 0.000, 0.000
0.060, 0.535, -0.886, 0.000, 0.101, 0.158, 0.216, 0.101, 0.158, 0.216, 0.101, 0.000, 0.000, 0.000, 0.000, 0.000, 0.000
0.080, 0.463, -0.883, 0.000, 0.189, 0.246, 0.304, 0.189, 0.246, 0.304, 0.189, 0.000, 0.000, 0.000, 0.000, 0.000, 0.000
0.100, 0.380, -0.878, 0.000, 0.846, 1.000, 1.000, 0.846, 1.000, 1.000, 0.846, 0.001, 0.001, 0.001, 0.001, 0.001, 0.001
0.120, 0.279, -0.871, 0.000, 0.299, 1.000, 1.000, 0.404, 1.000, 1.000, 0.299, 0.001, 0.001, 0.001, 0.001, 0.001, 0.001
0.140, 0.146, -0.861, 0.000, 0.000, 1.000, 1.000, 0.000, 1.000, 1.000, 0.000, 0.000, 0.001, 0.001, 0.000, 0.001, 0.001
0.160, -0.037, -0.847, 0.000, 0.000, 1.000, 1.000, 0.000, 1.000, 1.000, 0.000, 0.000, 0.002, 0.002, 0.000, 0.002, 0.002
0.180, -0.281, -0.826, 0.000, 0.000, 1.000, 1.000, 0.000, 1.000, 1.000, 0.000, 0.000, 0.002, 0.002, 0.000, 0.002, 0.002
0.200, -0.555, -0.792, 0.000, 0.000, 1.000, 1.000, 0.000, 1.000, 1.000, 0.000, 0.000, 0.002, 0.002, 0.000, 0.002, 0.002
0.220, -0.761, -0.741, 0.000, 1.000, 0.000, 1.000, 1.000, 0.000, 1.000, 1.000, 0.001, 0.001, 0.002, 0.001, 0.001, 0.002
0.240, -0.855, -0.676, 0.000, 1.000, 0.000, 1.000, 1.000, 0.000, 1.000, 1.000, 0.001, 0.001, 0.002, 0.001, 0.001, 0.002
0.260, -0.883, -0.607, 0.000, 1.000, 1.000, 1.000, 1.000, 1.000, 1.000, 1.000, 0.001, 0.001, 0.002, 0.001, 0.001, 0.002
0.280, -0.887, -0.536, 0.000, 1.000, 1.000, 1.000, 1.000, 1.000, 1.000, 1.000, 0.002, 0.002, 0.002, 0.002, 0.002, 0.002
0.300, -0.884, -0.460, 0.000, 1.000, 1.000, 1.000, 1.000, 1.000, 1.000, 1.000, 0.002, 0.002, 0.002, 0.002, 0.002, 0.002
0.320, -0.878, -0.374, 0.000, 1.000, 1.000, 1.000, 1.000, 1.000, 1.000, 1.000, 0.002, 0.002, 0.002, 0.002, 0.002, 0.002
0.340, -0.871, -0.268, 0.000, 1.000, 1.000, 1.000, 1.000, 1.000, 1.000, 1.000, 0.002, 0.002, 0.003, 0.002, 0.002, 0.003
0.360, -0.861, -0.129, 0.000, 1.000, 1.000, 1.000, 1.000, 1.000, 1.000, 1.000, 0.002, 0.002, 0.003, 0.002, 0.002, 0.003
0.380, -0.846, 0.061, 1.000, 1.000, 1.000, 1.000, 1.000, 1.000, 1.000, 0.000, 0.002, 0.002, 0.002, 0.002, 0.002, 0.002
0.400, -0.824, 0.312, 1.000, 1.000, 1.000, 1.000, 1.000, 1.000, 1.000, 0.000, 0.001, 0.002, 0.002, 0.001, 0.002, 0.002
0.420, -0.789, 0.582, 1.000, 1.000, 1.000, 1.000, 1.000, 1.000, 1.000, 0.000, 0.001, 0.001, 0.002, 0.001, 0.001, 0.002
0.440, -0.736, 0.776, 1.000, 1.000, 1.000, 0.548, 1.000, 1.000, 1.000, 0.000, 0.001, 0.001, 0.002, 0.001, 0.001, 0.002
0.460, -0.672, 0.859, 1.000, 1.000, 1.000, 0.145, 1.000, 1.000, 0.278, 0.000, 0.001, 0.001, 0.002, 0.001, 0.001, 0.002
0.480, -0.605, 0.883, 1.000, 1.000, 1.000, 0.709, 1.000, 1.000, 0.740, 0.000, 0.001, 0.001, 0.002, 0.001, 0.001, 0.002
0.500, -0.538, 0.886, 1.000, 1.000, 1.000, 1.000, 1.000, 1.000, 1.000, 0.000, 0.001, 0.001, 0.002, 0.001, 0.001, 0.002
0.520, -0.468, 0.883, 1.000, 1.000, 1.000, 1.000, 1.000, 1.000, 1.000, 0.000, 0.001, 0.001, 0.002, 0.001, 0.001, 0.002
0.540, -0.390, 0.877, 1.000, 1.000, 1.000, 1.000, 1.000, 1.000, 1.000, 0.000, 0.001, 0.001, 0.002, 0.001, 0.001, 0.002
0.560, -0.297, 0.870, 1.000, 1.000, 0.000, 1.000, 1.000, 1.000, 1.000, 0.000, 0.001, 0.002, 0.002, 0.001, 0.001, 0.002
0.580, -0.175, 0.860, 1.000, 1.000, 0.105, 1.000, 1.000, 1.000, 1.000, 0.000, 0.001, 0.002, 0.002, 0.001, 0.001, 0.002
0.600, -0.009, 0.848, 1.000, 1.000, 1.000, 1.000, 1.000, 1.000, 1.000, 0.000, 0.001, 0.002, 0.002, 0.001, 0.001, 0.001
0.620, 0.215, 0.829, 1.000, 1.000, 1.000, 1.000, 1.000, 0.857, 1.000, 0.000, 0.001, 0.002, 0.002, 0.001, 0.001, 0.001
0.640, 0.485, 0.799, 1.000, 1.000, 0.000, 1.000, 1.000, 0.000, 1.000, 0.000, 0.001, 0.002, 0.002, 0.001, 0.002, 0.001
0.660, 0.717, 0.754, 1.000, 1.000, 1.000, 1.000, 1.000, 1.000, 1.000, 0.000, 0.001, 0.002, 0.002, 0.001, 0.002, 0.001
0.680, 0.838, 0.692, 1.000, 1.000, 1.000, 1.000, 1.000, 1.000, 1.000, 0.000, 0.001, 0.002, 0.002, 0.001, 0.001, 0.001
0.700, 0.878, 0.624, 1.000, 1.000, 1.000, 1.000, 1.000, 1.000, 1.000, 0.000, 0.001, 0.002, 0.002, 0.001, 0.001, 0.001
0.720, 0.886, 0.556, 1.000, 1.000, 1.000, 1.000, 1.000, 1.000, 1.000, 0.000, 0.001, 0.002, 0.002, 0.001, 0.001, 0.001
0.740, 0.884, 0.485, 1.000, 1.000, 1.000, 1.000, 1.000, 1.000, 1.000, 0.000, 0.001, 0.001, 0.002, 0.001, 0.001, 0.001
0.760, 0.880, 0.406, 1.000, 1.000, 1.000, 1.000, 1.000, 1.000, 1.000, 0.000, 0.001, 0.001, 0.002, 0.001, 0.001, 0.001
0.780, 0.873, 0.312, 1.000, 0.384, 1.000, 1.000, 0.262, 1.000, 1.000, 0.616, 0.001, 0.001, 0.001, 0.001, 0.001, 0.001
0.800, 0.864, 0.188, 1.000, 1.000, 1.000, 1.000, 1.000, 1.000, 1.000, 0.000, 0.001, 0.001, 0.001, 0.001, 0.001, 0.001
0.820, 0.852, 0.021, 1.000, 1.000, 1.000, 1.000, 1.000, 1.000, 1.000, 0.000, 0.001, 0.002, 0.002, 0.001, 0.002, 0.002
0.840, 0.833, -0.206, 0.000, 1.000, 1.000, 1.000, 1.000, 1.000, 1.000, 1.000, 0.002, 0.002, 0.002, 0.002, 0.002, 0.002
0.860, 0.804, -0.478, 0.000, 0.000, 1.000, 1.000, 0.655, 1.000, 1.000, 0.000, 0.001, 0.003, 0.003, 0.002, 0.003, 0.003
0.880, 0.758, -0.714, 0.000, 0.000, 1.000, 1.000, 0.000, 1.000, 0.000, 0.000, 0.001, 0.003, 0.003, 0.002, 0.003, 0.002
0.900, 0.697, -0.837, 0.000, 0.000, 1.000, 1.000, 0.000, 1.000, 0.000, 0.000, 0.001, 0.003, 0.003, 0.001, 0.003, 0.002
0.920, 0.630, -0.878, 0.000, 0.000, 1.000, 1.000, 0.000, 1.000, 0.000, 0.000, 0.001, 0.003, 0.003, 0.001, 0.003, 0.002
0.940, 0.562, -0.887, 0.000, 0.000, 1.000, 1.000, 0.000, 1.000, 0.000, 0.000, 0.001, 0.003, 0.003, 0.001, 0.003, 0.002
0.960, 0.492, -0.885, 0.000, 0.000, 1.000, 1.000, 0.000, 1.000, 0.000, 0.000, 0.001, 0.003, 0.003, 0.001, 0.003, 0.002
0.980, 0.414, -0.880, 0.000, 0.000, 1.000, 0.795, 0.000, 1.000, 0.000, 0.000, 0.001, 0.003, 0.003, 0.001, 0.003, 0.002
1.000, 0.322, -0.874, 0.000, 0.000, 1.000, 0.000, 0.000, 1.000, 0.000, 0.000, 0.001, 0.004, 0.003, 0.001, 0.003, 0.002
1.020, 0.203, -0.865, 0.000, 0.000, 1.000, 0.000, 0.000, 1.000, 0.000, 0.000, 0.001, 0.004, 0.003, 0.001, 0.004, 0.002
1.040, 0.042, -0.853, 0.000, 0.000, 1.000, 1.000, 0.000, 1.000, 1.000, 0.000, 0.001, 0.004, 0.003, 0.001, 0.004, 0.002
1.060, -0.178, -0.836, 0.000, 0.332, 0.000, 1.000, 0.154, 0.000, 1.000, 0.332, 0.001, 0.003, 0.003, 0.001, 0.003, 0.003
1.080, -0.449, -0.808, 0.000, 0.000, 0.000, 1.000, 0.000, 0.000, 1.000, 0.000, 0.001, 0.003, 0.004, 0.001, 0.003, 0.003
1.100, -0.693, -0.764, 0.000, 0.000, 0.000, 1.000, 0.000, 0.000, 1.000, 0.000, 0.001, 0.003, 0.004, 0.001, 0.003, 0.003
1.120, -0.831, -0.700, 0.000, 1.000, 1.000, 0.000, 1.000, 0.000, 1.000, 1.000, 0.002, 0.003, 0.003, 0.002, 0.003, 0.003
1.140, -0.877, -0.627, 0.000, 1.000, 0.000, 0.000, 1.000, 0.000, 1.000, 1.000, 0.002, 0.003, 0.003, 0.002, 0.002, 0.003
1.160, -0.887, -0.556, 0.000, 1.000, 0.000, 1.000, 1.000, 1.000, 1.000, 1.000, 0.002, 0.003, 0.003, 0.002, 0.003, 0.004
1.180, -0.885, -0.480, 0.000, 1.000, 1.000, 1.000, 1.000, 1.000, 0.000, 1.000, 0.002, 0.003, 0.004, 0.003, 0.003, 0.003
1.200, -0.880, -0.397, 0.000, 1.000, 1.000, 0.000, 1.000, 1.000, 0.000, 1.000, 0.003, 0.004, 0.003, 0.003, 0.004, 0.003
1.220, -0.873, -0.297, 0.000, 1.000, 1.000, 1.000, 1.000, 1.000, 0.000, 1.000, 0.003, 0.004, 0.004, 0.003, 0.004, 0.003
1.240, -0.863, -0.169, 0.000, 1.000, 1.000, 0.000, 1.000, 1.000, 0.000, 1.000, 0.003, 0.003, 0.003, 0.003, 0.003, 0.002
1.260, -0.850, 0.005, 1.000, 0.000, 1.000, 0.000, 1.000, 1.000, 0.000, 1.000, 0.003, 0.003, 0.004, 0.002, 0.003, 0.003
1.280, -0.830, 0.241, 1.000, 0.000, 1.000, 0.000, 1.000, 1.000, 0.000, 1.000, 0.003, 0.003, 0.004, 0.002, 0.003, 0.003
1.300, -0.799, 0.515, 1.000, 0.000, 1.000, 0.000, 1.000, 1.000, 0.000, 1.000, 0.003, 0.003, 0.004, 0.002, 0.003, 0.004
1.320, -0.750, 0.737, 1.000, 0.171, 1.000, 0.000, 1.000, 1.000, 0.000, 0.829, 0.003, 0.003, 0.004, 0.002, 0.003, 0.004
1.340, -0.688, 0.846, 1.000, 0.000, 1.000, 0.000, 1.000, 1.000, 0.000, 1.000, 0.003, 0.003, 0.005, 0.002, 0.003, 0.004
1.360, -0.621, 0.880, 1.000, 0.000, 1.000, 0.000, 1.000, 1.000, 0.000, 1.000, 0.003, 0.003, 0.005, 0.002, 0.003, 0.004
1.380, -0.553, 0.887, 1.000, 0.426, 1.000, 0.000, 0.186, 1.000, 0.000, 0.574, 0.003, 0.003, 0.005, 0.002, 0.003, 0.004
1.400, -0.483, 0.884, 1.000, 0.629, 1.000, 0.000, 0.000, 1.000, 0.000, 0.371, 0.003, 0.003, 0.005, 0.003, 0.003, 0.004
1.420, -0.405, 0.879, 1.000, 0.697, 1.000, 0.000, 0.284, 1.000, 0.000, 0.303, 0.003, 0.003, 0.005, 0.003, 0.003, 0.004
1.440, -0.312, 0.872, 1.000, 0.699, 1.000, 0.000, 0.063, 1.000, 0.000, 0.301, 0.003, 0.003, 0.005, 0.003, 0.003, 0.004
1.460, -0.203, 0.860, 1.000, 1.000, 1.000, 1.000, 1.000, 1.000, 0.000, 0.000, 0.003, 0.003, 0.005, 0.003, 0.003, 0.005
1.480, -0.045, 0.851, 1.000, 0.628, 0.000, 1.000, 1.000, 1.000, 0.000, 0.372, 0.003, 0.003, 0.004, 0.002, 0.003, 0.005
1.500, 0.164, 0.832, 1.000, 1.000, 0.000, 1.000, 1.000, 1.000, 0.000, 0.000, 0.003, 0.004, 0.004, 0.002, 0.003, 0.005
1.520, 0.433, 0.807, 1.000, 0.000, 1.000, 0.000, 1.000, 1.000, 0.000, 1.000, 0.003, 0.003, 0.005, 0.002, 0.003, 0.005
1.540, 0.681, 0.765, 1.000, 0.000, 1.000, 0.000, 1.000, 1.000, 0.000, 1.000, 0.003, 0.003, 0.005, 0.002, 0.003, 0.005
1.560, 0.824, 0.707, 1.000, 0.000, 1.000, 0.000, 1.000, 1.000, 0.000, 1.000, 0.004, 0.003, 0.005, 0.002, 0.003, 0.005
1.580, 0.874, 0.636, 1.000, 1.000, 1.000, 0.000, 1.000, 1.000, 0.000, 0.000, 0.003, 0.003, 0.005, 0.002, 0.003, 0.005
1.600, 0.885, 0.568, 1.000, 1.000, 1.000, 1.000, 1.000, 1.000, 0.000, 0.000, 0.003, 0.003, 0.005, 0.002, 0.003, 0.005
1.620, 0.885, 0.498, 1.000, 0.722, 1.000, 1.000, 1.000, 1.000, 1.000, 0.278, 0.003, 0.003, 0.005, 0.002, 0.003, 0.005
1.640, 0.880, 0.418, 1.000, 1.000, 1.000, 1.000, 1.000, 1.000, 1.000, 0.000, 0.003, 0.003, 0.004, 0.002, 0.003, 0.004
1.660, 0.874, 0.327, 1.000, 0.000, 1.000, 1.000, 1.000, 1.000, 1.000, 1.000, 0.003, 0.003, 0.004, 0.002, 0.003, 0.004
1.680, 0.866, 0.210, 1.000, 0.000, 1.000, 1.000, 0.000, 1.000, 1.000, 1.000, 0.004, 0.003, 0.004, 0.003, 0.003, 0.004
1.700, 0.853, 0.047, 1.000, 1.000, 1.000, 1.000, 1.000, 1.000, 1.000, 0.000, 0.003, 0.003, 0.005, 0.002, 0.003, 0.005
1.720, 0.835, -0.172, 0.000, 1.000, 1.000, 1.000, 1.000, 1.000, 1.000, 1.000, 0.004, 0.003, 0.005, 0.003, 0.003, 0.005
1.740, 0.807, -0.441, 0.000, 1.000, 1.000, 1.000, 1.000, 0.000, 1.000, 1.000, 0.004, 0.004, 0.005, 0.003, 0.003, 0.005
1.760, 0.762, -0.685, 0.000, 1.000, 1.000, 1.000, 1.000, 0.000, 1.000, 1.000, 0.004, 0.004, 0.006, 0.003, 0.003, 0.005
1.780, 0.699, -0.820, 0.000, 1.000, 0.000, 1.000, 1.000, 0.000, 1.000, 1.000, 0.004, 0.004, 0.006, 0.004, 0.003, 0.006
1.800, 0.620, -0.865, 0.000, 1.000, 0.000, 1.000, 1.000, 0.000, 1.000, 1.000, 0.004, 0.003, 0.006, 0.004, 0.003, 0.006
1.820, 0.531, -0.872, 0.000, 1.000, 0.000, 1.000, 0.000, 0.000, 1.000, 1.000, 0.005, 0.003, 0.006, 0.003, 0.003, 0.006
1.840, 0.429, -0.867, 0.000, 1.000, 0.000, 0.498, 0.000, 0.000, 1.000, 1.000, 0.005, 0.003, 0.006, 0.003, 0.003, 0.006
1.860, 0.302, -0.858, 0.000, 1.000, 0.000, 0.000, 0.000, 0.000, 1.000, 1.000, 0.005, 0.003, 0.005, 0.003, 0.003, 0.006
1.880, 0.129, -0.843, 0.000, 1.000, 0.000, 0.000, 0.000, 0.000, 1.000, 1.000, 0.005, 0.003, 0.005, 0.003, 0.003, 0.006
1.900, -0.099, -0.826, 0.000, 1.000, 0.000, 1.000, 0.000, 0.000, 1.000, 1.000, 0.005, 0.003, 0.006, 0.003, 0.003, 0.006
1.920, -0.365, -0.806, 0.000, 1.000, 0.000, 1.000, 0.319, 0.217, 0.000, 1.000, 0.005, 0.003, 0.006, 0.003, 0.003, 0.006
1.940, -0.627, -0.773, 0.000, 0.000, 0.000, 1.000, 0.000, 0.000, 1.000, 0.000, 0.005, 0.003, 0.006, 0.003, 0.003, 0.006
1.960, -0.809, -0.703, 0.000, 1.000, 0.000, 0.000, 0.000, 0.000, 1.000, 1.000, 0.005, 0.003, 0.006, 0.003, 0.003, 0.006
1.980, -0.874, -0.619, 0.000, 1.000, 0.000, 0.000, 1.000, 0.000, 1.000, 1.000, 0.005, 0.003, 0.005, 0.003, 0.003, 0.006
2.000, -0.885, -0.553, 0.000, 0.000, 1.000, 1.000, 0.000, 1.000, 0.000, 0.000, 0.005, 0.004, 0.006, 0.003, 0.003, 0.006
2.020, -0.884, -0.483, 0.000, 0.000, 1.000, 1.000, 0.000, 1.000, 0.000, 0.000, 0.004, 0.004, 0.006, 0.003, 0.004, 0.005
2.040, -0.879, -0.404, 0.000, 0.000, 1.000, 1.000, 1.000, 1.000, 1.000, 0.000, 0.004, 0.004, 0.006, 0.003, 0.004, 0.006
2.060, -0.873, -0.304, 0.000, 1.000, 1.000, 1.000, 1.000, 1.000, 0.000, 1.000, 0.005, 0.005, 0.006, 0.004, 0.004, 0.006
2.080, -0.865, -0.171, 0.000, 1.000, 1.000, 0.000, 1.000, 1.000, 1.000, 1.000, 0.005, 0.005, 0.006, 0.004, 0.004, 0.005
2.100, -0.853, 0.007, 1.000, 1.000, 1.000, 0.000, 1.000, 1.000, 1.000, 0.000, 0.005, 0.005, 0.006, 0.004, 0.004, 0.005
2.120, -0.835, 0.243, 1.000, 1.000, 1.000, 0.000, 1.000, 0.483, 1.000, 0.000, 0.004, 0.005, 0.006, 0.004, 0.004, 0.005
2.140, -0.807, 0.509, 1.000, 1.000, 0.000, 0.000, 1.000, 0.000, 1.000, 0.000, 0.004, 0.005, 0.006, 0.004, 0.004, 0.005
2.160, -0.765, 0.723, 1.000, 1.000, 0.000, 0.000, 1.000, 0.000, 1.000, 0.000, 0.004, 0.005, 0.007, 0.004, 0.004, 0.005
2.180, -0.714, 0.830, 1.000, 1.000, 0.000, 0.000, 0.451, 0.000, 1.000, 0.000, 0.004, 0.005, 0.007, 0.004, 0.005, 0.005
2.200, -0.662, 0.866, 1.000, 1.000, 0.000, 0.000, 0.870, 0.000, 1.000, 0.000, 0.004, 0.005, 0.007, 0.004, 0.005, 0.005
2.220, -0.615, 0.875, 1.000, 1.000, 0.000, 0.000, 0.000, 0.000, 1.000, 0.000, 0.004, 0.005, 0.007, 0.004, 0.005, 0.005
2.240, -0.572, 0.875, 1.000, 1.000, 0.000, 0.000, 0.000, 0.000, 1.000, 0.000, 0.004, 0.005, 0.007, 0.004, 0.005, 0.005
2.260, -0.531, 0.872, 1.000, 1.000, 0.000, 0.000, 0.000, 0.000, 1.000, 0.000, 0.004, 0.006, 0.007, 0.005, 0.005, 0.005
2.280, -0.491, 0.868, 1.000, 1.000, 0.000, 0.000, 0.000, 0.000, 1.000, 0.000, 0.004, 0.006, 0.007, 0.005, 0.005, 0.005
2.300, -0.433, 0.869, 1.000, 1.000, 0.000, 1.000, 1.000, 0.000, 1.000, 0.000, 0.004, 0.006, 0.007, 0.004, 0.005, 0.005
2.320, -0.353, 0.870, 1.000, 1.000, 0.000, 1.000, 1.000, 0.000, 0.000, 0.000, 0.004, 0.006, 0.006, 0.004, 0.005, 0.006
2.340, -0.251, 0.864, 1.000, 1.000, 1.000, 1.000, 1.000, 1.000, 0.000, 0.000, 0.004, 0.005, 0.006, 0.004, 0.005, 0.006
2.360, -0.123, 0.853, 1.000, 1.000, 1.000, 0.000, 0.462, 1.000, 0.000, 0.000, 0.004, 0.005, 0.007, 0.004, 0.004, 0.006
2.380, 0.046, 0.837, 1.000, 1.000, 1.000, 0.000, 0.000, 1.000, 0.000, 0.000, 0.004, 0.005, 0.007, 0.004, 0.004, 0.006
2.400, 0.262, 0.811, 1.000, 1.000, 0.000, 0.000, 1.000, 1.000, 0.000, 0.000, 0.004, 0.005, 0.007, 0.004, 0.004, 0.007
2.420, 0.524, 0.782, 1.000, 1.000, 0.000, 0.000, 1.000, 0.000, 0.000, 0.000, 0.004, 0.006, 0.007, 0.004, 0.005, 0.007
2.440, 0.738, 0.736, 1.000, 1.000, 0.000, 1.000, 1.000, 0.000, 1.000, 0.000, 0.004, 0.006, 0.007, 0.004, 0.005, 0.006
2.460, 0.842, 0.670, 1.000, 1.000, 0.000, 1.000, 1.000, 0.000, 1.000, 0.000, 0.004, 0.006, 0.007, 0.004, 0.005, 0.006
2.480, 0.877, 0.601, 1.000, 1.000, 1.000, 1.000, 1.000, 1.000, 1.000, 0.000, 0.004, 0.006, 0.006, 0.004, 0.005, 0.006
2.500, 0.885, 0.534, 1.000, 0.296, 1.000, 1.000, 0.000, 1.000, 1.000, 0.704, 0.004, 0.005, 0.006, 0.004, 0.005, 0.006
2.520, 0.882, 0.457, 1.000, 1.000, 1.000, 1.000, 0.992, 1.000, 1.000, 0.000, 0.004, 0.005, 0.006, 0.004, 0.004, 0.006
2.540, 0.877, 0.371, 1.000, 1.000, 1.000, 1.000, 1.000, 1.000, 1.000, 0.000, 0.004, 0.005, 0.006, 0.004, 0.004, 0.005
2.560, 0.870, 0.268, 1.000, 0.000, 1.000, 1.000, 1.000, 0.917, 1.000, 1.000, 0.005, 0.005, 0.007, 0.004, 0.004, 0.005
2.580, 0.860, 0.131, 1.000, 0.000, 1.000, 1.000, 1.000, 1.000, 1.000, 1.000, 0.005, 0.005, 0.007, 0.004, 0.005, 0.006
2.600, 0.845, -0.059, 0.000, 1.000, 1.000, 1.000, 1.000, 0.000, 1.000, 1.000, 0.005, 0.006, 0.007, 0.004, 0.005, 0.006
2.620, 0.822, -0.308, 0.000, 1.000, 1.000, 1.000, 1.000, 1.000, 1.000, 1.000, 0.005, 0.006, 0.008, 0.005, 0.005, 0.007
2.640, 0.787, -0.580, 0.000, 0.000, 0.000, 1.000, 1.000, 1.000, 1.000, 0.000, 0.005, 0.006, 0.008, 0.005, 0.005, 0.007
2.660, 0.735, -0.775, 0.000, 0.000, 0.000, 1.000, 1.000, 0.000, 0.380, 0.000, 0.005, 0.005, 0.008, 0.005, 0.005, 0.007
2.680, 0.671, -0.859, 0.000, 0.000, 0.000, 1.000, 1.000, 0.000, 0.000, 0.000, 0.005, 0.005, 0.008, 0.005, 0.005, 0.006
2.700, 0.604, -0.883, 0.000, 0.000, 0.000, 1.000, 1.000, 0.000, 0.000, 0.000, 0.004, 0.005, 0.008, 0.005, 0.005, 0.006
2.720, 0.535, -0.887, 0.000, 0.000, 0.000, 1.000, 1.000, 0.000, 1.000, 0.000, 0.004, 0.005, 0.008, 0.005, 0.005, 0.006
2.740, 0.463, -0.883, 0.000, 0.000, 0.000, 1.000, 1.000, 0.000, 0.000, 0.000, 0.004, 0.005, 0.008, 0.006, 0.004, 0.006
2.760, 0.381, -0.878, 0.000, 0.000, 0.000, 1.000, 1.000, 0.000, 1.000, 0.000, 0.004, 0.005, 0.008, 0.006, 0.004, 0.007
2.780, 0.280, -0.871, 0.000, 0.000, 0.000, 1.000, 1.000, 0.000, 1.000, 0.000, 0.004, 0.005, 0.008, 0.006, 0.004, 0.007
2.800, 0.147, -0.861, 0.000, 0.000, 0.000, 1.000, 1.000, 0.000, 1.000, 0.000, 0.004, 0.005, 0.008, 0.006, 0.004, 0.007
2.820, -0.036, -0.847, 0.000, 0.000, 0.000, 1.000, 1.000, 0.000, 0.000, 0.000, 0.004, 0.005, 0.009, 0.006, 0.004, 0.007
2.840, -0.280, -0.826, 0.000, 0.000, 1.000, 1.000, 1.000, 0.000, 0.000, 0.000, 0.004, 0.006, 0.009, 0.006, 0.004, 0.006
2.860, -0.553, -0.793, 0.000, 0.000, 1.000, 0.000, 1.000, 1.000, 0.000, 0.000, 0.004, 0.006, 0.008, 0.006, 0.005, 0.006
2.880, -0.765, -0.736, 0.000, 1.000, 1.000, 0.000, 0.000, 1.000, 1.000, 1.000, 0.005, 0.006, 0.008, 0.006, 0.005, 0.007
2.900, -0.860, -0.659, 0.000, 1.000, 0.000, 1.000, 0.000, 1.000, 1.000, 1.000, 0.005, 0.006, 0.008, 0.005, 0.006, 0.007
2.920, -0.885, -0.578, 0.000, 1.000, 0.000, 1.000, 0.000, 1.000, 1.000, 1.000, 0.005, 0.006, 0.008, 0.005, 0.006, 0.007
2.940, -0.886, -0.496, 0.000, 1.000, 1.000, 1.000, 1.000, 1.000, 1.000, 1.000, 0.006, 0.006, 0.008, 0.006, 0.006, 0.007
2.960, -0.882, -0.410, 0.000, 1.000, 1.000, 0.000, 1.000, 0.000, 0.000, 1.000, 0.006, 0.006, 0.008, 0.006, 0.005, 0.007
2.980, -0.875, -0.307, 0.000, 1.000, 0.965, 1.000, 1.000, 0.000, 0.000, 1.000, 0.006, 0.006, 0.008, 0.006, 0.005, 0.007
3.000, -0.866, -0.176, 0.000, 1.000, 0.000, 1.000, 1.000, 0.000, 0.000, 1.000, 0.006, 0.007, 0.008, 0.006, 0.005, 0.007
3.020, -0.852, -0.002, 0.000, 1.000, 0.000, 1.000, 1.000, 1.000, 0.000, 1.000, 0.006, 0.007, 0.008, 0.005, 0.005, 0.008
3.040, -0.833, 0.232, 1.000, 1.000, 0.000, 1.000, 1.000, 1.000, 0.000, 0.000, 0.006, 0.007, 0.007, 0.005, 0.005, 0.008
3.060, -0.802, 0.505, 1.000, 1.000, 0.000, 1.000, 1.000, 1.000, 0.000, 0.000, 0.005, 0.007, 0.007, 0.005, 0.005, 0.008
3.080, -0.754, 0.731, 1.000, 0.000, 0.000, 1.000, 1.000, 0.000, 0.000, 1.000, 0.006, 0.007, 0.007, 0.005, 0.005, 0.008
3.100, -0.691, 0.844, 1.000, 0.000, 0.000, 1.000, 1.000, 0.000, 0.000, 1.000, 0.006, 0.007, 0.007, 0.005, 0.006, 0.008
3.120, -0.624, 0.880, 1.000, 0.000, 0.000, 1.000, 1.000, 0.000, 1.000, 1.000, 0.006, 0.007, 0.007, 0.005, 0.006, 0.008
3.140, -0.556, 0.887, 1.000, 0.000, 0.000, 1.000, 1.000, 0.000, 0.000, 1.000, 0.006, 0.007, 0.007, 0.005, 0.006, 0.008
3.160, -0.492, 0.883, 1.000, 1.000, 1.000, 1.000, 1.000, 0.000, 0.000, 0.000, 0.006, 0.007, 0.007, 0.005, 0.006, 0.008
3.180, -0.415, 0.879, 1.000, 0.075, 1.000, 0.000, 1.000, 0.000, 1.000, 0.925, 0.006, 0.006, 0.008, 0.005, 0.006, 0.008
3.200, -0.369, 0.859, 1.000, 1.000, 1.000, 0.000, 1.000, 0.000, 1.000, 0.000, 0.006, 0.006, 0.008, 0.005, 0.007, 0.007
3.220, -0.311, 0.850, 1.000, 1.000, 0.000, 0.000, 0.000, 1.000, 1.000, 0.000, 0.006, 0.007, 0.008, 0.006, 0.006, 0.007
3.240, -0.200, 0.855, 1.000, 1.000, 1.000, 0.000, 0.311, 1.000, 1.000, 0.000, 0.005, 0.007, 0.009, 0.006, 0.006, 0.007
3.260, -0.041, 0.849, 1.000, 0.000, 1.000, 0.000, 0.000, 1.000, 0.000, 1.000, 0.006, 0.006, 0.009, 0.006, 0.006, 0.008
3.280, 0.178, 0.834, 1.000, 0.000, 1.000, 0.000, 1.000, 1.000, 0.000, 1.000, 0.006, 0.006, 0.009, 0.006, 0.005, 0.008
3.300, 0.449, 0.807, 1.000, 0.000, 1.000, 0.000, 1.000, 0.000, 0.000, 1.000, 0.006, 0.006, 0.009, 0.005, 0.006, 0.008
3.320, 0.693, 0.763, 1.000, 0.000, 1.000, 0.088, 1.000, 0.000, 0.000, 1.000, 0.007, 0.006, 0.009, 0.005, 0.006, 0.008
3.340, 0.829, 0.703, 1.000, 0.000, 1.000, 0.000, 1.000, 0.000, 0.000, 1.000, 0.007, 0.006, 0.009, 0.005, 0.007, 0.008
3.360, 0.874, 0.629, 1.000, 1.000, 1.000, 0.000, 1.000, 1.000, 0.055, 0.000, 0.006, 0.006, 0.009, 0.005, 0.006, 0.009
3.380, 0.885, 0.559, 1.000, 1.000, 1.000, 1.000, 1.000, 1.000, 1.000, 0.000, 0.006, 0.006, 0.009, 0.005, 0.006, 0.008
3.400, 0.884, 0.489, 1.000, 0.000, 1.000, 1.000, 0.000, 1.000, 1.000, 1.000, 0.006, 0.006, 0.008, 0.006, 0.006, 0.008
3.420, 0.880, 0.412, 1.000, 0.000, 1.000, 1.000, 0.000, 1.000, 1.000, 1.000, 0.007, 0.006, 0.008, 0.006, 0.006, 0.008
3.440, 0.873, 0.318, 1.000, 0.000, 1.000, 1.000, 0.000, 1.000, 1.000, 1.000, 0.007, 0.006, 0.009, 0.006, 0.006, 0.008
3.460, 0.865, 0.199, 1.000, 0.000, 1.000, 1.000, 1.000, 1.000, 0.165, 1.000, 0.007, 0.006, 0.009, 0.006, 0.006, 0.008
3.480, 0.850, 0.027, 1.000, 1.000, 1.000, 1.000, 1.000, 1.000, 1.000, 0.000, 0.007, 0.007, 0.009, 0.006, 0.006, 0.008
3.500, 0.830, -0.198, 0.000, 1.000, 1.000, 1.000, 1.000, 0.000, 1.000, 1.000, 0.007, 0.007, 0.009, 0.007, 0.006, 0.009
3.520, 0.796, -0.462, 0.000, 1.000, 1.000, 1.000, 0.000, 0.000, 1.000, 1.000, 0.007, 0.007, 0.010, 0.006, 0.006, 0.009
3.540, 0.741, -0.684, 0.000, 1.000, 0.215, 1.000, 0.000, 0.000, 1.000, 1.000, 0.007, 0.007, 0.010, 0.006, 0.006, 0.009
3.560, 0.664, -0.803, 0.000, 1.000, 0.000, 0.000, 0.000, 0.000, 1.000, 1.000, 0.007, 0.007, 0.009, 0.006, 0.006, 0.009
3.580, 0.571, -0.845, 0.000, 1.000, 0.000, 0.000, 0.000, 0.000, 1.000, 1.000, 0.008, 0.006, 0.009, 0.006, 0.006, 0.009
3.600, 0.458, -0.852, 0.000, 1.000, 0.000, 0.000, 0.000, 0.000, 1.000, 1.000, 0.008, 0.006, 0.009, 0.006, 0.006, 0.009
3.620, 0.328, -0.849, 0.000, 1.000, 0.000, 1.000, 0.000, 0.000, 1.000, 1.000, 0.008, 0.006, 0.009, 0.005, 0.006, 0.009
3.640, 0.178, -0.845, 0.000, 1.000, 0.000, 1.000, 0.000, 0.000, 1.000, 1.000, 0.008, 0.006, 0.009, 0.005, 0.005, 0.009
3.660, -0.022, -0.834, 0.000, 1.000, 0.000, 1.000, 0.000, 0.000, 1.000, 1.000, 0.008, 0.006, 0.010, 0.005, 0.005, 0.009
3.680, -0.334, -0.795, 0.000, 1.000, 0.000, 0.000, 0.000, 0.000, 1.000, 1.000, 0.008, 0.006, 0.009, 0.005, 0.005, 0.010
3.700, -0.621, -0.755, 0.000, 1.000, 0.092, 0.000, 0.000, 0.000, 1.000, 1.000, 0.008, 0.006, 0.009, 0.005, 0.005, 0.010
3.720, -0.812, -0.678, 0.000, 1.000, 0.000, 0.000, 0.000, 1.000, 1.000, 1.000, 0.008, 0.006, 0.009, 0.005, 0.006, 0.010
3.740, -0.872, -0.602, 0.000, 1.000, 1.000, 0.000, 1.000, 1.000, 0.000, 1.000, 0.008, 0.007, 0.009, 0.006, 0.006, 0.009
3.760, -0.883, -0.536, 0.000, 0.000, 1.000, 1.000, 0.000, 1.000, 1.000, 0.000, 0.008, 0.007, 0.009, 0.006, 0.007, 0.009
3.780, -0.882, -0.465, 0.000, 0.000, 1.000, 1.000, 1.000, 0.000, 1.000, 0.000, 0.007, 0.007, 0.010, 0.006, 0.006, 0.009
3.800, -0.878, -0.383, 0.000, 0.000, 1.000, 1.000, 1.000, 0.000, 1.000, 0.000, 0.007, 0.007, 0.010, 0.006, 0.006, 0.009
3.820, -0.871, -0.283, 0.000, 0.000, 1.000, 1.000, 1.000, 1.000, 1.000, 0.000, 0.007, 0.008, 0.010, 0.007, 0.006, 0.009
3.840, -0.866, -0.127, 0.000, 1.000, 0.000, 0.000, 1.000, 1.000, 1.000, 1.000, 0.008, 0.007, 0.009, 0.007, 0.007, 0.009
3.860, -0.854, 0.076, 1.000, 1.000, 0.000, 0.000, 1.000, 0.000, 1.000, 0.000, 0.007, 0.007, 0.010, 0.007, 0.006, 0.008
3.880, -0.833, 0.327, 1.000, 1.000, 0.000, 0.000, 1.000, 0.000, 1.000, 0.000, 0.007, 0.007, 0.010, 0.007, 0.006, 0.008
3.900, -0.801, 0.583, 1.000, 1.000, 0.000, 0.000, 1.000, 0.000, 1.000, 0.000, 0.007, 0.007, 0.010, 0.007, 0.007, 0.008
3.920, -0.758, 0.759, 1.000, 1.000, 0.000, 0.000, 1.000, 0.000, 1.000, 0.000, 0.007, 0.007, 0.010, 0.006, 0.007, 0.008
3.940, -0.714, 0.835, 1.000, 1.000, 0.000, 0.000, 0.000, 0.000, 1.000, 0.000, 0.007, 0.008, 0.010, 0.007, 0.007, 0.008
3.960, -0.669, 0.863, 1.000, 1.000, 0.000, 1.000, 0.000, 0.000, 1.000, 0.000, 0.007, 0.008, 0.010, 0.007, 0.007, 0.008
3.980, -0.630, 0.869, 1.000, 1.000, 0.000, 1.000, 0.000, 0.000, 1.000, 0.000, 0.007, 0.008, 0.010, 0.007, 0.007, 0.008
4.000, -0.600, 0.867, 1.000, 1.000, 0.000, 0.000, 0.000, 0.000, 1.000, 0.000, 0.007, 0.008, 0.010, 0.007, 0.007, 0.008
4.020, -0.572, 0.866, 1.000, 1.000, 0.000, 1.000, 0.000, 0.000, 1.000, 0.000, 0.007, 0.008, 0.010, 0.007, 0.008, 0.008
4.040, -0.549, 0.862, 1.000, 1.000, 0.000, 0.950, 1.000, 0.000, 1.000, 0.000, 0.007, 0.008, 0.009, 0.007, 0.008, 0.008
4.060, -0.497, 0.871, 1.000, 1.000, 1.000, 1.000, 1.000, 0.000, 0.000, 0.000, 0.007, 0.008, 0.009, 0.007, 0.008, 0.009
4.080, -0.424, 0.876, 1.000, 0.000, 1.000, 1.000, 1.000, 1.000, 0.000, 1.000, 0.007, 0.007, 0.009, 0.006, 0.007, 0.009
4.100, -0.335, 0.873, 1.000, 0.000, 1.000, 1.000, 1.000, 1.000, 0.000, 1.000, 0.008, 0.007, 0.009, 0.006, 0.007, 0.009
4.120, -0.220, 0.866, 1.000, 0.000, 1.000, 0.000, 0.000, 1.000, 0.000, 1.000, 0.008, 0.007, 0.010, 0.007, 0.007, 0.010
4.140, -0.066, 0.855, 1.000, 0.000, 1.000, 0.000, 0.000, 1.000, 0.000, 1.000, 0.008, 0.007, 0.010, 0.007, 0.007, 0.010
4.160, 0.146, 0.838, 1.000, 0.000, 1.000, 0.000, 0.000, 1.000, 0.000, 1.000, 0.008, 0.007, 0.010, 0.007, 0.007, 0.010
4.180, 0.413, 0.812, 1.000, 0.000, 1.000, 0.000, 1.000, 1.000, 0.000, 1.000, 0.008, 0.007, 0.010, 0.007, 0.006, 0.010
4.200, 0.667, 0.770, 1.000, 0.000, 1.000, 0.038, 1.000, 0.000, 0.000, 1.000, 0.009, 0.007, 0.011, 0.007, 0.007, 0.010
4.220, 0.818, 0.712, 1.000, 0.000, 1.000, 0.000, 1.000, 0.000, 0.000, 1.000, 0.009, 0.007, 0.011, 0.007, 0.007, 0.010
4.240, 0.873, 0.646, 1.000, 0.000, 1.000, 0.000, 1.000, 0.000, 0.000, 1.000, 0.009, 0.007, 0.011, 0.007, 0.008, 0.010
4.260, 0.885, 0.568, 1.000, 1.000, 1.000, 1.000, 1.000, 1.000, 1.000, 0.000, 0.008, 0.007, 0.010, 0.006, 0.007, 0.010
4.280, 0.885, 0.499, 1.000, 0.000, 1.000, 1.000, 0.000, 1.000, 1.000, 1.000, 0.008, 0.007, 0.010, 0.007, 0.007, 0.009
4.300, 0.881, 0.422, 1.000, 0.000, 1.000, 1.000, 0.000, 1.000, 1.000, 1.000, 0.009, 0.007, 0.010, 0.007, 0.007, 0.009
4.320, 0.874, 0.331, 1.000, 0.000, 1.000, 1.000, 0.000, 1.000, 1.000, 1.000, 0.009, 0.007, 0.010, 0.008, 0.007, 0.009
4.340, 0.866, 0.216, 1.000, 0.000, 1.000, 1.000, 1.000, 1.000, 0.000, 1.000, 0.009, 0.007, 0.011, 0.007, 0.007, 0.009
4.360, 0.855, 0.059, 1.000, 0.000, 1.000, 1.000, 1.000, 0.426, 0.000, 1.000, 0.009, 0.007, 0.011, 0.007, 0.007, 0.009
4.380, 0.838, -0.155, 0.000, 0.000, 0.000, 1.000, 1.000, 0.000, 0.000, 0.000, 0.009, 0.007, 0.011, 0.007, 0.007, 0.009
4.400, 0.811, -0.423, 0.000, 0.000, 0.000, 1.000, 1.000, 0.000, 0.000, 0.000, 0.008, 0.007, 0.011, 0.008, 0.007, 0.009
4.420, 0.768, -0.675, 0.000, 0.000, 0.000, 1.000, 1.000, 0.000, 0.000, 0.000, 0.008, 0.007, 0.011, 0.008, 0.007, 0.009
4.440, 0.710, -0.821, 0.000, 0.000, 0.000, 1.000, 1.000, 0.000, 0.000, 0.000, 0.008, 0.007, 0.011, 0.008, 0.007, 0.009
4.460, 0.643, -0.874, 0.000, 0.000, 0.000, 1.000, 1.000, 0.000, 0.000, 0.000, 0.008, 0.007, 0.011, 0.008, 0.007, 0.009
4.480, 0.576, -0.886, 0.000, 0.000, 0.000, 1.000, 1.000, 1.000, 0.000, 0.000, 0.008, 0.007, 0.011, 0.008, 0.007, 0.009
4.500, 0.507, -0.886, 0.000, 0.000, 0.000, 1.000, 1.000, 1.000, 0.000, 0.000, 0.008, 0.007, 0.011, 0.008, 0.007, 0.009
4.520, 0.431, -0.881, 0.000, 0.000, 0.000, 1.000, 1.000, 1.000, 1.000, 0.000, 0.008, 0.007, 0.012, 0.008, 0.008, 0.009
4.540, 0.342, -0.875, 0.000, 0.000, 0.000, 1.000, 1.000, 1.000, 1.000, 0.000, 0.008, 0.007, 0.012, 0.009, 0.008, 0.010
4.560, 0.230, -0.867, 0.000, 0.000, 0.000, 1.000, 0.000, 1.000, 0.000, 0.000, 0.008, 0.007, 0.012, 0.008, 0.008, 0.009
4.580, 0.079, -0.856, 0.000, 0.000, 0.000, 1.000, 1.000, 1.000, 0.000, 0.000, 0.008, 0.007, 0.012, 0.008, 0.008, 0.009
4.600, -0.128, -0.840, 0.000, 0.000, 1.000, 0.770, 1.000, 0.000, 0.000, 0.000, 0.008, 0.007, 0.012, 0.009, 0.008, 0.009
4.620, -0.437, -0.797, 0.000, 1.000, 0.000, 0.000, 1.000, 0.000, 0.000, 1.000, 0.008, 0.007, 0.012, 0.009, 0.007, 0.009
4.640, -0.688, -0.755, 0.000, 1.000, 0.000, 0.205, 1.000, 0.000, 0.000, 1.000, 0.009, 0.007, 0.012, 0.009, 0.007, 0.009
4.660, -0.839, -0.670, 0.000, 1.000, 0.000, 1.000, 1.000, 0.000, 1.000, 1.000, 0.009, 0.007, 0.011, 0.009, 0.007, 0.009
4.680, -0.878, -0.601, 0.000, 1.000, 1.000, 1.000, 0.000, 1.000, 1.000, 1.000, 0.009, 0.007, 0.011, 0.008, 0.008, 0.010
4.700, -0.886, -0.520, 0.000, 1.000, 0.000, 1.000, 1.000, 0.890, 0.000, 1.000, 0.009, 0.007, 0.011, 0.009, 0.008, 0.009
4.720, -0.884, -0.426, 0.000, 1.000, 0.000, 1.000, 1.000, 1.000, 0.000, 1.000, 0.009, 0.007, 0.011, 0.009, 0.008, 0.009
4.740, -0.877, -0.319, 0.000, 1.000, 0.000, 1.000, 1.000, 1.000, 0.000, 1.000, 0.009, 0.007, 0.011, 0.009, 0.008, 0.009
4.760, -0.868, -0.189, 0.000, 1.000, 0.000, 1.000, 1.000, 1.000, 0.000, 1.000, 0.009, 0.007, 0.011, 0.009, 0.008, 0.009
4.780, -0.855, -0.015, 0.000, 1.000, 0.000, 1.000, 1.000, 1.000, 0.000, 1.000, 0.010, 0.007, 0.011, 0.008, 0.008, 0.010
4.800, -0.837, 0.215, 1.000, 1.000, 0.000, 1.000, 1.000, 0.000, 0.000, 0.000, 0.009, 0.008, 0.010, 0.008, 0.008, 0.010
4.820, -0.808, 0.485, 1.000, 1.000, 0.000, 1.000, 1.000, 0.000, 0.000, 0.000, 0.009, 0.008, 0.010, 0.008, 0.008, 0.010
4.840, -0.764, 0.712, 1.000, 1.000, 0.000, 1.000, 1.000, 1.000, 0.000, 0.000, 0.008, 0.008, 0.010, 0.008, 0.008, 0.010
4.860, -0.711, 0.829, 1.000, 1.000, 0.000, 1.000, 1.000, 1.000, 0.000, 0.000, 0.008, 0.008, 0.010, 0.008, 0.008, 0.010
4.880, -0.658, 0.867, 1.000, 1.000, 0.000, 1.000, 1.000, 1.000, 0.000, 0.000, 0.008, 0.008, 0.010, 0.008, 0.007, 0.010
4.900, -0.601, 0.880, 1.000, 1.000, 1.000, 1.000, 0.150, 1.000, 0.000, 0.000, 0.008, 0.008, 0.010, 0.008, 0.007, 0.011
4.920, -0.533, 0.885, 1.000, 0.000, 1.000, 0.000, 1.000, 1.000, 1.000, 1.000, 0.009, 0.008, 0.011, 0.008, 0.007, 0.010
4.940, -0.473, 0.879, 1.000, 1.000, 1.000, 0.000, 1.000, 0.000, 1.000, 0.000, 0.009, 0.007, 0.011, 0.008, 0.008, 0.010
4.960, -0.439, 0.862, 1.000, 1.000, 0.000, 1.000, 1.000, 0.000, 1.000, 0.000, 0.008, 0.008, 0.011, 0.008, 0.008, 0.009
4.980, -0.373, 0.864, 1.000, 1.000, 0.000, 1.000, 1.000, 0.000, 0.754, 0.000, 0.008, 0.008, 0.011, 0.008, 0.008, 0.010
5.000, -0.309, 0.855, 1.000, 1.000, 0.000, 1.000, 1.000, 1.000, 1.000, 0.000, 0.008, 0.008, 0.011, 0.008, 0.008, 0.009
5.020, -0.237, 0.844, 1.000, 1.000, 1.000, 0.000, 0.000, 1.000, 1.000, 0.000, 0.008, 0.008, 0.011, 0.008, 0.008, 0.009
5.040, -0.096, 0.848, 1.000, 0.000, 1.000, 0.000, 0.000, 1.000, 0.000, 1.000, 0.009, 0.008, 0.011, 0.009, 0.008, 0.010
5.060, 0.103, 0.838, 1.000, 0.000, 1.000, 0.000, 0.000, 1.000, 0.000, 1.000, 0.009, 0.007, 0.012, 0.009, 0.008, 0.010
5.080, 0.361, 0.816, 1.000, 0.000, 1.000, 0.000, 0.000, 1.000, 0.000, 1.000, 0.009, 0.007, 0.012, 0.009, 0.007, 0.010
5.100, 0.626, 0.778, 1.000, 0.000, 1.000, 0.019, 0.000, 1.000, 0.000, 1.000, 0.010, 0.007, 0.012, 0.009, 0.007, 0.011
5.120, 0.795, 0.719, 1.000, 1.000, 1.000, 0.018, 1.000, 1.000, 0.000, 0.000, 0.009, 0.007, 0.012, 0.009, 0.007, 0.011
5.140, 0.860, 0.635, 1.000, 1.000, 1.000, 0.000, 1.000, 1.000, 0.000, 0.000, 0.009, 0.007, 0.012, 0.008, 0.007, 0.011
5.160, 0.880, 0.557, 1.000, 1.000, 1.000, 0.000, 1.000, 1.000, 0.000, 0.000, 0.009, 0.007, 0.012, 0.008, 0.007, 0.011
5.180, 0.881, 0.471, 1.000, 1.000, 1.000, 0.000, 1.000, 1.000, 1.000, 0.000, 0.008, 0.007, 0.012, 0.008, 0.007, 0.010
5.200, 0.877, 0.389, 1.000, 1.000, 1.000, 1.000, 0.000, 0.000, 1.000, 0.000, 0.008, 0.007, 0.012, 0.009, 0.008, 0.010
5.220, 0.871, 0.290, 1.000, 0.000, 0.000, 1.000, 0.000, 1.000, 1.000, 1.000, 0.009, 0.008, 0.012, 0.009, 0.008, 0.010
5.240, 0.862, 0.161, 1.000, 0.000, 1.000, 1.000, 0.000, 1.000, 0.897, 1.000, 0.009, 0.007, 0.012, 0.009, 0.008, 0.010
5.260, 0.847, -0.019, 0.000, 1.000, 0.000, 1.000, 1.000, 0.192, 0.000, 1.000, 0.010, 0.007, 0.012, 0.009, 0.008, 0.010
5.280, 0.828, -0.258, 0.000, 0.000, 0.000, 1.000, 1.000, 0.000, 0.000, 0.000, 0.009, 0.007, 0.012, 0.009, 0.008, 0.010
5.300, 0.796, -0.532, 0.000, 0.000, 0.000, 1.000, 1.000, 0.000, 1.000, 0.000, 0.009, 0.007, 0.012, 0.009, 0.008, 0.010
5.320, 0.746, -0.748, 0.000, 0.000, 0.000, 1.000, 1.000, 0.000, 0.000, 0.000, 0.009, 0.007, 0.013, 0.010, 0.007, 0.010
5.340, 0.683, -0.850, 0.000, 0.000, 0.000, 1.000, 1.000, 0.000, 0.000, 0.000, 0.009, 0.007, 0.013, 0.010, 0.007, 0.010
5.360, 0.616, -0.881, 0.000, 0.000, 0.000, 1.000, 1.000, 0.000, 0.000, 0.000, 0.009, 0.007, 0.013, 0.010, 0.007, 0.010
5.380, 0.548, -0.887, 0.000, 0.000, 0.000, 1.000, 1.000, 0.000, 0.000, 0.000, 0.008, 0.007, 0.013, 0.010, 0.007, 0.010
5.400, 0.477, -0.884, 0.000, 0.000, 0.000, 1.000, 1.000, 0.000, 1.000, 0.000, 0.008, 0.007, 0.013, 0.010, 0.007, 0.010
5.420, 0.397, -0.879, 0.000, 0.000, 0.000, 1.000, 1.000, 0.000, 1.000, 0.000, 0.008, 0.007, 0.013, 0.010, 0.007, 0.011
5.440, 0.299, -0.872, 0.000, 0.468, 0.078, 1.000, 0.000, 0.000, 1.000, 0.468, 0.009, 0.007, 0.013, 0.010, 0.007, 0.011
5.460, 0.173, -0.863, 0.000, 0.000, 0.000, 1.000, 0.000, 0.000, 1.000, 0.000, 0.009, 0.007, 0.013, 0.009, 0.007, 0.011
5.480, 0.000, -0.850, 0.000, 0.000, 0.000, 1.000, 0.000, 0.039, 1.000, 0.000, 0.008, 0.007, 0.013, 0.009, 0.007, 0.011
5.500, -0.233, -0.831, 0.000, 0.000, 0.000, 1.000, 1.000, 0.000, 0.000, 0.000, 0.008, 0.007, 0.013, 0.009, 0.007, 0.011
5.520, -0.540, -0.784, 0.000, 1.000, 1.000, 0.000, 1.000, 0.000, 0.000, 1.000, 0.009, 0.008, 0.013, 0.010, 0.007, 0.010
5.540, -0.751, -0.738, 0.000, 0.000, 1.000, 0.000, 0.000, 1.000, 0.000, 0.000, 0.009, 0.008, 0.013, 0.009, 0.008, 0.010
5.560, -0.851, -0.677, 0.000, 0.000, 1.000, 0.000, 0.000, 1.000, 0.000, 0.000, 0.009, 0.008, 0.013, 0.009, 0.008, 0.010
5.580, -0.881, -0.610, 0.000, 0.000, 1.000, 1.000, 0.000, 1.000, 1.000, 0.000, 0.008, 0.008, 0.013, 0.010, 0.008, 0.011
5.600, -0.886, -0.540, 0.000, 1.000, 1.000, 1.000, 1.000, 1.000, 0.000, 1.000, 0.009, 0.008, 0.013, 0.009, 0.009, 0.010
5.620, -0.885, -0.446, 0.000, 1.000, 0.571, 1.000, 1.000, 0.000, 0.000, 1.000, 0.009, 0.008, 0.012, 0.009, 0.008, 0.010
5.640, -0.880, -0.339, 0.000, 1.000, 0.000, 1.000, 1.000, 0.000, 0.000, 1.000, 0.010, 0.008, 0.012, 0.009, 0.008, 0.011
5.660, -0.871, -0.206, 0.000, 1.000, 0.000, 1.000, 1.000, 0.000, 0.000, 1.000, 0.010, 0.008, 0.012, 0.009, 0.008, 0.011
5.680, -0.858, -0.037, 0.000, 1.000, 0.000, 1.000, 1.000, 0.000, 0.000, 1.000, 0.010, 0.008, 0.012, 0.009, 0.009, 0.011
5.700, -0.838, 0.187, 1.000, 1.000, 0.000, 1.000, 1.000, 0.000, 0.000, 0.000, 0.009, 0.008, 0.012, 0.009, 0.009, 0.011
5.720, -0.808, 0.460, 1.000, 0.000, 0.000, 1.000, 1.000, 0.000, 0.000, 1.000, 0.010, 0.009, 0.012, 0.009, 0.009, 0.011
5.740, -0.763, 0.701, 1.000, 0.000, 0.000, 1.000, 1.000, 0.000, 0.000, 1.000, 0.010, 0.009, 0.012, 0.009, 0.009, 0.011
5.760, -0.702, 0.832, 1.000, 0.000, 0.000, 1.000, 1.000, 1.000, 1.000, 1.000, 0.010, 0.009, 0.012, 0.009, 0.008, 0.011
5.780, -0.635, 0.877, 1.000, 0.000, 0.000, 1.000, 1.000, 1.000, 0.000, 1.000, 0.010, 0.009, 0.012, 0.009, 0.008, 0.011
5.800, -0.567, 0.886, 1.000, 0.000, 0.000, 1.000, 1.000, 0.000, 0.000, 1.000, 0.010, 0.009, 0.012, 0.009, 0.009, 0.011
5.820, -0.554, 0.862, 1.000, 1.000, 1.000, 1.000, 1.000, 0.000, 1.000, 0.000, 0.010, 0.009, 0.012, 0.009, 0.009, 0.011
5.840, -0.543, 0.855, 1.000, 1.000, 1.000, 0.000, 1.000, 1.000, 1.000, 0.000, 0.009, 0.008, 0.012, 0.009, 0.008, 0.011
5.860, -0.478, 0.874, 1.000, 0.000, 1.000, 0.000, 1.000, 1.000, 0.000, 1.000, 0.010, 0.008, 0.013, 0.009, 0.008, 0.011
5.880, -0.401, 0.876, 1.000, 0.000, 1.000, 0.000, 0.000, 1.000, 1.000, 1.000, 0.010, 0.008, 0.013, 0.009, 0.008, 0.011
5.900, -0.305, 0.871, 1.000, 0.000, 1.000, 0.000, 0.000, 1.000, 0.581, 1.000, 0.010, 0.008, 0.013, 0.010, 0.008, 0.011
5.920, -0.182, 0.863, 1.000, 0.000, 1.000, 1.000, 0.000, 1.000, 0.000, 1.000, 0.010, 0.008, 0.013, 0.010, 0.008, 0.011
5.940, -0.013, 0.851, 1.000, 0.000, 1.000, 1.000, 0.000, 1.000, 0.000, 1.000, 0.011, 0.008, 0.012, 0.010, 0.008, 0.012
5.960, 0.100, 0.793, 1.000, 1.000, 0.000, 0.000, 0.000, 1.000, 0.000, 0.000, 0.010, 0.008, 0.013, 0.010, 0.008, 0.012
5.980, 0.285, 0.770, 1.000, 1.000, 0.000, 0.000, 0.000, 1.000, 0.000, 0.000, 0.010, 0.009, 0.013, 0.010, 0.008, 0.012
6.000, 0.512, 0.742, 1.000, 1.000, 1.000, 0.000, 0.000, 0.000, 0.384, 0.000, 0.010, 0.008, 0.013, 0.010, 0.008, 0.012
6.020, 0.709, 0.695, 1.000, 1.000, 1.000, 0.000, 0.000, 1.000, 0.042, 0.000, 0.009, 0.008, 0.013, 0.010, 0.008, 0.012
6.040, 0.819, 0.626, 1.000, 1.000, 1.000, 0.000, 0.136, 1.000, 0.000, 0.000, 0.009, 0.008, 0.013, 0.010, 0.008, 0.012
6.060, 0.863, 0.551, 1.000, 1.000, 1.000, 0.000, 0.000, 1.000, 0.037, 0.000, 0.009, 0.008, 0.014, 0.011, 0.008, 0.012
6.080, 0.877, 0.484, 1.000, 0.909, 1.000, 1.000, 0.000, 1.000, 1.000, 0.091, 0.009, 0.008, 0.013, 0.011, 0.008, 0.012
6.100, 0.877, 0.407, 1.000, 0.000, 1.000, 1.000, 1.000, 1.000, 1.000, 1.000, 0.010, 0.008, 0.013, 0.010, 0.008, 0.012
6.120, 0.872, 0.313, 1.000, 0.000, 1.000, 1.000, 1.000, 1.000, 1.000, 1.000, 0.010, 0.008, 0.012, 0.010, 0.008, 0.012
6.140, 0.858, 0.159, 1.000, 1.000, 0.000, 1.000, 0.000, 0.000, 1.000, 0.000, 0.010, 0.008, 0.013, 0.010, 0.008, 0.012
6.160, 0.839, -0.034, 0.000, 1.000, 0.000, 0.091, 0.000, 0.000, 1.000, 1.000, 0.010, 0.008, 0.013, 0.009, 0.008, 0.012
6.180, 0.810, -0.272, 0.000, 1.000, 0.000, 0.180, 0.000, 0.000, 1.000, 1.000, 0.010, 0.008, 0.013, 0.009, 0.008, 0.012
6.200, 0.766, -0.521, 0.000, 1.000, 0.000, 0.000, 0.000, 0.000, 1.000, 1.000, 0.011, 0.008, 0.012, 0.009, 0.008, 0.013
6.220, 0.704, -0.712, 0.000, 1.000, 0.000, 1.000, 0.000, 0.000, 1.000, 1.000, 0.011, 0.008, 0.013, 0.009, 0.008, 0.013
6.240, 0.615, -0.804, 0.000, 1.000, 0.000, 0.000, 0.000, 0.000, 1.000, 1.000, 0.011, 0.008, 0.013, 0.009, 0.008, 0.013
6.260, 0.514, -0.839, 0.000, 1.000, 0.000, 1.000, 0.000, 0.000, 1.000, 1.000, 0.011, 0.008, 0.013, 0.009, 0.008, 0.013
6.280, 0.407, -0.851, 0.000, 1.000, 0.000, 1.000, 0.000, 0.000, 1.000, 1.000, 0.011, 0.008, 0.013, 0.009, 0.008, 0.013
6.300, 0.271, -0.848, 0.000, 1.000, 0.000, 1.000, 0.000, 0.000, 1.000, 1.000, 0.011, 0.008, 0.013, 0.009, 0.008, 0.013
6.320, 0.060, -0.828, 0.000, 1.000, 0.000, 1.000, 0.000, 0.000, 1.000, 1.000, 0.011, 0.008, 0.014, 0.009, 0.008, 0.013
6.340, -0.263, -0.787, 0.000, 1.000, 0.000, 0.865, 0.000, 0.000, 1.000, 1.000, 0.011, 0.008, 0.014, 0.009, 0.008, 0.013
6.360, -0.568, -0.752, 0.000, 1.000, 0.000, 1.000, 0.000, 0.000, 1.000, 1.000, 0.011, 0.008, 0.014, 0.009, 0.008, 0.013
6.380, -0.792, -0.675, 0.000, 1.000, 0.000, 0.000, 0.000, 0.000, 1.000, 1.000, 0.011, 0.008, 0.013, 0.009, 0.008, 0.013
6.400, -0.862, -0.616, 0.000, 1.000, 0.000, 0.000, 1.000, 0.000, 1.000, 1.000, 0.011, 0.008, 0.013, 0.010, 0.008, 0.013
6.420, -0.883, -0.534, 0.000, 1.000, 0.000, 1.000, 0.000, 1.000, 0.000, 1.000, 0.012, 0.008, 0.013, 0.009, 0.008, 0.013
6.440, -0.882, -0.462, 0.000, 0.000, 1.000, 0.000, 0.000, 1.000, 0.000, 0.000, 0.011, 0.008, 0.013, 0.009, 0.008, 0.013
6.460, -0.877, -0.380, 0.000, 0.000, 1.000, 0.000, 0.000, 1.000, 1.000, 0.000, 0.011, 0.008, 0.013, 0.009, 0.009, 0.013
6.480, -0.870, -0.279, 0.000, 0.000, 1.000, 0.000, 0.000, 1.000, 1.000, 0.000, 0.011, 0.009, 0.013, 0.009, 0.009, 0.012
6.500, -0.866, -0.120, 0.000, 1.000, 1.000, 1.000, 1.000, 1.000, 0.000, 1.000, 0.011, 0.009, 0.013, 0.010, 0.009, 0.013
6.520, -0.853, 0.085, 1.000, 1.000, 1.000, 0.000, 1.000, 0.000, 1.000, 0.000, 0.011, 0.009, 0.013, 0.010, 0.009, 0.012
6.540, -0.835, 0.335, 1.000, 1.000, 0.825, 0.000, 1.000, 0.000, 1.000, 0.000, 0.011, 0.009, 0.013, 0.010, 0.008, 0.012
6.560, -0.806, 0.582, 1.000, 1.000, 0.000, 0.000, 1.000, 0.000, 1.000, 0.000, 0.010, 0.009, 0.014, 0.010, 0.009, 0.012
6.580, -0.768, 0.748, 1.000, 1.000, 0.000, 0.000, 1.000, 0.000, 1.000, 0.000, 0.010, 0.009, 0.014, 0.010, 0.009, 0.012
6.600, -0.730, 0.823, 1.000, 1.000, 0.000, 0.000, 0.000, 0.000, 1.000, 0.000, 0.010, 0.009, 0.014, 0.010, 0.009, 0.012
6.620, -0.696, 0.849, 1.000, 1.000, 0.000, 0.000, 0.000, 0.000, 1.000, 0.000, 0.010, 0.009, 0.014, 0.010, 0.009, 0.012
6.640, -0.668, 0.857, 1.000, 1.000, 0.000, 0.000, 0.000, 0.000, 1.000, 0.000, 0.010, 0.009, 0.014, 0.011, 0.009, 0.012
6.660, -0.637, 0.863, 1.000, 1.000, 0.000, 1.000, 0.000, 0.000, 1.000, 0.000, 0.010, 0.010, 0.014, 0.011, 0.010, 0.012
6.680, -0.615, 0.862, 1.000, 1.000, 0.312, 1.000, 0.000, 0.000, 1.000, 0.000, 0.010, 0.009, 0.013, 0.011, 0.010, 0.012
6.700, -0.599, 0.858, 1.000, 1.000, 1.000, 0.317, 1.000, 0.000, 1.000, 0.000, 0.010, 0.009, 0.013, 0.010, 0.010, 0.012
6.720, -0.545, 0.875, 1.000, 1.000, 1.000, 1.000, 1.000, 0.000, 0.000, 0.000, 0.010, 0.009, 0.013, 0.010, 0.010, 0.012
6.740, -0.476, 0.880, 1.000, 0.000, 1.000, 1.000, 1.000, 1.000, 0.000, 1.000, 0.011, 0.009, 0.013, 0.010, 0.009, 0.013
6.760, -0.416, 0.872, 1.000, 1.000, 1.000, 1.000, 1.000, 1.000, 0.000, 0.000, 0.010, 0.008, 0.013, 0.010, 0.009, 0.013
6.780, -0.361, 0.860, 1.000, 1.000, 0.652, 1.000, 0.000, 1.000, 0.000, 0.000, 0.010, 0.009, 0.013, 0.010, 0.009, 0.013
6.800, -0.297, 0.852, 1.000, 1.000, 0.624, 1.000, 1.000, 1.000, 0.000, 0.000, 0.010, 0.009, 0.013, 0.010, 0.009, 0.013
6.820, -0.182, 0.854, 1.000, 1.000, 1.000, 1.000, 1.000, 1.000, 0.000, 0.000, 0.010, 0.008, 0.013, 0.010, 0.009, 0.013
6.840, -0.015, 0.847, 1.000, 0.000, 1.000, 0.000, 0.000, 1.000, 0.000, 1.000, 0.011, 0.008, 0.013, 0.010, 0.008, 0.013
6.860, 0.131, 0.804, 1.000, 1.000, 0.001, 0.000, 0.630, 1.000, 0.000, 0.000, 0.010, 0.009, 0.014, 0.010, 0.008, 0.013
6.880, 0.330, 0.774, 1.000, 1.000, 0.000, 0.000, 0.000, 1.000, 0.000, 0.000, 0.010, 0.009, 0.014, 0.011, 0.008, 0.013
6.900, 0.558, 0.738, 1.000, 1.000, 0.000, 0.000, 0.000, 1.000, 0.000, 0.000, 0.010, 0.009, 0.014, 0.011, 0.008, 0.014
6.920, 0.740, 0.685, 1.000, 1.000, 0.000, 0.000, 0.000, 1.000, 0.000, 0.000, 0.010, 0.010, 0.014, 0.011, 0.008, 0.014
6.940, 0.837, 0.623, 1.000, 1.000, 0.000, 1.000, 0.000, 1.000, 1.000, 0.000, 0.010, 0.010, 0.014, 0.011, 0.008, 0.013
6.960, 0.870, 0.548, 1.000, 1.000, 0.980, 1.000, 0.000, 1.000, 1.000, 0.000, 0.010, 0.009, 0.013, 0.011, 0.008, 0.013
6.980, 0.879, 0.481, 1.000, 0.000, 1.000, 1.000, 0.000, 1.000, 1.000, 1.000, 0.010, 0.009, 0.013, 0.011, 0.008, 0.013
7.000, 0.876, 0.386, 1.000, 1.000, 1.000, 1.000, 0.000, 1.000, 1.000, 0.000, 0.010, 0.009, 0.014, 0.011, 0.008, 0.012
7.020, 0.865, 0.253, 1.000, 1.000, 1.000, 1.000, 0.000, 1.000, 1.000, 0.000, 0.010, 0.009, 0.014, 0.011, 0.008, 0.013
7.040, 0.852, 0.094, 1.000, 1.000, 1.000, 0.000, 0.000, 1.000, 1.000, 0.000, 0.010, 0.009, 0.014, 0.011, 0.009, 0.013
7.060, 0.837, -0.109, 0.000, 1.000, 1.000, 1.000, 1.000, 1.000, 1.000, 1.000, 0.011, 0.010, 0.014, 0.011, 0.009, 0.013
7.080, 0.806, -0.362, 0.000, 1.000, 0.000, 1.000, 1.000, 0.000, 1.000, 1.000, 0.011, 0.009, 0.014, 0.011, 0.009, 0.014
7.100, 0.747, -0.592, 0.000, 1.000, 0.000, 0.000, 1.000, 0.000, 1.000, 1.000, 0.011, 0.009, 0.014, 0.011, 0.009, 0.014
7.120, 0.674, -0.749, 0.000, 1.000, 0.000, 0.000, 0.000, 0.000, 1.000, 1.000, 0.011, 0.009, 0.013, 0.011, 0.008, 0.014
7.140, 0.568, -0.811, 0.000, 1.000, 0.000, 0.000, 0.000, 0.000, 1.000, 1.000, 0.011, 0.009, 0.013, 0.011, 0.008, 0.014
7.160, 0.427, -0.824, 0.000, 1.000, 0.000, 0.000, 0.000, 0.000, 1.000, 1.000, 0.011, 0.009, 0.013, 0.011, 0.008, 0.014
7.180, 0.270, -0.827, 0.000, 1.000, 0.000, 0.000, 0.000, 0.000, 1.000, 1.000, 0.012, 0.009, 0.013, 0.010, 0.008, 0.014
7.200, 0.064, -0.819, 0.000, 1.000, 0.000, 0.000, 0.000, 0.000, 1.000, 1.000, 0.012, 0.009, 0.013, 0.010, 0.008, 0.014
7.220, -0.203, -0.802, 0.000, 1.000, 0.000, 1.000, 0.000, 0.000, 1.000, 1.000, 0.012, 0.009, 0.013, 0.010, 0.008, 0.014
7.240, -0.480, -0.783, 0.000, 1.000, 0.000, 1.000, 0.000, 0.000, 1.000, 1.000, 0.012, 0.008, 0.014, 0.010, 0.008, 0.014
7.260, -0.742, -0.715, 0.000, 1.000, 0.000, 0.000, 0.000, 0.000, 1.000, 1.000, 0.012, 0.008, 0.013, 0.010, 0.008, 0.014
7.280, -0.862, -0.612, 0.000, 1.000, 0.000, 0.000, 0.000, 0.000, 1.000, 1.000, 0.012, 0.008, 0.013, 0.010, 0.008, 0.014
7.300, -0.888, -0.489, 0.000, 1.000, 0.000, 0.000, 0.000, 1.000, 1.000, 1.000, 0.012, 0.008, 0.013, 0.010, 0.009, 0.014
7.320, -0.882, -0.401, 0.000, 1.000, 1.000, 0.000, 0.000, 1.000, 0.000, 1.000, 0.012, 0.009, 0.013, 0.010, 0.009, 0.014
7.340, -0.873, -0.304, 0.000, 0.000, 1.000, 0.000, 0.000, 1.000, 0.000, 0.000, 0.012, 0.009, 0.013, 0.010, 0.009, 0.014
7.360, -0.864, -0.180, 0.000, 0.000, 1.000, 1.000, 1.000, 1.000, 1.000, 0.000, 0.011, 0.010, 0.013, 0.011, 0.009, 0.014
7.380, -0.851, -0.010, 0.000, 0.000, 1.000, 1.000, 1.000, 0.000, 1.000, 0.000, 0.011, 0.010, 0.014, 0.011, 0.009, 0.014
7.400, -0.839, 0.222, 1.000, 1.000, 1.000, 1.000, 1.000, 0.000, 1.000, 0.000, 0.011, 0.010, 0.014, 0.011, 0.009, 0.013
7.420, -0.820, 0.475, 1.000, 1.000, 0.000, 0.000, 1.000, 0.000, 1.000, 0.000, 0.011, 0.009, 0.014, 0.011, 0.009, 0.013
7.440, -0.787, 0.683, 1.000, 1.000, 0.000, 0.000, 1.000, 0.000, 1.000, 0.000, 0.011, 0.009, 0.014, 0.012, 0.008, 0.013
7.460, -0.748, 0.797, 1.000, 1.000, 0.000, 0.000, 1.000, 0.000, 1.000, 0.000, 0.011, 0.010, 0.014, 0.012, 0.009, 0.013
7.480, -0.711, 0.840, 1.000, 1.000, 0.000, 0.000, 1.000, 0.000, 1.000, 0.000, 0.011, 0.010, 0.014, 0.011, 0.009, 0.013
7.500, -0.684, 0.851, 1.000, 1.000, 0.000, 0.000, 0.052, 0.000, 1.000, 0.000, 0.011, 0.010, 0.015, 0.011, 0.010, 0.013
7.520, -0.664, 0.854, 1.000, 1.000, 0.000, 0.000, 0.000, 0.000, 1.000, 0.000, 0.011, 0.010, 0.015, 0.012, 0.010, 0.013
7.540, -0.648, 0.854, 1.000, 1.000, 0.000, 0.000, 0.000, 0.000, 1.000, 0.000, 0.011, 0.010, 0.015, 0.012, 0.010, 0.013
7.560, -0.627, 0.858, 1.000, 1.000, 0.000, 1.000, 0.000, 0.000, 1.000, 0.000, 0.011, 0.010, 0.014, 0.012, 0.010, 0.013
7.580, -0.584, 0.871, 1.000, 1.000, 1.000, 0.000, 0.000, 0.000, 1.000, 0.000, 0.010, 0.010, 0.014, 0.012, 0.010, 0.013
7.600, -0.582, 0.854, 1.000, 1.000, 0.000, 0.000, 0.000, 1.000, 0.000, 0.000, 0.010, 0.010, 0.015, 0.012, 0.010, 0.013
7.620, -0.546, 0.865, 1.000, 1.000, 0.000, 1.000, 1.000, 1.000, 0.000, 0.000, 0.010, 0.010, 0.014, 0.012, 0.009, 0.014
7.640, -0.489, 0.874, 1.000, 1.000, 0.000, 1.000, 1.000, 0.000, 0.000, 0.000, 0.010, 0.011, 0.014, 0.011, 0.010, 0.014
7.660, -0.413, 0.876, 1.000, 0.000, 1.000, 1.000, 1.000, 0.000, 0.000, 1.000, 0.011, 0.010, 0.014, 0.011, 0.010, 0.014
7.680, -0.321, 0.872, 1.000, 0.000, 1.000, 1.000, 1.000, 1.000, 0.000, 1.000, 0.011, 0.010, 0.014, 0.011, 0.009, 0.014
7.700, -0.203, 0.865, 1.000, 0.000, 1.000, 0.000, 0.000, 1.000, 0.000, 1.000, 0.012, 0.010, 0.014, 0.011, 0.009, 0.014
7.720, -0.042, 0.853, 1.000, 0.000, 1.000, 0.000, 0.000, 1.000, 1.000, 1.000, 0.012, 0.009, 0.014, 0.012, 0.009, 0.014
7.740, 0.178, 0.835, 1.000, 0.000, 1.000, 0.000, 0.000, 1.000, 0.000, 1.000, 0.012, 0.009, 0.015, 0.012, 0.009, 0.014
7.760, 0.449, 0.808, 1.000, 0.000, 1.000, 0.000, 0.000, 1.000, 0.000, 1.000, 0.012, 0.009, 0.015, 0.012, 0.009, 0.014
7.780, 0.693, 0.764, 1.000, 0.000, 1.000, 0.000, 0.000, 1.000, 0.000, 1.000, 0.012, 0.009, 0.015, 0.012, 0.009, 0.014
7.800, 0.829, 0.704, 1.000, 0.000, 1.000, 0.082, 0.000, 1.000, 0.000, 1.000, 0.012, 0.009, 0.015, 0.012, 0.009, 0.015
7.820, 0.876, 0.637, 1.000, 0.000, 1.000, 0.000, 0.000, 1.000, 0.000, 1.000, 0.012, 0.009, 0.015, 0.012, 0.009, 0.015
7.840, 0.883, 0.531, 1.000, 1.000, 1.000, 0.000, 0.000, 1.000, 0.224, 0.000, 0.012, 0.009, 0.015, 0.012, 0.009, 0.015
7.860, 0.879, 0.422, 1.000, 1.000, 1.000, 0.000, 0.000, 1.000, 0.239, 0.000, 0.011, 0.009, 0.015, 0.013, 0.009, 0.015
7.880, 0.872, 0.317, 1.000, 1.000, 1.000, 0.000, 0.000, 1.000, 0.013, 0.000, 0.011, 0.009, 0.015, 0.013, 0.009, 0.015
7.900, 0.864, 0.198, 1.000, 0.000, 1.000, 0.000, 1.000, 1.000, 0.000, 1.000, 0.012, 0.009, 0.015, 0.012, 0.009, 0.015
7.920, 0.852, 0.035, 1.000, 0.000, 1.000, 1.000, 1.000, 1.000, 1.000, 1.000, 0.012, 0.010, 0.015, 0.012, 0.009, 0.014
7.940, 0.835, -0.188, 0.000, 0.000, 1.000, 1.000, 1.000, 0.000, 1.000, 0.000, 0.012, 0.010, 0.015, 0.012, 0.009, 0.015
7.960, 0.806, -0.460, 0.000, 0.000, 0.000, 1.000, 1.000, 0.000, 0.000, 0.000, 0.011, 0.010, 0.015, 0.011, 0.010, 0.014
7.980, 0.762, -0.701, 0.000, 0.000, 0.000, 1.000, 1.000, 0.000, 0.011, 0.000, 0.011, 0.009, 0.015, 0.012, 0.010, 0.014
8.000, 0.701, -0.832, 0.000, 0.000, 0.000, 1.000, 1.000, 0.000, 0.230, 0.000, 0.011, 0.009, 0.015, 0.012, 0.009, 0.014
8.020, 0.635, -0.877, 0.000, 0.000, 0.000, 1.000, 1.000, 0.000, 1.000, 0.000, 0.011, 0.009, 0.016, 0.013, 0.009, 0.014
8.040, 0.567, -0.886, 0.000, 0.000, 0.000, 1.000, 1.000, 0.000, 0.000, 0.000, 0.011, 0.009, 0.016, 0.013, 0.009, 0.014
8.060, 0.497, -0.885, 0.000, 0.000, 0.000, 1.000, 1.000, 0.000, 0.000, 0.000, 0.011, 0.009, 0.016, 0.013, 0.009, 0.014
8.080, 0.420, -0.881, 0.000, 0.000, 0.031, 0.000, 1.000, 0.000, 1.000, 0.000, 0.011, 0.009, 0.015, 0.013, 0.009, 0.014
8.100, 0.329, -0.874, 0.000, 0.000, 0.000, 1.000, 1.000, 0.000, 1.000, 0.000, 0.011, 0.009, 0.015, 0.013, 0.009, 0.015
8.120, 0.213, -0.866, 0.000, 0.000, 0.000, 1.000, 0.399, 0.000, 1.000, 0.000, 0.011, 0.009, 0.016, 0.013, 0.009, 0.015
8.140, 0.055, -0.854, 0.000, 0.000, 0.000, 1.000, 1.000, 0.000, 1.000, 0.000, 0.011, 0.009, 0.016, 0.013, 0.009, 0.015
8.160, -0.203, -0.824, 0.000, 1.000, 0.000, 1.000, 1.000, 0.000, 0.000, 1.000, 0.011, 0.009, 0.016, 0.013, 0.009, 0.014
8.180, -0.500, -0.788, 0.000, 1.000, 1.000, 0.000, 1.000, 0.000, 0.000, 1.000, 0.012, 0.010, 0.016, 0.013, 0.009, 0.014
8.200, -0.749, -0.722, 0.000, 1.000, 1.000, 0.000, 0.000, 0.081, 0.000, 1.000, 0.012, 0.010, 0.016, 0.013, 0.009, 0.014
8.220, -0.848, -0.665, 0.000, 0.000, 1.000, 0.000, 1.000, 0.000, 1.000, 0.000, 0.011, 0.010, 0.016, 0.013, 0.009, 0.014
8.240, -0.880, -0.600, 0.000, 0.000, 1.000, 1.000, 1.000, 0.000, 1.000, 0.000, 0.011, 0.010, 0.016, 0.013, 0.009, 0.015
8.260, -0.885, -0.533, 0.000, 0.000, 1.000, 1.000, 1.000, 1.000, 0.000, 0.000, 0.011, 0.010, 0.015, 0.013, 0.009, 0.014
8.280, -0.884, -0.445, 0.000, 1.000, 1.000, 1.000, 0.000, 1.000, 0.000, 1.000, 0.012, 0.011, 0.015, 0.013, 0.010, 0.014
8.300, -0.879, -0.336, 0.000, 1.000, 0.000, 1.000, 0.000, 1.000, 0.000, 1.000, 0.012, 0.010, 0.015, 0.012, 0.010, 0.014
8.320, -0.872, -0.191, 0.000, 1.000, 0.000, 1.000, 0.000, 1.000, 0.000, 1.000, 0.012, 0.010, 0.015, 0.013, 0.010, 0.014
8.340, -0.862, 0.000, 1.000, 1.000, 0.000, 0.000, 1.000, 0.000, 0.000, 0.000, 0.012, 0.010, 0.015, 0.013, 0.009, 0.015
8.360, -0.841, 0.237, 1.000, 1.000, 0.000, 1.000, 1.000, 0.000, 0.000, 0.000, 0.011, 0.010, 0.015, 0.012, 0.009, 0.015
8.380, -0.809, 0.507, 1.000, 1.000, 0.000, 1.000, 1.000, 0.000, 0.000, 0.000, 0.011, 0.011, 0.015, 0.012, 0.009, 0.015
8.400, -0.757, 0.733, 1.000, 0.000, 0.000, 1.000, 1.000, 0.000, 0.000, 1.000, 0.012, 0.011, 0.015, 0.012, 0.009, 0.015
8.420, -0.694, 0.845, 1.000, 0.000, 0.000, 1.000, 1.000, 0.000, 0.000, 1.000, 0.012, 0.011, 0.015, 0.012, 0.010, 0.015
8.440, -0.626, 0.880, 1.000, 0.000, 0.000, 1.000, 1.000, 0.000, 1.000, 1.000, 0.012, 0.011, 0.015, 0.012, 0.010, 0.015
8.460, -0.558, 0.887, 1.000, 0.000, 0.000, 1.000, 1.000, 0.000, 1.000, 1.000, 0.012, 0.011, 0.014, 0.012, 0.010, 0.014
8.480, -0.519, 0.873, 1.000, 1.000, 1.000, 1.000, 1.000, 0.000, 1.000, 0.000, 0.012, 0.011, 0.014, 0.012, 0.010, 0.014
8.500, -0.475, 0.869, 1.000, 1.000, 1.000, 0.000, 1.000, 0.000, 1.000, 0.000, 0.012, 0.010, 0.015, 0.012, 0.010, 0.014
8.520, -0.482, 0.843, 1.000, 1.000, 0.000, 0.000, 1.000, 0.000, 1.000, 0.000, 0.011, 0.011, 0.015, 0.012, 0.010, 0.014
8.540, -0.453, 0.852, 1.000, 1.000, 1.000, 0.000, 0.000, 0.000, 1.000, 0.000, 0.011, 0.010, 0.016, 0.012, 0.011, 0.014
8.560, -0.383, 0.864, 1.000, 1.000, 1.000, 0.000, 1.000, 0.000, 1.000, 0.000, 0.011, 0.010, 0.016, 0.012, 0.011, 0.014
8.580, -0.286, 0.866, 1.000, 0.000, 1.000, 0.000, 1.000, 0.000, 1.000, 1.000, 0.012, 0.010, 0.016, 0.012, 0.011, 0.014
8.600, -0.189, 0.851, 1.000, 1.000, 1.000, 0.000, 1.000, 1.000, 1.000, 0.000, 0.011, 0.010, 0.016, 0.012, 0.010, 0.014
8.620, -0.135, 0.814, 1.000, 1.000, 0.000, 0.000, 0.148, 1.000, 0.000, 0.000, 0.011, 0.010, 0.016, 0.012, 0.010, 0.014
8.640, -0.025, 0.807, 1.000, 1.000, 1.000, 0.000, 0.000, 1.000, 0.000, 0.000, 0.011, 0.010, 0.016, 0.013, 0.010, 0.015
8.660, 0.138, 0.797, 1.000, 1.000, 0.000, 0.000, 0.000, 1.000, 1.000, 0.000, 0.011, 0.011, 0.016, 0.013, 0.010, 0.014
8.680, 0.337, 0.769, 1.000, 1.000, 0.000, 0.000, 0.000, 1.000, 1.000, 0.000, 0.011, 0.011, 0.016, 0.013, 0.009, 0.014
8.700, 0.561, 0.733, 1.000, 1.000, 0.000, 0.000, 1.000, 0.000, 1.000, 0.000, 0.011, 0.011, 0.016, 0.013, 0.010, 0.014
8.720, 0.738, 0.676, 1.000, 1.000, 0.000, 0.000, 0.000, 1.000, 1.000, 0.000, 0.011, 0.011, 0.016, 0.013, 0.010, 0.014
8.740, 0.831, 0.606, 1.000, 1.000, 1.000, 1.000, 0.000, 1.000, 1.000, 0.000, 0.011, 0.011, 0.016, 0.013, 0.010, 0.014
8.760, 0.870, 0.548, 1.000, 0.154, 1.000, 1.000, 0.000, 1.000, 1.000, 0.846, 0.011, 0.010, 0.015, 0.013, 0.009, 0.014
8.780, 0.878, 0.475, 1.000, 1.000, 1.000, 1.000, 0.000, 1.000, 1.000, 0.000, 0.011, 0.010, 0.015, 0.013, 0.009, 0.014
8.800, 0.876, 0.391, 1.000, 1.000, 1.000, 1.000, 0.000, 1.000, 1.000, 0.000, 0.011, 0.010, 0.015, 0.014, 0.009, 0.014
8.820, 0.868, 0.275, 1.000, 1.000, 1.000, 1.000, 1.000, 1.000, 1.000, 0.000, 0.011, 0.010, 0.016, 0.013, 0.009, 0.014
8.840, 0.857, 0.128, 1.000, 1.000, 1.000, 1.000, 1.000, 0.000, 1.000, 0.000, 0.011, 0.011, 0.016, 0.013, 0.009, 0.014
8.860, 0.840, -0.067, 0.000, 1.000, 1.000, 1.000, 1.000, 1.000, 1.000, 1.000, 0.011, 0.011, 0.016, 0.012, 0.010, 0.015
8.880, 0.814, -0.315, 0.000, 1.000, 0.000, 1.000, 1.000, 0.901, 1.000, 1.000, 0.012, 0.011, 0.016, 0.013, 0.010, 0.015
8.900, 0.783, -0.584, 0.000, 0.000, 0.098, 1.000, 1.000, 0.000, 0.346, 0.000, 0.011, 0.010, 0.016, 0.013, 0.010, 0.015
8.920, 0.732, -0.777, 0.000, 0.000, 0.000, 1.000, 1.000, 0.000, 1.000, 0.000, 0.011, 0.010, 0.016, 0.013, 0.010, 0.015
8.940, 0.668, -0.860, 0.000, 0.000, 0.000, 1.000, 1.000, 0.000, 0.000, 0.000, 0.011, 0.010, 0.017, 0.014, 0.009, 0.014
8.960, 0.601, -0.883, 0.000, 0.000, 0.000, 1.000, 1.000, 0.000, 0.000, 0.000, 0.011, 0.010, 0.017, 0.014, 0.009, 0.014
8.980, 0.533, -0.886, 0.000, 0.000, 0.000, 1.000, 1.000, 0.000, 0.000, 0.000, 0.011, 0.010, 0.017, 0.014, 0.009, 0.014
9.000, 0.460, -0.883, 0.000, 0.000, 0.000, 1.000, 1.000, 0.000, 0.000, 0.000, 0.011, 0.010, 0.017, 0.014, 0.009, 0.014
9.020, 0.377, -0.878, 0.000, 0.000, 0.000, 1.000, 1.000, 0.000, 1.000, 0.000, 0.011, 0.010, 0.017, 0.014, 0.009, 0.014
9.040, 0.275, -0.870, 0.000, 0.000, 0.000, 1.000, 1.000, 0.000, 0.000, 0.000, 0.011, 0.010, 0.017, 0.014, 0.009, 0.014
9.060, 0.140, -0.861, 0.000, 0.000, 0.000, 1.000, 1.000, 0.053, 0.000, 0.000, 0.011, 0.010, 0.017, 0.014, 0.009, 0.014
9.080, -0.044, -0.847, 0.000, 0.000, 1.000, 1.000, 1.000, 0.000, 0.000, 0.000, 0.011, 0.010, 0.016, 0.014, 0.009, 0.014
9.100, -0.290, -0.825, 0.000, 0.000, 1.000, 0.000, 1.000, 1.000, 0.000, 0.000, 0.011, 0.011, 0.017, 0.014, 0.010, 0.014
9.120, -0.563, -0.791, 0.000, 0.000, 1.000, 0.000, 0.000, 1.000, 1.000, 0.000, 0.011, 0.011, 0.017, 0.014, 0.010, 0.014
9.140, -0.775, -0.728, 0.000, 1.000, 0.000, 1.000, 0.000, 1.000, 0.693, 1.000, 0.011, 0.011, 0.016, 0.013, 0.010, 0.014
9.160, -0.866, -0.641, 0.000, 1.000, 0.000, 1.000, 0.000, 1.000, 1.000, 1.000, 0.012, 0.010, 0.016, 0.013, 0.011, 0.015
9.180, -0.888, -0.539, 0.000, 1.000, 0.000, 1.000, 0.000, 1.000, 1.000, 1.000, 0.012, 0.010, 0.016, 0.013, 0.011, 0.015
9.200, -0.886, -0.438, 0.000, 1.000, 0.000, 1.000, 1.000, 0.000, 0.000, 1.000, 0.012, 0.010, 0.016, 0.013, 0.010, 0.014
9.220, -0.879, -0.326, 0.000, 1.000, 0.000, 1.000, 1.000, 0.702, 0.000, 1.000, 0.012, 0.010, 0.016, 0.013, 0.010, 0.015
9.240, -0.870, -0.189, 0.000, 1.000, 0.000, 1.000, 1.000, 0.125, 0.000, 1.000, 0.012, 0.011, 0.016, 0.013, 0.010, 0.015
9.260, -0.857, -0.011, 0.000, 1.000, 0.000, 1.000, 1.000, 0.000, 0.000, 1.000, 0.012, 0.011, 0.015, 0.013, 0.011, 0.015
9.280, -0.839, 0.221, 1.000, 1.000, 0.000, 1.000, 1.000, 0.000, 0.000, 0.000, 0.012, 0.011, 0.015, 0.013, 0.011, 0.015
9.300, -0.811, 0.488, 1.000, 1.000, 0.000, 1.000, 1.000, 0.000, 0.000, 0.000, 0.011, 0.011, 0.015, 0.013, 0.011, 0.015
9.320, -0.765, 0.716, 1.000, 1.000, 0.000, 1.000, 1.000, 0.000, 0.000, 0.000, 0.011, 0.011, 0.015, 0.013, 0.011, 0.015
9.340, -0.702, 0.839, 1.000, 0.000, 0.000, 1.000, 1.000, 0.000, 0.000, 1.000, 0.012, 0.011, 0.015, 0.013, 0.011, 0.015
9.360, -0.634, 0.879, 1.000, 0.000, 0.000, 1.000, 1.000, 1.000, 1.000, 1.000, 0.012, 0.012, 0.015, 0.013, 0.011, 0.015
9.380, -0.608, 0.867, 1.000, 1.000, 1.000, 1.000, 1.000, 1.000, 1.000, 0.000, 0.012, 0.011, 0.015, 0.013, 0.010, 0.015
9.400, -0.556, 0.876, 1.000, 1.000, 1.000, 0.000, 1.000, 1.000, 1.000, 0.000, 0.011, 0.011, 0.016, 0.012, 0.010, 0.014
9.420, -0.490, 0.881, 1.000, 0.475, 1.000, 0.000, 1.000, 1.000, 1.000, 0.525, 0.012, 0.011, 0.016, 0.012, 0.010, 0.014
9.440, -0.483, 0.854, 1.000, 1.000, 1.000, 0.000, 1.000, 0.000, 1.000, 0.000, 0.011, 0.010, 0.016, 0.012, 0.011, 0.014
9.460, -0.479, 0.845, 1.000, 1.000, 1.000, 0.000, 0.000, 0.000, 1.000, 0.000, 0.011, 0.010, 0.016, 0.013, 0.011, 0.014
9.480, -0.409, 0.866, 1.000, 0.228, 1.000, 0.000, 1.000, 0.000, 1.000, 0.772, 0.012, 0.010, 0.017, 0.013, 0.011, 0.014
9.500, -0.319, 0.868, 1.000, 0.000, 1.000, 1.000, 1.000, 1.000, 0.000, 1.000, 0.012, 0.010, 0.016, 0.013, 0.011, 0.015
9.520, -0.256, 0.847, 1.000, 1.000, 1.000, 1.000, 1.000, 1.000, 0.000, 0.000, 0.012, 0.010, 0.016, 0.012, 0.010, 0.015
9.540, -0.121, 0.850, 1.000, 0.134, 1.000, 0.000, 1.000, 0.000, 0.148, 0.866, 0.012, 0.010, 0.016, 0.012, 0.011, 0.015
9.560, 0.069, 0.841, 1.000, 0.000, 1.000, 0.000, 1.000, 0.000, 1.000, 1.000, 0.012, 0.010, 0.016, 0.012, 0.011, 0.015
9.580, 0.320, 0.820, 1.000, 0.000, 1.000, 0.000, 1.000, 0.000, 1.000, 1.000, 0.012, 0.010, 0.017, 0.012, 0.011, 0.014
9.600, 0.590, 0.785, 1.000, 0.000, 1.000, 0.000, 1.000, 0.000, 1.000, 1.000, 0.013, 0.010, 0.017, 0.012, 0.011, 0.014
9.620, 0.780, 0.733, 1.000, 0.000, 1.000, 0.000, 1.000, 0.000, 1.000, 1.000, 0.013, 0.010, 0.017, 0.012, 0.012, 0.014
9.640, 0.861, 0.668, 1.000, 0.000, 1.000, 0.154, 1.000, 0.000, 0.000, 1.000, 0.013, 0.010, 0.017, 0.012, 0.012, 0.015
9.660, 0.884, 0.600, 1.000, 0.147, 1.000, 0.460, 1.000, 0.000, 1.000, 0.853, 0.013, 0.010, 0.017, 0.012, 0.012, 0.014
9.680, 0.886, 0.532, 1.000, 0.004, 1.000, 0.000, 1.000, 0.000, 1.000, 0.996, 0.013, 0.010, 0.017, 0.012, 0.012, 0.014
9.700, 0.883, 0.459, 1.000, 0.000, 1.000, 0.000, 1.000, 0.000, 1.000, 1.000, 0.013, 0.010, 0.017, 0.012, 0.012, 0.014
9.720, 0.878, 0.376, 1.000, 0.000, 1.000, 0.000, 1.000, 0.000, 1.000, 1.000, 0.013, 0.010, 0.017, 0.012, 0.012, 0.014
9.740, 0.865, 0.239, 1.000, 1.000, 1.000, 1.000, 0.000, 0.000, 1.000, 0.000, 0.012, 0.010, 0.017, 0.012, 0.011, 0.014
9.760, 0.856, 0.092, 1.000, 0.000, 0.000, 1.000, 0.000, 0.000, 1.000, 1.000, 0.013, 0.010, 0.017, 0.012, 0.011, 0.015
9.780, 0.837, -0.114, 0.000, 1.000, 0.000, 1.000, 1.000, 0.000, 0.000, 1.000, 0.013, 0.011, 0.017, 0.013, 0.011, 0.014
9.800, 0.814, -0.375, 0.000, 0.000, 0.000, 1.000, 1.000, 0.000, 0.000, 0.000, 0.012, 0.010, 0.017, 0.013, 0.011, 0.014
9.820, 0.776, -0.637, 0.000, 0.000, 0.000, 1.000, 1.000, 0.000, 0.000, 0.000, 0.012, 0.010, 0.017, 0.013, 0.011, 0.014
9.840, 0.720, -0.804, 0.000, 0.000, 0.000, 1.000, 1.000, 0.000, 0.000, 0.000, 0.012, 0.010, 0.017, 0.013, 0.011, 0.014
9.860, 0.654, -0.869, 0.000, 0.000, 0.000, 1.000, 1.000, 0.000, 0.000, 0.000, 0.012, 0.010, 0.017, 0.013, 0.011, 0.014
9.880, 0.587, -0.885, 0.000, 0.000, 0.000, 1.000, 1.000, 0.000, 0.000, 0.000, 0.012, 0.010, 0.018, 0.014, 0.011, 0.014
9.900, 0.518, -0.886, 0.000, 0.000, 0.000, 1.000, 1.000, 0.000, 0.000, 0.000, 0.012, 0.010, 0.018, 0.014, 0.010, 0.014
9.920, 0.443, -0.882, 0.000, 0.310, 0.075, 0.000, 1.000, 0.000, 1.000, 0.310, 0.012, 0.010, 0.017, 0.014, 0.010, 0.014
9.940, 0.355, -0.876, 0.000, 0.384, 0.023, 0.000, 0.000, 0.000, 1.000, 0.384, 0.012, 0.010, 0.017, 0.013, 0.010, 0.015
9.960, 0.246, -0.868, 0.000, 0.110, 0.000, 0.000, 0.000, 0.000, 1.000, 0.110, 0.012, 0.010, 0.016, 0.013, 0.010, 0.015
9.980, 0.101, -0.858, 0.000, 0.000, 0.000, 1.000, 0.000, 0.027, 1.000, 0.000, 0.012, 0.010, 0.017, 0.013, 0.010, 0.015
10.000, -0.098, -0.842, 0.000, 0.000, 0.000, 1.000, 1.000, 1.000, 1.000, 0.000, 0.012, 0.010, 0.017, 0.013, 0.011, 0.015
10.020, -0.450, -0.780, 0.000, 1.000, 0.000, 1.000, 1.000, 0.000, 0.000, 1.000, 0.012, 0.010, 0.016, 0.013, 0.011, 0.015
10.040, -0.731, -0.709, 0.000, 1.000, 1.000, 0.000, 1.000, 0.000, 0.000, 1.000, 0.013, 0.010, 0.017, 0.014, 0.011, 0.014
10.060, -0.841, -0.656, 0.000, 0.488, 1.000, 0.000, 1.000, 0.000, 0.000, 0.488, 0.012, 0.011, 0.017, 0.013, 0.010, 0.014
10.080, -0.877, -0.594, 0.000, 0.000, 1.000, 0.000, 1.000, 0.000, 0.000, 0.000, 0.012, 0.011, 0.017, 0.013, 0.010, 0.014
10.100, -0.884, -0.527, 0.000, 0.000, 1.000, 0.000, 1.000, 0.000, 0.000, 0.000, 0.012, 0.011, 0.018, 0.013, 0.010, 0.014
10.120, -0.882, -0.454, 0.000, 0.000, 1.000, 1.000, 1.000, 1.000, 0.000, 0.000, 0.012, 0.011, 0.017, 0.013, 0.011, 0.014
10.140, -0.877, -0.371, 0.000, 0.000, 0.000, 1.000, 1.000, 0.000, 0.000, 0.000, 0.012, 0.011, 0.017, 0.012, 0.011, 0.014
10.160, -0.872, -0.250, 0.000, 1.000, 0.000, 1.000, 1.000, 0.000, 0.000, 1.000, 0.012, 0.010, 0.017, 0.012, 0.010, 0.015
10.180, -0.859, -0.105, 0.000, 0.000, 0.000, 1.000, 1.000, 0.000, 0.000, 0.000, 0.012, 0.010, 0.016, 0.012, 0.011, 0.015
10.200, -0.843, 0.093, 1.000, 0.000, 0.000, 1.000, 1.000, 0.000, 0.000, 1.000, 0.012, 0.011, 0.016, 0.012, 0.011, 0.015
10.220, -0.819, 0.351, 1.000, 0.000, 0.000, 1.000, 1.000, 0.000, 0.000, 1.000, 0.013, 0.011, 0.016, 0.012, 0.012, 0.015
10.240, -0.781, 0.617, 1.000, 0.000, 0.000, 1.000, 1.000, 0.000, 1.000, 1.000, 0.013, 0.011, 0.016, 0.012, 0.012, 0.015
10.260, -0.726, 0.794, 1.000, 0.000, 0.000, 1.000, 1.000, 0.000, 1.000, 1.000, 0.013, 0.011, 0.016, 0.012, 0.012, 0.014
10.280, -0.661, 0.866, 1.000, 0.000, 0.000, 1.000, 1.000, 0.000, 1.000, 1.000, 0.013, 0.011, 0.016, 0.012, 0.012, 0.014
10.300, -0.600, 0.882, 1.000, 1.000, 1.000, 1.000, 1.000, 0.000, 0.187, 0.000, 0.013, 0.011, 0.016, 0.012, 0.012, 0.015
10.320, -0.603, 0.853, 1.000, 1.000, 0.065, 0.000, 1.000, 0.000, 1.000, 0.000, 0.012, 0.011, 0.017, 0.012, 0.012, 0.014
10.340, -0.602, 0.848, 1.000, 1.000, 0.000, 0.000, 1.000, 1.000, 1.000, 0.000, 0.012, 0.011, 0.017, 0.012, 0.012, 0.014
10.360, -0.565, 0.865, 1.000, 1.000, 1.000, 0.000, 0.000, 1.000, 1.000, 0.000, 0.012, 0.011, 0.017, 0.013, 0.011, 0.014
10.380, -0.501, 0.878, 1.000, 0.380, 1.000, 0.000, 0.000, 1.000, 0.000, 0.620, 0.012, 0.011, 0.017, 0.013, 0.011, 0.015
10.400, -0.426, 0.879, 1.000, 0.000, 1.000, 0.000, 0.000, 1.000, 1.000, 1.000, 0.013, 0.011, 0.017, 0.013, 0.011, 0.014
10.420, -0.433, 0.841, 1.000, 1.000, 0.000, 0.000, 1.000, 1.000, 1.000, 0.000, 0.012, 0.011, 0.017, 0.013, 0.011, 0.014
10.440, -0.374, 0.855, 1.000, 1.000, 0.000, 1.000, 1.000, 0.000, 1.000, 0.000, 0.012, 0.011, 0.017, 0.013, 0.011, 0.014
10.460, -0.276, 0.862, 1.000, 0.000, 0.000, 1.000, 1.000, 1.000, 0.000, 1.000, 0.013, 0.012, 0.017, 0.012, 0.011, 0.014
10.480, -0.145, 0.858, 1.000, 0.000, 0.000, 1.000, 1.000, 1.000, 0.000, 1.000, 0.013, 0.012, 0.016, 0.012, 0.011, 0.015
10.500, 0.038, 0.846, 1.000, 0.000, 0.000, 1.000, 1.000, 0.000, 0.000, 1.000, 0.013, 0.012, 0.016, 0.012, 0.011, 0.015
10.520, 0.282, 0.825, 1.000, 0.000, 0.000, 1.000, 1.000, 0.000, 0.000, 1.000, 0.013, 0.012, 0.016, 0.012, 0.012, 0.015
10.540, 0.555, 0.792, 1.000, 0.000, 0.000, 1.000, 1.000, 0.000, 0.000, 1.000, 0.013, 0.012, 0.016, 0.012, 0.012, 0.015
10.560, 0.761, 0.741, 1.000, 0.000, 0.000, 1.000, 1.000, 0.000, 0.000, 1.000, 0.013, 0.012, 0.016, 0.012, 0.012, 0.015
10.580, 0.855, 0.678, 1.000, 0.000, 0.000, 1.000, 1.000, 0.000, 0.000, 1.000, 0.014, 0.012, 0.016, 0.012, 0.012, 0.015
10.600, 0.882, 0.610, 1.000, 0.000, 0.000, 1.000, 1.000, 0.000, 0.000, 1.000, 0.014, 0.012, 0.016, 0.012, 0.012, 0.016
10.620, 0.887, 0.542, 1.000, 0.000, 0.000, 1.000, 1.000, 0.000, 0.000, 1.000, 0.014, 0.012, 0.016, 0.012, 0.012, 0.016
10.640, 0.884, 0.471, 1.000, 0.000, 0.000, 1.000, 1.000, 0.000, 0.000, 1.000, 0.014, 0.012, 0.016, 0.012, 0.012, 0.015
10.660, 0.879, 0.390, 1.000, 0.000, 0.000, 1.000, 1.000, 0.000, 0.000, 1.000, 0.014, 0.012, 0.016, 0.012, 0.013, 0.015
10.680, 0.871, 0.291, 1.000, 0.000, 0.000, 1.000, 1.000, 0.000, 0.000, 1.000, 0.014, 0.013, 0.016, 0.012, 0.012, 0.015
10.700, 0.862, 0.162, 1.000, 0.000, 0.000, 1.000, 1.000, 0.000, 0.000, 1.000, 0.014, 0.013, 0.016, 0.013, 0.012, 0.014
10.720, 0.849, -0.015, 0.000, 0.000, 0.000, 1.000, 1.000, 0.000, 0.000, 0.000, 0.013, 0.012, 0.016, 0.013, 0.011, 0.014
10.740, 0.829, -0.253, 0.000, 0.000, 0.000, 1.000, 1.000, 0.000, 0.000, 0.000, 0.013, 0.012, 0.016, 0.013, 0.011, 0.014
10.760, 0.792, -0.521, 0.000, 1.000, 0.000, 1.000, 1.000, 0.000, 0.000, 1.000, 0.013, 0.012, 0.016, 0.013, 0.011, 0.014
10.780, 0.731, -0.723, 0.000, 1.000, 0.000, 1.000, 1.000, 0.000, 0.000, 1.000, 0.014, 0.011, 0.015, 0.013, 0.011, 0.014
10.800, 0.673, -0.837, 0.000, 1.000, 0.000, 1.000, 1.000, 0.000, 0.000, 1.000, 0.014, 0.011, 0.015, 0.013, 0.011, 0.014
10.820, 0.609, -0.876, 0.000, 0.000, 1.000, 1.000, 1.000, 0.000, 1.000, 0.000, 0.013, 0.012, 0.015, 0.014, 0.011, 0.015
10.840, 0.542, -0.885, 0.000, 0.000, 1.000, 0.000, 0.000, 0.000, 1.000, 0.000, 0.013, 0.012, 0.016, 0.013, 0.011, 0.015
10.860, 0.471, -0.883, 0.000, 0.000, 1.000, 0.000, 0.000, 0.000, 1.000, 0.000, 0.013, 0.012, 0.016, 0.013, 0.011, 0.015
10.880, 0.391, -0.878, 0.000, 0.000, 1.000, 0.000, 0.000, 0.010, 1.000, 0.000, 0.013, 0.013, 0.016, 0.012, 0.011, 0.015
10.900, 0.292, -0.871, 0.000, 0.000, 1.000, 0.000, 0.000, 0.000, 1.000, 0.000, 0.013, 0.013, 0.015, 0.012, 0.011, 0.015
10.920, 0.163, -0.862, 0.000, 0.123, 1.000, 0.000, 0.000, 0.000, 1.000, 0.123, 0.013, 0.013, 0.015, 0.012, 0.011, 0.016
10.940, -0.014, -0.849, 0.000, 0.014, 1.000, 0.000, 0.000, 0.000, 1.000, 0.014, 0.013, 0.013, 0.015, 0.012, 0.011, 0.016
10.960, -0.251, -0.829, 0.000, 0.000, 1.000, 0.000, 0.000, 0.000, 1.000, 0.000, 0.013, 0.013, 0.015, 0.012, 0.011, 0.016
10.980, -0.526, -0.797, 0.000, 0.000, 1.000, 0.000, 0.000, 1.000, 1.000, 0.000, 0.013, 0.013, 0.015, 0.012, 0.011, 0.015
11.000, -0.779, -0.706, 0.000, 1.000, 1.000, 0.000, 0.000, 1.000, 0.000, 1.000, 0.013, 0.013, 0.015, 0.012, 0.012, 0.015
11.020, -0.869, -0.610, 0.000, 1.000, 0.000, 0.000, 1.000, 1.000, 0.000, 1.000, 0.013, 0.013, 0.015, 0.013, 0.012, 0.016
11.040, -0.886, -0.516, 0.000, 1.000, 1.000, 0.000, 0.000, 1.000, 1.000, 1.000, 0.014, 0.013, 0.015, 0.012, 0.012, 0.015
11.060, -0.885, -0.411, 0.000, 1.000, 1.000, 0.000, 1.000, 0.000, 0.000, 1.000, 0.014, 0.012, 0.015, 0.012, 0.012, 0.015
11.080, -0.877, -0.295, 0.000, 1.000, 1.000, 0.000, 1.000, 0.000, 0.000, 1.000, 0.014, 0.012, 0.015, 0.012, 0.012, 0.016
11.100, -0.865, -0.166, 0.000, 0.446, 1.000, 0.000, 1.000, 0.000, 0.000, 0.446, 0.014, 0.012, 0.015, 0.012, 0.012, 0.016
11.120, -0.850, 0.010, 1.000, 0.000, 1.000, 0.000, 1.000, 0.000, 0.000, 1.000, 0.014, 0.012, 0.015, 0.012, 0.012, 0.016
11.140, -0.830, 0.247, 1.000, 0.000, 1.000, 1.000, 1.000, 0.000, 1.000, 1.000, 0.014, 0.012, 0.015, 0.012, 0.013, 0.015
11.160, -0.806, 0.510, 1.000, 1.000, 1.000, 0.747, 1.000, 0.000, 1.000, 0.000, 0.014, 0.012, 0.016, 0.012, 0.013, 0.015
11.180, -0.757, 0.734, 1.000, 1.000, 1.000, 0.000, 1.000, 0.000, 1.000, 0.000, 0.013, 0.012, 0.015, 0.012, 0.013, 0.015
11.200, -0.700, 0.839, 1.000, 1.000, 1.000, 0.000, 1.000, 0.000, 1.000, 0.000, 0.013, 0.012, 0.015, 0.012, 0.013, 0.015
11.220, -0.654, 0.866, 1.000, 1.000, 1.000, 0.000, 0.000, 0.000, 1.000, 0.000, 0.013, 0.012, 0.015, 0.012, 0.013, 0.015
11.240, -0.633, 0.861, 1.000, 1.000, 1.000, 0.000, 0.000, 0.000, 1.000, 0.000, 0.013, 0.012, 0.015, 0.013, 0.013, 0.015
11.260, -0.596, 0.869, 1.000, 1.000, 1.000, 0.000, 1.000, 0.000, 1.000, 0.000, 0.013, 0.012, 0.015, 0.012, 0.013, 0.015
11.280, -0.532, 0.881, 1.000, 0.512, 1.000, 0.000, 1.000, 1.000, 0.000, 0.488, 0.013, 0.012, 0.015, 0.012, 0.012, 0.015
11.300, -0.509, 0.864, 1.000, 1.000, 1.000, 0.000, 0.000, 1.000, 0.000, 0.000, 0.013, 0.012, 0.015, 0.013, 0.012, 0.015
11.320, -0.438, 0.875, 1.000, 0.000, 1.000, 0.000, 0.000, 1.000, 0.000, 1.000, 0.013, 0.011, 0.016, 0.013, 0.012, 0.016
11.340, -0.353, 0.873, 1.000, 0.000, 1.000, 0.000, 0.000, 1.000, 1.000, 1.000, 0.014, 0.011, 0.016, 0.013, 0.012, 0.015
11.360, -0.245, 0.867, 1.000, 0.000, 1.000, 0.000, 0.000, 0.000, 1.000, 1.000, 0.014, 0.011, 0.016, 0.013, 0.012, 0.015
11.380, -0.166, 0.838, 1.000, 1.000, 1.000, 1.000, 0.000, 0.000, 1.000, 0.000, 0.014, 0.011, 0.016, 0.013, 0.013, 0.015
11.400, -0.122, 0.801, 1.000, 1.000, 0.000, 0.000, 1.000, 0.000, 1.000, 0.000, 0.013, 0.012, 0.016, 0.013, 0.013, 0.015
11.420, -0.032, 0.793, 1.000, 1.000, 0.000, 0.000, 1.000, 0.000, 1.000, 0.000, 0.013, 0.012, 0.016, 0.013, 0.013, 0.015
11.440, 0.175, 0.807, 1.000, 0.000, 1.000, 0.000, 1.000, 0.000, 1.000, 1.000, 0.014, 0.012, 0.016, 0.012, 0.013, 0.014
11.460, 0.439, 0.794, 1.000, 0.000, 1.000, 1.000, 1.000, 0.000, 1.000, 1.000, 0.014, 0.012, 0.016, 0.012, 0.013, 0.014
11.480, 0.684, 0.756, 1.000, 0.000, 1.000, 1.000, 1.000, 0.000, 1.000, 1.000, 0.014, 0.012, 0.015, 0.012, 0.013, 0.014
11.500, 0.824, 0.700, 1.000, 0.000, 1.000, 1.000, 1.000, 0.000, 1.000, 1.000, 0.014, 0.011, 0.015, 0.012, 0.013, 0.014
11.520, 0.874, 0.635, 1.000, 0.000, 1.000, 1.000, 1.000, 0.000, 1.000, 1.000, 0.014, 0.011, 0.015, 0.012, 0.013, 0.014
11.540, 0.886, 0.568, 1.000, 0.000, 1.000, 1.000, 1.000, 0.000, 1.000, 1.000, 0.014, 0.011, 0.015, 0.013, 0.014, 0.015
11.560, 0.885, 0.498, 1.000, 0.000, 1.000, 1.000, 1.000, 0.000, 1.000, 1.000, 0.014, 0.011, 0.015, 0.013, 0.013, 0.015
11.580, 0.881, 0.421, 1.000, 0.000, 0.000, 1.000, 1.000, 0.000, 0.000, 1.000, 0.015, 0.012, 0.015, 0.013, 0.013, 0.015
11.600, 0.874, 0.330, 1.000, 0.000, 0.000, 1.000, 1.000, 0.000, 0.696, 1.000, 0.015, 0.012, 0.015, 0.013, 0.012, 0.015
11.620, 0.866, 0.214, 1.000, 0.000, 0.000, 1.000, 1.000, 0.000, 1.000, 1.000, 0.015, 0.012, 0.015, 0.013, 0.012, 0.015
11.640, 0.854, 0.058, 1.000, 0.000, 0.000, 1.000, 1.000, 0.000, 0.000, 1.000, 0.015, 0.013, 0.015, 0.014, 0.012, 0.015
11.660, 0.837, -0.157, 0.000, 0.000, 0.000, 1.000, 1.000, 0.000, 0.200, 0.000, 0.014, 0.013, 0.015, 0.014, 0.012, 0.015
11.680, 0.810, -0.426, 0.000, 0.000, 0.000, 1.000, 1.000, 0.000, 0.000, 0.000, 0.014, 0.013, 0.015, 0.014, 0.012, 0.015
11.700, 0.768, -0.677, 0.000, 0.000, 0.000, 1.000, 1.000, 0.000, 1.000, 0.000, 0.014, 0.013, 0.015, 0.014, 0.012, 0.015
11.720, 0.709, -0.822, 0.000, 0.012, 0.000, 1.000, 1.000, 0.000, 1.000, 0.012, 0.014, 0.013, 0.014, 0.014, 0.012, 0.015
11.740, 0.643, -0.874, 0.000, 0.000, 0.000, 1.000, 1.000, 0.000, 1.000, 0.000, 0.013, 0.013, 0.014, 0.014, 0.012, 0.016
11.760, 0.575, -0.886, 0.000, 0.000, 0.000, 1.000, 1.000, 0.000, 1.000, 0.000, 0.013, 0.013, 0.014, 0.014, 0.012, 0.016
11.780, 0.506, -0.886, 0.000, 0.000, 0.000, 1.000, 1.000, 0.020, 0.000, 0.000, 0.013, 0.012, 0.014, 0.014, 0.012, 0.015
11.800, 0.430, -0.881, 0.000, 0.000, 0.000, 1.000, 1.000, 0.032, 0.000, 0.000, 0.013, 0.012, 0.014, 0.014, 0.012, 0.015
11.820, 0.240, -0.844, 0.000, 1.000, 0.000, 1.000, 1.000, 1.000, 0.000, 1.000, 0.014, 0.012, 0.014, 0.014, 0.012, 0.015
11.840, -0.186, -0.748, 0.000, 1.000, 0.000, 1.000, 1.000, 0.000, 0.264, 1.000, 0.014, 0.012, 0.014, 0.014, 0.012, 0.015
11.860, -0.506, -0.726, 0.000, 1.000, 0.000, 1.000, 1.000, 0.665, 0.000, 1.000, 0.014, 0.012, 0.014, 0.013, 0.012, 0.015
11.880, -0.748, -0.676, 0.000, 1.000, 0.000, 1.000, 1.000, 0.000, 0.000, 1.000, 0.015, 0.012, 0.014, 0.013, 0.012, 0.014
11.900, -0.848, -0.619, 0.000, 1.000, 0.000, 1.000, 1.000, 0.000, 0.000, 1.000, 0.015, 0.012, 0.014, 0.013, 0.012, 0.014
11.920, -0.877, -0.551, 0.000, 1.000, 0.000, 1.000, 1.000, 0.000, 0.000, 1.000, 0.015, 0.012, 0.014, 0.013, 0.012, 0.014
11.940, -0.882, -0.482, 0.000, 0.000, 0.000, 1.000, 1.000, 0.000, 0.000, 0.000, 0.014, 0.012, 0.014, 0.013, 0.012, 0.014
11.960, -0.878, -0.404, 0.000, 0.000, 0.000, 1.000, 1.000, 0.000, 0.000, 0.000, 0.014, 0.012, 0.014, 0.013, 0.012, 0.015
11.980, -0.872, -0.309, 0.000, 0.000, 0.000, 1.000, 1.000, 0.000, 0.000, 0.000, 0.014, 0.012, 0.014, 0.013, 0.012, 0.015
12.000, -0.864, -0.186, 0.000, 0.000, 0.000, 1.000, 1.000, 0.211, 1.000, 0.000, 0.014, 0.011, 0.014, 0.013, 0.012, 0.015
12.020, -0.851, -0.018, 0.000, 0.000, 0.000, 1.000, 1.000, 0.635, 0.000, 0.000, 0.014, 0.011, 0.014, 0.013, 0.012, 0.015
12.040, -0.833, 0.210, 1.000, 0.000, 0.000, 1.000, 1.000, 0.000, 0.000, 1.000, 0.014, 0.011, 0.014, 0.013, 0.013, 0.015
12.060, -0.803, 0.483, 1.000, 0.000, 0.000, 1.000, 1.000, 0.000, 0.000, 1.000, 0.014, 0.011, 0.014, 0.013, 0.013, 0.016
12.080, -0.757, 0.717, 1.000, 0.000, 0.000, 1.000, 1.000, 0.000, 0.000, 1.000, 0.015, 0.011, 0.014, 0.012, 0.013, 0.016
12.100, -0.696, 0.838, 1.000, 0.000, 0.000, 1.000, 1.000, 0.000, 0.000, 1.000, 0.015, 0.011, 0.014, 0.012, 0.013, 0.016
12.120, -0.670, 0.853, 1.000, 1.000, 0.000, 1.000, 1.000, 0.000, 1.000, 0.000, 0.014, 0.011, 0.014, 0.012, 0.013, 0.015
12.140, -0.651, 0.855, 1.000, 1.000, 0.000, 0.000, 1.000, 0.000, 1.000, 0.000, 0.014, 0.011, 0.014, 0.012, 0.013, 0.015
12.160, -0.652, 0.844, 1.000, 1.000, 0.000, 0.000, 1.000, 0.000, 1.000, 0.000, 0.014, 0.011, 0.015, 0.012, 0.013, 0.015
12.180, -0.610, 0.867, 1.000, 1.000, 0.000, 1.000, 1.000, 1.000, 1.000, 0.000, 0.014, 0.011, 0.014, 0.012, 0.013, 0.015
12.200, -0.584, 0.865, 1.000, 1.000, 0.000, 1.000, 0.000, 1.000, 0.000, 0.000, 0.014, 0.012, 0.014, 0.013, 0.013, 0.015
12.220, -0.575, 0.855, 1.000, 1.000, 0.000, 1.000, 0.000, 1.000, 1.000, 0.000, 0.014, 0.012, 0.014, 0.013, 0.012, 0.015
12.240, -0.568, 0.852, 1.000, 1.000, 0.000, 1.000, 1.000, 1.000, 1.000, 0.000, 0.013, 0.012, 0.014, 0.013, 0.012, 0.015
12.260, -0.509, 0.873, 1.000, 0.690, 0.000, 1.000, 1.000, 0.163, 0.000, 0.310, 0.014, 0.013, 0.014, 0.013, 0.013, 0.015
12.280, -0.436, 0.878, 1.000, 0.000, 0.000, 1.000, 1.000, 1.000, 0.000, 1.000, 0.014, 0.013, 0.014, 0.012, 0.012, 0.015
12.300, -0.411, 0.855, 1.000, 1.000, 0.000, 1.000, 1.000, 1.000, 0.000, 0.000, 0.014, 0.013, 0.014, 0.012, 0.012, 0.016
12.320, -0.347, 0.857, 1.000, 1.000, 0.000, 1.000, 1.000, 1.000, 0.000, 0.000, 0.014, 0.013, 0.014, 0.012, 0.012, 0.016
12.340, -0.240, 0.861, 1.000, 0.000, 0.000, 1.000, 1.000, 0.000, 0.000, 1.000, 0.014, 0.013, 0.013, 0.012, 0.013, 0.016
12.360, -0.125, 0.846, 1.000, 1.000, 0.000, 1.000, 1.000, 0.000, 0.000, 0.000, 0.014, 0.013, 0.013, 0.012, 0.013, 0.016
12.380, -0.083, 0.794, 1.000, 1.000, 0.000, 0.000, 1.000, 0.000, 0.100, 0.000, 0.014, 0.013, 0.014, 0.012, 0.013, 0.016
12.400, 0.017, 0.784, 1.000, 1.000, 0.000, 1.000, 1.000, 0.000, 0.000, 0.000, 0.013, 0.013, 0.014, 0.012, 0.013, 0.016
12.420, 0.238, 0.798, 1.000, 0.000, 0.000, 1.000, 1.000, 0.000, 0.000, 1.000, 0.014, 0.013, 0.014, 0.012, 0.014, 0.016
12.440, 0.506, 0.782, 1.000, 0.000, 0.000, 1.000, 1.000, 0.000, 0.000, 1.000, 0.014, 0.013, 0.014, 0.012, 0.014, 0.016
12.460, 0.729, 0.741, 1.000, 0.000, 0.000, 1.000, 1.000, 0.000, 0.000, 1.000, 0.015, 0.013, 0.013, 0.012, 0.014, 0.016
12.480, 0.842, 0.682, 1.000, 0.000, 0.000, 1.000, 0.000, 0.000, 1.000, 1.000, 0.015, 0.013, 0.013, 0.013, 0.014, 0.016
12.500, 0.879, 0.617, 1.000, 0.000, 0.000, 1.000, 0.000, 0.000, 1.000, 1.000, 0.015, 0.013, 0.013, 0.012, 0.014, 0.016
12.520, 0.886, 0.548, 1.000, 0.279, 0.000, 1.000, 0.000, 0.000, 1.000, 0.721, 0.015, 0.014, 0.013, 0.012, 0.013, 0.016
12.540, 0.884, 0.477, 1.000, 0.012, 0.000, 1.000, 1.000, 0.000, 1.000, 0.988, 0.015, 0.014, 0.013, 0.013, 0.013, 0.016
12.560, 0.879, 0.397, 1.000, 0.000, 0.000, 1.000, 1.000, 0.000, 0.000, 1.000, 0.015, 0.014, 0.013, 0.013, 0.013, 0.016
12.580, 0.872, 0.301, 1.000, 0.000, 0.000, 1.000, 1.000, 0.000, 0.000, 1.000, 0.015, 0.014, 0.013, 0.013, 0.013, 0.016
12.600, 0.863, 0.175, 1.000, 0.000, 0.000, 1.000, 1.000, 0.000, 0.000, 1.000, 0.015, 0.014, 0.013, 0.013, 0.013, 0.015
12.620, 0.850, 0.003, 1.000, 0.000, 0.000, 1.000, 1.000, 0.000, 0.000, 1.000, 0.015, 0.014, 0.013, 0.013, 0.013, 0.015
12.640, 0.823, -0.229, 0.000, 1.000, 0.000, 1.000, 1.000, 0.000, 0.000, 1.000, 0.015, 0.014, 0.013, 0.014, 0.012, 0.015
12.660, 0.779, -0.481, 0.000, 1.000, 0.000, 1.000, 1.000, 0.000, 0.000, 1.000, 0.015, 0.013, 0.013, 0.014, 0.012, 0.015
12.680, 0.724, -0.693, 0.000, 1.000, 0.000, 1.000, 1.000, 0.000, 0.000, 1.000, 0.015, 0.013, 0.013, 0.014, 0.012, 0.015
12.700, 0.649, -0.806, 0.000, 1.000, 0.000, 1.000, 1.000, 0.000, 0.000, 1.000, 0.015, 0.013, 0.013, 0.014, 0.012, 0.015
12.720, 0.561, -0.848, 0.000, 1.000, 0.000, 1.000, 1.000, 0.000, 0.000, 1.000, 0.016, 0.013, 0.013, 0.014, 0.012, 0.015
12.740, 0.462, -0.859, 0.000, 1.000, 0.000, 1.000, 1.000, 0.000, 0.000, 1.000, 0.016, 0.013, 0.013, 0.014, 0.012, 0.015
12.760, 0.337, -0.854, 0.000, 1.000, 0.000, 1.000, 1.000, 0.000, 0.000, 1.000, 0.016, 0.013, 0.013, 0.014, 0.012, 0.015
12.780, 0.170, -0.842, 0.000, 1.000, 0.000, 1.000, 1.000, 0.000, 0.000, 1.000, 0.016, 0.012, 0.013, 0.014, 0.012, 0.015
12.800, -0.032, -0.832, 0.000, 1.000, 0.000, 1.000, 1.000, 1.000, 0.000, 1.000, 0.016, 0.012, 0.013, 0.014, 0.013, 0.015
12.820, -0.380, -0.778, 0.000, 1.000, 0.000, 1.000, 0.000, 1.000, 1.000, 1.000, 0.016, 0.012, 0.013, 0.014, 0.013, 0.015
12.840, -0.661, -0.736, 0.000, 1.000, 0.000, 1.000, 0.041, 0.000, 1.000, 1.000, 0.016, 0.012, 0.013, 0.014, 0.013, 0.016
12.860, -0.811, -0.689, 0.000, 0.000, 0.000, 1.000, 0.000, 1.000, 0.000, 0.000, 0.015, 0.012, 0.013, 0.014, 0.013, 0.015
12.880, -0.877, -0.591, 0.000, 1.000, 0.000, 1.000, 1.000, 1.000, 1.000, 1.000, 0.016, 0.012, 0.013, 0.014, 0.013, 0.015
12.900, -0.887, -0.492, 0.000, 1.000, 0.000, 1.000, 1.000, 0.000, 0.000, 1.000, 0.016, 0.012, 0.013, 0.013, 0.013, 0.015
12.920, -0.883, -0.387, 0.000, 1.000, 0.000, 1.000, 1.000, 0.000, 0.000, 1.000, 0.016, 0.012, 0.013, 0.013, 0.013, 0.016
12.940, -0.875, -0.265, 0.000, 1.000, 0.000, 1.000, 1.000, 0.000, 0.000, 1.000, 0.016, 0.012, 0.012, 0.013, 0.013, 0.016
12.960, -0.865, -0.110, 0.000, 1.000, 0.000, 1.000, 1.000, 0.000, 0.000, 1.000, 0.016, 0.012, 0.012, 0.013, 0.013, 0.016
12.980, -0.850, 0.094, 1.000, 1.000, 0.000, 1.000, 1.000, 0.000, 0.000, 0.000, 0.016, 0.012, 0.012, 0.013, 0.014, 0.016
13.000, -0.826, 0.351, 1.000, 1.000, 1.000, 1.000, 1.000, 0.000, 1.000, 0.000, 0.015, 0.013, 0.012, 0.013, 0.014, 0.016
13.020, -0.785, 0.619, 1.000, 0.000, 1.000, 0.000, 0.000, 0.000, 1.000, 1.000, 0.016, 0.013, 0.013, 0.013, 0.014, 0.015
13.040, -0.728, 0.795, 1.000, 0.000, 1.000, 0.000, 0.000, 0.000, 1.000, 1.000, 0.016, 0.013, 0.013, 0.014, 0.014, 0.015
13.060, -0.662, 0.866, 1.000, 0.000, 1.000, 0.000, 0.000, 0.000, 1.000, 1.000, 0.016, 0.013, 0.014, 0.014, 0.014, 0.015
13.080, -0.624, 0.870, 1.000, 1.000, 1.000, 0.000, 0.000, 0.000, 1.000, 0.000, 0.016, 0.013, 0.014, 0.014, 0.014, 0.015
13.100, -0.653, 0.832, 1.000, 1.000, 0.000, 0.000, 0.000, 0.000, 1.000, 0.000, 0.015, 0.013, 0.014, 0.014, 0.014, 0.015
13.120, -0.647, 0.843, 1.000, 1.000, 0.000, 0.000, 1.000, 1.000, 1.000, 0.000, 0.015, 0.013, 0.014, 0.014, 0.014, 0.015
13.140, -0.636, 0.850, 1.000, 1.000, 0.000, 0.000, 1.000, 0.000, 0.000, 0.000, 0.015, 0.013, 0.014, 0.013, 0.014, 0.015
13.160, -0.624, 0.853, 1.000, 1.000, 0.000, 0.000, 1.000, 0.000, 0.076, 0.000, 0.015, 0.014, 0.014, 0.013, 0.014, 0.016
13.180, -0.621, 0.849, 1.000, 1.000, 0.000, 0.000, 0.000, 1.000, 0.000, 0.000, 0.015, 0.014, 0.014, 0.014, 0.014, 0.016
13.200, -0.569, 0.872, 1.000, 1.000, 1.000, 0.000, 0.000, 1.000, 1.000, 0.000, 0.015, 0.013, 0.013, 0.014, 0.013, 0.015
13.220, -0.514, 0.877, 1.000, 1.000, 1.000, 0.000, 0.000, 0.000, 1.000, 0.000, 0.015, 0.013, 0.013, 0.014, 0.014, 0.015
13.240, -0.540, 0.840, 1.000, 1.000, 0.732, 0.000, 0.000, 0.000, 1.000, 0.000, 0.015, 0.013, 0.013, 0.014, 0.014, 0.015
13.260, -0.561, 0.833, 1.000, 1.000, 0.000, 0.000, 0.000, 0.000, 1.000, 0.000, 0.015, 0.013, 0.013, 0.014, 0.014, 0.015
13.280, -0.552, 0.846, 1.000, 1.000, 1.000, 0.000, 0.000, 0.000, 1.000, 0.000, 0.015, 0.013, 0.013, 0.015, 0.014, 0.015
13.300, -0.585, 0.829, 1.000, 1.000, 0.000, 0.000, 0.000, 0.000, 1.000, 0.000, 0.015, 0.013, 0.013, 0.015, 0.014, 0.015
13.320, -0.614, 0.825, 1.000, 1.000, 0.000, 0.000, 0.000, 0.000, 1.000, 0.000, 0.014, 0.014, 0.013, 0.015, 0.015, 0.015
13.340, -0.636, 0.826, 1.000, 1.000, 0.000, 0.000, 0.000, 0.000, 1.000, 0.000, 0.014, 0.014, 0.013, 0.015, 0.015, 0.015
13.360, -0.656, 0.826, 1.000, 1.000, 0.000, 0.000, 0.000, 0.000, 1.000, 0.000, 0.014, 0.014, 0.013, 0.014, 0.015, 0.015
13.380, -0.678, 0.820, 1.000, 1.000, 0.000, 0.000, 0.000, 0.000, 1.000, 0.000, 0.014, 0.014, 0.013, 0.014, 0.015, 0.014
13.400, -0.690, 0.823, 1.000, 1.000, 0.000, 0.000, 0.000, 0.000, 1.000, 0.000, 0.014, 0.014, 0.012, 0.014, 0.015, 0.014
13.420, -0.693, 0.828, 1.000, 1.000, 0.000, 0.000, 0.000, 0.000, 1.000, 0.000, 0.014, 0.014, 0.012, 0.014, 0.014, 0.014
13.440, -0.696, 0.828, 1.000, 1.000, 0.000, 0.000, 0.000, 0.000, 1.000, 0.000, 0.014, 0.014, 0.012, 0.013, 0.014, 0.014
13.460, -0.678, 0.845, 1.000, 1.000, 0.000, 0.000, 1.000, 0.000, 1.000, 0.000, 0.014, 0.014, 0.012, 0.014, 0.014, 0.014
13.480, -0.642, 0.863, 1.000, 1.000, 0.000, 0.096, 1.000, 0.000, 1.000, 0.000, 0.014, 0.014, 0.012, 0.014, 0.014, 0.014
13.500, -0.630, 0.855, 1.000, 1.000, 0.000, 0.000, 1.000, 0.000, 1.000, 0.000, 0.014, 0.014, 0.012, 0.015, 0.013, 0.014
13.520, -0.636, 0.843, 1.000, 1.000, 0.000, 0.000, 1.000, 0.000, 1.000, 0.000, 0.014, 0.015, 0.012, 0.015, 0.013, 0.014
13.540, -0.640, 0.841, 1.000, 1.000, 0.000, 0.000, 1.000, 0.000, 1.000, 0.000, 0.014, 0.015, 0.012, 0.015, 0.013, 0.014
13.560, -0.660, 0.829, 1.000, 1.000, 0.000, 0.000, 1.000, 0.000, 1.000, 0.000, 0.014, 0.014, 0.012, 0.015, 0.013, 0.014
13.580, -0.665, 0.834, 1.000, 1.000, 0.000, 0.000, 0.000, 0.000, 1.000, 0.000, 0.014, 0.014, 0.012, 0.014, 0.013, 0.014
13.600, -0.668, 0.836, 1.000, 1.000, 0.000, 0.000, 0.000, 0.000, 1.000, 0.000, 0.014, 0.013, 0.012, 0.014, 0.013, 0.014
13.620, -0.635, 0.860, 1.000, 1.000, 0.000, 1.000, 0.000, 0.000, 1.000, 0.000, 0.014, 0.013, 0.012, 0.014, 0.013, 0.014
13.640, -0.645, 0.841, 1.000, 1.000, 0.000, 0.507, 0.000, 0.000, 1.000, 0.000, 0.014, 0.013, 0.012, 0.014, 0.013, 0.014
13.660, -0.649, 0.839, 1.000, 1.000, 0.000, 0.000, 0.000, 0.000, 1.000, 0.000, 0.014, 0.013, 0.013, 0.014, 0.013, 0.014
13.680, -0.656, 0.836, 1.000, 1.000, 0.000, 0.000, 0.000, 0.000, 1.000, 0.000, 0.014, 0.013, 0.013, 0.014, 0.013, 0.014
13.700, -0.643, 0.848, 1.000, 1.000, 0.000, 0.000, 0.000, 1.000, 1.000, 0.000, 0.014, 0.013, 0.013, 0.013, 0.014, 0.014
13.720, -0.660, 0.833, 1.000, 1.000, 0.000, 0.000, 0.000, 0.038, 1.000, 0.000, 0.014, 0.013, 0.013, 0.013, 0.013, 0.014
13.740, -0.660, 0.838, 1.000, 1.000, 0.000, 0.000, 0.000, 1.000, 1.000, 0.000, 0.014, 0.013, 0.014, 0.014, 0.014, 0.014
13.760, -0.647, 0.848, 1.000, 1.000, 0.000, 0.000, 1.000, 1.000, 1.000, 0.000, 0.014, 0.013, 0.014, 0.014, 0.014, 0.014
13.780, -0.654, 0.839, 1.000, 1.000, 0.000, 0.000, 0.000, 0.000, 1.000, 0.000, 0.014, 0.013, 0.014, 0.014, 0.014, 0.014
13.800, -0.653, 0.841, 1.000, 1.000, 0.000, 0.000, 0.000, 0.000, 1.000, 0.000, 0.014, 0.013, 0.014, 0.014, 0.013, 0.014
13.820, -0.647, 0.845, 1.000, 1.000, 0.000, 1.000, 1.000, 0.000, 1.000, 0.000, 0.013, 0.013, 0.013, 0.014, 0.013, 0.014
13.840, -0.613, 0.863, 1.000, 1.000, 0.000, 1.000, 1.000, 0.000, 0.000, 0.000, 0.013, 0.013, 0.013, 0.014, 0.013, 0.014
13.860, -0.570, 0.872, 1.000, 1.000, 0.000, 1.000, 1.000, 0.000, 0.000, 0.000, 0.013, 0.013, 0.013, 0.014, 0.014, 0.015
13.880, -0.522, 0.874, 1.000, 1.000, 0.000, 1.000, 1.000, 0.000, 0.000, 0.000, 0.013, 0.013, 0.013, 0.014, 0.014, 0.015
13.900, -0.516, 0.854, 1.000, 1.000, 0.000, 1.000, 1.000, 0.000, 1.000, 0.000, 0.013, 0.013, 0.013, 0.013, 0.014, 0.014
13.920, -0.520, 0.844, 1.000, 1.000, 0.000, 0.000, 0.000, 0.000, 1.000, 0.000, 0.013, 0.013, 0.013, 0.014, 0.014, 0.014
13.940, -0.543, 0.833, 1.000, 1.000, 0.000, 0.000, 0.000, 0.000, 1.000, 0.000, 0.013, 0.013, 0.013, 0.014, 0.015, 0.014
13.960, -0.483, 0.866, 1.000, 0.000, 1.000, 0.000, 0.000, 0.000, 1.000, 1.000, 0.014, 0.013, 0.014, 0.015, 0.015, 0.014
13.980, -0.408, 0.874, 1.000, 0.000, 1.000, 0.000, 0.000, 0.000, 1.000, 1.000, 0.014, 0.014, 0.014, 0.015, 0.015, 0.014
14.000, -0.316, 0.871, 1.000, 0.000, 1.000, 0.000, 0.000, 0.000, 1.000, 1.000, 0.014, 0.013, 0.014, 0.015, 0.015, 0.014
14.020, -0.196, 0.864, 1.000, 0.000, 1.000, 0.000, 0.000, 0.000, 1.000, 1.000, 0.015, 0.013, 0.014, 0.015, 0.015, 0.014
14.040, -0.179, 0.807, 1.000, 1.000, 1.000, 0.000, 0.000, 0.000, 1.000, 0.000, 0.014, 0.013, 0.014, 0.015, 0.015, 0.013
14.060, -0.191, 0.772, 1.000, 1.000, 0.000, 0.000, 1.000, 1.000, 1.000, 0.000, 0.014, 0.013, 0.014, 0.014, 0.014, 0.013
14.080, -0.179, 0.771, 1.000, 1.000, 0.000, 0.000, 0.000, 1.000, 0.000, 0.000, 0.014, 0.014, 0.014, 0.015, 0.014, 0.014
14.100, -0.127, 0.781, 1.000, 1.000, 0.000, 0.000, 0.000, 1.000, 0.000, 0.000, 0.013, 0.014, 0.014, 0.015, 0.014, 0.014
14.120, -0.065, 0.776, 1.000, 1.000, 0.000, 0.000, 0.000, 1.000, 0.000, 0.000, 0.013, 0.014, 0.014, 0.015, 0.014, 0.015
14.140, 0.018, 0.766, 1.000, 1.000, 0.000, 0.000, 0.000, 1.000, 0.000, 0.000, 0.013, 0.014, 0.013, 0.015, 0.014, 0.015
14.160, 0.124, 0.749, 1.000, 1.000, 0.000, 0.000, 0.000, 1.000, 0.000, 0.000, 0.013, 0.014, 0.013, 0.015, 0.014, 0.015
14.180, 0.290, 0.737, 1.000, 1.000, 0.000, 0.000, 0.000, 1.000, 0.000, 0.000, 0.013, 0.014, 0.013, 0.015, 0.013, 0.015
14.200, 0.500, 0.715, 1.000, 1.000, 0.000, 0.000, 0.000, 1.000, 0.000, 0.000, 0.013, 0.014, 0.013, 0.015, 0.013, 0.015
14.220, 0.716, 0.697, 1.000, 0.000, 1.000, 0.000, 0.000, 1.000, 0.000, 1.000, 0.014, 0.014, 0.013, 0.015, 0.013, 0.015
14.240, 0.833, 0.650, 1.000, 0.000, 1.000, 0.000, 0.000, 1.000, 0.000, 1.000, 0.014, 0.014, 0.013, 0.016, 0.013, 0.015
14.260, 0.874, 0.589, 1.000, 0.000, 1.000, 0.000, 0.000, 1.000, 0.000, 1.000, 0.014, 0.013, 0.013, 0.015, 0.013, 0.015
14.280, 0.883, 0.523, 1.000, 0.000, 1.000, 0.000, 0.000, 1.000, 0.000, 1.000, 0.014, 0.013, 0.013, 0.015, 0.013, 0.015
14.300, 0.881, 0.450, 1.000, 0.054, 1.000, 0.000, 0.160, 1.000, 0.015, 0.946, 0.015, 0.013, 0.013, 0.015, 0.013, 0.015
14.320, 0.876, 0.365, 1.000, 0.000, 1.000, 0.000, 0.000, 1.000, 0.000, 1.000, 0.015, 0.013, 0.013, 0.014, 0.013, 0.015
14.340, 0.869, 0.260, 1.000, 0.000, 1.000, 0.000, 0.000, 1.000, 0.000, 1.000, 0.015, 0.013, 0.013, 0.014, 0.013, 0.016
14.360, 0.859, 0.120, 1.000, 0.000, 1.000, 0.000, 0.000, 1.000, 0.000, 1.000, 0.015, 0.013, 0.013, 0.014, 0.013, 0.016
14.380, 0.844, -0.073, 0.000, 0.000, 1.000, 1.000, 1.000, 0.000, 1.000, 0.000, 0.014, 0.013, 0.013, 0.015, 0.014, 0.016
14.400, 0.822, -0.326, 0.000, 0.000, 0.000, 1.000, 1.000, 0.000, 1.000, 0.000, 0.014, 0.013, 0.014, 0.015, 0.013, 0.016
14.420, 0.785, -0.595, 0.000, 0.000, 0.000, 1.000, 1.000, 0.000, 1.000, 0.000, 0.014, 0.014, 0.014, 0.015, 0.013, 0.016
14.440, 0.732, -0.783, 0.000, 0.000, 0.000, 1.000, 1.000, 0.000, 1.000, 0.000, 0.014, 0.014, 0.014, 0.015, 0.013, 0.016
14.460, 0.667, -0.862, 0.000, 0.152, 0.000, 1.000, 1.000, 0.000, 1.000, 0.152, 0.014, 0.014, 0.014, 0.016, 0.013, 0.016
14.480, 0.599, -0.884, 0.000, 0.218, 0.000, 1.000, 1.000, 0.000, 1.000, 0.218, 0.014, 0.014, 0.014, 0.016, 0.013, 0.016
14.500, 0.530, -0.886, 0.000, 0.047, 0.000, 1.000, 1.000, 0.000, 1.000, 0.047, 0.014, 0.014, 0.013, 0.016, 0.013, 0.016
14.520, 0.457, -0.883, 0.000, 0.100, 0.000, 1.000, 1.000, 0.000, 1.000, 0.100, 0.014, 0.014, 0.013, 0.016, 0.013, 0.016
14.540, 0.374, -0.877, 0.000, 0.000, 0.000, 1.000, 1.000, 0.000, 1.000, 0.000, 0.013, 0.015, 0.013, 0.016, 0.013, 0.016
14.560, 0.270, -0.870, 0.000, 0.000, 0.000, 1.000, 1.000, 0.000, 1.000, 0.000, 0.013, 0.015, 0.013, 0.016, 0.013, 0.016
14.580, 0.134, -0.860, 0.000, 0.000, 0.010, 1.000, 1.000, 0.000, 0.000, 0.000, 0.013, 0.015, 0.013, 0.016, 0.013, 0.016
14.600, -0.268, -0.772, 0.000, 1.000, 0.000, 1.000, 1.000, 0.000, 0.000, 1.000, 0.014, 0.015, 0.013, 0.015, 0.013, 0.015
14.620, -0.677, -0.664, 0.000, 1.000, 0.000, 1.000, 1.000, 0.000, 1.000, 1.000, 0.014, 0.015, 0.013, 0.015, 0.013, 0.016
14.640, -0.818, -0.617, 0.000, 1.000, 0.000, 1.000, 0.000, 1.000, 0.000, 1.000, 0.014, 0.015, 0.013, 0.015, 0.013, 0.015
14.660, -0.869, -0.550, 0.000, 1.000, 0.000, 1.000, 0.000, 1.000, 0.000, 1.000, 0.015, 0.015, 0.013, 0.016, 0.014, 0.015
14.680, -0.881, -0.465, 0.000, 1.000, 0.000, 1.000, 0.000, 1.000, 0.000, 1.000, 0.015, 0.014, 0.013, 0.016, 0.014, 0.015
14.700, -0.881, -0.348, 0.000, 1.000, 0.000, 1.000, 1.000, 1.000, 0.000, 1.000, 0.015, 0.014, 0.013, 0.015, 0.014, 0.015
14.720, -0.873, -0.210, 0.000, 1.000, 0.000, 1.000, 1.000, 1.000, 0.000, 1.000, 0.015, 0.014, 0.013, 0.015, 0.014, 0.015
14.740, -0.862, -0.031, 0.000, 1.000, 0.000, 1.000, 1.000, 1.000, 0.000, 1.000, 0.015, 0.014, 0.012, 0.015, 0.014, 0.015
14.760, -0.845, 0.198, 1.000, 1.000, 0.000, 1.000, 1.000, 0.000, 0.000, 0.000, 0.014, 0.014, 0.012, 0.015, 0.014, 0.016
14.780, -0.817, 0.464, 1.000, 1.000, 0.000, 1.000, 1.000, 0.000, 0.000, 0.000, 0.014, 0.014, 0.012, 0.015, 0.014, 0.016
14.800, -0.778, 0.690, 1.000, 1.000, 0.000, 1.000, 1.000, 0.000, 0.000, 0.000, 0.014, 0.013, 0.012, 0.015, 0.014, 0.016
14.820, -0.714, 0.828, 1.000, 0.000, 0.000, 1.000, 1.000, 0.000, 0.000, 1.000, 0.014, 0.013, 0.012, 0.015, 0.014, 0.016
14.840, -0.646, 0.876, 1.000, 0.000, 0.000, 1.000, 1.000, 0.000, 0.000, 1.000, 0.015, 0.013, 0.012, 0.015, 0.014, 0.016
14.860, -0.578, 0.887, 1.000, 0.000, 0.000, 1.000, 1.000, 0.000, 0.000, 1.000, 0.015, 0.013, 0.012, 0.014, 0.015, 0.016
14.880, -0.508, 0.886, 1.000, 0.000, 0.000, 1.000, 1.000, 0.000, 0.000, 1.000, 0.015, 0.013, 0.012, 0.014, 0.015, 0.016
14.900, -0.433, 0.882, 1.000, 0.000, 0.000, 1.000, 1.000, 0.000, 1.000, 1.000, 0.015, 0.013, 0.012, 0.014, 0.015, 0.016
14.920, -0.344, 0.875, 1.000, 0.000, 0.000, 1.000, 1.000, 0.000, 0.000, 1.000, 0.015, 0.013, 0.012, 0.014, 0.015, 0.016
14.940, -0.336, 0.835, 1.000, 1.000, 0.000, 1.000, 1.000, 0.000, 0.000, 0.000, 0.015, 0.013, 0.012, 0.014, 0.015, 0.016
14.960, -0.359, 0.809, 1.000, 1.000, 0.000, 1.000, 1.000, 1.000, 0.014, 0.000, 0.014, 0.013, 0.012, 0.014, 0.014, 0.016
14.980, -0.381, 0.805, 1.000, 1.000, 0.000, 0.000, 0.000, 1.000, 1.000, 0.000, 0.014, 0.013, 0.013, 0.015, 0.014, 0.016
15.000, -0.398, 0.809, 1.000, 1.000, 0.000, 0.000, 0.000, 1.000, 1.000, 0.000, 0.014, 0.013, 0.013, 0.015, 0.014, 0.016
15.020, -0.379, 0.827, 1.000, 1.000, 1.000, 0.000, 0.000, 1.000, 1.000, 0.000, 0.014, 0.014, 0.013, 0.015, 0.014, 0.015
15.040, -0.290, 0.852, 1.000, 0.000, 1.000, 0.000, 0.000, 1.000, 0.000, 1.000, 0.014, 0.014, 0.013, 0.016, 0.014, 0.016
15.060, -0.166, 0.855, 1.000, 0.000, 1.000, 0.000, 0.000, 1.000, 0.000, 1.000, 0.015, 0.014, 0.014, 0.016, 0.013, 0.016
15.080, 0.007, 0.846, 1.000, 0.000, 1.000, 0.000, 0.000, 1.000, 0.000, 1.000, 0.015, 0.014, 0.014, 0.016, 0.013, 0.016
15.100, 0.242, 0.828, 1.000, 0.000, 1.000, 0.000, 0.000, 1.000, 0.000, 1.000, 0.015, 0.014, 0.014, 0.016, 0.013, 0.016
15.120, 0.516, 0.798, 1.000, 0.000, 1.000, 0.000, 0.000, 1.000, 0.000, 1.000, 0.015, 0.013, 0.014, 0.016, 0.013, 0.017
15.140, 0.738, 0.750, 1.000, 0.000, 1.000, 0.000, 0.000, 1.000, 0.000, 1.000, 0.015, 0.013, 0.014, 0.016, 0.013, 0.017
15.160, 0.846, 0.687, 1.000, 0.000, 1.000, 0.000, 0.000, 1.000, 0.000, 1.000, 0.015, 0.013, 0.014, 0.016, 0.013, 0.017
15.180, 0.880, 0.620, 1.000, 0.000, 1.000, 0.000, 0.000, 1.000, 0.000, 1.000, 0.016, 0.013, 0.013, 0.016, 0.013, 0.017
15.200, 0.887, 0.552, 1.000, 0.000, 1.000, 0.000, 0.000, 1.000, 0.000, 1.000, 0.016, 0.013, 0.013, 0.016, 0.013, 0.017
15.220, 0.884, 0.482, 1.000, 0.000, 1.000, 0.000, 0.000, 1.000, 0.000, 1.000, 0.016, 0.013, 0.013, 0.016, 0.013, 0.016
15.240, 0.879, 0.402, 1.000, 0.000, 1.000, 0.000, 0.000, 1.000, 0.000, 1.000, 0.016, 0.013, 0.013, 0.016, 0.013, 0.016
15.260, 0.873, 0.307, 1.000, 0.000, 1.000, 0.000, 0.000, 1.000, 0.000, 1.000, 0.016, 0.013, 0.013, 0.016, 0.013, 0.016
15.280, 0.864, 0.183, 1.000, 0.000, 1.000, 0.000, 0.000, 1.000, 0.000, 1.000, 0.016, 0.013, 0.013, 0.016, 0.013, 0.016
15.300, 0.851, 0.015, 1.000, 0.000, 1.000, 0.000, 0.000, 1.000, 0.000, 1.000, 0.016, 0.013, 0.013, 0.016, 0.013, 0.016
15.320, 0.832, -0.214, 0.000, 0.000, 1.000, 0.000, 0.000, 1.000, 0.000, 0.000, 0.015, 0.013, 0.012, 0.016, 0.013, 0.015
15.340, 0.802, -0.487, 0.000, 0.000, 1.000, 0.000, 0.000, 1.000, 0.000, 0.000, 0.015, 0.013, 0.012, 0.015, 0.013, 0.015
15.360, 0.756, -0.720, 0.000, 0.000, 1.000, 0.000, 0.000, 1.000, 0.000, 0.000, 0.015, 0.013, 0.012, 0.015, 0.013, 0.015
15.380, 0.695, -0.839, 0.000, 0.000, 1.000, 0.000, 0.000, 1.000, 0.000, 0.000, 0.015, 0.013, 0.012, 0.015, 0.013, 0.015
15.400, 0.628, -0.879, 0.000, 0.000, 1.000, 0.000, 0.000, 1.000, 0.000, 0.000, 0.015, 0.013, 0.012, 0.015, 0.013, 0.015
15.420, 0.560, -0.887, 0.000, 0.000, 1.000, 0.000, 0.000, 1.000, 0.000, 0.000, 0.015, 0.013, 0.012, 0.015, 0.013, 0.015
15.440, 0.394, -0.849, 0.000, 1.000, 0.000, 0.000, 1.000, 0.000, 0.000, 1.000, 0.015, 0.013, 0.012, 0.015, 0.013, 0.015
15.460, 0.195, -0.827, 0.000, 1.000, 0.000, 0.000, 1.000, 0.000, 0.098, 1.000, 0.015, 0.014, 0.012, 0.016, 0.014, 0.015
15.480, -0.002, -0.825, 0.000, 1.000, 1.000, 0.000, 1.000, 0.000, 0.000, 1.000, 0.016, 0.013, 0.012, 0.016, 0.014, 0.015
15.500, -0.265, -0.807, 0.000, 1.000, 1.000, 0.000, 1.000, 1.000, 0.000, 1.000, 0.016, 0.013, 0.012, 0.016, 0.013, 0.015
15.520, -0.544, -0.780, 0.000, 1.000, 1.000, 0.000, 1.000, 1.000, 0.000, 1.000, 0.016, 0.013, 0.012, 0.016, 0.013, 0.015
15.540, -0.770, -0.714, 0.000, 1.000, 1.000, 0.000, 1.000, 1.000, 0.000, 1.000, 0.016, 0.013, 0.012, 0.016, 0.013, 0.015
15.560, -0.856, -0.655, 0.000, 0.000, 1.000, 0.000, 0.000, 1.000, 0.000, 0.000, 0.015, 0.013, 0.012, 0.016, 0.013, 0.015
15.580, -0.881, -0.590, 0.000, 0.000, 1.000, 0.000, 0.000, 1.000, 0.000, 0.000, 0.015, 0.013, 0.012, 0.016, 0.013, 0.015
15.600, -0.885, -0.522, 0.000, 0.000, 1.000, 0.000, 0.000, 1.000, 0.000, 0.000, 0.015, 0.013, 0.012, 0.015, 0.013, 0.015
15.620, -0.882, -0.449, 0.000, 0.000, 1.000, 0.000, 0.000, 1.000, 0.000, 0.000, 0.015, 0.012, 0.013, 0.015, 0.013, 0.015
15.640, -0.877, -0.364, 0.000, 0.000, 1.000, 0.000, 0.000, 1.000, 0.000, 0.000, 0.015, 0.012, 0.013, 0.015, 0.013, 0.015
15.660, -0.869, -0.258, 0.000, 0.000, 0.000, 1.000, 0.000, 0.000, 1.000, 0.000, 0.015, 0.013, 0.013, 0.015, 0.013, 0.015
15.680, -0.859, -0.117, 0.000, 0.000, 0.000, 1.000, 0.000, 0.000, 1.000, 0.000, 0.015, 0.013, 0.012, 0.016, 0.014, 0.015
15.700, -0.844, 0.076, 1.000, 0.000, 1.000, 1.000, 0.000, 1.000, 0.000, 1.000, 0.015, 0.013, 0.012, 0.016, 0.013, 0.015
15.720, -0.821, 0.330, 1.000, 0.000, 1.000, 0.000, 0.000, 1.000, 0.000, 1.000, 0.015, 0.013, 0.013, 0.016, 0.013, 0.016
15.740, -0.793, 0.587, 1.000, 1.000, 1.000, 0.000, 0.000, 1.000, 0.000, 0.000, 0.015, 0.013, 0.013, 0.016, 0.013, 0.016
15.760, -0.764, 0.747, 1.000, 1.000, 0.947, 0.000, 1.000, 1.000, 0.000, 0.000, 0.015, 0.013, 0.013, 0.016, 0.013, 0.016
15.780, -0.701, 0.847, 1.000, 1.000, 1.000, 0.000, 1.000, 1.000, 0.000, 0.000, 0.015, 0.012, 0.013, 0.016, 0.013, 0.016
15.800, -0.631, 0.881, 1.000, 0.000, 1.000, 0.000, 0.000, 1.000, 0.000, 1.000, 0.015, 0.012, 0.013, 0.016, 0.013, 0.016
15.820, -0.563, 0.888, 1.000, 0.000, 1.000, 1.000, 0.000, 1.000, 0.000, 1.000, 0.015, 0.012, 0.013, 0.016, 0.013, 0.016
15.840, -0.493, 0.885, 1.000, 0.000, 1.000, 1.000, 0.000, 1.000, 1.000, 1.000, 0.016, 0.012, 0.013, 0.016, 0.013, 0.016
15.860, -0.473, 0.860, 1.000, 1.000, 1.000, 1.000, 1.000, 0.000, 0.000, 0.000, 0.015, 0.012, 0.012, 0.016, 0.013, 0.016
15.880, -0.416, 0.865, 1.000, 1.000, 0.000, 1.000, 1.000, 0.000, 0.000, 0.000, 0.015, 0.013, 0.012, 0.016, 0.013, 0.016
15.900, -0.455, 0.823, 1.000, 1.000, 0.000, 1.000, 1.000, 0.000, 1.000, 0.000, 0.015, 0.013, 0.012, 0.015, 0.014, 0.016
15.920, -0.465, 0.827, 1.000, 1.000, 1.000, 0.000, 0.000, 0.000, 1.000, 0.000, 0.015, 0.013, 0.013, 0.016, 0.014, 0.015
15.940, -0.398, 0.858, 1.000, 0.405, 1.000, 0.000, 0.000, 1.000, 1.000, 0.595, 0.015, 0.013, 0.013, 0.016, 0.013, 0.015
15.960, -0.307, 0.865, 1.000, 0.000, 1.000, 0.000, 1.000, 1.000, 0.000, 1.000, 0.015, 0.012, 0.013, 0.016, 0.013, 0.016
15.980, -0.186, 0.861, 1.000, 0.000, 1.000, 0.000, 0.000, 1.000, 0.000, 1.000, 0.016, 0.012, 0.014, 0.016, 0.013, 0.016
16.000, -0.019, 0.850, 1.000, 0.000, 1.000, 0.000, 0.000, 1.000, 0.000, 1.000, 0.016, 0.012, 0.014, 0.016, 0.013, 0.016
16.020, 0.209, 0.832, 1.000, 0.000, 1.000, 0.000, 0.000, 1.000, 0.000, 1.000, 0.016, 0.012, 0.014, 0.017, 0.013, 0.016
16.040, 0.482, 0.803, 1.000, 0.000, 1.000, 0.000, 0.000, 1.000, 0.000, 1.000, 0.016, 0.012, 0.014, 0.017, 0.013, 0.016
16.060, 0.665, 0.710, 1.000, 1.000, 1.000, 0.000, 0.000, 1.000, 0.000, 0.000, 0.015, 0.012, 0.014, 0.017, 0.013, 0.017
16.080, 0.781, 0.615, 1.000, 1.000, 0.000, 0.000, 0.000, 1.000, 0.057, 0.000, 0.015, 0.013, 0.014, 0.017, 0.012, 0.017
16.100, 0.835, 0.511, 1.000, 1.000, 0.000, 0.000, 0.000, 1.000, 0.000, 0.000, 0.015, 0.013, 0.013, 0.017, 0.012, 0.017
16.120, 0.854, 0.396, 1.000, 1.000, 0.000, 0.000, 0.000, 1.000, 0.000, 0.000, 0.015, 0.013, 0.013, 0.017, 0.012, 0.017
16.140, 0.858, 0.278, 1.000, 1.000, 1.000, 0.000, 1.000, 1.000, 0.000, 0.000, 0.015, 0.013, 0.013, 0.016, 0.012, 0.017
16.160, 0.855, 0.143, 1.000, 1.000, 1.000, 1.000, 1.000, 1.000, 0.000, 0.000, 0.015, 0.013, 0.013, 0.016, 0.012, 0.016
16.180, 0.845, -0.039, 0.000, 0.000, 0.000, 1.000, 0.000, 1.000, 1.000, 0.000, 0.015, 0.013, 0.014, 0.016, 0.012, 0.017
16.200, 0.825, -0.283, 0.000, 0.000, 0.000, 1.000, 1.000, 0.000, 1.000, 0.000, 0.015, 0.013, 0.014, 0.017, 0.013, 0.017
16.220, 0.791, -0.556, 0.000, 0.000, 0.000, 1.000, 1.000, 0.000, 1.000, 0.000, 0.014, 0.012, 0.014, 0.017, 0.013, 0.017
16.240, 0.741, -0.762, 0.000, 0.000, 0.000, 1.000, 1.000, 0.000, 0.000, 0.000, 0.014, 0.012, 0.014, 0.017, 0.012, 0.016
16.260, 0.677, -0.855, 0.000, 0.000, 0.000, 1.000, 1.000, 0.000, 0.000, 0.000, 0.014, 0.012, 0.014, 0.017, 0.012, 0.016
16.280, 0.610, -0.882, 0.000, 0.000, 0.000, 1.000, 1.000, 0.000, 0.000, 0.000, 0.014, 0.012, 0.014, 0.017, 0.012, 0.016
16.300, 0.542, -0.887, 0.000, 0.000, 0.000, 1.000, 1.000, 0.000, 1.000, 0.000, 0.014, 0.012, 0.014, 0.017, 0.012, 0.016
16.320, 0.470, -0.884, 0.000, 0.000, 0.000, 1.000, 1.000, 0.000, 1.000, 0.000, 0.014, 0.012, 0.014, 0.017, 0.012, 0.017
16.340, 0.389, -0.878, 0.000, 0.000, 0.000, 1.000, 1.000, 0.000, 1.000, 0.000, 0.014, 0.012, 0.014, 0.017, 0.012, 0.017
16.360, 0.290, -0.871, 0.000, 0.000, 0.000, 1.000, 1.000, 0.000, 0.000, 0.000, 0.014, 0.012, 0.015, 0.017, 0.012, 0.016
16.380, 0.161, -0.862, 0.000, 0.000, 0.000, 1.000, 1.000, 0.000, 0.000, 0.000, 0.014, 0.012, 0.014, 0.017, 0.012, 0.016
16.400, -0.094, -0.826, 0.000, 1.000, 0.000, 1.000, 1.000, 0.118, 0.000, 1.000, 0.015, 0.012, 0.014, 0.018, 0.012, 0.016
16.420, -0.482, -0.753, 0.000, 1.000, 0.000, 1.000, 1.000, 0.039, 0.096, 1.000, 0.015, 0.012, 0.013, 0.018, 0.012, 0.016
16.440, -0.709, -0.726, 0.000, 0.000, 0.000, 1.000, 1.000, 0.000, 0.000, 0.000, 0.015, 0.012, 0.013, 0.018, 0.012, 0.016
16.460, -0.855, -0.615, 0.000, 1.000, 0.000, 1.000, 0.000, 0.000, 1.000, 1.000, 0.015, 0.012, 0.013, 0.017, 0.012, 0.016
16.480, -0.881, -0.535, 0.000, 1.000, 1.000, 1.000, 0.000, 1.000, 1.000, 1.000, 0.015, 0.012, 0.013, 0.017, 0.013, 0.016
16.500, -0.882, -0.464, 0.000, 0.000, 1.000, 1.000, 0.000, 1.000, 0.000, 0.000, 0.015, 0.013, 0.013, 0.017, 0.013, 0.016
16.520, -0.877, -0.382, 0.000, 0.000, 1.000, 1.000, 0.000, 1.000, 0.000, 0.000, 0.015, 0.013, 0.013, 0.017, 0.013, 0.016
16.540, -0.871, -0.282, 0.000, 0.000, 1.000, 1.000, 1.000, 1.000, 0.000, 0.000, 0.014, 0.013, 0.013, 0.017, 0.013, 0.016
16.560, -0.868, -0.118, 0.000, 1.000, 1.000, 1.000, 1.000, 1.000, 0.000, 1.000, 0.015, 0.013, 0.013, 0.016, 0.013, 0.017
16.580, -0.854, 0.088, 1.000, 1.000, 0.000, 1.000, 1.000, 1.000, 0.000, 0.000, 0.015, 0.013, 0.013, 0.016, 0.013, 0.017
16.600, -0.831, 0.341, 1.000, 1.000, 0.000, 1.000, 1.000, 1.000, 0.000, 0.000, 0.014, 0.012, 0.013, 0.016, 0.013, 0.017
16.620, -0.798, 0.596, 1.000, 1.000, 0.000, 1.000, 1.000, 1.000, 0.000, 0.000, 0.014, 0.013, 0.013, 0.016, 0.013, 0.017
16.640, -0.751, 0.771, 1.000, 1.000, 0.000, 1.000, 1.000, 0.000, 0.000, 0.000, 0.014, 0.013, 0.013, 0.016, 0.013, 0.017
16.660, -0.686, 0.857, 1.000, 1.000, 0.000, 1.000, 1.000, 0.000, 0.000, 0.000, 0.014, 0.013, 0.013, 0.016, 0.013, 0.017
16.680, -0.617, 0.884, 1.000, 0.000, 0.000, 1.000, 1.000, 0.000, 0.000, 1.000, 0.015, 0.013, 0.013, 0.016, 0.014, 0.017
16.700, -0.549, 0.887, 1.000, 0.000, 0.000, 1.000, 1.000, 0.000, 0.000, 1.000, 0.015, 0.014, 0.013, 0.016, 0.014, 0.017
16.720, -0.477, 0.885, 1.000, 0.000, 0.000, 1.000, 1.000, 0.000, 1.000, 1.000, 0.015, 0.014, 0.013, 0.016, 0.014, 0.017
16.740, -0.529, 0.828, 1.000, 1.000, 0.000, 0.000, 1.000, 0.000, 1.000, 0.000, 0.015, 0.014, 0.013, 0.016, 0.014, 0.016
16.760, -0.534, 0.837, 1.000, 1.000, 0.000, 0.000, 0.100, 0.000, 1.000, 0.000, 0.015, 0.014, 0.014, 0.016, 0.014, 0.016
16.780, -0.556, 0.832, 1.000, 1.000, 0.000, 1.000, 0.000, 1.000, 1.000, 0.000, 0.014, 0.014, 0.013, 0.017, 0.013, 0.016
16.800, -0.558, 0.841, 1.000, 1.000, 0.000, 1.000, 0.000, 1.000, 0.000, 0.000, 0.014, 0.014, 0.013, 0.017, 0.013, 0.017
16.820, -0.501, 0.868, 1.000, 1.000, 1.000, 0.000, 0.000, 1.000, 0.237, 0.000, 0.014, 0.013, 0.013, 0.017, 0.013, 0.017
16.840, -0.429, 0.875, 1.000, 0.000, 1.000, 0.000, 1.000, 1.000, 0.000, 1.000, 0.015, 0.013, 0.014, 0.017, 0.013, 0.017
16.860, -0.342, 0.873, 1.000, 0.000, 1.000, 0.000, 0.000, 1.000, 0.000, 1.000, 0.015, 0.013, 0.014, 0.017, 0.013, 0.017
16.880, -0.230, 0.866, 1.000, 0.000, 1.000, 0.000, 0.000, 1.000, 0.000, 1.000, 0.015, 0.013, 0.014, 0.017, 0.013, 0.017
16.900, -0.079, 0.856, 1.000, 0.000, 1.000, 0.000, 0.000, 1.000, 0.000, 1.000, 0.015, 0.013, 0.014, 0.017, 0.012, 0.017
16.920, 0.129, 0.840, 1.000, 0.000, 1.000, 0.000, 0.000, 1.000, 0.000, 1.000, 0.016, 0.013, 0.014, 0.017, 0.012, 0.017
16.940, 0.393, 0.814, 1.000, 0.000, 1.000, 0.000, 0.000, 1.000, 0.000, 1.000, 0.016, 0.013, 0.014, 0.017, 0.012, 0.018
16.960, 0.652, 0.774, 1.000, 0.000, 1.000, 0.000, 0.000, 1.000, 0.000, 1.000, 0.016, 0.012, 0.014, 0.018, 0.012, 0.018
16.980, 0.811, 0.717, 1.000, 0.000, 1.000, 0.000, 0.000, 1.000, 0.000, 1.000, 0.016, 0.012, 0.015, 0.018, 0.012, 0.018
17.000, 0.871, 0.651, 1.000, 0.000, 1.000, 0.000, 0.000, 1.000, 0.000, 1.000, 0.016, 0.012, 0.015, 0.018, 0.012, 0.018
17.020, 0.886, 0.583, 1.000, 0.000, 1.000, 0.000, 0.000, 1.000, 0.000, 1.000, 0.016, 0.012, 0.015, 0.018, 0.012, 0.018
17.040, 0.886, 0.514, 1.000, 0.000, 1.000, 0.000, 0.000, 1.000, 0.000, 1.000, 0.016, 0.012, 0.014, 0.018, 0.012, 0.017
17.060, 0.882, 0.440, 1.000, 0.000, 1.000, 0.000, 0.000, 1.000, 0.000, 1.000, 0.016, 0.012, 0.014, 0.018, 0.012, 0.017
17.080, 0.876, 0.353, 1.000, 0.000, 1.000, 0.000, 0.000, 1.000, 0.000, 1.000, 0.016, 0.012, 0.014, 0.018, 0.012, 0.017
17.100, 0.868, 0.244, 1.000, 0.000, 1.000, 0.000, 0.000, 1.000, 0.000, 1.000, 0.016, 0.012, 0.013, 0.018, 0.012, 0.016
17.120, 0.857, 0.098, 1.000, 0.000, 1.000, 0.000, 0.000, 1.000, 0.000, 1.000, 0.016, 0.012, 0.013, 0.017, 0.012, 0.016
17.140, 0.842, -0.103, 0.000, 0.000, 1.000, 0.000, 0.000, 1.000, 0.000, 0.000, 0.016, 0.012, 0.013, 0.017, 0.012, 0.016
17.160, 0.818, -0.363, 0.000, 0.000, 1.000, 0.000, 0.000, 1.000, 0.000, 0.000, 0.015, 0.012, 0.013, 0.017, 0.012, 0.016
17.180, 0.779, -0.627, 0.000, 0.000, 1.000, 0.000, 0.000, 1.000, 0.000, 0.000, 0.015, 0.012, 0.013, 0.017, 0.012, 0.016
17.200, 0.724, -0.799, 0.000, 0.000, 1.000, 0.000, 0.000, 1.000, 0.000, 0.000, 0.015, 0.012, 0.013, 0.017, 0.012, 0.016
17.220, 0.658, -0.867, 0.000, 0.000, 1.000, 0.000, 0.000, 1.000, 0.000, 0.000, 0.015, 0.012, 0.013, 0.016, 0.012, 0.016
17.240, 0.590, -0.885, 0.000, 0.000, 1.000, 0.000, 0.000, 1.000, 0.000, 0.000, 0.015, 0.012, 0.013, 0.016, 0.012, 0.016
17.260, 0.522, -0.886, 0.000, 0.000, 1.000, 0.000, 0.000, 1.000, 0.000, 0.000, 0.015, 0.012, 0.013, 0.016, 0.012, 0.016
17.280, 0.448, -0.882, 0.000, 0.000, 1.000, 0.000, 0.000, 1.000, 0.000, 0.000, 0.015, 0.012, 0.013, 0.016, 0.012, 0.016
17.300, 0.363, -0.877, 0.000, 0.000, 1.000, 0.000, 1.000, 1.000, 0.000, 0.000, 0.015, 0.012, 0.013, 0.017, 0.012, 0.016
17.320, 0.145, -0.835, 0.000, 1.000, 0.000, 0.000, 1.000, 0.000, 0.000, 1.000, 0.015, 0.012, 0.013, 0.017, 0.012, 0.016
17.340, -0.127, -0.807, 0.000, 1.000, 1.000, 0.000, 1.000, 0.000, 0.136, 1.000, 0.016, 0.012, 0.013, 0.017, 0.013, 0.016
17.360, -0.407, -0.789, 0.000, 1.000, 1.000, 0.000, 1.000, 0.000, 0.000, 1.000, 0.016, 0.012, 0.013, 0.018, 0.013, 0.016
17.380, -0.682, -0.740, 0.000, 1.000, 1.000, 0.000, 0.795, 1.000, 0.000, 1.000, 0.016, 0.012, 0.013, 0.018, 0.013, 0.016
17.400, -0.830, -0.672, 0.000, 1.000, 1.000, 0.000, 1.000, 1.000, 0.000, 1.000, 0.016, 0.012, 0.013, 0.018, 0.012, 0.016
17.420, -0.879, -0.583, 0.000, 1.000, 1.000, 0.000, 0.000, 1.000, 0.000, 1.000, 0.016, 0.012, 0.013, 0.017, 0.012, 0.016
17.440, -0.884, -0.510, 0.000, 1.000, 1.000, 0.000, 0.000, 1.000, 0.000, 1.000, 0.016, 0.012, 0.013, 0.017, 0.012, 0.016
17.460, -0.881, -0.436, 0.000, 0.000, 1.000, 0.000, 0.000, 1.000, 0.000, 0.000, 0.016, 0.012, 0.013, 0.017, 0.012, 0.016
17.480, -0.875, -0.348, 0.000, 0.000, 1.000, 0.000, 0.000, 1.000, 0.000, 0.000, 0.015, 0.012, 0.013, 0.017, 0.012, 0.016
17.500, -0.868, -0.238, 0.000, 0.000, 1.000, 0.000, 0.000, 1.000, 0.000, 0.000, 0.015, 0.012, 0.013, 0.016, 0.012, 0.016
17.520, -0.857, -0.090, 0.000, 0.000, 0.000, 1.000, 0.000, 0.000, 1.000, 0.000, 0.015, 0.012, 0.013, 0.017, 0.012, 0.016
17.540, -0.841, 0.114, 1.000, 0.000, 1.000, 1.000, 0.000, 0.000, 1.000, 1.000, 0.015, 0.012, 0.013, 0.017, 0.013, 0.016
17.560, -0.816, 0.376, 1.000, 0.000, 1.000, 0.000, 0.000, 1.000, 0.000, 1.000, 0.016, 0.012, 0.013, 0.018, 0.012, 0.016
17.580, -0.777, 0.638, 1.000, 0.000, 1.000, 0.000, 0.000, 1.000, 0.000, 1.000, 0.016, 0.012, 0.014, 0.018, 0.012, 0.017
17.600, -0.721, 0.804, 1.000, 0.000, 1.000, 0.000, 0.000, 1.000, 0.000, 1.000, 0.016, 0.012, 0.014, 0.018, 0.012, 0.017
17.620, -0.655, 0.869, 1.000, 0.000, 1.000, 0.000, 1.000, 1.000, 0.000, 1.000, 0.016, 0.012, 0.014, 0.017, 0.012, 0.017
17.640, -0.587, 0.885, 1.000, 0.000, 1.000, 0.000, 1.000, 0.000, 0.000, 1.000, 0.016, 0.012, 0.014, 0.017, 0.012, 0.017
17.660, -0.519, 0.886, 1.000, 0.000, 1.000, 0.000, 1.000, 1.000, 0.000, 1.000, 0.016, 0.012, 0.014, 0.017, 0.012, 0.017
17.680, -0.445, 0.882, 1.000, 0.000, 1.000, 1.000, 0.000, 1.000, 0.503, 1.000, 0.017, 0.011, 0.014, 0.017, 0.012, 0.017
17.700, -0.492, 0.827, 1.000, 1.000, 0.000, 1.000, 0.000, 1.000, 1.000, 0.000, 0.016, 0.012, 0.013, 0.017, 0.012, 0.016
17.720, -0.496, 0.834, 1.000, 1.000, 0.000, 1.000, 1.000, 0.000, 1.000, 0.000, 0.016, 0.012, 0.013, 0.017, 0.012, 0.016
17.740, -0.445, 0.859, 1.000, 1.000, 0.000, 1.000, 1.000, 0.000, 0.000, 0.000, 0.015, 0.013, 0.013, 0.017, 0.013, 0.017
17.760, -0.416, 0.851, 1.000, 1.000, 0.000, 1.000, 1.000, 1.000, 0.000, 0.000, 0.015, 0.013, 0.013, 0.017, 0.012, 0.017
17.780, -0.331, 0.864, 1.000, 0.000, 1.000, 0.000, 0.000, 1.000, 0.000, 1.000, 0.016, 0.012, 0.013, 0.017, 0.012, 0.017
17.800, -0.218, 0.862, 1.000, 0.000, 1.000, 0.000, 0.000, 1.000, 0.000, 1.000, 0.016, 0.012, 0.014, 0.017, 0.012, 0.017
17.820, -0.063, 0.853, 1.000, 0.000, 1.000, 0.000, 0.000, 1.000, 0.000, 1.000, 0.016, 0.012, 0.014, 0.018, 0.012, 0.017
17.840, 0.149, 0.837, 1.000, 0.000, 1.000, 0.000, 0.000, 1.000, 0.000, 1.000, 0.016, 0.012, 0.014, 0.018, 0.012, 0.017
17.860, 0.416, 0.811, 1.000, 0.000, 1.000, 0.000, 0.000, 1.000, 0.000, 1.000, 0.017, 0.012, 0.014, 0.018, 0.012, 0.017
17.880, 0.670, 0.770, 1.000, 0.000, 1.000, 0.000, 0.000, 1.000, 0.000, 1.000, 0.017, 0.012, 0.014, 0.018, 0.012, 0.017
17.900, 0.819, 0.711, 1.000, 0.000, 1.000, 0.000, 0.000, 1.000, 0.000, 1.000, 0.017, 0.012, 0.014, 0.018, 0.012, 0.018
17.920, 0.873, 0.645, 1.000, 0.000, 1.000, 0.000, 0.000, 1.000, 0.000, 1.000, 0.017, 0.011, 0.015, 0.018, 0.012, 0.018
17.940, 0.886, 0.577, 1.000, 0.000, 1.000, 0.000, 0.000, 1.000, 0.000, 1.000, 0.017, 0.011, 0.015, 0.018, 0.012, 0.017
17.960, 0.886, 0.508, 1.000, 0.000, 1.000, 0.000, 0.000, 1.000, 0.000, 1.000, 0.017, 0.011, 0.014, 0.018, 0.012, 0.017
17.980, 0.881, 0.433, 1.000, 0.055, 1.000, 0.000, 0.000, 1.000, 0.000, 0.945, 0.017, 0.011, 0.014, 0.018, 0.011, 0.016
18.000, 0.875, 0.344, 1.000, 0.179, 1.000, 0.000, 0.000, 1.000, 0.000, 0.821, 0.017, 0.011, 0.014, 0.018, 0.011, 0.016
18.020, 0.867, 0.231, 1.000, 0.306, 0.000, 0.109, 0.000, 1.000, 0.000, 0.694, 0.017, 0.012, 0.013, 0.018, 0.011, 0.016
18.040, 0.856, 0.080, 1.000, 0.000, 1.000, 0.000, 0.000, 1.000, 0.000, 1.000, 0.017, 0.012, 0.013, 0.018, 0.011, 0.016
18.060, 0.840, -0.127, 0.000, 0.000, 1.000, 0.000, 0.000, 1.000, 0.000, 0.000, 0.016, 0.012, 0.013, 0.018, 0.011, 0.016
18.080, 0.815, -0.390, 0.000, 0.000, 1.000, 0.000, 0.000, 1.000, 0.000, 0.000, 0.016, 0.011, 0.013, 0.018, 0.011, 0.016
18.100, 0.719, -0.575, 0.000, 1.000, 0.000, 0.000, 0.000, 1.000, 0.000, 1.000, 0.017, 0.012, 0.013, 0.017, 0.011, 0.016
18.120, 0.654, -0.736, 0.000, 1.000, 0.000, 1.000, 0.000, 1.000, 0.000, 1.000, 0.017, 0.012, 0.014, 0.017, 0.011, 0.016
18.140, 0.578, -0.820, 0.000, 1.000, 0.000, 1.000, 0.000, 1.000, 0.000, 1.000, 0.017, 0.012, 0.014, 0.017, 0.011, 0.016
18.160, 0.514, -0.861, 0.000, 1.000, 0.000, 1.000, 0.000, 1.000, 0.000, 1.000, 0.017, 0.012, 0.014, 0.017, 0.011, 0.016
18.180, 0.300, -0.820, 0.000, 1.000, 0.000, 0.000, 0.000, 1.000, 0.000, 1.000, 0.017, 0.012, 0.014, 0.017, 0.011, 0.016
18.200, -0.005, -0.780, 0.000, 1.000, 0.000, 0.000, 0.000, 1.000, 0.000, 1.000, 0.017, 0.011, 0.014, 0.017, 0.011, 0.016
18.220, -0.361, -0.743, 0.000, 1.000, 0.000, 0.000, 0.000, 1.000, 0.000, 1.000, 0.017, 0.011, 0.013, 0.017, 0.011, 0.016
18.240, -0.669, -0.694, 0.000, 1.000, 0.000, 0.000, 0.000, 1.000, 0.000, 1.000, 0.017, 0.011, 0.013, 0.017, 0.011, 0.016
18.260, -0.827, -0.624, 0.000, 1.000, 0.000, 0.000, 0.000, 1.000, 0.000, 1.000, 0.017, 0.011, 0.013, 0.017, 0.011, 0.016
18.280, -0.878, -0.524, 0.000, 1.000, 0.000, 0.000, 0.000, 1.000, 1.000, 1.000, 0.018, 0.011, 0.013, 0.017, 0.011, 0.016
18.300, -0.883, -0.421, 0.000, 1.000, 0.000, 1.000, 0.000, 1.000, 0.000, 1.000, 0.018, 0.011, 0.014, 0.017, 0.011, 0.016
18.320, -0.876, -0.317, 0.000, 1.000, 0.000, 1.000, 1.000, 1.000, 0.000, 1.000, 0.018, 0.011, 0.014, 0.017, 0.011, 0.016
18.340, -0.866, -0.196, 0.000, 0.000, 0.000, 1.000, 1.000, 0.000, 0.000, 0.000, 0.017, 0.011, 0.014, 0.017, 0.012, 0.016
18.360, -0.860, -0.013, 0.000, 1.000, 0.000, 1.000, 1.000, 1.000, 0.000, 1.000, 0.017, 0.011, 0.014, 0.018, 0.011, 0.016
18.380, -0.845, 0.220, 1.000, 1.000, 0.000, 1.000, 1.000, 1.000, 0.867, 0.000, 0.017, 0.011, 0.014, 0.018, 0.011, 0.016
18.400, -0.815, 0.485, 1.000, 1.000, 1.000, 1.000, 0.000, 1.000, 0.000, 0.000, 0.017, 0.012, 0.013, 0.017, 0.011, 0.016
18.420, -0.764, 0.720, 1.000, 0.000, 1.000, 0.000, 0.000, 1.000, 0.000, 1.000, 0.017, 0.012, 0.014, 0.017, 0.011, 0.016
18.440, -0.700, 0.840, 1.000, 0.000, 1.000, 1.000, 0.000, 1.000, 0.000, 1.000, 0.017, 0.012, 0.014, 0.017, 0.011, 0.017
18.460, -0.651, 0.868, 1.000, 1.000, 1.000, 1.000, 0.000, 1.000, 0.000, 0.000, 0.017, 0.012, 0.013, 0.017, 0.011, 0.017
18.480, -0.670, 0.835, 1.000, 1.000, 0.000, 0.000, 0.000, 1.000, 0.000, 0.000, 0.017, 0.012, 0.014, 0.018, 0.011, 0.017
18.500, -0.625, 0.866, 1.000, 1.000, 0.000, 1.000, 0.000, 1.000, 0.000, 0.000, 0.017, 0.012, 0.014, 0.018, 0.011, 0.017
18.520, -0.613, 0.857, 1.000, 1.000, 0.000, 1.000, 0.000, 1.000, 0.000, 0.000, 0.016, 0.011, 0.013, 0.018, 0.011, 0.017
18.540, -0.580, 0.866, 1.000, 1.000, 0.000, 1.000, 0.000, 1.000, 0.000, 0.000, 0.016, 0.011, 0.013, 0.018, 0.011, 0.017
18.560, -0.567, 0.857, 1.000, 1.000, 0.000, 1.000, 0.000, 1.000, 1.000, 0.000, 0.016, 0.012, 0.013, 0.018, 0.011, 0.017
18.580, -0.592, 0.836, 1.000, 1.000, 0.000, 0.000, 0.000, 1.000, 1.000, 0.000, 0.016, 0.012, 0.014, 0.018, 0.011, 0.016
18.600, -0.609, 0.834, 1.000, 1.000, 0.000, 0.000, 0.000, 1.000, 1.000, 0.000, 0.016, 0.012, 0.014, 0.018, 0.011, 0.016
18.620, -0.596, 0.850, 1.000, 1.000, 0.000, 1.000, 0.000, 1.000, 1.000, 0.000, 0.016, 0.013, 0.014, 0.018, 0.011, 0.016
18.640, -0.578, 0.856, 1.000, 1.000, 0.000, 1.000, 1.000, 1.000, 0.000, 0.000, 0.016, 0.013, 0.013, 0.018, 0.011, 0.016
18.660, -0.540, 0.867, 1.000, 1.000, 0.000, 1.000, 1.000, 0.000, 0.000, 0.000, 0.016, 0.013, 0.013, 0.017, 0.011, 0.017
18.680, -0.502, 0.867, 1.000, 1.000, 0.000, 1.000, 1.000, 1.000, 0.000, 0.000, 0.016, 0.013, 0.013, 0.017, 0.011, 0.017
18.700, -0.481, 0.856, 1.000, 1.000, 0.000, 1.000, 0.000, 1.000, 0.000, 0.000, 0.016, 0.013, 0.013, 0.018, 0.011, 0.017
18.720, -0.461, 0.852, 1.000, 1.000, 0.000, 1.000, 0.000, 1.000, 0.000, 0.000, 0.016, 0.013, 0.013, 0.018, 0.011, 0.017
18.740, -0.418, 0.856, 1.000, 1.000, 0.000, 1.000, 1.000, 0.000, 0.000, 0.000, 0.016, 0.013, 0.013, 0.018, 0.011, 0.017
18.760, -0.334, 0.865, 1.000, 0.292, 1.000, 0.000, 1.000, 0.000, 0.181, 0.708, 0.016, 0.013, 0.013, 0.017, 0.012, 0.017
18.780, -0.222, 0.863, 1.000, 0.000, 1.000, 0.000, 1.000, 0.000, 0.189, 1.000, 0.017, 0.012, 0.014, 0.017, 0.012, 0.017
18.800, -0.069, 0.854, 1.000, 0.000, 1.000, 0.000, 1.000, 0.000, 0.000, 1.000, 0.017, 0.012, 0.014, 0.017, 0.012, 0.017
18.820, 0.142, 0.838, 1.000, 0.000, 1.000, 0.000, 1.000, 0.000, 0.000, 1.000, 0.017, 0.012, 0.014, 0.017, 0.012, 0.017
18.840, 0.408, 0.812, 1.000, 0.000, 1.000, 0.000, 1.000, 0.000, 0.000, 1.000, 0.017, 0.012, 0.014, 0.017, 0.012, 0.017
18.860, 0.663, 0.771, 1.000, 0.000, 1.000, 0.000, 1.000, 0.000, 1.000, 1.000, 0.017, 0.012, 0.014, 0.017, 0.012, 0.018
18.880, 0.816, 0.713, 1.000, 0.000, 1.000, 0.000, 0.000, 0.000, 1.000, 1.000, 0.017, 0.012, 0.015, 0.017, 0.012, 0.018
18.900, 0.872, 0.647, 1.000, 0.000, 1.000, 0.000, 0.000, 0.000, 1.000, 1.000, 0.017, 0.012, 0.015, 0.018, 0.012, 0.018
18.920, 0.886, 0.579, 1.000, 0.000, 1.000, 0.000, 0.000, 0.000, 1.000, 1.000, 0.017, 0.012, 0.015, 0.018, 0.012, 0.018
18.940, 0.886, 0.510, 1.000, 0.081, 1.000, 0.000, 0.000, 0.000, 1.000, 0.919, 0.017, 0.012, 0.014, 0.018, 0.012, 0.018
18.960, 0.882, 0.435, 1.000, 0.000, 1.000, 0.000, 0.000, 0.000, 1.000, 1.000, 0.018, 0.012, 0.014, 0.018, 0.012, 0.018
18.980, 0.875, 0.347, 1.000, 0.000, 1.000, 0.000, 0.000, 0.000, 1.000, 1.000, 0.018, 0.011, 0.014, 0.018, 0.011, 0.018
19.000, 0.867, 0.236, 1.000, 0.000, 1.000, 0.000, 0.000, 0.000, 1.000, 1.000, 0.018, 0.011, 0.013, 0.018, 0.011, 0.018
19.020, 0.857, 0.087, 1.000, 0.000, 1.000, 0.000, 0.000, 0.000, 1.000, 1.000, 0.018, 0.011, 0.013, 0.018, 0.011, 0.018
19.040, 0.841, -0.117, 0.000, 0.000, 1.000, 0.000, 0.220, 0.071, 0.188, 0.000, 0.017, 0.011, 0.013, 0.018, 0.011, 0.018
19.060, 0.816, -0.379, 0.000, 0.000, 1.000, 0.000, 0.081, 0.000, 1.000, 0.000, 0.017, 0.011, 0.013, 0.018, 0.011, 0.018
19.080, 0.776, -0.641, 0.000, 0.000, 1.000, 0.000, 0.000, 0.000, 1.000, 0.000, 0.017, 0.011, 0.013, 0.018, 0.011, 0.018
19.100, 0.720, -0.806, 0.000, 0.000, 1.000, 0.000, 0.000, 0.000, 1.000, 0.000, 0.016, 0.011, 0.013, 0.018, 0.011, 0.018
19.120, 0.654, -0.869, 0.000, 0.000, 1.000, 0.000, 0.000, 0.000, 1.000, 0.000, 0.016, 0.011, 0.013, 0.018, 0.011, 0.018
19.140, 0.586, -0.885, 0.000, 0.000, 1.000, 0.000, 1.000, 1.000, 0.000, 0.000, 0.016, 0.011, 0.013, 0.018, 0.012, 0.018
19.160, 0.507, -0.882, 0.000, 1.000, 1.000, 0.095, 1.000, 1.000, 0.000, 1.000, 0.017, 0.011, 0.013, 0.018, 0.012, 0.018
19.180, 0.271, -0.822, 0.000, 1.000, 0.000, 0.000, 1.000, 0.000, 0.182, 1.000, 0.017, 0.012, 0.013, 0.018, 0.012, 0.018
19.200, -0.023, -0.787, 0.000, 1.000, 0.000, 0.000, 1.000, 0.000, 0.519, 1.000, 0.017, 0.012, 0.013, 0.019, 0.011, 0.018
19.220, -0.285, -0.785, 0.000, 1.000, 0.000, 0.085, 1.000, 1.000, 0.000, 1.000, 0.018, 0.012, 0.013, 0.019, 0.012, 0.018
19.240, -0.609, -0.735, 0.000, 1.000, 0.000, 0.000, 0.000, 1.000, 0.000, 1.000, 0.018, 0.013, 0.013, 0.018, 0.012, 0.018
19.260, -0.793, -0.683, 0.000, 1.000, 1.000, 0.000, 0.000, 1.000, 0.000, 1.000, 0.018, 0.012, 0.013, 0.018, 0.012, 0.018
19.280, -0.885, -0.527, 0.000, 1.000, 0.000, 0.000, 0.000, 1.000, 1.000, 1.000, 0.018, 0.012, 0.013, 0.018, 0.012, 0.018
19.300, -0.883, -0.440, 0.000, 1.000, 0.000, 1.000, 0.675, 0.000, 1.000, 1.000, 0.018, 0.013, 0.013, 0.018, 0.012, 0.017
19.320, -0.882, -0.298, 0.000, 1.000, 0.000, 1.000, 0.000, 0.000, 1.000, 1.000, 0.018, 0.013, 0.014, 0.018, 0.012, 0.017
19.340, -0.870, -0.144, 0.000, 1.000, 0.000, 1.000, 1.000, 0.000, 1.000, 1.000, 0.018, 0.013, 0.014, 0.018, 0.012, 0.017
19.360, -0.851, 0.042, 1.000, 0.000, 0.000, 1.000, 1.000, 0.000, 1.000, 1.000, 0.018, 0.013, 0.014, 0.018, 0.013, 0.017
19.380, -0.838, 0.284, 1.000, 1.000, 0.000, 1.000, 1.000, 0.000, 1.000, 0.000, 0.018, 0.013, 0.013, 0.018, 0.013, 0.017
19.400, -0.818, 0.527, 1.000, 1.000, 0.000, 1.000, 1.000, 0.000, 1.000, 0.000, 0.017, 0.013, 0.013, 0.019, 0.013, 0.017
19.420, -0.777, 0.723, 1.000, 1.000, 0.000, 1.000, 1.000, 1.000, 0.000, 0.000, 0.017, 0.013, 0.013, 0.019, 0.012, 0.017
19.440, -0.733, 0.818, 1.000, 1.000, 0.000, 1.000, 1.000, 1.000, 1.000, 0.000, 0.017, 0.013, 0.013, 0.019, 0.012, 0.017
19.460, -0.723, 0.825, 1.000, 1.000, 0.000, 0.526, 1.000, 1.000, 0.000, 0.000, 0.017, 0.013, 0.013, 0.018, 0.012, 0.018
19.480, -0.699, 0.842, 1.000, 1.000, 0.000, 0.000, 0.000, 1.000, 0.000, 0.000, 0.017, 0.012, 0.014, 0.019, 0.012, 0.018
19.500, -0.688, 0.842, 1.000, 1.000, 0.000, 0.000, 0.000, 1.000, 1.000, 0.000, 0.017, 0.012, 0.014, 0.019, 0.012, 0.017
19.520, -0.681, 0.841, 1.000, 1.000, 0.000, 1.000, 0.000, 1.000, 1.000, 0.000, 0.016, 0.012, 0.013, 0.019, 0.011, 0.017
19.540, -0.668, 0.847, 1.000, 1.000, 0.000, 1.000, 0.000, 1.000, 1.000, 0.000, 0.016, 0.012, 0.013, 0.019, 0.011, 0.017
19.560, -0.640, 0.859, 1.000, 1.000, 0.000, 1.000, 1.000, 1.000, 0.000, 0.000, 0.016, 0.012, 0.013, 0.018, 0.011, 0.017
19.580, -0.606, 0.867, 1.000, 1.000, 0.000, 1.000, 1.000, 1.000, 0.000, 0.000, 0.016, 0.012, 0.013, 0.018, 0.011, 0.018
19.600, -0.550, 0.878, 1.000, 1.000, 0.000, 1.000, 1.000, 1.000, 0.000, 0.000, 0.016, 0.012, 0.013, 0.018, 0.011, 0.018
19.620, -0.498, 0.876, 1.000, 1.000, 0.000, 1.000, 1.000, 1.000, 0.000, 0.000, 0.016, 0.012, 0.013, 0.018, 0.011, 0.018
19.640, -0.497, 0.850, 1.000, 1.000, 0.000, 1.000, 0.000, 1.000, 0.000, 0.000, 0.016, 0.012, 0.013, 0.018, 0.011, 0.018
19.660, -0.506, 0.839, 1.000, 1.000, 0.000, 1.000, 1.000, 1.000, 0.000, 0.000, 0.016, 0.012, 0.013, 0.018, 0.011, 0.018
19.680, -0.481, 0.851, 1.000, 1.000, 0.000, 1.000, 1.000, 0.000, 0.000, 0.000, 0.016, 0.012, 0.013, 0.018, 0.012, 0.018
19.700, -0.487, 0.840, 1.000, 1.000, 0.000, 1.000, 1.000, 1.000, 0.000, 0.000, 0.016, 0.012, 0.013, 0.018, 0.012, 0.018
19.720, -0.527, 0.821, 1.000, 1.000, 0.000, 0.000, 0.000, 1.000, 0.000, 0.000, 0.016, 0.012, 0.013, 0.018, 0.011, 0.018
19.740, -0.512, 0.844, 1.000, 1.000, 1.000, 0.000, 0.000, 1.000, 0.000, 0.000, 0.016, 0.012, 0.014, 0.018, 0.011, 0.019
19.760, -0.446, 0.868, 1.000, 0.000, 1.000, 0.000, 0.000, 1.000, 0.000, 1.000, 0.017, 0.013, 0.014, 0.019, 0.011, 0.018
19.780, -0.364, 0.872, 1.000, 0.000, 1.000, 0.000, 0.000, 1.000, 0.000, 1.000, 0.017, 0.013, 0.014, 0.019, 0.011, 0.018
19.800, -0.260, 0.867, 1.000, 0.000, 1.000, 0.000, 0.000, 1.000, 0.000, 1.000, 0.017, 0.013, 0.014, 0.019, 0.011, 0.017
19.820, -0.120, 0.858, 1.000, 0.000, 1.000, 0.000, 0.000, 1.000, 0.000, 1.000, 0.017, 0.013, 0.014, 0.019, 0.011, 0.017
19.840, 0.072, 0.844, 1.000, 0.000, 1.000, 0.000, 0.000, 1.000, 0.000, 1.000, 0.017, 0.013, 0.014, 0.019, 0.011, 0.017
19.860, 0.325, 0.822, 1.000, 0.000, 1.000, 0.000, 0.000, 1.000, 0.000, 1.000, 0.017, 0.012, 0.014, 0.019, 0.011, 0.017
19.880, 0.595, 0.785, 1.000, 0.000, 1.000, 0.000, 0.000, 1.000, 0.000, 1.000, 0.018, 0.012, 0.014, 0.019, 0.011, 0.017
19.900, 0.783, 0.732, 1.000, 0.000, 1.000, 0.000, 0.000, 1.000, 1.000, 1.000, 0.018, 0.012, 0.014, 0.019, 0.011, 0.018
19.920, 0.862, 0.667, 1.000, 0.000, 1.000, 0.000, 0.000, 0.000, 1.000, 1.000, 0.018, 0.012, 0.014, 0.019, 0.011, 0.018
19.940, 0.884, 0.600, 1.000, 0.000, 1.000, 0.000, 0.000, 0.000, 1.000, 1.000, 0.018, 0.012, 0.013, 0.019, 0.012, 0.018
19.960, 0.887, 0.531, 1.000, 0.000, 1.000, 0.000, 0.000, 0.000, 1.000, 1.000, 0.018, 0.012, 0.013, 0.019, 0.012, 0.018
19.980, 0.883, 0.459, 1.000, 0.000, 1.000, 0.000, 0.000, 0.000, 1.000, 1.000, 0.018, 0.012, 0.013, 0.019, 0.012, 0.018
20.000, 0.878, 0.376, 1.000, 0.000, 1.000, 0.000, 0.000, 0.000, 1.000, 1.000, 0.018, 0.012, 0.013, 0.019, 0.012, 0.018
20.020, 0.870, 0.273, 1.000, 0.000, 1.000, 0.000, 0.000, 0.000, 1.000, 1.000, 0.018, 0.012, 0.013, 0.019, 0.012, 0.019
20.040, 0.860, 0.138, 1.000, 0.000, 1.000, 0.000, 0.000, 0.029, 1.000, 1.000, 0.018, 0.012, 0.013, 0.019, 0.013, 0.019
20.060, 0.846, -0.048, 0.000, 0.000, 1.000, 0.000, 0.000, 0.000, 1.000, 0.000, 0.017, 0.012, 0.013, 0.018, 0.013, 0.019
20.080, 0.825, -0.295, 0.000, 0.000, 1.000, 0.000, 0.000, 0.000, 1.000, 0.000, 0.017, 0.011, 0.013, 0.018, 0.013, 0.018
20.100, 0.790, -0.568, 0.000, 0.000, 1.000, 0.000, 0.011, 0.000, 1.000, 0.000, 0.017, 0.011, 0.013, 0.018, 0.013, 0.018
20.120, 0.739, -0.768, 0.000, 0.000, 1.000, 0.000, 0.214, 0.000, 1.000, 0.000, 0.017, 0.011, 0.013, 0.018, 0.013, 0.018
20.140, 0.674, -0.857, 0.000, 0.000, 1.000, 0.000, 0.225, 0.000, 1.000, 0.000, 0.017, 0.011, 0.013, 0.018, 0.012, 0.017
20.160, 0.607, -0.883, 0.000, 0.000, 1.000, 0.000, 0.345, 0.013, 1.000, 0.000, 0.017, 0.011, 0.013, 0.018, 0.012, 0.017
20.180, 0.539, -0.887, 0.000, 0.000, 1.000, 0.000, 1.000, 0.000, 0.000, 0.000, 0.016, 0.011, 0.013, 0.019, 0.012, 0.018
20.200, 0.456, -0.880, 0.000, 1.000, 1.000, 0.408, 1.000, 0.000, 0.000, 1.000, 0.017, 0.011, 0.013, 0.019, 0.012, 0.018
20.220, 0.311, -0.857, 0.000, 1.000, 1.000, 0.000, 1.000, 0.000, 1.000, 1.000, 0.017, 0.011, 0.013, 0.019, 0.012, 0.018
20.240, 0.013, -0.801, 0.000, 1.000, 1.000, 0.000, 1.000, 0.000, 1.000, 1.000, 0.018, 0.011, 0.013, 0.019, 0.012, 0.018
20.260, -0.392, -0.735, 0.000, 1.000, 0.000, 0.000, 1.000, 0.000, 1.000, 1.000, 0.018, 0.012, 0.013, 0.019, 0.011, 0.017
20.280, -0.696, -0.679, 0.000, 1.000, 1.000, 0.000, 1.000, 0.000, 1.000, 1.000, 0.018, 0.012, 0.013, 0.019, 0.011, 0.017
20.300, -0.838, -0.604, 0.000, 1.000, 1.000, 0.000, 1.000, 0.000, 1.000, 1.000, 0.018, 0.011, 0.013, 0.019, 0.011, 0.017
20.320, -0.880, -0.502, 0.000, 1.000, 1.000, 0.000, 1.000, 0.000, 1.000, 1.000, 0.018, 0.011, 0.012, 0.019, 0.011, 0.017
20.340, -0.883, -0.386, 0.000, 1.000, 1.000, 0.000, 1.000, 0.000, 1.000, 1.000, 0.018, 0.011, 0.013, 0.019, 0.011, 0.017
20.360, -0.877, -0.249, 0.000, 1.000, 1.000, 0.000, 1.000, 0.000, 1.000, 1.000, 0.018, 0.011, 0.013, 0.018, 0.011, 0.017
20.380, -0.861, -0.101, 0.000, 0.953, 1.000, 0.000, 1.000, 0.000, 1.000, 0.953, 0.018, 0.011, 0.014, 0.018, 0.011, 0.017
20.400, -0.844, 0.100, 1.000, 0.000, 1.000, 0.000, 1.000, 1.000, 0.000, 1.000, 0.018, 0.011, 0.014, 0.018, 0.012, 0.017
20.420, -0.819, 0.359, 1.000, 0.000, 1.000, 0.000, 1.000, 1.000, 1.000, 1.000, 0.018, 0.011, 0.014, 0.018, 0.012, 0.017
20.440, -0.789, 0.611, 1.000, 1.000, 1.000, 0.020, 1.000, 1.000, 0.000, 0.000, 0.018, 0.011, 0.014, 0.018, 0.012, 0.018
20.460, -0.765, 0.751, 1.000, 1.000, 0.000, 0.000, 0.000, 0.000, 1.000, 0.000, 0.017, 0.012, 0.014, 0.018, 0.012, 0.017
20.480, -0.720, 0.832, 1.000, 1.000, 0.000, 1.000, 0.000, 0.000, 1.000, 0.000, 0.017, 0.012, 0.014, 0.019, 0.012, 0.017
20.500, -0.671, 0.864, 1.000, 1.000, 0.000, 1.000, 1.000, 0.000, 1.000, 0.000, 0.017, 0.012, 0.013, 0.018, 0.012, 0.017
20.520, -0.626, 0.873, 1.000, 1.000, 0.000, 1.000, 1.000, 0.000, 1.000, 0.000, 0.017, 0.012, 0.013, 0.018, 0.011, 0.017
20.540, -0.618, 0.856, 1.000, 1.000, 0.000, 1.000, 1.000, 0.000, 1.000, 0.000, 0.017, 0.012, 0.013, 0.018, 0.011, 0.017
20.560, -0.620, 0.847, 1.000, 1.000, 0.000, 1.000, 1.000, 0.000, 1.000, 0.000, 0.017, 0.013, 0.013, 0.018, 0.012, 0.017
20.580, -0.627, 0.842, 1.000, 1.000, 0.000, 1.000, 1.000, 0.000, 1.000, 0.000, 0.017, 0.013, 0.013, 0.018, 0.012, 0.017
20.600, -0.627, 0.844, 1.000, 1.000, 0.000, 1.000, 1.000, 0.000, 1.000, 0.000, 0.017, 0.013, 0.013, 0.018, 0.012, 0.017
20.620, -0.604, 0.857, 1.000, 1.000, 0.000, 1.000, 1.000, 0.000, 1.000, 0.000, 0.017, 0.013, 0.013, 0.018, 0.013, 0.017
20.640, -0.603, 0.849, 1.000, 1.000, 0.000, 1.000, 1.000, 0.000, 1.000, 0.000, 0.017, 0.012, 0.013, 0.018, 0.013, 0.016
20.660, -0.545, 0.875, 1.000, 0.670, 0.000, 1.000, 1.000, 0.000, 0.000, 0.330, 0.017, 0.012, 0.013, 0.018, 0.013, 0.017
20.680, -0.479, 0.879, 1.000, 0.530, 0.000, 1.000, 1.000, 0.000, 0.000, 0.470, 0.017, 0.012, 0.013, 0.017, 0.013, 0.017
20.700, -0.439, 0.865, 1.000, 1.000, 0.000, 1.000, 1.000, 1.000, 0.000, 0.000, 0.017, 0.012, 0.012, 0.017, 0.012, 0.018
20.720, -0.444, 0.840, 1.000, 1.000, 0.000, 1.000, 0.000, 1.000, 0.000, 0.000, 0.017, 0.012, 0.012, 0.018, 0.012, 0.018
20.740, -0.472, 0.823, 1.000, 1.000, 0.000, 0.000, 0.000, 1.000, 0.000, 0.000, 0.016, 0.011, 0.013, 0.018, 0.012, 0.018
20.760, -0.512, 0.815, 1.000, 1.000, 0.000, 0.000, 0.000, 1.000, 0.000, 0.000, 0.016, 0.011, 0.013, 0.019, 0.012, 0.018
20.780, -0.544, 0.819, 1.000, 1.000, 0.000, 0.000, 0.000, 1.000, 0.000, 0.000, 0.016, 0.011, 0.014, 0.019, 0.012, 0.018
20.800, -0.569, 0.825, 1.000, 1.000, 0.000, 0.000, 0.000, 1.000, 0.000, 0.000, 0.016, 0.011, 0.014, 0.019, 0.012, 0.018
20.820, -0.550, 0.849, 1.000, 1.000, 0.000, 1.000, 0.000, 1.000, 0.000, 0.000, 0.016, 0.011, 0.013, 0.019, 0.012, 0.018
20.840, -0.497, 0.869, 1.000, 1.000, 1.000, 1.000, 0.000, 1.000, 0.000, 0.000, 0.016, 0.012, 0.013, 0.019, 0.012, 0.018
20.860, -0.424, 0.875, 1.000, 0.000, 1.000, 1.000, 0.000, 1.000, 0.000, 1.000, 0.017, 0.012, 0.013, 0.019, 0.011, 0.018
20.880, -0.336, 0.873, 1.000, 0.000, 1.000, 0.054, 0.000, 1.000, 0.000, 1.000, 0.017, 0.012, 0.013, 0.019, 0.011, 0.017
20.900, -0.222, 0.866, 1.000, 0.000, 1.000, 0.000, 0.000, 1.000, 0.000, 1.000, 0.017, 0.013, 0.013, 0.019, 0.011, 0.017
20.920, -0.068, 0.855, 1.000, 0.000, 1.000, 0.000, 0.000, 1.000, 0.000, 1.000, 0.017, 0.013, 0.013, 0.019, 0.011, 0.017
20.940, 0.143, 0.838, 1.000, 0.000, 1.000, 1.000, 0.202, 1.000, 0.000, 1.000, 0.018, 0.013, 0.013, 0.019, 0.011, 0.017
20.960, 0.410, 0.812, 1.000, 0.000, 1.000, 1.000, 0.000, 1.000, 0.000, 1.000, 0.018, 0.013, 0.014, 0.019, 0.011, 0.017
20.980, 0.665, 0.771, 1.000, 0.000, 1.000, 1.000, 0.000, 1.000, 1.000, 1.000, 0.018, 0.013, 0.014, 0.019, 0.011, 0.017
21.000, 0.817, 0.713, 1.000, 0.000, 0.000, 1.000, 0.000, 0.000, 1.000, 1.000, 0.018, 0.013, 0.014, 0.019, 0.012, 0.018
21.020, 0.872, 0.647, 1.000, 0.000, 0.000, 1.000, 0.000, 0.000, 1.000, 1.000, 0.018, 0.013, 0.014, 0.019, 0.012, 0.018
21.040, 0.886, 0.579, 1.000, 0.000, 0.000, 1.000, 0.000, 0.000, 1.000, 1.000, 0.018, 0.013, 0.014, 0.019, 0.012, 0.018
21.060, 0.886, 0.510, 1.000, 0.000, 0.000, 1.000, 0.000, 0.000, 1.000, 1.000, 0.018, 0.013, 0.014, 0.019, 0.013, 0.018
21.080, 0.882, 0.434, 1.000, 0.087, 0.000, 1.000, 0.000, 0.000, 1.000, 0.913, 0.018, 0.013, 0.014, 0.018, 0.013, 0.018
21.100, 0.875, 0.346, 1.000, 0.173, 0.000, 1.000, 0.000, 0.000, 1.000, 0.827, 0.018, 0.013, 0.014, 0.018, 0.013, 0.018
21.120, 0.867, 0.234, 1.000, 0.121, 0.000, 1.000, 0.000, 0.000, 1.000, 0.879, 0.018, 0.014, 0.014, 0.018, 0.013, 0.018
21.140, 0.856, 0.085, 1.000, 0.056, 0.000, 1.000, 0.000, 0.000, 1.000, 0.944, 0.018, 0.014, 0.015, 0.018, 0.013, 0.018
21.160, 0.840, -0.121, 0.000, 0.000, 0.000, 1.000, 0.000, 0.000, 1.000, 0.000, 0.018, 0.014, 0.015, 0.018, 0.013, 0.018
21.180, 0.815, -0.383, 0.000, 0.200, 0.000, 1.000, 0.166, 0.000, 1.000, 0.200, 0.017, 0.014, 0.015, 0.018, 0.013, 0.018
21.200, 0.775, -0.643, 0.000, 0.319, 0.000, 1.000, 0.282, 0.226, 1.000, 0.319, 0.017, 0.014, 0.015, 0.018, 0.013, 0.017
21.220, 0.719, -0.807, 0.000, 0.000, 1.000, 0.000, 0.338, 0.444, 0.909, 0.000, 0.017, 0.013, 0.015, 0.018, 0.013, 0.017
21.240, 0.653, -0.869, 0.000, 0.000, 1.000, 0.000, 1.000, 0.000, 0.514, 0.000, 0.017, 0.013, 0.015, 0.019, 0.013, 0.017
21.260, 0.581, -0.883, 0.000, 1.000, 1.000, 0.905, 1.000, 0.000, 0.000, 1.000, 0.017, 0.013, 0.014, 0.019, 0.013, 0.018
21.280, 0.482, -0.874, 0.000, 1.000, 1.000, 0.000, 1.000, 0.000, 0.000, 1.000, 0.018, 0.013, 0.015, 0.019, 0.013, 0.018
21.300, 0.359, -0.861, 0.000, 1.000, 1.000, 0.000, 1.000, 0.000, 0.000, 1.000, 0.018, 0.012, 0.015, 0.019, 0.013, 0.018
21.320, 0.208, -0.849, 0.000, 1.000, 1.000, 0.000, 1.000, 0.000, 0.000, 1.000, 0.018, 0.012, 0.015, 0.019, 0.013, 0.018
21.340, -0.020, -0.826, 0.000, 1.000, 1.000, 0.000, 1.000, 0.000, 0.000, 1.000, 0.018, 0.012, 0.015, 0.018, 0.013, 0.018
21.360, -0.463, -0.730, 0.000, 1.000, 1.000, 0.000, 1.000, 0.000, 1.000, 1.000, 0.018, 0.012, 0.015, 0.018, 0.012, 0.018
21.380, -0.737, -0.669, 0.000, 1.000, 1.000, 0.000, 0.000, 0.000, 1.000, 1.000, 0.018, 0.012, 0.015, 0.019, 0.012, 0.018
21.400, -0.857, -0.573, 0.000, 1.000, 0.000, 0.000, 1.000, 0.000, 1.000, 1.000, 0.018, 0.013, 0.015, 0.018, 0.012, 0.017
21.420, -0.882, -0.471, 0.000, 1.000, 0.000, 1.000, 1.000, 0.000, 1.000, 1.000, 0.018, 0.013, 0.015, 0.018, 0.012, 0.017
21.440, -0.884, -0.325, 0.000, 1.000, 0.000, 1.000, 1.000, 0.000, 1.000, 1.000, 0.018, 0.013, 0.014, 0.018, 0.012, 0.017
21.460, -0.874, -0.166, 0.000, 1.000, 0.000, 1.000, 1.000, 0.000, 1.000, 1.000, 0.019, 0.014, 0.014, 0.018, 0.012, 0.017
21.480, -0.860, 0.029, 1.000, 1.000, 0.000, 1.000, 1.000, 0.000, 1.000, 0.000, 0.018, 0.014, 0.014, 0.018, 0.012, 0.017
21.500, -0.840, 0.272, 1.000, 1.000, 0.006, 1.000, 1.000, 0.000, 1.000, 0.000, 0.018, 0.014, 0.014, 0.018, 0.012, 0.017
21.520, -0.812, 0.529, 1.000, 1.000, 0.000, 0.000, 1.000, 0.000, 1.000, 0.000, 0.017, 0.014, 0.014, 0.018, 0.012, 0.017
21.540, -0.774, 0.723, 1.000, 1.000, 0.000, 1.000, 1.000, 0.000, 1.000, 0.000, 0.017, 0.014, 0.014, 0.018, 0.012, 0.017
21.560, -0.720, 0.830, 1.000, 1.000, 0.000, 1.000, 1.000, 1.000, 0.000, 0.000, 0.017, 0.014, 0.014, 0.017, 0.012, 0.017
21.580, -0.667, 0.867, 1.000, 1.000, 0.000, 1.000, 0.000, 1.000, 0.000, 0.000, 0.017, 0.014, 0.014, 0.018, 0.013, 0.018
21.600, -0.623, 0.873, 1.000, 1.000, 0.000, 1.000, 0.000, 1.000, 0.000, 0.000, 0.017, 0.013, 0.014, 0.018, 0.013, 0.018
21.620, -0.588, 0.870, 1.000, 1.000, 0.000, 1.000, 0.000, 1.000, 0.000, 0.000, 0.017, 0.013, 0.014, 0.019, 0.013, 0.018
21.640, -0.564, 0.864, 1.000, 1.000, 0.000, 1.000, 0.000, 1.000, 0.000, 0.000, 0.017, 0.013, 0.014, 0.019, 0.013, 0.018
21.660, -0.539, 0.862, 1.000, 1.000, 0.000, 1.000, 0.000, 1.000, 0.000, 0.000, 0.017, 0.013, 0.015, 0.019, 0.013, 0.018
21.680, -0.511, 0.861, 1.000, 1.000, 0.000, 1.000, 0.000, 1.000, 0.000, 0.000, 0.017, 0.013, 0.015, 0.019, 0.013, 0.018
21.700, -0.493, 0.855, 1.000, 1.000, 0.000, 1.000, 0.000, 1.000, 0.000, 0.000, 0.017, 0.013, 0.015, 0.019, 0.013, 0.018
21.720, -0.483, 0.848, 1.000, 1.000, 0.000, 1.000, 0.000, 1.000, 0.000, 0.000, 0.017, 0.013, 0.015, 0.019, 0.012, 0.017
21.740, -0.476, 0.844, 1.000, 1.000, 0.000, 1.000, 0.000, 1.000, 0.000, 0.000, 0.017, 0.013, 0.015, 0.019, 0.012, 0.017
21.760, -0.443, 0.853, 1.000, 1.000, 0.000, 1.000, 0.000, 1.000, 0.000, 0.000, 0.017, 0.012, 0.015, 0.019, 0.012, 0.017
21.780, -0.364, 0.866, 1.000, 0.000, 0.000, 1.000, 0.123, 1.000, 0.000, 1.000, 0.017, 0.012, 0.015, 0.019, 0.012, 0.017
21.800, -0.418, 0.810, 1.000, 1.000, 0.000, 1.000, 0.000, 1.000, 0.000, 0.000, 0.017, 0.012, 0.015, 0.019, 0.012, 0.017
21.820, -0.496, 0.788, 1.000, 1.000, 0.000, 0.000, 0.000, 1.000, 0.000, 0.000, 0.017, 0.012, 0.015, 0.019, 0.012, 0.017
21.840, -0.559, 0.793, 1.000, 1.000, 0.000, 0.000, 0.000, 1.000, 0.000, 0.000, 0.017, 0.012, 0.015, 0.019, 0.012, 0.017
21.860, -0.599, 0.809, 1.000, 1.000, 0.000, 0.000, 0.000, 1.000, 0.000, 0.000, 0.017, 0.012, 0.014, 0.019, 0.012, 0.017
21.880, -0.629, 0.818, 1.000, 1.000, 0.000, 0.000, 0.000, 1.000, 0.000, 0.000, 0.016, 0.012, 0.014, 0.019, 0.012, 0.017
21.900, -0.630, 0.836, 1.000, 1.000, 0.000, 0.000, 0.000, 1.000, 0.000, 0.000, 0.016, 0.012, 0.014, 0.019, 0.012, 0.017
21.920, -0.653, 0.827, 1.000, 1.000, 0.000, 0.000, 0.000, 1.000, 0.000, 0.000, 0.016, 0.012, 0.014, 0.018, 0.012, 0.017
21.940, -0.652, 0.839, 1.000, 1.000, 0.000, 0.000, 0.000, 1.000, 0.000, 0.000, 0.016, 0.012, 0.014, 0.018, 0.012, 0.017
21.960, -0.653, 0.840, 1.000, 1.000, 0.000, 0.000, 0.000, 1.000, 0.000, 0.000, 0.016, 0.012, 0.014, 0.018, 0.012, 0.017
21.980, -0.652, 0.842, 1.000, 1.000, 0.000, 0.000, 0.000, 1.000, 0.000, 0.000, 0.016, 0.012, 0.014, 0.018, 0.012, 0.016
22.000, -0.655, 0.840, 1.000, 1.000, 0.000, 0.000, 0.000, 1.000, 1.000, 0.000, 0.016, 0.012, 0.014, 0.018, 0.012, 0.017
22.020, -0.665, 0.833, 1.000, 1.000, 0.000, 0.000, 0.000, 0.000, 1.000, 0.000, 0.016, 0.012, 0.014, 0.018, 0.012, 0.017
22.040, -0.621, 0.865, 1.000, 1.000, 0.000, 1.000, 0.000, 0.000, 1.000, 0.000, 0.016, 0.013, 0.014, 0.018, 0.013, 0.018
22.060, -0.556, 0.882, 1.000, 0.000, 0.000, 1.000, 0.000, 0.000, 1.000, 1.000, 0.017, 0.013, 0.014, 0.018, 0.013, 0.018
22.080, -0.487, 0.883, 1.000, 0.208, 0.000, 1.000, 0.111, 1.000, 1.000, 0.792, 0.017, 0.013, 0.014, 0.018, 0.012, 0.017
22.100, -0.616, 0.781, 1.000, 1.000, 0.000, 0.000, 0.000, 1.000, 0.000, 0.000, 0.017, 0.013, 0.014, 0.018, 0.012, 0.018
22.120, -0.615, 0.828, 1.000, 1.000, 0.000, 0.000, 0.000, 1.000, 0.000, 0.000, 0.016, 0.014, 0.015, 0.018, 0.012, 0.018
22.140, -0.609, 0.844, 1.000, 1.000, 0.000, 0.000, 1.000, 1.000, 0.000, 0.000, 0.016, 0.014, 0.015, 0.018, 0.012, 0.018
22.160, -0.617, 0.840, 1.000, 1.000, 1.000, 0.354, 0.000, 1.000, 0.000, 0.000, 0.016, 0.013, 0.015, 0.018, 0.012, 0.018
22.180, -0.557, 0.874, 1.000, 0.000, 1.000, 0.000, 0.000, 1.000, 0.000, 1.000, 0.017, 0.013, 0.015, 0.018, 0.012, 0.018
22.200, -0.490, 0.881, 1.000, 0.000, 1.000, 1.000, 0.000, 1.000, 0.000, 1.000, 0.017, 0.013, 0.015, 0.018, 0.012, 0.018
22.220, -0.463, 0.862, 1.000, 1.000, 1.000, 1.000, 0.000, 1.000, 0.000, 0.000, 0.017, 0.012, 0.014, 0.017, 0.012, 0.018
22.240, -0.413, 0.862, 1.000, 1.000, 1.000, 1.000, 0.000, 1.000, 0.000, 0.000, 0.016, 0.012, 0.014, 0.017, 0.012, 0.018
22.260, -0.361, 0.856, 1.000, 1.000, 1.000, 1.000, 0.000, 1.000, 0.000, 0.000, 0.016, 0.012, 0.014, 0.017, 0.012, 0.018
22.280, -0.419, 0.805, 1.000, 1.000, 0.000, 1.000, 0.000, 1.000, 1.000, 0.000, 0.016, 0.013, 0.014, 0.017, 0.012, 0.018
22.300, -0.421, 0.820, 1.000, 1.000, 0.000, 0.000, 0.000, 1.000, 1.000, 0.000, 0.016, 0.013, 0.014, 0.017, 0.012, 0.017
22.320, -0.381, 0.841, 1.000, 1.000, 1.000, 0.000, 0.000, 1.000, 1.000, 0.000, 0.016, 0.013, 0.015, 0.018, 0.011, 0.017
22.340, -0.333, 0.844, 1.000, 1.000, 1.000, 0.000, 0.000, 1.000, 1.000, 0.000, 0.016, 0.013, 0.015, 0.018, 0.011, 0.017
22.360, -0.339, 0.818, 1.000, 1.000, 0.000, 0.000, 0.000, 1.000, 1.000, 0.000, 0.016, 0.013, 0.015, 0.018, 0.011, 0.017
22.380, -0.359, 0.805, 1.000, 1.000, 0.000, 0.000, 0.000, 1.000, 0.000, 0.000, 0.016, 0.013, 0.015, 0.018, 0.011, 0.017
22.400, -0.372, 0.807, 1.000, 1.000, 0.000, 0.069, 0.000, 1.000, 0.000, 0.000, 0.016, 0.014, 0.015, 0.019, 0.011, 0.018
22.420, -0.386, 0.809, 1.000, 1.000, 0.000, 0.002, 0.000, 1.000, 0.000, 0.000, 0.016, 0.014, 0.015, 0.019, 0.011, 0.018
22.440, -0.407, 0.809, 1.000, 1.000, 0.000, 0.000, 0.000, 1.000, 0.000, 0.000, 0.016, 0.014, 0.016, 0.019, 0.011, 0.018
22.460, -0.429, 0.812, 1.000, 1.000, 0.000, 0.000, 0.000, 1.000, 0.000, 0.000, 0.016, 0.014, 0.016, 0.019, 0.011, 0.018
22.480, -0.357, 0.850, 1.000, 0.000, 0.000, 1.000, 0.000, 1.000, 0.000, 1.000, 0.016, 0.014, 0.015, 0.019, 0.011, 0.018
22.500, -0.256, 0.859, 1.000, 0.000, 0.000, 1.000, 0.000, 1.000, 0.000, 1.000, 0.016, 0.014, 0.015, 0.019, 0.011, 0.018
22.520, -0.117, 0.855, 1.000, 0.000, 0.000, 1.000, 0.000, 1.000, 0.000, 1.000, 0.017, 0.014, 0.016, 0.019, 0.011, 0.018
22.540, 0.076, 0.842, 1.000, 0.000, 0.000, 1.000, 0.000, 1.000, 0.000, 1.000, 0.017, 0.014, 0.016, 0.019, 0.011, 0.019
22.560, 0.329, 0.820, 1.000, 0.000, 0.000, 1.000, 0.000, 1.000, 0.000, 1.000, 0.017, 0.014, 0.016, 0.019, 0.011, 0.018
22.580, 0.598, 0.784, 1.000, 0.000, 0.000, 1.000, 0.000, 1.000, 0.000, 1.000, 0.017, 0.013, 0.016, 0.019, 0.011, 0.018
22.600, 0.785, 0.731, 1.000, 0.000, 0.000, 1.000, 0.000, 1.000, 0.000, 1.000, 0.017, 0.013, 0.016, 0.019, 0.011, 0.017
22.620, 0.863, 0.666, 1.000, 0.000, 0.000, 1.000, 0.000, 1.000, 0.000, 1.000, 0.017, 0.013, 0.016, 0.019, 0.011, 0.017
22.640, 0.884, 0.599, 1.000, 0.000, 0.000, 1.000, 0.000, 1.000, 0.000, 1.000, 0.017, 0.013, 0.016, 0.019, 0.011, 0.017
22.660, 0.886, 0.530, 1.000, 0.006, 0.000, 1.000, 0.000, 1.000, 0.000, 0.994, 0.017, 0.013, 0.016, 0.019, 0.011, 0.017
22.680, 0.883, 0.456, 1.000, 0.358, 0.064, 0.000, 0.000, 1.000, 0.000, 0.642, 0.017, 0.013, 0.016, 0.019, 0.011, 0.017
22.700, 0.877, 0.372, 1.000, 0.273, 0.000, 1.000, 0.000, 1.000, 0.000, 0.727, 0.017, 0.013, 0.016, 0.019, 0.011, 0.017
22.720, 0.870, 0.267, 1.000, 0.175, 0.000, 1.000, 0.000, 1.000, 0.000, 0.825, 0.017, 0.013, 0.016, 0.019, 0.011, 0.017
22.740, 0.845, 0.071, 1.000, 1.000, 1.000, 0.000, 0.000, 1.000, 0.000, 0.000, 0.017, 0.013, 0.016, 0.020, 0.011, 0.017
22.760, 0.808, -0.154, 0.000, 1.000, 0.000, 0.000, 1.000, 1.000, 0.000, 1.000, 0.017, 0.013, 0.015, 0.020, 0.011, 0.017
22.780, 0.796, -0.416, 0.000, 0.000, 1.000, 0.000, 1.000, 0.000, 0.000, 0.000, 0.017, 0.013, 0.015, 0.020, 0.011, 0.017
22.800, 0.761, -0.667, 0.000, 0.000, 1.000, 0.061, 1.000, 0.000, 0.059, 0.000, 0.016, 0.014, 0.015, 0.020, 0.012, 0.017
22.820, 0.706, -0.817, 0.000, 0.000, 1.000, 0.151, 1.000, 0.000, 0.000, 0.000, 0.016, 0.014, 0.015, 0.020, 0.012, 0.017
22.840, 0.641, -0.872, 0.000, 0.000, 1.000, 0.000, 1.000, 1.000, 0.000, 0.000, 0.016, 0.014, 0.016, 0.020, 0.012, 0.017
22.860, 0.574, -0.885, 0.000, 0.000, 1.000, 0.000, 0.000, 1.000, 0.000, 0.000, 0.016, 0.014, 0.016, 0.019, 0.011, 0.017
22.880, 0.432, -0.858, 0.000, 1.000, 1.000, 0.000, 0.000, 1.000, 0.000, 1.000, 0.017, 0.014, 0.016, 0.019, 0.011, 0.017
22.900, 0.190, -0.814, 0.000, 1.000, 0.000, 0.000, 1.000, 1.000, 0.000, 1.000, 0.017, 0.014, 0.016, 0.019, 0.011, 0.016
22.920, -0.109, -0.784, 0.000, 1.000, 0.000, 0.000, 0.000, 1.000, 0.000, 1.000, 0.017, 0.013, 0.016, 0.019, 0.011, 0.016
22.940, -0.434, -0.755, 0.000, 1.000, 0.000, 0.000, 0.000, 1.000, 0.000, 1.000, 0.017, 0.014, 0.016, 0.019, 0.011, 0.016
22.960, -0.704, -0.709, 0.000, 1.000, 1.000, 0.000, 0.000, 1.000, 0.000, 1.000, 0.017, 0.013, 0.016, 0.018, 0.011, 0.016
22.980, -0.829, -0.661, 0.000, 0.000, 0.000, 1.000, 0.000, 1.000, 0.000, 0.000, 0.017, 0.014, 0.016, 0.018, 0.011, 0.016
23.000, -0.873, -0.601, 0.000, 0.000, 0.000, 1.000, 1.000, 0.000, 1.000, 0.000, 0.017, 0.014, 0.016, 0.019, 0.011, 0.017
23.020, -0.883, -0.534, 0.000, 0.000, 0.000, 1.000, 1.000, 0.000, 1.000, 0.000, 0.016, 0.014, 0.015, 0.019, 0.012, 0.017
23.040, -0.882, -0.463, 0.000, 0.000, 0.000, 1.000, 1.000, 0.000, 1.000, 0.000, 0.016, 0.014, 0.015, 0.019, 0.012, 0.016
23.060, -0.878, -0.381, 0.000, 0.000, 1.000, 1.000, 1.000, 0.000, 1.000, 0.000, 0.016, 0.014, 0.015, 0.020, 0.012, 0.016
23.080, -0.870, -0.280, 0.000, 0.000, 1.000, 0.000, 1.000, 0.000, 1.000, 0.000, 0.016, 0.014, 0.016, 0.020, 0.012, 0.016
23.100, -0.861, -0.147, 0.000, 0.000, 1.000, 0.000, 1.000, 0.000, 1.000, 0.000, 0.016, 0.013, 0.016, 0.020, 0.012, 0.016
23.120, -0.847, 0.036, 1.000, 0.000, 1.000, 1.000, 1.000, 0.000, 1.000, 1.000, 0.016, 0.013, 0.016, 0.019, 0.012, 0.016
23.140, -0.835, 0.276, 1.000, 1.000, 1.000, 1.000, 1.000, 0.000, 1.000, 0.000, 0.016, 0.013, 0.015, 0.019, 0.013, 0.016
23.160, -0.813, 0.528, 1.000, 1.000, 1.000, 0.000, 1.000, 0.000, 1.000, 0.000, 0.016, 0.013, 0.016, 0.019, 0.012, 0.016
23.180, -0.770, 0.729, 1.000, 1.000, 1.000, 1.000, 1.000, 0.000, 1.000, 0.000, 0.016, 0.013, 0.015, 0.019, 0.012, 0.016
23.200, -0.721, 0.828, 1.000, 1.000, 1.000, 1.000, 1.000, 0.000, 1.000, 0.000, 0.016, 0.013, 0.015, 0.018, 0.011, 0.016
23.220, -0.671, 0.864, 1.000, 1.000, 1.000, 1.000, 1.000, 0.000, 1.000, 0.000, 0.016, 0.013, 0.015, 0.018, 0.011, 0.016
23.240, -0.647, 0.861, 1.000, 1.000, 1.000, 0.000, 1.000, 0.000, 1.000, 0.000, 0.016, 0.013, 0.016, 0.018, 0.011, 0.016
23.260, -0.609, 0.869, 1.000, 1.000, 1.000, 0.000, 1.000, 0.000, 1.000, 0.000, 0.016, 0.013, 0.016, 0.018, 0.011, 0.016
23.280, -0.543, 0.883, 1.000, 0.000, 1.000, 0.000, 1.000, 0.000, 1.000, 1.000, 0.016, 0.013, 0.016, 0.018, 0.011, 0.016
23.300, -0.473, 0.883, 1.000, 0.000, 1.000, 0.000, 1.000, 0.000, 1.000, 1.000, 0.017, 0.013, 0.016, 0.018, 0.011, 0.016
23.320, -0.392, 0.878, 1.000, 0.000, 1.000, 0.000, 1.000, 0.000, 1.000, 1.000, 0.017, 0.013, 0.016, 0.018, 0.011, 0.016
23.340, -0.294, 0.872, 1.000, 0.000, 1.000, 0.000, 1.000, 0.000, 1.000, 1.000, 0.017, 0.013, 0.017, 0.018, 0.011, 0.016
23.360, -0.166, 0.862, 1.000, 0.000, 1.000, 0.000, 1.000, 0.000, 1.000, 1.000, 0.017, 0.013, 0.017, 0.018, 0.011, 0.016
23.380, -0.189, 0.785, 1.000, 1.000, 0.000, 0.000, 1.000, 0.000, 1.000, 0.000, 0.017, 0.013, 0.017, 0.018, 0.011, 0.016
23.400, -0.194, 0.769, 1.000, 1.000, 0.000, 0.000, 1.000, 0.000, 1.000, 0.000, 0.016, 0.014, 0.017, 0.018, 0.011, 0.015
23.420, -0.221, 0.755, 1.000, 1.000, 0.000, 0.000, 1.000, 0.000, 1.000, 0.000, 0.016, 0.014, 0.017, 0.018, 0.011, 0.015
23.440, -0.272, 0.746, 1.000, 1.000, 0.000, 0.000, 0.000, 0.000, 1.000, 0.000, 0.016, 0.014, 0.016, 0.018, 0.011, 0.015
23.460, -0.326, 0.753, 1.000, 1.000, 0.000, 0.000, 0.000, 0.000, 1.000, 0.000, 0.016, 0.014, 0.016, 0.019, 0.011, 0.015
23.480, -0.378, 0.766, 1.000, 1.000, 0.000, 0.000, 0.000, 0.000, 1.000, 0.000, 0.016, 0.014, 0.016, 0.019, 0.011, 0.015
23.500, -0.433, 0.778, 1.000, 1.000, 0.000, 0.000, 0.000, 0.000, 1.000, 0.000, 0.016, 0.014, 0.016, 0.019, 0.011, 0.015
23.520, -0.479, 0.794, 1.000, 1.000, 0.000, 0.000, 0.000, 0.000, 1.000, 0.000, 0.016, 0.014, 0.015, 0.019, 0.011, 0.015
23.540, -0.527, 0.802, 1.000, 1.000, 0.000, 0.000, 0.000, 0.000, 1.000, 0.000, 0.016, 0.014, 0.015, 0.019, 0.011, 0.015
23.560, -0.578, 0.806, 1.000, 1.000, 0.000, 0.000, 0.000, 0.000, 1.000, 0.000, 0.015, 0.015, 0.015, 0.019, 0.011, 0.015
23.580, -0.622, 0.810, 1.000, 1.000, 0.000, 0.000, 0.000, 0.000, 1.000, 0.000, 0.015, 0.015, 0.015, 0.019, 0.011, 0.015
23.600, -0.651, 0.817, 1.000, 1.000, 0.000, 0.000, 0.000, 0.000, 1.000, 0.000, 0.015, 0.015, 0.015, 0.019, 0.011, 0.015
23.620, -0.662, 0.828, 1.000, 1.000, 0.000, 0.000, 0.000, 0.000, 1.000, 0.000, 0.015, 0.014, 0.015, 0.019, 0.011, 0.015
23.640, -0.676, 0.826, 1.000, 1.000, 0.000, 0.000, 0.000, 0.000, 1.000, 0.000, 0.015, 0.014, 0.015, 0.020, 0.012, 0.015
23.660, -0.661, 0.845, 1.000, 1.000, 0.000, 1.000, 0.253, 0.000, 1.000, 0.000, 0.015, 0.014, 0.016, 0.019, 0.012, 0.015
23.680, -0.597, 0.878, 1.000, 0.000, 0.000, 1.000, 0.000, 0.000, 1.000, 1.000, 0.016, 0.013, 0.016, 0.020, 0.012, 0.015
23.700, -0.648, 0.823, 1.000, 1.000, 0.000, 0.000, 0.000, 1.000, 1.000, 0.000, 0.016, 0.013, 0.016, 0.020, 0.011, 0.015
23.720, -0.678, 0.815, 1.000, 1.000, 0.000, 0.000, 0.000, 1.000, 0.000, 0.000, 0.015, 0.013, 0.015, 0.020, 0.011, 0.015
23.740, -0.669, 0.837, 1.000, 1.000, 0.000, 0.000, 0.000, 1.000, 0.000, 0.000, 0.015, 0.013, 0.015, 0.019, 0.011, 0.016
23.760, -0.667, 0.840, 1.000, 1.000, 0.000, 0.000, 0.000, 1.000, 0.000, 0.000, 0.015, 0.013, 0.015, 0.019, 0.011, 0.016
23.780, -0.664, 0.842, 1.000, 1.000, 0.000, 0.000, 0.000, 1.000, 0.000, 0.000, 0.015, 0.013, 0.015, 0.019, 0.011, 0.016
23.800, -0.656, 0.845, 1.000, 1.000, 0.000, 0.000, 0.000, 1.000, 0.000, 0.000, 0.015, 0.013, 0.015, 0.018, 0.011, 0.016
23.820, -0.654, 0.843, 1.000, 1.000, 0.000, 0.000, 0.000, 1.000, 0.000, 0.000, 0.015, 0.013, 0.015, 0.018, 0.011, 0.016
23.840, -0.644, 0.849, 1.000, 1.000, 0.000, 0.000, 0.000, 1.000, 0.000, 0.000, 0.015, 0.013, 0.015, 0.018, 0.011, 0.016
23.860, -0.640, 0.847, 1.000, 1.000, 0.000, 0.000, 0.000, 1.000, 0.000, 0.000, 0.015, 0.013, 0.015, 0.018, 0.011, 0.016
23.880, -0.647, 0.839, 1.000, 1.000, 0.000, 0.000, 0.000, 1.000, 0.000, 0.000, 0.015, 0.013, 0.016, 0.018, 0.011, 0.017
23.900, -0.649, 0.840, 1.000, 1.000, 0.000, 0.000, 0.000, 1.000, 0.000, 0.000, 0.015, 0.013, 0.016, 0.018, 0.011, 0.017
23.920, -0.650, 0.841, 1.000, 1.000, 0.000, 0.000, 0.000, 1.000, 0.000, 0.000, 0.015, 0.013, 0.016, 0.018, 0.011, 0.017
23.940, -0.651, 0.840, 1.000, 1.000, 0.000, 0.000, 0.000, 1.000, 0.000, 0.000, 0.015, 0.013, 0.016, 0.018, 0.010, 0.017
23.960, -0.649, 0.843, 1.000, 1.000, 0.000, 0.000, 0.000, 1.000, 0.000, 0.000, 0.015, 0.013, 0.016, 0.018, 0.010, 0.017
23.980, -0.642, 0.846, 1.000, 1.000, 0.000, 0.000, 0.000, 1.000, 0.000, 0.000, 0.015, 0.013, 0.016, 0.018, 0.010, 0.017
24.000, -0.598, 0.869, 1.000, 1.000, 1.000, 1.000, 0.000, 1.000, 0.000, 0.000, 0.015, 0.013, 0.016, 0.018, 0.010, 0.017
24.020, -0.533, 0.882, 1.000, 0.000, 0.000, 1.000, 0.000, 1.000, 0.000, 1.000, 0.015, 0.013, 0.016, 0.018, 0.010, 0.017
24.040, -0.461, 0.882, 1.000, 0.000, 0.000, 1.000, 1.000, 1.000, 0.000, 1.000, 0.016, 0.013, 0.015, 0.018, 0.010, 0.016
24.060, -0.497, 0.833, 1.000, 1.000, 0.000, 1.000, 1.000, 1.000, 0.000, 0.000, 0.015, 0.013, 0.015, 0.019, 0.010, 0.016
24.080, -0.471, 0.849, 1.000, 1.000, 0.000, 1.000, 0.000, 1.000, 0.000, 0.000, 0.015, 0.013, 0.015, 0.018, 0.010, 0.016
24.100, -0.459, 0.845, 1.000, 1.000, 0.000, 1.000, 0.000, 1.000, 0.000, 0.000, 0.015, 0.014, 0.015, 0.018, 0.010, 0.016
24.120, -0.448, 0.843, 1.000, 1.000, 0.000, 1.000, 0.000, 1.000, 0.000, 0.000, 0.015, 0.014, 0.015, 0.018, 0.010, 0.016
24.140, -0.434, 0.842, 1.000, 1.000, 0.000, 1.000, 0.000, 1.000, 0.000, 0.000, 0.015, 0.014, 0.015, 0.018, 0.010, 0.016
24.160, -0.421, 0.839, 1.000, 1.000, 0.000, 1.000, 0.000, 1.000, 0.000, 0.000, 0.015, 0.014, 0.015, 0.018, 0.010, 0.015
24.180, -0.408, 0.837, 1.000, 1.000, 0.000, 1.000, 0.000, 1.000, 0.000, 0.000, 0.015, 0.014, 0.015, 0.018, 0.010, 0.015
24.200, -0.395, 0.835, 1.000, 1.000, 0.000, 1.000, 0.000, 1.000, 0.000, 0.000, 0.014, 0.014, 0.015, 0.018, 0.010, 0.015
24.220, -0.382, 0.832, 1.000, 1.000, 0.000, 1.000, 0.000, 1.000, 0.000, 0.000, 0.014, 0.014, 0.015, 0.019, 0.010, 0.015
24.240, -0.367, 0.830, 1.000, 1.000, 0.000, 1.000, 0.000, 1.000, 0.000, 0.000, 0.014, 0.014, 0.015, 0.019, 0.010, 0.015
24.260, -0.350, 0.827, 1.000, 1.000, 0.000, 1.000, 0.000, 1.000, 0.000, 0.000, 0.014, 0.015, 0.015, 0.019, 0.010, 0.015
24.280, -0.306, 0.834, 1.000, 1.000, 1.000, 1.000, 0.000, 1.000, 0.000, 0.000, 0.014, 0.014, 0.015, 0.019, 0.010, 0.015
24.300, -0.233, 0.837, 1.000, 1.000, 1.000, 0.000, 1.000, 1.000, 0.000, 0.000, 0.014, 0.014, 0.015, 0.019, 0.010, 0.015
24.320, -0.091, 0.845, 1.000, 0.000, 1.000, 0.000, 1.000, 0.000, 0.000, 1.000, 0.015, 0.013, 0.016, 0.018, 0.011, 0.015
24.340, 0.109, 0.836, 1.000, 0.000, 1.000, 0.000, 0.000, 1.000, 0.000, 1.000, 0.015, 0.013, 0.016, 0.019, 0.010, 0.015
24.360, 0.368, 0.814, 1.000, 0.000, 1.000, 0.000, 0.000, 1.000, 0.000, 1.000, 0.015, 0.013, 0.016, 0.019, 0.010, 0.015
24.380, 0.631, 0.777, 1.000, 0.000, 1.000, 0.000, 0.000, 0.000, 1.000, 1.000, 0.016, 0.013, 0.016, 0.019, 0.011, 0.016
24.400, 0.801, 0.721, 1.000, 0.000, 1.000, 0.000, 0.000, 0.000, 1.000, 1.000, 0.016, 0.013, 0.016, 0.019, 0.011, 0.016
24.420, 0.868, 0.656, 1.000, 0.000, 1.000, 0.000, 0.000, 0.000, 1.000, 1.000, 0.016, 0.013, 0.016, 0.019, 0.011, 0.016
24.440, 0.885, 0.589, 1.000, 0.000, 1.000, 0.000, 0.000, 0.000, 1.000, 1.000, 0.016, 0.013, 0.016, 0.019, 0.011, 0.016
24.460, 0.886, 0.520, 1.000, 0.000, 1.000, 0.000, 1.000, 1.000, 0.000, 1.000, 0.016, 0.013, 0.016, 0.019, 0.011, 0.016
24.480, 0.882, 0.446, 1.000, 0.000, 1.000, 0.000, 1.000, 0.000, 0.000, 1.000, 0.016, 0.013, 0.016, 0.018, 0.011, 0.016
24.500, 0.876, 0.360, 1.000, 0.000, 1.000, 0.000, 1.000, 0.000, 0.120, 1.000, 0.016, 0.013, 0.017, 0.018, 0.011, 0.016
24.520, 0.869, 0.254, 1.000, 0.000, 1.000, 0.000, 1.000, 0.000, 0.028, 1.000, 0.016, 0.013, 0.017, 0.018, 0.012, 0.016
24.540, 0.858, 0.111, 1.000, 0.000, 1.000, 0.000, 1.000, 0.000, 1.000, 1.000, 0.016, 0.014, 0.016, 0.018, 0.012, 0.016
24.560, 0.843, -0.084, 0.000, 0.000, 1.000, 0.000, 0.000, 0.000, 1.000, 0.000, 0.016, 0.014, 0.016, 0.018, 0.012, 0.016
24.580, 0.820, -0.340, 0.000, 0.000, 1.000, 0.000, 0.000, 0.000, 1.000, 0.000, 0.015, 0.014, 0.015, 0.019, 0.012, 0.015
24.600, 0.783, -0.608, 0.000, 0.000, 1.000, 0.000, 0.000, 0.000, 1.000, 0.000, 0.015, 0.014, 0.015, 0.019, 0.012, 0.015
24.620, 0.729, -0.790, 0.000, 0.000, 1.000, 0.000, 0.000, 0.000, 1.000, 0.000, 0.015, 0.014, 0.015, 0.019, 0.012, 0.015
24.640, 0.663, -0.864, 0.000, 0.000, 1.000, 0.000, 0.000, 0.000, 1.000, 0.000, 0.015, 0.015, 0.015, 0.019, 0.012, 0.015
24.660, 0.596, -0.884, 0.000, 0.000, 1.000, 0.000, 0.000, 0.000, 1.000, 0.000, 0.015, 0.015, 0.015, 0.019, 0.012, 0.015
24.680, 0.527, -0.886, 0.000, 0.017, 1.000, 0.000, 0.000, 0.000, 1.000, 0.017, 0.015, 0.015, 0.015, 0.019, 0.012, 0.015
24.700, 0.454, -0.883, 0.000, 0.000, 1.000, 0.122, 1.000, 0.000, 1.000, 0.000, 0.015, 0.015, 0.015, 0.019, 0.011, 0.015
24.720, 0.285, -0.850, 0.000, 1.000, 1.000, 0.000, 1.000, 0.000, 1.000, 1.000, 0.015, 0.015, 0.015, 0.019, 0.011, 0.015
24.740, -0.074, -0.777, 0.000, 1.000, 0.000, 0.000, 1.000, 0.000, 1.000, 1.000, 0.016, 0.014, 0.015, 0.019, 0.011, 0.015
24.760, -0.445, -0.731, 0.000, 1.000, 0.000, 0.000, 1.000, 0.000, 1.000, 1.000, 0.016, 0.014, 0.015, 0.019, 0.011, 0.015
24.780, -0.714, -0.685, 0.000, 1.000, 0.000, 0.000, 1.000, 0.000, 1.000, 1.000, 0.016, 0.014, 0.015, 0.019, 0.011, 0.015
24.800, -0.844, -0.609, 0.000, 1.000, 0.000, 0.000, 1.000, 0.000, 1.000, 1.000, 0.016, 0.014, 0.015, 0.020, 0.011, 0.015
24.820, -0.884, -0.489, 0.000, 1.000, 0.000, 0.000, 1.000, 0.000, 1.000, 1.000, 0.016, 0.014, 0.015, 0.020, 0.011, 0.015
24.840, -0.885, -0.349, 0.000, 1.000, 0.000, 0.000, 1.000, 1.000, 1.000, 1.000, 0.016, 0.014, 0.015, 0.020, 0.011, 0.015
24.860, -0.874, -0.214, 0.000, 1.000, 1.000, 1.000, 0.000, 1.000, 1.000, 1.000, 0.016, 0.014, 0.015, 0.019, 0.012, 0.015
24.880, -0.862, -0.035, 0.000, 1.000, 1.000, 0.000, 0.000, 1.000, 1.000, 1.000, 0.016, 0.014, 0.015, 0.019, 0.012, 0.015
24.900, -0.840, 0.190, 1.000, 1.000, 1.000, 0.000, 0.000, 1.000, 1.000, 0.000, 0.016, 0.014, 0.015, 0.019, 0.012, 0.015
24.920, -0.808, 0.463, 1.000, 0.000, 1.000, 0.000, 0.286, 1.000, 1.000, 1.000, 0.016, 0.014, 0.015, 0.019, 0.012, 0.015
24.940, -0.786, 0.670, 1.000, 1.000, 1.000, 0.000, 0.000, 0.000, 1.000, 0.000, 0.016, 0.013, 0.015, 0.018, 0.012, 0.014
24.960, -0.744, 0.796, 1.000, 1.000, 0.000, 0.000, 1.000, 0.000, 1.000, 0.000, 0.015, 0.014, 0.015, 0.019, 0.011, 0.014
24.980, -0.736, 0.812, 1.000, 1.000, 0.000, 0.000, 0.000, 0.000, 1.000, 0.000, 0.015, 0.014, 0.015, 0.019, 0.011, 0.014
25.000, -0.698, 0.848, 1.000, 1.000, 0.000, 0.000, 1.000, 0.000, 1.000, 0.000, 0.015, 0.015, 0.015, 0.019, 0.011, 0.014
25.020, -0.629, 0.882, 1.000, 0.000, 1.000, 1.000, 1.000, 1.000, 0.000, 1.000, 0.016, 0.014, 0.015, 0.019, 0.012, 0.015
25.040, -0.561, 0.888, 1.000, 0.000, 0.000, 1.000, 0.000, 1.000, 0.000, 1.000, 0.016, 0.014, 0.015, 0.019, 0.012, 0.015
25.060, -0.490, 0.885, 1.000, 0.000, 1.000, 1.000, 0.000, 1.000, 0.000, 1.000, 0.016, 0.014, 0.015, 0.019, 0.012, 0.016
25.080, -0.412, 0.880, 1.000, 0.000, 1.000, 1.000, 0.000, 1.000, 0.000, 1.000, 0.016, 0.014, 0.015, 0.018, 0.012, 0.016
25.100, -0.319, 0.874, 1.000, 0.000, 1.000, 0.000, 0.000, 1.000, 0.000, 1.000, 0.016, 0.014, 0.015, 0.018, 0.011, 0.016
25.120, -0.200, 0.865, 1.000, 0.000, 1.000, 0.000, 1.000, 1.000, 0.000, 1.000, 0.017, 0.014, 0.015, 0.018, 0.011, 0.016
25.140, -0.101, 0.835, 1.000, 1.000, 1.000, 0.000, 1.000, 1.000, 0.000, 0.000, 0.016, 0.013, 0.016, 0.018, 0.011, 0.016
25.160, -0.101, 0.768, 1.000, 1.000, 0.000, 0.000, 1.000, 1.000, 0.000, 0.000, 0.016, 0.014, 0.016, 0.018, 0.011, 0.016
25.180, -0.061, 0.757, 1.000, 1.000, 0.000, 0.000, 0.000, 1.000, 0.000, 0.000, 0.015, 0.014, 0.016, 0.019, 0.011, 0.016
25.200, 0.018, 0.756, 1.000, 1.000, 0.000, 0.000, 0.000, 1.000, 0.000, 0.000, 0.015, 0.015, 0.016, 0.019, 0.011, 0.016
25.220, 0.233, 0.783, 1.000, 0.000, 1.000, 1.000, 0.000, 1.000, 0.000, 1.000, 0.016, 0.014, 0.015, 0.019, 0.011, 0.015
25.240, 0.497, 0.774, 1.000, 0.000, 1.000, 1.000, 0.000, 1.000, 0.000, 1.000, 0.016, 0.014, 0.015, 0.019, 0.011, 0.015
25.260, 0.722, 0.737, 1.000, 0.000, 1.000, 0.000, 1.000, 1.000, 0.000, 1.000, 0.016, 0.014, 0.016, 0.019, 0.011, 0.015
25.280, 0.839, 0.681, 1.000, 0.000, 1.000, 0.000, 1.000, 1.000, 0.000, 1.000, 0.016, 0.014, 0.016, 0.018, 0.011, 0.015
25.300, 0.878, 0.616, 1.000, 0.000, 1.000, 0.000, 1.000, 1.000, 0.000, 1.000, 0.017, 0.013, 0.016, 0.018, 0.011, 0.015
25.320, 0.886, 0.548, 1.000, 0.000, 1.000, 1.000, 1.000, 1.000, 0.000, 1.000, 0.017, 0.013, 0.016, 0.018, 0.011, 0.015
25.340, 0.884, 0.478, 1.000, 0.000, 1.000, 1.000, 1.000, 1.000, 0.000, 1.000, 0.017, 0.013, 0.015, 0.018, 0.011, 0.015
25.360, 0.879, 0.398, 1.000, 0.000, 1.000, 1.000, 1.000, 1.000, 0.000, 1.000, 0.017, 0.013, 0.015, 0.018, 0.011, 0.015
25.380, 0.872, 0.301, 1.000, 0.000, 1.000, 1.000, 1.000, 1.000, 0.000, 1.000, 0.017, 0.013, 0.015, 0.018, 0.011, 0.014
25.400, 0.863, 0.176, 1.000, 0.000, 1.000, 1.000, 1.000, 1.000, 0.000, 1.000, 0.017, 0.014, 0.015, 0.018, 0.011, 0.014
25.420, 0.850, 0.004, 1.000, 0.000, 1.000, 1.000, 1.000, 1.000, 0.000, 1.000, 0.017, 0.014, 0.015, 0.018, 0.011, 0.014
25.440, 0.831, -0.228, 0.000, 0.000, 1.000, 1.000, 1.000, 1.000, 0.000, 0.000, 0.016, 0.014, 0.016, 0.018, 0.011, 0.014
25.460, 0.800, -0.502, 0.000, 0.000, 1.000, 0.000, 0.000, 1.000, 0.000, 0.000, 0.016, 0.015, 0.015, 0.018, 0.011, 0.014
25.480, 0.753, -0.729, 0.000, 0.000, 1.000, 0.000, 0.000, 1.000, 0.000, 0.000, 0.016, 0.015, 0.015, 0.019, 0.011, 0.014
25.500, 0.691, -0.843, 0.000, 0.000, 1.000, 0.000, 0.000, 1.000, 0.000, 0.000, 0.016, 0.015, 0.015, 0.019, 0.010, 0.014
25.520, 0.624, -0.880, 0.000, 0.000, 1.000, 0.000, 0.000, 1.000, 1.000, 0.000, 0.016, 0.015, 0.015, 0.019, 0.010, 0.015
25.540, 0.556, -0.887, 0.000, 0.000, 1.000, 0.000, 0.000, 0.000, 1.000, 0.000, 0.016, 0.015, 0.015, 0.019, 0.011, 0.015
25.560, 0.484, -0.884, 0.000, 0.258, 1.000, 0.000, 0.000, 0.000, 1.000, 0.258, 0.016, 0.015, 0.015, 0.019, 0.011, 0.015
25.580, 0.406, -0.880, 0.000, 0.001, 1.000, 0.000, 0.000, 0.000, 1.000, 0.001, 0.016, 0.015, 0.015, 0.019, 0.012, 0.016
25.600, 0.311, -0.873, 0.000, 0.000, 1.000, 0.000, 0.000, 0.000, 1.000, 0.000, 0.015, 0.015, 0.015, 0.019, 0.012, 0.015
25.620, 0.189, -0.864, 0.000, 0.063, 1.000, 0.000, 0.192, 0.000, 1.000, 0.063, 0.015, 0.015, 0.014, 0.019, 0.012, 0.015
25.640, 0.022, -0.852, 0.000, 0.000, 1.000, 1.000, 0.624, 0.240, 1.000, 0.000, 0.015, 0.015, 0.015, 0.019, 0.012, 0.015
25.660, -0.243, -0.821, 0.000, 1.000, 0.000, 1.000, 0.028, 0.114, 0.000, 1.000, 0.016, 0.015, 0.015, 0.019, 0.012, 0.015
25.680, -0.725, -0.636, 0.000, 1.000, 0.000, 0.000, 0.000, 0.000, 1.000, 1.000, 0.016, 0.015, 0.015, 0.019, 0.012, 0.015
25.700, -0.847, -0.557, 0.000, 1.000, 0.000, 0.000, 0.000, 0.000, 1.000, 1.000, 0.016, 0.015, 0.015, 0.019, 0.012, 0.015
25.720, -0.879, -0.456, 0.000, 1.000, 0.000, 0.039, 1.000, 0.000, 1.000, 1.000, 0.017, 0.015, 0.015, 0.019, 0.012, 0.014
25.740, -0.880, -0.339, 0.000, 1.000, 0.000, 0.000, 1.000, 0.000, 1.000, 1.000, 0.017, 0.015, 0.015, 0.020, 0.012, 0.014
25.760, -0.874, -0.186, 0.000, 1.000, 0.000, 0.000, 1.000, 0.000, 1.000, 1.000, 0.017, 0.015, 0.014, 0.020, 0.011, 0.014
25.780, -0.868, 0.028, 1.000, 1.000, 0.000, 0.000, 1.000, 0.000, 1.000, 0.000, 0.016, 0.016, 0.014, 0.020, 0.011, 0.014
25.800, -0.849, 0.270, 1.000, 1.000, 0.000, 0.000, 1.000, 0.000, 1.000, 0.000, 0.016, 0.016, 0.014, 0.020, 0.011, 0.014
25.820, -0.826, 0.508, 1.000, 1.000, 0.000, 0.000, 1.000, 0.000, 1.000, 0.000, 0.016, 0.016, 0.014, 0.020, 0.011, 0.014
25.840, -0.788, 0.703, 1.000, 1.000, 1.000, 0.000, 1.000, 0.000, 1.000, 0.000, 0.016, 0.015, 0.015, 0.020, 0.011, 0.014
25.860, -0.719, 0.835, 1.000, 0.000, 1.000, 0.000, 1.000, 0.000, 1.000, 1.000, 0.016, 0.015, 0.015, 0.020, 0.011, 0.014
25.880, -0.649, 0.879, 1.000, 0.000, 1.000, 0.000, 1.000, 0.000, 1.000, 1.000, 0.016, 0.015, 0.015, 0.020, 0.011, 0.014
25.900, -0.580, 0.888, 1.000, 0.000, 1.000, 0.000, 1.000, 0.000, 1.000, 1.000, 0.017, 0.014, 0.016, 0.020, 0.011, 0.014
25.920, -0.510, 0.887, 1.000, 0.000, 1.000, 0.000, 1.000, 0.000, 1.000, 1.000, 0.017, 0.014, 0.016, 0.020, 0.011, 0.014
25.940, -0.435, 0.882, 1.000, 0.000, 1.000, 1.000, 1.000, 0.000, 1.000, 1.000, 0.017, 0.014, 0.015, 0.020, 0.011, 0.014
25.960, -0.347, 0.876, 1.000, 0.000, 1.000, 1.000, 1.000, 0.000, 1.000, 1.000, 0.017, 0.014, 0.015, 0.020, 0.011, 0.014
25.980, -0.344, 0.834, 1.000, 1.000, 1.000, 1.000, 1.000, 1.000, 1.000, 0.000, 0.017, 0.014, 0.015, 0.020, 0.011, 0.014
26.000, -0.376, 0.807, 1.000, 1.000, 1.000, 0.000, 0.033, 0.000, 1.000, 0.000, 0.016, 0.014, 0.015, 0.020, 0.011, 0.014
26.020, -0.422, 0.796, 1.000, 1.000, 0.000, 0.000, 0.000, 1.000, 1.000, 0.000, 0.016, 0.015, 0.015, 0.019, 0.012, 0.014
26.040, -0.452, 0.806, 1.000, 1.000, 0.000, 0.000, 0.000, 0.000, 1.000, 0.000, 0.016, 0.015, 0.016, 0.019, 0.011, 0.014
26.060, -0.426, 0.836, 1.000, 1.000, 1.000, 0.000, 1.000, 0.000, 1.000, 0.000, 0.016, 0.015, 0.016, 0.019, 0.011, 0.014
26.080, -0.417, 0.835, 1.000, 1.000, 1.000, 0.000, 1.000, 0.000, 1.000, 0.000, 0.016, 0.014, 0.016, 0.019, 0.011, 0.014
26.100, -0.402, 0.836, 1.000, 1.000, 1.000, 0.000, 1.000, 0.000, 1.000, 0.000, 0.016, 0.014, 0.016, 0.019, 0.011, 0.014
26.120, -0.336, 0.852, 1.000, 1.000, 1.000, 0.000, 1.000, 0.000, 1.000, 0.000, 0.016, 0.014, 0.016, 0.019, 0.011, 0.014
26.140, -0.227, 0.858, 1.000, 0.000, 1.000, 0.000, 1.000, 0.000, 1.000, 1.000, 0.016, 0.014, 0.016, 0.019, 0.011, 0.013
26.160, -0.078, 0.852, 1.000, 0.000, 1.000, 0.000, 1.000, 1.000, 0.000, 1.000, 0.016, 0.014, 0.016, 0.019, 0.011, 0.014
26.180, 0.129, 0.838, 1.000, 0.000, 1.000, 0.000, 0.000, 1.000, 0.000, 1.000, 0.017, 0.014, 0.016, 0.019, 0.011, 0.014
26.200, 0.393, 0.814, 1.000, 0.000, 1.000, 0.000, 0.000, 1.000, 0.000, 1.000, 0.017, 0.014, 0.016, 0.019, 0.011, 0.015
26.220, 0.652, 0.773, 1.000, 0.000, 1.000, 0.000, 0.000, 1.000, 0.000, 1.000, 0.017, 0.014, 0.016, 0.020, 0.011, 0.015
26.240, 0.811, 0.716, 1.000, 0.000, 1.000, 0.000, 0.000, 1.000, 0.000, 1.000, 0.017, 0.014, 0.016, 0.020, 0.011, 0.015
26.260, 0.871, 0.650, 1.000, 0.000, 1.000, 0.000, 0.000, 1.000, 0.000, 1.000, 0.017, 0.014, 0.016, 0.020, 0.010, 0.015
26.280, 0.886, 0.583, 1.000, 0.030, 1.000, 0.000, 0.000, 1.000, 0.000, 0.970, 0.017, 0.014, 0.017, 0.020, 0.010, 0.015
26.300, 0.886, 0.513, 1.000, 0.223, 1.000, 0.000, 0.000, 1.000, 0.000, 0.777, 0.017, 0.014, 0.016, 0.020, 0.010, 0.015
26.320, 0.882, 0.438, 1.000, 0.000, 1.000, 0.000, 0.000, 1.000, 0.000, 1.000, 0.017, 0.014, 0.016, 0.020, 0.010, 0.015
26.340, 0.876, 0.351, 1.000, 0.000, 1.000, 1.000, 0.000, 1.000, 0.000, 1.000, 0.017, 0.014, 0.016, 0.020, 0.010, 0.015
26.360, 0.868, 0.241, 1.000, 0.000, 1.000, 1.000, 0.000, 1.000, 0.000, 1.000, 0.017, 0.014, 0.016, 0.020, 0.010, 0.014
26.380, 0.857, 0.095, 1.000, 0.000, 0.000, 1.000, 0.000, 1.000, 0.000, 1.000, 0.017, 0.014, 0.016, 0.020, 0.010, 0.014
26.400, 0.842, -0.107, 0.000, 0.000, 0.000, 1.000, 0.000, 1.000, 0.000, 0.000, 0.017, 0.014, 0.017, 0.020, 0.010, 0.014
26.420, 0.790, -0.346, 0.000, 1.000, 0.000, 1.000, 0.000, 1.000, 0.000, 1.000, 0.017, 0.014, 0.017, 0.020, 0.010, 0.014
26.440, 0.712, -0.550, 0.000, 1.000, 0.000, 0.000, 0.000, 1.000, 0.000, 1.000, 0.017, 0.014, 0.016, 0.020, 0.010, 0.014
26.460, 0.624, -0.700, 0.000, 1.000, 0.000, 0.000, 0.000, 1.000, 0.000, 1.000, 0.017, 0.014, 0.016, 0.020, 0.010, 0.014
26.480, 0.508, -0.775, 0.000, 1.000, 0.000, 0.000, 0.000, 1.000, 0.000, 1.000, 0.018, 0.014, 0.016, 0.021, 0.010, 0.014
26.500, 0.330, -0.791, 0.000, 1.000, 0.000, 0.000, 0.000, 1.000, 0.000, 1.000, 0.018, 0.013, 0.015, 0.021, 0.010, 0.014
26.520, 0.062, -0.775, 0.000, 1.000, 0.000, 0.000, 0.000, 1.000, 0.000, 1.000, 0.018, 0.013, 0.015, 0.021, 0.010, 0.014
26.540, -0.299, -0.739, 0.000, 1.000, 0.000, 0.000, 0.000, 1.000, 0.000, 1.000, 0.018, 0.013, 0.015, 0.020, 0.010, 0.014
26.560, -0.634, -0.690, 0.000, 1.000, 0.000, 0.000, 0.000, 1.000, 0.000, 1.000, 0.018, 0.013, 0.015, 0.020, 0.010, 0.014
26.580, -0.812, -0.627, 0.000, 1.000, 0.000, 0.000, 0.000, 1.000, 0.000, 1.000, 0.018, 0.013, 0.015, 0.019, 0.010, 0.014
26.600, -0.873, -0.536, 0.000, 1.000, 0.000, 0.000, 0.000, 1.000, 0.000, 1.000, 0.018, 0.013, 0.015, 0.019, 0.010, 0.013
26.620, -0.886, -0.408, 0.000, 1.000, 0.063, 0.000, 0.000, 1.000, 1.000, 1.000, 0.018, 0.013, 0.015, 0.019, 0.010, 0.014
26.640, -0.880, -0.264, 0.000, 1.000, 0.000, 1.000, 0.000, 1.000, 1.000, 1.000, 0.018, 0.013, 0.016, 0.019, 0.010, 0.014
26.660, -0.863, -0.122, 0.000, 0.000, 1.000, 0.000, 0.000, 1.000, 0.000, 0.000, 0.017, 0.014, 0.015, 0.019, 0.010, 0.014
26.680, -0.846, 0.070, 1.000, 0.000, 1.000, 1.000, 0.000, 1.000, 0.000, 1.000, 0.018, 0.014, 0.015, 0.019, 0.010, 0.014
26.700, -0.826, 0.321, 1.000, 1.000, 1.000, 1.000, 0.000, 1.000, 0.000, 0.000, 0.017, 0.014, 0.015, 0.019, 0.010, 0.014
26.720, -0.805, 0.566, 1.000, 1.000, 1.000, 0.000, 0.000, 1.000, 0.000, 0.000, 0.017, 0.015, 0.016, 0.019, 0.010, 0.014
26.740, -0.774, 0.732, 1.000, 1.000, 1.000, 0.000, 0.000, 1.000, 0.000, 0.000, 0.017, 0.015, 0.016, 0.019, 0.010, 0.013
26.760, -0.746, 0.803, 1.000, 1.000, 0.000, 0.000, 0.000, 1.000, 0.000, 0.000, 0.017, 0.014, 0.016, 0.019, 0.010, 0.014
26.780, -0.703, 0.848, 1.000, 1.000, 0.000, 1.000, 0.000, 1.000, 0.000, 0.000, 0.017, 0.014, 0.016, 0.019, 0.010, 0.014
26.800, -0.671, 0.858, 1.000, 1.000, 0.000, 1.000, 0.000, 1.000, 0.000, 0.000, 0.017, 0.014, 0.015, 0.019, 0.010, 0.015
26.820, -0.642, 0.862, 1.000, 1.000, 0.000, 1.000, 0.000, 1.000, 0.000, 0.000, 0.017, 0.014, 0.015, 0.019, 0.010, 0.015
26.840, -0.620, 0.861, 1.000, 1.000, 0.000, 1.000, 0.000, 1.000, 0.000, 0.000, 0.016, 0.015, 0.015, 0.019, 0.010, 0.015
26.860, -0.600, 0.860, 1.000, 1.000, 0.000, 1.000, 0.000, 1.000, 0.000, 0.000, 0.016, 0.015, 0.015, 0.018, 0.010, 0.015
26.880, -0.577, 0.861, 1.000, 1.000, 0.000, 1.000, 0.000, 1.000, 0.000, 0.000, 0.016, 0.015, 0.015, 0.018, 0.010, 0.015
26.900, -0.579, 0.849, 1.000, 1.000, 0.000, 1.000, 0.000, 1.000, 1.000, 0.000, 0.016, 0.015, 0.015, 0.018, 0.010, 0.015
26.920, -0.596, 0.838, 1.000, 1.000, 0.000, 0.803, 0.000, 1.000, 1.000, 0.000, 0.016, 0.015, 0.015, 0.018, 0.010, 0.014
26.940, -0.599, 0.843, 1.000, 1.000, 0.000, 1.000, 0.000, 1.000, 1.000, 0.000, 0.016, 0.015, 0.015, 0.018, 0.010, 0.014
26.960, -0.558, 0.865, 1.000, 1.000, 1.000, 0.000, 0.000, 1.000, 0.000, 0.000, 0.016, 0.015, 0.015, 0.018, 0.010, 0.014
26.980, -0.521, 0.867, 1.000, 1.000, 1.000, 0.000, 0.000, 1.000, 1.000, 0.000, 0.016, 0.014, 0.016, 0.019, 0.009, 0.014
27.000, -0.545, 0.838, 1.000, 1.000, 0.996, 0.000, 0.000, 1.000, 1.000, 0.000, 0.016, 0.014, 0.016, 0.019, 0.009, 0.014
27.020, -0.530, 0.850, 1.000, 1.000, 0.000, 1.000, 0.000, 1.000, 1.000, 0.000, 0.016, 0.015, 0.016, 0.019, 0.009, 0.014
27.040, -0.530, 0.845, 1.000, 1.000, 1.000, 0.000, 0.000, 1.000, 1.000, 0.000, 0.016, 0.014, 0.016, 0.019, 0.009, 0.014
27.060, -0.466, 0.870, 1.000, 0.000, 1.000, 0.000, 0.000, 1.000, 0.000, 1.000, 0.017, 0.014, 0.016, 0.020, 0.009, 0.014
27.080, -0.388, 0.874, 1.000, 0.000, 1.000, 0.000, 0.000, 1.000, 0.000, 1.000, 0.017, 0.014, 0.016, 0.020, 0.009, 0.015
27.100, -0.290, 0.870, 1.000, 0.000, 1.000, 0.000, 0.000, 1.000, 0.000, 1.000, 0.017, 0.014, 0.016, 0.020, 0.009, 0.015
27.120, -0.161, 0.861, 1.000, 0.000, 1.000, 0.000, 0.000, 1.000, 0.000, 1.000, 0.017, 0.014, 0.016, 0.020, 0.009, 0.015
27.140, 0.016, 0.849, 1.000, 0.000, 1.000, 0.000, 0.000, 1.000, 0.000, 1.000, 0.017, 0.014, 0.017, 0.020, 0.009, 0.015
27.160, 0.255, 0.829, 1.000, 0.000, 1.000, 0.000, 0.000, 1.000, 0.000, 1.000, 0.017, 0.014, 0.017, 0.020, 0.009, 0.015
27.180, 0.529, 0.796, 1.000, 0.000, 1.000, 0.000, 0.000, 1.000, 0.000, 1.000, 0.018, 0.014, 0.017, 0.020, 0.009, 0.015
27.200, 0.746, 0.747, 1.000, 0.000, 1.000, 0.000, 0.000, 1.000, 0.000, 1.000, 0.018, 0.014, 0.017, 0.020, 0.009, 0.015
27.220, 0.849, 0.684, 1.000, 0.000, 1.000, 0.000, 0.000, 1.000, 0.000, 1.000, 0.018, 0.013, 0.017, 0.020, 0.009, 0.015
27.240, 0.881, 0.617, 1.000, 0.000, 1.000, 0.000, 0.000, 1.000, 0.000, 1.000, 0.018, 0.013, 0.016, 0.020, 0.009, 0.015
27.260, 0.887, 0.549, 1.000, 0.000, 1.000, 0.000, 0.000, 1.000, 0.000, 1.000, 0.018, 0.013, 0.016, 0.020, 0.009, 0.015
27.280, 0.884, 0.478, 1.000, 0.048, 1.000, 0.000, 0.038, 1.000, 0.000, 0.952, 0.018, 0.013, 0.016, 0.020, 0.009, 0.015
27.300, 0.879, 0.398, 1.000, 0.000, 1.000, 0.000, 1.000, 1.000, 0.000, 1.000, 0.018, 0.013, 0.016, 0.020, 0.009, 0.014
27.320, 0.872, 0.302, 1.000, 0.000, 1.000, 0.000, 1.000, 0.000, 0.000, 1.000, 0.018, 0.013, 0.015, 0.019, 0.010, 0.014
27.340, 0.863, 0.177, 1.000, 0.000, 1.000, 0.000, 1.000, 0.000, 0.000, 1.000, 0.018, 0.013, 0.015, 0.019, 0.010, 0.014
27.360, 0.850, 0.005, 1.000, 0.000, 1.000, 0.000, 1.000, 0.000, 0.000, 1.000, 0.018, 0.013, 0.015, 0.020, 0.010, 0.014
27.380, 0.831, -0.226, 0.000, 0.000, 1.000, 0.000, 1.000, 0.000, 0.000, 0.000, 0.018, 0.013, 0.015, 0.020, 0.010, 0.014
27.400, 0.801, -0.500, 0.000, 0.000, 1.000, 0.000, 1.000, 0.000, 0.000, 0.000, 0.017, 0.013, 0.015, 0.020, 0.011, 0.014
27.420, 0.753, -0.728, 0.000, 0.000, 1.000, 0.000, 1.000, 0.000, 0.000, 0.000, 0.017, 0.013, 0.015, 0.020, 0.011, 0.014
27.440, 0.692, -0.843, 0.000, 0.000, 1.000, 0.000, 1.000, 0.000, 1.000, 0.000, 0.017, 0.013, 0.015, 0.020, 0.010, 0.014
27.460, 0.624, -0.879, 0.000, 0.225, 1.000, 0.000, 0.000, 0.000, 1.000, 0.225, 0.017, 0.013, 0.015, 0.020, 0.010, 0.015
27.480, 0.556, -0.886, 0.000, 0.000, 1.000, 0.000, 0.000, 0.000, 1.000, 0.000, 0.017, 0.013, 0.015, 0.019, 0.010, 0.015
27.500, 0.485, -0.885, 0.000, 0.000, 1.000, 0.000, 0.000, 0.050, 1.000, 0.000, 0.017, 0.013, 0.015, 0.019, 0.010, 0.015
27.520, 0.407, -0.880, 0.000, 0.000, 1.000, 0.000, 1.000, 0.000, 0.000, 0.000, 0.017, 0.013, 0.015, 0.020, 0.009, 0.015
27.540, 0.313, -0.873, 0.000, 0.000, 1.000, 0.000, 1.000, 0.000, 0.000, 0.000, 0.016, 0.013, 0.015, 0.020, 0.009, 0.014
27.560, 0.191, -0.864, 0.000, 0.000, 1.000, 0.000, 1.000, 0.000, 0.000, 0.000, 0.016, 0.013, 0.015, 0.020, 0.009, 0.014
27.580, 0.025, -0.852, 0.000, 0.000, 1.000, 0.000, 1.000, 0.000, 0.000, 0.000, 0.016, 0.013, 0.015, 0.020, 0.009, 0.014
27.600, -0.200, -0.834, 0.000, 0.000, 1.000, 0.000, 1.000, 0.000, 1.000, 0.000, 0.016, 0.013, 0.015, 0.020, 0.009, 0.015
27.620, -0.473, -0.804, 0.000, 0.000, 1.000, 0.000, 1.000, 0.000, 1.000, 0.000, 0.016, 0.013, 0.015, 0.020, 0.009, 0.015
27.640, -0.749, -0.720, 0.000, 1.000, 1.000, 0.000, 1.000, 0.000, 1.000, 1.000, 0.017, 0.013, 0.015, 0.020, 0.009, 0.015
27.660, -0.860, -0.630, 0.000, 1.000, 1.000, 0.000, 1.000, 0.000, 1.000, 1.000, 0.017, 0.013, 0.015, 0.020, 0.009, 0.014
27.680, -0.886, -0.522, 0.000, 1.000, 1.000, 0.000, 1.000, 0.000, 1.000, 1.000, 0.017, 0.013, 0.015, 0.020, 0.009, 0.014
27.700, -0.884, -0.430, 0.000, 1.000, 1.000, 1.000, 1.000, 1.000, 1.000, 1.000, 0.018, 0.013, 0.015, 0.020, 0.010, 0.014
27.720, -0.876, -0.340, 0.000, 0.000, 1.000, 0.000, 0.000, 1.000, 0.000, 0.000, 0.017, 0.013, 0.015, 0.020, 0.010, 0.015
27.740, -0.867, -0.227, 0.000, 0.000, 1.000, 0.000, 0.000, 1.000, 1.000, 0.000, 0.017, 0.013, 0.016, 0.020, 0.010, 0.014
27.760, -0.856, -0.075, 0.000, 0.000, 1.000, 0.000, 1.000, 1.000, 1.000, 0.000, 0.017, 0.013, 0.016, 0.020, 0.011, 0.014
27.780, -0.839, 0.134, 1.000, 0.000, 1.000, 0.000, 1.000, 0.000, 0.000, 1.000, 0.017, 0.012, 0.016, 0.019, 0.010, 0.015
27.800, -0.814, 0.399, 1.000, 0.000, 1.000, 0.000, 1.000, 0.000, 1.000, 1.000, 0.017, 0.012, 0.016, 0.019, 0.010, 0.014
27.820, -0.773, 0.657, 1.000, 0.000, 1.000, 0.000, 1.000, 0.000, 1.000, 1.000, 0.018, 0.012, 0.016, 0.019, 0.010, 0.014
27.840, -0.715, 0.813, 1.000, 0.000, 1.000, 0.000, 1.000, 0.000, 1.000, 1.000, 0.018, 0.012, 0.016, 0.019, 0.009, 0.014
27.860, -0.649, 0.871, 1.000, 0.000, 0.838, 1.000, 1.000, 0.000, 0.000, 1.000, 0.018, 0.012, 0.016, 0.019, 0.010, 0.015
27.880, -0.582, 0.886, 1.000, 0.000, 1.000, 1.000, 1.000, 0.000, 1.000, 1.000, 0.018, 0.012, 0.015, 0.019, 0.010, 0.014
27.900, -0.603, 0.845, 1.000, 1.000, 1.000, 0.000, 1.000, 0.000, 1.000, 0.000, 0.017, 0.012, 0.016, 0.019, 0.011, 0.014
27.920, -0.625, 0.833, 1.000, 1.000, 0.000, 0.000, 1.000, 0.000, 1.000, 0.000, 0.017, 0.013, 0.016, 0.019, 0.011, 0.014
27.940, -0.612, 0.849, 1.000, 1.000, 0.000, 1.000, 1.000, 0.000, 1.000, 0.000, 0.017, 0.013, 0.016, 0.019, 0.011, 0.014
27.960, -0.551, 0.876, 1.000, 0.005, 0.000, 1.000, 1.000, 0.000, 0.000, 0.995, 0.017, 0.013, 0.015, 0.019, 0.011, 0.014
27.980, -0.556, 0.851, 1.000, 1.000, 1.000, 1.000, 1.000, 0.000, 1.000, 0.000, 0.017, 0.013, 0.015, 0.019, 0.011, 0.014
28.000, -0.494, 0.873, 1.000, 0.000, 1.000, 0.000, 1.000, 0.000, 1.000, 1.000, 0.017, 0.013, 0.016, 0.019, 0.011, 0.014
28.020, -0.419, 0.877, 1.000, 0.000, 1.000, 0.000, 1.000, 1.000, 0.000, 1.000, 0.018, 0.013, 0.016, 0.019, 0.011, 0.014
28.040, -0.329, 0.873, 1.000, 0.000, 1.000, 0.000, 0.000, 1.000, 0.000, 1.000, 0.018, 0.012, 0.016, 0.019, 0.010, 0.015
28.060, -0.212, 0.865, 1.000, 0.000, 1.000, 0.000, 0.000, 1.000, 0.000, 1.000, 0.018, 0.012, 0.016, 0.019, 0.010, 0.015
28.080, -0.055, 0.854, 1.000, 0.000, 1.000, 0.000, 0.000, 1.000, 0.000, 1.000, 0.018, 0.012, 0.016, 0.020, 0.010, 0.015
28.100, 0.161, 0.837, 1.000, 0.000, 1.000, 0.000, 0.000, 1.000, 0.000, 1.000, 0.018, 0.012, 0.016, 0.020, 0.010, 0.015
28.120, 0.430, 0.810, 1.000, 0.000, 1.000, 0.000, 0.000, 1.000, 0.000, 1.000, 0.018, 0.012, 0.017, 0.020, 0.010, 0.015
28.140, 0.680, 0.767, 1.000, 0.000, 1.000, 0.000, 0.000, 1.000, 0.000, 1.000, 0.018, 0.012, 0.017, 0.020, 0.010, 0.015
28.160, 0.823, 0.708, 1.000, 0.000, 1.000, 0.000, 0.000, 1.000, 0.000, 1.000, 0.018, 0.012, 0.017, 0.020, 0.010, 0.015
28.180, 0.874, 0.642, 1.000, 0.000, 1.000, 0.000, 0.000, 1.000, 0.000, 1.000, 0.018, 0.012, 0.017, 0.020, 0.010, 0.016
28.200, 0.886, 0.574, 1.000, 0.000, 1.000, 0.000, 0.000, 1.000, 0.000, 1.000, 0.018, 0.012, 0.016, 0.020, 0.010, 0.015
28.220, 0.886, 0.505, 1.000, 0.000, 1.000, 0.000, 0.000, 1.000, 0.000, 1.000, 0.018, 0.012, 0.016, 0.020, 0.010, 0.015
28.240, 0.881, 0.429, 1.000, 0.000, 1.000, 0.000, 0.000, 1.000, 0.000, 1.000, 0.018, 0.012, 0.016, 0.020, 0.010, 0.014
28.260, 0.875, 0.340, 1.000, 0.000, 1.000, 1.000, 0.005, 1.000, 0.000, 1.000, 0.018, 0.012, 0.016, 0.020, 0.010, 0.014
28.280, 0.867, 0.227, 1.000, 0.000, 1.000, 1.000, 0.000, 1.000, 0.000, 1.000, 0.019, 0.012, 0.016, 0.020, 0.010, 0.014
28.300, 0.834, 0.006, 1.000, 1.000, 0.000, 0.000, 0.000, 1.000, 0.000, 0.000, 0.018, 0.012, 0.016, 0.020, 0.010, 0.014
28.320, 0.802, -0.223, 0.000, 1.000, 0.000, 0.000, 0.000, 1.000, 0.000, 1.000, 0.018, 0.012, 0.016, 0.020, 0.010, 0.014
28.340, 0.755, -0.461, 0.000, 1.000, 0.000, 0.000, 0.000, 1.000, 0.000, 1.000, 0.018, 0.012, 0.016, 0.020, 0.009, 0.014
28.360, 0.683, -0.651, 0.000, 1.000, 0.000, 0.000, 0.000, 1.000, 0.000, 1.000, 0.019, 0.012, 0.015, 0.020, 0.009, 0.014
28.380, 0.637, -0.793, 0.000, 1.000, 0.000, 1.000, 0.000, 1.000, 0.000, 1.000, 0.019, 0.012, 0.016, 0.019, 0.009, 0.014
28.400, 0.490, -0.810, 0.000, 1.000, 0.000, 0.000, 0.000, 1.000, 0.000, 1.000, 0.019, 0.012, 0.016, 0.019, 0.009, 0.014
28.420, 0.267, -0.792, 0.000, 1.000, 0.000, 0.000, 0.000, 1.000, 0.000, 1.000, 0.019, 0.012, 0.016, 0.019, 0.009, 0.014
28.440, -0.051, -0.761, 0.000, 1.000, 0.000, 0.000, 0.000, 1.000, 0.000, 1.000, 0.019, 0.012, 0.015, 0.019, 0.009, 0.014
28.460, -0.426, -0.720, 0.000, 1.000, 0.000, 0.000, 0.000, 1.000, 0.000, 1.000, 0.019, 0.012, 0.015, 0.019, 0.009, 0.014
28.480, -0.708, -0.671, 0.000, 1.000, 0.000, 0.000, 0.000, 1.000, 0.000, 1.000, 0.019, 0.012, 0.015, 0.019, 0.009, 0.014
28.500, -0.827, -0.630, 0.000, 0.000, 0.000, 1.000, 0.000, 1.000, 1.000, 0.000, 0.018, 0.012, 0.016, 0.019, 0.009, 0.014
28.520, -0.873, -0.559, 0.000, 1.000, 0.058, 1.000, 0.000, 1.000, 0.000, 1.000, 0.019, 0.012, 0.016, 0.019, 0.009, 0.014
28.540, -0.886, -0.442, 0.000, 1.000, 0.000, 1.000, 0.000, 1.000, 0.000, 1.000, 0.019, 0.012, 0.016, 0.019, 0.009, 0.014
28.560, -0.877, -0.355, 0.000, 0.000, 1.000, 0.000, 0.000, 1.000, 0.000, 0.000, 0.018, 0.012, 0.016, 0.019, 0.009, 0.014
28.580, -0.869, -0.246, 0.000, 0.000, 1.000, 1.000, 0.000, 1.000, 0.000, 0.000, 0.018, 0.012, 0.016, 0.019, 0.009, 0.014
28.600, -0.858, -0.101, 0.000, 0.000, 1.000, 1.000, 0.000, 1.000, 0.000, 0.000, 0.018, 0.013, 0.016, 0.018, 0.009, 0.014
28.620, -0.842, 0.099, 1.000, 0.000, 1.000, 1.000, 0.000, 1.000, 0.000, 1.000, 0.018, 0.013, 0.016, 0.018, 0.009, 0.014
28.640, -0.829, 0.349, 1.000, 1.000, 1.000, 0.904, 0.000, 1.000, 0.000, 0.000, 0.018, 0.013, 0.015, 0.018, 0.009, 0.014
28.660, -0.804, 0.590, 1.000, 1.000, 1.000, 0.000, 0.000, 1.000, 0.000, 0.000, 0.018, 0.013, 0.016, 0.018, 0.009, 0.014
28.680, -0.771, 0.745, 1.000, 1.000, 1.000, 0.000, 0.000, 1.000, 0.000, 0.000, 0.018, 0.013, 0.016, 0.018, 0.009, 0.015
28.700, -0.746, 0.805, 1.000, 1.000, 0.000, 1.000, 0.000, 1.000, 0.000, 0.000, 0.018, 0.013, 0.016, 0.018, 0.009, 0.015
28.720, -0.699, 0.852, 1.000, 1.000, 0.000, 1.000, 0.000, 1.000, 0.000, 0.000, 0.017, 0.013, 0.016, 0.018, 0.009, 0.015
28.740, -0.659, 0.865, 1.000, 1.000, 0.000, 1.000, 0.000, 1.000, 0.000, 0.000, 0.017, 0.013, 0.015, 0.018, 0.009, 0.015
28.760, -0.619, 0.871, 1.000, 1.000, 0.000, 1.000, 0.000, 1.000, 0.000, 0.000, 0.017, 0.013, 0.015, 0.018, 0.009, 0.015
28.780, -0.585, 0.870, 1.000, 1.000, 0.000, 1.000, 0.000, 1.000, 0.000, 0.000, 0.017, 0.013, 0.015, 0.019, 0.009, 0.015
28.800, -0.588, 0.851, 1.000, 1.000, 0.000, 1.000, 0.000, 1.000, 0.000, 0.000, 0.017, 0.013, 0.015, 0.019, 0.009, 0.015
28.820, -0.542, 0.869, 1.000, 1.000, 0.000, 1.000, 0.000, 1.000, 0.935, 0.000, 0.017, 0.014, 0.015, 0.019, 0.009, 0.015
28.840, -0.523, 0.860, 1.000, 1.000, 1.000, 0.000, 0.000, 1.000, 0.000, 0.000, 0.017, 0.013, 0.016, 0.019, 0.009, 0.015
28.860, -0.581, 0.818, 1.000, 1.000, 0.000, 0.000, 0.000, 1.000, 1.000, 0.000, 0.017, 0.013, 0.016, 0.019, 0.009, 0.015
28.880, -0.586, 0.836, 1.000, 1.000, 1.000, 0.000, 0.000, 1.000, 1.000, 0.000, 0.017, 0.013, 0.016, 0.020, 0.009, 0.014
28.900, -0.527, 0.870, 1.000, 0.000, 1.000, 0.000, 0.000, 1.000, 0.000, 1.000, 0.018, 0.013, 0.016, 0.020, 0.009, 0.015
28.920, -0.458, 0.878, 1.000, 0.000, 1.000, 0.000, 0.000, 1.000, 0.000, 1.000, 0.018, 0.012, 0.016, 0.020, 0.009, 0.015
28.940, -0.376, 0.876, 1.000, 0.000, 1.000, 0.000, 0.000, 1.000, 0.000, 1.000, 0.018, 0.012, 0.017, 0.020, 0.009, 0.015
28.960, -0.274, 0.870, 1.000, 0.000, 1.000, 0.000, 0.000, 1.000, 0.000, 1.000, 0.018, 0.012, 0.017, 0.020, 0.009, 0.015
28.980, -0.139, 0.860, 1.000, 0.000, 1.000, 0.000, 0.000, 1.000, 0.000, 1.000, 0.018, 0.012, 0.017, 0.020, 0.009, 0.016
29.000, 0.046, 0.846, 1.000, 0.000, 1.000, 0.000, 0.000, 1.000, 0.000, 1.000, 0.019, 0.012, 0.017, 0.020, 0.009, 0.016
29.020, 0.293, 0.825, 1.000, 0.000, 1.000, 0.000, 0.000, 1.000, 0.000, 1.000, 0.019, 0.012, 0.017, 0.020, 0.009, 0.016
29.040, 0.566, 0.791, 1.000, 0.000, 1.000, 0.000, 0.000, 1.000, 0.000, 1.000, 0.019, 0.012, 0.017, 0.020, 0.009, 0.016
29.060, 0.767, 0.739, 1.000, 0.000, 1.000, 0.000, 0.000, 1.000, 0.000, 1.000, 0.019, 0.012, 0.017, 0.020, 0.009, 0.016
29.080, 0.857, 0.675, 1.000, 0.000, 1.000, 0.000, 0.000, 1.000, 0.000, 1.000, 0.019, 0.012, 0.017, 0.020, 0.009, 0.016
29.100, 0.883, 0.608, 1.000, 0.000, 1.000, 0.000, 0.000, 1.000, 0.000, 1.000, 0.019, 0.012, 0.017, 0.020, 0.009, 0.015
29.120, 0.887, 0.540, 1.000, 0.000, 1.000, 0.000, 0.000, 1.000, 0.000, 1.000, 0.019, 0.012, 0.017, 0.020, 0.009, 0.015
29.140, 0.884, 0.468, 1.000, 0.000, 1.000, 0.000, 1.000, 1.000, 0.000, 1.000, 0.019, 0.012, 0.016, 0.020, 0.008, 0.015
29.160, 0.878, 0.386, 1.000, 0.000, 1.000, 0.000, 1.000, 0.000, 0.000, 1.000, 0.019, 0.012, 0.016, 0.019, 0.009, 0.015
29.180, 0.871, 0.286, 1.000, 0.000, 1.000, 0.000, 1.000, 0.000, 0.000, 1.000, 0.019, 0.012, 0.016, 0.019, 0.009, 0.015
29.200, 0.862, 0.156, 1.000, 0.000, 1.000, 0.000, 1.000, 0.000, 0.000, 1.000, 0.019, 0.012, 0.016, 0.019, 0.010, 0.014
29.220, 0.848, -0.023, 0.000, 0.021, 1.000, 0.000, 0.000, 0.000, 1.000, 0.021, 0.019, 0.012, 0.016, 0.019, 0.010, 0.015
29.240, 0.828, -0.263, 0.000, 0.000, 1.000, 0.000, 0.000, 0.000, 1.000, 0.000, 0.018, 0.012, 0.016, 0.019, 0.009, 0.015
29.260, 0.795, -0.537, 0.000, 0.000, 1.000, 0.000, 0.000, 0.000, 1.000, 0.000, 0.018, 0.012, 0.016, 0.019, 0.009, 0.016
29.280, 0.745, -0.751, 0.000, 0.000, 1.000, 0.000, 0.000, 0.000, 1.000, 0.000, 0.018, 0.012, 0.015, 0.019, 0.009, 0.016
29.300, 0.682, -0.851, 0.000, 0.000, 1.000, 0.000, 1.000, 0.000, 0.000, 0.000, 0.018, 0.012, 0.015, 0.019, 0.009, 0.015
29.320, 0.615, -0.882, 0.000, 0.000, 1.000, 0.000, 1.000, 0.000, 0.000, 0.000, 0.018, 0.012, 0.015, 0.020, 0.009, 0.015
29.340, 0.547, -0.887, 0.000, 0.000, 1.000, 0.000, 1.000, 0.000, 0.000, 0.000, 0.018, 0.012, 0.015, 0.020, 0.009, 0.015
29.360, 0.476, -0.884, 0.000, 0.000, 1.000, 0.000, 1.000, 0.000, 0.000, 0.000, 0.017, 0.012, 0.015, 0.020, 0.009, 0.015
29.380, 0.396, -0.879, 0.000, 0.000, 1.000, 0.000, 1.000, 0.000, 0.000, 0.000, 0.017, 0.012, 0.015, 0.020, 0.009, 0.015
29.400, 0.258, -0.860, 0.000, 1.000, 1.000, 0.000, 1.000, 0.000, 0.030, 1.000, 0.018, 0.011, 0.015, 0.020, 0.009, 0.014
29.420, 0.094, -0.849, 0.000, 1.000, 1.000, 0.000, 1.000, 0.102, 0.000, 1.000, 0.018, 0.011, 0.015, 0.020, 0.009, 0.014
29.440, -0.162, -0.821, 0.000, 1.000, 1.000, 0.000, 1.000, 0.000, 0.000, 1.000, 0.019, 0.011, 0.015, 0.020, 0.009, 0.014
29.460, -0.461, -0.787, 0.000, 1.000, 1.000, 1.000, 1.000, 0.000, 1.000, 1.000, 0.019, 0.011, 0.016, 0.020, 0.009, 0.014
29.480, -0.707, -0.744, 0.000, 1.000, 1.000, 1.000, 1.000, 1.000, 1.000, 1.000, 0.019, 0.011, 0.016, 0.020, 0.009, 0.014
29.500, -0.833, -0.688, 0.000, 0.000, 1.000, 1.000, 0.000, 1.000, 1.000, 0.000, 0.018, 0.011, 0.016, 0.020, 0.009, 0.014
29.520, -0.876, -0.623, 0.000, 0.000, 1.000, 0.000, 0.000, 1.000, 1.000, 0.000, 0.018, 0.011, 0.016, 0.020, 0.010, 0.014
29.540, -0.886, -0.556, 0.000, 0.000, 1.000, 0.000, 0.000, 1.000, 1.000, 0.000, 0.018, 0.011, 0.016, 0.020, 0.010, 0.014
29.560, -0.884, -0.485, 0.000, 0.000, 1.000, 0.000, 1.000, 1.000, 1.000, 0.000, 0.018, 0.011, 0.016, 0.020, 0.010, 0.014
29.580, -0.880, -0.407, 0.000, 0.000, 1.000, 0.000, 1.000, 1.000, 0.115, 0.000, 0.018, 0.011, 0.016, 0.019, 0.010, 0.015
29.600, -0.873, -0.312, 0.000, 0.000, 1.000, 0.000, 1.000, 0.000, 0.000, 0.000, 0.017, 0.011, 0.016, 0.019, 0.010, 0.015
29.620, -0.864, -0.191, 0.000, 0.000, 1.000, 0.000, 1.000, 0.000, 1.000, 0.000, 0.017, 0.011, 0.017, 0.019, 0.009, 0.015
29.640, -0.852, -0.025, 0.000, 0.000, 1.000, 0.000, 1.000, 0.000, 1.000, 0.000, 0.017, 0.011, 0.017, 0.019, 0.010, 0.014
29.660, -0.834, 0.201, 1.000, 0.000, 1.000, 0.000, 1.000, 0.000, 1.000, 1.000, 0.018, 0.011, 0.017, 0.019, 0.010, 0.014
29.680, -0.804, 0.474, 1.000, 0.000, 1.000, 0.000, 1.000, 0.000, 1.000, 1.000, 0.018, 0.011, 0.017, 0.019, 0.010, 0.014
29.700, -0.759, 0.711, 1.000, 0.000, 1.000, 1.000, 1.000, 0.000, 1.000, 1.000, 0.018, 0.011, 0.016, 0.019, 0.010, 0.014
29.720, -0.698, 0.836, 1.000, 0.000, 1.000, 1.000, 1.000, 0.000, 1.000, 1.000, 0.019, 0.011, 0.016, 0.019, 0.010, 0.014
29.740, -0.631, 0.878, 1.000, 0.000, 1.000, 1.000, 1.000, 0.000, 1.000, 1.000, 0.019, 0.011, 0.016, 0.019, 0.011, 0.014
29.760, -0.563, 0.887, 1.000, 0.000, 1.000, 1.000, 1.000, 0.000, 1.000, 1.000, 0.019, 0.011, 0.016, 0.019, 0.011, 0.014
29.780, -0.540, 0.867, 1.000, 1.000, 1.000, 1.000, 1.000, 0.000, 1.000, 0.000, 0.018, 0.011, 0.015, 0.019, 0.011, 0.014
29.800, -0.589, 0.825, 1.000, 1.000, 0.000, 0.000, 1.000, 0.000, 1.000, 0.000, 0.018, 0.011, 0.016, 0.018, 0.011, 0.014
29.820, -0.600, 0.834, 1.000, 1.000, 0.000, 0.000, 1.000, 0.000, 1.000, 0.000, 0.018, 0.012, 0.016, 0.018, 0.011, 0.014
29.840, -0.561, 0.862, 1.000, 1.000, 1.000, 1.000, 1.000, 1.000, 1.000, 0.000, 0.018, 0.011, 0.016, 0.018, 0.010, 0.014
29.860, -0.496, 0.877, 1.000, 0.000, 1.000, 0.000, 0.000, 1.000, 0.000, 1.000, 0.018, 0.011, 0.016, 0.019, 0.010, 0.014
29.880, -0.420, 0.878, 1.000, 0.000, 1.000, 0.000, 0.000, 1.000, 0.000, 1.000, 0.018, 0.011, 0.017, 0.019, 0.010, 0.015
29.900, -0.330, 0.873, 1.000, 0.000, 1.000, 0.000, 0.000, 1.000, 0.000, 1.000, 0.019, 0.011, 0.017, 0.019, 0.010, 0.015
29.920, -0.214, 0.866, 1.000, 0.000, 1.000, 0.000, 0.000, 1.000, 0.000, 1.000, 0.019, 0.011, 0.017, 0.020, 0.010, 0.015
29.940, -0.057, 0.854, 1.000, 0.000, 1.000, 0.000, 0.000, 1.000, 0.000, 1.000, 0.019, 0.011, 0.017, 0.020, 0.010, 0.015
29.960, 0.158, 0.837, 1.000, 0.000, 1.000, 0.000, 0.070, 0.000, 0.345, 1.000, 0.019, 0.011, 0.017, 0.020, 0.010, 0.015
29.980, 0.426, 0.810, 1.000, 0.000, 1.000, 0.000, 0.000, 1.000, 0.000, 1.000, 0.019, 0.011, 0.017, 0.020, 0.010, 0.015
30.000, 0.677, 0.768, 1.000, 0.000, 1.000, 0.000, 1.000, 1.000, 0.000, 1.000, 0.019, 0.011, 0.017, 0.019, 0.010, 0.015
30.020, 0.822, 0.709, 1.000, 0.000, 1.000, 0.000, 1.000, 0.000, 0.000, 1.000, 0.019, 0.011, 0.017, 0.019, 0.010, 0.015
30.040, 0.874, 0.643, 1.000, 0.000, 1.000, 0.000, 1.000, 1.000, 0.000, 1.000, 0.019, 0.011, 0.017, 0.019, 0.010, 0.015
30.060, 0.886, 0.575, 1.000, 0.000, 1.000, 0.000, 0.000, 1.000, 1.000, 1.000, 0.019, 0.011, 0.016, 0.019, 0.010, 0.016
30.080, 0.886, 0.505, 1.000, 0.057, 1.000, 0.000, 0.000, 0.000, 1.000, 0.943, 0.019, 0.011, 0.016, 0.019, 0.010, 0.016
30.100, 0.881, 0.430, 1.000, 0.000, 1.000, 0.000, 0.000, 0.000, 1.000, 1.000, 0.019, 0.011, 0.016, 0.020, 0.011, 0.016
30.120, 0.875, 0.341, 1.000, 0.000, 1.000, 0.000, 0.000, 0.000, 1.000, 1.000, 0.019, 0.011, 0.016, 0.019, 0.010, 0.016
30.140, 0.867, 0.228, 1.000, 0.000, 1.000, 0.000, 0.000, 0.000, 1.000, 1.000, 0.019, 0.011, 0.016, 0.019, 0.010, 0.016
30.160, 0.856, 0.076, 1.000, 0.000, 1.000, 0.000, 1.000, 0.000, 1.000, 1.000, 0.019, 0.010, 0.016, 0.019, 0.010, 0.016
30.180, 0.840, -0.132, 0.000, 0.000, 1.000, 0.000, 1.000, 0.000, 0.000, 0.000, 0.019, 0.010, 0.016, 0.020, 0.010, 0.015
30.200, 0.814, -0.397, 0.000, 0.000, 1.000, 0.000, 1.000, 0.000, 0.000, 0.000, 0.019, 0.010, 0.016, 0.020, 0.010, 0.015
30.220, 0.773, -0.655, 0.000, 0.000, 1.000, 0.000, 1.000, 0.000, 0.000, 0.000, 0.018, 0.010, 0.016, 0.020, 0.010, 0.015
30.240, 0.716, -0.812, 0.000, 0.000, 1.000, 0.000, 1.000, 0.000, 0.000, 0.000, 0.018, 0.010, 0.015, 0.020, 0.010, 0.015
30.260, 0.650, -0.871, 0.000, 0.000, 1.000, 0.000, 1.000, 0.000, 0.000, 0.000, 0.018, 0.010, 0.015, 0.020, 0.009, 0.015
30.280, 0.582, -0.886, 0.000, 0.000, 1.000, 0.000, 1.000, 0.000, 1.000, 0.000, 0.018, 0.010, 0.015, 0.020, 0.009, 0.015
30.300, 0.513, -0.886, 0.000, 0.000, 1.000, 0.000, 0.000, 0.037, 1.000, 0.000, 0.018, 0.010, 0.015, 0.020, 0.009, 0.015
30.320, 0.439, -0.882, 0.000, 0.000, 1.000, 0.000, 1.000, 0.000, 1.000, 0.000, 0.018, 0.010, 0.015, 0.020, 0.009, 0.016
30.340, 0.351, -0.876, 0.000, 0.000, 1.000, 0.000, 1.000, 0.000, 1.000, 0.000, 0.018, 0.010, 0.015, 0.020, 0.009, 0.016
30.360, 0.242, -0.868, 0.000, 0.000, 1.000, 0.000, 1.000, 0.000, 1.000, 0.000, 0.018, 0.010, 0.015, 0.020, 0.009, 0.016
30.380, 0.095, -0.857, 0.000, 0.000, 1.000, 0.000, 1.000, 1.000, 1.000, 0.000, 0.018, 0.010, 0.015, 0.020, 0.010, 0.016
30.400, -0.106, -0.842, 0.000, 0.000, 1.000, 0.000, 0.000, 1.000, 0.000, 0.000, 0.018, 0.010, 0.015, 0.020, 0.010, 0.015
30.420, -0.366, -0.817, 0.000, 0.000, 1.000, 0.000, 0.000, 1.000, 1.000, 0.000, 0.018, 0.010, 0.015, 0.020, 0.011, 0.015
30.440, -0.630, -0.779, 0.000, 0.000, 1.000, 0.000, 0.000, 1.000, 1.000, 0.000, 0.017, 0.010, 0.015, 0.020, 0.011, 0.015
30.460, -0.829, -0.671, 0.000, 1.000, 1.000, 0.000, 0.695, 1.000, 1.000, 1.000, 0.018, 0.010, 0.015, 0.020, 0.011, 0.015
30.480, -0.876, -0.595, 0.000, 1.000, 1.000, 0.000, 1.000, 0.000, 1.000, 1.000, 0.018, 0.010, 0.015, 0.020, 0.010, 0.015
30.500, -0.884, -0.524, 0.000, 1.000, 1.000, 0.000, 1.000, 0.000, 0.000, 1.000, 0.019, 0.010, 0.016, 0.019, 0.010, 0.015
30.520, -0.882, -0.451, 0.000, 0.000, 1.000, 0.000, 1.000, 0.000, 0.000, 0.000, 0.018, 0.010, 0.016, 0.019, 0.010, 0.016
30.540, -0.877, -0.366, 0.000, 0.000, 1.000, 0.000, 1.000, 0.000, 1.000, 0.000, 0.018, 0.010, 0.016, 0.019, 0.010, 0.015
30.560, -0.869, -0.261, 0.000, 0.000, 1.000, 0.000, 1.000, 0.000, 1.000, 0.000, 0.018, 0.010, 0.016, 0.019, 0.011, 0.015
30.580, -0.859, -0.122, 0.000, 0.000, 1.000, 0.000, 1.000, 0.000, 1.000, 0.000, 0.018, 0.010, 0.016, 0.019, 0.011, 0.015
30.600, -0.845, 0.070, 1.000, 0.000, 1.000, 0.000, 1.000, 0.000, 1.000, 1.000, 0.018, 0.010, 0.016, 0.019, 0.011, 0.015
30.620, -0.822, 0.323, 1.000, 0.000, 1.000, 0.000, 1.000, 0.000, 1.000, 1.000, 0.018, 0.010, 0.017, 0.019, 0.011, 0.015
30.640, -0.786, 0.593, 1.000, 0.000, 1.000, 0.000, 1.000, 0.000, 1.000, 1.000, 0.019, 0.010, 0.017, 0.019, 0.011, 0.015
30.660, -0.733, 0.782, 1.000, 0.000, 1.000, 0.000, 1.000, 0.000, 1.000, 1.000, 0.019, 0.010, 0.017, 0.019, 0.011, 0.014
30.680, -0.668, 0.862, 1.000, 0.000, 1.000, 1.000, 1.000, 0.000, 0.000, 1.000, 0.019, 0.010, 0.016, 0.019, 0.011, 0.015
30.700, -0.600, 0.884, 1.000, 0.000, 1.000, 1.000, 1.000, 1.000, 0.000, 1.000, 0.019, 0.010, 0.016, 0.019, 0.011, 0.015
30.720, -0.532, 0.887, 1.000, 0.000, 1.000, 0.593, 1.000, 1.000, 0.000, 1.000, 0.019, 0.010, 0.016, 0.018, 0.011, 0.016
30.740, -0.563, 0.841, 1.000, 1.000, 1.000, 1.000, 1.000, 1.000, 0.000, 0.000, 0.018, 0.010, 0.016, 0.018, 0.010, 0.016
30.760, -0.535, 0.857, 1.000, 1.000, 0.000, 1.000, 1.000, 1.000, 0.000, 0.000, 0.018, 0.010, 0.015, 0.018, 0.010, 0.016
30.780, -0.510, 0.858, 1.000, 1.000, 1.000, 1.000, 1.000, 1.000, 0.000, 0.000, 0.018, 0.010, 0.015, 0.018, 0.010, 0.016
30.800, -0.441, 0.873, 1.000, 0.000, 1.000, 0.000, 0.000, 1.000, 0.000, 1.000, 0.018, 0.010, 0.016, 0.019, 0.010, 0.016
30.820, -0.357, 0.873, 1.000, 0.000, 1.000, 0.000, 0.000, 1.000, 0.000, 1.000, 0.019, 0.010, 0.016, 0.019, 0.010, 0.016
30.840, -0.250, 0.867, 1.000, 0.000, 1.000, 0.000, 0.000, 1.000, 0.000, 1.000, 0.019, 0.010, 0.016, 0.019, 0.010, 0.016
30.860, -0.107, 0.858, 1.000, 0.000, 1.000, 0.000, 0.000, 1.000, 0.000, 1.000, 0.019, 0.010, 0.017, 0.020, 0.010, 0.016
30.880, 0.090, 0.843, 1.000, 0.000, 1.000, 0.000, 0.000, 1.000, 0.000, 1.000, 0.019, 0.010, 0.017, 0.020, 0.010, 0.016
30.900, 0.347, 0.819, 1.000, 0.000, 1.000, 0.000, 0.000, 1.000, 0.000, 1.000, 0.019, 0.010, 0.017, 0.020, 0.010, 0.016
30.920, 0.614, 0.782, 1.000, 0.000, 1.000, 0.000, 0.000, 1.000, 0.000, 1.000, 0.019, 0.010, 0.017, 0.020, 0.010, 0.016
30.940, 0.793, 0.727, 1.000, 0.000, 1.000, 0.000, 0.000, 1.000, 0.000, 1.000, 0.019, 0.010, 0.017, 0.020, 0.010, 0.016
30.960, 0.865, 0.662, 1.000, 0.000, 1.000, 0.000, 0.000, 1.000, 0.000, 1.000, 0.019, 0.009, 0.017, 0.020, 0.010, 0.017
30.980, 0.885, 0.594, 1.000, 0.074, 1.000, 0.000, 0.000, 1.000, 0.000, 0.926, 0.019, 0.009, 0.016, 0.020, 0.010, 0.016
31.000, 0.886, 0.523, 1.000, 0.552, 0.000, 0.060, 0.000, 1.000, 0.000, 0.448, 0.019, 0.010, 0.016, 0.020, 0.010, 0.016
31.020, 0.882, 0.448, 1.000, 0.286, 1.000, 0.000, 0.138, 1.000, 0.000, 0.714, 0.019, 0.010, 0.016, 0.020, 0.010, 0.015
31.040, 0.877, 0.363, 1.000, 0.000, 1.000, 0.000, 0.209, 1.000, 0.000, 1.000, 0.019, 0.010, 0.016, 0.020, 0.010, 0.015
31.060, 0.869, 0.257, 1.000, 0.000, 1.000, 0.000, 0.068, 1.000, 0.000, 1.000, 0.019, 0.010, 0.016, 0.020, 0.010, 0.015
31.080, 0.852, 0.088, 1.000, 1.000, 1.000, 0.000, 0.000, 1.000, 0.000, 0.000, 0.019, 0.009, 0.016, 0.020, 0.010, 0.015
31.100, 0.816, -0.135, 0.000, 1.000, 0.000, 0.000, 0.000, 1.000, 0.000, 1.000, 0.019, 0.010, 0.016, 0.019, 0.010, 0.015
31.120, 0.796, -0.390, 0.000, 1.000, 0.000, 1.000, 1.000, 1.000, 0.000, 1.000, 0.019, 0.010, 0.016, 0.020, 0.010, 0.015
31.140, 0.764, -0.646, 0.000, 0.000, 0.000, 1.000, 1.000, 0.000, 1.000, 0.000, 0.019, 0.010, 0.016, 0.020, 0.010, 0.016
31.160, 0.711, -0.807, 0.000, 0.000, 0.000, 1.000, 1.000, 0.000, 1.000, 0.000, 0.019, 0.010, 0.017, 0.020, 0.011, 0.016
31.180, 0.646, -0.869, 0.000, 0.000, 0.000, 1.000, 1.000, 0.000, 0.768, 0.000, 0.018, 0.010, 0.017, 0.020, 0.011, 0.016
31.200, 0.579, -0.885, 0.000, 0.000, 0.000, 1.000, 1.000, 0.000, 0.000, 0.000, 0.018, 0.010, 0.017, 0.020, 0.010, 0.016
31.220, 0.510, -0.886, 0.000, 0.000, 0.000, 1.000, 1.000, 0.000, 0.000, 0.000, 0.018, 0.009, 0.017, 0.020, 0.010, 0.015
31.240, 0.435, -0.882, 0.000, 0.000, 0.000, 1.000, 1.000, 0.000, 0.000, 0.000, 0.018, 0.009, 0.017, 0.020, 0.010, 0.015
31.260, 0.348, -0.875, 0.000, 0.000, 0.000, 1.000, 1.000, 0.000, 0.000, 0.000, 0.018, 0.009, 0.017, 0.020, 0.010, 0.015
31.280, 0.129, -0.835, 0.000, 1.000, 0.000, 1.000, 1.000, 0.000, 0.015, 1.000, 0.019, 0.009, 0.017, 0.020, 0.010, 0.015
31.300, -0.252, -0.767, 0.000, 1.000, 0.000, 0.000, 1.000, 0.000, 0.063, 1.000, 0.019, 0.009, 0.017, 0.021, 0.010, 0.015
31.320, -0.514, -0.763, 0.000, 0.000, 0.000, 1.000, 1.000, 0.000, 0.000, 0.000, 0.018, 0.009, 0.016, 0.021, 0.010, 0.015
31.340, -0.732, -0.728, 0.000, 0.000, 0.000, 1.000, 1.000, 0.000, 1.000, 0.000, 0.018, 0.009, 0.016, 0.021, 0.010, 0.015
31.360, -0.873, -0.576, 0.000, 1.000, 0.000, 1.000, 1.000, 0.000, 1.000, 1.000, 0.019, 0.009, 0.016, 0.020, 0.010, 0.016
31.380, -0.884, -0.486, 0.000, 1.000, 0.000, 1.000, 1.000, 0.000, 1.000, 1.000, 0.019, 0.009, 0.016, 0.020, 0.010, 0.015
31.400, -0.882, -0.376, 0.000, 1.000, 1.000, 1.000, 1.000, 0.000, 1.000, 1.000, 0.019, 0.010, 0.016, 0.019, 0.010, 0.015
31.420, -0.872, -0.273, 0.000, 0.000, 1.000, 0.000, 1.000, 0.000, 1.000, 0.000, 0.019, 0.010, 0.016, 0.019, 0.009, 0.015
31.440, -0.861, -0.137, 0.000, 0.000, 1.000, 1.000, 1.000, 0.000, 1.000, 0.000, 0.018, 0.010, 0.016, 0.019, 0.009, 0.015
31.460, -0.847, 0.049, 1.000, 0.000, 1.000, 1.000, 1.000, 0.000, 0.000, 1.000, 0.019, 0.011, 0.016, 0.019, 0.009, 0.015
31.480, -0.829, 0.295, 1.000, 1.000, 0.000, 1.000, 0.000, 1.000, 0.000, 0.000, 0.018, 0.010, 0.016, 0.020, 0.010, 0.016
31.500, -0.810, 0.541, 1.000, 1.000, 0.000, 1.000, 1.000, 1.000, 0.000, 0.000, 0.018, 0.010, 0.016, 0.019, 0.010, 0.016
31.520, -0.771, 0.732, 1.000, 1.000, 0.000, 1.000, 1.000, 0.000, 0.000, 0.000, 0.018, 0.010, 0.016, 0.019, 0.010, 0.016
31.540, -0.706, 0.843, 1.000, 1.000, 0.000, 1.000, 1.000, 0.000, 0.000, 0.000, 0.018, 0.010, 0.016, 0.019, 0.010, 0.016
31.560, -0.636, 0.881, 1.000, 0.000, 0.000, 1.000, 1.000, 0.000, 1.000, 1.000, 0.018, 0.010, 0.015, 0.019, 0.010, 0.016
31.580, -0.672, 0.828, 1.000, 1.000, 0.000, 0.000, 1.000, 0.000, 1.000, 0.000, 0.018, 0.010, 0.016, 0.019, 0.010, 0.015
31.600, -0.667, 0.839, 1.000, 1.000, 0.000, 0.000, 1.000, 0.000, 1.000, 0.000, 0.018, 0.011, 0.016, 0.019, 0.009, 0.015
31.620, -0.669, 0.837, 1.000, 1.000, 0.000, 1.000, 1.000, 0.000, 1.000, 0.000, 0.018, 0.011, 0.016, 0.019, 0.009, 0.015
31.640, -0.616, 0.871, 1.000, 1.000, 0.000, 1.000, 1.000, 0.000, 1.000, 0.000, 0.018, 0.011, 0.016, 0.019, 0.010, 0.015
31.660, -0.610, 0.855, 1.000, 1.000, 0.000, 1.000, 1.000, 0.000, 1.000, 0.000, 0.018, 0.011, 0.016, 0.019, 0.010, 0.015
31.680, -0.621, 0.842, 1.000, 1.000, 0.000, 1.000, 1.000, 0.000, 1.000, 0.000, 0.018, 0.011, 0.015, 0.019, 0.011, 0.015
31.700, -0.628, 0.840, 1.000, 1.000, 0.000, 1.000, 1.000, 0.000, 1.000, 0.000, 0.018, 0.011, 0.015, 0.019, 0.011, 0.015
31.720, -0.570, 0.873, 1.000, 0.650, 0.000, 1.000, 1.000, 0.000, 1.000, 0.350, 0.018, 0.011, 0.015, 0.018, 0.011, 0.015
31.740, -0.503, 0.881, 1.000, 0.000, 0.000, 1.000, 1.000, 0.000, 0.000, 1.000, 0.018, 0.011, 0.015, 0.018, 0.011, 0.015
31.760, -0.428, 0.880, 1.000, 0.000, 0.000, 1.000, 1.000, 0.000, 0.000, 1.000, 0.018, 0.011, 0.015, 0.018, 0.011, 0.016
31.780, -0.340, 0.874, 1.000, 0.025, 0.000, 1.000, 0.000, 1.000, 0.000, 0.975, 0.019, 0.012, 0.015, 0.019, 0.011, 0.016
31.800, -0.226, 0.867, 1.000, 0.000, 0.000, 1.000, 0.000, 1.000, 0.000, 1.000, 0.019, 0.012, 0.015, 0.019, 0.010, 0.016
31.820, -0.178, 0.825, 1.000, 1.000, 0.000, 1.000, 1.000, 1.000, 0.000, 0.000, 0.018, 0.012, 0.015, 0.019, 0.010, 0.016
31.840, -0.244, 0.756, 1.000, 1.000, 0.000, 0.000, 1.000, 0.105, 0.073, 0.000, 0.018, 0.012, 0.016, 0.019, 0.010, 0.016
31.860, -0.294, 0.752, 1.000, 1.000, 0.000, 0.000, 1.000, 1.000, 0.000, 0.000, 0.018, 0.012, 0.016, 0.018, 0.010, 0.016
31.880, -0.244, 0.798, 1.000, 1.000, 0.000, 1.000, 0.000, 1.000, 0.000, 0.000, 0.018, 0.012, 0.016, 0.019, 0.010, 0.016
31.900, -0.191, 0.807, 1.000, 1.000, 0.000, 1.000, 0.000, 1.000, 0.000, 0.000, 0.018, 0.012, 0.015, 0.019, 0.010, 0.016
31.920, -0.140, 0.797, 1.000, 1.000, 0.000, 1.000, 1.000, 0.000, 0.000, 0.000, 0.017, 0.012, 0.015, 0.019, 0.010, 0.016
31.940, 0.027, 0.820, 1.000, 0.000, 0.000, 1.000, 1.000, 0.000, 0.000, 1.000, 0.018, 0.012, 0.015, 0.019, 0.011, 0.016
31.960, 0.112, 0.761, 1.000, 1.000, 0.000, 1.000, 1.000, 1.000, 0.000, 0.000, 0.018, 0.012, 0.015, 0.018, 0.010, 0.015
31.980, 0.285, 0.748, 1.000, 1.000, 0.000, 1.000, 1.000, 1.000, 0.000, 0.000, 0.018, 0.012, 0.015, 0.018, 0.010, 0.015
32.000, 0.543, 0.748, 1.000, 0.000, 0.000, 1.000, 1.000, 1.000, 0.000, 1.000, 0.018, 0.012, 0.015, 0.018, 0.010, 0.015
32.020, 0.748, 0.714, 1.000, 0.000, 0.000, 1.000, 1.000, 1.000, 0.000, 1.000, 0.018, 0.011, 0.015, 0.018, 0.010, 0.015
32.040, 0.848, 0.658, 1.000, 0.000, 0.000, 1.000, 1.000, 0.000, 0.000, 1.000, 0.019, 0.011, 0.015, 0.018, 0.010, 0.015
32.060, 0.879, 0.594, 1.000, 0.000, 0.000, 1.000, 1.000, 0.000, 0.000, 1.000, 0.019, 0.011, 0.015, 0.018, 0.011, 0.015
32.080, 0.885, 0.527, 1.000, 0.000, 0.000, 1.000, 1.000, 0.000, 0.000, 1.000, 0.019, 0.011, 0.015, 0.018, 0.011, 0.015
32.100, 0.879, 0.417, 1.000, 1.000, 0.000, 1.000, 1.000, 0.000, 0.000, 0.000, 0.018, 0.011, 0.015, 0.018, 0.011, 0.015
32.120, 0.873, 0.325, 1.000, 0.000, 1.000, 1.000, 1.000, 0.000, 0.000, 1.000, 0.019, 0.011, 0.015, 0.018, 0.011, 0.015
32.140, 0.865, 0.207, 1.000, 0.000, 1.000, 0.000, 1.000, 0.000, 1.000, 1.000, 0.019, 0.012, 0.015, 0.018, 0.011, 0.015
32.160, 0.854, 0.048, 1.000, 0.000, 1.000, 0.000, 0.000, 0.000, 1.000, 1.000, 0.019, 0.012, 0.016, 0.018, 0.012, 0.016
32.180, 0.836, -0.171, 0.000, 0.000, 1.000, 0.000, 0.000, 0.026, 1.000, 0.000, 0.018, 0.012, 0.016, 0.019, 0.012, 0.016
32.200, 0.809, -0.441, 0.000, 0.000, 1.000, 0.000, 0.000, 0.000, 1.000, 0.000, 0.018, 0.012, 0.015, 0.019, 0.012, 0.016
32.220, 0.765, -0.687, 0.000, 0.000, 1.000, 0.000, 0.000, 0.000, 1.000, 0.000, 0.018, 0.012, 0.015, 0.019, 0.012, 0.016
32.240, 0.706, -0.826, 0.000, 0.000, 1.000, 0.000, 0.000, 0.000, 1.000, 0.000, 0.018, 0.012, 0.015, 0.019, 0.011, 0.016
32.260, 0.639, -0.875, 0.000, 0.000, 1.000, 0.000, 0.000, 0.000, 1.000, 0.000, 0.018, 0.013, 0.015, 0.019, 0.011, 0.016
32.280, 0.572, -0.886, 0.000, 0.000, 1.000, 0.000, 0.000, 0.000, 1.000, 0.000, 0.018, 0.013, 0.015, 0.019, 0.011, 0.015
32.300, 0.502, -0.885, 0.000, 0.068, 1.000, 0.000, 0.068, 0.000, 1.000, 0.068, 0.017, 0.013, 0.015, 0.019, 0.011, 0.015
32.320, 0.426, -0.881, 0.000, 0.000, 1.000, 0.000, 0.428, 0.071, 1.000, 0.000, 0.017, 0.012, 0.015, 0.019, 0.011, 0.015
32.340, 0.336, -0.875, 0.000, 0.000, 1.000, 0.000, 0.594, 0.000, 1.000, 0.000, 0.017, 0.012, 0.015, 0.019, 0.010, 0.015
32.360, 0.142, -0.843, 0.000, 1.000, 1.000, 0.000, 1.000, 0.000, 1.000, 1.000, 0.018, 0.012, 0.014, 0.019, 0.010, 0.015
32.380, -0.325, -0.733, 0.000, 1.000, 0.000, 0.000, 1.000, 1.000, 1.000, 1.000, 0.018, 0.012, 0.014, 0.018, 0.011, 0.015
32.400, -0.667, -0.670, 0.000, 1.000, 0.000, 0.000, 0.000, 1.000, 1.000, 1.000, 0.018, 0.012, 0.014, 0.019, 0.011, 0.015
32.420, -0.824, -0.606, 0.000, 1.000, 0.000, 0.131, 0.000, 1.000, 1.000, 1.000, 0.019, 0.013, 0.014, 0.018, 0.012, 0.015
32.440, -0.873, -0.525, 0.000, 1.000, 0.000, 0.000, 0.000, 1.000, 1.000, 1.000, 0.019, 0.013, 0.014, 0.018, 0.012, 0.015
32.460, -0.888, -0.369, 0.000, 1.000, 1.000, 0.000, 0.066, 0.000, 1.000, 1.000, 0.019, 0.012, 0.014, 0.018, 0.011, 0.015
32.480, -0.873, -0.258, 0.000, 0.853, 1.000, 0.000, 0.494, 0.000, 1.000, 0.853, 0.019, 0.012, 0.014, 0.018, 0.011, 0.015
32.500, -0.871, -0.068, 0.000, 1.000, 1.000, 0.000, 0.000, 1.000, 1.000, 1.000, 0.019, 0.012, 0.014, 0.018, 0.011, 0.015
32.520, -0.856, 0.159, 1.000, 1.000, 1.000, 0.000, 0.000, 1.000, 1.000, 0.000, 0.018, 0.012, 0.014, 0.018, 0.012, 0.015
32.540, -0.834, 0.411, 1.000, 1.000, 1.000, 0.000, 0.000, 1.000, 1.000, 0.000, 0.018, 0.012, 0.014, 0.018, 0.012, 0.014
32.560, -0.803, 0.632, 1.000, 1.000, 1.000, 0.000, 0.000, 1.000, 1.000, 0.000, 0.018, 0.012, 0.014, 0.018, 0.012, 0.014
32.580, -0.767, 0.766, 1.000, 1.000, 1.000, 0.000, 0.000, 1.000, 1.000, 0.000, 0.018, 0.011, 0.014, 0.018, 0.012, 0.014
32.600, -0.732, 0.824, 1.000, 1.000, 1.000, 0.000, 0.000, 1.000, 1.000, 0.000, 0.018, 0.011, 0.014, 0.018, 0.012, 0.014
32.620, -0.705, 0.843, 1.000, 1.000, 1.000, 0.000, 0.000, 1.000, 1.000, 0.000, 0.017, 0.011, 0.014, 0.018, 0.011, 0.014
32.640, -0.690, 0.844, 1.000, 1.000, 0.000, 0.000, 1.000, 0.723, 1.000, 0.000, 0.017, 0.012, 0.015, 0.018, 0.011, 0.014
32.660, -0.684, 0.840, 1.000, 1.000, 0.000, 0.000, 1.000, 0.000, 1.000, 0.000, 0.017, 0.012, 0.015, 0.019, 0.012, 0.014
32.680, -0.687, 0.834, 1.000, 1.000, 0.000, 0.000, 1.000, 0.000, 1.000, 0.000, 0.017, 0.013, 0.015, 0.019, 0.012, 0.014
32.700, -0.622, 0.876, 1.000, 0.000, 0.000, 1.000, 1.000, 1.000, 0.000, 1.000, 0.018, 0.013, 0.015, 0.019, 0.012, 0.015
32.720, -0.592, 0.869, 1.000, 1.000, 0.000, 1.000, 1.000, 1.000, 0.000, 0.000, 0.018, 0.013, 0.014, 0.019, 0.011, 0.015
32.740, -0.608, 0.843, 1.000, 1.000, 0.000, 1.000, 0.000, 1.000, 0.000, 0.000, 0.017, 0.013, 0.014, 0.019, 0.011, 0.015
32.760, -0.602, 0.848, 1.000, 1.000, 0.000, 1.000, 0.000, 1.000, 0.000, 0.000, 0.017, 0.013, 0.014, 0.018, 0.011, 0.016
32.780, -0.596, 0.850, 1.000, 1.000, 0.000, 1.000, 0.000, 1.000, 0.000, 0.000, 0.017, 0.013, 0.014, 0.018, 0.011, 0.016
32.800, -0.600, 0.845, 1.000, 1.000, 0.000, 1.000, 0.000, 1.000, 0.000, 0.000, 0.017, 0.013, 0.014, 0.018, 0.011, 0.016
32.820, -0.598, 0.847, 1.000, 1.000, 0.000, 1.000, 0.000, 1.000, 0.000, 0.000, 0.017, 0.013, 0.014, 0.018, 0.011, 0.016
32.840, -0.600, 0.845, 1.000, 1.000, 0.000, 1.000, 0.000, 1.000, 0.000, 0.000, 0.017, 0.013, 0.014, 0.018, 0.011, 0.016
32.860, -0.598, 0.846, 1.000, 1.000, 0.000, 1.000, 0.000, 1.000, 0.000, 0.000, 0.017, 0.012, 0.014, 0.019, 0.011, 0.015
32.880, -0.601, 0.845, 1.000, 1.000, 0.000, 1.000, 0.000, 1.000, 0.000, 0.000, 0.017, 0.012, 0.014, 0.019, 0.011, 0.015
32.900, -0.593, 0.850, 1.000, 1.000, 0.000, 1.000, 1.000, 1.000, 0.000, 0.000, 0.017, 0.012, 0.014, 0.018, 0.011, 0.015
32.920, -0.575, 0.856, 1.000, 1.000, 0.000, 1.000, 1.000, 1.000, 0.000, 0.000, 0.017, 0.012, 0.014, 0.018, 0.011, 0.015
32.940, -0.570, 0.851, 1.000, 1.000, 0.000, 1.000, 1.000, 1.000, 0.000, 0.000, 0.017, 0.012, 0.014, 0.018, 0.011, 0.015
32.960, -0.556, 0.854, 1.000, 1.000, 0.000, 1.000, 1.000, 1.000, 0.000, 0.000, 0.017, 0.012, 0.014, 0.018, 0.011, 0.014
32.980, -0.535, 0.857, 1.000, 1.000, 0.000, 1.000, 1.000, 1.000, 0.000, 0.000, 0.017, 0.012, 0.014, 0.018, 0.011, 0.014
33.000, -0.512, 0.858, 1.000, 1.000, 0.000, 1.000, 1.000, 1.000, 0.000, 0.000, 0.017, 0.012, 0.014, 0.018, 0.011, 0.014
33.020, -0.525, 0.840, 1.000, 1.000, 0.000, 1.000, 0.000, 1.000, 0.000, 0.000, 0.017, 0.012, 0.013, 0.018, 0.011, 0.014
33.040, -0.538, 0.837, 1.000, 1.000, 0.000, 0.000, 0.000, 1.000, 0.000, 0.000, 0.017, 0.012, 0.014, 0.018, 0.010, 0.014
33.060, -0.563, 0.830, 1.000, 1.000, 0.000, 0.000, 0.000, 1.000, 0.000, 0.000, 0.016, 0.012, 0.014, 0.019, 0.010, 0.014
33.080, -0.546, 0.849, 1.000, 1.000, 1.000, 0.000, 0.000, 1.000, 0.000, 0.000, 0.016, 0.012, 0.015, 0.019, 0.010, 0.014
33.100, -0.482, 0.872, 1.000, 0.000, 1.000, 0.000, 0.000, 1.000, 1.000, 1.000, 0.017, 0.013, 0.015, 0.019, 0.010, 0.015
33.120, -0.406, 0.875, 1.000, 0.000, 1.000, 0.000, 0.000, 0.000, 1.000, 1.000, 0.017, 0.013, 0.015, 0.019, 0.011, 0.015
33.140, -0.313, 0.872, 1.000, 0.000, 1.000, 0.000, 0.000, 0.000, 1.000, 1.000, 0.018, 0.013, 0.015, 0.019, 0.011, 0.015
33.160, -0.191, 0.864, 1.000, 0.000, 1.000, 0.000, 0.000, 0.000, 1.000, 1.000, 0.018, 0.013, 0.015, 0.019, 0.012, 0.016
33.180, -0.026, 0.852, 1.000, 0.000, 1.000, 0.000, 0.000, 0.000, 1.000, 1.000, 0.018, 0.013, 0.015, 0.019, 0.012, 0.016
33.200, 0.199, 0.834, 1.000, 0.000, 1.000, 0.000, 0.000, 0.000, 1.000, 1.000, 0.018, 0.013, 0.015, 0.019, 0.012, 0.016
33.220, 0.472, 0.805, 1.000, 0.000, 1.000, 0.000, 0.000, 0.000, 1.000, 1.000, 0.018, 0.012, 0.015, 0.019, 0.012, 0.015
33.240, 0.709, 0.759, 1.000, 0.000, 1.000, 0.000, 0.044, 0.083, 1.000, 1.000, 0.018, 0.012, 0.014, 0.019, 0.012, 0.015
33.260, 0.835, 0.698, 1.000, 0.000, 1.000, 0.000, 0.337, 0.151, 1.000, 1.000, 0.018, 0.012, 0.014, 0.019, 0.012, 0.015
33.280, 0.878, 0.631, 1.000, 0.000, 1.000, 0.000, 0.327, 0.001, 1.000, 1.000, 0.018, 0.012, 0.014, 0.019, 0.012, 0.015
33.300, 0.886, 0.563, 1.000, 0.073, 1.000, 0.000, 0.264, 0.000, 1.000, 0.927, 0.018, 0.012, 0.014, 0.019, 0.012, 0.014
33.320, 0.885, 0.493, 1.000, 0.233, 1.000, 0.000, 0.227, 0.000, 1.000, 0.767, 0.018, 0.012, 0.014, 0.019, 0.012, 0.014
33.340, 0.880, 0.415, 1.000, 0.053, 1.000, 0.000, 0.070, 0.000, 1.000, 0.947, 0.018, 0.012, 0.014, 0.019, 0.012, 0.014
33.360, 0.874, 0.322, 1.000, 0.000, 1.000, 0.000, 0.000, 0.000, 1.000, 1.000, 0.018, 0.012, 0.014, 0.019, 0.011, 0.014
33.380, 0.865, 0.204, 1.000, 0.000, 1.000, 0.000, 0.000, 0.000, 1.000, 1.000, 0.018, 0.012, 0.014, 0.018, 0.011, 0.014
33.400, 0.853, 0.043, 1.000, 0.000, 1.000, 0.000, 0.210, 0.000, 1.000, 1.000, 0.018, 0.012, 0.014, 0.018, 0.011, 0.014
33.420, 0.834, -0.177, 0.000, 1.000, 1.000, 0.285, 1.000, 1.000, 0.000, 1.000, 0.018, 0.012, 0.014, 0.019, 0.012, 0.015
33.440, 0.795, -0.434, 0.000, 1.000, 1.000, 0.098, 1.000, 0.000, 0.000, 1.000, 0.019, 0.012, 0.014, 0.019, 0.011, 0.015
33.460, 0.755, -0.678, 0.000, 1.000, 1.000, 0.000, 1.000, 0.000, 0.000, 1.000, 0.019, 0.012, 0.014, 0.019, 0.011, 0.015
33.480, 0.700, -0.821, 0.000, 0.000, 1.000, 0.000, 1.000, 0.000, 0.000, 0.000, 0.018, 0.012, 0.014, 0.019, 0.011, 0.015
33.500, 0.635, -0.873, 0.000, 0.000, 1.000, 0.000, 1.000, 0.000, 0.000, 0.000, 0.018, 0.012, 0.014, 0.019, 0.011, 0.016
33.520, 0.568, -0.885, 0.000, 0.000, 1.000, 0.000, 1.000, 0.000, 0.000, 0.000, 0.017, 0.011, 0.013, 0.020, 0.011, 0.016
33.540, 0.499, -0.885, 0.000, 0.000, 1.000, 0.000, 1.000, 0.000, 0.000, 0.000, 0.017, 0.011, 0.013, 0.020, 0.011, 0.016
33.560, 0.422, -0.881, 0.000, 0.000, 1.000, 0.000, 1.000, 0.000, 0.000, 0.000, 0.017, 0.011, 0.013, 0.020, 0.011, 0.016
33.580, 0.332, -0.874, 0.000, 0.000, 1.000, 1.000, 1.000, 1.000, 0.000, 0.000, 0.017, 0.011, 0.014, 0.020, 0.011, 0.016
33.600, 0.216, -0.866, 0.000, 0.000, 0.000, 1.000, 0.000, 1.000, 0.000, 0.000, 0.017, 0.012, 0.014, 0.019, 0.012, 0.016
33.620, 0.060, -0.855, 0.000, 0.000, 0.000, 1.000, 0.000, 1.000, 0.000, 0.000, 0.017, 0.012, 0.015, 0.019, 0.012, 0.016
33.640, -0.155, -0.837, 0.000, 0.113, 0.000, 1.000, 0.000, 1.000, 0.000, 0.113, 0.017, 0.013, 0.014, 0.019, 0.012, 0.016
33.660, -0.423, -0.811, 0.000, 0.000, 0.000, 1.000, 0.000, 1.000, 0.000, 0.000, 0.017, 0.013, 0.014, 0.019, 0.012, 0.016
33.680, -0.675, -0.768, 0.000, 0.000, 0.000, 1.000, 0.000, 1.000, 0.000, 0.000, 0.017, 0.013, 0.014, 0.020, 0.012, 0.016
33.700, -0.821, -0.710, 0.000, 0.000, 1.000, 1.000, 0.000, 1.000, 0.000, 0.000, 0.017, 0.012, 0.014, 0.020, 0.013, 0.016
33.720, -0.874, -0.643, 0.000, 0.000, 1.000, 0.000, 1.000, 1.000, 0.000, 0.000, 0.017, 0.012, 0.014, 0.019, 0.012, 0.016
33.740, -0.886, -0.576, 0.000, 0.000, 1.000, 0.000, 1.000, 0.000, 0.000, 0.000, 0.017, 0.012, 0.014, 0.019, 0.012, 0.015
33.760, -0.889, -0.461, 0.000, 1.000, 0.000, 0.115, 1.000, 0.000, 0.114, 1.000, 0.017, 0.012, 0.015, 0.019, 0.012, 0.015
33.780, -0.882, -0.343, 0.000, 1.000, 0.000, 1.000, 1.000, 0.000, 0.000, 1.000, 0.018, 0.013, 0.014, 0.019, 0.013, 0.015
33.800, -0.870, -0.225, 0.000, 1.000, 0.000, 1.000, 1.000, 0.000, 0.000, 1.000, 0.018, 0.013, 0.014, 0.018, 0.013, 0.015
33.820, -0.862, -0.051, 0.000, 1.000, 0.000, 1.000, 1.000, 1.000, 0.000, 1.000, 0.018, 0.013, 0.014, 0.018, 0.012, 0.015
33.840, -0.845, 0.172, 1.000, 1.000, 0.000, 1.000, 1.000, 1.000, 0.000, 0.000, 0.018, 0.013, 0.014, 0.018, 0.012, 0.015
33.860, -0.820, 0.436, 1.000, 1.000, 0.000, 1.000, 1.000, 1.000, 0.000, 0.000, 0.017, 0.013, 0.013, 0.018, 0.012, 0.015
33.880, -0.784, 0.667, 1.000, 1.000, 0.000, 1.000, 1.000, 1.000, 0.000, 0.000, 0.017, 0.013, 0.013, 0.018, 0.012, 0.015
33.900, -0.754, 0.781, 1.000, 1.000, 0.000, 1.000, 1.000, 1.000, 0.000, 0.000, 0.017, 0.013, 0.013, 0.018, 0.012, 0.015
33.920, -0.710, 0.842, 1.000, 1.000, 0.000, 1.000, 1.000, 1.000, 0.000, 0.000, 0.017, 0.013, 0.013, 0.018, 0.011, 0.015
33.940, -0.657, 0.870, 1.000, 1.000, 0.000, 1.000, 1.000, 0.000, 0.000, 0.000, 0.017, 0.013, 0.013, 0.018, 0.012, 0.015
33.960, -0.617, 0.872, 1.000, 1.000, 0.000, 1.000, 1.000, 1.000, 0.000, 0.000, 0.017, 0.013, 0.013, 0.018, 0.012, 0.015
33.980, -0.624, 0.848, 1.000, 1.000, 0.000, 1.000, 0.000, 1.000, 0.000, 0.000, 0.017, 0.012, 0.013, 0.019, 0.012, 0.014
34.000, -0.582, 0.868, 1.000, 1.000, 0.000, 1.000, 1.000, 1.000, 0.000, 0.000, 0.017, 0.012, 0.013, 0.018, 0.011, 0.014
34.020, -0.566, 0.860, 1.000, 1.000, 0.000, 1.000, 1.000, 1.000, 0.000, 0.000, 0.016, 0.012, 0.013, 0.018, 0.011, 0.014
34.040, -0.529, 0.866, 1.000, 1.000, 0.000, 1.000, 1.000, 0.000, 0.000, 0.000, 0.016, 0.012, 0.013, 0.018, 0.012, 0.014
34.060, -0.505, 0.860, 1.000, 1.000, 0.000, 1.000, 1.000, 1.000, 0.000, 0.000, 0.016, 0.012, 0.013, 0.018, 0.012, 0.014
34.080, -0.489, 0.853, 1.000, 1.000, 0.000, 1.000, 0.000, 1.000, 0.000, 0.000, 0.016, 0.012, 0.013, 0.018, 0.012, 0.014
34.100, -0.508, 0.835, 1.000, 1.000, 0.000, 1.000, 0.000, 1.000, 0.000, 0.000, 0.016, 0.012, 0.013, 0.019, 0.011, 0.014
34.120, -0.526, 0.831, 1.000, 1.000, 0.000, 0.000, 0.000, 1.000, 0.000, 0.000, 0.016, 0.012, 0.014, 0.019, 0.011, 0.014
34.140, -0.603, 0.799, 1.000, 1.000, 0.000, 0.000, 0.000, 0.000, 1.000, 0.000, 0.016, 0.012, 0.014, 0.019, 0.012, 0.015
34.160, -0.622, 0.822, 1.000, 1.000, 0.000, 0.000, 0.000, 0.000, 1.000, 0.000, 0.016, 0.012, 0.014, 0.019, 0.012, 0.015
34.180, -0.579, 0.862, 1.000, 1.000, 1.000, 0.000, 0.000, 0.000, 1.000, 0.000, 0.016, 0.012, 0.014, 0.019, 0.012, 0.014
34.200, -0.515, 0.878, 1.000, 0.000, 1.000, 0.000, 0.000, 0.000, 1.000, 1.000, 0.017, 0.013, 0.014, 0.019, 0.013, 0.014
34.220, -0.442, 0.880, 1.000, 0.000, 1.000, 0.000, 0.000, 0.000, 1.000, 1.000, 0.017, 0.013, 0.015, 0.019, 0.013, 0.014
34.240, -0.356, 0.875, 1.000, 0.000, 1.000, 0.000, 0.000, 0.000, 1.000, 1.000, 0.017, 0.013, 0.015, 0.019, 0.013, 0.014
34.260, -0.249, 0.868, 1.000, 0.000, 1.000, 0.000, 0.000, 0.000, 1.000, 1.000, 0.017, 0.013, 0.015, 0.020, 0.013, 0.014
34.280, -0.104, 0.858, 1.000, 0.000, 1.000, 0.000, 0.150, 0.000, 1.000, 1.000, 0.018, 0.013, 0.014, 0.019, 0.013, 0.014
34.300, 0.094, 0.843, 1.000, 0.000, 1.000, 0.000, 0.225, 0.000, 1.000, 1.000, 0.018, 0.013, 0.014, 0.019, 0.013, 0.014
34.320, 0.351, 0.819, 1.000, 0.000, 1.000, 0.000, 0.134, 0.000, 1.000, 1.000, 0.018, 0.013, 0.014, 0.019, 0.013, 0.014
34.340, 0.531, 0.726, 1.000, 1.000, 1.000, 0.000, 0.000, 0.000, 1.000, 0.000, 0.017, 0.012, 0.013, 0.020, 0.013, 0.014
34.360, 0.671, 0.629, 1.000, 1.000, 1.000, 0.000, 0.019, 0.000, 1.000, 0.000, 0.017, 0.012, 0.013, 0.020, 0.013, 0.014
34.380, 0.725, 0.462, 1.000, 1.000, 0.000, 0.000, 0.000, 0.000, 1.000, 0.000, 0.017, 0.013, 0.013, 0.019, 0.012, 0.014
34.400, 0.803, 0.391, 1.000, 1.000, 0.000, 0.339, 1.000, 0.000, 1.000, 0.000, 0.016, 0.013, 0.013, 0.019, 0.012, 0.014
34.420, 0.843, 0.312, 1.000, 0.000, 0.416, 1.000, 1.000, 0.000, 0.000, 1.000, 0.017, 0.013, 0.014, 0.020, 0.012, 0.014
34.440, 0.851, 0.189, 1.000, 1.000, 1.000, 0.000, 1.000, 0.000, 0.000, 0.000, 0.017, 0.013, 0.014, 0.020, 0.012, 0.015
34.460, 0.846, 0.026, 1.000, 0.000, 1.000, 0.000, 1.000, 0.000, 0.000, 1.000, 0.017, 0.012, 0.013, 0.020, 0.012, 0.015
34.480, 0.831, -0.198, 0.000, 0.000, 1.000, 0.000, 1.000, 0.000, 1.000, 0.000, 0.017, 0.012, 0.013, 0.020, 0.012, 0.014
34.500, 0.803, -0.470, 0.000, 0.000, 1.000, 0.000, 1.000, 0.000, 1.000, 0.000, 0.017, 0.012, 0.013, 0.020, 0.012, 0.014
34.520, 0.759, -0.708, 0.000, 0.000, 1.000, 0.000, 1.000, 0.000, 1.000, 0.000, 0.016, 0.012, 0.013, 0.020, 0.012, 0.014
34.540, 0.698, -0.835, 0.000, 0.000, 1.000, 0.000, 1.000, 0.000, 1.000, 0.000, 0.016, 0.012, 0.013, 0.020, 0.012, 0.014
34.560, 0.631, -0.877, 0.000, 0.000, 1.000, 0.000, 1.000, 0.035, 1.000, 0.000, 0.016, 0.012, 0.013, 0.020, 0.012, 0.014
34.580, 0.564, -0.886, 0.000, 0.000, 1.000, 1.000, 1.000, 0.000, 1.000, 0.000, 0.016, 0.012, 0.014, 0.020, 0.012, 0.014
34.600, 0.494, -0.885, 0.000, 0.000, 0.000, 1.000, 1.000, 1.000, 1.000, 0.000, 0.016, 0.013, 0.014, 0.020, 0.012, 0.014
34.620, 0.417, -0.880, 0.000, 0.000, 0.000, 1.000, 0.000, 1.000, 0.000, 0.000, 0.016, 0.013, 0.014, 0.020, 0.013, 0.014
34.640, 0.325, -0.874, 0.000, 0.000, 0.000, 1.000, 0.000, 1.000, 0.000, 0.000, 0.016, 0.013, 0.014, 0.019, 0.013, 0.015
34.660, 0.206, -0.865, 0.000, 0.156, 0.000, 1.000, 0.000, 1.000, 0.000, 0.156, 0.016, 0.013, 0.014, 0.019, 0.013, 0.015
34.680, 0.045, -0.853, 0.000, 0.074, 0.000, 1.000, 0.000, 1.000, 0.000, 0.074, 0.016, 0.013, 0.014, 0.019, 0.013, 0.015
34.700, -0.176, -0.835, 0.000, 0.276, 0.000, 1.000, 0.000, 1.000, 0.000, 0.276, 0.016, 0.014, 0.013, 0.020, 0.013, 0.015
34.720, -0.447, -0.808, 0.000, 0.007, 0.000, 1.000, 0.000, 1.000, 0.000, 0.007, 0.016, 0.014, 0.013, 0.020, 0.013, 0.015
34.740, -0.692, -0.764, 0.000, 0.000, 0.000, 1.000, 1.000, 1.000, 0.000, 0.000, 0.016, 0.014, 0.013, 0.019, 0.013, 0.015
34.760, -0.862, -0.620, 0.000, 1.000, 0.000, 1.000, 1.000, 0.000, 0.000, 1.000, 0.016, 0.014, 0.013, 0.019, 0.013, 0.014
34.780, -0.889, -0.485, 0.000, 1.000, 0.000, 1.000, 1.000, 0.000, 0.000, 1.000, 0.017, 0.014, 0.013, 0.019, 0.013, 0.014
34.800, -0.884, -0.374, 0.000, 1.000, 0.000, 1.000, 1.000, 0.000, 0.000, 1.000, 0.017, 0.014, 0.013, 0.019, 0.013, 0.014
34.820, -0.875, -0.249, 0.000, 1.000, 0.000, 1.000, 1.000, 0.000, 0.000, 1.000, 0.017, 0.014, 0.013, 0.019, 0.013, 0.014
34.840, -0.864, -0.086, 0.000, 1.000, 0.000, 1.000, 1.000, 0.000, 0.000, 1.000, 0.017, 0.014, 0.013, 0.019, 0.014, 0.014
34.860, -0.849, 0.127, 1.000, 1.000, 0.000, 1.000, 1.000, 0.000, 0.000, 0.000, 0.017, 0.014, 0.013, 0.019, 0.014, 0.014
34.880, -0.826, 0.386, 1.000, 1.000, 0.000, 1.000, 1.000, 0.000, 0.000, 0.000, 0.016, 0.014, 0.013, 0.019, 0.014, 0.014
34.900, -0.789, 0.635, 1.000, 1.000, 0.000, 1.000, 1.000, 0.000, 0.000, 0.000, 0.016, 0.014, 0.013, 0.018, 0.014, 0.014
34.920, -0.755, 0.773, 1.000, 1.000, 0.000, 1.000, 0.000, 1.000, 0.000, 0.000, 0.016, 0.014, 0.013, 0.019, 0.013, 0.014
34.940, -0.713, 0.838, 1.000, 1.000, 0.000, 1.000, 0.000, 1.000, 0.000, 0.000, 0.016, 0.013, 0.013, 0.019, 0.013, 0.014
34.960, -0.681, 0.854, 1.000, 1.000, 0.000, 1.000, 1.000, 1.000, 0.000, 0.000, 0.016, 0.013, 0.013, 0.019, 0.013, 0.014
34.980, -0.641, 0.867, 1.000, 1.000, 0.000, 1.000, 1.000, 0.000, 0.000, 0.000, 0.016, 0.013, 0.013, 0.019, 0.013, 0.014
35.000, -0.604, 0.870, 1.000, 1.000, 0.000, 1.000, 1.000, 1.000, 0.000, 0.000, 0.016, 0.013, 0.013, 0.019, 0.013, 0.013
35.020, -0.600, 0.854, 1.000, 1.000, 0.000, 1.000, 0.000, 1.000, 0.000, 0.000, 0.016, 0.013, 0.013, 0.019, 0.013, 0.013
35.040, -0.572, 0.863, 1.000, 1.000, 0.000, 1.000, 0.000, 1.000, 0.000, 0.000, 0.016, 0.013, 0.013, 0.019, 0.013, 0.013
35.060, -0.545, 0.863, 1.000, 1.000, 0.000, 1.000, 0.000, 1.000, 0.000, 0.000, 0.016, 0.013, 0.013, 0.020, 0.012, 0.013
35.080, -0.530, 0.856, 1.000, 1.000, 0.000, 1.000, 1.000, 1.000, 0.000, 0.000, 0.016, 0.013, 0.013, 0.019, 0.012, 0.013
35.100, -0.491, 0.864, 1.000, 1.000, 0.000, 1.000, 1.000, 0.000, 0.000, 0.000, 0.015, 0.013, 0.012, 0.019, 0.013, 0.013
35.120, -0.467, 0.856, 1.000, 1.000, 0.000, 1.000, 1.000, 1.000, 0.000, 0.000, 0.015, 0.013, 0.012, 0.019, 0.013, 0.013
35.140, -0.441, 0.852, 1.000, 1.000, 0.000, 1.000, 0.016, 0.000, 0.367, 0.000, 0.015, 0.013, 0.012, 0.019, 0.013, 0.013
35.160, -0.441, 0.838, 1.000, 1.000, 0.000, 1.000, 1.000, 0.000, 1.000, 0.000, 0.015, 0.013, 0.012, 0.019, 0.013, 0.014
35.180, -0.423, 0.841, 1.000, 1.000, 1.000, 0.000, 0.000, 0.000, 1.000, 0.000, 0.015, 0.013, 0.013, 0.019, 0.014, 0.014
35.200, -0.343, 0.861, 1.000, 0.000, 1.000, 0.000, 0.000, 0.000, 1.000, 1.000, 0.016, 0.013, 0.013, 0.019, 0.014, 0.013
35.220, -0.234, 0.862, 1.000, 0.000, 1.000, 0.000, 0.000, 0.000, 1.000, 1.000, 0.016, 0.014, 0.014, 0.020, 0.014, 0.013
35.240, -0.086, 0.854, 1.000, 0.000, 1.000, 0.000, 0.000, 0.095, 1.000, 1.000, 0.016, 0.014, 0.014, 0.020, 0.014, 0.013
35.260, 0.118, 0.840, 1.000, 0.000, 1.000, 0.000, 0.000, 0.149, 1.000, 1.000, 0.017, 0.014, 0.014, 0.020, 0.014, 0.013
35.280, 0.380, 0.815, 1.000, 0.000, 1.000, 0.000, 0.000, 0.000, 1.000, 1.000, 0.017, 0.014, 0.014, 0.020, 0.014, 0.013
35.300, 0.641, 0.776, 1.000, 0.000, 1.000, 0.000, 0.000, 0.000, 1.000, 1.000, 0.017, 0.014, 0.014, 0.020, 0.014, 0.013
35.320, 0.806, 0.720, 1.000, 0.000, 1.000, 0.000, 0.026, 0.000, 1.000, 1.000, 0.017, 0.013, 0.014, 0.020, 0.014, 0.013
35.340, 0.860, 0.616, 1.000, 1.000, 1.000, 0.000, 0.221, 0.000, 1.000, 0.000, 0.016, 0.013, 0.014, 0.020, 0.014, 0.013
35.360, 0.873, 0.495, 1.000, 1.000, 1.000, 0.000, 1.000, 0.000, 1.000, 0.000, 0.016, 0.013, 0.013, 0.019, 0.013, 0.013
35.380, 0.877, 0.421, 1.000, 0.000, 1.000, 0.000, 1.000, 0.000, 0.000, 1.000, 0.016, 0.013, 0.013, 0.019, 0.013, 0.014
35.400, 0.873, 0.331, 1.000, 0.000, 1.000, 0.000, 1.000, 0.000, 0.000, 1.000, 0.017, 0.013, 0.013, 0.019, 0.013, 0.014
35.420, 0.865, 0.216, 1.000, 0.000, 1.000, 0.000, 1.000, 0.000, 1.000, 1.000, 0.017, 0.013, 0.013, 0.020, 0.013, 0.014
35.440, 0.854, 0.060, 1.000, 0.000, 1.000, 0.000, 1.000, 0.000, 1.000, 1.000, 0.017, 0.013, 0.013, 0.020, 0.013, 0.013
35.460, 0.838, -0.154, 0.000, 0.000, 1.000, 0.000, 1.000, 0.000, 1.000, 0.000, 0.016, 0.013, 0.013, 0.020, 0.013, 0.013
35.480, 0.811, -0.422, 0.000, 0.000, 1.000, 0.000, 1.000, 0.000, 1.000, 0.000, 0.016, 0.013, 0.013, 0.020, 0.013, 0.013
35.500, 0.769, -0.674, 0.000, 0.000, 1.000, 0.000, 1.000, 0.000, 0.000, 0.000, 0.016, 0.013, 0.013, 0.020, 0.013, 0.014
35.520, 0.710, -0.821, 0.000, 0.000, 1.000, 0.000, 1.000, 0.000, 0.000, 0.000, 0.016, 0.013, 0.013, 0.020, 0.013, 0.014
35.540, 0.644, -0.874, 0.000, 0.000, 1.000, 0.000, 0.000, 1.000, 0.000, 0.000, 0.016, 0.012, 0.013, 0.020, 0.013, 0.014
35.560, 0.576, -0.886, 0.000, 0.000, 1.000, 0.000, 0.000, 1.000, 0.000, 0.000, 0.016, 0.012, 0.012, 0.019, 0.014, 0.014
35.580, 0.507, -0.886, 0.000, 0.000, 1.000, 0.000, 0.000, 1.000, 0.052, 0.000, 0.016, 0.012, 0.012, 0.019, 0.014, 0.014
35.600, 0.431, -0.881, 0.000, 0.000, 1.000, 1.000, 0.000, 1.000, 0.000, 0.000, 0.016, 0.012, 0.013, 0.019, 0.014, 0.014
35.620, 0.342, -0.875, 0.000, 0.000, 0.000, 1.000, 0.000, 1.000, 0.000, 0.000, 0.015, 0.013, 0.013, 0.019, 0.014, 0.015
35.640, 0.230, -0.867, 0.000, 0.000, 0.000, 1.000, 0.000, 1.000, 0.000, 0.000, 0.015, 0.013, 0.014, 0.019, 0.014, 0.015
35.660, 0.079, -0.856, 0.000, 0.000, 0.000, 1.000, 0.000, 1.000, 0.000, 0.000, 0.015, 0.014, 0.014, 0.019, 0.014, 0.015
35.680, -0.130, -0.839, 0.000, 0.213, 0.000, 1.000, 0.000, 1.000, 0.000, 0.213, 0.015, 0.014, 0.014, 0.019, 0.014, 0.015
35.700, -0.395, -0.814, 0.000, 0.171, 0.000, 1.000, 0.000, 1.000, 0.000, 0.171, 0.015, 0.014, 0.014, 0.019, 0.013, 0.014
35.720, -0.653, -0.773, 0.000, 0.000, 1.000, 0.000, 1.000, 1.000, 0.000, 0.000, 0.015, 0.013, 0.014, 0.019, 0.013, 0.014
35.740, -0.827, -0.686, 0.000, 1.000, 0.000, 0.000, 0.000, 0.005, 0.205, 1.000, 0.016, 0.014, 0.014, 0.019, 0.014, 0.014
35.760, -0.875, -0.617, 0.000, 1.000, 1.000, 0.000, 1.000, 0.000, 0.000, 1.000, 0.016, 0.013, 0.014, 0.019, 0.014, 0.014
35.780, -0.885, -0.549, 0.000, 0.220, 1.000, 0.000, 1.000, 0.000, 0.000, 0.220, 0.016, 0.013, 0.014, 0.019, 0.014, 0.014
35.800, -0.885, -0.467, 0.000, 1.000, 1.000, 0.000, 1.000, 0.000, 0.000, 1.000, 0.016, 0.013, 0.014, 0.019, 0.014, 0.013
35.820, -0.880, -0.374, 0.000, 1.000, 1.000, 0.000, 1.000, 0.000, 0.000, 1.000, 0.016, 0.013, 0.014, 0.019, 0.014, 0.013
35.840, -0.872, -0.261, 0.000, 1.000, 1.000, 0.000, 1.000, 0.000, 0.000, 1.000, 0.017, 0.013, 0.014, 0.018, 0.015, 0.013
35.860, -0.867, -0.091, 0.000, 1.000, 0.000, 0.194, 1.000, 1.000, 0.000, 1.000, 0.017, 0.013, 0.014, 0.018, 0.014, 0.013
35.880, -0.851, 0.123, 1.000, 1.000, 0.000, 1.000, 0.000, 1.000, 0.000, 0.000, 0.016, 0.013, 0.014, 0.019, 0.014, 0.013
35.900, -0.820, 0.388, 1.000, 0.396, 0.000, 1.000, 0.000, 1.000, 0.000, 0.604, 0.016, 0.014, 0.014, 0.019, 0.014, 0.013
35.920, -0.778, 0.649, 1.000, 0.000, 0.000, 1.000, 0.000, 1.000, 0.000, 1.000, 0.017, 0.014, 0.013, 0.019, 0.013, 0.013
35.940, -0.747, 0.780, 1.000, 1.000, 0.000, 1.000, 1.000, 1.000, 0.000, 0.000, 0.016, 0.014, 0.013, 0.019, 0.013, 0.013
35.960, -0.690, 0.853, 1.000, 1.000, 0.000, 1.000, 1.000, 0.000, 0.000, 0.000, 0.016, 0.014, 0.013, 0.019, 0.014, 0.013
35.980, -0.636, 0.875, 1.000, 1.000, 0.000, 1.000, 1.000, 1.000, 0.000, 0.000, 0.016, 0.014, 0.013, 0.019, 0.014, 0.013
36.000, -0.621, 0.860, 1.000, 1.000, 0.000, 1.000, 1.000, 1.000, 0.000, 0.000, 0.016, 0.014, 0.013, 0.018, 0.013, 0.013
36.020, -0.610, 0.855, 1.000, 1.000, 0.000, 1.000, 0.000, 1.000, 0.000, 0.000, 0.015, 0.014, 0.013, 0.019, 0.013, 0.013
36.040, -0.548, 0.878, 1.000, 0.000, 0.000, 1.000, 0.000, 1.000, 0.000, 1.000, 0.016, 0.014, 0.013, 0.019, 0.013, 0.013
36.060, -0.532, 0.861, 1.000, 1.000, 0.000, 1.000, 1.000, 1.000, 0.000, 0.000, 0.016, 0.013, 0.013, 0.019, 0.013, 0.013
36.080, -0.476, 0.871, 1.000, 1.000, 0.000, 1.000, 1.000, 1.000, 0.000, 0.000, 0.016, 0.013, 0.013, 0.019, 0.013, 0.013
36.100, -0.422, 0.867, 1.000, 1.000, 0.000, 1.000, 1.000, 1.000, 0.000, 0.000, 0.015, 0.013, 0.013, 0.018, 0.013, 0.013
36.120, -0.406, 0.846, 1.000, 1.000, 0.000, 1.000, 1.000, 1.000, 0.000, 0.000, 0.015, 0.013, 0.013, 0.018, 0.013, 0.013
36.140, -0.400, 0.834, 1.000, 1.000, 0.000, 1.000, 0.000, 1.000, 0.000, 0.000, 0.015, 0.013, 0.013, 0.019, 0.013, 0.013
36.160, -0.365, 0.840, 1.000, 1.000, 0.000, 1.000, 1.000, 1.000, 0.000, 0.000, 0.015, 0.013, 0.013, 0.018, 0.013, 0.014
36.180, -0.325, 0.839, 1.000, 1.000, 0.000, 1.000, 1.000, 0.000, 0.000, 0.000, 0.015, 0.013, 0.013, 0.018, 0.013, 0.014
36.200, -0.261, 0.839, 1.000, 1.000, 0.000, 1.000, 1.000, 0.000, 0.000, 0.000, 0.015, 0.013, 0.013, 0.018, 0.014, 0.014
36.220, -0.181, 0.833, 1.000, 1.000, 0.000, 1.000, 1.000, 0.000, 0.000, 0.000, 0.015, 0.013, 0.013, 0.018, 0.014, 0.014
36.240, -0.239, 0.764, 1.000, 1.000, 0.000, 0.000, 0.000, 0.000, 1.000, 0.000, 0.015, 0.013, 0.013, 0.019, 0.014, 0.014
36.260, -0.268, 0.762, 1.000, 1.000, 0.000, 0.000, 0.000, 0.000, 1.000, 0.000, 0.015, 0.013, 0.014, 0.019, 0.014, 0.013
36.280, -0.299, 0.767, 1.000, 1.000, 0.000, 0.000, 0.000, 0.000, 1.000, 0.000, 0.015, 0.013, 0.014, 0.019, 0.014, 0.013
36.300, -0.279, 0.795, 1.000, 1.000, 1.000, 0.000, 0.000, 0.000, 1.000, 0.000, 0.015, 0.013, 0.014, 0.019, 0.015, 0.013
36.320, -0.166, 0.831, 1.000, 0.000, 1.000, 0.000, 0.000, 0.000, 1.000, 1.000, 0.015, 0.014, 0.014, 0.019, 0.015, 0.013
36.340, -0.000, 0.837, 1.000, 0.000, 1.000, 0.000, 0.000, 0.000, 1.000, 1.000, 0.016, 0.014, 0.014, 0.019, 0.015, 0.013
36.360, 0.230, 0.825, 1.000, 0.000, 1.000, 0.000, 0.073, 0.000, 1.000, 1.000, 0.016, 0.014, 0.014, 0.020, 0.015, 0.013
36.380, 0.503, 0.797, 1.000, 0.000, 1.000, 0.000, 0.043, 0.000, 1.000, 1.000, 0.016, 0.014, 0.014, 0.020, 0.015, 0.013
36.400, 0.729, 0.751, 1.000, 0.000, 1.000, 0.000, 0.014, 0.000, 1.000, 1.000, 0.016, 0.014, 0.014, 0.020, 0.015, 0.013
36.420, 0.843, 0.690, 1.000, 0.000, 1.000, 0.000, 0.104, 0.000, 1.000, 1.000, 0.016, 0.014, 0.014, 0.020, 0.014, 0.013
36.440, 0.879, 0.623, 1.000, 0.017, 1.000, 0.000, 0.033, 0.000, 1.000, 0.983, 0.016, 0.013, 0.013, 0.020, 0.014, 0.013
36.460, 0.886, 0.554, 1.000, 0.236, 1.000, 0.000, 0.033, 0.000, 1.000, 0.764, 0.016, 0.013, 0.013, 0.019, 0.014, 0.013
36.480, 0.877, 0.381, 1.000, 1.000, 1.000, 0.000, 0.000, 0.000, 1.000, 0.000, 0.016, 0.013, 0.013, 0.019, 0.014, 0.013
36.500, 0.866, 0.250, 1.000, 1.000, 1.000, 0.000, 1.000, 0.000, 1.000, 0.000, 0.016, 0.013, 0.013, 0.019, 0.014, 0.013
36.520, 0.857, 0.108, 1.000, 0.000, 1.000, 0.068, 1.000, 0.000, 0.000, 1.000, 0.016, 0.013, 0.013, 0.019, 0.013, 0.013
36.540, 0.843, -0.089, 0.000, 0.000, 1.000, 0.000, 1.000, 0.000, 0.000, 0.000, 0.016, 0.013, 0.013, 0.020, 0.013, 0.014
36.560, 0.819, -0.346, 0.000, 0.000, 1.000, 0.000, 1.000, 0.000, 0.000, 0.000, 0.015, 0.013, 0.013, 0.020, 0.013, 0.014
36.580, 0.782, -0.613, 0.000, 0.000, 1.000, 0.000, 1.000, 0.000, 1.000, 0.000, 0.015, 0.013, 0.013, 0.020, 0.013, 0.013
36.600, 0.727, -0.792, 0.000, 0.000, 1.000, 0.000, 1.000, 0.000, 1.000, 0.000, 0.015, 0.013, 0.013, 0.020, 0.013, 0.013
36.620, 0.662, -0.865, 0.000, 0.000, 1.000, 0.000, 1.000, 0.000, 0.000, 0.000, 0.015, 0.013, 0.013, 0.020, 0.013, 0.013
36.640, 0.595, -0.885, 0.000, 0.000, 1.000, 1.000, 1.000, 1.000, 0.000, 0.000, 0.015, 0.013, 0.013, 0.020, 0.014, 0.014
36.660, 0.526, -0.886, 0.000, 0.000, 0.000, 1.000, 0.000, 1.000, 0.000, 0.000, 0.015, 0.013, 0.014, 0.019, 0.014, 0.014
36.680, 0.453, -0.883, 0.000, 0.000, 0.000, 1.000, 0.000, 1.000, 0.000, 0.000, 0.015, 0.014, 0.014, 0.019, 0.014, 0.014
36.700, 0.369, -0.877, 0.000, 0.000, 0.000, 1.000, 0.000, 1.000, 0.000, 0.000, 0.015, 0.014, 0.014, 0.019, 0.015, 0.014
36.720, 0.264, -0.870, 0.000, 0.000, 0.000, 1.000, 0.000, 1.000, 0.000, 0.000, 0.015, 0.014, 0.014, 0.019, 0.015, 0.014
36.740, 0.126, -0.859, 0.000, 0.019, 0.000, 1.000, 0.000, 1.000, 0.000, 0.019, 0.015, 0.014, 0.014, 0.019, 0.015, 0.014
36.760, -0.066, -0.845, 0.000, 0.193, 0.000, 1.000, 0.000, 1.000, 0.000, 0.193, 0.015, 0.014, 0.014, 0.019, 0.014, 0.014
36.780, -0.320, -0.822, 0.000, 0.300, 0.000, 1.000, 0.000, 1.000, 0.000, 0.300, 0.015, 0.014, 0.014, 0.019, 0.014, 0.014
36.800, -0.590, -0.786, 0.000, 0.005, 0.000, 1.000, 0.000, 1.000, 0.000, 0.005, 0.015, 0.014, 0.014, 0.020, 0.014, 0.014
36.820, -0.801, -0.703, 0.000, 1.000, 0.000, 1.000, 1.000, 1.000, 0.000, 1.000, 0.015, 0.014, 0.013, 0.019, 0.014, 0.014
36.840, -0.888, -0.540, 0.000, 1.000, 0.000, 1.000, 1.000, 0.000, 0.061, 1.000, 0.016, 0.014, 0.013, 0.019, 0.014, 0.013
36.860, -0.887, -0.426, 0.000, 1.000, 0.000, 1.000, 1.000, 0.000, 0.000, 1.000, 0.016, 0.015, 0.013, 0.019, 0.014, 0.013
36.880, -0.879, -0.311, 0.000, 1.000, 0.000, 1.000, 1.000, 0.000, 0.000, 1.000, 0.016, 0.015, 0.013, 0.019, 0.015, 0.013
36.900, -0.869, -0.166, 0.000, 1.000, 0.000, 1.000, 1.000, 0.000, 0.000, 1.000, 0.016, 0.015, 0.013, 0.019, 0.015, 0.013
36.920, -0.856, 0.022, 1.000, 1.000, 0.000, 1.000, 1.000, 0.000, 0.000, 0.000, 0.016, 0.015, 0.013, 0.018, 0.015, 0.013
36.940, -0.838, 0.263, 1.000, 1.000, 0.000, 1.000, 1.000, 1.000, 0.000, 0.000, 0.015, 0.015, 0.013, 0.018, 0.014, 0.013
36.960, -0.811, 0.522, 1.000, 1.000, 0.000, 1.000, 1.000, 1.000, 0.000, 0.000, 0.015, 0.015, 0.013, 0.018, 0.014, 0.013
36.980, -0.773, 0.721, 1.000, 1.000, 0.000, 1.000, 1.000, 1.000, 0.000, 0.000, 0.015, 0.014, 0.013, 0.018, 0.014, 0.013
37.000, -0.730, 0.818, 1.000, 1.000, 0.000, 1.000, 1.000, 1.000, 0.000, 0.000, 0.015, 0.014, 0.013, 0.018, 0.014, 0.013
37.020, -0.692, 0.851, 1.000, 1.000, 0.000, 1.000, 1.000, 1.000, 0.000, 0.000, 0.015, 0.014, 0.013, 0.018, 0.014, 0.013
37.040, -0.660, 0.860, 1.000, 1.000, 0.000, 1.000, 1.000, 1.000, 0.000, 0.000, 0.015, 0.014, 0.013, 0.018, 0.014, 0.013
37.060, -0.635, 0.861, 1.000, 1.000, 0.000, 1.000, 0.565, 1.000, 0.000, 0.000, 0.015, 0.014, 0.013, 0.018, 0.014, 0.013
37.080, -0.612, 0.861, 1.000, 1.000, 0.000, 1.000, 0.000, 1.000, 0.000, 0.000, 0.015, 0.013, 0.013, 0.019, 0.013, 0.013
37.100, -0.586, 0.863, 1.000, 1.000, 0.000, 1.000, 0.000, 1.000, 0.000, 0.000, 0.015, 0.013, 0.013, 0.019, 0.013, 0.013
37.120, -0.560, 0.863, 1.000, 1.000, 0.000, 1.000, 1.000, 1.000, 0.000, 0.000, 0.015, 0.013, 0.013, 0.019, 0.013, 0.013
37.140, -0.500, 0.876, 1.000, 1.000, 0.000, 1.000, 1.000, 0.305, 0.000, 0.000, 0.015, 0.013, 0.012, 0.018, 0.014, 0.013
37.160, -0.426, 0.878, 1.000, 0.000, 0.000, 1.000, 1.000, 0.000, 0.000, 1.000, 0.015, 0.013, 0.012, 0.018, 0.014, 0.013
37.180, -0.337, 0.874, 1.000, 0.000, 0.000, 1.000, 1.000, 0.000, 0.000, 1.000, 0.015, 0.013, 0.012, 0.018, 0.014, 0.013
37.200, -0.224, 0.866, 1.000, 0.000, 0.000, 1.000, 1.000, 0.000, 0.000, 1.000, 0.016, 0.013, 0.012, 0.018, 0.015, 0.013
37.220, -0.253, 0.796, 1.000, 1.000, 0.000, 0.000, 1.000, 0.000, 1.000, 0.000, 0.015, 0.013, 0.013, 0.018, 0.015, 0.013
37.240, -0.332, 0.757, 1.000, 1.000, 0.000, 0.000, 0.000, 0.000, 1.000, 0.000, 0.015, 0.013, 0.013, 0.018, 0.015, 0.013
37.260, -0.388, 0.767, 1.000, 1.000, 0.000, 0.000, 0.000, 0.000, 1.000, 0.000, 0.015, 0.013, 0.014, 0.019, 0.015, 0.013
37.280, -0.349, 0.818, 1.000, 1.000, 1.000, 0.000, 0.000, 0.000, 1.000, 0.000, 0.015, 0.014, 0.014, 0.019, 0.015, 0.013
37.300, -0.254, 0.846, 1.000, 0.000, 1.000, 0.000, 0.000, 0.000, 1.000, 1.000, 0.015, 0.014, 0.014, 0.019, 0.015, 0.013
37.320, -0.118, 0.850, 1.000, 0.000, 1.000, 0.000, 0.000, 0.000, 1.000, 1.000, 0.016, 0.014, 0.014, 0.019, 0.015, 0.012
37.340, -0.028, 0.809, 1.000, 1.000, 1.000, 0.000, 0.000, 0.000, 1.000, 0.000, 0.015, 0.014, 0.014, 0.019, 0.015, 0.012
37.360, -0.056, 0.727, 1.000, 1.000, 0.000, 0.000, 0.000, 0.000, 1.000, 0.000, 0.015, 0.014, 0.014, 0.019, 0.015, 0.012
37.380, -0.112, 0.688, 1.000, 1.000, 0.000, 0.000, 0.000, 0.000, 1.000, 0.000, 0.015, 0.014, 0.014, 0.019, 0.014, 0.012
37.400, -0.075, 0.721, 1.000, 1.000, 0.000, 0.000, 0.000, 0.000, 1.000, 0.000, 0.015, 0.014, 0.014, 0.020, 0.014, 0.012
37.420, -0.004, 0.740, 1.000, 1.000, 0.000, 0.000, 1.000, 0.000, 1.000, 0.000, 0.015, 0.015, 0.014, 0.019, 0.014, 0.012
37.440, 0.123, 0.750, 1.000, 1.000, 0.000, 0.000, 1.000, 0.000, 0.247, 0.000, 0.014, 0.015, 0.013, 0.019, 0.014, 0.013
37.460, 0.314, 0.748, 1.000, 1.000, 0.000, 0.046, 1.000, 0.000, 0.000, 0.000, 0.014, 0.015, 0.013, 0.018, 0.014, 0.013
37.480, 0.535, 0.723, 1.000, 1.000, 0.000, 0.000, 1.000, 0.000, 1.000, 0.000, 0.014, 0.015, 0.013, 0.019, 0.014, 0.013
37.500, 0.721, 0.676, 1.000, 1.000, 0.000, 0.000, 1.000, 0.000, 1.000, 0.000, 0.014, 0.015, 0.013, 0.019, 0.014, 0.013
37.520, 0.815, 0.589, 1.000, 1.000, 0.000, 0.000, 1.000, 1.000, 1.000, 0.000, 0.014, 0.015, 0.013, 0.019, 0.014, 0.012
37.540, 0.856, 0.504, 1.000, 1.000, 1.000, 0.000, 0.000, 1.000, 0.000, 0.000, 0.014, 0.014, 0.013, 0.019, 0.015, 0.013
37.560, 0.871, 0.434, 1.000, 0.000, 1.000, 0.000, 0.000, 1.000, 0.000, 1.000, 0.015, 0.014, 0.013, 0.019, 0.015, 0.013
37.580, 0.872, 0.349, 1.000, 0.000, 1.000, 0.000, 0.000, 0.000, 1.000, 1.000, 0.015, 0.014, 0.013, 0.018, 0.014, 0.013
37.600, 0.866, 0.239, 1.000, 0.000, 1.000, 0.000, 0.195, 0.000, 1.000, 1.000, 0.015, 0.014, 0.013, 0.018, 0.014, 0.013
37.620, 0.857, 0.092, 1.000, 0.000, 1.000, 0.000, 0.000, 1.000, 0.000, 1.000, 0.016, 0.014, 0.013, 0.018, 0.015, 0.013
37.640, 0.841, -0.110, 0.000, 0.000, 1.000, 0.000, 0.000, 1.000, 0.000, 0.000, 0.015, 0.014, 0.013, 0.018, 0.015, 0.013
37.660, 0.817, -0.371, 0.000, 0.000, 1.000, 1.000, 0.000, 1.000, 0.000, 0.000, 0.015, 0.014, 0.013, 0.018, 0.015, 0.014
37.680, 0.778, -0.634, 0.000, 0.000, 0.000, 1.000, 0.000, 1.000, 0.000, 0.000, 0.015, 0.014, 0.014, 0.018, 0.015, 0.014
37.700, 0.722, -0.802, 0.000, 0.000, 0.000, 1.000, 0.000, 1.000, 0.000, 0.000, 0.014, 0.014, 0.014, 0.018, 0.014, 0.014
37.720, 0.655, -0.868, 0.000, 0.206, 0.000, 1.000, 0.000, 1.000, 0.000, 0.206, 0.014, 0.015, 0.014, 0.018, 0.014, 0.014
37.740, 0.587, -0.885, 0.000, 0.213, 0.000, 1.000, 0.000, 1.000, 0.000, 0.213, 0.015, 0.015, 0.014, 0.018, 0.014, 0.014
37.760, 0.518, -0.886, 0.000, 0.107, 0.000, 1.000, 0.000, 1.000, 0.000, 0.107, 0.014, 0.015, 0.014, 0.018, 0.014, 0.014
37.780, 0.444, -0.882, 0.000, 0.000, 1.000, 0.000, 1.000, 1.000, 0.000, 0.000, 0.014, 0.014, 0.014, 0.018, 0.014, 0.014
37.800, 0.358, -0.876, 0.000, 0.000, 1.000, 0.000, 1.000, 0.000, 0.000, 0.000, 0.014, 0.014, 0.014, 0.019, 0.014, 0.014
37.820, 0.251, -0.869, 0.000, 0.000, 1.000, 0.000, 1.000, 0.000, 0.000, 0.000, 0.014, 0.014, 0.014, 0.019, 0.015, 0.013
37.840, 0.108, -0.858, 0.000, 0.000, 1.000, 0.000, 1.000, 0.000, 0.000, 0.000, 0.014, 0.014, 0.014, 0.019, 0.015, 0.013
37.860, -0.122, -0.834, 0.000, 1.000, 1.000, 0.000, 1.000, 0.000, 0.000, 1.000, 0.015, 0.014, 0.014, 0.018, 0.015, 0.013
37.880, -0.501, -0.760, 0.000, 1.000, 0.000, 0.000, 0.000, 1.000, 0.000, 1.000, 0.015, 0.014, 0.014, 0.019, 0.015, 0.013
37.900, -0.753, -0.695, 0.000, 1.000, 0.000, 0.000, 0.000, 1.000, 0.000, 1.000, 0.015, 0.015, 0.015, 0.019, 0.014, 0.013
37.920, -0.850, -0.635, 0.000, 1.000, 1.000, 0.000, 0.000, 1.000, 0.000, 1.000, 0.015, 0.014, 0.015, 0.019, 0.014, 0.013
37.940, -0.880, -0.559, 0.000, 1.000, 1.000, 0.000, 0.000, 1.000, 0.000, 1.000, 0.016, 0.014, 0.015, 0.019, 0.014, 0.013
37.960, -0.883, -0.488, 0.000, 0.618, 1.000, 0.000, 1.000, 0.000, 0.000, 0.618, 0.015, 0.014, 0.015, 0.019, 0.015, 0.013
37.980, -0.879, -0.411, 0.000, 0.000, 1.000, 0.000, 1.000, 0.000, 0.000, 0.000, 0.015, 0.014, 0.015, 0.018, 0.015, 0.013
38.000, -0.873, -0.317, 0.000, 0.000, 1.000, 0.000, 1.000, 0.000, 0.000, 0.000, 0.015, 0.014, 0.015, 0.018, 0.015, 0.013
38.020, -0.865, -0.197, 0.000, 0.000, 1.000, 0.000, 0.000, 1.000, 0.000, 0.000, 0.015, 0.014, 0.015, 0.019, 0.015, 0.012
38.040, -0.853, -0.034, 0.000, 0.000, 1.000, 0.000, 0.000, 1.000, 0.000, 0.000, 0.014, 0.014, 0.015, 0.019, 0.014, 0.012
38.060, -0.835, 0.189, 1.000, 0.000, 1.000, 0.000, 0.000, 1.000, 0.000, 1.000, 0.015, 0.013, 0.015, 0.019, 0.014, 0.012
38.080, -0.806, 0.461, 1.000, 0.000, 1.000, 0.000, 0.000, 1.000, 1.000, 1.000, 0.015, 0.013, 0.015, 0.019, 0.014, 0.013
38.100, -0.761, 0.702, 1.000, 0.000, 1.000, 0.000, 0.000, 0.000, 1.000, 1.000, 0.015, 0.013, 0.015, 0.019, 0.015, 0.013
38.120, -0.701, 0.832, 1.000, 0.000, 1.000, 0.000, 0.000, 0.000, 1.000, 1.000, 0.016, 0.013, 0.015, 0.019, 0.015, 0.014
38.140, -0.634, 0.877, 1.000, 0.000, 1.000, 0.000, 0.000, 0.000, 1.000, 1.000, 0.016, 0.013, 0.015, 0.019, 0.015, 0.014
38.160, -0.567, 0.886, 1.000, 0.000, 1.000, 0.000, 0.000, 0.000, 1.000, 1.000, 0.016, 0.013, 0.015, 0.020, 0.015, 0.014
38.180, -0.497, 0.885, 1.000, 0.000, 1.000, 0.000, 0.000, 0.000, 1.000, 1.000, 0.016, 0.013, 0.015, 0.020, 0.015, 0.013
38.200, -0.420, 0.881, 1.000, 0.000, 1.000, 0.000, 0.000, 0.000, 1.000, 1.000, 0.016, 0.013, 0.015, 0.020, 0.015, 0.013
38.220, -0.329, 0.874, 1.000, 0.000, 1.000, 0.000, 0.000, 0.000, 1.000, 1.000, 0.016, 0.013, 0.016, 0.020, 0.016, 0.013
38.240, -0.212, 0.866, 1.000, 0.000, 1.000, 0.000, 0.033, 0.000, 1.000, 1.000, 0.016, 0.013, 0.015, 0.020, 0.016, 0.013
38.260, -0.341, 0.750, 1.000, 1.000, 1.000, 0.000, 0.000, 0.000, 1.000, 0.000, 0.016, 0.013, 0.015, 0.020, 0.016, 0.013
38.280, -0.436, 0.749, 1.000, 1.000, 0.000, 0.000, 0.002, 0.000, 1.000, 0.000, 0.015, 0.014, 0.014, 0.020, 0.016, 0.013
38.300, -0.380, 0.824, 1.000, 0.017, 0.303, 0.794, 1.000, 0.000, 0.000, 0.983, 0.016, 0.014, 0.015, 0.019, 0.016, 0.013
38.320, -0.365, 0.827, 1.000, 1.000, 0.000, 0.000, 1.000, 0.000, 0.000, 0.000, 0.015, 0.014, 0.015, 0.019, 0.016, 0.013
38.340, -0.372, 0.818, 1.000, 1.000, 0.000, 0.000, 1.000, 0.000, 0.000, 0.000, 0.015, 0.014, 0.014, 0.019, 0.016, 0.014
38.360, -0.455, 0.783, 1.000, 1.000, 0.000, 0.000, 1.000, 0.000, 1.000, 0.000, 0.015, 0.014, 0.014, 0.020, 0.016, 0.013
38.380, -0.485, 0.805, 1.000, 1.000, 0.000, 0.000, 0.000, 0.000, 1.000, 0.000, 0.015, 0.015, 0.014, 0.019, 0.016, 0.013
38.400, -0.536, 0.805, 1.000, 1.000, 0.000, 0.000, 1.000, 0.000, 1.000, 0.000, 0.015, 0.015, 0.014, 0.019, 0.016, 0.013
38.420, -0.563, 0.819, 1.000, 1.000, 0.000, 0.000, 1.000, 0.000, 1.000, 0.000, 0.015, 0.015, 0.014, 0.020, 0.016, 0.013
38.440, -0.584, 0.828, 1.000, 1.000, 0.000, 0.000, 1.000, 0.000, 1.000, 0.000, 0.015, 0.015, 0.014, 0.020, 0.015, 0.013
38.460, -0.608, 0.828, 1.000, 1.000, 0.000, 0.000, 1.000, 0.000, 1.000, 0.000, 0.015, 0.015, 0.014, 0.020, 0.015, 0.013
38.480, -0.618, 0.835, 1.000, 1.000, 0.000, 0.000, 1.000, 0.000, 1.000, 0.000, 0.014, 0.015, 0.014, 0.020, 0.015, 0.012
38.500, -0.642, 0.828, 1.000, 1.000, 0.000, 0.000, 1.000, 0.000, 1.000, 0.000, 0.014, 0.015, 0.014, 0.020, 0.015, 0.012
38.520, -0.651, 0.833, 1.000, 1.000, 0.000, 0.000, 1.000, 0.000, 1.000, 0.000, 0.014, 0.015, 0.014, 0.020, 0.015, 0.012
38.540, -0.617, 0.860, 1.000, 1.000, 0.000, 1.000, 1.000, 0.000, 1.000, 0.000, 0.014, 0.015, 0.014, 0.020, 0.015, 0.012
38.560, -0.586, 0.865, 1.000, 1.000, 0.000, 1.000, 1.000, 0.000, 1.000, 0.000, 0.014, 0.014, 0.015, 0.020, 0.015, 0.012
38.580, -0.586, 0.851, 1.000, 1.000, 0.000, 1.000, 1.000, 0.000, 1.000, 0.000, 0.014, 0.014, 0.015, 0.020, 0.014, 0.012
38.600, -0.603, 0.838, 1.000, 1.000, 0.000, 0.000, 1.000, 0.000, 1.000, 0.000, 0.014, 0.014, 0.015, 0.020, 0.014, 0.012
38.620, -0.607, 0.842, 1.000, 1.000, 0.000, 0.000, 1.000, 0.000, 1.000, 0.000, 0.014, 0.014, 0.014, 0.020, 0.014, 0.012
38.640, -0.587, 0.855, 1.000, 1.000, 0.000, 1.000, 1.000, 0.000, 1.000, 0.000, 0.014, 0.014, 0.015, 0.020, 0.014, 0.012
38.660, -0.577, 0.854, 1.000, 1.000, 0.000, 1.000, 1.000, 0.000, 1.000, 0.000, 0.014, 0.014, 0.014, 0.020, 0.014, 0.012
38.680, -0.559, 0.857, 1.000, 1.000, 0.000, 1.000, 1.000, 0.000, 1.000, 0.000, 0.014, 0.014, 0.014, 0.019, 0.014, 0.012
38.700, -0.495, 0.875, 1.000, 0.000, 0.000, 1.000, 1.000, 1.000, 0.000, 1.000, 0.015, 0.014, 0.014, 0.019, 0.015, 0.013
38.720, -0.420, 0.877, 1.000, 0.000, 0.000, 1.000, 0.000, 1.000, 0.000, 1.000, 0.015, 0.013, 0.014, 0.020, 0.015, 0.013
38.740, -0.330, 0.873, 1.000, 0.000, 0.000, 1.000, 0.000, 1.000, 0.000, 1.000, 0.015, 0.013, 0.014, 0.020, 0.015, 0.013
38.760, -0.214, 0.865, 1.000, 0.000, 0.000, 1.000, 0.000, 1.000, 0.000, 1.000, 0.015, 0.013, 0.014, 0.020, 0.016, 0.013
38.780, -0.237, 0.797, 1.000, 1.000, 0.000, 1.000, 1.000, 1.000, 0.000, 0.000, 0.015, 0.013, 0.014, 0.020, 0.015, 0.014
38.800, -0.270, 0.773, 1.000, 1.000, 0.000, 1.000, 1.000, 1.000, 0.000, 0.000, 0.015, 0.013, 0.014, 0.019, 0.015, 0.014
38.820, -0.204, 0.807, 1.000, 1.000, 1.000, 1.000, 1.000, 0.142, 0.000, 0.000, 0.014, 0.014, 0.014, 0.019, 0.015, 0.014
38.840, -0.116, 0.813, 1.000, 1.000, 0.000, 1.000, 1.000, 1.000, 0.000, 0.000, 0.014, 0.014, 0.014, 0.019, 0.015, 0.014
38.860, -0.022, 0.797, 1.000, 1.000, 0.000, 1.000, 0.000, 1.000, 0.000, 0.000, 0.014, 0.013, 0.014, 0.020, 0.015, 0.014
38.880, 0.067, 0.766, 1.000, 1.000, 0.000, 1.000, 0.000, 1.000, 0.000, 0.000, 0.014, 0.013, 0.014, 0.020, 0.014, 0.013
38.900, 0.298, 0.783, 1.000, 0.000, 0.000, 1.000, 0.000, 1.000, 0.000, 1.000, 0.015, 0.013, 0.013, 0.020, 0.014, 0.013
38.920, 0.563, 0.767, 1.000, 0.000, 0.000, 1.000, 1.000, 1.000, 0.000, 1.000, 0.015, 0.013, 0.013, 0.020, 0.014, 0.013
38.940, 0.763, 0.724, 1.000, 0.000, 0.000, 1.000, 1.000, 0.000, 0.000, 1.000, 0.015, 0.013, 0.013, 0.019, 0.015, 0.013
38.960, 0.854, 0.664, 1.000, 0.000, 0.000, 1.000, 1.000, 0.000, 0.000, 1.000, 0.015, 0.013, 0.013, 0.019, 0.015, 0.013
38.980, 0.881, 0.598, 1.000, 0.000, 0.000, 1.000, 1.000, 0.000, 0.000, 1.000, 0.016, 0.014, 0.013, 0.019, 0.015, 0.013
39.000, 0.886, 0.531, 1.000, 0.000, 1.000, 1.000, 1.000, 0.000, 0.000, 1.000, 0.016, 0.013, 0.013, 0.019, 0.016, 0.012
39.020, 0.883, 0.458, 1.000, 0.000, 1.000, 0.000, 1.000, 0.000, 0.000, 1.000, 0.016, 0.013, 0.014, 0.019, 0.016, 0.012
39.040, 0.877, 0.375, 1.000, 0.000, 1.000, 0.000, 1.000, 0.000, 0.000, 1.000, 0.016, 0.013, 0.014, 0.019, 0.016, 0.012
39.060, 0.870, 0.272, 1.000, 0.000, 1.000, 1.000, 1.000, 0.000, 0.000, 1.000, 0.016, 0.013, 0.014, 0.019, 0.016, 0.012
39.080, 0.860, 0.137, 1.000, 0.000, 1.000, 1.000, 1.000, 1.000, 0.000, 1.000, 0.016, 0.013, 0.014, 0.019, 0.015, 0.012
39.100, 0.846, -0.050, 0.000, 0.000, 1.000, 1.000, 1.000, 0.000, 0.000, 0.000, 0.015, 0.013, 0.013, 0.019, 0.016, 0.012
39.120, 0.825, -0.297, 0.000, 0.000, 1.000, 1.000, 1.000, 0.000, 0.000, 0.000, 0.015, 0.013, 0.013, 0.018, 0.016, 0.012
39.140, 0.790, -0.569, 0.000, 0.000, 1.000, 1.000, 1.000, 0.000, 0.000, 0.000, 0.015, 0.013, 0.013, 0.018, 0.016, 0.012
39.160, 0.738, -0.769, 0.000, 0.000, 1.000, 0.797, 1.000, 0.000, 1.000, 0.000, 0.015, 0.013, 0.013, 0.018, 0.016, 0.013
39.180, 0.674, -0.857, 0.000, 0.000, 1.000, 0.000, 1.000, 0.000, 1.000, 0.000, 0.015, 0.013, 0.014, 0.018, 0.016, 0.013
39.200, 0.607, -0.883, 0.000, 0.000, 1.000, 0.000, 0.000, 0.000, 1.000, 0.000, 0.014, 0.013, 0.014, 0.019, 0.016, 0.013
39.220, 0.538, -0.887, 0.000, 0.000, 1.000, 0.000, 0.000, 0.000, 1.000, 0.000, 0.014, 0.013, 0.014, 0.019, 0.016, 0.014
39.240, 0.466, -0.884, 0.000, 0.000, 1.000, 0.000, 1.000, 0.000, 0.000, 0.000, 0.014, 0.013, 0.015, 0.019, 0.016, 0.013
39.260, 0.385, -0.878, 0.000, 0.000, 1.000, 0.000, 1.000, 0.000, 0.000, 0.000, 0.014, 0.013, 0.015, 0.019, 0.016, 0.013
39.280, 0.285, -0.871, 0.000, 0.000, 1.000, 0.000, 1.000, 0.000, 0.000, 0.000, 0.014, 0.013, 0.015, 0.018, 0.016, 0.013
39.300, 0.154, -0.861, 0.000, 0.000, 1.000, 0.000, 1.000, 0.000, 0.000, 0.000, 0.014, 0.013, 0.015, 0.018, 0.016, 0.013
39.320, -0.026, -0.848, 0.000, 0.000, 1.000, 0.000, 1.000, 0.000, 0.000, 0.000, 0.014, 0.013, 0.015, 0.018, 0.016, 0.014
39.340, -0.312, -0.812, 0.000, 1.000, 1.000, 0.000, 1.000, 0.000, 0.000, 1.000, 0.015, 0.013, 0.015, 0.018, 0.015, 0.014
39.360, -0.593, -0.775, 0.000, 1.000, 1.000, 0.000, 0.166, 0.164, 0.000, 1.000, 0.015, 0.013, 0.014, 0.019, 0.015, 0.014
39.380, -0.781, -0.725, 0.000, 0.000, 1.000, 0.000, 1.000, 0.000, 1.000, 0.000, 0.015, 0.012, 0.014, 0.018, 0.015, 0.013
39.400, -0.861, -0.662, 0.000, 0.000, 1.000, 0.000, 1.000, 0.000, 1.000, 0.000, 0.015, 0.012, 0.014, 0.018, 0.015, 0.013
39.420, -0.883, -0.595, 0.000, 0.000, 1.000, 0.000, 1.000, 0.000, 1.000, 0.000, 0.014, 0.012, 0.014, 0.018, 0.015, 0.013
39.440, -0.886, -0.527, 0.000, 0.000, 1.000, 0.000, 1.000, 0.000, 1.000, 0.000, 0.014, 0.012, 0.014, 0.018, 0.015, 0.013
39.460, -0.883, -0.454, 0.000, 0.000, 1.000, 0.000, 1.000, 0.000, 1.000, 0.000, 0.014, 0.012, 0.014, 0.018, 0.015, 0.013
39.480, -0.877, -0.370, 0.000, 0.000, 1.000, 0.000, 1.000, 0.000, 1.000, 0.000, 0.014, 0.012, 0.014, 0.018, 0.015, 0.013
39.500, -0.870, -0.266, 0.000, 0.000, 1.000, 0.000, 1.000, 0.000, 1.000, 0.000, 0.014, 0.012, 0.013, 0.018, 0.015, 0.013
39.520, -0.860, -0.129, 0.000, 0.000, 1.000, 0.000, 1.000, 0.000, 1.000, 0.000, 0.014, 0.012, 0.013, 0.018, 0.015, 0.012
39.540, -0.845, 0.061, 1.000, 0.000, 1.000, 0.000, 1.000, 0.000, 1.000, 1.000, 0.015, 0.012, 0.013, 0.018, 0.015, 0.012
39.560, -0.823, 0.311, 1.000, 0.000, 1.000, 0.000, 1.000, 0.000, 1.000, 1.000, 0.015, 0.012, 0.013, 0.018, 0.015, 0.012
39.580, -0.792, 0.576, 1.000, 1.000, 1.000, 0.000, 1.000, 0.000, 1.000, 0.000, 0.015, 0.012, 0.013, 0.018, 0.015, 0.012
39.600, -0.774, 0.727, 1.000, 1.000, 0.000, 0.000, 1.000, 0.000, 1.000, 0.000, 0.014, 0.013, 0.013, 0.018, 0.015, 0.012
39.620, -0.742, 0.807, 1.000, 1.000, 0.000, 0.000, 1.000, 0.000, 1.000, 0.000, 0.014, 0.013, 0.013, 0.017, 0.015, 0.012
39.640, -0.671, 0.871, 1.000, 0.000, 1.000, 0.000, 1.000, 0.000, 0.000, 1.000, 0.015, 0.013, 0.013, 0.017, 0.015, 0.013
39.660, -0.602, 0.887, 1.000, 0.000, 1.000, 1.000, 1.000, 1.000, 0.000, 1.000, 0.015, 0.012, 0.014, 0.017, 0.015, 0.013
39.680, -0.533, 0.888, 1.000, 0.000, 0.000, 1.000, 0.000, 1.000, 0.000, 1.000, 0.015, 0.013, 0.014, 0.018, 0.015, 0.013
39.700, -0.460, 0.884, 1.000, 0.000, 0.000, 1.000, 0.000, 1.000, 0.000, 1.000, 0.015, 0.013, 0.014, 0.018, 0.015, 0.014
39.720, -0.377, 0.878, 1.000, 0.000, 0.000, 1.000, 0.000, 1.000, 0.000, 1.000, 0.015, 0.013, 0.015, 0.019, 0.015, 0.014
39.740, -0.275, 0.870, 1.000, 0.000, 0.000, 1.000, 0.000, 1.000, 0.000, 1.000, 0.016, 0.014, 0.014, 0.019, 0.015, 0.014
39.760, -0.140, 0.860, 1.000, 0.027, 0.000, 1.000, 0.000, 1.000, 0.000, 0.973, 0.016, 0.014, 0.014, 0.019, 0.015, 0.014
39.780, 0.044, 0.846, 1.000, 0.044, 0.000, 1.000, 0.000, 1.000, 0.000, 0.956, 0.016, 0.014, 0.014, 0.019, 0.014, 0.014
39.800, 0.291, 0.825, 1.000, 0.000, 0.000, 1.000, 0.000, 1.000, 0.000, 1.000, 0.016, 0.014, 0.013, 0.019, 0.014, 0.014
39.820, 0.451, 0.729, 1.000, 1.000, 0.000, 1.000, 0.000, 1.000, 0.000, 0.000, 0.015, 0.014, 0.013, 0.019, 0.014, 0.014
39.840, 0.520, 0.578, 1.000, 1.000, 0.000, 0.000, 0.000, 1.000, 0.000, 0.000, 0.015, 0.014, 0.014, 0.019, 0.014, 0.013
39.860, 0.640, 0.514, 1.000, 1.000, 0.000, 0.000, 0.000, 1.000, 0.000, 0.000, 0.015, 0.014, 0.014, 0.019, 0.014, 0.013
39.880, 0.743, 0.445, 1.000, 1.000, 0.000, 0.000, 0.000, 1.000, 0.000, 0.000, 0.015, 0.014, 0.014, 0.019, 0.014, 0.013
39.900, 0.797, 0.341, 1.000, 1.000, 0.000, 0.000, 0.000, 1.000, 0.000, 0.000, 0.014, 0.014, 0.015, 0.019, 0.014, 0.013
39.920, 0.816, 0.203, 1.000, 1.000, 0.000, 0.000, 0.000, 1.000, 0.000, 0.000, 0.014, 0.014, 0.015, 0.019, 0.014, 0.013
39.940, 0.818, 0.030, 1.000, 1.000, 0.000, 0.000, 1.000, 1.000, 0.000, 0.000, 0.014, 0.014, 0.015, 0.019, 0.014, 0.013
39.960, 0.804, -0.187, 0.000, 1.000, 0.000, 0.061, 1.000, 0.000, 0.086, 1.000, 0.015, 0.014, 0.015, 0.018, 0.015, 0.013
39.980, 0.767, -0.432, 0.000, 1.000, 0.000, 0.000, 0.000, 1.000, 0.000, 1.000, 0.015, 0.014, 0.015, 0.018, 0.014, 0.013
40.000, 0.711, -0.644, 0.000, 1.000, 0.000, 0.000, 0.000, 1.000, 0.000, 1.000, 0.015, 0.014, 0.015, 0.018, 0.014, 0.013
40.020, 0.619, -0.762, 0.000, 1.000, 0.000, 0.000, 0.000, 1.000, 0.000, 1.000, 0.016, 0.013, 0.015, 0.018, 0.014, 0.012
40.040, 0.493, -0.805, 0.000, 1.000, 0.000, 0.000, 0.000, 1.000, 0.000, 1.000, 0.016, 0.013, 0.015, 0.018, 0.014, 0.012
40.060, 0.326, -0.812, 0.000, 1.000, 0.000, 1.000, 0.000, 1.000, 0.000, 1.000, 0.016, 0.013, 0.015, 0.018, 0.014, 0.012
40.080, 0.140, -0.815, 0.000, 1.000, 0.000, 1.000, 0.000, 1.000, 0.000, 1.000, 0.016, 0.013, 0.014, 0.018, 0.014, 0.012
40.100, -0.204, -0.770, 0.000, 1.000, 0.000, 1.000, 0.000, 0.000, 1.000, 1.000, 0.016, 0.013, 0.014, 0.018, 0.014, 0.013
40.120, -0.496, -0.755, 0.000, 1.000, 0.000, 1.000, 0.000, 0.000, 1.000, 1.000, 0.016, 0.013, 0.014, 0.018, 0.015, 0.013
40.140, -0.728, -0.717, 0.000, 1.000, 0.000, 1.000, 0.112, 0.000, 1.000, 1.000, 0.016, 0.013, 0.014, 0.018, 0.015, 0.014
40.160, -0.847, -0.645, 0.000, 1.000, 0.000, 1.000, 0.000, 0.000, 1.000, 1.000, 0.016, 0.013, 0.014, 0.018, 0.015, 0.014
40.180, -0.878, -0.583, 0.000, 0.000, 1.000, 1.000, 0.000, 0.000, 1.000, 0.000, 0.016, 0.013, 0.015, 0.017, 0.015, 0.014
40.200, -0.884, -0.515, 0.000, 0.000, 1.000, 0.000, 0.000, 0.000, 1.000, 0.000, 0.015, 0.014, 0.014, 0.017, 0.015, 0.013
40.220, -0.881, -0.441, 0.000, 0.004, 1.000, 0.000, 0.000, 0.000, 1.000, 0.004, 0.015, 0.014, 0.014, 0.017, 0.016, 0.013
40.240, -0.876, -0.355, 0.000, 0.000, 1.000, 0.000, 0.000, 0.000, 1.000, 0.000, 0.015, 0.014, 0.014, 0.017, 0.016, 0.013
40.260, -0.868, -0.247, 0.000, 0.000, 1.000, 0.000, 0.000, 0.000, 1.000, 0.000, 0.015, 0.014, 0.014, 0.017, 0.016, 0.013
40.280, -0.858, -0.102, 0.000, 0.000, 1.000, 0.000, 0.000, 0.000, 1.000, 0.000, 0.015, 0.014, 0.014, 0.017, 0.016, 0.013
40.300, -0.842, 0.097, 1.000, 0.000, 1.000, 0.000, 0.000, 0.000, 1.000, 1.000, 0.015, 0.014, 0.014, 0.017, 0.016, 0.013
40.320, -0.818, 0.356, 1.000, 0.000, 1.000, 0.000, 0.000, 0.000, 1.000, 1.000, 0.016, 0.015, 0.014, 0.017, 0.016, 0.012
40.340, -0.806, 0.581, 1.000, 1.000, 1.000, 0.000, 1.000, 0.017, 1.000, 0.000, 0.015, 0.014, 0.014, 0.018, 0.016, 0.012
40.360, -0.770, 0.746, 1.000, 1.000, 1.000, 0.000, 1.000, 0.000, 0.523, 0.000, 0.015, 0.014, 0.014, 0.018, 0.016, 0.013
40.380, -0.744, 0.807, 1.000, 1.000, 0.000, 0.000, 1.000, 0.000, 0.000, 0.000, 0.015, 0.014, 0.013, 0.018, 0.016, 0.013
40.400, -0.719, 0.832, 1.000, 1.000, 0.000, 0.000, 1.000, 0.000, 0.000, 0.000, 0.015, 0.014, 0.013, 0.017, 0.016, 0.013
40.420, -0.705, 0.837, 1.000, 1.000, 0.000, 0.000, 1.000, 0.000, 1.000, 0.000, 0.015, 0.014, 0.013, 0.017, 0.016, 0.013
40.440, -0.684, 0.847, 1.000, 1.000, 0.000, 0.000, 1.000, 0.000, 1.000, 0.000, 0.015, 0.015, 0.013, 0.017, 0.016, 0.013
40.460, -0.676, 0.844, 1.000, 1.000, 0.000, 0.000, 1.000, 0.000, 1.000, 0.000, 0.014, 0.015, 0.013, 0.017, 0.016, 0.013
40.480, -0.640, 0.863, 1.000, 1.000, 1.000, 0.000, 0.064, 0.000, 1.000, 0.000, 0.014, 0.014, 0.013, 0.017, 0.015, 0.013
40.500, -0.574, 0.882, 1.000, 0.000, 1.000, 0.000, 1.000, 0.000, 1.000, 1.000, 0.015, 0.014, 0.013, 0.017, 0.015, 0.012
40.520, -0.510, 0.883, 1.000, 0.860, 1.000, 0.000, 0.254, 0.000, 1.000, 0.140, 0.015, 0.014, 0.013, 0.018, 0.015, 0.012
40.540, -0.532, 0.843, 1.000, 1.000, 0.492, 0.000, 1.000, 0.000, 1.000, 0.000, 0.015, 0.014, 0.013, 0.017, 0.015, 0.012
40.560, -0.528, 0.845, 1.000, 1.000, 1.000, 0.000, 0.000, 0.000, 1.000, 0.000, 0.015, 0.014, 0.013, 0.018, 0.015, 0.012
40.580, -0.509, 0.852, 1.000, 1.000, 1.000, 0.000, 0.000, 0.000, 1.000, 0.000, 0.014, 0.013, 0.013, 0.018, 0.015, 0.012
40.600, -0.515, 0.842, 1.000, 1.000, 0.446, 0.000, 1.000, 0.000, 1.000, 0.000, 0.014, 0.014, 0.014, 0.018, 0.015, 0.012
40.620, -0.474, 0.859, 1.000, 1.000, 1.000, 0.000, 1.000, 0.000, 1.000, 0.000, 0.014, 0.014, 0.014, 0.017, 0.015, 0.012
40.640, -0.400, 0.871, 1.000, 0.000, 1.000, 0.000, 1.000, 0.000, 0.000, 1.000, 0.015, 0.013, 0.014, 0.017, 0.015, 0.013
40.660, -0.306, 0.869, 1.000, 0.000, 1.000, 1.000, 1.000, 0.000, 0.000, 1.000, 0.015, 0.013, 0.014, 0.017, 0.015, 0.013
40.680, -0.183, 0.862, 1.000, 0.000, 0.000, 1.000, 1.000, 0.000, 0.000, 1.000, 0.015, 0.014, 0.014, 0.017, 0.014, 0.013
40.700, -0.014, 0.851, 1.000, 0.000, 0.000, 1.000, 1.000, 1.000, 0.000, 1.000, 0.016, 0.014, 0.013, 0.017, 0.015, 0.014
40.720, 0.215, 0.832, 1.000, 0.000, 0.000, 1.000, 0.000, 1.000, 0.000, 1.000, 0.016, 0.014, 0.013, 0.017, 0.015, 0.014
40.740, 0.488, 0.802, 1.000, 0.000, 0.000, 1.000, 0.000, 1.000, 0.000, 1.000, 0.016, 0.015, 0.013, 0.018, 0.016, 0.014
40.760, 0.720, 0.756, 1.000, 0.000, 0.000, 1.000, 0.000, 1.000, 0.000, 1.000, 0.016, 0.015, 0.013, 0.018, 0.016, 0.014
40.780, 0.840, 0.694, 1.000, 0.000, 0.000, 1.000, 0.000, 1.000, 0.000, 1.000, 0.016, 0.015, 0.013, 0.018, 0.016, 0.014
40.800, 0.879, 0.627, 1.000, 0.000, 0.000, 1.000, 0.000, 1.000, 0.000, 1.000, 0.016, 0.015, 0.013, 0.018, 0.016, 0.014
40.820, 0.887, 0.559, 1.000, 0.219, 0.000, 1.000, 0.000, 1.000, 0.000, 0.781, 0.016, 0.015, 0.013, 0.018, 0.015, 0.013
40.840, 0.885, 0.488, 1.000, 0.260, 0.000, 1.000, 0.000, 1.000, 0.000, 0.740, 0.016, 0.015, 0.013, 0.018, 0.015, 0.013
40.860, 0.880, 0.409, 1.000, 0.172, 0.000, 1.000, 0.000, 1.000, 0.000, 0.828, 0.016, 0.015, 0.013, 0.018, 0.015, 0.013
40.880, 0.873, 0.315, 1.000, 0.000, 0.068, 1.000, 1.000, 1.000, 0.000, 1.000, 0.016, 0.015, 0.013, 0.018, 0.015, 0.013
40.900, 0.864, 0.193, 1.000, 0.241, 0.013, 1.000, 1.000, 1.000, 0.000, 0.759, 0.016, 0.015, 0.013, 0.017, 0.015, 0.013
40.920, 0.818, -0.057, 0.000, 1.000, 0.000, 0.652, 1.000, 1.000, 0.283, 1.000, 0.016, 0.015, 0.013, 0.017, 0.015, 0.013
40.940, 0.780, -0.289, 0.000, 1.000, 0.000, 0.000, 0.000, 1.000, 0.000, 1.000, 0.016, 0.015, 0.013, 0.018, 0.015, 0.013
40.960, 0.737, -0.525, 0.000, 1.000, 0.000, 0.000, 0.000, 1.000, 0.000, 1.000, 0.016, 0.015, 0.014, 0.018, 0.015, 0.013
40.980, 0.670, -0.703, 0.000, 1.000, 0.000, 1.000, 0.000, 1.000, 0.000, 1.000, 0.016, 0.014, 0.013, 0.018, 0.014, 0.013
41.000, 0.573, -0.790, 0.000, 1.000, 0.000, 1.000, 0.000, 1.000, 0.000, 1.000, 0.016, 0.014, 0.013, 0.018, 0.014, 0.012
41.020, 0.433, -0.813, 0.000, 1.000, 0.000, 0.000, 0.000, 1.000, 0.000, 1.000, 0.017, 0.014, 0.014, 0.017, 0.014, 0.012
41.040, 0.211, -0.798, 0.000, 1.000, 0.000, 0.000, 0.000, 1.000, 0.000, 1.000, 0.017, 0.014, 0.014, 0.017, 0.014, 0.012
41.060, -0.116, -0.763, 0.000, 1.000, 0.000, 0.000, 0.000, 1.000, 0.000, 1.000, 0.017, 0.014, 0.014, 0.017, 0.014, 0.012
41.080, -0.537, -0.690, 0.000, 1.000, 0.000, 0.000, 0.000, 1.000, 1.000, 1.000, 0.017, 0.014, 0.014, 0.017, 0.014, 0.013
41.100, -0.770, -0.632, 0.000, 1.000, 0.000, 0.077, 0.000, 0.000, 1.000, 1.000, 0.017, 0.014, 0.014, 0.017, 0.015, 0.013
41.120, -0.862, -0.544, 0.000, 1.000, 0.000, 0.000, 0.000, 0.000, 1.000, 1.000, 0.017, 0.014, 0.014, 0.017, 0.015, 0.013
41.140, -0.877, -0.469, 0.000, 1.000, 1.000, 1.000, 0.458, 0.000, 1.000, 1.000, 0.017, 0.014, 0.014, 0.017, 0.015, 0.014
41.160, -0.876, -0.389, 0.000, 0.000, 1.000, 0.000, 0.000, 0.000, 1.000, 0.000, 0.016, 0.015, 0.014, 0.017, 0.016, 0.014
41.180, -0.871, -0.291, 0.000, 0.000, 1.000, 0.000, 0.000, 0.000, 1.000, 0.000, 0.016, 0.015, 0.014, 0.017, 0.016, 0.014
41.200, -0.862, -0.162, 0.000, 0.002, 1.000, 0.000, 0.000, 0.000, 1.000, 0.002, 0.016, 0.015, 0.014, 0.017, 0.016, 0.013
41.220, -0.849, 0.014, 1.000, 0.000, 1.000, 0.000, 0.092, 0.000, 1.000, 1.000, 0.016, 0.015, 0.014, 0.017, 0.016, 0.013
41.240, -0.829, 0.252, 1.000, 0.000, 1.000, 0.000, 0.000, 0.000, 1.000, 1.000, 0.017, 0.015, 0.013, 0.017, 0.016, 0.013
41.260, -0.797, 0.526, 1.000, 0.000, 1.000, 0.000, 0.000, 0.000, 1.000, 1.000, 0.017, 0.015, 0.013, 0.017, 0.016, 0.013
41.280, -0.748, 0.744, 1.000, 0.000, 1.000, 0.000, 0.000, 0.000, 1.000, 1.000, 0.017, 0.015, 0.013, 0.017, 0.016, 0.013
41.300, -0.685, 0.849, 1.000, 0.000, 1.000, 0.000, 0.000, 0.000, 1.000, 1.000, 0.017, 0.015, 0.013, 0.016, 0.016, 0.013
41.320, -0.618, 0.881, 1.000, 0.000, 1.000, 0.000, 0.000, 0.000, 1.000, 1.000, 0.017, 0.015, 0.013, 0.016, 0.016, 0.013
41.340, -0.690, 0.803, 1.000, 1.000, 1.000, 0.000, 0.000, 0.000, 1.000, 0.000, 0.017, 0.014, 0.013, 0.016, 0.016, 0.012
41.360, -0.683, 0.831, 1.000, 1.000, 0.000, 0.000, 1.000, 0.000, 1.000, 0.000, 0.016, 0.015, 0.013, 0.017, 0.016, 0.012
41.380, -0.662, 0.850, 1.000, 1.000, 0.000, 0.000, 1.000, 0.000, 0.000, 0.000, 0.016, 0.015, 0.013, 0.017, 0.016, 0.013
41.400, -0.642, 0.855, 1.000, 1.000, 0.000, 0.000, 1.000, 0.000, 0.000, 0.000, 0.016, 0.015, 0.013, 0.017, 0.016, 0.013
41.420, -0.650, 0.841, 1.000, 1.000, 0.000, 0.000, 1.000, 0.000, 1.000, 0.000, 0.016, 0.015, 0.013, 0.017, 0.016, 0.013
41.440, -0.646, 0.844, 1.000, 1.000, 0.000, 0.000, 1.000, 0.000, 1.000, 0.000, 0.016, 0.016, 0.013, 0.017, 0.016, 0.013
41.460, -0.608, 0.865, 1.000, 1.000, 1.000, 0.000, 1.000, 0.000, 1.000, 0.000, 0.016, 0.015, 0.013, 0.016, 0.016, 0.013
41.480, -0.607, 0.851, 1.000, 1.000, 1.000, 0.000, 1.000, 0.000, 1.000, 0.000, 0.016, 0.015, 0.013, 0.016, 0.015, 0.012
41.500, -0.609, 0.846, 1.000, 1.000, 1.000, 0.000, 1.000, 0.000, 1.000, 0.000, 0.016, 0.015, 0.013, 0.016, 0.015, 0.012
41.520, -0.604, 0.849, 1.000, 1.000, 1.000, 0.000, 1.000, 0.000, 1.000, 0.000, 0.015, 0.014, 0.013, 0.016, 0.015, 0.012
41.540, -0.574, 0.862, 1.000, 1.000, 1.000, 0.000, 1.000, 0.000, 1.000, 0.000, 0.015, 0.014, 0.013, 0.016, 0.015, 0.012
41.560, -0.510, 0.878, 1.000, 0.000, 1.000, 0.000, 1.000, 0.000, 1.000, 1.000, 0.016, 0.014, 0.013, 0.016, 0.015, 0.012
41.580, -0.437, 0.879, 1.000, 0.000, 1.000, 0.000, 1.000, 0.000, 1.000, 1.000, 0.016, 0.014, 0.013, 0.016, 0.015, 0.012
41.600, -0.350, 0.875, 1.000, 0.000, 1.000, 0.000, 1.000, 0.000, 1.000, 1.000, 0.017, 0.014, 0.013, 0.016, 0.015, 0.012
41.620, -0.240, 0.867, 1.000, 0.000, 1.000, 0.000, 1.000, 0.000, 0.000, 1.000, 0.017, 0.014, 0.013, 0.016, 0.015, 0.013
41.640, -0.093, 0.857, 1.000, 0.000, 1.000, 1.000, 1.000, 0.000, 0.000, 1.000, 0.017, 0.014, 0.013, 0.016, 0.015, 0.013
41.660, 0.109, 0.841, 1.000, 0.000, 0.000, 1.000, 1.000, 0.000, 0.000, 1.000, 0.017, 0.015, 0.012, 0.016, 0.015, 0.013
41.680, 0.370, 0.817, 1.000, 0.000, 0.000, 1.000, 0.000, 1.000, 0.000, 1.000, 0.017, 0.015, 0.012, 0.016, 0.015, 0.014
41.700, 0.633, 0.778, 1.000, 0.000, 0.000, 1.000, 0.000, 1.000, 0.000, 1.000, 0.017, 0.015, 0.012, 0.017, 0.016, 0.014
41.720, 0.802, 0.722, 1.000, 0.000, 0.000, 1.000, 0.000, 1.000, 0.000, 1.000, 0.017, 0.015, 0.012, 0.017, 0.016, 0.014
41.740, 0.868, 0.656, 1.000, 0.000, 0.000, 1.000, 0.000, 1.000, 0.000, 1.000, 0.017, 0.015, 0.012, 0.017, 0.016, 0.014
41.760, 0.885, 0.589, 1.000, 0.034, 0.000, 1.000, 0.000, 1.000, 0.000, 0.966, 0.017, 0.016, 0.012, 0.017, 0.016, 0.014
41.780, 0.886, 0.518, 1.000, 0.367, 0.000, 1.000, 0.000, 1.000, 0.000, 0.633, 0.017, 0.016, 0.012, 0.017, 0.016, 0.014
41.800, 0.882, 0.443, 1.000, 0.284, 0.000, 1.000, 0.000, 1.000, 0.000, 0.716, 0.017, 0.016, 0.012, 0.017, 0.016, 0.013
41.820, 0.876, 0.357, 1.000, 0.000, 0.000, 1.000, 1.000, 1.000, 0.000, 1.000, 0.017, 0.016, 0.012, 0.017, 0.015, 0.013
41.840, 0.868, 0.249, 1.000, 0.000, 0.000, 1.000, 1.000, 0.000, 0.000, 1.000, 0.017, 0.016, 0.012, 0.017, 0.016, 0.013
41.860, 0.858, 0.106, 1.000, 0.000, 0.000, 1.000, 1.000, 0.000, 0.000, 1.000, 0.017, 0.016, 0.012, 0.016, 0.016, 0.013
41.880, 0.832, -0.105, 0.000, 1.000, 0.000, 1.000, 1.000, 0.000, 0.000, 1.000, 0.017, 0.016, 0.012, 0.016, 0.016, 0.013
41.900, 0.775, -0.337, 0.000, 1.000, 0.000, 0.000, 0.000, 0.217, 0.610, 1.000, 0.018, 0.016, 0.013, 0.017, 0.016, 0.013
41.920, 0.723, -0.563, 0.000, 1.000, 0.000, 0.000, 0.000, 0.184, 0.363, 1.000, 0.018, 0.016, 0.013, 0.017, 0.016, 0.013
41.940, 0.654, -0.726, 0.000, 1.000, 0.000, 1.000, 0.000, 0.167, 0.241, 1.000, 0.018, 0.016, 0.013, 0.017, 0.016, 0.013
41.960, 0.560, -0.804, 0.000, 1.000, 0.000, 1.000, 0.000, 0.082, 0.137, 1.000, 0.018, 0.015, 0.012, 0.017, 0.016, 0.013
41.980, 0.407, -0.815, 0.000, 1.000, 0.000, 1.000, 1.000, 1.000, 0.000, 1.000, 0.018, 0.015, 0.012, 0.017, 0.016, 0.013
42.000, 0.211, -0.810, 0.000, 1.000, 0.000, 1.000, 0.000, 1.000, 0.000, 1.000, 0.018, 0.015, 0.012, 0.017, 0.016, 0.013
42.020, -0.042, -0.797, 0.000, 1.000, 0.000, 1.000, 0.000, 1.000, 0.000, 1.000, 0.018, 0.015, 0.012, 0.017, 0.015, 0.013
42.040, -0.389, -0.757, 0.000, 1.000, 0.000, 1.000, 0.000, 1.000, 0.000, 1.000, 0.018, 0.015, 0.012, 0.018, 0.015, 0.012
42.060, -0.675, -0.713, 0.000, 1.000, 0.000, 1.000, 0.000, 1.000, 0.000, 1.000, 0.018, 0.015, 0.012, 0.018, 0.015, 0.012
42.080, -0.834, -0.633, 0.000, 1.000, 0.000, 1.000, 0.000, 1.000, 1.000, 1.000, 0.018, 0.015, 0.012, 0.018, 0.015, 0.013
42.100, -0.882, -0.517, 0.000, 1.000, 0.000, 1.000, 0.000, 0.000, 1.000, 1.000, 0.018, 0.015, 0.012, 0.017, 0.016, 0.013
42.120, -0.887, -0.379, 0.000, 1.000, 0.000, 1.000, 0.000, 0.000, 1.000, 1.000, 0.018, 0.014, 0.012, 0.017, 0.016, 0.014
42.140, -0.880, -0.214, 0.000, 1.000, 0.000, 0.000, 0.000, 0.000, 1.000, 1.000, 0.018, 0.014, 0.012, 0.017, 0.016, 0.014
42.160, -0.864, -0.036, 0.000, 1.000, 1.000, 1.000, 0.108, 0.000, 1.000, 1.000, 0.018, 0.015, 0.012, 0.017, 0.016, 0.014
42.180, -0.839, 0.189, 1.000, 0.000, 1.000, 0.000, 0.000, 0.000, 1.000, 1.000, 0.018, 0.015, 0.013, 0.016, 0.017, 0.013
42.200, -0.808, 0.462, 1.000, 0.000, 1.000, 0.000, 0.000, 0.000, 1.000, 1.000, 0.018, 0.016, 0.013, 0.016, 0.017, 0.013
42.220, -0.763, 0.703, 1.000, 0.000, 1.000, 0.000, 0.000, 0.000, 1.000, 1.000, 0.018, 0.016, 0.013, 0.016, 0.017, 0.013
42.240, -0.702, 0.833, 1.000, 0.000, 1.000, 0.000, 0.000, 0.000, 1.000, 1.000, 0.018, 0.016, 0.013, 0.016, 0.017, 0.013
42.260, -0.635, 0.877, 1.000, 0.000, 1.000, 0.000, 0.006, 0.000, 1.000, 1.000, 0.019, 0.016, 0.013, 0.016, 0.017, 0.013
42.280, -0.567, 0.887, 1.000, 0.000, 1.000, 0.000, 0.138, 0.000, 1.000, 1.000, 0.019, 0.016, 0.013, 0.016, 0.017, 0.013
42.300, -0.658, 0.800, 1.000, 1.000, 1.000, 0.000, 0.000, 0.000, 1.000, 0.000, 0.018, 0.015, 0.012, 0.016, 0.017, 0.013
42.320, -0.642, 0.841, 1.000, 1.000, 0.000, 0.153, 1.000, 0.000, 1.000, 0.000, 0.018, 0.016, 0.012, 0.017, 0.017, 0.012
42.340, -0.674, 0.820, 1.000, 1.000, 0.000, 0.000, 1.000, 0.000, 1.000, 0.000, 0.017, 0.016, 0.012, 0.017, 0.017, 0.012
42.360, -0.680, 0.828, 1.000, 1.000, 0.000, 0.000, 1.000, 0.091, 1.000, 0.000, 0.017, 0.016, 0.012, 0.017, 0.017, 0.012
42.380, -0.682, 0.832, 1.000, 1.000, 0.000, 0.000, 1.000, 0.000, 1.000, 0.000, 0.017, 0.016, 0.012, 0.017, 0.017, 0.012
42.400, -0.679, 0.837, 1.000, 1.000, 0.000, 0.000, 1.000, 0.000, 1.000, 0.000, 0.017, 0.016, 0.012, 0.017, 0.017, 0.012
42.420, -0.684, 0.832, 1.000, 1.000, 0.000, 0.000, 1.000, 0.000, 1.000, 0.000, 0.017, 0.016, 0.012, 0.018, 0.017, 0.012
42.440, -0.679, 0.838, 1.000, 1.000, 0.000, 0.000, 1.000, 0.000, 1.000, 0.000, 0.017, 0.016, 0.012, 0.018, 0.017, 0.012
42.460, -0.635, 0.866, 1.000, 1.000, 1.000, 0.000, 1.000, 0.000, 1.000, 0.000, 0.017, 0.016, 0.012, 0.017, 0.016, 0.012
42.480, -0.636, 0.849, 1.000, 1.000, 1.000, 0.000, 1.000, 0.000, 1.000, 0.000, 0.017, 0.016, 0.012, 0.017, 0.016, 0.012
42.500, -0.629, 0.849, 1.000, 1.000, 1.000, 0.000, 1.000, 0.000, 1.000, 0.000, 0.017, 0.015, 0.012, 0.017, 0.016, 0.012
42.520, -0.618, 0.852, 1.000, 1.000, 1.000, 0.000, 1.000, 0.000, 1.000, 0.000, 0.017, 0.015, 0.012, 0.016, 0.016, 0.012
42.540, -0.601, 0.856, 1.000, 1.000, 1.000, 0.000, 1.000, 0.000, 1.000, 0.000, 0.017, 0.015, 0.012, 0.016, 0.016, 0.012
42.560, -0.572, 0.863, 1.000, 1.000, 1.000, 0.000, 1.000, 0.000, 1.000, 0.000, 0.017, 0.015, 0.012, 0.016, 0.016, 0.012
42.580, -0.515, 0.876, 1.000, 1.000, 1.000, 0.000, 1.000, 0.000, 1.000, 0.000, 0.017, 0.015, 0.012, 0.016, 0.016, 0.012
42.600, -0.470, 0.869, 1.000, 1.000, 1.000, 0.000, 1.000, 0.000, 1.000, 0.000, 0.017, 0.015, 0.012, 0.016, 0.016, 0.012
42.620, -0.438, 0.858, 1.000, 1.000, 1.000, 0.000, 1.000, 0.000, 1.000, 0.000, 0.017, 0.015, 0.012, 0.016, 0.016, 0.012
42.640, -0.365, 0.865, 1.000, 1.000, 1.000, 0.000, 1.000, 0.000, 1.000, 0.000, 0.016, 0.015, 0.012, 0.016, 0.016, 0.012
42.660, -0.263, 0.865, 1.000, 0.000, 1.000, 0.000, 1.000, 0.000, 1.000, 1.000, 0.017, 0.015, 0.012, 0.016, 0.016, 0.012
42.680, -0.125, 0.858, 1.000, 0.000, 1.000, 0.000, 1.000, 0.000, 0.000, 1.000, 0.017, 0.015, 0.011, 0.016, 0.015, 0.012
42.700, 0.064, 0.844, 1.000, 0.000, 1.000, 1.000, 1.000, 1.000, 0.000, 1.000, 0.018, 0.015, 0.011, 0.016, 0.016, 0.013
42.720, 0.315, 0.822, 1.000, 0.000, 0.000, 1.000, 0.000, 1.000, 0.000, 1.000, 0.018, 0.015, 0.011, 0.016, 0.016, 0.013
42.740, 0.586, 0.787, 1.000, 0.000, 0.000, 1.000, 0.000, 1.000, 0.000, 1.000, 0.018, 0.016, 0.011, 0.017, 0.017, 0.013
42.760, 0.778, 0.734, 1.000, 0.000, 0.000, 1.000, 0.000, 1.000, 0.000, 1.000, 0.018, 0.016, 0.011, 0.017, 0.017, 0.013
42.780, 0.860, 0.669, 1.000, 0.000, 0.000, 1.000, 0.000, 1.000, 0.000, 1.000, 0.018, 0.016, 0.011, 0.017, 0.017, 0.013
42.800, 0.884, 0.602, 1.000, 0.055, 0.000, 1.000, 0.000, 1.000, 0.000, 0.945, 0.018, 0.016, 0.011, 0.017, 0.016, 0.014
42.820, 0.886, 0.532, 1.000, 0.357, 0.000, 1.000, 0.000, 1.000, 0.000, 0.643, 0.018, 0.016, 0.011, 0.017, 0.016, 0.014
42.840, 0.883, 0.458, 1.000, 0.274, 0.000, 1.000, 0.000, 1.000, 0.000, 0.726, 0.018, 0.016, 0.011, 0.017, 0.016, 0.013
42.860, 0.877, 0.375, 1.000, 0.171, 0.170, 1.000, 1.000, 1.000, 0.000, 0.829, 0.018, 0.016, 0.011, 0.017, 0.016, 0.013
42.880, 0.870, 0.272, 1.000, 0.000, 0.000, 1.000, 1.000, 1.000, 0.000, 1.000, 0.018, 0.016, 0.011, 0.017, 0.016, 0.013
42.900, 0.844, 0.069, 1.000, 1.000, 0.000, 1.000, 1.000, 0.000, 0.000, 0.000, 0.018, 0.016, 0.011, 0.016, 0.016, 0.012
42.920, 0.806, -0.157, 0.000, 1.000, 0.000, 0.000, 1.000, 1.000, 0.000, 1.000, 0.018, 0.016, 0.012, 0.016, 0.016, 0.012
42.940, 0.765, -0.395, 0.000, 1.000, 0.000, 1.000, 0.000, 1.000, 0.233, 1.000, 0.018, 0.017, 0.011, 0.017, 0.016, 0.012
42.960, 0.707, -0.609, 0.000, 1.000, 0.000, 1.000, 0.000, 1.000, 0.000, 1.000, 0.018, 0.016, 0.011, 0.017, 0.016, 0.012
42.980, 0.629, -0.748, 0.000, 1.000, 0.000, 1.000, 0.000, 1.000, 0.000, 1.000, 0.018, 0.016, 0.011, 0.017, 0.016, 0.012
43.000, 0.520, -0.807, 0.000, 1.000, 0.000, 1.000, 0.000, 1.000, 0.000, 1.000, 0.018, 0.015, 0.011, 0.016, 0.015, 0.012
43.020, 0.356, -0.813, 0.000, 1.000, 0.000, 1.000, 0.000, 1.000, 0.000, 1.000, 0.019, 0.015, 0.011, 0.016, 0.015, 0.012
43.040, 0.107, -0.793, 0.000, 1.000, 0.000, 0.000, 0.000, 1.000, 0.000, 1.000, 0.019, 0.015, 0.012, 0.016, 0.015, 0.012
43.060, -0.278, -0.740, 0.000, 1.000, 0.000, 0.000, 0.000, 1.000, 0.000, 1.000, 0.019, 0.015, 0.012, 0.016, 0.015, 0.012
43.080, -0.631, -0.683, 0.000, 1.000, 0.000, 0.000, 0.000, 1.000, 0.000, 1.000, 0.019, 0.015, 0.012, 0.016, 0.015, 0.012
43.100, -0.837, -0.565, 0.000, 1.000, 0.000, 0.000, 0.000, 0.000, 1.000, 1.000, 0.019, 0.015, 0.012, 0.016, 0.016, 0.013
43.120, -0.878, -0.457, 0.000, 1.000, 0.000, 0.149, 0.000, 0.000, 1.000, 1.000, 0.019, 0.015, 0.012, 0.016, 0.016, 0.013
43.140, -0.879, -0.344, 0.000, 1.000, 0.000, 1.000, 0.395, 0.000, 1.000, 1.000, 0.019, 0.015, 0.012, 0.016, 0.016, 0.013
43.160, -0.869, -0.225, 0.000, 1.000, 1.000, 1.000, 0.070, 0.014, 0.021, 1.000, 0.019, 0.015, 0.012, 0.016, 0.017, 0.013
43.180, -0.857, -0.072, 0.000, 0.000, 1.000, 0.000, 0.000, 0.000, 1.000, 0.000, 0.018, 0.016, 0.012, 0.016, 0.017, 0.013
43.200, -0.839, 0.139, 1.000, 0.000, 1.000, 0.000, 0.000, 0.000, 1.000, 1.000, 0.019, 0.016, 0.012, 0.016, 0.017, 0.013
43.220, -0.813, 0.405, 1.000, 0.000, 1.000, 0.000, 0.000, 0.000, 1.000, 1.000, 0.019, 0.016, 0.012, 0.016, 0.017, 0.013
43.240, -0.772, 0.661, 1.000, 0.000, 1.000, 0.000, 0.000, 0.000, 1.000, 1.000, 0.019, 0.016, 0.011, 0.016, 0.017, 0.013
43.260, -0.714, 0.815, 1.000, 0.000, 1.000, 0.000, 0.000, 0.000, 1.000, 1.000, 0.019, 0.016, 0.011, 0.016, 0.017, 0.012
43.280, -0.648, 0.872, 1.000, 0.000, 1.000, 0.000, 0.000, 0.000, 1.000, 1.000, 0.019, 0.017, 0.011, 0.015, 0.017, 0.012
43.300, -0.580, 0.886, 1.000, 0.000, 1.000, 0.000, 0.000, 0.000, 1.000, 1.000, 0.019, 0.016, 0.011, 0.015, 0.017, 0.012
43.320, -0.511, 0.886, 1.000, 0.000, 1.000, 0.000, 0.000, 0.000, 1.000, 1.000, 0.019, 0.016, 0.011, 0.015, 0.017, 0.012
43.340, -0.651, 0.771, 1.000, 1.000, 0.000, 0.000, 1.000, 0.000, 1.000, 0.000, 0.019, 0.016, 0.011, 0.016, 0.017, 0.012
43.360, -0.669, 0.810, 1.000, 1.000, 0.000, 0.000, 1.000, 0.000, 0.000, 0.000, 0.018, 0.016, 0.011, 0.016, 0.017, 0.013
43.380, -0.649, 0.845, 1.000, 1.000, 0.000, 0.000, 1.000, 0.000, 0.000, 0.000, 0.018, 0.016, 0.011, 0.016, 0.017, 0.013
43.400, -0.624, 0.858, 1.000, 1.000, 1.000, 0.000, 1.000, 0.000, 0.000, 0.000, 0.018, 0.016, 0.011, 0.016, 0.017, 0.013
43.420, -0.636, 0.840, 1.000, 1.000, 1.000, 0.000, 1.000, 0.000, 1.000, 0.000, 0.018, 0.016, 0.011, 0.016, 0.017, 0.013
43.440, -0.620, 0.852, 1.000, 1.000, 1.000, 0.000, 1.000, 0.000, 1.000, 0.000, 0.018, 0.015, 0.011, 0.015, 0.017, 0.013
43.460, -0.620, 0.847, 1.000, 1.000, 1.000, 0.000, 1.000, 0.000, 1.000, 0.000, 0.018, 0.015, 0.011, 0.015, 0.017, 0.012
43.480, -0.620, 0.845, 1.000, 1.000, 1.000, 0.000, 1.000, 0.000, 1.000, 0.000, 0.018, 0.015, 0.011, 0.015, 0.016, 0.012
43.500, -0.574, 0.869, 1.000, 1.000, 1.000, 0.000, 1.000, 0.000, 1.000, 0.000, 0.018, 0.015, 0.011, 0.015, 0.016, 0.012
43.520, -0.509, 0.880, 1.000, 0.000, 1.000, 0.000, 1.000, 0.000, 1.000, 1.000, 0.018, 0.015, 0.011, 0.015, 0.016, 0.012
43.540, -0.477, 0.865, 1.000, 1.000, 1.000, 0.000, 1.000, 0.000, 1.000, 0.000, 0.018, 0.015, 0.011, 0.015, 0.016, 0.012
43.560, -0.513, 0.830, 1.000, 1.000, 1.000, 0.000, 1.000, 0.000, 1.000, 0.000, 0.018, 0.015, 0.011, 0.015, 0.016, 0.012
43.580, -0.511, 0.839, 1.000, 1.000, 0.000, 0.000, 1.000, 0.000, 1.000, 0.000, 0.018, 0.016, 0.011, 0.015, 0.016, 0.012
43.600, -0.446, 0.866, 1.000, 0.000, 1.000, 0.000, 1.000, 0.000, 0.000, 1.000, 0.018, 0.015, 0.011, 0.015, 0.016, 0.013
43.620, -0.365, 0.871, 1.000, 0.000, 1.000, 1.000, 1.000, 0.000, 0.000, 1.000, 0.018, 0.015, 0.011, 0.015, 0.016, 0.013
43.640, -0.261, 0.867, 1.000, 0.000, 0.000, 1.000, 1.000, 0.000, 0.000, 1.000, 0.019, 0.016, 0.011, 0.015, 0.016, 0.013
43.660, -0.122, 0.858, 1.000, 0.000, 0.000, 1.000, 1.000, 0.000, 0.000, 1.000, 0.019, 0.016, 0.011, 0.015, 0.016, 0.013
43.680, 0.070, 0.844, 1.000, 0.000, 0.000, 1.000, 1.000, 1.000, 0.000, 1.000, 0.019, 0.016, 0.011, 0.015, 0.016, 0.013
43.700, 0.323, 0.822, 1.000, 0.000, 0.000, 1.000, 0.000, 1.000, 0.000, 1.000, 0.019, 0.016, 0.011, 0.015, 0.017, 0.014
43.720, 0.593, 0.786, 1.000, 0.000, 0.000, 1.000, 0.000, 1.000, 0.000, 1.000, 0.019, 0.016, 0.011, 0.016, 0.017, 0.014
43.740, 0.782, 0.732, 1.000, 0.000, 0.000, 1.000, 0.000, 1.000, 0.000, 1.000, 0.019, 0.017, 0.011, 0.016, 0.017, 0.014
43.760, 0.862, 0.668, 1.000, 0.000, 0.000, 1.000, 0.000, 1.000, 0.000, 1.000, 0.019, 0.017, 0.011, 0.016, 0.017, 0.014
43.780, 0.884, 0.600, 1.000, 0.000, 0.000, 1.000, 0.000, 1.000, 0.000, 1.000, 0.019, 0.017, 0.011, 0.016, 0.017, 0.013
43.800, 0.886, 0.531, 1.000, 0.299, 0.000, 1.000, 0.000, 1.000, 0.000, 0.701, 0.019, 0.017, 0.011, 0.016, 0.017, 0.013
43.820, 0.883, 0.457, 1.000, 0.259, 0.000, 1.000, 0.000, 1.000, 0.000, 0.741, 0.019, 0.017, 0.010, 0.016, 0.016, 0.013
43.840, 0.877, 0.373, 1.000, 0.109, 0.000, 1.000, 0.000, 1.000, 0.000, 0.891, 0.019, 0.017, 0.010, 0.016, 0.016, 0.013
43.860, 0.870, 0.270, 1.000, 0.000, 0.028, 1.000, 1.000, 1.000, 0.000, 1.000, 0.019, 0.017, 0.010, 0.016, 0.016, 0.012
43.880, 0.851, 0.095, 1.000, 1.000, 0.000, 1.000, 1.000, 0.000, 0.000, 0.000, 0.019, 0.017, 0.010, 0.016, 0.016, 0.012
43.900, 0.799, -0.143, 0.000, 1.000, 0.000, 0.000, 1.000, 1.000, 0.074, 1.000, 0.019, 0.017, 0.011, 0.015, 0.016, 0.012
43.920, 0.756, -0.375, 0.000, 1.000, 0.000, 1.000, 0.000, 1.000, 0.000, 1.000, 0.019, 0.017, 0.011, 0.016, 0.016, 0.012
43.940, 0.714, -0.603, 0.000, 1.000, 0.000, 1.000, 0.000, 1.000, 0.000, 1.000, 0.019, 0.017, 0.011, 0.016, 0.016, 0.012
43.960, 0.630, -0.740, 0.000, 1.000, 0.000, 1.000, 0.000, 1.000, 0.000, 1.000, 0.019, 0.016, 0.010, 0.016, 0.016, 0.012
43.980, 0.500, -0.791, 0.000, 1.000, 0.000, 1.000, 0.000, 1.000, 0.000, 1.000, 0.019, 0.016, 0.010, 0.016, 0.016, 0.012
44.000, 0.297, -0.789, 0.000, 1.000, 0.000, 0.000, 0.000, 1.000, 0.000, 1.000, 0.020, 0.016, 0.011, 0.016, 0.016, 0.012
44.020, -0.043, -0.749, 0.000, 1.000, 0.000, 0.000, 0.000, 1.000, 0.000, 1.000, 0.020, 0.016, 0.011, 0.016, 0.016, 0.012
44.040, -0.423, -0.710, 0.000, 1.000, 0.000, 0.000, 0.000, 1.000, 0.000, 1.000, 0.020, 0.016, 0.012, 0.015, 0.016, 0.012
44.060, -0.755, -0.609, 0.000, 1.000, 0.000, 0.000, 0.000, 0.000, 1.000, 1.000, 0.020, 0.016, 0.012, 0.015, 0.016, 0.013
44.080, -0.855, -0.528, 0.000, 1.000, 0.000, 0.167, 0.000, 0.000, 1.000, 1.000, 0.020, 0.016, 0.012, 0.015, 0.016, 0.013
44.100, -0.884, -0.389, 0.000, 1.000, 0.000, 0.000, 0.000, 0.000, 1.000, 1.000, 0.020, 0.015, 0.012, 0.015, 0.017, 0.013
44.120, -0.875, -0.268, 0.000, 1.000, 0.000, 1.000, 0.466, 0.000, 1.000, 1.000, 0.020, 0.015, 0.011, 0.015, 0.017, 0.013
44.140, -0.862, -0.129, 0.000, 0.000, 1.000, 1.000, 0.000, 0.000, 1.000, 0.000, 0.019, 0.016, 0.011, 0.015, 0.017, 0.014
44.160, -0.846, 0.061, 1.000, 0.000, 1.000, 0.000, 0.000, 0.000, 1.000, 1.000, 0.020, 0.016, 0.012, 0.015, 0.017, 0.013
44.180, -0.824, 0.311, 1.000, 0.116, 1.000, 0.000, 0.000, 0.000, 1.000, 0.884, 0.020, 0.017, 0.011, 0.015, 0.017, 0.013
44.200, -0.788, 0.583, 1.000, 0.000, 1.000, 0.000, 0.000, 0.000, 1.000, 1.000, 0.020, 0.017, 0.011, 0.015, 0.017, 0.013
44.220, -0.735, 0.776, 1.000, 0.000, 1.000, 0.000, 0.090, 0.000, 1.000, 1.000, 0.020, 0.017, 0.011, 0.015, 0.017, 0.012
44.240, -0.671, 0.860, 1.000, 0.000, 1.000, 0.000, 0.000, 0.000, 1.000, 1.000, 0.020, 0.017, 0.011, 0.015, 0.017, 0.012
44.260, -0.603, 0.884, 1.000, 0.000, 1.000, 0.000, 0.000, 0.000, 1.000, 1.000, 0.020, 0.017, 0.011, 0.015, 0.017, 0.012
44.280, -0.535, 0.887, 1.000, 0.000, 1.000, 0.000, 0.000, 0.000, 1.000, 1.000, 0.020, 0.016, 0.011, 0.015, 0.017, 0.012
44.300, -0.607, 0.817, 1.000, 1.000, 1.000, 0.000, 1.000, 0.000, 1.000, 0.000, 0.020, 0.016, 0.011, 0.015, 0.017, 0.012
44.320, -0.641, 0.817, 1.000, 1.000, 1.000, 0.000, 1.000, 0.000, 1.000, 0.000, 0.019, 0.016, 0.011, 0.016, 0.017, 0.012
44.340, -0.678, 0.810, 1.000, 1.000, 0.000, 0.000, 1.000, 0.000, 1.000, 0.000, 0.019, 0.016, 0.011, 0.016, 0.018, 0.012
44.360, -0.684, 0.825, 1.000, 1.000, 0.000, 0.000, 1.000, 0.000, 1.000, 0.000, 0.019, 0.017, 0.010, 0.016, 0.018, 0.012
44.380, -0.673, 0.840, 1.000, 1.000, 0.000, 0.000, 1.000, 0.000, 1.000, 0.000, 0.019, 0.017, 0.010, 0.016, 0.018, 0.012
44.400, -0.678, 0.834, 1.000, 1.000, 0.000, 0.000, 1.000, 0.000, 1.000, 0.000, 0.019, 0.017, 0.010, 0.015, 0.018, 0.012
44.420, -0.694, 0.823, 1.000, 1.000, 0.000, 0.000, 1.000, 0.000, 1.000, 0.000, 0.019, 0.017, 0.010, 0.015, 0.017, 0.012
44.440, -0.652, 0.860, 1.000, 1.000, 1.000, 0.000, 1.000, 0.000, 1.000, 0.000, 0.018, 0.017, 0.010, 0.015, 0.017, 0.012
44.460, -0.663, 0.838, 1.000, 1.000, 1.000, 0.000, 1.000, 0.000, 1.000, 0.000, 0.018, 0.016, 0.010, 0.015, 0.017, 0.012
44.480, -0.666, 0.837, 1.000, 1.000, 1.000, 0.000, 1.000, 0.000, 1.000, 0.000, 0.018, 0.016, 0.010, 0.015, 0.016, 0.012
44.500, -0.670, 0.836, 1.000, 1.000, 1.000, 0.000, 0.147, 0.000, 1.000, 0.000, 0.018, 0.016, 0.010, 0.015, 0.016, 0.012
44.520, -0.637, 0.860, 1.000, 1.000, 1.000, 0.000, 1.000, 0.000, 1.000, 0.000, 0.018, 0.016, 0.010, 0.015, 0.016, 0.012
44.540, -0.572, 0.881, 1.000, 0.000, 1.000, 0.000, 1.000, 0.000, 1.000, 1.000, 0.019, 0.016, 0.010, 0.015, 0.016, 0.012
44.560, -0.524, 0.876, 1.000, 1.000, 1.000, 0.000, 1.000, 0.000, 1.000, 0.000, 0.019, 0.016, 0.010, 0.015, 0.016, 0.012
44.580, -0.511, 0.858, 1.000, 1.000, 1.000, 0.000, 1.000, 0.000, 1.000, 0.000, 0.018, 0.016, 0.010, 0.015, 0.016, 0.012
44.600, -0.447, 0.871, 1.000, 0.903, 1.000, 0.000, 1.000, 0.000, 1.000, 0.097, 0.018, 0.016, 0.010, 0.015, 0.016, 0.012
44.620, -0.365, 0.873, 1.000, 0.000, 1.000, 0.000, 1.000, 0.000, 0.256, 1.000, 0.019, 0.016, 0.011, 0.015, 0.016, 0.012
44.640, -0.260, 0.868, 1.000, 0.000, 1.000, 0.000, 1.000, 0.000, 0.000, 1.000, 0.019, 0.015, 0.011, 0.015, 0.016, 0.012
44.660, -0.121, 0.859, 1.000, 0.000, 0.000, 1.000, 1.000, 1.000, 0.000, 1.000, 0.019, 0.016, 0.011, 0.015, 0.017, 0.013
44.680, 0.071, 0.844, 1.000, 0.000, 0.000, 1.000, 0.000, 1.000, 0.000, 1.000, 0.019, 0.016, 0.010, 0.015, 0.017, 0.013
44.700, 0.323, 0.822, 1.000, 0.000, 0.000, 1.000, 0.000, 1.000, 0.000, 1.000, 0.020, 0.017, 0.010, 0.015, 0.017, 0.013
44.720, 0.593, 0.786, 1.000, 0.000, 0.000, 1.000, 0.000, 1.000, 0.000, 1.000, 0.020, 0.017, 0.010, 0.016, 0.017, 0.013
44.740, 0.782, 0.732, 1.000, 0.000, 0.000, 1.000, 0.000, 1.000, 0.000, 1.000, 0.020, 0.017, 0.010, 0.016, 0.017, 0.013
44.760, 0.862, 0.668, 1.000, 0.000, 0.000, 1.000, 0.000, 1.000, 0.000, 1.000, 0.020, 0.017, 0.010, 0.016, 0.017, 0.013
44.780, 0.884, 0.599, 1.000, 0.184, 0.000, 1.000, 0.000, 1.000, 0.000, 0.816, 0.020, 0.017, 0.010, 0.016, 0.017, 0.013
44.800, 0.886, 0.529, 1.000, 0.347, 0.000, 1.000, 0.000, 1.000, 0.000, 0.653, 0.020, 0.017, 0.010, 0.016, 0.016, 0.013
44.820, 0.883, 0.455, 1.000, 0.264, 0.000, 1.000, 0.000, 1.000, 0.000, 0.736, 0.020, 0.017, 0.010, 0.016, 0.016, 0.013
44.840, 0.877, 0.371, 1.000, 0.106, 0.000, 1.000, 0.000, 1.000, 0.000, 0.894, 0.020, 0.017, 0.010, 0.016, 0.016, 0.012
44.860, 0.855, 0.164, 1.000, 1.000, 1.000, 1.000, 1.000, 1.000, 0.000, 0.000, 0.019, 0.017, 0.010, 0.016, 0.016, 0.012
44.880, 0.817, -0.063, 0.000, 1.000, 0.000, 0.000, 1.000, 1.000, 0.000, 1.000, 0.019, 0.017, 0.011, 0.015, 0.016, 0.012
44.900, 0.787, -0.298, 0.000, 1.000, 0.000, 0.000, 1.000, 1.000, 0.000, 1.000, 0.020, 0.017, 0.011, 0.015, 0.016, 0.012
44.920, 0.734, -0.528, 0.000, 1.000, 0.000, 0.000, 0.000, 1.000, 0.000, 1.000, 0.020, 0.017, 0.011, 0.016, 0.016, 0.012
44.940, 0.650, -0.689, 0.000, 1.000, 0.000, 0.000, 0.000, 1.000, 0.000, 1.000, 0.020, 0.017, 0.011, 0.016, 0.016, 0.012
44.960, 0.516, -0.759, 0.000, 1.000, 0.000, 0.000, 0.000, 1.000, 0.000, 1.000, 0.020, 0.017, 0.011, 0.016, 0.016, 0.012
44.980, 0.311, -0.770, 0.000, 1.000, 0.000, 0.000, 0.000, 1.000, 0.000, 1.000, 0.020, 0.017, 0.012, 0.015, 0.016, 0.012
45.000, 0.005, -0.749, 0.000, 1.000, 0.000, 0.000, 0.000, 1.000, 0.000, 1.000, 0.020, 0.016, 0.012, 0.015, 0.016, 0.012
45.020, -0.377, -0.712, 0.000, 1.000, 0.000, 0.000, 0.000, 1.000, 0.000, 1.000, 0.020, 0.016, 0.012, 0.015, 0.016, 0.012
45.040, -0.718, -0.631, 0.000, 1.000, 0.000, 0.000, 0.000, 1.000, 1.000, 1.000, 0.020, 0.016, 0.012, 0.015, 0.016, 0.012
45.060, -0.856, -0.521, 0.000, 1.000, 0.000, 0.000, 0.000, 0.000, 1.000, 1.000, 0.020, 0.016, 0.012, 0.015, 0.016, 0.013
45.080, -0.879, -0.413, 0.000, 1.000, 0.000, 1.000, 0.000, 0.000, 1.000, 1.000, 0.020, 0.016, 0.011, 0.015, 0.016, 0.013
45.100, -0.875, -0.306, 0.000, 1.000, 0.000, 1.000, 0.571, 0.000, 0.000, 1.000, 0.020, 0.016, 0.011, 0.015, 0.017, 0.013
45.120, -0.868, -0.162, 0.000, 1.000, 0.000, 1.000, 0.000, 0.000, 1.000, 1.000, 0.020, 0.016, 0.011, 0.015, 0.017, 0.013
45.140, -0.853, 0.021, 1.000, 1.000, 1.000, 1.000, 0.000, 0.000, 1.000, 0.000, 0.020, 0.016, 0.011, 0.015, 0.017, 0.013
45.160, -0.830, 0.261, 1.000, 0.000, 1.000, 0.000, 0.000, 0.000, 1.000, 1.000, 0.020, 0.017, 0.011, 0.015, 0.017, 0.013
45.180, -0.796, 0.536, 1.000, 0.000, 1.000, 0.000, 0.000, 0.000, 1.000, 1.000, 0.020, 0.017, 0.011, 0.015, 0.017, 0.013
45.200, -0.746, 0.750, 1.000, 0.000, 1.000, 0.000, 0.000, 0.000, 1.000, 1.000, 0.020, 0.017, 0.011, 0.015, 0.017, 0.012
45.220, -0.683, 0.851, 1.000, 0.002, 1.000, 0.000, 0.000, 0.000, 1.000, 0.998, 0.020, 0.017, 0.011, 0.015, 0.017, 0.012
45.240, -0.616, 0.882, 1.000, 0.000, 1.000, 0.000, 0.000, 0.000, 1.000, 1.000, 0.021, 0.017, 0.011, 0.014, 0.017, 0.012
45.260, -0.548, 0.887, 1.000, 0.000, 1.000, 0.000, 0.000, 0.000, 1.000, 1.000, 0.021, 0.017, 0.011, 0.014, 0.017, 0.012
45.280, -0.551, 0.855, 1.000, 1.000, 1.000, 0.000, 0.000, 0.000, 1.000, 0.000, 0.020, 0.017, 0.010, 0.014, 0.017, 0.012
45.300, -0.601, 0.821, 1.000, 1.000, 1.000, 0.000, 1.000, 0.000, 1.000, 0.000, 0.020, 0.017, 0.010, 0.015, 0.017, 0.012
45.320, -0.636, 0.818, 1.000, 1.000, 1.000, 0.000, 1.000, 0.000, 1.000, 0.000, 0.020, 0.017, 0.010, 0.015, 0.018, 0.012
45.340, -0.678, 0.807, 1.000, 1.000, 0.000, 0.000, 1.000, 0.000, 1.000, 0.000, 0.019, 0.017, 0.010, 0.016, 0.018, 0.012
45.360, -0.694, 0.816, 1.000, 1.000, 0.000, 0.000, 1.000, 0.000, 1.000, 0.000, 0.019, 0.017, 0.010, 0.015, 0.018, 0.012
45.380, -0.680, 0.839, 1.000, 1.000, 0.000, 0.000, 1.000, 0.000, 1.000, 0.000, 0.019, 0.017, 0.010, 0.015, 0.018, 0.012
45.400, -0.697, 0.822, 1.000, 1.000, 0.000, 0.000, 1.000, 0.000, 1.000, 0.000, 0.019, 0.017, 0.010, 0.015, 0.017, 0.012
45.420, -0.680, 0.842, 1.000, 1.000, 1.000, 0.000, 1.000, 0.000, 1.000, 0.000, 0.019, 0.017, 0.010, 0.015, 0.017, 0.012
45.440, -0.633, 0.868, 1.000, 1.000, 1.000, 0.000, 1.000, 0.000, 1.000, 0.000, 0.019, 0.017, 0.010, 0.014, 0.017, 0.012
45.460, -0.619, 0.858, 1.000, 1.000, 1.000, 0.000, 1.000, 0.000, 1.000, 0.000, 0.019, 0.016, 0.010, 0.014, 0.016, 0.012
45.480, -0.608, 0.855, 1.000, 1.000, 1.000, 0.000, 1.000, 0.000, 1.000, 0.000, 0.019, 0.016, 0.010, 0.014, 0.016, 0.012
45.500, -0.582, 0.862, 1.000, 1.000, 1.000, 0.000, 1.000, 0.000, 1.000, 0.000, 0.019, 0.016, 0.010, 0.014, 0.016, 0.012
45.520, -0.549, 0.866, 1.000, 1.000, 1.000, 0.000, 1.000, 0.000, 1.000, 0.000, 0.019, 0.016, 0.010, 0.014, 0.016, 0.012
45.540, -0.552, 0.849, 1.000, 1.000, 1.000, 0.000, 1.000, 0.000, 1.000, 0.000, 0.019, 0.016, 0.010, 0.014, 0.016, 0.012
45.560, -0.490, 0.872, 1.000, 0.165, 1.000, 0.000, 1.000, 0.000, 1.000, 0.835, 0.019, 0.016, 0.010, 0.014, 0.016, 0.011
45.580, -0.415, 0.876, 1.000, 0.000, 1.000, 0.000, 1.000, 0.000, 1.000, 1.000, 0.020, 0.016, 0.011, 0.014, 0.016, 0.011
45.600, -0.324, 0.872, 1.000, 0.000, 1.000, 1.000, 1.000, 0.000, 0.000, 1.000, 0.020, 0.016, 0.010, 0.014, 0.016, 0.012
45.620, -0.206, 0.865, 1.000, 0.000, 0.000, 1.000, 1.000, 0.000, 0.000, 1.000, 0.020, 0.016, 0.010, 0.014, 0.016, 0.012
45.640, -0.046, 0.853, 1.000, 0.000, 0.000, 1.000, 1.000, 0.000, 0.000, 1.000, 0.020, 0.017, 0.010, 0.014, 0.016, 0.013
45.660, 0.173, 0.836, 1.000, 0.000, 0.000, 1.000, 0.000, 1.000, 0.000, 1.000, 0.020, 0.017, 0.010, 0.015, 0.016, 0.013
45.680, 0.443, 0.808, 1.000, 0.000, 0.000, 1.000, 0.000, 1.000, 0.000, 1.000, 0.020, 0.017, 0.010, 0.015, 0.017, 0.013
45.700, 0.689, 0.765, 1.000, 0.000, 0.000, 1.000, 0.000, 1.000, 0.000, 1.000, 0.020, 0.017, 0.010, 0.015, 0.017, 0.013
45.720, 0.827, 0.705, 1.000, 0.000, 0.000, 1.000, 0.000, 1.000, 0.000, 1.000, 0.020, 0.017, 0.010, 0.015, 0.017, 0.013
45.740, 0.875, 0.639, 1.000, 0.000, 1.000, 1.000, 0.000, 1.000, 0.000, 1.000, 0.020, 0.017, 0.010, 0.015, 0.017, 0.013
45.760, 0.886, 0.570, 1.000, 0.196, 0.000, 1.000, 0.000, 1.000, 0.000, 0.804, 0.020, 0.017, 0.010, 0.015, 0.017, 0.013
45.780, 0.885, 0.500, 1.000, 0.000, 0.000, 1.000, 1.000, 0.000, 0.000, 1.000, 0.020, 0.017, 0.010, 0.015, 0.017, 0.012
45.800, 0.881, 0.424, 1.000, 0.000, 0.000, 1.000, 1.000, 0.000, 0.000, 1.000, 0.020, 0.017, 0.010, 0.015, 0.017, 0.012
45.820, 0.875, 0.334, 1.000, 0.000, 0.000, 1.000, 1.000, 0.000, 0.000, 1.000, 0.020, 0.018, 0.010, 0.014, 0.017, 0.012
45.840, 0.866, 0.219, 1.000, 0.000, 0.000, 1.000, 1.000, 0.000, 0.000, 1.000, 0.021, 0.018, 0.010, 0.014, 0.018, 0.012
45.860, 0.835, 0.001, 1.000, 1.000, 0.000, 1.000, 1.000, 0.000, 0.064, 0.000, 0.020, 0.018, 0.010, 0.014, 0.018, 0.012
45.880, 0.794, -0.228, 0.000, 1.000, 0.000, 0.000, 1.000, 0.040, 0.258, 1.000, 0.020, 0.018, 0.010, 0.014, 0.018, 0.012
45.900, 0.754, -0.469, 0.000, 1.000, 0.000, 0.000, 0.000, 0.226, 0.388, 1.000, 0.020, 0.018, 0.011, 0.015, 0.018, 0.012
45.920, 0.688, -0.662, 0.000, 1.000, 0.000, 1.000, 0.000, 0.194, 0.308, 1.000, 0.021, 0.018, 0.010, 0.015, 0.018, 0.012
45.940, 0.596, -0.771, 0.000, 1.000, 0.000, 1.000, 1.000, 0.000, 0.000, 1.000, 0.021, 0.017, 0.010, 0.015, 0.018, 0.012
45.960, 0.462, -0.806, 0.000, 1.000, 0.000, 1.000, 1.000, 1.000, 0.000, 1.000, 0.021, 0.017, 0.010, 0.014, 0.017, 0.012
45.980, 0.292, -0.812, 0.000, 1.000, 0.000, 1.000, 0.000, 1.000, 0.000, 1.000, 0.021, 0.017, 0.010, 0.015, 0.017, 0.012
46.000, 0.034, -0.793, 0.000, 1.000, 0.000, 1.000, 0.000, 1.000, 0.000, 1.000, 0.021, 0.017, 0.010, 0.015, 0.017, 0.012
46.020, -0.347, -0.742, 0.000, 1.000, 0.000, 1.000, 0.000, 1.000, 0.000, 1.000, 0.021, 0.017, 0.010, 0.015, 0.017, 0.012
46.040, -0.668, -0.687, 0.000, 1.000, 0.000, 1.000, 0.000, 1.000, 1.000, 1.000, 0.021, 0.016, 0.010, 0.015, 0.016, 0.012
46.060, -0.830, -0.611, 0.000, 1.000, 0.000, 1.000, 0.000, 0.000, 1.000, 1.000, 0.021, 0.016, 0.010, 0.015, 0.017, 0.013
46.080, -0.876, -0.521, 0.000, 1.000, 0.000, 1.000, 0.000, 0.000, 1.000, 1.000, 0.021, 0.016, 0.010, 0.015, 0.017, 0.013
46.100, -0.883, -0.417, 0.000, 1.000, 0.000, 1.000, 0.000, 0.000, 1.000, 1.000, 0.021, 0.016, 0.010, 0.014, 0.017, 0.013
46.120, -0.878, -0.290, 0.000, 1.000, 0.000, 1.000, 0.122, 0.000, 1.000, 1.000, 0.021, 0.016, 0.010, 0.014, 0.018, 0.013
46.140, -0.866, -0.148, 0.000, 1.000, 1.000, 1.000, 0.069, 0.000, 1.000, 1.000, 0.021, 0.017, 0.010, 0.014, 0.018, 0.013
46.160, -0.849, 0.035, 1.000, 0.000, 1.000, 0.000, 0.000, 0.000, 1.000, 1.000, 0.021, 0.017, 0.010, 0.014, 0.018, 0.013
46.180, -0.827, 0.279, 1.000, 0.094, 1.000, 0.000, 0.000, 0.000, 1.000, 0.906, 0.021, 0.017, 0.009, 0.014, 0.018, 0.012
46.200, -0.793, 0.553, 1.000, 0.000, 1.000, 0.000, 0.000, 0.000, 1.000, 1.000, 0.021, 0.018, 0.009, 0.014, 0.018, 0.012
46.220, -0.742, 0.760, 1.000, 0.000, 1.000, 0.000, 0.000, 0.000, 1.000, 1.000, 0.021, 0.018, 0.009, 0.014, 0.018, 0.012
46.240, -0.679, 0.854, 1.000, 0.000, 1.000, 0.000, 0.000, 0.000, 1.000, 1.000, 0.021, 0.018, 0.009, 0.014, 0.018, 0.012
46.260, -0.611, 0.882, 1.000, 0.000, 1.000, 0.000, 0.000, 0.000, 1.000, 1.000, 0.021, 0.018, 0.009, 0.014, 0.018, 0.012
46.280, -0.694, 0.796, 1.000, 1.000, 0.000, 0.000, 0.000, 0.000, 1.000, 0.000, 0.021, 0.018, 0.009, 0.014, 0.018, 0.012
46.300, -0.676, 0.837, 1.000, 1.000, 1.000, 0.111, 1.000, 0.000, 1.000, 0.000, 0.020, 0.017, 0.009, 0.014, 0.018, 0.012
46.320, -0.686, 0.829, 1.000, 1.000, 1.000, 0.000, 1.000, 0.000, 1.000, 0.000, 0.020, 0.017, 0.009, 0.015, 0.018, 0.012
46.340, -0.709, 0.812, 1.000, 1.000, 0.000, 0.000, 1.000, 0.000, 1.000, 0.000, 0.020, 0.017, 0.009, 0.015, 0.018, 0.012
46.360, -0.716, 0.816, 1.000, 1.000, 0.000, 0.000, 1.000, 0.000, 1.000, 0.000, 0.020, 0.018, 0.009, 0.015, 0.018, 0.012
46.380, -0.717, 0.819, 1.000, 1.000, 0.000, 0.000, 1.000, 0.000, 1.000, 0.000, 0.020, 0.018, 0.009, 0.015, 0.018, 0.012
46.400, -0.722, 0.816, 1.000, 1.000, 0.000, 0.000, 1.000, 0.000, 1.000, 0.000, 0.020, 0.018, 0.009, 0.015, 0.018, 0.012
46.420, -0.725, 0.815, 1.000, 1.000, 0.000, 0.000, 1.000, 0.000, 1.000, 0.000, 0.020, 0.018, 0.009, 0.016, 0.018, 0.012
46.440, -0.728, 0.814, 1.000, 1.000, 0.000, 0.000, 0.000, 0.000, 1.000, 0.000, 0.020, 0.018, 0.009, 0.016, 0.017, 0.012
46.460, -0.674, 0.862, 1.000, 1.000, 1.000, 0.000, 1.000, 0.000, 1.000, 0.000, 0.020, 0.018, 0.009, 0.015, 0.017, 0.012
46.480, -0.606, 0.884, 1.000, 0.000, 1.000, 0.000, 1.000, 0.000, 1.000, 1.000, 0.020, 0.017, 0.009, 0.015, 0.017, 0.011
46.500, -0.618, 0.849, 1.000, 1.000, 1.000, 0.000, 1.000, 0.000, 1.000, 0.000, 0.020, 0.017, 0.009, 0.015, 0.017, 0.011
46.520, -0.655, 0.822, 1.000, 1.000, 0.000, 0.000, 0.000, 0.000, 1.000, 0.000, 0.020, 0.017, 0.009, 0.015, 0.017, 0.011
46.540, -0.635, 0.849, 1.000, 1.000, 1.000, 0.000, 1.000, 0.000, 1.000, 0.000, 0.020, 0.017, 0.009, 0.015, 0.017, 0.011
46.560, -0.573, 0.878, 1.000, 0.000, 1.000, 0.000, 1.000, 0.000, 1.000, 1.000, 0.020, 0.017, 0.009, 0.014, 0.017, 0.011
46.580, -0.565, 0.858, 1.000, 1.000, 1.000, 0.000, 1.000, 0.000, 1.000, 0.000, 0.020, 0.017, 0.009, 0.014, 0.017, 0.011
46.600, -0.582, 0.840, 1.000, 1.000, 1.000, 0.000, 1.000, 0.000, 1.000, 0.000, 0.020, 0.017, 0.010, 0.014, 0.017, 0.011
46.620, -0.523, 0.871, 1.000, 0.020, 1.000, 0.000, 1.000, 0.000, 1.000, 0.980, 0.020, 0.017, 0.010, 0.014, 0.017, 0.011
46.640, -0.452, 0.878, 1.000, 0.000, 1.000, 0.000, 1.000, 0.000, 1.000, 1.000, 0.020, 0.017, 0.010, 0.014, 0.017, 0.011
46.660, -0.369, 0.875, 1.000, 0.000, 1.000, 0.000, 1.000, 1.000, 0.000, 1.000, 0.021, 0.016, 0.010, 0.014, 0.017, 0.012
46.680, -0.265, 0.869, 1.000, 0.000, 1.000, 1.000, 0.000, 1.000, 0.000, 1.000, 0.021, 0.016, 0.010, 0.015, 0.018, 0.012
46.700, -0.127, 0.859, 1.000, 0.000, 0.000, 1.000, 0.000, 1.000, 0.000, 1.000, 0.021, 0.017, 0.010, 0.015, 0.018, 0.012
46.720, 0.062, 0.845, 1.000, 0.000, 0.000, 1.000, 0.000, 1.000, 0.000, 1.000, 0.021, 0.017, 0.009, 0.015, 0.018, 0.013
46.740, 0.313, 0.823, 1.000, 0.000, 0.000, 1.000, 0.000, 1.000, 0.000, 1.000, 0.021, 0.018, 0.009, 0.015, 0.018, 0.013
46.760, 0.584, 0.787, 1.000, 0.000, 0.000, 1.000, 0.000, 1.000, 0.000, 1.000, 0.021, 0.018, 0.009, 0.015, 0.018, 0.013
46.780, 0.777, 0.735, 1.000, 0.000, 0.000, 1.000, 0.000, 1.000, 0.000, 1.000, 0.021, 0.018, 0.009, 0.016, 0.017, 0.013
46.800, 0.860, 0.670, 1.000, 0.024, 0.000, 1.000, 0.000, 1.000, 0.000, 0.976, 0.021, 0.018, 0.009, 0.016, 0.017, 0.013
46.820, 0.883, 0.602, 1.000, 0.092, 0.000, 1.000, 0.000, 1.000, 0.000, 0.908, 0.021, 0.018, 0.009, 0.016, 0.017, 0.013
46.840, 0.886, 0.532, 1.000, 0.381, 0.000, 1.000, 1.000, 1.000, 0.000, 0.619, 0.021, 0.018, 0.009, 0.015, 0.017, 0.013
46.860, 0.882, 0.445, 1.000, 1.000, 0.000, 1.000, 1.000, 1.000, 0.000, 0.000, 0.020, 0.018, 0.009, 0.015, 0.017, 0.012
46.880, 0.856, 0.177, 1.000, 1.000, 0.000, 1.000, 1.000, 1.000, 0.169, 0.000, 0.020, 0.018, 0.009, 0.015, 0.017, 0.012
46.900, 0.827, -0.037, 0.000, 1.000, 0.000, 0.000, 0.000, 1.000, 0.000, 1.000, 0.021, 0.018, 0.010, 0.015, 0.017, 0.012
46.920, 0.791, -0.269, 0.000, 1.000, 0.000, 0.916, 0.000, 1.000, 0.000, 1.000, 0.021, 0.018, 0.009, 0.015, 0.016, 0.012
46.940, 0.740, -0.501, 0.000, 1.000, 0.000, 1.000, 0.000, 1.000, 0.000, 1.000, 0.021, 0.018, 0.009, 0.015, 0.016, 0.012
46.960, 0.660, -0.673, 0.000, 1.000, 0.000, 0.000, 0.000, 1.000, 0.000, 1.000, 0.021, 0.018, 0.010, 0.015, 0.016, 0.012
46.980, 0.520, -0.745, 0.000, 1.000, 0.000, 0.000, 0.000, 1.000, 0.000, 1.000, 0.021, 0.018, 0.010, 0.015, 0.016, 0.012
47.000, 0.311, -0.760, 0.000, 1.000, 0.000, 0.000, 0.000, 1.000, 0.000, 1.000, 0.021, 0.017, 0.010, 0.014, 0.016, 0.012
47.020, -0.005, -0.739, 0.000, 1.000, 0.000, 0.000, 0.000, 1.000, 0.000, 1.000, 0.021, 0.017, 0.010, 0.014, 0.016, 0.012
47.040, -0.384, -0.706, 0.000, 1.000, 0.000, 0.000, 0.000, 1.000, 0.000, 1.000, 0.021, 0.017, 0.011, 0.014, 0.016, 0.011
47.060, -0.762, -0.577, 0.000, 1.000, 0.000, 0.000, 0.000, 1.000, 1.000, 1.000, 0.021, 0.017, 0.011, 0.014, 0.016, 0.012
47.080, -0.857, -0.488, 0.000, 1.000, 0.000, 0.045, 0.000, 0.000, 1.000, 1.000, 0.021, 0.017, 0.011, 0.014, 0.017, 0.012
47.100, -0.873, -0.403, 0.000, 1.000, 0.000, 1.000, 0.601, 0.000, 0.000, 1.000, 0.022, 0.017, 0.010, 0.015, 0.017, 0.012
47.120, -0.873, -0.294, 0.000, 1.000, 0.000, 1.000, 0.000, 0.000, 1.000, 1.000, 0.022, 0.017, 0.010, 0.014, 0.017, 0.012
47.140, -0.868, -0.141, 0.000, 1.000, 0.000, 1.000, 0.000, 0.000, 1.000, 1.000, 0.022, 0.017, 0.010, 0.014, 0.017, 0.013
47.160, -0.857, 0.061, 1.000, 1.000, 0.000, 1.000, 0.000, 0.000, 1.000, 0.000, 0.021, 0.017, 0.011, 0.014, 0.018, 0.013
47.180, -0.829, 0.314, 1.000, 0.506, 1.000, 1.000, 0.000, 0.000, 1.000, 0.494, 0.021, 0.017, 0.011, 0.014, 0.018, 0.013
47.200, -0.790, 0.586, 1.000, 0.000, 1.000, 0.000, 0.000, 0.000, 1.000, 1.000, 0.021, 0.018, 0.010, 0.014, 0.018, 0.012
47.220, -0.737, 0.778, 1.000, 0.189, 1.000, 0.000, 0.000, 0.000, 1.000, 0.811, 0.021, 0.018, 0.010, 0.014, 0.018, 0.012
47.240, -0.672, 0.861, 1.000, 0.000, 1.000, 0.000, 0.000, 0.000, 1.000, 1.000, 0.021, 0.018, 0.010, 0.014, 0.018, 0.012
47.260, -0.604, 0.884, 1.000, 0.000, 1.000, 0.000, 0.000, 0.000, 1.000, 1.000, 0.022, 0.018, 0.010, 0.014, 0.018, 0.012
47.280, -0.536, 0.887, 1.000, 0.000, 1.000, 0.000, 0.000, 0.000, 1.000, 1.000, 0.022, 0.018, 0.010, 0.014, 0.018, 0.012
47.300, -0.552, 0.848, 1.000, 1.000, 1.000, 0.000, 0.000, 0.000, 1.000, 0.000, 0.021, 0.018, 0.010, 0.014, 0.018, 0.012
47.320, -0.603, 0.818, 1.000, 1.000, 1.000, 0.000, 1.000, 0.000, 1.000, 0.000, 0.021, 0.018, 0.010, 0.014, 0.018, 0.012
47.340, -0.611, 0.834, 1.000, 1.000, 1.000, 0.000, 1.000, 0.000, 0.000, 0.000, 0.021, 0.017, 0.010, 0.015, 0.018, 0.012
47.360, -0.662, 0.809, 1.000, 1.000, 0.000, 0.000, 1.000, 0.000, 0.000, 0.000, 0.020, 0.018, 0.009, 0.014, 0.018, 0.013
47.380, -0.692, 0.808, 1.000, 1.000, 0.000, 0.000, 1.000, 0.000, 0.000, 0.000, 0.020, 0.018, 0.009, 0.014, 0.018, 0.013
47.400, -0.702, 0.817, 1.000, 1.000, 0.000, 0.000, 1.000, 0.000, 1.000, 0.000, 0.020, 0.018, 0.009, 0.014, 0.018, 0.012
47.420, -0.701, 0.827, 1.000, 1.000, 0.000, 0.000, 1.000, 0.000, 1.000, 0.000, 0.020, 0.018, 0.009, 0.014, 0.018, 0.012
47.440, -0.678, 0.848, 1.000, 1.000, 1.000, 0.000, 1.000, 0.000, 1.000, 0.000, 0.020, 0.018, 0.009, 0.014, 0.017, 0.012
47.460, -0.653, 0.856, 1.000, 1.000, 1.000, 0.000, 1.000, 0.000, 1.000, 0.000, 0.020, 0.017, 0.009, 0.014, 0.017, 0.012
47.480, -0.636, 0.856, 1.000, 1.000, 1.000, 0.000, 1.000, 0.000, 1.000, 0.000, 0.020, 0.017, 0.009, 0.014, 0.017, 0.012
47.500, -0.626, 0.853, 1.000, 1.000, 1.000, 0.000, 1.000, 0.000, 1.000, 0.000, 0.020, 0.017, 0.009, 0.014, 0.017, 0.012
47.520, -0.606, 0.858, 1.000, 1.000, 1.000, 0.000, 1.000, 0.000, 1.000, 0.000, 0.020, 0.017, 0.009, 0.014, 0.017, 0.012
47.540, -0.591, 0.857, 1.000, 1.000, 1.000, 0.000, 1.000, 0.000, 1.000, 0.000, 0.020, 0.017, 0.009, 0.014, 0.017, 0.012
47.560, -0.576, 0.856, 1.000, 1.000, 1.000, 0.000, 1.000, 0.000, 1.000, 0.000, 0.020, 0.017, 0.009, 0.014, 0.017, 0.012
47.580, -0.513, 0.876, 1.000, 0.000, 1.000, 0.000, 1.000, 0.000, 1.000, 1.000, 0.020, 0.017, 0.010, 0.014, 0.017, 0.012
47.600, -0.441, 0.879, 1.000, 0.000, 1.000, 0.000, 1.000, 0.000, 1.000, 1.000, 0.021, 0.017, 0.010, 0.013, 0.017, 0.011
47.620, -0.355, 0.875, 1.000, 0.000, 1.000, 1.000, 1.000, 0.000, 0.000, 1.000, 0.021, 0.017, 0.010, 0.013, 0.017, 0.012
47.640, -0.246, 0.868, 1.000, 0.000, 0.000, 1.000, 1.000, 0.000, 0.000, 1.000, 0.021, 0.017, 0.010, 0.013, 0.017, 0.012
47.660, -0.102, 0.858, 1.000, 0.000, 0.000, 1.000, 1.000, 1.000, 0.000, 1.000, 0.021, 0.018, 0.009, 0.013, 0.017, 0.013
47.680, 0.098, 0.842, 1.000, 0.000, 0.000, 1.000, 0.000, 1.000, 0.000, 1.000, 0.021, 0.018, 0.009, 0.014, 0.017, 0.013
47.700, 0.356, 0.818, 1.000, 0.000, 0.000, 1.000, 0.000, 1.000, 0.000, 1.000, 0.021, 0.018, 0.009, 0.014, 0.018, 0.013
47.720, 0.622, 0.780, 1.000, 0.000, 0.000, 1.000, 0.000, 1.000, 0.000, 1.000, 0.021, 0.018, 0.009, 0.015, 0.018, 0.013
47.740, 0.796, 0.725, 1.000, 0.000, 0.000, 1.000, 0.000, 1.000, 0.000, 1.000, 0.021, 0.018, 0.009, 0.015, 0.018, 0.013
47.760, 0.866, 0.660, 1.000, 0.000, 1.000, 1.000, 0.000, 1.000, 0.000, 1.000, 0.021, 0.018, 0.009, 0.015, 0.018, 0.013
47.780, 0.885, 0.592, 1.000, 0.021, 0.000, 1.000, 0.000, 1.000, 0.000, 0.979, 0.021, 0.018, 0.009, 0.015, 0.017, 0.013
47.800, 0.886, 0.521, 1.000, 0.537, 0.000, 1.000, 0.000, 1.000, 0.000, 0.463, 0.021, 0.018, 0.009, 0.015, 0.017, 0.012
47.820, 0.882, 0.445, 1.000, 0.398, 0.000, 1.000, 1.000, 1.000, 0.000, 0.602, 0.021, 0.018, 0.009, 0.014, 0.017, 0.012
47.840, 0.876, 0.359, 1.000, 0.016, 0.000, 1.000, 1.000, 0.172, 0.000, 0.984, 0.021, 0.018, 0.009, 0.014, 0.017, 0.012
47.860, 0.851, 0.141, 1.000, 1.000, 0.000, 0.000, 1.000, 0.000, 0.287, 0.000, 0.021, 0.018, 0.010, 0.014, 0.018, 0.012
47.880, 0.822, -0.073, 0.000, 1.000, 0.000, 0.000, 1.000, 1.000, 0.000, 1.000, 0.021, 0.018, 0.010, 0.014, 0.017, 0.012
47.900, 0.783, -0.308, 0.000, 1.000, 0.000, 1.000, 0.000, 1.000, 0.000, 1.000, 0.021, 0.019, 0.010, 0.014, 0.017, 0.012
47.920, 0.734, -0.541, 0.000, 1.000, 0.000, 1.000, 0.000, 1.000, 0.000, 1.000, 0.021, 0.019, 0.009, 0.014, 0.017, 0.012
47.940, 0.654, -0.702, 0.000, 1.000, 0.000, 1.000, 0.000, 1.000, 0.000, 1.000, 0.021, 0.019, 0.009, 0.014, 0.017, 0.012
47.960, 0.516, -0.764, 0.000, 1.000, 0.000, 0.000, 0.000, 1.000, 0.000, 1.000, 0.022, 0.019, 0.010, 0.014, 0.017, 0.012
47.980, 0.298, -0.767, 0.000, 1.000, 0.000, 0.000, 0.000, 1.000, 0.000, 1.000, 0.022, 0.018, 0.010, 0.014, 0.017, 0.012
48.000, -0.033, -0.739, 0.000, 1.000, 0.000, 0.000, 0.000, 1.000, 0.000, 1.000, 0.022, 0.018, 0.010, 0.014, 0.016, 0.012
48.020, -0.468, -0.674, 0.000, 1.000, 0.000, 0.000, 0.000, 1.000, 1.000, 1.000, 0.022, 0.018, 0.011, 0.013, 0.016, 0.012
48.040, -0.789, -0.554, 0.000, 1.000, 0.000, 0.000, 0.000, 0.000, 1.000, 1.000, 0.022, 0.017, 0.011, 0.013, 0.017, 0.013
48.060, -0.856, -0.487, 0.000, 1.000, 0.000, 1.000, 0.499, 0.000, 1.000, 1.000, 0.022, 0.017, 0.010, 0.014, 0.017, 0.013
48.080, -0.874, -0.392, 0.000, 1.000, 0.000, 1.000, 0.409, 0.017, 0.000, 1.000, 0.022, 0.017, 0.010, 0.014, 0.018, 0.012
48.100, -0.874, -0.267, 0.000, 1.000, 0.000, 1.000, 0.000, 0.000, 1.000, 1.000, 0.022, 0.017, 0.010, 0.014, 0.018, 0.013
48.120, -0.866, -0.105, 0.000, 1.000, 0.000, 1.000, 0.000, 0.000, 1.000, 1.000, 0.022, 0.017, 0.010, 0.013, 0.018, 0.013
48.140, -0.853, 0.106, 1.000, 1.000, 0.000, 1.000, 0.000, 0.000, 1.000, 0.000, 0.021, 0.017, 0.010, 0.013, 0.018, 0.013
48.160, -0.835, 0.357, 1.000, 1.000, 0.000, 1.000, 0.000, 0.000, 1.000, 0.000, 0.021, 0.017, 0.011, 0.013, 0.018, 0.013
48.180, -0.808, 0.592, 1.000, 1.000, 1.000, 0.000, 0.000, 0.000, 1.000, 0.000, 0.021, 0.018, 0.010, 0.013, 0.018, 0.012
48.200, -0.747, 0.784, 1.000, 0.000, 1.000, 0.000, 0.000, 0.000, 1.000, 1.000, 0.021, 0.018, 0.010, 0.013, 0.018, 0.012
48.220, -0.679, 0.863, 1.000, 0.119, 1.000, 0.000, 0.000, 0.000, 1.000, 0.881, 0.021, 0.018, 0.010, 0.013, 0.018, 0.012
48.240, -0.610, 0.885, 1.000, 0.007, 1.000, 0.000, 0.000, 0.000, 1.000, 0.993, 0.022, 0.018, 0.010, 0.013, 0.018, 0.012
48.260, -0.541, 0.887, 1.000, 0.000, 1.000, 0.000, 0.000, 0.000, 1.000, 1.000, 0.022, 0.018, 0.010, 0.013, 0.018, 0.012
48.280, -0.566, 0.844, 1.000, 1.000, 1.000, 0.000, 0.000, 0.000, 1.000, 0.000, 0.021, 0.018, 0.010, 0.013, 0.018, 0.012
48.300, -0.576, 0.840, 1.000, 1.000, 1.000, 0.000, 1.000, 0.000, 1.000, 0.000, 0.021, 0.019, 0.009, 0.014, 0.018, 0.012
48.320, -0.585, 0.840, 1.000, 1.000, 1.000, 0.000, 1.000, 0.000, 0.000, 0.000, 0.021, 0.018, 0.009, 0.014, 0.018, 0.012
48.340, -0.646, 0.807, 1.000, 1.000, 0.257, 0.000, 1.000, 0.000, 1.000, 0.000, 0.021, 0.018, 0.009, 0.014, 0.018, 0.012
48.360, -0.691, 0.799, 1.000, 1.000, 0.000, 0.000, 1.000, 0.000, 1.000, 0.000, 0.021, 0.018, 0.009, 0.013, 0.019, 0.012
48.380, -0.724, 0.793, 1.000, 1.000, 0.000, 0.000, 1.000, 0.000, 1.000, 0.000, 0.020, 0.019, 0.009, 0.013, 0.018, 0.012
48.400, -0.735, 0.801, 1.000, 1.000, 0.000, 0.000, 1.000, 0.000, 1.000, 0.000, 0.020, 0.019, 0.009, 0.013, 0.018, 0.012
48.420, -0.728, 0.816, 1.000, 1.000, 0.000, 0.000, 0.000, 0.000, 1.000, 0.000, 0.020, 0.019, 0.009, 0.014, 0.017, 0.012
48.440, -0.723, 0.821, 1.000, 1.000, 0.000, 0.000, 0.000, 0.000, 1.000, 0.000, 0.020, 0.019, 0.009, 0.014, 0.017, 0.012
48.460, -0.669, 0.865, 1.000, 1.000, 1.000, 0.000, 1.000, 0.000, 1.000, 0.000, 0.020, 0.018, 0.009, 0.014, 0.017, 0.012
48.480, -0.601, 0.885, 1.000, 0.000, 1.000, 0.000, 1.000, 0.000, 1.000, 1.000, 0.021, 0.018, 0.009, 0.013, 0.017, 0.012
48.500, -0.532, 0.887, 1.000, 0.000, 1.000, 0.000, 1.000, 0.000, 0.000, 1.000, 0.021, 0.018, 0.009, 0.013, 0.017, 0.012
48.520, -0.540, 0.852, 1.000, 1.000, 1.000, 0.000, 1.000, 0.000, 1.000, 0.000, 0.021, 0.018, 0.009, 0.013, 0.017, 0.012
48.540, -0.585, 0.823, 1.000, 1.000, 0.000, 0.000, 1.000, 0.000, 1.000, 0.000, 0.020, 0.018, 0.009, 0.013, 0.017, 0.012
48.560, -0.568, 0.849, 1.000, 1.000, 1.000, 0.000, 1.000, 0.000, 1.000, 0.000, 0.020, 0.018, 0.010, 0.013, 0.017, 0.012
48.580, -0.506, 0.873, 1.000, 0.000, 1.000, 1.000, 1.000, 0.000, 0.000, 1.000, 0.021, 0.018, 0.009, 0.013, 0.017, 0.012
48.600, -0.433, 0.877, 1.000, 0.000, 0.000, 1.000, 1.000, 0.000, 0.000, 1.000, 0.021, 0.018, 0.009, 0.013, 0.017, 0.012
48.620, -0.346, 0.874, 1.000, 0.000, 0.000, 1.000, 1.000, 0.000, 0.000, 1.000, 0.021, 0.018, 0.009, 0.013, 0.017, 0.013
48.640, -0.235, 0.867, 1.000, 0.000, 0.000, 1.000, 1.000, 1.000, 0.000, 1.000, 0.021, 0.019, 0.009, 0.013, 0.017, 0.013
48.660, -0.086, 0.856, 1.000, 0.000, 0.000, 1.000, 0.000, 1.000, 0.000, 1.000, 0.021, 0.019, 0.009, 0.013, 0.018, 0.013
48.680, 0.119, 0.840, 1.000, 0.000, 0.000, 1.000, 0.000, 1.000, 0.000, 1.000, 0.022, 0.019, 0.009, 0.014, 0.018, 0.013
48.700, 0.382, 0.815, 1.000, 0.000, 0.000, 1.000, 0.000, 1.000, 0.000, 1.000, 0.022, 0.019, 0.009, 0.014, 0.018, 0.013
48.720, 0.643, 0.776, 1.000, 0.000, 0.000, 1.000, 0.000, 1.000, 0.000, 1.000, 0.022, 0.019, 0.009, 0.014, 0.018, 0.013
48.740, 0.807, 0.719, 1.000, 0.000, 0.000, 1.000, 0.000, 1.000, 0.000, 1.000, 0.022, 0.019, 0.009, 0.014, 0.018, 0.013
48.760, 0.869, 0.653, 1.000, 0.042, 0.000, 1.000, 0.000, 1.000, 0.000, 0.958, 0.022, 0.019, 0.009, 0.014, 0.017, 0.013
48.780, 0.885, 0.585, 1.000, 0.113, 0.000, 1.000, 0.000, 1.000, 0.000, 0.887, 0.022, 0.019, 0.009, 0.014, 0.017, 0.012
48.800, 0.886, 0.515, 1.000, 0.273, 0.000, 1.000, 0.000, 1.000, 0.000, 0.727, 0.022, 0.019, 0.009, 0.015, 0.017, 0.012
48.820, 0.880, 0.422, 1.000, 1.000, 0.000, 1.000, 0.000, 1.000, 0.000, 0.000, 0.021, 0.019, 0.009, 0.015, 0.017, 0.012
48.840, 0.844, 0.081, 1.000, 1.000, 0.000, 0.000, 1.000, 1.000, 0.036, 0.000, 0.021, 0.019, 0.009, 0.014, 0.017, 0.012
48.860, 0.806, -0.143, 0.000, 1.000, 0.000, 0.000, 0.253, 1.000, 0.000, 1.000, 0.021, 0.019, 0.010, 0.014, 0.017, 0.012
48.880, 0.765, -0.380, 0.000, 1.000, 0.000, 0.000, 0.000, 1.000, 0.000, 1.000, 0.021, 0.019, 0.010, 0.014, 0.017, 0.012
48.900, 0.701, -0.590, 0.000, 1.000, 0.000, 0.000, 0.000, 1.000, 0.000, 1.000, 0.022, 0.019, 0.010, 0.015, 0.017, 0.012
48.920, 0.592, -0.711, 0.000, 1.000, 0.000, 0.000, 0.000, 1.000, 0.000, 1.000, 0.022, 0.019, 0.010, 0.015, 0.016, 0.012
48.940, 0.419, -0.753, 0.000, 1.000, 0.000, 0.000, 0.000, 1.000, 0.000, 1.000, 0.022, 0.018, 0.010, 0.014, 0.016, 0.012
48.960, 0.158, -0.749, 0.000, 1.000, 0.000, 0.000, 0.000, 1.000, 0.000, 1.000, 0.022, 0.018, 0.011, 0.014, 0.016, 0.012
48.980, -0.224, -0.713, 0.000, 1.000, 0.000, 0.000, 0.000, 1.000, 0.000, 1.000, 0.022, 0.018, 0.011, 0.014, 0.016, 0.012
49.000, -0.609, -0.653, 0.000, 1.000, 0.000, 0.000, 0.000, 1.000, 1.000, 1.000, 0.022, 0.018, 0.011, 0.014, 0.016, 0.012
49.020, -0.830, -0.539, 0.000, 1.000, 0.000, 0.000, 0.000, 0.000, 1.000, 1.000, 0.022, 0.018, 0.011, 0.013, 0.017, 0.013
49.040, -0.876, -0.425, 0.000, 1.000, 0.000, 0.001, 0.000, 0.000, 1.000, 1.000, 0.022, 0.018, 0.011, 0.013, 0.017, 0.013
49.060, -0.877, -0.306, 0.000, 1.000, 0.000, 1.000, 0.260, 0.000, 1.000, 1.000, 0.022, 0.018, 0.010, 0.013, 0.017, 0.013
49.080, -0.868, -0.167, 0.000, 1.000, 0.000, 1.000, 0.463, 0.000, 1.000, 1.000, 0.022, 0.018, 0.010, 0.014, 0.018, 0.013
49.100, -0.857, 0.023, 1.000, 1.000, 0.000, 1.000, 0.000, 0.000, 1.000, 0.000, 0.022, 0.018, 0.010, 0.013, 0.018, 0.013
49.120, -0.832, 0.265, 1.000, 0.725, 1.000, 1.000, 0.000, 0.000, 1.000, 0.275, 0.021, 0.018, 0.011, 0.013, 0.018, 0.013
49.140, -0.797, 0.540, 1.000, 0.000, 1.000, 0.000, 0.000, 0.000, 1.000, 1.000, 0.022, 0.019, 0.010, 0.013, 0.018, 0.013
49.160, -0.747, 0.752, 1.000, 0.070, 1.000, 0.000, 0.000, 0.000, 1.000, 0.930, 0.022, 0.019, 0.010, 0.013, 0.018, 0.013
49.180, -0.683, 0.852, 1.000, 0.000, 1.000, 0.000, 0.000, 0.000, 1.000, 1.000, 0.022, 0.019, 0.010, 0.013, 0.018, 0.012
49.200, -0.615, 0.882, 1.000, 0.000, 1.000, 0.000, 0.000, 0.000, 1.000, 1.000, 0.022, 0.019, 0.010, 0.013, 0.018, 0.012
49.220, -0.547, 0.887, 1.000, 0.000, 1.000, 0.000, 0.000, 0.000, 1.000, 1.000, 0.022, 0.019, 0.010, 0.013, 0.018, 0.012
49.240, -0.476, 0.884, 1.000, 0.000, 1.000, 0.000, 0.000, 0.000, 1.000, 1.000, 0.022, 0.019, 0.010, 0.013, 0.018, 0.012
49.260, -0.541, 0.821, 1.000, 1.000, 1.000, 0.000, 1.000, 0.000, 1.000, 0.000, 0.022, 0.019, 0.010, 0.014, 0.018, 0.012
49.280, -0.583, 0.816, 1.000, 1.000, 1.000, 0.000, 1.000, 0.000, 1.000, 0.000, 0.021, 0.018, 0.010, 0.014, 0.018, 0.012
49.300, -0.651, 0.795, 1.000, 1.000, 0.000, 0.000, 1.000, 0.000, 1.000, 0.000, 0.021, 0.019, 0.010, 0.014, 0.018, 0.012
49.320, -0.697, 0.794, 1.000, 1.000, 0.000, 0.000, 1.000, 0.000, 1.000, 0.000, 0.021, 0.019, 0.010, 0.014, 0.018, 0.012
49.340, -0.713, 0.807, 1.000, 1.000, 0.000, 0.000, 1.000, 0.000, 1.000, 0.000, 0.021, 0.019, 0.009, 0.014, 0.018, 0.012
49.360, -0.710, 0.822, 1.000, 1.000, 0.000, 0.000, 1.000, 0.000, 1.000, 0.000, 0.021, 0.019, 0.009, 0.014, 0.018, 0.012
49.380, -0.716, 0.819, 1.000, 1.000, 0.000, 0.000, 1.000, 0.000, 1.000, 0.000, 0.021, 0.019, 0.009, 0.013, 0.018, 0.012
49.400, -0.682, 0.850, 1.000, 1.000, 1.000, 0.000, 1.000, 0.000, 1.000, 0.000, 0.021, 0.019, 0.009, 0.013, 0.017, 0.012
49.420, -0.629, 0.874, 1.000, 1.000, 1.000, 0.000, 1.000, 0.000, 1.000, 0.000, 0.021, 0.018, 0.009, 0.013, 0.017, 0.012
49.440, -0.613, 0.861, 1.000, 1.000, 1.000, 0.000, 1.000, 0.000, 1.000, 0.000, 0.021, 0.018, 0.009, 0.013, 0.017, 0.012
49.460, -0.621, 0.845, 1.000, 1.000, 1.000, 0.000, 1.000, 0.000, 1.000, 0.000, 0.020, 0.018, 0.009, 0.013, 0.017, 0.012
49.480, -0.592, 0.861, 1.000, 1.000, 1.000, 0.000, 1.000, 0.000, 1.000, 0.000, 0.020, 0.018, 0.009, 0.013, 0.017, 0.012
49.500, -0.552, 0.869, 1.000, 1.000, 1.000, 0.000, 1.000, 0.000, 1.000, 0.000, 0.020, 0.018, 0.009, 0.013, 0.017, 0.012
49.520, -0.543, 0.855, 1.000, 1.000, 1.000, 0.000, 1.000, 0.000, 1.000, 0.000, 0.020, 0.018, 0.009, 0.013, 0.017, 0.012
49.540, -0.479, 0.874, 1.000, 0.000, 1.000, 0.000, 1.000, 0.000, 1.000, 1.000, 0.021, 0.018, 0.010, 0.013, 0.017, 0.011
49.560, -0.402, 0.876, 1.000, 0.000, 1.000, 0.000, 1.000, 0.000, 1.000, 1.000, 0.021, 0.018, 0.010, 0.013, 0.017, 0.011
49.580, -0.307, 0.871, 1.000, 0.000, 0.000, 1.000, 1.000, 0.000, 0.000, 1.000, 0.021, 0.018, 0.010, 0.013, 0.017, 0.012
49.600, -0.183, 0.863, 1.000, 0.000, 0.000, 1.000, 1.000, 0.000, 0.000, 1.000, 0.022, 0.019, 0.010, 0.013, 0.017, 0.012
49.620, -0.015, 0.851, 1.000, 0.000, 0.000, 1.000, 1.000, 1.000, 0.000, 1.000, 0.022, 0.019, 0.009, 0.013, 0.017, 0.013
49.640, 0.214, 0.832, 1.000, 0.000, 0.000, 1.000, 0.000, 1.000, 0.000, 1.000, 0.022, 0.019, 0.009, 0.013, 0.017, 0.013
49.660, 0.487, 0.802, 1.000, 0.000, 0.000, 1.000, 0.000, 1.000, 0.000, 1.000, 0.022, 0.019, 0.009, 0.014, 0.018, 0.013
49.680, 0.720, 0.756, 1.000, 0.000, 0.000, 1.000, 0.000, 1.000, 0.000, 1.000, 0.022, 0.019, 0.009, 0.014, 0.018, 0.013
49.700, 0.839, 0.695, 1.000, 0.000, 1.000, 1.000, 0.000, 1.000, 0.000, 1.000, 0.022, 0.019, 0.009, 0.014, 0.018, 0.013
49.720, 0.879, 0.628, 1.000, 0.000, 1.000, 1.000, 0.000, 1.000, 0.000, 1.000, 0.022, 0.018, 0.009, 0.014, 0.017, 0.013
49.740, 0.887, 0.560, 1.000, 0.000, 1.000, 0.000, 1.000, 1.000, 0.000, 1.000, 0.022, 0.018, 0.010, 0.014, 0.017, 0.013
49.760, 0.885, 0.490, 1.000, 0.000, 1.000, 0.000, 1.000, 1.000, 0.000, 1.000, 0.022, 0.018, 0.010, 0.013, 0.017, 0.012
49.780, 0.880, 0.412, 1.000, 0.000, 1.000, 0.000, 0.000, 1.000, 0.000, 1.000, 0.022, 0.018, 0.010, 0.014, 0.017, 0.012
49.800, 0.873, 0.319, 1.000, 0.000, 1.000, 0.000, 0.000, 1.000, 0.000, 1.000, 0.022, 0.018, 0.011, 0.014, 0.017, 0.012
49.820, 0.865, 0.199, 1.000, 0.000, 1.000, 0.000, 0.000, 1.000, 0.000, 1.000, 0.022, 0.018, 0.011, 0.014, 0.017, 0.012
49.840, 0.853, 0.036, 1.000, 0.000, 1.000, 0.000, 0.000, 1.000, 0.000, 1.000, 0.022, 0.018, 0.011, 0.014, 0.017, 0.012
49.860, 0.835, -0.186, 0.000, 0.000, 1.000, 0.000, 1.000, 1.000, 0.000, 0.000, 0.022, 0.018, 0.011, 0.014, 0.016, 0.012
49.880, 0.800, -0.450, 0.000, 1.000, 1.000, 0.000, 1.000, 0.000, 0.000, 1.000, 0.022, 0.018, 0.011, 0.014, 0.017, 0.012
49.900, 0.726, -0.651, 0.000, 1.000, 0.000, 0.000, 1.000, 0.000, 0.002, 1.000, 0.022, 0.018, 0.011, 0.013, 0.017, 0.012
49.920, 0.587, -0.730, 0.000, 1.000, 0.000, 0.000, 0.000, 1.000, 0.000, 1.000, 0.022, 0.018, 0.011, 0.013, 0.017, 0.012
49.940, 0.413, -0.764, 0.000, 1.000, 0.000, 0.000, 0.000, 1.000, 0.000, 1.000, 0.022, 0.019, 0.011, 0.013, 0.017, 0.012
49.960, 0.155, -0.757, 0.000, 1.000, 0.000, 0.000, 0.000, 1.000, 0.000, 1.000, 0.022, 0.019, 0.011, 0.013, 0.017, 0.012
49.980, -0.212, -0.725, 0.000, 1.000, 0.000, 0.000, 0.000, 1.000, 0.000, 1.000, 0.022, 0.019, 0.011, 0.013, 0.016, 0.012
50.000, -0.587, -0.672, 0.000, 1.000, 0.000, 0.000, 0.000, 1.000, 0.000, 1.000, 0.022, 0.019, 0.011, 0.013, 0.016, 0.012
50.020, -0.828, -0.548, 0.000, 1.000, 0.000, 0.000, 0.000, 0.000, 1.000, 1.000, 0.022, 0.019, 0.012, 0.013, 0.017, 0.012
50.040, -0.876, -0.435, 0.000, 1.000, 0.000, 0.000, 0.000, 0.000, 1.000, 1.000, 0.022, 0.019, 0.011, 0.013, 0.017, 0.012
50.060, -0.884, -0.261, 0.000, 1.000, 0.000, 0.000, 0.000, 0.000, 1.000, 1.000, 0.023, 0.019, 0.011, 0.013, 0.017, 0.013
50.080, -0.868, -0.097, 0.000, 1.000, 0.000, 1.000, 0.311, 0.000, 1.000, 1.000, 0.023, 0.018, 0.011, 0.013, 0.018, 0.013
50.100, -0.847, 0.109, 1.000, 1.000, 0.000, 1.000, 0.800, 0.000, 0.000, 0.000, 0.022, 0.018, 0.011, 0.013, 0.018, 0.012
50.120, -0.820, 0.371, 1.000, 0.000, 0.000, 1.000, 0.211, 0.000, 0.000, 1.000, 0.022, 0.018, 0.011, 0.013, 0.018, 0.013
50.140, -0.794, 0.612, 1.000, 1.000, 0.000, 1.000, 0.000, 0.000, 1.000, 0.000, 0.022, 0.018, 0.012, 0.013, 0.018, 0.012
50.160, -0.787, 0.720, 1.000, 1.000, 0.000, 1.000, 0.000, 0.000, 1.000, 0.000, 0.022, 0.018, 0.012, 0.013, 0.018, 0.012
50.180, -0.772, 0.773, 1.000, 1.000, 0.000, 0.000, 0.000, 0.000, 1.000, 0.000, 0.021, 0.018, 0.011, 0.013, 0.018, 0.012
50.200, -0.765, 0.786, 1.000, 1.000, 0.000, 0.000, 0.000, 0.000, 1.000, 0.000, 0.021, 0.018, 0.011, 0.013, 0.018, 0.012
50.220, -0.729, 0.831, 1.000, 1.000, 0.000, 0.000, 1.000, 0.000, 1.000, 0.000, 0.021, 0.017, 0.011, 0.013, 0.018, 0.012
50.240, -0.687, 0.857, 1.000, 1.000, 0.000, 0.512, 1.000, 0.000, 1.000, 0.000, 0.021, 0.017, 0.011, 0.014, 0.018, 0.012
50.260, -0.705, 0.824, 1.000, 1.000, 0.000, 0.000, 1.000, 0.000, 1.000, 0.000, 0.021, 0.017, 0.011, 0.014, 0.018, 0.012
50.280, -0.724, 0.808, 1.000, 1.000, 0.000, 0.000, 1.000, 0.000, 1.000, 0.000, 0.021, 0.017, 0.011, 0.014, 0.018, 0.012
50.300, -0.741, 0.797, 1.000, 1.000, 0.000, 0.000, 1.000, 0.000, 1.000, 0.000, 0.021, 0.017, 0.011, 0.014, 0.018, 0.012
50.320, -0.748, 0.796, 1.000, 1.000, 0.000, 0.000, 1.000, 0.000, 1.000, 0.000, 0.021, 0.017, 0.010, 0.014, 0.018, 0.012
50.340, -0.677, 0.868, 1.000, 0.000, 1.000, 0.000, 0.000, 0.000, 1.000, 1.000, 0.021, 0.018, 0.010, 0.014, 0.018, 0.011
50.360, -0.647, 0.865, 1.000, 1.000, 1.000, 0.000, 1.000, 0.000, 1.000, 0.000, 0.021, 0.018, 0.010, 0.014, 0.019, 0.011
50.380, -0.698, 0.808, 1.000, 1.000, 0.000, 0.000, 1.000, 0.000, 1.000, 0.000, 0.021, 0.018, 0.010, 0.013, 0.018, 0.011
50.400, -0.708, 0.816, 1.000, 1.000, 0.000, 0.000, 1.000, 0.000, 1.000, 0.000, 0.021, 0.018, 0.010, 0.013, 0.018, 0.011
50.420, -0.710, 0.821, 1.000, 1.000, 0.000, 0.000, 0.000, 0.000, 1.000, 0.000, 0.021, 0.017, 0.010, 0.014, 0.017, 0.011
50.440, -0.718, 0.817, 1.000, 1.000, 0.000, 0.000, 0.000, 0.000, 1.000, 0.000, 0.021, 0.017, 0.010, 0.014, 0.017, 0.011
50.460, -0.722, 0.816, 1.000, 1.000, 0.000, 0.000, 0.000, 0.000, 1.000, 0.000, 0.020, 0.018, 0.011, 0.014, 0.017, 0.011
50.480, -0.689, 0.848, 1.000, 1.000, 1.000, 1.000, 0.000, 0.000, 1.000, 0.000, 0.020, 0.017, 0.011, 0.014, 0.017, 0.011
50.500, -0.713, 0.815, 1.000, 1.000, 0.000, 0.000, 0.000, 0.000, 1.000, 0.000, 0.020, 0.018, 0.011, 0.014, 0.017, 0.011
50.520, -0.666, 0.860, 1.000, 1.000, 1.000, 1.000, 1.000, 0.000, 0.000, 0.000, 0.020, 0.018, 0.011, 0.014, 0.017, 0.012
50.540, -0.599, 0.883, 1.000, 0.000, 1.000, 0.000, 1.000, 0.000, 1.000, 1.000, 0.021, 0.017, 0.011, 0.014, 0.017, 0.012
50.560, -0.586, 0.862, 1.000, 1.000, 0.000, 1.000, 1.000, 0.000, 0.525, 0.000, 0.021, 0.018, 0.011, 0.013, 0.017, 0.012
50.580, -0.561, 0.862, 1.000, 1.000, 1.000, 1.000, 1.000, 0.000, 1.000, 0.000, 0.020, 0.017, 0.011, 0.013, 0.017, 0.011
50.600, -0.572, 0.845, 1.000, 1.000, 1.000, 0.000, 1.000, 0.000, 1.000, 0.000, 0.020, 0.017, 0.011, 0.013, 0.017, 0.011
50.620, -0.549, 0.857, 1.000, 1.000, 1.000, 0.000, 1.000, 0.000, 1.000, 0.000, 0.020, 0.017, 0.011, 0.013, 0.017, 0.011
50.640, -0.485, 0.874, 1.000, 0.176, 1.000, 1.000, 1.000, 0.000, 1.000, 0.824, 0.021, 0.017, 0.011, 0.013, 0.017, 0.011
50.660, -0.409, 0.876, 1.000, 0.000, 0.000, 1.000, 1.000, 0.000, 0.000, 1.000, 0.021, 0.018, 0.011, 0.013, 0.017, 0.012
50.680, -0.316, 0.872, 1.000, 0.000, 0.000, 1.000, 1.000, 0.000, 0.000, 1.000, 0.021, 0.018, 0.011, 0.013, 0.017, 0.012
50.700, -0.196, 0.864, 1.000, 0.000, 0.000, 1.000, 1.000, 0.000, 0.000, 1.000, 0.021, 0.018, 0.010, 0.013, 0.016, 0.012
50.720, -0.032, 0.852, 1.000, 0.000, 0.000, 1.000, 1.000, 1.000, 0.000, 1.000, 0.021, 0.018, 0.010, 0.013, 0.017, 0.013
50.740, 0.191, 0.834, 1.000, 0.000, 0.000, 1.000, 0.000, 1.000, 0.000, 1.000, 0.021, 0.018, 0.010, 0.013, 0.017, 0.013
50.760, 0.463, 0.806, 1.000, 0.000, 0.000, 1.000, 0.000, 1.000, 0.000, 1.000, 0.022, 0.018, 0.010, 0.014, 0.018, 0.013
50.780, 0.703, 0.761, 1.000, 0.000, 0.000, 1.000, 0.000, 1.000, 0.000, 1.000, 0.022, 0.019, 0.010, 0.014, 0.017, 0.013
50.800, 0.833, 0.701, 1.000, 0.000, 0.000, 1.000, 0.000, 1.000, 0.000, 1.000, 0.022, 0.019, 0.010, 0.014, 0.017, 0.013
50.820, 0.877, 0.634, 1.000, 0.005, 0.000, 1.000, 0.000, 1.000, 0.000, 0.995, 0.022, 0.019, 0.010, 0.014, 0.017, 0.013
50.840, 0.886, 0.565, 1.000, 0.236, 0.000, 1.000, 0.107, 1.000, 0.000, 0.764, 0.022, 0.019, 0.010, 0.014, 0.017, 0.013
50.860, 0.885, 0.493, 1.000, 0.339, 0.000, 1.000, 0.087, 1.000, 0.000, 0.661, 0.021, 0.019, 0.010, 0.014, 0.016, 0.013
50.880, 0.864, 0.239, 1.000, 1.000, 0.000, 0.000, 0.000, 1.000, 0.000, 0.000, 0.021, 0.019, 0.011, 0.015, 0.016, 0.012
50.900, 0.818, -0.026, 0.000, 1.000, 0.000, 0.000, 0.000, 1.000, 0.000, 1.000, 0.021, 0.019, 0.011, 0.015, 0.016, 0.012
50.920, 0.797, -0.256, 0.000, 1.000, 0.000, 0.012, 1.000, 1.000, 0.000, 1.000, 0.022, 0.019, 0.011, 0.014, 0.016, 0.012
50.940, 0.744, -0.489, 0.000, 1.000, 0.000, 0.000, 0.000, 1.000, 0.000, 1.000, 0.022, 0.019, 0.011, 0.014, 0.016, 0.012
50.960, 0.656, -0.657, 0.000, 1.000, 0.000, 0.000, 0.000, 1.000, 0.000, 1.000, 0.022, 0.019, 0.012, 0.014, 0.016, 0.012
50.980, 0.519, -0.737, 0.000, 1.000, 0.000, 0.000, 0.000, 1.000, 0.000, 1.000, 0.022, 0.018, 0.012, 0.013, 0.016, 0.012
51.000, 0.317, -0.758, 0.000, 1.000, 0.000, 0.000, 0.000, 1.000, 0.000, 1.000, 0.022, 0.018, 0.012, 0.013, 0.016, 0.012
51.020, 0.008, -0.741, 0.000, 1.000, 0.000, 0.000, 0.000, 1.000, 0.000, 1.000, 0.022, 0.018, 0.012, 0.013, 0.016, 0.012
51.040, -0.380, -0.703, 0.000, 1.000, 0.000, 0.000, 0.000, 1.000, 0.000, 1.000, 0.022, 0.018, 0.012, 0.013, 0.016, 0.012
51.060, -0.701, -0.642, 0.000, 1.000, 0.000, 0.000, 0.000, 1.000, 0.000, 1.000, 0.022, 0.018, 0.012, 0.013, 0.016, 0.011
51.080, -0.840, -0.562, 0.000, 1.000, 0.000, 0.000, 0.000, 1.000, 1.000, 1.000, 0.022, 0.018, 0.012, 0.013, 0.016, 0.012
51.100, -0.891, -0.369, 0.000, 1.000, 0.000, 0.000, 0.000, 0.000, 1.000, 1.000, 0.022, 0.017, 0.012, 0.013, 0.016, 0.012
51.120, -0.876, -0.249, 0.000, 1.000, 0.000, 1.000, 0.192, 0.000, 1.000, 1.000, 0.022, 0.017, 0.012, 0.013, 0.017, 0.013
51.140, -0.862, -0.094, 0.000, 1.000, 0.000, 1.000, 0.000, 0.000, 1.000, 1.000, 0.022, 0.017, 0.012, 0.013, 0.017, 0.013
51.160, -0.848, 0.116, 1.000, 1.000, 0.000, 1.000, 0.000, 0.000, 1.000, 0.000, 0.022, 0.017, 0.012, 0.013, 0.017, 0.013
51.180, -0.821, 0.379, 1.000, 0.998, 1.000, 1.000, 0.000, 0.000, 1.000, 0.002, 0.021, 0.018, 0.012, 0.013, 0.017, 0.013
51.200, -0.779, 0.641, 1.000, 0.000, 1.000, 0.000, 0.000, 0.000, 1.000, 1.000, 0.022, 0.018, 0.012, 0.013, 0.017, 0.013
51.220, -0.722, 0.806, 1.000, 0.046, 1.000, 0.000, 0.000, 0.000, 1.000, 0.954, 0.022, 0.018, 0.011, 0.013, 0.017, 0.013
51.240, -0.656, 0.869, 1.000, 0.000, 1.000, 0.000, 0.000, 0.000, 1.000, 1.000, 0.022, 0.019, 0.011, 0.013, 0.018, 0.012
51.260, -0.588, 0.885, 1.000, 0.000, 1.000, 0.000, 0.000, 0.000, 1.000, 1.000, 0.022, 0.019, 0.011, 0.013, 0.018, 0.012
51.280, -0.519, 0.886, 1.000, 0.000, 1.000, 0.000, 0.000, 0.000, 1.000, 1.000, 0.022, 0.019, 0.011, 0.013, 0.018, 0.012
51.300, -0.445, 0.882, 1.000, 0.000, 1.000, 0.000, 0.000, 0.000, 1.000, 1.000, 0.022, 0.019, 0.011, 0.013, 0.018, 0.012
51.320, -0.359, 0.876, 1.000, 0.000, 1.000, 0.000, 0.000, 0.000, 1.000, 1.000, 0.022, 0.018, 0.011, 0.013, 0.018, 0.012
51.340, -0.582, 0.716, 1.000, 1.000, 1.000, 0.000, 0.000, 0.000, 1.000, 0.000, 0.022, 0.018, 0.011, 0.013, 0.018, 0.012
51.360, -0.621, 0.783, 1.000, 1.000, 0.000, 0.017, 1.000, 0.000, 0.000, 0.000, 0.021, 0.018, 0.011, 0.013, 0.018, 0.012
51.380, -0.663, 0.800, 1.000, 1.000, 0.000, 0.000, 1.000, 0.000, 0.000, 0.000, 0.021, 0.019, 0.011, 0.013, 0.018, 0.013
51.400, -0.664, 0.829, 1.000, 1.000, 0.000, 0.000, 1.000, 0.000, 0.000, 0.000, 0.021, 0.019, 0.011, 0.013, 0.018, 0.013
51.420, -0.666, 0.835, 1.000, 1.000, 0.000, 0.000, 1.000, 0.000, 0.000, 0.000, 0.021, 0.019, 0.011, 0.013, 0.018, 0.013
51.440, -0.604, 0.875, 1.000, 0.000, 1.000, 0.000, 1.000, 0.000, 0.000, 1.000, 0.021, 0.018, 0.011, 0.013, 0.018, 0.013
51.460, -0.567, 0.871, 1.000, 1.000, 1.000, 0.000, 1.000, 0.000, 1.000, 0.000, 0.021, 0.018, 0.011, 0.013, 0.017, 0.013
51.480, -0.571, 0.851, 1.000, 1.000, 1.000, 0.000, 1.000, 0.000, 1.000, 0.000, 0.021, 0.018, 0.011, 0.013, 0.017, 0.012
51.500, -0.554, 0.855, 1.000, 1.000, 1.000, 0.000, 1.000, 0.000, 1.000, 0.000, 0.021, 0.018, 0.011, 0.012, 0.017, 0.012
51.520, -0.521, 0.863, 1.000, 1.000, 1.000, 0.000, 1.000, 0.000, 1.000, 0.000, 0.021, 0.018, 0.011, 0.012, 0.017, 0.012
51.540, -0.482, 0.864, 1.000, 1.000, 1.000, 0.000, 1.000, 0.000, 1.000, 0.000, 0.021, 0.017, 0.011, 0.012, 0.017, 0.012
51.560, -0.408, 0.873, 1.000, 0.000, 1.000, 0.000, 1.000, 0.000, 1.000, 1.000, 0.021, 0.017, 0.011, 0.012, 0.017, 0.012
51.580, -0.315, 0.871, 1.000, 0.000, 1.000, 1.000, 1.000, 0.000, 0.000, 1.000, 0.022, 0.017, 0.011, 0.012, 0.016, 0.012
51.600, -0.195, 0.864, 1.000, 0.000, 0.000, 1.000, 1.000, 0.000, 0.000, 1.000, 0.022, 0.018, 0.011, 0.012, 0.016, 0.013
51.620, -0.031, 0.852, 1.000, 0.000, 0.000, 1.000, 1.000, 0.000, 0.000, 1.000, 0.022, 0.018, 0.010, 0.012, 0.016, 0.013
51.640, 0.193, 0.834, 1.000, 0.000, 0.000, 1.000, 1.000, 0.000, 0.000, 1.000, 0.022, 0.018, 0.010, 0.012, 0.016, 0.013
51.660, 0.465, 0.805, 1.000, 0.000, 0.000, 1.000, 1.000, 0.000, 0.000, 1.000, 0.022, 0.019, 0.010, 0.012, 0.016, 0.013
51.680, 0.705, 0.760, 1.000, 0.000, 0.000, 1.000, 1.000, 1.000, 0.000, 1.000, 0.022, 0.019, 0.010, 0.012, 0.017, 0.013
51.700, 0.834, 0.700, 1.000, 0.000, 0.000, 1.000, 0.000, 1.000, 0.000, 1.000, 0.022, 0.019, 0.010, 0.013, 0.017, 0.013
51.720, 0.877, 0.633, 1.000, 0.000, 0.000, 1.000, 0.000, 1.000, 0.000, 1.000, 0.022, 0.019, 0.010, 0.013, 0.017, 0.014
51.740, 0.886, 0.565, 1.000, 0.000, 0.000, 1.000, 0.000, 1.000, 0.000, 1.000, 0.022, 0.019, 0.010, 0.013, 0.018, 0.014
51.760, 0.885, 0.494, 1.000, 0.237, 0.000, 1.000, 0.000, 1.000, 0.000, 0.763, 0.022, 0.019, 0.010, 0.013, 0.018, 0.013
51.780, 0.880, 0.416, 1.000, 0.150, 0.000, 1.000, 1.000, 1.000, 0.000, 0.850, 0.022, 0.019, 0.010, 0.013, 0.018, 0.013
51.800, 0.874, 0.324, 1.000, 0.000, 0.000, 1.000, 1.000, 0.000, 0.000, 1.000, 0.022, 0.019, 0.010, 0.013, 0.018, 0.013
51.820, 0.865, 0.207, 1.000, 0.000, 0.000, 1.000, 1.000, 0.000, 0.000, 1.000, 0.022, 0.019, 0.010, 0.013, 0.018, 0.012
51.840, 0.851, 0.039, 1.000, 1.000, 0.038, 1.000, 1.000, 0.000, 0.000, 0.000, 0.022, 0.019, 0.010, 0.012, 0.018, 0.012
51.860, 0.790, -0.198, 0.000, 1.000, 0.000, 0.228, 1.000, 0.000, 0.223, 1.000, 0.022, 0.019, 0.011, 0.012, 0.018, 0.012
51.880, 0.748, -0.434, 0.000, 1.000, 0.000, 1.000, 1.000, 0.000, 0.000, 1.000, 0.022, 0.019, 0.010, 0.012, 0.018, 0.012
51.900, 0.701, -0.648, 0.000, 1.000, 0.000, 1.000, 1.000, 0.000, 0.000, 1.000, 0.022, 0.019, 0.010, 0.012, 0.018, 0.012
51.920, 0.642, -0.786, 0.000, 1.000, 0.000, 1.000, 1.000, 0.000, 0.000, 1.000, 0.022, 0.019, 0.010, 0.012, 0.018, 0.012
51.940, 0.555, -0.839, 0.000, 1.000, 0.000, 1.000, 1.000, 0.000, 0.000, 1.000, 0.022, 0.019, 0.010, 0.012, 0.018, 0.012
51.960, 0.448, -0.851, 0.000, 1.000, 0.000, 1.000, 1.000, 0.000, 0.000, 1.000, 0.023, 0.019, 0.010, 0.012, 0.018, 0.012
51.980, 0.311, -0.847, 0.000, 1.000, 0.000, 1.000, 1.000, 0.000, 0.000, 1.000, 0.023, 0.018, 0.010, 0.012, 0.018, 0.012
52.000, 0.135, -0.837, 0.000, 1.000, 0.000, 1.000, 1.000, 0.000, 0.000, 1.000, 0.023, 0.018, 0.010, 0.012, 0.018, 0.012
52.020, -0.115, -0.815, 0.000, 1.000, 0.000, 1.000, 1.000, 0.000, 0.000, 1.000, 0.023, 0.018, 0.010, 0.012, 0.018, 0.012
52.040, -0.420, -0.784, 0.000, 1.000, 0.000, 1.000, 1.000, 0.000, 0.000, 1.000, 0.023, 0.018, 0.010, 0.012, 0.019, 0.012
52.060, -0.692, -0.734, 0.000, 1.000, 0.000, 1.000, 1.000, 1.000, 0.000, 1.000, 0.023, 0.018, 0.010, 0.012, 0.018, 0.012
52.080, -0.867, -0.574, 0.000, 1.000, 0.000, 0.000, 0.000, 0.000, 1.000, 1.000, 0.023, 0.018, 0.010, 0.012, 0.018, 0.012
52.100, -0.887, -0.442, 0.000, 1.000, 0.000, 1.000, 0.000, 0.000, 1.000, 1.000, 0.023, 0.018, 0.010, 0.013, 0.018, 0.013
52.120, -0.883, -0.296, 0.000, 1.000, 0.000, 1.000, 0.000, 0.000, 1.000, 1.000, 0.023, 0.018, 0.010, 0.013, 0.019, 0.013
52.140, -0.870, -0.140, 0.000, 1.000, 1.000, 1.000, 0.000, 0.000, 1.000, 1.000, 0.023, 0.018, 0.010, 0.013, 0.019, 0.013
52.160, -0.850, 0.048, 1.000, 0.000, 1.000, 0.000, 0.000, 0.000, 1.000, 1.000, 0.023, 0.019, 0.011, 0.013, 0.019, 0.012
52.180, -0.827, 0.296, 1.000, 0.157, 1.000, 0.000, 0.000, 0.000, 1.000, 0.843, 0.023, 0.019, 0.011, 0.013, 0.019, 0.012
52.200, -0.791, 0.569, 1.000, 0.000, 1.000, 0.000, 0.000, 0.000, 1.000, 1.000, 0.023, 0.019, 0.011, 0.014, 0.019, 0.012
52.220, -0.739, 0.769, 1.000, 0.000, 1.000, 0.000, 0.000, 0.000, 1.000, 1.000, 0.023, 0.019, 0.011, 0.014, 0.019, 0.012
52.240, -0.675, 0.857, 1.000, 0.000, 1.000, 0.000, 0.072, 0.000, 1.000, 1.000, 0.023, 0.019, 0.010, 0.014, 0.019, 0.012
52.260, -0.607, 0.883, 1.000, 0.000, 1.000, 0.000, 0.248, 0.000, 1.000, 1.000, 0.023, 0.019, 0.010, 0.014, 0.018, 0.012
52.280, -0.677, 0.808, 1.000, 1.000, 1.000, 0.000, 0.145, 0.000, 1.000, 0.000, 0.023, 0.018, 0.010, 0.014, 0.018, 0.012
52.300, -0.766, 0.734, 1.000, 1.000, 0.000, 0.000, 0.000, 0.000, 1.000, 0.000, 0.022, 0.019, 0.010, 0.014, 0.018, 0.012
52.320, -0.764, 0.775, 1.000, 1.000, 0.000, 0.000, 0.000, 0.000, 1.000, 0.000, 0.022, 0.019, 0.010, 0.014, 0.018, 0.012
52.340, -0.722, 0.835, 1.000, 1.000, 0.000, 0.006, 1.000, 0.000, 1.000, 0.000, 0.022, 0.019, 0.010, 0.014, 0.018, 0.012
52.360, -0.679, 0.860, 1.000, 1.000, 0.000, 0.248, 1.000, 0.000, 0.000, 0.000, 0.022, 0.019, 0.010, 0.014, 0.017, 0.012
52.380, -0.655, 0.859, 1.000, 1.000, 0.000, 0.000, 1.000, 0.000, 1.000, 0.000, 0.022, 0.019, 0.010, 0.014, 0.017, 0.012
52.400, -0.680, 0.827, 1.000, 1.000, 0.000, 0.000, 1.000, 0.000, 1.000, 0.000, 0.022, 0.019, 0.010, 0.014, 0.017, 0.012
52.420, -0.687, 0.828, 1.000, 1.000, 0.000, 0.000, 1.000, 0.000, 1.000, 0.000, 0.021, 0.019, 0.010, 0.014, 0.017, 0.012
52.440, -0.691, 0.829, 1.000, 1.000, 0.000, 0.000, 1.000, 1.000, 1.000, 0.000, 0.021, 0.020, 0.010, 0.014, 0.018, 0.012
52.460, -0.696, 0.828, 1.000, 1.000, 0.000, 0.000, 0.000, 1.000, 1.000, 0.000, 0.021, 0.020, 0.010, 0.014, 0.018, 0.012
52.480, -0.729, 0.797, 1.000, 1.000, 0.000, 0.000, 0.000, 1.000, 1.000, 0.000, 0.021, 0.020, 0.010, 0.013, 0.018, 0.012
52.500, -0.702, 0.837, 1.000, 1.000, 1.000, 0.000, 0.141, 0.000, 1.000, 0.000, 0.021, 0.019, 0.010, 0.013, 0.018, 0.012
52.520, -0.635, 0.878, 1.000, 0.000, 1.000, 0.000, 0.503, 0.000, 1.000, 1.000, 0.022, 0.019, 0.010, 0.013, 0.018, 0.012
52.540, -0.567, 0.887, 1.000, 0.000, 1.000, 0.000, 0.000, 1.000, 0.000, 1.000, 0.022, 0.018, 0.010, 0.013, 0.018, 0.012
52.560, -0.497, 0.885, 1.000, 0.000, 1.000, 1.000, 0.000, 1.000, 0.000, 1.000, 0.022, 0.018, 0.010, 0.013, 0.018, 0.012
52.580, -0.420, 0.881, 1.000, 0.000, 0.000, 1.000, 0.000, 1.000, 0.000, 1.000, 0.022, 0.019, 0.011, 0.013, 0.019, 0.013
52.600, -0.329, 0.874, 1.000, 0.000, 0.000, 1.000, 0.000, 1.000, 0.000, 1.000, 0.023, 0.019, 0.011, 0.013, 0.018, 0.013
52.620, -0.212, 0.866, 1.000, 0.000, 0.000, 1.000, 0.000, 1.000, 0.000, 1.000, 0.023, 0.019, 0.011, 0.013, 0.018, 0.013
52.640, -0.054, 0.854, 1.000, 0.000, 0.000, 1.000, 0.000, 1.000, 0.000, 1.000, 0.023, 0.019, 0.011, 0.013, 0.018, 0.013
52.660, 0.162, 0.837, 1.000, 0.004, 0.041, 1.000, 0.000, 1.000, 0.000, 0.996, 0.023, 0.020, 0.010, 0.013, 0.017, 0.013
52.680, 0.431, 0.810, 1.000, 0.000, 0.000, 1.000, 1.000, 1.000, 0.000, 1.000, 0.023, 0.020, 0.010, 0.013, 0.017, 0.013
52.700, 0.680, 0.767, 1.000, 0.000, 0.040, 1.000, 1.000, 0.000, 0.000, 1.000, 0.023, 0.020, 0.010, 0.014, 0.018, 0.013
52.720, 0.781, 0.626, 1.000, 1.000, 0.000, 1.000, 1.000, 1.000, 0.000, 0.000, 0.022, 0.020, 0.010, 0.014, 0.018, 0.013
52.740, 0.836, 0.517, 1.000, 1.000, 0.000, 1.000, 1.000, 1.000, 0.000, 0.000, 0.022, 0.020, 0.010, 0.013, 0.017, 0.013
52.760, 0.851, 0.386, 1.000, 1.000, 0.000, 1.000, 1.000, 1.000, 0.000, 0.000, 0.022, 0.019, 0.010, 0.013, 0.017, 0.012
52.780, 0.850, 0.241, 1.000, 1.000, 0.000, 1.000, 1.000, 0.000, 0.000, 0.000, 0.022, 0.019, 0.010, 0.013, 0.018, 0.012
52.800, 0.839, 0.069, 1.000, 1.000, 0.000, 1.000, 1.000, 0.000, 0.000, 0.000, 0.021, 0.019, 0.010, 0.013, 0.018, 0.012
52.820, 0.820, -0.145, 0.000, 1.000, 0.000, 1.000, 1.000, 0.000, 0.000, 1.000, 0.022, 0.019, 0.010, 0.013, 0.018, 0.012
52.840, 0.784, -0.392, 0.000, 1.000, 0.000, 1.000, 1.000, 1.000, 0.000, 1.000, 0.022, 0.018, 0.010, 0.013, 0.018, 0.012
52.860, 0.731, -0.618, 0.000, 1.000, 0.000, 1.000, 1.000, 1.000, 0.000, 1.000, 0.022, 0.018, 0.010, 0.013, 0.018, 0.012
52.880, 0.661, -0.765, 0.000, 1.000, 0.000, 1.000, 1.000, 1.000, 0.000, 1.000, 0.023, 0.018, 0.010, 0.013, 0.017, 0.012
52.900, 0.581, -0.833, 0.000, 1.000, 0.000, 1.000, 1.000, 0.000, 0.000, 1.000, 0.023, 0.018, 0.010, 0.013, 0.018, 0.012
52.920, 0.486, -0.854, 0.000, 1.000, 0.000, 1.000, 1.000, 0.000, 0.000, 1.000, 0.023, 0.018, 0.010, 0.013, 0.018, 0.012
52.940, 0.358, -0.850, 0.000, 1.000, 0.000, 1.000, 1.000, 0.000, 0.000, 1.000, 0.023, 0.018, 0.010, 0.013, 0.018, 0.012
52.960, 0.179, -0.836, 0.000, 1.000, 0.000, 1.000, 1.000, 0.000, 0.000, 1.000, 0.023, 0.018, 0.010, 0.013, 0.018, 0.012
52.980, -0.011, -0.832, 0.000, 1.000, 1.000, 1.000, 1.000, 0.000, 0.000, 1.000, 0.023, 0.019, 0.009, 0.012, 0.019, 0.012
53.000, -0.244, -0.821, 0.000, 0.046, 0.000, 1.000, 1.000, 0.000, 0.000, 0.046, 0.022, 0.018, 0.009, 0.012, 0.019, 0.012
53.020, -0.516, -0.794, 0.000, 0.000, 1.000, 1.000, 1.000, 0.000, 0.000, 0.000, 0.022, 0.019, 0.009, 0.012, 0.019, 0.012
53.040, -0.737, -0.747, 0.000, 0.000, 1.000, 0.000, 0.073, 0.000, 1.000, 0.000, 0.022, 0.019, 0.010, 0.013, 0.019, 0.012
53.060, -0.846, -0.686, 0.000, 0.000, 1.000, 0.000, 0.000, 0.000, 1.000, 0.000, 0.022, 0.019, 0.010, 0.013, 0.019, 0.013
53.080, -0.880, -0.619, 0.000, 0.000, 1.000, 0.000, 0.000, 0.000, 1.000, 0.000, 0.021, 0.019, 0.011, 0.014, 0.018, 0.013
53.100, -0.887, -0.551, 0.000, 0.000, 1.000, 0.000, 0.000, 0.000, 1.000, 0.000, 0.021, 0.019, 0.011, 0.014, 0.018, 0.013
53.120, -0.884, -0.480, 0.000, 0.000, 1.000, 0.000, 0.000, 0.000, 1.000, 0.000, 0.021, 0.019, 0.011, 0.014, 0.018, 0.012
53.140, -0.879, -0.401, 0.000, 0.000, 1.000, 0.000, 0.127, 0.000, 1.000, 0.000, 0.021, 0.018, 0.011, 0.014, 0.018, 0.012
53.160, -0.880, -0.244, 0.000, 1.000, 1.000, 0.000, 0.023, 0.000, 1.000, 1.000, 0.022, 0.018, 0.011, 0.014, 0.017, 0.012
53.180, -0.870, -0.050, 0.000, 1.000, 0.000, 0.000, 1.000, 0.000, 1.000, 1.000, 0.022, 0.019, 0.011, 0.013, 0.017, 0.012
53.200, -0.855, 0.181, 1.000, 1.000, 0.000, 0.000, 1.000, 0.000, 1.000, 0.000, 0.022, 0.019, 0.011, 0.013, 0.017, 0.012
53.220, -0.841, 0.417, 1.000, 1.000, 0.000, 0.000, 0.000, 0.000, 1.000, 0.000, 0.021, 0.019, 0.011, 0.014, 0.017, 0.012
53.240, -0.817, 0.611, 1.000, 1.000, 0.000, 0.000, 0.000, 0.000, 1.000, 0.000, 0.021, 0.019, 0.010, 0.014, 0.017, 0.012
53.260, -0.791, 0.727, 1.000, 1.000, 0.000, 0.000, 0.000, 0.000, 1.000, 0.000, 0.021, 0.019, 0.010, 0.014, 0.017, 0.012
53.280, -0.771, 0.779, 1.000, 1.000, 0.000, 0.000, 0.000, 0.000, 1.000, 0.000, 0.021, 0.020, 0.010, 0.014, 0.017, 0.012
53.300, -0.745, 0.814, 1.000, 1.000, 0.000, 0.000, 0.000, 1.000, 1.000, 0.000, 0.021, 0.020, 0.010, 0.014, 0.018, 0.012
53.320, -0.719, 0.835, 1.000, 1.000, 0.000, 0.003, 0.000, 1.000, 0.000, 0.000, 0.021, 0.020, 0.010, 0.014, 0.018, 0.012
53.340, -0.707, 0.835, 1.000, 1.000, 0.000, 0.000, 0.000, 1.000, 0.037, 0.000, 0.021, 0.020, 0.010, 0.014, 0.018, 0.012
53.360, -0.713, 0.823, 1.000, 1.000, 0.000, 0.000, 0.000, 1.000, 0.000, 0.000, 0.021, 0.020, 0.010, 0.014, 0.018, 0.013
53.380, -0.755, 0.775, 1.000, 1.000, 0.000, 0.000, 0.000, 1.000, 1.000, 0.000, 0.021, 0.020, 0.010, 0.014, 0.018, 0.012
53.400, -0.751, 0.796, 1.000, 1.000, 0.000, 0.000, 0.141, 0.000, 1.000, 0.000, 0.021, 0.020, 0.010, 0.014, 0.018, 0.012
53.420, -0.738, 0.814, 1.000, 1.000, 0.000, 0.000, 0.075, 0.000, 1.000, 0.000, 0.021, 0.020, 0.010, 0.014, 0.018, 0.012
53.440, -0.723, 0.827, 1.000, 1.000, 0.000, 0.000, 0.000, 1.000, 1.000, 0.000, 0.021, 0.020, 0.010, 0.013, 0.017, 0.012
53.460, -0.727, 0.816, 1.000, 1.000, 0.000, 0.000, 0.000, 1.000, 1.000, 0.000, 0.020, 0.020, 0.010, 0.013, 0.017, 0.012
53.480, -0.710, 0.833, 1.000, 1.000, 0.000, 0.000, 0.000, 1.000, 0.000, 0.000, 0.020, 0.020, 0.010, 0.013, 0.017, 0.012
53.500, -0.711, 0.826, 1.000, 1.000, 0.000, 0.000, 0.000, 1.000, 0.000, 0.000, 0.020, 0.020, 0.010, 0.013, 0.017, 0.013
53.520, -0.661, 0.865, 1.000, 1.000, 0.000, 1.000, 0.000, 1.000, 0.000, 0.000, 0.020, 0.020, 0.010, 0.013, 0.017, 0.013
53.540, -0.593, 0.884, 1.000, 0.000, 0.000, 1.000, 0.000, 1.000, 0.000, 1.000, 0.021, 0.020, 0.011, 0.013, 0.017, 0.013
53.560, -0.525, 0.886, 1.000, 0.000, 0.000, 1.000, 0.000, 1.000, 0.000, 1.000, 0.021, 0.020, 0.011, 0.013, 0.017, 0.013
53.580, -0.452, 0.883, 1.000, 0.000, 0.000, 1.000, 0.000, 1.000, 0.000, 1.000, 0.021, 0.019, 0.011, 0.013, 0.017, 0.013
53.600, -0.589, 0.777, 1.000, 1.000, 0.000, 0.000, 0.000, 1.000, 0.000, 0.000, 0.021, 0.019, 0.011, 0.013, 0.017, 0.013
53.620, -0.695, 0.752, 1.000, 1.000, 0.000, 0.000, 0.000, 1.000, 0.000, 0.000, 0.021, 0.019, 0.011, 0.013, 0.017, 0.013
53.640, -0.642, 0.848, 1.000, 0.000, 0.000, 0.449, 1.000, 0.000, 0.011, 1.000, 0.021, 0.019, 0.011, 0.013, 0.017, 0.013
53.660, -0.703, 0.797, 1.000, 1.000, 0.000, 0.000, 1.000, 1.000, 0.000, 0.000, 0.021, 0.019, 0.011, 0.014, 0.017, 0.013
53.680, -0.702, 0.821, 1.000, 1.000, 0.000, 0.000, 0.960, 1.000, 0.000, 0.000, 0.020, 0.019, 0.011, 0.014, 0.017, 0.013
53.700, -0.708, 0.821, 1.000, 1.000, 0.000, 1.000, 0.000, 1.000, 0.000, 0.000, 0.020, 0.019, 0.011, 0.014, 0.017, 0.013
53.720, -0.688, 0.842, 1.000, 1.000, 0.000, 1.000, 0.000, 1.000, 0.000, 0.000, 0.020, 0.018, 0.010, 0.013, 0.017, 0.012
53.740, -0.670, 0.849, 1.000, 1.000, 0.000, 1.000, 0.000, 1.000, 0.000, 0.000, 0.020, 0.018, 0.010, 0.013, 0.017, 0.012
53.760, -0.652, 0.853, 1.000, 1.000, 0.000, 1.000, 0.000, 1.000, 0.000, 0.000, 0.020, 0.018, 0.010, 0.013, 0.017, 0.012
53.780, -0.652, 0.845, 1.000, 1.000, 0.000, 1.000, 0.000, 1.000, 0.000, 0.000, 0.020, 0.018, 0.010, 0.013, 0.017, 0.012
53.800, -0.650, 0.844, 1.000, 1.000, 0.000, 1.000, 0.000, 1.000, 0.000, 0.000, 0.020, 0.018, 0.010, 0.013, 0.016, 0.012
53.820, -0.658, 0.837, 1.000, 1.000, 0.000, 1.000, 0.000, 1.000, 0.000, 0.000, 0.020, 0.018, 0.010, 0.013, 0.016, 0.012
53.840, -0.654, 0.842, 1.000, 1.000, 0.000, 1.000, 0.000, 1.000, 0.000, 0.000, 0.020, 0.018, 0.010, 0.014, 0.016, 0.012
53.860, -0.656, 0.840, 1.000, 1.000, 0.000, 1.000, 0.000, 1.000, 0.000, 0.000, 0.020, 0.018, 0.010, 0.014, 0.016, 0.012
53.880, -0.640, 0.851, 1.000, 1.000, 0.000, 1.000, 1.000, 0.791, 0.000, 0.000, 0.020, 0.018, 0.010, 0.014, 0.016, 0.012
53.900, -0.603, 0.866, 1.000, 1.000, 0.000, 1.000, 1.000, 0.000, 0.000, 0.000, 0.020, 0.018, 0.010, 0.013, 0.017, 0.012
53.920, -0.584, 0.861, 1.000, 1.000, 0.000, 1.000, 1.000, 1.000, 0.000, 0.000, 0.020, 0.018, 0.010, 0.013, 0.017, 0.012
53.940, -0.554, 0.864, 1.000, 1.000, 0.000, 1.000, 1.000, 1.000, 0.000, 0.000, 0.019, 0.018, 0.010, 0.013, 0.016, 0.012
53.960, -0.550, 0.852, 1.000, 1.000, 0.000, 1.000, 0.000, 1.000, 0.000, 0.000, 0.019, 0.018, 0.010, 0.013, 0.016, 0.012
53.980, -0.567, 0.839, 1.000, 1.000, 0.000, 1.000, 0.000, 1.000, 1.000, 0.000, 0.019, 0.018, 0.010, 0.014, 0.016, 0.012
54.000, -0.531, 0.860, 1.000, 1.000, 1.000, 0.000, 0.000, 0.000, 1.000, 0.000, 0.019, 0.018, 0.010, 0.014, 0.017, 0.013
54.020, -0.464, 0.875, 1.000, 0.000, 1.000, 0.000, 0.000, 0.000, 1.000, 1.000, 0.020, 0.018, 0.011, 0.014, 0.017, 0.013
54.040, -0.384, 0.875, 1.000, 0.000, 1.000, 0.000, 0.000, 0.000, 1.000, 1.000, 0.020, 0.018, 0.011, 0.014, 0.017, 0.013
54.060, -0.285, 0.870, 1.000, 0.000, 1.000, 0.000, 0.034, 0.000, 1.000, 1.000, 0.020, 0.018, 0.011, 0.014, 0.017, 0.013
54.080, -0.154, 0.861, 1.000, 0.000, 1.000, 0.000, 0.074, 0.000, 1.000, 1.000, 0.021, 0.018, 0.011, 0.014, 0.018, 0.012
54.100, 0.026, 0.848, 1.000, 0.000, 1.000, 0.000, 0.000, 0.000, 1.000, 1.000, 0.021, 0.018, 0.011, 0.015, 0.018, 0.012
54.120, -0.196, 0.625, 1.000, 1.000, 0.000, 0.000, 0.000, 1.000, 0.000, 0.000, 0.020, 0.018, 0.011, 0.015, 0.017, 0.013
54.140, -0.201, 0.695, 1.000, 1.000, 0.000, 0.000, 0.000, 1.000, 0.000, 0.000, 0.020, 0.018, 0.012, 0.015, 0.017, 0.013
54.160, -0.203, 0.734, 1.000, 1.000, 0.000, 0.000, 0.000, 1.000, 0.000, 0.000, 0.020, 0.019, 0.011, 0.015, 0.017, 0.013
54.180, -0.216, 0.748, 1.000, 1.000, 0.000, 0.000, 0.000, 1.000, 0.000, 0.000, 0.019, 0.019, 0.011, 0.015, 0.016, 0.013
54.200, -0.242, 0.752, 1.000, 1.000, 0.000, 0.000, 0.000, 1.000, 0.000, 0.000, 0.019, 0.019, 0.010, 0.015, 0.016, 0.013
54.220, -0.275, 0.757, 1.000, 1.000, 0.000, 0.000, 0.000, 1.000, 0.000, 0.000, 0.019, 0.019, 0.010, 0.015, 0.016, 0.013
54.240, -0.316, 0.763, 1.000, 1.000, 0.000, 0.000, 0.000, 1.000, 0.000, 0.000, 0.019, 0.019, 0.010, 0.015, 0.016, 0.014
54.260, -0.375, 0.765, 1.000, 1.000, 1.000, 0.000, 0.000, 1.000, 1.000, 0.000, 0.019, 0.019, 0.010, 0.015, 0.016, 0.013
54.280, -0.398, 0.791, 1.000, 1.000, 1.000, 0.000, 0.000, 0.000, 1.000, 0.000, 0.019, 0.018, 0.010, 0.015, 0.017, 0.013
54.300, -0.429, 0.801, 1.000, 1.000, 0.000, 0.000, 0.000, 1.000, 1.000, 0.000, 0.019, 0.019, 0.010, 0.015, 0.016, 0.013
54.320, -0.480, 0.799, 1.000, 1.000, 0.000, 0.000, 0.000, 1.000, 1.000, 0.000, 0.019, 0.019, 0.010, 0.014, 0.016, 0.012
54.340, -0.560, 0.787, 1.000, 1.000, 0.000, 0.000, 0.000, 1.000, 1.000, 0.000, 0.019, 0.019, 0.010, 0.014, 0.016, 0.012
54.360, -0.615, 0.798, 1.000, 1.000, 0.000, 0.000, 0.000, 1.000, 1.000, 0.000, 0.019, 0.019, 0.010, 0.014, 0.016, 0.012
54.380, -0.619, 0.830, 1.000, 1.000, 0.000, 1.000, 0.000, 1.000, 0.575, 0.000, 0.019, 0.019, 0.011, 0.014, 0.016, 0.012
54.400, -0.561, 0.871, 1.000, 0.000, 0.000, 1.000, 0.000, 1.000, 0.000, 1.000, 0.019, 0.019, 0.011, 0.014, 0.016, 0.013
54.420, -0.495, 0.880, 1.000, 0.000, 0.000, 1.000, 0.000, 1.000, 0.000, 1.000, 0.020, 0.019, 0.011, 0.014, 0.016, 0.013
54.440, -0.419, 0.879, 1.000, 0.000, 0.039, 1.000, 0.000, 1.000, 0.000, 1.000, 0.020, 0.019, 0.011, 0.014, 0.016, 0.013
54.460, -0.327, 0.873, 1.000, 0.000, 0.000, 1.000, 0.000, 1.000, 0.000, 1.000, 0.020, 0.019, 0.012, 0.014, 0.016, 0.014
54.480, -0.211, 0.865, 1.000, 0.000, 0.000, 1.000, 0.000, 1.000, 0.000, 1.000, 0.020, 0.019, 0.012, 0.014, 0.016, 0.014
54.500, -0.157, 0.823, 1.000, 1.000, 0.000, 1.000, 0.000, 1.000, 0.000, 0.000, 0.020, 0.019, 0.012, 0.013, 0.016, 0.014
54.520, -0.359, 0.684, 1.000, 1.000, 0.000, 0.000, 0.000, 1.000, 0.000, 0.000, 0.019, 0.019, 0.011, 0.013, 0.016, 0.014
54.540, -0.486, 0.708, 1.000, 1.000, 0.000, 0.000, 1.000, 1.000, 0.000, 0.000, 0.019, 0.018, 0.011, 0.014, 0.016, 0.014
54.560, -0.494, 0.791, 1.000, 1.000, 0.000, 0.314, 1.000, 0.000, 0.000, 0.000, 0.019, 0.018, 0.011, 0.014, 0.016, 0.013
54.580, -0.575, 0.784, 1.000, 1.000, 0.000, 0.000, 1.000, 1.000, 0.000, 0.000, 0.019, 0.018, 0.012, 0.015, 0.016, 0.013
54.600, -0.605, 0.812, 1.000, 1.000, 0.000, 0.000, 0.000, 1.000, 0.000, 0.000, 0.019, 0.018, 0.012, 0.014, 0.016, 0.013
54.620, -0.630, 0.821, 1.000, 1.000, 0.000, 1.000, 0.000, 1.000, 0.000, 0.000, 0.019, 0.018, 0.011, 0.014, 0.016, 0.013
54.640, -0.638, 0.833, 1.000, 1.000, 0.000, 1.000, 0.000, 1.000, 0.000, 0.000, 0.019, 0.018, 0.011, 0.014, 0.016, 0.013
54.660, -0.639, 0.840, 1.000, 1.000, 0.000, 1.000, 0.000, 1.000, 0.000, 0.000, 0.019, 0.018, 0.011, 0.014, 0.015, 0.013
54.680, -0.636, 0.844, 1.000, 1.000, 0.000, 1.000, 0.000, 1.000, 0.000, 0.000, 0.019, 0.018, 0.011, 0.014, 0.015, 0.012
54.700, -0.615, 0.856, 1.000, 1.000, 0.000, 1.000, 1.000, 1.000, 0.000, 0.000, 0.018, 0.018, 0.011, 0.014, 0.015, 0.012
54.720, -0.603, 0.855, 1.000, 1.000, 0.000, 1.000, 1.000, 1.000, 0.000, 0.000, 0.018, 0.018, 0.011, 0.014, 0.015, 0.012
54.740, -0.598, 0.851, 1.000, 1.000, 0.000, 1.000, 1.000, 1.000, 0.000, 0.000, 0.018, 0.018, 0.011, 0.014, 0.015, 0.012
54.760, -0.617, 0.837, 1.000, 1.000, 0.000, 1.000, 0.112, 1.000, 0.000, 0.000, 0.018, 0.018, 0.011, 0.014, 0.015, 0.012
54.780, -0.614, 0.844, 1.000, 1.000, 0.000, 1.000, 1.000, 1.000, 0.000, 0.000, 0.018, 0.018, 0.010, 0.014, 0.015, 0.012
54.800, -0.596, 0.855, 1.000, 1.000, 0.000, 1.000, 1.000, 0.000, 0.000, 0.000, 0.018, 0.017, 0.010, 0.014, 0.016, 0.012
54.820, -0.559, 0.866, 1.000, 1.000, 0.000, 1.000, 1.000, 0.000, 0.000, 0.000, 0.018, 0.017, 0.010, 0.013, 0.016, 0.012
54.840, -0.524, 0.866, 1.000, 1.000, 0.000, 1.000, 1.000, 1.000, 0.000, 0.000, 0.018, 0.017, 0.010, 0.013, 0.016, 0.012
54.860, -0.489, 0.864, 1.000, 1.000, 0.000, 1.000, 0.855, 1.000, 0.000, 0.000, 0.018, 0.017, 0.010, 0.013, 0.015, 0.012
54.880, -0.471, 0.854, 1.000, 1.000, 0.000, 1.000, 0.000, 1.000, 0.000, 0.000, 0.018, 0.017, 0.010, 0.014, 0.015, 0.012
54.900, -0.456, 0.848, 1.000, 1.000, 0.000, 1.000, 1.000, 1.000, 0.000, 0.000, 0.018, 0.017, 0.010, 0.014, 0.015, 0.012
54.920, -0.430, 0.849, 1.000, 1.000, 0.000, 1.000, 1.000, 1.000, 0.000, 0.000, 0.018, 0.017, 0.010, 0.013, 0.015, 0.012
54.940, -0.399, 0.847, 1.000, 1.000, 1.000, 1.000, 0.000, 1.000, 1.000, 0.000, 0.018, 0.017, 0.010, 0.014, 0.015, 0.013
54.960, -0.311, 0.861, 1.000, 0.000, 1.000, 0.000, 0.000, 0.000, 1.000, 1.000, 0.018, 0.017, 0.011, 0.014, 0.016, 0.013
54.980, -0.192, 0.860, 1.000, 0.000, 1.000, 0.000, 0.000, 0.000, 1.000, 1.000, 0.019, 0.017, 0.011, 0.014, 0.016, 0.013
55.000, -0.028, 0.850, 1.000, 0.000, 1.000, 0.000, 0.000, 0.000, 1.000, 1.000, 0.019, 0.017, 0.011, 0.015, 0.016, 0.013
55.020, 0.196, 0.833, 1.000, 0.000, 1.000, 0.000, 0.000, 0.000, 1.000, 1.000, 0.019, 0.017, 0.012, 0.015, 0.016, 0.013
55.040, 0.250, 0.702, 1.000, 1.000, 0.000, 0.000, 0.000, 1.000, 1.000, 0.000, 0.019, 0.017, 0.012, 0.015, 0.016, 0.012
55.060, 0.371, 0.657, 1.000, 1.000, 0.000, 0.000, 0.000, 1.000, 0.000, 0.000, 0.018, 0.018, 0.012, 0.015, 0.016, 0.013
55.080, 0.547, 0.634, 1.000, 1.000, 0.000, 0.000, 0.000, 1.000, 0.000, 0.000, 0.018, 0.018, 0.012, 0.015, 0.015, 0.013
55.100, 0.722, 0.610, 1.000, 1.000, 1.000, 0.000, 0.000, 1.000, 0.000, 0.000, 0.018, 0.018, 0.012, 0.015, 0.015, 0.013
55.120, 0.828, 0.573, 1.000, 0.000, 1.000, 0.000, 0.000, 1.000, 0.000, 1.000, 0.018, 0.017, 0.011, 0.015, 0.015, 0.014
55.140, 0.867, 0.515, 1.000, 0.000, 1.000, 0.000, 0.000, 1.000, 0.000, 1.000, 0.019, 0.017, 0.011, 0.015, 0.015, 0.014
55.160, 0.876, 0.445, 1.000, 0.000, 1.000, 0.000, 0.000, 1.000, 0.000, 1.000, 0.019, 0.017, 0.011, 0.015, 0.015, 0.014
55.180, 0.874, 0.361, 1.000, 0.000, 1.000, 0.000, 0.000, 1.000, 0.000, 1.000, 0.019, 0.017, 0.011, 0.015, 0.015, 0.014
55.200, 0.868, 0.255, 1.000, 0.000, 1.000, 0.000, 0.000, 1.000, 0.000, 1.000, 0.019, 0.017, 0.011, 0.015, 0.015, 0.014
55.220, 0.858, 0.114, 1.000, 0.000, 1.000, 0.000, 0.000, 1.000, 0.000, 1.000, 0.019, 0.017, 0.011, 0.015, 0.015, 0.014
55.240, 0.844, -0.081, 0.000, 0.000, 1.000, 0.000, 0.000, 1.000, 0.000, 0.000, 0.019, 0.017, 0.011, 0.015, 0.015, 0.014
55.260, 0.813, -0.331, 0.000, 1.000, 1.000, 0.000, 1.000, 1.000, 0.000, 1.000, 0.019, 0.017, 0.011, 0.015, 0.015, 0.014
55.280, 0.762, -0.575, 0.000, 1.000, 1.000, 0.000, 1.000, 0.000, 0.000, 1.000, 0.019, 0.017, 0.011, 0.015, 0.015, 0.014
55.300, 0.719, -0.769, 0.000, 0.000, 1.000, 0.000, 1.000, 0.000, 0.000, 0.000, 0.019, 0.017, 0.011, 0.015, 0.016, 0.014
55.320, 0.659, -0.856, 0.000, 0.000, 1.000, 0.000, 1.000, 1.000, 0.000, 0.000, 0.018, 0.017, 0.010, 0.016, 0.015, 0.014
55.340, 0.593, -0.882, 0.000, 0.000, 1.000, 0.000, 1.000, 1.000, 0.000, 0.000, 0.018, 0.016, 0.010, 0.016, 0.015, 0.014
55.360, 0.526, -0.885, 0.000, 0.000, 1.000, 0.000, 1.000, 1.000, 0.000, 0.000, 0.018, 0.016, 0.010, 0.016, 0.015, 0.014
55.380, 0.453, -0.882, 0.000, 0.000, 1.000, 0.000, 1.000, 1.000, 0.000, 0.000, 0.018, 0.016, 0.010, 0.016, 0.015, 0.014
55.400, 0.368, -0.877, 0.000, 0.000, 1.000, 0.000, 1.000, 1.000, 0.000, 0.000, 0.018, 0.016, 0.010, 0.016, 0.015, 0.015
55.420, 0.264, -0.869, 0.000, 0.000, 1.000, 0.000, 1.000, 1.000, 0.000, 0.000, 0.018, 0.016, 0.010, 0.016, 0.015, 0.015
55.440, 0.125, -0.859, 0.000, 0.000, 1.000, 0.000, 1.000, 1.000, 0.000, 0.000, 0.018, 0.016, 0.010, 0.016, 0.015, 0.014
55.460, -0.065, -0.845, 0.000, 0.000, 1.000, 0.000, 1.000, 1.000, 0.000, 0.000, 0.018, 0.016, 0.010, 0.016, 0.015, 0.014
55.480, -0.390, -0.795, 0.000, 1.000, 1.000, 0.000, 1.000, 1.000, 0.000, 1.000, 0.018, 0.016, 0.010, 0.016, 0.015, 0.014
55.500, -0.672, -0.744, 0.000, 1.000, 0.000, 0.091, 0.000, 1.000, 0.000, 1.000, 0.019, 0.017, 0.010, 0.016, 0.014, 0.013
55.520, -0.818, -0.691, 0.000, 0.536, 1.000, 0.000, 0.000, 1.000, 0.000, 0.536, 0.019, 0.016, 0.010, 0.015, 0.014, 0.013
55.540, -0.872, -0.628, 0.000, 0.000, 1.000, 0.000, 0.000, 1.000, 0.000, 0.000, 0.018, 0.016, 0.010, 0.015, 0.014, 0.013
55.560, -0.884, -0.562, 0.000, 0.000, 1.000, 0.000, 0.000, 1.000, 0.000, 0.000, 0.018, 0.016, 0.011, 0.015, 0.014, 0.013
55.580, -0.884, -0.492, 0.000, 0.000, 1.000, 0.000, 0.000, 1.000, 0.000, 0.000, 0.018, 0.016, 0.011, 0.015, 0.014, 0.013
55.600, -0.880, -0.415, 0.000, 0.000, 0.000, 1.000, 0.000, 1.000, 0.000, 0.000, 0.018, 0.017, 0.011, 0.016, 0.014, 0.013
55.620, -0.874, -0.322, 0.000, 0.000, 0.000, 1.000, 0.000, 1.000, 0.000, 0.000, 0.018, 0.017, 0.011, 0.016, 0.014, 0.013
55.640, -0.865, -0.204, 0.000, 0.000, 1.000, 0.000, 0.000, 1.000, 0.000, 0.000, 0.018, 0.017, 0.011, 0.016, 0.014, 0.013
55.660, -0.853, -0.043, 0.000, 0.000, 1.000, 0.000, 0.000, 1.000, 0.000, 0.000, 0.018, 0.016, 0.011, 0.016, 0.014, 0.013
55.680, -0.836, 0.177, 1.000, 0.000, 1.000, 0.000, 0.000, 1.000, 0.000, 1.000, 0.018, 0.016, 0.011, 0.016, 0.014, 0.013
55.700, -0.808, 0.448, 1.000, 0.000, 1.000, 0.000, 0.000, 1.000, 0.000, 1.000, 0.018, 0.016, 0.012, 0.016, 0.014, 0.013
55.720, -0.773, 0.681, 1.000, 1.000, 1.000, 0.000, 0.000, 1.000, 0.000, 0.000, 0.018, 0.016, 0.012, 0.016, 0.014, 0.013
55.740, -0.744, 0.790, 1.000, 1.000, 1.000, 0.000, 0.000, 1.000, 0.000, 0.000, 0.018, 0.016, 0.012, 0.016, 0.014, 0.013
55.760, -0.675, 0.865, 1.000, 0.000, 1.000, 1.000, 0.000, 1.000, 0.000, 1.000, 0.018, 0.016, 0.011, 0.017, 0.014, 0.013
55.780, -0.645, 0.864, 1.000, 1.000, 1.000, 1.000, 0.000, 1.000, 0.000, 0.000, 0.018, 0.016, 0.011, 0.017, 0.014, 0.013
55.800, -0.631, 0.857, 1.000, 1.000, 0.000, 1.000, 1.000, 1.000, 0.000, 0.000, 0.018, 0.016, 0.011, 0.016, 0.014, 0.013
55.820, -0.604, 0.862, 1.000, 1.000, 0.000, 1.000, 1.000, 0.000, 0.000, 0.000, 0.018, 0.017, 0.011, 0.016, 0.014, 0.013
55.840, -0.563, 0.870, 1.000, 1.000, 1.000, 0.000, 1.000, 0.000, 0.273, 0.000, 0.017, 0.016, 0.011, 0.015, 0.015, 0.013
55.860, -0.497, 0.880, 1.000, 0.000, 1.000, 0.000, 1.000, 0.000, 0.225, 1.000, 0.018, 0.016, 0.012, 0.015, 0.015, 0.013
55.880, -0.421, 0.879, 1.000, 0.000, 1.000, 0.000, 0.000, 0.000, 1.000, 1.000, 0.018, 0.016, 0.012, 0.016, 0.015, 0.013
55.900, -0.331, 0.874, 1.000, 0.000, 1.000, 0.000, 0.000, 0.000, 1.000, 1.000, 0.019, 0.016, 0.012, 0.016, 0.015, 0.013
55.920, -0.345, 0.824, 1.000, 1.000, 1.000, 0.000, 0.000, 0.000, 1.000, 0.000, 0.018, 0.016, 0.012, 0.016, 0.015, 0.013
55.940, -0.416, 0.786, 1.000, 1.000, 0.000, 0.000, 0.000, 0.000, 1.000, 0.000, 0.018, 0.016, 0.012, 0.017, 0.015, 0.013
55.960, -0.496, 0.779, 1.000, 1.000, 0.000, 0.000, 0.150, 0.000, 1.000, 0.000, 0.018, 0.017, 0.012, 0.017, 0.016, 0.012
55.980, -0.553, 0.794, 1.000, 1.000, 0.000, 0.000, 0.000, 0.000, 1.000, 0.000, 0.017, 0.017, 0.012, 0.017, 0.016, 0.012
56.000, -0.589, 0.811, 1.000, 1.000, 0.000, 0.000, 0.000, 0.000, 1.000, 0.000, 0.017, 0.017, 0.012, 0.017, 0.016, 0.012
56.020, -0.628, 0.814, 1.000, 1.000, 0.000, 0.000, 0.000, 0.000, 1.000, 0.000, 0.017, 0.017, 0.012, 0.017, 0.015, 0.012
56.040, -0.640, 0.829, 1.000, 1.000, 0.000, 0.000, 1.000, 0.000, 1.000, 0.000, 0.017, 0.017, 0.012, 0.017, 0.015, 0.012
56.060, -0.650, 0.833, 1.000, 1.000, 0.000, 0.000, 1.000, 0.000, 1.000, 0.000, 0.017, 0.017, 0.012, 0.017, 0.015, 0.012
56.080, -0.679, 0.818, 1.000, 1.000, 0.000, 0.000, 1.000, 0.000, 1.000, 0.000, 0.017, 0.017, 0.011, 0.017, 0.014, 0.012
56.100, -0.697, 0.817, 1.000, 1.000, 0.000, 0.000, 1.000, 0.000, 1.000, 0.000, 0.017, 0.017, 0.011, 0.017, 0.014, 0.012
56.120, -0.702, 0.823, 1.000, 1.000, 0.000, 0.000, 1.000, 0.000, 1.000, 0.000, 0.017, 0.017, 0.011, 0.017, 0.014, 0.012
56.140, -0.702, 0.827, 1.000, 1.000, 0.000, 0.000, 1.000, 0.000, 1.000, 0.000, 0.017, 0.018, 0.011, 0.017, 0.014, 0.012
56.160, -0.699, 0.831, 1.000, 1.000, 0.000, 0.000, 1.000, 0.000, 1.000, 0.000, 0.017, 0.018, 0.011, 0.017, 0.014, 0.012
56.180, -0.696, 0.833, 1.000, 1.000, 0.000, 0.000, 1.000, 0.000, 1.000, 0.000, 0.017, 0.018, 0.011, 0.017, 0.014, 0.012
56.200, -0.681, 0.843, 1.000, 1.000, 0.000, 0.000, 1.000, 0.000, 1.000, 0.000, 0.017, 0.018, 0.011, 0.017, 0.014, 0.012
56.220, -0.673, 0.843, 1.000, 1.000, 0.000, 0.000, 1.000, 0.000, 1.000, 0.000, 0.017, 0.018, 0.011, 0.017, 0.014, 0.012
56.240, -0.681, 0.833, 1.000, 1.000, 0.000, 0.000, 1.000, 0.000, 1.000, 0.000, 0.017, 0.018, 0.011, 0.017, 0.014, 0.012
56.260, -0.692, 0.826, 1.000, 1.000, 0.000, 0.000, 1.000, 0.000, 1.000, 0.000, 0.017, 0.017, 0.011, 0.018, 0.014, 0.012
56.280, -0.692, 0.830, 1.000, 1.000, 0.000, 0.000, 1.000, 0.000, 1.000, 0.000, 0.017, 0.017, 0.011, 0.018, 0.014, 0.012
56.300, -0.703, 0.823, 1.000, 1.000, 0.000, 0.000, 0.593, 1.000, 1.000, 0.000, 0.017, 0.017, 0.011, 0.017, 0.014, 0.012
56.320, -0.638, 0.873, 1.000, 0.129, 0.000, 1.000, 0.197, 0.000, 1.000, 0.871, 0.017, 0.017, 0.011, 0.017, 0.014, 0.012
56.340, -0.679, 0.821, 1.000, 1.000, 0.000, 0.000, 1.000, 1.000, 1.000, 0.000, 0.017, 0.016, 0.011, 0.017, 0.015, 0.012
56.360, -0.670, 0.839, 1.000, 1.000, 0.000, 0.000, 1.000, 0.000, 1.000, 0.000, 0.017, 0.016, 0.011, 0.017, 0.014, 0.012
56.380, -0.672, 0.837, 1.000, 1.000, 0.000, 0.000, 1.000, 0.000, 1.000, 0.000, 0.017, 0.016, 0.011, 0.018, 0.014, 0.012
56.400, -0.648, 0.854, 1.000, 1.000, 0.000, 1.000, 1.000, 0.000, 1.000, 0.000, 0.016, 0.016, 0.011, 0.017, 0.014, 0.012
56.420, -0.594, 0.876, 1.000, 1.000, 0.000, 1.000, 1.000, 0.000, 1.000, 0.000, 0.016, 0.016, 0.012, 0.017, 0.014, 0.012
56.440, -0.527, 0.884, 1.000, 0.000, 0.000, 1.000, 0.000, 1.000, 0.000, 1.000, 0.017, 0.016, 0.012, 0.017, 0.014, 0.012
56.460, -0.455, 0.882, 1.000, 0.000, 0.000, 1.000, 0.000, 1.000, 0.000, 1.000, 0.017, 0.016, 0.012, 0.017, 0.014, 0.013
56.480, -0.371, 0.877, 1.000, 0.000, 0.000, 1.000, 0.000, 1.000, 0.000, 1.000, 0.018, 0.016, 0.011, 0.018, 0.014, 0.013
56.500, -0.413, 0.820, 1.000, 1.000, 0.000, 1.000, 0.000, 1.000, 0.000, 0.000, 0.017, 0.016, 0.011, 0.018, 0.014, 0.013
56.520, -0.497, 0.788, 1.000, 1.000, 0.000, 0.000, 1.000, 0.000, 0.000, 0.000, 0.017, 0.016, 0.012, 0.017, 0.014, 0.013
56.540, -0.460, 0.839, 1.000, 1.000, 1.000, 1.000, 1.000, 1.000, 0.000, 0.000, 0.017, 0.016, 0.011, 0.017, 0.014, 0.013
56.560, -0.389, 0.862, 1.000, 0.187, 0.000, 1.000, 1.000, 1.000, 0.000, 0.813, 0.017, 0.016, 0.011, 0.017, 0.014, 0.013
56.580, -0.389, 0.835, 1.000, 1.000, 0.000, 1.000, 1.000, 0.000, 0.000, 0.000, 0.017, 0.016, 0.011, 0.017, 0.014, 0.013
56.600, -0.309, 0.854, 1.000, 1.000, 0.000, 1.000, 1.000, 0.000, 0.000, 0.000, 0.017, 0.016, 0.011, 0.016, 0.015, 0.013
56.620, -0.291, 0.826, 1.000, 1.000, 0.000, 1.000, 1.000, 1.000, 0.000, 0.000, 0.016, 0.016, 0.011, 0.016, 0.014, 0.013
56.640, -0.234, 0.827, 1.000, 1.000, 0.000, 1.000, 0.000, 1.000, 0.000, 0.000, 0.016, 0.016, 0.011, 0.017, 0.014, 0.013
56.660, -0.151, 0.824, 1.000, 1.000, 0.000, 1.000, 0.000, 1.000, 0.000, 0.000, 0.016, 0.016, 0.011, 0.017, 0.014, 0.012
56.680, -0.080, 0.802, 1.000, 1.000, 0.000, 1.000, 1.000, 1.000, 0.000, 0.000, 0.016, 0.016, 0.011, 0.017, 0.014, 0.012
56.700, -0.040, 0.765, 1.000, 1.000, 0.000, 0.755, 1.000, 0.000, 0.000, 0.000, 0.016, 0.016, 0.011, 0.017, 0.014, 0.012
56.720, 0.143, 0.790, 1.000, 1.000, 0.000, 1.000, 1.000, 1.000, 0.000, 0.000, 0.016, 0.017, 0.011, 0.016, 0.014, 0.012
56.740, 0.399, 0.788, 1.000, 0.000, 0.000, 1.000, 0.000, 1.000, 0.000, 1.000, 0.017, 0.017, 0.011, 0.017, 0.014, 0.012
56.760, 0.652, 0.758, 1.000, 0.000, 0.000, 1.000, 1.000, 1.000, 0.000, 1.000, 0.017, 0.017, 0.011, 0.017, 0.014, 0.012
56.780, 0.809, 0.706, 1.000, 0.000, 0.000, 1.000, 1.000, 0.000, 0.000, 1.000, 0.017, 0.017, 0.011, 0.016, 0.014, 0.012
56.800, 0.869, 0.642, 1.000, 0.000, 0.000, 1.000, 1.000, 0.000, 0.000, 1.000, 0.017, 0.017, 0.011, 0.016, 0.015, 0.012
56.820, 0.885, 0.575, 1.000, 0.000, 1.000, 1.000, 1.000, 0.000, 0.000, 1.000, 0.017, 0.017, 0.011, 0.016, 0.015, 0.012
56.840, 0.885, 0.506, 1.000, 0.000, 1.000, 0.000, 1.000, 0.000, 0.000, 1.000, 0.018, 0.016, 0.011, 0.016, 0.015, 0.012
56.860, 0.881, 0.431, 1.000, 0.000, 1.000, 0.000, 1.000, 0.000, 0.000, 1.000, 0.018, 0.016, 0.011, 0.016, 0.015, 0.012
56.880, 0.875, 0.342, 1.000, 0.000, 1.000, 1.000, 1.000, 0.000, 0.000, 1.000, 0.018, 0.016, 0.011, 0.016, 0.015, 0.012
56.900, 0.867, 0.229, 1.000, 0.000, 1.000, 1.000, 1.000, 0.000, 0.000, 1.000, 0.018, 0.016, 0.011, 0.016, 0.015, 0.012
56.920, 0.856, 0.078, 1.000, 0.000, 1.000, 1.000, 1.000, 0.000, 0.000, 1.000, 0.018, 0.016, 0.011, 0.016, 0.015, 0.012
56.940, 0.840, -0.129, 0.000, 0.000, 1.000, 0.000, 0.000, 0.000, 1.000, 0.000, 0.017, 0.016, 0.011, 0.017, 0.015, 0.012
56.960, 0.814, -0.394, 0.000, 0.000, 1.000, 0.000, 0.000, 0.000, 1.000, 0.000, 0.017, 0.016, 0.012, 0.017, 0.015, 0.013
56.980, 0.774, -0.652, 0.000, 0.000, 1.000, 0.000, 0.000, 0.020, 1.000, 0.000, 0.017, 0.016, 0.012, 0.017, 0.015, 0.013
57.000, 0.717, -0.811, 0.000, 0.000, 1.000, 0.000, 1.000, 0.000, 1.000, 0.000, 0.017, 0.016, 0.012, 0.017, 0.016, 0.013
57.020, 0.651, -0.871, 0.000, 0.000, 1.000, 0.000, 1.000, 0.000, 0.000, 0.000, 0.016, 0.016, 0.012, 0.016, 0.016, 0.013
57.040, 0.583, -0.886, 0.000, 0.000, 1.000, 0.000, 1.000, 0.000, 0.000, 0.000, 0.016, 0.015, 0.012, 0.016, 0.016, 0.013
57.060, 0.514, -0.886, 0.000, 0.000, 1.000, 0.000, 1.000, 0.000, 0.000, 0.000, 0.016, 0.015, 0.012, 0.016, 0.016, 0.013
57.080, 0.439, -0.882, 0.000, 0.000, 1.000, 0.000, 1.000, 0.000, 0.000, 0.000, 0.016, 0.015, 0.012, 0.016, 0.015, 0.013
57.100, 0.352, -0.876, 0.000, 0.000, 1.000, 0.000, 1.000, 0.000, 0.000, 0.000, 0.016, 0.015, 0.012, 0.016, 0.015, 0.014
57.120, 0.243, -0.868, 0.000, 0.000, 1.000, 0.000, 1.000, 0.000, 0.000, 0.000, 0.016, 0.015, 0.012, 0.016, 0.015, 0.014
57.140, 0.097, -0.857, 0.000, 0.000, 1.000, 0.000, 1.000, 0.000, 0.000, 0.000, 0.016, 0.015, 0.012, 0.016, 0.014, 0.014
57.160, -0.104, -0.842, 0.000, 0.000, 1.000, 0.000, 1.000, 0.000, 1.000, 0.000, 0.016, 0.015, 0.011, 0.016, 0.014, 0.013
57.180, -0.363, -0.818, 0.000, 0.000, 1.000, 0.000, 1.000, 0.000, 1.000, 0.000, 0.016, 0.015, 0.011, 0.016, 0.014, 0.013
57.200, -0.689, -0.734, 0.000, 1.000, 1.000, 0.000, 1.000, 0.000, 1.000, 1.000, 0.017, 0.015, 0.011, 0.016, 0.014, 0.013
57.220, -0.840, -0.647, 0.000, 1.000, 0.000, 0.000, 0.000, 0.000, 1.000, 1.000, 0.017, 0.016, 0.011, 0.016, 0.014, 0.012
57.240, -0.877, -0.577, 0.000, 1.000, 1.000, 0.000, 1.000, 0.000, 1.000, 1.000, 0.017, 0.015, 0.011, 0.016, 0.014, 0.012
57.260, -0.883, -0.510, 0.000, 0.000, 1.000, 0.000, 1.000, 0.000, 1.000, 0.000, 0.017, 0.015, 0.011, 0.016, 0.014, 0.012
57.280, -0.881, -0.435, 0.000, 0.000, 1.000, 0.000, 1.000, 0.000, 1.000, 0.000, 0.016, 0.015, 0.011, 0.016, 0.014, 0.012
57.300, -0.875, -0.348, 0.000, 0.000, 1.000, 0.000, 1.000, 0.000, 1.000, 0.000, 0.016, 0.015, 0.011, 0.016, 0.014, 0.012
57.320, -0.867, -0.237, 0.000, 0.000, 1.000, 0.000, 1.000, 0.000, 1.000, 0.000, 0.016, 0.015, 0.011, 0.016, 0.014, 0.012
57.340, -0.857, -0.089, 0.000, 0.000, 1.000, 0.000, 1.000, 0.000, 0.000, 0.000, 0.016, 0.015, 0.011, 0.015, 0.014, 0.013
57.360, -0.841, 0.115, 1.000, 0.000, 1.000, 0.000, 1.000, 1.000, 0.000, 1.000, 0.017, 0.015, 0.011, 0.015, 0.015, 0.013
57.380, -0.816, 0.377, 1.000, 0.000, 1.000, 1.000, 0.000, 1.000, 0.000, 1.000, 0.017, 0.015, 0.011, 0.016, 0.015, 0.013
57.400, -0.777, 0.639, 1.000, 0.000, 0.000, 1.000, 0.000, 1.000, 0.000, 1.000, 0.017, 0.015, 0.012, 0.016, 0.015, 0.013
57.420, -0.720, 0.805, 1.000, 0.000, 0.000, 1.000, 0.000, 1.000, 0.000, 1.000, 0.017, 0.016, 0.012, 0.017, 0.015, 0.014
57.440, -0.654, 0.869, 1.000, 0.000, 0.000, 1.000, 0.000, 1.000, 0.000, 1.000, 0.017, 0.016, 0.012, 0.017, 0.015, 0.014
57.460, -0.587, 0.885, 1.000, 0.000, 0.000, 1.000, 0.000, 1.000, 0.000, 1.000, 0.017, 0.016, 0.012, 0.017, 0.015, 0.014
57.480, -0.518, 0.886, 1.000, 0.000, 0.000, 1.000, 0.000, 1.000, 0.000, 1.000, 0.018, 0.016, 0.012, 0.017, 0.015, 0.014
57.500, -0.444, 0.882, 1.000, 0.050, 0.000, 1.000, 0.000, 1.000, 0.000, 0.950, 0.018, 0.016, 0.012, 0.017, 0.014, 0.014
57.520, -0.359, 0.876, 1.000, 0.076, 0.000, 1.000, 0.000, 1.000, 0.000, 0.924, 0.018, 0.016, 0.012, 0.017, 0.014, 0.013
57.540, -0.252, 0.868, 1.000, 0.038, 0.000, 1.000, 0.000, 1.000, 0.000, 0.962, 0.018, 0.017, 0.011, 0.017, 0.014, 0.013
57.560, -0.109, 0.858, 1.000, 0.000, 0.000, 1.000, 0.000, 1.000, 0.000, 1.000, 0.018, 0.017, 0.011, 0.017, 0.014, 0.013
57.580, 0.059, 0.835, 1.000, 1.000, 0.000, 1.000, 0.000, 1.000, 0.000, 0.000, 0.017, 0.017, 0.011, 0.017, 0.014, 0.013
57.600, -0.245, 0.553, 1.000, 1.000, 0.000, 0.000, 0.000, 1.000, 0.000, 0.000, 0.017, 0.017, 0.012, 0.017, 0.014, 0.013
57.620, -0.459, 0.577, 1.000, 1.000, 0.000, 0.000, 0.000, 1.000, 0.000, 0.000, 0.017, 0.017, 0.012, 0.017, 0.014, 0.013
57.640, -0.484, 0.718, 1.000, 1.000, 0.164, 0.000, 0.000, 1.000, 0.000, 0.000, 0.016, 0.017, 0.012, 0.017, 0.014, 0.013
57.660, -0.504, 0.789, 1.000, 1.000, 0.000, 0.000, 0.000, 1.000, 0.000, 0.000, 0.016, 0.017, 0.012, 0.017, 0.014, 0.012
57.680, -0.544, 0.807, 1.000, 1.000, 0.000, 0.000, 0.000, 1.000, 0.000, 0.000, 0.016, 0.017, 0.013, 0.017, 0.014, 0.012
57.700, -0.572, 0.820, 1.000, 1.000, 0.000, 0.000, 0.000, 1.000, 0.000, 0.000, 0.016, 0.017, 0.013, 0.018, 0.014, 0.012
57.720, -0.598, 0.824, 1.000, 1.000, 0.000, 0.000, 0.000, 1.000, 0.000, 0.000, 0.016, 0.017, 0.013, 0.017, 0.014, 0.012
57.740, -0.621, 0.827, 1.000, 1.000, 0.000, 0.000, 0.000, 1.000, 0.000, 0.000, 0.016, 0.016, 0.013, 0.017, 0.014, 0.012
57.760, -0.644, 0.826, 1.000, 1.000, 0.000, 0.000, 0.000, 1.000, 0.000, 0.000, 0.016, 0.016, 0.013, 0.016, 0.014, 0.012
57.780, -0.665, 0.824, 1.000, 1.000, 0.000, 0.000, 0.000, 1.000, 0.000, 0.000, 0.016, 0.016, 0.013, 0.016, 0.014, 0.012
57.800, -0.674, 0.828, 1.000, 1.000, 0.000, 0.000, 0.000, 1.000, 0.000, 0.000, 0.016, 0.016, 0.013, 0.016, 0.014, 0.012
57.820, -0.675, 0.835, 1.000, 1.000, 0.000, 0.000, 0.000, 1.000, 0.000, 0.000, 0.016, 0.016, 0.013, 0.016, 0.014, 0.012
57.840, -0.674, 0.837, 1.000, 1.000, 0.000, 0.000, 0.000, 1.000, 1.000, 0.000, 0.016, 0.016, 0.013, 0.016, 0.013, 0.013
57.860, -0.677, 0.835, 1.000, 1.000, 0.000, 0.000, 0.000, 1.000, 0.562, 0.000, 0.016, 0.016, 0.013, 0.016, 0.013, 0.013
57.880, -0.680, 0.834, 1.000, 1.000, 0.000, 0.000, 0.000, 1.000, 1.000, 0.000, 0.016, 0.015, 0.013, 0.016, 0.013, 0.013
57.900, -0.686, 0.831, 1.000, 1.000, 0.000, 0.000, 0.000, 0.000, 1.000, 0.000, 0.016, 0.015, 0.013, 0.016, 0.014, 0.013
57.920, -0.690, 0.830, 1.000, 1.000, 0.000, 0.000, 0.000, 0.000, 1.000, 0.000, 0.016, 0.015, 0.013, 0.016, 0.014, 0.014
57.940, -0.692, 0.830, 1.000, 1.000, 0.000, 0.000, 0.000, 0.000, 1.000, 0.000, 0.016, 0.015, 0.014, 0.016, 0.015, 0.013
57.960, -0.696, 0.828, 1.000, 1.000, 0.000, 0.000, 0.000, 0.000, 1.000, 0.000, 0.016, 0.015, 0.013, 0.016, 0.015, 0.013
57.980, -0.700, 0.826, 1.000, 1.000, 0.000, 0.000, 0.000, 0.000, 1.000, 0.000, 0.016, 0.015, 0.013, 0.016, 0.015, 0.013
58.000, -0.664, 0.857, 1.000, 1.000, 1.000, 0.000, 0.000, 1.000, 0.000, 0.000, 0.016, 0.016, 0.012, 0.016, 0.014, 0.013
58.020, -0.598, 0.882, 1.000, 0.000, 1.000, 0.000, 0.000, 1.000, 0.000, 1.000, 0.016, 0.016, 0.012, 0.016, 0.014, 0.013
58.040, -0.530, 0.886, 1.000, 0.000, 1.000, 0.000, 0.000, 1.000, 0.000, 1.000, 0.016, 0.016, 0.012, 0.016, 0.014, 0.014
58.060, -0.457, 0.883, 1.000, 0.000, 1.000, 0.000, 0.000, 1.000, 1.000, 1.000, 0.017, 0.017, 0.012, 0.016, 0.014, 0.013
58.080, -0.374, 0.877, 1.000, 0.000, 1.000, 0.000, 0.000, 0.000, 1.000, 1.000, 0.017, 0.017, 0.012, 0.015, 0.014, 0.013
58.100, -0.271, 0.870, 1.000, 0.000, 1.000, 0.000, 0.000, 0.000, 1.000, 1.000, 0.017, 0.017, 0.012, 0.015, 0.015, 0.013
58.120, -0.433, 0.746, 1.000, 1.000, 0.000, 0.000, 0.000, 0.000, 1.000, 0.000, 0.016, 0.017, 0.012, 0.015, 0.015, 0.013
58.140, -0.465, 0.788, 1.000, 1.000, 0.000, 0.000, 1.000, 0.000, 1.000, 0.000, 0.016, 0.017, 0.012, 0.016, 0.015, 0.012
58.160, -0.440, 0.831, 1.000, 1.000, 0.000, 0.099, 1.000, 0.000, 1.000, 0.000, 0.016, 0.017, 0.012, 0.016, 0.015, 0.012
58.180, -0.498, 0.807, 1.000, 1.000, 0.000, 0.000, 1.000, 0.000, 1.000, 0.000, 0.016, 0.017, 0.012, 0.016, 0.015, 0.012
58.200, -0.523, 0.819, 1.000, 1.000, 0.000, 0.000, 1.000, 0.000, 1.000, 0.000, 0.016, 0.017, 0.012, 0.015, 0.015, 0.012
58.220, -0.506, 0.844, 1.000, 1.000, 1.000, 0.000, 1.000, 0.000, 1.000, 0.000, 0.016, 0.017, 0.012, 0.015, 0.015, 0.012
58.240, -0.460, 0.860, 1.000, 1.000, 0.000, 1.000, 1.000, 0.000, 1.000, 0.000, 0.016, 0.017, 0.012, 0.015, 0.015, 0.012
58.260, -0.478, 0.835, 1.000, 1.000, 1.000, 0.000, 1.000, 0.000, 1.000, 0.000, 0.015, 0.016, 0.012, 0.015, 0.015, 0.012
58.280, -0.476, 0.838, 1.000, 1.000, 1.000, 0.000, 1.000, 0.000, 1.000, 0.000, 0.015, 0.016, 0.012, 0.015, 0.015, 0.012
58.300, -0.485, 0.834, 1.000, 1.000, 1.000, 0.000, 1.000, 0.000, 1.000, 0.000, 0.015, 0.016, 0.012, 0.015, 0.015, 0.012
58.320, -0.468, 0.845, 1.000, 1.000, 1.000, 0.000, 1.000, 0.000, 1.000, 0.000, 0.015, 0.016, 0.012, 0.015, 0.014, 0.012
58.340, -0.407, 0.861, 1.000, 1.000, 1.000, 0.000, 1.000, 0.000, 1.000, 0.000, 0.015, 0.016, 0.012, 0.015, 0.014, 0.012
58.360, -0.356, 0.855, 1.000, 1.000, 1.000, 0.000, 1.000, 0.000, 1.000, 0.000, 0.015, 0.016, 0.012, 0.015, 0.014, 0.012
58.380, -0.385, 0.817, 1.000, 1.000, 0.135, 0.000, 1.000, 0.000, 1.000, 0.000, 0.015, 0.016, 0.012, 0.015, 0.014, 0.012
58.400, -0.347, 0.834, 1.000, 1.000, 1.000, 0.000, 1.000, 0.000, 1.000, 0.000, 0.015, 0.016, 0.012, 0.015, 0.014, 0.012
58.420, -0.247, 0.852, 1.000, 0.000, 1.000, 0.000, 1.000, 0.000, 1.000, 1.000, 0.016, 0.016, 0.013, 0.015, 0.014, 0.012
58.440, -0.106, 0.852, 1.000, 0.000, 0.000, 1.000, 1.000, 0.000, 0.000, 1.000, 0.016, 0.016, 0.012, 0.015, 0.014, 0.012
58.460, 0.089, 0.840, 1.000, 0.000, 0.000, 1.000, 1.000, 0.000, 0.000, 1.000, 0.016, 0.017, 0.012, 0.015, 0.014, 0.013
58.480, 0.346, 0.818, 1.000, 0.000, 0.000, 1.000, 1.000, 0.000, 0.000, 1.000, 0.016, 0.017, 0.012, 0.015, 0.014, 0.013
58.500, 0.612, 0.781, 1.000, 0.000, 0.000, 1.000, 1.000, 1.000, 0.000, 1.000, 0.017, 0.017, 0.012, 0.015, 0.014, 0.013
58.520, 0.792, 0.727, 1.000, 0.000, 0.000, 1.000, 0.000, 1.000, 0.000, 1.000, 0.017, 0.017, 0.012, 0.015, 0.015, 0.013
58.540, 0.865, 0.662, 1.000, 0.000, 0.000, 1.000, 0.000, 1.000, 0.000, 1.000, 0.017, 0.017, 0.012, 0.016, 0.015, 0.013
58.560, 0.884, 0.594, 1.000, 0.000, 0.000, 1.000, 0.000, 1.000, 0.000, 1.000, 0.017, 0.017, 0.012, 0.016, 0.015, 0.014
58.580, 0.886, 0.525, 1.000, 0.195, 0.000, 1.000, 0.000, 1.000, 0.000, 0.805, 0.017, 0.017, 0.012, 0.016, 0.015, 0.014
58.600, 0.883, 0.452, 1.000, 0.096, 0.000, 1.000, 0.000, 1.000, 0.000, 0.904, 0.017, 0.017, 0.012, 0.016, 0.015, 0.013
58.620, 0.877, 0.367, 1.000, 0.125, 0.000, 1.000, 0.000, 1.000, 0.000, 0.875, 0.017, 0.017, 0.011, 0.016, 0.015, 0.013
58.640, 0.869, 0.262, 1.000, 0.000, 0.000, 1.000, 1.000, 1.000, 0.000, 1.000, 0.017, 0.017, 0.011, 0.016, 0.015, 0.013
58.660, 0.859, 0.122, 1.000, 0.000, 0.000, 1.000, 1.000, 1.000, 0.000, 1.000, 0.017, 0.017, 0.011, 0.015, 0.014, 0.012
58.680, 0.845, -0.069, 0.000, 0.000, 0.000, 1.000, 1.000, 0.000, 0.000, 0.000, 0.017, 0.018, 0.011, 0.015, 0.015, 0.012
58.700, 0.797, -0.308, 0.000, 1.000, 0.000, 1.000, 1.000, 0.000, 0.083, 1.000, 0.017, 0.018, 0.011, 0.015, 0.015, 0.012
58.720, 0.722, -0.519, 0.000, 1.000, 0.000, 0.000, 0.000, 0.395, 0.811, 1.000, 0.017, 0.018, 0.012, 0.016, 0.015, 0.013
58.740, 0.658, -0.696, 0.000, 1.000, 0.000, 0.000, 0.000, 0.139, 0.334, 1.000, 0.017, 0.017, 0.012, 0.016, 0.015, 0.013
58.760, 0.564, -0.788, 0.000, 1.000, 0.000, 0.000, 0.000, 1.000, 0.000, 1.000, 0.017, 0.017, 0.013, 0.016, 0.015, 0.012
58.780, 0.421, -0.811, 0.000, 1.000, 0.000, 1.000, 0.000, 1.000, 0.000, 1.000, 0.017, 0.017, 0.012, 0.016, 0.015, 0.012
58.800, 0.252, -0.817, 0.000, 1.000, 0.000, 1.000, 0.000, 1.000, 0.000, 1.000, 0.017, 0.016, 0.012, 0.016, 0.014, 0.012
58.820, -0.035, -0.787, 0.000, 1.000, 0.000, 1.000, 0.000, 1.000, 0.000, 1.000, 0.017, 0.016, 0.012, 0.016, 0.014, 0.012
58.840, -0.391, -0.747, 0.000, 1.000, 0.000, 0.000, 0.000, 1.000, 0.000, 1.000, 0.017, 0.016, 0.012, 0.016, 0.014, 0.012
58.860, -0.691, -0.692, 0.000, 1.000, 0.000, 0.000, 0.000, 1.000, 1.000, 1.000, 0.018, 0.016, 0.012, 0.016, 0.014, 0.013
58.880, -0.853, -0.577, 0.000, 1.000, 0.000, 0.000, 0.000, 0.000, 1.000, 1.000, 0.018, 0.016, 0.013, 0.015, 0.015, 0.013
58.900, -0.881, -0.478, 0.000, 1.000, 0.000, 1.000, 0.000, 0.000, 1.000, 1.000, 0.018, 0.016, 0.012, 0.015, 0.015, 0.013
58.920, -0.881, -0.369, 0.000, 1.000, 0.000, 1.000, 0.000, 0.000, 1.000, 1.000, 0.018, 0.016, 0.012, 0.015, 0.015, 0.013
58.940, -0.872, -0.254, 0.000, 1.000, 1.000, 1.000, 0.254, 0.000, 1.000, 1.000, 0.018, 0.016, 0.012, 0.015, 0.015, 0.014
58.960, -0.860, -0.112, 0.000, 0.000, 1.000, 0.000, 0.000, 0.000, 1.000, 0.000, 0.017, 0.017, 0.012, 0.015, 0.015, 0.014
58.980, -0.844, 0.084, 1.000, 0.000, 1.000, 0.000, 0.000, 0.000, 1.000, 1.000, 0.017, 0.017, 0.013, 0.015, 0.016, 0.013
59.000, -0.820, 0.340, 1.000, 0.000, 1.000, 0.000, 0.000, 0.000, 1.000, 1.000, 0.018, 0.017, 0.012, 0.015, 0.016, 0.013
59.020, -0.783, 0.608, 1.000, 0.051, 1.000, 0.000, 0.000, 0.000, 1.000, 0.949, 0.018, 0.017, 0.012, 0.015, 0.016, 0.013
59.040, -0.729, 0.790, 1.000, 0.000, 1.000, 0.000, 0.000, 0.000, 1.000, 1.000, 0.018, 0.017, 0.012, 0.015, 0.016, 0.012
59.060, -0.664, 0.864, 1.000, 0.000, 1.000, 0.000, 0.052, 0.000, 1.000, 1.000, 0.018, 0.018, 0.012, 0.015, 0.016, 0.012
59.080, -0.596, 0.884, 1.000, 0.000, 1.000, 0.000, 0.048, 0.000, 1.000, 1.000, 0.018, 0.017, 0.012, 0.015, 0.016, 0.012
59.100, -0.691, 0.789, 1.000, 1.000, 1.000, 0.000, 0.000, 0.000, 1.000, 0.000, 0.017, 0.017, 0.012, 0.015, 0.016, 0.012
59.120, -0.666, 0.841, 1.000, 1.000, 1.000, 0.000, 1.000, 0.000, 1.000, 0.000, 0.017, 0.016, 0.011, 0.015, 0.016, 0.012
59.140, -0.679, 0.830, 1.000, 1.000, 0.000, 0.000, 1.000, 0.000, 1.000, 0.000, 0.017, 0.017, 0.011, 0.016, 0.016, 0.012
59.160, -0.681, 0.832, 1.000, 1.000, 0.000, 0.000, 1.000, 0.000, 1.000, 0.000, 0.017, 0.017, 0.011, 0.016, 0.016, 0.012
59.180, -0.683, 0.834, 1.000, 1.000, 0.000, 0.000, 1.000, 0.000, 1.000, 0.000, 0.017, 0.017, 0.011, 0.016, 0.016, 0.012
59.200, -0.681, 0.836, 1.000, 1.000, 0.000, 0.000, 1.000, 0.000, 1.000, 0.000, 0.017, 0.018, 0.011, 0.016, 0.016, 0.012
59.220, -0.680, 0.836, 1.000, 1.000, 0.000, 0.000, 1.000, 0.000, 1.000, 0.000, 0.017, 0.018, 0.011, 0.016, 0.016, 0.012
59.240, -0.690, 0.828, 1.000, 1.000, 0.000, 0.000, 1.000, 0.000, 1.000, 0.000, 0.016, 0.018, 0.011, 0.015, 0.015, 0.012
59.260, -0.648, 0.861, 1.000, 1.000, 1.000, 0.000, 1.000, 0.000, 1.000, 0.000, 0.016, 0.017, 0.011, 0.015, 0.015, 0.012
59.280, -0.591, 0.879, 1.000, 1.000, 1.000, 0.000, 1.000, 0.000, 1.000, 0.000, 0.016, 0.017, 0.011, 0.015, 0.015, 0.012
59.300, -0.617, 0.840, 1.000, 1.000, 1.000, 0.000, 1.000, 0.000, 1.000, 0.000, 0.016, 0.017, 0.011, 0.015, 0.015, 0.012
59.320, -0.606, 0.850, 1.000, 1.000, 1.000, 0.000, 1.000, 0.000, 1.000, 0.000, 0.016, 0.016, 0.011, 0.015, 0.015, 0.012
59.340, -0.544, 0.876, 1.000, 0.000, 1.000, 0.000, 1.000, 0.000, 1.000, 1.000, 0.017, 0.016, 0.011, 0.015, 0.015, 0.012
59.360, -0.529, 0.860, 1.000, 1.000, 1.000, 0.000, 1.000, 0.000, 1.000, 0.000, 0.017, 0.016, 0.011, 0.015, 0.015, 0.012
59.380, -0.556, 0.835, 1.000, 1.000, 1.000, 0.000, 0.271, 0.000, 1.000, 0.000, 0.016, 0.016, 0.011, 0.015, 0.015, 0.012
59.400, -0.513, 0.862, 1.000, 1.000, 1.000, 0.000, 1.000, 0.000, 1.000, 0.000, 0.016, 0.016, 0.011, 0.015, 0.015, 0.012
59.420, -0.444, 0.874, 1.000, 0.000, 1.000, 0.000, 1.000, 0.000, 1.000, 1.000, 0.017, 0.016, 0.011, 0.015, 0.015, 0.012
59.440, -0.468, 0.835, 1.000, 1.000, 1.000, 0.000, 1.000, 0.000, 1.000, 0.000, 0.017, 0.016, 0.012, 0.015, 0.015, 0.012
59.460, -0.462, 0.839, 1.000, 1.000, 0.000, 0.000, 1.000, 0.000, 1.000, 0.000, 0.016, 0.017, 0.012, 0.015, 0.015, 0.012
59.480, -0.390, 0.863, 1.000, 0.000, 1.000, 0.000, 1.000, 0.000, 0.000, 1.000, 0.017, 0.016, 0.012, 0.014, 0.014, 0.012
59.500, -0.295, 0.866, 1.000, 0.000, 1.000, 1.000, 0.000, 1.000, 0.000, 1.000, 0.017, 0.016, 0.012, 0.015, 0.015, 0.013
59.520, -0.169, 0.860, 1.000, 0.000, 0.000, 1.000, 0.000, 1.000, 0.000, 1.000, 0.017, 0.017, 0.011, 0.015, 0.015, 0.013
59.540, 0.005, 0.849, 1.000, 0.000, 0.000, 1.000, 0.000, 1.000, 0.000, 1.000, 0.017, 0.017, 0.011, 0.016, 0.016, 0.013
59.560, 0.240, 0.830, 1.000, 0.000, 0.000, 1.000, 0.000, 1.000, 0.000, 1.000, 0.018, 0.017, 0.011, 0.016, 0.016, 0.013
59.580, 0.514, 0.798, 1.000, 0.000, 0.000, 1.000, 0.000, 1.000, 0.000, 1.000, 0.018, 0.017, 0.011, 0.016, 0.015, 0.013
59.600, 0.737, 0.750, 1.000, 0.000, 0.000, 1.000, 0.000, 1.000, 0.000, 1.000, 0.018, 0.017, 0.011, 0.016, 0.015, 0.013
59.620, 0.846, 0.688, 1.000, 0.000, 0.000, 1.000, 0.000, 1.000, 0.000, 1.000, 0.018, 0.018, 0.011, 0.016, 0.015, 0.013
59.640, 0.880, 0.621, 1.000, 0.000, 0.000, 1.000, 0.000, 1.000, 0.000, 1.000, 0.018, 0.018, 0.011, 0.016, 0.015, 0.013
59.660, 0.887, 0.552, 1.000, 0.165, 0.000, 1.000, 0.000, 1.000, 0.000, 0.835, 0.018, 0.018, 0.011, 0.016, 0.015, 0.013
59.680, 0.884, 0.481, 1.000, 0.277, 0.000, 1.000, 0.222, 1.000, 0.000, 0.723, 0.018, 0.018, 0.011, 0.016, 0.014, 0.013
59.700, 0.872, 0.326, 1.000, 1.000, 0.000, 0.897, 1.000, 1.000, 0.000, 0.000, 0.017, 0.018, 0.011, 0.016, 0.014, 0.012
59.720, 0.840, 0.077, 1.000, 1.000, 0.000, 0.000, 1.000, 1.000, 0.000, 0.000, 0.017, 0.018, 0.011, 0.015, 0.014, 0.012
59.740, 0.811, -0.141, 0.000, 1.000, 0.000, 0.000, 0.000, 1.000, 0.000, 1.000, 0.017, 0.018, 0.012, 0.016, 0.014, 0.012
59.760, 0.776, -0.384, 0.000, 1.000, 0.000, 0.000, 0.000, 1.000, 0.000, 1.000, 0.018, 0.018, 0.012, 0.016, 0.014, 0.012
59.780, 0.719, -0.603, 0.000, 1.000, 0.000, 0.000, 0.000, 1.000, 0.000, 1.000, 0.018, 0.017, 0.012, 0.016, 0.014, 0.012
59.800, 0.628, -0.736, 0.000, 1.000, 0.000, 0.000, 0.000, 1.000, 0.000, 1.000, 0.018, 0.017, 0.012, 0.015, 0.014, 0.012
59.820, 0.489, -0.784, 0.000, 1.000, 0.000, 0.000, 0.000, 1.000, 0.000, 1.000, 0.018, 0.017, 0.012, 0.015, 0.014, 0.012
59.840, 0.300, -0.792, 0.000, 1.000, 0.000, 0.000, 0.000, 1.000, 0.000, 1.000, 0.018, 0.017, 0.013, 0.015, 0.014, 0.012
59.860, 0.018, -0.773, 0.000, 1.000, 0.000, 0.000, 0.000, 1.000, 0.000, 1.000, 0.018, 0.017, 0.013, 0.015, 0.014, 0.012
59.880, -0.380, -0.720, 0.000, 1.000, 0.000, 1.000, 0.000, 1.000, 1.000, 1.000, 0.018, 0.016, 0.012, 0.015, 0.014, 0.012
59.900, -0.713, -0.644, 0.000, 1.000, 0.000, 1.000, 0.000, 0.000, 1.000, 1.000, 0.018, 0.016, 0.012, 0.015, 0.015, 0.013
59.920, -0.830, -0.600, 0.000, 1.000, 0.000, 1.000, 0.581, 0.000, 1.000, 1.000, 0.018, 0.016, 0.012, 0.015, 0.015, 0.013
59.940, -0.872, -0.528, 0.000, 1.000, 0.000, 1.000, 0.225, 0.000, 1.000, 1.000, 0.018, 0.016, 0.011, 0.015, 0.015, 0.013
59.960, -0.880, -0.445, 0.000, 1.000, 1.000, 1.000, 0.000, 0.000, 1.000, 1.000, 0.018, 0.017, 0.012, 0.015, 0.015, 0.013
59.980, -0.876, -0.360, 0.000, 0.000, 1.000, 0.000, 0.000, 0.000, 1.000, 0.000, 0.018, 0.017, 0.012, 0.015, 0.015, 0.013
60.000, -0.868, -0.254, 0.000, 0.000, 1.000, 0.000, 0.000, 0.000, 1.000, 0.000, 0.018, 0.017, 0.012, 0.015, 0.016, 0.014
60.020, -0.858, -0.112, 0.000, 0.000, 1.000, 0.000, 0.000, 0.000, 1.000, 0.000, 0.017, 0.018, 0.011, 0.015, 0.016, 0.013
60.040, -0.843, 0.084, 1.000, 0.000, 1.000, 0.000, 0.000, 0.000, 1.000, 1.000, 0.018, 0.018, 0.011, 0.015, 0.016, 0.013
60.060, -0.820, 0.340, 1.000, 0.000, 1.000, 0.000, 0.000, 0.000, 1.000, 1.000, 0.018, 0.018, 0.011, 0.015, 0.016, 0.012
60.080, -0.783, 0.608, 1.000, 0.000, 1.000, 0.000, 0.000, 0.000, 1.000, 1.000, 0.018, 0.018, 0.011, 0.014, 0.016, 0.012
60.100, -0.729, 0.789, 1.000, 0.000, 1.000, 0.000, 0.000, 0.000, 1.000, 1.000, 0.018, 0.017, 0.011, 0.014, 0.016, 0.012
60.120, -0.664, 0.864, 1.000, 0.000, 1.000, 0.000, 0.000, 0.000, 1.000, 1.000, 0.018, 0.017, 0.011, 0.014, 0.016, 0.012
60.140, -0.695, 0.821, 1.000, 1.000, 1.000, 0.000, 0.000, 0.000, 1.000, 0.000, 0.018, 0.017, 0.011, 0.014, 0.016, 0.012
60.160, -0.722, 0.804, 1.000, 1.000, 0.000, 0.000, 1.000, 0.000, 1.000, 0.000, 0.018, 0.017, 0.011, 0.015, 0.016, 0.012
60.180, -0.701, 0.835, 1.000, 1.000, 0.000, 0.063, 1.000, 0.000, 0.000, 0.000, 0.017, 0.018, 0.011, 0.015, 0.016, 0.013
60.200, -0.670, 0.855, 1.000, 1.000, 0.000, 0.053, 1.000, 0.000, 0.000, 0.000, 0.017, 0.018, 0.011, 0.015, 0.016, 0.013
60.220, -0.659, 0.850, 1.000, 1.000, 0.000, 0.000, 1.000, 0.000, 0.000, 0.000, 0.017, 0.018, 0.011, 0.015, 0.016, 0.013
60.240, -0.647, 0.851, 1.000, 1.000, 0.000, 0.000, 1.000, 0.000, 0.000, 0.000, 0.017, 0.018, 0.011, 0.015, 0.016, 0.013
60.260, -0.688, 0.814, 1.000, 1.000, 0.000, 0.000, 1.000, 0.000, 1.000, 0.000, 0.017, 0.018, 0.011, 0.014, 0.015, 0.013
60.280, -0.660, 0.849, 1.000, 1.000, 1.000, 0.000, 0.880, 0.000, 1.000, 0.000, 0.017, 0.018, 0.011, 0.014, 0.015, 0.013
60.300, -0.613, 0.871, 1.000, 1.000, 1.000, 0.000, 1.000, 0.000, 1.000, 0.000, 0.017, 0.017, 0.011, 0.014, 0.015, 0.012
60.320, -0.582, 0.868, 1.000, 1.000, 1.000, 0.000, 1.000, 0.000, 1.000, 0.000, 0.017, 0.017, 0.011, 0.014, 0.015, 0.012
60.340, -0.562, 0.862, 1.000, 1.000, 1.000, 0.000, 1.000, 0.000, 1.000, 0.000, 0.017, 0.017, 0.011, 0.014, 0.015, 0.012
60.360, -0.540, 0.860, 1.000, 1.000, 1.000, 0.000, 1.000, 0.000, 1.000, 0.000, 0.017, 0.017, 0.011, 0.014, 0.015, 0.012
60.380, -0.520, 0.857, 1.000, 1.000, 1.000, 0.000, 1.000, 0.000, 1.000, 0.000, 0.017, 0.017, 0.011, 0.014, 0.015, 0.012
60.400, -0.472, 0.866, 1.000, 1.000, 1.000, 0.000, 1.000, 0.000, 1.000, 0.000, 0.017, 0.017, 0.011, 0.014, 0.015, 0.012
60.420, -0.396, 0.873, 1.000, 0.000, 1.000, 0.000, 1.000, 0.000, 1.000, 1.000, 0.017, 0.017, 0.011, 0.014, 0.015, 0.012
60.440, -0.300, 0.870, 1.000, 0.000, 1.000, 0.000, 1.000, 0.000, 0.000, 1.000, 0.018, 0.016, 0.012, 0.014, 0.015, 0.013
60.460, -0.175, 0.862, 1.000, 0.000, 1.000, 1.000, 1.000, 0.000, 0.000, 1.000, 0.018, 0.016, 0.011, 0.014, 0.015, 0.013
60.480, -0.004, 0.850, 1.000, 0.000, 0.000, 1.000, 1.000, 1.000, 0.000, 1.000, 0.018, 0.017, 0.011, 0.014, 0.015, 0.013
60.500, 0.228, 0.831, 1.000, 0.000, 0.000, 1.000, 0.000, 1.000, 0.000, 1.000, 0.018, 0.017, 0.011, 0.014, 0.015, 0.013
60.520, 0.502, 0.800, 1.000, 0.000, 0.000, 1.000, 0.000, 1.000, 0.000, 1.000, 0.018, 0.018, 0.011, 0.015, 0.016, 0.013
60.540, 0.729, 0.753, 1.000, 0.000, 0.000, 1.000, 0.000, 1.000, 0.000, 1.000, 0.018, 0.018, 0.011, 0.015, 0.016, 0.014
60.560, 0.843, 0.691, 1.000, 0.000, 0.000, 1.000, 0.000, 1.000, 0.000, 1.000, 0.018, 0.018, 0.011, 0.015, 0.016, 0.014
60.580, 0.880, 0.624, 1.000, 0.000, 1.000, 1.000, 0.000, 1.000, 0.000, 1.000, 0.018, 0.017, 0.011, 0.015, 0.016, 0.014
60.600, 0.887, 0.555, 1.000, 0.274, 0.000, 1.000, 0.000, 1.000, 0.000, 0.726, 0.018, 0.018, 0.011, 0.015, 0.016, 0.014
60.620, 0.884, 0.482, 1.000, 0.521, 0.000, 1.000, 1.000, 1.000, 0.000, 0.479, 0.018, 0.018, 0.011, 0.015, 0.015, 0.013
60.640, 0.879, 0.402, 1.000, 0.257, 0.000, 1.000, 1.000, 1.000, 0.000, 0.743, 0.018, 0.018, 0.011, 0.015, 0.015, 0.013
60.660, 0.873, 0.307, 1.000, 0.000, 0.000, 1.000, 1.000, 0.000, 0.000, 1.000, 0.018, 0.018, 0.011, 0.014, 0.015, 0.013
60.680, 0.858, 0.151, 1.000, 1.000, 0.000, 1.000, 1.000, 0.000, 0.000, 0.000, 0.018, 0.018, 0.010, 0.014, 0.016, 0.013
60.700, 0.819, -0.076, 0.000, 1.000, 0.000, 0.000, 1.000, 0.234, 0.746, 1.000, 0.018, 0.018, 0.011, 0.014, 0.016, 0.013
60.720, 0.789, -0.315, 0.000, 1.000, 0.000, 0.000, 1.000, 1.000, 0.000, 1.000, 0.018, 0.018, 0.011, 0.014, 0.015, 0.013
60.740, 0.745, -0.554, 0.000, 1.000, 0.000, 1.000, 0.000, 1.000, 0.000, 1.000, 0.018, 0.018, 0.011, 0.015, 0.015, 0.013
60.760, 0.673, -0.722, 0.000, 1.000, 0.000, 1.000, 0.000, 1.000, 0.000, 1.000, 0.019, 0.018, 0.011, 0.014, 0.015, 0.013
60.780, 0.569, -0.797, 0.000, 1.000, 0.000, 1.000, 0.000, 1.000, 0.000, 1.000, 0.019, 0.018, 0.011, 0.014, 0.015, 0.012
60.800, 0.417, -0.812, 0.000, 1.000, 0.000, 1.000, 0.000, 1.000, 0.000, 1.000, 0.019, 0.018, 0.011, 0.014, 0.015, 0.012
60.820, 0.172, -0.789, 0.000, 1.000, 0.000, 0.000, 0.000, 1.000, 0.000, 1.000, 0.019, 0.017, 0.011, 0.014, 0.015, 0.012
60.840, -0.199, -0.743, 0.000, 1.000, 0.000, 0.000, 0.000, 1.000, 0.000, 1.000, 0.019, 0.017, 0.011, 0.014, 0.015, 0.012
60.860, -0.601, -0.670, 0.000, 1.000, 0.000, 0.000, 0.000, 1.000, 1.000, 1.000, 0.019, 0.017, 0.012, 0.014, 0.015, 0.013
60.880, -0.814, -0.582, 0.000, 1.000, 0.000, 0.000, 0.000, 0.000, 1.000, 1.000, 0.019, 0.017, 0.012, 0.014, 0.015, 0.013
60.900, -0.874, -0.478, 0.000, 1.000, 0.000, 0.019, 0.000, 0.000, 1.000, 1.000, 0.019, 0.017, 0.012, 0.014, 0.016, 0.013
60.920, -0.877, -0.387, 0.000, 1.000, 0.000, 1.000, 0.647, 0.000, 0.000, 1.000, 0.019, 0.017, 0.011, 0.014, 0.016, 0.013
60.940, -0.875, -0.259, 0.000, 1.000, 0.000, 1.000, 0.019, 0.000, 1.000, 1.000, 0.019, 0.017, 0.011, 0.014, 0.016, 0.013
60.960, -0.865, -0.096, 0.000, 1.000, 0.000, 1.000, 0.000, 0.000, 1.000, 1.000, 0.019, 0.017, 0.011, 0.014, 0.016, 0.014
60.980, -0.853, 0.119, 1.000, 1.000, 0.000, 1.000, 0.000, 0.000, 1.000, 0.000, 0.019, 0.017, 0.011, 0.014, 0.016, 0.013
61.000, -0.821, 0.385, 1.000, 0.000, 1.000, 0.000, 0.000, 0.000, 1.000, 1.000, 0.019, 0.017, 0.011, 0.014, 0.016, 0.013
61.020, -0.779, 0.646, 1.000, 0.000, 1.000, 0.000, 0.000, 0.000, 1.000, 1.000, 0.019, 0.018, 0.011, 0.014, 0.016, 0.013
61.040, -0.721, 0.808, 1.000, 0.129, 1.000, 0.000, 0.000, 0.000, 1.000, 0.871, 0.019, 0.018, 0.011, 0.014, 0.016, 0.013
61.060, -0.655, 0.870, 1.000, 0.000, 1.000, 0.000, 0.000, 0.000, 1.000, 1.000, 0.019, 0.018, 0.011, 0.014, 0.016, 0.012
61.080, -0.587, 0.886, 1.000, 0.000, 1.000, 0.000, 0.000, 0.000, 1.000, 1.000, 0.019, 0.018, 0.011, 0.013, 0.016, 0.012
61.100, -0.602, 0.848, 1.000, 1.000, 1.000, 0.000, 0.000, 0.000, 1.000, 0.000, 0.019, 0.018, 0.011, 0.013, 0.017, 0.012
61.120, -0.588, 0.854, 1.000, 1.000, 1.000, 0.000, 1.000, 0.000, 1.000, 0.000, 0.018, 0.018, 0.011, 0.014, 0.017, 0.012
61.140, -0.583, 0.851, 1.000, 1.000, 1.000, 0.000, 1.000, 0.000, 1.000, 0.000, 0.018, 0.018, 0.011, 0.014, 0.017, 0.012
61.160, -0.634, 0.817, 1.000, 1.000, 0.000, 0.000, 1.000, 0.000, 1.000, 0.000, 0.018, 0.018, 0.011, 0.014, 0.017, 0.012
61.180, -0.673, 0.809, 1.000, 1.000, 0.000, 0.000, 1.000, 0.000, 1.000, 0.000, 0.018, 0.018, 0.011, 0.014, 0.017, 0.012
61.200, -0.690, 0.817, 1.000, 1.000, 0.000, 0.000, 1.000, 0.000, 1.000, 0.000, 0.018, 0.018, 0.011, 0.014, 0.017, 0.012
61.220, -0.694, 0.826, 1.000, 1.000, 0.000, 0.000, 1.000, 0.000, 1.000, 0.000, 0.018, 0.018, 0.010, 0.014, 0.016, 0.012
61.240, -0.699, 0.826, 1.000, 1.000, 0.000, 0.000, 1.000, 0.000, 1.000, 0.000, 0.018, 0.018, 0.010, 0.013, 0.016, 0.012
61.260, -0.703, 0.825, 1.000, 1.000, 0.000, 0.000, 0.000, 0.000, 1.000, 0.000, 0.018, 0.019, 0.010, 0.014, 0.016, 0.012
61.280, -0.702, 0.828, 1.000, 1.000, 0.000, 0.000, 0.000, 0.000, 1.000, 0.000, 0.018, 0.019, 0.010, 0.014, 0.016, 0.012
61.300, -0.668, 0.855, 1.000, 1.000, 1.000, 0.000, 0.000, 0.000, 1.000, 0.000, 0.018, 0.018, 0.010, 0.015, 0.015, 0.012
61.320, -0.608, 0.879, 1.000, 1.000, 1.000, 0.000, 0.000, 0.000, 1.000, 0.000, 0.018, 0.018, 0.010, 0.015, 0.015, 0.012
61.340, -0.600, 0.858, 1.000, 1.000, 1.000, 0.000, 1.000, 0.000, 0.000, 0.000, 0.017, 0.017, 0.010, 0.014, 0.015, 0.013
61.360, -0.537, 0.879, 1.000, 0.000, 1.000, 0.000, 0.279, 0.000, 1.000, 1.000, 0.018, 0.017, 0.010, 0.014, 0.015, 0.012
61.380, -0.511, 0.864, 1.000, 1.000, 1.000, 0.000, 1.000, 0.000, 1.000, 0.000, 0.018, 0.017, 0.010, 0.014, 0.015, 0.012
61.400, -0.570, 0.819, 1.000, 1.000, 0.000, 0.000, 1.000, 0.000, 1.000, 0.000, 0.018, 0.018, 0.010, 0.014, 0.015, 0.012
61.420, -0.515, 0.863, 1.000, 0.000, 1.000, 0.000, 1.000, 0.000, 1.000, 1.000, 0.018, 0.017, 0.011, 0.014, 0.015, 0.012
61.440, -0.445, 0.875, 1.000, 0.000, 1.000, 0.000, 1.000, 0.000, 0.000, 1.000, 0.018, 0.017, 0.011, 0.014, 0.015, 0.012
61.460, -0.361, 0.874, 1.000, 0.000, 1.000, 1.000, 1.000, 0.000, 0.000, 1.000, 0.019, 0.017, 0.011, 0.013, 0.015, 0.013
61.480, -0.256, 0.868, 1.000, 0.000, 0.000, 1.000, 1.000, 1.000, 0.000, 1.000, 0.019, 0.018, 0.011, 0.013, 0.016, 0.013
61.500, -0.114, 0.858, 1.000, 0.000, 0.000, 1.000, 0.000, 1.000, 0.000, 1.000, 0.019, 0.018, 0.010, 0.014, 0.016, 0.013
61.520, 0.080, 0.844, 1.000, 0.000, 0.000, 1.000, 0.000, 1.000, 0.000, 1.000, 0.019, 0.018, 0.010, 0.014, 0.016, 0.013
61.540, 0.335, 0.821, 1.000, 0.000, 0.000, 1.000, 0.000, 1.000, 0.000, 1.000, 0.019, 0.018, 0.010, 0.015, 0.016, 0.013
61.560, 0.604, 0.784, 1.000, 0.000, 0.000, 1.000, 0.000, 1.000, 0.000, 1.000, 0.019, 0.018, 0.010, 0.015, 0.016, 0.014
61.580, 0.787, 0.730, 1.000, 0.000, 0.000, 1.000, 0.000, 1.000, 0.000, 1.000, 0.019, 0.019, 0.010, 0.015, 0.016, 0.014
61.600, 0.863, 0.665, 1.000, 0.049, 0.000, 1.000, 0.000, 1.000, 0.000, 0.951, 0.019, 0.019, 0.010, 0.015, 0.016, 0.014
61.620, 0.884, 0.596, 1.000, 0.144, 0.000, 1.000, 0.174, 1.000, 0.000, 0.856, 0.019, 0.019, 0.010, 0.015, 0.015, 0.013
61.640, 0.886, 0.527, 1.000, 0.319, 0.000, 1.000, 0.202, 1.000, 0.000, 0.681, 0.019, 0.019, 0.010, 0.015, 0.015, 0.013
61.660, 0.883, 0.452, 1.000, 0.260, 0.000, 1.000, 0.097, 1.000, 0.000, 0.740, 0.019, 0.019, 0.010, 0.015, 0.015, 0.013
61.680, 0.877, 0.367, 1.000, 0.282, 0.113, 1.000, 0.000, 1.000, 0.000, 0.718, 0.019, 0.019, 0.010, 0.015, 0.015, 0.012
61.700, 0.845, 0.103, 1.000, 1.000, 0.000, 1.000, 1.000, 1.000, 0.000, 0.000, 0.019, 0.019, 0.010, 0.015, 0.015, 0.012
61.720, 0.808, -0.121, 0.000, 1.000, 0.000, 0.000, 1.000, 1.000, 0.015, 1.000, 0.019, 0.019, 0.011, 0.015, 0.015, 0.012
61.740, 0.774, -0.360, 0.000, 1.000, 0.000, 1.000, 1.000, 1.000, 0.000, 1.000, 0.019, 0.019, 0.010, 0.015, 0.015, 0.012
61.760, 0.720, -0.583, 0.000, 1.000, 0.000, 1.000, 0.434, 1.000, 0.000, 1.000, 0.019, 0.019, 0.010, 0.015, 0.015, 0.012
61.780, 0.637, -0.729, 0.000, 1.000, 0.000, 1.000, 0.000, 1.000, 0.000, 1.000, 0.019, 0.019, 0.010, 0.015, 0.015, 0.012
61.800, 0.513, -0.788, 0.000, 1.000, 0.000, 0.000, 0.000, 1.000, 0.000, 1.000, 0.019, 0.019, 0.011, 0.014, 0.015, 0.012
61.820, 0.310, -0.787, 0.000, 1.000, 0.000, 0.000, 0.000, 1.000, 0.000, 1.000, 0.019, 0.018, 0.011, 0.014, 0.015, 0.012
61.840, 0.007, -0.761, 0.000, 1.000, 0.000, 0.000, 0.000, 1.000, 0.000, 1.000, 0.020, 0.018, 0.011, 0.014, 0.015, 0.012
61.860, -0.465, -0.672, 0.000, 1.000, 0.000, 0.000, 0.000, 1.000, 1.000, 1.000, 0.020, 0.018, 0.011, 0.014, 0.015, 0.013
61.880, -0.752, -0.601, 0.000, 1.000, 0.000, 0.000, 0.000, 0.000, 1.000, 1.000, 0.020, 0.018, 0.011, 0.014, 0.015, 0.013
61.900, -0.844, -0.548, 0.000, 1.000, 0.000, 1.000, 0.046, 0.000, 1.000, 1.000, 0.020, 0.018, 0.011, 0.014, 0.016, 0.013
61.920, -0.873, -0.470, 0.000, 1.000, 0.000, 1.000, 0.230, 0.000, 0.000, 1.000, 0.020, 0.018, 0.011, 0.014, 0.016, 0.013
61.940, -0.879, -0.359, 0.000, 1.000, 0.000, 1.000, 0.063, 0.000, 1.000, 1.000, 0.020, 0.017, 0.010, 0.014, 0.016, 0.013
61.960, -0.874, -0.221, 0.000, 1.000, 0.000, 1.000, 0.000, 0.000, 1.000, 1.000, 0.020, 0.017, 0.011, 0.014, 0.016, 0.013
61.980, -0.866, -0.032, 0.000, 1.000, 0.000, 1.000, 0.000, 0.000, 1.000, 1.000, 0.020, 0.017, 0.011, 0.014, 0.016, 0.014
62.000, -0.840, 0.195, 1.000, 0.000, 1.000, 0.000, 0.000, 0.000, 1.000, 1.000, 0.020, 0.018, 0.011, 0.014, 0.016, 0.013
62.020, -0.808, 0.469, 1.000, 0.000, 1.000, 0.000, 0.000, 0.000, 1.000, 1.000, 0.020, 0.018, 0.011, 0.014, 0.016, 0.013
62.040, -0.762, 0.707, 1.000, 0.068, 1.000, 0.000, 0.000, 0.000, 1.000, 0.932, 0.020, 0.018, 0.010, 0.014, 0.016, 0.013
62.060, -0.701, 0.835, 1.000, 0.000, 1.000, 0.000, 0.000, 0.000, 1.000, 1.000, 0.020, 0.019, 0.010, 0.014, 0.016, 0.012
62.080, -0.633, 0.878, 1.000, 0.000, 1.000, 0.000, 0.000, 0.000, 1.000, 1.000, 0.020, 0.019, 0.010, 0.013, 0.017, 0.012
62.100, -0.633, 0.852, 1.000, 1.000, 1.000, 0.000, 1.000, 0.000, 1.000, 0.000, 0.020, 0.019, 0.010, 0.014, 0.017, 0.012
62.120, -0.621, 0.854, 1.000, 1.000, 1.000, 0.000, 1.000, 0.000, 1.000, 0.000, 0.019, 0.019, 0.010, 0.014, 0.017, 0.012
62.140, -0.602, 0.858, 1.000, 1.000, 1.000, 0.000, 1.000, 0.000, 0.000, 0.000, 0.019, 0.018, 0.010, 0.014, 0.017, 0.013
62.160, -0.584, 0.858, 1.000, 1.000, 1.000, 0.000, 1.000, 0.000, 0.000, 0.000, 0.019, 0.018, 0.010, 0.014, 0.017, 0.013
62.180, -0.568, 0.857, 1.000, 1.000, 1.000, 0.000, 1.000, 0.000, 0.000, 0.000, 0.019, 0.018, 0.010, 0.014, 0.017, 0.013
62.200, -0.570, 0.848, 1.000, 1.000, 1.000, 0.000, 1.000, 0.000, 1.000, 0.000, 0.019, 0.018, 0.010, 0.014, 0.016, 0.013
62.220, -0.644, 0.801, 1.000, 1.000, 0.000, 0.000, 1.000, 0.000, 1.000, 0.000, 0.019, 0.018, 0.010, 0.013, 0.016, 0.013
62.240, -0.681, 0.805, 1.000, 1.000, 0.000, 0.000, 1.000, 0.000, 1.000, 0.000, 0.018, 0.018, 0.010, 0.013, 0.016, 0.012
62.260, -0.701, 0.811, 1.000, 1.000, 0.000, 0.000, 1.000, 0.000, 1.000, 0.000, 0.018, 0.019, 0.010, 0.013, 0.016, 0.012
62.280, -0.708, 0.818, 1.000, 1.000, 0.000, 0.000, 0.000, 0.000, 1.000, 0.000, 0.018, 0.019, 0.010, 0.014, 0.015, 0.012
62.300, -0.674, 0.852, 1.000, 1.000, 1.000, 0.000, 0.000, 0.000, 1.000, 0.000, 0.018, 0.018, 0.010, 0.014, 0.015, 0.012
62.320, -0.608, 0.881, 1.000, 0.000, 1.000, 0.000, 1.000, 0.000, 1.000, 1.000, 0.019, 0.018, 0.010, 0.014, 0.015, 0.012
62.340, -0.540, 0.886, 1.000, 0.000, 1.000, 0.000, 1.000, 0.000, 1.000, 1.000, 0.019, 0.018, 0.010, 0.014, 0.015, 0.012
62.360, -0.468, 0.884, 1.000, 0.000, 1.000, 1.000, 1.000, 0.000, 0.000, 1.000, 0.019, 0.018, 0.010, 0.014, 0.015, 0.013
62.380, -0.387, 0.878, 1.000, 0.000, 0.000, 1.000, 1.000, 0.000, 0.000, 1.000, 0.020, 0.018, 0.011, 0.013, 0.015, 0.013
62.400, -0.287, 0.871, 1.000, 0.000, 0.000, 1.000, 1.000, 0.000, 0.000, 1.000, 0.020, 0.018, 0.010, 0.013, 0.015, 0.013
62.420, -0.157, 0.862, 1.000, 0.000, 0.000, 1.000, 1.000, 0.000, 0.000, 1.000, 0.020, 0.019, 0.010, 0.013, 0.015, 0.013
62.440, 0.022, 0.848, 1.000, 0.000, 0.000, 1.000, 1.000, 1.000, 0.000, 1.000, 0.020, 0.019, 0.010, 0.013, 0.016, 0.014
62.460, 0.261, 0.828, 1.000, 0.000, 0.000, 1.000, 0.000, 1.000, 0.000, 1.000, 0.020, 0.019, 0.010, 0.014, 0.016, 0.014
62.480, 0.536, 0.795, 1.000, 0.000, 0.000, 1.000, 0.000, 1.000, 0.000, 1.000, 0.020, 0.019, 0.010, 0.014, 0.016, 0.014
62.500, 0.750, 0.746, 1.000, 0.000, 0.000, 1.000, 0.000, 1.000, 0.000, 1.000, 0.020, 0.019, 0.010, 0.014, 0.016, 0.014
62.520, 0.851, 0.683, 1.000, 0.000, 0.000, 1.000, 0.000, 1.000, 0.000, 1.000, 0.020, 0.019, 0.010, 0.015, 0.017, 0.013
62.540, 0.881, 0.615, 1.000, 0.000, 0.000, 1.000, 0.000, 1.000, 0.000, 1.000, 0.020, 0.019, 0.010, 0.015, 0.017, 0.013
62.560, 0.887, 0.547, 1.000, 0.228, 0.000, 1.000, 0.000, 1.000, 0.000, 0.772, 0.020, 0.019, 0.010, 0.015, 0.016, 0.013
62.580, 0.884, 0.474, 1.000, 0.261, 0.000, 1.000, 0.000, 1.000, 0.000, 0.739, 0.020, 0.019, 0.010, 0.015, 0.016, 0.013
62.600, 0.879, 0.393, 1.000, 0.122, 0.000, 1.000, 0.000, 1.000, 0.000, 0.878, 0.020, 0.019, 0.010, 0.015, 0.016, 0.013
62.620, 0.872, 0.295, 1.000, 0.012, 0.198, 1.000, 1.000, 1.000, 0.000, 0.988, 0.020, 0.019, 0.010, 0.014, 0.015, 0.012
62.640, 0.863, 0.168, 1.000, 0.000, 0.000, 1.000, 1.000, 0.000, 0.000, 1.000, 0.020, 0.019, 0.010, 0.014, 0.016, 0.012
62.660, 0.815, -0.078, 0.000, 1.000, 0.000, 0.840, 1.000, 0.000, 0.298, 1.000, 0.020, 0.019, 0.010, 0.014, 0.016, 0.013
62.680, 0.766, -0.307, 0.000, 1.000, 0.000, 0.000, 1.000, 0.000, 0.151, 1.000, 0.020, 0.019, 0.010, 0.014, 0.016, 0.013
62.700, 0.716, -0.533, 0.000, 1.000, 0.000, 1.000, 0.000, 1.000, 0.000, 1.000, 0.020, 0.019, 0.010, 0.014, 0.016, 0.012
62.720, 0.640, -0.697, 0.000, 1.000, 0.000, 1.000, 0.000, 1.000, 0.000, 1.000, 0.020, 0.019, 0.010, 0.014, 0.016, 0.012
62.740, 0.530, -0.777, 0.000, 1.000, 0.000, 1.000, 0.000, 1.000, 0.000, 1.000, 0.020, 0.018, 0.010, 0.014, 0.016, 0.012
62.760, 0.373, -0.800, 0.000, 1.000, 0.000, 0.000, 0.000, 1.000, 0.000, 1.000, 0.021, 0.018, 0.010, 0.014, 0.015, 0.012
62.780, 0.086, -0.770, 0.000, 1.000, 0.000, 0.000, 0.000, 1.000, 0.000, 1.000, 0.021, 0.018, 0.011, 0.014, 0.015, 0.012
62.800, -0.335, -0.709, 0.000, 1.000, 0.000, 0.000, 0.000, 1.000, 1.000, 1.000, 0.021, 0.018, 0.011, 0.013, 0.015, 0.013
62.820, -0.709, -0.617, 0.000, 1.000, 0.000, 0.000, 0.000, 0.000, 1.000, 1.000, 0.021, 0.018, 0.011, 0.013, 0.016, 0.013
62.840, -0.841, -0.540, 0.000, 1.000, 0.000, 0.055, 0.000, 0.000, 1.000, 1.000, 0.021, 0.018, 0.011, 0.013, 0.016, 0.013
62.860, -0.872, -0.460, 0.000, 1.000, 0.000, 1.000, 0.756, 0.000, 0.862, 1.000, 0.021, 0.018, 0.011, 0.014, 0.016, 0.013
62.880, -0.877, -0.354, 0.000, 1.000, 0.000, 1.000, 0.000, 0.000, 1.000, 1.000, 0.021, 0.018, 0.010, 0.014, 0.016, 0.014
62.900, -0.869, -0.245, 0.000, 0.000, 1.000, 0.000, 0.000, 0.000, 1.000, 0.000, 0.020, 0.018, 0.011, 0.013, 0.017, 0.013
62.920, -0.858, -0.099, 0.000, 0.000, 1.000, 0.000, 0.000, 0.000, 1.000, 0.000, 0.020, 0.019, 0.010, 0.013, 0.017, 0.013
62.940, -0.842, 0.101, 1.000, 0.062, 1.000, 0.000, 0.000, 0.000, 1.000, 0.938, 0.020, 0.019, 0.010, 0.013, 0.017, 0.013
62.960, -0.818, 0.360, 1.000, 0.000, 1.000, 0.000, 0.000, 0.000, 1.000, 1.000, 0.020, 0.019, 0.010, 0.013, 0.017, 0.012
62.980, -0.780, 0.625, 1.000, 0.000, 1.000, 0.000, 0.000, 0.000, 1.000, 1.000, 0.021, 0.019, 0.010, 0.013, 0.017, 0.012
63.000, -0.724, 0.798, 1.000, 0.000, 1.000, 0.000, 0.000, 0.000, 1.000, 1.000, 0.021, 0.019, 0.010, 0.013, 0.017, 0.012
63.020, -0.659, 0.867, 1.000, 0.000, 1.000, 0.000, 0.000, 0.000, 1.000, 1.000, 0.021, 0.019, 0.010, 0.013, 0.017, 0.012
63.040, -0.656, 0.848, 1.000, 1.000, 1.000, 0.000, 1.000, 0.000, 1.000, 0.000, 0.020, 0.018, 0.010, 0.014, 0.017, 0.012
63.060, -0.665, 0.836, 1.000, 1.000, 1.000, 0.000, 1.000, 0.000, 1.000, 0.000, 0.020, 0.018, 0.010, 0.014, 0.017, 0.012
63.080, -0.681, 0.827, 1.000, 1.000, 1.000, 0.000, 1.000, 0.000, 1.000, 0.000, 0.020, 0.018, 0.010, 0.014, 0.017, 0.012
63.100, -0.703, 0.814, 1.000, 1.000, 0.000, 0.000, 1.000, 0.000, 1.000, 0.000, 0.020, 0.019, 0.010, 0.014, 0.017, 0.012
63.120, -0.711, 0.817, 1.000, 1.000, 0.000, 0.000, 1.000, 0.000, 1.000, 0.000, 0.020, 0.019, 0.010, 0.014, 0.017, 0.012
63.140, -0.687, 0.844, 1.000, 1.000, 0.000, 0.000, 1.000, 0.000, 1.000, 0.000, 0.019, 0.019, 0.010, 0.014, 0.017, 0.012
63.160, -0.697, 0.828, 1.000, 1.000, 0.000, 0.000, 1.000, 0.000, 1.000, 0.000, 0.019, 0.019, 0.010, 0.013, 0.017, 0.012
63.180, -0.675, 0.847, 1.000, 1.000, 1.000, 0.000, 1.000, 0.000, 1.000, 0.000, 0.019, 0.019, 0.010, 0.013, 0.016, 0.012
63.200, -0.609, 0.880, 1.000, 0.000, 1.000, 0.000, 1.000, 0.000, 1.000, 1.000, 0.020, 0.018, 0.010, 0.013, 0.016, 0.012
63.220, -0.617, 0.850, 1.000, 1.000, 1.000, 0.000, 1.000, 0.000, 1.000, 0.000, 0.020, 0.018, 0.010, 0.013, 0.016, 0.012
63.240, -0.623, 0.843, 1.000, 1.000, 1.000, 0.000, 1.000, 0.000, 1.000, 0.000, 0.019, 0.018, 0.010, 0.013, 0.016, 0.012
63.260, -0.573, 0.870, 1.000, 1.000, 1.000, 0.000, 1.000, 0.000, 1.000, 0.000, 0.019, 0.018, 0.010, 0.013, 0.016, 0.012
63.280, -0.507, 0.881, 1.000, 0.000, 1.000, 0.000, 1.000, 0.000, 1.000, 1.000, 0.020, 0.018, 0.009, 0.013, 0.016, 0.012
63.300, -0.433, 0.880, 1.000, 0.000, 1.000, 0.000, 1.000, 0.000, 1.000, 1.000, 0.020, 0.018, 0.009, 0.013, 0.016, 0.012
63.320, -0.345, 0.875, 1.000, 0.000, 1.000, 1.000, 1.000, 0.000, 0.000, 1.000, 0.020, 0.018, 0.010, 0.013, 0.016, 0.012
63.340, -0.233, 0.867, 1.000, 0.000, 0.000, 1.000, 1.000, 0.000, 0.000, 1.000, 0.020, 0.018, 0.010, 0.013, 0.016, 0.013
63.360, -0.084, 0.856, 1.000, 0.000, 0.000, 1.000, 1.000, 0.000, 0.000, 1.000, 0.021, 0.019, 0.010, 0.013, 0.016, 0.013
63.380, 0.122, 0.840, 1.000, 0.000, 0.000, 1.000, 1.000, 0.000, 0.000, 1.000, 0.021, 0.019, 0.010, 0.013, 0.016, 0.013
63.400, 0.385, 0.815, 1.000, 0.000, 0.000, 1.000, 1.000, 1.000, 0.000, 1.000, 0.021, 0.019, 0.010, 0.013, 0.016, 0.013
63.420, 0.646, 0.775, 1.000, 0.000, 0.000, 1.000, 0.000, 1.000, 0.000, 1.000, 0.021, 0.019, 0.010, 0.013, 0.017, 0.013
63.440, 0.808, 0.719, 1.000, 0.000, 0.000, 1.000, 0.000, 1.000, 0.000, 1.000, 0.021, 0.019, 0.010, 0.014, 0.017, 0.013
63.460, 0.870, 0.653, 1.000, 0.000, 0.000, 1.000, 0.000, 1.000, 0.000, 1.000, 0.021, 0.019, 0.009, 0.014, 0.017, 0.014
63.480, 0.885, 0.585, 1.000, 0.000, 0.000, 1.000, 0.000, 1.000, 0.000, 1.000, 0.021, 0.019, 0.009, 0.014, 0.017, 0.013
63.500, 0.886, 0.515, 1.000, 0.202, 0.000, 1.000, 0.000, 1.000, 0.000, 0.798, 0.021, 0.019, 0.009, 0.014, 0.017, 0.013
63.520, 0.882, 0.440, 1.000, 0.084, 0.000, 1.000, 1.000, 1.000, 0.000, 0.916, 0.021, 0.019, 0.009, 0.014, 0.017, 0.012
63.540, 0.876, 0.354, 1.000, 0.000, 0.000, 1.000, 1.000, 0.000, 0.000, 1.000, 0.021, 0.019, 0.009, 0.013, 0.017, 0.012
63.560, 0.868, 0.245, 1.000, 0.000, 0.000, 1.000, 1.000, 0.000, 0.000, 1.000, 0.021, 0.019, 0.009, 0.013, 0.017, 0.012
63.580, 0.858, 0.099, 1.000, 0.000, 0.000, 1.000, 1.000, 0.000, 0.000, 1.000, 0.021, 0.020, 0.009, 0.013, 0.017, 0.012
63.600, 0.816, -0.130, 0.000, 1.000, 0.000, 1.000, 1.000, 0.000, 0.205, 1.000, 0.021, 0.020, 0.009, 0.013, 0.017, 0.012
63.620, 0.760, -0.360, 0.000, 1.000, 0.000, 0.000, 0.000, 0.257, 0.525, 1.000, 0.021, 0.020, 0.010, 0.014, 0.017, 0.012
63.640, 0.708, -0.580, 0.000, 1.000, 0.000, 0.000, 0.000, 0.243, 0.382, 1.000, 0.021, 0.020, 0.010, 0.014, 0.017, 0.013
63.660, 0.627, -0.726, 0.000, 1.000, 0.000, 1.000, 0.000, 0.133, 0.252, 1.000, 0.021, 0.020, 0.010, 0.014, 0.017, 0.012
63.680, 0.511, -0.791, 0.000, 1.000, 0.000, 1.000, 1.000, 0.000, 0.000, 1.000, 0.021, 0.019, 0.010, 0.014, 0.017, 0.012
63.700, 0.337, -0.801, 0.000, 1.000, 0.000, 1.000, 1.000, 1.000, 0.000, 1.000, 0.021, 0.019, 0.010, 0.013, 0.017, 0.012
63.720, 0.120, -0.799, 0.000, 1.000, 0.000, 1.000, 0.000, 1.000, 0.000, 1.000, 0.021, 0.019, 0.009, 0.014, 0.017, 0.012
63.740, -0.234, -0.757, 0.000, 1.000, 0.000, 1.000, 0.000, 1.000, 0.000, 1.000, 0.021, 0.018, 0.009, 0.014, 0.016, 0.012
63.760, -0.566, -0.719, 0.000, 1.000, 0.000, 0.000, 0.000, 1.000, 0.000, 1.000, 0.021, 0.018, 0.010, 0.014, 0.016, 0.012
63.780, -0.798, -0.635, 0.000, 1.000, 0.000, 1.000, 0.000, 0.000, 1.000, 1.000, 0.022, 0.018, 0.010, 0.014, 0.017, 0.013
63.800, -0.870, -0.545, 0.000, 1.000, 0.000, 1.000, 0.000, 0.000, 1.000, 1.000, 0.022, 0.018, 0.009, 0.014, 0.017, 0.013
63.820, -0.884, -0.432, 0.000, 1.000, 0.000, 1.000, 0.000, 0.000, 1.000, 1.000, 0.022, 0.018, 0.009, 0.014, 0.017, 0.013
63.840, -0.881, -0.297, 0.000, 1.000, 0.000, 1.000, 0.016, 0.000, 1.000, 1.000, 0.022, 0.018, 0.009, 0.013, 0.017, 0.013
63.860, -0.873, -0.121, 0.000, 1.000, 0.000, 1.000, 0.087, 0.000, 1.000, 1.000, 0.022, 0.018, 0.009, 0.013, 0.018, 0.013
63.880, -0.854, 0.083, 1.000, 1.000, 1.000, 0.892, 0.062, 0.000, 1.000, 0.000, 0.021, 0.019, 0.009, 0.013, 0.018, 0.013
63.900, -0.825, 0.341, 1.000, 0.000, 1.000, 0.000, 0.000, 0.000, 1.000, 1.000, 0.021, 0.019, 0.009, 0.013, 0.018, 0.013
63.920, -0.786, 0.609, 1.000, 0.089, 1.000, 0.000, 0.000, 0.000, 1.000, 0.911, 0.021, 0.019, 0.009, 0.013, 0.018, 0.012
63.940, -0.730, 0.791, 1.000, 0.000, 1.000, 0.000, 0.000, 0.000, 1.000, 1.000, 0.022, 0.019, 0.009, 0.013, 0.018, 0.012
63.960, -0.665, 0.865, 1.000, 0.000, 1.000, 0.000, 0.000, 0.000, 1.000, 1.000, 0.022, 0.019, 0.009, 0.013, 0.018, 0.012
63.980, -0.597, 0.885, 1.000, 0.000, 1.000, 0.000, 0.000, 0.000, 1.000, 1.000, 0.022, 0.019, 0.009, 0.013, 0.018, 0.012
64.000, -0.625, 0.840, 1.000, 1.000, 1.000, 0.000, 0.000, 0.000, 1.000, 0.000, 0.021, 0.020, 0.009, 0.013, 0.018, 0.012
64.020, -0.645, 0.831, 1.000, 1.000, 1.000, 0.000, 1.000, 0.000, 1.000, 0.000, 0.021, 0.019, 0.009, 0.013, 0.018, 0.012
64.040, -0.633, 0.847, 1.000, 1.000, 1.000, 0.000, 1.000, 0.000, 1.000, 0.000, 0.021, 0.019, 0.009, 0.014, 0.018, 0.012
64.060, -0.680, 0.811, 1.000, 1.000, 0.000, 0.000, 1.000, 0.000, 1.000, 0.000, 0.021, 0.019, 0.009, 0.014, 0.018, 0.012
64.080, -0.705, 0.808, 1.000, 1.000, 0.000, 0.000, 1.000, 0.000, 1.000, 0.000, 0.020, 0.019, 0.009, 0.014, 0.018, 0.012
64.100, -0.715, 0.814, 1.000, 1.000, 0.000, 0.000, 1.000, 0.000, 1.000, 0.000, 0.020, 0.019, 0.009, 0.014, 0.018, 0.012
64.120, -0.714, 0.821, 1.000, 1.000, 0.000, 0.000, 1.000, 0.000, 1.000, 0.000, 0.020, 0.020, 0.009, 0.014, 0.018, 0.012
64.140, -0.706, 0.831, 1.000, 1.000, 0.000, 0.000, 1.000, 0.000, 1.000, 0.000, 0.020, 0.020, 0.009, 0.015, 0.018, 0.012
64.160, -0.722, 0.813, 1.000, 1.000, 0.000, 0.000, 1.000, 0.000, 1.000, 0.000, 0.020, 0.020, 0.009, 0.015, 0.017, 0.012
64.180, -0.697, 0.840, 1.000, 1.000, 1.000, 0.000, 1.000, 0.000, 1.000, 0.000, 0.020, 0.019, 0.009, 0.014, 0.017, 0.012
64.200, -0.645, 0.870, 1.000, 1.000, 1.000, 0.000, 1.000, 0.000, 1.000, 0.000, 0.020, 0.019, 0.009, 0.014, 0.017, 0.012
64.220, -0.645, 0.850, 1.000, 1.000, 1.000, 0.000, 1.000, 0.000, 1.000, 0.000, 0.020, 0.019, 0.009, 0.014, 0.017, 0.012
64.240, -0.628, 0.855, 1.000, 1.000, 1.000, 0.000, 1.000, 0.000, 1.000, 0.000, 0.020, 0.018, 0.009, 0.013, 0.017, 0.012
64.260, -0.609, 0.858, 1.000, 1.000, 1.000, 0.000, 1.000, 0.000, 1.000, 0.000, 0.020, 0.018, 0.009, 0.013, 0.017, 0.012
64.280, -0.579, 0.864, 1.000, 1.000, 1.000, 0.000, 1.000, 0.000, 1.000, 0.000, 0.020, 0.018, 0.009, 0.013, 0.017, 0.012
64.300, -0.554, 0.863, 1.000, 1.000, 1.000, 0.000, 1.000, 0.000, 1.000, 0.000, 0.020, 0.018, 0.009, 0.013, 0.017, 0.012
64.320, -0.488, 0.877, 1.000, 0.000, 1.000, 0.000, 1.000, 0.000, 1.000, 1.000, 0.020, 0.018, 0.009, 0.013, 0.017, 0.012
64.340, -0.412, 0.877, 1.000, 0.000, 1.000, 0.000, 1.000, 0.000, 0.274, 1.000, 0.021, 0.018, 0.009, 0.013, 0.017, 0.012
64.360, -0.319, 0.873, 1.000, 0.000, 1.000, 1.000, 1.000, 0.000, 0.000, 1.000, 0.021, 0.018, 0.009, 0.013, 0.016, 0.012
64.380, -0.200, 0.865, 1.000, 0.000, 0.000, 1.000, 1.000, 1.000, 0.000, 1.000, 0.021, 0.019, 0.009, 0.013, 0.017, 0.013
64.400, -0.037, 0.853, 1.000, 0.000, 0.000, 1.000, 0.000, 1.000, 0.000, 1.000, 0.021, 0.019, 0.009, 0.014, 0.017, 0.013
64.420, 0.184, 0.835, 1.000, 0.000, 0.000, 1.000, 0.000, 1.000, 0.000, 1.000, 0.021, 0.019, 0.009, 0.014, 0.018, 0.013
64.440, 0.456, 0.807, 1.000, 0.000, 0.000, 1.000, 0.000, 1.000, 0.000, 1.000, 0.021, 0.019, 0.009, 0.014, 0.018, 0.013
64.460, 0.698, 0.762, 1.000, 0.000, 0.000, 1.000, 0.000, 1.000, 0.000, 1.000, 0.021, 0.019, 0.008, 0.014, 0.018, 0.013
64.480, 0.831, 0.702, 1.000, 0.000, 0.000, 1.000, 0.000, 1.000, 0.000, 1.000, 0.021, 0.019, 0.008, 0.014, 0.018, 0.013
64.500, 0.876, 0.635, 1.000, 0.000, 1.000, 1.000, 0.000, 1.000, 0.000, 1.000, 0.021, 0.019, 0.008, 0.015, 0.017, 0.013
64.520, 0.886, 0.567, 1.000, 0.178, 1.000, 1.000, 0.000, 1.000, 0.000, 0.822, 0.021, 0.019, 0.008, 0.015, 0.017, 0.013
64.540, 0.885, 0.496, 1.000, 0.157, 0.000, 1.000, 1.000, 1.000, 0.000, 0.843, 0.021, 0.019, 0.008, 0.014, 0.017, 0.012
64.560, 0.881, 0.419, 1.000, 0.156, 0.000, 1.000, 1.000, 1.000, 0.000, 0.844, 0.021, 0.019, 0.008, 0.014, 0.017, 0.012
64.580, 0.874, 0.327, 1.000, 0.000, 1.000, 1.000, 1.000, 0.000, 0.000, 1.000, 0.021, 0.019, 0.008, 0.014, 0.017, 0.012
64.600, 0.844, 0.091, 1.000, 1.000, 0.000, 0.000, 0.000, 0.341, 0.888, 0.000, 0.021, 0.019, 0.009, 0.014, 0.017, 0.013
64.620, 0.815, -0.126, 0.000, 1.000, 0.000, 0.000, 1.000, 0.000, 0.193, 1.000, 0.021, 0.019, 0.009, 0.014, 0.018, 0.012
64.640, 0.779, -0.368, 0.000, 1.000, 0.000, 1.000, 0.000, 1.000, 0.000, 1.000, 0.021, 0.019, 0.009, 0.014, 0.017, 0.012
64.660, 0.734, -0.601, 0.000, 1.000, 0.000, 1.000, 0.000, 1.000, 0.000, 1.000, 0.021, 0.020, 0.009, 0.014, 0.017, 0.012
64.680, 0.635, -0.730, 0.000, 1.000, 0.000, 1.000, 0.000, 1.000, 0.000, 1.000, 0.022, 0.020, 0.009, 0.014, 0.017, 0.012
64.700, 0.486, -0.774, 0.000, 1.000, 0.000, 0.000, 0.000, 1.000, 0.000, 1.000, 0.022, 0.019, 0.009, 0.014, 0.017, 0.012
64.720, 0.243, -0.764, 0.000, 1.000, 0.000, 0.000, 0.000, 1.000, 0.000, 1.000, 0.022, 0.019, 0.009, 0.014, 0.017, 0.012
64.740, -0.127, -0.725, 0.000, 1.000, 0.000, 0.000, 0.000, 1.000, 0.000, 1.000, 0.022, 0.019, 0.010, 0.013, 0.017, 0.012
64.760, -0.528, -0.671, 0.000, 1.000, 0.000, 0.000, 0.000, 1.000, 1.000, 1.000, 0.022, 0.018, 0.010, 0.013, 0.016, 0.012
64.780, -0.809, -0.550, 0.000, 1.000, 0.000, 0.000, 0.000, 0.000, 1.000, 1.000, 0.022, 0.018, 0.010, 0.013, 0.017, 0.013
64.800, -0.863, -0.476, 0.000, 1.000, 0.000, 1.000, 0.467, 0.000, 1.000, 1.000, 0.022, 0.018, 0.009, 0.014, 0.017, 0.013
64.820, -0.876, -0.377, 0.000, 1.000, 0.000, 1.000, 0.251, 0.000, 1.000, 1.000, 0.022, 0.018, 0.009, 0.014, 0.018, 0.013
64.840, -0.873, -0.249, 0.000, 1.000, 0.000, 1.000, 0.000, 0.000, 1.000, 1.000, 0.022, 0.018, 0.009, 0.013, 0.018, 0.013
64.860, -0.865, -0.080, 0.000, 1.000, 0.000, 1.000, 0.000, 0.000, 1.000, 1.000, 0.022, 0.018, 0.009, 0.013, 0.018, 0.013
64.880, -0.853, 0.139, 1.000, 1.000, 0.000, 1.000, 0.000, 0.000, 1.000, 0.000, 0.021, 0.018, 0.010, 0.013, 0.018, 0.013
64.900, -0.840, 0.382, 1.000, 1.000, 0.000, 1.000, 0.000, 0.000, 1.000, 0.000, 0.021, 0.018, 0.010, 0.013, 0.018, 0.013
64.920, -0.789, 0.647, 1.000, 0.000, 1.000, 0.000, 0.000, 0.000, 1.000, 1.000, 0.021, 0.018, 0.010, 0.013, 0.018, 0.013
64.940, -0.728, 0.810, 1.000, 0.000, 1.000, 0.000, 0.000, 0.000, 1.000, 1.000, 0.022, 0.019, 0.009, 0.013, 0.018, 0.012
64.960, -0.660, 0.871, 1.000, 0.106, 1.000, 0.000, 0.000, 0.000, 1.000, 0.894, 0.022, 0.019, 0.009, 0.013, 0.018, 0.012
64.980, -0.592, 0.886, 1.000, 0.000, 1.000, 0.000, 0.000, 0.000, 1.000, 1.000, 0.022, 0.019, 0.009, 0.013, 0.018, 0.012
65.000, -0.523, 0.887, 1.000, 0.000, 1.000, 0.000, 0.000, 0.000, 1.000, 1.000, 0.022, 0.019, 0.009, 0.013, 0.018, 0.012
65.020, -0.527, 0.853, 1.000, 1.000, 1.000, 0.000, 1.000, 0.000, 1.000, 0.000, 0.021, 0.019, 0.009, 0.013, 0.018, 0.012
65.040, -0.550, 0.835, 1.000, 1.000, 1.000, 0.000, 1.000, 0.000, 1.000, 0.000, 0.021, 0.019, 0.009, 0.014, 0.018, 0.012
65.060, -0.612, 0.808, 1.000, 1.000, 0.529, 0.000, 1.000, 0.000, 1.000, 0.000, 0.021, 0.019, 0.009, 0.014, 0.018, 0.012
65.080, -0.675, 0.792, 1.000, 1.000, 0.000, 0.000, 1.000, 0.000, 1.000, 0.000, 0.021, 0.019, 0.009, 0.014, 0.018, 0.012
65.100, -0.705, 0.800, 1.000, 1.000, 0.000, 0.000, 1.000, 0.000, 1.000, 0.000, 0.021, 0.020, 0.009, 0.013, 0.019, 0.012
65.120, -0.716, 0.811, 1.000, 1.000, 0.000, 0.000, 1.000, 0.000, 1.000, 0.000, 0.021, 0.020, 0.009, 0.013, 0.018, 0.012
65.140, -0.728, 0.807, 1.000, 1.000, 0.000, 0.000, 1.000, 0.000, 1.000, 0.000, 0.020, 0.020, 0.009, 0.013, 0.018, 0.012
65.160, -0.715, 0.827, 1.000, 1.000, 0.000, 0.000, 1.000, 0.000, 1.000, 0.000, 0.020, 0.020, 0.009, 0.013, 0.017, 0.012
65.180, -0.690, 0.846, 1.000, 1.000, 1.000, 0.000, 1.000, 0.000, 1.000, 0.000, 0.020, 0.019, 0.009, 0.013, 0.017, 0.012
65.200, -0.622, 0.880, 1.000, 0.000, 1.000, 0.000, 1.000, 0.000, 1.000, 1.000, 0.021, 0.019, 0.009, 0.013, 0.017, 0.012
65.220, -0.606, 0.863, 1.000, 1.000, 1.000, 0.000, 1.000, 0.000, 1.000, 0.000, 0.021, 0.019, 0.009, 0.013, 0.017, 0.012
65.240, -0.585, 0.861, 1.000, 1.000, 1.000, 0.000, 0.000, 0.000, 1.000, 0.000, 0.020, 0.018, 0.009, 0.013, 0.017, 0.012
65.260, -0.605, 0.839, 1.000, 1.000, 1.000, 0.000, 1.000, 0.000, 1.000, 0.000, 0.020, 0.018, 0.009, 0.013, 0.017, 0.012
65.280, -0.546, 0.873, 1.000, 0.000, 1.000, 0.000, 1.000, 0.000, 1.000, 1.000, 0.021, 0.018, 0.009, 0.013, 0.017, 0.012
65.300, -0.478, 0.880, 1.000, 0.000, 1.000, 0.000, 1.000, 0.000, 0.000, 1.000, 0.021, 0.018, 0.009, 0.013, 0.017, 0.012
65.320, -0.399, 0.878, 1.000, 0.000, 1.000, 1.000, 1.000, 0.000, 0.000, 1.000, 0.021, 0.018, 0.009, 0.013, 0.017, 0.013
65.340, -0.303, 0.872, 1.000, 0.000, 0.000, 1.000, 1.000, 0.000, 0.000, 1.000, 0.021, 0.019, 0.009, 0.013, 0.017, 0.013
65.360, -0.178, 0.863, 1.000, 0.000, 0.000, 1.000, 1.000, 0.000, 0.000, 1.000, 0.022, 0.019, 0.009, 0.013, 0.017, 0.013
65.380, -0.007, 0.851, 1.000, 0.000, 0.000, 1.000, 1.000, 1.000, 0.000, 1.000, 0.022, 0.019, 0.009, 0.013, 0.017, 0.013
65.400, 0.224, 0.831, 1.000, 0.000, 0.000, 1.000, 0.000, 1.000, 0.000, 1.000, 0.022, 0.019, 0.008, 0.013, 0.018, 0.013
65.420, 0.498, 0.801, 1.000, 0.000, 0.000, 1.000, 0.000, 1.000, 0.000, 1.000, 0.022, 0.019, 0.008, 0.014, 0.018, 0.013
65.440, 0.726, 0.754, 1.000, 0.000, 0.000, 1.000, 0.000, 1.000, 0.000, 1.000, 0.022, 0.020, 0.008, 0.014, 0.018, 0.013
65.460, 0.842, 0.692, 1.000, 0.000, 0.000, 1.000, 0.000, 1.000, 0.000, 1.000, 0.022, 0.020, 0.008, 0.014, 0.018, 0.013
65.480, 0.879, 0.625, 1.000, 0.000, 1.000, 1.000, 0.000, 1.000, 0.000, 1.000, 0.022, 0.019, 0.008, 0.014, 0.018, 0.013
65.500, 0.887, 0.557, 1.000, 0.000, 0.000, 1.000, 1.000, 1.000, 0.000, 1.000, 0.022, 0.019, 0.008, 0.014, 0.017, 0.013
65.520, 0.885, 0.485, 1.000, 0.349, 0.000, 1.000, 1.000, 1.000, 0.000, 0.651, 0.022, 0.020, 0.008, 0.013, 0.017, 0.012
65.540, 0.880, 0.407, 1.000, 0.000, 0.000, 1.000, 1.000, 0.000, 0.000, 1.000, 0.022, 0.020, 0.008, 0.013, 0.018, 0.012
65.560, 0.871, 0.296, 1.000, 1.000, 0.000, 1.000, 1.000, 0.000, 0.000, 0.000, 0.021, 0.020, 0.008, 0.013, 0.018, 0.012
65.580, 0.836, 0.046, 1.000, 1.000, 0.000, 0.000, 1.000, 0.308, 0.827, 0.000, 0.021, 0.020, 0.009, 0.013, 0.018, 0.013
65.600, 0.808, -0.175, 0.000, 1.000, 0.000, 0.000, 1.000, 0.000, 0.218, 1.000, 0.021, 0.020, 0.009, 0.013, 0.018, 0.012
65.620, 0.773, -0.422, 0.000, 1.000, 0.000, 0.013, 1.000, 1.000, 0.000, 1.000, 0.022, 0.020, 0.009, 0.013, 0.018, 0.012
65.640, 0.718, -0.639, 0.000, 1.000, 0.000, 1.000, 0.000, 1.000, 0.000, 1.000, 0.022, 0.020, 0.009, 0.013, 0.017, 0.012
65.660, 0.622, -0.756, 0.000, 1.000, 0.000, 1.000, 0.000, 1.000, 0.000, 1.000, 0.022, 0.020, 0.009, 0.014, 0.017, 0.012
65.680, 0.465, -0.785, 0.000, 1.000, 0.000, 0.000, 0.000, 1.000, 0.000, 1.000, 0.022, 0.020, 0.009, 0.013, 0.017, 0.012
65.700, 0.202, -0.763, 0.000, 1.000, 0.000, 0.000, 0.000, 1.000, 0.000, 1.000, 0.022, 0.019, 0.010, 0.013, 0.017, 0.012
65.720, -0.188, -0.717, 0.000, 1.000, 0.000, 0.000, 0.000, 1.000, 0.000, 1.000, 0.022, 0.019, 0.010, 0.013, 0.017, 0.012
65.740, -0.642, -0.613, 0.000, 1.000, 0.000, 0.000, 0.000, 1.000, 1.000, 1.000, 0.022, 0.019, 0.010, 0.013, 0.017, 0.012
65.760, -0.819, -0.540, 0.000, 1.000, 0.000, 0.131, 0.000, 0.000, 1.000, 1.000, 0.022, 0.019, 0.010, 0.013, 0.017, 0.013
65.780, -0.865, -0.466, 0.000, 1.000, 0.000, 1.000, 0.600, 0.000, 1.000, 1.000, 0.022, 0.019, 0.009, 0.013, 0.018, 0.013
65.800, -0.876, -0.364, 0.000, 1.000, 0.000, 1.000, 0.380, 0.013, 0.000, 1.000, 0.022, 0.019, 0.009, 0.013, 0.018, 0.013
65.820, -0.874, -0.220, 0.000, 1.000, 0.000, 1.000, 0.000, 0.000, 1.000, 1.000, 0.022, 0.018, 0.009, 0.013, 0.018, 0.013
65.840, -0.864, -0.040, 0.000, 1.000, 0.000, 1.000, 0.000, 0.000, 1.000, 1.000, 0.022, 0.018, 0.009, 0.013, 0.018, 0.013
65.860, -0.854, 0.191, 1.000, 1.000, 0.000, 1.000, 0.000, 0.000, 1.000, 0.000, 0.022, 0.018, 0.010, 0.013, 0.018, 0.013
65.880, -0.818, 0.462, 1.000, 1.000, 1.000, 0.000, 0.000, 0.000, 1.000, 0.000, 0.021, 0.019, 0.009, 0.013, 0.018, 0.012
65.900, -0.768, 0.704, 1.000, 0.000, 1.000, 0.000, 0.000, 0.000, 1.000, 1.000, 0.022, 0.019, 0.009, 0.013, 0.018, 0.012
65.920, -0.706, 0.834, 1.000, 0.032, 1.000, 0.000, 0.000, 0.000, 1.000, 0.968, 0.022, 0.019, 0.009, 0.012, 0.018, 0.012
65.940, -0.638, 0.878, 1.000, 0.000, 1.000, 0.000, 0.000, 0.000, 1.000, 1.000, 0.022, 0.020, 0.009, 0.012, 0.018, 0.012
65.960, -0.570, 0.887, 1.000, 0.000, 1.000, 0.000, 0.000, 0.000, 1.000, 1.000, 0.022, 0.020, 0.009, 0.012, 0.018, 0.012
65.980, -0.500, 0.886, 1.000, 0.000, 1.000, 0.000, 0.000, 0.000, 1.000, 1.000, 0.022, 0.020, 0.009, 0.012, 0.019, 0.012
66.000, -0.593, 0.806, 1.000, 1.000, 1.000, 0.000, 1.000, 0.000, 1.000, 0.000, 0.022, 0.020, 0.009, 0.013, 0.019, 0.012
66.020, -0.608, 0.826, 1.000, 1.000, 1.000, 0.000, 1.000, 0.000, 1.000, 0.000, 0.022, 0.019, 0.009, 0.013, 0.019, 0.012
66.040, -0.670, 0.799, 1.000, 1.000, 0.000, 0.000, 1.000, 0.000, 1.000, 0.000, 0.021, 0.020, 0.009, 0.014, 0.019, 0.012
66.060, -0.713, 0.792, 1.000, 1.000, 0.000, 0.000, 1.000, 0.000, 1.000, 0.000, 0.021, 0.020, 0.009, 0.014, 0.019, 0.012
66.080, -0.723, 0.806, 1.000, 1.000, 0.000, 0.000, 1.000, 0.000, 0.821, 0.000, 0.021, 0.020, 0.009, 0.013, 0.019, 0.012
66.100, -0.724, 0.815, 1.000, 1.000, 0.000, 0.000, 1.000, 0.000, 1.000, 0.000, 0.021, 0.020, 0.009, 0.013, 0.018, 0.012
66.120, -0.727, 0.814, 1.000, 1.000, 0.000, 0.000, 1.000, 0.000, 1.000, 0.000, 0.021, 0.020, 0.009, 0.013, 0.018, 0.012
66.140, -0.721, 0.822, 1.000, 1.000, 0.000, 0.000, 0.935, 0.000, 1.000, 0.000, 0.021, 0.020, 0.009, 0.013, 0.018, 0.012
66.160, -0.728, 0.812, 1.000, 1.000, 0.000, 0.000, 0.000, 0.000, 1.000, 0.000, 0.021, 0.020, 0.009, 0.013, 0.018, 0.012
66.180, -0.691, 0.850, 1.000, 1.000, 1.000, 0.000, 1.000, 0.000, 1.000, 0.000, 0.021, 0.020, 0.009, 0.013, 0.017, 0.012
66.200, -0.622, 0.882, 1.000, 0.000, 1.000, 0.000, 1.000, 0.000, 1.000, 1.000, 0.021, 0.019, 0.008, 0.013, 0.017, 0.012
66.220, -0.563, 0.884, 1.000, 1.000, 1.000, 0.000, 1.000, 0.000, 1.000, 0.000, 0.021, 0.019, 0.008, 0.013, 0.017, 0.012
66.240, -0.634, 0.815, 1.000, 1.000, 0.000, 0.000, 1.000, 0.000, 1.000, 0.000, 0.021, 0.019, 0.008, 0.012, 0.017, 0.012
66.260, -0.644, 0.830, 1.000, 1.000, 0.000, 0.000, 1.000, 0.000, 1.000, 0.000, 0.021, 0.020, 0.008, 0.012, 0.017, 0.011
66.280, -0.629, 0.849, 1.000, 1.000, 1.000, 0.000, 1.000, 0.000, 1.000, 0.000, 0.021, 0.019, 0.009, 0.012, 0.017, 0.011
66.300, -0.567, 0.877, 1.000, 0.000, 1.000, 0.000, 1.000, 0.000, 1.000, 1.000, 0.021, 0.019, 0.009, 0.012, 0.017, 0.011
66.320, -0.499, 0.883, 1.000, 0.000, 1.000, 0.000, 1.000, 0.000, 1.000, 1.000, 0.021, 0.019, 0.010, 0.012, 0.017, 0.011
66.340, -0.423, 0.880, 1.000, 0.000, 1.000, 1.000, 1.000, 0.000, 0.000, 1.000, 0.022, 0.019, 0.009, 0.012, 0.017, 0.012
66.360, -0.333, 0.874, 1.000, 0.000, 0.000, 1.000, 1.000, 1.000, 0.000, 1.000, 0.022, 0.019, 0.009, 0.012, 0.017, 0.012
66.380, -0.217, 0.866, 1.000, 0.000, 0.000, 1.000, 0.000, 1.000, 0.000, 1.000, 0.022, 0.020, 0.009, 0.013, 0.018, 0.013
66.400, -0.062, 0.855, 1.000, 0.000, 0.000, 1.000, 0.000, 1.000, 0.000, 1.000, 0.022, 0.020, 0.009, 0.013, 0.018, 0.013
66.420, 0.152, 0.838, 1.000, 0.000, 0.000, 1.000, 0.000, 1.000, 0.000, 1.000, 0.022, 0.020, 0.009, 0.013, 0.018, 0.013
66.440, 0.419, 0.811, 1.000, 0.000, 0.000, 1.000, 0.000, 1.000, 0.000, 1.000, 0.022, 0.020, 0.009, 0.014, 0.018, 0.013
66.460, 0.672, 0.769, 1.000, 0.000, 0.000, 1.000, 0.000, 1.000, 0.000, 1.000, 0.022, 0.020, 0.008, 0.014, 0.018, 0.013
66.480, 0.820, 0.711, 1.000, 0.000, 1.000, 1.000, 0.000, 1.000, 0.000, 1.000, 0.022, 0.020, 0.008, 0.014, 0.017, 0.013
66.500, 0.873, 0.643, 1.000, 0.275, 1.000, 1.000, 0.000, 1.000, 0.000, 0.725, 0.022, 0.019, 0.008, 0.014, 0.017, 0.013
66.520, 0.886, 0.574, 1.000, 0.376, 1.000, 0.000, 0.000, 1.000, 0.000, 0.624, 0.022, 0.019, 0.009, 0.014, 0.017, 0.012
66.540, 0.885, 0.503, 1.000, 0.160, 1.000, 0.000, 0.049, 1.000, 0.000, 0.840, 0.022, 0.019, 0.009, 0.014, 0.017, 0.012
66.560, 0.862, 0.213, 1.000, 1.000, 0.000, 0.000, 0.875, 1.000, 0.000, 0.000, 0.021, 0.019, 0.010, 0.014, 0.017, 0.012
66.580, 0.833, 0.000, 1.000, 1.000, 0.000, 0.000, 0.000, 1.000, 0.000, 0.000, 0.021, 0.020, 0.010, 0.014, 0.017, 0.012
66.600, 0.798, -0.229, 0.000, 1.000, 0.000, 0.000, 0.000, 1.000, 0.000, 1.000, 0.022, 0.020, 0.010, 0.014, 0.017, 0.012
66.620, 0.742, -0.458, 0.000, 1.000, 0.000, 0.000, 0.000, 1.000, 0.000, 1.000, 0.022, 0.020, 0.010, 0.014, 0.017, 0.012
66.640, 0.655, -0.632, 0.000, 1.000, 0.000, 0.000, 0.000, 1.000, 0.000, 1.000, 0.022, 0.020, 0.010, 0.014, 0.017, 0.012
66.660, 0.526, -0.726, 0.000, 1.000, 0.000, 0.000, 0.000, 1.000, 0.000, 1.000, 0.022, 0.020, 0.010, 0.013, 0.017, 0.012
66.680, 0.337, -0.757, 0.000, 1.000, 0.000, 0.000, 0.000, 1.000, 0.000, 1.000, 0.022, 0.020, 0.010, 0.013, 0.017, 0.012
66.700, 0.038, -0.743, 0.000, 1.000, 0.000, 0.000, 0.000, 1.000, 0.000, 1.000, 0.022, 0.019, 0.010, 0.013, 0.017, 0.012
66.720, -0.352, -0.705, 0.000, 1.000, 0.000, 0.000, 0.000, 1.000, 0.000, 1.000, 0.022, 0.019, 0.010, 0.013, 0.017, 0.012
66.740, -0.755, -0.568, 0.000, 1.000, 0.000, 0.000, 0.000, 0.000, 1.000, 1.000, 0.022, 0.019, 0.011, 0.013, 0.017, 0.012
66.760, -0.855, -0.480, 0.000, 1.000, 0.000, 0.000, 0.000, 0.000, 1.000, 1.000, 0.022, 0.019, 0.011, 0.013, 0.017, 0.012
66.780, -0.871, -0.400, 0.000, 1.000, 0.000, 1.000, 0.670, 0.000, 0.000, 1.000, 0.022, 0.019, 0.010, 0.013, 0.018, 0.012
66.800, -0.873, -0.284, 0.000, 1.000, 0.000, 1.000, 0.368, 0.035, 0.000, 1.000, 0.023, 0.019, 0.010, 0.013, 0.018, 0.012
66.820, -0.868, -0.125, 0.000, 1.000, 0.000, 1.000, 0.000, 0.000, 1.000, 1.000, 0.023, 0.019, 0.011, 0.013, 0.018, 0.012
66.840, -0.854, 0.079, 1.000, 1.000, 0.000, 1.000, 0.000, 0.000, 1.000, 0.000, 0.022, 0.019, 0.011, 0.013, 0.018, 0.013
66.860, -0.834, 0.330, 1.000, 1.000, 0.000, 1.000, 0.000, 0.000, 1.000, 0.000, 0.022, 0.018, 0.011, 0.013, 0.018, 0.013
66.880, -0.793, 0.598, 1.000, 1.000, 1.000, 1.000, 0.000, 0.000, 1.000, 0.000, 0.021, 0.019, 0.011, 0.013, 0.018, 0.012
66.900, -0.737, 0.786, 1.000, 0.000, 1.000, 0.000, 0.000, 0.000, 1.000, 1.000, 0.022, 0.019, 0.010, 0.013, 0.018, 0.012
66.920, -0.671, 0.863, 1.000, 0.102, 1.000, 0.000, 0.000, 0.000, 1.000, 0.898, 0.022, 0.020, 0.010, 0.013, 0.018, 0.012
66.940, -0.603, 0.884, 1.000, 0.012, 1.000, 0.000, 0.000, 0.000, 1.000, 0.988, 0.022, 0.020, 0.010, 0.013, 0.018, 0.012
66.960, -0.534, 0.887, 1.000, 0.000, 1.000, 0.000, 0.000, 0.000, 1.000, 1.000, 0.022, 0.020, 0.010, 0.012, 0.018, 0.012
66.980, -0.567, 0.840, 1.000, 1.000, 1.000, 0.000, 1.000, 0.000, 1.000, 0.000, 0.022, 0.020, 0.010, 0.013, 0.018, 0.012
67.000, -0.587, 0.834, 1.000, 1.000, 1.000, 0.000, 1.000, 0.000, 1.000, 0.000, 0.022, 0.020, 0.010, 0.013, 0.018, 0.012
67.020, -0.603, 0.834, 1.000, 1.000, 1.000, 0.000, 1.000, 0.000, 1.000, 0.000, 0.021, 0.019, 0.010, 0.014, 0.019, 0.012
67.040, -0.671, 0.797, 1.000, 1.000, 0.000, 0.000, 1.000, 0.000, 1.000, 0.000, 0.021, 0.020, 0.010, 0.013, 0.019, 0.012
67.060, -0.714, 0.791, 1.000, 1.000, 0.000, 0.000, 1.000, 0.000, 1.000, 0.000, 0.021, 0.020, 0.010, 0.013, 0.019, 0.011
67.080, -0.733, 0.795, 1.000, 1.000, 0.000, 0.000, 1.000, 0.000, 1.000, 0.000, 0.021, 0.020, 0.009, 0.013, 0.019, 0.011
67.100, -0.736, 0.805, 1.000, 1.000, 0.000, 0.000, 1.000, 0.000, 1.000, 0.000, 0.021, 0.020, 0.009, 0.013, 0.018, 0.011
67.120, -0.706, 0.840, 1.000, 1.000, 1.000, 0.000, 0.000, 0.000, 1.000, 0.000, 0.021, 0.020, 0.009, 0.013, 0.018, 0.011
67.140, -0.637, 0.879, 1.000, 0.000, 1.000, 0.000, 1.000, 0.000, 1.000, 1.000, 0.021, 0.019, 0.009, 0.013, 0.018, 0.011
67.160, -0.590, 0.878, 1.000, 1.000, 1.000, 0.000, 1.000, 0.000, 1.000, 0.000, 0.021, 0.019, 0.009, 0.013, 0.017, 0.011
67.180, -0.639, 0.825, 1.000, 1.000, 0.869, 0.000, 1.000, 0.000, 1.000, 0.000, 0.021, 0.019, 0.009, 0.013, 0.017, 0.011
67.200, -0.608, 0.857, 1.000, 1.000, 1.000, 0.000, 0.000, 0.000, 1.000, 0.000, 0.021, 0.019, 0.009, 0.013, 0.017, 0.011
67.220, -0.595, 0.856, 1.000, 1.000, 1.000, 0.000, 1.000, 0.000, 1.000, 0.000, 0.021, 0.019, 0.009, 0.013, 0.017, 0.011
67.240, -0.578, 0.857, 1.000, 1.000, 1.000, 0.000, 0.000, 0.000, 1.000, 0.000, 0.021, 0.019, 0.010, 0.013, 0.017, 0.011
67.260, -0.575, 0.850, 1.000, 1.000, 1.000, 0.000, 1.000, 0.000, 1.000, 0.000, 0.021, 0.019, 0.010, 0.013, 0.017, 0.011
67.280, -0.527, 0.869, 1.000, 1.000, 1.000, 0.000, 1.000, 0.000, 1.000, 0.000, 0.020, 0.019, 0.010, 0.013, 0.017, 0.011
67.300, -0.458, 0.877, 1.000, 0.000, 1.000, 0.000, 1.000, 0.000, 0.000, 1.000, 0.021, 0.018, 0.011, 0.013, 0.017, 0.012
67.320, -0.376, 0.876, 1.000, 0.000, 1.000, 1.000, 1.000, 0.000, 0.000, 1.000, 0.021, 0.018, 0.010, 0.013, 0.017, 0.012
67.340, -0.274, 0.869, 1.000, 0.000, 0.000, 1.000, 1.000, 0.000, 0.000, 1.000, 0.022, 0.019, 0.010, 0.012, 0.017, 0.012
67.360, -0.139, 0.860, 1.000, 0.000, 0.000, 1.000, 1.000, 1.000, 0.000, 1.000, 0.022, 0.019, 0.010, 0.012, 0.017, 0.012
67.380, 0.047, 0.846, 1.000, 0.000, 0.000, 1.000, 0.000, 1.000, 0.000, 1.000, 0.022, 0.020, 0.010, 0.013, 0.018, 0.013
67.400, 0.293, 0.825, 1.000, 0.000, 0.000, 1.000, 0.000, 1.000, 0.000, 1.000, 0.022, 0.020, 0.010, 0.013, 0.018, 0.013
67.420, 0.566, 0.790, 1.000, 0.000, 0.000, 1.000, 0.000, 1.000, 0.000, 1.000, 0.022, 0.020, 0.009, 0.014, 0.018, 0.013
67.440, 0.767, 0.739, 1.000, 0.000, 0.000, 1.000, 0.000, 1.000, 0.000, 1.000, 0.022, 0.020, 0.009, 0.014, 0.018, 0.013
67.460, 0.857, 0.675, 1.000, 0.000, 1.000, 1.000, 0.000, 1.000, 0.000, 1.000, 0.022, 0.019, 0.009, 0.014, 0.018, 0.013
67.480, 0.883, 0.608, 1.000, 0.000, 1.000, 0.000, 0.000, 1.000, 0.000, 1.000, 0.022, 0.019, 0.010, 0.014, 0.017, 0.013
67.500, 0.887, 0.539, 1.000, 0.000, 1.000, 0.000, 0.000, 1.000, 0.000, 1.000, 0.022, 0.019, 0.010, 0.014, 0.017, 0.012
67.520, 0.884, 0.468, 1.000, 0.000, 1.000, 0.000, 0.000, 1.000, 0.000, 1.000, 0.022, 0.019, 0.011, 0.014, 0.017, 0.012
67.540, 0.878, 0.386, 1.000, 0.000, 1.000, 0.000, 0.000, 1.000, 0.000, 1.000, 0.022, 0.019, 0.011, 0.014, 0.017, 0.012
67.560, 0.871, 0.286, 1.000, 0.000, 1.000, 0.000, 0.000, 1.000, 0.000, 1.000, 0.022, 0.018, 0.011, 0.014, 0.017, 0.012
67.580, 0.862, 0.156, 1.000, 0.000, 1.000, 0.000, 1.000, 1.000, 0.000, 1.000, 0.022, 0.018, 0.011, 0.014, 0.017, 0.012
67.600, 0.848, -0.023, 0.000, 0.000, 1.000, 0.000, 1.000, 0.000, 0.000, 0.000, 0.022, 0.018, 0.011, 0.013, 0.017, 0.012
67.620, 0.828, -0.264, 0.000, 0.000, 1.000, 0.000, 1.000, 0.000, 0.000, 0.000, 0.021, 0.018, 0.011, 0.014, 0.018, 0.012
67.640, 0.787, -0.527, 0.000, 1.000, 1.000, 0.000, 1.000, 0.000, 0.000, 1.000, 0.022, 0.018, 0.011, 0.014, 0.018, 0.012
67.660, 0.711, -0.708, 0.000, 1.000, 0.000, 0.000, 1.000, 0.000, 0.000, 1.000, 0.022, 0.019, 0.011, 0.014, 0.018, 0.012
67.680, 0.662, -0.831, 0.000, 0.000, 1.000, 0.000, 1.000, 1.000, 0.000, 0.000, 0.022, 0.018, 0.011, 0.014, 0.018, 0.011
67.700, 0.549, -0.847, 0.000, 1.000, 1.000, 0.000, 0.000, 1.000, 0.000, 1.000, 0.022, 0.018, 0.011, 0.014, 0.017, 0.011
67.720, 0.359, -0.821, 0.000, 1.000, 0.000, 0.000, 0.000, 1.000, 0.000, 1.000, 0.022, 0.019, 0.012, 0.014, 0.017, 0.011
67.740, 0.087, -0.788, 0.000, 1.000, 0.000, 0.000, 0.000, 1.000, 0.000, 1.000, 0.022, 0.019, 0.012, 0.013, 0.017, 0.011
67.760, -0.272, -0.748, 0.000, 1.000, 0.000, 0.000, 0.000, 1.000, 0.000, 1.000, 0.022, 0.019, 0.012, 0.013, 0.017, 0.011
67.780, -0.604, -0.706, 0.000, 1.000, 1.000, 0.000, 0.000, 1.000, 0.000, 1.000, 0.022, 0.019, 0.011, 0.013, 0.017, 0.011
67.800, -0.779, -0.675, 0.000, 0.000, 1.000, 0.000, 0.000, 1.000, 0.000, 0.000, 0.022, 0.019, 0.011, 0.013, 0.017, 0.011
67.820, -0.856, -0.621, 0.000, 0.000, 1.000, 0.000, 0.000, 1.000, 0.000, 0.000, 0.021, 0.018, 0.011, 0.013, 0.017, 0.011
67.840, -0.879, -0.558, 0.000, 0.000, 1.000, 0.000, 0.000, 1.000, 0.000, 0.000, 0.021, 0.018, 0.010, 0.013, 0.017, 0.011
67.860, -0.883, -0.489, 0.000, 0.000, 1.000, 0.000, 0.000, 1.000, 0.000, 0.000, 0.021, 0.018, 0.010, 0.013, 0.017, 0.011
67.880, -0.879, -0.411, 0.000, 0.000, 1.000, 0.000, 1.000, 1.000, 0.000, 0.000, 0.021, 0.018, 0.010, 0.013, 0.016, 0.011
67.900, -0.873, -0.318, 0.000, 0.000, 1.000, 0.000, 0.000, 1.000, 1.000, 0.000, 0.021, 0.018, 0.010, 0.013, 0.016, 0.012
67.920, -0.865, -0.198, 0.000, 0.000, 1.000, 0.000, 0.408, 1.000, 0.000, 0.000, 0.021, 0.018, 0.010, 0.013, 0.016, 0.011
67.940, -0.853, -0.035, 0.000, 0.000, 1.000, 0.000, 0.172, 1.000, 0.000, 0.000, 0.021, 0.018, 0.010, 0.013, 0.016, 0.012
67.960, -0.835, 0.187, 1.000, 0.000, 1.000, 0.000, 0.000, 1.000, 0.000, 1.000, 0.021, 0.018, 0.010, 0.013, 0.016, 0.012
67.980, -0.806, 0.459, 1.000, 0.000, 1.000, 0.000, 0.531, 1.000, 0.000, 1.000, 0.022, 0.018, 0.010, 0.013, 0.016, 0.012
68.000, -0.784, 0.668, 1.000, 1.000, 1.000, 0.000, 1.000, 1.000, 0.000, 0.000, 0.021, 0.018, 0.010, 0.014, 0.016, 0.013
68.020, -0.732, 0.808, 1.000, 1.000, 1.000, 0.000, 0.000, 1.000, 0.000, 0.000, 0.021, 0.018, 0.010, 0.013, 0.016, 0.013
68.040, -0.673, 0.865, 1.000, 1.000, 1.000, 0.000, 0.000, 1.000, 0.000, 0.000, 0.021, 0.018, 0.010, 0.013, 0.016, 0.013
68.060, -0.604, 0.885, 1.000, 0.000, 0.000, 1.000, 0.000, 1.000, 1.000, 1.000, 0.021, 0.018, 0.011, 0.014, 0.016, 0.012
68.080, -0.668, 0.814, 1.000, 1.000, 0.000, 0.000, 0.000, 1.000, 1.000, 0.000, 0.021, 0.018, 0.010, 0.014, 0.016, 0.012
68.100, -0.701, 0.805, 1.000, 1.000, 0.000, 0.000, 1.000, 1.000, 1.000, 0.000, 0.021, 0.019, 0.010, 0.013, 0.016, 0.012
68.120, -0.695, 0.828, 1.000, 1.000, 1.000, 0.000, 1.000, 0.291, 1.000, 0.000, 0.021, 0.018, 0.010, 0.013, 0.016, 0.012
68.140, -0.630, 0.875, 1.000, 0.000, 1.000, 0.000, 1.000, 1.000, 1.000, 1.000, 0.021, 0.018, 0.010, 0.013, 0.016, 0.012
68.160, -0.563, 0.886, 1.000, 0.000, 1.000, 0.000, 0.000, 1.000, 1.000, 1.000, 0.021, 0.018, 0.010, 0.014, 0.016, 0.011
68.180, -0.526, 0.872, 1.000, 1.000, 1.000, 0.000, 1.000, 1.000, 1.000, 0.000, 0.021, 0.018, 0.010, 0.013, 0.016, 0.011
68.200, -0.595, 0.815, 1.000, 1.000, 0.000, 0.000, 1.000, 0.586, 1.000, 0.000, 0.021, 0.018, 0.010, 0.013, 0.016, 0.011
68.220, -0.616, 0.826, 1.000, 1.000, 0.000, 0.000, 0.000, 1.000, 1.000, 0.000, 0.021, 0.018, 0.011, 0.014, 0.016, 0.011
68.240, -0.582, 0.858, 1.000, 1.000, 1.000, 0.000, 0.000, 1.000, 1.000, 0.000, 0.020, 0.018, 0.011, 0.014, 0.016, 0.011
68.260, -0.519, 0.877, 1.000, 0.000, 1.000, 0.000, 0.000, 1.000, 1.000, 1.000, 0.021, 0.018, 0.011, 0.014, 0.016, 0.011
68.280, -0.447, 0.880, 1.000, 0.000, 1.000, 0.000, 0.000, 1.000, 0.000, 1.000, 0.021, 0.018, 0.011, 0.014, 0.016, 0.012
68.300, -0.362, 0.876, 1.000, 0.000, 1.000, 1.000, 0.000, 1.000, 0.000, 1.000, 0.021, 0.018, 0.011, 0.014, 0.016, 0.012
68.320, -0.255, 0.869, 1.000, 0.000, 1.000, 1.000, 0.000, 1.000, 0.000, 1.000, 0.022, 0.017, 0.011, 0.014, 0.016, 0.012
68.340, -0.114, 0.858, 1.000, 0.000, 1.000, 1.000, 0.000, 1.000, 0.000, 1.000, 0.022, 0.017, 0.010, 0.014, 0.016, 0.013
68.360, -0.199, 0.745, 1.000, 1.000, 0.000, 0.000, 0.000, 1.000, 0.000, 0.000, 0.021, 0.018, 0.011, 0.015, 0.016, 0.013
68.380, -0.218, 0.749, 1.000, 1.000, 0.000, 1.000, 0.000, 1.000, 0.000, 0.000, 0.021, 0.018, 0.011, 0.015, 0.015, 0.013
68.400, -0.217, 0.764, 1.000, 1.000, 0.000, 1.000, 0.000, 1.000, 0.000, 0.000, 0.021, 0.018, 0.010, 0.015, 0.015, 0.013
68.420, -0.221, 0.767, 1.000, 1.000, 0.000, 1.000, 0.000, 1.000, 0.000, 0.000, 0.020, 0.019, 0.010, 0.015, 0.015, 0.013
68.440, -0.235, 0.766, 1.000, 1.000, 0.000, 1.000, 0.000, 1.000, 0.000, 0.000, 0.020, 0.019, 0.010, 0.015, 0.015, 0.013
68.460, -0.192, 0.788, 1.000, 1.000, 1.000, 1.000, 0.000, 1.000, 0.000, 0.000, 0.020, 0.018, 0.010, 0.015, 0.015, 0.013
68.480, -0.162, 0.784, 1.000, 1.000, 1.000, 0.000, 0.000, 1.000, 0.000, 0.000, 0.020, 0.018, 0.011, 0.015, 0.015, 0.013
68.500, -0.198, 0.750, 1.000, 1.000, 0.000, 0.000, 0.000, 1.000, 0.000, 0.000, 0.020, 0.018, 0.011, 0.015, 0.015, 0.012
68.520, -0.266, 0.731, 1.000, 1.000, 0.000, 1.000, 0.000, 1.000, 0.000, 0.000, 0.020, 0.019, 0.011, 0.014, 0.015, 0.012
68.540, -0.353, 0.731, 1.000, 1.000, 0.000, 0.000, 0.000, 1.000, 0.000, 0.000, 0.020, 0.019, 0.011, 0.014, 0.015, 0.012
68.560, -0.435, 0.749, 1.000, 1.000, 0.000, 0.000, 0.000, 1.000, 0.000, 0.000, 0.020, 0.019, 0.011, 0.014, 0.015, 0.012
68.580, -0.456, 0.795, 1.000, 1.000, 0.000, 1.000, 0.000, 1.000, 0.000, 0.000, 0.020, 0.019, 0.011, 0.014, 0.015, 0.012
68.600, -0.447, 0.826, 1.000, 1.000, 0.000, 1.000, 0.000, 1.000, 0.000, 0.000, 0.020, 0.019, 0.011, 0.014, 0.015, 0.012
68.620, -0.452, 0.829, 1.000, 1.000, 0.000, 1.000, 0.000, 1.000, 0.000, 0.000, 0.020, 0.019, 0.010, 0.014, 0.015, 0.012
68.640, -0.424, 0.843, 1.000, 1.000, 0.000, 1.000, 0.000, 1.000, 0.000, 0.000, 0.020, 0.019, 0.010, 0.014, 0.015, 0.012
68.660, -0.434, 0.829, 1.000, 1.000, 0.000, 1.000, 0.000, 1.000, 0.000, 0.000, 0.020, 0.019, 0.010, 0.014, 0.015, 0.012
68.680, -0.461, 0.820, 1.000, 1.000, 0.000, 1.000, 0.000, 1.000, 1.000, 0.000, 0.020, 0.019, 0.011, 0.013, 0.015, 0.012
68.700, -0.562, 0.781, 1.000, 1.000, 0.000, 0.000, 0.000, 0.000, 1.000, 0.000, 0.020, 0.019, 0.011, 0.013, 0.015, 0.013
68.720, -0.587, 0.814, 1.000, 1.000, 0.000, 0.000, 0.000, 0.000, 1.000, 0.000, 0.020, 0.018, 0.010, 0.013, 0.016, 0.013
68.740, -0.574, 0.843, 1.000, 1.000, 0.000, 1.000, 0.128, 0.000, 1.000, 0.000, 0.019, 0.018, 0.011, 0.013, 0.016, 0.013
68.760, -0.514, 0.872, 1.000, 0.000, 0.000, 1.000, 0.000, 0.000, 1.000, 1.000, 0.020, 0.018, 0.011, 0.013, 0.016, 0.013
68.780, -0.443, 0.878, 1.000, 0.000, 0.000, 1.000, 0.000, 0.000, 1.000, 1.000, 0.020, 0.018, 0.011, 0.013, 0.016, 0.013
68.800, -0.357, 0.875, 1.000, 0.000, 0.000, 1.000, 0.000, 0.000, 1.000, 1.000, 0.021, 0.018, 0.012, 0.013, 0.016, 0.013
68.820, -0.478, 0.781, 1.000, 1.000, 0.000, 1.000, 0.000, 0.000, 1.000, 0.000, 0.020, 0.018, 0.012, 0.013, 0.016, 0.013
68.840, -0.571, 0.773, 1.000, 1.000, 0.000, 0.000, 0.000, 0.000, 1.000, 0.000, 0.020, 0.018, 0.011, 0.013, 0.016, 0.013
68.860, -0.644, 0.781, 1.000, 1.000, 0.000, 0.000, 0.000, 0.000, 1.000, 0.000, 0.020, 0.018, 0.011, 0.013, 0.017, 0.012
68.880, -0.658, 0.817, 1.000, 1.000, 0.000, 0.000, 1.000, 0.000, 1.000, 0.000, 0.019, 0.017, 0.011, 0.014, 0.017, 0.012
68.900, -0.671, 0.825, 1.000, 1.000, 0.000, 0.000, 1.000, 0.000, 0.000, 0.000, 0.019, 0.017, 0.011, 0.014, 0.017, 0.013
68.920, -0.685, 0.824, 1.000, 1.000, 0.000, 0.000, 1.000, 0.000, 0.000, 0.000, 0.019, 0.017, 0.010, 0.014, 0.017, 0.013
68.940, -0.691, 0.826, 1.000, 1.000, 0.000, 0.000, 1.000, 0.000, 0.000, 0.000, 0.019, 0.017, 0.010, 0.014, 0.017, 0.013
68.960, -0.695, 0.828, 1.000, 1.000, 0.000, 0.000, 1.000, 0.000, 0.000, 0.000, 0.019, 0.017, 0.010, 0.014, 0.017, 0.013
68.980, -0.725, 0.802, 1.000, 1.000, 0.000, 0.000, 1.000, 0.000, 1.000, 0.000, 0.019, 0.017, 0.010, 0.013, 0.017, 0.013
69.000, -0.674, 0.858, 1.000, 1.000, 1.000, 0.000, 0.100, 0.000, 1.000, 0.000, 0.019, 0.018, 0.010, 0.014, 0.017, 0.013
69.020, -0.606, 0.883, 1.000, 0.000, 1.000, 1.000, 0.000, 0.000, 1.000, 1.000, 0.020, 0.018, 0.011, 0.014, 0.017, 0.012
69.040, -0.572, 0.873, 1.000, 1.000, 1.000, 1.000, 0.000, 0.000, 1.000, 0.000, 0.019, 0.018, 0.011, 0.014, 0.016, 0.012
69.060, -0.628, 0.820, 1.000, 1.000, 0.000, 0.000, 1.000, 0.000, 1.000, 0.000, 0.019, 0.018, 0.011, 0.014, 0.016, 0.012
69.080, -0.651, 0.823, 1.000, 1.000, 0.000, 0.000, 1.000, 0.000, 1.000, 0.000, 0.019, 0.018, 0.011, 0.014, 0.016, 0.012
69.100, -0.668, 0.825, 1.000, 1.000, 0.000, 0.000, 0.000, 0.000, 1.000, 0.000, 0.019, 0.018, 0.011, 0.014, 0.016, 0.012
69.120, -0.653, 0.845, 1.000, 1.000, 0.000, 1.000, 0.000, 0.000, 1.000, 0.000, 0.019, 0.018, 0.011, 0.014, 0.016, 0.012
69.140, -0.679, 0.823, 1.000, 1.000, 0.000, 0.000, 0.000, 0.000, 1.000, 0.000, 0.019, 0.018, 0.011, 0.015, 0.016, 0.012
69.160, -0.678, 0.834, 1.000, 1.000, 0.000, 0.000, 1.000, 0.000, 1.000, 0.000, 0.019, 0.019, 0.012, 0.014, 0.016, 0.012
69.180, -0.656, 0.851, 1.000, 1.000, 0.000, 1.000, 1.000, 0.000, 0.000, 0.000, 0.019, 0.019, 0.011, 0.014, 0.015, 0.013
69.200, -0.606, 0.873, 1.000, 1.000, 0.000, 1.000, 1.000, 0.000, 0.000, 0.000, 0.019, 0.019, 0.011, 0.014, 0.015, 0.013
69.220, -0.540, 0.884, 1.000, 0.000, 0.000, 1.000, 1.000, 0.000, 0.000, 1.000, 0.019, 0.019, 0.011, 0.013, 0.015, 0.013
69.240, -0.469, 0.883, 1.000, 0.000, 1.000, 1.000, 1.000, 0.000, 1.000, 1.000, 0.020, 0.018, 0.011, 0.013, 0.015, 0.013
69.260, -0.388, 0.878, 1.000, 0.000, 1.000, 0.000, 1.000, 0.000, 1.000, 1.000, 0.020, 0.018, 0.011, 0.013, 0.015, 0.012
69.280, -0.456, 0.811, 1.000, 1.000, 0.316, 0.000, 1.000, 0.000, 1.000, 0.000, 0.019, 0.018, 0.012, 0.013, 0.015, 0.012
69.300, -0.470, 0.822, 1.000, 1.000, 0.000, 0.000, 1.000, 0.000, 1.000, 0.000, 0.019, 0.018, 0.012, 0.013, 0.015, 0.012
69.320, -0.403, 0.857, 1.000, 0.000, 0.000, 1.000, 1.000, 0.000, 0.000, 1.000, 0.019, 0.019, 0.011, 0.013, 0.015, 0.013
69.340, -0.314, 0.865, 1.000, 0.000, 0.000, 1.000, 1.000, 0.000, 0.000, 1.000, 0.020, 0.019, 0.011, 0.013, 0.015, 0.013
69.360, -0.194, 0.861, 1.000, 0.000, 0.000, 1.000, 1.000, 0.000, 0.000, 1.000, 0.020, 0.019, 0.011, 0.013, 0.015, 0.013
69.380, -0.031, 0.851, 1.000, 0.000, 0.000, 1.000, 1.000, 1.000, 0.000, 1.000, 0.020, 0.019, 0.011, 0.013, 0.016, 0.013
69.400, 0.193, 0.834, 1.000, 0.000, 0.000, 1.000, 0.000, 1.000, 0.000, 1.000, 0.020, 0.019, 0.011, 0.014, 0.016, 0.013
69.420, 0.465, 0.805, 1.000, 0.000, 0.000, 1.000, 0.000, 1.000, 0.000, 1.000, 0.020, 0.019, 0.011, 0.014, 0.016, 0.014
69.440, 0.704, 0.760, 1.000, 0.000, 0.000, 1.000, 0.000, 1.000, 0.000, 1.000, 0.020, 0.019, 0.011, 0.014, 0.016, 0.014
69.460, 0.833, 0.700, 1.000, 0.000, 0.000, 1.000, 0.000, 1.000, 0.000, 1.000, 0.020, 0.019, 0.011, 0.014, 0.015, 0.014
69.480, 0.877, 0.633, 1.000, 0.000, 0.000, 1.000, 0.000, 1.000, 0.000, 1.000, 0.020, 0.019, 0.010, 0.015, 0.015, 0.014
69.500, 0.886, 0.564, 1.000, 0.209, 0.048, 1.000, 0.084, 1.000, 0.000, 0.791, 0.020, 0.019, 0.010, 0.015, 0.015, 0.013
69.520, 0.885, 0.493, 1.000, 0.389, 0.048, 1.000, 0.158, 1.000, 0.000, 0.611, 0.020, 0.019, 0.010, 0.015, 0.015, 0.013
69.540, 0.859, 0.174, 1.000, 1.000, 0.000, 0.000, 0.000, 1.000, 0.000, 0.000, 0.020, 0.019, 0.011, 0.015, 0.015, 0.013
69.560, 0.818, -0.059, 0.000, 1.000, 0.000, 0.000, 0.000, 1.000, 0.000, 1.000, 0.020, 0.019, 0.011, 0.015, 0.015, 0.013
69.580, 0.788, -0.294, 0.000, 1.000, 0.000, 0.000, 1.000, 1.000, 0.000, 1.000, 0.020, 0.020, 0.012, 0.014, 0.015, 0.013
69.600, 0.732, -0.520, 0.000, 1.000, 0.000, 0.000, 0.000, 1.000, 0.000, 1.000, 0.020, 0.019, 0.012, 0.015, 0.015, 0.012
69.620, 0.641, -0.678, 0.000, 1.000, 0.000, 0.000, 0.000, 1.000, 0.000, 1.000, 0.020, 0.019, 0.012, 0.014, 0.015, 0.012
69.640, 0.512, -0.755, 0.000, 1.000, 0.000, 0.000, 0.000, 1.000, 0.000, 1.000, 0.020, 0.018, 0.012, 0.014, 0.015, 0.012
69.660, 0.321, -0.774, 0.000, 1.000, 0.000, 0.000, 0.000, 1.000, 0.000, 1.000, 0.021, 0.018, 0.012, 0.014, 0.015, 0.012
69.680, 0.030, -0.757, 0.000, 1.000, 0.000, 0.000, 0.000, 1.000, 0.000, 1.000, 0.021, 0.018, 0.012, 0.014, 0.015, 0.012
69.700, -0.348, -0.720, 0.000, 1.000, 0.000, 0.000, 0.000, 1.000, 0.000, 1.000, 0.021, 0.018, 0.012, 0.013, 0.015, 0.012
69.720, -0.676, -0.663, 0.000, 1.000, 0.000, 0.000, 0.000, 1.000, 0.000, 1.000, 0.021, 0.018, 0.012, 0.013, 0.015, 0.012
69.740, -0.839, -0.572, 0.000, 1.000, 0.000, 0.000, 0.000, 1.000, 1.000, 1.000, 0.021, 0.018, 0.012, 0.013, 0.015, 0.013
69.760, -0.887, -0.409, 0.000, 1.000, 0.000, 0.000, 0.000, 0.000, 1.000, 1.000, 0.021, 0.018, 0.012, 0.013, 0.015, 0.013
69.780, -0.882, -0.242, 0.000, 1.000, 0.000, 0.000, 0.000, 0.000, 1.000, 1.000, 0.021, 0.018, 0.012, 0.013, 0.015, 0.013
69.800, -0.863, -0.092, 0.000, 0.000, 1.000, 0.000, 0.000, 0.000, 1.000, 0.000, 0.020, 0.018, 0.012, 0.013, 0.016, 0.014
69.820, -0.844, 0.112, 1.000, 0.000, 1.000, 0.000, 0.000, 0.000, 1.000, 1.000, 0.021, 0.019, 0.011, 0.013, 0.016, 0.014
69.840, -0.818, 0.374, 1.000, 0.000, 1.000, 0.000, 0.000, 0.000, 1.000, 1.000, 0.021, 0.019, 0.011, 0.013, 0.016, 0.014
69.860, -0.778, 0.637, 1.000, 0.000, 1.000, 0.000, 0.000, 0.000, 1.000, 1.000, 0.021, 0.019, 0.011, 0.013, 0.016, 0.013
69.880, -0.721, 0.804, 1.000, 0.000, 1.000, 0.000, 0.000, 0.000, 1.000, 1.000, 0.021, 0.019, 0.011, 0.013, 0.016, 0.013
69.900, -0.656, 0.869, 1.000, 0.000, 1.000, 0.000, 0.000, 0.000, 1.000, 1.000, 0.021, 0.019, 0.011, 0.013, 0.016, 0.013
69.920, -0.588, 0.885, 1.000, 0.000, 1.000, 1.000, 0.127, 0.000, 1.000, 1.000, 0.021, 0.019, 0.012, 0.013, 0.016, 0.013
69.940, -0.519, 0.886, 1.000, 0.000, 0.000, 1.000, 0.000, 0.000, 1.000, 1.000, 0.021, 0.019, 0.012, 0.013, 0.016, 0.012
69.960, -0.445, 0.882, 1.000, 0.000, 0.154, 1.000, 0.000, 0.000, 1.000, 1.000, 0.021, 0.019, 0.012, 0.013, 0.016, 0.012
69.980, -0.360, 0.876, 1.000, 0.000, 0.000, 1.000, 0.000, 0.107, 1.000, 1.000, 0.021, 0.019, 0.012, 0.013, 0.016, 0.012
70.000, -0.255, 0.868, 1.000, 0.314, 0.132, 0.000, 0.000, 0.010, 1.000, 0.686, 0.021, 0.019, 0.012, 0.013, 0.016, 0.012
70.020, -0.179, 0.840, 1.000, 1.000, 0.000, 0.000, 0.000, 0.000, 1.000, 0.000, 0.021, 0.019, 0.012, 0.013, 0.017, 0.012
70.040, -0.362, 0.705, 1.000, 1.000, 0.000, 0.000, 1.000, 0.000, 1.000, 0.000, 0.020, 0.019, 0.011, 0.013, 0.017, 0.012
70.060, -0.464, 0.730, 1.000, 1.000, 0.000, 0.000, 1.000, 0.000, 0.000, 0.000, 0.020, 0.020, 0.011, 0.013, 0.017, 0.013
70.080, -0.506, 0.782, 1.000, 1.000, 0.000, 0.000, 1.000, 0.000, 0.000, 0.000, 0.020, 0.020, 0.011, 0.013, 0.017, 0.013
70.100, -0.508, 0.822, 1.000, 1.000, 0.000, 0.025, 1.000, 0.000, 0.000, 0.000, 0.020, 0.020, 0.011, 0.013, 0.016, 0.013
70.120, -0.564, 0.809, 1.000, 1.000, 0.000, 0.000, 1.000, 0.000, 1.000, 0.000, 0.020, 0.020, 0.011, 0.013, 0.016, 0.013
70.140, -0.542, 0.845, 1.000, 1.000, 1.000, 0.000, 1.000, 0.000, 1.000, 0.000, 0.020, 0.019, 0.011, 0.013, 0.016, 0.013
70.160, -0.480, 0.871, 1.000, 0.000, 1.000, 0.000, 1.000, 0.000, 1.000, 1.000, 0.020, 0.019, 0.011, 0.013, 0.016, 0.013
70.180, -0.403, 0.875, 1.000, 0.000, 1.000, 0.000, 1.000, 0.000, 1.000, 1.000, 0.020, 0.019, 0.012, 0.013, 0.015, 0.012
70.200, -0.309, 0.871, 1.000, 0.000, 1.000, 0.000, 1.000, 0.000, 1.000, 1.000, 0.021, 0.018, 0.012, 0.013, 0.015, 0.012
70.220, -0.187, 0.863, 1.000, 0.000, 1.000, 0.000, 1.000, 0.000, 0.094, 1.000, 0.021, 0.018, 0.012, 0.012, 0.015, 0.013
70.240, -0.020, 0.851, 1.000, 0.000, 0.000, 1.000, 1.000, 0.000, 0.000, 1.000, 0.021, 0.019, 0.012, 0.012, 0.015, 0.013
70.260, 0.207, 0.833, 1.000, 0.000, 0.000, 1.000, 1.000, 0.000, 0.000, 1.000, 0.021, 0.019, 0.012, 0.012, 0.015, 0.013
70.280, 0.480, 0.803, 1.000, 0.000, 0.000, 1.000, 1.000, 0.000, 0.000, 1.000, 0.021, 0.019, 0.011, 0.012, 0.015, 0.014
70.300, 0.715, 0.757, 1.000, 0.000, 0.000, 1.000, 1.000, 0.000, 0.000, 1.000, 0.021, 0.020, 0.011, 0.012, 0.015, 0.014
70.320, 0.838, 0.696, 1.000, 0.000, 0.000, 1.000, 1.000, 1.000, 0.000, 1.000, 0.021, 0.020, 0.011, 0.012, 0.016, 0.014
70.340, 0.878, 0.629, 1.000, 0.000, 0.000, 1.000, 0.000, 1.000, 0.000, 1.000, 0.021, 0.020, 0.011, 0.013, 0.016, 0.014
70.360, 0.887, 0.562, 1.000, 0.000, 0.000, 1.000, 0.000, 1.000, 0.000, 1.000, 0.021, 0.020, 0.011, 0.013, 0.016, 0.014
70.380, 0.885, 0.491, 1.000, 0.102, 0.000, 1.000, 0.000, 1.000, 0.000, 0.898, 0.021, 0.020, 0.011, 0.013, 0.016, 0.013
70.400, 0.880, 0.413, 1.000, 0.074, 0.000, 1.000, 0.000, 1.000, 0.000, 0.926, 0.021, 0.020, 0.011, 0.014, 0.016, 0.013
70.420, 0.874, 0.320, 1.000, 0.000, 0.000, 1.000, 0.000, 1.000, 0.000, 1.000, 0.021, 0.020, 0.011, 0.014, 0.017, 0.013
70.440, 0.865, 0.201, 1.000, 0.000, 0.000, 1.000, 1.000, 1.000, 0.000, 1.000, 0.021, 0.020, 0.011, 0.013, 0.016, 0.013
70.460, 0.853, 0.039, 1.000, 0.000, 0.000, 1.000, 1.000, 0.000, 0.000, 1.000, 0.021, 0.020, 0.011, 0.013, 0.016, 0.013
70.480, 0.835, -0.182, 0.000, 0.000, 0.000, 1.000, 1.000, 0.000, 0.000, 0.000, 0.021, 0.020, 0.011, 0.013, 0.017, 0.013
70.500, 0.807, -0.453, 0.000, 0.000, 0.000, 1.000, 1.000, 0.000, 0.000, 0.000, 0.021, 0.020, 0.011, 0.013, 0.017, 0.013
70.520, 0.681, -0.589, 0.000, 1.000, 0.000, 0.000, 1.000, 0.037, 0.490, 1.000, 0.021, 0.020, 0.011, 0.013, 0.017, 0.013
70.540, 0.552, -0.696, 0.000, 1.000, 0.000, 0.000, 1.000, 0.000, 0.258, 1.000, 0.021, 0.020, 0.012, 0.012, 0.017, 0.013
70.560, 0.414, -0.762, 0.000, 1.000, 0.000, 1.000, 1.000, 0.050, 0.159, 1.000, 0.021, 0.020, 0.011, 0.012, 0.017, 0.013
70.580, 0.243, -0.790, 0.000, 1.000, 0.000, 1.000, 0.000, 0.187, 0.294, 1.000, 0.021, 0.019, 0.011, 0.013, 0.017, 0.013
70.600, -0.020, -0.781, 0.000, 1.000, 0.000, 1.000, 1.000, 0.000, 0.158, 1.000, 0.022, 0.019, 0.011, 0.013, 0.017, 0.013
70.620, -0.388, -0.739, 0.000, 1.000, 0.000, 1.000, 1.000, 1.000, 0.000, 1.000, 0.022, 0.019, 0.011, 0.013, 0.016, 0.013
70.640, -0.654, -0.715, 0.000, 1.000, 0.000, 1.000, 0.000, 1.000, 0.000, 1.000, 0.022, 0.019, 0.011, 0.013, 0.016, 0.013
70.660, -0.833, -0.622, 0.000, 1.000, 0.000, 1.000, 0.000, 0.000, 1.000, 1.000, 0.022, 0.019, 0.011, 0.013, 0.016, 0.013
70.680, -0.883, -0.501, 0.000, 1.000, 0.000, 0.000, 0.000, 0.000, 1.000, 1.000, 0.022, 0.019, 0.011, 0.014, 0.017, 0.013
70.700, -0.888, -0.340, 0.000, 1.000, 0.000, 1.000, 0.000, 0.000, 1.000, 1.000, 0.022, 0.019, 0.011, 0.014, 0.017, 0.014
70.720, -0.879, -0.156, 0.000, 1.000, 0.000, 0.000, 0.000, 0.000, 1.000, 1.000, 0.022, 0.019, 0.012, 0.014, 0.017, 0.014
70.740, -0.867, 0.065, 1.000, 1.000, 0.000, 0.000, 0.000, 0.000, 1.000, 0.000, 0.021, 0.019, 0.012, 0.014, 0.017, 0.014
70.760, -0.849, 0.309, 1.000, 1.000, 1.000, 0.000, 0.083, 0.000, 1.000, 0.000, 0.021, 0.019, 0.012, 0.013, 0.017, 0.013
70.780, -0.801, 0.585, 1.000, 0.000, 1.000, 0.000, 0.000, 0.000, 1.000, 1.000, 0.021, 0.019, 0.012, 0.013, 0.017, 0.013
70.800, -0.743, 0.779, 1.000, 0.000, 1.000, 0.000, 0.000, 0.000, 1.000, 1.000, 0.022, 0.020, 0.012, 0.013, 0.017, 0.013
70.820, -0.676, 0.861, 1.000, 0.000, 1.000, 0.000, 0.000, 0.000, 1.000, 1.000, 0.022, 0.020, 0.012, 0.013, 0.017, 0.013
70.840, -0.608, 0.884, 1.000, 0.000, 1.000, 0.000, 0.000, 0.000, 1.000, 1.000, 0.022, 0.020, 0.012, 0.013, 0.017, 0.013
70.860, -0.540, 0.887, 1.000, 0.000, 1.000, 0.000, 0.000, 0.000, 1.000, 1.000, 0.022, 0.020, 0.012, 0.013, 0.018, 0.013
70.880, -0.468, 0.884, 1.000, 0.000, 1.000, 0.000, 0.000, 0.000, 1.000, 1.000, 0.022, 0.019, 0.012, 0.013, 0.018, 0.013
70.900, -0.658, 0.735, 1.000, 1.000, 0.000, 0.000, 0.000, 0.000, 1.000, 0.000, 0.021, 0.020, 0.011, 0.013, 0.018, 0.012
70.920, -0.710, 0.768, 1.000, 1.000, 0.000, 0.000, 0.987, 0.000, 1.000, 0.000, 0.021, 0.020, 0.011, 0.013, 0.018, 0.012
70.940, -0.687, 0.831, 1.000, 1.000, 0.000, 0.269, 1.000, 0.000, 1.000, 0.000, 0.021, 0.020, 0.011, 0.013, 0.018, 0.012
70.960, -0.683, 0.836, 1.000, 1.000, 0.000, 0.000, 1.000, 0.000, 1.000, 0.000, 0.021, 0.020, 0.011, 0.014, 0.018, 0.012
70.980, -0.691, 0.829, 1.000, 1.000, 0.000, 0.000, 1.000, 0.000, 1.000, 0.000, 0.021, 0.020, 0.011, 0.014, 0.018, 0.012
71.000, -0.711, 0.814, 1.000, 1.000, 0.000, 0.000, 1.000, 0.000, 1.000, 0.000, 0.020, 0.020, 0.011, 0.014, 0.018, 0.012
71.020, -0.646, 0.871, 1.000, 0.000, 1.000, 0.000, 1.000, 0.000, 1.000, 1.000, 0.021, 0.020, 0.011, 0.014, 0.017, 0.012
71.040, -0.643, 0.852, 1.000, 1.000, 1.000, 0.000, 1.000, 0.000, 1.000, 0.000, 0.021, 0.019, 0.011, 0.014, 0.017, 0.012
71.060, -0.668, 0.827, 1.000, 1.000, 0.000, 0.000, 1.000, 0.000, 1.000, 0.000, 0.021, 0.020, 0.011, 0.014, 0.017, 0.012
71.080, -0.651, 0.848, 1.000, 1.000, 1.000, 0.000, 1.000, 0.000, 1.000, 0.000, 0.020, 0.019, 0.011, 0.014, 0.017, 0.012
71.100, -0.595, 0.875, 1.000, 1.000, 1.000, 0.000, 1.000, 0.000, 1.000, 0.000, 0.020, 0.019, 0.011, 0.014, 0.017, 0.012
71.120, -0.639, 0.827, 1.000, 1.000, 1.000, 0.000, 1.000, 0.000, 1.000, 0.000, 0.020, 0.019, 0.011, 0.014, 0.016, 0.012
71.140, -0.636, 0.841, 1.000, 1.000, 1.000, 0.000, 1.000, 0.000, 1.000, 0.000, 0.020, 0.019, 0.011, 0.014, 0.016, 0.012
71.160, -0.606, 0.860, 1.000, 1.000, 1.000, 0.000, 1.000, 0.000, 1.000, 0.000, 0.020, 0.019, 0.011, 0.013, 0.016, 0.012
71.180, -0.585, 0.860, 1.000, 1.000, 1.000, 0.000, 1.000, 0.000, 1.000, 0.000, 0.020, 0.019, 0.011, 0.013, 0.016, 0.012
71.200, -0.522, 0.878, 1.000, 0.000, 1.000, 0.000, 1.000, 0.000, 1.000, 1.000, 0.021, 0.019, 0.011, 0.013, 0.016, 0.012
71.220, -0.450, 0.880, 1.000, 0.000, 1.000, 0.000, 1.000, 0.000, 0.000, 1.000, 0.021, 0.019, 0.011, 0.013, 0.016, 0.013
71.240, -0.366, 0.876, 1.000, 0.000, 0.000, 1.000, 1.000, 0.000, 0.000, 1.000, 0.021, 0.019, 0.011, 0.013, 0.016, 0.013
71.260, -0.260, 0.869, 1.000, 0.000, 0.000, 1.000, 1.000, 1.000, 0.000, 1.000, 0.021, 0.019, 0.012, 0.013, 0.017, 0.013
71.280, -0.121, 0.859, 1.000, 0.000, 0.000, 1.000, 0.000, 1.000, 0.000, 1.000, 0.021, 0.020, 0.011, 0.013, 0.017, 0.013
71.300, 0.072, 0.844, 1.000, 0.000, 0.000, 1.000, 0.000, 1.000, 0.000, 1.000, 0.021, 0.020, 0.011, 0.014, 0.017, 0.013
71.320, 0.324, 0.822, 1.000, 0.000, 0.000, 1.000, 0.000, 1.000, 0.000, 1.000, 0.022, 0.020, 0.011, 0.014, 0.017, 0.014
71.340, 0.594, 0.786, 1.000, 0.000, 0.000, 1.000, 0.000, 1.000, 0.000, 1.000, 0.022, 0.020, 0.011, 0.014, 0.018, 0.014
71.360, 0.783, 0.732, 1.000, 0.000, 0.000, 1.000, 0.000, 1.000, 0.000, 1.000, 0.022, 0.020, 0.011, 0.014, 0.018, 0.014
71.380, 0.862, 0.667, 1.000, 0.003, 0.000, 1.000, 0.000, 1.000, 0.000, 0.997, 0.022, 0.020, 0.011, 0.014, 0.017, 0.014
71.400, 0.884, 0.599, 1.000, 0.156, 0.000, 1.000, 0.000, 1.000, 0.000, 0.844, 0.022, 0.020, 0.011, 0.014, 0.017, 0.013
71.420, 0.886, 0.531, 1.000, 0.000, 0.000, 1.000, 1.000, 1.000, 0.000, 1.000, 0.022, 0.020, 0.011, 0.014, 0.017, 0.013
71.440, 0.883, 0.458, 1.000, 0.000, 0.000, 1.000, 1.000, 0.000, 0.000, 1.000, 0.022, 0.020, 0.011, 0.014, 0.017, 0.013
71.460, 0.877, 0.375, 1.000, 0.000, 0.000, 1.000, 1.000, 0.000, 0.000, 1.000, 0.022, 0.020, 0.011, 0.013, 0.017, 0.013
71.480, 0.870, 0.272, 1.000, 0.000, 0.000, 1.000, 1.000, 0.000, 0.000, 1.000, 0.022, 0.020, 0.011, 0.013, 0.018, 0.012
71.500, 0.839, 0.046, 1.000, 1.000, 0.000, 0.318, 1.000, 0.212, 0.571, 0.000, 0.021, 0.020, 0.011, 0.013, 0.018, 0.013
71.520, 0.798, -0.181, 0.000, 1.000, 0.000, 0.000, 0.000, 0.244, 0.519, 1.000, 0.022, 0.020, 0.011, 0.014, 0.018, 0.013
71.540, 0.762, -0.423, 0.000, 1.000, 0.000, 0.000, 0.000, 0.158, 0.317, 1.000, 0.022, 0.021, 0.012, 0.014, 0.018, 0.013
71.560, 0.706, -0.635, 0.000, 1.000, 0.000, 0.000, 0.000, 0.048, 0.212, 1.000, 0.022, 0.021, 0.012, 0.014, 0.018, 0.013
71.580, 0.581, -0.731, 0.000, 1.000, 0.000, 1.000, 0.000, 1.000, 0.000, 1.000, 0.022, 0.020, 0.011, 0.014, 0.017, 0.013
71.600, 0.423, -0.772, 0.000, 1.000, 0.000, 1.000, 0.000, 1.000, 0.000, 1.000, 0.022, 0.020, 0.011, 0.015, 0.017, 0.012
71.620, 0.250, -0.795, 0.000, 1.000, 0.000, 1.000, 0.000, 1.000, 0.000, 1.000, 0.022, 0.019, 0.011, 0.015, 0.017, 0.012
71.640, -0.062, -0.766, 0.000, 1.000, 0.000, 1.000, 0.000, 1.000, 0.000, 1.000, 0.022, 0.019, 0.011, 0.015, 0.017, 0.012
71.660, -0.459, -0.711, 0.000, 1.000, 0.000, 0.000, 0.000, 1.000, 0.000, 1.000, 0.022, 0.019, 0.011, 0.015, 0.016, 0.012
71.680, -0.757, -0.628, 0.000, 1.000, 0.000, 0.000, 0.000, 1.000, 1.000, 1.000, 0.022, 0.019, 0.012, 0.014, 0.016, 0.013
71.700, -0.867, -0.509, 0.000, 1.000, 0.000, 0.000, 0.000, 0.000, 1.000, 1.000, 0.022, 0.019, 0.012, 0.014, 0.017, 0.013
71.720, -0.884, -0.374, 0.000, 1.000, 0.000, 1.000, 0.000, 0.000, 1.000, 1.000, 0.022, 0.019, 0.011, 0.014, 0.017, 0.013
71.740, -0.876, -0.234, 0.000, 1.000, 0.000, 1.000, 0.269, 0.000, 1.000, 1.000, 0.022, 0.019, 0.011, 0.014, 0.018, 0.014
71.760, -0.868, -0.044, 0.000, 1.000, 0.000, 1.000, 0.068, 0.000, 1.000, 1.000, 0.022, 0.019, 0.011, 0.014, 0.018, 0.014
71.780, -0.851, 0.185, 1.000, 1.000, 1.000, 0.640, 0.000, 0.000, 1.000, 0.000, 0.022, 0.019, 0.011, 0.014, 0.018, 0.013
71.800, -0.814, 0.461, 1.000, 0.000, 1.000, 0.000, 0.000, 0.000, 1.000, 1.000, 0.022, 0.020, 0.012, 0.013, 0.018, 0.013
71.820, -0.766, 0.703, 1.000, 0.000, 1.000, 0.000, 0.000, 0.000, 1.000, 1.000, 0.022, 0.020, 0.011, 0.013, 0.018, 0.013
71.840, -0.704, 0.833, 1.000, 0.000, 1.000, 0.000, 0.000, 0.000, 1.000, 1.000, 0.022, 0.020, 0.011, 0.013, 0.018, 0.013
71.860, -0.637, 0.877, 1.000, 0.000, 1.000, 0.000, 0.000, 0.000, 1.000, 1.000, 0.022, 0.020, 0.011, 0.013, 0.018, 0.012
71.880, -0.569, 0.887, 1.000, 0.000, 1.000, 0.000, 0.000, 0.000, 1.000, 1.000, 0.022, 0.020, 0.011, 0.013, 0.018, 0.012
71.900, -0.499, 0.886, 1.000, 0.000, 1.000, 0.000, 0.000, 0.000, 1.000, 1.000, 0.023, 0.020, 0.011, 0.013, 0.018, 0.012
71.920, -0.528, 0.840, 1.000, 1.000, 1.000, 0.000, 0.179, 0.000, 1.000, 0.000, 0.022, 0.019, 0.011, 0.013, 0.018, 0.012
71.940, -0.559, 0.828, 1.000, 1.000, 1.000, 0.000, 1.000, 0.000, 1.000, 0.000, 0.022, 0.019, 0.011, 0.014, 0.018, 0.012
71.960, -0.647, 0.787, 1.000, 1.000, 0.775, 0.000, 1.000, 0.000, 1.000, 0.000, 0.021, 0.019, 0.011, 0.014, 0.018, 0.012
71.980, -0.688, 0.797, 1.000, 1.000, 0.000, 0.000, 1.000, 0.000, 1.000, 0.000, 0.021, 0.020, 0.011, 0.014, 0.018, 0.012
72.000, -0.697, 0.816, 1.000, 1.000, 0.000, 0.000, 1.000, 0.000, 1.000, 0.000, 0.021, 0.020, 0.011, 0.015, 0.018, 0.012
72.020, -0.693, 0.830, 1.000, 1.000, 1.000, 0.000, 1.000, 0.000, 1.000, 0.000, 0.021, 0.019, 0.011, 0.015, 0.018, 0.012
72.040, -0.653, 0.861, 1.000, 1.000, 1.000, 0.000, 1.000, 0.000, 1.000, 0.000, 0.021, 0.019, 0.010, 0.015, 0.018, 0.012
72.060, -0.634, 0.859, 1.000, 1.000, 1.000, 0.000, 1.000, 0.000, 1.000, 0.000, 0.021, 0.019, 0.010, 0.015, 0.018, 0.012
72.080, -0.658, 0.831, 1.000, 1.000, 1.000, 0.000, 1.000, 0.000, 1.000, 0.000, 0.021, 0.019, 0.010, 0.014, 0.017, 0.012
72.100, -0.673, 0.827, 1.000, 1.000, 1.000, 0.000, 1.000, 0.000, 1.000, 0.000, 0.021, 0.019, 0.010, 0.014, 0.017, 0.012
72.120, -0.611, 0.873, 1.000, 0.081, 1.000, 0.000, 1.000, 0.000, 1.000, 0.919, 0.021, 0.019, 0.010, 0.014, 0.017, 0.012
72.140, -0.596, 0.861, 1.000, 1.000, 1.000, 0.000, 1.000, 0.000, 1.000, 0.000, 0.021, 0.019, 0.010, 0.014, 0.017, 0.012
72.160, -0.599, 0.848, 1.000, 1.000, 1.000, 0.000, 1.000, 0.000, 1.000, 0.000, 0.021, 0.019, 0.010, 0.014, 0.017, 0.012
72.180, -0.578, 0.857, 1.000, 1.000, 1.000, 0.000, 1.000, 0.000, 1.000, 0.000, 0.021, 0.019, 0.010, 0.013, 0.017, 0.012
72.200, -0.515, 0.877, 1.000, 0.000, 1.000, 0.000, 1.000, 0.000, 1.000, 1.000, 0.021, 0.018, 0.010, 0.013, 0.017, 0.012
72.220, -0.442, 0.879, 1.000, 0.000, 1.000, 0.000, 1.000, 0.000, 0.000, 1.000, 0.022, 0.018, 0.010, 0.013, 0.017, 0.012
72.240, -0.357, 0.875, 1.000, 0.000, 1.000, 1.000, 1.000, 0.000, 0.000, 1.000, 0.022, 0.018, 0.011, 0.013, 0.017, 0.013
72.260, -0.249, 0.868, 1.000, 0.000, 0.000, 1.000, 1.000, 0.000, 0.000, 1.000, 0.022, 0.019, 0.011, 0.013, 0.017, 0.013
72.280, -0.105, 0.858, 1.000, 0.000, 0.000, 1.000, 1.000, 0.000, 0.000, 1.000, 0.022, 0.019, 0.010, 0.013, 0.017, 0.013
72.300, 0.092, 0.843, 1.000, 0.000, 0.000, 1.000, 0.000, 1.000, 0.000, 1.000, 0.022, 0.019, 0.010, 0.014, 0.017, 0.013
72.320, 0.350, 0.819, 1.000, 0.000, 0.000, 1.000, 0.000, 1.000, 0.000, 1.000, 0.022, 0.020, 0.010, 0.014, 0.018, 0.013
72.340, 0.616, 0.781, 1.000, 0.000, 0.000, 1.000, 0.000, 1.000, 0.000, 1.000, 0.022, 0.020, 0.010, 0.014, 0.018, 0.013
72.360, 0.794, 0.726, 1.000, 0.000, 0.000, 1.000, 0.000, 1.000, 0.000, 1.000, 0.022, 0.020, 0.010, 0.015, 0.018, 0.014
72.380, 0.865, 0.661, 1.000, 0.000, 0.000, 1.000, 0.000, 1.000, 0.000, 1.000, 0.022, 0.020, 0.010, 0.015, 0.018, 0.014
72.400, 0.885, 0.593, 1.000, 0.072, 0.000, 1.000, 0.000, 1.000, 0.000, 0.928, 0.022, 0.020, 0.010, 0.015, 0.018, 0.013
72.420, 0.886, 0.525, 1.000, 0.000, 1.000, 1.000, 1.000, 1.000, 0.000, 1.000, 0.022, 0.019, 0.010, 0.014, 0.017, 0.013
72.440, 0.883, 0.451, 1.000, 0.000, 0.000, 1.000, 1.000, 0.000, 0.000, 1.000, 0.022, 0.020, 0.010, 0.014, 0.018, 0.013
72.460, 0.877, 0.367, 1.000, 0.000, 0.000, 1.000, 1.000, 0.000, 0.000, 1.000, 0.022, 0.020, 0.010, 0.014, 0.018, 0.012
72.480, 0.869, 0.262, 1.000, 0.000, 0.000, 1.000, 1.000, 0.000, 0.000, 1.000, 0.022, 0.020, 0.010, 0.014, 0.018, 0.012
72.500, 0.856, 0.110, 1.000, 1.000, 0.000, 1.000, 1.000, 0.000, 0.000, 0.000, 0.022, 0.020, 0.010, 0.013, 0.018, 0.012
72.520, 0.804, -0.131, 0.000, 1.000, 0.000, 0.000, 1.000, 0.026, 0.465, 1.000, 0.022, 0.020, 0.011, 0.013, 0.018, 0.012
72.540, 0.767, -0.367, 0.000, 1.000, 0.000, 0.000, 0.000, 0.240, 0.434, 1.000, 0.022, 0.020, 0.011, 0.014, 0.018, 0.013
72.560, 0.712, -0.586, 0.000, 1.000, 0.000, 1.000, 0.000, 0.142, 0.197, 1.000, 0.022, 0.020, 0.011, 0.014, 0.018, 0.013
72.580, 0.627, -0.728, 0.000, 1.000, 0.000, 1.000, 1.000, 0.000, 0.000, 1.000, 0.022, 0.020, 0.010, 0.014, 0.018, 0.012
72.600, 0.509, -0.791, 0.000, 1.000, 0.000, 1.000, 1.000, 1.000, 0.000, 1.000, 0.023, 0.020, 0.010, 0.014, 0.018, 0.012
72.620, 0.313, -0.792, 0.000, 1.000, 0.000, 1.000, 0.000, 1.000, 0.000, 1.000, 0.023, 0.019, 0.010, 0.014, 0.017, 0.012
72.640, 0.093, -0.794, 0.000, 1.000, 0.000, 1.000, 0.000, 1.000, 0.000, 1.000, 0.023, 0.019, 0.010, 0.014, 0.017, 0.012
72.660, -0.250, -0.759, 0.000, 1.000, 0.000, 1.000, 0.000, 1.000, 0.000, 1.000, 0.023, 0.019, 0.010, 0.015, 0.017, 0.012
72.680, -0.584, -0.716, 0.000, 1.000, 0.000, 1.000, 0.000, 1.000, 0.000, 1.000, 0.023, 0.019, 0.010, 0.015, 0.017, 0.012
72.700, -0.823, -0.600, 0.000, 1.000, 0.000, 0.066, 0.000, 0.000, 1.000, 1.000, 0.023, 0.019, 0.010, 0.015, 0.018, 0.013
72.720, -0.877, -0.490, 0.000, 1.000, 0.000, 1.000, 0.000, 0.000, 1.000, 1.000, 0.023, 0.019, 0.010, 0.014, 0.018, 0.013
72.740, -0.882, -0.376, 0.000, 1.000, 0.000, 1.000, 0.000, 0.000, 1.000, 1.000, 0.023, 0.019, 0.010, 0.014, 0.018, 0.013
72.760, -0.877, -0.228, 0.000, 1.000, 0.000, 1.000, 0.340, 0.000, 1.000, 1.000, 0.023, 0.019, 0.010, 0.014, 0.018, 0.013
72.780, -0.870, -0.030, 0.000, 1.000, 0.000, 1.000, 0.041, 0.000, 1.000, 1.000, 0.023, 0.019, 0.010, 0.014, 0.018, 0.013
72.800, -0.843, 0.200, 1.000, 1.000, 1.000, 0.030, 0.122, 0.000, 1.000, 0.000, 0.022, 0.019, 0.010, 0.014, 0.018, 0.013
72.820, -0.809, 0.474, 1.000, 0.000, 1.000, 0.000, 0.000, 0.000, 1.000, 1.000, 0.023, 0.019, 0.010, 0.014, 0.019, 0.012
72.840, -0.761, 0.712, 1.000, 0.000, 1.000, 0.000, 0.000, 0.000, 1.000, 1.000, 0.023, 0.020, 0.010, 0.014, 0.019, 0.012
72.860, -0.700, 0.837, 1.000, 0.000, 1.000, 0.000, 0.000, 0.000, 1.000, 1.000, 0.023, 0.020, 0.010, 0.014, 0.019, 0.012
72.880, -0.632, 0.878, 1.000, 0.000, 1.000, 0.000, 0.000, 0.000, 1.000, 1.000, 0.023, 0.020, 0.010, 0.013, 0.019, 0.012
72.900, -0.565, 0.887, 1.000, 0.000, 1.000, 0.000, 0.000, 0.000, 1.000, 1.000, 0.023, 0.020, 0.010, 0.013, 0.019, 0.012
72.920, -0.608, 0.833, 1.000, 1.000, 1.000, 0.000, 0.000, 0.000, 1.000, 0.000, 0.022, 0.019, 0.010, 0.013, 0.019, 0.012
72.940, -0.655, 0.812, 1.000, 1.000, 1.000, 0.000, 1.000, 0.000, 1.000, 0.000, 0.022, 0.019, 0.010, 0.014, 0.019, 0.012
72.960, -0.651, 0.836, 1.000, 1.000, 1.000, 0.000, 1.000, 0.000, 1.000, 0.000, 0.022, 0.019, 0.010, 0.014, 0.019, 0.012
72.980, -0.701, 0.801, 1.000, 1.000, 0.000, 0.000, 1.000, 0.000, 1.000, 0.000, 0.022, 0.019, 0.010, 0.015, 0.019, 0.012
73.000, -0.720, 0.804, 1.000, 1.000, 0.000, 0.000, 1.000, 0.000, 1.000, 0.000, 0.022, 0.020, 0.010, 0.015, 0.019, 0.012
73.020, -0.727, 0.809, 1.000, 1.000, 0.000, 0.000, 1.000, 0.000, 1.000, 0.000, 0.022, 0.020, 0.010, 0.015, 0.019, 0.012
73.040, -0.723, 0.819, 1.000, 1.000, 0.000, 0.000, 1.000, 0.000, 1.000, 0.000, 0.021, 0.020, 0.010, 0.015, 0.019, 0.012
73.060, -0.716, 0.825, 1.000, 1.000, 0.000, 0.000, 1.000, 0.000, 1.000, 0.000, 0.021, 0.020, 0.010, 0.015, 0.019, 0.012
73.080, -0.684, 0.851, 1.000, 1.000, 1.000, 0.000, 1.000, 0.000, 1.000, 0.000, 0.021, 0.020, 0.010, 0.015, 0.018, 0.012
73.100, -0.666, 0.852, 1.000, 1.000, 1.000, 0.000, 1.000, 0.000, 1.000, 0.000, 0.021, 0.019, 0.010, 0.015, 0.018, 0.012
73.120, -0.655, 0.850, 1.000, 1.000, 1.000, 0.000, 1.000, 0.000, 1.000, 0.000, 0.021, 0.019, 0.009, 0.014, 0.018, 0.012
73.140, -0.643, 0.851, 1.000, 1.000, 1.000, 0.000, 1.000, 0.000, 1.000, 0.000, 0.021, 0.019, 0.009, 0.014, 0.018, 0.012
73.160, -0.622, 0.858, 1.000, 1.000, 1.000, 0.000, 1.000, 0.000, 1.000, 0.000, 0.021, 0.019, 0.009, 0.014, 0.018, 0.012
73.180, -0.597, 0.862, 1.000, 1.000, 1.000, 0.000, 1.000, 0.000, 1.000, 0.000, 0.021, 0.019, 0.009, 0.014, 0.018, 0.012
73.200, -0.587, 0.855, 1.000, 1.000, 1.000, 0.000, 1.000, 0.000, 1.000, 0.000, 0.021, 0.019, 0.009, 0.014, 0.017, 0.012
73.220, -0.535, 0.873, 1.000, 1.000, 1.000, 0.000, 1.000, 0.000, 1.000, 0.000, 0.021, 0.019, 0.009, 0.014, 0.017, 0.011
73.240, -0.465, 0.879, 1.000, 0.000, 1.000, 0.000, 1.000, 0.000, 1.000, 1.000, 0.021, 0.018, 0.009, 0.014, 0.017, 0.011
73.260, -0.385, 0.877, 1.000, 0.000, 1.000, 1.000, 1.000, 0.000, 0.000, 1.000, 0.022, 0.018, 0.009, 0.014, 0.017, 0.012
73.280, -0.285, 0.870, 1.000, 0.000, 0.000, 1.000, 1.000, 0.000, 0.000, 1.000, 0.022, 0.019, 0.009, 0.013, 0.017, 0.012
73.300, -0.154, 0.861, 1.000, 0.000, 0.000, 1.000, 1.000, 1.000, 0.000, 1.000, 0.022, 0.019, 0.009, 0.013, 0.018, 0.013
73.320, 0.026, 0.848, 1.000, 0.000, 0.000, 1.000, 0.000, 1.000, 0.000, 1.000, 0.022, 0.020, 0.009, 0.014, 0.018, 0.013
73.340, 0.267, 0.827, 1.000, 0.000, 0.000, 1.000, 0.000, 1.000, 0.000, 1.000, 0.022, 0.020, 0.009, 0.014, 0.018, 0.013
73.360, 0.541, 0.795, 1.000, 0.000, 0.000, 1.000, 0.000, 1.000, 0.000, 1.000, 0.022, 0.020, 0.009, 0.015, 0.019, 0.013
73.380, 0.753, 0.745, 1.000, 0.000, 0.000, 1.000, 0.000, 1.000, 0.000, 1.000, 0.022, 0.020, 0.009, 0.015, 0.019, 0.013
73.400, 0.852, 0.681, 1.000, 0.000, 1.000, 1.000, 0.000, 1.000, 0.000, 1.000, 0.022, 0.019, 0.009, 0.015, 0.019, 0.013
73.420, 0.882, 0.614, 1.000, 0.000, 1.000, 1.000, 0.000, 1.000, 0.000, 1.000, 0.023, 0.019, 0.009, 0.015, 0.018, 0.013
73.440, 0.887, 0.546, 1.000, 0.000, 1.000, 0.000, 1.000, 1.000, 0.000, 1.000, 0.023, 0.019, 0.010, 0.014, 0.018, 0.012
73.460, 0.884, 0.475, 1.000, 0.000, 1.000, 0.000, 1.000, 0.000, 0.000, 1.000, 0.023, 0.019, 0.010, 0.014, 0.018, 0.012
73.480, 0.879, 0.395, 1.000, 0.000, 1.000, 0.000, 1.000, 0.000, 0.000, 1.000, 0.023, 0.019, 0.010, 0.014, 0.019, 0.012
73.500, 0.872, 0.297, 1.000, 0.000, 1.000, 0.000, 1.000, 0.000, 0.000, 1.000, 0.023, 0.018, 0.010, 0.014, 0.019, 0.012
73.520, 0.863, 0.170, 1.000, 0.000, 1.000, 0.000, 1.000, 0.000, 0.000, 1.000, 0.023, 0.018, 0.011, 0.014, 0.019, 0.012
73.540, 0.850, -0.003, 0.000, 0.000, 1.000, 0.000, 1.000, 0.000, 0.000, 0.000, 0.022, 0.018, 0.011, 0.014, 0.019, 0.012
73.560, 0.830, -0.238, 0.000, 0.000, 1.000, 0.000, 0.000, 1.000, 0.000, 0.000, 0.022, 0.018, 0.011, 0.014, 0.018, 0.012
73.580, 0.799, -0.512, 0.000, 0.000, 1.000, 0.000, 0.000, 1.000, 0.000, 0.000, 0.022, 0.018, 0.011, 0.015, 0.018, 0.012
73.600, 0.751, -0.736, 0.000, 0.000, 1.000, 0.000, 0.000, 1.000, 0.000, 0.000, 0.021, 0.018, 0.011, 0.015, 0.018, 0.012
73.620, 0.689, -0.845, 0.000, 0.000, 1.000, 0.000, 0.000, 1.000, 0.000, 0.000, 0.021, 0.018, 0.011, 0.015, 0.018, 0.012
73.640, 0.621, -0.880, 0.000, 0.000, 1.000, 0.000, 0.000, 1.000, 0.000, 0.000, 0.021, 0.018, 0.011, 0.014, 0.018, 0.012
73.660, 0.554, -0.887, 0.000, 0.000, 1.000, 0.000, 0.000, 1.000, 0.000, 0.000, 0.021, 0.018, 0.011, 0.014, 0.018, 0.012
73.680, 0.483, -0.885, 0.000, 0.000, 1.000, 0.000, 0.000, 1.000, 0.000, 0.000, 0.021, 0.018, 0.011, 0.014, 0.017, 0.012
73.700, 0.404, -0.880, 0.000, 0.000, 1.000, 0.000, 0.000, 1.000, 0.000, 0.000, 0.021, 0.018, 0.011, 0.014, 0.017, 0.011
73.720, 0.082, -0.796, 0.000, 1.000, 0.000, 0.000, 1.000, 1.000, 0.000, 1.000, 0.022, 0.018, 0.011, 0.014, 0.017, 0.011
73.740, -0.368, -0.712, 0.000, 1.000, 0.000, 0.000, 0.000, 1.000, 0.000, 1.000, 0.022, 0.019, 0.011, 0.014, 0.017, 0.011
73.760, -0.688, -0.656, 0.000, 1.000, 0.000, 0.000, 0.000, 1.000, 0.000, 1.000, 0.022, 0.019, 0.011, 0.014, 0.017, 0.011
73.780, -0.834, -0.582, 0.000, 1.000, 0.000, 0.000, 0.000, 1.000, 0.000, 1.000, 0.022, 0.019, 0.010, 0.014, 0.017, 0.011
73.800, -0.882, -0.456, 0.000, 1.000, 0.000, 0.000, 0.000, 1.000, 0.000, 1.000, 0.022, 0.019, 0.010, 0.014, 0.017, 0.011
73.820, -0.885, -0.296, 0.000, 1.000, 0.000, 0.000, 0.000, 1.000, 0.000, 1.000, 0.022, 0.019, 0.010, 0.014, 0.017, 0.011
73.840, -0.877, -0.092, 0.000, 1.000, 0.000, 0.000, 0.000, 1.000, 1.000, 1.000, 0.022, 0.019, 0.010, 0.014, 0.017, 0.012
73.860, -0.867, 0.145, 1.000, 1.000, 0.000, 0.000, 0.000, 0.000, 1.000, 0.000, 0.022, 0.019, 0.010, 0.013, 0.018, 0.012
73.880, -0.844, 0.388, 1.000, 1.000, 0.000, 1.000, 0.000, 0.000, 1.000, 0.000, 0.022, 0.020, 0.011, 0.013, 0.018, 0.011
73.900, -0.801, 0.632, 1.000, 1.000, 0.000, 1.000, 0.000, 0.000, 1.000, 0.000, 0.021, 0.020, 0.011, 0.013, 0.018, 0.011
73.920, -0.759, 0.776, 1.000, 1.000, 0.000, 1.000, 0.000, 1.000, 0.000, 0.000, 0.021, 0.020, 0.011, 0.013, 0.018, 0.012
73.940, -0.720, 0.834, 1.000, 1.000, 0.000, 1.000, 0.000, 1.000, 0.000, 0.000, 0.021, 0.020, 0.011, 0.013, 0.017, 0.012
73.960, -0.658, 0.873, 1.000, 1.000, 0.000, 1.000, 0.000, 1.000, 0.000, 0.000, 0.021, 0.020, 0.011, 0.013, 0.017, 0.012
73.980, -0.650, 0.854, 1.000, 1.000, 0.000, 1.000, 0.000, 1.000, 0.000, 0.000, 0.021, 0.019, 0.012, 0.013, 0.017, 0.013
74.000, -0.661, 0.837, 1.000, 1.000, 0.000, 0.000, 1.000, 0.000, 0.000, 0.000, 0.021, 0.019, 0.011, 0.014, 0.018, 0.013
74.020, -0.673, 0.830, 1.000, 1.000, 0.000, 0.000, 1.000, 1.000, 0.000, 0.000, 0.021, 0.019, 0.011, 0.014, 0.017, 0.013
74.040, -0.683, 0.829, 1.000, 1.000, 0.000, 0.000, 0.000, 1.000, 0.000, 0.000, 0.021, 0.018, 0.011, 0.014, 0.017, 0.013
74.060, -0.708, 0.811, 1.000, 1.000, 0.000, 0.000, 0.000, 1.000, 1.000, 0.000, 0.021, 0.018, 0.010, 0.014, 0.017, 0.012
74.080, -0.698, 0.831, 1.000, 1.000, 0.000, 0.000, 0.000, 1.000, 1.000, 0.000, 0.021, 0.018, 0.010, 0.014, 0.017, 0.012
74.100, -0.675, 0.848, 1.000, 1.000, 0.000, 1.000, 0.000, 1.000, 1.000, 0.000, 0.020, 0.018, 0.011, 0.015, 0.017, 0.012
74.120, -0.696, 0.823, 1.000, 1.000, 0.000, 0.000, 0.000, 1.000, 1.000, 0.000, 0.020, 0.018, 0.011, 0.015, 0.017, 0.012
74.140, -0.672, 0.848, 1.000, 1.000, 0.000, 1.000, 0.000, 1.000, 1.000, 0.000, 0.020, 0.018, 0.010, 0.015, 0.017, 0.012
74.160, -0.653, 0.853, 1.000, 1.000, 0.000, 1.000, 0.000, 1.000, 0.000, 0.000, 0.020, 0.018, 0.010, 0.015, 0.017, 0.012
74.180, -0.614, 0.868, 1.000, 1.000, 0.000, 1.000, 0.000, 1.000, 0.000, 0.000, 0.020, 0.018, 0.010, 0.015, 0.017, 0.013
74.200, -0.602, 0.858, 1.000, 1.000, 0.000, 1.000, 1.000, 1.000, 0.000, 0.000, 0.020, 0.018, 0.010, 0.014, 0.017, 0.013
74.220, -0.612, 0.843, 1.000, 1.000, 0.000, 1.000, 1.000, 1.000, 0.000, 0.000, 0.020, 0.018, 0.010, 0.014, 0.017, 0.013
74.240, -0.612, 0.845, 1.000, 1.000, 0.000, 1.000, 1.000, 0.953, 0.000, 0.000, 0.020, 0.018, 0.010, 0.014, 0.017, 0.013
74.260, -0.563, 0.870, 1.000, 1.000, 1.000, 1.000, 1.000, 0.000, 0.000, 0.000, 0.020, 0.018, 0.010, 0.014, 0.017, 0.013
74.280, -0.497, 0.880, 1.000, 0.000, 0.000, 1.000, 1.000, 1.000, 0.000, 1.000, 0.021, 0.018, 0.010, 0.014, 0.017, 0.013
74.300, -0.421, 0.879, 1.000, 0.000, 0.000, 1.000, 1.000, 0.115, 0.000, 1.000, 0.021, 0.018, 0.010, 0.014, 0.017, 0.013
74.320, -0.530, 0.793, 1.000, 1.000, 0.000, 0.000, 0.000, 1.000, 0.000, 0.000, 0.021, 0.018, 0.011, 0.014, 0.017, 0.013
74.340, -0.528, 0.830, 1.000, 1.000, 0.000, 0.163, 0.000, 1.000, 0.000, 0.000, 0.020, 0.018, 0.011, 0.014, 0.017, 0.013
74.360, -0.468, 0.864, 1.000, 0.000, 0.000, 1.000, 0.000, 1.000, 0.000, 1.000, 0.021, 0.018, 0.011, 0.015, 0.017, 0.013
74.380, -0.471, 0.843, 1.000, 1.000, 0.000, 1.000, 0.000, 1.000, 0.000, 0.000, 0.020, 0.018, 0.010, 0.015, 0.016, 0.012
74.400, -0.484, 0.833, 1.000, 1.000, 0.000, 1.000, 1.000, 0.000, 0.000, 0.000, 0.020, 0.018, 0.010, 0.014, 0.017, 0.012
74.420, -0.442, 0.854, 1.000, 1.000, 0.000, 1.000, 1.000, 0.000, 0.000, 0.000, 0.020, 0.018, 0.010, 0.014, 0.017, 0.012
74.440, -0.363, 0.866, 1.000, 0.000, 0.000, 1.000, 1.000, 0.000, 0.000, 1.000, 0.021, 0.018, 0.010, 0.014, 0.017, 0.012
74.460, -0.259, 0.865, 1.000, 0.000, 0.000, 1.000, 1.000, 0.000, 0.000, 1.000, 0.021, 0.019, 0.010, 0.014, 0.018, 0.012
74.480, -0.120, 0.858, 1.000, 0.000, 0.000, 1.000, 1.000, 1.000, 0.000, 1.000, 0.021, 0.019, 0.010, 0.014, 0.017, 0.012
74.500, 0.072, 0.844, 1.000, 0.000, 0.000, 1.000, 1.000, 1.000, 0.000, 1.000, 0.021, 0.019, 0.010, 0.014, 0.017, 0.012
74.520, 0.265, 0.800, 1.000, 1.000, 0.000, 1.000, 1.000, 0.256, 0.000, 0.000, 0.021, 0.019, 0.010, 0.014, 0.017, 0.012
74.540, 0.534, 0.780, 1.000, 0.000, 0.000, 1.000, 1.000, 0.000, 0.000, 1.000, 0.021, 0.019, 0.010, 0.013, 0.017, 0.012
74.560, 0.747, 0.737, 1.000, 0.000, 0.000, 1.000, 1.000, 0.000, 0.000, 1.000, 0.021, 0.019, 0.010, 0.013, 0.018, 0.012
74.580, 0.849, 0.676, 1.000, 0.000, 1.000, 1.000, 1.000, 0.000, 0.000, 1.000, 0.021, 0.019, 0.010, 0.013, 0.018, 0.012
74.600, 0.880, 0.610, 1.000, 0.000, 1.000, 0.000, 1.000, 0.000, 0.000, 1.000, 0.021, 0.018, 0.010, 0.013, 0.018, 0.012
74.620, 0.886, 0.542, 1.000, 0.000, 1.000, 0.000, 1.000, 0.000, 1.000, 1.000, 0.021, 0.018, 0.011, 0.013, 0.018, 0.012
74.640, 0.884, 0.470, 1.000, 0.100, 1.000, 0.000, 0.000, 0.000, 1.000, 0.900, 0.021, 0.018, 0.011, 0.014, 0.018, 0.013
74.660, 0.878, 0.390, 1.000, 0.000, 1.000, 0.000, 0.000, 0.000, 1.000, 1.000, 0.021, 0.018, 0.011, 0.014, 0.018, 0.013
74.680, 0.871, 0.291, 1.000, 0.000, 1.000, 0.000, 0.000, 0.000, 1.000, 1.000, 0.022, 0.018, 0.011, 0.014, 0.018, 0.013
74.700, 0.862, 0.162, 1.000, 0.000, 1.000, 0.000, 0.000, 0.000, 1.000, 1.000, 0.022, 0.018, 0.011, 0.015, 0.018, 0.013
74.720, 0.849, -0.015, 0.000, 0.000, 1.000, 0.000, 0.048, 0.000, 1.000, 0.000, 0.021, 0.018, 0.012, 0.015, 0.018, 0.013
74.740, 0.829, -0.253, 0.000, 0.000, 1.000, 0.000, 0.172, 0.000, 1.000, 0.000, 0.021, 0.017, 0.012, 0.015, 0.018, 0.012
74.760, 0.797, -0.527, 0.000, 0.000, 1.000, 0.000, 1.000, 0.000, 0.000, 0.000, 0.020, 0.017, 0.012, 0.015, 0.017, 0.013
74.780, 0.748, -0.745, 0.000, 0.000, 1.000, 0.000, 1.000, 0.000, 0.000, 0.000, 0.020, 0.017, 0.012, 0.015, 0.017, 0.013
74.800, 0.685, -0.849, 0.000, 0.000, 1.000, 0.000, 1.000, 0.000, 0.000, 0.000, 0.020, 0.017, 0.012, 0.015, 0.017, 0.013
74.820, 0.579, -0.861, 0.000, 1.000, 1.000, 0.000, 1.000, 0.000, 0.056, 1.000, 0.021, 0.017, 0.012, 0.015, 0.017, 0.013
74.840, 0.415, -0.837, 0.000, 1.000, 0.000, 0.000, 1.000, 0.000, 0.314, 1.000, 0.021, 0.018, 0.011, 0.015, 0.017, 0.013
74.860, 0.277, -0.841, 0.000, 1.000, 1.000, 0.000, 1.000, 0.000, 0.000, 1.000, 0.021, 0.018, 0.011, 0.015, 0.017, 0.013
74.880, 0.151, -0.849, 0.000, 0.000, 1.000, 0.000, 1.000, 0.000, 0.000, 0.000, 0.021, 0.017, 0.011, 0.015, 0.017, 0.014
74.900, -0.026, -0.843, 0.000, 0.000, 1.000, 0.000, 1.000, 0.000, 1.000, 0.000, 0.020, 0.017, 0.011, 0.015, 0.017, 0.013
74.920, -0.466, -0.741, 0.000, 1.000, 0.000, 0.000, 0.000, 0.000, 1.000, 1.000, 0.021, 0.018, 0.011, 0.015, 0.017, 0.013
74.940, -0.735, -0.683, 0.000, 1.000, 0.000, 0.000, 0.000, 0.000, 1.000, 1.000, 0.021, 0.018, 0.011, 0.015, 0.017, 0.013
74.960, -0.853, -0.599, 0.000, 1.000, 1.000, 0.000, 1.000, 0.000, 1.000, 1.000, 0.021, 0.018, 0.011, 0.015, 0.016, 0.012
74.980, -0.877, -0.537, 0.000, 0.000, 1.000, 0.000, 1.000, 0.000, 1.000, 0.000, 0.021, 0.017, 0.010, 0.015, 0.016, 0.012
75.000, -0.880, -0.467, 0.000, 0.000, 1.000, 0.000, 1.000, 0.000, 1.000, 0.000, 0.020, 0.017, 0.010, 0.015, 0.016, 0.012
75.020, -0.880, -0.359, 0.000, 1.000, 1.000, 0.000, 1.000, 0.000, 1.000, 1.000, 0.021, 0.017, 0.010, 0.015, 0.016, 0.012
75.040, -0.873, -0.230, 0.000, 1.000, 1.000, 0.000, 1.000, 0.000, 1.000, 1.000, 0.021, 0.017, 0.010, 0.016, 0.016, 0.012
75.060, -0.858, -0.078, 0.000, 0.000, 1.000, 0.000, 1.000, 1.000, 0.000, 0.000, 0.021, 0.017, 0.010, 0.016, 0.017, 0.013
75.080, -0.841, 0.130, 1.000, 0.000, 1.000, 0.000, 0.000, 1.000, 0.000, 1.000, 0.021, 0.017, 0.010, 0.015, 0.017, 0.013
75.100, -0.815, 0.395, 1.000, 0.000, 1.000, 1.000, 0.000, 1.000, 0.000, 1.000, 0.021, 0.017, 0.011, 0.015, 0.017, 0.013
75.120, -0.774, 0.653, 1.000, 0.000, 0.000, 1.000, 0.000, 1.000, 0.000, 1.000, 0.021, 0.017, 0.011, 0.016, 0.017, 0.013
75.140, -0.717, 0.811, 1.000, 0.000, 0.000, 1.000, 0.000, 1.000, 0.000, 1.000, 0.021, 0.018, 0.011, 0.016, 0.017, 0.014
75.160, -0.650, 0.871, 1.000, 0.000, 0.000, 1.000, 0.000, 1.000, 0.000, 1.000, 0.022, 0.018, 0.012, 0.016, 0.017, 0.014
75.180, -0.583, 0.886, 1.000, 0.000, 0.000, 1.000, 0.000, 1.000, 0.000, 1.000, 0.022, 0.018, 0.012, 0.016, 0.016, 0.014
75.200, -0.514, 0.886, 1.000, 0.000, 0.000, 1.000, 0.000, 1.000, 0.000, 1.000, 0.022, 0.018, 0.012, 0.016, 0.016, 0.014
75.220, -0.440, 0.882, 1.000, 0.104, 0.000, 1.000, 0.000, 1.000, 0.000, 0.896, 0.022, 0.018, 0.012, 0.016, 0.016, 0.014
75.240, -0.353, 0.876, 1.000, 0.000, 1.000, 1.000, 0.000, 1.000, 0.000, 1.000, 0.022, 0.018, 0.011, 0.016, 0.016, 0.013
75.260, -0.374, 0.825, 1.000, 1.000, 1.000, 0.000, 1.000, 1.000, 0.000, 0.000, 0.021, 0.018, 0.012, 0.016, 0.016, 0.013
75.280, -0.492, 0.768, 1.000, 1.000, 0.000, 0.000, 1.000, 0.000, 0.000, 0.000, 0.021, 0.018, 0.012, 0.015, 0.017, 0.013
75.300, -0.498, 0.814, 1.000, 1.000, 0.000, 0.307, 1.000, 0.000, 0.091, 0.000, 0.021, 0.018, 0.012, 0.015, 0.017, 0.013
75.320, -0.547, 0.810, 1.000, 1.000, 0.000, 0.000, 1.000, 0.000, 0.000, 0.000, 0.020, 0.018, 0.012, 0.015, 0.017, 0.013
75.340, -0.598, 0.807, 1.000, 1.000, 0.000, 0.000, 1.000, 1.000, 0.000, 0.000, 0.020, 0.018, 0.012, 0.015, 0.017, 0.013
75.360, -0.572, 0.849, 1.000, 1.000, 0.000, 1.000, 1.000, 1.000, 0.000, 0.000, 0.020, 0.019, 0.012, 0.015, 0.016, 0.013
75.380, -0.534, 0.864, 1.000, 1.000, 0.000, 1.000, 1.000, 1.000, 0.000, 0.000, 0.020, 0.019, 0.011, 0.015, 0.016, 0.012
75.400, -0.466, 0.876, 1.000, 0.000, 0.000, 1.000, 1.000, 0.626, 0.000, 1.000, 0.021, 0.019, 0.011, 0.015, 0.016, 0.012
75.420, -0.498, 0.834, 1.000, 1.000, 0.000, 1.000, 1.000, 1.000, 0.000, 0.000, 0.020, 0.019, 0.011, 0.015, 0.016, 0.012
75.440, -0.500, 0.838, 1.000, 1.000, 0.000, 1.000, 0.000, 1.000, 0.000, 0.000, 0.020, 0.019, 0.011, 0.015, 0.016, 0.012
75.460, -0.489, 0.844, 1.000, 1.000, 0.000, 1.000, 1.000, 1.000, 0.000, 0.000, 0.020, 0.019, 0.011, 0.015, 0.016, 0.012
75.480, -0.458, 0.853, 1.000, 1.000, 0.000, 1.000, 1.000, 0.000, 0.000, 0.000, 0.020, 0.018, 0.011, 0.015, 0.017, 0.012
75.500, -0.402, 0.861, 1.000, 1.000, 0.000, 1.000, 1.000, 1.000, 0.000, 0.000, 0.020, 0.018, 0.011, 0.015, 0.016, 0.012
75.520, -0.456, 0.814, 1.000, 1.000, 0.000, 1.000, 0.000, 1.000, 0.000, 0.000, 0.020, 0.018, 0.011, 0.015, 0.016, 0.012
75.540, -0.420, 0.842, 1.000, 1.000, 0.000, 1.000, 0.000, 1.000, 0.000, 0.000, 0.020, 0.018, 0.011, 0.015, 0.016, 0.012
75.560, -0.395, 0.842, 1.000, 1.000, 0.000, 1.000, 1.000, 1.000, 0.000, 0.000, 0.020, 0.017, 0.011, 0.015, 0.016, 0.012
75.580, -0.341, 0.849, 1.000, 1.000, 0.000, 1.000, 1.000, 0.000, 0.000, 0.000, 0.020, 0.017, 0.011, 0.015, 0.016, 0.012
75.600, -0.235, 0.857, 1.000, 0.000, 0.000, 1.000, 1.000, 0.000, 0.000, 1.000, 0.020, 0.017, 0.011, 0.015, 0.017, 0.012
75.620, -0.089, 0.853, 1.000, 0.000, 0.000, 1.000, 1.000, 1.000, 0.000, 1.000, 0.021, 0.017, 0.011, 0.014, 0.016, 0.012
75.640, -0.150, 0.746, 1.000, 1.000, 0.000, 0.000, 1.000, 1.000, 0.000, 0.000, 0.020, 0.017, 0.011, 0.014, 0.016, 0.012
75.660, -0.001, 0.796, 1.000, 0.000, 0.000, 1.000, 1.000, 0.000, 0.000, 1.000, 0.021, 0.017, 0.011, 0.014, 0.017, 0.012
75.680, 0.217, 0.806, 1.000, 0.000, 0.000, 1.000, 1.000, 0.000, 0.000, 1.000, 0.021, 0.017, 0.011, 0.014, 0.017, 0.013
75.700, 0.485, 0.788, 1.000, 0.000, 0.000, 1.000, 1.000, 0.000, 0.000, 1.000, 0.021, 0.017, 0.011, 0.014, 0.017, 0.013
75.720, 0.716, 0.748, 1.000, 0.000, 0.000, 1.000, 1.000, 0.000, 1.000, 1.000, 0.021, 0.017, 0.011, 0.014, 0.017, 0.013
75.740, 0.837, 0.689, 1.000, 0.116, 1.000, 0.000, 0.000, 0.000, 1.000, 0.884, 0.021, 0.018, 0.011, 0.015, 0.017, 0.012
75.760, 0.878, 0.623, 1.000, 0.000, 1.000, 0.000, 0.000, 0.000, 1.000, 1.000, 0.021, 0.018, 0.012, 0.015, 0.017, 0.012
75.780, 0.886, 0.555, 1.000, 0.000, 1.000, 0.000, 0.000, 0.000, 1.000, 1.000, 0.021, 0.018, 0.012, 0.015, 0.017, 0.012
75.800, 0.884, 0.485, 1.000, 0.000, 1.000, 0.000, 0.000, 0.000, 1.000, 1.000, 0.021, 0.018, 0.012, 0.016, 0.018, 0.012
75.820, 0.880, 0.406, 1.000, 0.029, 1.000, 0.000, 0.208, 0.000, 1.000, 0.971, 0.021, 0.018, 0.012, 0.016, 0.018, 0.012
75.840, 0.873, 0.312, 1.000, 0.000, 1.000, 0.000, 0.216, 0.000, 1.000, 1.000, 0.021, 0.017, 0.012, 0.016, 0.018, 0.012
75.860, 0.864, 0.190, 1.000, 0.029, 1.000, 0.000, 1.000, 0.000, 1.000, 0.971, 0.021, 0.017, 0.012, 0.015, 0.017, 0.012
75.880, 0.852, 0.024, 1.000, 0.000, 1.000, 0.000, 1.000, 0.000, 0.769, 1.000, 0.021, 0.017, 0.012, 0.015, 0.017, 0.012
75.900, 0.833, -0.202, 0.000, 0.000, 1.000, 0.000, 1.000, 0.000, 0.000, 0.000, 0.021, 0.017, 0.012, 0.015, 0.017, 0.012
75.920, 0.804, -0.475, 0.000, 0.000, 1.000, 0.000, 1.000, 0.000, 0.000, 0.000, 0.021, 0.017, 0.012, 0.015, 0.016, 0.013
75.940, 0.759, -0.712, 0.000, 0.000, 1.000, 0.000, 1.000, 0.000, 0.000, 0.000, 0.020, 0.017, 0.012, 0.016, 0.016, 0.013
75.960, 0.698, -0.836, 0.000, 0.000, 1.000, 0.000, 1.000, 0.000, 0.000, 0.000, 0.020, 0.017, 0.011, 0.016, 0.016, 0.013
75.980, 0.631, -0.878, 0.000, 0.000, 1.000, 0.000, 1.000, 0.000, 0.000, 0.000, 0.020, 0.017, 0.011, 0.016, 0.016, 0.013
76.000, 0.563, -0.887, 0.000, 0.000, 1.000, 0.000, 1.000, 0.000, 0.000, 0.000, 0.020, 0.017, 0.011, 0.016, 0.016, 0.013
76.020, 0.493, -0.885, 0.000, 0.000, 1.000, 0.000, 1.000, 0.000, 0.000, 0.000, 0.020, 0.017, 0.011, 0.016, 0.016, 0.013
76.040, 0.416, -0.880, 0.000, 0.000, 1.000, 0.000, 1.000, 0.000, 0.000, 0.000, 0.020, 0.017, 0.011, 0.016, 0.016, 0.014
76.060, 0.323, -0.874, 0.000, 0.000, 1.000, 0.000, 1.000, 1.000, 0.000, 0.000, 0.020, 0.017, 0.011, 0.016, 0.017, 0.014
76.080, 0.205, -0.865, 0.000, 0.000, 1.000, 0.000, 0.000, 1.000, 0.000, 0.000, 0.020, 0.017, 0.011, 0.016, 0.017, 0.014
76.100, 0.045, -0.853, 0.000, 0.000, 1.000, 0.000, 0.000, 1.000, 0.000, 0.000, 0.020, 0.016, 0.011, 0.015, 0.017, 0.014
76.120, -0.175, -0.836, 0.000, 0.000, 1.000, 1.000, 0.000, 1.000, 0.000, 0.000, 0.020, 0.016, 0.012, 0.015, 0.017, 0.014
76.140, -0.445, -0.808, 0.000, 0.000, 0.000, 1.000, 0.000, 1.000, 0.000, 0.000, 0.020, 0.017, 0.012, 0.015, 0.017, 0.014
76.160, -0.691, -0.764, 0.000, 0.000, 0.000, 1.000, 0.000, 1.000, 0.000, 0.000, 0.019, 0.017, 0.012, 0.015, 0.017, 0.014
76.180, -0.828, -0.705, 0.000, 0.000, 0.000, 1.000, 0.000, 1.000, 0.000, 0.000, 0.019, 0.018, 0.012, 0.015, 0.018, 0.013
76.200, -0.876, -0.638, 0.000, 0.000, 0.000, 1.000, 0.000, 1.000, 0.000, 0.000, 0.019, 0.018, 0.012, 0.015, 0.017, 0.013
76.220, -0.886, -0.570, 0.000, 0.000, 0.000, 1.000, 0.000, 1.000, 0.000, 0.000, 0.019, 0.018, 0.013, 0.015, 0.017, 0.013
76.240, -0.885, -0.501, 0.000, 0.000, 0.000, 1.000, 0.000, 1.000, 0.000, 0.000, 0.019, 0.018, 0.013, 0.015, 0.016, 0.013
76.260, -0.881, -0.425, 0.000, 0.000, 0.000, 1.000, 0.000, 1.000, 0.000, 0.000, 0.019, 0.018, 0.013, 0.016, 0.016, 0.013
76.280, -0.875, -0.334, 0.000, 0.047, 0.000, 1.000, 0.000, 1.000, 0.000, 0.047, 0.019, 0.018, 0.012, 0.016, 0.016, 0.013
76.300, -0.866, -0.219, 0.000, 0.046, 0.000, 1.000, 0.000, 1.000, 0.000, 0.046, 0.019, 0.018, 0.012, 0.016, 0.016, 0.013
76.320, -0.855, -0.064, 0.000, 0.000, 0.000, 1.000, 0.000, 1.000, 0.000, 0.000, 0.019, 0.018, 0.012, 0.016, 0.016, 0.012
76.340, -0.838, 0.148, 1.000, 0.000, 0.000, 1.000, 0.000, 1.000, 0.000, 1.000, 0.020, 0.018, 0.012, 0.016, 0.016, 0.012
76.360, -0.812, 0.416, 1.000, 0.000, 0.000, 1.000, 0.000, 1.000, 0.000, 1.000, 0.020, 0.018, 0.011, 0.016, 0.016, 0.012
76.380, -0.796, 0.630, 1.000, 1.000, 0.000, 1.000, 1.000, 1.000, 0.000, 0.000, 0.020, 0.018, 0.011, 0.016, 0.016, 0.012
76.400, -0.829, 0.632, 1.000, 1.000, 0.000, 0.000, 1.000, 0.000, 0.324, 0.000, 0.019, 0.018, 0.012, 0.015, 0.016, 0.013
76.420, -0.785, 0.755, 1.000, 1.000, 0.000, 0.000, 1.000, 0.000, 0.000, 0.000, 0.019, 0.018, 0.012, 0.015, 0.017, 0.012
76.440, -0.742, 0.822, 1.000, 1.000, 0.000, 0.000, 1.000, 0.000, 0.000, 0.000, 0.019, 0.019, 0.012, 0.015, 0.017, 0.012
76.460, -0.705, 0.848, 1.000, 1.000, 0.000, 0.000, 1.000, 0.000, 0.000, 0.000, 0.019, 0.019, 0.013, 0.015, 0.017, 0.012
76.480, -0.676, 0.856, 1.000, 1.000, 0.000, 0.000, 1.000, 0.000, 0.000, 0.000, 0.019, 0.018, 0.013, 0.015, 0.017, 0.012
76.500, -0.618, 0.878, 1.000, 1.000, 0.000, 1.000, 1.000, 1.000, 0.000, 0.000, 0.019, 0.018, 0.012, 0.015, 0.017, 0.012
76.520, -0.553, 0.885, 1.000, 0.513, 0.000, 1.000, 0.000, 1.000, 0.000, 0.487, 0.019, 0.017, 0.012, 0.015, 0.016, 0.012
76.540, -0.503, 0.876, 1.000, 1.000, 0.000, 1.000, 0.000, 1.000, 0.000, 0.000, 0.019, 0.017, 0.012, 0.016, 0.016, 0.012
76.560, -0.493, 0.855, 1.000, 1.000, 0.000, 1.000, 0.000, 1.000, 0.000, 0.000, 0.019, 0.017, 0.012, 0.016, 0.016, 0.012
76.580, -0.466, 0.855, 1.000, 1.000, 0.000, 1.000, 1.000, 1.000, 0.000, 0.000, 0.019, 0.017, 0.012, 0.015, 0.016, 0.012
76.600, -0.450, 0.848, 1.000, 1.000, 0.000, 1.000, 1.000, 1.000, 0.000, 0.000, 0.019, 0.017, 0.011, 0.015, 0.016, 0.012
76.620, -0.488, 0.822, 1.000, 1.000, 0.000, 1.000, 0.000, 1.000, 0.000, 0.000, 0.019, 0.017, 0.011, 0.016, 0.016, 0.012
76.640, -0.561, 0.798, 1.000, 1.000, 0.000, 0.000, 0.000, 1.000, 1.000, 0.000, 0.018, 0.017, 0.012, 0.016, 0.016, 0.012
76.660, -0.611, 0.804, 1.000, 1.000, 0.000, 0.000, 0.000, 0.000, 1.000, 0.000, 0.018, 0.017, 0.012, 0.016, 0.016, 0.012
76.680, -0.640, 0.816, 1.000, 1.000, 0.000, 0.000, 0.000, 0.000, 1.000, 0.000, 0.018, 0.017, 0.013, 0.016, 0.017, 0.012
76.700, -0.655, 0.826, 1.000, 1.000, 1.000, 0.000, 0.000, 0.000, 1.000, 0.000, 0.018, 0.017, 0.013, 0.016, 0.017, 0.012
76.720, -0.595, 0.872, 1.000, 0.000, 1.000, 0.000, 0.000, 0.000, 1.000, 1.000, 0.019, 0.018, 0.013, 0.016, 0.017, 0.012
76.740, -0.529, 0.883, 1.000, 0.003, 1.000, 0.000, 0.000, 0.000, 1.000, 0.997, 0.019, 0.018, 0.013, 0.016, 0.017, 0.012
76.760, -0.457, 0.882, 1.000, 0.000, 1.000, 0.000, 0.000, 0.000, 1.000, 1.000, 0.019, 0.018, 0.013, 0.017, 0.017, 0.012
76.780, -0.374, 0.877, 1.000, 0.000, 1.000, 0.000, 0.031, 0.000, 1.000, 1.000, 0.020, 0.018, 0.013, 0.017, 0.017, 0.012
76.800, -0.271, 0.870, 1.000, 0.000, 1.000, 0.000, 0.117, 0.000, 1.000, 1.000, 0.020, 0.018, 0.013, 0.017, 0.017, 0.012
76.820, -0.135, 0.860, 1.000, 0.000, 1.000, 0.000, 0.104, 0.000, 1.000, 1.000, 0.020, 0.018, 0.012, 0.017, 0.018, 0.012
76.840, -0.233, 0.745, 1.000, 1.000, 1.000, 0.000, 0.000, 0.000, 1.000, 0.000, 0.019, 0.017, 0.012, 0.017, 0.018, 0.012
76.860, -0.452, 0.662, 1.000, 1.000, 0.000, 0.000, 0.000, 0.000, 1.000, 0.000, 0.019, 0.018, 0.012, 0.017, 0.018, 0.012
76.880, -0.515, 0.741, 1.000, 1.000, 0.000, 0.000, 0.000, 0.000, 1.000, 0.000, 0.019, 0.018, 0.012, 0.017, 0.018, 0.012
76.900, -0.552, 0.792, 1.000, 1.000, 0.000, 0.000, 0.000, 0.000, 1.000, 0.000, 0.019, 0.018, 0.012, 0.016, 0.017, 0.012
76.920, -0.561, 0.825, 1.000, 1.000, 0.000, 0.000, 1.000, 0.000, 1.000, 0.000, 0.018, 0.018, 0.012, 0.017, 0.017, 0.011
76.940, -0.551, 0.845, 1.000, 1.000, 0.000, 0.000, 1.000, 0.000, 1.000, 0.000, 0.018, 0.018, 0.012, 0.017, 0.017, 0.011
76.960, -0.602, 0.818, 1.000, 1.000, 0.000, 0.000, 1.000, 0.000, 1.000, 0.000, 0.018, 0.019, 0.012, 0.017, 0.016, 0.011
76.980, -0.623, 0.826, 1.000, 1.000, 0.000, 0.000, 1.000, 0.000, 1.000, 0.000, 0.018, 0.019, 0.012, 0.017, 0.016, 0.011
77.000, -0.651, 0.821, 1.000, 1.000, 0.000, 0.000, 1.000, 0.000, 1.000, 0.000, 0.018, 0.019, 0.012, 0.017, 0.016, 0.011
77.020, -0.668, 0.825, 1.000, 1.000, 0.000, 0.000, 1.000, 0.000, 1.000, 0.000, 0.018, 0.019, 0.012, 0.017, 0.016, 0.011
77.040, -0.642, 0.852, 1.000, 1.000, 1.000, 0.000, 1.000, 0.000, 1.000, 0.000, 0.018, 0.018, 0.012, 0.017, 0.016, 0.011
77.060, -0.579, 0.879, 1.000, 0.000, 1.000, 0.000, 1.000, 0.000, 1.000, 1.000, 0.019, 0.018, 0.011, 0.017, 0.016, 0.011
77.080, -0.511, 0.884, 1.000, 0.000, 1.000, 0.000, 1.000, 0.000, 1.000, 1.000, 0.019, 0.018, 0.011, 0.017, 0.016, 0.011
77.100, -0.436, 0.881, 1.000, 0.000, 1.000, 0.000, 1.000, 0.000, 1.000, 1.000, 0.019, 0.017, 0.011, 0.017, 0.016, 0.011
77.120, -0.349, 0.875, 1.000, 0.000, 1.000, 0.000, 1.000, 0.000, 1.000, 1.000, 0.019, 0.017, 0.011, 0.017, 0.016, 0.011
77.140, -0.239, 0.868, 1.000, 0.000, 1.000, 0.000, 1.000, 0.000, 1.000, 1.000, 0.019, 0.017, 0.011, 0.017, 0.016, 0.011
77.160, -0.091, 0.857, 1.000, 0.000, 1.000, 1.000, 0.962, 1.000, 1.000, 1.000, 0.019, 0.017, 0.012, 0.017, 0.016, 0.011
77.180, 0.112, 0.841, 1.000, 0.000, 0.000, 1.000, 0.000, 1.000, 0.000, 1.000, 0.020, 0.018, 0.012, 0.017, 0.017, 0.012
77.200, 0.373, 0.817, 1.000, 0.000, 0.000, 1.000, 0.000, 1.000, 0.000, 1.000, 0.020, 0.018, 0.013, 0.017, 0.017, 0.012
77.220, 0.636, 0.777, 1.000, 0.000, 0.000, 1.000, 0.000, 1.000, 0.000, 1.000, 0.020, 0.018, 0.012, 0.016, 0.017, 0.012
77.240, 0.803, 0.721, 1.000, 0.000, 0.000, 1.000, 0.000, 1.000, 0.000, 1.000, 0.020, 0.018, 0.012, 0.017, 0.017, 0.012
77.260, 0.868, 0.655, 1.000, 0.041, 0.000, 1.000, 0.000, 1.000, 0.000, 0.959, 0.020, 0.019, 0.012, 0.017, 0.017, 0.013
77.280, 0.885, 0.587, 1.000, 0.091, 0.000, 1.000, 0.000, 1.000, 0.000, 0.909, 0.020, 0.019, 0.012, 0.017, 0.016, 0.013
77.300, 0.886, 0.517, 1.000, 0.367, 0.000, 1.000, 0.000, 1.000, 0.000, 0.633, 0.020, 0.019, 0.011, 0.017, 0.016, 0.012
77.320, 0.882, 0.443, 1.000, 0.000, 0.000, 1.000, 1.000, 1.000, 0.000, 1.000, 0.020, 0.019, 0.011, 0.017, 0.016, 0.012
77.340, 0.876, 0.357, 1.000, 0.000, 0.000, 1.000, 1.000, 0.000, 0.000, 1.000, 0.020, 0.019, 0.011, 0.017, 0.017, 0.012
77.360, 0.859, 0.186, 1.000, 1.000, 0.000, 1.000, 1.000, 0.000, 0.000, 0.000, 0.019, 0.019, 0.011, 0.016, 0.017, 0.012
77.380, 0.825, -0.035, 0.000, 1.000, 0.000, 0.000, 1.000, 0.000, 0.000, 1.000, 0.020, 0.019, 0.012, 0.016, 0.017, 0.011
77.400, 0.803, -0.270, 0.000, 1.000, 0.000, 1.000, 1.000, 0.000, 0.000, 1.000, 0.020, 0.019, 0.012, 0.016, 0.017, 0.011
77.420, 0.770, -0.527, 0.000, 1.000, 0.000, 1.000, 1.000, 0.000, 0.000, 1.000, 0.020, 0.019, 0.011, 0.016, 0.017, 0.011
77.440, 0.716, -0.725, 0.000, 1.000, 0.000, 1.000, 1.000, 0.000, 0.000, 1.000, 0.020, 0.019, 0.011, 0.016, 0.017, 0.011
77.460, 0.638, -0.821, 0.000, 1.000, 0.000, 1.000, 1.000, 0.000, 0.000, 1.000, 0.020, 0.019, 0.011, 0.016, 0.018, 0.011
77.480, 0.542, -0.850, 0.000, 1.000, 0.000, 1.000, 1.000, 0.000, 0.000, 1.000, 0.020, 0.018, 0.011, 0.016, 0.018, 0.011
77.500, 0.420, -0.851, 0.000, 1.000, 0.000, 1.000, 1.000, 0.000, 0.000, 1.000, 0.020, 0.018, 0.011, 0.016, 0.018, 0.011
77.520, 0.270, -0.843, 0.000, 1.000, 0.000, 1.000, 1.000, 0.000, 0.000, 1.000, 0.020, 0.018, 0.011, 0.016, 0.018, 0.011
77.540, 0.058, -0.825, 0.000, 1.000, 0.000, 1.000, 1.000, 0.000, 0.000, 1.000, 0.020, 0.018, 0.011, 0.016, 0.018, 0.011
77.560, -0.246, -0.792, 0.000, 1.000, 0.000, 1.000, 1.000, 0.000, 0.000, 1.000, 0.020, 0.018, 0.011, 0.016, 0.018, 0.011
77.580, -0.517, -0.776, 0.000, 0.528, 0.000, 1.000, 1.000, 0.000, 0.000, 0.528, 0.020, 0.018, 0.011, 0.016, 0.018, 0.011
77.600, -0.736, -0.736, 0.000, 0.000, 0.000, 1.000, 1.000, 0.000, 0.000, 0.000, 0.020, 0.017, 0.011, 0.016, 0.018, 0.011
77.620, -0.854, -0.651, 0.000, 1.000, 0.000, 1.000, 1.000, 0.000, 1.000, 1.000, 0.020, 0.017, 0.011, 0.016, 0.018, 0.012
77.640, -0.887, -0.538, 0.000, 1.000, 0.000, 1.000, 1.000, 0.000, 1.000, 1.000, 0.020, 0.017, 0.011, 0.016, 0.018, 0.012
77.660, -0.888, -0.410, 0.000, 1.000, 0.000, 1.000, 0.642, 0.000, 1.000, 1.000, 0.020, 0.017, 0.011, 0.016, 0.018, 0.012
77.680, -0.884, -0.229, 0.000, 1.000, 0.000, 0.000, 0.000, 0.000, 1.000, 1.000, 0.020, 0.017, 0.012, 0.016, 0.018, 0.012
77.700, -0.867, -0.049, 0.000, 1.000, 1.000, 0.000, 0.000, 0.000, 1.000, 1.000, 0.020, 0.018, 0.012, 0.017, 0.018, 0.012
77.720, -0.842, 0.172, 1.000, 0.000, 1.000, 0.000, 0.000, 0.000, 1.000, 1.000, 0.021, 0.018, 0.012, 0.017, 0.018, 0.012
77.740, -0.811, 0.443, 1.000, 0.000, 1.000, 0.000, 0.000, 0.000, 1.000, 1.000, 0.021, 0.018, 0.012, 0.017, 0.017, 0.011
77.760, -0.766, 0.690, 1.000, 0.000, 1.000, 0.000, 0.000, 0.000, 1.000, 1.000, 0.021, 0.019, 0.012, 0.017, 0.017, 0.011
77.780, -0.706, 0.828, 1.000, 0.000, 1.000, 0.000, 0.000, 0.000, 1.000, 1.000, 0.021, 0.019, 0.013, 0.017, 0.017, 0.011
77.800, -0.639, 0.876, 1.000, 0.000, 1.000, 0.000, 1.000, 0.000, 1.000, 1.000, 0.021, 0.018, 0.013, 0.017, 0.017, 0.011
77.820, -0.675, 0.826, 1.000, 1.000, 1.000, 0.000, 1.000, 0.000, 1.000, 0.000, 0.020, 0.018, 0.013, 0.016, 0.017, 0.011
77.840, -0.716, 0.799, 1.000, 1.000, 0.000, 0.000, 0.000, 0.000, 1.000, 0.000, 0.020, 0.018, 0.013, 0.017, 0.017, 0.011
