Time (s),o1,o2,fwd_force,filtered_force_1,filtered_force_2,filtered_force_3,filtered_force_4,error_force,gamma_1,gamma_2,gamma_3,gamma_4
0.000, 0.734, -0.774, 0.000, 0.000, 0.000, 0.000, 0.000, 0.000, 0.000, 0.000, 0.000, 0.000
0.020, 0.670, -0.859, 0.000, 0.548, 0.313, 0.548, 0.313, 0.548, 0.000, 0.000, 0.000, 0.000
0.040, 0.603, -0.883, 0.000, 0.000, 0.000, 0.000, 0.000, 0.000, 0.000, 0.000, 0.000, 0.000
0.060, 0.535, -0.886, 0.000, 0.000, 0.000, 0.000, 0.000, 0.000, 0.000, 0.000, 0.000, 0.000
0.080, 0.461, -0.883, 0.000, 1.000, 0.000, 1.000, 0.000, 1.000, 0.001, 0.000, 0.001, 0.000
0.100, 0.376, -0.877, 0.000, 1.000, 0.000, 1.000, 0.000, 1.000, 0.001, 0.000, 0.001, 0.000
0.120, 0.274, -0.870, 0.000, 0.000, 1.000, 0.000, 1.000, 0.000, 0.001, 0.001, 0.001, 0.001
0.140, 0.139, -0.860, 0.000, 0.000, 1.000, 0.000, 0.000, 0.000, 0.001, 0.001, 0.001, 0.000
0.160, -0.046, -0.846, 0.000, 0.000, 1.000, 0.000, 1.000, 0.000, 0.000, 0.001, 0.000, 0.001
0.180, -0.293, -0.825, 0.000, 0.000, 0.000, 0.000, 0.000, 0.000, 0.000, 0.001, 0.000, 0.001
0.200, -0.566, -0.791, 0.000, 0.000, 0.000, 0.000, 0.000, 0.000, 0.000, 0.001, 0.000, 0.000
0.220, -0.767, -0.739, 0.000, 0.000, 0.000, 0.000, 1.000, 0.000, 0.000, 0.001, 0.000, 0.001
0.240, -0.857, -0.675, 0.000, 0.000, 1.000, 0.000, 1.000, 0.000, 0.000, 0.001, 0.000, 0.001
0.260, -0.883, -0.608, 0.000, 0.000, 1.000, 0.000, 1.000, 0.000, 0.000, 0.001, 0.000, 0.002
0.280, -0.887, -0.539, 0.000, 0.000, 1.000, 0.000, 1.000, 0.000, 0.000, 0.002, 0.000, 0.002
0.300, -0.884, -0.468, 0.000, 0.000, 1.000, 0.000, 1.000, 0.000, 0.000, 0.002, 0.000, 0.002
0.320, -0.878, -0.386, 0.000, 0.000, 1.000, 0.000, 1.000, 0.000, 0.000, 0.002, 0.000, 0.002
0.340, -0.871, -0.286, 0.000, 0.000, 1.000, 0.000, 1.000, 0.000, 0.000, 0.002, 0.000, 0.002
0.360, -0.862, -0.156, 0.000, 0.006, 1.000, 0.000, 1.000, 0.006, 0.000, 0.002, 0.000, 0.002
0.380, -0.848, 0.023, 1.000, 0.000, 1.000, 0.000, 1.000, 1.000, 0.001, 0.002, 0.001, 0.002
0.400, -0.828, 0.264, 1.000, 0.000, 1.000, 0.000, 1.000, 1.000, 0.001, 0.001, 0.001, 0.001
0.420, -0.796, 0.537, 1.000, 1.000, 1.000, 1.000, 1.000, 0.000, 0.001, 0.001, 0.001, 0.001
0.440, -0.750, 0.746, 1.000, 1.000, 0.000, 1.000, 0.000, 0.000, 0.001, 0.002, 0.001, 0.002
0.460, -0.688, 0.848, 1.000, 1.000, 0.000, 1.000, 0.000, 0.000, 0.001, 0.002, 0.001, 0.002
0.480, -0.622, 0.880, 1.000, 1.000, 0.000, 1.000, 0.000, 0.000, 0.001, 0.002, 0.001, 0.002
0.500, -0.556, 0.886, 1.000, 1.000, 0.000, 1.000, 0.000, 0.000, 0.000, 0.002, 0.000, 0.002
0.520, -0.488, 0.884, 1.000, 1.000, 0.000, 1.000, 0.000, 0.000, 0.000, 0.003, 0.000, 0.003
0.540, -0.413, 0.879, 1.000, 1.000, 0.000, 1.000, 0.000, 0.000, 0.000, 0.003, 0.000, 0.003
0.560, -0.322, 0.873, 1.000, 1.000, 0.000, 1.000, 0.000, 0.000, 0.000, 0.003, 0.000, 0.003
0.580, -0.207, 0.864, 1.000, 1.000, 0.000, 1.000, 0.000, 0.000, 0.000, 0.003, 0.000, 0.003
0.600, -0.050, 0.852, 1.000, 1.000, 0.000, 1.000, 0.000, 0.000, 0.000, 0.003, 0.000, 0.003
0.620, 0.162, 0.835, 1.000, 1.000, 0.000, 1.000, 0.000, 0.000, 0.000, 0.003, 0.000, 0.003
0.640, 0.430, 0.808, 1.000, 1.000, 0.000, 1.000, 0.000, 0.000, 0.000, 0.003, 0.000, 0.003
0.660, 0.680, 0.766, 1.000, 0.000, 0.000, 1.000, 0.000, 1.000, 0.001, 0.003, 0.000, 0.003
0.680, 0.823, 0.708, 1.000, 0.000, 0.000, 1.000, 0.000, 1.000, 0.001, 0.003, 0.000, 0.003
0.700, 0.873, 0.636, 1.000, 1.000, 0.000, 0.000, 0.000, 0.000, 0.001, 0.004, 0.001, 0.004
0.720, 0.885, 0.566, 1.000, 1.000, 0.000, 0.000, 0.000, 0.000, 0.001, 0.004, 0.001, 0.004
0.740, 0.885, 0.495, 1.000, 1.000, 0.000, 1.000, 0.000, 0.000, 0.001, 0.004, 0.001, 0.004
0.760, 0.880, 0.417, 1.000, 1.000, 0.000, 0.000, 0.137, 0.000, 0.001, 0.004, 0.001, 0.004
0.780, 0.874, 0.324, 1.000, 1.000, 0.026, 0.683, 0.044, 0.000, 0.001, 0.004, 0.001, 0.004
0.800, 0.865, 0.206, 1.000, 0.921, 0.179, 1.000, 0.050, 0.079, 0.001, 0.004, 0.001, 0.004
0.820, 0.854, 0.046, 1.000, 0.370, 0.074, 1.000, 0.031, 0.630, 0.001, 0.004, 0.001, 0.004
0.840, 0.836, -0.173, 0.000, 0.370, 0.081, 0.147, 0.089, 0.370, 0.001, 0.004, 0.001, 0.004
0.860, 0.808, -0.443, 0.000, 0.000, 0.000, 1.000, 0.000, 0.000, 0.001, 0.003, 0.001, 0.003
0.880, 0.765, -0.689, 0.000, 0.393, 0.000, 0.396, 0.000, 0.393, 0.001, 0.003, 0.001, 0.003
0.900, 0.705, -0.827, 0.000, 0.102, 0.090, 0.000, 0.031, 0.102, 0.001, 0.003, 0.001, 0.003
0.920, 0.638, -0.875, 0.000, 0.000, 0.000, 0.000, 1.000, 0.000, 0.001, 0.003, 0.001, 0.004
0.940, 0.571, -0.886, 0.000, 0.045, 0.000, 0.019, 0.000, 0.045, 0.001, 0.003, 0.001, 0.003
0.960, 0.500, -0.885, 0.000, 1.000, 0.000, 1.000, 0.000, 1.000, 0.001, 0.003, 0.002, 0.003
0.980, 0.420, -0.880, 0.000, 1.000, 0.000, 1.000, 0.000, 1.000, 0.002, 0.003, 0.002, 0.003
1.000, 0.323, -0.872, 0.000, 1.000, 0.000, 1.000, 0.000, 1.000, 0.002, 0.003, 0.002, 0.003
1.020, 0.200, -0.863, 0.000, 1.000, 0.000, 1.000, 0.000, 1.000, 0.002, 0.003, 0.002, 0.003
1.040, 0.035, -0.851, 0.000, 1.000, 0.000, 1.000, 0.000, 1.000, 0.002, 0.003, 0.003, 0.003
1.060, -0.193, -0.832, 0.000, 1.000, 0.000, 1.000, 0.985, 1.000, 0.003, 0.003, 0.003, 0.003
1.080, -0.468, -0.803, 0.000, 1.000, 1.000, 1.000, 0.000, 1.000, 0.003, 0.003, 0.003, 0.003
1.100, -0.706, -0.759, 0.000, 0.000, 1.000, 1.000, 0.463, 0.000, 0.002, 0.004, 0.003, 0.003
1.120, -0.834, -0.698, 0.000, 0.542, 1.000, 0.727, 1.000, 0.542, 0.002, 0.004, 0.003, 0.004
1.140, -0.877, -0.631, 0.000, 1.000, 1.000, 0.000, 0.189, 1.000, 0.002, 0.004, 0.002, 0.004
1.160, -0.887, -0.560, 0.000, 1.000, 1.000, 1.000, 0.000, 1.000, 0.003, 0.004, 0.003, 0.003
1.180, -0.885, -0.486, 0.000, 1.000, 1.000, 1.000, 0.000, 1.000, 0.003, 0.005, 0.003, 0.003
1.200, -0.880, -0.403, 0.000, 1.000, 1.000, 1.000, 1.000, 1.000, 0.003, 0.005, 0.003, 0.004
1.220, -0.873, -0.305, 0.000, 1.000, 1.000, 1.000, 1.000, 1.000, 0.003, 0.005, 0.003, 0.004
1.240, -0.864, -0.180, 0.000, 1.000, 1.000, 1.000, 1.000, 1.000, 0.003, 0.005, 0.003, 0.004
1.260, -0.853, -0.006, 0.000, 1.000, 1.000, 1.000, 0.000, 1.000, 0.003, 0.004, 0.003, 0.004
1.280, -0.835, 0.227, 1.000, 1.000, 0.000, 1.000, 0.000, 0.000, 0.003, 0.005, 0.003, 0.004
1.300, -0.805, 0.497, 1.000, 1.000, 0.000, 1.000, 0.000, 0.000, 0.003, 0.005, 0.003, 0.005
1.320, -0.760, 0.722, 1.000, 1.000, 0.000, 1.000, 0.000, 0.000, 0.002, 0.005, 0.003, 0.005
1.340, -0.702, 0.836, 1.000, 1.000, 0.000, 1.000, 0.000, 0.000, 0.002, 0.005, 0.002, 0.005
1.360, -0.641, 0.875, 1.000, 1.000, 0.000, 1.000, 0.000, 0.000, 0.002, 0.005, 0.002, 0.005
1.380, -0.579, 0.884, 1.000, 1.000, 0.000, 1.000, 0.000, 0.000, 0.002, 0.005, 0.002, 0.005
1.400, -0.518, 0.882, 1.000, 1.000, 0.000, 1.000, 0.000, 0.000, 0.002, 0.005, 0.002, 0.005
1.420, -0.456, 0.877, 1.000, 1.000, 0.000, 1.000, 0.000, 0.000, 0.002, 0.006, 0.002, 0.005
1.440, -0.374, 0.875, 1.000, 0.000, 1.000, 0.000, 1.000, 1.000, 0.003, 0.005, 0.003, 0.005
1.460, -0.282, 0.866, 1.000, 1.000, 1.000, 1.000, 1.000, 0.000, 0.002, 0.005, 0.003, 0.004
1.480, -0.176, 0.853, 1.000, 1.000, 0.000, 0.000, 1.000, 0.000, 0.002, 0.005, 0.003, 0.004
1.500, -0.023, 0.842, 1.000, 1.000, 0.000, 1.000, 0.000, 0.000, 0.002, 0.005, 0.003, 0.005
1.520, 0.185, 0.824, 1.000, 1.000, 0.000, 1.000, 0.000, 0.000, 0.002, 0.006, 0.003, 0.005
1.540, 0.449, 0.799, 1.000, 1.000, 0.000, 0.000, 0.000, 0.000, 0.002, 0.006, 0.003, 0.005
1.560, 0.677, 0.746, 1.000, 1.000, 0.000, 0.000, 0.000, 0.000, 0.002, 0.006, 0.003, 0.006
1.580, 0.819, 0.691, 1.000, 1.000, 0.000, 1.000, 0.000, 0.000, 0.002, 0.006, 0.003, 0.006
1.600, 0.872, 0.628, 1.000, 0.000, 0.000, 1.000, 0.000, 1.000, 0.003, 0.006, 0.003, 0.006
1.620, 0.884, 0.553, 1.000, 1.000, 0.000, 0.000, 0.000, 0.000, 0.003, 0.006, 0.003, 0.006
1.640, 0.883, 0.477, 1.000, 1.000, 0.094, 0.000, 0.000, 0.000, 0.002, 0.006, 0.004, 0.006
1.660, 0.878, 0.390, 1.000, 1.000, 0.006, 0.000, 0.000, 0.000, 0.002, 0.006, 0.004, 0.006
1.680, 0.871, 0.290, 1.000, 1.000, 0.000, 0.112, 0.000, 0.000, 0.002, 0.006, 0.004, 0.006
1.700, 0.862, 0.161, 1.000, 0.063, 0.000, 0.026, 0.585, 0.937, 0.003, 0.006, 0.004, 0.006
1.720, 0.849, -0.016, 0.000, 0.000, 0.000, 0.019, 0.478, 0.000, 0.003, 0.006, 0.004, 0.006
1.740, 0.829, -0.254, 0.000, 0.317, 0.000, 0.176, 0.120, 0.317, 0.003, 0.005, 0.004, 0.006
1.760, 0.796, -0.528, 0.000, 0.000, 0.000, 0.294, 0.000, 0.000, 0.003, 0.005, 0.004, 0.005
1.780, 0.747, -0.746, 0.000, 0.024, 0.000, 0.000, 0.000, 0.024, 0.002, 0.005, 0.003, 0.005
1.800, 0.684, -0.849, 0.000, 0.465, 0.128, 0.007, 0.090, 0.465, 0.003, 0.005, 0.003, 0.005
1.820, 0.617, -0.881, 0.000, 0.000, 0.177, 1.000, 0.000, 0.000, 0.003, 0.005, 0.004, 0.005
1.840, 0.549, -0.887, 0.000, 0.000, 0.000, 0.000, 1.000, 0.000, 0.002, 0.005, 0.004, 0.006
1.860, 0.478, -0.884, 0.000, 0.069, 0.000, 0.000, 1.000, 0.069, 0.002, 0.005, 0.003, 0.006
1.880, 0.398, -0.879, 0.000, 0.124, 0.000, 0.084, 0.000, 0.124, 0.002, 0.005, 0.003, 0.006
1.900, 0.302, -0.872, 0.000, 0.046, 0.000, 0.004, 0.000, 0.046, 0.002, 0.005, 0.003, 0.005
1.920, 0.177, -0.863, 0.000, 0.000, 1.000, 0.000, 0.000, 0.000, 0.002, 0.006, 0.003, 0.005
1.940, 0.005, -0.850, 0.000, 0.000, 1.000, 0.000, 0.000, 0.000, 0.002, 0.006, 0.003, 0.005
1.960, -0.226, -0.831, 0.000, 0.000, 1.000, 0.000, 0.554, 0.000, 0.002, 0.006, 0.003, 0.005
1.980, -0.500, -0.801, 0.000, 0.000, 1.000, 0.000, 1.000, 0.000, 0.002, 0.007, 0.003, 0.006
2.000, -0.728, -0.753, 0.000, 0.000, 1.000, 1.000, 0.000, 0.000, 0.002, 0.007, 0.004, 0.006
2.020, -0.846, -0.684, 0.000, 1.000, 1.000, 0.000, 0.000, 1.000, 0.003, 0.007, 0.004, 0.005
2.040, -0.881, -0.613, 0.000, 1.000, 0.000, 1.000, 0.000, 1.000, 0.003, 0.006, 0.004, 0.005
2.060, -0.887, -0.537, 0.000, 1.000, 0.000, 1.000, 1.000, 1.000, 0.004, 0.006, 0.004, 0.006
2.080, -0.884, -0.462, 0.000, 1.000, 0.000, 1.000, 1.000, 1.000, 0.004, 0.006, 0.005, 0.006
2.100, -0.878, -0.377, 0.000, 1.000, 0.000, 0.403, 1.000, 1.000, 0.004, 0.006, 0.004, 0.006
2.120, -0.871, -0.271, 0.000, 1.000, 0.000, 1.000, 1.000, 1.000, 0.004, 0.006, 0.005, 0.007
2.140, -0.861, -0.133, 0.000, 1.000, 0.000, 1.000, 1.000, 1.000, 0.004, 0.006, 0.005, 0.007
2.160, -0.848, 0.058, 1.000, 1.000, 1.000, 1.000, 0.753, 0.000, 0.004, 0.006, 0.004, 0.006
2.180, -0.828, 0.306, 1.000, 1.000, 0.000, 1.000, 0.000, 0.000, 0.003, 0.006, 0.004, 0.007
2.200, -0.795, 0.572, 1.000, 1.000, 0.000, 1.000, 0.000, 0.000, 0.003, 0.007, 0.004, 0.007
2.220, -0.747, 0.765, 1.000, 1.000, 0.000, 1.000, 0.000, 0.000, 0.003, 0.007, 0.004, 0.007
2.240, -0.688, 0.851, 1.000, 1.000, 0.000, 1.000, 0.000, 0.000, 0.003, 0.007, 0.004, 0.007
2.260, -0.630, 0.877, 1.000, 1.000, 0.000, 1.000, 0.000, 0.000, 0.003, 0.007, 0.004, 0.007
2.280, -0.572, 0.882, 1.000, 1.000, 0.000, 1.000, 0.000, 0.000, 0.003, 0.007, 0.004, 0.007
2.300, -0.515, 0.880, 1.000, 1.000, 0.000, 1.000, 0.000, 0.000, 0.003, 0.007, 0.004, 0.007
2.320, -0.455, 0.876, 1.000, 1.000, 0.000, 1.000, 0.000, 0.000, 0.003, 0.007, 0.004, 0.007
2.340, -0.373, 0.875, 1.000, 0.000, 1.000, 0.000, 1.000, 1.000, 0.003, 0.007, 0.004, 0.007
2.360, -0.272, 0.869, 1.000, 1.000, 1.000, 0.000, 1.000, 0.000, 0.003, 0.007, 0.005, 0.007
2.380, -0.151, 0.856, 1.000, 1.000, 1.000, 1.000, 1.000, 0.000, 0.003, 0.006, 0.004, 0.006
2.400, 0.008, 0.840, 1.000, 1.000, 0.000, 1.000, 0.000, 0.000, 0.003, 0.007, 0.004, 0.007
2.420, 0.242, 0.825, 1.000, 0.000, 0.000, 1.000, 0.000, 1.000, 0.004, 0.007, 0.004, 0.007
2.440, 0.515, 0.796, 1.000, 0.000, 0.000, 1.000, 0.000, 1.000, 0.004, 0.007, 0.004, 0.007
2.460, 0.737, 0.749, 1.000, 0.000, 0.000, 1.000, 0.000, 1.000, 0.004, 0.008, 0.004, 0.008
2.480, 0.838, 0.666, 1.000, 1.000, 0.000, 0.000, 0.000, 0.000, 0.004, 0.008, 0.004, 0.008
2.500, 0.876, 0.603, 1.000, 0.000, 0.000, 1.000, 0.000, 1.000, 0.004, 0.008, 0.004, 0.008
2.520, 0.883, 0.523, 1.000, 1.000, 0.044, 0.000, 0.000, 0.000, 0.004, 0.008, 0.005, 0.008
2.540, 0.882, 0.450, 1.000, 0.003, 0.000, 0.050, 0.000, 0.997, 0.004, 0.008, 0.005, 0.008
2.560, 0.876, 0.365, 1.000, 0.000, 0.000, 0.133, 0.000, 1.000, 0.004, 0.008, 0.005, 0.008
2.580, 0.869, 0.260, 1.000, 0.070, 0.000, 0.000, 0.000, 0.930, 0.005, 0.008, 0.005, 0.008
2.600, 0.859, 0.120, 1.000, 0.199, 0.153, 0.022, 0.000, 0.801, 0.005, 0.008, 0.005, 0.008
2.620, 0.844, -0.073, 0.000, 0.247, 0.000, 0.254, 0.048, 0.247, 0.004, 0.007, 0.005, 0.007
2.640, 0.821, -0.326, 0.000, 0.539, 0.000, 0.567, 0.075, 0.539, 0.004, 0.007, 0.005, 0.007
2.660, 0.785, -0.596, 0.000, 0.080, 0.066, 0.383, 0.135, 0.080, 0.004, 0.007, 0.005, 0.007
2.680, 0.725, -0.776, 0.000, 1.000, 0.000, 1.000, 0.000, 1.000, 0.005, 0.007, 0.005, 0.007
2.700, 0.663, -0.859, 0.000, 0.000, 0.175, 1.000, 0.000, 0.000, 0.004, 0.007, 0.006, 0.007
2.720, 0.596, -0.883, 0.000, 0.000, 0.000, 0.000, 0.423, 0.000, 0.004, 0.007, 0.005, 0.007
2.740, 0.528, -0.886, 0.000, 0.000, 0.000, 1.000, 0.000, 0.000, 0.004, 0.007, 0.006, 0.007
2.760, 0.455, -0.883, 0.000, 0.415, 0.000, 0.306, 0.000, 0.415, 0.004, 0.007, 0.005, 0.007
2.780, 0.371, -0.877, 0.000, 0.023, 0.000, 0.069, 0.000, 0.023, 0.004, 0.007, 0.005, 0.007
2.800, 0.267, -0.870, 0.000, 0.000, 0.000, 0.000, 0.481, 0.000, 0.004, 0.007, 0.005, 0.007
2.820, 0.130, -0.860, 0.000, 0.000, 0.760, 0.000, 0.421, 0.000, 0.004, 0.007, 0.005, 0.007
2.840, -0.082, -0.839, 0.000, 1.000, 1.000, 1.000, 0.000, 1.000, 0.004, 0.008, 0.005, 0.007
2.860, -0.337, -0.818, 0.000, 0.000, 0.083, 1.000, 0.000, 0.000, 0.004, 0.007, 0.006, 0.007
2.880, -0.605, -0.782, 0.000, 0.000, 0.000, 1.000, 1.000, 0.000, 0.004, 0.007, 0.006, 0.008
2.900, -0.788, -0.729, 0.000, 0.000, 1.000, 1.000, 1.000, 0.000, 0.004, 0.008, 0.006, 0.008
2.920, -0.864, -0.662, 0.000, 1.000, 1.000, 0.000, 1.000, 1.000, 0.004, 0.008, 0.006, 0.008
2.940, -0.884, -0.594, 0.000, 0.740, 1.000, 0.000, 1.000, 0.740, 0.005, 0.008, 0.005, 0.008
2.960, -0.886, -0.525, 0.000, 0.097, 1.000, 1.000, 0.000, 0.097, 0.004, 0.008, 0.006, 0.008
2.980, -0.883, -0.451, 0.000, 1.000, 1.000, 0.559, 0.000, 1.000, 0.005, 0.009, 0.006, 0.008
3.000, -0.877, -0.366, 0.000, 0.194, 1.000, 1.000, 0.000, 0.194, 0.005, 0.009, 0.006, 0.007
3.020, -0.869, -0.261, 0.000, 0.000, 1.000, 1.000, 0.252, 0.000, 0.004, 0.008, 0.006, 0.007
3.040, -0.860, -0.119, 0.000, 1.000, 1.000, 0.000, 1.000, 1.000, 0.005, 0.008, 0.006, 0.007
3.060, -0.848, 0.079, 1.000, 1.000, 1.000, 1.000, 0.000, 0.000, 0.005, 0.008, 0.006, 0.008
3.080, -0.828, 0.331, 1.000, 1.000, 1.000, 1.000, 0.000, 0.000, 0.004, 0.008, 0.006, 0.008
3.100, -0.792, 0.595, 1.000, 1.000, 0.000, 1.000, 0.000, 0.000, 0.004, 0.008, 0.006, 0.008
3.120, -0.743, 0.776, 1.000, 1.000, 0.000, 1.000, 0.000, 0.000, 0.004, 0.008, 0.005, 0.009
3.140, -0.685, 0.854, 1.000, 1.000, 0.000, 1.000, 0.000, 0.000, 0.004, 0.009, 0.005, 0.009
3.160, -0.628, 0.877, 1.000, 1.000, 0.000, 1.000, 0.000, 0.000, 0.004, 0.009, 0.005, 0.009
3.180, -0.573, 0.881, 1.000, 1.000, 0.000, 1.000, 0.000, 0.000, 0.004, 0.009, 0.005, 0.009
3.200, -0.519, 0.879, 1.000, 1.000, 0.000, 1.000, 0.000, 0.000, 0.004, 0.009, 0.005, 0.009
3.220, -0.461, 0.875, 1.000, 1.000, 0.000, 1.000, 1.000, 0.000, 0.004, 0.009, 0.005, 0.008
3.240, -0.403, 0.868, 1.000, 1.000, 0.000, 0.000, 1.000, 0.000, 0.004, 0.009, 0.006, 0.008
3.260, -0.337, 0.861, 1.000, 1.000, 0.000, 0.000, 1.000, 0.000, 0.004, 0.009, 0.006, 0.008
3.280, -0.248, 0.856, 1.000, 1.000, 0.000, 0.000, 1.000, 0.000, 0.004, 0.009, 0.006, 0.008
3.300, -0.133, 0.846, 1.000, 1.000, 0.000, 1.000, 0.000, 0.000, 0.004, 0.009, 0.006, 0.008
3.320, 0.031, 0.834, 1.000, 1.000, 0.000, 1.000, 0.000, 0.000, 0.004, 0.010, 0.006, 0.009
3.340, 0.240, 0.811, 1.000, 1.000, 0.000, 1.000, 0.000, 0.000, 0.004, 0.010, 0.006, 0.009
3.360, 0.511, 0.789, 1.000, 0.000, 0.000, 0.000, 0.000, 1.000, 0.005, 0.010, 0.006, 0.009
3.380, 0.733, 0.745, 1.000, 0.000, 0.000, 0.000, 0.000, 1.000, 0.005, 0.010, 0.006, 0.009
3.400, 0.835, 0.661, 1.000, 1.000, 0.000, 1.000, 0.000, 0.000, 0.005, 0.010, 0.006, 0.009
3.420, 0.875, 0.599, 1.000, 0.000, 0.000, 0.000, 0.000, 1.000, 0.005, 0.010, 0.006, 0.009
3.440, 0.883, 0.529, 1.000, 1.000, 0.163, 0.077, 0.000, 0.000, 0.005, 0.010, 0.007, 0.010
3.460, 0.882, 0.455, 1.000, 1.000, 0.000, 0.101, 0.000, 0.000, 0.004, 0.009, 0.007, 0.010
3.480, 0.877, 0.371, 1.000, 0.803, 0.088, 0.538, 0.000, 0.197, 0.004, 0.009, 0.007, 0.010
3.500, 0.870, 0.267, 1.000, 0.607, 0.017, 0.337, 0.046, 0.393, 0.005, 0.009, 0.007, 0.009
3.520, 0.860, 0.129, 1.000, 0.597, 0.215, 0.492, 0.053, 0.403, 0.005, 0.009, 0.007, 0.009
3.540, 0.845, -0.060, 0.000, 0.346, 0.011, 0.440, 0.085, 0.346, 0.005, 0.009, 0.007, 0.009
3.560, 0.812, -0.305, 0.000, 1.000, 0.000, 1.000, 0.000, 1.000, 0.005, 0.009, 0.007, 0.009
3.580, 0.776, -0.567, 0.000, 1.000, 0.000, 0.000, 0.000, 1.000, 0.005, 0.009, 0.007, 0.008
3.600, 0.729, -0.766, 0.000, 0.307, 0.000, 1.000, 0.078, 0.307, 0.005, 0.009, 0.007, 0.008
3.620, 0.668, -0.856, 0.000, 0.000, 0.000, 0.236, 0.350, 0.000, 0.005, 0.009, 0.007, 0.009
3.640, 0.601, -0.882, 0.000, 0.112, 0.000, 1.000, 0.000, 0.112, 0.005, 0.009, 0.007, 0.008
3.660, 0.533, -0.886, 0.000, 0.213, 0.000, 1.000, 0.000, 0.213, 0.005, 0.009, 0.007, 0.008
3.680, 0.461, -0.883, 0.000, 0.000, 0.000, 1.000, 0.000, 0.000, 0.005, 0.008, 0.007, 0.008
3.700, 0.378, -0.878, 0.000, 0.000, 0.000, 1.000, 0.000, 0.000, 0.005, 0.008, 0.008, 0.008
3.720, 0.276, -0.870, 0.000, 0.000, 1.000, 1.000, 0.000, 0.000, 0.004, 0.009, 0.008, 0.008
3.740, 0.142, -0.861, 0.000, 0.000, 1.000, 1.000, 0.000, 0.000, 0.004, 0.009, 0.008, 0.008
3.760, -0.042, -0.847, 0.000, 0.000, 1.000, 0.000, 0.000, 0.000, 0.004, 0.010, 0.007, 0.008
3.780, -0.288, -0.825, 0.000, 0.000, 1.000, 0.000, 0.000, 0.000, 0.004, 0.010, 0.007, 0.008
3.800, -0.561, -0.791, 0.000, 0.000, 1.000, 0.000, 0.000, 0.000, 0.004, 0.010, 0.007, 0.008
3.820, -0.764, -0.740, 0.000, 0.000, 1.000, 0.000, 0.000, 0.000, 0.004, 0.010, 0.007, 0.008
3.840, -0.856, -0.676, 0.000, 0.000, 1.000, 0.000, 0.000, 0.000, 0.004, 0.010, 0.007, 0.008
3.860, -0.883, -0.609, 0.000, 0.000, 1.000, 1.000, 0.000, 0.000, 0.004, 0.010, 0.007, 0.008
3.880, -0.887, -0.541, 0.000, 0.000, 1.000, 1.000, 0.000, 0.000, 0.004, 0.009, 0.007, 0.008
3.900, -0.884, -0.468, 0.000, 1.000, 1.000, 1.000, 0.000, 1.000, 0.005, 0.009, 0.008, 0.008
3.920, -0.878, -0.387, 0.000, 0.000, 1.000, 1.000, 0.000, 0.000, 0.005, 0.009, 0.008, 0.008
3.940, -0.871, -0.287, 0.000, 0.000, 1.000, 1.000, 1.000, 0.000, 0.005, 0.009, 0.007, 0.008
3.960, -0.862, -0.156, 0.000, 0.000, 1.000, 0.000, 1.000, 0.000, 0.004, 0.009, 0.008, 0.008
3.980, -0.848, 0.022, 1.000, 0.000, 1.000, 1.000, 1.000, 1.000, 0.005, 0.009, 0.007, 0.008
4.000, -0.832, 0.262, 1.000, 1.000, 0.456, 1.000, 0.000, 0.000, 0.005, 0.009, 0.007, 0.009
4.020, -0.802, 0.529, 1.000, 1.000, 0.000, 1.000, 0.000, 0.000, 0.005, 0.010, 0.007, 0.009
4.040, -0.758, 0.738, 1.000, 1.000, 0.000, 1.000, 0.000, 0.000, 0.005, 0.010, 0.007, 0.009
4.060, -0.708, 0.835, 1.000, 1.000, 0.000, 1.000, 0.000, 0.000, 0.004, 0.010, 0.007, 0.009
4.080, -0.646, 0.874, 1.000, 1.000, 0.000, 1.000, 0.000, 0.000, 0.004, 0.010, 0.007, 0.009
4.100, -0.600, 0.876, 1.000, 1.000, 0.000, 1.000, 0.000, 0.000, 0.004, 0.010, 0.007, 0.010
4.120, -0.548, 0.878, 1.000, 1.000, 0.000, 1.000, 0.000, 0.000, 0.004, 0.010, 0.007, 0.010
4.140, -0.495, 0.876, 1.000, 1.000, 0.000, 1.000, 1.000, 0.000, 0.004, 0.011, 0.007, 0.009
4.160, -0.439, 0.871, 1.000, 1.000, 0.000, 0.000, 1.000, 0.000, 0.004, 0.011, 0.007, 0.009
4.180, -0.366, 0.869, 1.000, 1.000, 0.000, 0.000, 1.000, 0.000, 0.004, 0.011, 0.008, 0.009
4.200, -0.286, 0.860, 1.000, 1.000, 0.000, 0.000, 1.000, 0.000, 0.004, 0.011, 0.008, 0.009
4.220, -0.185, 0.850, 1.000, 1.000, 0.000, 0.030, 0.157, 0.000, 0.004, 0.011, 0.008, 0.009
4.240, -0.057, 0.836, 1.000, 1.000, 0.000, 0.000, 1.000, 0.000, 0.004, 0.011, 0.008, 0.009
4.260, 0.135, 0.824, 1.000, 1.000, 0.000, 1.000, 0.000, 0.000, 0.004, 0.011, 0.008, 0.009
4.280, 0.397, 0.806, 1.000, 0.000, 0.000, 1.000, 0.000, 1.000, 0.005, 0.011, 0.007, 0.009
4.300, 0.653, 0.769, 1.000, 0.022, 0.088, 0.000, 0.000, 0.978, 0.005, 0.011, 0.008, 0.010
4.320, 0.811, 0.713, 1.000, 0.000, 0.081, 0.000, 0.000, 1.000, 0.006, 0.011, 0.008, 0.010
4.340, 0.866, 0.629, 1.000, 1.000, 0.000, 0.000, 0.000, 0.000, 0.005, 0.011, 0.008, 0.010
4.360, 0.878, 0.526, 1.000, 1.000, 0.000, 0.000, 0.000, 0.000, 0.005, 0.010, 0.009, 0.010
4.380, 0.878, 0.437, 1.000, 1.000, 0.000, 0.000, 0.000, 0.000, 0.005, 0.010, 0.009, 0.010
4.400, 0.872, 0.325, 1.000, 1.000, 0.000, 0.135, 0.000, 0.000, 0.005, 0.010, 0.009, 0.010
4.420, 0.864, 0.207, 1.000, 0.444, 0.000, 0.438, 0.000, 0.556, 0.005, 0.010, 0.008, 0.010
4.440, 0.853, 0.048, 1.000, 0.951, 0.000, 0.810, 0.337, 0.049, 0.005, 0.010, 0.009, 0.010
4.460, 0.836, -0.171, 0.000, 0.659, 0.000, 0.275, 0.285, 0.659, 0.005, 0.010, 0.008, 0.010
4.480, 0.804, -0.435, 0.000, 1.000, 0.000, 0.000, 0.185, 1.000, 0.005, 0.010, 0.008, 0.009
4.500, 0.763, -0.683, 0.000, 0.449, 0.000, 1.000, 0.000, 0.449, 0.005, 0.010, 0.008, 0.009
4.520, 0.705, -0.824, 0.000, 0.000, 0.000, 1.000, 0.082, 0.000, 0.005, 0.010, 0.009, 0.009
4.540, 0.639, -0.874, 0.000, 0.000, 0.000, 1.000, 0.208, 0.000, 0.005, 0.010, 0.009, 0.009
4.560, 0.571, -0.886, 0.000, 0.000, 0.000, 1.000, 0.107, 0.000, 0.005, 0.010, 0.009, 0.009
4.580, 0.502, -0.885, 0.000, 0.000, 0.000, 1.000, 0.059, 0.000, 0.005, 0.010, 0.009, 0.009
4.600, 0.426, -0.881, 0.000, 0.000, 1.000, 0.000, 0.000, 0.000, 0.005, 0.010, 0.009, 0.009
4.620, 0.336, -0.875, 0.000, 0.000, 1.000, 0.000, 1.000, 0.000, 0.005, 0.011, 0.008, 0.010
4.640, 0.221, -0.866, 0.000, 0.000, 1.000, 0.000, 0.000, 0.000, 0.005, 0.011, 0.008, 0.009
4.660, 0.067, -0.855, 0.000, 0.000, 1.000, 0.000, 0.000, 0.000, 0.005, 0.011, 0.008, 0.009
4.680, -0.144, -0.838, 0.000, 0.000, 1.000, 0.000, 0.000, 0.000, 0.005, 0.011, 0.008, 0.009
4.700, -0.411, -0.812, 0.000, 0.000, 1.000, 0.000, 0.000, 0.000, 0.005, 0.011, 0.008, 0.009
4.720, -0.666, -0.771, 0.000, 0.000, 1.000, 0.000, 1.000, 0.000, 0.005, 0.011, 0.008, 0.009
4.740, -0.817, -0.713, 0.000, 0.000, 1.000, 1.000, 1.000, 0.000, 0.005, 0.011, 0.008, 0.010
4.760, -0.872, -0.646, 0.000, 0.000, 1.000, 0.000, 0.000, 0.000, 0.005, 0.011, 0.008, 0.009
4.780, -0.888, -0.562, 0.000, 1.000, 1.000, 1.000, 0.000, 1.000, 0.005, 0.010, 0.009, 0.009
4.800, -0.886, -0.489, 0.000, 1.000, 0.000, 1.000, 0.000, 1.000, 0.006, 0.011, 0.009, 0.009
4.820, -0.881, -0.397, 0.000, 1.000, 0.000, 1.000, 0.000, 1.000, 0.006, 0.011, 0.009, 0.009
4.840, -0.874, -0.291, 0.000, 1.000, 0.029, 1.000, 1.000, 1.000, 0.006, 0.011, 0.009, 0.009
4.860, -0.863, -0.161, 0.000, 1.000, 0.000, 0.013, 1.000, 1.000, 0.006, 0.011, 0.009, 0.009
4.880, -0.850, 0.018, 1.000, 1.000, 1.000, 1.000, 1.000, 0.000, 0.006, 0.011, 0.009, 0.009
4.900, -0.829, 0.257, 1.000, 0.148, 1.000, 1.000, 0.000, 0.852, 0.006, 0.011, 0.008, 0.009
4.920, -0.803, 0.522, 1.000, 1.000, 0.000, 1.000, 0.000, 0.000, 0.006, 0.011, 0.008, 0.010
4.940, -0.759, 0.733, 1.000, 1.000, 0.000, 1.000, 0.000, 0.000, 0.005, 0.011, 0.008, 0.010
4.960, -0.708, 0.834, 1.000, 1.000, 0.000, 1.000, 0.000, 0.000, 0.005, 0.012, 0.008, 0.010
4.980, -0.659, 0.866, 1.000, 1.000, 0.000, 1.000, 0.000, 0.000, 0.005, 0.012, 0.008, 0.010
5.000, -0.609, 0.876, 1.000, 1.000, 0.000, 1.000, 0.000, 0.000, 0.005, 0.012, 0.008, 0.010
5.020, -0.561, 0.877, 1.000, 1.000, 0.000, 1.000, 0.000, 0.000, 0.005, 0.012, 0.008, 0.011
5.040, -0.518, 0.872, 1.000, 1.000, 0.000, 1.000, 0.000, 0.000, 0.005, 0.012, 0.008, 0.011
5.060, -0.465, 0.872, 1.000, 1.000, 0.000, 1.000, 1.000, 0.000, 0.005, 0.012, 0.008, 0.010
5.080, -0.397, 0.871, 1.000, 1.000, 0.000, 0.000, 1.000, 0.000, 0.005, 0.012, 0.009, 0.010
5.100, -0.319, 0.865, 1.000, 1.000, 0.000, 0.000, 1.000, 0.000, 0.005, 0.012, 0.009, 0.010
5.120, -0.235, 0.852, 1.000, 1.000, 0.000, 0.000, 1.000, 0.000, 0.005, 0.012, 0.009, 0.009
5.140, -0.121, 0.842, 1.000, 1.000, 0.000, 0.075, 0.000, 0.000, 0.005, 0.012, 0.009, 0.010
5.160, 0.031, 0.827, 1.000, 1.000, 0.000, 0.000, 1.000, 0.000, 0.005, 0.012, 0.009, 0.010
5.180, 0.213, 0.799, 1.000, 1.000, 0.000, 0.000, 0.000, 0.000, 0.005, 0.012, 0.010, 0.010
5.200, 0.479, 0.785, 1.000, 0.097, 0.111, 0.000, 0.000, 0.903, 0.005, 0.012, 0.010, 0.010
5.220, 0.712, 0.747, 1.000, 0.007, 0.001, 0.000, 0.000, 0.993, 0.006, 0.012, 0.010, 0.011
5.240, 0.827, 0.669, 1.000, 1.000, 0.000, 0.000, 0.000, 0.000, 0.005, 0.011, 0.010, 0.011
5.260, 0.867, 0.578, 1.000, 1.000, 0.000, 0.000, 0.000, 0.000, 0.005, 0.011, 0.010, 0.011
5.280, 0.878, 0.500, 1.000, 1.000, 0.000, 0.000, 0.000, 0.000, 0.005, 0.011, 0.010, 0.011
5.300, 0.876, 0.397, 1.000, 1.000, 0.000, 0.000, 0.000, 0.000, 0.005, 0.011, 0.010, 0.011
5.320, 0.866, 0.269, 1.000, 1.000, 0.000, 0.261, 0.000, 0.000, 0.005, 0.011, 0.010, 0.011
5.340, 0.857, 0.128, 1.000, 1.000, 0.000, 0.403, 0.000, 0.000, 0.005, 0.011, 0.010, 0.010
5.360, 0.844, -0.061, 0.000, 0.148, 0.000, 0.483, 0.000, 0.148, 0.005, 0.011, 0.010, 0.010
5.380, 0.823, -0.312, 0.000, 0.340, 0.000, 0.139, 0.326, 0.340, 0.005, 0.011, 0.009, 0.010
5.400, 0.787, -0.583, 0.000, 0.242, 0.000, 0.000, 0.000, 0.242, 0.005, 0.011, 0.009, 0.010
5.420, 0.735, -0.776, 0.000, 0.000, 0.000, 1.000, 0.000, 0.000, 0.005, 0.011, 0.010, 0.010
5.440, 0.670, -0.860, 0.000, 0.000, 0.000, 1.000, 0.000, 0.000, 0.005, 0.011, 0.010, 0.010
5.460, 0.603, -0.883, 0.000, 0.054, 0.000, 1.000, 0.000, 0.054, 0.005, 0.011, 0.010, 0.010
5.480, 0.535, -0.887, 0.000, 0.053, 0.000, 0.705, 1.000, 0.053, 0.005, 0.011, 0.010, 0.010
5.500, 0.462, -0.883, 0.000, 0.000, 1.000, 1.000, 0.000, 0.000, 0.005, 0.011, 0.010, 0.010
5.520, 0.380, -0.878, 0.000, 0.000, 1.000, 0.000, 1.000, 0.000, 0.005, 0.012, 0.010, 0.011
5.540, 0.278, -0.871, 0.000, 0.000, 1.000, 0.338, 0.000, 0.000, 0.005, 0.012, 0.010, 0.010
5.560, 0.145, -0.861, 0.000, 0.000, 1.000, 1.000, 0.000, 0.000, 0.005, 0.012, 0.010, 0.010
5.580, -0.038, -0.847, 0.000, 0.000, 1.000, 0.000, 0.000, 0.000, 0.005, 0.012, 0.010, 0.010
5.600, -0.283, -0.826, 0.000, 0.000, 1.000, 0.000, 0.000, 0.000, 0.005, 0.012, 0.010, 0.010
5.620, -0.556, -0.792, 0.000, 0.000, 1.000, 0.000, 0.000, 0.000, 0.005, 0.012, 0.009, 0.010
5.640, -0.762, -0.741, 0.000, 0.000, 1.000, 0.000, 0.000, 0.000, 0.005, 0.012, 0.009, 0.010
5.660, -0.855, -0.678, 0.000, 0.000, 1.000, 1.000, 0.000, 0.000, 0.005, 0.011, 0.010, 0.010
5.680, -0.884, -0.599, 0.000, 1.000, 1.000, 1.000, 0.000, 1.000, 0.005, 0.011, 0.010, 0.010
5.700, -0.886, -0.531, 0.000, 0.000, 0.000, 1.000, 0.000, 0.000, 0.005, 0.012, 0.010, 0.010
5.720, -0.883, -0.458, 0.000, 0.396, 1.000, 1.000, 0.000, 0.396, 0.005, 0.011, 0.011, 0.010
5.740, -0.877, -0.374, 0.000, 0.000, 1.000, 0.000, 1.000, 0.000, 0.005, 0.011, 0.010, 0.010
5.760, -0.870, -0.272, 0.000, 0.000, 1.000, 0.000, 1.000, 0.000, 0.005, 0.011, 0.010, 0.010
5.780, -0.860, -0.136, 0.000, 0.118, 1.000, 0.000, 1.000, 0.118, 0.005, 0.011, 0.011, 0.010
5.800, -0.846, 0.051, 1.000, 0.000, 1.000, 1.000, 0.000, 1.000, 0.006, 0.011, 0.010, 0.010
5.820, -0.828, 0.297, 1.000, 1.000, 1.000, 1.000, 0.000, 0.000, 0.005, 0.011, 0.010, 0.011
5.840, -0.798, 0.561, 1.000, 1.000, 0.000, 1.000, 0.000, 0.000, 0.005, 0.012, 0.010, 0.011
5.860, -0.755, 0.751, 1.000, 1.000, 0.000, 1.000, 0.000, 0.000, 0.005, 0.012, 0.010, 0.011
5.880, -0.699, 0.844, 1.000, 1.000, 0.000, 1.000, 0.000, 0.000, 0.005, 0.012, 0.010, 0.011
5.900, -0.653, 0.868, 1.000, 1.000, 0.000, 1.000, 0.000, 0.000, 0.005, 0.012, 0.010, 0.011
5.920, -0.600, 0.878, 1.000, 1.000, 0.000, 1.000, 0.000, 0.000, 0.005, 0.012, 0.009, 0.011
5.940, -0.554, 0.876, 1.000, 1.000, 0.000, 1.000, 0.000, 0.000, 0.005, 0.013, 0.009, 0.011
5.960, -0.509, 0.873, 1.000, 1.000, 0.000, 0.000, 1.000, 0.000, 0.005, 0.013, 0.010, 0.011
5.980, -0.455, 0.871, 1.000, 1.000, 0.000, 0.000, 1.000, 0.000, 0.005, 0.013, 0.010, 0.011
6.000, -0.385, 0.870, 1.000, 1.000, 0.000, 0.000, 1.000, 0.000, 0.005, 0.013, 0.011, 0.010
6.020, -0.316, 0.860, 1.000, 1.000, 0.000, 0.000, 1.000, 0.000, 0.005, 0.013, 0.011, 0.010
6.040, -0.231, 0.851, 1.000, 1.000, 0.000, 0.000, 0.189, 0.000, 0.005, 0.013, 0.011, 0.011
6.060, -0.127, 0.838, 1.000, 1.000, 0.000, 0.000, 0.000, 0.000, 0.005, 0.013, 0.011, 0.011
6.080, 0.025, 0.827, 1.000, 1.000, 0.000, 0.000, 1.000, 0.000, 0.005, 0.013, 0.011, 0.011
6.100, 0.207, 0.800, 1.000, 1.000, 0.000, 0.000, 0.613, 0.000, 0.005, 0.013, 0.011, 0.011
6.120, 0.473, 0.786, 1.000, 0.217, 0.000, 0.000, 0.000, 0.783, 0.005, 0.012, 0.011, 0.011
6.140, 0.707, 0.748, 1.000, 0.069, 0.000, 0.000, 0.000, 0.931, 0.006, 0.012, 0.011, 0.011
6.160, 0.825, 0.671, 1.000, 1.000, 0.000, 0.000, 0.000, 0.000, 0.005, 0.012, 0.011, 0.011
6.180, 0.868, 0.590, 1.000, 1.000, 0.000, 0.000, 0.000, 0.000, 0.005, 0.012, 0.012, 0.012
6.200, 0.881, 0.523, 1.000, 0.954, 0.000, 0.046, 0.000, 0.046, 0.005, 0.012, 0.012, 0.012
6.220, 0.879, 0.433, 1.000, 1.000, 0.000, 0.000, 0.000, 0.000, 0.005, 0.012, 0.012, 0.012
6.240, 0.873, 0.330, 1.000, 1.000, 0.000, 0.000, 0.000, 0.000, 0.005, 0.012, 0.012, 0.011
6.260, 0.862, 0.197, 1.000, 1.000, 0.000, 0.407, 0.000, 0.000, 0.005, 0.012, 0.011, 0.011
6.280, 0.852, 0.034, 1.000, 0.316, 0.000, 0.359, 0.027, 0.684, 0.005, 0.012, 0.011, 0.011
6.300, 0.834, -0.189, 0.000, 0.139, 0.000, 0.000, 0.000, 0.139, 0.005, 0.012, 0.011, 0.011
6.320, 0.806, -0.461, 0.000, 0.402, 0.000, 0.000, 0.000, 0.402, 0.005, 0.011, 0.011, 0.011
6.340, 0.761, -0.701, 0.000, 0.562, 0.000, 0.000, 0.000, 0.562, 0.005, 0.011, 0.011, 0.010
6.360, 0.701, -0.832, 0.000, 0.000, 0.000, 1.000, 0.000, 0.000, 0.005, 0.011, 0.011, 0.010
6.380, 0.634, -0.877, 0.000, 0.000, 0.000, 1.000, 0.957, 0.000, 0.005, 0.011, 0.011, 0.011
6.400, 0.566, -0.886, 0.000, 0.000, 0.165, 0.000, 1.000, 0.000, 0.005, 0.011, 0.011, 0.011
6.420, 0.497, -0.885, 0.000, 0.000, 1.000, 0.000, 0.000, 0.000, 0.005, 0.012, 0.011, 0.011
6.440, 0.420, -0.881, 0.000, 0.000, 1.000, 0.000, 0.000, 0.000, 0.005, 0.012, 0.011, 0.011
6.460, 0.328, -0.874, 0.000, 0.000, 1.000, 0.000, 0.000, 0.000, 0.005, 0.013, 0.011, 0.011
6.480, 0.212, -0.866, 0.000, 0.000, 1.000, 0.000, 0.000, 0.000, 0.005, 0.013, 0.010, 0.010
6.500, 0.054, -0.854, 0.000, 0.000, 1.000, 1.000, 0.000, 0.000, 0.005, 0.013, 0.011, 0.010
6.520, -0.162, -0.837, 0.000, 0.000, 1.000, 0.000, 0.000, 0.000, 0.005, 0.012, 0.011, 0.010
6.540, -0.431, -0.810, 0.000, 0.000, 1.000, 0.000, 0.000, 0.000, 0.005, 0.012, 0.011, 0.010
6.560, -0.681, -0.767, 0.000, 0.000, 1.000, 0.000, 0.000, 0.000, 0.005, 0.012, 0.011, 0.010
6.580, -0.829, -0.696, 0.000, 1.000, 1.000, 0.628, 0.000, 1.000, 0.005, 0.012, 0.011, 0.010
6.600, -0.876, -0.628, 0.000, 1.000, 0.000, 1.000, 0.102, 1.000, 0.006, 0.012, 0.011, 0.010
6.620, -0.886, -0.560, 0.000, 0.207, 0.000, 1.000, 0.000, 0.207, 0.006, 0.013, 0.012, 0.010
6.640, -0.885, -0.481, 0.000, 1.000, 0.000, 1.000, 0.000, 1.000, 0.006, 0.013, 0.012, 0.010
6.660, -0.881, -0.388, 0.000, 1.000, 0.286, 1.000, 0.000, 1.000, 0.006, 0.013, 0.011, 0.010
6.680, -0.872, -0.286, 0.000, 1.000, 0.000, 1.000, 1.000, 1.000, 0.006, 0.013, 0.011, 0.010
6.700, -0.862, -0.155, 0.000, 0.000, 1.000, 0.000, 1.000, 0.000, 0.006, 0.012, 0.011, 0.010
6.720, -0.848, 0.025, 1.000, 0.000, 1.000, 1.000, 1.000, 1.000, 0.006, 0.012, 0.011, 0.010
6.740, -0.829, 0.266, 1.000, 1.000, 1.000, 1.000, 0.000, 0.000, 0.006, 0.012, 0.011, 0.011
6.760, -0.802, 0.530, 1.000, 1.000, 0.000, 1.000, 0.000, 0.000, 0.006, 0.012, 0.011, 0.011
6.780, -0.759, 0.736, 1.000, 1.000, 0.000, 1.000, 0.000, 0.000, 0.005, 0.013, 0.011, 0.011
6.800, -0.711, 0.832, 1.000, 1.000, 0.000, 1.000, 0.000, 0.000, 0.005, 0.013, 0.011, 0.011
6.820, -0.666, 0.863, 1.000, 1.000, 0.000, 1.000, 0.000, 0.000, 0.005, 0.013, 0.011, 0.012
6.840, -0.614, 0.876, 1.000, 1.000, 0.000, 1.000, 0.000, 0.000, 0.005, 0.013, 0.010, 0.012
6.860, -0.571, 0.875, 1.000, 1.000, 0.000, 1.000, 0.000, 0.000, 0.005, 0.013, 0.010, 0.012
6.880, -0.518, 0.877, 1.000, 1.000, 0.000, 1.000, 1.000, 0.000, 0.005, 0.013, 0.010, 0.011
6.900, -0.472, 0.870, 1.000, 1.000, 0.000, 0.000, 1.000, 0.000, 0.005, 0.014, 0.011, 0.011
6.920, -0.414, 0.868, 1.000, 1.000, 0.000, 0.000, 1.000, 0.000, 0.005, 0.014, 0.011, 0.011
6.940, -0.350, 0.862, 1.000, 1.000, 0.000, 0.000, 1.000, 0.000, 0.005, 0.014, 0.012, 0.011
6.960, -0.259, 0.858, 1.000, 1.000, 0.000, 1.000, 0.000, 0.000, 0.005, 0.014, 0.011, 0.011
6.980, -0.122, 0.855, 1.000, 0.000, 0.000, 1.000, 0.000, 1.000, 0.006, 0.014, 0.011, 0.011
7.000, -0.017, 0.817, 1.000, 1.000, 0.000, 0.000, 0.000, 0.000, 0.005, 0.013, 0.011, 0.012
7.020, 0.145, 0.799, 1.000, 1.000, 0.000, 0.000, 0.000, 0.000, 0.005, 0.013, 0.012, 0.012
7.040, 0.402, 0.792, 1.000, 0.236, 0.000, 0.000, 0.000, 0.764, 0.006, 0.013, 0.012, 0.012
7.060, 0.655, 0.760, 1.000, 0.000, 0.000, 0.000, 0.000, 1.000, 0.006, 0.013, 0.012, 0.012
7.080, 0.800, 0.687, 1.000, 1.000, 0.000, 0.000, 0.000, 0.000, 0.006, 0.012, 0.012, 0.012
7.100, 0.860, 0.608, 1.000, 1.000, 0.000, 0.000, 0.000, 0.000, 0.006, 0.012, 0.012, 0.012
7.120, 0.874, 0.506, 1.000, 1.000, 0.000, 0.240, 0.189, 0.000, 0.005, 0.012, 0.012, 0.012
7.140, 0.878, 0.432, 1.000, 0.699, 0.000, 0.523, 0.157, 0.301, 0.006, 0.012, 0.012, 0.012
7.160, 0.874, 0.345, 1.000, 0.144, 0.000, 0.431, 0.011, 0.856, 0.006, 0.012, 0.012, 0.011
7.180, 0.867, 0.233, 1.000, 0.228, 0.000, 0.584, 0.219, 0.772, 0.006, 0.012, 0.012, 0.011
7.200, 0.856, 0.084, 1.000, 0.180, 0.000, 0.256, 0.067, 0.820, 0.006, 0.012, 0.012, 0.011
7.220, 0.840, -0.122, 0.000, 0.183, 0.000, 0.000, 0.013, 0.183, 0.006, 0.012, 0.011, 0.011
7.240, 0.815, -0.385, 0.000, 0.313, 0.000, 0.000, 1.000, 0.313, 0.006, 0.012, 0.011, 0.012
7.260, 0.775, -0.645, 0.000, 0.363, 0.000, 0.559, 0.142, 0.363, 0.006, 0.012, 0.011, 0.011
7.280, 0.718, -0.808, 0.000, 0.000, 0.000, 1.000, 0.000, 0.000, 0.006, 0.012, 0.012, 0.011
7.300, 0.652, -0.870, 0.000, 0.152, 0.719, 0.000, 0.394, 0.152, 0.006, 0.012, 0.011, 0.011
7.320, 0.585, -0.885, 0.000, 0.000, 1.000, 0.000, 0.036, 0.000, 0.006, 0.013, 0.011, 0.011
7.340, 0.516, -0.886, 0.000, 0.000, 1.000, 0.000, 0.000, 0.000, 0.006, 0.013, 0.011, 0.011
7.360, 0.442, -0.882, 0.000, 0.000, 1.000, 0.000, 0.000, 0.000, 0.006, 0.013, 0.011, 0.011
7.380, 0.355, -0.876, 0.000, 0.000, 1.000, 0.000, 0.000, 0.000, 0.005, 0.013, 0.011, 0.011
7.400, 0.247, -0.868, 0.000, 0.000, 1.000, 0.000, 0.000, 0.000, 0.005, 0.013, 0.011, 0.011
7.420, 0.102, -0.858, 0.000, 0.000, 1.000, 0.000, 0.000, 0.000, 0.005, 0.013, 0.011, 0.011
7.440, -0.097, -0.842, 0.000, 0.000, 1.000, 0.000, 0.000, 0.000, 0.005, 0.012, 0.011, 0.011
7.460, -0.356, -0.818, 0.000, 0.000, 1.000, 0.000, 0.000, 0.000, 0.005, 0.012, 0.011, 0.011
7.480, -0.621, -0.780, 0.000, 0.000, 1.000, 0.000, 0.000, 0.000, 0.005, 0.012, 0.011, 0.011
7.500, -0.801, -0.718, 0.000, 1.000, 0.000, 1.000, 0.010, 1.000, 0.006, 0.013, 0.011, 0.011
7.520, -0.867, -0.653, 0.000, 0.000, 0.000, 1.000, 0.000, 0.000, 0.006, 0.013, 0.012, 0.011
7.540, -0.885, -0.582, 0.000, 1.000, 0.000, 1.000, 0.000, 1.000, 0.006, 0.013, 0.012, 0.011
7.560, -0.886, -0.511, 0.000, 1.000, 1.000, 1.000, 0.000, 1.000, 0.007, 0.013, 0.012, 0.011
7.580, -0.882, -0.436, 0.000, 0.000, 1.000, 0.695, 1.000, 0.000, 0.006, 0.013, 0.012, 0.011
7.600, -0.876, -0.348, 0.000, 0.000, 1.000, 0.000, 1.000, 0.000, 0.006, 0.012, 0.012, 0.011
7.620, -0.868, -0.238, 0.000, 0.000, 1.000, 0.065, 1.000, 0.000, 0.006, 0.012, 0.012, 0.011
7.640, -0.857, -0.089, 0.000, 1.000, 0.480, 1.000, 1.000, 1.000, 0.006, 0.013, 0.012, 0.010
7.660, -0.841, 0.115, 1.000, 0.000, 0.000, 1.000, 1.000, 1.000, 0.007, 0.013, 0.011, 0.010
7.680, -0.816, 0.377, 1.000, 0.000, 1.000, 1.000, 1.000, 1.000, 0.007, 0.013, 0.011, 0.010
7.700, -0.779, 0.636, 1.000, 1.000, 1.000, 1.000, 0.000, 0.000, 0.006, 0.013, 0.011, 0.011
7.720, -0.738, 0.787, 1.000, 1.000, 0.000, 1.000, 0.000, 0.000, 0.006, 0.013, 0.011, 0.011
7.740, -0.688, 0.852, 1.000, 1.000, 0.000, 1.000, 0.000, 0.000, 0.006, 0.013, 0.011, 0.012
7.760, -0.648, 0.866, 1.000, 1.000, 0.000, 1.000, 0.000, 0.000, 0.006, 0.013, 0.011, 0.012
7.780, -0.604, 0.873, 1.000, 1.000, 0.000, 1.000, 0.000, 0.000, 0.006, 0.014, 0.011, 0.012
7.800, -0.560, 0.874, 1.000, 1.000, 0.000, 0.000, 1.000, 0.000, 0.006, 0.014, 0.012, 0.011
7.820, -0.503, 0.877, 1.000, 1.000, 0.000, 0.000, 1.000, 0.000, 0.006, 0.014, 0.012, 0.011
7.840, -0.455, 0.869, 1.000, 1.000, 0.000, 0.000, 1.000, 0.000, 0.006, 0.014, 0.012, 0.011
7.860, -0.386, 0.869, 1.000, 1.000, 0.000, 1.000, 1.000, 0.000, 0.006, 0.014, 0.012, 0.011
7.880, -0.317, 0.860, 1.000, 1.000, 0.000, 1.000, 0.162, 0.000, 0.006, 0.014, 0.011, 0.011
7.900, -0.242, 0.848, 1.000, 1.000, 0.000, 1.000, 0.000, 0.000, 0.006, 0.014, 0.011, 0.012
7.920, -0.142, 0.838, 1.000, 1.000, 0.000, 1.000, 0.000, 0.000, 0.006, 0.014, 0.011, 0.012
7.940, -0.015, 0.823, 1.000, 1.000, 0.000, 0.000, 0.000, 0.000, 0.006, 0.014, 0.012, 0.012
7.960, 0.150, 0.802, 1.000, 1.000, 0.000, 0.000, 0.000, 0.000, 0.006, 0.013, 0.012, 0.012
7.980, 0.408, 0.793, 1.000, 0.273, 0.000, 0.000, 0.000, 0.727, 0.006, 0.013, 0.012, 0.012
8.000, 0.660, 0.760, 1.000, 0.000, 0.000, 0.000, 1.000, 1.000, 0.006, 0.013, 0.012, 0.012
8.020, 0.801, 0.683, 1.000, 1.000, 0.000, 1.000, 0.000, 0.000, 0.006, 0.013, 0.012, 0.012
8.040, 0.858, 0.599, 1.000, 1.000, 0.000, 0.098, 0.000, 0.000, 0.006, 0.013, 0.012, 0.012
8.060, 0.875, 0.508, 1.000, 1.000, 0.000, 0.382, 0.141, 0.000, 0.006, 0.013, 0.012, 0.012
8.080, 0.875, 0.408, 1.000, 1.000, 0.004, 0.369, 0.000, 0.000, 0.006, 0.013, 0.012, 0.012
8.100, 0.871, 0.314, 1.000, 1.000, 0.000, 0.346, 0.000, 0.000, 0.006, 0.013, 0.012, 0.012
8.120, 0.864, 0.193, 1.000, 0.015, 0.000, 0.239, 0.000, 0.985, 0.006, 0.013, 0.012, 0.011
8.140, 0.852, 0.028, 1.000, 0.102, 0.000, 0.116, 0.000, 0.898, 0.007, 0.013, 0.012, 0.011
8.160, 0.834, -0.196, 0.000, 0.471, 0.000, 0.150, 0.154, 0.471, 0.007, 0.013, 0.012, 0.011
8.180, 0.805, -0.468, 0.000, 0.432, 0.000, 0.000, 0.200, 0.432, 0.006, 0.013, 0.012, 0.011
8.200, 0.759, -0.707, 0.000, 0.284, 0.000, 0.000, 1.000, 0.284, 0.006, 0.012, 0.011, 0.012
8.220, 0.699, -0.834, 0.000, 0.000, 0.000, 1.000, 0.000, 0.000, 0.006, 0.012, 0.012, 0.011
8.240, 0.632, -0.877, 0.000, 0.152, 1.000, 0.000, 0.386, 0.152, 0.006, 0.013, 0.012, 0.012
8.260, 0.564, -0.886, 0.000, 0.000, 1.000, 0.000, 0.152, 0.000, 0.006, 0.013, 0.012, 0.011
8.280, 0.494, -0.885, 0.000, 0.000, 1.000, 0.000, 0.000, 0.000, 0.006, 0.014, 0.011, 0.011
8.300, 0.417, -0.880, 0.000, 0.000, 1.000, 0.000, 0.000, 0.000, 0.006, 0.014, 0.011, 0.011
8.320, 0.325, -0.874, 0.000, 0.000, 1.000, 0.000, 0.000, 0.000, 0.006, 0.014, 0.011, 0.011
8.340, 0.208, -0.865, 0.000, 0.000, 1.000, 0.000, 0.000, 0.000, 0.006, 0.013, 0.011, 0.011
8.360, 0.048, -0.854, 0.000, 0.000, 1.000, 0.000, 0.000, 0.000, 0.006, 0.013, 0.011, 0.011
8.380, -0.170, -0.836, 0.000, 0.000, 1.000, 0.000, 0.000, 0.000, 0.006, 0.013, 0.011, 0.011
8.400, -0.440, -0.809, 0.000, 0.000, 1.000, 0.000, 0.000, 0.000, 0.006, 0.013, 0.011, 0.011
8.420, -0.687, -0.765, 0.000, 0.000, 1.000, 0.000, 0.000, 0.000, 0.006, 0.013, 0.011, 0.011
8.440, -0.826, -0.706, 0.000, 0.000, 1.000, 0.000, 0.000, 0.000, 0.006, 0.013, 0.011, 0.011
8.460, -0.878, -0.626, 0.000, 1.000, 1.000, 1.000, 0.000, 1.000, 0.006, 0.013, 0.012, 0.011
8.480, -0.886, -0.557, 0.000, 1.000, 0.000, 1.000, 0.081, 1.000, 0.007, 0.013, 0.012, 0.011
8.500, -0.885, -0.486, 0.000, 0.000, 1.000, 1.000, 1.000, 0.000, 0.006, 0.013, 0.012, 0.011
8.520, -0.880, -0.408, 0.000, 0.000, 1.000, 0.000, 1.000, 0.000, 0.006, 0.013, 0.012, 0.011
8.540, -0.873, -0.314, 0.000, 0.000, 1.000, 0.000, 1.000, 0.000, 0.006, 0.013, 0.013, 0.011
8.560, -0.864, -0.192, 0.000, 0.000, 1.000, 0.000, 1.000, 0.000, 0.006, 0.013, 0.013, 0.011
8.580, -0.852, -0.027, 0.000, 0.000, 1.000, 1.000, 1.000, 0.000, 0.006, 0.012, 0.012, 0.011
8.600, -0.835, 0.198, 1.000, 1.000, 0.000, 1.000, 0.000, 0.000, 0.006, 0.013, 0.012, 0.011
8.620, -0.813, 0.462, 1.000, 1.000, 0.000, 1.000, 0.000, 0.000, 0.006, 0.013, 0.012, 0.012
8.640, -0.775, 0.690, 1.000, 1.000, 0.000, 1.000, 0.000, 0.000, 0.006, 0.014, 0.011, 0.012
8.660, -0.730, 0.811, 1.000, 1.000, 0.000, 1.000, 0.000, 0.000, 0.006, 0.014, 0.011, 0.012
8.680, -0.677, 0.861, 1.000, 1.000, 0.000, 1.000, 0.000, 0.000, 0.006, 0.014, 0.011, 0.012
8.700, -0.634, 0.870, 1.000, 1.000, 0.000, 1.000, 0.000, 0.000, 0.006, 0.014, 0.011, 0.012
8.720, -0.582, 0.878, 1.000, 1.000, 0.000, 1.000, 0.000, 0.000, 0.006, 0.014, 0.011, 0.012
8.740, -0.540, 0.874, 1.000, 1.000, 0.000, 0.000, 1.000, 0.000, 0.006, 0.014, 0.012, 0.012
8.760, -0.499, 0.870, 1.000, 1.000, 0.000, 0.000, 1.000, 0.000, 0.006, 0.014, 0.012, 0.012
8.780, -0.449, 0.868, 1.000, 1.000, 0.000, 0.000, 0.596, 0.000, 0.006, 0.014, 0.012, 0.012
8.800, -0.378, 0.868, 1.000, 1.000, 0.000, 1.000, 0.000, 0.000, 0.006, 0.014, 0.012, 0.012
8.820, -0.303, 0.860, 1.000, 1.000, 0.000, 1.000, 0.000, 0.000, 0.006, 0.014, 0.012, 0.012
8.840, -0.242, 0.841, 1.000, 1.000, 0.000, 0.000, 0.000, 0.000, 0.006, 0.014, 0.012, 0.012
8.860, -0.132, 0.839, 1.000, 1.000, 0.000, 0.141, 0.000, 0.000, 0.006, 0.014, 0.012, 0.013
8.880, -0.004, 0.821, 1.000, 1.000, 0.000, 0.000, 0.000, 0.000, 0.006, 0.014, 0.013, 0.013
8.900, 0.174, 0.803, 1.000, 1.000, 0.000, 0.000, 1.000, 0.000, 0.006, 0.013, 0.013, 0.012
8.920, 0.437, 0.791, 1.000, 0.320, 0.000, 0.000, 0.000, 0.680, 0.006, 0.013, 0.013, 0.012
8.940, 0.660, 0.738, 1.000, 1.000, 0.000, 0.081, 0.180, 0.000, 0.006, 0.013, 0.013, 0.013
8.960, 0.811, 0.689, 1.000, 0.644, 0.000, 0.037, 0.000, 0.356, 0.006, 0.013, 0.013, 0.012
8.980, 0.869, 0.627, 1.000, 0.581, 1.000, 0.575, 0.549, 0.419, 0.006, 0.014, 0.013, 0.012
9.000, 0.883, 0.561, 1.000, 0.579, 0.116, 0.601, 0.146, 0.421, 0.006, 0.013, 0.013, 0.012
9.020, 0.884, 0.491, 1.000, 0.044, 0.000, 0.100, 0.000, 0.956, 0.006, 0.013, 0.013, 0.012
9.040, 0.880, 0.414, 1.000, 0.000, 0.000, 0.357, 0.000, 1.000, 0.007, 0.013, 0.013, 0.012
9.060, 0.873, 0.321, 1.000, 0.000, 0.000, 0.246, 0.000, 1.000, 0.007, 0.013, 0.013, 0.012
9.080, 0.865, 0.202, 1.000, 0.193, 0.000, 0.000, 1.000, 0.807, 0.007, 0.013, 0.012, 0.012
9.100, 0.853, 0.040, 1.000, 0.610, 0.000, 0.000, 0.000, 0.390, 0.007, 0.013, 0.012, 0.012
9.120, 0.835, -0.181, 0.000, 0.333, 0.000, 0.000, 0.000, 0.333, 0.007, 0.013, 0.012, 0.012
9.140, 0.807, -0.452, 0.000, 0.000, 0.000, 1.000, 0.000, 0.000, 0.006, 0.013, 0.012, 0.012
9.160, 0.763, -0.696, 0.000, 0.000, 0.000, 1.000, 0.000, 0.000, 0.006, 0.013, 0.013, 0.011
9.180, 0.703, -0.830, 0.000, 0.000, 0.000, 1.000, 0.220, 0.000, 0.006, 0.013, 0.013, 0.012
9.200, 0.636, -0.876, 0.000, 0.000, 0.000, 1.000, 0.000, 0.000, 0.006, 0.013, 0.013, 0.011
9.220, 0.569, -0.886, 0.000, 0.000, 1.000, 1.000, 0.000, 0.000, 0.006, 0.013, 0.013, 0.011
9.240, 0.499, -0.885, 0.000, 0.000, 1.000, 0.000, 0.000, 0.000, 0.006, 0.014, 0.013, 0.011
9.260, 0.422, -0.881, 0.000, 0.000, 1.000, 0.000, 0.000, 0.000, 0.006, 0.014, 0.012, 0.011
9.280, 0.332, -0.874, 0.000, 0.000, 1.000, 0.000, 0.000, 0.000, 0.006, 0.013, 0.012, 0.011
9.300, 0.097, -0.831, 0.000, 1.000, 0.000, 0.000, 0.000, 1.000, 0.006, 0.014, 0.012, 0.011
9.320, -0.100, -0.830, 0.000, 1.000, 0.000, 0.000, 0.386, 1.000, 0.007, 0.014, 0.012, 0.011
9.340, -0.371, -0.807, 0.000, 1.000, 0.000, 1.000, 0.000, 1.000, 0.007, 0.014, 0.013, 0.011
9.360, -0.632, -0.772, 0.000, 0.000, 0.371, 1.000, 0.000, 0.000, 0.007, 0.014, 0.013, 0.011
9.380, -0.801, -0.718, 0.000, 0.000, 0.133, 1.000, 0.000, 0.000, 0.006, 0.014, 0.013, 0.011
9.400, -0.867, -0.653, 0.000, 0.000, 0.000, 1.000, 0.085, 0.000, 0.006, 0.014, 0.013, 0.012
9.420, -0.885, -0.586, 0.000, 0.266, 0.000, 1.000, 0.082, 0.266, 0.006, 0.014, 0.013, 0.012
9.440, -0.886, -0.514, 0.000, 1.000, 1.000, 1.000, 1.000, 1.000, 0.007, 0.014, 0.013, 0.012
9.460, -0.882, -0.439, 0.000, 0.000, 1.000, 0.000, 1.000, 0.000, 0.007, 0.014, 0.013, 0.011
9.480, -0.876, -0.353, 0.000, 0.000, 1.000, 0.000, 1.000, 0.000, 0.006, 0.013, 0.013, 0.011
9.500, -0.868, -0.243, 0.000, 0.000, 1.000, 0.000, 1.000, 0.000, 0.006, 0.013, 0.013, 0.011
9.520, -0.857, -0.097, 0.000, 0.000, 1.000, 0.000, 1.000, 0.000, 0.006, 0.013, 0.014, 0.011
9.540, -0.842, 0.104, 1.000, 0.597, 1.000, 1.000, 1.000, 0.403, 0.006, 0.013, 0.013, 0.011
9.560, -0.818, 0.364, 1.000, 0.000, 1.000, 1.000, 0.000, 1.000, 0.007, 0.013, 0.013, 0.012
9.580, -0.789, 0.613, 1.000, 1.000, 0.000, 1.000, 0.000, 0.000, 0.007, 0.014, 0.013, 0.012
9.600, -0.746, 0.777, 1.000, 1.000, 0.000, 1.000, 0.000, 0.000, 0.006, 0.014, 0.012, 0.012
9.620, -0.700, 0.845, 1.000, 1.000, 0.000, 1.000, 0.000, 0.000, 0.006, 0.014, 0.012, 0.012
9.640, -0.654, 0.867, 1.000, 1.000, 0.000, 0.000, 1.000, 0.000, 0.006, 0.014, 0.013, 0.012
9.660, -0.600, 0.879, 1.000, 1.000, 0.000, 0.000, 1.000, 0.000, 0.006, 0.014, 0.013, 0.012
9.680, -0.557, 0.875, 1.000, 1.000, 0.000, 0.000, 1.000, 0.000, 0.006, 0.015, 0.013, 0.011
9.700, -0.510, 0.873, 1.000, 1.000, 0.000, 0.000, 1.000, 0.000, 0.006, 0.015, 0.014, 0.011
9.720, -0.459, 0.871, 1.000, 1.000, 0.000, 1.000, 1.000, 0.000, 0.006, 0.015, 0.013, 0.011
9.740, -0.395, 0.868, 1.000, 1.000, 0.000, 1.000, 0.000, 0.000, 0.006, 0.015, 0.013, 0.012
9.760, -0.332, 0.859, 1.000, 1.000, 0.000, 0.000, 0.000, 0.000, 0.006, 0.015, 0.013, 0.012
9.780, -0.262, 0.849, 1.000, 1.000, 0.000, 0.000, 0.000, 0.000, 0.006, 0.015, 0.013, 0.012
9.800, -0.176, 0.838, 1.000, 1.000, 0.000, 0.000, 0.000, 0.000, 0.006, 0.014, 0.014, 0.013
9.820, -0.069, 0.824, 1.000, 1.000, 0.000, 0.000, 0.000, 0.000, 0.006, 0.014, 0.014, 0.013
9.840, 0.109, 0.818, 1.000, 1.000, 0.000, 1.000, 1.000, 0.000, 0.006, 0.014, 0.013, 0.012
9.860, 0.350, 0.800, 1.000, 1.000, 0.000, 0.000, 0.000, 0.000, 0.006, 0.014, 0.014, 0.012
9.880, 0.613, 0.771, 1.000, 0.082, 0.000, 0.000, 0.000, 0.918, 0.006, 0.014, 0.014, 0.013
9.900, 0.774, 0.695, 1.000, 1.000, 0.000, 0.216, 0.000, 0.000, 0.006, 0.014, 0.014, 0.013
9.920, 0.847, 0.608, 1.000, 1.000, 0.000, 0.219, 0.000, 0.000, 0.006, 0.013, 0.014, 0.012
9.940, 0.875, 0.546, 1.000, 0.571, 0.203, 0.570, 0.045, 0.429, 0.006, 0.014, 0.014, 0.012
9.960, 0.878, 0.456, 1.000, 1.000, 0.000, 0.379, 0.141, 0.000, 0.006, 0.013, 0.014, 0.012
9.980, 0.876, 0.372, 1.000, 0.414, 0.000, 0.000, 0.037, 0.586, 0.006, 0.013, 0.013, 0.012
10.000, 0.869, 0.269, 1.000, 0.039, 0.000, 0.000, 0.038, 0.961, 0.007, 0.013, 0.013, 0.012
10.020, 0.860, 0.133, 1.000, 0.000, 0.000, 0.000, 0.000, 1.000, 0.007, 0.013, 0.013, 0.012
10.040, 0.846, -0.055, 0.000, 0.266, 0.000, 0.000, 1.000, 0.266, 0.007, 0.013, 0.013, 0.012
10.060, 0.824, -0.303, 0.000, 0.513, 0.000, 1.000, 0.000, 0.513, 0.007, 0.013, 0.013, 0.012
10.080, 0.788, -0.575, 0.000, 0.767, 0.000, 0.000, 0.000, 0.767, 0.007, 0.013, 0.013, 0.012
10.100, 0.736, -0.772, 0.000, 0.000, 1.000, 0.000, 0.000, 0.000, 0.007, 0.014, 0.013, 0.012
10.120, 0.672, -0.858, 0.000, 0.000, 1.000, 0.000, 0.000, 0.000, 0.007, 0.014, 0.013, 0.011
10.140, 0.605, -0.883, 0.000, 0.000, 1.000, 0.000, 0.000, 0.000, 0.006, 0.014, 0.013, 0.011
10.160, 0.537, -0.887, 0.000, 0.000, 1.000, 0.000, 0.000, 0.000, 0.006, 0.014, 0.013, 0.011
10.180, 0.465, -0.884, 0.000, 0.000, 1.000, 0.000, 0.000, 0.000, 0.006, 0.014, 0.013, 0.011
10.200, 0.383, -0.878, 0.000, 0.000, 1.000, 0.000, 0.000, 0.000, 0.006, 0.014, 0.013, 0.011
10.220, 0.282, -0.871, 0.000, 0.000, 1.000, 0.000, 0.000, 0.000, 0.006, 0.013, 0.013, 0.011
10.240, 0.150, -0.861, 0.000, 0.000, 1.000, 0.000, 0.000, 0.000, 0.006, 0.013, 0.012, 0.011
10.260, -0.031, -0.848, 0.000, 0.000, 1.000, 0.000, 0.000, 0.000, 0.006, 0.013, 0.012, 0.011
10.280, -0.274, -0.827, 0.000, 0.000, 1.000, 1.000, 0.000, 0.000, 0.006, 0.013, 0.013, 0.011
10.300, -0.548, -0.793, 0.000, 0.000, 1.000, 1.000, 0.000, 0.000, 0.006, 0.013, 0.013, 0.011
10.320, -0.757, -0.743, 0.000, 0.000, 1.000, 1.000, 0.000, 0.000, 0.006, 0.013, 0.014, 0.011
10.340, -0.860, -0.660, 0.000, 1.000, 0.000, 1.000, 0.000, 1.000, 0.007, 0.014, 0.014, 0.011
10.360, -0.883, -0.594, 0.000, 0.000, 0.054, 1.000, 0.028, 0.000, 0.006, 0.014, 0.013, 0.012
10.380, -0.886, -0.526, 0.000, 0.000, 0.000, 1.000, 1.000, 0.000, 0.006, 0.014, 0.013, 0.011
10.400, -0.883, -0.453, 0.000, 0.000, 0.000, 0.000, 1.000, 0.000, 0.006, 0.014, 0.013, 0.011
10.420, -0.877, -0.368, 0.000, 0.000, 0.000, 1.000, 1.000, 0.000, 0.006, 0.015, 0.013, 0.011
10.440, -0.869, -0.264, 0.000, 0.000, 0.000, 1.000, 1.000, 0.000, 0.006, 0.015, 0.013, 0.011
10.460, -0.859, -0.125, 0.000, 0.000, 0.000, 1.000, 1.000, 0.000, 0.006, 0.015, 0.013, 0.011
10.480, -0.845, 0.066, 1.000, 0.485, 0.000, 1.000, 1.000, 0.515, 0.006, 0.015, 0.013, 0.011
10.500, -0.823, 0.317, 1.000, 0.000, 0.000, 1.000, 1.000, 1.000, 0.007, 0.015, 0.013, 0.011
10.520, -0.793, 0.580, 1.000, 1.000, 0.000, 1.000, 1.000, 0.000, 0.007, 0.015, 0.013, 0.011
10.540, -0.756, 0.753, 1.000, 1.000, 0.000, 1.000, 1.000, 0.000, 0.006, 0.015, 0.012, 0.011
10.560, -0.708, 0.837, 1.000, 1.000, 0.000, 1.000, 1.000, 0.000, 0.006, 0.015, 0.012, 0.011
10.580, -0.659, 0.867, 1.000, 1.000, 0.000, 1.000, 1.000, 0.000, 0.006, 0.015, 0.012, 0.011
10.600, -0.606, 0.878, 1.000, 1.000, 0.000, 1.000, 0.000, 0.000, 0.006, 0.015, 0.012, 0.011
10.620, -0.571, 0.871, 1.000, 1.000, 0.000, 0.000, 1.000, 0.000, 0.006, 0.015, 0.013, 0.011
10.640, -0.515, 0.877, 1.000, 1.000, 0.000, 0.000, 1.000, 0.000, 0.006, 0.015, 0.013, 0.011
10.660, -0.467, 0.871, 1.000, 1.000, 0.000, 1.000, 1.000, 0.000, 0.006, 0.015, 0.013, 0.011
10.680, -0.405, 0.869, 1.000, 1.000, 0.000, 0.000, 1.000, 0.000, 0.006, 0.015, 0.013, 0.011
10.700, -0.333, 0.863, 1.000, 1.000, 0.000, 1.000, 1.000, 0.000, 0.006, 0.015, 0.013, 0.011
10.720, -0.264, 0.850, 1.000, 1.000, 0.000, 1.000, 0.131, 0.000, 0.006, 0.015, 0.013, 0.011
10.740, -0.181, 0.838, 1.000, 1.000, 0.000, 0.000, 0.000, 0.000, 0.006, 0.014, 0.013, 0.012
10.760, -0.038, 0.835, 1.000, 1.000, 0.000, 1.000, 0.123, 0.000, 0.006, 0.014, 0.013, 0.012
10.780, 0.114, 0.807, 1.000, 1.000, 0.000, 1.000, 1.000, 0.000, 0.006, 0.014, 0.013, 0.011
10.800, 0.338, 0.788, 1.000, 1.000, 0.000, 0.518, 0.000, 0.000, 0.006, 0.014, 0.013, 0.012
10.820, 0.601, 0.765, 1.000, 0.000, 0.000, 1.000, 1.000, 1.000, 0.007, 0.014, 0.013, 0.011
10.840, 0.769, 0.698, 1.000, 1.000, 0.000, 1.000, 0.000, 0.000, 0.006, 0.014, 0.013, 0.012
10.860, 0.840, 0.596, 1.000, 1.000, 0.000, 0.000, 0.000, 0.000, 0.006, 0.014, 0.013, 0.012
10.880, 0.869, 0.520, 1.000, 1.000, 0.000, 0.000, 0.000, 0.000, 0.006, 0.014, 0.013, 0.012
10.900, 0.876, 0.446, 1.000, 1.000, 0.000, 0.269, 0.000, 0.000, 0.006, 0.014, 0.013, 0.012
10.920, 0.874, 0.361, 1.000, 0.000, 0.000, 0.204, 0.438, 1.000, 0.007, 0.014, 0.013, 0.012
10.940, 0.868, 0.255, 1.000, 0.000, 0.000, 1.000, 0.000, 1.000, 0.007, 0.014, 0.013, 0.012
10.960, 0.858, 0.113, 1.000, 0.576, 0.000, 0.132, 0.155, 0.424, 0.007, 0.014, 0.013, 0.012
10.980, 0.843, -0.082, 0.000, 0.329, 0.000, 0.330, 0.000, 0.329, 0.007, 0.014, 0.013, 0.011
11.000, 0.820, -0.337, 0.000, 0.203, 0.000, 1.000, 0.072, 0.203, 0.007, 0.014, 0.013, 0.011
11.020, 0.783, -0.605, 0.000, 0.000, 0.000, 1.000, 0.078, 0.000, 0.006, 0.014, 0.014, 0.011
11.040, 0.729, -0.788, 0.000, 0.000, 0.000, 1.000, 0.259, 0.000, 0.006, 0.014, 0.014, 0.011
11.060, 0.664, -0.864, 0.000, 0.000, 0.000, 1.000, 0.110, 0.000, 0.006, 0.013, 0.014, 0.011
11.080, 0.597, -0.884, 0.000, 0.000, 0.000, 1.000, 0.000, 0.000, 0.006, 0.013, 0.014, 0.011
11.100, 0.528, -0.886, 0.000, 0.000, 0.594, 1.000, 0.000, 0.000, 0.006, 0.014, 0.014, 0.011
11.120, 0.455, -0.883, 0.000, 0.000, 1.000, 0.000, 0.000, 0.000, 0.006, 0.014, 0.014, 0.011
11.140, 0.372, -0.877, 0.000, 0.000, 0.000, 0.000, 1.000, 0.000, 0.006, 0.014, 0.013, 0.012
11.160, 0.268, -0.870, 0.000, 0.000, 1.000, 0.000, 0.000, 0.000, 0.006, 0.014, 0.013, 0.011
11.180, 0.131, -0.860, 0.000, 0.000, 1.000, 0.000, 0.000, 0.000, 0.006, 0.014, 0.013, 0.011
11.200, -0.057, -0.846, 0.000, 0.000, 1.000, 0.000, 0.000, 0.000, 0.006, 0.014, 0.013, 0.011
11.220, -0.307, -0.824, 0.000, 0.000, 1.000, 0.000, 0.725, 0.000, 0.006, 0.014, 0.013, 0.011
11.240, -0.578, -0.788, 0.000, 0.000, 1.000, 0.000, 0.565, 0.000, 0.006, 0.013, 0.013, 0.012
11.260, -0.774, -0.736, 0.000, 0.000, 1.000, 0.000, 0.000, 0.000, 0.006, 0.013, 0.013, 0.011
11.280, -0.859, -0.672, 0.000, 0.000, 1.000, 0.000, 0.000, 0.000, 0.006, 0.013, 0.013, 0.011
11.300, -0.883, -0.604, 0.000, 0.000, 1.000, 0.000, 0.000, 0.000, 0.006, 0.013, 0.013, 0.011
11.320, -0.890, -0.498, 0.000, 1.000, 0.000, 0.000, 1.000, 1.000, 0.006, 0.014, 0.014, 0.012
11.340, -0.882, -0.417, 0.000, 1.000, 0.362, 1.000, 1.000, 1.000, 0.007, 0.014, 0.013, 0.012
11.360, -0.875, -0.318, 0.000, 1.000, 0.000, 1.000, 0.000, 1.000, 0.007, 0.014, 0.013, 0.012
11.380, -0.865, -0.198, 0.000, 0.178, 0.000, 1.000, 0.161, 0.178, 0.007, 0.014, 0.013, 0.012
11.400, -0.853, -0.035, 0.000, 0.000, 0.000, 1.000, 1.000, 0.000, 0.007, 0.015, 0.013, 0.012
11.420, -0.835, 0.188, 1.000, 0.000, 0.000, 1.000, 0.000, 1.000, 0.007, 0.015, 0.013, 0.012
11.440, -0.815, 0.449, 1.000, 1.000, 0.000, 1.000, 0.000, 0.000, 0.007, 0.015, 0.013, 0.012
11.460, -0.780, 0.676, 1.000, 1.000, 0.000, 1.000, 0.000, 0.000, 0.006, 0.015, 0.013, 0.012
11.480, -0.738, 0.802, 1.000, 1.000, 0.000, 1.000, 0.000, 0.000, 0.006, 0.015, 0.012, 0.013
11.500, -0.691, 0.853, 1.000, 1.000, 0.000, 1.000, 0.000, 0.000, 0.006, 0.015, 0.012, 0.013
11.520, -0.645, 0.870, 1.000, 1.000, 0.000, 1.000, 0.000, 0.000, 0.006, 0.015, 0.012, 0.013
11.540, -0.603, 0.873, 1.000, 1.000, 0.000, 1.000, 0.000, 0.000, 0.006, 0.015, 0.012, 0.013
11.560, -0.557, 0.875, 1.000, 1.000, 0.000, 1.000, 0.000, 0.000, 0.006, 0.015, 0.012, 0.013
11.580, -0.520, 0.869, 1.000, 1.000, 0.000, 1.000, 0.000, 0.000, 0.006, 0.015, 0.012, 0.013
11.600, -0.458, 0.875, 1.000, 1.000, 0.000, 1.000, 0.000, 0.000, 0.006, 0.015, 0.012, 0.013
11.620, -0.416, 0.862, 1.000, 1.000, 0.000, 1.000, 0.000, 0.000, 0.006, 0.015, 0.012, 0.013
11.640, -0.370, 0.855, 1.000, 1.000, 0.000, 1.000, 0.000, 0.000, 0.006, 0.016, 0.012, 0.013
11.660, -0.305, 0.852, 1.000, 1.000, 0.000, 1.000, 0.000, 0.000, 0.006, 0.015, 0.012, 0.013
11.680, -0.201, 0.852, 1.000, 1.000, 0.000, 1.000, 0.000, 0.000, 0.006, 0.015, 0.012, 0.013
11.700, -0.042, 0.848, 1.000, 0.000, 0.000, 1.000, 0.000, 1.000, 0.007, 0.014, 0.012, 0.013
11.720, 0.107, 0.812, 1.000, 1.000, 0.000, 1.000, 0.000, 0.000, 0.006, 0.014, 0.012, 0.013
11.740, 0.359, 0.802, 1.000, 0.415, 0.000, 0.203, 0.000, 0.585, 0.007, 0.014, 0.012, 0.014
11.760, 0.621, 0.771, 1.000, 0.000, 0.033, 0.253, 0.000, 1.000, 0.007, 0.014, 0.013, 0.014
11.780, 0.795, 0.719, 1.000, 0.163, 0.179, 0.055, 0.162, 0.837, 0.007, 0.014, 0.013, 0.014
11.800, 0.865, 0.654, 1.000, 0.293, 0.148, 0.000, 0.103, 0.707, 0.007, 0.014, 0.013, 0.013
11.820, 0.884, 0.587, 1.000, 0.410, 0.142, 0.098, 0.086, 0.590, 0.007, 0.014, 0.013, 0.013
11.840, 0.886, 0.517, 1.000, 0.526, 0.299, 0.225, 0.000, 0.474, 0.007, 0.014, 0.013, 0.013
11.860, 0.882, 0.443, 1.000, 0.043, 1.000, 0.546, 0.212, 0.957, 0.007, 0.015, 0.013, 0.013
11.880, 0.876, 0.357, 1.000, 0.000, 0.000, 0.374, 0.032, 1.000, 0.008, 0.014, 0.013, 0.012
11.900, 0.868, 0.249, 1.000, 0.062, 0.000, 0.431, 0.124, 0.938, 0.008, 0.014, 0.013, 0.012
11.920, 0.858, 0.105, 1.000, 0.113, 0.000, 0.000, 0.000, 0.887, 0.008, 0.014, 0.013, 0.012
11.940, 0.843, -0.093, 0.000, 0.491, 0.000, 0.000, 1.000, 0.491, 0.008, 0.014, 0.013, 0.013
11.960, 0.819, -0.351, 0.000, 0.059, 0.000, 0.000, 0.000, 0.059, 0.007, 0.014, 0.012, 0.013
11.980, 0.781, -0.617, 0.000, 0.000, 0.000, 0.000, 0.000, 0.000, 0.007, 0.014, 0.012, 0.012
12.000, 0.726, -0.794, 0.000, 0.000, 1.000, 0.000, 0.000, 0.000, 0.007, 0.014, 0.012, 0.012
12.020, 0.661, -0.866, 0.000, 0.000, 0.000, 0.000, 0.000, 0.000, 0.007, 0.014, 0.012, 0.012
12.040, 0.593, -0.885, 0.000, 0.000, 0.000, 1.000, 0.000, 0.000, 0.007, 0.014, 0.013, 0.012
12.060, 0.525, -0.886, 0.000, 0.000, 0.000, 0.000, 0.326, 0.000, 0.007, 0.014, 0.013, 0.012
12.080, 0.452, -0.883, 0.000, 0.000, 0.049, 1.000, 0.000, 0.000, 0.007, 0.014, 0.013, 0.012
12.100, 0.193, -0.818, 0.000, 1.000, 0.000, 0.000, 0.000, 1.000, 0.007, 0.014, 0.013, 0.012
12.120, 0.041, -0.833, 0.000, 0.000, 0.000, 0.121, 0.413, 0.000, 0.007, 0.015, 0.013, 0.012
12.140, -0.185, -0.824, 0.000, 1.000, 0.000, 0.000, 0.239, 1.000, 0.007, 0.015, 0.012, 0.012
12.160, -0.473, -0.793, 0.000, 1.000, 0.000, 0.000, 0.069, 1.000, 0.008, 0.015, 0.012, 0.012
12.180, -0.718, -0.743, 0.000, 1.000, 0.463, 0.000, 0.000, 1.000, 0.008, 0.015, 0.012, 0.012
12.200, -0.845, -0.667, 0.000, 1.000, 0.380, 0.000, 0.000, 1.000, 0.008, 0.015, 0.012, 0.012
12.220, -0.881, -0.589, 0.000, 1.000, 0.110, 1.000, 0.000, 1.000, 0.008, 0.015, 0.013, 0.012
12.240, -0.885, -0.515, 0.000, 1.000, 0.000, 1.000, 0.105, 1.000, 0.008, 0.015, 0.013, 0.012
12.260, -0.882, -0.439, 0.000, 1.000, 1.000, 1.000, 0.000, 1.000, 0.008, 0.015, 0.013, 0.013
12.280, -0.876, -0.352, 0.000, 0.000, 1.000, 0.000, 0.000, 0.000, 0.008, 0.014, 0.013, 0.013
12.300, -0.868, -0.243, 0.000, 0.000, 1.000, 0.000, 1.000, 0.000, 0.008, 0.014, 0.013, 0.013
12.320, -0.857, -0.096, 0.000, 0.000, 1.000, 0.000, 1.000, 0.000, 0.007, 0.014, 0.013, 0.012
12.340, -0.842, 0.105, 1.000, 0.000, 1.000, 1.000, 0.000, 1.000, 0.008, 0.014, 0.013, 0.013
12.360, -0.817, 0.365, 1.000, 0.000, 1.000, 1.000, 0.000, 1.000, 0.008, 0.014, 0.013, 0.013
12.380, -0.779, 0.629, 1.000, 0.027, 1.000, 1.000, 0.000, 0.973, 0.008, 0.014, 0.012, 0.013
12.400, -0.723, 0.800, 1.000, 0.000, 1.000, 0.478, 1.000, 1.000, 0.009, 0.014, 0.013, 0.013
12.420, -0.692, 0.843, 1.000, 1.000, 0.000, 1.000, 0.000, 0.000, 0.008, 0.014, 0.013, 0.013
12.440, -0.642, 0.870, 1.000, 1.000, 0.000, 1.000, 0.000, 0.000, 0.008, 0.015, 0.012, 0.013
12.460, -0.598, 0.874, 1.000, 1.000, 1.000, 1.000, 0.000, 0.000, 0.008, 0.014, 0.012, 0.013
12.480, -0.543, 0.879, 1.000, 1.000, 1.000, 1.000, 0.000, 0.000, 0.008, 0.014, 0.012, 0.014
12.500, -0.473, 0.882, 1.000, 0.000, 1.000, 1.000, 0.000, 1.000, 0.008, 0.014, 0.012, 0.014
12.520, -0.393, 0.878, 1.000, 0.000, 1.000, 1.000, 0.000, 1.000, 0.008, 0.014, 0.012, 0.014
12.540, -0.295, 0.871, 1.000, 0.000, 1.000, 1.000, 0.000, 1.000, 0.009, 0.014, 0.012, 0.014
12.560, -0.168, 0.862, 1.000, 0.000, 1.000, 1.000, 0.000, 1.000, 0.009, 0.014, 0.012, 0.014
12.580, 0.006, 0.850, 1.000, 0.000, 1.000, 1.000, 0.000, 1.000, 0.009, 0.014, 0.012, 0.014
12.600, 0.242, 0.830, 1.000, 0.000, 1.000, 1.000, 0.000, 1.000, 0.009, 0.014, 0.012, 0.014
12.620, 0.516, 0.798, 1.000, 0.000, 1.000, 1.000, 0.000, 1.000, 0.009, 0.014, 0.012, 0.014
12.640, 0.738, 0.750, 1.000, 0.000, 1.000, 1.000, 0.000, 1.000, 0.009, 0.014, 0.012, 0.014
12.660, 0.846, 0.688, 1.000, 0.000, 0.125, 1.000, 0.000, 1.000, 0.009, 0.014, 0.012, 0.014
12.680, 0.880, 0.620, 1.000, 0.000, 1.000, 1.000, 0.000, 1.000, 0.009, 0.014, 0.012, 0.014
12.700, 0.887, 0.553, 1.000, 0.000, 1.000, 1.000, 0.000, 1.000, 0.009, 0.014, 0.012, 0.014
12.720, 0.885, 0.482, 1.000, 0.000, 1.000, 1.000, 0.000, 1.000, 0.010, 0.014, 0.012, 0.013
12.740, 0.879, 0.403, 1.000, 0.000, 0.040, 1.000, 0.000, 1.000, 0.010, 0.014, 0.012, 0.013
12.760, 0.873, 0.307, 1.000, 0.000, 0.000, 1.000, 0.000, 1.000, 0.010, 0.014, 0.012, 0.013
12.780, 0.864, 0.184, 1.000, 0.000, 0.000, 1.000, 0.000, 1.000, 0.010, 0.015, 0.012, 0.013
12.800, 0.851, 0.016, 1.000, 0.000, 0.000, 1.000, 0.000, 1.000, 0.010, 0.015, 0.012, 0.013
12.820, 0.832, -0.213, 0.000, 0.617, 0.000, 0.136, 0.000, 0.617, 0.010, 0.014, 0.012, 0.013
12.840, 0.802, -0.487, 0.000, 0.020, 0.000, 0.002, 0.000, 0.020, 0.009, 0.014, 0.013, 0.013
12.860, 0.756, -0.719, 0.000, 0.000, 0.000, 0.133, 0.124, 0.000, 0.009, 0.014, 0.013, 0.013
12.880, 0.695, -0.839, 0.000, 0.000, 0.000, 1.000, 0.000, 0.000, 0.009, 0.014, 0.012, 0.013
12.900, 0.628, -0.879, 0.000, 0.000, 0.000, 0.404, 0.000, 0.000, 0.009, 0.014, 0.012, 0.013
12.920, 0.560, -0.887, 0.000, 0.057, 0.000, 0.203, 0.000, 0.057, 0.009, 0.014, 0.012, 0.013
12.940, 0.489, -0.885, 0.000, 0.229, 0.000, 0.385, 1.000, 0.229, 0.009, 0.013, 0.012, 0.013
12.960, 0.411, -0.880, 0.000, 0.000, 0.000, 0.634, 1.000, 0.000, 0.009, 0.013, 0.012, 0.014
12.980, 0.310, -0.871, 0.000, 1.000, 0.000, 0.000, 1.000, 1.000, 0.009, 0.013, 0.012, 0.014
13.000, 0.188, -0.863, 0.000, 0.000, 0.000, 0.000, 1.000, 0.000, 0.009, 0.013, 0.012, 0.014
13.020, 0.022, -0.851, 0.000, 0.000, 1.000, 0.000, 1.000, 0.000, 0.009, 0.014, 0.012, 0.014
13.040, -0.205, -0.833, 0.000, 0.000, 1.000, 0.000, 1.000, 0.000, 0.009, 0.014, 0.012, 0.014
13.060, -0.478, -0.804, 0.000, 0.000, 1.000, 0.000, 1.000, 0.000, 0.009, 0.014, 0.012, 0.014
13.080, -0.714, -0.758, 0.000, 0.000, 0.629, 0.000, 1.000, 0.000, 0.009, 0.014, 0.012, 0.014
13.100, -0.838, -0.694, 0.000, 1.000, 0.000, 0.000, 1.000, 1.000, 0.009, 0.014, 0.012, 0.014
13.120, -0.879, -0.625, 0.000, 1.000, 0.000, 0.000, 1.000, 1.000, 0.009, 0.014, 0.012, 0.014
13.140, -0.887, -0.548, 0.000, 1.000, 0.000, 0.000, 1.000, 1.000, 0.010, 0.014, 0.012, 0.013
13.160, -0.886, -0.456, 0.000, 1.000, 0.000, 0.000, 1.000, 1.000, 0.010, 0.013, 0.011, 0.013
13.180, -0.879, -0.362, 0.000, 1.000, 0.000, 1.000, 1.000, 1.000, 0.010, 0.013, 0.012, 0.013
13.200, -0.873, -0.228, 0.000, 1.000, 0.000, 1.000, 0.000, 1.000, 0.010, 0.013, 0.012, 0.014
13.220, -0.861, -0.063, 0.000, 1.000, 1.000, 0.000, 0.208, 1.000, 0.010, 0.014, 0.012, 0.014
13.240, -0.841, 0.151, 1.000, 0.000, 1.000, 0.000, 0.000, 1.000, 0.010, 0.014, 0.012, 0.014
13.260, -0.814, 0.417, 1.000, 1.000, 1.000, 0.000, 0.000, 0.000, 0.010, 0.013, 0.012, 0.014
13.280, -0.784, 0.652, 1.000, 1.000, 1.000, 0.000, 0.000, 0.000, 0.009, 0.013, 0.012, 0.014
13.300, -0.746, 0.787, 1.000, 1.000, 1.000, 0.000, 0.000, 0.000, 0.009, 0.013, 0.012, 0.015
13.320, -0.706, 0.842, 1.000, 1.000, 1.000, 0.000, 0.000, 0.000, 0.009, 0.013, 0.011, 0.015
13.340, -0.676, 0.854, 1.000, 1.000, 1.000, 1.000, 0.000, 0.000, 0.009, 0.013, 0.011, 0.015
13.360, -0.648, 0.860, 1.000, 1.000, 0.000, 1.000, 0.000, 0.000, 0.009, 0.014, 0.011, 0.015
13.380, -0.586, 0.881, 1.000, 1.000, 0.000, 1.000, 0.000, 0.000, 0.009, 0.014, 0.011, 0.015
13.400, -0.533, 0.879, 1.000, 1.000, 0.000, 1.000, 0.000, 0.000, 0.009, 0.014, 0.011, 0.015
13.420, -0.475, 0.877, 1.000, 1.000, 0.000, 1.000, 0.000, 0.000, 0.009, 0.014, 0.011, 0.015
13.440, -0.415, 0.871, 1.000, 1.000, 0.000, 1.000, 0.000, 0.000, 0.009, 0.015, 0.011, 0.015
13.460, -0.325, 0.870, 1.000, 0.000, 1.000, 1.000, 0.000, 1.000, 0.009, 0.014, 0.011, 0.015
13.480, -0.208, 0.864, 1.000, 0.000, 1.000, 1.000, 0.000, 1.000, 0.010, 0.014, 0.011, 0.015
13.500, -0.049, 0.853, 1.000, 0.000, 1.000, 1.000, 0.000, 1.000, 0.010, 0.014, 0.011, 0.015
13.520, 0.169, 0.836, 1.000, 0.000, 1.000, 1.000, 0.000, 1.000, 0.010, 0.013, 0.011, 0.015
13.540, 0.439, 0.809, 1.000, 0.000, 1.000, 1.000, 0.000, 1.000, 0.010, 0.013, 0.011, 0.015
13.560, 0.686, 0.765, 1.000, 0.000, 1.000, 1.000, 0.000, 1.000, 0.010, 0.013, 0.011, 0.015
13.580, 0.826, 0.706, 1.000, 0.000, 1.000, 1.000, 0.006, 1.000, 0.011, 0.013, 0.011, 0.014
13.600, 0.875, 0.640, 1.000, 0.000, 1.000, 1.000, 0.000, 1.000, 0.011, 0.013, 0.011, 0.014
13.620, 0.886, 0.572, 1.000, 0.000, 1.000, 1.000, 0.000, 1.000, 0.011, 0.013, 0.011, 0.014
13.640, 0.886, 0.502, 1.000, 0.000, 1.000, 1.000, 0.000, 1.000, 0.011, 0.013, 0.011, 0.014
13.660, 0.881, 0.426, 1.000, 0.000, 1.000, 1.000, 0.000, 1.000, 0.011, 0.013, 0.011, 0.014
13.680, 0.875, 0.337, 1.000, 0.000, 0.000, 1.000, 0.000, 1.000, 0.011, 0.014, 0.011, 0.014
13.700, 0.866, 0.222, 1.000, 0.000, 0.000, 1.000, 0.000, 1.000, 0.011, 0.014, 0.011, 0.014
13.720, 0.855, 0.069, 1.000, 0.039, 0.000, 1.000, 0.000, 0.961, 0.011, 0.014, 0.011, 0.014
13.740, 0.838, -0.143, 0.000, 0.384, 0.064, 1.000, 0.000, 0.384, 0.011, 0.013, 0.011, 0.014
13.760, 0.812, -0.409, 0.000, 0.431, 0.021, 0.325, 0.197, 0.431, 0.011, 0.013, 0.011, 0.014
13.780, 0.771, -0.664, 0.000, 0.000, 0.213, 1.000, 0.000, 0.000, 0.010, 0.013, 0.011, 0.014
13.800, 0.713, -0.816, 0.000, 0.000, 0.000, 0.166, 0.000, 0.000, 0.010, 0.013, 0.011, 0.014
13.820, 0.646, -0.872, 0.000, 0.232, 0.000, 0.195, 0.000, 0.232, 0.010, 0.013, 0.012, 0.014
13.840, 0.545, -0.870, 0.000, 1.000, 0.000, 0.585, 0.000, 1.000, 0.011, 0.013, 0.012, 0.014
13.860, 0.477, -0.879, 0.000, 0.000, 0.000, 0.155, 1.000, 0.000, 0.010, 0.013, 0.012, 0.014
13.880, 0.398, -0.877, 0.000, 0.000, 0.000, 0.233, 1.000, 0.000, 0.010, 0.013, 0.012, 0.014
13.900, 0.302, -0.872, 0.000, 0.000, 0.000, 0.072, 1.000, 0.000, 0.010, 0.013, 0.011, 0.015
13.920, 0.177, -0.863, 0.000, 0.000, 0.000, 0.000, 1.000, 0.000, 0.010, 0.013, 0.011, 0.015
13.940, 0.007, -0.850, 0.000, 0.000, 0.000, 0.000, 1.000, 0.000, 0.010, 0.013, 0.011, 0.015
13.960, -0.278, -0.814, 0.000, 1.000, 0.000, 0.000, 1.000, 1.000, 0.010, 0.013, 0.011, 0.014
13.980, -0.586, -0.766, 0.000, 1.000, 0.000, 0.000, 1.000, 1.000, 0.011, 0.013, 0.011, 0.014
14.000, -0.776, -0.720, 0.000, 0.000, 0.000, 0.000, 1.000, 0.000, 0.010, 0.013, 0.011, 0.014
14.020, -0.859, -0.659, 0.000, 0.000, 0.000, 0.000, 1.000, 0.000, 0.010, 0.013, 0.011, 0.014
14.040, -0.882, -0.593, 0.000, 0.000, 0.000, 0.000, 1.000, 0.000, 0.010, 0.013, 0.011, 0.014
14.060, -0.886, -0.519, 0.000, 1.000, 0.000, 0.000, 1.000, 1.000, 0.011, 0.013, 0.011, 0.014
14.080, -0.883, -0.438, 0.000, 1.000, 0.000, 0.000, 1.000, 1.000, 0.011, 0.013, 0.011, 0.014
14.100, -0.876, -0.348, 0.000, 0.996, 0.000, 1.000, 1.000, 0.996, 0.011, 0.012, 0.011, 0.014
14.120, -0.868, -0.238, 0.000, 0.000, 0.000, 0.000, 1.000, 0.000, 0.011, 0.012, 0.011, 0.014
14.140, -0.859, -0.084, 0.000, 1.000, 0.049, 0.000, 1.000, 1.000, 0.011, 0.012, 0.011, 0.013
14.160, -0.848, 0.130, 1.000, 1.000, 0.146, 0.000, 1.000, 0.000, 0.011, 0.013, 0.011, 0.013
14.180, -0.827, 0.386, 1.000, 1.000, 0.084, 0.000, 1.000, 0.000, 0.010, 0.013, 0.011, 0.013
14.200, -0.793, 0.630, 1.000, 1.000, 1.000, 0.000, 1.000, 0.000, 0.010, 0.013, 0.011, 0.013
14.220, -0.747, 0.785, 1.000, 1.000, 1.000, 0.000, 0.000, 0.000, 0.010, 0.013, 0.011, 0.014
14.240, -0.702, 0.845, 1.000, 1.000, 1.000, 0.000, 0.000, 0.000, 0.010, 0.013, 0.011, 0.014
14.260, -0.649, 0.872, 1.000, 1.000, 1.000, 0.000, 0.000, 0.000, 0.010, 0.012, 0.010, 0.015
14.280, -0.619, 0.867, 1.000, 1.000, 1.000, 0.000, 0.000, 0.000, 0.010, 0.012, 0.010, 0.015
14.300, -0.594, 0.864, 1.000, 1.000, 1.000, 0.000, 0.000, 0.000, 0.010, 0.012, 0.010, 0.015
14.320, -0.531, 0.880, 1.000, 0.386, 1.000, 0.000, 0.000, 0.614, 0.010, 0.012, 0.011, 0.015
14.340, -0.463, 0.880, 1.000, 0.918, 1.000, 0.891, 0.000, 0.082, 0.010, 0.012, 0.011, 0.015
14.360, -0.394, 0.873, 1.000, 1.000, 1.000, 1.000, 0.000, 0.000, 0.010, 0.012, 0.011, 0.015
14.380, -0.339, 0.858, 1.000, 1.000, 1.000, 0.000, 0.000, 0.000, 0.010, 0.012, 0.011, 0.015
14.400, -0.246, 0.856, 1.000, 1.000, 1.000, 1.000, 0.000, 0.000, 0.010, 0.012, 0.011, 0.015
14.420, -0.105, 0.853, 1.000, 0.000, 1.000, 1.000, 0.000, 1.000, 0.010, 0.012, 0.011, 0.015
14.440, 0.092, 0.841, 1.000, 0.000, 1.000, 0.000, 0.000, 1.000, 0.011, 0.012, 0.011, 0.015
14.460, 0.349, 0.818, 1.000, 0.000, 1.000, 1.000, 0.000, 1.000, 0.011, 0.012, 0.011, 0.015
14.480, 0.615, 0.781, 1.000, 0.000, 1.000, 1.000, 0.000, 1.000, 0.011, 0.012, 0.011, 0.015
14.500, 0.793, 0.726, 1.000, 0.000, 1.000, 1.000, 0.000, 1.000, 0.011, 0.012, 0.011, 0.015
14.520, 0.865, 0.661, 1.000, 0.000, 1.000, 1.000, 0.000, 1.000, 0.011, 0.012, 0.010, 0.015
14.540, 0.885, 0.594, 1.000, 0.000, 1.000, 1.000, 0.000, 1.000, 0.011, 0.012, 0.010, 0.014
14.560, 0.886, 0.525, 1.000, 0.000, 1.000, 1.000, 0.000, 1.000, 0.012, 0.012, 0.010, 0.014
14.580, 0.883, 0.452, 1.000, 0.000, 1.000, 1.000, 0.000, 1.000, 0.012, 0.012, 0.010, 0.014
14.600, 0.877, 0.368, 1.000, 0.000, 1.000, 1.000, 0.000, 1.000, 0.012, 0.012, 0.010, 0.014
14.620, 0.869, 0.263, 1.000, 0.000, 1.000, 1.000, 0.000, 1.000, 0.012, 0.012, 0.010, 0.014
14.640, 0.859, 0.124, 1.000, 0.000, 1.000, 1.000, 0.000, 1.000, 0.012, 0.012, 0.010, 0.014
14.660, 0.845, -0.067, 0.000, 0.000, 1.000, 1.000, 0.000, 0.000, 0.011, 0.012, 0.010, 0.014
14.680, 0.822, -0.319, 0.000, 0.000, 1.000, 1.000, 0.000, 0.000, 0.011, 0.012, 0.010, 0.014
14.700, 0.786, -0.590, 0.000, 0.000, 1.000, 1.000, 0.000, 0.000, 0.011, 0.012, 0.010, 0.014
14.720, 0.733, -0.780, 0.000, 0.000, 1.000, 1.000, 0.000, 0.000, 0.011, 0.012, 0.010, 0.014
14.740, 0.669, -0.861, 0.000, 0.000, 1.000, 0.894, 0.000, 0.000, 0.011, 0.012, 0.010, 0.014
14.760, 0.601, -0.884, 0.000, 0.000, 1.000, 1.000, 0.000, 0.000, 0.011, 0.012, 0.010, 0.014
14.780, 0.533, -0.887, 0.000, 0.000, 0.000, 1.000, 0.000, 0.000, 0.010, 0.012, 0.010, 0.014
14.800, 0.460, -0.883, 0.000, 0.000, 0.000, 0.935, 0.346, 0.000, 0.010, 0.012, 0.010, 0.014
14.820, 0.378, -0.878, 0.000, 0.000, 0.000, 1.000, 0.000, 0.000, 0.010, 0.013, 0.010, 0.014
14.840, 0.275, -0.870, 0.000, 0.000, 0.000, 1.000, 0.052, 0.000, 0.010, 0.013, 0.010, 0.014
14.860, 0.141, -0.861, 0.000, 0.000, 0.043, 1.000, 0.000, 0.000, 0.010, 0.013, 0.010, 0.014
14.880, -0.044, -0.847, 0.000, 0.000, 0.249, 1.000, 0.000, 0.000, 0.010, 0.013, 0.011, 0.014
14.900, -0.289, -0.825, 0.000, 0.000, 0.451, 0.769, 1.000, 0.000, 0.010, 0.013, 0.011, 0.014
14.920, -0.562, -0.791, 0.000, 0.000, 0.000, 0.492, 1.000, 0.000, 0.010, 0.013, 0.011, 0.014
14.940, -0.765, -0.740, 0.000, 0.000, 0.087, 0.030, 1.000, 0.000, 0.010, 0.013, 0.010, 0.014
14.960, -0.856, -0.676, 0.000, 0.000, 0.000, 0.000, 1.000, 0.000, 0.010, 0.013, 0.010, 0.014
14.980, -0.883, -0.608, 0.000, 0.000, 0.000, 0.000, 1.000, 0.000, 0.010, 0.013, 0.010, 0.013
15.000, -0.887, -0.540, 0.000, 0.000, 0.000, 0.000, 1.000, 0.000, 0.010, 0.012, 0.010, 0.013
15.020, -0.884, -0.469, 0.000, 0.000, 0.000, 0.000, 1.000, 0.000, 0.010, 0.012, 0.010, 0.013
15.040, -0.878, -0.387, 0.000, 0.000, 0.000, 0.000, 1.000, 0.000, 0.010, 0.012, 0.010, 0.013
15.060, -0.871, -0.288, 0.000, 0.000, 0.000, 0.000, 1.000, 0.000, 0.010, 0.012, 0.010, 0.013
15.080, -0.862, -0.158, 0.000, 0.000, 0.000, 0.000, 1.000, 0.000, 0.010, 0.012, 0.010, 0.013
15.100, -0.848, 0.020, 1.000, 0.000, 0.000, 0.000, 1.000, 1.000, 0.011, 0.012, 0.010, 0.013
15.120, -0.828, 0.260, 1.000, 0.000, 0.000, 0.000, 1.000, 1.000, 0.011, 0.012, 0.010, 0.013
15.140, -0.796, 0.534, 1.000, 0.000, 0.000, 0.000, 1.000, 1.000, 0.011, 0.012, 0.010, 0.013
15.160, -0.746, 0.749, 1.000, 0.000, 1.000, 0.000, 1.000, 1.000, 0.011, 0.012, 0.010, 0.013
15.180, -0.683, 0.850, 1.000, 0.000, 0.000, 0.000, 1.000, 1.000, 0.012, 0.012, 0.010, 0.013
15.200, -0.616, 0.881, 1.000, 0.000, 0.000, 0.000, 1.000, 1.000, 0.012, 0.012, 0.010, 0.013
15.220, -0.548, 0.887, 1.000, 0.000, 0.000, 0.000, 1.000, 1.000, 0.012, 0.012, 0.010, 0.013
15.240, -0.477, 0.884, 1.000, 0.000, 0.000, 0.000, 1.000, 1.000, 0.012, 0.012, 0.010, 0.013
15.260, -0.397, 0.879, 1.000, 0.000, 0.000, 0.000, 1.000, 1.000, 0.012, 0.012, 0.010, 0.013
15.280, -0.302, 0.872, 1.000, 0.420, 0.000, 0.000, 1.000, 0.580, 0.012, 0.012, 0.010, 0.013
15.300, -0.178, 0.863, 1.000, 0.267, 0.000, 0.000, 1.000, 0.733, 0.012, 0.012, 0.010, 0.013
15.320, -0.009, 0.850, 1.000, 0.157, 0.000, 0.000, 1.000, 0.843, 0.012, 0.012, 0.010, 0.013
15.340, 0.221, 0.831, 1.000, 0.185, 0.000, 0.000, 1.000, 0.815, 0.012, 0.012, 0.011, 0.013
15.360, 0.494, 0.801, 1.000, 0.045, 0.000, 0.000, 1.000, 0.955, 0.012, 0.012, 0.011, 0.013
15.380, 0.724, 0.754, 1.000, 0.047, 0.000, 0.082, 0.082, 0.953, 0.012, 0.012, 0.011, 0.013
15.400, 0.841, 0.693, 1.000, 0.065, 0.000, 0.140, 0.000, 0.935, 0.012, 0.012, 0.011, 0.014
15.420, 0.879, 0.626, 1.000, 0.000, 1.000, 1.000, 0.000, 1.000, 0.012, 0.011, 0.010, 0.014
15.440, 0.887, 0.558, 1.000, 0.000, 0.000, 1.000, 0.000, 1.000, 0.012, 0.012, 0.010, 0.014
15.460, 0.885, 0.488, 1.000, 0.000, 0.014, 1.000, 0.000, 1.000, 0.012, 0.012, 0.010, 0.014
15.480, 0.880, 0.409, 1.000, 0.000, 0.000, 1.000, 0.000, 1.000, 0.013, 0.013, 0.010, 0.014
15.500, 0.873, 0.316, 1.000, 0.000, 0.000, 1.000, 0.000, 1.000, 0.013, 0.013, 0.010, 0.014
15.520, 0.864, 0.195, 1.000, 0.000, 1.000, 1.000, 0.000, 1.000, 0.013, 0.012, 0.010, 0.014
15.540, 0.852, 0.031, 1.000, 0.000, 1.000, 1.000, 0.000, 1.000, 0.013, 0.012, 0.010, 0.014
15.560, 0.834, -0.193, 0.000, 0.000, 1.000, 1.000, 0.114, 0.000, 0.012, 0.012, 0.010, 0.014
15.580, 0.805, -0.465, 0.000, 0.000, 1.000, 1.000, 0.000, 0.000, 0.012, 0.012, 0.010, 0.014
15.600, 0.760, -0.705, 0.000, 0.000, 1.000, 1.000, 0.000, 0.000, 0.012, 0.012, 0.010, 0.013
15.620, 0.700, -0.834, 0.000, 0.000, 1.000, 1.000, 0.000, 0.000, 0.012, 0.012, 0.010, 0.013
15.640, 0.633, -0.877, 0.000, 0.000, 1.000, 1.000, 0.000, 0.000, 0.011, 0.012, 0.010, 0.013
15.660, 0.565, -0.886, 0.000, 0.000, 1.000, 1.000, 0.000, 0.000, 0.011, 0.012, 0.010, 0.013
15.680, 0.496, -0.885, 0.000, 0.000, 1.000, 1.000, 0.000, 0.000, 0.011, 0.011, 0.010, 0.013
15.700, 0.419, -0.881, 0.000, 0.000, 1.000, 1.000, 0.000, 0.000, 0.011, 0.011, 0.009, 0.013
15.720, 0.327, -0.874, 0.000, 0.000, 0.000, 1.000, 0.000, 0.000, 0.011, 0.012, 0.009, 0.013
15.740, 0.210, -0.866, 0.000, 0.000, 0.028, 1.000, 0.000, 0.000, 0.011, 0.012, 0.009, 0.013
15.760, 0.051, -0.854, 0.000, 0.000, 0.000, 1.000, 0.000, 0.000, 0.011, 0.013, 0.009, 0.013
15.780, -0.166, -0.837, 0.000, 0.000, 0.000, 1.000, 0.000, 0.000, 0.011, 0.013, 0.009, 0.013
15.800, -0.435, -0.809, 0.000, 0.000, 0.000, 1.000, 0.000, 0.000, 0.011, 0.013, 0.009, 0.013
15.820, -0.684, -0.766, 0.000, 0.000, 0.000, 1.000, 0.000, 0.000, 0.011, 0.013, 0.009, 0.013
15.840, -0.825, -0.707, 0.000, 0.000, 0.000, 1.000, 0.000, 0.000, 0.011, 0.013, 0.009, 0.013
15.860, -0.875, -0.640, 0.000, 0.000, 0.000, 1.000, 0.000, 0.000, 0.011, 0.013, 0.009, 0.013
15.880, -0.886, -0.573, 0.000, 0.000, 0.000, 1.000, 0.000, 0.000, 0.011, 0.013, 0.009, 0.013
15.900, -0.886, -0.503, 0.000, 0.000, 0.120, 0.613, 0.348, 0.000, 0.011, 0.013, 0.009, 0.013
15.920, -0.881, -0.427, 0.000, 0.000, 0.214, 0.000, 1.000, 0.000, 0.011, 0.013, 0.010, 0.013
15.940, -0.876, -0.331, 0.000, 1.000, 0.085, 0.000, 1.000, 1.000, 0.011, 0.013, 0.010, 0.014
15.960, -0.871, -0.188, 0.000, 1.000, 0.000, 0.000, 1.000, 1.000, 0.012, 0.012, 0.011, 0.014
15.980, -0.860, -0.003, 0.000, 1.000, 0.000, 0.000, 1.000, 1.000, 0.012, 0.012, 0.011, 0.014
16.000, -0.841, 0.232, 1.000, 1.000, 0.000, 0.000, 1.000, 0.000, 0.012, 0.012, 0.011, 0.014
16.020, -0.805, 0.508, 1.000, 0.000, 0.310, 0.000, 0.707, 1.000, 0.012, 0.012, 0.011, 0.013
16.040, -0.755, 0.734, 1.000, 0.000, 0.000, 0.000, 1.000, 1.000, 0.012, 0.012, 0.011, 0.013
16.060, -0.692, 0.845, 1.000, 0.292, 0.000, 0.000, 1.000, 0.708, 0.012, 0.012, 0.011, 0.013
16.080, -0.626, 0.880, 1.000, 0.321, 0.000, 0.000, 1.000, 0.679, 0.012, 0.012, 0.011, 0.013
16.100, -0.558, 0.887, 1.000, 0.119, 0.022, 0.176, 0.000, 0.881, 0.012, 0.012, 0.011, 0.013
16.120, -0.488, 0.885, 1.000, 0.113, 0.852, 0.066, 1.000, 0.887, 0.012, 0.012, 0.010, 0.013
16.140, -0.410, 0.880, 1.000, 0.000, 0.000, 0.000, 1.000, 1.000, 0.013, 0.012, 0.010, 0.013
16.160, -0.316, 0.873, 1.000, 0.000, 0.000, 0.000, 1.000, 1.000, 0.013, 0.012, 0.010, 0.013
16.180, -0.196, 0.865, 1.000, 0.000, 0.000, 0.000, 1.000, 1.000, 0.013, 0.012, 0.010, 0.013
16.200, -0.032, 0.853, 1.000, 0.000, 0.000, 0.000, 1.000, 1.000, 0.013, 0.012, 0.010, 0.013
16.220, 0.191, 0.834, 1.000, 0.038, 0.000, 0.000, 1.000, 0.962, 0.013, 0.012, 0.010, 0.013
16.240, 0.463, 0.806, 1.000, 0.000, 0.000, 0.000, 1.000, 1.000, 0.013, 0.012, 0.010, 0.013
16.260, 0.703, 0.761, 1.000, 0.000, 0.000, 0.000, 1.000, 1.000, 0.013, 0.012, 0.010, 0.013
16.280, 0.833, 0.701, 1.000, 0.000, 0.000, 0.000, 1.000, 1.000, 0.013, 0.012, 0.010, 0.013
16.300, 0.877, 0.633, 1.000, 0.120, 0.000, 0.000, 1.000, 0.880, 0.013, 0.012, 0.010, 0.012
16.320, 0.886, 0.565, 1.000, 0.176, 0.000, 0.000, 1.000, 0.824, 0.013, 0.012, 0.010, 0.012
16.340, 0.885, 0.495, 1.000, 0.000, 0.000, 0.000, 1.000, 1.000, 0.013, 0.012, 0.010, 0.012
16.360, 0.880, 0.418, 1.000, 0.000, 0.000, 1.000, 1.000, 1.000, 0.013, 0.012, 0.010, 0.012
16.380, 0.874, 0.327, 1.000, 0.000, 1.000, 1.000, 0.531, 1.000, 0.013, 0.011, 0.011, 0.013
16.400, 0.866, 0.209, 1.000, 0.000, 1.000, 1.000, 0.000, 1.000, 0.014, 0.011, 0.011, 0.013
16.420, 0.854, 0.051, 1.000, 0.000, 1.000, 1.000, 0.000, 1.000, 0.014, 0.011, 0.011, 0.013
16.440, 0.837, -0.167, 0.000, 0.000, 1.000, 1.000, 0.058, 0.000, 0.013, 0.011, 0.011, 0.014
16.460, 0.804, -0.431, 0.000, 1.000, 1.000, 0.000, 0.000, 1.000, 0.013, 0.011, 0.011, 0.014
16.480, 0.687, -0.582, 0.000, 1.000, 0.000, 0.000, 0.000, 1.000, 0.014, 0.012, 0.010, 0.014
16.500, 0.549, -0.685, 0.000, 1.000, 0.000, 0.000, 0.000, 1.000, 0.014, 0.012, 0.011, 0.014
16.520, 0.520, -0.805, 0.000, 0.000, 0.148, 0.229, 0.371, 0.000, 0.013, 0.012, 0.011, 0.014
16.540, 0.465, -0.855, 0.000, 0.000, 0.274, 1.000, 0.371, 0.000, 0.013, 0.012, 0.010, 0.014
16.560, 0.390, -0.868, 0.000, 0.000, 0.000, 1.000, 0.000, 0.000, 0.013, 0.013, 0.010, 0.014
16.580, 0.293, -0.868, 0.000, 0.000, 1.000, 1.000, 0.000, 0.000, 0.013, 0.012, 0.010, 0.013
16.600, 0.166, -0.861, 0.000, 0.000, 1.000, 1.000, 0.000, 0.000, 0.012, 0.012, 0.010, 0.013
16.620, -0.008, -0.849, 0.000, 0.000, 1.000, 1.000, 0.000, 0.000, 0.012, 0.012, 0.010, 0.013
16.640, -0.244, -0.829, 0.000, 0.000, 1.000, 1.000, 0.000, 0.000, 0.012, 0.012, 0.010, 0.013
16.660, -0.519, -0.798, 0.000, 0.000, 1.000, 1.000, 0.000, 0.000, 0.012, 0.012, 0.010, 0.013
16.680, -0.740, -0.749, 0.000, 0.000, 0.000, 1.000, 0.000, 0.000, 0.012, 0.012, 0.010, 0.013
16.700, -0.847, -0.687, 0.000, 0.000, 0.000, 1.000, 0.000, 0.000, 0.012, 0.012, 0.010, 0.013
16.720, -0.881, -0.620, 0.000, 0.000, 0.000, 1.000, 0.000, 0.000, 0.012, 0.013, 0.010, 0.013
16.740, -0.887, -0.552, 0.000, 0.000, 0.000, 1.000, 0.000, 0.000, 0.012, 0.013, 0.010, 0.013
16.760, -0.884, -0.481, 0.000, 0.000, 0.000, 1.000, 0.000, 0.000, 0.012, 0.013, 0.010, 0.013
16.780, -0.879, -0.402, 0.000, 0.000, 0.000, 1.000, 0.000, 0.000, 0.012, 0.013, 0.010, 0.012
16.800, -0.873, -0.300, 0.000, 1.000, 0.036, 0.000, 0.000, 1.000, 0.013, 0.013, 0.010, 0.012
16.820, -0.865, -0.167, 0.000, 1.000, 0.063, 0.000, 0.000, 1.000, 0.013, 0.013, 0.011, 0.012
16.840, -0.850, 0.009, 1.000, 0.000, 0.072, 0.000, 0.000, 1.000, 0.013, 0.013, 0.011, 0.012
16.860, -0.830, 0.246, 1.000, 0.000, 0.381, 0.000, 0.000, 1.000, 0.013, 0.013, 0.011, 0.012
16.880, -0.798, 0.520, 1.000, 0.000, 0.000, 0.000, 0.000, 1.000, 0.014, 0.013, 0.011, 0.012
16.900, -0.749, 0.740, 1.000, 0.003, 0.019, 0.000, 0.000, 0.997, 0.014, 0.012, 0.011, 0.012
16.920, -0.687, 0.847, 1.000, 0.000, 0.000, 0.038, 0.000, 1.000, 0.014, 0.012, 0.011, 0.012
16.940, -0.620, 0.881, 1.000, 0.000, 0.000, 0.000, 0.000, 1.000, 0.014, 0.012, 0.011, 0.012
16.960, -0.552, 0.887, 1.000, 0.000, 0.090, 0.146, 0.000, 1.000, 0.014, 0.012, 0.011, 0.012
16.980, -0.481, 0.884, 1.000, 0.000, 0.038, 0.106, 0.000, 1.000, 0.014, 0.012, 0.011, 0.012
17.000, -0.402, 0.879, 1.000, 0.000, 0.047, 0.104, 0.000, 1.000, 0.014, 0.012, 0.012, 0.012
17.020, -0.306, 0.873, 1.000, 0.000, 0.002, 0.129, 0.000, 1.000, 0.014, 0.012, 0.012, 0.013
17.040, -0.182, 0.864, 1.000, 0.000, 0.000, 0.097, 0.000, 1.000, 0.014, 0.012, 0.012, 0.013
17.060, -0.013, 0.851, 1.000, 0.000, 0.000, 0.049, 0.477, 1.000, 0.014, 0.012, 0.012, 0.013
17.080, 0.217, 0.832, 1.000, 0.000, 0.000, 0.125, 1.000, 1.000, 0.014, 0.012, 0.012, 0.013
17.100, 0.490, 0.802, 1.000, 0.000, 0.000, 0.087, 1.000, 1.000, 0.014, 0.012, 0.012, 0.012
17.120, 0.722, 0.755, 1.000, 0.000, 0.000, 0.089, 1.000, 1.000, 0.014, 0.012, 0.011, 0.012
17.140, 0.840, 0.694, 1.000, 0.000, 0.000, 0.101, 1.000, 1.000, 0.014, 0.012, 0.011, 0.012
17.160, 0.879, 0.627, 1.000, 0.019, 0.000, 0.000, 1.000, 0.981, 0.014, 0.012, 0.011, 0.012
17.180, 0.887, 0.559, 1.000, 0.078, 0.000, 0.000, 1.000, 0.922, 0.015, 0.012, 0.011, 0.012
17.200, 0.885, 0.488, 1.000, 0.172, 0.000, 0.000, 1.000, 0.828, 0.014, 0.012, 0.011, 0.012
17.220, 0.880, 0.409, 1.000, 0.175, 0.000, 0.000, 1.000, 0.825, 0.014, 0.012, 0.011, 0.012
17.240, 0.873, 0.315, 1.000, 0.113, 0.000, 0.000, 1.000, 0.887, 0.015, 0.011, 0.011, 0.012
17.260, 0.864, 0.194, 1.000, 0.000, 0.000, 0.000, 1.000, 1.000, 0.015, 0.011, 0.011, 0.012
17.280, 0.852, 0.030, 1.000, 0.000, 0.000, 0.000, 1.000, 1.000, 0.015, 0.011, 0.010, 0.012
17.300, 0.834, -0.194, 0.000, 0.000, 0.000, 1.000, 1.000, 0.000, 0.014, 0.011, 0.011, 0.012
17.320, 0.805, -0.466, 0.000, 0.000, 0.000, 1.000, 0.000, 0.000, 0.014, 0.012, 0.011, 0.012
17.340, 0.759, -0.704, 0.000, 0.722, 0.097, 1.000, 0.000, 0.722, 0.014, 0.012, 0.012, 0.013
17.360, 0.699, -0.833, 0.000, 0.000, 1.000, 0.000, 0.000, 0.000, 0.014, 0.012, 0.011, 0.013
17.380, 0.628, -0.875, 0.000, 1.000, 0.000, 0.000, 0.000, 1.000, 0.014, 0.012, 0.011, 0.013
17.400, 0.561, -0.885, 0.000, 0.000, 0.241, 0.000, 0.558, 0.000, 0.014, 0.012, 0.011, 0.013
17.420, 0.486, -0.883, 0.000, 1.000, 0.193, 0.000, 0.308, 1.000, 0.014, 0.013, 0.011, 0.013
17.440, 0.408, -0.879, 0.000, 0.000, 1.000, 0.000, 0.000, 0.000, 0.014, 0.012, 0.011, 0.013
17.460, 0.314, -0.873, 0.000, 0.000, 1.000, 0.000, 0.000, 0.000, 0.014, 0.012, 0.011, 0.013
17.480, 0.192, -0.864, 0.000, 0.000, 1.000, 0.000, 0.000, 0.000, 0.014, 0.012, 0.011, 0.014
17.500, 0.027, -0.852, 0.000, 0.000, 1.000, 0.000, 0.000, 0.000, 0.014, 0.012, 0.010, 0.014
17.520, -0.198, -0.834, 0.000, 0.115, 1.000, 0.000, 0.000, 0.115, 0.014, 0.012, 0.010, 0.014
17.540, -0.471, -0.805, 0.000, 0.000, 1.000, 0.000, 0.000, 0.000, 0.013, 0.011, 0.011, 0.014
17.560, -0.709, -0.759, 0.000, 0.000, 1.000, 0.000, 0.000, 0.000, 0.013, 0.011, 0.011, 0.014
17.580, -0.835, -0.699, 0.000, 0.000, 1.000, 1.000, 0.000, 0.000, 0.013, 0.011, 0.011, 0.014
17.600, -0.877, -0.632, 0.000, 0.000, 1.000, 1.000, 0.000, 0.000, 0.013, 0.011, 0.011, 0.014
17.620, -0.887, -0.564, 0.000, 0.000, 1.000, 1.000, 0.000, 0.000, 0.013, 0.011, 0.011, 0.013
17.640, -0.885, -0.494, 0.000, 0.000, 1.000, 1.000, 0.000, 0.000, 0.013, 0.011, 0.011, 0.013
17.660, -0.880, -0.417, 0.000, 0.000, 1.000, 1.000, 0.000, 0.000, 0.013, 0.011, 0.010, 0.013
17.680, -0.874, -0.325, 0.000, 0.000, 1.000, 1.000, 0.000, 0.000, 0.013, 0.011, 0.010, 0.013
17.700, -0.865, -0.207, 0.000, 0.000, 1.000, 1.000, 0.000, 0.000, 0.013, 0.011, 0.010, 0.013
17.720, -0.854, -0.048, 0.000, 0.000, 1.000, 1.000, 0.000, 0.000, 0.013, 0.011, 0.010, 0.013
17.740, -0.836, 0.171, 1.000, 0.000, 1.000, 1.000, 0.000, 1.000, 0.014, 0.011, 0.010, 0.013
17.760, -0.809, 0.441, 1.000, 0.000, 1.000, 1.000, 0.000, 1.000, 0.014, 0.011, 0.010, 0.012
17.780, -0.765, 0.688, 1.000, 0.000, 1.000, 1.000, 0.000, 1.000, 0.014, 0.011, 0.010, 0.012
17.800, -0.706, 0.826, 1.000, 0.000, 1.000, 1.000, 0.000, 1.000, 0.014, 0.011, 0.010, 0.012
17.820, -0.639, 0.875, 1.000, 0.000, 1.000, 1.000, 0.000, 1.000, 0.015, 0.011, 0.010, 0.012
17.840, -0.571, 0.886, 1.000, 0.000, 1.000, 1.000, 0.000, 1.000, 0.015, 0.011, 0.010, 0.012
17.860, -0.549, 0.867, 1.000, 1.000, 1.000, 0.000, 0.000, 0.000, 0.014, 0.011, 0.011, 0.012
17.880, -0.498, 0.872, 1.000, 1.000, 0.000, 0.125, 0.000, 0.000, 0.014, 0.012, 0.011, 0.012
17.900, -0.487, 0.854, 1.000, 1.000, 0.000, 0.000, 1.000, 0.000, 0.014, 0.012, 0.011, 0.013
17.920, -0.495, 0.840, 1.000, 1.000, 0.000, 0.000, 0.000, 0.000, 0.013, 0.012, 0.011, 0.013
17.940, -0.505, 0.836, 1.000, 1.000, 0.000, 0.000, 0.000, 0.000, 0.013, 0.012, 0.012, 0.012
17.960, -0.524, 0.831, 1.000, 1.000, 0.000, 0.000, 0.000, 0.000, 0.013, 0.012, 0.012, 0.012
17.980, -0.498, 0.851, 1.000, 1.000, 0.000, 0.000, 0.000, 0.000, 0.013, 0.013, 0.012, 0.012
18.000, -0.545, 0.821, 1.000, 1.000, 0.000, 0.000, 0.000, 0.000, 0.013, 0.013, 0.012, 0.012
18.020, -0.553, 0.834, 1.000, 1.000, 0.000, 0.000, 0.000, 0.000, 0.013, 0.013, 0.012, 0.012
18.040, -0.569, 0.834, 1.000, 1.000, 0.000, 0.000, 0.000, 0.000, 0.013, 0.013, 0.012, 0.012
18.060, -0.560, 0.847, 1.000, 1.000, 0.000, 0.000, 0.000, 0.000, 0.013, 0.013, 0.012, 0.013
18.080, -0.603, 0.822, 1.000, 1.000, 0.000, 0.000, 0.000, 0.000, 0.013, 0.013, 0.011, 0.013
18.100, -0.602, 0.840, 1.000, 1.000, 0.000, 0.000, 0.000, 0.000, 0.013, 0.012, 0.011, 0.013
18.120, -0.607, 0.842, 1.000, 1.000, 0.000, 0.000, 0.876, 0.000, 0.013, 0.012, 0.011, 0.013
18.140, -0.616, 0.839, 1.000, 1.000, 0.000, 0.000, 0.808, 0.000, 0.013, 0.012, 0.011, 0.013
18.160, -0.609, 0.848, 1.000, 1.000, 0.096, 0.000, 1.000, 0.000, 0.013, 0.012, 0.011, 0.012
18.180, -0.632, 0.832, 1.000, 1.000, 0.000, 0.000, 1.000, 0.000, 0.013, 0.012, 0.011, 0.012
18.200, -0.593, 0.863, 1.000, 1.000, 0.196, 0.000, 1.000, 0.000, 0.013, 0.012, 0.011, 0.012
18.220, -0.631, 0.828, 1.000, 1.000, 0.000, 0.000, 0.000, 0.000, 0.013, 0.012, 0.011, 0.013
18.240, -0.624, 0.844, 1.000, 1.000, 0.000, 0.000, 0.363, 0.000, 0.013, 0.012, 0.011, 0.013
18.260, -0.609, 0.853, 1.000, 1.000, 0.000, 0.000, 0.423, 0.000, 0.013, 0.011, 0.011, 0.013
18.280, -0.556, 0.874, 1.000, 1.000, 0.000, 0.000, 1.000, 0.000, 0.013, 0.011, 0.010, 0.013
18.300, -0.567, 0.847, 1.000, 1.000, 0.000, 0.000, 1.000, 0.000, 0.013, 0.011, 0.010, 0.012
18.320, -0.577, 0.841, 1.000, 1.000, 0.000, 0.000, 1.000, 0.000, 0.013, 0.011, 0.010, 0.012
18.340, -0.535, 0.864, 1.000, 1.000, 0.000, 0.000, 1.000, 0.000, 0.013, 0.011, 0.010, 0.012
18.360, -0.468, 0.876, 1.000, 0.000, 0.000, 0.000, 1.000, 1.000, 0.013, 0.011, 0.010, 0.012
18.380, -0.388, 0.876, 1.000, 0.000, 0.000, 0.000, 1.000, 1.000, 0.013, 0.011, 0.010, 0.012
18.400, -0.289, 0.870, 1.000, 0.000, 0.000, 0.000, 0.058, 1.000, 0.014, 0.011, 0.010, 0.013
18.420, -0.160, 0.862, 1.000, 0.000, 0.000, 1.000, 0.351, 1.000, 0.014, 0.011, 0.011, 0.013
18.440, 0.017, 0.849, 1.000, 0.000, 0.000, 1.000, 0.357, 1.000, 0.014, 0.011, 0.011, 0.013
18.460, 0.256, 0.828, 1.000, 0.000, 1.000, 1.000, 0.247, 1.000, 0.014, 0.012, 0.011, 0.013
18.480, 0.530, 0.796, 1.000, 0.000, 1.000, 1.000, 0.000, 1.000, 0.014, 0.012, 0.012, 0.013
18.500, 0.746, 0.747, 1.000, 0.000, 1.000, 1.000, 0.000, 1.000, 0.014, 0.012, 0.011, 0.013
18.520, 0.849, 0.684, 1.000, 0.000, 1.000, 1.000, 0.000, 1.000, 0.014, 0.012, 0.011, 0.014
18.540, 0.881, 0.617, 1.000, 0.000, 0.000, 1.000, 0.000, 1.000, 0.014, 0.012, 0.011, 0.014
18.560, 0.887, 0.549, 1.000, 0.000, 0.359, 1.000, 0.000, 1.000, 0.014, 0.012, 0.011, 0.014
18.580, 0.884, 0.478, 1.000, 0.000, 0.000, 1.000, 0.000, 1.000, 0.015, 0.012, 0.011, 0.013
18.600, 0.879, 0.398, 1.000, 0.000, 1.000, 1.000, 0.000, 1.000, 0.015, 0.012, 0.010, 0.013
18.620, 0.872, 0.302, 1.000, 0.000, 1.000, 1.000, 0.000, 1.000, 0.015, 0.012, 0.010, 0.013
18.640, 0.863, 0.176, 1.000, 0.000, 1.000, 1.000, 0.000, 1.000, 0.015, 0.012, 0.010, 0.013
18.660, 0.850, 0.005, 1.000, 0.000, 1.000, 0.000, 0.000, 1.000, 0.015, 0.011, 0.011, 0.012
18.680, 0.831, -0.227, 0.000, 0.000, 1.000, 1.000, 0.000, 0.000, 0.014, 0.011, 0.011, 0.012
18.700, 0.801, -0.501, 0.000, 0.000, 1.000, 1.000, 0.000, 0.000, 0.014, 0.011, 0.011, 0.012
18.720, 0.753, -0.728, 0.000, 0.000, 1.000, 1.000, 0.000, 0.000, 0.014, 0.011, 0.010, 0.012
18.740, 0.691, -0.843, 0.000, 0.000, 1.000, 1.000, 0.041, 0.000, 0.014, 0.011, 0.010, 0.012
18.760, 0.624, -0.879, 0.000, 0.000, 1.000, 1.000, 0.000, 0.000, 0.013, 0.011, 0.010, 0.012
18.780, 0.556, -0.887, 0.000, 0.000, 1.000, 1.000, 0.000, 0.000, 0.013, 0.011, 0.010, 0.012
18.800, 0.486, -0.885, 0.000, 0.000, 1.000, 1.000, 0.000, 0.000, 0.013, 0.011, 0.010, 0.012
18.820, 0.408, -0.880, 0.000, 0.000, 1.000, 1.000, 0.000, 0.000, 0.013, 0.011, 0.010, 0.012
18.840, 0.313, -0.873, 0.000, 0.000, 1.000, 1.000, 0.000, 0.000, 0.013, 0.011, 0.010, 0.012
18.860, 0.192, -0.864, 0.000, 0.000, 1.000, 1.000, 0.000, 0.000, 0.013, 0.011, 0.010, 0.012
18.880, 0.027, -0.852, 0.000, 0.000, 1.000, 1.000, 0.000, 0.000, 0.013, 0.011, 0.010, 0.012
18.900, -0.199, -0.834, 0.000, 0.000, 1.000, 1.000, 0.000, 0.000, 0.013, 0.011, 0.010, 0.012
18.920, -0.471, -0.805, 0.000, 0.000, 0.424, 1.000, 0.000, 0.000, 0.013, 0.011, 0.010, 0.012
18.940, -0.709, -0.759, 0.000, 0.000, 0.000, 1.000, 0.037, 0.000, 0.013, 0.012, 0.010, 0.012
18.960, -0.835, -0.699, 0.000, 0.000, 0.000, 1.000, 0.000, 0.000, 0.013, 0.012, 0.010, 0.012
18.980, -0.878, -0.632, 0.000, 0.000, 0.175, 0.249, 0.378, 0.000, 0.013, 0.012, 0.010, 0.012
19.000, -0.887, -0.564, 0.000, 0.000, 0.389, 0.085, 0.433, 0.000, 0.013, 0.012, 0.011, 0.012
19.020, -0.885, -0.494, 0.000, 0.000, 0.000, 0.000, 1.000, 0.000, 0.013, 0.012, 0.011, 0.012
19.040, -0.880, -0.417, 0.000, 0.000, 0.164, 0.000, 1.000, 0.000, 0.013, 0.012, 0.011, 0.012
19.060, -0.874, -0.325, 0.000, 0.000, 0.000, 0.000, 1.000, 0.000, 0.013, 0.013, 0.011, 0.012
19.080, -0.865, -0.207, 0.000, 0.000, 0.000, 0.000, 1.000, 0.000, 0.013, 0.013, 0.012, 0.012
19.100, -0.854, -0.047, 0.000, 0.000, 0.000, 0.000, 1.000, 0.000, 0.013, 0.012, 0.012, 0.012
19.120, -0.836, 0.171, 1.000, 0.000, 0.000, 0.000, 1.000, 1.000, 0.013, 0.012, 0.012, 0.012
19.140, -0.809, 0.441, 1.000, 0.000, 0.000, 0.000, 1.000, 1.000, 0.014, 0.012, 0.012, 0.012
19.160, -0.765, 0.688, 1.000, 0.000, 0.000, 0.000, 1.000, 1.000, 0.014, 0.011, 0.012, 0.012
19.180, -0.706, 0.827, 1.000, 0.000, 0.000, 0.000, 1.000, 1.000, 0.014, 0.011, 0.011, 0.012
19.200, -0.639, 0.875, 1.000, 0.000, 0.000, 0.000, 1.000, 1.000, 0.014, 0.011, 0.011, 0.012
19.220, -0.571, 0.886, 1.000, 0.000, 0.000, 0.000, 1.000, 1.000, 0.014, 0.011, 0.011, 0.012
19.240, -0.502, 0.886, 1.000, 0.000, 0.073, 0.000, 1.000, 1.000, 0.014, 0.011, 0.011, 0.011
19.260, -0.439, 0.877, 1.000, 1.000, 0.000, 0.000, 1.000, 0.000, 0.014, 0.011, 0.011, 0.011
19.280, -0.394, 0.861, 1.000, 1.000, 1.000, 0.000, 1.000, 0.000, 0.014, 0.012, 0.011, 0.011
19.300, -0.301, 0.866, 1.000, 0.000, 0.000, 0.000, 1.000, 1.000, 0.014, 0.012, 0.011, 0.011
19.320, -0.177, 0.861, 1.000, 0.000, 0.000, 0.000, 1.000, 1.000, 0.014, 0.011, 0.010, 0.011
19.340, -0.007, 0.850, 1.000, 0.000, 0.000, 0.000, 1.000, 1.000, 0.014, 0.011, 0.010, 0.011
19.360, 0.224, 0.831, 1.000, 0.116, 0.000, 0.000, 1.000, 0.884, 0.014, 0.011, 0.010, 0.011
19.380, 0.497, 0.801, 1.000, 0.000, 0.000, 0.000, 1.000, 1.000, 0.015, 0.011, 0.010, 0.011
19.400, 0.726, 0.754, 1.000, 0.000, 0.000, 0.000, 1.000, 1.000, 0.015, 0.011, 0.010, 0.011
19.420, 0.842, 0.692, 1.000, 0.000, 0.000, 0.000, 1.000, 1.000, 0.015, 0.011, 0.010, 0.011
19.440, 0.879, 0.625, 1.000, 0.000, 0.000, 0.000, 1.000, 1.000, 0.015, 0.011, 0.010, 0.011
19.460, 0.887, 0.557, 1.000, 0.193, 0.000, 0.036, 0.133, 0.807, 0.015, 0.011, 0.010, 0.012
19.480, 0.885, 0.485, 1.000, 0.292, 0.000, 0.088, 0.061, 0.708, 0.015, 0.011, 0.010, 0.012
19.500, 0.880, 0.407, 1.000, 0.000, 0.000, 1.000, 1.000, 1.000, 0.015, 0.011, 0.011, 0.012
19.520, 0.873, 0.312, 1.000, 0.000, 1.000, 1.000, 0.000, 1.000, 0.015, 0.012, 0.011, 0.012
19.540, 0.864, 0.190, 1.000, 0.000, 1.000, 1.000, 0.124, 1.000, 0.015, 0.011, 0.011, 0.012
19.560, 0.852, 0.024, 1.000, 0.000, 1.000, 1.000, 0.317, 1.000, 0.015, 0.011, 0.012, 0.012
19.580, 0.834, -0.201, 0.000, 0.000, 1.000, 0.000, 0.139, 0.000, 0.015, 0.011, 0.011, 0.012
19.600, 0.804, -0.474, 0.000, 0.000, 1.000, 1.000, 0.000, 0.000, 0.014, 0.011, 0.011, 0.013
19.620, 0.759, -0.711, 0.000, 0.000, 1.000, 1.000, 0.000, 0.000, 0.014, 0.011, 0.011, 0.013
19.640, 0.698, -0.836, 0.000, 0.000, 1.000, 1.000, 0.000, 0.000, 0.014, 0.011, 0.011, 0.012
19.660, 0.631, -0.878, 0.000, 0.000, 0.000, 1.000, 0.000, 0.000, 0.014, 0.011, 0.010, 0.012
19.680, 0.563, -0.887, 0.000, 0.000, 1.000, 1.000, 0.000, 0.000, 0.014, 0.011, 0.010, 0.012
19.700, 0.493, -0.885, 0.000, 0.000, 1.000, 1.000, 0.000, 0.000, 0.014, 0.011, 0.010, 0.012
19.720, 0.416, -0.880, 0.000, 0.000, 1.000, 1.000, 0.000, 0.000, 0.014, 0.011, 0.010, 0.012
19.740, 0.324, -0.874, 0.000, 0.000, 1.000, 1.000, 0.000, 0.000, 0.014, 0.011, 0.010, 0.011
19.760, 0.205, -0.865, 0.000, 0.000, 1.000, 1.000, 0.000, 0.000, 0.014, 0.011, 0.010, 0.011
19.780, 0.045, -0.853, 0.000, 0.000, 1.000, 1.000, 0.000, 0.000, 0.014, 0.011, 0.010, 0.011
19.800, -0.174, -0.836, 0.000, 0.000, 1.000, 1.000, 0.000, 0.000, 0.013, 0.011, 0.010, 0.011
19.820, -0.444, -0.808, 0.000, 0.000, 1.000, 1.000, 0.000, 0.000, 0.013, 0.011, 0.010, 0.011
19.840, -0.690, -0.765, 0.000, 0.000, 0.000, 1.000, 0.000, 0.000, 0.013, 0.011, 0.010, 0.011
19.860, -0.827, -0.705, 0.000, 0.000, 0.047, 1.000, 0.000, 0.000, 0.013, 0.012, 0.010, 0.011
19.880, -0.875, -0.638, 0.000, 0.000, 0.066, 1.000, 0.000, 0.000, 0.013, 0.012, 0.010, 0.011
19.900, -0.886, -0.571, 0.000, 0.000, 0.000, 1.000, 0.000, 0.000, 0.013, 0.012, 0.010, 0.011
19.920, -0.885, -0.501, 0.000, 0.000, 0.000, 1.000, 0.000, 0.000, 0.013, 0.012, 0.010, 0.011
19.940, -0.881, -0.425, 0.000, 0.000, 0.129, 1.000, 0.000, 0.000, 0.013, 0.012, 0.010, 0.011
19.960, -0.875, -0.335, 0.000, 0.000, 0.154, 1.000, 0.000, 0.000, 0.013, 0.012, 0.010, 0.011
19.980, -0.866, -0.220, 0.000, 0.002, 0.127, 0.000, 1.000, 0.002, 0.013, 0.012, 0.011, 0.012
20.000, -0.858, -0.055, 0.000, 1.000, 0.000, 0.000, 1.000, 1.000, 0.014, 0.012, 0.011, 0.012
20.020, -0.845, 0.167, 1.000, 1.000, 0.000, 0.000, 1.000, 0.000, 0.013, 0.012, 0.011, 0.012
20.040, -0.821, 0.428, 1.000, 1.000, 0.000, 0.000, 1.000, 0.000, 0.013, 0.013, 0.011, 0.012
20.060, -0.786, 0.662, 1.000, 1.000, 0.000, 0.000, 1.000, 0.000, 0.013, 0.013, 0.011, 0.012
20.080, -0.727, 0.812, 1.000, 1.000, 0.000, 0.000, 1.000, 0.000, 0.013, 0.012, 0.012, 0.012
20.100, -0.718, 0.825, 1.000, 1.000, 0.000, 0.000, 1.000, 0.000, 0.013, 0.012, 0.012, 0.011
20.120, -0.709, 0.831, 1.000, 1.000, 0.000, 0.000, 1.000, 0.000, 0.013, 0.012, 0.012, 0.011
20.140, -0.695, 0.840, 1.000, 1.000, 0.000, 0.000, 1.000, 0.000, 0.013, 0.011, 0.012, 0.011
20.160, -0.628, 0.879, 1.000, 0.024, 0.189, 0.024, 1.000, 0.976, 0.013, 0.011, 0.012, 0.011
20.180, -0.560, 0.886, 1.000, 0.141, 0.133, 0.000, 1.000, 0.859, 0.014, 0.011, 0.012, 0.011
20.200, -0.490, 0.885, 1.000, 0.049, 0.000, 0.000, 1.000, 0.951, 0.014, 0.011, 0.012, 0.011
20.220, -0.413, 0.880, 1.000, 0.000, 0.060, 0.000, 1.000, 1.000, 0.014, 0.011, 0.012, 0.011
20.240, -0.410, 0.844, 1.000, 1.000, 0.000, 0.000, 1.000, 0.000, 0.014, 0.011, 0.012, 0.011
20.260, -0.423, 0.827, 1.000, 1.000, 0.000, 0.000, 1.000, 0.000, 0.013, 0.011, 0.012, 0.011
20.280, -0.345, 0.855, 1.000, 0.000, 0.000, 0.159, 1.000, 1.000, 0.014, 0.011, 0.011, 0.011
20.300, -0.239, 0.860, 1.000, 0.000, 0.000, 0.000, 1.000, 1.000, 0.014, 0.011, 0.011, 0.011
20.320, -0.094, 0.854, 1.000, 0.000, 0.000, 0.000, 1.000, 1.000, 0.014, 0.011, 0.011, 0.011
20.340, 0.108, 0.840, 1.000, 0.000, 0.000, 0.000, 1.000, 1.000, 0.014, 0.011, 0.011, 0.011
20.360, 0.368, 0.816, 1.000, 0.045, 0.000, 0.000, 1.000, 0.955, 0.015, 0.011, 0.011, 0.011
20.380, 0.631, 0.778, 1.000, 0.000, 0.000, 0.000, 1.000, 1.000, 0.015, 0.011, 0.011, 0.011
20.400, 0.801, 0.722, 1.000, 0.009, 0.000, 0.000, 1.000, 0.991, 0.015, 0.011, 0.011, 0.011
20.420, 0.868, 0.656, 1.000, 0.037, 0.000, 0.000, 1.000, 0.963, 0.015, 0.011, 0.011, 0.011
20.440, 0.885, 0.589, 1.000, 0.043, 0.000, 0.000, 1.000, 0.957, 0.015, 0.011, 0.011, 0.011
20.460, 0.886, 0.520, 1.000, 0.000, 0.000, 1.000, 1.000, 1.000, 0.015, 0.011, 0.011, 0.011
20.480, 0.882, 0.446, 1.000, 0.000, 1.000, 1.000, 0.000, 1.000, 0.015, 0.011, 0.012, 0.011
20.500, 0.876, 0.361, 1.000, 0.000, 1.000, 1.000, 0.000, 1.000, 0.015, 0.012, 0.012, 0.012
20.520, 0.869, 0.254, 1.000, 0.000, 1.000, 1.000, 0.000, 1.000, 0.015, 0.011, 0.012, 0.012
20.540, 0.858, 0.112, 1.000, 0.000, 1.000, 1.000, 0.000, 1.000, 0.015, 0.011, 0.012, 0.012
20.560, 0.843, -0.083, 0.000, 0.000, 1.000, 1.000, 0.000, 0.000, 0.015, 0.011, 0.012, 0.012
20.580, 0.680, -0.264, 0.000, 1.000, 0.000, 0.000, 0.000, 1.000, 0.015, 0.012, 0.012, 0.012
20.600, 0.705, -0.508, 0.000, 0.000, 0.444, 0.000, 0.000, 0.000, 0.014, 0.012, 0.011, 0.012
20.620, 0.689, -0.720, 0.000, 0.000, 0.266, 0.000, 0.154, 0.000, 0.014, 0.012, 0.011, 0.012
20.640, 0.617, -0.818, 0.000, 1.000, 0.354, 0.000, 0.210, 1.000, 0.015, 0.012, 0.011, 0.012
20.660, 0.561, -0.866, 0.000, 0.000, 0.524, 0.000, 0.349, 0.000, 0.014, 0.012, 0.012, 0.012
20.680, 0.495, -0.879, 0.000, 0.000, 0.450, 0.000, 0.385, 0.000, 0.014, 0.012, 0.012, 0.012
20.700, 0.416, -0.877, 0.000, 0.722, 1.000, 1.000, 0.000, 0.722, 0.014, 0.011, 0.012, 0.012
20.720, 0.325, -0.873, 0.000, 0.000, 1.000, 1.000, 0.000, 0.000, 0.014, 0.011, 0.011, 0.011
20.740, 0.207, -0.865, 0.000, 0.000, 1.000, 1.000, 0.000, 0.000, 0.014, 0.011, 0.011, 0.011
20.760, 0.048, -0.854, 0.000, 0.000, 1.000, 1.000, 0.000, 0.000, 0.014, 0.011, 0.011, 0.011
20.780, -0.170, -0.836, 0.000, 0.000, 1.000, 1.000, 0.000, 0.000, 0.014, 0.011, 0.011, 0.011
20.800, -0.440, -0.809, 0.000, 0.000, 1.000, 1.000, 0.000, 0.000, 0.014, 0.011, 0.011, 0.011
20.820, -0.687, -0.765, 0.000, 0.000, 0.029, 1.000, 0.000, 0.000, 0.014, 0.011, 0.011, 0.011
20.840, -0.826, -0.706, 0.000, 0.000, 0.000, 1.000, 0.000, 0.000, 0.014, 0.012, 0.011, 0.011
20.860, -0.875, -0.639, 0.000, 0.000, 0.000, 1.000, 0.000, 0.000, 0.014, 0.012, 0.011, 0.011
20.880, -0.886, -0.572, 0.000, 0.000, 0.077, 1.000, 0.000, 0.000, 0.014, 0.012, 0.011, 0.011
20.900, -0.886, -0.502, 0.000, 0.000, 0.000, 1.000, 0.000, 0.000, 0.014, 0.012, 0.011, 0.011
20.920, -0.881, -0.426, 0.000, 0.000, 0.065, 1.000, 0.000, 0.000, 0.013, 0.012, 0.011, 0.011
20.940, -0.875, -0.336, 0.000, 0.000, 0.136, 0.000, 0.000, 0.000, 0.013, 0.012, 0.011, 0.011
20.960, -0.866, -0.222, 0.000, 0.000, 0.022, 0.000, 1.000, 0.000, 0.013, 0.013, 0.012, 0.011
20.980, -0.855, -0.067, 0.000, 0.299, 0.593, 0.000, 1.000, 0.299, 0.014, 0.012, 0.012, 0.012
21.000, -0.839, 0.144, 1.000, 0.000, 0.566, 0.000, 0.000, 1.000, 0.014, 0.012, 0.012, 0.011
21.020, -0.812, 0.411, 1.000, 0.000, 0.523, 0.000, 0.000, 1.000, 0.014, 0.012, 0.012, 0.011
21.040, -0.771, 0.665, 1.000, 0.000, 0.000, 0.023, 0.000, 1.000, 0.015, 0.012, 0.012, 0.011
21.060, -0.713, 0.817, 1.000, 0.000, 0.074, 0.057, 0.000, 1.000, 0.015, 0.012, 0.012, 0.011
21.080, -0.647, 0.872, 1.000, 0.277, 0.000, 0.069, 0.000, 0.723, 0.015, 0.012, 0.012, 0.011
21.100, -0.581, 0.885, 1.000, 0.317, 0.000, 0.000, 0.000, 0.683, 0.015, 0.011, 0.012, 0.011
21.120, -0.512, 0.886, 1.000, 0.060, 0.000, 0.199, 0.000, 0.940, 0.015, 0.011, 0.012, 0.012
21.140, -0.437, 0.882, 1.000, 0.000, 0.000, 0.000, 1.000, 1.000, 0.015, 0.011, 0.013, 0.011
21.160, -0.350, 0.876, 1.000, 0.000, 0.195, 0.000, 1.000, 1.000, 0.015, 0.011, 0.013, 0.011
21.180, -0.240, 0.868, 1.000, 0.000, 0.002, 0.000, 1.000, 1.000, 0.015, 0.011, 0.013, 0.011
21.200, -0.093, 0.857, 1.000, 0.000, 1.000, 0.000, 1.000, 1.000, 0.015, 0.012, 0.013, 0.011
21.220, 0.110, 0.841, 1.000, 0.000, 0.000, 0.000, 1.000, 1.000, 0.015, 0.012, 0.013, 0.011
21.240, 0.371, 0.817, 1.000, 0.000, 0.000, 0.000, 1.000, 1.000, 0.015, 0.011, 0.013, 0.011
21.260, 0.634, 0.778, 1.000, 0.000, 0.000, 0.000, 1.000, 1.000, 0.015, 0.011, 0.012, 0.011
21.280, 0.802, 0.722, 1.000, 0.000, 0.000, 0.000, 1.000, 1.000, 0.015, 0.011, 0.012, 0.011
21.300, 0.868, 0.656, 1.000, 0.000, 0.000, 0.000, 1.000, 1.000, 0.016, 0.011, 0.012, 0.011
21.320, 0.885, 0.588, 1.000, 0.002, 0.000, 0.000, 1.000, 0.998, 0.016, 0.011, 0.012, 0.011
21.340, 0.886, 0.520, 1.000, 0.049, 0.000, 0.000, 1.000, 0.951, 0.016, 0.011, 0.012, 0.011
21.360, 0.882, 0.445, 1.000, 0.074, 0.000, 0.000, 1.000, 0.926, 0.016, 0.011, 0.012, 0.011
21.380, 0.876, 0.359, 1.000, 0.122, 0.000, 0.000, 1.000, 0.878, 0.016, 0.011, 0.012, 0.011
21.400, 0.869, 0.252, 1.000, 0.000, 0.000, 0.000, 1.000, 1.000, 0.016, 0.011, 0.012, 0.011
21.420, 0.858, 0.109, 1.000, 0.000, 0.000, 1.000, 0.000, 1.000, 0.016, 0.011, 0.012, 0.011
21.440, 0.829, -0.106, 0.000, 1.000, 0.000, 0.000, 0.105, 1.000, 0.016, 0.011, 0.012, 0.011
21.460, 0.747, -0.322, 0.000, 1.000, 0.000, 0.000, 0.000, 1.000, 0.016, 0.012, 0.012, 0.012
21.480, 0.648, -0.504, 0.000, 1.000, 0.000, 0.000, 0.000, 1.000, 0.016, 0.012, 0.012, 0.012
21.500, 0.590, -0.676, 0.000, 1.000, 0.293, 0.000, 0.351, 1.000, 0.016, 0.012, 0.012, 0.012
21.520, 0.562, -0.804, 0.000, 0.000, 0.199, 0.000, 0.167, 0.000, 0.016, 0.012, 0.011, 0.012
21.540, 0.504, -0.855, 0.000, 1.000, 0.244, 0.000, 0.000, 1.000, 0.016, 0.012, 0.011, 0.012
21.560, 0.435, -0.871, 0.000, 0.000, 0.515, 1.000, 0.000, 0.000, 0.015, 0.012, 0.012, 0.012
21.580, 0.350, -0.872, 0.000, 0.000, 0.345, 1.000, 0.000, 0.000, 0.015, 0.012, 0.012, 0.012
21.600, 0.241, -0.866, 0.000, 0.000, 0.167, 1.000, 0.000, 0.000, 0.015, 0.012, 0.013, 0.012
21.620, 0.094, -0.857, 0.000, 0.000, 1.000, 0.000, 0.000, 0.000, 0.015, 0.012, 0.012, 0.012
21.640, -0.108, -0.841, 0.000, 0.000, 1.000, 0.000, 0.000, 0.000, 0.015, 0.012, 0.012, 0.013
21.660, -0.369, -0.817, 0.000, 0.000, 1.000, 0.000, 0.000, 0.000, 0.015, 0.011, 0.013, 0.013
21.680, -0.632, -0.778, 0.000, 0.000, 1.000, 0.000, 0.114, 0.000, 0.015, 0.011, 0.013, 0.012
21.700, -0.801, -0.722, 0.000, 0.000, 1.000, 0.000, 0.049, 0.000, 0.015, 0.011, 0.013, 0.012
21.720, -0.868, -0.657, 0.000, 0.000, 1.000, 0.000, 0.000, 0.000, 0.015, 0.011, 0.013, 0.012
21.740, -0.885, -0.589, 0.000, 0.000, 1.000, 0.000, 0.000, 0.000, 0.014, 0.011, 0.013, 0.011
21.760, -0.886, -0.520, 0.000, 0.000, 1.000, 1.000, 0.000, 0.000, 0.014, 0.011, 0.013, 0.011
21.780, -0.882, -0.447, 0.000, 0.000, 1.000, 1.000, 0.000, 0.000, 0.014, 0.011, 0.012, 0.011
21.800, -0.876, -0.361, 0.000, 0.000, 1.000, 1.000, 0.000, 0.000, 0.014, 0.011, 0.012, 0.011
21.820, -0.869, -0.254, 0.000, 0.000, 1.000, 1.000, 0.000, 0.000, 0.014, 0.011, 0.012, 0.011
21.840, -0.858, -0.112, 0.000, 0.000, 1.000, 1.000, 0.000, 0.000, 0.014, 0.011, 0.012, 0.011
21.860, -0.844, 0.083, 1.000, 0.000, 1.000, 1.000, 0.000, 1.000, 0.015, 0.011, 0.012, 0.011
21.880, -0.820, 0.338, 1.000, 0.000, 1.000, 1.000, 0.000, 1.000, 0.015, 0.011, 0.012, 0.011
21.900, -0.783, 0.607, 1.000, 0.029, 1.000, 0.000, 0.000, 0.971, 0.015, 0.011, 0.012, 0.011
21.920, -0.729, 0.789, 1.000, 0.000, 1.000, 0.000, 0.000, 1.000, 0.016, 0.011, 0.013, 0.011
21.940, -0.664, 0.864, 1.000, 0.000, 1.000, 0.000, 0.000, 1.000, 0.016, 0.011, 0.013, 0.011
21.960, -0.596, 0.884, 1.000, 0.000, 1.000, 0.366, 0.000, 1.000, 0.016, 0.011, 0.013, 0.011
21.980, -0.528, 0.886, 1.000, 0.000, 1.000, 0.000, 0.000, 1.000, 0.016, 0.011, 0.013, 0.011
22.000, -0.455, 0.883, 1.000, 0.000, 1.000, 0.000, 0.000, 1.000, 0.016, 0.011, 0.013, 0.011
22.020, -0.371, 0.877, 1.000, 0.000, 0.303, 0.000, 0.000, 1.000, 0.016, 0.011, 0.013, 0.011
22.040, -0.268, 0.870, 1.000, 0.026, 0.022, 0.025, 0.000, 0.974, 0.016, 0.011, 0.013, 0.011
22.060, -0.131, 0.860, 1.000, 0.063, 0.000, 0.003, 0.000, 0.937, 0.016, 0.012, 0.013, 0.011
22.080, 0.056, 0.845, 1.000, 0.132, 0.009, 0.008, 0.000, 0.868, 0.016, 0.012, 0.014, 0.011
22.100, 0.304, 0.823, 1.000, 0.184, 0.020, 0.047, 0.000, 0.816, 0.016, 0.012, 0.014, 0.011
22.120, 0.493, 0.742, 1.000, 1.000, 1.000, 0.000, 0.000, 0.000, 0.016, 0.012, 0.014, 0.011
22.140, 0.550, 0.562, 1.000, 1.000, 0.000, 0.000, 0.000, 0.000, 0.015, 0.012, 0.014, 0.011
22.160, 0.625, 0.455, 1.000, 1.000, 0.000, 0.000, 0.000, 0.000, 0.015, 0.012, 0.014, 0.012
22.180, 0.685, 0.344, 1.000, 1.000, 0.000, 0.000, 0.000, 0.000, 0.015, 0.012, 0.013, 0.012
22.200, 0.761, 0.254, 1.000, 1.000, 0.000, 0.000, 0.006, 0.000, 0.015, 0.012, 0.013, 0.012
22.220, 0.800, 0.124, 1.000, 1.000, 0.029, 0.000, 0.070, 0.000, 0.015, 0.012, 0.013, 0.012
22.240, 0.812, -0.057, 0.000, 1.000, 0.048, 0.000, 0.148, 1.000, 0.015, 0.011, 0.013, 0.012
22.260, 0.795, -0.293, 0.000, 1.000, 0.000, 0.000, 1.000, 1.000, 0.016, 0.011, 0.013, 0.012
22.280, 0.750, -0.534, 0.000, 1.000, 0.000, 0.000, 1.000, 1.000, 0.016, 0.011, 0.012, 0.011
22.300, 0.617, -0.652, 0.000, 1.000, 0.000, 0.000, 1.000, 1.000, 0.016, 0.011, 0.012, 0.011
22.320, 0.455, -0.720, 0.000, 1.000, 0.000, 0.000, 0.823, 1.000, 0.016, 0.011, 0.012, 0.011
22.340, 0.407, -0.812, 0.000, 0.410, 0.914, 0.026, 1.000, 0.410, 0.016, 0.012, 0.012, 0.011
22.360, 0.293, -0.837, 0.000, 1.000, 0.431, 0.000, 1.000, 1.000, 0.016, 0.012, 0.012, 0.011
22.380, 0.174, -0.849, 0.000, 0.000, 0.000, 0.000, 1.000, 0.000, 0.016, 0.011, 0.012, 0.011
22.400, 0.006, -0.845, 0.000, 0.000, 0.000, 0.016, 1.000, 0.000, 0.015, 0.011, 0.012, 0.011
22.420, -0.224, -0.829, 0.000, 0.000, 0.000, 0.000, 1.000, 0.000, 0.015, 0.011, 0.012, 0.011
22.440, -0.498, -0.800, 0.000, 0.000, 0.000, 0.000, 0.427, 0.000, 0.015, 0.011, 0.012, 0.011
22.460, -0.726, -0.753, 0.000, 0.000, 0.000, 0.033, 0.017, 0.000, 0.015, 0.011, 0.012, 0.012
22.480, -0.842, -0.692, 0.000, 0.000, 0.931, 1.000, 0.000, 0.000, 0.015, 0.011, 0.013, 0.012
22.500, -0.879, -0.625, 0.000, 0.000, 1.000, 1.000, 0.000, 0.000, 0.015, 0.012, 0.013, 0.012
22.520, -0.887, -0.557, 0.000, 0.000, 1.000, 1.000, 0.000, 0.000, 0.015, 0.012, 0.013, 0.012
22.540, -0.885, -0.486, 0.000, 0.000, 1.000, 0.000, 0.000, 0.000, 0.015, 0.012, 0.013, 0.012
22.560, -0.880, -0.408, 0.000, 0.000, 1.000, 0.452, 0.000, 0.000, 0.015, 0.012, 0.013, 0.012
22.580, -0.873, -0.314, 0.000, 0.000, 1.000, 1.000, 0.000, 0.000, 0.015, 0.012, 0.013, 0.013
22.600, -0.864, -0.193, 0.000, 0.000, 1.000, 1.000, 0.000, 0.000, 0.015, 0.012, 0.013, 0.013
22.620, -0.852, -0.028, 0.000, 0.007, 1.000, 1.000, 0.000, 0.007, 0.015, 0.012, 0.013, 0.013
22.640, -0.834, 0.197, 1.000, 0.000, 0.000, 1.000, 0.000, 1.000, 0.015, 0.012, 0.012, 0.012
22.660, -0.805, 0.470, 1.000, 0.000, 0.000, 1.000, 0.000, 1.000, 0.015, 0.012, 0.012, 0.012
22.680, -0.760, 0.708, 1.000, 0.000, 1.000, 1.000, 0.000, 1.000, 0.016, 0.012, 0.012, 0.012
22.700, -0.699, 0.835, 1.000, 0.000, 1.000, 1.000, 0.000, 1.000, 0.016, 0.012, 0.012, 0.012
22.720, -0.632, 0.877, 1.000, 0.000, 1.000, 1.000, 0.000, 1.000, 0.016, 0.011, 0.012, 0.011
22.740, -0.564, 0.887, 1.000, 0.000, 1.000, 1.000, 0.000, 1.000, 0.016, 0.011, 0.012, 0.011
22.760, -0.494, 0.885, 1.000, 0.000, 1.000, 1.000, 0.000, 1.000, 0.016, 0.011, 0.012, 0.011
22.780, -0.417, 0.880, 1.000, 0.000, 1.000, 1.000, 0.000, 1.000, 0.016, 0.011, 0.012, 0.011
22.800, -0.325, 0.874, 1.000, 0.000, 1.000, 1.000, 0.000, 1.000, 0.016, 0.011, 0.012, 0.011
22.820, -0.208, 0.865, 1.000, 0.000, 1.000, 1.000, 0.000, 1.000, 0.016, 0.011, 0.012, 0.011
22.840, -0.048, 0.854, 1.000, 0.000, 1.000, 1.000, 0.000, 1.000, 0.016, 0.011, 0.012, 0.011
22.860, 0.170, 0.836, 1.000, 0.000, 1.000, 1.000, 0.000, 1.000, 0.016, 0.011, 0.012, 0.011
22.880, 0.440, 0.809, 1.000, 0.000, 1.000, 1.000, 0.000, 1.000, 0.017, 0.011, 0.012, 0.011
22.900, 0.687, 0.765, 1.000, 0.000, 1.000, 0.000, 0.000, 1.000, 0.017, 0.011, 0.012, 0.011
22.920, 0.826, 0.706, 1.000, 0.000, 1.000, 0.000, 0.000, 1.000, 0.017, 0.011, 0.013, 0.011
22.940, 0.875, 0.639, 1.000, 0.000, 1.000, 0.003, 0.000, 1.000, 0.017, 0.011, 0.013, 0.011
22.960, 0.886, 0.572, 1.000, 0.000, 0.450, 1.000, 0.000, 1.000, 0.017, 0.011, 0.013, 0.011
22.980, 0.886, 0.502, 1.000, 0.000, 1.000, 1.000, 0.000, 1.000, 0.017, 0.011, 0.012, 0.011
23.000, 0.881, 0.426, 1.000, 0.000, 1.000, 1.000, 0.000, 1.000, 0.017, 0.011, 0.012, 0.011
23.020, 0.875, 0.336, 1.000, 0.000, 1.000, 1.000, 0.000, 1.000, 0.017, 0.011, 0.012, 0.011
23.040, 0.863, 0.203, 1.000, 1.000, 1.000, 1.000, 0.000, 0.000, 0.016, 0.011, 0.012, 0.011
23.060, 0.853, 0.043, 1.000, 0.000, 0.210, 0.000, 0.000, 1.000, 0.017, 0.011, 0.012, 0.011
23.080, 0.834, -0.178, 0.000, 1.000, 0.000, 0.000, 0.260, 1.000, 0.017, 0.012, 0.013, 0.011
23.100, 0.807, -0.448, 0.000, 0.000, 0.000, 0.000, 0.041, 0.000, 0.016, 0.012, 0.013, 0.012
23.120, 0.763, -0.693, 0.000, 0.000, 0.378, 0.087, 0.341, 0.000, 0.016, 0.012, 0.013, 0.012
23.140, 0.704, -0.829, 0.000, 0.000, 0.389, 0.086, 0.347, 0.000, 0.016, 0.012, 0.013, 0.012
23.160, 0.637, -0.876, 0.000, 0.000, 0.195, 0.000, 1.000, 0.000, 0.016, 0.012, 0.013, 0.011
23.180, 0.569, -0.886, 0.000, 0.000, 0.000, 0.000, 1.000, 0.000, 0.016, 0.011, 0.013, 0.011
23.200, 0.500, -0.885, 0.000, 0.000, 0.000, 0.259, 1.000, 0.000, 0.016, 0.011, 0.013, 0.011
23.220, 0.423, -0.881, 0.000, 0.000, 0.000, 0.000, 1.000, 0.000, 0.016, 0.011, 0.014, 0.011
23.240, 0.333, -0.874, 0.000, 0.000, 0.000, 0.000, 1.000, 0.000, 0.015, 0.011, 0.014, 0.011
23.260, 0.217, -0.866, 0.000, 0.000, 0.000, 0.000, 1.000, 0.000, 0.015, 0.011, 0.013, 0.011
23.280, 0.062, -0.855, 0.000, 0.000, 0.000, 0.000, 1.000, 0.000, 0.015, 0.011, 0.013, 0.011
23.300, -0.152, -0.838, 0.000, 0.000, 0.000, 0.000, 1.000, 0.000, 0.015, 0.011, 0.013, 0.011
23.320, -0.419, -0.811, 0.000, 0.000, 0.000, 0.000, 1.000, 0.000, 0.015, 0.011, 0.012, 0.011
23.340, -0.672, -0.769, 0.000, 0.000, 0.000, 0.000, 1.000, 0.000, 0.015, 0.011, 0.012, 0.011
23.360, -0.820, -0.711, 0.000, 0.000, 0.000, 0.007, 1.000, 0.000, 0.015, 0.011, 0.012, 0.011
23.380, -0.873, -0.644, 0.000, 0.000, 0.000, 0.000, 1.000, 0.000, 0.015, 0.011, 0.012, 0.011
23.400, -0.886, -0.577, 0.000, 0.000, 0.000, 0.000, 1.000, 0.000, 0.015, 0.011, 0.012, 0.011
23.420, -0.886, -0.507, 0.000, 0.000, 0.000, 0.000, 1.000, 0.000, 0.015, 0.011, 0.012, 0.011
23.440, -0.881, -0.432, 0.000, 0.000, 0.000, 0.000, 1.000, 0.000, 0.015, 0.011, 0.012, 0.011
23.460, -0.875, -0.343, 0.000, 0.031, 0.000, 0.000, 1.000, 0.031, 0.015, 0.011, 0.012, 0.011
23.480, -0.867, -0.232, 0.000, 0.000, 0.000, 0.000, 1.000, 0.000, 0.015, 0.011, 0.012, 0.010
23.500, -0.856, -0.081, 0.000, 0.000, 0.000, 0.000, 1.000, 0.000, 0.015, 0.011, 0.012, 0.010
23.520, -0.850, 0.135, 1.000, 1.000, 0.000, 0.000, 1.000, 0.000, 0.015, 0.010, 0.012, 0.010
23.540, -0.820, 0.401, 1.000, 1.000, 0.000, 0.161, 1.000, 0.000, 0.015, 0.010, 0.012, 0.010
23.560, -0.776, 0.659, 1.000, 0.000, 0.000, 0.000, 1.000, 1.000, 0.015, 0.010, 0.012, 0.010
23.580, -0.728, 0.803, 1.000, 1.000, 0.000, 0.000, 1.000, 0.000, 0.015, 0.011, 0.012, 0.010
23.600, -0.701, 0.839, 1.000, 1.000, 0.000, 0.000, 0.000, 0.000, 0.015, 0.011, 0.012, 0.011
23.620, -0.681, 0.848, 1.000, 1.000, 0.205, 0.000, 0.000, 0.000, 0.015, 0.011, 0.012, 0.011
23.640, -0.668, 0.848, 1.000, 1.000, 0.044, 0.000, 0.000, 0.000, 0.015, 0.012, 0.012, 0.012
23.660, -0.665, 0.843, 1.000, 1.000, 0.000, 0.000, 0.212, 0.000, 0.015, 0.012, 0.012, 0.012
23.680, -0.649, 0.851, 1.000, 1.000, 1.000, 0.000, 0.000, 0.000, 0.015, 0.011, 0.012, 0.012
23.700, -0.633, 0.854, 1.000, 1.000, 1.000, 0.000, 0.000, 0.000, 0.015, 0.011, 0.012, 0.012
23.720, -0.579, 0.875, 1.000, 1.000, 1.000, 0.000, 0.000, 0.000, 0.015, 0.011, 0.013, 0.012
23.740, -0.512, 0.883, 1.000, 0.000, 1.000, 0.000, 0.000, 1.000, 0.015, 0.011, 0.013, 0.012
23.760, -0.526, 0.847, 1.000, 1.000, 1.000, 1.000, 0.000, 0.000, 0.015, 0.011, 0.012, 0.012
23.780, -0.481, 0.863, 1.000, 1.000, 1.000, 1.000, 0.000, 0.000, 0.015, 0.011, 0.012, 0.012
23.800, -0.416, 0.870, 1.000, 1.000, 1.000, 1.000, 0.000, 0.000, 0.015, 0.011, 0.012, 0.012
23.820, -0.365, 0.858, 1.000, 1.000, 1.000, 1.000, 0.000, 0.000, 0.014, 0.011, 0.012, 0.012
23.840, -0.296, 0.853, 1.000, 1.000, 1.000, 1.000, 0.000, 0.000, 0.014, 0.010, 0.012, 0.012
23.860, -0.214, 0.844, 1.000, 1.000, 1.000, 1.000, 0.000, 0.000, 0.014, 0.010, 0.012, 0.012
23.880, -0.092, 0.838, 1.000, 1.000, 1.000, 1.000, 0.000, 0.000, 0.014, 0.010, 0.012, 0.012
23.900, 0.106, 0.833, 1.000, 0.000, 1.000, 1.000, 0.000, 1.000, 0.015, 0.010, 0.012, 0.011
23.920, 0.364, 0.813, 1.000, 0.000, 1.000, 1.000, 0.000, 1.000, 0.015, 0.010, 0.012, 0.011
23.940, 0.628, 0.777, 1.000, 0.000, 1.000, 1.000, 0.000, 1.000, 0.015, 0.010, 0.012, 0.011
23.960, 0.799, 0.722, 1.000, 0.000, 1.000, 1.000, 0.000, 1.000, 0.016, 0.010, 0.012, 0.011
23.980, 0.867, 0.657, 1.000, 0.000, 1.000, 1.000, 0.000, 1.000, 0.016, 0.010, 0.012, 0.011
24.000, 0.885, 0.589, 1.000, 0.000, 1.000, 1.000, 0.000, 1.000, 0.016, 0.010, 0.012, 0.011
24.020, 0.886, 0.521, 1.000, 0.000, 1.000, 1.000, 0.000, 1.000, 0.016, 0.010, 0.011, 0.011
24.040, 0.882, 0.447, 1.000, 0.000, 1.000, 1.000, 0.000, 1.000, 0.016, 0.010, 0.011, 0.011
24.060, 0.876, 0.361, 1.000, 0.000, 1.000, 1.000, 0.000, 1.000, 0.016, 0.010, 0.011, 0.011
24.080, 0.869, 0.255, 1.000, 0.000, 1.000, 1.000, 0.000, 1.000, 0.016, 0.010, 0.011, 0.011
24.100, 0.859, 0.113, 1.000, 0.000, 0.000, 1.000, 0.000, 1.000, 0.016, 0.011, 0.011, 0.011
24.120, 0.844, -0.082, 0.000, 0.000, 1.000, 0.445, 0.000, 0.000, 0.016, 0.011, 0.012, 0.011
24.140, 0.820, -0.337, 0.000, 0.548, 0.000, 0.000, 0.033, 0.548, 0.016, 0.011, 0.012, 0.011
24.160, 0.783, -0.605, 0.000, 0.039, 0.116, 0.144, 0.000, 0.039, 0.015, 0.011, 0.012, 0.011
24.180, 0.729, -0.788, 0.000, 0.041, 0.000, 0.227, 0.000, 0.041, 0.015, 0.010, 0.012, 0.011
24.200, 0.664, -0.864, 0.000, 0.000, 0.000, 0.000, 1.000, 0.000, 0.015, 0.010, 0.013, 0.011
24.220, 0.597, -0.884, 0.000, 0.000, 0.000, 0.161, 0.000, 0.000, 0.015, 0.010, 0.013, 0.011
24.240, 0.528, -0.886, 0.000, 0.000, 1.000, 0.000, 0.000, 0.000, 0.015, 0.011, 0.013, 0.011
24.260, 0.455, -0.883, 0.000, 0.000, 0.000, 0.385, 0.000, 0.000, 0.015, 0.011, 0.013, 0.011
24.280, 0.371, -0.877, 0.000, 0.125, 0.000, 0.469, 0.000, 0.125, 0.015, 0.010, 0.013, 0.011
24.300, 0.163, -0.839, 0.000, 1.000, 1.000, 0.000, 0.000, 1.000, 0.015, 0.011, 0.012, 0.011
24.320, -0.025, -0.834, 0.000, 1.000, 0.000, 0.000, 1.000, 1.000, 0.016, 0.011, 0.012, 0.011
24.340, -0.262, -0.821, 0.000, 0.000, 0.000, 0.000, 1.000, 0.000, 0.015, 0.010, 0.012, 0.011
24.360, -0.535, -0.792, 0.000, 0.000, 0.000, 0.000, 1.000, 0.000, 0.015, 0.010, 0.012, 0.011
24.380, -0.749, -0.744, 0.000, 0.000, 0.000, 0.000, 1.000, 0.000, 0.015, 0.010, 0.012, 0.011
24.400, -0.850, -0.681, 0.000, 0.000, 0.000, 0.000, 1.000, 0.000, 0.015, 0.010, 0.012, 0.011
24.420, -0.881, -0.614, 0.000, 0.000, 0.000, 0.000, 1.000, 0.000, 0.015, 0.010, 0.012, 0.011
24.440, -0.887, -0.546, 0.000, 0.000, 0.000, 0.000, 1.000, 0.000, 0.015, 0.010, 0.012, 0.011
24.460, -0.884, -0.475, 0.000, 0.000, 0.000, 0.000, 1.000, 0.000, 0.015, 0.010, 0.011, 0.011
24.480, -0.880, -0.386, 0.000, 1.000, 0.000, 0.000, 1.000, 1.000, 0.015, 0.010, 0.011, 0.010
24.500, -0.872, -0.281, 0.000, 1.000, 0.000, 0.000, 1.000, 1.000, 0.015, 0.010, 0.011, 0.010
24.520, -0.862, -0.148, 0.000, 0.000, 0.000, 1.000, 1.000, 0.000, 0.015, 0.010, 0.012, 0.010
24.540, -0.848, 0.035, 1.000, 0.374, 0.000, 0.000, 1.000, 0.626, 0.015, 0.010, 0.012, 0.010
24.560, -0.838, 0.275, 1.000, 1.000, 0.194, 0.000, 0.000, 0.000, 0.015, 0.010, 0.012, 0.011
24.580, -0.815, 0.524, 1.000, 1.000, 0.102, 0.000, 0.000, 0.000, 0.015, 0.011, 0.012, 0.011
24.600, -0.780, 0.713, 1.000, 1.000, 0.000, 0.000, 1.000, 0.000, 0.015, 0.011, 0.011, 0.011
24.620, -0.747, 0.802, 1.000, 1.000, 0.000, 0.000, 1.000, 0.000, 0.015, 0.011, 0.011, 0.011
24.640, -0.750, 0.798, 1.000, 1.000, 0.000, 0.000, 0.000, 0.000, 0.014, 0.011, 0.011, 0.011
24.660, -0.679, 0.869, 1.000, 0.000, 1.000, 0.000, 1.000, 1.000, 0.015, 0.011, 0.011, 0.011
24.680, -0.609, 0.887, 1.000, 0.000, 1.000, 0.000, 0.000, 1.000, 0.015, 0.011, 0.011, 0.011
24.700, -0.540, 0.888, 1.000, 0.000, 1.000, 0.000, 0.000, 1.000, 0.016, 0.010, 0.011, 0.012
24.720, -0.468, 0.884, 1.000, 0.000, 1.000, 0.000, 0.000, 1.000, 0.016, 0.010, 0.011, 0.012
24.740, -0.386, 0.878, 1.000, 0.000, 1.000, 0.000, 0.000, 1.000, 0.016, 0.010, 0.012, 0.012
24.760, -0.287, 0.871, 1.000, 0.000, 1.000, 0.000, 0.000, 1.000, 0.016, 0.010, 0.012, 0.012
24.780, -0.156, 0.862, 1.000, 0.000, 1.000, 0.000, 0.000, 1.000, 0.016, 0.010, 0.012, 0.012
24.800, 0.023, 0.848, 1.000, 0.000, 1.000, 0.000, 0.000, 1.000, 0.016, 0.010, 0.013, 0.012
24.820, 0.263, 0.828, 1.000, 0.000, 1.000, 0.057, 0.000, 1.000, 0.016, 0.010, 0.013, 0.012
24.840, 0.537, 0.795, 1.000, 0.000, 1.000, 0.935, 0.000, 1.000, 0.016, 0.010, 0.012, 0.012
24.860, 0.751, 0.746, 1.000, 0.000, 1.000, 1.000, 0.000, 1.000, 0.016, 0.010, 0.012, 0.012
24.880, 0.851, 0.682, 1.000, 0.000, 1.000, 1.000, 0.000, 1.000, 0.016, 0.010, 0.012, 0.012
24.900, 0.882, 0.615, 1.000, 0.000, 1.000, 1.000, 0.000, 1.000, 0.016, 0.010, 0.012, 0.012
24.920, 0.887, 0.547, 1.000, 0.000, 1.000, 1.000, 0.000, 1.000, 0.016, 0.010, 0.011, 0.011
24.940, 0.884, 0.476, 1.000, 0.000, 1.000, 1.000, 0.000, 1.000, 0.016, 0.010, 0.011, 0.011
24.960, 0.879, 0.396, 1.000, 0.000, 1.000, 1.000, 0.000, 1.000, 0.017, 0.010, 0.011, 0.011
24.980, 0.872, 0.299, 1.000, 0.000, 1.000, 1.000, 0.000, 1.000, 0.017, 0.010, 0.011, 0.011
25.000, 0.863, 0.172, 1.000, 0.000, 1.000, 1.000, 0.000, 1.000, 0.017, 0.010, 0.011, 0.011
25.020, 0.850, -0.000, 0.000, 0.000, 1.000, 1.000, 0.000, 0.000, 0.016, 0.010, 0.011, 0.011
25.040, 0.831, -0.234, 0.000, 0.000, 1.000, 1.000, 0.000, 0.000, 0.016, 0.010, 0.011, 0.011
25.060, 0.800, -0.508, 0.000, 0.000, 1.000, 1.000, 0.000, 0.000, 0.016, 0.010, 0.011, 0.011
25.080, 0.752, -0.733, 0.000, 0.000, 1.000, 1.000, 0.000, 0.000, 0.015, 0.010, 0.011, 0.011
25.100, 0.690, -0.845, 0.000, 0.000, 1.000, 1.000, 0.000, 0.000, 0.015, 0.010, 0.011, 0.011
25.120, 0.622, -0.880, 0.000, 0.000, 1.000, 1.000, 0.000, 0.000, 0.015, 0.010, 0.011, 0.011
25.140, 0.555, -0.887, 0.000, 0.000, 1.000, 1.000, 0.000, 0.000, 0.015, 0.010, 0.011, 0.011
25.160, 0.484, -0.885, 0.000, 0.000, 0.035, 0.634, 0.202, 0.000, 0.015, 0.010, 0.011, 0.011
25.180, 0.405, -0.880, 0.000, 0.000, 0.000, 0.028, 0.458, 0.000, 0.015, 0.010, 0.012, 0.011
25.200, 0.310, -0.873, 0.000, 0.000, 0.000, 0.000, 0.530, 0.000, 0.015, 0.011, 0.012, 0.011
25.220, 0.188, -0.864, 0.000, 0.000, 0.219, 0.035, 0.527, 0.000, 0.015, 0.011, 0.012, 0.011
25.240, 0.021, -0.852, 0.000, 0.000, 0.028, 0.000, 1.000, 0.000, 0.015, 0.011, 0.012, 0.012
25.260, -0.206, -0.833, 0.000, 0.000, 0.000, 0.000, 1.000, 0.000, 0.015, 0.011, 0.012, 0.012
25.280, -0.479, -0.804, 0.000, 0.000, 0.096, 0.194, 1.000, 0.000, 0.015, 0.011, 0.012, 0.012
25.300, -0.714, -0.758, 0.000, 0.000, 0.000, 0.111, 1.000, 0.000, 0.015, 0.011, 0.013, 0.012
25.320, -0.837, -0.697, 0.000, 0.000, 0.000, 0.000, 1.000, 0.000, 0.015, 0.011, 0.013, 0.011
25.340, -0.878, -0.630, 0.000, 0.000, 0.000, 0.000, 1.000, 0.000, 0.015, 0.010, 0.013, 0.011
25.360, -0.887, -0.562, 0.000, 0.000, 0.000, 0.000, 1.000, 0.000, 0.015, 0.010, 0.012, 0.011
25.380, -0.885, -0.492, 0.000, 0.000, 0.000, 0.000, 1.000, 0.000, 0.015, 0.010, 0.012, 0.011
25.400, -0.880, -0.414, 0.000, 0.000, 0.000, 0.000, 1.000, 0.000, 0.015, 0.010, 0.012, 0.011
25.420, -0.874, -0.322, 0.000, 0.000, 0.000, 0.000, 1.000, 0.000, 0.015, 0.010, 0.012, 0.011
25.440, -0.865, -0.203, 0.000, 0.000, 0.000, 0.000, 1.000, 0.000, 0.015, 0.010, 0.012, 0.011
25.460, -0.853, -0.042, 0.000, 0.000, 0.000, 0.000, 1.000, 0.000, 0.014, 0.010, 0.011, 0.011
25.480, -0.836, 0.178, 1.000, 0.000, 0.000, 0.000, 1.000, 1.000, 0.015, 0.010, 0.011, 0.011
25.500, -0.808, 0.448, 1.000, 0.455, 0.000, 0.000, 1.000, 0.545, 0.015, 0.010, 0.011, 0.011
25.520, -0.765, 0.691, 1.000, 0.901, 0.000, 0.000, 1.000, 0.099, 0.015, 0.010, 0.011, 0.011
25.540, -0.705, 0.828, 1.000, 0.000, 1.000, 0.000, 1.000, 1.000, 0.015, 0.010, 0.011, 0.011
25.560, -0.638, 0.876, 1.000, 0.000, 0.000, 0.000, 1.000, 1.000, 0.016, 0.010, 0.011, 0.011
25.580, -0.571, 0.886, 1.000, 0.000, 0.000, 0.000, 1.000, 1.000, 0.016, 0.010, 0.011, 0.011
25.600, -0.501, 0.886, 1.000, 0.000, 0.000, 0.000, 1.000, 1.000, 0.016, 0.010, 0.011, 0.011
25.620, -0.425, 0.881, 1.000, 0.008, 0.000, 0.000, 1.000, 0.992, 0.016, 0.010, 0.011, 0.011
25.640, -0.335, 0.875, 1.000, 0.000, 0.000, 0.000, 1.000, 1.000, 0.016, 0.010, 0.011, 0.010
25.660, -0.220, 0.866, 1.000, 0.000, 0.000, 0.000, 1.000, 1.000, 0.016, 0.010, 0.011, 0.010
25.680, -0.067, 0.855, 1.000, 0.152, 0.000, 0.000, 1.000, 0.848, 0.016, 0.010, 0.011, 0.010
25.700, 0.142, 0.838, 1.000, 0.287, 0.000, 0.000, 1.000, 0.713, 0.016, 0.010, 0.011, 0.010
25.720, 0.408, 0.812, 1.000, 0.102, 0.000, 1.000, 1.000, 0.898, 0.016, 0.010, 0.012, 0.010
25.740, 0.663, 0.771, 1.000, 0.000, 1.000, 1.000, 0.335, 1.000, 0.016, 0.010, 0.012, 0.011
25.760, 0.816, 0.713, 1.000, 0.000, 1.000, 1.000, 0.476, 1.000, 0.016, 0.010, 0.012, 0.011
25.780, 0.872, 0.647, 1.000, 0.000, 1.000, 1.000, 0.000, 1.000, 0.016, 0.010, 0.012, 0.011
25.800, 0.886, 0.579, 1.000, 0.000, 1.000, 1.000, 0.000, 1.000, 0.016, 0.010, 0.012, 0.012
25.820, 0.886, 0.510, 1.000, 0.000, 1.000, 1.000, 0.000, 1.000, 0.017, 0.010, 0.012, 0.012
25.840, 0.882, 0.435, 1.000, 0.000, 1.000, 1.000, 0.000, 1.000, 0.017, 0.010, 0.011, 0.012
25.860, 0.875, 0.347, 1.000, 0.000, 1.000, 1.000, 0.000, 1.000, 0.017, 0.010, 0.011, 0.012
25.880, 0.868, 0.236, 1.000, 0.000, 1.000, 1.000, 0.000, 1.000, 0.017, 0.009, 0.011, 0.012
25.900, 0.857, 0.088, 1.000, 0.000, 1.000, 1.000, 0.000, 1.000, 0.017, 0.009, 0.011, 0.012
25.920, 0.841, -0.116, 0.000, 0.000, 1.000, 1.000, 0.000, 0.000, 0.016, 0.009, 0.011, 0.012
25.940, 0.783, -0.351, 0.000, 1.000, 1.000, 1.000, 0.000, 1.000, 0.017, 0.009, 0.011, 0.012
25.960, 0.761, -0.611, 0.000, 0.000, 0.000, 1.000, 0.000, 0.000, 0.016, 0.010, 0.011, 0.012
25.980, 0.713, -0.789, 0.000, 0.000, 0.000, 1.000, 0.000, 0.000, 0.016, 0.010, 0.011, 0.011
26.000, 0.651, -0.863, 0.000, 0.000, 0.000, 1.000, 0.000, 0.000, 0.016, 0.011, 0.011, 0.011
26.020, 0.585, -0.883, 0.000, 0.000, 0.000, 1.000, 0.000, 0.000, 0.016, 0.011, 0.011, 0.011
26.040, 0.517, -0.885, 0.000, 0.000, 0.000, 1.000, 0.000, 0.000, 0.015, 0.011, 0.011, 0.011
26.060, 0.443, -0.882, 0.000, 0.000, 0.000, 1.000, 0.000, 0.000, 0.015, 0.011, 0.011, 0.011
26.080, 0.356, -0.876, 0.000, 0.000, 0.000, 1.000, 0.000, 0.000, 0.015, 0.011, 0.011, 0.011
26.100, 0.248, -0.868, 0.000, 0.000, 0.000, 1.000, 0.000, 0.000, 0.015, 0.011, 0.011, 0.011
26.120, 0.104, -0.858, 0.000, 0.000, 0.000, 1.000, 0.000, 0.000, 0.015, 0.011, 0.011, 0.011
26.140, -0.094, -0.843, 0.000, 0.000, 0.000, 1.000, 0.000, 0.000, 0.015, 0.011, 0.011, 0.011
26.160, -0.352, -0.819, 0.000, 0.000, 0.000, 1.000, 0.000, 0.000, 0.015, 0.011, 0.011, 0.011
26.180, -0.618, -0.781, 0.000, 0.000, 0.000, 1.000, 0.000, 0.000, 0.015, 0.011, 0.011, 0.011
26.200, -0.795, -0.726, 0.000, 0.000, 0.084, 1.000, 0.000, 0.000, 0.015, 0.012, 0.011, 0.011
26.220, -0.866, -0.658, 0.000, 0.815, 0.163, 0.000, 0.000, 0.815, 0.015, 0.012, 0.011, 0.011
26.240, -0.886, -0.581, 0.000, 1.000, 0.149, 0.000, 0.000, 1.000, 0.016, 0.011, 0.012, 0.011
26.260, -0.886, -0.512, 0.000, 0.000, 0.822, 0.000, 0.000, 0.000, 0.016, 0.011, 0.012, 0.011
26.280, -0.882, -0.437, 0.000, 0.000, 0.120, 0.000, 0.000, 0.000, 0.015, 0.011, 0.012, 0.011
26.300, -0.876, -0.350, 0.000, 0.000, 0.000, 0.000, 0.000, 0.000, 0.015, 0.011, 0.012, 0.011
26.320, -0.868, -0.239, 0.000, 0.000, 0.000, 0.000, 0.000, 0.000, 0.015, 0.011, 0.012, 0.010
26.340, -0.857, -0.092, 0.000, 0.000, 0.000, 0.000, 0.000, 0.000, 0.015, 0.010, 0.012, 0.010
26.360, -0.841, 0.111, 1.000, 0.119, 0.127, 0.030, 0.000, 0.881, 0.015, 0.010, 0.012, 0.010
26.380, -0.817, 0.372, 1.000, 0.224, 0.024, 0.080, 0.000, 0.776, 0.016, 0.010, 0.012, 0.010
26.400, -0.778, 0.635, 1.000, 0.027, 0.021, 0.156, 0.000, 0.973, 0.016, 0.010, 0.012, 0.011
26.420, -0.722, 0.803, 1.000, 0.000, 1.000, 0.363, 0.000, 1.000, 0.016, 0.011, 0.012, 0.011
26.440, -0.656, 0.868, 1.000, 0.000, 0.000, 0.387, 0.000, 1.000, 0.016, 0.011, 0.012, 0.012
26.460, -0.588, 0.885, 1.000, 0.000, 0.000, 0.159, 0.000, 1.000, 0.016, 0.010, 0.012, 0.012
26.480, -0.520, 0.886, 1.000, 0.000, 0.000, 0.096, 1.000, 1.000, 0.016, 0.010, 0.013, 0.011
26.500, -0.446, 0.882, 1.000, 0.000, 0.000, 0.059, 1.000, 1.000, 0.017, 0.010, 0.012, 0.011
26.520, -0.360, 0.876, 1.000, 0.000, 0.000, 0.000, 1.000, 1.000, 0.017, 0.010, 0.012, 0.011
26.540, -0.253, 0.869, 1.000, 0.000, 0.000, 0.000, 1.000, 1.000, 0.017, 0.010, 0.012, 0.011
26.560, -0.111, 0.858, 1.000, 0.029, 0.000, 0.000, 1.000, 0.971, 0.017, 0.010, 0.012, 0.011
26.580, 0.084, 0.843, 1.000, 0.165, 0.000, 0.000, 1.000, 0.835, 0.017, 0.010, 0.011, 0.011
26.600, 0.337, 0.819, 1.000, 0.255, 0.000, 0.000, 1.000, 0.745, 0.017, 0.010, 0.011, 0.010
26.620, 0.605, 0.783, 1.000, 0.000, 0.000, 0.000, 1.000, 1.000, 0.017, 0.010, 0.011, 0.010
26.640, 0.788, 0.729, 1.000, 0.020, 0.000, 0.000, 1.000, 0.980, 0.017, 0.010, 0.011, 0.010
26.660, 0.864, 0.663, 1.000, 0.108, 0.000, 0.000, 1.000, 0.892, 0.017, 0.010, 0.011, 0.010
26.680, 0.884, 0.596, 1.000, 0.057, 0.000, 0.000, 1.000, 0.943, 0.017, 0.011, 0.011, 0.010
26.700, 0.886, 0.528, 1.000, 0.000, 1.000, 0.000, 1.000, 1.000, 0.017, 0.010, 0.011, 0.010
26.720, 0.883, 0.454, 1.000, 0.000, 1.000, 0.000, 1.000, 1.000, 0.017, 0.010, 0.011, 0.010
26.740, 0.877, 0.371, 1.000, 0.000, 1.000, 1.000, 1.000, 1.000, 0.017, 0.010, 0.012, 0.010
26.760, 0.870, 0.267, 1.000, 0.000, 1.000, 1.000, 0.000, 1.000, 0.017, 0.010, 0.012, 0.011
26.780, 0.829, 0.009, 1.000, 1.000, 0.000, 0.000, 0.000, 0.000, 0.017, 0.011, 0.012, 0.011
26.800, 0.763, -0.220, 0.000, 1.000, 0.000, 0.000, 0.000, 1.000, 0.017, 0.011, 0.011, 0.011
26.820, 0.724, -0.449, 0.000, 1.000, 0.000, 0.000, 0.000, 1.000, 0.017, 0.011, 0.011, 0.012
26.840, 0.662, -0.642, 0.000, 1.000, 0.112, 0.000, 0.135, 1.000, 0.017, 0.011, 0.011, 0.012
26.860, 0.633, -0.795, 0.000, 0.000, 0.429, 0.000, 0.644, 0.000, 0.017, 0.011, 0.011, 0.011
26.880, 0.565, -0.851, 0.000, 1.000, 0.161, 0.000, 0.247, 1.000, 0.017, 0.011, 0.011, 0.012
26.900, 0.502, -0.874, 0.000, 0.000, 1.000, 1.000, 0.000, 0.000, 0.017, 0.011, 0.012, 0.012
26.920, 0.429, -0.877, 0.000, 0.000, 1.000, 0.000, 0.000, 0.000, 0.016, 0.011, 0.011, 0.012
26.940, 0.340, -0.874, 0.000, 0.000, 1.000, 0.000, 0.000, 0.000, 0.016, 0.010, 0.012, 0.012
26.960, 0.228, -0.866, 0.000, 0.000, 1.000, 0.000, 0.069, 0.000, 0.016, 0.010, 0.012, 0.012
26.980, 0.076, -0.856, 0.000, 0.000, 1.000, 1.000, 0.031, 0.000, 0.016, 0.010, 0.012, 0.012
27.000, -0.132, -0.839, 0.000, 0.000, 1.000, 1.000, 0.000, 0.000, 0.016, 0.010, 0.011, 0.012
27.020, -0.397, -0.814, 0.000, 0.000, 0.000, 1.000, 0.000, 0.000, 0.016, 0.011, 0.011, 0.011
27.040, -0.655, -0.773, 0.000, 0.000, 0.000, 1.000, 0.000, 0.000, 0.016, 0.011, 0.011, 0.011
27.060, -0.812, -0.716, 0.000, 0.000, 0.040, 1.000, 0.000, 0.000, 0.016, 0.011, 0.011, 0.011
27.080, -0.871, -0.650, 0.000, 0.000, 0.034, 1.000, 0.000, 0.000, 0.016, 0.011, 0.011, 0.011
27.100, -0.886, -0.582, 0.000, 0.000, 0.000, 1.000, 0.010, 0.000, 0.016, 0.012, 0.011, 0.011
27.120, -0.886, -0.513, 0.000, 0.000, 0.589, 0.000, 0.429, 0.000, 0.016, 0.011, 0.012, 0.011
27.140, -0.882, -0.438, 0.000, 0.000, 0.000, 0.000, 0.000, 0.000, 0.016, 0.012, 0.012, 0.011
27.160, -0.876, -0.351, 0.000, 0.000, 0.247, 0.000, 0.000, 0.000, 0.016, 0.011, 0.012, 0.011
27.180, -0.868, -0.242, 0.000, 0.000, 0.261, 0.128, 0.419, 0.000, 0.015, 0.011, 0.012, 0.011
27.200, -0.857, -0.095, 0.000, 0.000, 0.000, 0.000, 0.000, 0.000, 0.015, 0.011, 0.012, 0.011
27.220, -0.842, 0.107, 1.000, 0.000, 0.159, 0.000, 0.000, 1.000, 0.016, 0.011, 0.013, 0.011
27.240, -0.821, 0.364, 1.000, 1.000, 0.281, 0.000, 0.000, 0.000, 0.016, 0.011, 0.013, 0.011
27.260, -0.800, 0.598, 1.000, 1.000, 0.000, 0.000, 0.000, 0.000, 0.016, 0.011, 0.013, 0.011
27.280, -0.769, 0.749, 1.000, 1.000, 0.000, 0.000, 0.000, 0.000, 0.015, 0.011, 0.013, 0.011
27.300, -0.742, 0.810, 1.000, 1.000, 0.000, 0.000, 0.000, 0.000, 0.015, 0.010, 0.013, 0.011
27.320, -0.729, 0.822, 1.000, 1.000, 0.000, 0.000, 0.000, 0.000, 0.015, 0.010, 0.013, 0.011
27.340, -0.694, 0.850, 1.000, 1.000, 0.000, 0.098, 0.000, 0.000, 0.015, 0.010, 0.013, 0.011
27.360, -0.625, 0.882, 1.000, 0.000, 0.000, 0.311, 0.000, 1.000, 0.016, 0.010, 0.013, 0.011
27.380, -0.557, 0.887, 1.000, 0.000, 0.000, 0.000, 1.000, 1.000, 0.016, 0.010, 0.013, 0.011
27.400, -0.486, 0.885, 1.000, 0.000, 0.000, 0.000, 1.000, 1.000, 0.016, 0.010, 0.013, 0.011
27.420, -0.408, 0.880, 1.000, 0.000, 0.000, 0.021, 1.000, 1.000, 0.017, 0.010, 0.013, 0.012
27.440, -0.313, 0.873, 1.000, 0.000, 0.000, 0.016, 1.000, 1.000, 0.017, 0.010, 0.013, 0.011
27.460, -0.192, 0.864, 1.000, 0.000, 0.000, 0.000, 1.000, 1.000, 0.017, 0.010, 0.012, 0.011
27.480, -0.028, 0.852, 1.000, 0.108, 0.000, 0.000, 1.000, 0.892, 0.017, 0.010, 0.012, 0.011
27.500, 0.195, 0.833, 1.000, 0.270, 0.000, 0.000, 1.000, 0.730, 0.017, 0.010, 0.012, 0.011
27.520, 0.467, 0.805, 1.000, 0.047, 0.000, 0.000, 1.000, 0.953, 0.017, 0.010, 0.012, 0.011
27.540, 0.706, 0.760, 1.000, 0.000, 0.000, 0.000, 1.000, 1.000, 0.017, 0.010, 0.012, 0.011
27.560, 0.834, 0.699, 1.000, 0.000, 0.000, 0.000, 1.000, 1.000, 0.017, 0.010, 0.012, 0.011
27.580, 0.877, 0.632, 1.000, 0.000, 0.000, 0.000, 1.000, 1.000, 0.017, 0.010, 0.012, 0.010
27.600, 0.886, 0.565, 1.000, 0.000, 0.000, 0.000, 1.000, 1.000, 0.017, 0.011, 0.012, 0.010
27.620, 0.885, 0.495, 1.000, 0.000, 0.000, 0.000, 1.000, 1.000, 0.017, 0.011, 0.012, 0.010
27.640, 0.880, 0.418, 1.000, 0.000, 0.000, 0.000, 1.000, 1.000, 0.017, 0.011, 0.012, 0.010
27.660, 0.874, 0.326, 1.000, 0.000, 1.000, 0.000, 0.000, 1.000, 0.017, 0.011, 0.012, 0.011
27.680, 0.810, -0.071, 0.000, 1.000, 0.000, 0.000, 0.000, 1.000, 0.017, 0.011, 0.012, 0.011
27.700, 0.782, -0.306, 0.000, 1.000, 0.765, 0.000, 0.000, 1.000, 0.017, 0.011, 0.012, 0.012
27.720, 0.740, -0.545, 0.000, 1.000, 0.675, 0.000, 0.000, 1.000, 0.017, 0.011, 0.012, 0.012
27.740, 0.634, -0.684, 0.000, 1.000, 0.084, 0.000, 0.000, 1.000, 0.018, 0.011, 0.012, 0.012
27.760, 0.602, -0.813, 0.000, 0.000, 0.400, 0.000, 0.899, 0.000, 0.017, 0.011, 0.011, 0.011
27.780, 0.511, -0.847, 0.000, 1.000, 0.387, 0.000, 0.289, 1.000, 0.017, 0.011, 0.011, 0.012
27.800, 0.445, -0.869, 0.000, 0.000, 0.057, 1.000, 0.000, 0.000, 0.017, 0.011, 0.012, 0.012
27.820, 0.363, -0.872, 0.000, 0.000, 1.000, 0.000, 0.000, 0.000, 0.017, 0.011, 0.012, 0.012
27.840, 0.258, -0.867, 0.000, 0.000, 1.000, 0.000, 0.000, 0.000, 0.016, 0.011, 0.012, 0.012
27.860, 0.117, -0.858, 0.000, 0.000, 1.000, 0.000, 0.000, 0.000, 0.016, 0.011, 0.012, 0.012
27.880, -0.076, -0.844, 0.000, 0.000, 1.000, 0.000, 0.384, 0.000, 0.016, 0.010, 0.012, 0.012
27.900, -0.330, -0.821, 0.000, 0.000, 1.000, 0.000, 0.000, 0.000, 0.016, 0.010, 0.012, 0.012
27.920, -0.599, -0.785, 0.000, 0.000, 1.000, 0.000, 0.076, 0.000, 0.016, 0.010, 0.013, 0.012
27.940, -0.785, -0.731, 0.000, 0.000, 1.000, 1.000, 0.000, 0.000, 0.016, 0.010, 0.012, 0.012
27.960, -0.863, -0.666, 0.000, 0.000, 1.000, 1.000, 0.000, 0.000, 0.016, 0.010, 0.012, 0.012
27.980, -0.884, -0.599, 0.000, 0.000, 1.000, 1.000, 0.000, 0.000, 0.016, 0.010, 0.012, 0.012
28.000, -0.886, -0.530, 0.000, 0.000, 0.000, 1.000, 0.000, 0.000, 0.016, 0.011, 0.012, 0.011
28.020, -0.883, -0.457, 0.000, 0.000, 0.107, 1.000, 0.000, 0.000, 0.016, 0.011, 0.012, 0.011
28.040, -0.877, -0.374, 0.000, 0.000, 0.270, 1.000, 0.000, 0.000, 0.016, 0.011, 0.011, 0.011
28.060, -0.870, -0.271, 0.000, 0.000, 0.000, 0.729, 0.048, 0.000, 0.016, 0.011, 0.012, 0.011
28.080, -0.860, -0.135, 0.000, 0.000, 1.000, 0.000, 0.105, 0.000, 0.016, 0.011, 0.012, 0.011
28.100, -0.846, 0.052, 1.000, 0.000, 0.319, 0.000, 0.439, 1.000, 0.016, 0.011, 0.012, 0.011
28.120, -0.824, 0.300, 1.000, 0.061, 0.202, 0.018, 0.107, 0.939, 0.017, 0.011, 0.013, 0.011
28.140, -0.789, 0.572, 1.000, 0.000, 0.000, 0.017, 0.000, 1.000, 0.017, 0.011, 0.013, 0.011
28.160, -0.738, 0.771, 1.000, 0.000, 0.000, 0.000, 0.000, 1.000, 0.017, 0.011, 0.013, 0.011
28.180, -0.673, 0.858, 1.000, 0.053, 0.000, 0.000, 0.000, 0.947, 0.017, 0.010, 0.013, 0.011
28.200, -0.643, 0.863, 1.000, 1.000, 0.000, 0.000, 0.000, 0.000, 0.017, 0.010, 0.013, 0.011
28.220, -0.679, 0.822, 1.000, 1.000, 0.000, 0.000, 0.000, 0.000, 0.016, 0.010, 0.013, 0.011
28.240, -0.700, 0.815, 1.000, 1.000, 0.000, 0.000, 0.000, 0.000, 0.016, 0.010, 0.013, 0.011
28.260, -0.692, 0.832, 1.000, 1.000, 0.000, 0.000, 0.000, 0.000, 0.016, 0.010, 0.013, 0.011
28.280, -0.679, 0.843, 1.000, 1.000, 0.000, 0.000, 0.000, 0.000, 0.016, 0.010, 0.013, 0.011
28.300, -0.680, 0.836, 1.000, 1.000, 0.000, 0.000, 0.000, 0.000, 0.016, 0.010, 0.013, 0.011
28.320, -0.676, 0.839, 1.000, 1.000, 0.000, 0.000, 0.000, 0.000, 0.016, 0.010, 0.014, 0.011
28.340, -0.626, 0.870, 1.000, 1.000, 0.000, 0.000, 0.000, 0.000, 0.016, 0.010, 0.014, 0.011
28.360, -0.560, 0.884, 1.000, 0.000, 0.000, 0.416, 1.000, 1.000, 0.016, 0.010, 0.013, 0.011
28.380, -0.490, 0.884, 1.000, 0.000, 0.000, 0.038, 1.000, 1.000, 0.016, 0.010, 0.014, 0.012
28.400, -0.412, 0.880, 1.000, 0.000, 0.000, 0.002, 1.000, 1.000, 0.017, 0.010, 0.013, 0.011
28.420, -0.319, 0.873, 1.000, 0.000, 0.000, 0.000, 1.000, 1.000, 0.017, 0.010, 0.013, 0.011
28.440, -0.200, 0.865, 1.000, 0.075, 0.000, 0.000, 1.000, 0.925, 0.017, 0.010, 0.013, 0.011
28.460, -0.039, 0.853, 1.000, 0.127, 0.000, 0.000, 1.000, 0.873, 0.017, 0.010, 0.012, 0.011
28.480, 0.180, 0.834, 1.000, 0.235, 0.000, 0.000, 1.000, 0.765, 0.017, 0.010, 0.012, 0.011
28.500, 0.450, 0.807, 1.000, 0.060, 0.000, 0.000, 1.000, 0.940, 0.017, 0.010, 0.012, 0.011
28.520, 0.694, 0.763, 1.000, 0.000, 0.000, 0.000, 1.000, 1.000, 0.017, 0.010, 0.012, 0.011
28.540, 0.829, 0.703, 1.000, 0.000, 0.000, 0.000, 1.000, 1.000, 0.017, 0.010, 0.012, 0.011
28.560, 0.876, 0.637, 1.000, 0.000, 0.000, 0.000, 1.000, 1.000, 0.017, 0.010, 0.012, 0.011
28.580, 0.886, 0.569, 1.000, 0.000, 0.000, 0.000, 1.000, 1.000, 0.017, 0.010, 0.012, 0.011
28.600, 0.885, 0.499, 1.000, 0.000, 0.316, 1.000, 1.000, 1.000, 0.017, 0.011, 0.013, 0.011
28.620, 0.851, 0.081, 1.000, 1.000, 0.000, 0.799, 0.000, 0.000, 0.017, 0.011, 0.013, 0.011
28.640, 0.819, -0.140, 0.000, 1.000, 0.221, 0.000, 0.000, 1.000, 0.017, 0.011, 0.013, 0.011
28.660, 0.803, -0.401, 0.000, 0.163, 0.913, 0.000, 0.000, 0.163, 0.017, 0.011, 0.012, 0.012
28.680, 0.766, -0.656, 0.000, 0.077, 0.962, 0.000, 0.000, 0.077, 0.017, 0.010, 0.012, 0.012
28.700, 0.711, -0.812, 0.000, 0.172, 0.682, 0.000, 0.302, 0.172, 0.016, 0.010, 0.012, 0.012
28.720, 0.645, -0.871, 0.000, 0.000, 0.271, 1.000, 0.000, 0.000, 0.016, 0.011, 0.013, 0.012
28.740, 0.578, -0.885, 0.000, 0.000, 1.000, 1.000, 0.000, 0.000, 0.016, 0.010, 0.013, 0.012
28.760, 0.509, -0.886, 0.000, 0.000, 1.000, 0.000, 0.000, 0.000, 0.016, 0.010, 0.013, 0.012
28.780, 0.434, -0.882, 0.000, 0.000, 1.000, 0.000, 0.000, 0.000, 0.016, 0.010, 0.012, 0.012
28.800, 0.346, -0.875, 0.000, 0.000, 1.000, 0.000, 0.000, 0.000, 0.016, 0.010, 0.012, 0.012
28.820, 0.235, -0.867, 0.000, 0.000, 1.000, 0.000, 0.129, 0.000, 0.016, 0.010, 0.013, 0.012
28.840, 0.086, -0.857, 0.000, 0.000, 1.000, 0.000, 0.095, 0.000, 0.016, 0.010, 0.013, 0.012
28.860, -0.119, -0.841, 0.000, 0.000, 1.000, 0.000, 0.074, 0.000, 0.016, 0.010, 0.013, 0.013
28.880, -0.382, -0.816, 0.000, 0.000, 1.000, 0.478, 0.000, 0.000, 0.016, 0.010, 0.013, 0.013
28.900, -0.643, -0.776, 0.000, 0.000, 1.000, 1.000, 0.000, 0.000, 0.016, 0.010, 0.013, 0.013
28.920, -0.807, -0.719, 0.000, 0.000, 1.000, 1.000, 0.000, 0.000, 0.016, 0.010, 0.013, 0.012
28.940, -0.869, -0.653, 0.000, 0.000, 1.000, 1.000, 0.000, 0.000, 0.016, 0.010, 0.012, 0.012
28.960, -0.885, -0.586, 0.000, 0.000, 1.000, 1.000, 0.000, 0.000, 0.016, 0.010, 0.012, 0.012
28.980, -0.886, -0.517, 0.000, 0.000, 1.000, 1.000, 0.000, 0.000, 0.016, 0.010, 0.012, 0.012
29.000, -0.882, -0.443, 0.000, 0.000, 1.000, 1.000, 0.000, 0.000, 0.015, 0.010, 0.012, 0.011
29.020, -0.876, -0.357, 0.000, 0.000, 1.000, 1.000, 0.000, 0.000, 0.015, 0.010, 0.012, 0.011
29.040, -0.868, -0.249, 0.000, 0.000, 1.000, 1.000, 0.000, 0.000, 0.015, 0.010, 0.012, 0.011
29.060, -0.858, -0.104, 0.000, 0.000, 1.000, 1.000, 0.000, 0.000, 0.015, 0.010, 0.012, 0.011
29.080, -0.843, 0.094, 1.000, 0.000, 1.000, 1.000, 0.000, 1.000, 0.016, 0.010, 0.012, 0.011
29.100, -0.819, 0.351, 1.000, 0.213, 0.416, 1.000, 0.000, 0.787, 0.016, 0.010, 0.012, 0.011
29.120, -0.787, 0.610, 1.000, 1.000, 0.269, 1.000, 0.000, 0.000, 0.016, 0.010, 0.012, 0.011
29.140, -0.739, 0.782, 1.000, 1.000, 0.000, 1.000, 0.000, 0.000, 0.016, 0.011, 0.012, 0.011
29.160, -0.726, 0.816, 1.000, 1.000, 0.000, 1.000, 0.009, 0.000, 0.015, 0.011, 0.012, 0.011
29.180, -0.691, 0.849, 1.000, 1.000, 0.000, 1.000, 0.000, 0.000, 0.015, 0.011, 0.012, 0.011
29.200, -0.672, 0.852, 1.000, 1.000, 0.000, 0.000, 0.000, 0.000, 0.015, 0.011, 0.012, 0.011
29.220, -0.646, 0.859, 1.000, 1.000, 0.000, 0.000, 0.000, 0.000, 0.015, 0.011, 0.013, 0.011
29.240, -0.637, 0.852, 1.000, 1.000, 0.000, 0.000, 0.000, 0.000, 0.015, 0.011, 0.013, 0.011
29.260, -0.626, 0.852, 1.000, 1.000, 0.007, 0.000, 0.000, 0.000, 0.015, 0.011, 0.013, 0.011
29.280, -0.634, 0.842, 1.000, 1.000, 0.039, 0.000, 0.000, 0.000, 0.015, 0.011, 0.013, 0.011
29.300, -0.635, 0.843, 1.000, 1.000, 0.101, 0.000, 0.000, 0.000, 0.015, 0.011, 0.013, 0.011
29.320, -0.644, 0.838, 1.000, 1.000, 0.000, 0.000, 0.000, 0.000, 0.015, 0.011, 0.013, 0.011
29.340, -0.649, 0.838, 1.000, 1.000, 0.000, 0.000, 0.000, 0.000, 0.015, 0.010, 0.014, 0.011
29.360, -0.651, 0.840, 1.000, 1.000, 0.000, 0.000, 0.000, 0.000, 0.015, 0.010, 0.014, 0.011
29.380, -0.589, 0.876, 1.000, 0.000, 0.119, 0.519, 0.000, 1.000, 0.015, 0.010, 0.013, 0.012
29.400, -0.522, 0.883, 1.000, 0.001, 0.219, 0.362, 0.000, 0.999, 0.016, 0.010, 0.013, 0.012
29.420, -0.449, 0.882, 1.000, 0.000, 0.283, 0.067, 1.000, 1.000, 0.016, 0.010, 0.014, 0.012
29.440, -0.364, 0.876, 1.000, 0.000, 0.064, 0.016, 1.000, 1.000, 0.016, 0.010, 0.014, 0.011
29.460, -0.259, 0.869, 1.000, 0.000, 0.000, 0.092, 1.000, 1.000, 0.016, 0.010, 0.014, 0.011
29.480, -0.119, 0.859, 1.000, 0.000, 1.000, 0.008, 1.000, 1.000, 0.016, 0.011, 0.013, 0.011
29.500, 0.074, 0.844, 1.000, 0.000, 0.000, 0.000, 1.000, 1.000, 0.016, 0.010, 0.013, 0.011
29.520, 0.328, 0.821, 1.000, 0.000, 0.000, 0.000, 1.000, 1.000, 0.017, 0.010, 0.013, 0.011
29.540, 0.597, 0.785, 1.000, 0.000, 0.000, 0.000, 1.000, 1.000, 0.017, 0.010, 0.013, 0.011
29.560, 0.784, 0.731, 1.000, 0.000, 0.000, 0.000, 1.000, 1.000, 0.017, 0.010, 0.013, 0.011
29.580, 0.862, 0.666, 1.000, 0.000, 0.000, 0.000, 1.000, 1.000, 0.017, 0.010, 0.012, 0.011
29.600, 0.884, 0.599, 1.000, 0.000, 0.000, 0.000, 1.000, 1.000, 0.017, 0.010, 0.012, 0.011
29.620, 0.886, 0.530, 1.000, 0.053, 0.000, 0.000, 1.000, 0.947, 0.017, 0.010, 0.012, 0.011
29.640, 0.883, 0.457, 1.000, 0.107, 0.000, 0.000, 1.000, 0.893, 0.017, 0.010, 0.012, 0.011
29.660, 0.877, 0.373, 1.000, 0.203, 0.000, 0.000, 1.000, 0.797, 0.017, 0.010, 0.012, 0.011
29.680, 0.870, 0.270, 1.000, 0.000, 0.000, 0.000, 1.000, 1.000, 0.017, 0.010, 0.012, 0.011
29.700, 0.860, 0.134, 1.000, 0.000, 0.000, 0.000, 1.000, 1.000, 0.017, 0.010, 0.012, 0.011
29.720, 0.846, -0.054, 0.000, 0.000, 0.000, 1.000, 0.241, 0.000, 0.016, 0.010, 0.013, 0.011
29.740, 0.824, -0.302, 0.000, 0.000, 0.285, 1.000, 0.000, 0.000, 0.016, 0.010, 0.013, 0.011
29.760, 0.789, -0.574, 0.000, 0.000, 1.000, 1.000, 0.000, 0.000, 0.016, 0.010, 0.013, 0.012
29.780, 0.737, -0.772, 0.000, 0.000, 1.000, 1.000, 0.000, 0.000, 0.016, 0.010, 0.014, 0.012
29.800, 0.602, -0.805, 0.000, 1.000, 1.000, 0.000, 0.000, 1.000, 0.016, 0.010, 0.013, 0.012
29.820, 0.309, -0.739, 0.000, 1.000, 0.000, 0.000, 0.000, 1.000, 0.017, 0.010, 0.013, 0.012
29.840, 0.222, -0.808, 0.000, 0.000, 0.235, 0.000, 0.412, 0.000, 0.016, 0.011, 0.013, 0.012
29.860, 0.084, -0.831, 0.000, 0.000, 0.406, 0.000, 0.324, 0.000, 0.016, 0.011, 0.013, 0.012
29.880, -0.173, -0.812, 0.000, 1.000, 0.228, 0.000, 0.186, 1.000, 0.016, 0.011, 0.013, 0.012
29.900, -0.438, -0.796, 0.000, 0.000, 0.000, 1.000, 0.000, 0.000, 0.016, 0.011, 0.013, 0.012
29.920, -0.684, -0.758, 0.000, 0.000, 0.000, 1.000, 0.000, 0.000, 0.016, 0.011, 0.013, 0.012
29.940, -0.824, -0.701, 0.000, 0.000, 1.000, 1.000, 0.000, 0.000, 0.016, 0.011, 0.013, 0.011
29.960, -0.874, -0.636, 0.000, 0.000, 1.000, 1.000, 0.000, 0.000, 0.016, 0.010, 0.012, 0.011
29.980, -0.886, -0.569, 0.000, 0.000, 1.000, 1.000, 0.000, 0.000, 0.016, 0.010, 0.012, 0.011
30.000, -0.885, -0.499, 0.000, 0.000, 1.000, 1.000, 0.000, 0.000, 0.015, 0.010, 0.012, 0.011
30.020, -0.881, -0.423, 0.000, 0.000, 0.234, 1.000, 0.000, 0.000, 0.015, 0.010, 0.012, 0.011
30.040, -0.874, -0.332, 0.000, 0.000, 0.000, 1.000, 0.000, 0.000, 0.015, 0.011, 0.012, 0.011
30.060, -0.866, -0.216, 0.000, 0.000, 0.000, 1.000, 0.000, 0.000, 0.015, 0.011, 0.012, 0.011
30.080, -0.855, -0.060, 0.000, 0.000, 0.000, 1.000, 0.000, 0.000, 0.015, 0.011, 0.012, 0.011
30.100, -0.838, 0.154, 1.000, 0.000, 0.210, 1.000, 0.000, 1.000, 0.016, 0.011, 0.012, 0.011
30.120, -0.821, 0.411, 1.000, 1.000, 0.000, 1.000, 0.000, 0.000, 0.016, 0.011, 0.012, 0.011
30.140, -0.806, 0.617, 1.000, 1.000, 0.000, 1.000, 0.000, 0.000, 0.015, 0.012, 0.012, 0.011
30.160, -0.778, 0.745, 1.000, 1.000, 0.000, 0.000, 0.000, 0.000, 0.015, 0.012, 0.013, 0.011
30.180, -0.732, 0.826, 1.000, 1.000, 0.000, 0.000, 0.000, 0.000, 0.015, 0.012, 0.013, 0.011
30.200, -0.661, 0.877, 1.000, 0.000, 0.000, 0.000, 0.000, 1.000, 0.016, 0.012, 0.013, 0.011
30.220, -0.591, 0.888, 1.000, 0.000, 0.000, 0.000, 0.000, 1.000, 0.016, 0.011, 0.013, 0.011
30.240, -0.522, 0.887, 1.000, 0.000, 0.137, 0.000, 0.000, 1.000, 0.016, 0.011, 0.014, 0.011
30.260, -0.449, 0.883, 1.000, 0.118, 0.357, 0.060, 0.000, 0.882, 0.016, 0.011, 0.014, 0.011
30.280, -0.364, 0.877, 1.000, 0.000, 0.220, 0.000, 0.000, 1.000, 0.017, 0.011, 0.014, 0.011
30.300, -0.258, 0.869, 1.000, 0.000, 0.176, 0.128, 0.000, 1.000, 0.017, 0.011, 0.014, 0.011
30.320, -0.117, 0.859, 1.000, 0.000, 0.214, 0.098, 0.000, 1.000, 0.017, 0.011, 0.014, 0.011
30.340, 0.076, 0.844, 1.000, 0.030, 0.215, 0.118, 0.000, 0.970, 0.017, 0.011, 0.014, 0.010
30.360, 0.330, 0.821, 1.000, 0.017, 0.060, 0.112, 0.000, 0.983, 0.017, 0.011, 0.014, 0.011
30.380, 0.599, 0.785, 1.000, 0.000, 0.047, 0.013, 0.000, 1.000, 0.017, 0.011, 0.014, 0.011
30.400, 0.785, 0.731, 1.000, 0.000, 1.000, 0.049, 0.000, 1.000, 0.017, 0.011, 0.014, 0.012
30.420, 0.863, 0.666, 1.000, 0.000, 0.000, 0.090, 1.000, 1.000, 0.017, 0.011, 0.014, 0.011
30.440, 0.884, 0.598, 1.000, 0.000, 0.000, 0.163, 1.000, 1.000, 0.017, 0.011, 0.014, 0.011
30.460, 0.886, 0.530, 1.000, 0.000, 0.000, 0.184, 1.000, 1.000, 0.017, 0.011, 0.014, 0.011
30.480, 0.883, 0.457, 1.000, 0.000, 0.000, 0.068, 1.000, 1.000, 0.017, 0.011, 0.013, 0.011
30.500, 0.877, 0.373, 1.000, 0.155, 0.000, 0.000, 1.000, 0.845, 0.017, 0.010, 0.013, 0.011
30.520, 0.870, 0.270, 1.000, 0.219, 0.000, 0.000, 1.000, 0.781, 0.017, 0.010, 0.013, 0.011
30.540, 0.860, 0.132, 1.000, 0.234, 0.000, 0.000, 1.000, 0.766, 0.017, 0.010, 0.013, 0.011
30.560, 0.846, -0.055, 0.000, 0.210, 0.000, 0.000, 1.000, 0.210, 0.017, 0.010, 0.013, 0.010
30.580, 0.824, -0.304, 0.000, 0.000, 0.000, 0.000, 1.000, 0.000, 0.016, 0.010, 0.013, 0.010
30.600, 0.789, -0.576, 0.000, 0.000, 0.000, 0.000, 1.000, 0.000, 0.016, 0.010, 0.013, 0.010
30.620, 0.737, -0.773, 0.000, 0.000, 0.000, 0.000, 1.000, 0.000, 0.016, 0.010, 0.013, 0.010
30.640, 0.672, -0.859, 0.000, 0.000, 0.000, 0.000, 1.000, 0.000, 0.016, 0.010, 0.013, 0.010
30.660, 0.605, -0.883, 0.000, 0.000, 0.000, 1.000, 0.000, 0.000, 0.016, 0.011, 0.013, 0.011
30.680, 0.530, -0.884, 0.000, 1.000, 0.000, 1.000, 0.000, 1.000, 0.016, 0.011, 0.014, 0.011
30.700, 0.314, -0.829, 0.000, 1.000, 0.000, 0.000, 0.000, 1.000, 0.017, 0.011, 0.013, 0.012
30.720, 0.153, -0.833, 0.000, 1.000, 0.144, 0.000, 0.732, 1.000, 0.017, 0.012, 0.013, 0.011
30.740, -0.124, -0.804, 0.000, 1.000, 0.000, 0.000, 0.429, 1.000, 0.017, 0.012, 0.013, 0.011
30.760, -0.379, -0.797, 0.000, 0.000, 1.000, 0.000, 0.000, 0.000, 0.017, 0.011, 0.013, 0.012
30.780, -0.637, -0.766, 0.000, 0.000, 1.000, 0.000, 0.000, 0.000, 0.016, 0.011, 0.013, 0.012
30.800, -0.803, -0.713, 0.000, 0.000, 1.000, 0.000, 0.000, 0.000, 0.016, 0.011, 0.013, 0.012
30.820, -0.868, -0.649, 0.000, 0.000, 1.000, 0.000, 0.000, 0.000, 0.016, 0.011, 0.013, 0.012
30.840, -0.885, -0.582, 0.000, 0.000, 1.000, 0.000, 0.000, 0.000, 0.016, 0.011, 0.012, 0.012
30.860, -0.886, -0.512, 0.000, 0.467, 1.000, 0.000, 0.000, 0.467, 0.016, 0.010, 0.012, 0.012
30.880, -0.883, -0.427, 0.000, 1.000, 1.000, 0.000, 0.000, 1.000, 0.017, 0.010, 0.013, 0.012
30.900, -0.875, -0.336, 0.000, 0.000, 1.000, 1.000, 0.000, 0.000, 0.016, 0.010, 0.013, 0.012
30.920, -0.867, -0.222, 0.000, 0.000, 1.000, 1.000, 0.000, 0.000, 0.016, 0.010, 0.013, 0.012
30.940, -0.855, -0.068, 0.000, 0.000, 1.000, 1.000, 0.000, 0.000, 0.016, 0.010, 0.012, 0.012
30.960, -0.839, 0.143, 1.000, 0.000, 1.000, 1.000, 0.000, 1.000, 0.016, 0.010, 0.012, 0.012
30.980, -0.812, 0.410, 1.000, 0.000, 1.000, 1.000, 0.000, 1.000, 0.017, 0.010, 0.012, 0.011
31.000, -0.771, 0.665, 1.000, 0.000, 1.000, 1.000, 0.000, 1.000, 0.017, 0.010, 0.012, 0.011
31.020, -0.713, 0.816, 1.000, 0.000, 1.000, 1.000, 0.000, 1.000, 0.017, 0.010, 0.012, 0.011
31.040, -0.647, 0.872, 1.000, 0.000, 1.000, 1.000, 0.000, 1.000, 0.017, 0.010, 0.012, 0.011
31.060, -0.579, 0.886, 1.000, 0.000, 1.000, 1.000, 0.000, 1.000, 0.017, 0.010, 0.012, 0.011
31.080, -0.510, 0.886, 1.000, 0.000, 1.000, 1.000, 0.000, 1.000, 0.017, 0.010, 0.012, 0.011
31.100, -0.435, 0.882, 1.000, 0.000, 1.000, 1.000, 0.000, 1.000, 0.017, 0.010, 0.012, 0.011
31.120, -0.347, 0.875, 1.000, 0.000, 1.000, 0.622, 0.000, 1.000, 0.017, 0.010, 0.012, 0.011
31.140, -0.236, 0.867, 1.000, 0.000, 1.000, 0.441, 0.000, 1.000, 0.018, 0.010, 0.013, 0.011
31.160, -0.087, 0.857, 1.000, 0.000, 1.000, 1.000, 0.000, 1.000, 0.018, 0.010, 0.012, 0.011
31.180, -0.083, 0.774, 1.000, 1.000, 1.000, 0.000, 0.000, 0.000, 0.017, 0.010, 0.013, 0.011
31.200, 0.100, 0.803, 1.000, 0.000, 0.196, 0.000, 0.000, 1.000, 0.017, 0.010, 0.013, 0.011
31.220, 0.280, 0.773, 1.000, 1.000, 0.000, 0.000, 0.000, 0.000, 0.017, 0.011, 0.013, 0.011
31.240, 0.543, 0.763, 1.000, 0.047, 0.000, 0.000, 0.000, 0.953, 0.017, 0.011, 0.013, 0.011
31.260, 0.750, 0.724, 1.000, 0.023, 0.016, 0.023, 0.000, 0.977, 0.017, 0.011, 0.014, 0.011
31.280, 0.805, 0.542, 1.000, 1.000, 1.000, 0.000, 0.000, 0.000, 0.017, 0.011, 0.014, 0.011
31.300, 0.856, 0.488, 1.000, 0.000, 1.000, 0.080, 0.000, 1.000, 0.017, 0.011, 0.014, 0.011
31.320, 0.871, 0.416, 1.000, 0.000, 1.000, 0.061, 0.000, 1.000, 0.018, 0.010, 0.014, 0.011
31.340, 0.871, 0.326, 1.000, 0.000, 1.000, 0.067, 0.000, 1.000, 0.018, 0.011, 0.014, 0.011
31.360, 0.864, 0.210, 1.000, 0.000, 1.000, 0.185, 0.000, 1.000, 0.018, 0.011, 0.014, 0.011
31.380, 0.853, 0.052, 1.000, 0.000, 1.000, 0.235, 0.000, 1.000, 0.018, 0.011, 0.014, 0.011
31.400, 0.837, -0.165, 0.000, 0.008, 1.000, 0.291, 0.000, 0.008, 0.017, 0.012, 0.014, 0.011
31.420, 0.758, -0.382, 0.000, 1.000, 0.000, 0.000, 0.000, 1.000, 0.018, 0.011, 0.013, 0.012
31.440, 0.713, -0.606, 0.000, 1.000, 0.000, 0.000, 0.000, 1.000, 0.018, 0.011, 0.013, 0.012
31.460, 0.656, -0.764, 0.000, 1.000, 0.303, 0.000, 0.000, 1.000, 0.018, 0.011, 0.013, 0.012
31.480, 0.592, -0.841, 0.000, 1.000, 0.453, 0.000, 0.000, 1.000, 0.018, 0.011, 0.013, 0.012
31.500, 0.507, -0.862, 0.000, 1.000, 0.279, 0.000, 1.000, 1.000, 0.018, 0.011, 0.013, 0.012
31.520, 0.352, -0.844, 0.000, 1.000, 0.000, 0.000, 1.000, 1.000, 0.018, 0.011, 0.013, 0.011
31.540, 0.087, -0.803, 0.000, 1.000, 0.000, 0.000, 1.000, 1.000, 0.018, 0.010, 0.013, 0.011
31.560, -0.270, -0.759, 0.000, 1.000, 0.000, 0.000, 1.000, 1.000, 0.018, 0.010, 0.012, 0.011
31.580, -0.648, -0.680, 0.000, 1.000, 0.000, 0.000, 1.000, 1.000, 0.018, 0.010, 0.012, 0.011
31.600, -0.810, -0.630, 0.000, 1.000, 0.000, 0.000, 1.000, 1.000, 0.018, 0.010, 0.012, 0.011
31.620, -0.864, -0.575, 0.000, 0.000, 1.000, 0.000, 1.000, 0.000, 0.018, 0.011, 0.012, 0.011
31.640, -0.879, -0.510, 0.000, 0.000, 0.000, 0.000, 1.000, 0.000, 0.017, 0.011, 0.012, 0.011
31.660, -0.879, -0.437, 0.000, 0.000, 0.000, 0.000, 1.000, 0.000, 0.017, 0.010, 0.012, 0.011
31.680, -0.875, -0.350, 0.000, 0.000, 0.000, 0.000, 1.000, 0.000, 0.017, 0.010, 0.012, 0.011
31.700, -0.867, -0.240, 0.000, 0.000, 0.073, 1.000, 1.000, 0.000, 0.017, 0.010, 0.013, 0.011
31.720, -0.857, -0.093, 0.000, 0.000, 0.373, 0.985, 0.404, 0.000, 0.017, 0.010, 0.013, 0.011
31.740, -0.841, 0.110, 1.000, 0.000, 1.000, 0.000, 0.000, 1.000, 0.017, 0.011, 0.013, 0.011
31.760, -0.817, 0.371, 1.000, 0.000, 1.000, 0.000, 0.000, 1.000, 0.018, 0.011, 0.013, 0.012
31.780, -0.778, 0.634, 1.000, 0.000, 1.000, 1.000, 0.000, 1.000, 0.018, 0.010, 0.013, 0.012
31.800, -0.722, 0.802, 1.000, 0.000, 1.000, 1.000, 0.000, 1.000, 0.018, 0.010, 0.013, 0.012
31.820, -0.656, 0.868, 1.000, 0.032, 1.000, 1.000, 0.000, 0.968, 0.018, 0.010, 0.014, 0.012
31.840, -0.589, 0.885, 1.000, 0.000, 1.000, 1.000, 0.000, 1.000, 0.018, 0.010, 0.013, 0.012
31.860, -0.520, 0.886, 1.000, 0.000, 1.000, 1.000, 0.000, 1.000, 0.018, 0.010, 0.013, 0.012
31.880, -0.446, 0.882, 1.000, 0.000, 1.000, 1.000, 0.000, 1.000, 0.018, 0.010, 0.013, 0.012
31.900, -0.361, 0.876, 1.000, 0.000, 1.000, 1.000, 0.000, 1.000, 0.019, 0.010, 0.013, 0.012
31.920, -0.254, 0.869, 1.000, 0.000, 1.000, 1.000, 0.000, 1.000, 0.019, 0.010, 0.012, 0.012
31.940, -0.111, 0.858, 1.000, 0.000, 1.000, 1.000, 0.000, 1.000, 0.019, 0.010, 0.012, 0.011
31.960, 0.084, 0.843, 1.000, 0.000, 1.000, 1.000, 0.000, 1.000, 0.019, 0.010, 0.012, 0.011
31.980, 0.340, 0.820, 1.000, 0.000, 1.000, 1.000, 0.000, 1.000, 0.019, 0.010, 0.012, 0.011
32.000, 0.525, 0.732, 1.000, 1.000, 1.000, 1.000, 0.000, 0.000, 0.018, 0.010, 0.012, 0.011
32.020, 0.735, 0.705, 1.000, 0.149, 1.000, 1.000, 0.000, 0.851, 0.018, 0.010, 0.012, 0.011
32.040, 0.841, 0.653, 1.000, 0.000, 1.000, 1.000, 0.000, 1.000, 0.019, 0.010, 0.012, 0.011
32.060, 0.877, 0.591, 1.000, 0.000, 1.000, 1.000, 0.000, 1.000, 0.019, 0.010, 0.012, 0.011
32.080, 0.884, 0.524, 1.000, 0.081, 1.000, 1.000, 0.000, 0.919, 0.019, 0.010, 0.012, 0.011
32.100, 0.882, 0.451, 1.000, 0.000, 1.000, 1.000, 0.000, 1.000, 0.019, 0.010, 0.012, 0.011
32.120, 0.877, 0.366, 1.000, 0.000, 1.000, 1.000, 0.000, 1.000, 0.019, 0.010, 0.012, 0.011
32.140, 0.869, 0.261, 1.000, 0.000, 1.000, 1.000, 0.000, 1.000, 0.019, 0.010, 0.012, 0.011
32.160, 0.833, 0.021, 1.000, 1.000, 1.000, 1.000, 0.000, 0.000, 0.018, 0.010, 0.012, 0.011
32.180, 0.816, -0.203, 0.000, 1.000, 0.032, 0.360, 0.000, 1.000, 0.019, 0.010, 0.012, 0.011
32.200, 0.795, -0.472, 0.000, 0.000, 0.000, 1.000, 0.000, 0.000, 0.018, 0.011, 0.012, 0.011
32.220, 0.754, -0.708, 0.000, 0.000, 0.313, 1.000, 0.000, 0.000, 0.018, 0.011, 0.012, 0.011
32.240, 0.695, -0.834, 0.000, 0.000, 0.000, 1.000, 0.000, 0.000, 0.018, 0.011, 0.012, 0.011
32.260, 0.628, -0.877, 0.000, 0.000, 0.000, 1.000, 0.000, 0.000, 0.018, 0.011, 0.012, 0.011
32.280, 0.561, -0.886, 0.000, 0.000, 0.000, 1.000, 0.000, 0.000, 0.018, 0.011, 0.012, 0.011
32.300, 0.491, -0.885, 0.000, 0.000, 0.000, 1.000, 0.000, 0.000, 0.018, 0.011, 0.012, 0.011
32.320, 0.413, -0.880, 0.000, 0.000, 0.025, 1.000, 0.000, 0.000, 0.017, 0.011, 0.012, 0.011
32.340, 0.320, -0.874, 0.000, 0.000, 0.000, 1.000, 1.000, 0.000, 0.017, 0.011, 0.012, 0.011
32.360, 0.201, -0.865, 0.000, 0.000, 0.068, 0.166, 1.000, 0.000, 0.017, 0.012, 0.012, 0.010
32.380, 0.039, -0.853, 0.000, 0.000, 0.225, 0.361, 1.000, 0.000, 0.017, 0.011, 0.012, 0.010
32.400, -0.182, -0.835, 0.000, 0.000, 0.113, 0.370, 1.000, 0.000, 0.017, 0.012, 0.012, 0.010
32.420, -0.453, -0.807, 0.000, 0.000, 0.000, 0.000, 1.000, 0.000, 0.017, 0.011, 0.012, 0.010
32.440, -0.696, -0.763, 0.000, 0.000, 0.000, 0.000, 1.000, 0.000, 0.017, 0.011, 0.012, 0.010
32.460, -0.830, -0.703, 0.000, 0.000, 0.000, 0.000, 1.000, 0.000, 0.017, 0.011, 0.012, 0.010
32.480, -0.876, -0.636, 0.000, 0.000, 0.000, 0.000, 1.000, 0.000, 0.017, 0.010, 0.012, 0.010
32.500, -0.886, -0.568, 0.000, 0.000, 0.000, 0.000, 1.000, 0.000, 0.017, 0.010, 0.012, 0.010
32.520, -0.885, -0.498, 0.000, 0.085, 0.000, 0.000, 1.000, 0.085, 0.017, 0.010, 0.012, 0.010
32.540, -0.881, -0.415, 0.000, 1.000, 0.000, 0.000, 1.000, 1.000, 0.018, 0.010, 0.011, 0.010
32.560, -0.874, -0.323, 0.000, 0.000, 0.149, 0.000, 1.000, 0.000, 0.017, 0.010, 0.011, 0.010
32.580, -0.865, -0.204, 0.000, 0.000, 0.097, 0.000, 0.800, 0.000, 0.017, 0.010, 0.011, 0.010
32.600, -0.853, -0.044, 0.000, 0.000, 0.000, 0.000, 1.000, 0.000, 0.017, 0.010, 0.011, 0.010
32.620, -0.836, 0.176, 1.000, 0.000, 0.000, 0.000, 0.961, 1.000, 0.018, 0.010, 0.011, 0.010
32.640, -0.808, 0.447, 1.000, 0.000, 0.000, 0.000, 1.000, 1.000, 0.018, 0.010, 0.011, 0.010
32.660, -0.764, 0.692, 1.000, 0.000, 0.000, 0.000, 1.000, 1.000, 0.018, 0.010, 0.011, 0.010
32.680, -0.705, 0.828, 1.000, 0.225, 0.000, 0.000, 1.000, 0.775, 0.018, 0.010, 0.011, 0.010
32.700, -0.639, 0.875, 1.000, 0.199, 0.000, 0.000, 1.000, 0.801, 0.018, 0.010, 0.011, 0.010
32.720, -0.572, 0.886, 1.000, 0.080, 0.000, 0.000, 1.000, 0.920, 0.018, 0.010, 0.011, 0.010
32.740, -0.502, 0.885, 1.000, 0.000, 0.000, 1.000, 1.000, 1.000, 0.018, 0.010, 0.012, 0.010
32.760, -0.426, 0.881, 1.000, 0.000, 0.000, 1.000, 0.477, 1.000, 0.018, 0.010, 0.012, 0.010
32.780, -0.336, 0.875, 1.000, 0.000, 0.000, 1.000, 0.191, 1.000, 0.019, 0.010, 0.012, 0.011
32.800, -0.222, 0.866, 1.000, 0.000, 0.000, 1.000, 0.000, 1.000, 0.019, 0.010, 0.012, 0.011
32.820, -0.068, 0.855, 1.000, 0.000, 1.000, 1.000, 0.000, 1.000, 0.019, 0.011, 0.011, 0.011
32.840, 0.143, 0.839, 1.000, 0.000, 0.000, 1.000, 0.000, 1.000, 0.019, 0.010, 0.011, 0.011
32.860, 0.410, 0.812, 1.000, 0.000, 0.000, 1.000, 0.000, 1.000, 0.019, 0.011, 0.011, 0.011
32.880, 0.665, 0.771, 1.000, 0.000, 0.000, 1.000, 0.000, 1.000, 0.019, 0.011, 0.011, 0.011
32.900, 0.816, 0.713, 1.000, 0.000, 0.000, 1.000, 0.000, 1.000, 0.019, 0.011, 0.011, 0.010
32.920, 0.872, 0.647, 1.000, 0.000, 1.000, 1.000, 0.000, 1.000, 0.019, 0.011, 0.011, 0.010
32.940, 0.886, 0.579, 1.000, 0.000, 1.000, 1.000, 0.000, 1.000, 0.019, 0.010, 0.011, 0.010
32.960, 0.886, 0.510, 1.000, 0.000, 1.000, 1.000, 0.000, 1.000, 0.019, 0.010, 0.011, 0.010
32.980, 0.882, 0.435, 1.000, 0.000, 1.000, 1.000, 0.000, 1.000, 0.019, 0.010, 0.011, 0.010
33.000, 0.875, 0.347, 1.000, 0.000, 1.000, 1.000, 0.000, 1.000, 0.019, 0.010, 0.011, 0.010
33.020, 0.867, 0.236, 1.000, 0.000, 1.000, 1.000, 0.000, 1.000, 0.019, 0.010, 0.011, 0.010
33.040, 0.857, 0.087, 1.000, 0.000, 1.000, 1.000, 0.000, 1.000, 0.019, 0.010, 0.011, 0.010
33.060, 0.841, -0.117, 0.000, 0.000, 1.000, 1.000, 0.000, 0.000, 0.019, 0.010, 0.011, 0.010
33.080, 0.816, -0.379, 0.000, 0.000, 1.000, 1.000, 0.000, 0.000, 0.018, 0.010, 0.011, 0.010
33.100, 0.776, -0.641, 0.000, 0.000, 1.000, 1.000, 0.000, 0.000, 0.018, 0.010, 0.011, 0.010
33.120, 0.720, -0.806, 0.000, 0.000, 1.000, 1.000, 0.000, 0.000, 0.018, 0.010, 0.011, 0.010
33.140, 0.654, -0.869, 0.000, 0.000, 1.000, 1.000, 0.000, 0.000, 0.018, 0.010, 0.011, 0.010
33.160, 0.586, -0.885, 0.000, 0.000, 1.000, 1.000, 0.000, 0.000, 0.018, 0.010, 0.011, 0.010
33.180, 0.518, -0.886, 0.000, 0.000, 1.000, 1.000, 0.000, 0.000, 0.018, 0.010, 0.011, 0.010
33.200, 0.444, -0.882, 0.000, 0.000, 1.000, 1.000, 0.000, 0.000, 0.018, 0.010, 0.011, 0.010
33.220, 0.357, -0.876, 0.000, 0.000, 1.000, 1.000, 0.000, 0.000, 0.018, 0.010, 0.011, 0.010
33.240, 0.250, -0.868, 0.000, 0.000, 1.000, 1.000, 0.000, 0.000, 0.017, 0.010, 0.011, 0.010
33.260, 0.106, -0.858, 0.000, 0.000, 0.364, 1.000, 0.080, 0.000, 0.017, 0.010, 0.011, 0.010
33.280, -0.092, -0.843, 0.000, 0.000, 0.000, 1.000, 0.000, 0.000, 0.017, 0.011, 0.011, 0.010
33.300, -0.349, -0.819, 0.000, 0.000, 0.000, 0.218, 0.771, 0.000, 0.017, 0.011, 0.011, 0.010
33.320, -0.616, -0.781, 0.000, 0.000, 0.000, 0.000, 0.823, 0.000, 0.017, 0.011, 0.011, 0.010
33.340, -0.793, -0.727, 0.000, 0.000, 0.259, 0.000, 0.696, 0.000, 0.017, 0.011, 0.012, 0.010
33.360, -0.865, -0.661, 0.000, 0.000, 0.424, 0.049, 0.594, 0.000, 0.017, 0.011, 0.012, 0.010
33.380, -0.885, -0.588, 0.000, 1.000, 0.043, 0.000, 0.249, 1.000, 0.018, 0.011, 0.012, 0.010
33.400, -0.886, -0.519, 0.000, 0.000, 0.000, 0.000, 1.000, 0.000, 0.017, 0.011, 0.012, 0.010
33.420, -0.882, -0.445, 0.000, 0.000, 0.000, 0.000, 1.000, 0.000, 0.017, 0.011, 0.012, 0.010
33.440, -0.876, -0.359, 0.000, 0.000, 0.000, 0.000, 1.000, 0.000, 0.017, 0.011, 0.012, 0.010
33.460, -0.869, -0.252, 0.000, 0.000, 0.000, 0.000, 1.000, 0.000, 0.017, 0.011, 0.012, 0.010
33.480, -0.858, -0.109, 0.000, 0.000, 0.000, 0.000, 1.000, 0.000, 0.017, 0.010, 0.012, 0.010
33.500, -0.843, 0.087, 1.000, 0.000, 0.000, 0.000, 1.000, 1.000, 0.018, 0.010, 0.012, 0.010
33.520, -0.820, 0.343, 1.000, 0.000, 0.000, 0.000, 1.000, 1.000, 0.018, 0.010, 0.012, 0.010
33.540, -0.783, 0.610, 1.000, 0.696, 0.000, 0.000, 1.000, 0.304, 0.018, 0.010, 0.011, 0.009
33.560, -0.737, 0.781, 1.000, 1.000, 0.000, 0.000, 1.000, 0.000, 0.017, 0.010, 0.011, 0.009
33.580, -0.686, 0.851, 1.000, 1.000, 0.000, 0.000, 1.000, 0.000, 0.017, 0.010, 0.011, 0.009
33.600, -0.639, 0.870, 1.000, 1.000, 0.000, 0.000, 1.000, 0.000, 0.017, 0.010, 0.011, 0.009
33.620, -0.648, 0.844, 1.000, 1.000, 0.000, 0.000, 1.000, 0.000, 0.017, 0.010, 0.011, 0.009
33.640, -0.658, 0.836, 1.000, 1.000, 0.000, 0.000, 1.000, 0.000, 0.017, 0.010, 0.011, 0.009
33.660, -0.648, 0.846, 1.000, 1.000, 0.000, 0.000, 1.000, 0.000, 0.017, 0.010, 0.011, 0.009
33.680, -0.620, 0.860, 1.000, 1.000, 0.000, 0.000, 1.000, 0.000, 0.017, 0.010, 0.011, 0.009
33.700, -0.609, 0.855, 1.000, 1.000, 0.000, 0.000, 1.000, 0.000, 0.017, 0.010, 0.011, 0.009
33.720, -0.546, 0.878, 1.000, 0.000, 0.000, 0.000, 1.000, 1.000, 0.017, 0.010, 0.011, 0.009
33.740, -0.477, 0.881, 1.000, 0.000, 1.000, 0.000, 0.144, 1.000, 0.018, 0.010, 0.011, 0.010
33.760, -0.398, 0.878, 1.000, 0.000, 1.000, 0.000, 0.498, 1.000, 0.018, 0.011, 0.011, 0.010
33.780, -0.301, 0.872, 1.000, 0.000, 1.000, 0.000, 0.032, 1.000, 0.018, 0.011, 0.011, 0.010
33.800, -0.176, 0.863, 1.000, 0.000, 1.000, 0.000, 0.000, 1.000, 0.018, 0.011, 0.011, 0.010
33.820, -0.004, 0.850, 1.000, 0.000, 1.000, 0.000, 0.000, 1.000, 0.018, 0.011, 0.011, 0.011
33.840, 0.228, 0.831, 1.000, 0.000, 1.000, 0.000, 0.000, 1.000, 0.018, 0.011, 0.011, 0.011
33.860, 0.502, 0.800, 1.000, 0.000, 1.000, 1.000, 0.000, 1.000, 0.018, 0.011, 0.011, 0.011
33.880, 0.729, 0.753, 1.000, 0.000, 1.000, 0.000, 0.000, 1.000, 0.018, 0.010, 0.011, 0.011
33.900, 0.843, 0.691, 1.000, 0.000, 1.000, 0.000, 0.000, 1.000, 0.018, 0.010, 0.011, 0.011
33.920, 0.880, 0.624, 1.000, 0.000, 1.000, 0.000, 0.873, 1.000, 0.019, 0.010, 0.011, 0.011
33.940, 0.887, 0.556, 1.000, 0.000, 1.000, 0.000, 0.021, 1.000, 0.019, 0.010, 0.011, 0.011
33.960, 0.885, 0.486, 1.000, 0.000, 1.000, 0.000, 0.000, 1.000, 0.019, 0.010, 0.012, 0.010
33.980, 0.880, 0.407, 1.000, 0.000, 1.000, 0.000, 0.176, 1.000, 0.019, 0.010, 0.012, 0.010
34.000, 0.873, 0.313, 1.000, 0.000, 1.000, 1.000, 0.000, 1.000, 0.019, 0.010, 0.011, 0.010
34.020, 0.864, 0.191, 1.000, 0.044, 1.000, 1.000, 0.000, 0.956, 0.019, 0.010, 0.011, 0.010
34.040, 0.852, 0.026, 1.000, 0.150, 1.000, 1.000, 0.000, 0.850, 0.019, 0.010, 0.011, 0.010
34.060, 0.833, -0.200, 0.000, 0.136, 1.000, 1.000, 0.031, 0.136, 0.018, 0.010, 0.011, 0.010
34.080, 0.804, -0.473, 0.000, 0.000, 1.000, 1.000, 0.000, 0.000, 0.018, 0.010, 0.011, 0.010
34.100, 0.759, -0.710, 0.000, 0.000, 1.000, 1.000, 0.000, 0.000, 0.018, 0.010, 0.011, 0.010
34.120, 0.698, -0.836, 0.000, 0.000, 1.000, 0.000, 0.000, 0.000, 0.018, 0.010, 0.011, 0.010
34.140, 0.631, -0.878, 0.000, 0.000, 1.000, 0.000, 0.000, 0.000, 0.017, 0.010, 0.012, 0.010
34.160, 0.564, -0.887, 0.000, 0.000, 1.000, 0.000, 0.000, 0.000, 0.017, 0.010, 0.012, 0.010
34.180, 0.494, -0.885, 0.000, 0.000, 1.000, 0.020, 0.000, 0.000, 0.017, 0.010, 0.012, 0.010
34.200, 0.416, -0.880, 0.000, 0.000, 1.000, 0.189, 0.000, 0.000, 0.017, 0.010, 0.012, 0.010
34.220, 0.324, -0.874, 0.000, 0.000, 1.000, 0.000, 0.000, 0.000, 0.017, 0.010, 0.012, 0.010
34.240, 0.206, -0.865, 0.000, 0.000, 1.000, 0.000, 0.000, 0.000, 0.017, 0.010, 0.012, 0.009
34.260, 0.046, -0.854, 0.000, 0.000, 1.000, 0.000, 0.000, 0.000, 0.017, 0.010, 0.012, 0.009
34.280, -0.173, -0.836, 0.000, 0.000, 1.000, 0.000, 0.000, 0.000, 0.017, 0.010, 0.012, 0.009
34.300, -0.552, -0.755, 0.000, 1.000, 0.000, 0.000, 0.000, 1.000, 0.018, 0.010, 0.013, 0.009
34.320, -0.798, -0.659, 0.000, 1.000, 0.000, 0.000, 1.000, 1.000, 0.018, 0.010, 0.013, 0.010
34.340, -0.874, -0.556, 0.000, 1.000, 0.000, 0.000, 1.000, 1.000, 0.018, 0.011, 0.013, 0.010
34.360, -0.885, -0.447, 0.000, 1.000, 0.000, 0.000, 1.000, 1.000, 0.018, 0.011, 0.013, 0.010
34.380, -0.880, -0.338, 0.000, 1.000, 0.098, 0.000, 1.000, 1.000, 0.018, 0.011, 0.013, 0.010
34.400, -0.875, -0.178, 0.000, 1.000, 0.000, 0.000, 1.000, 1.000, 0.018, 0.011, 0.012, 0.010
34.420, -0.861, 0.017, 1.000, 1.000, 0.000, 0.000, 1.000, 0.000, 0.018, 0.011, 0.012, 0.010
34.440, -0.834, 0.258, 1.000, 0.000, 0.000, 0.000, 1.000, 1.000, 0.018, 0.011, 0.012, 0.009
34.460, -0.799, 0.534, 1.000, 0.000, 0.000, 0.000, 1.000, 1.000, 0.018, 0.011, 0.012, 0.009
34.480, -0.776, 0.711, 1.000, 1.000, 0.000, 0.000, 1.000, 0.000, 0.018, 0.011, 0.012, 0.009
34.500, -0.752, 0.792, 1.000, 1.000, 0.000, 0.000, 1.000, 0.000, 0.018, 0.011, 0.011, 0.009
34.520, -0.715, 0.838, 1.000, 1.000, 0.000, 0.000, 1.000, 0.000, 0.017, 0.010, 0.011, 0.009
34.540, -0.696, 0.844, 1.000, 1.000, 0.000, 0.000, 1.000, 0.000, 0.017, 0.010, 0.011, 0.009
34.560, -0.666, 0.856, 1.000, 1.000, 0.000, 0.000, 1.000, 0.000, 0.017, 0.010, 0.011, 0.009
34.580, -0.653, 0.853, 1.000, 1.000, 0.000, 0.000, 1.000, 0.000, 0.017, 0.010, 0.011, 0.009
34.600, -0.648, 0.847, 1.000, 1.000, 0.000, 0.000, 0.000, 0.000, 0.017, 0.010, 0.011, 0.010
34.620, -0.647, 0.844, 1.000, 1.000, 0.000, 0.000, 0.000, 0.000, 0.017, 0.010, 0.011, 0.010
34.640, -0.645, 0.844, 1.000, 1.000, 0.000, 0.000, 0.000, 0.000, 0.017, 0.010, 0.011, 0.010
34.660, -0.647, 0.841, 1.000, 1.000, 0.000, 0.000, 0.048, 0.000, 0.017, 0.010, 0.011, 0.011
34.680, -0.637, 0.849, 1.000, 1.000, 0.000, 0.000, 1.000, 0.000, 0.017, 0.010, 0.011, 0.010
34.700, -0.632, 0.848, 1.000, 1.000, 0.000, 0.000, 1.000, 0.000, 0.017, 0.010, 0.011, 0.010
34.720, -0.645, 0.837, 1.000, 1.000, 0.000, 0.000, 0.209, 0.000, 0.017, 0.010, 0.011, 0.010
34.740, -0.638, 0.845, 1.000, 1.000, 0.000, 0.000, 0.000, 0.000, 0.017, 0.010, 0.011, 0.010
34.760, -0.639, 0.843, 1.000, 1.000, 0.000, 0.000, 0.000, 0.000, 0.017, 0.010, 0.011, 0.011
34.780, -0.608, 0.861, 1.000, 1.000, 1.000, 1.000, 0.000, 0.000, 0.017, 0.010, 0.012, 0.011
34.800, -0.544, 0.880, 1.000, 0.000, 1.000, 1.000, 0.000, 1.000, 0.017, 0.011, 0.012, 0.011
34.820, -0.474, 0.882, 1.000, 0.000, 1.000, 1.000, 0.000, 1.000, 0.018, 0.011, 0.012, 0.011
34.840, -0.394, 0.878, 1.000, 0.000, 1.000, 1.000, 0.000, 1.000, 0.018, 0.011, 0.012, 0.011
34.860, -0.297, 0.872, 1.000, 0.000, 1.000, 1.000, 0.000, 1.000, 0.018, 0.011, 0.011, 0.011
34.880, -0.170, 0.863, 1.000, 0.000, 0.000, 1.000, 1.000, 1.000, 0.018, 0.011, 0.011, 0.011
34.900, 0.002, 0.849, 1.000, 0.148, 0.000, 0.000, 0.457, 0.852, 0.018, 0.011, 0.012, 0.011
34.920, 0.234, 0.829, 1.000, 0.299, 0.000, 0.000, 0.000, 0.701, 0.018, 0.011, 0.012, 0.010
34.940, 0.508, 0.799, 1.000, 0.000, 1.000, 0.000, 0.000, 1.000, 0.018, 0.011, 0.012, 0.010
34.960, 0.733, 0.751, 1.000, 0.000, 1.000, 0.000, 0.000, 1.000, 0.018, 0.011, 0.012, 0.010
34.980, 0.844, 0.689, 1.000, 0.000, 1.000, 0.163, 0.246, 1.000, 0.018, 0.010, 0.012, 0.010
35.000, 0.880, 0.622, 1.000, 0.000, 1.000, 0.133, 0.225, 1.000, 0.018, 0.010, 0.013, 0.010
35.020, 0.887, 0.554, 1.000, 0.000, 1.000, 0.102, 0.147, 1.000, 0.018, 0.010, 0.013, 0.010
35.040, 0.885, 0.484, 1.000, 0.000, 1.000, 1.000, 0.000, 1.000, 0.018, 0.010, 0.012, 0.010
35.060, 0.880, 0.405, 1.000, 0.000, 1.000, 1.000, 0.177, 1.000, 0.019, 0.010, 0.012, 0.010
35.080, 0.873, 0.310, 1.000, 0.000, 1.000, 1.000, 0.007, 1.000, 0.019, 0.010, 0.012, 0.010
35.100, 0.864, 0.188, 1.000, 0.000, 1.000, 1.000, 0.000, 1.000, 0.019, 0.010, 0.012, 0.010
35.120, 0.852, 0.021, 1.000, 0.011, 1.000, 0.000, 0.000, 0.989, 0.019, 0.010, 0.012, 0.010
35.140, 0.833, -0.206, 0.000, 0.079, 1.000, 0.000, 0.000, 0.079, 0.018, 0.010, 0.012, 0.010
35.160, 0.804, -0.479, 0.000, 0.000, 1.000, 0.000, 0.000, 0.000, 0.018, 0.010, 0.013, 0.010
35.180, 0.758, -0.714, 0.000, 0.000, 1.000, 0.243, 0.000, 0.000, 0.018, 0.010, 0.013, 0.010
35.200, 0.697, -0.837, 0.000, 0.000, 1.000, 0.203, 0.000, 0.000, 0.017, 0.010, 0.013, 0.010
35.220, 0.630, -0.878, 0.000, 0.000, 1.000, 0.000, 0.000, 0.000, 0.017, 0.010, 0.013, 0.010
35.240, 0.562, -0.887, 0.000, 0.000, 1.000, 0.094, 0.000, 0.000, 0.017, 0.010, 0.013, 0.010
35.260, 0.492, -0.885, 0.000, 0.000, 1.000, 0.064, 0.000, 0.000, 0.017, 0.010, 0.013, 0.010
35.280, 0.414, -0.880, 0.000, 0.000, 1.000, 0.097, 0.000, 0.000, 0.017, 0.010, 0.013, 0.010
35.300, 0.322, -0.874, 0.000, 0.000, 1.000, 1.000, 0.000, 0.000, 0.017, 0.010, 0.013, 0.010
35.320, 0.203, -0.865, 0.000, 0.000, 1.000, 1.000, 0.000, 0.000, 0.017, 0.010, 0.012, 0.010
35.340, 0.042, -0.853, 0.000, 0.000, 0.000, 1.000, 0.000, 0.000, 0.017, 0.010, 0.012, 0.010
35.360, -0.188, -0.833, 0.000, 1.000, 0.000, 1.000, 0.000, 1.000, 0.017, 0.011, 0.013, 0.010
35.380, -0.509, -0.782, 0.000, 1.000, 0.000, 1.000, 0.011, 1.000, 0.018, 0.011, 0.013, 0.010
35.400, -0.731, -0.741, 0.000, 0.000, 0.000, 1.000, 0.000, 0.000, 0.017, 0.011, 0.013, 0.011
35.420, -0.843, -0.682, 0.000, 0.000, 0.029, 1.000, 0.000, 0.000, 0.017, 0.011, 0.013, 0.011
35.440, -0.879, -0.616, 0.000, 0.000, 0.000, 1.000, 0.000, 0.000, 0.017, 0.011, 0.013, 0.011
35.460, -0.886, -0.549, 0.000, 0.000, 0.000, 1.000, 0.098, 0.000, 0.017, 0.011, 0.013, 0.011
35.480, -0.884, -0.478, 0.000, 0.000, 0.238, 1.000, 0.307, 0.000, 0.017, 0.011, 0.014, 0.011
35.500, -0.883, -0.352, 0.000, 1.000, 0.000, 0.000, 1.000, 1.000, 0.017, 0.011, 0.013, 0.011
35.520, -0.870, -0.240, 0.000, 0.000, 0.000, 0.000, 1.000, 0.000, 0.017, 0.012, 0.013, 0.010
35.540, -0.858, -0.092, 0.000, 0.000, 0.000, 0.000, 1.000, 0.000, 0.017, 0.011, 0.012, 0.010
35.560, -0.842, 0.111, 1.000, 0.000, 0.000, 0.000, 1.000, 1.000, 0.017, 0.011, 0.012, 0.010
35.580, -0.817, 0.372, 1.000, 0.000, 0.000, 0.000, 1.000, 1.000, 0.018, 0.011, 0.012, 0.010
35.600, -0.779, 0.633, 1.000, 0.881, 0.000, 0.000, 1.000, 0.119, 0.017, 0.010, 0.012, 0.010
35.620, -0.757, 0.763, 1.000, 1.000, 0.000, 0.000, 1.000, 0.000, 0.017, 0.010, 0.012, 0.010
35.640, -0.716, 0.833, 1.000, 1.000, 0.000, 0.000, 1.000, 0.000, 0.017, 0.010, 0.012, 0.010
35.660, -0.681, 0.855, 1.000, 1.000, 0.000, 0.000, 1.000, 0.000, 0.017, 0.010, 0.012, 0.010
35.680, -0.649, 0.862, 1.000, 1.000, 0.000, 0.000, 1.000, 0.000, 0.017, 0.010, 0.012, 0.010
35.700, -0.615, 0.868, 1.000, 1.000, 0.000, 0.000, 1.000, 0.000, 0.017, 0.010, 0.012, 0.010
35.720, -0.550, 0.882, 1.000, 0.000, 0.000, 0.000, 1.000, 1.000, 0.017, 0.010, 0.012, 0.010
35.740, -0.480, 0.883, 1.000, 0.000, 0.000, 0.058, 1.000, 1.000, 0.018, 0.010, 0.012, 0.010
35.760, -0.400, 0.879, 1.000, 0.000, 0.000, 0.000, 1.000, 1.000, 0.018, 0.010, 0.012, 0.010
35.780, -0.304, 0.872, 1.000, 0.000, 0.000, 0.000, 1.000, 1.000, 0.018, 0.010, 0.013, 0.010
35.800, -0.180, 0.863, 1.000, 0.000, 0.000, 0.000, 1.000, 1.000, 0.018, 0.010, 0.013, 0.010
35.820, -0.010, 0.851, 1.000, 0.000, 0.000, 0.102, 0.000, 1.000, 0.018, 0.010, 0.013, 0.010
35.840, 0.220, 0.832, 1.000, 0.000, 0.000, 0.073, 0.000, 1.000, 0.018, 0.010, 0.013, 0.010
35.860, 0.494, 0.802, 1.000, 0.000, 0.000, 0.024, 0.000, 1.000, 0.018, 0.010, 0.013, 0.011
35.880, 0.724, 0.755, 1.000, 0.029, 0.000, 0.000, 1.000, 0.971, 0.018, 0.010, 0.013, 0.010
35.900, 0.841, 0.693, 1.000, 0.000, 0.000, 0.000, 0.233, 1.000, 0.018, 0.010, 0.014, 0.011
35.920, 0.879, 0.626, 1.000, 0.000, 0.000, 1.000, 0.000, 1.000, 0.018, 0.010, 0.013, 0.011
35.940, 0.887, 0.558, 1.000, 0.000, 1.000, 0.000, 0.735, 1.000, 0.018, 0.010, 0.013, 0.011
35.960, 0.885, 0.488, 1.000, 0.000, 1.000, 0.427, 0.378, 1.000, 0.019, 0.011, 0.013, 0.011
35.980, 0.880, 0.410, 1.000, 0.000, 0.000, 1.000, 0.000, 1.000, 0.019, 0.011, 0.013, 0.011
36.000, 0.873, 0.316, 1.000, 0.000, 0.000, 1.000, 0.000, 1.000, 0.019, 0.011, 0.013, 0.010
36.020, 0.864, 0.195, 1.000, 0.179, 0.000, 1.000, 0.482, 0.821, 0.019, 0.011, 0.013, 0.011
36.040, 0.852, 0.031, 1.000, 0.000, 0.000, 1.000, 0.000, 1.000, 0.019, 0.011, 0.012, 0.010
36.060, 0.834, -0.193, 0.000, 0.000, 0.000, 1.000, 0.000, 0.000, 0.018, 0.012, 0.012, 0.010
36.080, 0.805, -0.465, 0.000, 0.000, 0.000, 1.000, 0.000, 0.000, 0.018, 0.012, 0.012, 0.010
36.100, 0.760, -0.705, 0.000, 0.000, 0.000, 1.000, 0.000, 0.000, 0.018, 0.012, 0.012, 0.010
36.120, 0.700, -0.834, 0.000, 0.000, 0.000, 1.000, 0.000, 0.000, 0.017, 0.012, 0.012, 0.010
36.140, 0.633, -0.877, 0.000, 0.000, 0.307, 1.000, 0.049, 0.000, 0.017, 0.012, 0.012, 0.010
36.160, 0.565, -0.886, 0.000, 0.000, 1.000, 0.000, 0.000, 0.000, 0.017, 0.011, 0.013, 0.010
36.180, 0.496, -0.885, 0.000, 0.000, 1.000, 0.000, 0.000, 0.000, 0.017, 0.011, 0.013, 0.010
36.200, 0.419, -0.881, 0.000, 0.000, 1.000, 0.000, 0.000, 0.000, 0.017, 0.011, 0.013, 0.010
36.220, 0.327, -0.874, 0.000, 0.000, 1.000, 0.000, 0.000, 0.000, 0.017, 0.011, 0.013, 0.010
36.240, 0.210, -0.866, 0.000, 0.000, 0.322, 0.000, 0.000, 0.000, 0.017, 0.011, 0.014, 0.010
36.260, 0.051, -0.854, 0.000, 0.024, 0.111, 0.000, 0.000, 0.024, 0.017, 0.011, 0.014, 0.010
36.280, -0.167, -0.836, 0.000, 0.072, 0.010, 0.000, 0.000, 0.072, 0.017, 0.012, 0.014, 0.010
36.300, -0.436, -0.809, 0.000, 0.055, 0.029, 0.000, 0.000, 0.055, 0.017, 0.012, 0.014, 0.010
36.320, -0.684, -0.766, 0.000, 0.000, 1.000, 0.000, 0.000, 0.000, 0.017, 0.011, 0.014, 0.010
36.340, -0.825, -0.707, 0.000, 0.000, 0.897, 0.215, 0.000, 0.000, 0.017, 0.011, 0.014, 0.010
36.360, -0.902, -0.458, 0.000, 1.000, 0.000, 0.000, 0.000, 1.000, 0.017, 0.011, 0.014, 0.010
36.380, -0.884, -0.355, 0.000, 1.000, 0.705, 0.000, 1.000, 1.000, 0.018, 0.011, 0.014, 0.010
36.400, -0.873, -0.228, 0.000, 1.000, 0.453, 0.000, 1.000, 1.000, 0.018, 0.011, 0.014, 0.010
36.420, -0.862, -0.058, 0.000, 1.000, 0.434, 0.000, 1.000, 1.000, 0.018, 0.011, 0.014, 0.010
36.440, -0.845, 0.162, 1.000, 1.000, 0.546, 0.000, 1.000, 0.000, 0.018, 0.011, 0.014, 0.010
36.460, -0.820, 0.425, 1.000, 1.000, 0.296, 0.000, 1.000, 0.000, 0.017, 0.011, 0.014, 0.010
36.480, -0.799, 0.637, 1.000, 1.000, 0.000, 0.000, 1.000, 0.000, 0.017, 0.011, 0.014, 0.010
36.500, -0.735, 0.806, 1.000, 0.000, 0.647, 0.000, 0.000, 1.000, 0.018, 0.011, 0.013, 0.010
36.520, -0.666, 0.870, 1.000, 0.000, 0.000, 0.000, 1.000, 1.000, 0.018, 0.011, 0.013, 0.010
36.540, -0.609, 0.881, 1.000, 1.000, 0.000, 0.000, 1.000, 0.000, 0.017, 0.011, 0.013, 0.010
36.560, -0.541, 0.886, 1.000, 0.085, 0.000, 0.000, 1.000, 0.915, 0.018, 0.011, 0.013, 0.010
36.580, -0.470, 0.884, 1.000, 0.038, 0.133, 0.000, 1.000, 0.962, 0.018, 0.011, 0.013, 0.010
36.600, -0.389, 0.878, 1.000, 0.000, 0.000, 0.000, 1.000, 1.000, 0.018, 0.011, 0.013, 0.010
36.620, -0.290, 0.871, 1.000, 0.000, 0.000, 0.000, 1.000, 1.000, 0.018, 0.011, 0.013, 0.009
36.640, -0.160, 0.862, 1.000, 0.000, 0.000, 0.000, 1.000, 1.000, 0.018, 0.011, 0.013, 0.009
36.660, 0.017, 0.849, 1.000, 0.000, 0.000, 0.000, 1.000, 1.000, 0.018, 0.011, 0.013, 0.009
36.680, 0.255, 0.829, 1.000, 0.000, 0.000, 0.000, 1.000, 1.000, 0.018, 0.011, 0.013, 0.009
36.700, 0.529, 0.796, 1.000, 0.000, 0.000, 0.000, 1.000, 1.000, 0.019, 0.011, 0.013, 0.009
36.720, 0.746, 0.747, 1.000, 0.000, 0.000, 0.000, 1.000, 1.000, 0.019, 0.010, 0.013, 0.009
36.740, 0.849, 0.684, 1.000, 0.000, 0.000, 1.000, 1.000, 1.000, 0.019, 0.010, 0.013, 0.009
36.760, 0.881, 0.617, 1.000, 0.000, 0.000, 1.000, 0.000, 1.000, 0.019, 0.010, 0.014, 0.010
36.780, 0.887, 0.549, 1.000, 0.000, 0.000, 1.000, 0.000, 1.000, 0.019, 0.010, 0.014, 0.010
36.800, 0.884, 0.478, 1.000, 0.000, 0.000, 1.000, 0.000, 1.000, 0.019, 0.010, 0.014, 0.010
36.820, 0.879, 0.398, 1.000, 0.000, 1.000, 0.000, 0.000, 1.000, 0.019, 0.011, 0.014, 0.011
36.840, 0.872, 0.302, 1.000, 0.000, 1.000, 0.000, 0.000, 1.000, 0.019, 0.011, 0.013, 0.011
36.860, 0.863, 0.177, 1.000, 0.000, 1.000, 0.000, 0.000, 1.000, 0.019, 0.011, 0.013, 0.011
36.880, 0.850, 0.006, 1.000, 0.000, 1.000, 0.000, 0.000, 1.000, 0.019, 0.011, 0.014, 0.011
36.900, 0.831, -0.226, 0.000, 0.000, 1.000, 1.000, 0.000, 0.000, 0.018, 0.011, 0.013, 0.011
36.920, 0.801, -0.500, 0.000, 0.000, 1.000, 1.000, 0.000, 0.000, 0.018, 0.010, 0.013, 0.011
36.940, 0.753, -0.728, 0.000, 0.000, 1.000, 1.000, 0.000, 0.000, 0.018, 0.010, 0.013, 0.011
36.960, 0.692, -0.843, 0.000, 0.000, 1.000, 1.000, 0.000, 0.000, 0.018, 0.010, 0.013, 0.011
36.980, 0.624, -0.879, 0.000, 0.000, 1.000, 1.000, 0.000, 0.000, 0.018, 0.010, 0.013, 0.011
37.000, 0.557, -0.887, 0.000, 0.000, 1.000, 1.000, 0.000, 0.000, 0.018, 0.010, 0.013, 0.010
37.020, 0.486, -0.885, 0.000, 0.000, 1.000, 1.000, 0.000, 0.000, 0.017, 0.010, 0.013, 0.010
37.040, 0.408, -0.880, 0.000, 0.000, 1.000, 1.000, 0.000, 0.000, 0.017, 0.010, 0.013, 0.010
37.060, 0.314, -0.873, 0.000, 0.000, 1.000, 1.000, 0.000, 0.000, 0.017, 0.010, 0.013, 0.010
37.080, 0.192, -0.864, 0.000, 0.000, 1.000, 1.000, 0.000, 0.000, 0.017, 0.010, 0.013, 0.010
37.100, 0.027, -0.852, 0.000, 0.000, 1.000, 1.000, 0.000, 0.000, 0.017, 0.010, 0.012, 0.010
37.120, -0.198, -0.834, 0.000, 0.000, 1.000, 1.000, 0.000, 0.000, 0.017, 0.010, 0.012, 0.010
37.140, -0.471, -0.805, 0.000, 0.000, 1.000, 1.000, 0.000, 0.000, 0.017, 0.010, 0.012, 0.010
37.160, -0.709, -0.759, 0.000, 0.000, 1.000, 1.000, 0.000, 0.000, 0.017, 0.010, 0.012, 0.010
37.180, -0.835, -0.699, 0.000, 0.000, 1.000, 1.000, 0.000, 0.000, 0.017, 0.010, 0.012, 0.010
37.200, -0.877, -0.632, 0.000, 0.000, 1.000, 1.000, 0.000, 0.000, 0.017, 0.010, 0.012, 0.010
37.220, -0.887, -0.564, 0.000, 0.000, 1.000, 0.000, 0.000, 0.000, 0.017, 0.010, 0.013, 0.010
37.240, -0.885, -0.494, 0.000, 0.000, 1.000, 0.000, 0.000, 0.000, 0.017, 0.010, 0.013, 0.010
37.260, -0.881, -0.414, 0.000, 0.731, 1.000, 0.000, 0.110, 0.731, 0.017, 0.010, 0.013, 0.010
37.280, -0.874, -0.322, 0.000, 0.000, 1.000, 0.475, 0.000, 0.000, 0.017, 0.010, 0.013, 0.010
37.300, -0.865, -0.203, 0.000, 0.000, 1.000, 0.277, 0.000, 0.000, 0.017, 0.010, 0.013, 0.010
37.320, -0.853, -0.041, 0.000, 0.000, 0.000, 0.000, 0.000, 0.000, 0.017, 0.010, 0.014, 0.010
37.340, -0.836, 0.179, 1.000, 0.000, 0.000, 0.000, 0.019, 1.000, 0.017, 0.011, 0.014, 0.010
37.360, -0.808, 0.449, 1.000, 0.826, 0.000, 0.000, 0.000, 0.174, 0.017, 0.011, 0.014, 0.010
37.380, -0.765, 0.692, 1.000, 0.825, 0.000, 0.000, 0.000, 0.175, 0.017, 0.011, 0.014, 0.010
37.400, -0.706, 0.827, 1.000, 0.417, 0.000, 0.000, 0.034, 0.583, 0.017, 0.011, 0.014, 0.010
37.420, -0.640, 0.875, 1.000, 0.129, 0.000, 1.000, 0.000, 0.871, 0.018, 0.010, 0.014, 0.010
37.440, -0.572, 0.886, 1.000, 0.000, 0.000, 0.000, 0.324, 1.000, 0.018, 0.010, 0.014, 0.010
37.460, -0.512, 0.882, 1.000, 1.000, 0.000, 0.000, 0.219, 0.000, 0.017, 0.010, 0.014, 0.010
37.480, -0.527, 0.847, 1.000, 1.000, 0.000, 0.000, 0.701, 0.000, 0.017, 0.010, 0.014, 0.010
37.500, -0.750, 0.661, 1.000, 1.000, 0.000, 0.000, 1.000, 0.000, 0.017, 0.010, 0.014, 0.010
37.520, -0.811, 0.663, 1.000, 1.000, 0.118, 0.000, 1.000, 0.000, 0.017, 0.010, 0.013, 0.010
37.540, -0.814, 0.685, 1.000, 1.000, 0.158, 0.000, 1.000, 0.000, 0.017, 0.010, 0.013, 0.010
