Time (s),kx,ky,posX,posY,posZ
2.000, -0.500, -0.500, 0.000, 0.000, 0.227
2.020, -0.500, -0.500, -0.001, 0.001, 0.222
2.040, -0.500, -0.500, -0.005, 0.002, 0.218
2.060, -0.500, -0.500, -0.011, 0.001, 0.212
2.080, -0.500, -0.500, -0.018, -0.002, 0.205
2.100, -0.500, -0.500, -0.027, -0.005, 0.197
2.120, -0.500, -0.500, -0.037, -0.009, 0.189
2.140, -0.500, -0.500, -0.048, -0.012, 0.183
2.160, -0.500, -0.500, -0.059, -0.015, 0.176
2.180, -0.500, -0.500, -0.070, -0.018, 0.170
2.200, -0.500, -0.500, -0.081, -0.021, 0.165
2.220, -0.500, -0.500, -0.090, -0.023, 0.161
2.240, -0.500, -0.500, -0.098, -0.025, 0.157
2.260, -0.500, -0.500, -0.103, -0.025, 0.151
2.280, -0.500, -0.500, -0.108, -0.026, 0.143
2.300, -0.500, -0.500, -0.111, -0.030, 0.141
2.320, -0.500, -0.500, -0.113, -0.038, 0.139
2.340, -0.500, -0.500, -0.115, -0.047, 0.138
2.360, -0.500, -0.500, -0.115, -0.056, 0.138
2.380, -0.500, -0.500, -0.115, -0.065, 0.137
2.400, -0.500, -0.500, -0.116, -0.074, 0.136
2.420, -0.500, -0.500, -0.117, -0.083, 0.135
2.440, -0.500, -0.500, -0.118, -0.091, 0.134
2.460, -0.500, -0.500, -0.118, -0.098, 0.134
2.480, -0.500, -0.500, -0.117, -0.104, 0.133
2.500, -0.500, -0.500, -0.116, -0.109, 0.132
2.520, -0.500, -0.500, -0.114, -0.113, 0.131
2.540, -0.500, -0.500, -0.112, -0.115, 0.130
2.560, -0.500, -0.500, -0.110, -0.118, 0.129
2.580, -0.500, -0.500, -0.108, -0.119, 0.127
2.600, -0.500, -0.500, -0.106, -0.120, 0.125
2.620, -0.500, -0.500, -0.104, -0.121, 0.123
2.640, -0.500, -0.500, -0.104, -0.121, 0.122
2.660, -0.500, -0.500, -0.104, -0.121, 0.122
2.680, -0.500, -0.500, -0.104, -0.120, 0.124
2.700, -0.500, -0.500, -0.104, -0.118, 0.127
2.720, -0.500, -0.500, -0.104, -0.117, 0.130
2.740, -0.500, -0.500, -0.104, -0.116, 0.134
2.760, -0.500, -0.500, -0.103, -0.114, 0.138
2.780, -0.500, -0.500, -0.103, -0.113, 0.142
2.800, -0.500, -0.500, -0.102, -0.112, 0.147
2.820, -0.500, -0.500, -0.102, -0.111, 0.151
2.840, -0.500, -0.500, -0.101, -0.110, 0.157
2.860, -0.500, -0.500, -0.100, -0.109, 0.163
2.880, -0.500, -0.500, -0.099, -0.108, 0.170
2.900, -0.500, -0.500, -0.097, -0.108, 0.176
2.920, -0.500, -0.500, -0.097, -0.109, 0.179
2.940, -0.500, -0.500, -0.098, -0.111, 0.179
2.960, -0.500, -0.500, -0.102, -0.117, 0.177
2.980, -0.500, -0.500, -0.110, -0.126, 0.173
3.000, -0.500, -0.500, -0.121, -0.136, 0.168
3.020, -0.500, -0.500, -0.134, -0.147, 0.162
3.040, -0.500, -0.500, -0.149, -0.157, 0.154
3.060, -0.500, -0.500, -0.160, -0.168, 0.151
3.080, -0.500, -0.500, -0.172, -0.179, 0.147
3.100, -0.500, -0.500, -0.184, -0.187, 0.143
3.120, -0.500, -0.500, -0.195, -0.193, 0.140
3.140, -0.500, -0.500, -0.206, -0.196, 0.136
3.160, -0.500, -0.500, -0.216, -0.198, 0.131
3.180, -0.500, -0.500, -0.224, -0.198, 0.128
3.200, -0.500, -0.500, -0.231, -0.196, 0.126
3.220, -0.500, -0.500, -0.236, -0.192, 0.127
3.240, -0.500, -0.500, -0.241, -0.192, 0.129
3.260, -0.500, -0.500, -0.246, -0.194, 0.130
3.280, -0.500, -0.500, -0.250, -0.198, 0.131
3.300, -0.500, -0.500, -0.254, -0.201, 0.131
3.320, -0.500, -0.500, -0.258, -0.204, 0.132
3.340, -0.500, -0.500, -0.260, -0.207, 0.132
3.360, -0.500, -0.500, -0.261, -0.208, 0.132
3.380, -0.500, -0.500, -0.262, -0.210, 0.132
3.400, -0.500, -0.500, -0.262, -0.210, 0.132
3.420, -0.500, -0.500, -0.263, -0.210, 0.132
3.440, -0.500, -0.500, -0.263, -0.210, 0.132
3.460, -0.500, -0.500, -0.263, -0.209, 0.133
3.480, -0.500, -0.500, -0.263, -0.208, 0.133
3.500, -0.500, -0.500, -0.263, -0.206, 0.135
3.520, -0.500, -0.500, -0.263, -0.205, 0.138
3.540, -0.500, -0.500, -0.262, -0.204, 0.141
3.560, -0.500, -0.500, -0.260, -0.204, 0.145
3.580, -0.500, -0.500, -0.259, -0.205, 0.148
3.600, -0.500, -0.500, -0.261, -0.208, 0.151
3.620, -0.500, -0.500, -0.266, -0.213, 0.153
3.640, -0.500, -0.500, -0.272, -0.221, 0.153
3.660, -0.500, -0.500, -0.281, -0.231, 0.153
3.680, -0.500, -0.500, -0.290, -0.242, 0.152
3.700, -0.500, -0.500, -0.300, -0.254, 0.151
3.720, -0.500, -0.500, -0.309, -0.267, 0.151
3.740, -0.500, -0.500, -0.316, -0.279, 0.151
3.760, -0.500, -0.500, -0.322, -0.291, 0.151
3.780, -0.500, -0.500, -0.325, -0.301, 0.151
3.800, -0.500, -0.500, -0.326, -0.309, 0.150
3.820, -0.500, -0.500, -0.325, -0.315, 0.150
3.840, -0.500, -0.500, -0.322, -0.320, 0.148
3.860, -0.500, -0.500, -0.318, -0.324, 0.147
3.880, -0.500, -0.500, -0.313, -0.327, 0.145
3.900, -0.500, -0.500, -0.307, -0.330, 0.143
3.920, -0.500, -0.500, -0.301, -0.333, 0.141
3.940, -0.500, -0.500, -0.296, -0.335, 0.137
3.960, -0.500, -0.500, -0.292, -0.337, 0.135
3.980, -0.500, -0.500, -0.289, -0.339, 0.133
4.000, -0.500, -0.500, -0.287, -0.341, 0.134
4.020, -0.500, -0.500, -0.286, -0.341, 0.135
4.040, -0.500, -0.500, -0.285, -0.340, 0.137
4.060, -0.500, -0.500, -0.284, -0.339, 0.140
4.080, -0.500, -0.500, -0.283, -0.338, 0.144
4.100, -0.500, -0.500, -0.282, -0.336, 0.148
4.120, -0.500, -0.500, -0.282, -0.334, 0.152
4.140, -0.500, -0.500, -0.281, -0.332, 0.157
4.160, -0.500, -0.500, -0.281, -0.330, 0.163
4.180, -0.500, -0.500, -0.280, -0.327, 0.169
4.200, -0.500, -0.500, -0.279, -0.324, 0.175
4.220, -0.500, -0.500, -0.279, -0.322, 0.179
4.240, -0.500, -0.500, -0.281, -0.321, 0.181
4.260, -0.500, -0.500, -0.285, -0.321, 0.181
4.280, -0.500, -0.500, -0.293, -0.324, 0.177
4.300, -0.500, -0.500, -0.305, -0.330, 0.172
4.320, -0.500, -0.500, -0.320, -0.336, 0.165
4.340, -0.500, -0.500, -0.337, -0.344, 0.157
4.360, -0.500, -0.500, -0.352, -0.352, 0.151
4.380, -0.500, -0.500, -0.366, -0.361, 0.147
4.400, -0.500, -0.500, -0.381, -0.369, 0.144
4.420, -0.500, -0.500, -0.394, -0.374, 0.140
4.440, -0.500, -0.500, -0.407, -0.378, 0.135
4.460, -0.500, -0.500, -0.419, -0.380, 0.130
4.480, -0.500, -0.500, -0.431, -0.381, 0.125
4.500, -0.500, -0.500, -0.440, -0.383, 0.127
4.520, -0.500, -0.500, -0.445, -0.383, 0.129
4.540, -0.500, -0.500, -0.451, -0.384, 0.130
4.560, -0.500, -0.500, -0.455, -0.387, 0.131
4.580, -0.500, -0.500, -0.460, -0.390, 0.132
4.600, -0.500, -0.500, -0.464, -0.392, 0.132
4.620, -0.500, -0.500, -0.468, -0.395, 0.132
4.640, -0.500, -0.500, -0.470, -0.397, 0.132
4.660, -0.500, -0.500, -0.470, -0.398, 0.133
4.680, -0.500, -0.500, -0.470, -0.399, 0.133
4.700, -0.500, -0.500, -0.470, -0.399, 0.133
4.720, -0.500, -0.500, -0.470, -0.398, 0.133
4.740, -0.500, -0.500, -0.470, -0.397, 0.133
4.760, -0.500, -0.500, -0.470, -0.395, 0.134
4.780, -0.500, -0.500, -0.469, -0.393, 0.134
4.800, -0.500, -0.500, -0.469, -0.392, 0.136
4.820, -0.500, -0.500, -0.468, -0.390, 0.138
4.840, -0.500, -0.500, -0.466, -0.389, 0.141
4.860, -0.500, -0.500, -0.464, -0.389, 0.145
4.880, -0.500, -0.500, -0.462, -0.389, 0.148
4.900, -0.500, -0.500, -0.463, -0.390, 0.151
4.920, -0.500, -0.500, -0.468, -0.394, 0.154
4.940, -0.500, -0.500, -0.477, -0.399, 0.156
4.960, -0.500, -0.500, -0.489, -0.407, 0.157
4.980, -0.500, -0.500, -0.504, -0.416, 0.157
5.000, -0.500, -0.500, -0.520, -0.425, 0.156
5.020, -0.500, -0.500, -0.534, -0.434, 0.158
5.040, -0.500, -0.500, -0.545, -0.444, 0.158
5.060, -0.500, -0.500, -0.553, -0.454, 0.158
5.080, -0.500, -0.500, -0.559, -0.463, 0.157
5.100, -0.500, -0.500, -0.563, -0.471, 0.156
5.120, -0.500, -0.500, -0.564, -0.477, 0.156
5.140, -0.500, -0.500, -0.563, -0.482, 0.155
5.160, -0.500, -0.500, -0.560, -0.486, 0.153
5.180, -0.500, -0.500, -0.555, -0.489, 0.152
5.200, -0.500, -0.500, -0.549, -0.492, 0.151
5.220, -0.500, -0.500, -0.543, -0.495, 0.149
5.240, -0.500, -0.500, -0.537, -0.499, 0.147
5.260, -0.500, -0.500, -0.531, -0.502, 0.145
5.280, -0.500, -0.500, -0.527, -0.506, 0.143
5.300, -0.500, -0.500, -0.525, -0.510, 0.141
5.320, -0.500, -0.500, -0.523, -0.513, 0.140
5.340, -0.500, -0.500, -0.523, -0.515, 0.141
5.360, -0.500, -0.500, -0.522, -0.516, 0.142
5.380, -0.500, -0.500, -0.522, -0.517, 0.145
5.400, -0.500, -0.500, -0.522, -0.516, 0.147
5.420, -0.500, -0.500, -0.522, -0.514, 0.151
5.440, -0.500, -0.500, -0.521, -0.512, 0.155
5.460, -0.500, -0.500, -0.521, -0.510, 0.159
5.480, -0.500, -0.500, -0.521, -0.507, 0.165
5.500, -0.500, -0.500, -0.520, -0.504, 0.170
5.520, -0.500, -0.500, -0.519, -0.500, 0.175
5.540, -0.500, -0.500, -0.519, -0.498, 0.178
5.560, -0.500, -0.500, -0.521, -0.495, 0.178
5.580, -0.500, -0.500, -0.528, -0.495, 0.176
5.600, -0.500, -0.500, -0.538, -0.495, 0.171
5.620, -0.500, -0.500, -0.553, -0.497, 0.164
5.640, -0.500, -0.500, -0.570, -0.499, 0.155
5.660, -0.500, -0.500, -0.588, -0.501, 0.146
5.680, -0.500, -0.500, -0.603, -0.505, 0.142
5.700, -0.500, -0.500, -0.618, -0.511, 0.138
5.720, -0.500, -0.500, -0.632, -0.514, 0.133
5.740, -0.500, -0.500, -0.647, -0.517, 0.130
5.760, -0.500, -0.500, -0.662, -0.520, 0.126
5.780, -0.500, -0.500, -0.675, -0.522, 0.121
5.800, -0.500, -0.500, -0.686, -0.523, 0.123
5.820, -0.500, -0.500, -0.693, -0.523, 0.125
5.840, -0.500, -0.500, -0.699, -0.523, 0.126
5.860, -0.500, -0.500, -0.703, -0.524, 0.127
5.880, -0.500, -0.500, -0.706, -0.526, 0.127
5.900, -0.500, -0.500, -0.707, -0.527, 0.129
5.920, -0.500, -0.500, -0.706, -0.529, 0.129
5.940, -0.500, -0.500, -0.706, -0.530, 0.129
5.960, -0.500, -0.500, -0.705, -0.530, 0.129
5.980, -0.500, -0.500, -0.705, -0.530, 0.129
8.020, -0.400, -0.500, 0.000, 0.000, 0.227
8.040, -0.400, -0.500, -0.000, 0.000, 0.222
8.060, -0.400, -0.500, -0.003, -0.000, 0.216
8.080, -0.400, -0.500, -0.008, -0.002, 0.208
8.100, -0.400, -0.500, -0.014, -0.005, 0.200
8.120, -0.400, -0.500, -0.021, -0.008, 0.191
8.140, -0.400, -0.500, -0.029, -0.012, 0.183
8.160, -0.400, -0.500, -0.038, -0.015, 0.176
8.180, -0.400, -0.500, -0.048, -0.019, 0.169
8.200, -0.400, -0.500, -0.057, -0.023, 0.163
8.220, -0.400, -0.500, -0.067, -0.025, 0.159
8.240, -0.400, -0.500, -0.076, -0.026, 0.156
8.260, -0.400, -0.500, -0.083, -0.026, 0.154
8.280, -0.400, -0.500, -0.087, -0.025, 0.152
8.300, -0.400, -0.500, -0.089, -0.023, 0.149
8.320, -0.400, -0.500, -0.089, -0.024, 0.149
8.340, -0.400, -0.500, -0.088, -0.028, 0.150
8.360, -0.400, -0.500, -0.087, -0.034, 0.150
8.380, -0.400, -0.500, -0.087, -0.041, 0.149
8.400, -0.400, -0.500, -0.086, -0.050, 0.149
8.420, -0.400, -0.500, -0.087, -0.060, 0.148
8.440, -0.400, -0.500, -0.088, -0.070, 0.148
8.460, -0.400, -0.500, -0.088, -0.081, 0.147
8.480, -0.400, -0.500, -0.089, -0.090, 0.147
8.500, -0.400, -0.500, -0.089, -0.098, 0.147
8.520, -0.400, -0.500, -0.088, -0.105, 0.146
8.540, -0.400, -0.500, -0.086, -0.110, 0.146
8.560, -0.400, -0.500, -0.084, -0.114, 0.145
8.580, -0.400, -0.500, -0.081, -0.116, 0.145
8.600, -0.400, -0.500, -0.078, -0.118, 0.144
8.620, -0.400, -0.500, -0.075, -0.118, 0.143
8.640, -0.400, -0.500, -0.071, -0.119, 0.141
8.660, -0.400, -0.500, -0.068, -0.119, 0.139
8.680, -0.400, -0.500, -0.064, -0.119, 0.136
8.700, -0.400, -0.500, -0.062, -0.119, 0.134
8.720, -0.400, -0.500, -0.060, -0.120, 0.133
8.740, -0.400, -0.500, -0.059, -0.121, 0.133
8.760, -0.400, -0.500, -0.059, -0.121, 0.134
8.780, -0.400, -0.500, -0.058, -0.121, 0.135
8.800, -0.400, -0.500, -0.058, -0.121, 0.137
8.820, -0.400, -0.500, -0.058, -0.120, 0.140
8.840, -0.400, -0.500, -0.057, -0.120, 0.144
8.860, -0.400, -0.500, -0.057, -0.119, 0.148
8.880, -0.400, -0.500, -0.057, -0.117, 0.154
8.900, -0.400, -0.500, -0.056, -0.116, 0.160
8.920, -0.400, -0.500, -0.055, -0.113, 0.166
8.940, -0.400, -0.500, -0.054, -0.111, 0.172
8.960, -0.400, -0.500, -0.054, -0.111, 0.176
8.980, -0.400, -0.500, -0.055, -0.112, 0.177
9.000, -0.400, -0.500, -0.060, -0.116, 0.175
9.020, -0.400, -0.500, -0.067, -0.123, 0.171
9.040, -0.400, -0.500, -0.077, -0.133, 0.164
9.060, -0.400, -0.500, -0.089, -0.144, 0.156
9.080, -0.400, -0.500, -0.101, -0.156, 0.148
9.100, -0.400, -0.500, -0.112, -0.168, 0.143
9.120, -0.400, -0.500, -0.123, -0.180, 0.139
9.140, -0.400, -0.500, -0.133, -0.191, 0.134
9.160, -0.400, -0.500, -0.144, -0.199, 0.128
9.180, -0.400, -0.500, -0.153, -0.205, 0.125
9.200, -0.400, -0.500, -0.160, -0.207, 0.124
9.220, -0.400, -0.500, -0.166, -0.207, 0.126
9.240, -0.400, -0.500, -0.171, -0.208, 0.128
9.260, -0.400, -0.500, -0.176, -0.211, 0.129
9.280, -0.400, -0.500, -0.181, -0.215, 0.129
9.300, -0.400, -0.500, -0.184, -0.217, 0.131
9.320, -0.400, -0.500, -0.184, -0.217, 0.132
9.340, -0.400, -0.500, -0.184, -0.218, 0.131
9.360, -0.400, -0.500, -0.183, -0.218, 0.130
9.380, -0.400, -0.500, -0.182, -0.218, 0.130
9.400, -0.400, -0.500, -0.182, -0.218, 0.130
9.420, -0.400, -0.500, -0.183, -0.217, 0.131
9.440, -0.400, -0.500, -0.183, -0.216, 0.131
9.460, -0.400, -0.500, -0.183, -0.216, 0.131
9.480, -0.400, -0.500, -0.183, -0.215, 0.131
9.500, -0.400, -0.500, -0.184, -0.215, 0.132
9.520, -0.400, -0.500, -0.185, -0.214, 0.133
9.540, -0.400, -0.500, -0.185, -0.214, 0.135
9.560, -0.400, -0.500, -0.185, -0.214, 0.138
9.580, -0.400, -0.500, -0.184, -0.213, 0.141
9.600, -0.400, -0.500, -0.182, -0.213, 0.144
9.620, -0.400, -0.500, -0.181, -0.214, 0.146
9.640, -0.400, -0.500, -0.182, -0.217, 0.149
9.660, -0.400, -0.500, -0.185, -0.221, 0.151
9.680, -0.400, -0.500, -0.190, -0.228, 0.153
9.700, -0.400, -0.500, -0.197, -0.237, 0.155
9.720, -0.400, -0.500, -0.205, -0.248, 0.157
9.740, -0.400, -0.500, -0.214, -0.262, 0.159
9.760, -0.400, -0.500, -0.223, -0.275, 0.160
9.780, -0.400, -0.500, -0.231, -0.288, 0.162
9.800, -0.400, -0.500, -0.238, -0.301, 0.162
9.820, -0.400, -0.500, -0.243, -0.312, 0.163
9.840, -0.400, -0.500, -0.246, -0.321, 0.164
9.860, -0.400, -0.500, -0.247, -0.328, 0.163
9.880, -0.400, -0.500, -0.246, -0.333, 0.162
9.900, -0.400, -0.500, -0.242, -0.337, 0.161
9.920, -0.400, -0.500, -0.237, -0.339, 0.159
9.940, -0.400, -0.500, -0.231, -0.341, 0.157
9.960, -0.400, -0.500, -0.225, -0.343, 0.155
9.980, -0.400, -0.500, -0.217, -0.344, 0.152
10.000, -0.400, -0.500, -0.210, -0.346, 0.150
10.020, -0.400, -0.500, -0.204, -0.348, 0.147
10.040, -0.400, -0.500, -0.200, -0.352, 0.145
10.060, -0.400, -0.500, -0.197, -0.355, 0.144
10.080, -0.400, -0.500, -0.196, -0.357, 0.145
10.100, -0.400, -0.500, -0.195, -0.359, 0.146
10.120, -0.400, -0.500, -0.194, -0.360, 0.149
10.140, -0.400, -0.500, -0.193, -0.360, 0.152
10.160, -0.400, -0.500, -0.193, -0.359, 0.156
10.180, -0.400, -0.500, -0.192, -0.358, 0.161
10.200, -0.400, -0.500, -0.191, -0.356, 0.166
10.220, -0.400, -0.500, -0.191, -0.353, 0.173
10.240, -0.400, -0.500, -0.189, -0.350, 0.178
10.260, -0.400, -0.500, -0.188, -0.347, 0.183
10.280, -0.400, -0.500, -0.188, -0.345, 0.185
10.300, -0.400, -0.500, -0.191, -0.345, 0.184
10.320, -0.400, -0.500, -0.198, -0.348, 0.182
10.340, -0.400, -0.500, -0.208, -0.354, 0.178
10.360, -0.400, -0.500, -0.221, -0.362, 0.172
10.380, -0.400, -0.500, -0.237, -0.371, 0.164
10.400, -0.400, -0.500, -0.254, -0.380, 0.156
10.420, -0.400, -0.500, -0.268, -0.391, 0.152
10.440, -0.400, -0.500, -0.281, -0.402, 0.149
10.460, -0.400, -0.500, -0.294, -0.410, 0.145
10.480, -0.400, -0.500, -0.306, -0.417, 0.141
10.500, -0.400, -0.500, -0.317, -0.422, 0.135
10.520, -0.400, -0.500, -0.328, -0.424, 0.131
10.540, -0.400, -0.500, -0.335, -0.424, 0.130
10.560, -0.400, -0.500, -0.340, -0.421, 0.129
10.580, -0.400, -0.500, -0.345, -0.417, 0.127
10.600, -0.400, -0.500, -0.352, -0.416, 0.127
10.620, -0.400, -0.500, -0.358, -0.417, 0.128
10.640, -0.400, -0.500, -0.363, -0.419, 0.129
10.660, -0.400, -0.500, -0.367, -0.420, 0.131
10.680, -0.400, -0.500, -0.368, -0.421, 0.132
10.700, -0.400, -0.500, -0.369, -0.421, 0.132
10.720, -0.400, -0.500, -0.369, -0.422, 0.132
10.740, -0.400, -0.500, -0.368, -0.421, 0.131
10.760, -0.400, -0.500, -0.368, -0.421, 0.131
10.780, -0.400, -0.500, -0.368, -0.420, 0.131
10.800, -0.400, -0.500, -0.368, -0.419, 0.132
10.820, -0.400, -0.500, -0.368, -0.417, 0.132
10.840, -0.400, -0.500, -0.368, -0.416, 0.133
10.860, -0.400, -0.500, -0.368, -0.416, 0.136
10.880, -0.400, -0.500, -0.367, -0.415, 0.139
10.900, -0.400, -0.500, -0.364, -0.415, 0.142
10.920, -0.400, -0.500, -0.362, -0.415, 0.145
10.940, -0.400, -0.500, -0.363, -0.417, 0.148
10.960, -0.400, -0.500, -0.367, -0.421, 0.150
10.980, -0.400, -0.500, -0.373, -0.425, 0.151
11.000, -0.400, -0.500, -0.382, -0.432, 0.153
11.020, -0.400, -0.500, -0.393, -0.440, 0.153
11.040, -0.400, -0.500, -0.405, -0.449, 0.154
11.060, -0.400, -0.500, -0.416, -0.458, 0.155
11.080, -0.400, -0.500, -0.427, -0.468, 0.156
11.100, -0.400, -0.500, -0.436, -0.477, 0.157
11.120, -0.400, -0.500, -0.443, -0.486, 0.157
11.140, -0.400, -0.500, -0.448, -0.494, 0.158
11.160, -0.400, -0.500, -0.451, -0.500, 0.158
11.180, -0.400, -0.500, -0.451, -0.505, 0.157
11.200, -0.400, -0.500, -0.449, -0.508, 0.156
11.220, -0.400, -0.500, -0.445, -0.511, 0.155
11.240, -0.400, -0.500, -0.440, -0.513, 0.153
11.260, -0.400, -0.500, -0.434, -0.515, 0.151
11.280, -0.400, -0.500, -0.428, -0.517, 0.149
11.300, -0.400, -0.500, -0.422, -0.519, 0.147
11.320, -0.400, -0.500, -0.416, -0.521, 0.144
11.340, -0.400, -0.500, -0.413, -0.524, 0.142
11.360, -0.400, -0.500, -0.410, -0.527, 0.141
11.380, -0.400, -0.500, -0.409, -0.530, 0.141
11.400, -0.400, -0.500, -0.409, -0.532, 0.142
11.420, -0.400, -0.500, -0.408, -0.533, 0.143
11.440, -0.400, -0.500, -0.408, -0.533, 0.146
11.460, -0.400, -0.500, -0.408, -0.532, 0.149
11.480, -0.400, -0.500, -0.408, -0.531, 0.154
11.500, -0.400, -0.500, -0.408, -0.530, 0.158
11.520, -0.400, -0.500, -0.408, -0.528, 0.164
11.540, -0.400, -0.500, -0.406, -0.526, 0.170
11.560, -0.400, -0.500, -0.405, -0.524, 0.175
11.580, -0.400, -0.500, -0.405, -0.522, 0.178
11.600, -0.400, -0.500, -0.407, -0.522, 0.179
11.620, -0.400, -0.500, -0.413, -0.523, 0.177
11.640, -0.400, -0.500, -0.423, -0.526, 0.173
11.660, -0.400, -0.500, -0.435, -0.530, 0.168
11.680, -0.400, -0.500, -0.451, -0.535, 0.160
11.700, -0.400, -0.500, -0.469, -0.541, 0.150
11.720, -0.400, -0.500, -0.485, -0.546, 0.144
11.740, -0.400, -0.500, -0.501, -0.553, 0.139
11.760, -0.400, -0.500, -0.515, -0.559, 0.134
11.780, -0.400, -0.500, -0.529, -0.564, 0.129
11.800, -0.400, -0.500, -0.542, -0.566, 0.123
11.820, -0.400, -0.500, -0.551, -0.567, 0.122
11.840, -0.400, -0.500, -0.557, -0.564, 0.122
11.860, -0.400, -0.500, -0.563, -0.561, 0.119
11.880, -0.400, -0.500, -0.570, -0.561, 0.121
11.900, -0.400, -0.500, -0.576, -0.562, 0.122
11.920, -0.400, -0.500, -0.578, -0.561, 0.125
11.940, -0.400, -0.500, -0.579, -0.561, 0.126
11.960, -0.400, -0.500, -0.579, -0.561, 0.126
11.980, -0.400, -0.500, -0.579, -0.561, 0.125
12.000, -0.400, -0.500, -0.579, -0.561, 0.125
14.040, -0.300, -0.500, 0.000, 0.000, 0.227
14.060, -0.300, -0.500, 0.000, -0.000, 0.222
14.080, -0.300, -0.500, -0.002, -0.001, 0.215
14.100, -0.300, -0.500, -0.007, -0.003, 0.208
14.120, -0.300, -0.500, -0.012, -0.006, 0.199
14.140, -0.300, -0.500, -0.018, -0.009, 0.191
14.160, -0.300, -0.500, -0.025, -0.012, 0.183
14.180, -0.300, -0.500, -0.032, -0.016, 0.176
14.200, -0.300, -0.500, -0.041, -0.020, 0.169
14.220, -0.300, -0.500, -0.049, -0.023, 0.163
14.240, -0.300, -0.500, -0.058, -0.025, 0.159
14.260, -0.300, -0.500, -0.066, -0.026, 0.157
14.280, -0.300, -0.500, -0.073, -0.026, 0.156
14.300, -0.300, -0.500, -0.077, -0.024, 0.154
14.320, -0.300, -0.500, -0.080, -0.022, 0.151
14.340, -0.300, -0.500, -0.081, -0.020, 0.147
14.360, -0.300, -0.500, -0.081, -0.022, 0.147
14.380, -0.300, -0.500, -0.081, -0.027, 0.147
14.400, -0.300, -0.500, -0.080, -0.034, 0.147
14.420, -0.300, -0.500, -0.080, -0.043, 0.147
14.440, -0.300, -0.500, -0.079, -0.052, 0.147
14.460, -0.300, -0.500, -0.080, -0.061, 0.147
14.480, -0.300, -0.500, -0.080, -0.071, 0.147
14.500, -0.300, -0.500, -0.080, -0.080, 0.147
14.520, -0.300, -0.500, -0.079, -0.088, 0.147
14.540, -0.300, -0.500, -0.079, -0.094, 0.147
14.560, -0.300, -0.500, -0.077, -0.099, 0.147
14.580, -0.300, -0.500, -0.075, -0.103, 0.147
14.600, -0.300, -0.500, -0.073, -0.106, 0.146
14.620, -0.300, -0.500, -0.071, -0.107, 0.145
14.640, -0.300, -0.500, -0.069, -0.108, 0.144
14.660, -0.300, -0.500, -0.066, -0.108, 0.142
14.680, -0.300, -0.500, -0.063, -0.108, 0.141
14.700, -0.300, -0.500, -0.060, -0.107, 0.139
14.720, -0.300, -0.500, -0.057, -0.107, 0.137
14.740, -0.300, -0.500, -0.055, -0.107, 0.135
14.760, -0.300, -0.500, -0.053, -0.108, 0.135
14.780, -0.300, -0.500, -0.052, -0.109, 0.135
14.800, -0.300, -0.500, -0.052, -0.109, 0.136
14.820, -0.300, -0.500, -0.051, -0.110, 0.138
14.840, -0.300, -0.500, -0.050, -0.110, 0.141
14.860, -0.300, -0.500, -0.049, -0.110, 0.144
14.880, -0.300, -0.500, -0.048, -0.109, 0.149
14.900, -0.300, -0.500, -0.047, -0.108, 0.154
14.920, -0.300, -0.500, -0.046, -0.107, 0.161
14.940, -0.300, -0.500, -0.044, -0.105, 0.167
14.960, -0.300, -0.500, -0.042, -0.104, 0.173
14.980, -0.300, -0.500, -0.041, -0.104, 0.177
15.000, -0.300, -0.500, -0.042, -0.106, 0.179
15.020, -0.300, -0.500, -0.045, -0.111, 0.178
15.040, -0.300, -0.500, -0.051, -0.119, 0.175
15.060, -0.300, -0.500, -0.059, -0.130, 0.170
15.080, -0.300, -0.500, -0.068, -0.142, 0.163
15.100, -0.300, -0.500, -0.078, -0.156, 0.155
15.120, -0.300, -0.500, -0.087, -0.170, 0.151
15.140, -0.300, -0.500, -0.097, -0.184, 0.146
15.160, -0.300, -0.500, -0.107, -0.196, 0.142
15.180, -0.300, -0.500, -0.116, -0.205, 0.136
15.200, -0.300, -0.500, -0.124, -0.212, 0.132
15.220, -0.300, -0.500, -0.130, -0.216, 0.131
15.240, -0.300, -0.500, -0.135, -0.217, 0.130
15.260, -0.300, -0.500, -0.140, -0.216, 0.129
15.280, -0.300, -0.500, -0.146, -0.215, 0.126
15.300, -0.300, -0.500, -0.152, -0.215, 0.124
15.320, -0.300, -0.500, -0.157, -0.215, 0.128
15.340, -0.300, -0.500, -0.158, -0.215, 0.130
15.360, -0.300, -0.500, -0.159, -0.215, 0.131
15.380, -0.300, -0.500, -0.158, -0.214, 0.131
15.400, -0.300, -0.500, -0.157, -0.214, 0.130
15.420, -0.300, -0.500, -0.157, -0.213, 0.129
15.440, -0.300, -0.500, -0.156, -0.211, 0.129
15.460, -0.300, -0.500, -0.157, -0.210, 0.129
15.480, -0.300, -0.500, -0.157, -0.210, 0.129
15.500, -0.300, -0.500, -0.158, -0.209, 0.129
15.520, -0.300, -0.500, -0.158, -0.209, 0.130
15.540, -0.300, -0.500, -0.159, -0.209, 0.131
15.560, -0.300, -0.500, -0.159, -0.208, 0.133
15.580, -0.300, -0.500, -0.159, -0.208, 0.137
15.600, -0.300, -0.500, -0.157, -0.208, 0.140
15.620, -0.300, -0.500, -0.154, -0.208, 0.143
15.640, -0.300, -0.500, -0.152, -0.209, 0.146
15.660, -0.300, -0.500, -0.152, -0.211, 0.147
15.680, -0.300, -0.500, -0.153, -0.215, 0.149
15.700, -0.300, -0.500, -0.156, -0.221, 0.150
15.720, -0.300, -0.500, -0.161, -0.230, 0.152
15.740, -0.300, -0.500, -0.167, -0.240, 0.153
15.760, -0.300, -0.500, -0.173, -0.253, 0.154
15.780, -0.300, -0.500, -0.180, -0.265, 0.156
15.800, -0.300, -0.500, -0.186, -0.278, 0.158
15.820, -0.300, -0.500, -0.191, -0.290, 0.159
15.840, -0.300, -0.500, -0.195, -0.301, 0.160
15.860, -0.300, -0.500, -0.197, -0.311, 0.160
15.880, -0.300, -0.500, -0.198, -0.318, 0.160
15.900, -0.300, -0.500, -0.197, -0.324, 0.159
15.920, -0.300, -0.500, -0.195, -0.328, 0.158
15.940, -0.300, -0.500, -0.191, -0.330, 0.156
15.960, -0.300, -0.500, -0.187, -0.332, 0.154
15.980, -0.300, -0.500, -0.181, -0.334, 0.152
16.000, -0.300, -0.500, -0.175, -0.335, 0.149
16.020, -0.300, -0.500, -0.169, -0.336, 0.147
16.040, -0.300, -0.500, -0.163, -0.338, 0.144
16.060, -0.300, -0.500, -0.159, -0.340, 0.141
16.080, -0.300, -0.500, -0.156, -0.343, 0.140
16.100, -0.300, -0.500, -0.154, -0.346, 0.140
16.120, -0.300, -0.500, -0.153, -0.348, 0.142
16.140, -0.300, -0.500, -0.152, -0.349, 0.144
16.160, -0.300, -0.500, -0.151, -0.349, 0.147
16.180, -0.300, -0.500, -0.150, -0.348, 0.151
16.200, -0.300, -0.500, -0.149, -0.347, 0.156
16.220, -0.300, -0.500, -0.148, -0.346, 0.162
16.240, -0.300, -0.500, -0.147, -0.344, 0.168
16.260, -0.300, -0.500, -0.146, -0.341, 0.174
16.280, -0.300, -0.500, -0.144, -0.339, 0.179
16.300, -0.300, -0.500, -0.144, -0.338, 0.182
16.320, -0.300, -0.500, -0.147, -0.340, 0.182
16.340, -0.300, -0.500, -0.154, -0.344, 0.180
16.360, -0.300, -0.500, -0.163, -0.351, 0.176
16.380, -0.300, -0.500, -0.174, -0.360, 0.170
16.400, -0.300, -0.500, -0.188, -0.370, 0.162
16.420, -0.300, -0.500, -0.201, -0.382, 0.156
16.440, -0.300, -0.500, -0.213, -0.395, 0.152
16.460, -0.300, -0.500, -0.225, -0.406, 0.148
16.480, -0.300, -0.500, -0.236, -0.416, 0.144
16.500, -0.300, -0.500, -0.248, -0.424, 0.139
16.520, -0.300, -0.500, -0.258, -0.429, 0.134
16.540, -0.300, -0.500, -0.267, -0.433, 0.130
16.560, -0.300, -0.500, -0.273, -0.433, 0.130
16.580, -0.300, -0.500, -0.279, -0.431, 0.129
16.600, -0.300, -0.500, -0.284, -0.428, 0.126
16.620, -0.300, -0.500, -0.291, -0.426, 0.123
16.640, -0.300, -0.500, -0.296, -0.423, 0.125
16.660, -0.300, -0.500, -0.298, -0.423, 0.128
16.680, -0.300, -0.500, -0.299, -0.422, 0.129
16.700, -0.300, -0.500, -0.300, -0.422, 0.130
16.720, -0.300, -0.500, -0.299, -0.421, 0.129
16.740, -0.300, -0.500, -0.298, -0.420, 0.128
16.760, -0.300, -0.500, -0.298, -0.419, 0.127
16.780, -0.300, -0.500, -0.298, -0.419, 0.127
16.800, -0.300, -0.500, -0.299, -0.419, 0.127
16.820, -0.300, -0.500, -0.299, -0.419, 0.128
16.840, -0.300, -0.500, -0.300, -0.419, 0.129
16.860, -0.300, -0.500, -0.300, -0.419, 0.131
16.880, -0.300, -0.500, -0.300, -0.419, 0.135
16.900, -0.300, -0.500, -0.299, -0.419, 0.138
16.920, -0.300, -0.500, -0.297, -0.419, 0.142
16.940, -0.300, -0.500, -0.294, -0.421, 0.145
16.960, -0.300, -0.500, -0.293, -0.424, 0.147
16.980, -0.300, -0.500, -0.295, -0.428, 0.149
17.000, -0.300, -0.500, -0.299, -0.433, 0.150
17.020, -0.300, -0.500, -0.304, -0.440, 0.151
17.040, -0.300, -0.500, -0.311, -0.450, 0.152
17.060, -0.300, -0.500, -0.319, -0.461, 0.154
17.080, -0.300, -0.500, -0.326, -0.474, 0.156
17.100, -0.300, -0.500, -0.334, -0.487, 0.157
17.120, -0.300, -0.500, -0.341, -0.499, 0.159
17.140, -0.300, -0.500, -0.347, -0.511, 0.159
17.160, -0.300, -0.500, -0.351, -0.522, 0.160
17.180, -0.300, -0.500, -0.354, -0.530, 0.160
17.200, -0.300, -0.500, -0.355, -0.537, 0.160
17.220, -0.300, -0.500, -0.354, -0.543, 0.159
17.240, -0.300, -0.500, -0.351, -0.548, 0.157
17.260, -0.300, -0.500, -0.347, -0.551, 0.155
17.280, -0.300, -0.500, -0.342, -0.554, 0.153
17.300, -0.300, -0.500, -0.337, -0.557, 0.150
17.320, -0.300, -0.500, -0.331, -0.559, 0.148
17.340, -0.300, -0.500, -0.325, -0.562, 0.145
17.360, -0.300, -0.500, -0.320, -0.564, 0.142
17.380, -0.300, -0.500, -0.317, -0.568, 0.140
17.400, -0.300, -0.500, -0.315, -0.571, 0.140
17.420, -0.300, -0.500, -0.314, -0.573, 0.141
17.440, -0.300, -0.500, -0.312, -0.574, 0.143
17.460, -0.300, -0.500, -0.311, -0.574, 0.146
17.480, -0.300, -0.500, -0.310, -0.574, 0.150
17.500, -0.300, -0.500, -0.308, -0.573, 0.154
17.520, -0.300, -0.500, -0.307, -0.572, 0.160
17.540, -0.300, -0.500, -0.306, -0.570, 0.166
17.560, -0.300, -0.500, -0.304, -0.568, 0.173
17.580, -0.300, -0.500, -0.301, -0.566, 0.179
17.600, -0.300, -0.500, -0.300, -0.565, 0.182
17.620, -0.300, -0.500, -0.301, -0.565, 0.183
17.640, -0.300, -0.500, -0.306, -0.568, 0.182
17.660, -0.300, -0.500, -0.314, -0.572, 0.179
17.680, -0.300, -0.500, -0.326, -0.579, 0.174
17.700, -0.300, -0.500, -0.339, -0.588, 0.168
17.720, -0.300, -0.500, -0.354, -0.597, 0.161
17.740, -0.300, -0.500, -0.368, -0.608, 0.157
17.760, -0.300, -0.500, -0.382, -0.619, 0.153
17.780, -0.300, -0.500, -0.396, -0.628, 0.150
17.800, -0.300, -0.500, -0.409, -0.635, 0.145
17.820, -0.300, -0.500, -0.421, -0.640, 0.140
17.840, -0.300, -0.500, -0.431, -0.643, 0.135
17.860, -0.300, -0.500, -0.440, -0.645, 0.133
17.880, -0.300, -0.500, -0.445, -0.643, 0.132
17.900, -0.300, -0.500, -0.449, -0.640, 0.131
17.920, -0.300, -0.500, -0.453, -0.636, 0.129
17.940, -0.300, -0.500, -0.459, -0.632, 0.126
17.960, -0.300, -0.500, -0.465, -0.629, 0.127
17.980, -0.300, -0.500, -0.468, -0.628, 0.130
18.000, -0.300, -0.500, -0.469, -0.627, 0.131
18.020, -0.300, -0.500, -0.470, -0.626, 0.132
20.060, -0.200, -0.500, 0.000, 0.000, 0.227
20.080, -0.200, -0.500, 0.001, -0.000, 0.221
20.100, -0.200, -0.500, -0.002, -0.001, 0.215
20.120, -0.200, -0.500, -0.006, -0.003, 0.208
20.140, -0.200, -0.500, -0.011, -0.006, 0.200
20.160, -0.200, -0.500, -0.016, -0.010, 0.191
20.180, -0.200, -0.500, -0.021, -0.014, 0.183
20.200, -0.200, -0.500, -0.028, -0.018, 0.176
20.220, -0.200, -0.500, -0.035, -0.021, 0.170
20.240, -0.200, -0.500, -0.043, -0.025, 0.164
20.260, -0.200, -0.500, -0.051, -0.027, 0.161
20.280, -0.200, -0.500, -0.059, -0.029, 0.159
20.300, -0.200, -0.500, -0.065, -0.028, 0.158
20.320, -0.200, -0.500, -0.069, -0.027, 0.157
20.340, -0.200, -0.500, -0.071, -0.023, 0.153
20.360, -0.200, -0.500, -0.073, -0.021, 0.148
20.380, -0.200, -0.500, -0.074, -0.021, 0.146
20.400, -0.200, -0.500, -0.074, -0.026, 0.146
20.420, -0.200, -0.500, -0.073, -0.033, 0.147
20.440, -0.200, -0.500, -0.072, -0.041, 0.147
20.460, -0.200, -0.500, -0.071, -0.049, 0.147
20.480, -0.200, -0.500, -0.071, -0.058, 0.147
20.500, -0.200, -0.500, -0.070, -0.067, 0.147
20.520, -0.200, -0.500, -0.071, -0.076, 0.148
20.540, -0.200, -0.500, -0.070, -0.083, 0.149
20.560, -0.200, -0.500, -0.070, -0.089, 0.149
20.580, -0.200, -0.500, -0.069, -0.094, 0.149
20.600, -0.200, -0.500, -0.068, -0.098, 0.149
20.620, -0.200, -0.500, -0.066, -0.100, 0.149
20.640, -0.200, -0.500, -0.065, -0.102, 0.148
20.660, -0.200, -0.500, -0.063, -0.102, 0.147
20.680, -0.200, -0.500, -0.061, -0.102, 0.145
20.700, -0.200, -0.500, -0.058, -0.101, 0.144
20.720, -0.200, -0.500, -0.056, -0.100, 0.142
20.740, -0.200, -0.500, -0.053, -0.100, 0.141
20.760, -0.200, -0.500, -0.050, -0.099, 0.139
20.780, -0.200, -0.500, -0.047, -0.099, 0.138
20.800, -0.200, -0.500, -0.046, -0.101, 0.137
20.820, -0.200, -0.500, -0.045, -0.102, 0.138
20.840, -0.200, -0.500, -0.043, -0.102, 0.140
20.860, -0.200, -0.500, -0.042, -0.103, 0.142
20.880, -0.200, -0.500, -0.041, -0.103, 0.146
20.900, -0.200, -0.500, -0.039, -0.103, 0.150
20.920, -0.200, -0.500, -0.037, -0.103, 0.155
20.940, -0.200, -0.500, -0.035, -0.102, 0.162
20.960, -0.200, -0.500, -0.032, -0.101, 0.169
20.980, -0.200, -0.500, -0.029, -0.100, 0.175
21.000, -0.200, -0.500, -0.026, -0.100, 0.179
21.020, -0.200, -0.500, -0.025, -0.102, 0.181
21.040, -0.200, -0.500, -0.027, -0.108, 0.181
21.060, -0.200, -0.500, -0.031, -0.117, 0.179
21.080, -0.200, -0.500, -0.036, -0.128, 0.176
21.100, -0.200, -0.500, -0.043, -0.141, 0.170
21.120, -0.200, -0.500, -0.051, -0.156, 0.164
21.140, -0.200, -0.500, -0.057, -0.171, 0.159
21.160, -0.200, -0.500, -0.063, -0.186, 0.155
21.180, -0.200, -0.500, -0.071, -0.199, 0.151
21.200, -0.200, -0.500, -0.078, -0.210, 0.148
21.220, -0.200, -0.500, -0.084, -0.219, 0.143
21.240, -0.200, -0.500, -0.090, -0.226, 0.141
21.260, -0.200, -0.500, -0.094, -0.229, 0.140
21.280, -0.200, -0.500, -0.098, -0.230, 0.139
21.300, -0.200, -0.500, -0.102, -0.230, 0.138
21.320, -0.200, -0.500, -0.107, -0.229, 0.136
21.340, -0.200, -0.500, -0.112, -0.228, 0.134
21.360, -0.200, -0.500, -0.117, -0.226, 0.134
21.380, -0.200, -0.500, -0.121, -0.223, 0.135
21.400, -0.200, -0.500, -0.123, -0.220, 0.136
21.420, -0.200, -0.500, -0.124, -0.218, 0.136
21.440, -0.200, -0.500, -0.124, -0.215, 0.136
21.460, -0.200, -0.500, -0.124, -0.213, 0.134
21.480, -0.200, -0.500, -0.125, -0.210, 0.133
21.500, -0.200, -0.500, -0.126, -0.208, 0.132
21.520, -0.200, -0.500, -0.127, -0.206, 0.131
21.540, -0.200, -0.500, -0.129, -0.205, 0.130
21.560, -0.200, -0.500, -0.130, -0.205, 0.131
21.580, -0.200, -0.500, -0.131, -0.204, 0.133
21.600, -0.200, -0.500, -0.131, -0.203, 0.136
21.620, -0.200, -0.500, -0.129, -0.202, 0.139
21.640, -0.200, -0.500, -0.125, -0.201, 0.142
21.660, -0.200, -0.500, -0.122, -0.201, 0.143
21.680, -0.200, -0.500, -0.119, -0.201, 0.144
21.700, -0.200, -0.500, -0.119, -0.204, 0.145
21.720, -0.200, -0.500, -0.119, -0.209, 0.146
21.740, -0.200, -0.500, -0.120, -0.217, 0.148
21.760, -0.200, -0.500, -0.122, -0.227, 0.150
21.780, -0.200, -0.500, -0.124, -0.239, 0.151
21.800, -0.200, -0.500, -0.127, -0.251, 0.153
21.820, -0.200, -0.500, -0.128, -0.265, 0.154
21.840, -0.200, -0.500, -0.130, -0.279, 0.156
21.860, -0.200, -0.500, -0.132, -0.292, 0.157
21.880, -0.200, -0.500, -0.133, -0.304, 0.157
21.900, -0.200, -0.500, -0.133, -0.315, 0.157
21.920, -0.200, -0.500, -0.132, -0.324, 0.156
21.940, -0.200, -0.500, -0.130, -0.332, 0.155
21.960, -0.200, -0.500, -0.127, -0.337, 0.152
21.980, -0.200, -0.500, -0.123, -0.341, 0.150
22.000, -0.200, -0.500, -0.119, -0.344, 0.147
22.020, -0.200, -0.500, -0.114, -0.346, 0.145
22.040, -0.200, -0.500, -0.108, -0.347, 0.143
22.060, -0.200, -0.500, -0.103, -0.349, 0.140
22.080, -0.200, -0.500, -0.098, -0.351, 0.138
22.100, -0.200, -0.500, -0.094, -0.353, 0.136
22.120, -0.200, -0.500, -0.091, -0.355, 0.136
22.140, -0.200, -0.500, -0.089, -0.357, 0.138
22.160, -0.200, -0.500, -0.087, -0.358, 0.140
22.180, -0.200, -0.500, -0.084, -0.358, 0.144
22.200, -0.200, -0.500, -0.082, -0.357, 0.148
22.220, -0.200, -0.500, -0.079, -0.356, 0.153
22.240, -0.200, -0.500, -0.076, -0.355, 0.160
22.260, -0.200, -0.500, -0.073, -0.353, 0.167
22.280, -0.200, -0.500, -0.069, -0.351, 0.174
22.300, -0.200, -0.500, -0.066, -0.349, 0.179
22.320, -0.200, -0.500, -0.065, -0.349, 0.183
22.340, -0.200, -0.500, -0.067, -0.352, 0.184
22.360, -0.200, -0.500, -0.071, -0.357, 0.183
22.380, -0.200, -0.500, -0.078, -0.364, 0.180
22.400, -0.200, -0.500, -0.086, -0.375, 0.175
22.420, -0.200, -0.500, -0.094, -0.388, 0.170
22.440, -0.200, -0.500, -0.102, -0.402, 0.166
22.460, -0.200, -0.500, -0.112, -0.416, 0.163
22.480, -0.200, -0.500, -0.122, -0.428, 0.161
22.500, -0.200, -0.500, -0.131, -0.439, 0.158
22.520, -0.200, -0.500, -0.140, -0.448, 0.155
22.540, -0.200, -0.500, -0.148, -0.455, 0.152
22.560, -0.200, -0.500, -0.156, -0.460, 0.147
22.580, -0.200, -0.500, -0.164, -0.463, 0.143
22.600, -0.200, -0.500, -0.172, -0.464, 0.138
22.620, -0.200, -0.500, -0.178, -0.464, 0.135
22.640, -0.200, -0.500, -0.183, -0.462, 0.134
22.660, -0.200, -0.500, -0.187, -0.458, 0.132
22.680, -0.200, -0.500, -0.193, -0.455, 0.130
22.700, -0.200, -0.500, -0.199, -0.451, 0.130
22.720, -0.200, -0.500, -0.204, -0.447, 0.132
22.740, -0.200, -0.500, -0.206, -0.443, 0.132
22.760, -0.200, -0.500, -0.207, -0.441, 0.134
22.780, -0.200, -0.500, -0.207, -0.440, 0.134
22.800, -0.200, -0.500, -0.206, -0.439, 0.134
22.820, -0.200, -0.500, -0.206, -0.440, 0.134
22.840, -0.200, -0.500, -0.206, -0.440, 0.134
22.860, -0.200, -0.500, -0.207, -0.441, 0.135
22.880, -0.200, -0.500, -0.207, -0.443, 0.136
22.900, -0.200, -0.500, -0.208, -0.444, 0.139
22.920, -0.200, -0.500, -0.207, -0.445, 0.142
22.940, -0.200, -0.500, -0.205, -0.445, 0.145
22.960, -0.200, -0.500, -0.202, -0.447, 0.147
22.980, -0.200, -0.500, -0.201, -0.450, 0.148
23.000, -0.200, -0.500, -0.202, -0.455, 0.148
23.020, -0.200, -0.500, -0.204, -0.460, 0.148
23.040, -0.200, -0.500, -0.208, -0.468, 0.149
23.060, -0.200, -0.500, -0.213, -0.478, 0.150
23.080, -0.200, -0.500, -0.219, -0.490, 0.152
23.100, -0.200, -0.500, -0.225, -0.503, 0.153
23.120, -0.200, -0.500, -0.231, -0.515, 0.155
23.140, -0.200, -0.500, -0.238, -0.527, 0.156
23.160, -0.200, -0.500, -0.243, -0.538, 0.157
23.180, -0.200, -0.500, -0.247, -0.548, 0.158
23.200, -0.200, -0.500, -0.250, -0.556, 0.159
23.220, -0.200, -0.500, -0.250, -0.563, 0.159
23.240, -0.200, -0.500, -0.250, -0.568, 0.158
23.260, -0.200, -0.500, -0.248, -0.572, 0.157
23.280, -0.200, -0.500, -0.245, -0.575, 0.155
23.300, -0.200, -0.500, -0.241, -0.577, 0.153
23.320, -0.200, -0.500, -0.237, -0.578, 0.151
23.340, -0.200, -0.500, -0.232, -0.580, 0.149
23.360, -0.200, -0.500, -0.226, -0.581, 0.146
23.380, -0.200, -0.500, -0.221, -0.583, 0.144
23.400, -0.200, -0.500, -0.218, -0.585, 0.142
23.420, -0.200, -0.500, -0.216, -0.588, 0.141
23.440, -0.200, -0.500, -0.214, -0.589, 0.141
23.460, -0.200, -0.500, -0.213, -0.591, 0.143
23.480, -0.200, -0.500, -0.212, -0.591, 0.145
23.500, -0.200, -0.500, -0.211, -0.591, 0.149
23.520, -0.200, -0.500, -0.209, -0.591, 0.153
23.540, -0.200, -0.500, -0.208, -0.590, 0.159
23.560, -0.200, -0.500, -0.207, -0.589, 0.165
23.580, -0.200, -0.500, -0.204, -0.588, 0.172
23.600, -0.200, -0.500, -0.201, -0.587, 0.178
23.620, -0.200, -0.500, -0.199, -0.586, 0.181
23.640, -0.200, -0.500, -0.200, -0.587, 0.183
23.660, -0.200, -0.500, -0.203, -0.591, 0.182
23.680, -0.200, -0.500, -0.210, -0.597, 0.179
23.700, -0.200, -0.500, -0.220, -0.605, 0.175
23.720, -0.200, -0.500, -0.231, -0.615, 0.169
23.740, -0.200, -0.500, -0.243, -0.627, 0.163
23.760, -0.200, -0.500, -0.254, -0.640, 0.159
23.780, -0.200, -0.500, -0.266, -0.652, 0.156
23.800, -0.200, -0.500, -0.277, -0.662, 0.153
23.820, -0.200, -0.500, -0.289, -0.671, 0.150
23.840, -0.200, -0.500, -0.299, -0.678, 0.145
23.860, -0.200, -0.500, -0.308, -0.683, 0.141
23.880, -0.200, -0.500, -0.316, -0.686, 0.136
23.900, -0.200, -0.500, -0.322, -0.687, 0.135
23.920, -0.200, -0.500, -0.326, -0.685, 0.134
23.940, -0.200, -0.500, -0.331, -0.683, 0.133
23.960, -0.200, -0.500, -0.336, -0.680, 0.130
23.980, -0.200, -0.500, -0.341, -0.676, 0.131
24.000, -0.200, -0.500, -0.344, -0.672, 0.132
24.020, -0.200, -0.500, -0.345, -0.668, 0.133
24.040, -0.200, -0.500, -0.346, -0.666, 0.133
26.080, -0.100, -0.500, 0.000, 0.000, 0.227
26.100, -0.100, -0.500, 0.001, 0.000, 0.221
26.120, -0.100, -0.500, -0.002, -0.000, 0.215
26.140, -0.100, -0.500, -0.005, -0.002, 0.208
26.160, -0.100, -0.500, -0.009, -0.006, 0.200
26.180, -0.100, -0.500, -0.014, -0.010, 0.192
26.200, -0.100, -0.500, -0.018, -0.014, 0.184
26.220, -0.100, -0.500, -0.023, -0.018, 0.176
26.240, -0.100, -0.500, -0.029, -0.021, 0.170
26.260, -0.100, -0.500, -0.036, -0.025, 0.165
26.280, -0.100, -0.500, -0.043, -0.027, 0.162
26.300, -0.100, -0.500, -0.050, -0.028, 0.161
26.320, -0.100, -0.500, -0.056, -0.028, 0.161
26.340, -0.100, -0.500, -0.060, -0.026, 0.159
26.360, -0.100, -0.500, -0.062, -0.022, 0.157
26.380, -0.100, -0.500, -0.064, -0.018, 0.151
26.400, -0.100, -0.500, -0.067, -0.017, 0.145
26.420, -0.100, -0.500, -0.068, -0.019, 0.145
26.440, -0.100, -0.500, -0.067, -0.025, 0.147
26.460, -0.100, -0.500, -0.066, -0.031, 0.147
26.480, -0.100, -0.500, -0.065, -0.038, 0.147
26.500, -0.100, -0.500, -0.065, -0.046, 0.148
26.520, -0.100, -0.500, -0.064, -0.054, 0.149
26.540, -0.100, -0.500, -0.064, -0.062, 0.149
26.560, -0.100, -0.500, -0.064, -0.069, 0.151
26.580, -0.100, -0.500, -0.064, -0.075, 0.152
26.600, -0.100, -0.500, -0.064, -0.080, 0.153
26.620, -0.100, -0.500, -0.063, -0.084, 0.153
26.640, -0.100, -0.500, -0.062, -0.087, 0.152
26.660, -0.100, -0.500, -0.060, -0.089, 0.152
26.680, -0.100, -0.500, -0.058, -0.089, 0.150
26.700, -0.100, -0.500, -0.057, -0.089, 0.149
26.720, -0.100, -0.500, -0.055, -0.089, 0.147
26.740, -0.100, -0.500, -0.053, -0.088, 0.146
26.760, -0.100, -0.500, -0.050, -0.087, 0.144
26.780, -0.100, -0.500, -0.048, -0.087, 0.143
26.800, -0.100, -0.500, -0.045, -0.087, 0.141
26.820, -0.100, -0.500, -0.042, -0.087, 0.140
26.840, -0.100, -0.500, -0.040, -0.089, 0.140
26.860, -0.100, -0.500, -0.038, -0.090, 0.141
26.880, -0.100, -0.500, -0.037, -0.092, 0.143
26.900, -0.100, -0.500, -0.035, -0.093, 0.145
26.920, -0.100, -0.500, -0.033, -0.093, 0.149
26.940, -0.100, -0.500, -0.031, -0.093, 0.155
26.960, -0.100, -0.500, -0.028, -0.093, 0.161
26.980, -0.100, -0.500, -0.025, -0.093, 0.168
27.000, -0.100, -0.500, -0.021, -0.092, 0.174
27.020, -0.100, -0.500, -0.017, -0.092, 0.178
27.040, -0.100, -0.500, -0.015, -0.094, 0.180
27.060, -0.100, -0.500, -0.016, -0.100, 0.181
27.080, -0.100, -0.500, -0.018, -0.108, 0.180
27.100, -0.100, -0.500, -0.022, -0.119, 0.177
27.120, -0.100, -0.500, -0.026, -0.132, 0.173
27.140, -0.100, -0.500, -0.032, -0.146, 0.168
27.160, -0.100, -0.500, -0.036, -0.162, 0.163
27.180, -0.100, -0.500, -0.040, -0.177, 0.159
27.200, -0.100, -0.500, -0.044, -0.189, 0.155
27.220, -0.100, -0.500, -0.049, -0.201, 0.152
27.240, -0.100, -0.500, -0.054, -0.210, 0.149
27.260, -0.100, -0.500, -0.059, -0.217, 0.146
27.280, -0.100, -0.500, -0.064, -0.222, 0.142
27.300, -0.100, -0.500, -0.069, -0.225, 0.140
27.320, -0.100, -0.500, -0.072, -0.226, 0.139
27.340, -0.100, -0.500, -0.076, -0.226, 0.138
27.360, -0.100, -0.500, -0.080, -0.224, 0.137
27.380, -0.100, -0.500, -0.085, -0.222, 0.138
27.400, -0.100, -0.500, -0.089, -0.220, 0.140
27.420, -0.100, -0.500, -0.092, -0.218, 0.142
27.440, -0.100, -0.500, -0.094, -0.216, 0.143
27.460, -0.100, -0.500, -0.095, -0.214, 0.144
27.480, -0.100, -0.500, -0.096, -0.212, 0.144
27.500, -0.100, -0.500, -0.096, -0.209, 0.143
27.520, -0.100, -0.500, -0.096, -0.207, 0.142
27.540, -0.100, -0.500, -0.097, -0.205, 0.141
27.560, -0.100, -0.500, -0.098, -0.202, 0.139
27.580, -0.100, -0.500, -0.100, -0.199, 0.138
27.600, -0.100, -0.500, -0.102, -0.196, 0.139
27.620, -0.100, -0.500, -0.104, -0.194, 0.140
27.640, -0.100, -0.500, -0.104, -0.191, 0.141
27.660, -0.100, -0.500, -0.102, -0.188, 0.142
27.680, -0.100, -0.500, -0.100, -0.186, 0.142
27.700, -0.100, -0.500, -0.097, -0.186, 0.142
27.720, -0.100, -0.500, -0.096, -0.187, 0.143
27.740, -0.100, -0.500, -0.095, -0.192, 0.144
27.760, -0.100, -0.500, -0.094, -0.199, 0.146
27.780, -0.100, -0.500, -0.094, -0.209, 0.148
27.800, -0.100, -0.500, -0.093, -0.220, 0.149
27.820, -0.100, -0.500, -0.092, -0.233, 0.150
27.840, -0.100, -0.500, -0.092, -0.246, 0.151
27.860, -0.100, -0.500, -0.092, -0.260, 0.150
27.880, -0.100, -0.500, -0.092, -0.273, 0.152
27.900, -0.100, -0.500, -0.093, -0.285, 0.154
27.920, -0.100, -0.500, -0.092, -0.296, 0.154
27.940, -0.100, -0.500, -0.091, -0.306, 0.152
27.960, -0.100, -0.500, -0.090, -0.314, 0.151
27.980, -0.100, -0.500, -0.087, -0.320, 0.149
28.000, -0.100, -0.500, -0.084, -0.325, 0.147
28.020, -0.100, -0.500, -0.080, -0.329, 0.144
28.040, -0.100, -0.500, -0.076, -0.331, 0.141
28.060, -0.100, -0.500, -0.071, -0.332, 0.139
28.080, -0.100, -0.500, -0.066, -0.333, 0.137
28.100, -0.100, -0.500, -0.061, -0.335, 0.134
28.120, -0.100, -0.500, -0.057, -0.337, 0.133
28.140, -0.100, -0.500, -0.055, -0.339, 0.132
28.160, -0.100, -0.500, -0.052, -0.340, 0.134
28.180, -0.100, -0.500, -0.049, -0.341, 0.136
28.200, -0.100, -0.500, -0.046, -0.341, 0.140
28.220, -0.100, -0.500, -0.043, -0.340, 0.145
28.240, -0.100, -0.500, -0.040, -0.340, 0.150
28.260, -0.100, -0.500, -0.037, -0.339, 0.157
28.280, -0.100, -0.500, -0.033, -0.337, 0.165
28.300, -0.100, -0.500, -0.029, -0.335, 0.172
28.320, -0.100, -0.500, -0.026, -0.333, 0.178
28.340, -0.100, -0.500, -0.024, -0.334, 0.182
28.360, -0.100, -0.500, -0.025, -0.337, 0.184
28.380, -0.100, -0.500, -0.028, -0.343, 0.184
28.400, -0.100, -0.500, -0.033, -0.352, 0.182
28.420, -0.100, -0.500, -0.039, -0.363, 0.176
28.440, -0.100, -0.500, -0.044, -0.377, 0.171
28.460, -0.100, -0.500, -0.049, -0.392, 0.167
28.480, -0.100, -0.500, -0.054, -0.406, 0.165
28.500, -0.100, -0.500, -0.061, -0.420, 0.163
28.520, -0.100, -0.500, -0.067, -0.432, 0.162
28.540, -0.100, -0.500, -0.073, -0.442, 0.160
28.560, -0.100, -0.500, -0.078, -0.450, 0.157
28.580, -0.100, -0.500, -0.083, -0.456, 0.154
28.600, -0.100, -0.500, -0.089, -0.461, 0.151
28.620, -0.100, -0.500, -0.094, -0.464, 0.147
28.640, -0.100, -0.500, -0.101, -0.466, 0.143
28.660, -0.100, -0.500, -0.109, -0.467, 0.138
28.680, -0.100, -0.500, -0.117, -0.467, 0.133
28.700, -0.100, -0.500, -0.124, -0.467, 0.134
28.720, -0.100, -0.500, -0.128, -0.464, 0.137
28.740, -0.100, -0.500, -0.132, -0.460, 0.139
28.760, -0.100, -0.500, -0.135, -0.458, 0.141
28.780, -0.100, -0.500, -0.137, -0.455, 0.142
28.800, -0.100, -0.500, -0.138, -0.453, 0.143
28.820, -0.100, -0.500, -0.137, -0.451, 0.143
28.840, -0.100, -0.500, -0.136, -0.449, 0.142
28.860, -0.100, -0.500, -0.136, -0.447, 0.142
28.880, -0.100, -0.500, -0.137, -0.446, 0.142
28.900, -0.100, -0.500, -0.137, -0.445, 0.143
28.920, -0.100, -0.500, -0.139, -0.444, 0.144
28.940, -0.100, -0.500, -0.139, -0.443, 0.146
28.960, -0.100, -0.500, -0.138, -0.442, 0.147
28.980, -0.100, -0.500, -0.136, -0.441, 0.147
29.000, -0.100, -0.500, -0.136, -0.443, 0.147
29.020, -0.100, -0.500, -0.136, -0.446, 0.147
29.040, -0.100, -0.500, -0.137, -0.451, 0.148
29.060, -0.100, -0.500, -0.138, -0.459, 0.149
29.080, -0.100, -0.500, -0.140, -0.469, 0.150
29.100, -0.100, -0.500, -0.141, -0.481, 0.153
29.120, -0.100, -0.500, -0.142, -0.494, 0.155
29.140, -0.100, -0.500, -0.143, -0.508, 0.157
29.160, -0.100, -0.500, -0.142, -0.522, 0.159
29.180, -0.100, -0.500, -0.142, -0.537, 0.160
29.200, -0.100, -0.500, -0.141, -0.550, 0.160
29.220, -0.100, -0.500, -0.139, -0.563, 0.161
29.240, -0.100, -0.500, -0.138, -0.574, 0.161
29.260, -0.100, -0.500, -0.137, -0.584, 0.160
29.280, -0.100, -0.500, -0.135, -0.594, 0.159
29.300, -0.100, -0.500, -0.132, -0.602, 0.156
29.320, -0.100, -0.500, -0.130, -0.608, 0.154
29.340, -0.100, -0.500, -0.126, -0.613, 0.151
29.360, -0.100, -0.500, -0.123, -0.617, 0.149
29.380, -0.100, -0.500, -0.119, -0.620, 0.146
29.400, -0.100, -0.500, -0.114, -0.622, 0.144
29.420, -0.100, -0.500, -0.110, -0.624, 0.141
29.440, -0.100, -0.500, -0.107, -0.626, 0.140
29.460, -0.100, -0.500, -0.104, -0.628, 0.140
29.480, -0.100, -0.500, -0.102, -0.628, 0.142
29.500, -0.100, -0.500, -0.099, -0.629, 0.145
29.520, -0.100, -0.500, -0.096, -0.629, 0.149
29.540, -0.100, -0.500, -0.092, -0.628, 0.154
29.560, -0.100, -0.500, -0.087, -0.628, 0.159
29.580, -0.100, -0.500, -0.083, -0.628, 0.166
29.600, -0.100, -0.500, -0.078, -0.627, 0.174
29.620, -0.100, -0.500, -0.072, -0.625, 0.180
29.640, -0.100, -0.500, -0.068, -0.624, 0.185
29.660, -0.100, -0.500, -0.066, -0.626, 0.188
29.680, -0.100, -0.500, -0.068, -0.630, 0.190
29.700, -0.100, -0.500, -0.071, -0.637, 0.189
29.720, -0.100, -0.500, -0.076, -0.647, 0.185
29.740, -0.100, -0.500, -0.082, -0.659, 0.181
29.760, -0.100, -0.500, -0.087, -0.675, 0.178
29.780, -0.100, -0.500, -0.093, -0.690, 0.176
29.800, -0.100, -0.500, -0.101, -0.704, 0.176
29.820, -0.100, -0.500, -0.108, -0.718, 0.175
29.840, -0.100, -0.500, -0.114, -0.730, 0.174
29.860, -0.100, -0.500, -0.119, -0.740, 0.173
29.880, -0.100, -0.500, -0.124, -0.748, 0.171
29.900, -0.100, -0.500, -0.128, -0.753, 0.168
29.920, -0.100, -0.500, -0.132, -0.757, 0.165
29.940, -0.100, -0.500, -0.137, -0.758, 0.162
29.960, -0.100, -0.500, -0.142, -0.758, 0.159
29.980, -0.100, -0.500, -0.148, -0.756, 0.156
30.000, -0.100, -0.500, -0.155, -0.754, 0.152
30.020, -0.100, -0.500, -0.162, -0.750, 0.148
30.040, -0.100, -0.500, -0.170, -0.747, 0.143
30.060, -0.100, -0.500, -0.179, -0.744, 0.138
32.100, -0.000, -0.500, 0.000, 0.000, 0.227
32.120, -0.000, -0.500, 0.001, 0.001, 0.221
32.140, -0.000, -0.500, -0.002, 0.001, 0.216
32.160, -0.000, -0.500, -0.005, -0.001, 0.209
32.180, -0.000, -0.500, -0.009, -0.004, 0.201
32.200, -0.000, -0.500, -0.013, -0.007, 0.193
32.220, -0.000, -0.500, -0.016, -0.012, 0.186
32.240, -0.000, -0.500, -0.020, -0.016, 0.178
32.260, -0.000, -0.500, -0.025, -0.020, 0.172
32.280, -0.000, -0.500, -0.031, -0.023, 0.167
32.300, -0.000, -0.500, -0.038, -0.026, 0.165
32.320, -0.000, -0.500, -0.044, -0.026, 0.164
32.340, -0.000, -0.500, -0.050, -0.025, 0.164
32.360, -0.000, -0.500, -0.053, -0.023, 0.163
32.380, -0.000, -0.500, -0.055, -0.018, 0.161
32.400, -0.000, -0.500, -0.057, -0.014, 0.156
32.420, -0.000, -0.500, -0.060, -0.011, 0.149
32.440, -0.000, -0.500, -0.061, -0.013, 0.147
32.460, -0.000, -0.500, -0.061, -0.018, 0.147
32.480, -0.000, -0.500, -0.060, -0.025, 0.148
32.500, -0.000, -0.500, -0.058, -0.033, 0.149
32.520, -0.000, -0.500, -0.056, -0.041, 0.149
32.540, -0.000, -0.500, -0.056, -0.049, 0.150
32.560, -0.000, -0.500, -0.055, -0.056, 0.151
32.580, -0.000, -0.500, -0.055, -0.064, 0.153
32.600, -0.000, -0.500, -0.054, -0.070, 0.154
32.620, -0.000, -0.500, -0.054, -0.075, 0.155
32.640, -0.000, -0.500, -0.053, -0.079, 0.155
32.660, -0.000, -0.500, -0.053, -0.082, 0.155
32.680, -0.000, -0.500, -0.052, -0.085, 0.155
32.700, -0.000, -0.500, -0.050, -0.086, 0.154
32.720, -0.000, -0.500, -0.049, -0.087, 0.152
32.740, -0.000, -0.500, -0.048, -0.086, 0.150
32.760, -0.000, -0.500, -0.046, -0.085, 0.149
32.780, -0.000, -0.500, -0.044, -0.084, 0.148
32.800, -0.000, -0.500, -0.041, -0.083, 0.146
32.820, -0.000, -0.500, -0.038, -0.083, 0.145
32.840, -0.000, -0.500, -0.035, -0.083, 0.143
32.860, -0.000, -0.500, -0.032, -0.085, 0.142
32.880, -0.000, -0.500, -0.030, -0.087, 0.143
32.900, -0.000, -0.500, -0.028, -0.088, 0.144
32.920, -0.000, -0.500, -0.026, -0.090, 0.147
32.940, -0.000, -0.500, -0.024, -0.091, 0.151
32.960, -0.000, -0.500, -0.021, -0.091, 0.156
32.980, -0.000, -0.500, -0.018, -0.091, 0.162
33.000, -0.000, -0.500, -0.014, -0.091, 0.169
33.020, -0.000, -0.500, -0.009, -0.090, 0.175
33.040, -0.000, -0.500, -0.005, -0.090, 0.179
33.060, -0.000, -0.500, -0.002, -0.092, 0.182
33.080, -0.000, -0.500, -0.002, -0.098, 0.183
33.100, -0.000, -0.500, -0.003, -0.106, 0.183
33.120, -0.000, -0.500, -0.005, -0.117, 0.180
33.140, -0.000, -0.500, -0.007, -0.130, 0.177
33.160, -0.000, -0.500, -0.009, -0.145, 0.173
33.180, -0.000, -0.500, -0.011, -0.161, 0.169
33.200, -0.000, -0.500, -0.013, -0.176, 0.166
33.220, -0.000, -0.500, -0.016, -0.189, 0.163
33.240, -0.000, -0.500, -0.020, -0.201, 0.161
33.260, -0.000, -0.500, -0.024, -0.210, 0.159
33.280, -0.000, -0.500, -0.028, -0.218, 0.156
33.300, -0.000, -0.500, -0.032, -0.223, 0.152
33.320, -0.000, -0.500, -0.037, -0.226, 0.149
33.340, -0.000, -0.500, -0.043, -0.227, 0.145
33.360, -0.000, -0.500, -0.049, -0.228, 0.140
33.380, -0.000, -0.500, -0.056, -0.227, 0.136
33.400, -0.000, -0.500, -0.062, -0.225, 0.135
33.420, -0.000, -0.500, -0.066, -0.220, 0.137
33.440, -0.000, -0.500, -0.070, -0.216, 0.138
33.460, -0.000, -0.500, -0.074, -0.213, 0.139
33.480, -0.000, -0.500, -0.077, -0.210, 0.140
33.500, -0.000, -0.500, -0.078, -0.207, 0.140
33.520, -0.000, -0.500, -0.079, -0.204, 0.140
33.540, -0.000, -0.500, -0.079, -0.201, 0.139
33.560, -0.000, -0.500, -0.080, -0.199, 0.139
33.580, -0.000, -0.500, -0.081, -0.196, 0.139
33.600, -0.000, -0.500, -0.083, -0.194, 0.139
33.620, -0.000, -0.500, -0.084, -0.193, 0.140
33.640, -0.000, -0.500, -0.085, -0.192, 0.142
33.660, -0.000, -0.500, -0.085, -0.190, 0.144
33.680, -0.000, -0.500, -0.082, -0.188, 0.145
33.700, -0.000, -0.500, -0.079, -0.187, 0.145
33.720, -0.000, -0.500, -0.076, -0.187, 0.145
33.740, -0.000, -0.500, -0.073, -0.189, 0.145
33.760, -0.000, -0.500, -0.071, -0.194, 0.146
33.780, -0.000, -0.500, -0.069, -0.203, 0.147
33.800, -0.000, -0.500, -0.067, -0.213, 0.148
33.820, -0.000, -0.500, -0.066, -0.226, 0.149
33.840, -0.000, -0.500, -0.065, -0.239, 0.151
33.860, -0.000, -0.500, -0.064, -0.253, 0.153
33.880, -0.000, -0.500, -0.063, -0.267, 0.155
33.900, -0.000, -0.500, -0.063, -0.280, 0.156
33.920, -0.000, -0.500, -0.061, -0.292, 0.156
33.940, -0.000, -0.500, -0.060, -0.304, 0.155
33.960, -0.000, -0.500, -0.059, -0.314, 0.154
33.980, -0.000, -0.500, -0.056, -0.323, 0.153
34.000, -0.000, -0.500, -0.054, -0.330, 0.151
34.020, -0.000, -0.500, -0.050, -0.335, 0.149
34.040, -0.000, -0.500, -0.047, -0.339, 0.146
34.060, -0.000, -0.500, -0.042, -0.341, 0.144
34.080, -0.000, -0.500, -0.038, -0.343, 0.142
34.100, -0.000, -0.500, -0.033, -0.344, 0.140
34.120, -0.000, -0.500, -0.027, -0.346, 0.138
34.140, -0.000, -0.500, -0.022, -0.347, 0.136
34.160, -0.000, -0.500, -0.019, -0.350, 0.135
34.180, -0.000, -0.500, -0.016, -0.351, 0.136
34.200, -0.000, -0.500, -0.012, -0.352, 0.138
34.220, -0.000, -0.500, -0.009, -0.352, 0.142
34.240, -0.000, -0.500, -0.006, -0.352, 0.146
34.260, -0.000, -0.500, -0.002, -0.351, 0.152
34.280, -0.000, -0.500, 0.002, -0.350, 0.159
34.300, -0.000, -0.500, 0.007, -0.349, 0.166
34.320, -0.000, -0.500, 0.011, -0.347, 0.174
34.340, -0.000, -0.500, 0.016, -0.345, 0.179
34.360, -0.000, -0.500, 0.018, -0.345, 0.184
34.380, -0.000, -0.500, 0.018, -0.348, 0.187
34.400, -0.000, -0.500, 0.016, -0.355, 0.188
34.420, -0.000, -0.500, 0.013, -0.363, 0.186
34.440, -0.000, -0.500, 0.009, -0.374, 0.182
34.460, -0.000, -0.500, 0.007, -0.389, 0.177
34.480, -0.000, -0.500, 0.005, -0.405, 0.173
34.500, -0.000, -0.500, 0.001, -0.421, 0.171
34.520, -0.000, -0.500, -0.003, -0.436, 0.169
34.540, -0.000, -0.500, -0.008, -0.449, 0.168
34.560, -0.000, -0.500, -0.013, -0.461, 0.166
34.580, -0.000, -0.500, -0.018, -0.470, 0.163
34.600, -0.000, -0.500, -0.022, -0.476, 0.160
34.620, -0.000, -0.500, -0.027, -0.480, 0.157
34.640, -0.000, -0.500, -0.032, -0.482, 0.153
34.660, -0.000, -0.500, -0.037, -0.483, 0.150
34.680, -0.000, -0.500, -0.044, -0.481, 0.146
34.700, -0.000, -0.500, -0.051, -0.479, 0.143
34.720, -0.000, -0.500, -0.059, -0.476, 0.139
34.740, -0.000, -0.500, -0.067, -0.473, 0.134
34.760, -0.000, -0.500, -0.075, -0.468, 0.135
34.780, -0.000, -0.500, -0.080, -0.463, 0.136
34.800, -0.000, -0.500, -0.084, -0.460, 0.136
34.820, -0.000, -0.500, -0.087, -0.457, 0.137
34.840, -0.000, -0.500, -0.088, -0.455, 0.138
34.860, -0.000, -0.500, -0.088, -0.454, 0.139
34.880, -0.000, -0.500, -0.087, -0.454, 0.140
34.900, -0.000, -0.500, -0.085, -0.454, 0.142
34.920, -0.000, -0.500, -0.084, -0.454, 0.143
34.940, -0.000, -0.500, -0.084, -0.455, 0.146
34.960, -0.000, -0.500, -0.083, -0.455, 0.149
34.980, -0.000, -0.500, -0.081, -0.455, 0.151
35.000, -0.000, -0.500, -0.078, -0.454, 0.151
35.020, -0.000, -0.500, -0.077, -0.456, 0.151
35.040, -0.000, -0.500, -0.076, -0.460, 0.150
35.060, -0.000, -0.500, -0.076, -0.464, 0.150
35.080, -0.000, -0.500, -0.076, -0.471, 0.150
35.100, -0.000, -0.500, -0.076, -0.480, 0.151
35.120, -0.000, -0.500, -0.076, -0.491, 0.152
35.140, -0.000, -0.500, -0.076, -0.503, 0.154
35.160, -0.000, -0.500, -0.076, -0.515, 0.155
35.180, -0.000, -0.500, -0.075, -0.528, 0.156
35.200, -0.000, -0.500, -0.075, -0.541, 0.157
35.220, -0.000, -0.500, -0.076, -0.553, 0.159
35.240, -0.000, -0.500, -0.076, -0.563, 0.159
35.260, -0.000, -0.500, -0.075, -0.574, 0.160
35.280, -0.000, -0.500, -0.074, -0.583, 0.159
35.300, -0.000, -0.500, -0.072, -0.590, 0.158
35.320, -0.000, -0.500, -0.070, -0.596, 0.156
35.340, -0.000, -0.500, -0.067, -0.602, 0.154
35.360, -0.000, -0.500, -0.064, -0.606, 0.152
35.380, -0.000, -0.500, -0.060, -0.608, 0.150
35.400, -0.000, -0.500, -0.056, -0.610, 0.148
35.420, -0.000, -0.500, -0.052, -0.612, 0.146
35.440, -0.000, -0.500, -0.048, -0.614, 0.144
35.460, -0.000, -0.500, -0.044, -0.615, 0.143
35.480, -0.000, -0.500, -0.041, -0.617, 0.143
35.500, -0.000, -0.500, -0.038, -0.618, 0.144
35.520, -0.000, -0.500, -0.035, -0.619, 0.147
35.540, -0.000, -0.500, -0.032, -0.619, 0.150
35.560, -0.000, -0.500, -0.029, -0.619, 0.155
35.580, -0.000, -0.500, -0.025, -0.618, 0.161
35.600, -0.000, -0.500, -0.021, -0.618, 0.168
35.620, -0.000, -0.500, -0.016, -0.617, 0.175
35.640, -0.000, -0.500, -0.011, -0.616, 0.181
35.660, -0.000, -0.500, -0.007, -0.615, 0.186
35.680, -0.000, -0.500, -0.005, -0.618, 0.189
35.700, -0.000, -0.500, -0.005, -0.623, 0.190
35.720, -0.000, -0.500, -0.007, -0.631, 0.189
35.740, -0.000, -0.500, -0.011, -0.642, 0.186
35.760, -0.000, -0.500, -0.014, -0.655, 0.182
35.780, -0.000, -0.500, -0.018, -0.672, 0.179
35.800, -0.000, -0.500, -0.021, -0.689, 0.176
35.820, -0.000, -0.500, -0.026, -0.705, 0.174
35.840, -0.000, -0.500, -0.032, -0.720, 0.173
35.860, -0.000, -0.500, -0.037, -0.733, 0.172
35.880, -0.000, -0.500, -0.042, -0.744, 0.170
35.900, -0.000, -0.500, -0.046, -0.752, 0.167
35.920, -0.000, -0.500, -0.051, -0.758, 0.164
35.940, -0.000, -0.500, -0.055, -0.760, 0.161
35.960, -0.000, -0.500, -0.060, -0.761, 0.158
35.980, -0.000, -0.500, -0.064, -0.759, 0.155
36.000, -0.000, -0.500, -0.070, -0.757, 0.152
36.020, -0.000, -0.500, -0.076, -0.753, 0.149
36.040, -0.000, -0.500, -0.083, -0.748, 0.145
36.060, -0.000, -0.500, -0.091, -0.744, 0.140
36.080, -0.000, -0.500, -0.098, -0.738, 0.138
38.120, 0.100, -0.500, 0.000, 0.000, 0.227
38.140, 0.100, -0.500, 0.001, 0.000, 0.222
38.160, 0.100, -0.500, -0.002, 0.000, 0.216
38.180, 0.100, -0.500, -0.005, -0.002, 0.209
38.200, 0.100, -0.500, -0.008, -0.005, 0.201
38.220, 0.100, -0.500, -0.011, -0.009, 0.193
38.240, 0.100, -0.500, -0.014, -0.014, 0.185
38.260, 0.100, -0.500, -0.017, -0.019, 0.179
38.280, 0.100, -0.500, -0.020, -0.024, 0.172
38.300, 0.100, -0.500, -0.025, -0.027, 0.167
38.320, 0.100, -0.500, -0.030, -0.030, 0.165
38.340, 0.100, -0.500, -0.036, -0.031, 0.165
38.360, 0.100, -0.500, -0.041, -0.030, 0.165
38.380, 0.100, -0.500, -0.045, -0.027, 0.165
38.400, 0.100, -0.500, -0.047, -0.022, 0.163
38.420, 0.100, -0.500, -0.048, -0.017, 0.159
38.440, 0.100, -0.500, -0.051, -0.015, 0.153
38.460, 0.100, -0.500, -0.052, -0.015, 0.149
38.480, 0.100, -0.500, -0.052, -0.020, 0.148
38.500, 0.100, -0.500, -0.050, -0.027, 0.147
38.520, 0.100, -0.500, -0.048, -0.035, 0.148
38.540, 0.100, -0.500, -0.047, -0.043, 0.149
38.560, 0.100, -0.500, -0.045, -0.050, 0.150
38.580, 0.100, -0.500, -0.044, -0.057, 0.152
38.600, 0.100, -0.500, -0.043, -0.064, 0.153
38.620, 0.100, -0.500, -0.042, -0.070, 0.154
38.640, 0.100, -0.500, -0.041, -0.075, 0.155
38.660, 0.100, -0.500, -0.041, -0.080, 0.156
38.680, 0.100, -0.500, -0.040, -0.084, 0.155
38.700, 0.100, -0.500, -0.039, -0.087, 0.155
38.720, 0.100, -0.500, -0.037, -0.089, 0.154
38.740, 0.100, -0.500, -0.036, -0.091, 0.152
38.760, 0.100, -0.500, -0.035, -0.091, 0.151
38.780, 0.100, -0.500, -0.033, -0.090, 0.149
38.800, 0.100, -0.500, -0.031, -0.090, 0.148
38.820, 0.100, -0.500, -0.029, -0.089, 0.146
38.840, 0.100, -0.500, -0.026, -0.089, 0.145
38.860, 0.100, -0.500, -0.023, -0.089, 0.144
38.880, 0.100, -0.500, -0.019, -0.090, 0.143
38.900, 0.100, -0.500, -0.016, -0.091, 0.143
38.920, 0.100, -0.500, -0.014, -0.093, 0.144
38.940, 0.100, -0.500, -0.012, -0.095, 0.146
38.960, 0.100, -0.500, -0.009, -0.096, 0.150
38.980, 0.100, -0.500, -0.006, -0.097, 0.155
39.000, 0.100, -0.500, -0.003, -0.097, 0.161
39.020, 0.100, -0.500, 0.001, -0.097, 0.168
39.040, 0.100, -0.500, 0.007, -0.096, 0.174
39.060, 0.100, -0.500, 0.012, -0.096, 0.178
39.080, 0.100, -0.500, 0.015, -0.098, 0.181
39.100, 0.100, -0.500, 0.017, -0.104, 0.183
39.120, 0.100, -0.500, 0.017, -0.113, 0.183
39.140, 0.100, -0.500, 0.017, -0.124, 0.181
39.160, 0.100, -0.500, 0.017, -0.137, 0.177
39.180, 0.100, -0.500, 0.018, -0.153, 0.174
39.200, 0.100, -0.500, 0.019, -0.169, 0.171
39.220, 0.100, -0.500, 0.018, -0.184, 0.169
39.240, 0.100, -0.500, 0.017, -0.198, 0.168
39.260, 0.100, -0.500, 0.016, -0.210, 0.167
39.280, 0.100, -0.500, 0.015, -0.220, 0.165
39.300, 0.100, -0.500, 0.013, -0.229, 0.163
39.320, 0.100, -0.500, 0.011, -0.234, 0.160
39.340, 0.100, -0.500, 0.008, -0.238, 0.157
39.360, 0.100, -0.500, 0.004, -0.240, 0.154
39.380, 0.100, -0.500, -0.001, -0.241, 0.151
39.400, 0.100, -0.500, -0.007, -0.240, 0.148
39.420, 0.100, -0.500, -0.014, -0.239, 0.145
39.440, 0.100, -0.500, -0.021, -0.238, 0.141
39.460, 0.100, -0.500, -0.028, -0.235, 0.141
39.480, 0.100, -0.500, -0.034, -0.230, 0.142
39.500, 0.100, -0.500, -0.039, -0.226, 0.142
39.520, 0.100, -0.500, -0.043, -0.223, 0.143
39.540, 0.100, -0.500, -0.046, -0.220, 0.144
39.560, 0.100, -0.500, -0.048, -0.217, 0.144
39.580, 0.100, -0.500, -0.048, -0.214, 0.145
39.600, 0.100, -0.500, -0.048, -0.211, 0.145
39.620, 0.100, -0.500, -0.049, -0.208, 0.145
39.640, 0.100, -0.500, -0.049, -0.206, 0.146
39.660, 0.100, -0.500, -0.050, -0.204, 0.147
39.680, 0.100, -0.500, -0.050, -0.202, 0.148
39.700, 0.100, -0.500, -0.049, -0.199, 0.149
39.720, 0.100, -0.500, -0.047, -0.197, 0.149
39.740, 0.100, -0.500, -0.044, -0.196, 0.149
39.760, 0.100, -0.500, -0.042, -0.198, 0.149
39.780, 0.100, -0.500, -0.039, -0.202, 0.149
39.800, 0.100, -0.500, -0.036, -0.209, 0.150
39.820, 0.100, -0.500, -0.032, -0.218, 0.151
39.840, 0.100, -0.500, -0.029, -0.229, 0.153
39.860, 0.100, -0.500, -0.026, -0.241, 0.155
39.880, 0.100, -0.500, -0.024, -0.254, 0.156
39.900, 0.100, -0.500, -0.022, -0.267, 0.157
39.920, 0.100, -0.500, -0.022, -0.279, 0.158
39.940, 0.100, -0.500, -0.022, -0.290, 0.159
39.960, 0.100, -0.500, -0.021, -0.301, 0.159
39.980, 0.100, -0.500, -0.021, -0.311, 0.159
40.000, 0.100, -0.500, -0.019, -0.319, 0.158
40.020, 0.100, -0.500, -0.017, -0.327, 0.156
40.040, 0.100, -0.500, -0.014, -0.333, 0.154
40.060, 0.100, -0.500, -0.010, -0.337, 0.151
40.080, 0.100, -0.500, -0.007, -0.340, 0.149
40.100, 0.100, -0.500, -0.003, -0.342, 0.147
40.120, 0.100, -0.500, 0.001, -0.343, 0.146
40.140, 0.100, -0.500, 0.006, -0.344, 0.144
40.160, 0.100, -0.500, 0.011, -0.346, 0.142
40.180, 0.100, -0.500, 0.016, -0.347, 0.141
40.200, 0.100, -0.500, 0.019, -0.349, 0.141
40.220, 0.100, -0.500, 0.022, -0.351, 0.142
40.240, 0.100, -0.500, 0.026, -0.351, 0.145
40.260, 0.100, -0.500, 0.029, -0.352, 0.149
40.280, 0.100, -0.500, 0.032, -0.351, 0.154
40.300, 0.100, -0.500, 0.036, -0.351, 0.160
40.320, 0.100, -0.500, 0.040, -0.350, 0.167
40.340, 0.100, -0.500, 0.045, -0.348, 0.174
40.360, 0.100, -0.500, 0.050, -0.347, 0.180
40.380, 0.100, -0.500, 0.052, -0.347, 0.184
40.400, 0.100, -0.500, 0.053, -0.351, 0.187
40.420, 0.100, -0.500, 0.052, -0.358, 0.188
40.440, 0.100, -0.500, 0.051, -0.367, 0.186
40.460, 0.100, -0.500, 0.050, -0.380, 0.182
40.480, 0.100, -0.500, 0.050, -0.395, 0.178
40.500, 0.100, -0.500, 0.051, -0.412, 0.174
40.520, 0.100, -0.500, 0.050, -0.428, 0.172
40.540, 0.100, -0.500, 0.048, -0.444, 0.171
40.560, 0.100, -0.500, 0.046, -0.459, 0.170
40.580, 0.100, -0.500, 0.044, -0.472, 0.169
40.600, 0.100, -0.500, 0.042, -0.482, 0.166
40.620, 0.100, -0.500, 0.040, -0.490, 0.163
40.640, 0.100, -0.500, 0.037, -0.496, 0.160
40.660, 0.100, -0.500, 0.033, -0.499, 0.157
40.680, 0.100, -0.500, 0.028, -0.501, 0.154
40.700, 0.100, -0.500, 0.023, -0.501, 0.151
40.720, 0.100, -0.500, 0.016, -0.499, 0.147
40.740, 0.100, -0.500, 0.009, -0.497, 0.144
40.760, 0.100, -0.500, 0.001, -0.495, 0.140
40.780, 0.100, -0.500, -0.007, -0.491, 0.140
40.800, 0.100, -0.500, -0.013, -0.486, 0.141
40.820, 0.100, -0.500, -0.019, -0.482, 0.141
40.840, 0.100, -0.500, -0.023, -0.478, 0.142
40.860, 0.100, -0.500, -0.026, -0.475, 0.143
40.880, 0.100, -0.500, -0.027, -0.472, 0.143
40.900, 0.100, -0.500, -0.028, -0.470, 0.144
40.920, 0.100, -0.500, -0.028, -0.467, 0.145
40.940, 0.100, -0.500, -0.027, -0.465, 0.146
40.960, 0.100, -0.500, -0.027, -0.464, 0.147
40.980, 0.100, -0.500, -0.026, -0.463, 0.149
41.000, 0.100, -0.500, -0.025, -0.460, 0.150
41.020, 0.100, -0.500, -0.023, -0.458, 0.150
41.040, 0.100, -0.500, -0.021, -0.458, 0.150
41.060, 0.100, -0.500, -0.019, -0.459, 0.149
41.080, 0.100, -0.500, -0.017, -0.461, 0.149
41.100, 0.100, -0.500, -0.014, -0.467, 0.150
41.120, 0.100, -0.500, -0.012, -0.475, 0.151
41.140, 0.100, -0.500, -0.009, -0.485, 0.153
41.160, 0.100, -0.500, -0.007, -0.496, 0.155
41.180, 0.100, -0.500, -0.005, -0.508, 0.157
41.200, 0.100, -0.500, -0.004, -0.521, 0.158
41.220, 0.100, -0.500, -0.003, -0.533, 0.159
41.240, 0.100, -0.500, -0.003, -0.545, 0.160
41.260, 0.100, -0.500, -0.003, -0.556, 0.161
41.280, 0.100, -0.500, -0.003, -0.566, 0.161
41.300, 0.100, -0.500, -0.002, -0.575, 0.160
41.320, 0.100, -0.500, -0.000, -0.584, 0.159
41.340, 0.100, -0.500, 0.002, -0.591, 0.157
41.360, 0.100, -0.500, 0.005, -0.596, 0.155
41.380, 0.100, -0.500, 0.008, -0.600, 0.153
41.400, 0.100, -0.500, 0.012, -0.604, 0.150
41.420, 0.100, -0.500, 0.016, -0.606, 0.149
41.440, 0.100, -0.500, 0.020, -0.607, 0.147
41.460, 0.100, -0.500, 0.025, -0.609, 0.146
41.480, 0.100, -0.500, 0.030, -0.610, 0.144
41.500, 0.100, -0.500, 0.034, -0.612, 0.143
41.520, 0.100, -0.500, 0.038, -0.614, 0.143
41.540, 0.100, -0.500, 0.041, -0.616, 0.145
41.560, 0.100, -0.500, 0.044, -0.616, 0.148
41.580, 0.100, -0.500, 0.047, -0.617, 0.152
41.600, 0.100, -0.500, 0.051, -0.616, 0.157
41.620, 0.100, -0.500, 0.054, -0.616, 0.164
41.640, 0.100, -0.500, 0.059, -0.615, 0.171
41.660, 0.100, -0.500, 0.064, -0.613, 0.177
41.680, 0.100, -0.500, 0.068, -0.613, 0.182
41.700, 0.100, -0.500, 0.070, -0.615, 0.186
41.720, 0.100, -0.500, 0.070, -0.621, 0.187
41.740, 0.100, -0.500, 0.069, -0.629, 0.186
41.760, 0.100, -0.500, 0.068, -0.640, 0.183
41.780, 0.100, -0.500, 0.067, -0.654, 0.179
41.800, 0.100, -0.500, 0.067, -0.671, 0.176
41.820, 0.100, -0.500, 0.066, -0.687, 0.174
41.840, 0.100, -0.500, 0.064, -0.704, 0.173
41.860, 0.100, -0.500, 0.061, -0.719, 0.172
41.880, 0.100, -0.500, 0.058, -0.733, 0.171
41.900, 0.100, -0.500, 0.056, -0.744, 0.169
41.920, 0.100, -0.500, 0.053, -0.753, 0.166
41.940, 0.100, -0.500, 0.051, -0.759, 0.163
41.960, 0.100, -0.500, 0.048, -0.763, 0.160
41.980, 0.100, -0.500, 0.044, -0.765, 0.157
42.000, 0.100, -0.500, 0.039, -0.765, 0.154
42.020, 0.100, -0.500, 0.033, -0.764, 0.151
42.040, 0.100, -0.500, 0.026, -0.761, 0.148
42.060, 0.100, -0.500, 0.019, -0.758, 0.145
42.080, 0.100, -0.500, 0.011, -0.755, 0.141
42.100, 0.100, -0.500, 0.004, -0.750, 0.142
44.140, 0.200, -0.500, 0.000, 0.000, 0.227
44.160, 0.200, -0.500, 0.000, 0.001, 0.222
44.180, 0.200, -0.500, -0.002, 0.000, 0.217
44.200, 0.200, -0.500, -0.006, -0.001, 0.210
44.220, 0.200, -0.500, -0.009, -0.005, 0.202
44.240, 0.200, -0.500, -0.012, -0.008, 0.195
44.260, 0.200, -0.500, -0.014, -0.013, 0.187
44.280, 0.200, -0.500, -0.016, -0.017, 0.181
44.300, 0.200, -0.500, -0.018, -0.022, 0.175
44.320, 0.200, -0.500, -0.022, -0.026, 0.171
44.340, 0.200, -0.500, -0.026, -0.028, 0.168
44.360, 0.200, -0.500, -0.032, -0.030, 0.168
44.380, 0.200, -0.500, -0.037, -0.029, 0.169
44.400, 0.200, -0.500, -0.040, -0.026, 0.169
44.420, 0.200, -0.500, -0.042, -0.021, 0.168
44.440, 0.200, -0.500, -0.045, -0.015, 0.164
44.460, 0.200, -0.500, -0.047, -0.012, 0.158
44.480, 0.200, -0.500, -0.043, -0.016, 0.157
44.500, 0.200, -0.500, -0.039, -0.023, 0.154
44.520, 0.200, -0.500, -0.036, -0.030, 0.152
44.540, 0.200, -0.500, -0.033, -0.039, 0.150
44.560, 0.200, -0.500, -0.031, -0.047, 0.149
44.580, 0.200, -0.500, -0.030, -0.055, 0.150
44.600, 0.200, -0.500, -0.029, -0.062, 0.152
44.620, 0.200, -0.500, -0.027, -0.067, 0.153
44.640, 0.200, -0.500, -0.026, -0.073, 0.155
44.660, 0.200, -0.500, -0.024, -0.078, 0.156
44.680, 0.200, -0.500, -0.023, -0.082, 0.157
44.700, 0.200, -0.500, -0.021, -0.086, 0.157
44.720, 0.200, -0.500, -0.020, -0.089, 0.157
44.740, 0.200, -0.500, -0.018, -0.092, 0.156
44.760, 0.200, -0.500, -0.016, -0.094, 0.155
44.780, 0.200, -0.500, -0.014, -0.095, 0.153
44.800, 0.200, -0.500, -0.011, -0.097, 0.152
44.820, 0.200, -0.500, -0.009, -0.097, 0.150
44.840, 0.200, -0.500, -0.007, -0.097, 0.149
44.860, 0.200, -0.500, -0.004, -0.098, 0.148
44.880, 0.200, -0.500, -0.001, -0.099, 0.147
44.900, 0.200, -0.500, 0.002, -0.100, 0.145
44.920, 0.200, -0.500, 0.005, -0.101, 0.144
44.940, 0.200, -0.500, 0.008, -0.103, 0.145
44.960, 0.200, -0.500, 0.010, -0.105, 0.147
44.980, 0.200, -0.500, 0.012, -0.106, 0.150
45.000, 0.200, -0.500, 0.015, -0.107, 0.155
45.020, 0.200, -0.500, 0.018, -0.107, 0.161
45.040, 0.200, -0.500, 0.022, -0.107, 0.167
45.060, 0.200, -0.500, 0.027, -0.106, 0.173
45.080, 0.200, -0.500, 0.031, -0.106, 0.178
45.100, 0.200, -0.500, 0.034, -0.109, 0.181
45.120, 0.200, -0.500, 0.036, -0.115, 0.182
45.140, 0.200, -0.500, 0.036, -0.124, 0.182
45.160, 0.200, -0.500, 0.037, -0.136, 0.179
45.180, 0.200, -0.500, 0.039, -0.150, 0.175
45.200, 0.200, -0.500, 0.041, -0.167, 0.172
45.220, 0.200, -0.500, 0.043, -0.183, 0.170
45.240, 0.200, -0.500, 0.043, -0.199, 0.170
45.260, 0.200, -0.500, 0.043, -0.215, 0.169
45.280, 0.200, -0.500, 0.043, -0.228, 0.169
45.300, 0.200, -0.500, 0.043, -0.240, 0.167
45.320, 0.200, -0.500, 0.043, -0.250, 0.165
45.340, 0.200, -0.500, 0.043, -0.257, 0.163
45.360, 0.200, -0.500, 0.041, -0.263, 0.160
45.380, 0.200, -0.500, 0.039, -0.266, 0.157
45.400, 0.200, -0.500, 0.036, -0.268, 0.155
45.420, 0.200, -0.500, 0.032, -0.269, 0.152
45.440, 0.200, -0.500, 0.027, -0.269, 0.149
45.460, 0.200, -0.500, 0.021, -0.268, 0.146
45.480, 0.200, -0.500, 0.015, -0.266, 0.147
45.500, 0.200, -0.500, 0.011, -0.263, 0.148
45.520, 0.200, -0.500, 0.008, -0.260, 0.150
45.540, 0.200, -0.500, 0.005, -0.257, 0.152
45.560, 0.200, -0.500, 0.002, -0.255, 0.154
45.580, 0.200, -0.500, -0.001, -0.253, 0.156
45.600, 0.200, -0.500, -0.002, -0.250, 0.157
45.620, 0.200, -0.500, -0.003, -0.248, 0.158
45.640, 0.200, -0.500, -0.004, -0.245, 0.159
45.660, 0.200, -0.500, -0.003, -0.242, 0.159
45.680, 0.200, -0.500, -0.003, -0.239, 0.158
45.700, 0.200, -0.500, -0.004, -0.233, 0.157
45.720, 0.200, -0.500, -0.005, -0.226, 0.156
45.740, 0.200, -0.500, -0.006, -0.222, 0.154
45.760, 0.200, -0.500, -0.004, -0.221, 0.152
45.780, 0.200, -0.500, -0.001, -0.222, 0.150
45.800, 0.200, -0.500, 0.002, -0.226, 0.148
45.820, 0.200, -0.500, 0.006, -0.233, 0.147
45.840, 0.200, -0.500, 0.010, -0.242, 0.149
45.860, 0.200, -0.500, 0.015, -0.252, 0.151
45.880, 0.200, -0.500, 0.020, -0.263, 0.154
45.900, 0.200, -0.500, 0.025, -0.275, 0.157
45.920, 0.200, -0.500, 0.029, -0.288, 0.159
45.940, 0.200, -0.500, 0.032, -0.300, 0.160
45.960, 0.200, -0.500, 0.035, -0.313, 0.159
45.980, 0.200, -0.500, 0.038, -0.325, 0.158
46.000, 0.200, -0.500, 0.040, -0.336, 0.155
46.020, 0.200, -0.500, 0.041, -0.345, 0.152
46.040, 0.200, -0.500, 0.043, -0.353, 0.149
46.060, 0.200, -0.500, 0.044, -0.360, 0.145
46.080, 0.200, -0.500, 0.046, -0.365, 0.143
46.100, 0.200, -0.500, 0.048, -0.369, 0.141
46.120, 0.200, -0.500, 0.051, -0.371, 0.139
46.140, 0.200, -0.500, 0.054, -0.372, 0.138
46.160, 0.200, -0.500, 0.057, -0.373, 0.136
46.180, 0.200, -0.500, 0.060, -0.373, 0.134
46.200, 0.200, -0.500, 0.064, -0.374, 0.134
46.220, 0.200, -0.500, 0.067, -0.375, 0.134
46.240, 0.200, -0.500, 0.070, -0.376, 0.136
46.260, 0.200, -0.500, 0.074, -0.376, 0.139
46.280, 0.200, -0.500, 0.078, -0.376, 0.143
46.300, 0.200, -0.500, 0.083, -0.376, 0.149
46.320, 0.200, -0.500, 0.088, -0.376, 0.156
46.340, 0.200, -0.500, 0.093, -0.375, 0.164
46.360, 0.200, -0.500, 0.099, -0.374, 0.172
46.380, 0.200, -0.500, 0.105, -0.372, 0.178
46.400, 0.200, -0.500, 0.108, -0.373, 0.185
46.420, 0.200, -0.500, 0.110, -0.378, 0.190
46.440, 0.200, -0.500, 0.112, -0.385, 0.192
46.460, 0.200, -0.500, 0.113, -0.394, 0.190
46.480, 0.200, -0.500, 0.115, -0.406, 0.186
46.500, 0.200, -0.500, 0.119, -0.423, 0.183
46.520, 0.200, -0.500, 0.123, -0.439, 0.180
46.540, 0.200, -0.500, 0.126, -0.456, 0.179
46.560, 0.200, -0.500, 0.128, -0.473, 0.179
46.580, 0.200, -0.500, 0.130, -0.489, 0.179
46.600, 0.200, -0.500, 0.132, -0.503, 0.177
46.620, 0.200, -0.500, 0.133, -0.514, 0.175
46.640, 0.200, -0.500, 0.135, -0.523, 0.173
46.660, 0.200, -0.500, 0.135, -0.530, 0.170
46.680, 0.200, -0.500, 0.135, -0.535, 0.168
46.700, 0.200, -0.500, 0.133, -0.537, 0.165
46.720, 0.200, -0.500, 0.130, -0.538, 0.163
46.740, 0.200, -0.500, 0.127, -0.538, 0.161
46.760, 0.200, -0.500, 0.122, -0.537, 0.159
46.780, 0.200, -0.500, 0.117, -0.535, 0.157
46.800, 0.200, -0.500, 0.110, -0.532, 0.156
46.820, 0.200, -0.500, 0.103, -0.530, 0.154
46.840, 0.200, -0.500, 0.095, -0.526, 0.154
46.860, 0.200, -0.500, 0.087, -0.522, 0.156
46.880, 0.200, -0.500, 0.080, -0.518, 0.158
46.900, 0.200, -0.500, 0.074, -0.515, 0.160
46.920, 0.200, -0.500, 0.069, -0.511, 0.162
46.940, 0.200, -0.500, 0.065, -0.508, 0.163
46.960, 0.200, -0.500, 0.063, -0.504, 0.164
46.980, 0.200, -0.500, 0.061, -0.501, 0.164
47.000, 0.200, -0.500, 0.060, -0.496, 0.163
47.020, 0.200, -0.500, 0.060, -0.491, 0.161
47.040, 0.200, -0.500, 0.058, -0.485, 0.159
47.060, 0.200, -0.500, 0.058, -0.481, 0.157
47.080, 0.200, -0.500, 0.060, -0.482, 0.155
47.100, 0.200, -0.500, 0.064, -0.484, 0.153
47.120, 0.200, -0.500, 0.067, -0.488, 0.151
47.140, 0.200, -0.500, 0.072, -0.495, 0.151
47.160, 0.200, -0.500, 0.076, -0.504, 0.152
47.180, 0.200, -0.500, 0.080, -0.514, 0.154
47.200, 0.200, -0.500, 0.084, -0.525, 0.157
47.220, 0.200, -0.500, 0.088, -0.537, 0.159
47.240, 0.200, -0.500, 0.091, -0.548, 0.161
47.260, 0.200, -0.500, 0.093, -0.560, 0.161
47.280, 0.200, -0.500, 0.095, -0.571, 0.160
47.300, 0.200, -0.500, 0.097, -0.581, 0.159
47.320, 0.200, -0.500, 0.098, -0.590, 0.157
47.340, 0.200, -0.500, 0.100, -0.597, 0.157
47.360, 0.200, -0.500, 0.102, -0.602, 0.156
47.380, 0.200, -0.500, 0.105, -0.607, 0.154
47.400, 0.200, -0.500, 0.108, -0.611, 0.152
47.420, 0.200, -0.500, 0.111, -0.614, 0.151
47.440, 0.200, -0.500, 0.114, -0.616, 0.149
47.460, 0.200, -0.500, 0.117, -0.617, 0.148
47.480, 0.200, -0.500, 0.120, -0.617, 0.147
47.500, 0.200, -0.500, 0.123, -0.617, 0.146
47.520, 0.200, -0.500, 0.127, -0.617, 0.144
47.540, 0.200, -0.500, 0.129, -0.618, 0.144
47.560, 0.200, -0.500, 0.132, -0.619, 0.145
47.580, 0.200, -0.500, 0.134, -0.619, 0.148
47.600, 0.200, -0.500, 0.137, -0.619, 0.152
47.620, 0.200, -0.500, 0.141, -0.618, 0.157
47.640, 0.200, -0.500, 0.145, -0.618, 0.164
47.660, 0.200, -0.500, 0.149, -0.617, 0.171
47.680, 0.200, -0.500, 0.155, -0.615, 0.177
47.700, 0.200, -0.500, 0.159, -0.614, 0.183
47.720, 0.200, -0.500, 0.163, -0.617, 0.186
47.740, 0.200, -0.500, 0.165, -0.623, 0.188
47.760, 0.200, -0.500, 0.168, -0.632, 0.187
47.780, 0.200, -0.500, 0.171, -0.644, 0.185
47.800, 0.200, -0.500, 0.175, -0.659, 0.181
47.820, 0.200, -0.500, 0.180, -0.676, 0.178
47.840, 0.200, -0.500, 0.184, -0.693, 0.177
47.860, 0.200, -0.500, 0.187, -0.710, 0.177
47.880, 0.200, -0.500, 0.190, -0.726, 0.177
47.900, 0.200, -0.500, 0.193, -0.741, 0.177
47.920, 0.200, -0.500, 0.195, -0.754, 0.175
47.940, 0.200, -0.500, 0.197, -0.765, 0.173
47.960, 0.200, -0.500, 0.199, -0.773, 0.171
47.980, 0.200, -0.500, 0.199, -0.779, 0.168
48.000, 0.200, -0.500, 0.198, -0.784, 0.166
48.020, 0.200, -0.500, 0.196, -0.786, 0.163
48.040, 0.200, -0.500, 0.192, -0.787, 0.161
48.060, 0.200, -0.500, 0.188, -0.787, 0.159
48.080, 0.200, -0.500, 0.183, -0.786, 0.156
48.100, 0.200, -0.500, 0.177, -0.785, 0.154
48.120, 0.200, -0.500, 0.170, -0.784, 0.152
50.160, 0.300, -0.500, 0.000, 0.000, 0.227
50.180, 0.300, -0.500, -0.000, 0.001, 0.223
50.200, 0.300, -0.500, -0.004, 0.001, 0.219
50.220, 0.300, -0.500, -0.009, 0.000, 0.213
50.240, 0.300, -0.500, -0.013, -0.002, 0.207
50.260, 0.300, -0.500, -0.016, -0.005, 0.200
50.280, 0.300, -0.500, -0.019, -0.008, 0.194
50.300, 0.300, -0.500, -0.021, -0.011, 0.190
50.320, 0.300, -0.500, -0.023, -0.014, 0.186
50.340, 0.300, -0.500, -0.026, -0.017, 0.182
50.360, 0.300, -0.500, -0.029, -0.019, 0.180
50.380, 0.300, -0.500, -0.034, -0.020, 0.179
50.400, 0.300, -0.500, -0.039, -0.019, 0.180
50.420, 0.300, -0.500, -0.043, -0.017, 0.179
50.440, 0.300, -0.500, -0.046, -0.012, 0.178
50.460, 0.300, -0.500, -0.050, -0.005, 0.175
50.480, 0.300, -0.500, -0.053, -0.001, 0.168
50.500, 0.300, -0.500, -0.051, -0.002, 0.163
50.520, 0.300, -0.500, -0.046, -0.009, 0.160
50.540, 0.300, -0.500, -0.041, -0.018, 0.157
50.560, 0.300, -0.500, -0.036, -0.028, 0.155
50.580, 0.300, -0.500, -0.031, -0.038, 0.154
50.600, 0.300, -0.500, -0.026, -0.047, 0.155
50.620, 0.300, -0.500, -0.022, -0.054, 0.156
50.640, 0.300, -0.500, -0.018, -0.061, 0.160
50.660, 0.300, -0.500, -0.015, -0.067, 0.163
50.680, 0.300, -0.500, -0.011, -0.072, 0.165
50.700, 0.300, -0.500, -0.008, -0.077, 0.166
50.720, 0.300, -0.500, -0.005, -0.081, 0.166
50.740, 0.300, -0.500, -0.003, -0.086, 0.165
50.760, 0.300, -0.500, -0.003, -0.090, 0.163
50.780, 0.300, -0.500, -0.003, -0.094, 0.160
50.800, 0.300, -0.500, -0.004, -0.098, 0.157
50.820, 0.300, -0.500, -0.005, -0.101, 0.156
50.840, 0.300, -0.500, -0.004, -0.104, 0.155
50.860, 0.300, -0.500, -0.003, -0.105, 0.154
50.880, 0.300, -0.500, -0.001, -0.106, 0.152
50.900, 0.300, -0.500, 0.002, -0.106, 0.150
50.920, 0.300, -0.500, 0.006, -0.107, 0.147
50.940, 0.300, -0.500, 0.009, -0.108, 0.145
50.960, 0.300, -0.500, 0.012, -0.110, 0.145
50.980, 0.300, -0.500, 0.014, -0.111, 0.146
51.000, 0.300, -0.500, 0.017, -0.113, 0.149
51.020, 0.300, -0.500, 0.020, -0.114, 0.153
51.040, 0.300, -0.500, 0.024, -0.114, 0.160
51.060, 0.300, -0.500, 0.028, -0.115, 0.167
51.080, 0.300, -0.500, 0.033, -0.115, 0.173
51.100, 0.300, -0.500, 0.038, -0.116, 0.179
51.120, 0.300, -0.500, 0.041, -0.120, 0.183
51.140, 0.300, -0.500, 0.042, -0.126, 0.186
51.160, 0.300, -0.500, 0.043, -0.136, 0.185
51.180, 0.300, -0.500, 0.044, -0.148, 0.182
51.200, 0.300, -0.500, 0.047, -0.164, 0.179
51.220, 0.300, -0.500, 0.050, -0.181, 0.177
51.240, 0.300, -0.500, 0.051, -0.198, 0.176
51.260, 0.300, -0.500, 0.052, -0.215, 0.177
51.280, 0.300, -0.500, 0.053, -0.232, 0.177
51.300, 0.300, -0.500, 0.055, -0.247, 0.177
51.320, 0.300, -0.500, 0.057, -0.260, 0.175
51.340, 0.300, -0.500, 0.059, -0.271, 0.173
51.360, 0.300, -0.500, 0.060, -0.280, 0.171
51.380, 0.300, -0.500, 0.061, -0.286, 0.168
51.400, 0.300, -0.500, 0.061, -0.291, 0.166
51.420, 0.300, -0.500, 0.060, -0.294, 0.163
51.440, 0.300, -0.500, 0.058, -0.296, 0.161
51.460, 0.300, -0.500, 0.056, -0.297, 0.159
51.480, 0.300, -0.500, 0.053, -0.297, 0.158
51.500, 0.300, -0.500, 0.049, -0.296, 0.156
51.520, 0.300, -0.500, 0.044, -0.295, 0.158
51.540, 0.300, -0.500, 0.040, -0.292, 0.161
51.560, 0.300, -0.500, 0.037, -0.290, 0.164
51.580, 0.300, -0.500, 0.033, -0.288, 0.167
51.600, 0.300, -0.500, 0.029, -0.286, 0.170
51.620, 0.300, -0.500, 0.026, -0.284, 0.172
51.640, 0.300, -0.500, 0.023, -0.282, 0.174
51.660, 0.300, -0.500, 0.020, -0.279, 0.176
51.680, 0.300, -0.500, 0.018, -0.276, 0.177
51.700, 0.300, -0.500, 0.018, -0.272, 0.177
51.720, 0.300, -0.500, 0.018, -0.267, 0.176
51.740, 0.300, -0.500, 0.017, -0.262, 0.173
51.760, 0.300, -0.500, 0.015, -0.255, 0.168
51.780, 0.300, -0.500, 0.013, -0.250, 0.163
51.800, 0.300, -0.500, 0.016, -0.247, 0.158
51.820, 0.300, -0.500, 0.020, -0.248, 0.152
51.840, 0.300, -0.500, 0.024, -0.253, 0.148
51.860, 0.300, -0.500, 0.030, -0.260, 0.146
51.880, 0.300, -0.500, 0.036, -0.269, 0.146
51.900, 0.300, -0.500, 0.043, -0.278, 0.148
51.920, 0.300, -0.500, 0.051, -0.287, 0.151
51.940, 0.300, -0.500, 0.058, -0.297, 0.154
51.960, 0.300, -0.500, 0.066, -0.308, 0.155
51.980, 0.300, -0.500, 0.074, -0.317, 0.155
52.000, 0.300, -0.500, 0.081, -0.327, 0.156
52.020, 0.300, -0.500, 0.088, -0.336, 0.155
52.040, 0.300, -0.500, 0.095, -0.345, 0.154
52.060, 0.300, -0.500, 0.101, -0.353, 0.152
52.080, 0.300, -0.500, 0.108, -0.361, 0.150
52.100, 0.300, -0.500, 0.116, -0.369, 0.147
52.120, 0.300, -0.500, 0.123, -0.376, 0.145
52.140, 0.300, -0.500, 0.131, -0.382, 0.142
52.160, 0.300, -0.500, 0.139, -0.387, 0.140
52.180, 0.300, -0.500, 0.147, -0.391, 0.137
52.200, 0.300, -0.500, 0.153, -0.395, 0.136
52.220, 0.300, -0.500, 0.159, -0.397, 0.138
52.240, 0.300, -0.500, 0.164, -0.398, 0.140
52.260, 0.300, -0.500, 0.169, -0.397, 0.144
52.280, 0.300, -0.500, 0.174, -0.394, 0.147
52.300, 0.300, -0.500, 0.179, -0.391, 0.151
52.320, 0.300, -0.500, 0.184, -0.388, 0.156
52.340, 0.300, -0.500, 0.189, -0.383, 0.160
52.360, 0.300, -0.500, 0.194, -0.378, 0.165
52.380, 0.300, -0.500, 0.198, -0.372, 0.169
52.400, 0.300, -0.500, 0.200, -0.365, 0.170
52.420, 0.300, -0.500, 0.200, -0.357, 0.170
52.440, 0.300, -0.500, 0.198, -0.349, 0.169
52.460, 0.300, -0.500, 0.195, -0.345, 0.171
52.480, 0.300, -0.500, 0.191, -0.344, 0.174
52.500, 0.300, -0.500, 0.188, -0.348, 0.179
52.520, 0.300, -0.500, 0.186, -0.353, 0.182
52.540, 0.300, -0.500, 0.184, -0.360, 0.184
52.560, 0.300, -0.500, 0.183, -0.369, 0.183
52.580, 0.300, -0.500, 0.183, -0.378, 0.176
52.600, 0.300, -0.500, 0.187, -0.389, 0.169
52.620, 0.300, -0.500, 0.191, -0.400, 0.162
52.640, 0.300, -0.500, 0.194, -0.412, 0.156
52.660, 0.300, -0.500, 0.195, -0.422, 0.150
52.680, 0.300, -0.500, 0.195, -0.431, 0.145
52.700, 0.300, -0.500, 0.194, -0.438, 0.140
52.720, 0.300, -0.500, 0.193, -0.444, 0.135
52.740, 0.300, -0.500, 0.190, -0.447, 0.134
52.760, 0.300, -0.500, 0.186, -0.445, 0.136
52.780, 0.300, -0.500, 0.183, -0.443, 0.138
52.800, 0.300, -0.500, 0.180, -0.442, 0.139
52.820, 0.300, -0.500, 0.177, -0.441, 0.139
52.840, 0.300, -0.500, 0.175, -0.441, 0.139
52.860, 0.300, -0.500, 0.173, -0.442, 0.139
52.880, 0.300, -0.500, 0.172, -0.442, 0.138
52.900, 0.300, -0.500, 0.172, -0.443, 0.138
52.920, 0.300, -0.500, 0.172, -0.443, 0.138
52.940, 0.300, -0.500, 0.172, -0.444, 0.138
52.960, 0.300, -0.500, 0.173, -0.444, 0.138
52.980, 0.300, -0.500, 0.174, -0.444, 0.139
53.000, 0.300, -0.500, 0.176, -0.443, 0.142
53.020, 0.300, -0.500, 0.178, -0.441, 0.144
53.040, 0.300, -0.500, 0.180, -0.439, 0.147
53.060, 0.300, -0.500, 0.182, -0.437, 0.149
53.080, 0.300, -0.500, 0.182, -0.438, 0.151
53.100, 0.300, -0.500, 0.184, -0.443, 0.152
53.120, 0.300, -0.500, 0.190, -0.450, 0.152
53.140, 0.300, -0.500, 0.200, -0.455, 0.150
53.160, 0.300, -0.500, 0.211, -0.459, 0.150
53.180, 0.300, -0.500, 0.223, -0.466, 0.151
53.200, 0.300, -0.500, 0.235, -0.474, 0.152
53.220, 0.300, -0.500, 0.247, -0.483, 0.155
53.240, 0.300, -0.500, 0.258, -0.492, 0.158
53.260, 0.300, -0.500, 0.267, -0.501, 0.162
53.280, 0.300, -0.500, 0.277, -0.511, 0.164
53.300, 0.300, -0.500, 0.287, -0.519, 0.165
53.320, 0.300, -0.500, 0.296, -0.527, 0.165
53.340, 0.300, -0.500, 0.305, -0.534, 0.164
53.360, 0.300, -0.500, 0.313, -0.539, 0.162
53.380, 0.300, -0.500, 0.320, -0.544, 0.160
53.400, 0.300, -0.500, 0.326, -0.548, 0.157
53.420, 0.300, -0.500, 0.333, -0.552, 0.154
53.440, 0.300, -0.500, 0.339, -0.554, 0.151
53.460, 0.300, -0.500, 0.345, -0.556, 0.147
53.480, 0.300, -0.500, 0.350, -0.558, 0.144
53.500, 0.300, -0.500, 0.354, -0.560, 0.142
53.520, 0.300, -0.500, 0.358, -0.561, 0.140
53.540, 0.300, -0.500, 0.361, -0.563, 0.138
53.560, 0.300, -0.500, 0.364, -0.565, 0.137
53.580, 0.300, -0.500, 0.368, -0.565, 0.138
53.600, 0.300, -0.500, 0.372, -0.562, 0.142
53.620, 0.300, -0.500, 0.377, -0.559, 0.147
53.640, 0.300, -0.500, 0.383, -0.556, 0.152
53.660, 0.300, -0.500, 0.389, -0.553, 0.159
53.680, 0.300, -0.500, 0.396, -0.550, 0.167
53.700, 0.300, -0.500, 0.402, -0.546, 0.173
53.720, 0.300, -0.500, 0.407, -0.544, 0.178
53.740, 0.300, -0.500, 0.410, -0.544, 0.183
53.760, 0.300, -0.500, 0.411, -0.547, 0.187
53.780, 0.300, -0.500, 0.412, -0.552, 0.192
53.800, 0.300, -0.500, 0.414, -0.561, 0.195
53.820, 0.300, -0.500, 0.418, -0.572, 0.195
53.840, 0.300, -0.500, 0.424, -0.584, 0.190
53.860, 0.300, -0.500, 0.435, -0.599, 0.185
53.880, 0.300, -0.500, 0.444, -0.613, 0.181
53.900, 0.300, -0.500, 0.453, -0.628, 0.179
53.920, 0.300, -0.500, 0.461, -0.642, 0.178
53.940, 0.300, -0.500, 0.467, -0.654, 0.177
53.960, 0.300, -0.500, 0.474, -0.665, 0.175
53.980, 0.300, -0.500, 0.479, -0.674, 0.173
54.000, 0.300, -0.500, 0.484, -0.681, 0.170
54.020, 0.300, -0.500, 0.487, -0.686, 0.167
54.040, 0.300, -0.500, 0.488, -0.689, 0.164
54.060, 0.300, -0.500, 0.489, -0.691, 0.161
54.080, 0.300, -0.500, 0.487, -0.692, 0.158
54.100, 0.300, -0.500, 0.485, -0.693, 0.156
54.120, 0.300, -0.500, 0.482, -0.692, 0.155
54.140, 0.300, -0.500, 0.477, -0.691, 0.153
56.180, 0.400, -0.500, 0.000, 0.000, 0.227
56.200, 0.400, -0.500, -0.001, 0.000, 0.223
56.220, 0.400, -0.500, -0.006, -0.000, 0.219
56.240, 0.400, -0.500, -0.011, -0.002, 0.214
56.260, 0.400, -0.500, -0.016, -0.005, 0.208
56.280, 0.400, -0.500, -0.020, -0.008, 0.202
56.300, 0.400, -0.500, -0.022, -0.011, 0.196
56.320, 0.400, -0.500, -0.024, -0.014, 0.192
56.340, 0.400, -0.500, -0.025, -0.017, 0.189
56.360, 0.400, -0.500, -0.027, -0.020, 0.187
56.380, 0.400, -0.500, -0.030, -0.021, 0.186
56.400, 0.400, -0.500, -0.032, -0.020, 0.187
56.420, 0.400, -0.500, -0.034, -0.019, 0.187
56.440, 0.400, -0.500, -0.036, -0.016, 0.188
56.460, 0.400, -0.500, -0.039, -0.012, 0.188
56.480, 0.400, -0.500, -0.043, -0.008, 0.185
56.500, 0.400, -0.500, -0.047, -0.005, 0.179
56.520, 0.400, -0.500, -0.047, -0.007, 0.172
56.540, 0.400, -0.500, -0.043, -0.016, 0.168
56.560, 0.400, -0.500, -0.037, -0.028, 0.163
56.580, 0.400, -0.500, -0.032, -0.041, 0.159
56.600, 0.400, -0.500, -0.026, -0.053, 0.156
56.620, 0.400, -0.500, -0.021, -0.064, 0.154
56.640, 0.400, -0.500, -0.015, -0.073, 0.154
56.660, 0.400, -0.500, -0.010, -0.081, 0.155
56.680, 0.400, -0.500, -0.005, -0.087, 0.157
56.700, 0.400, -0.500, -0.000, -0.091, 0.159
56.720, 0.400, -0.500, 0.005, -0.095, 0.160
56.740, 0.400, -0.500, 0.010, -0.099, 0.160
56.760, 0.400, -0.500, 0.014, -0.103, 0.159
56.780, 0.400, -0.500, 0.018, -0.106, 0.157
56.800, 0.400, -0.500, 0.022, -0.110, 0.154
56.820, 0.400, -0.500, 0.026, -0.114, 0.150
56.840, 0.400, -0.500, 0.029, -0.118, 0.146
56.860, 0.400, -0.500, 0.030, -0.122, 0.142
56.880, 0.400, -0.500, 0.031, -0.126, 0.138
56.900, 0.400, -0.500, 0.030, -0.130, 0.135
56.920, 0.400, -0.500, 0.030, -0.134, 0.132
56.940, 0.400, -0.500, 0.030, -0.138, 0.128
56.960, 0.400, -0.500, 0.031, -0.142, 0.130
56.980, 0.400, -0.500, 0.034, -0.143, 0.133
57.000, 0.400, -0.500, 0.038, -0.144, 0.136
57.020, 0.400, -0.500, 0.043, -0.145, 0.141
57.040, 0.400, -0.500, 0.048, -0.146, 0.147
57.060, 0.400, -0.500, 0.053, -0.147, 0.154
57.080, 0.400, -0.500, 0.059, -0.147, 0.162
57.100, 0.400, -0.500, 0.065, -0.148, 0.169
57.120, 0.400, -0.500, 0.070, -0.149, 0.175
57.140, 0.400, -0.500, 0.072, -0.151, 0.181
57.160, 0.400, -0.500, 0.071, -0.156, 0.187
57.180, 0.400, -0.500, 0.070, -0.164, 0.192
57.200, 0.400, -0.500, 0.069, -0.174, 0.192
57.220, 0.400, -0.500, 0.070, -0.186, 0.187
57.240, 0.400, -0.500, 0.074, -0.203, 0.181
57.260, 0.400, -0.500, 0.077, -0.220, 0.177
57.280, 0.400, -0.500, 0.079, -0.237, 0.175
57.300, 0.400, -0.500, 0.081, -0.253, 0.174
57.320, 0.400, -0.500, 0.082, -0.269, 0.174
57.340, 0.400, -0.500, 0.084, -0.283, 0.172
57.360, 0.400, -0.500, 0.086, -0.294, 0.170
57.380, 0.400, -0.500, 0.088, -0.304, 0.167
57.400, 0.400, -0.500, 0.091, -0.312, 0.164
57.420, 0.400, -0.500, 0.093, -0.318, 0.161
57.440, 0.400, -0.500, 0.095, -0.322, 0.158
57.460, 0.400, -0.500, 0.096, -0.324, 0.155
57.480, 0.400, -0.500, 0.097, -0.325, 0.153
57.500, 0.400, -0.500, 0.097, -0.325, 0.152
57.520, 0.400, -0.500, 0.098, -0.323, 0.153
57.540, 0.400, -0.500, 0.098, -0.322, 0.156
57.560, 0.400, -0.500, 0.098, -0.321, 0.159
57.580, 0.400, -0.500, 0.097, -0.320, 0.163
57.600, 0.400, -0.500, 0.096, -0.318, 0.167
57.620, 0.400, -0.500, 0.095, -0.316, 0.171
57.640, 0.400, -0.500, 0.093, -0.314, 0.175
57.660, 0.400, -0.500, 0.091, -0.312, 0.178
57.680, 0.400, -0.500, 0.089, -0.309, 0.181
57.700, 0.400, -0.500, 0.088, -0.305, 0.183
57.720, 0.400, -0.500, 0.087, -0.301, 0.184
57.740, 0.400, -0.500, 0.086, -0.296, 0.184
57.760, 0.400, -0.500, 0.085, -0.290, 0.182
57.780, 0.400, -0.500, 0.081, -0.284, 0.178
57.800, 0.400, -0.500, 0.077, -0.278, 0.171
57.820, 0.400, -0.500, 0.076, -0.274, 0.167
57.840, 0.400, -0.500, 0.080, -0.275, 0.162
57.860, 0.400, -0.500, 0.087, -0.279, 0.157
57.880, 0.400, -0.500, 0.096, -0.286, 0.154
57.900, 0.400, -0.500, 0.106, -0.295, 0.152
57.920, 0.400, -0.500, 0.116, -0.305, 0.152
57.940, 0.400, -0.500, 0.125, -0.315, 0.155
57.960, 0.400, -0.500, 0.134, -0.326, 0.157
57.980, 0.400, -0.500, 0.143, -0.337, 0.159
58.000, 0.400, -0.500, 0.152, -0.347, 0.161
58.020, 0.400, -0.500, 0.159, -0.356, 0.162
58.040, 0.400, -0.500, 0.167, -0.364, 0.163
58.060, 0.400, -0.500, 0.175, -0.373, 0.164
58.080, 0.400, -0.500, 0.183, -0.381, 0.163
58.100, 0.400, -0.500, 0.191, -0.388, 0.162
58.120, 0.400, -0.500, 0.200, -0.396, 0.161
58.140, 0.400, -0.500, 0.209, -0.402, 0.159
58.160, 0.400, -0.500, 0.219, -0.408, 0.158
58.180, 0.400, -0.500, 0.229, -0.413, 0.156
58.200, 0.400, -0.500, 0.239, -0.418, 0.154
58.220, 0.400, -0.500, 0.249, -0.422, 0.151
58.240, 0.400, -0.500, 0.258, -0.426, 0.148
58.260, 0.400, -0.500, 0.265, -0.429, 0.148
58.280, 0.400, -0.500, 0.272, -0.430, 0.150
58.300, 0.400, -0.500, 0.278, -0.429, 0.151
58.320, 0.400, -0.500, 0.284, -0.428, 0.154
58.340, 0.400, -0.500, 0.290, -0.425, 0.156
58.360, 0.400, -0.500, 0.295, -0.422, 0.160
58.380, 0.400, -0.500, 0.301, -0.417, 0.163
58.400, 0.400, -0.500, 0.304, -0.412, 0.165
58.420, 0.400, -0.500, 0.306, -0.406, 0.167
58.440, 0.400, -0.500, 0.305, -0.400, 0.168
58.460, 0.400, -0.500, 0.303, -0.393, 0.167
58.480, 0.400, -0.500, 0.299, -0.387, 0.165
58.500, 0.400, -0.500, 0.296, -0.383, 0.164
58.520, 0.400, -0.500, 0.293, -0.383, 0.166
58.540, 0.400, -0.500, 0.290, -0.385, 0.171
58.560, 0.400, -0.500, 0.287, -0.388, 0.175
58.580, 0.400, -0.500, 0.283, -0.393, 0.179
58.600, 0.400, -0.500, 0.278, -0.397, 0.180
58.620, 0.400, -0.500, 0.273, -0.402, 0.179
58.640, 0.400, -0.500, 0.268, -0.409, 0.173
58.660, 0.400, -0.500, 0.263, -0.415, 0.162
58.680, 0.400, -0.500, 0.263, -0.423, 0.151
58.700, 0.400, -0.500, 0.263, -0.432, 0.142
58.720, 0.400, -0.500, 0.262, -0.441, 0.133
58.740, 0.400, -0.500, 0.260, -0.445, 0.137
58.760, 0.400, -0.500, 0.258, -0.444, 0.141
58.780, 0.400, -0.500, 0.256, -0.442, 0.144
58.800, 0.400, -0.500, 0.255, -0.441, 0.146
58.820, 0.400, -0.500, 0.254, -0.441, 0.146
58.840, 0.400, -0.500, 0.254, -0.442, 0.146
58.860, 0.400, -0.500, 0.255, -0.443, 0.146
58.880, 0.400, -0.500, 0.255, -0.444, 0.146
58.900, 0.400, -0.500, 0.257, -0.446, 0.145
58.920, 0.400, -0.500, 0.258, -0.447, 0.144
58.940, 0.400, -0.500, 0.260, -0.449, 0.143
58.960, 0.400, -0.500, 0.262, -0.450, 0.142
58.980, 0.400, -0.500, 0.264, -0.451, 0.142
59.000, 0.400, -0.500, 0.266, -0.451, 0.142
59.020, 0.400, -0.500, 0.265, -0.450, 0.142
59.040, 0.400, -0.500, 0.265, -0.447, 0.145
59.060, 0.400, -0.500, 0.264, -0.444, 0.148
59.080, 0.400, -0.500, 0.263, -0.442, 0.150
59.100, 0.400, -0.500, 0.262, -0.443, 0.152
59.120, 0.400, -0.500, 0.264, -0.447, 0.150
59.140, 0.400, -0.500, 0.270, -0.453, 0.147
59.160, 0.400, -0.500, 0.281, -0.459, 0.145
59.180, 0.400, -0.500, 0.293, -0.464, 0.144
59.200, 0.400, -0.500, 0.304, -0.471, 0.144
59.220, 0.400, -0.500, 0.316, -0.478, 0.146
59.240, 0.400, -0.500, 0.327, -0.486, 0.149
59.260, 0.400, -0.500, 0.339, -0.494, 0.153
59.280, 0.400, -0.500, 0.349, -0.501, 0.158
59.300, 0.400, -0.500, 0.360, -0.509, 0.162
59.320, 0.400, -0.500, 0.371, -0.516, 0.164
59.340, 0.400, -0.500, 0.382, -0.522, 0.165
59.360, 0.400, -0.500, 0.392, -0.527, 0.165
59.380, 0.400, -0.500, 0.402, -0.532, 0.164
59.400, 0.400, -0.500, 0.411, -0.536, 0.163
59.420, 0.400, -0.500, 0.420, -0.540, 0.161
59.440, 0.400, -0.500, 0.428, -0.542, 0.158
59.460, 0.400, -0.500, 0.436, -0.545, 0.155
59.480, 0.400, -0.500, 0.444, -0.547, 0.152
59.500, 0.400, -0.500, 0.452, -0.548, 0.149
59.520, 0.400, -0.500, 0.460, -0.549, 0.145
59.540, 0.400, -0.500, 0.466, -0.550, 0.142
59.560, 0.400, -0.500, 0.472, -0.552, 0.140
59.580, 0.400, -0.500, 0.477, -0.554, 0.137
59.600, 0.400, -0.500, 0.481, -0.557, 0.137
59.620, 0.400, -0.500, 0.486, -0.557, 0.138
59.640, 0.400, -0.500, 0.492, -0.556, 0.141
59.660, 0.400, -0.500, 0.498, -0.554, 0.145
59.680, 0.400, -0.500, 0.504, -0.551, 0.150
59.700, 0.400, -0.500, 0.511, -0.549, 0.156
59.720, 0.400, -0.500, 0.517, -0.547, 0.161
59.740, 0.400, -0.500, 0.520, -0.544, 0.166
59.760, 0.400, -0.500, 0.522, -0.542, 0.172
59.780, 0.400, -0.500, 0.522, -0.542, 0.177
59.800, 0.400, -0.500, 0.522, -0.544, 0.181
59.820, 0.400, -0.500, 0.523, -0.548, 0.185
59.840, 0.400, -0.500, 0.524, -0.553, 0.188
59.860, 0.400, -0.500, 0.526, -0.563, 0.191
59.880, 0.400, -0.500, 0.529, -0.573, 0.192
59.900, 0.400, -0.500, 0.531, -0.584, 0.193
59.920, 0.400, -0.500, 0.534, -0.597, 0.190
59.940, 0.400, -0.500, 0.539, -0.609, 0.181
59.960, 0.400, -0.500, 0.548, -0.622, 0.173
59.980, 0.400, -0.500, 0.555, -0.633, 0.165
60.000, 0.400, -0.500, 0.560, -0.643, 0.158
60.020, 0.400, -0.500, 0.564, -0.652, 0.153
60.040, 0.400, -0.500, 0.567, -0.659, 0.149
60.060, 0.400, -0.500, 0.569, -0.664, 0.144
60.080, 0.400, -0.500, 0.571, -0.668, 0.140
60.100, 0.400, -0.500, 0.572, -0.669, 0.141
60.120, 0.400, -0.500, 0.572, -0.666, 0.143
60.140, 0.400, -0.500, 0.572, -0.663, 0.145
60.160, 0.400, -0.500, 0.572, -0.661, 0.146
62.200, 0.500, -0.500, 0.000, 0.000, 0.227
62.220, 0.500, -0.500, -0.001, -0.001, 0.223
62.240, 0.500, -0.500, -0.006, -0.002, 0.219
62.260, 0.500, -0.500, -0.012, -0.005, 0.213
62.280, 0.500, -0.500, -0.016, -0.008, 0.206
62.300, 0.500, -0.500, -0.020, -0.012, 0.199
62.320, 0.500, -0.500, -0.021, -0.016, 0.193
62.340, 0.500, -0.500, -0.022, -0.020, 0.189
62.360, 0.500, -0.500, -0.022, -0.024, 0.185
62.380, 0.500, -0.500, -0.022, -0.027, 0.184
62.400, 0.500, -0.500, -0.022, -0.029, 0.186
62.420, 0.500, -0.500, -0.022, -0.030, 0.188
62.440, 0.500, -0.500, -0.021, -0.029, 0.190
62.460, 0.500, -0.500, -0.021, -0.027, 0.192
62.480, 0.500, -0.500, -0.022, -0.023, 0.193
62.500, 0.500, -0.500, -0.024, -0.020, 0.192
62.520, 0.500, -0.500, -0.027, -0.016, 0.188
62.540, 0.500, -0.500, -0.030, -0.016, 0.179
62.560, 0.500, -0.500, -0.025, -0.021, 0.174
62.580, 0.500, -0.500, -0.019, -0.032, 0.169
62.600, 0.500, -0.500, -0.013, -0.046, 0.164
62.620, 0.500, -0.500, -0.005, -0.058, 0.159
62.640, 0.500, -0.500, 0.002, -0.070, 0.156
62.660, 0.500, -0.500, 0.010, -0.080, 0.156
62.680, 0.500, -0.500, 0.017, -0.088, 0.157
62.700, 0.500, -0.500, 0.024, -0.094, 0.159
62.720, 0.500, -0.500, 0.031, -0.100, 0.160
62.740, 0.500, -0.500, 0.038, -0.105, 0.162
62.760, 0.500, -0.500, 0.045, -0.109, 0.163
62.780, 0.500, -0.500, 0.052, -0.114, 0.162
62.800, 0.500, -0.500, 0.059, -0.118, 0.160
62.820, 0.500, -0.500, 0.065, -0.123, 0.158
62.840, 0.500, -0.500, 0.071, -0.128, 0.154
62.860, 0.500, -0.500, 0.077, -0.133, 0.150
62.880, 0.500, -0.500, 0.083, -0.138, 0.144
62.900, 0.500, -0.500, 0.089, -0.143, 0.138
62.920, 0.500, -0.500, 0.095, -0.148, 0.133
62.940, 0.500, -0.500, 0.099, -0.153, 0.128
62.960, 0.500, -0.500, 0.102, -0.157, 0.125
62.980, 0.500, -0.500, 0.105, -0.161, 0.128
63.000, 0.500, -0.500, 0.110, -0.164, 0.131
63.020, 0.500, -0.500, 0.116, -0.166, 0.134
63.040, 0.500, -0.500, 0.123, -0.169, 0.137
63.060, 0.500, -0.500, 0.129, -0.171, 0.141
63.080, 0.500, -0.500, 0.135, -0.174, 0.147
63.100, 0.500, -0.500, 0.141, -0.176, 0.153
63.120, 0.500, -0.500, 0.146, -0.177, 0.159
63.140, 0.500, -0.500, 0.149, -0.177, 0.166
63.160, 0.500, -0.500, 0.150, -0.177, 0.173
63.180, 0.500, -0.500, 0.151, -0.179, 0.179
63.200, 0.500, -0.500, 0.150, -0.182, 0.183
63.220, 0.500, -0.500, 0.150, -0.186, 0.186
63.240, 0.500, -0.500, 0.149, -0.193, 0.186
63.260, 0.500, -0.500, 0.147, -0.201, 0.186
63.280, 0.500, -0.500, 0.146, -0.211, 0.184
63.300, 0.500, -0.500, 0.144, -0.220, 0.181
63.320, 0.500, -0.500, 0.141, -0.230, 0.177
63.340, 0.500, -0.500, 0.138, -0.238, 0.173
63.360, 0.500, -0.500, 0.134, -0.247, 0.169
63.380, 0.500, -0.500, 0.130, -0.256, 0.165
63.400, 0.500, -0.500, 0.126, -0.265, 0.157
63.420, 0.500, -0.500, 0.126, -0.275, 0.147
63.440, 0.500, -0.500, 0.128, -0.284, 0.138
63.460, 0.500, -0.500, 0.130, -0.291, 0.130
63.480, 0.500, -0.500, 0.132, -0.293, 0.131
63.500, 0.500, -0.500, 0.133, -0.291, 0.135
63.520, 0.500, -0.500, 0.134, -0.287, 0.137
63.540, 0.500, -0.500, 0.135, -0.284, 0.138
63.560, 0.500, -0.500, 0.135, -0.283, 0.138
63.580, 0.500, -0.500, 0.135, -0.283, 0.137
63.600, 0.500, -0.500, 0.134, -0.283, 0.136
63.620, 0.500, -0.500, 0.132, -0.285, 0.136
63.640, 0.500, -0.500, 0.132, -0.286, 0.135
63.660, 0.500, -0.500, 0.132, -0.287, 0.135
63.680, 0.500, -0.500, 0.132, -0.288, 0.137
63.700, 0.500, -0.500, 0.133, -0.288, 0.139
63.720, 0.500, -0.500, 0.134, -0.286, 0.142
63.740, 0.500, -0.500, 0.136, -0.283, 0.146
63.760, 0.500, -0.500, 0.139, -0.280, 0.150
63.780, 0.500, -0.500, 0.142, -0.276, 0.155
63.800, 0.500, -0.500, 0.143, -0.273, 0.159
63.820, 0.500, -0.500, 0.144, -0.273, 0.162
63.840, 0.500, -0.500, 0.147, -0.276, 0.162
63.860, 0.500, -0.500, 0.151, -0.279, 0.158
63.880, 0.500, -0.500, 0.156, -0.285, 0.153
63.900, 0.500, -0.500, 0.164, -0.294, 0.147
63.920, 0.500, -0.500, 0.173, -0.303, 0.143
63.940, 0.500, -0.500, 0.183, -0.311, 0.141
63.960, 0.500, -0.500, 0.191, -0.318, 0.141
63.980, 0.500, -0.500, 0.199, -0.324, 0.144
64.000, 0.500, -0.500, 0.206, -0.330, 0.147
64.020, 0.500, -0.500, 0.212, -0.336, 0.149
64.040, 0.500, -0.500, 0.219, -0.341, 0.151
64.060, 0.500, -0.500, 0.226, -0.346, 0.152
64.080, 0.500, -0.500, 0.233, -0.352, 0.152
64.100, 0.500, -0.500, 0.241, -0.357, 0.150
64.120, 0.500, -0.500, 0.249, -0.363, 0.146
64.140, 0.500, -0.500, 0.257, -0.369, 0.143
64.160, 0.500, -0.500, 0.266, -0.374, 0.138
64.180, 0.500, -0.500, 0.275, -0.380, 0.134
64.200, 0.500, -0.500, 0.284, -0.386, 0.128
64.220, 0.500, -0.500, 0.294, -0.391, 0.123
64.240, 0.500, -0.500, 0.302, -0.396, 0.117
64.260, 0.500, -0.500, 0.307, -0.399, 0.115
64.280, 0.500, -0.500, 0.312, -0.401, 0.119
64.300, 0.500, -0.500, 0.318, -0.402, 0.124
64.320, 0.500, -0.500, 0.324, -0.403, 0.129
64.340, 0.500, -0.500, 0.330, -0.404, 0.132
64.360, 0.500, -0.500, 0.337, -0.405, 0.137
64.380, 0.500, -0.500, 0.344, -0.407, 0.143
64.400, 0.500, -0.500, 0.351, -0.408, 0.149
64.420, 0.500, -0.500, 0.357, -0.409, 0.155
64.440, 0.500, -0.500, 0.362, -0.409, 0.161
64.460, 0.500, -0.500, 0.364, -0.408, 0.168
64.480, 0.500, -0.500, 0.365, -0.407, 0.174
64.500, 0.500, -0.500, 0.364, -0.407, 0.178
64.520, 0.500, -0.500, 0.363, -0.409, 0.180
64.540, 0.500, -0.500, 0.362, -0.413, 0.179
64.560, 0.500, -0.500, 0.362, -0.418, 0.178
64.580, 0.500, -0.500, 0.361, -0.425, 0.176
64.600, 0.500, -0.500, 0.361, -0.432, 0.173
64.620, 0.500, -0.500, 0.361, -0.440, 0.169
64.640, 0.500, -0.500, 0.360, -0.447, 0.167
64.660, 0.500, -0.500, 0.359, -0.455, 0.164
64.680, 0.500, -0.500, 0.358, -0.463, 0.161
64.700, 0.500, -0.500, 0.356, -0.472, 0.157
64.720, 0.500, -0.500, 0.355, -0.482, 0.149
64.740, 0.500, -0.500, 0.358, -0.491, 0.139
64.760, 0.500, -0.500, 0.360, -0.500, 0.131
64.780, 0.500, -0.500, 0.362, -0.506, 0.129
64.800, 0.500, -0.500, 0.362, -0.506, 0.134
64.820, 0.500, -0.500, 0.362, -0.503, 0.137
64.840, 0.500, -0.500, 0.362, -0.501, 0.138
64.860, 0.500, -0.500, 0.362, -0.498, 0.138
64.880, 0.500, -0.500, 0.361, -0.496, 0.136
64.900, 0.500, -0.500, 0.359, -0.496, 0.135
64.920, 0.500, -0.500, 0.358, -0.496, 0.134
64.940, 0.500, -0.500, 0.358, -0.498, 0.134
64.960, 0.500, -0.500, 0.357, -0.499, 0.134
64.980, 0.500, -0.500, 0.357, -0.500, 0.135
65.000, 0.500, -0.500, 0.355, -0.500, 0.136
65.020, 0.500, -0.500, 0.354, -0.499, 0.138
65.040, 0.500, -0.500, 0.353, -0.497, 0.142
65.060, 0.500, -0.500, 0.352, -0.494, 0.147
65.080, 0.500, -0.500, 0.352, -0.490, 0.152
65.100, 0.500, -0.500, 0.351, -0.486, 0.157
65.120, 0.500, -0.500, 0.349, -0.485, 0.161
65.140, 0.500, -0.500, 0.348, -0.485, 0.162
65.160, 0.500, -0.500, 0.351, -0.489, 0.158
65.180, 0.500, -0.500, 0.359, -0.495, 0.152
65.200, 0.500, -0.500, 0.369, -0.501, 0.146
65.220, 0.500, -0.500, 0.381, -0.509, 0.139
65.240, 0.500, -0.500, 0.394, -0.516, 0.135
65.260, 0.500, -0.500, 0.405, -0.523, 0.134
65.280, 0.500, -0.500, 0.416, -0.529, 0.135
65.300, 0.500, -0.500, 0.425, -0.533, 0.138
65.320, 0.500, -0.500, 0.434, -0.537, 0.141
65.340, 0.500, -0.500, 0.442, -0.541, 0.144
65.360, 0.500, -0.500, 0.451, -0.544, 0.145
65.380, 0.500, -0.500, 0.460, -0.547, 0.146
65.400, 0.500, -0.500, 0.469, -0.550, 0.145
65.420, 0.500, -0.500, 0.479, -0.554, 0.143
65.440, 0.500, -0.500, 0.489, -0.557, 0.139
65.460, 0.500, -0.500, 0.500, -0.560, 0.136
65.480, 0.500, -0.500, 0.511, -0.564, 0.131
65.500, 0.500, -0.500, 0.522, -0.566, 0.126
65.520, 0.500, -0.500, 0.533, -0.569, 0.121
65.540, 0.500, -0.500, 0.544, -0.570, 0.114
65.560, 0.500, -0.500, 0.553, -0.572, 0.113
65.580, 0.500, -0.500, 0.561, -0.572, 0.116
65.600, 0.500, -0.500, 0.569, -0.570, 0.120
65.620, 0.500, -0.500, 0.576, -0.569, 0.122
65.640, 0.500, -0.500, 0.583, -0.569, 0.125
65.660, 0.500, -0.500, 0.590, -0.569, 0.128
65.680, 0.500, -0.500, 0.596, -0.568, 0.132
65.700, 0.500, -0.500, 0.602, -0.567, 0.138
65.720, 0.500, -0.500, 0.608, -0.565, 0.145
65.740, 0.500, -0.500, 0.611, -0.562, 0.153
65.760, 0.500, -0.500, 0.613, -0.558, 0.161
65.780, 0.500, -0.500, 0.612, -0.554, 0.169
65.800, 0.500, -0.500, 0.612, -0.551, 0.176
65.820, 0.500, -0.500, 0.611, -0.550, 0.180
65.840, 0.500, -0.500, 0.611, -0.552, 0.183
65.860, 0.500, -0.500, 0.612, -0.556, 0.185
65.880, 0.500, -0.500, 0.614, -0.562, 0.187
65.900, 0.500, -0.500, 0.615, -0.571, 0.189
65.920, 0.500, -0.500, 0.617, -0.579, 0.189
65.940, 0.500, -0.500, 0.619, -0.588, 0.188
65.960, 0.500, -0.500, 0.619, -0.597, 0.188
65.980, 0.500, -0.500, 0.621, -0.608, 0.186
66.000, 0.500, -0.500, 0.621, -0.618, 0.178
66.020, 0.500, -0.500, 0.626, -0.628, 0.168
66.040, 0.500, -0.500, 0.632, -0.636, 0.158
66.060, 0.500, -0.500, 0.638, -0.644, 0.148
66.080, 0.500, -0.500, 0.643, -0.650, 0.139
66.100, 0.500, -0.500, 0.648, -0.655, 0.131
66.120, 0.500, -0.500, 0.650, -0.653, 0.134
66.140, 0.500, -0.500, 0.651, -0.648, 0.137
66.160, 0.500, -0.500, 0.651, -0.644, 0.138
66.180, 0.500, -0.500, 0.651, -0.640, 0.138
68.220, -0.500, 0.500, 0.000, 0.000, 0.227
68.240, -0.500, 0.500, 0.001, -0.000, 0.221
68.260, -0.500, 0.500, -0.001, 0.001, 0.216
68.280, -0.500, 0.500, -0.005, 0.003, 0.208
68.300, -0.500, 0.500, -0.011, 0.010, 0.201
68.320, -0.500, 0.500, -0.018, 0.018, 0.194
68.340, -0.500, 0.500, -0.026, 0.027, 0.188
68.360, -0.500, 0.500, -0.036, 0.038, 0.184
68.380, -0.500, 0.500, -0.047, 0.048, 0.180
68.400, -0.500, 0.500, -0.059, 0.057, 0.176
68.420, -0.500, 0.500, -0.071, 0.065, 0.174
68.440, -0.500, 0.500, -0.082, 0.069, 0.172
68.460, -0.500, 0.500, -0.092, 0.070, 0.170
68.480, -0.500, 0.500, -0.100, 0.068, 0.170
68.500, -0.500, 0.500, -0.105, 0.064, 0.172
68.520, -0.500, 0.500, -0.110, 0.059, 0.171
68.540, -0.500, 0.500, -0.114, 0.054, 0.170
68.560, -0.500, 0.500, -0.119, 0.050, 0.167
68.580, -0.500, 0.500, -0.124, 0.050, 0.161
68.600, -0.500, 0.500, -0.130, 0.051, 0.154
68.620, -0.500, 0.500, -0.137, 0.056, 0.147
68.640, -0.500, 0.500, -0.143, 0.067, 0.145
68.660, -0.500, 0.500, -0.146, 0.077, 0.145
68.680, -0.500, 0.500, -0.148, 0.085, 0.145
68.700, -0.500, 0.500, -0.149, 0.093, 0.144
68.720, -0.500, 0.500, -0.150, 0.101, 0.143
68.740, -0.500, 0.500, -0.152, 0.109, 0.142
68.760, -0.500, 0.500, -0.154, 0.114, 0.142
68.780, -0.500, 0.500, -0.157, 0.118, 0.142
68.800, -0.500, 0.500, -0.159, 0.120, 0.142
68.820, -0.500, 0.500, -0.161, 0.121, 0.142
68.840, -0.500, 0.500, -0.161, 0.121, 0.143
68.860, -0.500, 0.500, -0.161, 0.120, 0.143
68.880, -0.500, 0.500, -0.161, 0.119, 0.143
68.900, -0.500, 0.500, -0.161, 0.119, 0.144
68.920, -0.500, 0.500, -0.162, 0.119, 0.144
68.940, -0.500, 0.500, -0.162, 0.120, 0.144
68.960, -0.500, 0.500, -0.163, 0.121, 0.144
68.980, -0.500, 0.500, -0.164, 0.123, 0.144
69.000, -0.500, 0.500, -0.164, 0.124, 0.144
69.020, -0.500, 0.500, -0.165, 0.124, 0.144
69.040, -0.500, 0.500, -0.166, 0.125, 0.145
69.060, -0.500, 0.500, -0.166, 0.125, 0.146
69.080, -0.500, 0.500, -0.167, 0.124, 0.147
69.100, -0.500, 0.500, -0.167, 0.124, 0.150
69.120, -0.500, 0.500, -0.166, 0.123, 0.153
69.140, -0.500, 0.500, -0.163, 0.123, 0.155
69.160, -0.500, 0.500, -0.161, 0.123, 0.156
69.180, -0.500, 0.500, -0.160, 0.126, 0.156
69.200, -0.500, 0.500, -0.163, 0.131, 0.157
69.220, -0.500, 0.500, -0.166, 0.139, 0.156
69.240, -0.500, 0.500, -0.172, 0.150, 0.155
69.260, -0.500, 0.500, -0.179, 0.163, 0.154
69.280, -0.500, 0.500, -0.187, 0.179, 0.152
69.300, -0.500, 0.500, -0.196, 0.195, 0.150
69.320, -0.500, 0.500, -0.204, 0.209, 0.150
69.340, -0.500, 0.500, -0.210, 0.220, 0.151
69.360, -0.500, 0.500, -0.214, 0.230, 0.152
69.380, -0.500, 0.500, -0.217, 0.238, 0.152
69.400, -0.500, 0.500, -0.218, 0.243, 0.151
69.420, -0.500, 0.500, -0.217, 0.246, 0.149
69.440, -0.500, 0.500, -0.214, 0.248, 0.147
69.460, -0.500, 0.500, -0.210, 0.248, 0.144
69.480, -0.500, 0.500, -0.204, 0.247, 0.141
69.500, -0.500, 0.500, -0.196, 0.246, 0.138
69.520, -0.500, 0.500, -0.189, 0.246, 0.134
69.540, -0.500, 0.500, -0.182, 0.246, 0.131
69.560, -0.500, 0.500, -0.177, 0.248, 0.128
69.580, -0.500, 0.500, -0.173, 0.251, 0.126
69.600, -0.500, 0.500, -0.170, 0.253, 0.127
69.620, -0.500, 0.500, -0.169, 0.254, 0.130
69.640, -0.500, 0.500, -0.168, 0.254, 0.134
69.660, -0.500, 0.500, -0.167, 0.254, 0.138
69.680, -0.500, 0.500, -0.166, 0.253, 0.143
69.700, -0.500, 0.500, -0.166, 0.251, 0.148
69.720, -0.500, 0.500, -0.165, 0.249, 0.154
69.740, -0.500, 0.500, -0.165, 0.245, 0.160
69.760, -0.500, 0.500, -0.166, 0.242, 0.166
69.780, -0.500, 0.500, -0.166, 0.238, 0.173
69.800, -0.500, 0.500, -0.167, 0.235, 0.178
69.820, -0.500, 0.500, -0.169, 0.232, 0.181
69.840, -0.500, 0.500, -0.174, 0.233, 0.181
69.860, -0.500, 0.500, -0.181, 0.236, 0.179
69.880, -0.500, 0.500, -0.192, 0.242, 0.174
69.900, -0.500, 0.500, -0.206, 0.250, 0.167
69.920, -0.500, 0.500, -0.223, 0.259, 0.159
69.940, -0.500, 0.500, -0.235, 0.267, 0.157
69.960, -0.500, 0.500, -0.247, 0.277, 0.156
69.980, -0.500, 0.500, -0.260, 0.286, 0.154
70.000, -0.500, 0.500, -0.273, 0.294, 0.152
70.020, -0.500, 0.500, -0.285, 0.299, 0.149
70.040, -0.500, 0.500, -0.299, 0.302, 0.146
70.060, -0.500, 0.500, -0.312, 0.306, 0.142
70.080, -0.500, 0.500, -0.325, 0.308, 0.138
70.100, -0.500, 0.500, -0.337, 0.310, 0.133
70.120, -0.500, 0.500, -0.348, 0.314, 0.132
70.140, -0.500, 0.500, -0.357, 0.319, 0.133
70.160, -0.500, 0.500, -0.363, 0.323, 0.134
70.180, -0.500, 0.500, -0.367, 0.326, 0.134
70.200, -0.500, 0.500, -0.371, 0.330, 0.134
70.220, -0.500, 0.500, -0.371, 0.331, 0.137
70.240, -0.500, 0.500, -0.370, 0.333, 0.138
70.260, -0.500, 0.500, -0.370, 0.333, 0.139
70.280, -0.500, 0.500, -0.370, 0.334, 0.139
70.300, -0.500, 0.500, -0.370, 0.333, 0.139
70.320, -0.500, 0.500, -0.370, 0.332, 0.139
70.340, -0.500, 0.500, -0.370, 0.331, 0.139
70.360, -0.500, 0.500, -0.370, 0.330, 0.139
70.380, -0.500, 0.500, -0.370, 0.328, 0.140
70.400, -0.500, 0.500, -0.370, 0.327, 0.142
70.420, -0.500, 0.500, -0.369, 0.326, 0.145
70.440, -0.500, 0.500, -0.367, 0.325, 0.147
70.460, -0.500, 0.500, -0.364, 0.325, 0.149
70.480, -0.500, 0.500, -0.365, 0.327, 0.152
70.500, -0.500, 0.500, -0.367, 0.330, 0.153
70.520, -0.500, 0.500, -0.374, 0.335, 0.154
70.540, -0.500, 0.500, -0.383, 0.342, 0.155
70.560, -0.500, 0.500, -0.394, 0.351, 0.158
70.580, -0.500, 0.500, -0.407, 0.363, 0.161
70.600, -0.500, 0.500, -0.421, 0.378, 0.163
70.620, -0.500, 0.500, -0.434, 0.391, 0.163
70.640, -0.500, 0.500, -0.447, 0.404, 0.164
70.660, -0.500, 0.500, -0.457, 0.414, 0.165
70.680, -0.500, 0.500, -0.465, 0.422, 0.165
70.700, -0.500, 0.500, -0.470, 0.429, 0.165
70.720, -0.500, 0.500, -0.472, 0.433, 0.164
70.740, -0.500, 0.500, -0.471, 0.435, 0.162
70.760, -0.500, 0.500, -0.468, 0.435, 0.161
70.780, -0.500, 0.500, -0.463, 0.434, 0.159
70.800, -0.500, 0.500, -0.456, 0.433, 0.158
70.820, -0.500, 0.500, -0.448, 0.433, 0.156
70.840, -0.500, 0.500, -0.440, 0.434, 0.155
70.860, -0.500, 0.500, -0.431, 0.436, 0.154
70.880, -0.500, 0.500, -0.422, 0.438, 0.151
70.900, -0.500, 0.500, -0.415, 0.442, 0.149
70.920, -0.500, 0.500, -0.411, 0.446, 0.147
70.940, -0.500, 0.500, -0.409, 0.450, 0.148
70.960, -0.500, 0.500, -0.408, 0.453, 0.150
70.980, -0.500, 0.500, -0.407, 0.455, 0.153
71.000, -0.500, 0.500, -0.407, 0.455, 0.157
71.020, -0.500, 0.500, -0.407, 0.455, 0.161
71.040, -0.500, 0.500, -0.407, 0.453, 0.165
71.060, -0.500, 0.500, -0.406, 0.450, 0.171
71.080, -0.500, 0.500, -0.406, 0.447, 0.177
71.100, -0.500, 0.500, -0.404, 0.443, 0.182
71.120, -0.500, 0.500, -0.403, 0.438, 0.185
71.140, -0.500, 0.500, -0.404, 0.435, 0.187
71.160, -0.500, 0.500, -0.409, 0.432, 0.187
71.180, -0.500, 0.500, -0.417, 0.431, 0.185
71.200, -0.500, 0.500, -0.428, 0.433, 0.182
71.220, -0.500, 0.500, -0.443, 0.436, 0.176
71.240, -0.500, 0.500, -0.461, 0.441, 0.169
71.260, -0.500, 0.500, -0.479, 0.444, 0.161
71.280, -0.500, 0.500, -0.494, 0.450, 0.159
71.300, -0.500, 0.500, -0.508, 0.457, 0.157
71.320, -0.500, 0.500, -0.522, 0.463, 0.153
71.340, -0.500, 0.500, -0.537, 0.466, 0.148
71.360, -0.500, 0.500, -0.551, 0.468, 0.142
71.380, -0.500, 0.500, -0.564, 0.468, 0.137
71.400, -0.500, 0.500, -0.575, 0.468, 0.133
71.420, -0.500, 0.500, -0.583, 0.467, 0.136
71.440, -0.500, 0.500, -0.588, 0.466, 0.138
71.460, -0.500, 0.500, -0.592, 0.467, 0.139
71.480, -0.500, 0.500, -0.597, 0.470, 0.139
71.500, -0.500, 0.500, -0.601, 0.474, 0.139
71.520, -0.500, 0.500, -0.606, 0.477, 0.138
71.540, -0.500, 0.500, -0.610, 0.479, 0.138
71.560, -0.500, 0.500, -0.613, 0.481, 0.138
71.580, -0.500, 0.500, -0.614, 0.482, 0.138
71.600, -0.500, 0.500, -0.614, 0.482, 0.138
71.620, -0.500, 0.500, -0.614, 0.482, 0.138
71.640, -0.500, 0.500, -0.613, 0.481, 0.138
71.660, -0.500, 0.500, -0.612, 0.479, 0.139
71.680, -0.500, 0.500, -0.610, 0.476, 0.139
71.700, -0.500, 0.500, -0.608, 0.474, 0.141
71.720, -0.500, 0.500, -0.606, 0.472, 0.144
71.740, -0.500, 0.500, -0.603, 0.470, 0.147
71.760, -0.500, 0.500, -0.600, 0.470, 0.150
71.780, -0.500, 0.500, -0.597, 0.470, 0.152
71.800, -0.500, 0.500, -0.599, 0.472, 0.155
71.820, -0.500, 0.500, -0.604, 0.475, 0.156
71.840, -0.500, 0.500, -0.614, 0.480, 0.157
71.860, -0.500, 0.500, -0.627, 0.486, 0.157
71.880, -0.500, 0.500, -0.642, 0.494, 0.158
71.900, -0.500, 0.500, -0.660, 0.503, 0.157
71.920, -0.500, 0.500, -0.677, 0.513, 0.157
71.940, -0.500, 0.500, -0.692, 0.522, 0.158
71.960, -0.500, 0.500, -0.705, 0.530, 0.159
71.980, -0.500, 0.500, -0.715, 0.536, 0.159
72.000, -0.500, 0.500, -0.722, 0.542, 0.159
72.020, -0.500, 0.500, -0.725, 0.546, 0.158
72.040, -0.500, 0.500, -0.726, 0.549, 0.156
72.060, -0.500, 0.500, -0.724, 0.551, 0.155
72.080, -0.500, 0.500, -0.720, 0.552, 0.153
72.100, -0.500, 0.500, -0.714, 0.554, 0.151
72.120, -0.500, 0.500, -0.708, 0.557, 0.149
72.140, -0.500, 0.500, -0.701, 0.561, 0.147
72.160, -0.500, 0.500, -0.694, 0.565, 0.145
72.180, -0.500, 0.500, -0.688, 0.570, 0.142
72.200, -0.500, 0.500, -0.684, 0.576, 0.140
74.240, -0.400, 0.500, 0.000, 0.000, 0.227
74.260, -0.400, 0.500, 0.001, -0.000, 0.220
74.280, -0.400, 0.500, -0.001, 0.000, 0.212
74.300, -0.400, 0.500, -0.005, 0.003, 0.205
74.320, -0.400, 0.500, -0.011, 0.007, 0.197
74.340, -0.400, 0.500, -0.017, 0.012, 0.188
74.360, -0.400, 0.500, -0.025, 0.019, 0.179
74.380, -0.400, 0.500, -0.033, 0.026, 0.171
74.400, -0.400, 0.500, -0.043, 0.031, 0.164
74.420, -0.400, 0.500, -0.054, 0.036, 0.159
74.440, -0.400, 0.500, -0.064, 0.038, 0.155
74.460, -0.400, 0.500, -0.071, 0.039, 0.157
74.480, -0.400, 0.500, -0.075, 0.036, 0.159
74.500, -0.400, 0.500, -0.075, 0.031, 0.161
74.520, -0.400, 0.500, -0.074, 0.026, 0.163
74.540, -0.400, 0.500, -0.074, 0.022, 0.165
74.560, -0.400, 0.500, -0.074, 0.019, 0.166
74.580, -0.400, 0.500, -0.075, 0.020, 0.165
74.600, -0.400, 0.500, -0.078, 0.024, 0.162
74.620, -0.400, 0.500, -0.083, 0.032, 0.157
74.640, -0.400, 0.500, -0.091, 0.042, 0.150
74.660, -0.400, 0.500, -0.099, 0.053, 0.145
74.680, -0.400, 0.500, -0.108, 0.063, 0.143
74.700, -0.400, 0.500, -0.114, 0.070, 0.142
74.720, -0.400, 0.500, -0.120, 0.077, 0.141
74.740, -0.400, 0.500, -0.125, 0.083, 0.140
74.760, -0.400, 0.500, -0.129, 0.089, 0.139
74.780, -0.400, 0.500, -0.133, 0.095, 0.139
74.800, -0.400, 0.500, -0.137, 0.098, 0.139
74.820, -0.400, 0.500, -0.139, 0.101, 0.139
74.840, -0.400, 0.500, -0.141, 0.102, 0.139
74.860, -0.400, 0.500, -0.140, 0.102, 0.139
74.880, -0.400, 0.500, -0.140, 0.101, 0.139
74.900, -0.400, 0.500, -0.140, 0.101, 0.139
74.920, -0.400, 0.500, -0.140, 0.102, 0.140
74.940, -0.400, 0.500, -0.140, 0.103, 0.140
74.960, -0.400, 0.500, -0.141, 0.104, 0.140
74.980, -0.400, 0.500, -0.142, 0.105, 0.140
75.000, -0.400, 0.500, -0.143, 0.106, 0.140
75.020, -0.400, 0.500, -0.143, 0.107, 0.140
75.040, -0.400, 0.500, -0.144, 0.107, 0.140
75.060, -0.400, 0.500, -0.144, 0.107, 0.140
75.080, -0.400, 0.500, -0.145, 0.106, 0.141
75.100, -0.400, 0.500, -0.145, 0.105, 0.142
75.120, -0.400, 0.500, -0.145, 0.104, 0.145
75.140, -0.400, 0.500, -0.144, 0.104, 0.148
75.160, -0.400, 0.500, -0.141, 0.103, 0.151
75.180, -0.400, 0.500, -0.138, 0.102, 0.152
75.200, -0.400, 0.500, -0.138, 0.105, 0.154
75.220, -0.400, 0.500, -0.141, 0.109, 0.154
75.240, -0.400, 0.500, -0.145, 0.116, 0.153
75.260, -0.400, 0.500, -0.152, 0.125, 0.153
75.280, -0.400, 0.500, -0.159, 0.137, 0.151
75.300, -0.400, 0.500, -0.167, 0.149, 0.151
75.320, -0.400, 0.500, -0.173, 0.163, 0.153
75.340, -0.400, 0.500, -0.177, 0.176, 0.154
75.360, -0.400, 0.500, -0.179, 0.189, 0.155
75.380, -0.400, 0.500, -0.179, 0.201, 0.155
75.400, -0.400, 0.500, -0.176, 0.213, 0.153
75.420, -0.400, 0.500, -0.174, 0.222, 0.151
75.440, -0.400, 0.500, -0.172, 0.230, 0.150
75.460, -0.400, 0.500, -0.168, 0.236, 0.150
75.480, -0.400, 0.500, -0.163, 0.240, 0.148
75.500, -0.400, 0.500, -0.158, 0.244, 0.146
75.520, -0.400, 0.500, -0.152, 0.248, 0.142
75.540, -0.400, 0.500, -0.146, 0.251, 0.138
75.560, -0.400, 0.500, -0.140, 0.253, 0.134
75.580, -0.400, 0.500, -0.135, 0.256, 0.129
75.600, -0.400, 0.500, -0.131, 0.259, 0.126
75.620, -0.400, 0.500, -0.129, 0.261, 0.125
75.640, -0.400, 0.500, -0.128, 0.263, 0.127
75.660, -0.400, 0.500, -0.126, 0.264, 0.129
75.680, -0.400, 0.500, -0.125, 0.265, 0.134
75.700, -0.400, 0.500, -0.123, 0.265, 0.138
75.720, -0.400, 0.500, -0.121, 0.264, 0.143
75.740, -0.400, 0.500, -0.119, 0.263, 0.150
75.760, -0.400, 0.500, -0.117, 0.260, 0.156
75.780, -0.400, 0.500, -0.114, 0.257, 0.164
75.800, -0.400, 0.500, -0.111, 0.253, 0.172
75.820, -0.400, 0.500, -0.109, 0.249, 0.179
75.840, -0.400, 0.500, -0.109, 0.247, 0.184
75.860, -0.400, 0.500, -0.112, 0.245, 0.186
75.880, -0.400, 0.500, -0.118, 0.246, 0.187
75.900, -0.400, 0.500, -0.127, 0.249, 0.184
75.920, -0.400, 0.500, -0.139, 0.255, 0.179
75.940, -0.400, 0.500, -0.153, 0.263, 0.171
75.960, -0.400, 0.500, -0.165, 0.272, 0.166
75.980, -0.400, 0.500, -0.176, 0.282, 0.165
76.000, -0.400, 0.500, -0.188, 0.292, 0.162
76.020, -0.400, 0.500, -0.200, 0.301, 0.160
76.040, -0.400, 0.500, -0.212, 0.308, 0.157
76.060, -0.400, 0.500, -0.224, 0.313, 0.154
76.080, -0.400, 0.500, -0.236, 0.317, 0.150
76.100, -0.400, 0.500, -0.247, 0.319, 0.145
76.120, -0.400, 0.500, -0.258, 0.320, 0.139
76.140, -0.400, 0.500, -0.269, 0.319, 0.132
76.160, -0.400, 0.500, -0.280, 0.319, 0.129
76.180, -0.400, 0.500, -0.288, 0.321, 0.131
76.200, -0.400, 0.500, -0.293, 0.322, 0.133
76.220, -0.400, 0.500, -0.297, 0.325, 0.134
76.240, -0.400, 0.500, -0.299, 0.326, 0.138
76.260, -0.400, 0.500, -0.300, 0.328, 0.140
76.280, -0.400, 0.500, -0.301, 0.329, 0.142
76.300, -0.400, 0.500, -0.301, 0.331, 0.142
76.320, -0.400, 0.500, -0.300, 0.331, 0.142
76.340, -0.400, 0.500, -0.299, 0.331, 0.142
76.360, -0.400, 0.500, -0.299, 0.330, 0.141
76.380, -0.400, 0.500, -0.299, 0.330, 0.141
76.400, -0.400, 0.500, -0.299, 0.329, 0.142
76.420, -0.400, 0.500, -0.300, 0.329, 0.143
76.440, -0.400, 0.500, -0.300, 0.329, 0.145
76.460, -0.400, 0.500, -0.298, 0.329, 0.148
76.480, -0.400, 0.500, -0.295, 0.329, 0.149
76.500, -0.400, 0.500, -0.294, 0.331, 0.150
76.520, -0.400, 0.500, -0.298, 0.335, 0.151
76.540, -0.400, 0.500, -0.303, 0.340, 0.153
76.560, -0.400, 0.500, -0.310, 0.346, 0.155
76.580, -0.400, 0.500, -0.319, 0.355, 0.157
76.600, -0.400, 0.500, -0.330, 0.366, 0.159
76.620, -0.400, 0.500, -0.342, 0.379, 0.160
76.640, -0.400, 0.500, -0.354, 0.392, 0.162
76.660, -0.400, 0.500, -0.365, 0.404, 0.163
76.680, -0.400, 0.500, -0.374, 0.414, 0.165
76.700, -0.400, 0.500, -0.381, 0.422, 0.166
76.720, -0.400, 0.500, -0.386, 0.429, 0.167
76.740, -0.400, 0.500, -0.389, 0.433, 0.167
76.760, -0.400, 0.500, -0.388, 0.436, 0.166
76.780, -0.400, 0.500, -0.386, 0.437, 0.165
76.800, -0.400, 0.500, -0.381, 0.437, 0.163
76.820, -0.400, 0.500, -0.375, 0.437, 0.162
76.840, -0.400, 0.500, -0.368, 0.438, 0.160
76.860, -0.400, 0.500, -0.360, 0.439, 0.158
76.880, -0.400, 0.500, -0.353, 0.440, 0.156
76.900, -0.400, 0.500, -0.346, 0.442, 0.154
76.920, -0.400, 0.500, -0.341, 0.445, 0.151
76.940, -0.400, 0.500, -0.338, 0.449, 0.150
76.960, -0.400, 0.500, -0.336, 0.453, 0.149
76.980, -0.400, 0.500, -0.336, 0.456, 0.150
77.000, -0.400, 0.500, -0.336, 0.458, 0.152
77.020, -0.400, 0.500, -0.336, 0.458, 0.154
77.040, -0.400, 0.500, -0.336, 0.458, 0.158
77.060, -0.400, 0.500, -0.336, 0.457, 0.163
77.080, -0.400, 0.500, -0.335, 0.455, 0.169
77.100, -0.400, 0.500, -0.334, 0.452, 0.175
77.120, -0.400, 0.500, -0.331, 0.449, 0.180
77.140, -0.400, 0.500, -0.329, 0.446, 0.185
77.160, -0.400, 0.500, -0.329, 0.443, 0.187
77.180, -0.400, 0.500, -0.333, 0.442, 0.187
77.200, -0.400, 0.500, -0.340, 0.444, 0.186
77.220, -0.400, 0.500, -0.350, 0.447, 0.183
77.240, -0.400, 0.500, -0.364, 0.452, 0.178
77.260, -0.400, 0.500, -0.380, 0.458, 0.171
77.280, -0.400, 0.500, -0.399, 0.465, 0.162
77.300, -0.400, 0.500, -0.414, 0.471, 0.156
77.320, -0.400, 0.500, -0.430, 0.480, 0.152
77.340, -0.400, 0.500, -0.444, 0.487, 0.146
77.360, -0.400, 0.500, -0.458, 0.492, 0.141
77.380, -0.400, 0.500, -0.469, 0.496, 0.139
77.400, -0.400, 0.500, -0.477, 0.497, 0.138
77.420, -0.400, 0.500, -0.482, 0.495, 0.138
77.440, -0.400, 0.500, -0.487, 0.491, 0.136
77.460, -0.400, 0.500, -0.492, 0.486, 0.134
77.480, -0.400, 0.500, -0.499, 0.484, 0.134
77.500, -0.400, 0.500, -0.504, 0.483, 0.135
77.520, -0.400, 0.500, -0.509, 0.484, 0.136
77.540, -0.400, 0.500, -0.512, 0.486, 0.136
77.560, -0.400, 0.500, -0.515, 0.488, 0.136
77.580, -0.400, 0.500, -0.516, 0.490, 0.136
77.600, -0.400, 0.500, -0.516, 0.491, 0.137
77.620, -0.400, 0.500, -0.516, 0.491, 0.136
77.640, -0.400, 0.500, -0.515, 0.490, 0.136
77.660, -0.400, 0.500, -0.514, 0.489, 0.135
77.680, -0.400, 0.500, -0.513, 0.487, 0.136
77.700, -0.400, 0.500, -0.511, 0.485, 0.137
77.720, -0.400, 0.500, -0.510, 0.483, 0.138
77.740, -0.400, 0.500, -0.508, 0.481, 0.141
77.760, -0.400, 0.500, -0.505, 0.480, 0.144
77.780, -0.400, 0.500, -0.501, 0.480, 0.147
77.800, -0.400, 0.500, -0.498, 0.481, 0.149
77.820, -0.400, 0.500, -0.498, 0.482, 0.151
77.840, -0.400, 0.500, -0.503, 0.486, 0.153
77.860, -0.400, 0.500, -0.511, 0.491, 0.153
77.880, -0.400, 0.500, -0.522, 0.497, 0.153
77.900, -0.400, 0.500, -0.534, 0.506, 0.154
77.920, -0.400, 0.500, -0.549, 0.516, 0.154
77.940, -0.400, 0.500, -0.562, 0.526, 0.154
77.960, -0.400, 0.500, -0.575, 0.537, 0.156
77.980, -0.400, 0.500, -0.584, 0.548, 0.157
78.000, -0.400, 0.500, -0.592, 0.559, 0.156
78.020, -0.400, 0.500, -0.598, 0.568, 0.155
78.040, -0.400, 0.500, -0.601, 0.575, 0.155
78.060, -0.400, 0.500, -0.602, 0.580, 0.154
78.080, -0.400, 0.500, -0.600, 0.585, 0.152
78.100, -0.400, 0.500, -0.597, 0.590, 0.150
78.120, -0.400, 0.500, -0.593, 0.594, 0.148
78.140, -0.400, 0.500, -0.588, 0.598, 0.145
78.160, -0.400, 0.500, -0.583, 0.602, 0.141
78.180, -0.400, 0.500, -0.577, 0.605, 0.138
78.200, -0.400, 0.500, -0.574, 0.609, 0.134
78.220, -0.400, 0.500, -0.572, 0.613, 0.132
80.260, -0.300, 0.500, 0.000, 0.000, 0.227
80.280, -0.300, 0.500, 0.001, -0.000, 0.220
80.300, -0.300, 0.500, -0.001, 0.000, 0.214
80.320, -0.300, 0.500, -0.005, 0.002, 0.206
80.340, -0.300, 0.500, -0.011, 0.006, 0.198
80.360, -0.300, 0.500, -0.016, 0.011, 0.190
80.380, -0.300, 0.500, -0.023, 0.017, 0.182
80.400, -0.300, 0.500, -0.030, 0.024, 0.173
80.420, -0.300, 0.500, -0.039, 0.030, 0.166
80.440, -0.300, 0.500, -0.048, 0.034, 0.161
80.460, -0.300, 0.500, -0.058, 0.037, 0.158
80.480, -0.300, 0.500, -0.066, 0.039, 0.157
80.500, -0.300, 0.500, -0.072, 0.038, 0.157
80.520, -0.300, 0.500, -0.075, 0.035, 0.160
80.540, -0.300, 0.500, -0.075, 0.031, 0.162
80.560, -0.300, 0.500, -0.075, 0.027, 0.164
80.580, -0.300, 0.500, -0.076, 0.026, 0.165
80.600, -0.300, 0.500, -0.077, 0.027, 0.164
80.620, -0.300, 0.500, -0.079, 0.032, 0.160
80.640, -0.300, 0.500, -0.083, 0.040, 0.154
80.660, -0.300, 0.500, -0.089, 0.051, 0.148
80.680, -0.300, 0.500, -0.095, 0.062, 0.146
80.700, -0.300, 0.500, -0.101, 0.071, 0.145
80.720, -0.300, 0.500, -0.106, 0.079, 0.144
80.740, -0.300, 0.500, -0.111, 0.087, 0.143
80.760, -0.300, 0.500, -0.116, 0.095, 0.142
80.780, -0.300, 0.500, -0.119, 0.102, 0.141
80.800, -0.300, 0.500, -0.122, 0.107, 0.140
80.820, -0.300, 0.500, -0.125, 0.111, 0.139
80.840, -0.300, 0.500, -0.127, 0.113, 0.139
80.860, -0.300, 0.500, -0.128, 0.115, 0.138
80.880, -0.300, 0.500, -0.127, 0.115, 0.139
80.900, -0.300, 0.500, -0.126, 0.114, 0.139
80.920, -0.300, 0.500, -0.126, 0.113, 0.139
80.940, -0.300, 0.500, -0.126, 0.113, 0.140
80.960, -0.300, 0.500, -0.127, 0.114, 0.140
80.980, -0.300, 0.500, -0.128, 0.114, 0.140
81.000, -0.300, 0.500, -0.128, 0.114, 0.140
81.020, -0.300, 0.500, -0.128, 0.114, 0.141
81.040, -0.300, 0.500, -0.128, 0.113, 0.141
81.060, -0.300, 0.500, -0.128, 0.113, 0.141
81.080, -0.300, 0.500, -0.128, 0.112, 0.141
81.100, -0.300, 0.500, -0.128, 0.111, 0.142
81.120, -0.300, 0.500, -0.128, 0.109, 0.143
81.140, -0.300, 0.500, -0.128, 0.108, 0.145
81.160, -0.300, 0.500, -0.126, 0.106, 0.148
81.180, -0.300, 0.500, -0.123, 0.104, 0.150
81.200, -0.300, 0.500, -0.120, 0.103, 0.150
81.220, -0.300, 0.500, -0.118, 0.102, 0.150
81.240, -0.300, 0.500, -0.117, 0.104, 0.150
81.260, -0.300, 0.500, -0.119, 0.110, 0.150
81.280, -0.300, 0.500, -0.122, 0.118, 0.150
81.300, -0.300, 0.500, -0.126, 0.130, 0.151
81.320, -0.300, 0.500, -0.131, 0.142, 0.152
81.340, -0.300, 0.500, -0.135, 0.156, 0.152
81.360, -0.300, 0.500, -0.139, 0.170, 0.154
81.380, -0.300, 0.500, -0.140, 0.183, 0.156
81.400, -0.300, 0.500, -0.140, 0.197, 0.156
81.420, -0.300, 0.500, -0.139, 0.210, 0.156
81.440, -0.300, 0.500, -0.138, 0.220, 0.155
81.460, -0.300, 0.500, -0.136, 0.229, 0.154
81.480, -0.300, 0.500, -0.133, 0.236, 0.153
81.500, -0.300, 0.500, -0.129, 0.241, 0.151
81.520, -0.300, 0.500, -0.125, 0.245, 0.149
81.540, -0.300, 0.500, -0.120, 0.248, 0.146
81.560, -0.300, 0.500, -0.114, 0.250, 0.142
81.580, -0.300, 0.500, -0.108, 0.251, 0.138
81.600, -0.300, 0.500, -0.103, 0.253, 0.135
81.620, -0.300, 0.500, -0.099, 0.255, 0.132
81.640, -0.300, 0.500, -0.097, 0.256, 0.130
81.660, -0.300, 0.500, -0.095, 0.258, 0.131
81.680, -0.300, 0.500, -0.093, 0.259, 0.133
81.700, -0.300, 0.500, -0.091, 0.259, 0.136
81.720, -0.300, 0.500, -0.090, 0.259, 0.140
81.740, -0.300, 0.500, -0.088, 0.258, 0.145
81.760, -0.300, 0.500, -0.085, 0.257, 0.150
81.780, -0.300, 0.500, -0.083, 0.255, 0.157
81.800, -0.300, 0.500, -0.080, 0.253, 0.164
81.820, -0.300, 0.500, -0.078, 0.249, 0.172
81.840, -0.300, 0.500, -0.075, 0.246, 0.179
81.860, -0.300, 0.500, -0.075, 0.244, 0.184
81.880, -0.300, 0.500, -0.077, 0.244, 0.187
81.900, -0.300, 0.500, -0.082, 0.248, 0.188
81.920, -0.300, 0.500, -0.091, 0.253, 0.186
81.940, -0.300, 0.500, -0.101, 0.261, 0.180
81.960, -0.300, 0.500, -0.111, 0.272, 0.174
81.980, -0.300, 0.500, -0.120, 0.284, 0.171
82.000, -0.300, 0.500, -0.131, 0.297, 0.167
82.020, -0.300, 0.500, -0.143, 0.309, 0.165
82.040, -0.300, 0.500, -0.155, 0.320, 0.162
82.060, -0.300, 0.500, -0.166, 0.329, 0.159
82.080, -0.300, 0.500, -0.177, 0.336, 0.156
82.100, -0.300, 0.500, -0.187, 0.341, 0.152
82.120, -0.300, 0.500, -0.197, 0.344, 0.146
82.140, -0.300, 0.500, -0.206, 0.346, 0.140
82.160, -0.300, 0.500, -0.215, 0.346, 0.135
82.180, -0.300, 0.500, -0.222, 0.345, 0.134
82.200, -0.300, 0.500, -0.227, 0.341, 0.132
82.220, -0.300, 0.500, -0.234, 0.338, 0.129
82.240, -0.300, 0.500, -0.240, 0.335, 0.131
82.260, -0.300, 0.500, -0.244, 0.335, 0.135
82.280, -0.300, 0.500, -0.246, 0.335, 0.137
82.300, -0.300, 0.500, -0.246, 0.335, 0.139
82.320, -0.300, 0.500, -0.246, 0.335, 0.139
82.340, -0.300, 0.500, -0.244, 0.335, 0.139
82.360, -0.300, 0.500, -0.243, 0.334, 0.138
82.380, -0.300, 0.500, -0.243, 0.333, 0.137
82.400, -0.300, 0.500, -0.243, 0.333, 0.137
82.420, -0.300, 0.500, -0.244, 0.333, 0.137
82.440, -0.300, 0.500, -0.245, 0.332, 0.139
82.460, -0.300, 0.500, -0.245, 0.332, 0.142
82.480, -0.300, 0.500, -0.243, 0.332, 0.144
82.500, -0.300, 0.500, -0.240, 0.332, 0.145
82.520, -0.300, 0.500, -0.239, 0.334, 0.146
82.540, -0.300, 0.500, -0.239, 0.337, 0.146
82.560, -0.300, 0.500, -0.242, 0.342, 0.147
82.580, -0.300, 0.500, -0.247, 0.349, 0.149
82.600, -0.300, 0.500, -0.253, 0.358, 0.151
82.620, -0.300, 0.500, -0.260, 0.370, 0.154
82.640, -0.300, 0.500, -0.266, 0.383, 0.156
82.660, -0.300, 0.500, -0.271, 0.397, 0.158
82.680, -0.300, 0.500, -0.274, 0.411, 0.159
82.700, -0.300, 0.500, -0.276, 0.425, 0.161
82.720, -0.300, 0.500, -0.277, 0.439, 0.162
82.740, -0.300, 0.500, -0.276, 0.453, 0.162
82.760, -0.300, 0.500, -0.274, 0.465, 0.160
82.780, -0.300, 0.500, -0.271, 0.475, 0.158
82.800, -0.300, 0.500, -0.269, 0.483, 0.157
82.820, -0.300, 0.500, -0.266, 0.490, 0.155
82.840, -0.300, 0.500, -0.263, 0.495, 0.153
82.860, -0.300, 0.500, -0.259, 0.500, 0.151
82.880, -0.300, 0.500, -0.255, 0.505, 0.147
82.900, -0.300, 0.500, -0.250, 0.509, 0.143
82.920, -0.300, 0.500, -0.246, 0.513, 0.139
82.940, -0.300, 0.500, -0.244, 0.516, 0.136
82.960, -0.300, 0.500, -0.242, 0.518, 0.135
82.980, -0.300, 0.500, -0.241, 0.520, 0.135
83.000, -0.300, 0.500, -0.241, 0.521, 0.137
83.020, -0.300, 0.500, -0.240, 0.522, 0.140
83.040, -0.300, 0.500, -0.238, 0.523, 0.144
83.060, -0.300, 0.500, -0.237, 0.523, 0.149
83.080, -0.300, 0.500, -0.234, 0.522, 0.155
83.100, -0.300, 0.500, -0.231, 0.521, 0.162
83.120, -0.300, 0.500, -0.228, 0.519, 0.169
83.140, -0.300, 0.500, -0.223, 0.516, 0.176
83.160, -0.300, 0.500, -0.220, 0.513, 0.182
83.180, -0.300, 0.500, -0.220, 0.511, 0.186
83.200, -0.300, 0.500, -0.223, 0.511, 0.188
83.220, -0.300, 0.500, -0.229, 0.512, 0.189
83.240, -0.300, 0.500, -0.239, 0.516, 0.187
83.260, -0.300, 0.500, -0.250, 0.521, 0.182
83.280, -0.300, 0.500, -0.263, 0.529, 0.176
83.300, -0.300, 0.500, -0.275, 0.540, 0.174
83.320, -0.300, 0.500, -0.288, 0.551, 0.171
83.340, -0.300, 0.500, -0.302, 0.560, 0.168
83.360, -0.300, 0.500, -0.316, 0.568, 0.166
83.380, -0.300, 0.500, -0.328, 0.575, 0.163
83.400, -0.300, 0.500, -0.339, 0.580, 0.158
83.420, -0.300, 0.500, -0.350, 0.584, 0.154
83.440, -0.300, 0.500, -0.359, 0.585, 0.148
83.460, -0.300, 0.500, -0.368, 0.585, 0.142
83.480, -0.300, 0.500, -0.376, 0.583, 0.136
83.500, -0.300, 0.500, -0.382, 0.580, 0.134
83.520, -0.300, 0.500, -0.386, 0.576, 0.132
83.540, -0.300, 0.500, -0.391, 0.570, 0.130
83.560, -0.300, 0.500, -0.396, 0.566, 0.129
83.580, -0.300, 0.500, -0.401, 0.563, 0.134
83.600, -0.300, 0.500, -0.404, 0.562, 0.137
83.620, -0.300, 0.500, -0.405, 0.562, 0.139
83.640, -0.300, 0.500, -0.404, 0.562, 0.139
83.660, -0.300, 0.500, -0.403, 0.562, 0.139
83.680, -0.300, 0.500, -0.402, 0.562, 0.139
83.700, -0.300, 0.500, -0.402, 0.561, 0.139
83.720, -0.300, 0.500, -0.402, 0.561, 0.139
83.740, -0.300, 0.500, -0.403, 0.561, 0.139
83.760, -0.300, 0.500, -0.403, 0.561, 0.141
83.780, -0.300, 0.500, -0.403, 0.561, 0.144
83.800, -0.300, 0.500, -0.400, 0.562, 0.145
83.820, -0.300, 0.500, -0.398, 0.563, 0.146
83.840, -0.300, 0.500, -0.399, 0.566, 0.147
83.860, -0.300, 0.500, -0.401, 0.569, 0.147
83.880, -0.300, 0.500, -0.406, 0.573, 0.148
83.900, -0.300, 0.500, -0.414, 0.580, 0.150
83.920, -0.300, 0.500, -0.425, 0.588, 0.153
83.940, -0.300, 0.500, -0.436, 0.599, 0.155
83.960, -0.300, 0.500, -0.448, 0.611, 0.155
83.980, -0.300, 0.500, -0.459, 0.621, 0.157
84.000, -0.300, 0.500, -0.469, 0.632, 0.159
84.020, -0.300, 0.500, -0.478, 0.641, 0.160
84.040, -0.300, 0.500, -0.484, 0.649, 0.162
84.060, -0.300, 0.500, -0.489, 0.656, 0.162
84.080, -0.300, 0.500, -0.490, 0.662, 0.162
84.100, -0.300, 0.500, -0.490, 0.667, 0.162
84.120, -0.300, 0.500, -0.487, 0.670, 0.160
84.140, -0.300, 0.500, -0.483, 0.673, 0.159
84.160, -0.300, 0.500, -0.478, 0.676, 0.157
84.180, -0.300, 0.500, -0.473, 0.678, 0.154
84.200, -0.300, 0.500, -0.467, 0.681, 0.152
84.220, -0.300, 0.500, -0.461, 0.683, 0.149
84.240, -0.300, 0.500, -0.456, 0.686, 0.146
86.280, -0.200, 0.500, 0.000, 0.000, 0.227
86.300, -0.200, 0.500, 0.001, -0.001, 0.220
86.320, -0.200, 0.500, 0.000, -0.000, 0.211
86.340, -0.200, 0.500, -0.004, 0.002, 0.205
86.360, -0.200, 0.500, -0.008, 0.006, 0.197
86.380, -0.200, 0.500, -0.013, 0.011, 0.188
86.400, -0.200, 0.500, -0.018, 0.017, 0.180
86.420, -0.200, 0.500, -0.025, 0.023, 0.171
86.440, -0.200, 0.500, -0.032, 0.028, 0.165
86.460, -0.200, 0.500, -0.041, 0.033, 0.161
86.480, -0.200, 0.500, -0.049, 0.036, 0.158
86.500, -0.200, 0.500, -0.056, 0.038, 0.158
86.520, -0.200, 0.500, -0.062, 0.038, 0.158
86.540, -0.200, 0.500, -0.064, 0.036, 0.160
86.560, -0.200, 0.500, -0.064, 0.033, 0.163
86.580, -0.200, 0.500, -0.064, 0.031, 0.164
86.600, -0.200, 0.500, -0.064, 0.030, 0.165
86.620, -0.200, 0.500, -0.065, 0.033, 0.164
86.640, -0.200, 0.500, -0.066, 0.038, 0.159
86.660, -0.200, 0.500, -0.068, 0.048, 0.154
86.680, -0.200, 0.500, -0.071, 0.061, 0.150
86.700, -0.200, 0.500, -0.072, 0.074, 0.149
86.720, -0.200, 0.500, -0.075, 0.085, 0.149
86.740, -0.200, 0.500, -0.079, 0.096, 0.149
86.760, -0.200, 0.500, -0.083, 0.108, 0.150
86.780, -0.200, 0.500, -0.087, 0.120, 0.150
86.800, -0.200, 0.500, -0.091, 0.130, 0.149
86.820, -0.200, 0.500, -0.094, 0.139, 0.147
86.840, -0.200, 0.500, -0.095, 0.146, 0.145
86.860, -0.200, 0.500, -0.096, 0.152, 0.142
86.880, -0.200, 0.500, -0.096, 0.155, 0.140
86.900, -0.200, 0.500, -0.095, 0.156, 0.138
86.920, -0.200, 0.500, -0.095, 0.155, 0.136
86.940, -0.200, 0.500, -0.095, 0.154, 0.134
86.960, -0.200, 0.500, -0.096, 0.151, 0.134
86.980, -0.200, 0.500, -0.098, 0.147, 0.135
87.000, -0.200, 0.500, -0.100, 0.144, 0.136
87.020, -0.200, 0.500, -0.101, 0.141, 0.137
87.040, -0.200, 0.500, -0.102, 0.139, 0.138
87.060, -0.200, 0.500, -0.103, 0.137, 0.138
87.080, -0.200, 0.500, -0.103, 0.135, 0.138
87.100, -0.200, 0.500, -0.103, 0.133, 0.139
87.120, -0.200, 0.500, -0.104, 0.131, 0.140
87.140, -0.200, 0.500, -0.104, 0.128, 0.142
87.160, -0.200, 0.500, -0.104, 0.125, 0.145
87.180, -0.200, 0.500, -0.102, 0.122, 0.148
87.200, -0.200, 0.500, -0.099, 0.118, 0.150
87.220, -0.200, 0.500, -0.094, 0.114, 0.150
87.240, -0.200, 0.500, -0.089, 0.112, 0.149
87.260, -0.200, 0.500, -0.086, 0.115, 0.150
87.280, -0.200, 0.500, -0.085, 0.120, 0.150
87.300, -0.200, 0.500, -0.085, 0.129, 0.152
87.320, -0.200, 0.500, -0.086, 0.141, 0.154
87.340, -0.200, 0.500, -0.087, 0.154, 0.156
87.360, -0.200, 0.500, -0.088, 0.169, 0.157
87.380, -0.200, 0.500, -0.089, 0.185, 0.157
87.400, -0.200, 0.500, -0.089, 0.200, 0.156
87.420, -0.200, 0.500, -0.089, 0.215, 0.154
87.440, -0.200, 0.500, -0.089, 0.228, 0.152
87.460, -0.200, 0.500, -0.089, 0.240, 0.151
87.480, -0.200, 0.500, -0.087, 0.249, 0.151
87.500, -0.200, 0.500, -0.085, 0.256, 0.149
87.520, -0.200, 0.500, -0.082, 0.262, 0.147
87.540, -0.200, 0.500, -0.078, 0.266, 0.143
87.560, -0.200, 0.500, -0.074, 0.269, 0.139
87.580, -0.200, 0.500, -0.070, 0.271, 0.134
87.600, -0.200, 0.500, -0.065, 0.272, 0.130
87.620, -0.200, 0.500, -0.060, 0.273, 0.126
87.640, -0.200, 0.500, -0.057, 0.275, 0.123
87.660, -0.200, 0.500, -0.054, 0.276, 0.122
87.680, -0.200, 0.500, -0.052, 0.278, 0.124
87.700, -0.200, 0.500, -0.049, 0.278, 0.126
87.720, -0.200, 0.500, -0.047, 0.278, 0.131
87.740, -0.200, 0.500, -0.044, 0.278, 0.136
87.760, -0.200, 0.500, -0.040, 0.277, 0.142
87.780, -0.200, 0.500, -0.036, 0.275, 0.148
87.800, -0.200, 0.500, -0.032, 0.273, 0.155
87.820, -0.200, 0.500, -0.028, 0.271, 0.164
87.840, -0.200, 0.500, -0.025, 0.268, 0.172
87.860, -0.200, 0.500, -0.021, 0.265, 0.179
87.880, -0.200, 0.500, -0.020, 0.264, 0.186
87.900, -0.200, 0.500, -0.022, 0.265, 0.190
87.920, -0.200, 0.500, -0.027, 0.270, 0.192
87.940, -0.200, 0.500, -0.034, 0.277, 0.191
87.960, -0.200, 0.500, -0.041, 0.285, 0.186
87.980, -0.200, 0.500, -0.049, 0.297, 0.179
88.000, -0.200, 0.500, -0.055, 0.311, 0.176
88.020, -0.200, 0.500, -0.062, 0.325, 0.174
88.040, -0.200, 0.500, -0.070, 0.339, 0.173
88.060, -0.200, 0.500, -0.079, 0.352, 0.171
88.080, -0.200, 0.500, -0.088, 0.363, 0.170
88.100, -0.200, 0.500, -0.097, 0.374, 0.167
88.120, -0.200, 0.500, -0.105, 0.382, 0.163
88.140, -0.200, 0.500, -0.113, 0.388, 0.158
88.160, -0.200, 0.500, -0.121, 0.392, 0.153
88.180, -0.200, 0.500, -0.129, 0.394, 0.148
88.200, -0.200, 0.500, -0.138, 0.394, 0.142
88.220, -0.200, 0.500, -0.148, 0.393, 0.136
88.240, -0.200, 0.500, -0.155, 0.393, 0.133
88.260, -0.200, 0.500, -0.163, 0.389, 0.132
88.280, -0.200, 0.500, -0.168, 0.384, 0.135
88.300, -0.200, 0.500, -0.172, 0.380, 0.137
88.320, -0.200, 0.500, -0.175, 0.377, 0.139
88.340, -0.200, 0.500, -0.177, 0.374, 0.140
88.360, -0.200, 0.500, -0.177, 0.372, 0.141
88.380, -0.200, 0.500, -0.175, 0.370, 0.141
88.400, -0.200, 0.500, -0.173, 0.369, 0.140
88.420, -0.200, 0.500, -0.172, 0.368, 0.140
88.440, -0.200, 0.500, -0.172, 0.368, 0.140
88.460, -0.200, 0.500, -0.173, 0.368, 0.142
88.480, -0.200, 0.500, -0.173, 0.368, 0.144
88.500, -0.200, 0.500, -0.171, 0.368, 0.146
88.520, -0.200, 0.500, -0.168, 0.368, 0.147
88.540, -0.200, 0.500, -0.165, 0.368, 0.147
88.560, -0.200, 0.500, -0.163, 0.369, 0.146
88.580, -0.200, 0.500, -0.164, 0.373, 0.146
88.600, -0.200, 0.500, -0.166, 0.380, 0.147
88.620, -0.200, 0.500, -0.170, 0.390, 0.149
88.640, -0.200, 0.500, -0.175, 0.402, 0.152
88.660, -0.200, 0.500, -0.179, 0.416, 0.155
88.680, -0.200, 0.500, -0.182, 0.431, 0.158
88.700, -0.200, 0.500, -0.184, 0.446, 0.161
88.720, -0.200, 0.500, -0.186, 0.461, 0.162
88.740, -0.200, 0.500, -0.185, 0.476, 0.163
88.760, -0.200, 0.500, -0.184, 0.491, 0.163
88.780, -0.200, 0.500, -0.181, 0.504, 0.163
88.800, -0.200, 0.500, -0.178, 0.515, 0.160
88.820, -0.200, 0.500, -0.175, 0.525, 0.158
88.840, -0.200, 0.500, -0.172, 0.533, 0.156
88.860, -0.200, 0.500, -0.169, 0.540, 0.153
88.880, -0.200, 0.500, -0.165, 0.545, 0.149
88.900, -0.200, 0.500, -0.161, 0.549, 0.146
88.920, -0.200, 0.500, -0.157, 0.552, 0.143
88.940, -0.200, 0.500, -0.152, 0.555, 0.138
88.960, -0.200, 0.500, -0.148, 0.558, 0.135
88.980, -0.200, 0.500, -0.145, 0.560, 0.134
89.000, -0.200, 0.500, -0.144, 0.562, 0.134
89.020, -0.200, 0.500, -0.142, 0.563, 0.136
89.040, -0.200, 0.500, -0.140, 0.564, 0.140
89.060, -0.200, 0.500, -0.138, 0.564, 0.144
89.080, -0.200, 0.500, -0.135, 0.564, 0.149
89.100, -0.200, 0.500, -0.131, 0.564, 0.155
89.120, -0.200, 0.500, -0.126, 0.563, 0.161
89.140, -0.200, 0.500, -0.122, 0.562, 0.169
89.160, -0.200, 0.500, -0.116, 0.560, 0.176
89.180, -0.200, 0.500, -0.112, 0.557, 0.182
89.200, -0.200, 0.500, -0.111, 0.557, 0.186
89.220, -0.200, 0.500, -0.112, 0.558, 0.187
89.240, -0.200, 0.500, -0.117, 0.559, 0.188
89.260, -0.200, 0.500, -0.125, 0.564, 0.189
89.280, -0.200, 0.500, -0.134, 0.571, 0.186
89.300, -0.200, 0.500, -0.145, 0.581, 0.182
89.320, -0.200, 0.500, -0.155, 0.593, 0.177
89.340, -0.200, 0.500, -0.164, 0.606, 0.174
89.360, -0.200, 0.500, -0.174, 0.619, 0.172
89.380, -0.200, 0.500, -0.184, 0.631, 0.169
89.400, -0.200, 0.500, -0.193, 0.641, 0.166
89.420, -0.200, 0.500, -0.202, 0.649, 0.163
89.440, -0.200, 0.500, -0.210, 0.655, 0.160
89.460, -0.200, 0.500, -0.217, 0.659, 0.156
89.480, -0.200, 0.500, -0.224, 0.660, 0.151
89.500, -0.200, 0.500, -0.232, 0.660, 0.147
89.520, -0.200, 0.500, -0.240, 0.658, 0.141
89.540, -0.200, 0.500, -0.248, 0.655, 0.136
89.560, -0.200, 0.500, -0.254, 0.652, 0.133
89.580, -0.200, 0.500, -0.260, 0.648, 0.130
89.600, -0.200, 0.500, -0.265, 0.642, 0.131
89.620, -0.200, 0.500, -0.269, 0.637, 0.134
89.640, -0.200, 0.500, -0.272, 0.633, 0.136
89.660, -0.200, 0.500, -0.274, 0.630, 0.137
89.680, -0.200, 0.500, -0.274, 0.628, 0.139
89.700, -0.200, 0.500, -0.274, 0.627, 0.139
89.720, -0.200, 0.500, -0.273, 0.627, 0.140
89.740, -0.200, 0.500, -0.272, 0.628, 0.140
89.760, -0.200, 0.500, -0.272, 0.629, 0.141
89.780, -0.200, 0.500, -0.273, 0.631, 0.144
89.800, -0.200, 0.500, -0.272, 0.632, 0.146
89.820, -0.200, 0.500, -0.270, 0.634, 0.147
89.840, -0.200, 0.500, -0.268, 0.636, 0.148
89.860, -0.200, 0.500, -0.268, 0.640, 0.149
89.880, -0.200, 0.500, -0.270, 0.645, 0.149
89.900, -0.200, 0.500, -0.273, 0.651, 0.149
89.920, -0.200, 0.500, -0.278, 0.660, 0.150
89.940, -0.200, 0.500, -0.284, 0.671, 0.151
89.960, -0.200, 0.500, -0.291, 0.684, 0.151
89.980, -0.200, 0.500, -0.299, 0.696, 0.153
90.000, -0.200, 0.500, -0.306, 0.709, 0.154
90.020, -0.200, 0.500, -0.314, 0.720, 0.155
90.040, -0.200, 0.500, -0.319, 0.731, 0.157
90.060, -0.200, 0.500, -0.324, 0.741, 0.158
90.080, -0.200, 0.500, -0.327, 0.750, 0.159
90.100, -0.200, 0.500, -0.328, 0.757, 0.159
90.120, -0.200, 0.500, -0.328, 0.762, 0.159
90.140, -0.200, 0.500, -0.326, 0.767, 0.158
90.160, -0.200, 0.500, -0.323, 0.770, 0.156
90.180, -0.200, 0.500, -0.319, 0.772, 0.154
90.200, -0.200, 0.500, -0.315, 0.774, 0.152
90.220, -0.200, 0.500, -0.309, 0.776, 0.150
90.240, -0.200, 0.500, -0.304, 0.777, 0.148
90.260, -0.200, 0.500, -0.299, 0.779, 0.145
92.300, -0.100, 0.500, 0.000, 0.000, 0.227
92.320, -0.100, 0.500, 0.002, -0.001, 0.220
92.340, -0.100, 0.500, -0.000, -0.000, 0.213
92.360, -0.100, 0.500, -0.003, 0.002, 0.205
92.380, -0.100, 0.500, -0.007, 0.005, 0.196
92.400, -0.100, 0.500, -0.011, 0.010, 0.188
92.420, -0.100, 0.500, -0.016, 0.015, 0.179
92.440, -0.100, 0.500, -0.020, 0.021, 0.172
92.460, -0.100, 0.500, -0.027, 0.026, 0.166
92.480, -0.100, 0.500, -0.034, 0.030, 0.162
92.500, -0.100, 0.500, -0.042, 0.033, 0.160
92.520, -0.100, 0.500, -0.048, 0.036, 0.160
92.540, -0.100, 0.500, -0.054, 0.037, 0.161
92.560, -0.100, 0.500, -0.057, 0.036, 0.162
92.580, -0.100, 0.500, -0.058, 0.034, 0.164
92.600, -0.100, 0.500, -0.058, 0.032, 0.166
92.620, -0.100, 0.500, -0.058, 0.033, 0.166
92.640, -0.100, 0.500, -0.058, 0.036, 0.164
92.660, -0.100, 0.500, -0.059, 0.043, 0.159
92.680, -0.100, 0.500, -0.060, 0.054, 0.154
92.700, -0.100, 0.500, -0.062, 0.067, 0.151
92.720, -0.100, 0.500, -0.062, 0.080, 0.148
92.740, -0.100, 0.500, -0.063, 0.093, 0.148
92.760, -0.100, 0.500, -0.066, 0.106, 0.148
92.780, -0.100, 0.500, -0.070, 0.119, 0.149
92.800, -0.100, 0.500, -0.073, 0.131, 0.149
92.820, -0.100, 0.500, -0.076, 0.143, 0.148
92.840, -0.100, 0.500, -0.077, 0.153, 0.147
92.860, -0.100, 0.500, -0.078, 0.162, 0.145
92.880, -0.100, 0.500, -0.078, 0.168, 0.143
92.900, -0.100, 0.500, -0.077, 0.173, 0.140
92.920, -0.100, 0.500, -0.076, 0.176, 0.138
92.940, -0.100, 0.500, -0.075, 0.177, 0.136
92.960, -0.100, 0.500, -0.073, 0.175, 0.137
92.980, -0.100, 0.500, -0.072, 0.173, 0.138
93.000, -0.100, 0.500, -0.072, 0.170, 0.138
93.020, -0.100, 0.500, -0.073, 0.167, 0.138
93.040, -0.100, 0.500, -0.074, 0.163, 0.138
93.060, -0.100, 0.500, -0.076, 0.159, 0.138
93.080, -0.100, 0.500, -0.079, 0.154, 0.138
93.100, -0.100, 0.500, -0.081, 0.149, 0.137
93.120, -0.100, 0.500, -0.085, 0.143, 0.136
93.140, -0.100, 0.500, -0.087, 0.139, 0.139
93.160, -0.100, 0.500, -0.089, 0.134, 0.142
93.180, -0.100, 0.500, -0.090, 0.130, 0.146
93.200, -0.100, 0.500, -0.088, 0.126, 0.150
93.220, -0.100, 0.500, -0.083, 0.121, 0.152
93.240, -0.100, 0.500, -0.076, 0.117, 0.152
93.260, -0.100, 0.500, -0.071, 0.115, 0.152
93.280, -0.100, 0.500, -0.066, 0.116, 0.151
93.300, -0.100, 0.500, -0.063, 0.121, 0.153
93.320, -0.100, 0.500, -0.062, 0.130, 0.154
93.340, -0.100, 0.500, -0.061, 0.141, 0.157
93.360, -0.100, 0.500, -0.060, 0.154, 0.160
93.380, -0.100, 0.500, -0.060, 0.169, 0.162
93.400, -0.100, 0.500, -0.059, 0.185, 0.163
93.420, -0.100, 0.500, -0.058, 0.200, 0.163
93.440, -0.100, 0.500, -0.058, 0.216, 0.162
93.460, -0.100, 0.500, -0.058, 0.230, 0.159
93.480, -0.100, 0.500, -0.058, 0.242, 0.154
93.500, -0.100, 0.500, -0.059, 0.252, 0.151
93.520, -0.100, 0.500, -0.059, 0.259, 0.150
93.540, -0.100, 0.500, -0.058, 0.265, 0.148
93.560, -0.100, 0.500, -0.055, 0.269, 0.145
93.580, -0.100, 0.500, -0.052, 0.271, 0.142
93.600, -0.100, 0.500, -0.048, 0.273, 0.138
93.620, -0.100, 0.500, -0.044, 0.274, 0.133
93.640, -0.100, 0.500, -0.040, 0.274, 0.129
93.660, -0.100, 0.500, -0.037, 0.275, 0.126
93.680, -0.100, 0.500, -0.035, 0.277, 0.125
93.700, -0.100, 0.500, -0.032, 0.278, 0.126
93.720, -0.100, 0.500, -0.029, 0.279, 0.128
93.740, -0.100, 0.500, -0.027, 0.279, 0.131
93.760, -0.100, 0.500, -0.023, 0.279, 0.136
93.780, -0.100, 0.500, -0.019, 0.278, 0.141
93.800, -0.100, 0.500, -0.015, 0.277, 0.148
93.820, -0.100, 0.500, -0.012, 0.276, 0.156
93.840, -0.100, 0.500, -0.008, 0.274, 0.164
93.860, -0.100, 0.500, -0.003, 0.271, 0.173
93.880, -0.100, 0.500, 0.000, 0.268, 0.181
93.900, -0.100, 0.500, 0.002, 0.268, 0.188
93.920, -0.100, 0.500, 0.001, 0.270, 0.193
93.940, -0.100, 0.500, -0.003, 0.276, 0.195
93.960, -0.100, 0.500, -0.007, 0.283, 0.193
93.980, -0.100, 0.500, -0.013, 0.292, 0.188
94.000, -0.100, 0.500, -0.019, 0.304, 0.182
94.020, -0.100, 0.500, -0.023, 0.319, 0.178
94.040, -0.100, 0.500, -0.028, 0.335, 0.176
94.060, -0.100, 0.500, -0.034, 0.350, 0.173
94.080, -0.100, 0.500, -0.040, 0.363, 0.172
94.100, -0.100, 0.500, -0.047, 0.375, 0.170
94.120, -0.100, 0.500, -0.053, 0.386, 0.169
94.140, -0.100, 0.500, -0.058, 0.394, 0.166
94.160, -0.100, 0.500, -0.064, 0.400, 0.162
94.180, -0.100, 0.500, -0.070, 0.404, 0.158
94.200, -0.100, 0.500, -0.077, 0.407, 0.153
94.220, -0.100, 0.500, -0.084, 0.408, 0.148
94.240, -0.100, 0.500, -0.093, 0.409, 0.143
94.260, -0.100, 0.500, -0.103, 0.408, 0.137
94.280, -0.100, 0.500, -0.111, 0.404, 0.138
94.300, -0.100, 0.500, -0.117, 0.400, 0.138
94.320, -0.100, 0.500, -0.122, 0.396, 0.139
94.340, -0.100, 0.500, -0.125, 0.393, 0.139
94.360, -0.100, 0.500, -0.127, 0.389, 0.139
94.380, -0.100, 0.500, -0.128, 0.387, 0.140
94.400, -0.100, 0.500, -0.127, 0.385, 0.141
94.420, -0.100, 0.500, -0.125, 0.385, 0.143
94.440, -0.100, 0.500, -0.123, 0.385, 0.144
94.460, -0.100, 0.500, -0.120, 0.386, 0.146
94.480, -0.100, 0.500, -0.119, 0.386, 0.148
94.500, -0.100, 0.500, -0.119, 0.385, 0.152
94.520, -0.100, 0.500, -0.117, 0.383, 0.154
94.540, -0.100, 0.500, -0.114, 0.381, 0.155
94.560, -0.100, 0.500, -0.112, 0.380, 0.155
94.580, -0.100, 0.500, -0.111, 0.382, 0.155
94.600, -0.100, 0.500, -0.110, 0.385, 0.155
94.620, -0.100, 0.500, -0.112, 0.392, 0.156
94.640, -0.100, 0.500, -0.114, 0.401, 0.158
94.660, -0.100, 0.500, -0.116, 0.412, 0.161
94.680, -0.100, 0.500, -0.118, 0.424, 0.163
94.700, -0.100, 0.500, -0.121, 0.438, 0.166
94.720, -0.100, 0.500, -0.123, 0.451, 0.169
94.740, -0.100, 0.500, -0.125, 0.465, 0.171
94.760, -0.100, 0.500, -0.127, 0.479, 0.172
94.780, -0.100, 0.500, -0.128, 0.492, 0.173
94.800, -0.100, 0.500, -0.128, 0.503, 0.173
94.820, -0.100, 0.500, -0.128, 0.514, 0.173
94.840, -0.100, 0.500, -0.127, 0.524, 0.171
94.860, -0.100, 0.500, -0.125, 0.533, 0.169
94.880, -0.100, 0.500, -0.123, 0.540, 0.166
94.900, -0.100, 0.500, -0.119, 0.546, 0.164
94.920, -0.100, 0.500, -0.115, 0.550, 0.161
94.940, -0.100, 0.500, -0.111, 0.554, 0.159
94.960, -0.100, 0.500, -0.105, 0.557, 0.156
94.980, -0.100, 0.500, -0.099, 0.560, 0.154
95.000, -0.100, 0.500, -0.093, 0.563, 0.151
95.020, -0.100, 0.500, -0.089, 0.566, 0.149
95.040, -0.100, 0.500, -0.086, 0.568, 0.149
95.060, -0.100, 0.500, -0.084, 0.570, 0.150
95.080, -0.100, 0.500, -0.081, 0.571, 0.153
95.100, -0.100, 0.500, -0.078, 0.572, 0.158
95.120, -0.100, 0.500, -0.075, 0.572, 0.162
95.140, -0.100, 0.500, -0.071, 0.571, 0.169
95.160, -0.100, 0.500, -0.066, 0.570, 0.175
95.180, -0.100, 0.500, -0.061, 0.568, 0.181
95.200, -0.100, 0.500, -0.056, 0.566, 0.186
95.220, -0.100, 0.500, -0.054, 0.565, 0.189
95.240, -0.100, 0.500, -0.054, 0.567, 0.191
95.260, -0.100, 0.500, -0.058, 0.572, 0.191
95.280, -0.100, 0.500, -0.063, 0.580, 0.189
95.300, -0.100, 0.500, -0.070, 0.590, 0.185
95.320, -0.100, 0.500, -0.075, 0.604, 0.182
95.340, -0.100, 0.500, -0.082, 0.619, 0.180
95.360, -0.100, 0.500, -0.090, 0.633, 0.179
95.380, -0.100, 0.500, -0.098, 0.647, 0.179
95.400, -0.100, 0.500, -0.105, 0.660, 0.179
95.420, -0.100, 0.500, -0.112, 0.671, 0.178
95.440, -0.100, 0.500, -0.118, 0.680, 0.176
95.460, -0.100, 0.500, -0.123, 0.687, 0.173
95.480, -0.100, 0.500, -0.127, 0.691, 0.170
95.500, -0.100, 0.500, -0.132, 0.693, 0.166
95.520, -0.100, 0.500, -0.137, 0.693, 0.163
95.540, -0.100, 0.500, -0.142, 0.690, 0.159
95.560, -0.100, 0.500, -0.148, 0.687, 0.155
95.580, -0.100, 0.500, -0.155, 0.682, 0.151
95.600, -0.100, 0.500, -0.162, 0.676, 0.147
95.620, -0.100, 0.500, -0.169, 0.671, 0.141
95.640, -0.100, 0.500, -0.177, 0.666, 0.138
95.660, -0.100, 0.500, -0.184, 0.661, 0.139
95.680, -0.100, 0.500, -0.190, 0.655, 0.142
95.700, -0.100, 0.500, -0.193, 0.649, 0.144
95.720, -0.100, 0.500, -0.195, 0.644, 0.146
95.740, -0.100, 0.500, -0.196, 0.640, 0.148
95.760, -0.100, 0.500, -0.195, 0.638, 0.149
95.780, -0.100, 0.500, -0.195, 0.637, 0.151
95.800, -0.100, 0.500, -0.194, 0.637, 0.152
95.820, -0.100, 0.500, -0.193, 0.638, 0.153
95.840, -0.100, 0.500, -0.191, 0.639, 0.153
95.860, -0.100, 0.500, -0.189, 0.640, 0.153
95.880, -0.100, 0.500, -0.187, 0.640, 0.152
95.900, -0.100, 0.500, -0.188, 0.642, 0.151
95.920, -0.100, 0.500, -0.190, 0.647, 0.151
95.940, -0.100, 0.500, -0.193, 0.654, 0.152
95.960, -0.100, 0.500, -0.197, 0.664, 0.154
95.980, -0.100, 0.500, -0.200, 0.676, 0.156
96.000, -0.100, 0.500, -0.203, 0.688, 0.158
96.020, -0.100, 0.500, -0.205, 0.702, 0.160
96.040, -0.100, 0.500, -0.207, 0.715, 0.162
96.060, -0.100, 0.500, -0.208, 0.729, 0.163
96.080, -0.100, 0.500, -0.207, 0.742, 0.165
96.100, -0.100, 0.500, -0.206, 0.755, 0.166
96.120, -0.100, 0.500, -0.203, 0.767, 0.166
96.140, -0.100, 0.500, -0.201, 0.778, 0.165
96.160, -0.100, 0.500, -0.198, 0.789, 0.162
96.180, -0.100, 0.500, -0.196, 0.798, 0.158
96.200, -0.100, 0.500, -0.195, 0.805, 0.156
96.220, -0.100, 0.500, -0.193, 0.811, 0.153
96.240, -0.100, 0.500, -0.192, 0.816, 0.151
96.260, -0.100, 0.500, -0.189, 0.820, 0.149
96.280, -0.100, 0.500, -0.186, 0.823, 0.147
98.320, -0.000, 0.500, 0.000, 0.000, 0.227
98.340, -0.000, 0.500, 0.002, -0.001, 0.220
98.360, -0.000, 0.500, 0.001, -0.001, 0.211
98.380, -0.000, 0.500, -0.002, 0.001, 0.203
98.400, -0.000, 0.500, -0.006, 0.005, 0.195
98.420, -0.000, 0.500, -0.010, 0.009, 0.187
98.440, -0.000, 0.500, -0.013, 0.014, 0.180
98.460, -0.000, 0.500, -0.017, 0.020, 0.173
98.480, -0.000, 0.500, -0.022, 0.025, 0.168
98.500, -0.000, 0.500, -0.028, 0.030, 0.165
98.520, -0.000, 0.500, -0.034, 0.033, 0.164
98.540, -0.000, 0.500, -0.040, 0.036, 0.164
98.560, -0.000, 0.500, -0.046, 0.037, 0.166
98.580, -0.000, 0.500, -0.049, 0.037, 0.167
98.600, -0.000, 0.500, -0.050, 0.036, 0.168
98.620, -0.000, 0.500, -0.051, 0.036, 0.169
98.640, -0.000, 0.500, -0.051, 0.036, 0.168
98.660, -0.000, 0.500, -0.051, 0.039, 0.166
98.680, -0.000, 0.500, -0.051, 0.046, 0.160
98.700, -0.000, 0.500, -0.051, 0.056, 0.155
98.720, -0.000, 0.500, -0.050, 0.069, 0.151
98.740, -0.000, 0.500, -0.048, 0.083, 0.148
98.760, -0.000, 0.500, -0.049, 0.096, 0.148
98.780, -0.000, 0.500, -0.052, 0.109, 0.149
98.800, -0.000, 0.500, -0.054, 0.124, 0.149
98.820, -0.000, 0.500, -0.056, 0.138, 0.149
98.840, -0.000, 0.500, -0.057, 0.151, 0.149
98.860, -0.000, 0.500, -0.058, 0.164, 0.147
98.880, -0.000, 0.500, -0.057, 0.174, 0.145
98.900, -0.000, 0.500, -0.056, 0.183, 0.143
98.920, -0.000, 0.500, -0.054, 0.190, 0.140
98.940, -0.000, 0.500, -0.052, 0.195, 0.137
98.960, -0.000, 0.500, -0.048, 0.195, 0.138
98.980, -0.000, 0.500, -0.045, 0.195, 0.139
99.000, -0.000, 0.500, -0.043, 0.194, 0.140
99.020, -0.000, 0.500, -0.042, 0.192, 0.141
99.040, -0.000, 0.500, -0.043, 0.190, 0.142
99.060, -0.000, 0.500, -0.044, 0.188, 0.143
99.080, -0.000, 0.500, -0.046, 0.185, 0.144
99.100, -0.000, 0.500, -0.048, 0.181, 0.145
99.120, -0.000, 0.500, -0.051, 0.176, 0.145
99.140, -0.000, 0.500, -0.055, 0.170, 0.145
99.160, -0.000, 0.500, -0.059, 0.164, 0.145
99.180, -0.000, 0.500, -0.063, 0.158, 0.146
99.200, -0.000, 0.500, -0.067, 0.152, 0.146
99.220, -0.000, 0.500, -0.070, 0.144, 0.146
99.240, -0.000, 0.500, -0.071, 0.137, 0.148
99.260, -0.000, 0.500, -0.069, 0.132, 0.150
99.280, -0.000, 0.500, -0.065, 0.128, 0.149
99.300, -0.000, 0.500, -0.062, 0.128, 0.149
99.320, -0.000, 0.500, -0.058, 0.130, 0.148
99.340, -0.000, 0.500, -0.055, 0.137, 0.150
99.360, -0.000, 0.500, -0.052, 0.146, 0.152
99.380, -0.000, 0.500, -0.048, 0.157, 0.155
99.400, -0.000, 0.500, -0.045, 0.169, 0.159
99.420, -0.000, 0.500, -0.041, 0.183, 0.163
99.440, -0.000, 0.500, -0.037, 0.196, 0.165
99.460, -0.000, 0.500, -0.033, 0.210, 0.166
99.480, -0.000, 0.500, -0.029, 0.225, 0.165
99.500, -0.000, 0.500, -0.027, 0.238, 0.162
99.520, -0.000, 0.500, -0.026, 0.250, 0.158
99.540, -0.000, 0.500, -0.026, 0.261, 0.154
99.560, -0.000, 0.500, -0.026, 0.271, 0.148
99.580, -0.000, 0.500, -0.027, 0.278, 0.142
99.600, -0.000, 0.500, -0.026, 0.283, 0.140
99.620, -0.000, 0.500, -0.024, 0.286, 0.137
99.640, -0.000, 0.500, -0.021, 0.286, 0.134
99.660, -0.000, 0.500, -0.017, 0.286, 0.131
99.680, -0.000, 0.500, -0.014, 0.285, 0.127
99.700, -0.000, 0.500, -0.011, 0.286, 0.125
99.720, -0.000, 0.500, -0.008, 0.287, 0.125
99.740, -0.000, 0.500, -0.005, 0.287, 0.126
99.760, -0.000, 0.500, -0.002, 0.288, 0.128
99.780, -0.000, 0.500, 0.003, 0.288, 0.132
99.800, -0.000, 0.500, 0.007, 0.288, 0.137
99.820, -0.000, 0.500, 0.012, 0.287, 0.144
99.840, -0.000, 0.500, 0.017, 0.286, 0.152
99.860, -0.000, 0.500, 0.023, 0.285, 0.161
99.880, -0.000, 0.500, 0.029, 0.283, 0.170
99.900, -0.000, 0.500, 0.034, 0.280, 0.179
99.920, -0.000, 0.500, 0.038, 0.280, 0.186
99.940, -0.000, 0.500, 0.039, 0.283, 0.193
99.960, -0.000, 0.500, 0.038, 0.288, 0.196
99.980, -0.000, 0.500, 0.036, 0.295, 0.196
100.000, -0.000, 0.500, 0.034, 0.305, 0.191
100.020, -0.000, 0.500, 0.033, 0.318, 0.187
100.040, -0.000, 0.500, 0.033, 0.334, 0.182
100.060, -0.000, 0.500, 0.031, 0.350, 0.179
100.080, -0.000, 0.500, 0.029, 0.366, 0.177
100.100, -0.000, 0.500, 0.025, 0.380, 0.175
100.120, -0.000, 0.500, 0.022, 0.393, 0.174
100.140, -0.000, 0.500, 0.018, 0.404, 0.172
100.160, -0.000, 0.500, 0.015, 0.413, 0.170
100.180, -0.000, 0.500, 0.011, 0.419, 0.167
100.200, -0.000, 0.500, 0.007, 0.423, 0.163
100.220, -0.000, 0.500, 0.003, 0.425, 0.159
100.240, -0.000, 0.500, -0.003, 0.426, 0.156
100.260, -0.000, 0.500, -0.010, 0.425, 0.152
100.280, -0.000, 0.500, -0.018, 0.423, 0.149
100.300, -0.000, 0.500, -0.027, 0.420, 0.145
100.320, -0.000, 0.500, -0.037, 0.417, 0.140
100.340, -0.000, 0.500, -0.045, 0.412, 0.141
100.360, -0.000, 0.500, -0.053, 0.407, 0.142
100.380, -0.000, 0.500, -0.059, 0.402, 0.143
100.400, -0.000, 0.500, -0.064, 0.397, 0.143
100.420, -0.000, 0.500, -0.067, 0.393, 0.144
100.440, -0.000, 0.500, -0.069, 0.390, 0.145
100.460, -0.000, 0.500, -0.068, 0.388, 0.147
100.480, -0.000, 0.500, -0.066, 0.387, 0.148
100.500, -0.000, 0.500, -0.063, 0.387, 0.149
100.520, -0.000, 0.500, -0.061, 0.387, 0.152
100.540, -0.000, 0.500, -0.059, 0.387, 0.153
100.560, -0.000, 0.500, -0.056, 0.386, 0.154
100.580, -0.000, 0.500, -0.053, 0.385, 0.154
100.600, -0.000, 0.500, -0.051, 0.386, 0.153
100.620, -0.000, 0.500, -0.049, 0.389, 0.154
100.640, -0.000, 0.500, -0.048, 0.395, 0.154
100.660, -0.000, 0.500, -0.047, 0.404, 0.156
100.680, -0.000, 0.500, -0.046, 0.415, 0.159
100.700, -0.000, 0.500, -0.045, 0.427, 0.161
100.720, -0.000, 0.500, -0.044, 0.441, 0.164
100.740, -0.000, 0.500, -0.044, 0.454, 0.167
100.760, -0.000, 0.500, -0.043, 0.468, 0.169
100.780, -0.000, 0.500, -0.043, 0.481, 0.170
100.800, -0.000, 0.500, -0.043, 0.494, 0.171
100.820, -0.000, 0.500, -0.043, 0.505, 0.172
100.840, -0.000, 0.500, -0.042, 0.515, 0.171
100.860, -0.000, 0.500, -0.040, 0.523, 0.169
100.880, -0.000, 0.500, -0.038, 0.530, 0.168
100.900, -0.000, 0.500, -0.036, 0.536, 0.166
100.920, -0.000, 0.500, -0.033, 0.540, 0.163
100.940, -0.000, 0.500, -0.029, 0.544, 0.160
100.960, -0.000, 0.500, -0.026, 0.546, 0.158
100.980, -0.000, 0.500, -0.021, 0.548, 0.156
101.000, -0.000, 0.500, -0.016, 0.549, 0.154
101.020, -0.000, 0.500, -0.011, 0.550, 0.152
101.040, -0.000, 0.500, -0.006, 0.552, 0.149
101.060, -0.000, 0.500, -0.002, 0.554, 0.149
101.080, -0.000, 0.500, 0.001, 0.555, 0.150
101.100, -0.000, 0.500, 0.004, 0.556, 0.153
101.120, -0.000, 0.500, 0.008, 0.556, 0.156
101.140, -0.000, 0.500, 0.011, 0.556, 0.162
101.160, -0.000, 0.500, 0.015, 0.555, 0.168
101.180, -0.000, 0.500, 0.020, 0.554, 0.175
101.200, -0.000, 0.500, 0.025, 0.552, 0.181
101.220, -0.000, 0.500, 0.030, 0.549, 0.186
101.240, -0.000, 0.500, 0.033, 0.550, 0.190
101.260, -0.000, 0.500, 0.033, 0.554, 0.192
101.280, -0.000, 0.500, 0.031, 0.561, 0.191
101.300, -0.000, 0.500, 0.028, 0.571, 0.189
101.320, -0.000, 0.500, 0.025, 0.583, 0.184
101.340, -0.000, 0.500, 0.024, 0.600, 0.182
101.360, -0.000, 0.500, 0.021, 0.617, 0.180
101.380, -0.000, 0.500, 0.017, 0.634, 0.178
101.400, -0.000, 0.500, 0.013, 0.650, 0.178
101.420, -0.000, 0.500, 0.008, 0.666, 0.178
101.440, -0.000, 0.500, 0.004, 0.678, 0.177
101.460, -0.000, 0.500, 0.000, 0.689, 0.175
101.480, -0.000, 0.500, -0.003, 0.696, 0.172
101.500, -0.000, 0.500, -0.006, 0.702, 0.170
101.520, -0.000, 0.500, -0.010, 0.704, 0.167
101.540, -0.000, 0.500, -0.013, 0.705, 0.164
101.560, -0.000, 0.500, -0.017, 0.703, 0.161
101.580, -0.000, 0.500, -0.023, 0.701, 0.158
101.600, -0.000, 0.500, -0.029, 0.697, 0.155
101.620, -0.000, 0.500, -0.036, 0.693, 0.151
101.640, -0.000, 0.500, -0.044, 0.689, 0.147
101.660, -0.000, 0.500, -0.052, 0.685, 0.143
101.680, -0.000, 0.500, -0.060, 0.679, 0.145
101.700, -0.000, 0.500, -0.066, 0.673, 0.146
101.720, -0.000, 0.500, -0.071, 0.668, 0.148
101.740, -0.000, 0.500, -0.075, 0.664, 0.149
101.760, -0.000, 0.500, -0.076, 0.660, 0.150
101.780, -0.000, 0.500, -0.077, 0.657, 0.151
101.800, -0.000, 0.500, -0.077, 0.655, 0.152
101.820, -0.000, 0.500, -0.076, 0.654, 0.154
101.840, -0.000, 0.500, -0.075, 0.654, 0.155
101.860, -0.000, 0.500, -0.073, 0.652, 0.156
101.880, -0.000, 0.500, -0.070, 0.651, 0.156
101.900, -0.000, 0.500, -0.067, 0.650, 0.155
101.920, -0.000, 0.500, -0.065, 0.651, 0.155
101.940, -0.000, 0.500, -0.064, 0.656, 0.155
101.960, -0.000, 0.500, -0.064, 0.663, 0.156
101.980, -0.000, 0.500, -0.064, 0.672, 0.157
102.000, -0.000, 0.500, -0.064, 0.682, 0.159
102.020, -0.000, 0.500, -0.064, 0.694, 0.162
102.040, -0.000, 0.500, -0.065, 0.707, 0.165
102.060, -0.000, 0.500, -0.065, 0.720, 0.167
102.080, -0.000, 0.500, -0.065, 0.733, 0.169
102.100, -0.000, 0.500, -0.065, 0.746, 0.170
102.120, -0.000, 0.500, -0.064, 0.757, 0.171
102.140, -0.000, 0.500, -0.063, 0.768, 0.171
102.160, -0.000, 0.500, -0.061, 0.779, 0.170
102.180, -0.000, 0.500, -0.059, 0.788, 0.168
102.200, -0.000, 0.500, -0.057, 0.795, 0.166
102.220, -0.000, 0.500, -0.054, 0.802, 0.163
102.240, -0.000, 0.500, -0.051, 0.807, 0.160
102.260, -0.000, 0.500, -0.047, 0.811, 0.158
102.280, -0.000, 0.500, -0.043, 0.814, 0.156
102.300, -0.000, 0.500, -0.039, 0.817, 0.154
104.340, 0.100, 0.500, 0.000, 0.000, 0.227
104.360, 0.100, 0.500, 0.002, -0.001, 0.220
104.380, 0.100, 0.500, 0.001, -0.002, 0.211
104.400, 0.100, 0.500, -0.002, -0.000, 0.203
104.420, 0.100, 0.500, -0.005, 0.003, 0.195
104.440, 0.100, 0.500, -0.008, 0.008, 0.187
104.460, 0.100, 0.500, -0.011, 0.013, 0.179
104.480, 0.100, 0.500, -0.014, 0.018, 0.173
104.500, 0.100, 0.500, -0.017, 0.023, 0.168
104.520, 0.100, 0.500, -0.022, 0.027, 0.166
104.540, 0.100, 0.500, -0.028, 0.030, 0.165
104.560, 0.100, 0.500, -0.034, 0.033, 0.166
104.580, 0.100, 0.500, -0.038, 0.035, 0.168
104.600, 0.100, 0.500, -0.041, 0.036, 0.169
104.620, 0.100, 0.500, -0.042, 0.036, 0.170
104.640, 0.100, 0.500, -0.042, 0.036, 0.170
104.660, 0.100, 0.500, -0.043, 0.038, 0.169
104.680, 0.100, 0.500, -0.044, 0.042, 0.166
104.700, 0.100, 0.500, -0.044, 0.050, 0.160
104.720, 0.100, 0.500, -0.043, 0.061, 0.156
104.740, 0.100, 0.500, -0.041, 0.074, 0.151
104.760, 0.100, 0.500, -0.039, 0.087, 0.149
104.780, 0.100, 0.500, -0.039, 0.101, 0.149
104.800, 0.100, 0.500, -0.040, 0.117, 0.149
104.820, 0.100, 0.500, -0.042, 0.134, 0.149
104.840, 0.100, 0.500, -0.043, 0.150, 0.149
104.860, 0.100, 0.500, -0.043, 0.166, 0.147
104.880, 0.100, 0.500, -0.042, 0.180, 0.145
104.900, 0.100, 0.500, -0.040, 0.192, 0.142
104.920, 0.100, 0.500, -0.038, 0.203, 0.139
104.940, 0.100, 0.500, -0.034, 0.207, 0.140
104.960, 0.100, 0.500, -0.030, 0.209, 0.142
104.980, 0.100, 0.500, -0.026, 0.210, 0.142
105.000, 0.100, 0.500, -0.023, 0.210, 0.143
105.020, 0.100, 0.500, -0.021, 0.210, 0.143
105.040, 0.100, 0.500, -0.020, 0.210, 0.144
105.060, 0.100, 0.500, -0.019, 0.208, 0.145
105.080, 0.100, 0.500, -0.020, 0.207, 0.146
105.100, 0.100, 0.500, -0.021, 0.205, 0.147
105.120, 0.100, 0.500, -0.023, 0.202, 0.148
105.140, 0.100, 0.500, -0.026, 0.198, 0.149
105.160, 0.100, 0.500, -0.029, 0.194, 0.150
105.180, 0.100, 0.500, -0.033, 0.189, 0.151
105.200, 0.100, 0.500, -0.037, 0.183, 0.151
105.220, 0.100, 0.500, -0.042, 0.177, 0.152
105.240, 0.100, 0.500, -0.045, 0.169, 0.152
105.260, 0.100, 0.500, -0.048, 0.160, 0.151
105.280, 0.100, 0.500, -0.050, 0.151, 0.149
105.300, 0.100, 0.500, -0.049, 0.148, 0.149
105.320, 0.100, 0.500, -0.047, 0.147, 0.148
105.340, 0.100, 0.500, -0.045, 0.149, 0.148
105.360, 0.100, 0.500, -0.043, 0.155, 0.148
105.380, 0.100, 0.500, -0.040, 0.164, 0.149
105.400, 0.100, 0.500, -0.037, 0.175, 0.153
105.420, 0.100, 0.500, -0.033, 0.188, 0.157
105.440, 0.100, 0.500, -0.029, 0.201, 0.161
105.460, 0.100, 0.500, -0.024, 0.214, 0.165
105.480, 0.100, 0.500, -0.018, 0.228, 0.167
105.500, 0.100, 0.500, -0.013, 0.241, 0.168
105.520, 0.100, 0.500, -0.009, 0.254, 0.166
105.540, 0.100, 0.500, -0.005, 0.267, 0.163
105.560, 0.100, 0.500, -0.003, 0.278, 0.159
105.580, 0.100, 0.500, -0.002, 0.288, 0.154
105.600, 0.100, 0.500, -0.001, 0.296, 0.149
105.620, 0.100, 0.500, -0.000, 0.303, 0.143
105.640, 0.100, 0.500, -0.001, 0.308, 0.137
105.660, 0.100, 0.500, -0.000, 0.312, 0.133
105.680, 0.100, 0.500, 0.001, 0.313, 0.130
105.700, 0.100, 0.500, 0.003, 0.312, 0.127
105.720, 0.100, 0.500, 0.006, 0.311, 0.125
105.740, 0.100, 0.500, 0.009, 0.311, 0.124
105.760, 0.100, 0.500, 0.012, 0.312, 0.124
105.780, 0.100, 0.500, 0.016, 0.313, 0.127
105.800, 0.100, 0.500, 0.021, 0.313, 0.130
105.820, 0.100, 0.500, 0.027, 0.314, 0.135
105.840, 0.100, 0.500, 0.033, 0.314, 0.142
105.860, 0.100, 0.500, 0.039, 0.313, 0.150
105.880, 0.100, 0.500, 0.046, 0.313, 0.160
105.900, 0.100, 0.500, 0.054, 0.311, 0.170
105.920, 0.100, 0.500, 0.061, 0.308, 0.179
105.940, 0.100, 0.500, 0.066, 0.310, 0.186
105.960, 0.100, 0.500, 0.070, 0.312, 0.191
105.980, 0.100, 0.500, 0.070, 0.316, 0.196
106.000, 0.100, 0.500, 0.070, 0.322, 0.198
106.020, 0.100, 0.500, 0.069, 0.332, 0.197
106.040, 0.100, 0.500, 0.070, 0.344, 0.192
106.060, 0.100, 0.500, 0.072, 0.359, 0.187
106.080, 0.100, 0.500, 0.075, 0.376, 0.182
106.100, 0.100, 0.500, 0.078, 0.393, 0.179
106.120, 0.100, 0.500, 0.079, 0.408, 0.178
106.140, 0.100, 0.500, 0.079, 0.423, 0.177
106.160, 0.100, 0.500, 0.079, 0.435, 0.175
106.180, 0.100, 0.500, 0.078, 0.445, 0.173
106.200, 0.100, 0.500, 0.077, 0.453, 0.171
106.220, 0.100, 0.500, 0.076, 0.458, 0.167
106.240, 0.100, 0.500, 0.073, 0.461, 0.164
106.260, 0.100, 0.500, 0.070, 0.462, 0.161
106.280, 0.100, 0.500, 0.066, 0.462, 0.159
106.300, 0.100, 0.500, 0.060, 0.461, 0.157
106.320, 0.100, 0.500, 0.053, 0.458, 0.155
106.340, 0.100, 0.500, 0.046, 0.455, 0.152
106.360, 0.100, 0.500, 0.037, 0.452, 0.149
106.380, 0.100, 0.500, 0.027, 0.448, 0.150
106.400, 0.100, 0.500, 0.018, 0.444, 0.151
106.420, 0.100, 0.500, 0.010, 0.439, 0.153
106.440, 0.100, 0.500, 0.003, 0.435, 0.153
106.460, 0.100, 0.500, -0.002, 0.431, 0.154
106.480, 0.100, 0.500, -0.006, 0.427, 0.154
106.500, 0.100, 0.500, -0.008, 0.423, 0.155
106.520, 0.100, 0.500, -0.009, 0.420, 0.156
106.540, 0.100, 0.500, -0.008, 0.417, 0.157
106.560, 0.100, 0.500, -0.006, 0.413, 0.156
106.580, 0.100, 0.500, -0.003, 0.410, 0.156
106.600, 0.100, 0.500, 0.001, 0.407, 0.155
106.620, 0.100, 0.500, 0.005, 0.406, 0.155
106.640, 0.100, 0.500, 0.008, 0.408, 0.154
106.660, 0.100, 0.500, 0.011, 0.412, 0.154
106.680, 0.100, 0.500, 0.015, 0.419, 0.156
106.700, 0.100, 0.500, 0.019, 0.428, 0.158
106.720, 0.100, 0.500, 0.022, 0.439, 0.161
106.740, 0.100, 0.500, 0.026, 0.451, 0.164
106.760, 0.100, 0.500, 0.028, 0.463, 0.166
106.780, 0.100, 0.500, 0.031, 0.476, 0.168
106.800, 0.100, 0.500, 0.032, 0.488, 0.167
106.820, 0.100, 0.500, 0.031, 0.500, 0.166
106.840, 0.100, 0.500, 0.031, 0.511, 0.167
106.860, 0.100, 0.500, 0.030, 0.521, 0.167
106.880, 0.100, 0.500, 0.032, 0.529, 0.167
106.900, 0.100, 0.500, 0.034, 0.536, 0.165
106.920, 0.100, 0.500, 0.037, 0.542, 0.163
106.940, 0.100, 0.500, 0.040, 0.547, 0.161
106.960, 0.100, 0.500, 0.044, 0.550, 0.159
106.980, 0.100, 0.500, 0.048, 0.553, 0.156
107.000, 0.100, 0.500, 0.052, 0.555, 0.154
107.020, 0.100, 0.500, 0.056, 0.556, 0.152
107.040, 0.100, 0.500, 0.061, 0.556, 0.151
107.060, 0.100, 0.500, 0.066, 0.557, 0.149
107.080, 0.100, 0.500, 0.070, 0.558, 0.148
107.100, 0.100, 0.500, 0.074, 0.559, 0.148
107.120, 0.100, 0.500, 0.077, 0.560, 0.151
107.140, 0.100, 0.500, 0.080, 0.561, 0.154
107.160, 0.100, 0.500, 0.084, 0.560, 0.159
107.180, 0.100, 0.500, 0.087, 0.559, 0.166
107.200, 0.100, 0.500, 0.092, 0.558, 0.172
107.220, 0.100, 0.500, 0.097, 0.556, 0.178
107.240, 0.100, 0.500, 0.101, 0.553, 0.183
107.260, 0.100, 0.500, 0.104, 0.554, 0.187
107.280, 0.100, 0.500, 0.105, 0.558, 0.189
107.300, 0.100, 0.500, 0.105, 0.566, 0.189
107.320, 0.100, 0.500, 0.105, 0.576, 0.187
107.340, 0.100, 0.500, 0.106, 0.589, 0.183
107.360, 0.100, 0.500, 0.108, 0.606, 0.179
107.380, 0.100, 0.500, 0.110, 0.624, 0.177
107.400, 0.100, 0.500, 0.111, 0.642, 0.175
107.420, 0.100, 0.500, 0.110, 0.659, 0.175
107.440, 0.100, 0.500, 0.110, 0.675, 0.175
107.460, 0.100, 0.500, 0.109, 0.688, 0.174
107.480, 0.100, 0.500, 0.109, 0.700, 0.173
107.500, 0.100, 0.500, 0.108, 0.710, 0.170
107.520, 0.100, 0.500, 0.106, 0.716, 0.167
107.540, 0.100, 0.500, 0.104, 0.721, 0.164
107.560, 0.100, 0.500, 0.101, 0.723, 0.160
107.580, 0.100, 0.500, 0.096, 0.724, 0.157
107.600, 0.100, 0.500, 0.091, 0.723, 0.154
107.620, 0.100, 0.500, 0.084, 0.722, 0.151
107.640, 0.100, 0.500, 0.077, 0.719, 0.148
107.660, 0.100, 0.500, 0.069, 0.717, 0.144
107.680, 0.100, 0.500, 0.061, 0.712, 0.146
107.700, 0.100, 0.500, 0.054, 0.708, 0.147
107.720, 0.100, 0.500, 0.048, 0.703, 0.149
107.740, 0.100, 0.500, 0.043, 0.698, 0.150
107.760, 0.100, 0.500, 0.039, 0.694, 0.151
107.780, 0.100, 0.500, 0.037, 0.690, 0.151
107.800, 0.100, 0.500, 0.035, 0.687, 0.152
107.820, 0.100, 0.500, 0.035, 0.683, 0.152
107.840, 0.100, 0.500, 0.034, 0.680, 0.153
107.860, 0.100, 0.500, 0.034, 0.677, 0.154
107.880, 0.100, 0.500, 0.035, 0.673, 0.154
107.900, 0.100, 0.500, 0.037, 0.670, 0.154
107.920, 0.100, 0.500, 0.040, 0.669, 0.153
107.940, 0.100, 0.500, 0.043, 0.670, 0.153
107.960, 0.100, 0.500, 0.046, 0.672, 0.152
107.980, 0.100, 0.500, 0.049, 0.678, 0.153
108.000, 0.100, 0.500, 0.053, 0.686, 0.155
108.020, 0.100, 0.500, 0.057, 0.696, 0.158
108.040, 0.100, 0.500, 0.061, 0.707, 0.160
108.060, 0.100, 0.500, 0.065, 0.719, 0.162
108.080, 0.100, 0.500, 0.068, 0.732, 0.164
108.100, 0.100, 0.500, 0.071, 0.746, 0.164
108.120, 0.100, 0.500, 0.071, 0.758, 0.163
108.140, 0.100, 0.500, 0.070, 0.770, 0.161
108.160, 0.100, 0.500, 0.069, 0.781, 0.161
108.180, 0.100, 0.500, 0.070, 0.790, 0.161
108.200, 0.100, 0.500, 0.072, 0.797, 0.160
108.220, 0.100, 0.500, 0.074, 0.803, 0.158
108.240, 0.100, 0.500, 0.077, 0.808, 0.156
108.260, 0.100, 0.500, 0.081, 0.811, 0.154
108.280, 0.100, 0.500, 0.084, 0.813, 0.151
108.300, 0.100, 0.500, 0.088, 0.814, 0.148
108.320, 0.100, 0.500, 0.092, 0.815, 0.146
110.360, 0.200, 0.500, 0.000, 0.000, 0.227
110.380, 0.200, 0.500, 0.002, -0.001, 0.220
110.400, 0.200, 0.500, 0.001, -0.002, 0.211
110.420, 0.200, 0.500, -0.002, -0.001, 0.203
110.440, 0.200, 0.500, -0.005, 0.002, 0.195
110.460, 0.200, 0.500, -0.007, 0.007, 0.186
110.480, 0.200, 0.500, -0.009, 0.011, 0.179
110.500, 0.200, 0.500, -0.010, 0.016, 0.173
110.520, 0.200, 0.500, -0.013, 0.021, 0.168
110.540, 0.200, 0.500, -0.016, 0.025, 0.166
110.560, 0.200, 0.500, -0.021, 0.029, 0.166
110.580, 0.200, 0.500, -0.027, 0.032, 0.167
110.600, 0.200, 0.500, -0.031, 0.034, 0.170
110.620, 0.200, 0.500, -0.033, 0.035, 0.171
110.640, 0.200, 0.500, -0.034, 0.036, 0.172
110.660, 0.200, 0.500, -0.035, 0.038, 0.172
110.680, 0.200, 0.500, -0.035, 0.041, 0.169
110.700, 0.200, 0.500, -0.036, 0.048, 0.165
110.720, 0.200, 0.500, -0.035, 0.058, 0.157
110.740, 0.200, 0.500, -0.033, 0.071, 0.153
110.760, 0.200, 0.500, -0.030, 0.086, 0.149
110.780, 0.200, 0.500, -0.027, 0.101, 0.147
110.800, 0.200, 0.500, -0.027, 0.117, 0.146
110.820, 0.200, 0.500, -0.027, 0.134, 0.146
110.840, 0.200, 0.500, -0.027, 0.152, 0.146
110.860, 0.200, 0.500, -0.027, 0.170, 0.145
110.880, 0.200, 0.500, -0.026, 0.187, 0.142
110.900, 0.200, 0.500, -0.024, 0.201, 0.141
110.920, 0.200, 0.500, -0.020, 0.209, 0.145
110.940, 0.200, 0.500, -0.015, 0.212, 0.147
110.960, 0.200, 0.500, -0.009, 0.213, 0.149
110.980, 0.200, 0.500, -0.005, 0.214, 0.149
111.000, 0.200, 0.500, -0.002, 0.214, 0.150
111.020, 0.200, 0.500, -0.000, 0.214, 0.150
111.040, 0.200, 0.500, 0.001, 0.213, 0.151
111.060, 0.200, 0.500, 0.001, 0.212, 0.151
111.080, 0.200, 0.500, 0.001, 0.212, 0.152
111.100, 0.200, 0.500, -0.000, 0.211, 0.153
111.120, 0.200, 0.500, -0.002, 0.209, 0.153
111.140, 0.200, 0.500, -0.004, 0.208, 0.154
111.160, 0.200, 0.500, -0.006, 0.206, 0.155
111.180, 0.200, 0.500, -0.008, 0.203, 0.155
111.200, 0.200, 0.500, -0.011, 0.200, 0.154
111.220, 0.200, 0.500, -0.015, 0.195, 0.154
111.240, 0.200, 0.500, -0.018, 0.190, 0.154
111.260, 0.200, 0.500, -0.022, 0.183, 0.154
111.280, 0.200, 0.500, -0.025, 0.174, 0.154
111.300, 0.200, 0.500, -0.028, 0.167, 0.151
111.320, 0.200, 0.500, -0.029, 0.161, 0.150
111.340, 0.200, 0.500, -0.027, 0.160, 0.149
111.360, 0.200, 0.500, -0.023, 0.162, 0.147
111.380, 0.200, 0.500, -0.020, 0.166, 0.146
111.400, 0.200, 0.500, -0.016, 0.175, 0.148
111.420, 0.200, 0.500, -0.012, 0.186, 0.151
111.440, 0.200, 0.500, -0.007, 0.198, 0.156
111.460, 0.200, 0.500, -0.002, 0.210, 0.162
111.480, 0.200, 0.500, 0.004, 0.224, 0.167
111.500, 0.200, 0.500, 0.009, 0.238, 0.170
111.520, 0.200, 0.500, 0.014, 0.252, 0.171
111.540, 0.200, 0.500, 0.018, 0.265, 0.171
111.560, 0.200, 0.500, 0.022, 0.277, 0.170
111.580, 0.200, 0.500, 0.025, 0.288, 0.168
111.600, 0.200, 0.500, 0.027, 0.298, 0.165
111.620, 0.200, 0.500, 0.029, 0.306, 0.162
111.640, 0.200, 0.500, 0.031, 0.313, 0.157
111.660, 0.200, 0.500, 0.031, 0.319, 0.153
111.680, 0.200, 0.500, 0.032, 0.323, 0.148
111.700, 0.200, 0.500, 0.031, 0.325, 0.143
111.720, 0.200, 0.500, 0.031, 0.327, 0.139
111.740, 0.200, 0.500, 0.031, 0.327, 0.135
111.760, 0.200, 0.500, 0.032, 0.328, 0.132
111.780, 0.200, 0.500, 0.034, 0.328, 0.130
111.800, 0.200, 0.500, 0.037, 0.329, 0.131
111.820, 0.200, 0.500, 0.042, 0.328, 0.135
111.840, 0.200, 0.500, 0.048, 0.328, 0.140
111.860, 0.200, 0.500, 0.054, 0.327, 0.146
111.880, 0.200, 0.500, 0.061, 0.326, 0.154
111.900, 0.200, 0.500, 0.068, 0.326, 0.164
111.920, 0.200, 0.500, 0.076, 0.325, 0.173
111.940, 0.200, 0.500, 0.085, 0.324, 0.180
111.960, 0.200, 0.500, 0.092, 0.325, 0.188
111.980, 0.200, 0.500, 0.097, 0.330, 0.193
112.000, 0.200, 0.500, 0.100, 0.336, 0.196
112.020, 0.200, 0.500, 0.103, 0.345, 0.196
112.040, 0.200, 0.500, 0.107, 0.357, 0.192
112.060, 0.200, 0.500, 0.114, 0.373, 0.188
112.080, 0.200, 0.500, 0.119, 0.390, 0.185
112.100, 0.200, 0.500, 0.124, 0.408, 0.184
112.120, 0.200, 0.500, 0.128, 0.425, 0.184
112.140, 0.200, 0.500, 0.132, 0.441, 0.185
112.160, 0.200, 0.500, 0.137, 0.454, 0.185
112.180, 0.200, 0.500, 0.141, 0.465, 0.184
112.200, 0.200, 0.500, 0.145, 0.474, 0.183
112.220, 0.200, 0.500, 0.148, 0.481, 0.181
112.240, 0.200, 0.500, 0.151, 0.486, 0.179
112.260, 0.200, 0.500, 0.152, 0.488, 0.177
112.280, 0.200, 0.500, 0.152, 0.489, 0.175
112.300, 0.200, 0.500, 0.151, 0.488, 0.173
112.320, 0.200, 0.500, 0.149, 0.486, 0.172
112.340, 0.200, 0.500, 0.146, 0.483, 0.171
112.360, 0.200, 0.500, 0.142, 0.479, 0.171
112.380, 0.200, 0.500, 0.137, 0.475, 0.170
112.400, 0.200, 0.500, 0.132, 0.471, 0.170
112.420, 0.200, 0.500, 0.125, 0.466, 0.169
112.440, 0.200, 0.500, 0.117, 0.461, 0.168
112.460, 0.200, 0.500, 0.108, 0.456, 0.168
112.480, 0.200, 0.500, 0.098, 0.452, 0.166
112.500, 0.200, 0.500, 0.087, 0.448, 0.166
112.520, 0.200, 0.500, 0.076, 0.445, 0.164
112.540, 0.200, 0.500, 0.065, 0.442, 0.165
112.560, 0.200, 0.500, 0.054, 0.437, 0.167
112.580, 0.200, 0.500, 0.046, 0.432, 0.167
112.600, 0.200, 0.500, 0.041, 0.425, 0.167
112.620, 0.200, 0.500, 0.040, 0.421, 0.165
112.640, 0.200, 0.500, 0.042, 0.418, 0.165
112.660, 0.200, 0.500, 0.048, 0.418, 0.163
112.680, 0.200, 0.500, 0.055, 0.420, 0.161
112.700, 0.200, 0.500, 0.061, 0.425, 0.161
112.720, 0.200, 0.500, 0.068, 0.431, 0.161
112.740, 0.200, 0.500, 0.074, 0.438, 0.163
112.760, 0.200, 0.500, 0.080, 0.446, 0.165
112.780, 0.200, 0.500, 0.085, 0.455, 0.168
112.800, 0.200, 0.500, 0.089, 0.463, 0.171
112.820, 0.200, 0.500, 0.092, 0.472, 0.173
112.840, 0.200, 0.500, 0.095, 0.481, 0.173
112.860, 0.200, 0.500, 0.097, 0.489, 0.172
112.880, 0.200, 0.500, 0.098, 0.497, 0.171
112.900, 0.200, 0.500, 0.099, 0.504, 0.169
112.920, 0.200, 0.500, 0.100, 0.511, 0.166
112.940, 0.200, 0.500, 0.101, 0.516, 0.164
112.960, 0.200, 0.500, 0.102, 0.520, 0.163
112.980, 0.200, 0.500, 0.104, 0.523, 0.161
113.000, 0.200, 0.500, 0.106, 0.526, 0.160
113.020, 0.200, 0.500, 0.109, 0.528, 0.158
113.040, 0.200, 0.500, 0.111, 0.529, 0.156
113.060, 0.200, 0.500, 0.114, 0.529, 0.155
113.080, 0.200, 0.500, 0.117, 0.530, 0.154
113.100, 0.200, 0.500, 0.121, 0.529, 0.152
113.120, 0.200, 0.500, 0.124, 0.530, 0.152
113.140, 0.200, 0.500, 0.126, 0.531, 0.153
113.160, 0.200, 0.500, 0.129, 0.531, 0.155
113.180, 0.200, 0.500, 0.131, 0.531, 0.159
113.200, 0.200, 0.500, 0.135, 0.531, 0.165
113.220, 0.200, 0.500, 0.138, 0.530, 0.171
113.240, 0.200, 0.500, 0.143, 0.529, 0.177
113.260, 0.200, 0.500, 0.147, 0.527, 0.181
113.280, 0.200, 0.500, 0.151, 0.528, 0.184
113.300, 0.200, 0.500, 0.153, 0.533, 0.185
113.320, 0.200, 0.500, 0.155, 0.542, 0.185
113.340, 0.200, 0.500, 0.158, 0.553, 0.182
113.360, 0.200, 0.500, 0.161, 0.567, 0.177
113.380, 0.200, 0.500, 0.167, 0.584, 0.174
113.400, 0.200, 0.500, 0.171, 0.601, 0.171
113.420, 0.200, 0.500, 0.175, 0.619, 0.170
113.440, 0.200, 0.500, 0.177, 0.637, 0.170
113.460, 0.200, 0.500, 0.180, 0.653, 0.171
113.480, 0.200, 0.500, 0.182, 0.668, 0.170
113.500, 0.200, 0.500, 0.184, 0.680, 0.169
113.520, 0.200, 0.500, 0.186, 0.691, 0.166
113.540, 0.200, 0.500, 0.186, 0.699, 0.163
113.560, 0.200, 0.500, 0.186, 0.706, 0.159
113.580, 0.200, 0.500, 0.185, 0.710, 0.156
113.600, 0.200, 0.500, 0.182, 0.713, 0.152
113.620, 0.200, 0.500, 0.178, 0.714, 0.149
113.640, 0.200, 0.500, 0.174, 0.715, 0.146
113.660, 0.200, 0.500, 0.168, 0.714, 0.145
113.680, 0.200, 0.500, 0.163, 0.711, 0.147
113.700, 0.200, 0.500, 0.159, 0.708, 0.150
113.720, 0.200, 0.500, 0.156, 0.705, 0.152
113.740, 0.200, 0.500, 0.152, 0.703, 0.155
113.760, 0.200, 0.500, 0.148, 0.701, 0.157
113.780, 0.200, 0.500, 0.145, 0.698, 0.159
113.800, 0.200, 0.500, 0.142, 0.696, 0.161
113.820, 0.200, 0.500, 0.140, 0.693, 0.163
113.840, 0.200, 0.500, 0.139, 0.690, 0.164
113.860, 0.200, 0.500, 0.138, 0.686, 0.164
113.880, 0.200, 0.500, 0.138, 0.681, 0.162
113.900, 0.200, 0.500, 0.137, 0.674, 0.159
113.920, 0.200, 0.500, 0.135, 0.667, 0.156
113.940, 0.200, 0.500, 0.135, 0.663, 0.154
113.960, 0.200, 0.500, 0.136, 0.661, 0.151
113.980, 0.200, 0.500, 0.139, 0.663, 0.149
114.000, 0.200, 0.500, 0.143, 0.667, 0.148
114.020, 0.200, 0.500, 0.150, 0.674, 0.149
114.040, 0.200, 0.500, 0.157, 0.682, 0.152
114.060, 0.200, 0.500, 0.166, 0.691, 0.155
114.080, 0.200, 0.500, 0.174, 0.701, 0.159
114.100, 0.200, 0.500, 0.183, 0.712, 0.161
114.120, 0.200, 0.500, 0.191, 0.724, 0.162
114.140, 0.200, 0.500, 0.198, 0.735, 0.161
114.160, 0.200, 0.500, 0.204, 0.746, 0.161
114.180, 0.200, 0.500, 0.209, 0.757, 0.160
114.200, 0.200, 0.500, 0.213, 0.767, 0.158
114.220, 0.200, 0.500, 0.218, 0.777, 0.155
114.240, 0.200, 0.500, 0.222, 0.785, 0.151
114.260, 0.200, 0.500, 0.226, 0.793, 0.147
114.280, 0.200, 0.500, 0.229, 0.799, 0.143
114.300, 0.200, 0.500, 0.233, 0.804, 0.139
114.320, 0.200, 0.500, 0.235, 0.807, 0.135
114.340, 0.200, 0.500, 0.238, 0.809, 0.131
116.380, 0.300, 0.500, 0.000, 0.000, 0.227
116.400, 0.300, 0.500, 0.001, -0.001, 0.220
116.420, 0.300, 0.500, 0.001, -0.002, 0.212
116.440, 0.300, 0.500, -0.002, -0.001, 0.204
116.460, 0.300, 0.500, -0.004, 0.002, 0.195
116.480, 0.300, 0.500, -0.006, 0.005, 0.187
116.500, 0.300, 0.500, -0.007, 0.009, 0.179
116.520, 0.300, 0.500, -0.007, 0.014, 0.174
116.540, 0.300, 0.500, -0.008, 0.018, 0.169
116.560, 0.300, 0.500, -0.010, 0.022, 0.168
116.580, 0.300, 0.500, -0.014, 0.024, 0.169
116.600, 0.300, 0.500, -0.018, 0.027, 0.171
116.620, 0.300, 0.500, -0.021, 0.030, 0.173
116.640, 0.300, 0.500, -0.023, 0.031, 0.175
116.660, 0.300, 0.500, -0.024, 0.033, 0.176
116.680, 0.300, 0.500, -0.024, 0.035, 0.175
116.700, 0.300, 0.500, -0.025, 0.039, 0.173
116.720, 0.300, 0.500, -0.025, 0.046, 0.168
116.740, 0.300, 0.500, -0.024, 0.057, 0.160
116.760, 0.300, 0.500, -0.021, 0.071, 0.156
116.780, 0.300, 0.500, -0.015, 0.087, 0.151
116.800, 0.300, 0.500, -0.012, 0.102, 0.149
116.820, 0.300, 0.500, -0.009, 0.120, 0.148
116.840, 0.300, 0.500, -0.008, 0.139, 0.149
116.860, 0.300, 0.500, -0.006, 0.158, 0.149
116.880, 0.300, 0.500, -0.004, 0.177, 0.149
116.900, 0.300, 0.500, -0.001, 0.195, 0.147
116.920, 0.300, 0.500, 0.002, 0.212, 0.144
116.940, 0.300, 0.500, 0.006, 0.221, 0.149
116.960, 0.300, 0.500, 0.012, 0.226, 0.152
116.980, 0.300, 0.500, 0.019, 0.228, 0.154
117.000, 0.300, 0.500, 0.024, 0.228, 0.155
117.020, 0.300, 0.500, 0.028, 0.229, 0.156
117.040, 0.300, 0.500, 0.031, 0.229, 0.157
117.060, 0.300, 0.500, 0.033, 0.229, 0.158
117.080, 0.300, 0.500, 0.033, 0.229, 0.158
117.100, 0.300, 0.500, 0.033, 0.229, 0.159
117.120, 0.300, 0.500, 0.033, 0.229, 0.160
117.140, 0.300, 0.500, 0.031, 0.228, 0.161
117.160, 0.300, 0.500, 0.029, 0.228, 0.162
117.180, 0.300, 0.500, 0.027, 0.226, 0.163
117.200, 0.300, 0.500, 0.024, 0.224, 0.164
117.220, 0.300, 0.500, 0.021, 0.222, 0.164
117.240, 0.300, 0.500, 0.018, 0.218, 0.164
117.260, 0.300, 0.500, 0.015, 0.213, 0.164
117.280, 0.300, 0.500, 0.011, 0.207, 0.163
117.300, 0.300, 0.500, 0.007, 0.199, 0.162
117.320, 0.300, 0.500, 0.002, 0.189, 0.162
117.340, 0.300, 0.500, -0.005, 0.181, 0.160
117.360, 0.300, 0.500, -0.008, 0.176, 0.159
117.380, 0.300, 0.500, -0.007, 0.176, 0.156
117.400, 0.300, 0.500, -0.002, 0.180, 0.153
117.420, 0.300, 0.500, 0.003, 0.188, 0.151
117.440, 0.300, 0.500, 0.008, 0.198, 0.153
117.460, 0.300, 0.500, 0.014, 0.210, 0.158
117.480, 0.300, 0.500, 0.021, 0.223, 0.164
117.500, 0.300, 0.500, 0.028, 0.236, 0.171
117.520, 0.300, 0.500, 0.035, 0.249, 0.176
117.540, 0.300, 0.500, 0.043, 0.263, 0.180
117.560, 0.300, 0.500, 0.050, 0.275, 0.182
117.580, 0.300, 0.500, 0.056, 0.287, 0.184
117.600, 0.300, 0.500, 0.061, 0.297, 0.184
117.620, 0.300, 0.500, 0.066, 0.306, 0.184
117.640, 0.300, 0.500, 0.071, 0.314, 0.183
117.660, 0.300, 0.500, 0.075, 0.321, 0.181
117.680, 0.300, 0.500, 0.079, 0.326, 0.179
117.700, 0.300, 0.500, 0.083, 0.330, 0.175
117.720, 0.300, 0.500, 0.086, 0.333, 0.171
117.740, 0.300, 0.500, 0.087, 0.335, 0.167
117.760, 0.300, 0.500, 0.088, 0.337, 0.164
117.780, 0.300, 0.500, 0.089, 0.339, 0.161
117.800, 0.300, 0.500, 0.090, 0.340, 0.157
117.820, 0.300, 0.500, 0.092, 0.342, 0.153
117.840, 0.300, 0.500, 0.093, 0.344, 0.149
117.860, 0.300, 0.500, 0.093, 0.346, 0.148
117.880, 0.300, 0.500, 0.096, 0.348, 0.150
117.900, 0.300, 0.500, 0.100, 0.348, 0.155
117.920, 0.300, 0.500, 0.105, 0.348, 0.162
117.940, 0.300, 0.500, 0.111, 0.347, 0.168
117.960, 0.300, 0.500, 0.118, 0.344, 0.174
117.980, 0.300, 0.500, 0.124, 0.344, 0.180
118.000, 0.300, 0.500, 0.129, 0.347, 0.186
118.020, 0.300, 0.500, 0.132, 0.353, 0.190
118.040, 0.300, 0.500, 0.136, 0.362, 0.190
118.060, 0.300, 0.500, 0.142, 0.373, 0.188
118.080, 0.300, 0.500, 0.150, 0.389, 0.185
118.100, 0.300, 0.500, 0.158, 0.406, 0.183
118.120, 0.300, 0.500, 0.165, 0.423, 0.184
118.140, 0.300, 0.500, 0.171, 0.442, 0.186
118.160, 0.300, 0.500, 0.177, 0.459, 0.188
118.180, 0.300, 0.500, 0.184, 0.476, 0.188
118.200, 0.300, 0.500, 0.191, 0.491, 0.188
118.220, 0.300, 0.500, 0.197, 0.504, 0.186
118.240, 0.300, 0.500, 0.203, 0.515, 0.183
118.260, 0.300, 0.500, 0.209, 0.524, 0.180
118.280, 0.300, 0.500, 0.213, 0.531, 0.176
118.300, 0.300, 0.500, 0.216, 0.536, 0.174
118.320, 0.300, 0.500, 0.218, 0.540, 0.171
118.340, 0.300, 0.500, 0.219, 0.541, 0.169
118.360, 0.300, 0.500, 0.219, 0.541, 0.167
118.380, 0.300, 0.500, 0.219, 0.540, 0.165
118.400, 0.300, 0.500, 0.217, 0.538, 0.164
118.420, 0.300, 0.500, 0.215, 0.535, 0.164
118.440, 0.300, 0.500, 0.212, 0.532, 0.165
118.460, 0.300, 0.500, 0.207, 0.528, 0.165
118.480, 0.300, 0.500, 0.200, 0.525, 0.169
118.500, 0.300, 0.500, 0.192, 0.522, 0.174
118.520, 0.300, 0.500, 0.185, 0.517, 0.179
118.540, 0.300, 0.500, 0.176, 0.513, 0.183
118.560, 0.300, 0.500, 0.167, 0.508, 0.187
118.580, 0.300, 0.500, 0.159, 0.503, 0.189
118.600, 0.300, 0.500, 0.152, 0.497, 0.190
118.620, 0.300, 0.500, 0.144, 0.491, 0.187
118.640, 0.300, 0.500, 0.136, 0.484, 0.182
118.660, 0.300, 0.500, 0.132, 0.479, 0.175
118.680, 0.300, 0.500, 0.134, 0.474, 0.170
118.700, 0.300, 0.500, 0.142, 0.472, 0.164
118.720, 0.300, 0.500, 0.151, 0.472, 0.158
118.740, 0.300, 0.500, 0.161, 0.471, 0.153
118.760, 0.300, 0.500, 0.170, 0.470, 0.150
118.780, 0.300, 0.500, 0.178, 0.467, 0.149
118.800, 0.300, 0.500, 0.187, 0.465, 0.150
118.820, 0.300, 0.500, 0.197, 0.463, 0.151
118.840, 0.300, 0.500, 0.208, 0.462, 0.151
118.860, 0.300, 0.500, 0.218, 0.461, 0.151
118.880, 0.300, 0.500, 0.229, 0.463, 0.150
118.900, 0.300, 0.500, 0.241, 0.465, 0.148
118.920, 0.300, 0.500, 0.253, 0.470, 0.145
118.940, 0.300, 0.500, 0.266, 0.474, 0.142
118.960, 0.300, 0.500, 0.279, 0.480, 0.139
118.980, 0.300, 0.500, 0.293, 0.485, 0.135
119.000, 0.300, 0.500, 0.306, 0.492, 0.133
119.020, 0.300, 0.500, 0.317, 0.497, 0.134
119.040, 0.300, 0.500, 0.326, 0.502, 0.136
119.060, 0.300, 0.500, 0.333, 0.505, 0.139
119.080, 0.300, 0.500, 0.337, 0.507, 0.142
119.100, 0.300, 0.500, 0.340, 0.508, 0.145
119.120, 0.300, 0.500, 0.341, 0.509, 0.147
119.140, 0.300, 0.500, 0.340, 0.509, 0.150
119.160, 0.300, 0.500, 0.339, 0.508, 0.153
119.180, 0.300, 0.500, 0.336, 0.506, 0.156
119.200, 0.300, 0.500, 0.332, 0.504, 0.160
119.220, 0.300, 0.500, 0.328, 0.500, 0.165
119.240, 0.300, 0.500, 0.323, 0.495, 0.170
119.260, 0.300, 0.500, 0.316, 0.490, 0.172
119.280, 0.300, 0.500, 0.307, 0.484, 0.173
119.300, 0.300, 0.500, 0.298, 0.480, 0.172
119.320, 0.300, 0.500, 0.287, 0.478, 0.174
119.340, 0.300, 0.500, 0.282, 0.482, 0.178
119.360, 0.300, 0.500, 0.279, 0.489, 0.179
119.380, 0.300, 0.500, 0.279, 0.497, 0.178
119.400, 0.300, 0.500, 0.284, 0.507, 0.175
119.420, 0.300, 0.500, 0.291, 0.517, 0.172
119.440, 0.300, 0.500, 0.297, 0.528, 0.171
119.460, 0.300, 0.500, 0.305, 0.541, 0.170
119.480, 0.300, 0.500, 0.313, 0.554, 0.167
119.500, 0.300, 0.500, 0.320, 0.567, 0.163
119.520, 0.300, 0.500, 0.325, 0.579, 0.157
119.540, 0.300, 0.500, 0.329, 0.590, 0.150
119.560, 0.300, 0.500, 0.331, 0.600, 0.143
119.580, 0.300, 0.500, 0.331, 0.607, 0.138
119.600, 0.300, 0.500, 0.327, 0.610, 0.139
119.620, 0.300, 0.500, 0.322, 0.611, 0.140
119.640, 0.300, 0.500, 0.317, 0.612, 0.141
119.660, 0.300, 0.500, 0.312, 0.615, 0.142
119.680, 0.300, 0.500, 0.308, 0.618, 0.142
119.700, 0.300, 0.500, 0.305, 0.621, 0.143
119.720, 0.300, 0.500, 0.302, 0.623, 0.144
119.740, 0.300, 0.500, 0.300, 0.624, 0.145
119.760, 0.300, 0.500, 0.298, 0.625, 0.145
119.780, 0.300, 0.500, 0.298, 0.625, 0.146
119.800, 0.300, 0.500, 0.297, 0.624, 0.145
119.820, 0.300, 0.500, 0.297, 0.622, 0.145
119.840, 0.300, 0.500, 0.297, 0.619, 0.144
119.860, 0.300, 0.500, 0.297, 0.615, 0.144
119.880, 0.300, 0.500, 0.296, 0.610, 0.145
119.900, 0.300, 0.500, 0.294, 0.604, 0.147
119.920, 0.300, 0.500, 0.292, 0.599, 0.149
119.940, 0.300, 0.500, 0.289, 0.596, 0.151
119.960, 0.300, 0.500, 0.287, 0.595, 0.153
119.980, 0.300, 0.500, 0.290, 0.595, 0.153
120.000, 0.300, 0.500, 0.293, 0.595, 0.151
120.020, 0.300, 0.500, 0.298, 0.595, 0.151
120.040, 0.300, 0.500, 0.307, 0.595, 0.151
120.060, 0.300, 0.500, 0.318, 0.596, 0.153
120.080, 0.300, 0.500, 0.330, 0.596, 0.157
120.100, 0.300, 0.500, 0.343, 0.597, 0.162
120.120, 0.300, 0.500, 0.355, 0.597, 0.167
120.140, 0.300, 0.500, 0.368, 0.597, 0.172
120.160, 0.300, 0.500, 0.380, 0.598, 0.176
120.180, 0.300, 0.500, 0.392, 0.598, 0.179
120.200, 0.300, 0.500, 0.403, 0.599, 0.180
120.220, 0.300, 0.500, 0.415, 0.600, 0.180
120.240, 0.300, 0.500, 0.426, 0.601, 0.178
120.260, 0.300, 0.500, 0.437, 0.603, 0.175
120.280, 0.300, 0.500, 0.447, 0.604, 0.172
120.300, 0.300, 0.500, 0.457, 0.606, 0.168
120.320, 0.300, 0.500, 0.466, 0.608, 0.163
120.340, 0.300, 0.500, 0.474, 0.610, 0.158
120.360, 0.300, 0.500, 0.481, 0.612, 0.154
122.400, 0.400, 0.500, 0.000, 0.000, 0.227
122.420, 0.400, 0.500, 0.001, -0.001, 0.220
122.440, 0.400, 0.500, -0.001, -0.002, 0.214
122.460, 0.400, 0.500, -0.004, -0.002, 0.206
122.480, 0.400, 0.500, -0.007, 0.002, 0.197
122.500, 0.400, 0.500, -0.008, 0.006, 0.188
122.520, 0.400, 0.500, -0.009, 0.011, 0.181
122.540, 0.400, 0.500, -0.008, 0.017, 0.176
122.560, 0.400, 0.500, -0.008, 0.022, 0.172
122.580, 0.400, 0.500, -0.008, 0.028, 0.169
122.600, 0.400, 0.500, -0.010, 0.033, 0.169
122.620, 0.400, 0.500, -0.014, 0.036, 0.172
122.640, 0.400, 0.500, -0.017, 0.039, 0.175
122.660, 0.400, 0.500, -0.019, 0.041, 0.178
122.680, 0.400, 0.500, -0.020, 0.043, 0.179
122.700, 0.400, 0.500, -0.021, 0.045, 0.179
122.720, 0.400, 0.500, -0.021, 0.050, 0.174
122.740, 0.400, 0.500, -0.020, 0.058, 0.167
122.760, 0.400, 0.500, -0.017, 0.070, 0.158
122.780, 0.400, 0.500, -0.011, 0.087, 0.151
122.800, 0.400, 0.500, -0.004, 0.103, 0.147
122.820, 0.400, 0.500, 0.001, 0.121, 0.145
122.840, 0.400, 0.500, 0.004, 0.140, 0.146
122.860, 0.400, 0.500, 0.008, 0.161, 0.147
122.880, 0.400, 0.500, 0.012, 0.181, 0.147
122.900, 0.400, 0.500, 0.016, 0.197, 0.154
122.920, 0.400, 0.500, 0.023, 0.209, 0.157
122.940, 0.400, 0.500, 0.030, 0.218, 0.161
122.960, 0.400, 0.500, 0.038, 0.223, 0.164
122.980, 0.400, 0.500, 0.046, 0.225, 0.166
123.000, 0.400, 0.500, 0.052, 0.226, 0.167
123.020, 0.400, 0.500, 0.057, 0.227, 0.167
123.040, 0.400, 0.500, 0.061, 0.228, 0.168
123.060, 0.400, 0.500, 0.064, 0.229, 0.168
123.080, 0.400, 0.500, 0.065, 0.230, 0.168
123.100, 0.400, 0.500, 0.066, 0.231, 0.169
123.120, 0.400, 0.500, 0.066, 0.232, 0.170
123.140, 0.400, 0.500, 0.065, 0.233, 0.171
123.160, 0.400, 0.500, 0.063, 0.234, 0.172
123.180, 0.400, 0.500, 0.061, 0.234, 0.173
123.200, 0.400, 0.500, 0.059, 0.234, 0.174
123.220, 0.400, 0.500, 0.056, 0.232, 0.174
123.240, 0.400, 0.500, 0.054, 0.230, 0.174
123.260, 0.400, 0.500, 0.052, 0.227, 0.174
123.280, 0.400, 0.500, 0.049, 0.223, 0.174
123.300, 0.400, 0.500, 0.046, 0.218, 0.173
123.320, 0.400, 0.500, 0.041, 0.210, 0.172
123.340, 0.400, 0.500, 0.034, 0.202, 0.173
123.360, 0.400, 0.500, 0.026, 0.193, 0.172
123.380, 0.400, 0.500, 0.020, 0.185, 0.169
123.400, 0.400, 0.500, 0.020, 0.184, 0.166
123.420, 0.400, 0.500, 0.024, 0.187, 0.163
123.440, 0.400, 0.500, 0.030, 0.195, 0.160
123.460, 0.400, 0.500, 0.037, 0.206, 0.160
123.480, 0.400, 0.500, 0.044, 0.218, 0.164
123.500, 0.400, 0.500, 0.051, 0.230, 0.170
123.520, 0.400, 0.500, 0.058, 0.243, 0.177
123.540, 0.400, 0.500, 0.066, 0.255, 0.184
123.560, 0.400, 0.500, 0.074, 0.267, 0.190
123.580, 0.400, 0.500, 0.083, 0.279, 0.194
123.600, 0.400, 0.500, 0.091, 0.289, 0.198
123.620, 0.400, 0.500, 0.098, 0.298, 0.200
123.640, 0.400, 0.500, 0.104, 0.306, 0.201
123.660, 0.400, 0.500, 0.110, 0.313, 0.202
123.680, 0.400, 0.500, 0.115, 0.319, 0.201
123.700, 0.400, 0.500, 0.120, 0.324, 0.199
123.720, 0.400, 0.500, 0.124, 0.329, 0.197
123.740, 0.400, 0.500, 0.129, 0.332, 0.193
123.760, 0.400, 0.500, 0.133, 0.335, 0.189
123.780, 0.400, 0.500, 0.136, 0.337, 0.185
123.800, 0.400, 0.500, 0.138, 0.339, 0.181
123.820, 0.400, 0.500, 0.139, 0.341, 0.178
123.840, 0.400, 0.500, 0.141, 0.343, 0.175
123.860, 0.400, 0.500, 0.143, 0.346, 0.172
123.880, 0.400, 0.500, 0.145, 0.348, 0.167
123.900, 0.400, 0.500, 0.147, 0.351, 0.165
123.920, 0.400, 0.500, 0.147, 0.353, 0.165
123.940, 0.400, 0.500, 0.149, 0.355, 0.167
123.960, 0.400, 0.500, 0.151, 0.355, 0.170
123.980, 0.400, 0.500, 0.155, 0.353, 0.172
124.000, 0.400, 0.500, 0.157, 0.350, 0.172
124.020, 0.400, 0.500, 0.158, 0.350, 0.174
124.040, 0.400, 0.500, 0.159, 0.354, 0.175
124.060, 0.400, 0.500, 0.160, 0.360, 0.174
124.080, 0.400, 0.500, 0.164, 0.370, 0.171
124.100, 0.400, 0.500, 0.172, 0.382, 0.168
124.120, 0.400, 0.500, 0.178, 0.395, 0.169
124.140, 0.400, 0.500, 0.185, 0.410, 0.171
124.160, 0.400, 0.500, 0.192, 0.424, 0.174
124.180, 0.400, 0.500, 0.199, 0.439, 0.177
124.200, 0.400, 0.500, 0.206, 0.453, 0.178
124.220, 0.400, 0.500, 0.213, 0.466, 0.178
124.240, 0.400, 0.500, 0.219, 0.477, 0.177
124.260, 0.400, 0.500, 0.225, 0.487, 0.174
124.280, 0.400, 0.500, 0.230, 0.494, 0.171
124.300, 0.400, 0.500, 0.234, 0.500, 0.167
124.320, 0.400, 0.500, 0.236, 0.504, 0.163
124.340, 0.400, 0.500, 0.238, 0.506, 0.160
124.360, 0.400, 0.500, 0.238, 0.507, 0.157
124.380, 0.400, 0.500, 0.237, 0.506, 0.154
124.400, 0.400, 0.500, 0.236, 0.504, 0.152
124.420, 0.400, 0.500, 0.234, 0.501, 0.153
124.440, 0.400, 0.500, 0.231, 0.498, 0.155
124.460, 0.400, 0.500, 0.229, 0.495, 0.157
124.480, 0.400, 0.500, 0.225, 0.491, 0.161
124.500, 0.400, 0.500, 0.221, 0.488, 0.164
124.520, 0.400, 0.500, 0.216, 0.485, 0.167
124.540, 0.400, 0.500, 0.211, 0.481, 0.169
124.560, 0.400, 0.500, 0.206, 0.477, 0.171
124.580, 0.400, 0.500, 0.201, 0.473, 0.173
124.600, 0.400, 0.500, 0.196, 0.468, 0.173
124.620, 0.400, 0.500, 0.192, 0.461, 0.171
124.640, 0.400, 0.500, 0.186, 0.454, 0.168
124.660, 0.400, 0.500, 0.178, 0.450, 0.163
124.680, 0.400, 0.500, 0.174, 0.447, 0.159
124.700, 0.400, 0.500, 0.176, 0.446, 0.154
124.720, 0.400, 0.500, 0.181, 0.448, 0.150
124.740, 0.400, 0.500, 0.188, 0.451, 0.147
124.760, 0.400, 0.500, 0.198, 0.455, 0.148
124.780, 0.400, 0.500, 0.209, 0.460, 0.150
124.800, 0.400, 0.500, 0.221, 0.465, 0.155
124.820, 0.400, 0.500, 0.234, 0.469, 0.160
124.840, 0.400, 0.500, 0.246, 0.474, 0.165
124.860, 0.400, 0.500, 0.259, 0.479, 0.168
124.880, 0.400, 0.500, 0.272, 0.484, 0.170
124.900, 0.400, 0.500, 0.284, 0.489, 0.171
124.920, 0.400, 0.500, 0.296, 0.494, 0.171
124.940, 0.400, 0.500, 0.307, 0.500, 0.171
124.960, 0.400, 0.500, 0.319, 0.506, 0.170
124.980, 0.400, 0.500, 0.331, 0.512, 0.168
125.000, 0.400, 0.500, 0.343, 0.517, 0.166
125.020, 0.400, 0.500, 0.356, 0.522, 0.164
125.040, 0.400, 0.500, 0.368, 0.526, 0.162
125.060, 0.400, 0.500, 0.381, 0.529, 0.159
125.080, 0.400, 0.500, 0.394, 0.531, 0.157
125.100, 0.400, 0.500, 0.407, 0.533, 0.154
125.120, 0.400, 0.500, 0.419, 0.534, 0.150
125.140, 0.400, 0.500, 0.428, 0.535, 0.149
125.160, 0.400, 0.500, 0.436, 0.535, 0.149
125.180, 0.400, 0.500, 0.441, 0.533, 0.151
125.200, 0.400, 0.500, 0.446, 0.529, 0.153
125.220, 0.400, 0.500, 0.449, 0.525, 0.156
125.240, 0.400, 0.500, 0.451, 0.520, 0.159
125.260, 0.400, 0.500, 0.453, 0.514, 0.162
125.280, 0.400, 0.500, 0.452, 0.508, 0.165
125.300, 0.400, 0.500, 0.449, 0.502, 0.167
125.320, 0.400, 0.500, 0.444, 0.496, 0.167
125.340, 0.400, 0.500, 0.437, 0.490, 0.165
125.360, 0.400, 0.500, 0.431, 0.485, 0.161
125.380, 0.400, 0.500, 0.426, 0.481, 0.156
125.400, 0.400, 0.500, 0.421, 0.479, 0.154
125.420, 0.400, 0.500, 0.419, 0.477, 0.154
125.440, 0.400, 0.500, 0.416, 0.477, 0.156
125.460, 0.400, 0.500, 0.413, 0.479, 0.159
125.480, 0.400, 0.500, 0.407, 0.481, 0.163
125.500, 0.400, 0.500, 0.401, 0.486, 0.165
125.520, 0.400, 0.500, 0.396, 0.492, 0.159
125.540, 0.400, 0.500, 0.393, 0.497, 0.150
125.560, 0.400, 0.500, 0.391, 0.502, 0.140
125.580, 0.400, 0.500, 0.389, 0.507, 0.141
125.600, 0.400, 0.500, 0.385, 0.511, 0.144
125.620, 0.400, 0.500, 0.379, 0.512, 0.148
125.640, 0.400, 0.500, 0.374, 0.512, 0.150
125.660, 0.400, 0.500, 0.369, 0.513, 0.151
125.680, 0.400, 0.500, 0.365, 0.514, 0.151
125.700, 0.400, 0.500, 0.362, 0.516, 0.150
125.720, 0.400, 0.500, 0.360, 0.518, 0.148
125.740, 0.400, 0.500, 0.359, 0.520, 0.147
125.760, 0.400, 0.500, 0.359, 0.522, 0.146
125.780, 0.400, 0.500, 0.360, 0.524, 0.144
125.800, 0.400, 0.500, 0.362, 0.525, 0.144
125.820, 0.400, 0.500, 0.364, 0.525, 0.143
125.840, 0.400, 0.500, 0.366, 0.524, 0.143
125.860, 0.400, 0.500, 0.368, 0.522, 0.143
125.880, 0.400, 0.500, 0.369, 0.520, 0.145
125.900, 0.400, 0.500, 0.370, 0.516, 0.148
125.920, 0.400, 0.500, 0.370, 0.512, 0.151
125.940, 0.400, 0.500, 0.370, 0.508, 0.156
125.960, 0.400, 0.500, 0.369, 0.506, 0.160
125.980, 0.400, 0.500, 0.369, 0.507, 0.164
126.000, 0.400, 0.500, 0.371, 0.510, 0.165
126.020, 0.400, 0.500, 0.380, 0.514, 0.163
126.040, 0.400, 0.500, 0.392, 0.517, 0.159
126.060, 0.400, 0.500, 0.404, 0.518, 0.157
126.080, 0.400, 0.500, 0.416, 0.520, 0.157
126.100, 0.400, 0.500, 0.429, 0.521, 0.159
126.120, 0.400, 0.500, 0.442, 0.524, 0.164
126.140, 0.400, 0.500, 0.455, 0.526, 0.168
126.160, 0.400, 0.500, 0.468, 0.527, 0.173
126.180, 0.400, 0.500, 0.480, 0.528, 0.177
126.200, 0.400, 0.500, 0.492, 0.529, 0.179
126.220, 0.400, 0.500, 0.502, 0.529, 0.181
126.240, 0.400, 0.500, 0.512, 0.529, 0.182
126.260, 0.400, 0.500, 0.521, 0.530, 0.182
126.280, 0.400, 0.500, 0.530, 0.530, 0.181
126.300, 0.400, 0.500, 0.538, 0.530, 0.179
126.320, 0.400, 0.500, 0.546, 0.530, 0.176
126.340, 0.400, 0.500, 0.555, 0.530, 0.172
126.360, 0.400, 0.500, 0.563, 0.529, 0.168
126.380, 0.400, 0.500, 0.571, 0.529, 0.164
128.420, 0.500, 0.500, 0.000, 0.000, 0.227
128.440, 0.500, 0.500, 0.000, -0.001, 0.221
128.460, 0.500, 0.500, -0.002, -0.003, 0.215
128.480, 0.500, 0.500, -0.006, -0.003, 0.208
128.500, 0.500, 0.500, -0.008, -0.002, 0.200
128.520, 0.500, 0.500, -0.009, 0.001, 0.192
128.540, 0.500, 0.500, -0.008, 0.005, 0.186
128.560, 0.500, 0.500, -0.007, 0.009, 0.182
128.580, 0.500, 0.500, -0.006, 0.013, 0.180
128.600, 0.500, 0.500, -0.004, 0.018, 0.178
128.620, 0.500, 0.500, -0.004, 0.022, 0.179
128.640, 0.500, 0.500, -0.006, 0.025, 0.181
128.660, 0.500, 0.500, -0.007, 0.028, 0.184
128.680, 0.500, 0.500, -0.008, 0.031, 0.186
128.700, 0.500, 0.500, -0.008, 0.034, 0.187
128.720, 0.500, 0.500, -0.009, 0.036, 0.186
128.740, 0.500, 0.500, -0.009, 0.041, 0.182
128.760, 0.500, 0.500, -0.008, 0.049, 0.176
128.780, 0.500, 0.500, -0.004, 0.061, 0.167
128.800, 0.500, 0.500, 0.002, 0.077, 0.159
128.820, 0.500, 0.500, 0.009, 0.095, 0.154
128.840, 0.500, 0.500, 0.014, 0.113, 0.152
128.860, 0.500, 0.500, 0.018, 0.133, 0.153
128.880, 0.500, 0.500, 0.023, 0.154, 0.155
128.900, 0.500, 0.500, 0.028, 0.173, 0.156
128.920, 0.500, 0.500, 0.034, 0.192, 0.156
128.940, 0.500, 0.500, 0.040, 0.210, 0.155
128.960, 0.500, 0.500, 0.046, 0.225, 0.152
128.980, 0.500, 0.500, 0.053, 0.240, 0.149
129.000, 0.500, 0.500, 0.058, 0.247, 0.153
129.020, 0.500, 0.500, 0.066, 0.249, 0.157
129.040, 0.500, 0.500, 0.072, 0.250, 0.160
129.060, 0.500, 0.500, 0.077, 0.250, 0.162
129.080, 0.500, 0.500, 0.081, 0.251, 0.164
129.100, 0.500, 0.500, 0.083, 0.252, 0.166
129.120, 0.500, 0.500, 0.085, 0.253, 0.167
129.140, 0.500, 0.500, 0.085, 0.254, 0.168
129.160, 0.500, 0.500, 0.085, 0.255, 0.169
129.180, 0.500, 0.500, 0.083, 0.255, 0.170
129.200, 0.500, 0.500, 0.081, 0.255, 0.171
129.220, 0.500, 0.500, 0.078, 0.255, 0.172
129.240, 0.500, 0.500, 0.075, 0.254, 0.173
129.260, 0.500, 0.500, 0.071, 0.252, 0.174
129.280, 0.500, 0.500, 0.068, 0.250, 0.176
129.300, 0.500, 0.500, 0.065, 0.248, 0.177
129.320, 0.500, 0.500, 0.062, 0.243, 0.177
129.340, 0.500, 0.500, 0.058, 0.239, 0.178
129.360, 0.500, 0.500, 0.051, 0.234, 0.178
129.380, 0.500, 0.500, 0.043, 0.228, 0.179
129.400, 0.500, 0.500, 0.035, 0.222, 0.177
129.420, 0.500, 0.500, 0.031, 0.219, 0.175
129.440, 0.500, 0.500, 0.032, 0.218, 0.170
129.460, 0.500, 0.500, 0.036, 0.222, 0.166
129.480, 0.500, 0.500, 0.043, 0.229, 0.163
129.500, 0.500, 0.500, 0.052, 0.238, 0.163
129.520, 0.500, 0.500, 0.061, 0.247, 0.167
129.540, 0.500, 0.500, 0.072, 0.255, 0.173
129.560, 0.500, 0.500, 0.084, 0.264, 0.180
129.580, 0.500, 0.500, 0.095, 0.271, 0.186
129.600, 0.500, 0.500, 0.107, 0.277, 0.192
129.620, 0.500, 0.500, 0.118, 0.283, 0.197
129.640, 0.500, 0.500, 0.129, 0.289, 0.201
129.660, 0.500, 0.500, 0.139, 0.295, 0.203
129.680, 0.500, 0.500, 0.148, 0.301, 0.204
129.700, 0.500, 0.500, 0.157, 0.306, 0.204
129.720, 0.500, 0.500, 0.165, 0.311, 0.204
129.740, 0.500, 0.500, 0.173, 0.315, 0.202
129.760, 0.500, 0.500, 0.180, 0.319, 0.200
129.780, 0.500, 0.500, 0.187, 0.322, 0.198
129.800, 0.500, 0.500, 0.195, 0.325, 0.195
129.820, 0.500, 0.500, 0.202, 0.327, 0.193
129.840, 0.500, 0.500, 0.209, 0.328, 0.190
129.860, 0.500, 0.500, 0.215, 0.330, 0.187
129.880, 0.500, 0.500, 0.222, 0.331, 0.184
129.900, 0.500, 0.500, 0.228, 0.332, 0.181
129.920, 0.500, 0.500, 0.234, 0.333, 0.178
129.940, 0.500, 0.500, 0.238, 0.335, 0.177
129.960, 0.500, 0.500, 0.241, 0.336, 0.179
129.980, 0.500, 0.500, 0.244, 0.335, 0.180
130.000, 0.500, 0.500, 0.244, 0.333, 0.180
130.020, 0.500, 0.500, 0.242, 0.331, 0.177
130.040, 0.500, 0.500, 0.237, 0.328, 0.173
130.060, 0.500, 0.500, 0.232, 0.326, 0.167
130.080, 0.500, 0.500, 0.227, 0.325, 0.162
130.100, 0.500, 0.500, 0.222, 0.324, 0.158
130.120, 0.500, 0.500, 0.219, 0.325, 0.158
130.140, 0.500, 0.500, 0.216, 0.328, 0.159
130.160, 0.500, 0.500, 0.214, 0.331, 0.162
130.180, 0.500, 0.500, 0.211, 0.335, 0.165
130.200, 0.500, 0.500, 0.210, 0.341, 0.166
130.220, 0.500, 0.500, 0.209, 0.347, 0.158
130.240, 0.500, 0.500, 0.212, 0.353, 0.150
130.260, 0.500, 0.500, 0.214, 0.360, 0.142
130.280, 0.500, 0.500, 0.215, 0.368, 0.135
130.300, 0.500, 0.500, 0.215, 0.375, 0.128
130.320, 0.500, 0.500, 0.213, 0.380, 0.130
130.340, 0.500, 0.500, 0.209, 0.379, 0.134
130.360, 0.500, 0.500, 0.206, 0.378, 0.137
130.380, 0.500, 0.500, 0.203, 0.376, 0.138
130.400, 0.500, 0.500, 0.201, 0.375, 0.137
130.420, 0.500, 0.500, 0.199, 0.375, 0.137
130.440, 0.500, 0.500, 0.199, 0.375, 0.136
130.460, 0.500, 0.500, 0.199, 0.375, 0.136
130.480, 0.500, 0.500, 0.201, 0.376, 0.135
130.500, 0.500, 0.500, 0.204, 0.377, 0.135
130.520, 0.500, 0.500, 0.207, 0.378, 0.134
130.540, 0.500, 0.500, 0.211, 0.378, 0.134
130.560, 0.500, 0.500, 0.215, 0.378, 0.133
130.580, 0.500, 0.500, 0.218, 0.377, 0.134
130.600, 0.500, 0.500, 0.219, 0.375, 0.136
130.620, 0.500, 0.500, 0.218, 0.373, 0.139
130.640, 0.500, 0.500, 0.217, 0.370, 0.143
130.660, 0.500, 0.500, 0.216, 0.368, 0.147
130.680, 0.500, 0.500, 0.214, 0.369, 0.153
130.700, 0.500, 0.500, 0.216, 0.372, 0.156
130.720, 0.500, 0.500, 0.221, 0.377, 0.155
130.740, 0.500, 0.500, 0.235, 0.380, 0.151
130.760, 0.500, 0.500, 0.248, 0.382, 0.148
130.780, 0.500, 0.500, 0.262, 0.387, 0.146
130.800, 0.500, 0.500, 0.276, 0.392, 0.147
130.820, 0.500, 0.500, 0.290, 0.399, 0.149
130.840, 0.500, 0.500, 0.304, 0.405, 0.153
130.860, 0.500, 0.500, 0.317, 0.410, 0.157
130.880, 0.500, 0.500, 0.329, 0.415, 0.160
130.900, 0.500, 0.500, 0.341, 0.418, 0.164
130.920, 0.500, 0.500, 0.353, 0.422, 0.167
130.940, 0.500, 0.500, 0.365, 0.424, 0.169
130.960, 0.500, 0.500, 0.376, 0.426, 0.170
130.980, 0.500, 0.500, 0.387, 0.427, 0.171
131.000, 0.500, 0.500, 0.398, 0.428, 0.170
131.020, 0.500, 0.500, 0.409, 0.429, 0.168
131.040, 0.500, 0.500, 0.419, 0.429, 0.165
131.060, 0.500, 0.500, 0.430, 0.428, 0.162
131.080, 0.500, 0.500, 0.441, 0.427, 0.158
131.100, 0.500, 0.500, 0.452, 0.426, 0.154
131.120, 0.500, 0.500, 0.463, 0.424, 0.150
131.140, 0.500, 0.500, 0.473, 0.422, 0.146
131.160, 0.500, 0.500, 0.483, 0.421, 0.142
131.180, 0.500, 0.500, 0.491, 0.422, 0.140
131.200, 0.500, 0.500, 0.498, 0.422, 0.140
131.220, 0.500, 0.500, 0.504, 0.421, 0.139
131.240, 0.500, 0.500, 0.510, 0.420, 0.140
131.260, 0.500, 0.500, 0.516, 0.418, 0.142
131.280, 0.500, 0.500, 0.521, 0.415, 0.145
131.300, 0.500, 0.500, 0.525, 0.413, 0.149
131.320, 0.500, 0.500, 0.527, 0.410, 0.154
131.340, 0.500, 0.500, 0.526, 0.406, 0.158
131.360, 0.500, 0.500, 0.525, 0.403, 0.163
131.380, 0.500, 0.500, 0.523, 0.401, 0.166
131.400, 0.500, 0.500, 0.523, 0.400, 0.169
131.420, 0.500, 0.500, 0.523, 0.401, 0.171
131.440, 0.500, 0.500, 0.525, 0.403, 0.174
131.460, 0.500, 0.500, 0.527, 0.406, 0.176
131.480, 0.500, 0.500, 0.529, 0.410, 0.177
131.500, 0.500, 0.500, 0.531, 0.414, 0.177
131.520, 0.500, 0.500, 0.532, 0.417, 0.176
131.540, 0.500, 0.500, 0.533, 0.422, 0.175
131.560, 0.500, 0.500, 0.534, 0.428, 0.172
131.580, 0.500, 0.500, 0.533, 0.435, 0.168
131.600, 0.500, 0.500, 0.533, 0.442, 0.159
131.620, 0.500, 0.500, 0.535, 0.449, 0.149
131.640, 0.500, 0.500, 0.540, 0.454, 0.140
131.660, 0.500, 0.500, 0.546, 0.459, 0.132
131.680, 0.500, 0.500, 0.549, 0.462, 0.130
131.700, 0.500, 0.500, 0.548, 0.461, 0.134
131.720, 0.500, 0.500, 0.546, 0.457, 0.137
131.740, 0.500, 0.500, 0.543, 0.454, 0.138
131.760, 0.500, 0.500, 0.541, 0.453, 0.138
131.780, 0.500, 0.500, 0.538, 0.452, 0.137
131.800, 0.500, 0.500, 0.536, 0.453, 0.137
131.820, 0.500, 0.500, 0.535, 0.455, 0.136
131.840, 0.500, 0.500, 0.535, 0.457, 0.136
131.860, 0.500, 0.500, 0.535, 0.458, 0.136
131.880, 0.500, 0.500, 0.535, 0.459, 0.137
131.900, 0.500, 0.500, 0.535, 0.458, 0.138
131.920, 0.500, 0.500, 0.535, 0.457, 0.141
131.940, 0.500, 0.500, 0.534, 0.455, 0.144
131.960, 0.500, 0.500, 0.533, 0.452, 0.149
131.980, 0.500, 0.500, 0.531, 0.450, 0.154
132.000, 0.500, 0.500, 0.528, 0.450, 0.159
132.020, 0.500, 0.500, 0.528, 0.452, 0.162
132.040, 0.500, 0.500, 0.534, 0.453, 0.160
132.060, 0.500, 0.500, 0.545, 0.452, 0.155
132.080, 0.500, 0.500, 0.558, 0.451, 0.152
132.100, 0.500, 0.500, 0.572, 0.450, 0.151
132.120, 0.500, 0.500, 0.587, 0.448, 0.151
132.140, 0.500, 0.500, 0.602, 0.447, 0.153
132.160, 0.500, 0.500, 0.616, 0.446, 0.156
132.180, 0.500, 0.500, 0.629, 0.445, 0.160
132.200, 0.500, 0.500, 0.641, 0.444, 0.164
132.220, 0.500, 0.500, 0.653, 0.443, 0.167
132.240, 0.500, 0.500, 0.665, 0.442, 0.169
132.260, 0.500, 0.500, 0.676, 0.440, 0.171
132.280, 0.500, 0.500, 0.688, 0.438, 0.171
132.300, 0.500, 0.500, 0.699, 0.436, 0.171
132.320, 0.500, 0.500, 0.710, 0.433, 0.169
132.340, 0.500, 0.500, 0.722, 0.431, 0.167
132.360, 0.500, 0.500, 0.734, 0.427, 0.164
132.380, 0.500, 0.500, 0.745, 0.423, 0.160
132.400, 0.500, 0.500, 0.756, 0.419, 0.157
134.440, -0.500, -0.500, 0.000, 0.000, 0.227
134.460, -0.500, -0.500, -0.001, 0.001, 0.223
134.480, -0.500, -0.500, -0.004, 0.002, 0.219
134.500, -0.500, -0.500, -0.010, 0.000, 0.213
134.520, -0.500, -0.500, -0.017, -0.004, 0.208
134.540, -0.500, -0.500, -0.025, -0.008, 0.202
134.560, -0.500, -0.500, -0.036, -0.014, 0.196
134.580, -0.500, -0.500, -0.047, -0.019, 0.190
134.600, -0.500, -0.500, -0.059, -0.024, 0.185
134.620, -0.500, -0.500, -0.070, -0.028, 0.180
134.640, -0.500, -0.500, -0.081, -0.032, 0.175
134.660, -0.500, -0.500, -0.091, -0.034, 0.171
134.680, -0.500, -0.500, -0.098, -0.036, 0.168
134.700, -0.500, -0.500, -0.104, -0.038, 0.164
134.720, -0.500, -0.500, -0.110, -0.040, 0.160
134.740, -0.500, -0.500, -0.114, -0.041, 0.153
134.760, -0.500, -0.500, -0.119, -0.043, 0.149
134.780, -0.500, -0.500, -0.122, -0.049, 0.147
134.800, -0.500, -0.500, -0.125, -0.057, 0.146
134.820, -0.500, -0.500, -0.127, -0.067, 0.143
134.840, -0.500, -0.500, -0.129, -0.077, 0.139
134.860, -0.500, -0.500, -0.132, -0.087, 0.134
134.880, -0.500, -0.500, -0.135, -0.097, 0.128
134.900, -0.500, -0.500, -0.139, -0.105, 0.122
134.920, -0.500, -0.500, -0.143, -0.112, 0.116
134.940, -0.500, -0.500, -0.146, -0.118, 0.113
134.960, -0.500, -0.500, -0.147, -0.121, 0.112
134.980, -0.500, -0.500, -0.146, -0.124, 0.111
135.000, -0.500, -0.500, -0.144, -0.126, 0.110
135.020, -0.500, -0.500, -0.141, -0.128, 0.107
135.040, -0.500, -0.500, -0.139, -0.130, 0.105
135.060, -0.500, -0.500, -0.136, -0.132, 0.103
135.080, -0.500, -0.500, -0.135, -0.133, 0.104
135.100, -0.500, -0.500, -0.133, -0.133, 0.105
135.120, -0.500, -0.500, -0.132, -0.133, 0.108
135.140, -0.500, -0.500, -0.130, -0.132, 0.112
135.160, -0.500, -0.500, -0.128, -0.131, 0.116
135.180, -0.500, -0.500, -0.126, -0.130, 0.120
135.200, -0.500, -0.500, -0.124, -0.128, 0.125
135.220, -0.500, -0.500, -0.122, -0.126, 0.130
135.240, -0.500, -0.500, -0.120, -0.124, 0.135
135.260, -0.500, -0.500, -0.119, -0.122, 0.139
135.280, -0.500, -0.500, -0.118, -0.120, 0.144
135.300, -0.500, -0.500, -0.117, -0.117, 0.148
135.320, -0.500, -0.500, -0.116, -0.115, 0.154
135.340, -0.500, -0.500, -0.115, -0.113, 0.159
135.360, -0.500, -0.500, -0.115, -0.112, 0.164
135.380, -0.500, -0.500, -0.116, -0.112, 0.166
135.400, -0.500, -0.500, -0.118, -0.113, 0.165
135.420, -0.500, -0.500, -0.124, -0.117, 0.161
135.440, -0.500, -0.500, -0.133, -0.122, 0.155
135.460, -0.500, -0.500, -0.144, -0.127, 0.148
135.480, -0.500, -0.500, -0.153, -0.134, 0.145
135.500, -0.500, -0.500, -0.162, -0.142, 0.143
135.520, -0.500, -0.500, -0.172, -0.148, 0.141
135.540, -0.500, -0.500, -0.183, -0.153, 0.139
135.560, -0.500, -0.500, -0.194, -0.156, 0.136
135.580, -0.500, -0.500, -0.206, -0.158, 0.134
135.600, -0.500, -0.500, -0.218, -0.160, 0.131
135.620, -0.500, -0.500, -0.230, -0.160, 0.126
135.640, -0.500, -0.500, -0.242, -0.161, 0.123
135.660, -0.500, -0.500, -0.253, -0.163, 0.120
135.680, -0.500, -0.500, -0.264, -0.167, 0.118
135.700, -0.500, -0.500, -0.273, -0.172, 0.121
135.720, -0.500, -0.500, -0.279, -0.175, 0.122
135.740, -0.500, -0.500, -0.283, -0.177, 0.124
135.760, -0.500, -0.500, -0.284, -0.178, 0.126
135.780, -0.500, -0.500, -0.284, -0.178, 0.127
135.800, -0.500, -0.500, -0.283, -0.178, 0.128
135.820, -0.500, -0.500, -0.282, -0.178, 0.128
135.840, -0.500, -0.500, -0.282, -0.178, 0.128
135.860, -0.500, -0.500, -0.282, -0.177, 0.128
135.880, -0.500, -0.500, -0.282, -0.176, 0.128
135.900, -0.500, -0.500, -0.282, -0.176, 0.128
135.920, -0.500, -0.500, -0.283, -0.175, 0.128
135.940, -0.500, -0.500, -0.283, -0.175, 0.130
135.960, -0.500, -0.500, -0.284, -0.176, 0.132
135.980, -0.500, -0.500, -0.284, -0.176, 0.136
136.000, -0.500, -0.500, -0.283, -0.177, 0.139
136.020, -0.500, -0.500, -0.281, -0.179, 0.143
136.040, -0.500, -0.500, -0.281, -0.182, 0.147
136.060, -0.500, -0.500, -0.284, -0.187, 0.150
136.080, -0.500, -0.500, -0.290, -0.193, 0.152
136.100, -0.500, -0.500, -0.298, -0.200, 0.153
136.120, -0.500, -0.500, -0.307, -0.208, 0.154
136.140, -0.500, -0.500, -0.317, -0.218, 0.156
136.160, -0.500, -0.500, -0.326, -0.229, 0.157
136.180, -0.500, -0.500, -0.335, -0.242, 0.157
136.200, -0.500, -0.500, -0.344, -0.254, 0.156
136.220, -0.500, -0.500, -0.350, -0.265, 0.156
136.240, -0.500, -0.500, -0.354, -0.274, 0.156
136.260, -0.500, -0.500, -0.356, -0.282, 0.155
136.280, -0.500, -0.500, -0.356, -0.288, 0.154
136.300, -0.500, -0.500, -0.353, -0.293, 0.153
136.320, -0.500, -0.500, -0.349, -0.297, 0.152
136.340, -0.500, -0.500, -0.344, -0.300, 0.150
136.360, -0.500, -0.500, -0.339, -0.303, 0.148
136.380, -0.500, -0.500, -0.333, -0.305, 0.146
136.400, -0.500, -0.500, -0.327, -0.308, 0.143
136.420, -0.500, -0.500, -0.322, -0.311, 0.141
136.440, -0.500, -0.500, -0.319, -0.313, 0.139
136.460, -0.500, -0.500, -0.317, -0.316, 0.139
136.480, -0.500, -0.500, -0.315, -0.317, 0.139
136.500, -0.500, -0.500, -0.315, -0.318, 0.141
136.520, -0.500, -0.500, -0.314, -0.317, 0.144
136.540, -0.500, -0.500, -0.313, -0.317, 0.147
136.560, -0.500, -0.500, -0.312, -0.315, 0.150
136.580, -0.500, -0.500, -0.312, -0.314, 0.155
136.600, -0.500, -0.500, -0.311, -0.312, 0.159
136.620, -0.500, -0.500, -0.310, -0.309, 0.165
136.640, -0.500, -0.500, -0.309, -0.307, 0.171
136.660, -0.500, -0.500, -0.307, -0.304, 0.176
136.680, -0.500, -0.500, -0.306, -0.301, 0.180
136.700, -0.500, -0.500, -0.307, -0.300, 0.183
136.720, -0.500, -0.500, -0.310, -0.298, 0.183
136.740, -0.500, -0.500, -0.317, -0.299, 0.181
136.760, -0.500, -0.500, -0.328, -0.303, 0.176
136.780, -0.500, -0.500, -0.343, -0.309, 0.169
136.800, -0.500, -0.500, -0.361, -0.314, 0.162
136.820, -0.500, -0.500, -0.378, -0.321, 0.154
136.840, -0.500, -0.500, -0.393, -0.329, 0.150
136.860, -0.500, -0.500, -0.408, -0.337, 0.145
136.880, -0.500, -0.500, -0.423, -0.342, 0.141
136.900, -0.500, -0.500, -0.436, -0.346, 0.136
136.920, -0.500, -0.500, -0.447, -0.348, 0.131
136.940, -0.500, -0.500, -0.457, -0.349, 0.128
136.960, -0.500, -0.500, -0.463, -0.347, 0.129
136.980, -0.500, -0.500, -0.468, -0.345, 0.131
137.000, -0.500, -0.500, -0.472, -0.345, 0.132
137.020, -0.500, -0.500, -0.477, -0.347, 0.133
137.040, -0.500, -0.500, -0.482, -0.350, 0.134
137.060, -0.500, -0.500, -0.487, -0.352, 0.134
137.080, -0.500, -0.500, -0.491, -0.355, 0.135
137.100, -0.500, -0.500, -0.494, -0.356, 0.135
137.120, -0.500, -0.500, -0.496, -0.358, 0.135
137.140, -0.500, -0.500, -0.498, -0.359, 0.135
137.160, -0.500, -0.500, -0.498, -0.359, 0.135
137.180, -0.500, -0.500, -0.498, -0.359, 0.135
137.200, -0.500, -0.500, -0.498, -0.359, 0.135
137.220, -0.500, -0.500, -0.498, -0.357, 0.136
137.240, -0.500, -0.500, -0.497, -0.356, 0.136
137.260, -0.500, -0.500, -0.496, -0.354, 0.137
137.280, -0.500, -0.500, -0.495, -0.351, 0.139
137.300, -0.500, -0.500, -0.494, -0.350, 0.142
137.320, -0.500, -0.500, -0.491, -0.349, 0.145
137.340, -0.500, -0.500, -0.489, -0.349, 0.148
137.360, -0.500, -0.500, -0.490, -0.351, 0.151
137.380, -0.500, -0.500, -0.495, -0.353, 0.153
137.400, -0.500, -0.500, -0.504, -0.358, 0.154
137.420, -0.500, -0.500, -0.517, -0.364, 0.155
137.440, -0.500, -0.500, -0.533, -0.372, 0.154
137.460, -0.500, -0.500, -0.550, -0.380, 0.152
137.480, -0.500, -0.500, -0.568, -0.388, 0.153
137.500, -0.500, -0.500, -0.582, -0.395, 0.154
137.520, -0.500, -0.500, -0.593, -0.402, 0.154
137.540, -0.500, -0.500, -0.601, -0.408, 0.154
137.560, -0.500, -0.500, -0.605, -0.412, 0.153
137.580, -0.500, -0.500, -0.606, -0.415, 0.152
137.600, -0.500, -0.500, -0.605, -0.417, 0.151
137.620, -0.500, -0.500, -0.601, -0.419, 0.150
137.640, -0.500, -0.500, -0.596, -0.420, 0.148
137.660, -0.500, -0.500, -0.590, -0.421, 0.147
137.680, -0.500, -0.500, -0.584, -0.423, 0.145
137.700, -0.500, -0.500, -0.578, -0.425, 0.144
137.720, -0.500, -0.500, -0.573, -0.427, 0.142
137.740, -0.500, -0.500, -0.569, -0.430, 0.140
137.760, -0.500, -0.500, -0.567, -0.434, 0.138
137.780, -0.500, -0.500, -0.566, -0.437, 0.138
137.800, -0.500, -0.500, -0.565, -0.439, 0.138
137.820, -0.500, -0.500, -0.566, -0.440, 0.140
137.840, -0.500, -0.500, -0.566, -0.441, 0.142
137.860, -0.500, -0.500, -0.566, -0.440, 0.145
137.880, -0.500, -0.500, -0.566, -0.439, 0.148
137.900, -0.500, -0.500, -0.566, -0.438, 0.152
137.920, -0.500, -0.500, -0.566, -0.436, 0.157
137.940, -0.500, -0.500, -0.566, -0.434, 0.162
137.960, -0.500, -0.500, -0.565, -0.432, 0.168
137.980, -0.500, -0.500, -0.563, -0.430, 0.172
138.000, -0.500, -0.500, -0.563, -0.428, 0.175
138.020, -0.500, -0.500, -0.566, -0.428, 0.177
138.040, -0.500, -0.500, -0.572, -0.427, 0.175
138.060, -0.500, -0.500, -0.583, -0.427, 0.172
138.080, -0.500, -0.500, -0.596, -0.429, 0.166
138.100, -0.500, -0.500, -0.614, -0.430, 0.157
138.120, -0.500, -0.500, -0.633, -0.431, 0.147
138.140, -0.500, -0.500, -0.650, -0.432, 0.139
138.160, -0.500, -0.500, -0.666, -0.436, 0.134
138.180, -0.500, -0.500, -0.681, -0.440, 0.129
138.200, -0.500, -0.500, -0.695, -0.442, 0.123
138.220, -0.500, -0.500, -0.708, -0.441, 0.118
138.240, -0.500, -0.500, -0.717, -0.440, 0.121
138.260, -0.500, -0.500, -0.723, -0.438, 0.123
138.280, -0.500, -0.500, -0.729, -0.439, 0.124
138.300, -0.500, -0.500, -0.735, -0.440, 0.125
138.320, -0.500, -0.500, -0.741, -0.441, 0.126
138.340, -0.500, -0.500, -0.746, -0.443, 0.126
138.360, -0.500, -0.500, -0.748, -0.445, 0.127
138.380, -0.500, -0.500, -0.748, -0.445, 0.127
138.400, -0.500, -0.500, -0.748, -0.445, 0.128
138.420, -0.500, -0.500, -0.748, -0.445, 0.128
140.460, -0.500, -0.400, 0.000, 0.000, 0.227
140.480, -0.500, -0.400, 0.000, -0.000, 0.221
140.500, -0.500, -0.400, -0.003, 0.000, 0.214
140.520, -0.500, -0.400, -0.007, -0.000, 0.206
140.540, -0.500, -0.400, -0.014, -0.001, 0.197
140.560, -0.500, -0.400, -0.021, -0.002, 0.189
140.580, -0.500, -0.400, -0.031, -0.005, 0.182
140.600, -0.500, -0.400, -0.041, -0.007, 0.175
140.620, -0.500, -0.400, -0.052, -0.009, 0.168
140.640, -0.500, -0.400, -0.063, -0.012, 0.162
140.660, -0.500, -0.400, -0.073, -0.014, 0.157
140.680, -0.500, -0.400, -0.082, -0.014, 0.154
140.700, -0.500, -0.400, -0.089, -0.015, 0.152
140.720, -0.500, -0.400, -0.094, -0.015, 0.150
140.740, -0.500, -0.400, -0.095, -0.016, 0.151
140.760, -0.500, -0.400, -0.094, -0.019, 0.151
140.780, -0.500, -0.400, -0.093, -0.023, 0.151
140.800, -0.500, -0.400, -0.092, -0.029, 0.151
140.820, -0.500, -0.400, -0.091, -0.036, 0.151
140.840, -0.500, -0.400, -0.092, -0.044, 0.150
140.860, -0.500, -0.400, -0.094, -0.053, 0.148
140.880, -0.500, -0.400, -0.096, -0.063, 0.147
140.900, -0.500, -0.400, -0.098, -0.072, 0.147
140.920, -0.500, -0.400, -0.100, -0.080, 0.146
140.940, -0.500, -0.400, -0.101, -0.086, 0.146
140.960, -0.500, -0.400, -0.101, -0.091, 0.145
140.980, -0.500, -0.400, -0.101, -0.095, 0.145
141.000, -0.500, -0.400, -0.099, -0.098, 0.144
141.020, -0.500, -0.400, -0.097, -0.100, 0.144
141.040, -0.500, -0.400, -0.095, -0.100, 0.143
141.060, -0.500, -0.400, -0.092, -0.101, 0.142
141.080, -0.500, -0.400, -0.089, -0.101, 0.141
141.100, -0.500, -0.400, -0.086, -0.101, 0.139
141.120, -0.500, -0.400, -0.084, -0.101, 0.137
141.140, -0.500, -0.400, -0.083, -0.101, 0.136
141.160, -0.500, -0.400, -0.082, -0.102, 0.135
141.180, -0.500, -0.400, -0.083, -0.102, 0.136
141.200, -0.500, -0.400, -0.083, -0.101, 0.137
141.220, -0.500, -0.400, -0.084, -0.101, 0.139
141.240, -0.500, -0.400, -0.085, -0.100, 0.141
141.260, -0.500, -0.400, -0.086, -0.100, 0.144
141.280, -0.500, -0.400, -0.087, -0.099, 0.147
141.300, -0.500, -0.400, -0.088, -0.097, 0.151
141.320, -0.500, -0.400, -0.088, -0.096, 0.155
141.340, -0.500, -0.400, -0.089, -0.094, 0.161
141.360, -0.500, -0.400, -0.089, -0.092, 0.166
141.380, -0.500, -0.400, -0.088, -0.091, 0.171
141.400, -0.500, -0.400, -0.089, -0.091, 0.173
141.420, -0.500, -0.400, -0.091, -0.092, 0.173
141.440, -0.500, -0.400, -0.096, -0.096, 0.171
141.460, -0.500, -0.400, -0.104, -0.102, 0.166
141.480, -0.500, -0.400, -0.115, -0.110, 0.159
141.500, -0.500, -0.400, -0.128, -0.119, 0.150
141.520, -0.500, -0.400, -0.143, -0.128, 0.141
141.540, -0.500, -0.400, -0.156, -0.138, 0.136
141.560, -0.500, -0.400, -0.166, -0.149, 0.131
141.580, -0.500, -0.400, -0.176, -0.158, 0.127
141.600, -0.500, -0.400, -0.185, -0.165, 0.124
141.620, -0.500, -0.400, -0.191, -0.169, 0.126
141.640, -0.500, -0.400, -0.195, -0.169, 0.128
141.660, -0.500, -0.400, -0.199, -0.168, 0.129
141.680, -0.500, -0.400, -0.201, -0.168, 0.131
141.700, -0.500, -0.400, -0.203, -0.169, 0.131
141.720, -0.500, -0.400, -0.205, -0.171, 0.132
141.740, -0.500, -0.400, -0.206, -0.172, 0.133
141.760, -0.500, -0.400, -0.206, -0.174, 0.133
141.780, -0.500, -0.400, -0.207, -0.175, 0.133
141.800, -0.500, -0.400, -0.208, -0.175, 0.134
141.820, -0.500, -0.400, -0.208, -0.176, 0.134
141.840, -0.500, -0.400, -0.209, -0.176, 0.135
141.860, -0.500, -0.400, -0.209, -0.176, 0.135
141.880, -0.500, -0.400, -0.210, -0.175, 0.135
141.900, -0.500, -0.400, -0.210, -0.175, 0.136
141.920, -0.500, -0.400, -0.210, -0.174, 0.137
141.940, -0.500, -0.400, -0.210, -0.174, 0.138
141.960, -0.500, -0.400, -0.210, -0.173, 0.139
141.980, -0.500, -0.400, -0.210, -0.172, 0.141
142.000, -0.500, -0.400, -0.209, -0.171, 0.144
142.020, -0.500, -0.400, -0.207, -0.171, 0.147
142.040, -0.500, -0.400, -0.205, -0.172, 0.150
142.060, -0.500, -0.400, -0.203, -0.173, 0.152
142.080, -0.500, -0.400, -0.205, -0.176, 0.154
142.100, -0.500, -0.400, -0.210, -0.181, 0.155
142.120, -0.500, -0.400, -0.217, -0.187, 0.155
142.140, -0.500, -0.400, -0.225, -0.195, 0.154
142.160, -0.500, -0.400, -0.233, -0.205, 0.153
142.180, -0.500, -0.400, -0.241, -0.215, 0.150
142.200, -0.500, -0.400, -0.249, -0.227, 0.146
142.220, -0.500, -0.400, -0.256, -0.237, 0.145
142.240, -0.500, -0.400, -0.260, -0.247, 0.144
142.260, -0.500, -0.400, -0.263, -0.255, 0.144
142.280, -0.500, -0.400, -0.264, -0.263, 0.143
142.300, -0.500, -0.400, -0.263, -0.270, 0.141
142.320, -0.500, -0.400, -0.261, -0.275, 0.140
142.340, -0.500, -0.400, -0.258, -0.280, 0.137
142.360, -0.500, -0.400, -0.254, -0.285, 0.135
142.380, -0.500, -0.400, -0.250, -0.288, 0.132
142.400, -0.500, -0.400, -0.246, -0.292, 0.128
142.420, -0.500, -0.400, -0.243, -0.294, 0.126
142.440, -0.500, -0.400, -0.241, -0.296, 0.125
142.460, -0.500, -0.400, -0.239, -0.297, 0.125
142.480, -0.500, -0.400, -0.238, -0.296, 0.127
142.500, -0.500, -0.400, -0.237, -0.295, 0.130
142.520, -0.500, -0.400, -0.236, -0.293, 0.134
142.540, -0.500, -0.400, -0.235, -0.291, 0.137
142.560, -0.500, -0.400, -0.234, -0.289, 0.142
142.580, -0.500, -0.400, -0.233, -0.287, 0.146
142.600, -0.500, -0.400, -0.233, -0.284, 0.150
142.620, -0.500, -0.400, -0.233, -0.282, 0.155
142.640, -0.500, -0.400, -0.233, -0.279, 0.159
142.660, -0.500, -0.400, -0.233, -0.276, 0.164
142.680, -0.500, -0.400, -0.234, -0.273, 0.169
142.700, -0.500, -0.400, -0.235, -0.271, 0.172
142.720, -0.500, -0.400, -0.238, -0.270, 0.172
142.740, -0.500, -0.400, -0.243, -0.271, 0.169
142.760, -0.500, -0.400, -0.252, -0.274, 0.163
142.780, -0.500, -0.400, -0.263, -0.278, 0.155
142.800, -0.500, -0.400, -0.277, -0.283, 0.148
142.820, -0.500, -0.400, -0.290, -0.289, 0.145
142.840, -0.500, -0.400, -0.300, -0.297, 0.143
142.860, -0.500, -0.400, -0.309, -0.304, 0.141
142.880, -0.500, -0.400, -0.319, -0.310, 0.139
142.900, -0.500, -0.400, -0.329, -0.315, 0.138
142.920, -0.500, -0.400, -0.339, -0.318, 0.136
142.940, -0.500, -0.400, -0.349, -0.320, 0.134
142.960, -0.500, -0.400, -0.359, -0.322, 0.133
142.980, -0.500, -0.400, -0.367, -0.323, 0.131
143.000, -0.500, -0.400, -0.376, -0.324, 0.128
143.020, -0.500, -0.400, -0.381, -0.325, 0.131
143.040, -0.500, -0.400, -0.384, -0.326, 0.133
143.060, -0.500, -0.400, -0.386, -0.327, 0.134
143.080, -0.500, -0.400, -0.388, -0.329, 0.134
143.100, -0.500, -0.400, -0.389, -0.331, 0.135
143.120, -0.500, -0.400, -0.391, -0.333, 0.136
143.140, -0.500, -0.400, -0.393, -0.335, 0.136
143.160, -0.500, -0.400, -0.394, -0.336, 0.137
143.180, -0.500, -0.400, -0.395, -0.337, 0.137
143.200, -0.500, -0.400, -0.396, -0.337, 0.138
143.220, -0.500, -0.400, -0.396, -0.337, 0.138
143.240, -0.500, -0.400, -0.396, -0.337, 0.139
143.260, -0.500, -0.400, -0.396, -0.336, 0.140
143.280, -0.500, -0.400, -0.395, -0.336, 0.142
143.300, -0.500, -0.400, -0.394, -0.334, 0.144
143.320, -0.500, -0.400, -0.393, -0.334, 0.147
143.340, -0.500, -0.400, -0.390, -0.333, 0.149
143.360, -0.500, -0.400, -0.387, -0.334, 0.150
143.380, -0.500, -0.400, -0.386, -0.335, 0.151
143.400, -0.500, -0.400, -0.388, -0.336, 0.152
143.420, -0.500, -0.400, -0.393, -0.339, 0.152
143.440, -0.500, -0.400, -0.401, -0.344, 0.151
143.460, -0.500, -0.400, -0.413, -0.349, 0.149
143.480, -0.500, -0.400, -0.425, -0.356, 0.146
143.500, -0.500, -0.400, -0.438, -0.362, 0.147
143.520, -0.500, -0.400, -0.449, -0.368, 0.148
143.540, -0.500, -0.400, -0.457, -0.373, 0.149
143.560, -0.500, -0.400, -0.464, -0.378, 0.149
143.580, -0.500, -0.400, -0.469, -0.383, 0.148
143.600, -0.500, -0.400, -0.472, -0.387, 0.147
143.620, -0.500, -0.400, -0.473, -0.390, 0.146
143.640, -0.500, -0.400, -0.472, -0.393, 0.145
143.660, -0.500, -0.400, -0.470, -0.394, 0.143
143.680, -0.500, -0.400, -0.466, -0.396, 0.141
143.700, -0.500, -0.400, -0.462, -0.397, 0.138
143.720, -0.500, -0.400, -0.458, -0.398, 0.135
143.740, -0.500, -0.400, -0.455, -0.400, 0.132
143.760, -0.500, -0.400, -0.454, -0.401, 0.130
143.780, -0.500, -0.400, -0.453, -0.403, 0.130
143.800, -0.500, -0.400, -0.453, -0.403, 0.131
143.820, -0.500, -0.400, -0.453, -0.403, 0.133
143.840, -0.500, -0.400, -0.453, -0.402, 0.136
143.860, -0.500, -0.400, -0.453, -0.400, 0.139
143.880, -0.500, -0.400, -0.453, -0.399, 0.142
143.900, -0.500, -0.400, -0.453, -0.397, 0.146
143.920, -0.500, -0.400, -0.453, -0.395, 0.150
143.940, -0.500, -0.400, -0.454, -0.393, 0.155
143.960, -0.500, -0.400, -0.454, -0.391, 0.160
143.980, -0.500, -0.400, -0.453, -0.389, 0.165
144.000, -0.500, -0.400, -0.453, -0.387, 0.168
144.020, -0.500, -0.400, -0.455, -0.386, 0.171
144.040, -0.500, -0.400, -0.458, -0.385, 0.171
144.060, -0.500, -0.400, -0.465, -0.386, 0.169
144.080, -0.500, -0.400, -0.475, -0.388, 0.164
144.100, -0.500, -0.400, -0.489, -0.390, 0.156
144.120, -0.500, -0.400, -0.505, -0.393, 0.147
144.140, -0.500, -0.400, -0.522, -0.394, 0.137
144.160, -0.500, -0.400, -0.536, -0.398, 0.133
144.180, -0.500, -0.400, -0.550, -0.404, 0.130
144.200, -0.500, -0.400, -0.563, -0.408, 0.127
144.220, -0.500, -0.400, -0.577, -0.411, 0.123
144.240, -0.500, -0.400, -0.589, -0.413, 0.119
144.260, -0.500, -0.400, -0.599, -0.414, 0.121
144.280, -0.500, -0.400, -0.605, -0.414, 0.123
144.300, -0.500, -0.400, -0.609, -0.414, 0.124
144.320, -0.500, -0.400, -0.611, -0.415, 0.125
144.340, -0.500, -0.400, -0.613, -0.416, 0.126
144.360, -0.500, -0.400, -0.614, -0.418, 0.126
144.380, -0.500, -0.400, -0.615, -0.419, 0.127
144.400, -0.500, -0.400, -0.616, -0.420, 0.127
144.420, -0.500, -0.400, -0.617, -0.421, 0.127
144.440, -0.500, -0.400, -0.618, -0.422, 0.128
146.480, -0.500, -0.300, 0.000, 0.000, 0.227
146.500, -0.500, -0.300, 0.000, 0.000, 0.221
146.520, -0.500, -0.300, -0.003, 0.002, 0.215
146.540, -0.500, -0.300, -0.008, 0.001, 0.208
146.560, -0.500, -0.300, -0.014, 0.000, 0.200
146.580, -0.500, -0.300, -0.021, -0.001, 0.192
146.600, -0.500, -0.300, -0.030, -0.002, 0.183
146.620, -0.500, -0.300, -0.040, -0.004, 0.176
146.640, -0.500, -0.300, -0.051, -0.005, 0.169
146.660, -0.500, -0.300, -0.062, -0.007, 0.163
146.680, -0.500, -0.300, -0.073, -0.009, 0.158
146.700, -0.500, -0.300, -0.082, -0.010, 0.155
146.720, -0.500, -0.300, -0.089, -0.010, 0.152
146.740, -0.500, -0.300, -0.094, -0.011, 0.152
146.760, -0.500, -0.300, -0.094, -0.012, 0.152
146.780, -0.500, -0.300, -0.093, -0.016, 0.152
146.800, -0.500, -0.300, -0.092, -0.020, 0.151
146.820, -0.500, -0.300, -0.091, -0.025, 0.150
146.840, -0.500, -0.300, -0.092, -0.031, 0.149
146.860, -0.500, -0.300, -0.093, -0.039, 0.148
146.880, -0.500, -0.300, -0.094, -0.046, 0.146
146.900, -0.500, -0.300, -0.095, -0.053, 0.144
146.920, -0.500, -0.300, -0.096, -0.059, 0.143
146.940, -0.500, -0.300, -0.097, -0.064, 0.141
146.960, -0.500, -0.300, -0.097, -0.068, 0.140
146.980, -0.500, -0.300, -0.098, -0.072, 0.139
147.000, -0.500, -0.300, -0.097, -0.075, 0.138
147.020, -0.500, -0.300, -0.096, -0.077, 0.138
147.040, -0.500, -0.300, -0.095, -0.079, 0.137
147.060, -0.500, -0.300, -0.093, -0.080, 0.137
147.080, -0.500, -0.300, -0.091, -0.080, 0.136
147.100, -0.500, -0.300, -0.091, -0.082, 0.134
147.120, -0.500, -0.300, -0.090, -0.082, 0.133
147.140, -0.500, -0.300, -0.090, -0.082, 0.133
147.160, -0.500, -0.300, -0.090, -0.082, 0.133
147.180, -0.500, -0.300, -0.091, -0.081, 0.134
147.200, -0.500, -0.300, -0.091, -0.080, 0.136
147.220, -0.500, -0.300, -0.092, -0.079, 0.138
147.240, -0.500, -0.300, -0.093, -0.078, 0.140
147.260, -0.500, -0.300, -0.094, -0.077, 0.143
147.280, -0.500, -0.300, -0.095, -0.076, 0.145
147.300, -0.500, -0.300, -0.096, -0.075, 0.148
147.320, -0.500, -0.300, -0.097, -0.074, 0.151
147.340, -0.500, -0.300, -0.098, -0.073, 0.155
147.360, -0.500, -0.300, -0.099, -0.072, 0.159
147.380, -0.500, -0.300, -0.099, -0.070, 0.164
147.400, -0.500, -0.300, -0.099, -0.069, 0.167
147.420, -0.500, -0.300, -0.099, -0.070, 0.168
147.440, -0.500, -0.300, -0.101, -0.072, 0.167
147.460, -0.500, -0.300, -0.106, -0.075, 0.165
147.480, -0.500, -0.300, -0.114, -0.080, 0.160
147.500, -0.500, -0.300, -0.124, -0.085, 0.154
147.520, -0.500, -0.300, -0.135, -0.091, 0.148
147.540, -0.500, -0.300, -0.146, -0.098, 0.144
147.560, -0.500, -0.300, -0.155, -0.106, 0.140
147.580, -0.500, -0.300, -0.163, -0.115, 0.136
147.600, -0.500, -0.300, -0.172, -0.122, 0.131
147.620, -0.500, -0.300, -0.180, -0.129, 0.127
147.640, -0.500, -0.300, -0.185, -0.133, 0.128
147.660, -0.500, -0.300, -0.187, -0.134, 0.130
147.680, -0.500, -0.300, -0.188, -0.133, 0.131
147.700, -0.500, -0.300, -0.188, -0.132, 0.132
147.720, -0.500, -0.300, -0.189, -0.131, 0.132
147.740, -0.500, -0.300, -0.189, -0.131, 0.133
147.760, -0.500, -0.300, -0.190, -0.132, 0.134
147.780, -0.500, -0.300, -0.191, -0.133, 0.135
147.800, -0.500, -0.300, -0.192, -0.134, 0.135
147.820, -0.500, -0.300, -0.193, -0.135, 0.136
147.840, -0.500, -0.300, -0.194, -0.135, 0.136
147.860, -0.500, -0.300, -0.195, -0.136, 0.137
147.880, -0.500, -0.300, -0.195, -0.136, 0.138
147.900, -0.500, -0.300, -0.195, -0.136, 0.139
147.920, -0.500, -0.300, -0.195, -0.136, 0.140
147.940, -0.500, -0.300, -0.195, -0.135, 0.141
147.960, -0.500, -0.300, -0.195, -0.135, 0.143
147.980, -0.500, -0.300, -0.195, -0.134, 0.144
148.000, -0.500, -0.300, -0.195, -0.134, 0.147
148.020, -0.500, -0.300, -0.194, -0.133, 0.150
148.040, -0.500, -0.300, -0.192, -0.133, 0.153
148.060, -0.500, -0.300, -0.190, -0.133, 0.154
148.080, -0.500, -0.300, -0.188, -0.134, 0.155
148.100, -0.500, -0.300, -0.189, -0.135, 0.154
148.120, -0.500, -0.300, -0.194, -0.138, 0.154
148.140, -0.500, -0.300, -0.200, -0.142, 0.154
148.160, -0.500, -0.300, -0.207, -0.148, 0.152
148.180, -0.500, -0.300, -0.214, -0.154, 0.149
148.200, -0.500, -0.300, -0.221, -0.161, 0.146
148.220, -0.500, -0.300, -0.227, -0.169, 0.141
148.240, -0.500, -0.300, -0.233, -0.178, 0.135
148.260, -0.500, -0.300, -0.239, -0.185, 0.131
148.280, -0.500, -0.300, -0.243, -0.190, 0.131
148.300, -0.500, -0.300, -0.245, -0.193, 0.131
148.320, -0.500, -0.300, -0.245, -0.197, 0.130
148.340, -0.500, -0.300, -0.245, -0.200, 0.129
148.360, -0.500, -0.300, -0.244, -0.203, 0.127
148.380, -0.500, -0.300, -0.243, -0.206, 0.125
148.400, -0.500, -0.300, -0.243, -0.208, 0.124
148.420, -0.500, -0.300, -0.243, -0.210, 0.123
148.440, -0.500, -0.300, -0.243, -0.212, 0.122
148.460, -0.500, -0.300, -0.243, -0.212, 0.122
148.480, -0.500, -0.300, -0.244, -0.212, 0.123
148.500, -0.500, -0.300, -0.244, -0.210, 0.125
148.520, -0.500, -0.300, -0.245, -0.208, 0.127
148.540, -0.500, -0.300, -0.245, -0.206, 0.129
148.560, -0.500, -0.300, -0.246, -0.203, 0.132
148.580, -0.500, -0.300, -0.247, -0.200, 0.135
148.600, -0.500, -0.300, -0.247, -0.197, 0.138
148.620, -0.500, -0.300, -0.248, -0.194, 0.140
148.640, -0.500, -0.300, -0.250, -0.190, 0.143
148.660, -0.500, -0.300, -0.251, -0.187, 0.146
148.680, -0.500, -0.300, -0.252, -0.185, 0.150
148.700, -0.500, -0.300, -0.253, -0.183, 0.153
148.720, -0.500, -0.300, -0.254, -0.182, 0.154
148.740, -0.500, -0.300, -0.256, -0.181, 0.153
148.760, -0.500, -0.300, -0.261, -0.182, 0.151
148.780, -0.500, -0.300, -0.266, -0.185, 0.149
148.800, -0.500, -0.300, -0.272, -0.189, 0.147
148.820, -0.500, -0.300, -0.278, -0.195, 0.144
148.840, -0.500, -0.300, -0.285, -0.200, 0.140
148.860, -0.500, -0.300, -0.293, -0.206, 0.137
148.880, -0.500, -0.300, -0.300, -0.210, 0.134
148.900, -0.500, -0.300, -0.307, -0.214, 0.131
148.920, -0.500, -0.300, -0.314, -0.217, 0.129
148.940, -0.500, -0.300, -0.322, -0.220, 0.127
148.960, -0.500, -0.300, -0.329, -0.222, 0.126
148.980, -0.500, -0.300, -0.335, -0.223, 0.124
149.000, -0.500, -0.300, -0.341, -0.225, 0.122
149.020, -0.500, -0.300, -0.345, -0.226, 0.123
149.040, -0.500, -0.300, -0.347, -0.226, 0.124
149.060, -0.500, -0.300, -0.348, -0.226, 0.126
149.080, -0.500, -0.300, -0.350, -0.227, 0.127
149.100, -0.500, -0.300, -0.351, -0.228, 0.128
149.120, -0.500, -0.300, -0.352, -0.229, 0.129
149.140, -0.500, -0.300, -0.354, -0.231, 0.130
149.160, -0.500, -0.300, -0.355, -0.232, 0.131
149.180, -0.500, -0.300, -0.356, -0.233, 0.132
149.200, -0.500, -0.300, -0.357, -0.234, 0.133
149.220, -0.500, -0.300, -0.358, -0.234, 0.134
149.240, -0.500, -0.300, -0.358, -0.234, 0.136
149.260, -0.500, -0.300, -0.358, -0.233, 0.137
149.280, -0.500, -0.300, -0.358, -0.233, 0.138
149.300, -0.500, -0.300, -0.358, -0.232, 0.140
149.320, -0.500, -0.300, -0.358, -0.231, 0.143
149.340, -0.500, -0.300, -0.357, -0.230, 0.146
149.360, -0.500, -0.300, -0.354, -0.229, 0.147
149.380, -0.500, -0.300, -0.352, -0.230, 0.148
149.400, -0.500, -0.300, -0.351, -0.230, 0.147
149.420, -0.500, -0.300, -0.354, -0.231, 0.147
149.440, -0.500, -0.300, -0.358, -0.233, 0.147
149.460, -0.500, -0.300, -0.363, -0.236, 0.145
149.480, -0.500, -0.300, -0.369, -0.240, 0.143
149.500, -0.500, -0.300, -0.375, -0.245, 0.140
149.520, -0.500, -0.300, -0.381, -0.251, 0.140
149.540, -0.500, -0.300, -0.387, -0.257, 0.139
149.560, -0.500, -0.300, -0.392, -0.263, 0.139
149.580, -0.500, -0.300, -0.396, -0.269, 0.139
149.600, -0.500, -0.300, -0.399, -0.274, 0.139
149.620, -0.500, -0.300, -0.401, -0.280, 0.139
149.640, -0.500, -0.300, -0.402, -0.285, 0.139
149.660, -0.500, -0.300, -0.402, -0.290, 0.138
149.680, -0.500, -0.300, -0.401, -0.295, 0.137
149.700, -0.500, -0.300, -0.400, -0.300, 0.135
149.720, -0.500, -0.300, -0.399, -0.304, 0.134
149.740, -0.500, -0.300, -0.399, -0.307, 0.133
149.760, -0.500, -0.300, -0.398, -0.309, 0.132
149.780, -0.500, -0.300, -0.398, -0.310, 0.132
149.800, -0.500, -0.300, -0.398, -0.310, 0.133
149.820, -0.500, -0.300, -0.398, -0.309, 0.134
149.840, -0.500, -0.300, -0.398, -0.307, 0.136
149.860, -0.500, -0.300, -0.399, -0.304, 0.138
149.880, -0.500, -0.300, -0.399, -0.301, 0.141
149.900, -0.500, -0.300, -0.400, -0.298, 0.144
149.920, -0.500, -0.300, -0.400, -0.294, 0.146
149.940, -0.500, -0.300, -0.401, -0.291, 0.149
149.960, -0.500, -0.300, -0.402, -0.288, 0.152
149.980, -0.500, -0.300, -0.403, -0.284, 0.155
150.000, -0.500, -0.300, -0.404, -0.281, 0.158
150.020, -0.500, -0.300, -0.404, -0.279, 0.161
150.040, -0.500, -0.300, -0.406, -0.276, 0.161
150.060, -0.500, -0.300, -0.410, -0.276, 0.159
150.080, -0.500, -0.300, -0.417, -0.275, 0.155
150.100, -0.500, -0.300, -0.426, -0.276, 0.152
150.120, -0.500, -0.300, -0.435, -0.278, 0.149
150.140, -0.500, -0.300, -0.444, -0.281, 0.147
150.160, -0.500, -0.300, -0.453, -0.286, 0.144
150.180, -0.500, -0.300, -0.462, -0.290, 0.141
150.200, -0.500, -0.300, -0.470, -0.294, 0.137
150.220, -0.500, -0.300, -0.478, -0.298, 0.134
150.240, -0.500, -0.300, -0.486, -0.301, 0.132
150.260, -0.500, -0.300, -0.494, -0.303, 0.130
150.280, -0.500, -0.300, -0.501, -0.304, 0.128
150.300, -0.500, -0.300, -0.508, -0.304, 0.127
150.320, -0.500, -0.300, -0.514, -0.303, 0.125
150.340, -0.500, -0.300, -0.518, -0.304, 0.128
150.360, -0.500, -0.300, -0.519, -0.304, 0.130
150.380, -0.500, -0.300, -0.520, -0.303, 0.131
150.400, -0.500, -0.300, -0.521, -0.303, 0.132
150.420, -0.500, -0.300, -0.521, -0.304, 0.134
150.440, -0.500, -0.300, -0.522, -0.305, 0.135
150.460, -0.500, -0.300, -0.523, -0.306, 0.136
152.500, -0.500, -0.200, 0.000, 0.000, 0.227
152.520, -0.500, -0.200, 0.001, 0.001, 0.221
152.540, -0.500, -0.200, -0.002, 0.002, 0.215
152.560, -0.500, -0.200, -0.006, 0.002, 0.208
152.580, -0.500, -0.200, -0.013, 0.002, 0.201
152.600, -0.500, -0.200, -0.020, 0.001, 0.193
152.620, -0.500, -0.200, -0.028, 0.000, 0.185
152.640, -0.500, -0.200, -0.038, -0.000, 0.178
152.660, -0.500, -0.200, -0.049, -0.001, 0.171
152.680, -0.500, -0.200, -0.060, -0.002, 0.165
152.700, -0.500, -0.200, -0.070, -0.003, 0.161
152.720, -0.500, -0.200, -0.079, -0.004, 0.157
152.740, -0.500, -0.200, -0.086, -0.005, 0.155
152.760, -0.500, -0.200, -0.090, -0.007, 0.155
152.780, -0.500, -0.200, -0.091, -0.010, 0.155
152.800, -0.500, -0.200, -0.090, -0.014, 0.154
152.820, -0.500, -0.200, -0.089, -0.018, 0.153
152.840, -0.500, -0.200, -0.090, -0.023, 0.151
152.860, -0.500, -0.200, -0.091, -0.028, 0.149
152.880, -0.500, -0.200, -0.093, -0.034, 0.147
152.900, -0.500, -0.200, -0.094, -0.039, 0.146
152.920, -0.500, -0.200, -0.094, -0.044, 0.143
152.940, -0.500, -0.200, -0.095, -0.047, 0.141
152.960, -0.500, -0.200, -0.096, -0.050, 0.138
152.980, -0.500, -0.200, -0.096, -0.053, 0.136
153.000, -0.500, -0.200, -0.096, -0.054, 0.134
153.020, -0.500, -0.200, -0.095, -0.056, 0.133
153.040, -0.500, -0.200, -0.094, -0.056, 0.132
153.060, -0.500, -0.200, -0.093, -0.056, 0.132
153.080, -0.500, -0.200, -0.093, -0.057, 0.131
153.100, -0.500, -0.200, -0.093, -0.057, 0.131
153.120, -0.500, -0.200, -0.094, -0.058, 0.131
153.140, -0.500, -0.200, -0.094, -0.058, 0.132
153.160, -0.500, -0.200, -0.095, -0.057, 0.133
153.180, -0.500, -0.200, -0.095, -0.057, 0.134
153.200, -0.500, -0.200, -0.096, -0.056, 0.136
153.220, -0.500, -0.200, -0.096, -0.056, 0.138
153.240, -0.500, -0.200, -0.097, -0.055, 0.140
153.260, -0.500, -0.200, -0.097, -0.054, 0.142
153.280, -0.500, -0.200, -0.098, -0.053, 0.145
153.300, -0.500, -0.200, -0.098, -0.052, 0.147
153.320, -0.500, -0.200, -0.099, -0.052, 0.150
153.340, -0.500, -0.200, -0.100, -0.051, 0.152
153.360, -0.500, -0.200, -0.101, -0.050, 0.154
153.380, -0.500, -0.200, -0.102, -0.049, 0.158
153.400, -0.500, -0.200, -0.102, -0.048, 0.161
153.420, -0.500, -0.200, -0.102, -0.047, 0.163
153.440, -0.500, -0.200, -0.102, -0.046, 0.163
153.460, -0.500, -0.200, -0.104, -0.047, 0.162
153.480, -0.500, -0.200, -0.109, -0.049, 0.159
153.500, -0.500, -0.200, -0.116, -0.051, 0.154
153.520, -0.500, -0.200, -0.125, -0.053, 0.148
153.540, -0.500, -0.200, -0.134, -0.055, 0.146
153.560, -0.500, -0.200, -0.142, -0.059, 0.143
153.580, -0.500, -0.200, -0.148, -0.063, 0.140
153.600, -0.500, -0.200, -0.154, -0.067, 0.137
153.620, -0.500, -0.200, -0.159, -0.071, 0.134
153.640, -0.500, -0.200, -0.163, -0.074, 0.132
153.660, -0.500, -0.200, -0.167, -0.077, 0.129
153.680, -0.500, -0.200, -0.170, -0.079, 0.126
153.700, -0.500, -0.200, -0.171, -0.080, 0.127
153.720, -0.500, -0.200, -0.171, -0.080, 0.127
153.740, -0.500, -0.200, -0.171, -0.079, 0.128
153.760, -0.500, -0.200, -0.171, -0.078, 0.128
153.780, -0.500, -0.200, -0.172, -0.078, 0.129
153.800, -0.500, -0.200, -0.172, -0.078, 0.131
153.820, -0.500, -0.200, -0.173, -0.078, 0.132
153.840, -0.500, -0.200, -0.174, -0.079, 0.134
153.860, -0.500, -0.200, -0.174, -0.080, 0.135
153.880, -0.500, -0.200, -0.174, -0.080, 0.137
153.900, -0.500, -0.200, -0.174, -0.080, 0.139
153.920, -0.500, -0.200, -0.174, -0.080, 0.141
153.940, -0.500, -0.200, -0.175, -0.080, 0.142
153.960, -0.500, -0.200, -0.175, -0.080, 0.144
153.980, -0.500, -0.200, -0.175, -0.080, 0.146
154.000, -0.500, -0.200, -0.175, -0.079, 0.148
154.020, -0.500, -0.200, -0.175, -0.079, 0.150
154.040, -0.500, -0.200, -0.175, -0.079, 0.153
154.060, -0.500, -0.200, -0.174, -0.079, 0.155
154.080, -0.500, -0.200, -0.172, -0.080, 0.156
154.100, -0.500, -0.200, -0.171, -0.081, 0.156
154.120, -0.500, -0.200, -0.172, -0.082, 0.154
154.140, -0.500, -0.200, -0.176, -0.084, 0.152
154.160, -0.500, -0.200, -0.182, -0.085, 0.148
154.180, -0.500, -0.200, -0.190, -0.088, 0.146
154.200, -0.500, -0.200, -0.197, -0.093, 0.144
154.220, -0.500, -0.200, -0.203, -0.099, 0.142
154.240, -0.500, -0.200, -0.206, -0.104, 0.140
154.260, -0.500, -0.200, -0.209, -0.109, 0.139
154.280, -0.500, -0.200, -0.211, -0.113, 0.137
154.300, -0.500, -0.200, -0.212, -0.117, 0.135
154.320, -0.500, -0.200, -0.213, -0.121, 0.134
154.340, -0.500, -0.200, -0.213, -0.124, 0.132
154.360, -0.500, -0.200, -0.213, -0.126, 0.131
154.380, -0.500, -0.200, -0.213, -0.128, 0.131
154.400, -0.500, -0.200, -0.213, -0.129, 0.130
154.420, -0.500, -0.200, -0.213, -0.130, 0.130
154.440, -0.500, -0.200, -0.213, -0.130, 0.131
154.460, -0.500, -0.200, -0.213, -0.130, 0.132
154.480, -0.500, -0.200, -0.213, -0.129, 0.134
154.500, -0.500, -0.200, -0.212, -0.128, 0.136
154.520, -0.500, -0.200, -0.213, -0.127, 0.138
154.540, -0.500, -0.200, -0.213, -0.126, 0.140
154.560, -0.500, -0.200, -0.214, -0.124, 0.143
154.580, -0.500, -0.200, -0.215, -0.123, 0.145
154.600, -0.500, -0.200, -0.216, -0.121, 0.147
154.620, -0.500, -0.200, -0.217, -0.119, 0.149
154.640, -0.500, -0.200, -0.218, -0.118, 0.151
154.660, -0.500, -0.200, -0.219, -0.115, 0.152
154.680, -0.500, -0.200, -0.220, -0.113, 0.155
154.700, -0.500, -0.200, -0.221, -0.111, 0.157
154.720, -0.500, -0.200, -0.222, -0.109, 0.159
154.740, -0.500, -0.200, -0.222, -0.108, 0.160
154.760, -0.500, -0.200, -0.223, -0.108, 0.158
154.780, -0.500, -0.200, -0.225, -0.109, 0.157
154.800, -0.500, -0.200, -0.229, -0.111, 0.156
154.820, -0.500, -0.200, -0.234, -0.113, 0.154
154.840, -0.500, -0.200, -0.239, -0.117, 0.152
154.860, -0.500, -0.200, -0.246, -0.121, 0.150
154.880, -0.500, -0.200, -0.252, -0.124, 0.147
154.900, -0.500, -0.200, -0.259, -0.127, 0.145
154.920, -0.500, -0.200, -0.265, -0.131, 0.142
154.940, -0.500, -0.200, -0.271, -0.133, 0.140
154.960, -0.500, -0.200, -0.277, -0.136, 0.138
154.980, -0.500, -0.200, -0.282, -0.137, 0.136
155.000, -0.500, -0.200, -0.287, -0.138, 0.135
155.020, -0.500, -0.200, -0.291, -0.138, 0.133
155.040, -0.500, -0.200, -0.294, -0.138, 0.133
155.060, -0.500, -0.200, -0.295, -0.138, 0.135
155.080, -0.500, -0.200, -0.296, -0.137, 0.136
155.100, -0.500, -0.200, -0.295, -0.136, 0.137
155.120, -0.500, -0.200, -0.296, -0.135, 0.138
155.140, -0.500, -0.200, -0.296, -0.136, 0.140
155.160, -0.500, -0.200, -0.297, -0.136, 0.142
155.180, -0.500, -0.200, -0.297, -0.137, 0.144
155.200, -0.500, -0.200, -0.297, -0.137, 0.146
155.220, -0.500, -0.200, -0.297, -0.137, 0.148
155.240, -0.500, -0.200, -0.297, -0.137, 0.150
155.260, -0.500, -0.200, -0.297, -0.137, 0.151
155.280, -0.500, -0.200, -0.296, -0.137, 0.153
155.300, -0.500, -0.200, -0.296, -0.137, 0.155
155.320, -0.500, -0.200, -0.295, -0.136, 0.156
155.340, -0.500, -0.200, -0.295, -0.136, 0.159
155.360, -0.500, -0.200, -0.294, -0.136, 0.161
155.380, -0.500, -0.200, -0.292, -0.137, 0.163
155.400, -0.500, -0.200, -0.290, -0.138, 0.163
155.420, -0.500, -0.200, -0.290, -0.139, 0.162
155.440, -0.500, -0.200, -0.293, -0.141, 0.160
155.460, -0.500, -0.200, -0.298, -0.142, 0.158
155.480, -0.500, -0.200, -0.307, -0.144, 0.155
155.500, -0.500, -0.200, -0.317, -0.146, 0.151
155.520, -0.500, -0.200, -0.327, -0.150, 0.148
155.540, -0.500, -0.200, -0.337, -0.155, 0.144
155.560, -0.500, -0.200, -0.344, -0.160, 0.139
155.580, -0.500, -0.200, -0.350, -0.166, 0.134
155.600, -0.500, -0.200, -0.355, -0.172, 0.127
155.620, -0.500, -0.200, -0.358, -0.177, 0.124
155.640, -0.500, -0.200, -0.359, -0.179, 0.123
155.660, -0.500, -0.200, -0.360, -0.181, 0.122
155.680, -0.500, -0.200, -0.359, -0.183, 0.121
155.700, -0.500, -0.200, -0.359, -0.184, 0.121
155.720, -0.500, -0.200, -0.358, -0.184, 0.120
155.740, -0.500, -0.200, -0.358, -0.183, 0.120
155.760, -0.500, -0.200, -0.358, -0.182, 0.121
155.780, -0.500, -0.200, -0.358, -0.181, 0.123
155.800, -0.500, -0.200, -0.359, -0.179, 0.124
155.820, -0.500, -0.200, -0.360, -0.177, 0.127
155.840, -0.500, -0.200, -0.360, -0.175, 0.129
155.860, -0.500, -0.200, -0.360, -0.173, 0.133
155.880, -0.500, -0.200, -0.359, -0.171, 0.136
155.900, -0.500, -0.200, -0.358, -0.170, 0.140
155.920, -0.500, -0.200, -0.357, -0.169, 0.143
155.940, -0.500, -0.200, -0.356, -0.168, 0.146
155.960, -0.500, -0.200, -0.356, -0.167, 0.148
155.980, -0.500, -0.200, -0.355, -0.166, 0.151
156.000, -0.500, -0.200, -0.355, -0.164, 0.154
156.020, -0.500, -0.200, -0.354, -0.163, 0.158
156.040, -0.500, -0.200, -0.353, -0.162, 0.160
156.060, -0.500, -0.200, -0.352, -0.163, 0.160
156.080, -0.500, -0.200, -0.353, -0.163, 0.158
156.100, -0.500, -0.200, -0.356, -0.165, 0.156
156.120, -0.500, -0.200, -0.360, -0.167, 0.155
156.140, -0.500, -0.200, -0.366, -0.170, 0.153
156.160, -0.500, -0.200, -0.372, -0.173, 0.150
156.180, -0.500, -0.200, -0.379, -0.175, 0.147
156.200, -0.500, -0.200, -0.385, -0.178, 0.144
156.220, -0.500, -0.200, -0.392, -0.179, 0.142
156.240, -0.500, -0.200, -0.398, -0.181, 0.140
156.260, -0.500, -0.200, -0.404, -0.182, 0.138
156.280, -0.500, -0.200, -0.409, -0.182, 0.136
156.300, -0.500, -0.200, -0.413, -0.182, 0.135
156.320, -0.500, -0.200, -0.417, -0.181, 0.134
156.340, -0.500, -0.200, -0.421, -0.180, 0.133
156.360, -0.500, -0.200, -0.422, -0.180, 0.135
156.380, -0.500, -0.200, -0.422, -0.179, 0.137
156.400, -0.500, -0.200, -0.422, -0.179, 0.138
156.420, -0.500, -0.200, -0.422, -0.179, 0.139
156.440, -0.500, -0.200, -0.423, -0.180, 0.140
156.460, -0.500, -0.200, -0.423, -0.181, 0.142
156.480, -0.500, -0.200, -0.423, -0.181, 0.144
158.520, -0.500, -0.100, 0.000, 0.000, 0.227
158.540, -0.500, -0.100, 0.001, 0.000, 0.221
158.560, -0.500, -0.100, -0.001, 0.001, 0.215
158.580, -0.500, -0.100, -0.006, 0.002, 0.207
158.600, -0.500, -0.100, -0.011, 0.002, 0.200
158.620, -0.500, -0.100, -0.018, 0.003, 0.192
158.640, -0.500, -0.100, -0.027, 0.003, 0.184
158.660, -0.500, -0.100, -0.036, 0.004, 0.177
158.680, -0.500, -0.100, -0.047, 0.004, 0.171
158.700, -0.500, -0.100, -0.058, 0.003, 0.165
158.720, -0.500, -0.100, -0.068, 0.002, 0.161
158.740, -0.500, -0.100, -0.077, 0.001, 0.158
158.760, -0.500, -0.100, -0.084, -0.000, 0.157
158.780, -0.500, -0.100, -0.087, -0.003, 0.158
158.800, -0.500, -0.100, -0.087, -0.007, 0.157
158.820, -0.500, -0.100, -0.086, -0.011, 0.156
158.840, -0.500, -0.100, -0.085, -0.015, 0.154
158.860, -0.500, -0.100, -0.086, -0.020, 0.152
158.880, -0.500, -0.100, -0.088, -0.024, 0.150
158.900, -0.500, -0.100, -0.091, -0.029, 0.148
158.920, -0.500, -0.100, -0.092, -0.033, 0.146
158.940, -0.500, -0.100, -0.093, -0.035, 0.144
158.960, -0.500, -0.100, -0.094, -0.037, 0.141
158.980, -0.500, -0.100, -0.095, -0.039, 0.139
159.000, -0.500, -0.100, -0.096, -0.040, 0.136
159.020, -0.500, -0.100, -0.096, -0.041, 0.134
159.040, -0.500, -0.100, -0.096, -0.040, 0.133
159.060, -0.500, -0.100, -0.096, -0.040, 0.132
159.080, -0.500, -0.100, -0.096, -0.040, 0.131
159.100, -0.500, -0.100, -0.096, -0.039, 0.131
159.120, -0.500, -0.100, -0.097, -0.039, 0.131
159.140, -0.500, -0.100, -0.097, -0.039, 0.131
159.160, -0.500, -0.100, -0.098, -0.038, 0.132
159.180, -0.500, -0.100, -0.099, -0.037, 0.134
159.200, -0.500, -0.100, -0.099, -0.037, 0.136
159.220, -0.500, -0.100, -0.100, -0.036, 0.138
159.240, -0.500, -0.100, -0.100, -0.035, 0.140
159.260, -0.500, -0.100, -0.101, -0.035, 0.143
159.280, -0.500, -0.100, -0.101, -0.034, 0.145
159.300, -0.500, -0.100, -0.102, -0.034, 0.147
159.320, -0.500, -0.100, -0.102, -0.034, 0.150
159.340, -0.500, -0.100, -0.103, -0.033, 0.152
159.360, -0.500, -0.100, -0.103, -0.033, 0.154
159.380, -0.500, -0.100, -0.103, -0.032, 0.156
159.400, -0.500, -0.100, -0.104, -0.031, 0.159
159.420, -0.500, -0.100, -0.103, -0.029, 0.162
159.440, -0.500, -0.100, -0.102, -0.028, 0.164
159.460, -0.500, -0.100, -0.102, -0.027, 0.164
159.480, -0.500, -0.100, -0.103, -0.027, 0.162
159.500, -0.500, -0.100, -0.107, -0.028, 0.159
159.520, -0.500, -0.100, -0.113, -0.029, 0.155
159.540, -0.500, -0.100, -0.120, -0.030, 0.154
159.560, -0.500, -0.100, -0.127, -0.032, 0.151
159.580, -0.500, -0.100, -0.133, -0.035, 0.149
159.600, -0.500, -0.100, -0.139, -0.038, 0.146
159.620, -0.500, -0.100, -0.144, -0.041, 0.144
159.640, -0.500, -0.100, -0.149, -0.043, 0.141
159.660, -0.500, -0.100, -0.153, -0.045, 0.139
159.680, -0.500, -0.100, -0.156, -0.047, 0.137
159.700, -0.500, -0.100, -0.159, -0.049, 0.135
159.720, -0.500, -0.100, -0.160, -0.051, 0.135
159.740, -0.500, -0.100, -0.160, -0.051, 0.135
159.760, -0.500, -0.100, -0.159, -0.050, 0.136
159.780, -0.500, -0.100, -0.159, -0.050, 0.136
159.800, -0.500, -0.100, -0.159, -0.050, 0.137
159.820, -0.500, -0.100, -0.159, -0.049, 0.139
159.840, -0.500, -0.100, -0.159, -0.049, 0.141
159.860, -0.500, -0.100, -0.159, -0.049, 0.143
159.880, -0.500, -0.100, -0.159, -0.049, 0.145
159.900, -0.500, -0.100, -0.159, -0.049, 0.147
159.920, -0.500, -0.100, -0.159, -0.049, 0.150
159.940, -0.500, -0.100, -0.159, -0.049, 0.152
159.960, -0.500, -0.100, -0.159, -0.049, 0.154
159.980, -0.500, -0.100, -0.159, -0.049, 0.156
160.000, -0.500, -0.100, -0.159, -0.049, 0.157
160.020, -0.500, -0.100, -0.159, -0.049, 0.159
160.040, -0.500, -0.100, -0.158, -0.049, 0.161
160.060, -0.500, -0.100, -0.158, -0.049, 0.164
160.080, -0.500, -0.100, -0.157, -0.049, 0.166
160.100, -0.500, -0.100, -0.156, -0.051, 0.167
160.120, -0.500, -0.100, -0.155, -0.052, 0.167
160.140, -0.500, -0.100, -0.157, -0.053, 0.165
160.160, -0.500, -0.100, -0.162, -0.055, 0.163
160.180, -0.500, -0.100, -0.169, -0.057, 0.160
160.200, -0.500, -0.100, -0.178, -0.059, 0.156
160.220, -0.500, -0.100, -0.189, -0.062, 0.150
160.240, -0.500, -0.100, -0.200, -0.066, 0.145
160.260, -0.500, -0.100, -0.209, -0.072, 0.141
160.280, -0.500, -0.100, -0.215, -0.078, 0.139
160.300, -0.500, -0.100, -0.218, -0.080, 0.138
160.320, -0.500, -0.100, -0.220, -0.082, 0.136
160.340, -0.500, -0.100, -0.220, -0.083, 0.134
160.360, -0.500, -0.100, -0.220, -0.083, 0.133
160.380, -0.500, -0.100, -0.220, -0.083, 0.131
160.400, -0.500, -0.100, -0.220, -0.083, 0.130
160.420, -0.500, -0.100, -0.220, -0.083, 0.130
160.440, -0.500, -0.100, -0.219, -0.082, 0.130
160.460, -0.500, -0.100, -0.219, -0.082, 0.130
160.480, -0.500, -0.100, -0.220, -0.081, 0.131
160.500, -0.500, -0.100, -0.220, -0.080, 0.133
160.520, -0.500, -0.100, -0.221, -0.078, 0.135
160.540, -0.500, -0.100, -0.221, -0.077, 0.137
160.560, -0.500, -0.100, -0.222, -0.076, 0.139
160.580, -0.500, -0.100, -0.223, -0.075, 0.141
160.600, -0.500, -0.100, -0.224, -0.074, 0.144
160.620, -0.500, -0.100, -0.224, -0.072, 0.146
160.640, -0.500, -0.100, -0.225, -0.071, 0.147
160.660, -0.500, -0.100, -0.226, -0.070, 0.149
160.680, -0.500, -0.100, -0.226, -0.069, 0.151
160.700, -0.500, -0.100, -0.226, -0.068, 0.154
160.720, -0.500, -0.100, -0.226, -0.067, 0.157
160.740, -0.500, -0.100, -0.226, -0.066, 0.159
160.760, -0.500, -0.100, -0.225, -0.064, 0.160
160.780, -0.500, -0.100, -0.226, -0.064, 0.160
160.800, -0.500, -0.100, -0.228, -0.064, 0.158
160.820, -0.500, -0.100, -0.232, -0.065, 0.156
160.840, -0.500, -0.100, -0.237, -0.066, 0.155
160.860, -0.500, -0.100, -0.243, -0.067, 0.153
160.880, -0.500, -0.100, -0.250, -0.069, 0.151
160.900, -0.500, -0.100, -0.257, -0.071, 0.149
160.920, -0.500, -0.100, -0.262, -0.072, 0.147
160.940, -0.500, -0.100, -0.268, -0.073, 0.145
160.960, -0.500, -0.100, -0.272, -0.074, 0.142
160.980, -0.500, -0.100, -0.276, -0.075, 0.140
161.000, -0.500, -0.100, -0.279, -0.076, 0.138
161.020, -0.500, -0.100, -0.282, -0.077, 0.136
161.040, -0.500, -0.100, -0.284, -0.078, 0.135
161.060, -0.500, -0.100, -0.284, -0.079, 0.136
161.080, -0.500, -0.100, -0.283, -0.079, 0.137
161.100, -0.500, -0.100, -0.283, -0.079, 0.137
161.120, -0.500, -0.100, -0.282, -0.079, 0.139
161.140, -0.500, -0.100, -0.282, -0.079, 0.140
161.160, -0.500, -0.100, -0.282, -0.079, 0.142
161.180, -0.500, -0.100, -0.282, -0.078, 0.144
161.200, -0.500, -0.100, -0.282, -0.079, 0.147
161.220, -0.500, -0.100, -0.282, -0.079, 0.149
161.240, -0.500, -0.100, -0.282, -0.079, 0.151
161.260, -0.500, -0.100, -0.282, -0.079, 0.153
161.280, -0.500, -0.100, -0.282, -0.079, 0.155
161.300, -0.500, -0.100, -0.282, -0.079, 0.157
161.320, -0.500, -0.100, -0.282, -0.079, 0.159
161.340, -0.500, -0.100, -0.282, -0.078, 0.161
161.360, -0.500, -0.100, -0.282, -0.079, 0.163
161.380, -0.500, -0.100, -0.282, -0.079, 0.166
161.400, -0.500, -0.100, -0.281, -0.081, 0.167
161.420, -0.500, -0.100, -0.280, -0.082, 0.168
161.440, -0.500, -0.100, -0.281, -0.084, 0.167
161.460, -0.500, -0.100, -0.284, -0.085, 0.165
161.480, -0.500, -0.100, -0.291, -0.087, 0.162
161.500, -0.500, -0.100, -0.299, -0.088, 0.159
161.520, -0.500, -0.100, -0.309, -0.091, 0.154
161.540, -0.500, -0.100, -0.320, -0.094, 0.148
161.560, -0.500, -0.100, -0.331, -0.097, 0.143
161.580, -0.500, -0.100, -0.339, -0.103, 0.141
161.600, -0.500, -0.100, -0.343, -0.106, 0.139
161.620, -0.500, -0.100, -0.346, -0.107, 0.137
161.640, -0.500, -0.100, -0.347, -0.107, 0.135
161.660, -0.500, -0.100, -0.347, -0.107, 0.134
161.680, -0.500, -0.100, -0.347, -0.107, 0.132
161.700, -0.500, -0.100, -0.347, -0.106, 0.131
161.720, -0.500, -0.100, -0.347, -0.106, 0.131
161.740, -0.500, -0.100, -0.346, -0.106, 0.130
161.760, -0.500, -0.100, -0.346, -0.105, 0.131
161.780, -0.500, -0.100, -0.346, -0.104, 0.131
161.800, -0.500, -0.100, -0.347, -0.103, 0.132
161.820, -0.500, -0.100, -0.347, -0.102, 0.134
161.840, -0.500, -0.100, -0.348, -0.101, 0.136
161.860, -0.500, -0.100, -0.349, -0.100, 0.139
161.880, -0.500, -0.100, -0.349, -0.099, 0.141
161.900, -0.500, -0.100, -0.350, -0.098, 0.143
161.920, -0.500, -0.100, -0.351, -0.096, 0.145
161.940, -0.500, -0.100, -0.351, -0.095, 0.147
161.960, -0.500, -0.100, -0.352, -0.094, 0.149
161.980, -0.500, -0.100, -0.353, -0.093, 0.150
162.000, -0.500, -0.100, -0.354, -0.091, 0.152
162.020, -0.500, -0.100, -0.354, -0.090, 0.155
162.040, -0.500, -0.100, -0.354, -0.088, 0.157
162.060, -0.500, -0.100, -0.354, -0.086, 0.159
162.080, -0.500, -0.100, -0.354, -0.085, 0.159
162.100, -0.500, -0.100, -0.355, -0.084, 0.158
162.120, -0.500, -0.100, -0.358, -0.084, 0.156
162.140, -0.500, -0.100, -0.362, -0.085, 0.155
162.160, -0.500, -0.100, -0.368, -0.087, 0.153
162.180, -0.500, -0.100, -0.374, -0.089, 0.151
162.200, -0.500, -0.100, -0.381, -0.090, 0.149
162.220, -0.500, -0.100, -0.387, -0.092, 0.147
162.240, -0.500, -0.100, -0.393, -0.093, 0.145
162.260, -0.500, -0.100, -0.397, -0.094, 0.142
162.280, -0.500, -0.100, -0.401, -0.095, 0.140
162.300, -0.500, -0.100, -0.404, -0.095, 0.138
162.320, -0.500, -0.100, -0.407, -0.096, 0.136
162.340, -0.500, -0.100, -0.409, -0.097, 0.134
162.360, -0.500, -0.100, -0.411, -0.098, 0.134
162.380, -0.500, -0.100, -0.410, -0.098, 0.135
162.400, -0.500, -0.100, -0.410, -0.098, 0.136
162.420, -0.500, -0.100, -0.409, -0.098, 0.137
162.440, -0.500, -0.100, -0.409, -0.098, 0.138
162.460, -0.500, -0.100, -0.409, -0.098, 0.139
162.480, -0.500, -0.100, -0.410, -0.098, 0.142
162.500, -0.500, -0.100, -0.410, -0.098, 0.144
164.540, -0.500, -0.000, 0.000, 0.000, 0.227
164.560, -0.500, -0.000, 0.001, 0.000, 0.221
164.580, -0.500, -0.000, -0.001, 0.002, 0.214
164.600, -0.500, -0.000, -0.005, 0.003, 0.207
164.620, -0.500, -0.000, -0.011, 0.004, 0.199
164.640, -0.500, -0.000, -0.018, 0.005, 0.192
164.660, -0.500, -0.000, -0.026, 0.007, 0.184
164.680, -0.500, -0.000, -0.036, 0.008, 0.176
164.700, -0.500, -0.000, -0.047, 0.009, 0.170
164.720, -0.500, -0.000, -0.058, 0.009, 0.165
164.740, -0.500, -0.000, -0.068, 0.009, 0.161
164.760, -0.500, -0.000, -0.076, 0.008, 0.158
164.780, -0.500, -0.000, -0.082, 0.006, 0.159
164.800, -0.500, -0.000, -0.085, 0.003, 0.159
164.820, -0.500, -0.000, -0.084, -0.002, 0.159
164.840, -0.500, -0.000, -0.083, -0.006, 0.157
164.860, -0.500, -0.000, -0.083, -0.010, 0.156
164.880, -0.500, -0.000, -0.084, -0.014, 0.154
164.900, -0.500, -0.000, -0.087, -0.018, 0.152
164.920, -0.500, -0.000, -0.090, -0.021, 0.149
164.940, -0.500, -0.000, -0.092, -0.024, 0.148
164.960, -0.500, -0.000, -0.093, -0.025, 0.146
164.980, -0.500, -0.000, -0.094, -0.024, 0.144
165.000, -0.500, -0.000, -0.095, -0.023, 0.142
165.020, -0.500, -0.000, -0.096, -0.022, 0.140
165.040, -0.500, -0.000, -0.096, -0.020, 0.138
165.060, -0.500, -0.000, -0.097, -0.019, 0.136
165.080, -0.500, -0.000, -0.098, -0.018, 0.136
165.100, -0.500, -0.000, -0.099, -0.018, 0.135
165.120, -0.500, -0.000, -0.099, -0.018, 0.135
165.140, -0.500, -0.000, -0.099, -0.018, 0.136
165.160, -0.500, -0.000, -0.099, -0.018, 0.137
165.180, -0.500, -0.000, -0.099, -0.018, 0.138
165.200, -0.500, -0.000, -0.099, -0.018, 0.139
165.220, -0.500, -0.000, -0.100, -0.018, 0.141
165.240, -0.500, -0.000, -0.100, -0.018, 0.143
165.260, -0.500, -0.000, -0.100, -0.018, 0.146
165.280, -0.500, -0.000, -0.101, -0.017, 0.148
165.300, -0.500, -0.000, -0.101, -0.017, 0.150
165.320, -0.500, -0.000, -0.101, -0.017, 0.152
165.340, -0.500, -0.000, -0.101, -0.016, 0.155
165.360, -0.500, -0.000, -0.101, -0.015, 0.157
165.380, -0.500, -0.000, -0.100, -0.014, 0.159
165.400, -0.500, -0.000, -0.100, -0.012, 0.161
165.420, -0.500, -0.000, -0.100, -0.010, 0.164
165.440, -0.500, -0.000, -0.099, -0.007, 0.167
165.460, -0.500, -0.000, -0.097, -0.005, 0.169
165.480, -0.500, -0.000, -0.095, -0.002, 0.168
165.500, -0.500, -0.000, -0.096, -0.001, 0.167
165.520, -0.500, -0.000, -0.097, -0.000, 0.166
165.540, -0.500, -0.000, -0.101, -0.001, 0.164
165.560, -0.500, -0.000, -0.106, -0.001, 0.162
165.580, -0.500, -0.000, -0.111, -0.002, 0.160
165.600, -0.500, -0.000, -0.118, -0.003, 0.158
165.620, -0.500, -0.000, -0.125, -0.004, 0.155
165.640, -0.500, -0.000, -0.131, -0.005, 0.152
165.660, -0.500, -0.000, -0.137, -0.006, 0.150
165.680, -0.500, -0.000, -0.142, -0.007, 0.147
165.700, -0.500, -0.000, -0.146, -0.009, 0.144
165.720, -0.500, -0.000, -0.149, -0.010, 0.142
165.740, -0.500, -0.000, -0.149, -0.011, 0.143
165.760, -0.500, -0.000, -0.148, -0.010, 0.143
165.780, -0.500, -0.000, -0.147, -0.009, 0.143
165.800, -0.500, -0.000, -0.146, -0.009, 0.144
165.820, -0.500, -0.000, -0.146, -0.009, 0.145
165.840, -0.500, -0.000, -0.146, -0.010, 0.147
165.860, -0.500, -0.000, -0.146, -0.010, 0.149
165.880, -0.500, -0.000, -0.146, -0.010, 0.151
165.900, -0.500, -0.000, -0.146, -0.010, 0.153
165.920, -0.500, -0.000, -0.146, -0.010, 0.156
165.940, -0.500, -0.000, -0.145, -0.010, 0.158
165.960, -0.500, -0.000, -0.145, -0.010, 0.161
165.980, -0.500, -0.000, -0.145, -0.010, 0.163
166.000, -0.500, -0.000, -0.144, -0.009, 0.165
166.020, -0.500, -0.000, -0.143, -0.009, 0.167
166.040, -0.500, -0.000, -0.143, -0.008, 0.169
166.060, -0.500, -0.000, -0.142, -0.008, 0.171
166.080, -0.500, -0.000, -0.141, -0.007, 0.174
166.100, -0.500, -0.000, -0.140, -0.008, 0.176
166.120, -0.500, -0.000, -0.138, -0.009, 0.177
166.140, -0.500, -0.000, -0.138, -0.010, 0.177
166.160, -0.500, -0.000, -0.140, -0.011, 0.176
166.180, -0.500, -0.000, -0.145, -0.013, 0.175
166.200, -0.500, -0.000, -0.152, -0.015, 0.173
166.220, -0.500, -0.000, -0.162, -0.018, 0.170
166.240, -0.500, -0.000, -0.173, -0.022, 0.165
166.260, -0.500, -0.000, -0.185, -0.027, 0.159
166.280, -0.500, -0.000, -0.198, -0.032, 0.151
166.300, -0.500, -0.000, -0.211, -0.038, 0.142
166.320, -0.500, -0.000, -0.222, -0.042, 0.139
166.340, -0.500, -0.000, -0.228, -0.040, 0.136
166.360, -0.500, -0.000, -0.231, -0.036, 0.134
166.380, -0.500, -0.000, -0.231, -0.033, 0.131
166.400, -0.500, -0.000, -0.231, -0.031, 0.128
166.420, -0.500, -0.000, -0.229, -0.030, 0.126
166.440, -0.500, -0.000, -0.228, -0.029, 0.126
166.460, -0.500, -0.000, -0.227, -0.029, 0.126
166.480, -0.500, -0.000, -0.227, -0.030, 0.127
166.500, -0.500, -0.000, -0.227, -0.030, 0.128
166.520, -0.500, -0.000, -0.227, -0.031, 0.131
166.540, -0.500, -0.000, -0.227, -0.031, 0.133
166.560, -0.500, -0.000, -0.228, -0.031, 0.136
166.580, -0.500, -0.000, -0.228, -0.031, 0.139
166.600, -0.500, -0.000, -0.229, -0.030, 0.142
166.620, -0.500, -0.000, -0.229, -0.029, 0.144
166.640, -0.500, -0.000, -0.229, -0.028, 0.147
166.660, -0.500, -0.000, -0.229, -0.028, 0.149
166.680, -0.500, -0.000, -0.229, -0.027, 0.151
166.700, -0.500, -0.000, -0.229, -0.026, 0.153
166.720, -0.500, -0.000, -0.229, -0.025, 0.156
166.740, -0.500, -0.000, -0.229, -0.024, 0.159
166.760, -0.500, -0.000, -0.228, -0.023, 0.162
166.780, -0.500, -0.000, -0.227, -0.022, 0.163
166.800, -0.500, -0.000, -0.226, -0.021, 0.162
166.820, -0.500, -0.000, -0.228, -0.022, 0.160
166.840, -0.500, -0.000, -0.233, -0.022, 0.156
166.860, -0.500, -0.000, -0.239, -0.022, 0.154
166.880, -0.500, -0.000, -0.245, -0.024, 0.152
166.900, -0.500, -0.000, -0.251, -0.025, 0.150
166.920, -0.500, -0.000, -0.257, -0.026, 0.148
166.940, -0.500, -0.000, -0.263, -0.027, 0.145
166.960, -0.500, -0.000, -0.268, -0.028, 0.143
166.980, -0.500, -0.000, -0.272, -0.029, 0.141
167.000, -0.500, -0.000, -0.274, -0.030, 0.139
167.020, -0.500, -0.000, -0.277, -0.031, 0.137
167.040, -0.500, -0.000, -0.278, -0.032, 0.136
167.060, -0.500, -0.000, -0.279, -0.034, 0.135
167.080, -0.500, -0.000, -0.278, -0.034, 0.136
167.100, -0.500, -0.000, -0.277, -0.034, 0.136
167.120, -0.500, -0.000, -0.277, -0.034, 0.137
167.140, -0.500, -0.000, -0.277, -0.034, 0.138
167.160, -0.500, -0.000, -0.278, -0.034, 0.139
167.180, -0.500, -0.000, -0.278, -0.034, 0.141
167.200, -0.500, -0.000, -0.278, -0.035, 0.144
167.220, -0.500, -0.000, -0.278, -0.035, 0.146
167.240, -0.500, -0.000, -0.278, -0.035, 0.149
167.260, -0.500, -0.000, -0.278, -0.035, 0.151
167.280, -0.500, -0.000, -0.278, -0.035, 0.153
167.300, -0.500, -0.000, -0.278, -0.034, 0.156
167.320, -0.500, -0.000, -0.278, -0.034, 0.158
167.340, -0.500, -0.000, -0.279, -0.034, 0.160
167.360, -0.500, -0.000, -0.279, -0.033, 0.162
167.380, -0.500, -0.000, -0.279, -0.033, 0.164
167.400, -0.500, -0.000, -0.279, -0.034, 0.167
167.420, -0.500, -0.000, -0.278, -0.035, 0.169
167.440, -0.500, -0.000, -0.277, -0.036, 0.170
167.460, -0.500, -0.000, -0.278, -0.037, 0.169
167.480, -0.500, -0.000, -0.282, -0.038, 0.167
167.500, -0.500, -0.000, -0.288, -0.039, 0.165
167.520, -0.500, -0.000, -0.296, -0.041, 0.161
167.540, -0.500, -0.000, -0.306, -0.043, 0.156
167.560, -0.500, -0.000, -0.317, -0.046, 0.150
167.580, -0.500, -0.000, -0.327, -0.049, 0.147
167.600, -0.500, -0.000, -0.335, -0.050, 0.144
167.620, -0.500, -0.000, -0.340, -0.050, 0.142
167.640, -0.500, -0.000, -0.343, -0.048, 0.139
167.660, -0.500, -0.000, -0.344, -0.047, 0.137
167.680, -0.500, -0.000, -0.344, -0.046, 0.136
167.700, -0.500, -0.000, -0.344, -0.045, 0.134
167.720, -0.500, -0.000, -0.343, -0.045, 0.133
167.740, -0.500, -0.000, -0.343, -0.045, 0.133
167.760, -0.500, -0.000, -0.342, -0.044, 0.133
167.780, -0.500, -0.000, -0.341, -0.044, 0.134
167.800, -0.500, -0.000, -0.341, -0.044, 0.136
167.820, -0.500, -0.000, -0.341, -0.044, 0.138
167.840, -0.500, -0.000, -0.341, -0.044, 0.140
167.860, -0.500, -0.000, -0.340, -0.044, 0.143
167.880, -0.500, -0.000, -0.340, -0.044, 0.146
167.900, -0.500, -0.000, -0.340, -0.044, 0.148
167.920, -0.500, -0.000, -0.340, -0.043, 0.151
167.940, -0.500, -0.000, -0.340, -0.043, 0.153
167.960, -0.500, -0.000, -0.340, -0.043, 0.155
167.980, -0.500, -0.000, -0.340, -0.042, 0.157
168.000, -0.500, -0.000, -0.341, -0.042, 0.158
168.020, -0.500, -0.000, -0.341, -0.041, 0.160
168.040, -0.500, -0.000, -0.342, -0.040, 0.162
168.060, -0.500, -0.000, -0.341, -0.038, 0.164
168.080, -0.500, -0.000, -0.340, -0.037, 0.165
168.100, -0.500, -0.000, -0.340, -0.035, 0.165
168.120, -0.500, -0.000, -0.341, -0.034, 0.162
168.140, -0.500, -0.000, -0.344, -0.033, 0.161
168.160, -0.500, -0.000, -0.349, -0.034, 0.159
168.180, -0.500, -0.000, -0.354, -0.034, 0.158
168.200, -0.500, -0.000, -0.360, -0.033, 0.156
168.220, -0.500, -0.000, -0.367, -0.033, 0.154
168.240, -0.500, -0.000, -0.373, -0.033, 0.152
168.260, -0.500, -0.000, -0.379, -0.033, 0.150
168.280, -0.500, -0.000, -0.385, -0.034, 0.148
168.300, -0.500, -0.000, -0.389, -0.034, 0.146
168.320, -0.500, -0.000, -0.393, -0.035, 0.143
168.340, -0.500, -0.000, -0.395, -0.036, 0.142
168.360, -0.500, -0.000, -0.397, -0.037, 0.140
168.380, -0.500, -0.000, -0.398, -0.038, 0.138
168.400, -0.500, -0.000, -0.398, -0.039, 0.139
168.420, -0.500, -0.000, -0.398, -0.039, 0.139
168.440, -0.500, -0.000, -0.397, -0.038, 0.140
168.460, -0.500, -0.000, -0.397, -0.039, 0.141
168.480, -0.500, -0.000, -0.397, -0.039, 0.143
168.500, -0.500, -0.000, -0.397, -0.039, 0.145
168.520, -0.500, -0.000, -0.397, -0.040, 0.148
170.560, -0.500, 0.100, 0.000, 0.000, 0.227
170.580, -0.500, 0.100, 0.001, 0.000, 0.221
170.600, -0.500, 0.100, -0.001, 0.002, 0.214
170.620, -0.500, 0.100, -0.005, 0.003, 0.207
170.640, -0.500, 0.100, -0.011, 0.005, 0.199
170.660, -0.500, 0.100, -0.018, 0.007, 0.192
170.680, -0.500, 0.100, -0.027, 0.010, 0.184
170.700, -0.500, 0.100, -0.036, 0.013, 0.177
170.720, -0.500, 0.100, -0.047, 0.014, 0.171
170.740, -0.500, 0.100, -0.058, 0.015, 0.166
170.760, -0.500, 0.100, -0.068, 0.015, 0.162
170.780, -0.500, 0.100, -0.076, 0.014, 0.160
170.800, -0.500, 0.100, -0.081, 0.012, 0.161
170.820, -0.500, 0.100, -0.083, 0.008, 0.162
170.840, -0.500, 0.100, -0.081, 0.004, 0.162
170.860, -0.500, 0.100, -0.080, -0.001, 0.161
170.880, -0.500, 0.100, -0.081, -0.005, 0.159
170.900, -0.500, 0.100, -0.083, -0.008, 0.157
170.920, -0.500, 0.100, -0.085, -0.011, 0.155
170.940, -0.500, 0.100, -0.088, -0.013, 0.153
170.960, -0.500, 0.100, -0.091, -0.016, 0.151
170.980, -0.500, 0.100, -0.093, -0.017, 0.148
171.000, -0.500, 0.100, -0.094, -0.017, 0.147
171.020, -0.500, 0.100, -0.094, -0.016, 0.144
171.040, -0.500, 0.100, -0.095, -0.013, 0.143
171.060, -0.500, 0.100, -0.097, -0.011, 0.141
171.080, -0.500, 0.100, -0.099, -0.009, 0.140
171.100, -0.500, 0.100, -0.100, -0.007, 0.138
171.120, -0.500, 0.100, -0.102, -0.006, 0.138
171.140, -0.500, 0.100, -0.102, -0.006, 0.138
171.160, -0.500, 0.100, -0.102, -0.006, 0.139
171.180, -0.500, 0.100, -0.102, -0.007, 0.139
171.200, -0.500, 0.100, -0.102, -0.007, 0.140
171.220, -0.500, 0.100, -0.102, -0.007, 0.142
171.240, -0.500, 0.100, -0.102, -0.007, 0.144
171.260, -0.500, 0.100, -0.102, -0.006, 0.146
171.280, -0.500, 0.100, -0.102, -0.006, 0.148
171.300, -0.500, 0.100, -0.102, -0.005, 0.151
171.320, -0.500, 0.100, -0.102, -0.004, 0.153
171.340, -0.500, 0.100, -0.101, -0.003, 0.156
171.360, -0.500, 0.100, -0.101, -0.002, 0.158
171.380, -0.500, 0.100, -0.101, -0.001, 0.160
171.400, -0.500, 0.100, -0.100, 0.001, 0.162
171.420, -0.500, 0.100, -0.100, 0.003, 0.165
171.440, -0.500, 0.100, -0.099, 0.004, 0.168
171.460, -0.500, 0.100, -0.097, 0.007, 0.171
171.480, -0.500, 0.100, -0.094, 0.009, 0.172
171.500, -0.500, 0.100, -0.092, 0.012, 0.171
171.520, -0.500, 0.100, -0.092, 0.014, 0.170
171.540, -0.500, 0.100, -0.094, 0.015, 0.168
171.560, -0.500, 0.100, -0.097, 0.016, 0.167
171.580, -0.500, 0.100, -0.102, 0.017, 0.165
171.600, -0.500, 0.100, -0.107, 0.018, 0.164
171.620, -0.500, 0.100, -0.114, 0.019, 0.162
171.640, -0.500, 0.100, -0.121, 0.020, 0.159
171.660, -0.500, 0.100, -0.127, 0.020, 0.157
171.680, -0.500, 0.100, -0.133, 0.021, 0.155
171.700, -0.500, 0.100, -0.138, 0.020, 0.152
171.720, -0.500, 0.100, -0.142, 0.020, 0.150
171.740, -0.500, 0.100, -0.145, 0.019, 0.148
171.760, -0.500, 0.100, -0.146, 0.018, 0.146
171.780, -0.500, 0.100, -0.146, 0.017, 0.147
171.800, -0.500, 0.100, -0.145, 0.017, 0.146
171.820, -0.500, 0.100, -0.144, 0.018, 0.146
171.840, -0.500, 0.100, -0.143, 0.018, 0.147
171.860, -0.500, 0.100, -0.143, 0.018, 0.149
171.880, -0.500, 0.100, -0.142, 0.018, 0.150
171.900, -0.500, 0.100, -0.142, 0.018, 0.153
171.920, -0.500, 0.100, -0.142, 0.018, 0.155
171.940, -0.500, 0.100, -0.142, 0.018, 0.158
171.960, -0.500, 0.100, -0.141, 0.018, 0.161
171.980, -0.500, 0.100, -0.141, 0.019, 0.164
172.000, -0.500, 0.100, -0.140, 0.019, 0.166
172.020, -0.500, 0.100, -0.139, 0.019, 0.169
172.040, -0.500, 0.100, -0.139, 0.020, 0.171
172.060, -0.500, 0.100, -0.138, 0.020, 0.173
172.080, -0.500, 0.100, -0.137, 0.020, 0.175
172.100, -0.500, 0.100, -0.136, 0.021, 0.178
172.120, -0.500, 0.100, -0.135, 0.020, 0.181
172.140, -0.500, 0.100, -0.133, 0.019, 0.183
172.160, -0.500, 0.100, -0.133, 0.018, 0.184
172.180, -0.500, 0.100, -0.135, 0.016, 0.184
172.200, -0.500, 0.100, -0.140, 0.015, 0.183
172.220, -0.500, 0.100, -0.148, 0.014, 0.181
172.240, -0.500, 0.100, -0.158, 0.013, 0.178
172.260, -0.500, 0.100, -0.170, 0.011, 0.173
172.280, -0.500, 0.100, -0.183, 0.009, 0.166
172.300, -0.500, 0.100, -0.198, 0.008, 0.158
172.320, -0.500, 0.100, -0.215, 0.006, 0.148
172.340, -0.500, 0.100, -0.230, 0.005, 0.142
172.360, -0.500, 0.100, -0.243, 0.007, 0.139
172.380, -0.500, 0.100, -0.251, 0.011, 0.135
172.400, -0.500, 0.100, -0.255, 0.014, 0.135
172.420, -0.500, 0.100, -0.254, 0.016, 0.135
172.440, -0.500, 0.100, -0.251, 0.015, 0.134
172.460, -0.500, 0.100, -0.248, 0.015, 0.134
172.480, -0.500, 0.100, -0.246, 0.015, 0.134
172.500, -0.500, 0.100, -0.245, 0.015, 0.135
172.520, -0.500, 0.100, -0.245, 0.015, 0.136
172.540, -0.500, 0.100, -0.245, 0.015, 0.138
172.560, -0.500, 0.100, -0.246, 0.015, 0.139
172.580, -0.500, 0.100, -0.247, 0.015, 0.141
172.600, -0.500, 0.100, -0.247, 0.016, 0.142
172.620, -0.500, 0.100, -0.248, 0.017, 0.144
172.640, -0.500, 0.100, -0.249, 0.017, 0.145
172.660, -0.500, 0.100, -0.250, 0.018, 0.147
172.680, -0.500, 0.100, -0.250, 0.019, 0.148
172.700, -0.500, 0.100, -0.251, 0.020, 0.150
172.720, -0.500, 0.100, -0.251, 0.021, 0.152
172.740, -0.500, 0.100, -0.250, 0.021, 0.155
172.760, -0.500, 0.100, -0.249, 0.023, 0.158
172.780, -0.500, 0.100, -0.246, 0.024, 0.161
172.800, -0.500, 0.100, -0.243, 0.026, 0.163
172.820, -0.500, 0.100, -0.242, 0.028, 0.163
172.840, -0.500, 0.100, -0.243, 0.029, 0.161
172.860, -0.500, 0.100, -0.248, 0.031, 0.159
172.880, -0.500, 0.100, -0.255, 0.032, 0.156
172.900, -0.500, 0.100, -0.266, 0.034, 0.152
172.920, -0.500, 0.100, -0.278, 0.037, 0.146
172.940, -0.500, 0.100, -0.291, 0.041, 0.138
172.960, -0.500, 0.100, -0.304, 0.044, 0.130
172.980, -0.500, 0.100, -0.317, 0.047, 0.121
173.000, -0.500, 0.100, -0.327, 0.047, 0.118
173.020, -0.500, 0.100, -0.331, 0.044, 0.116
173.040, -0.500, 0.100, -0.331, 0.041, 0.114
173.060, -0.500, 0.100, -0.329, 0.039, 0.114
173.080, -0.500, 0.100, -0.326, 0.038, 0.114
173.100, -0.500, 0.100, -0.324, 0.039, 0.114
173.120, -0.500, 0.100, -0.323, 0.039, 0.115
173.140, -0.500, 0.100, -0.323, 0.039, 0.117
173.160, -0.500, 0.100, -0.323, 0.039, 0.119
173.180, -0.500, 0.100, -0.323, 0.039, 0.122
173.200, -0.500, 0.100, -0.324, 0.039, 0.124
173.220, -0.500, 0.100, -0.324, 0.039, 0.127
173.240, -0.500, 0.100, -0.325, 0.038, 0.129
173.260, -0.500, 0.100, -0.325, 0.037, 0.131
173.280, -0.500, 0.100, -0.325, 0.037, 0.133
173.300, -0.500, 0.100, -0.325, 0.036, 0.135
173.320, -0.500, 0.100, -0.326, 0.036, 0.137
173.340, -0.500, 0.100, -0.326, 0.035, 0.138
173.360, -0.500, 0.100, -0.326, 0.034, 0.140
173.380, -0.500, 0.100, -0.327, 0.033, 0.143
173.400, -0.500, 0.100, -0.327, 0.032, 0.146
173.420, -0.500, 0.100, -0.326, 0.030, 0.150
173.440, -0.500, 0.100, -0.324, 0.029, 0.154
173.460, -0.500, 0.100, -0.323, 0.028, 0.156
173.480, -0.500, 0.100, -0.324, 0.028, 0.157
173.500, -0.500, 0.100, -0.326, 0.029, 0.157
173.520, -0.500, 0.100, -0.332, 0.029, 0.155
173.540, -0.500, 0.100, -0.339, 0.029, 0.152
173.560, -0.500, 0.100, -0.347, 0.029, 0.150
173.580, -0.500, 0.100, -0.353, 0.030, 0.148
173.600, -0.500, 0.100, -0.359, 0.031, 0.146
173.620, -0.500, 0.100, -0.363, 0.033, 0.144
173.640, -0.500, 0.100, -0.366, 0.034, 0.141
173.660, -0.500, 0.100, -0.369, 0.036, 0.139
173.680, -0.500, 0.100, -0.371, 0.037, 0.137
173.700, -0.500, 0.100, -0.373, 0.037, 0.135
173.720, -0.500, 0.100, -0.374, 0.037, 0.133
173.740, -0.500, 0.100, -0.376, 0.038, 0.132
173.760, -0.500, 0.100, -0.377, 0.038, 0.131
173.780, -0.500, 0.100, -0.378, 0.039, 0.132
173.800, -0.500, 0.100, -0.378, 0.039, 0.133
173.820, -0.500, 0.100, -0.379, 0.040, 0.134
173.840, -0.500, 0.100, -0.379, 0.040, 0.135
173.860, -0.500, 0.100, -0.380, 0.041, 0.137
173.880, -0.500, 0.100, -0.380, 0.041, 0.139
173.900, -0.500, 0.100, -0.380, 0.042, 0.141
173.920, -0.500, 0.100, -0.380, 0.042, 0.143
173.940, -0.500, 0.100, -0.380, 0.042, 0.145
173.960, -0.500, 0.100, -0.380, 0.042, 0.147
173.980, -0.500, 0.100, -0.380, 0.042, 0.149
174.000, -0.500, 0.100, -0.380, 0.041, 0.151
174.020, -0.500, 0.100, -0.380, 0.041, 0.152
174.040, -0.500, 0.100, -0.380, 0.041, 0.154
174.060, -0.500, 0.100, -0.380, 0.042, 0.157
174.080, -0.500, 0.100, -0.380, 0.043, 0.159
174.100, -0.500, 0.100, -0.378, 0.044, 0.160
174.120, -0.500, 0.100, -0.377, 0.046, 0.159
174.140, -0.500, 0.100, -0.377, 0.048, 0.157
174.160, -0.500, 0.100, -0.380, 0.049, 0.153
174.180, -0.500, 0.100, -0.386, 0.050, 0.149
174.200, -0.500, 0.100, -0.394, 0.051, 0.147
174.220, -0.500, 0.100, -0.400, 0.052, 0.146
174.240, -0.500, 0.100, -0.404, 0.053, 0.144
174.260, -0.500, 0.100, -0.409, 0.055, 0.142
174.280, -0.500, 0.100, -0.413, 0.056, 0.140
174.300, -0.500, 0.100, -0.416, 0.058, 0.137
174.320, -0.500, 0.100, -0.419, 0.059, 0.136
174.340, -0.500, 0.100, -0.421, 0.060, 0.134
174.360, -0.500, 0.100, -0.422, 0.060, 0.133
174.380, -0.500, 0.100, -0.423, 0.060, 0.132
174.400, -0.500, 0.100, -0.424, 0.060, 0.131
174.420, -0.500, 0.100, -0.424, 0.059, 0.131
174.440, -0.500, 0.100, -0.424, 0.058, 0.131
174.460, -0.500, 0.100, -0.424, 0.058, 0.131
174.480, -0.500, 0.100, -0.424, 0.057, 0.132
174.500, -0.500, 0.100, -0.424, 0.056, 0.134
174.520, -0.500, 0.100, -0.424, 0.056, 0.136
174.540, -0.500, 0.100, -0.425, 0.055, 0.139
176.580, -0.500, 0.200, 0.000, 0.000, 0.227
176.600, -0.500, 0.200, 0.001, 0.001, 0.220
176.620, -0.500, 0.200, -0.001, 0.002, 0.214
176.640, -0.500, 0.200, -0.005, 0.004, 0.206
176.660, -0.500, 0.200, -0.011, 0.007, 0.198
176.680, -0.500, 0.200, -0.018, 0.010, 0.190
176.700, -0.500, 0.200, -0.026, 0.014, 0.182
176.720, -0.500, 0.200, -0.036, 0.018, 0.175
176.740, -0.500, 0.200, -0.047, 0.021, 0.169
176.760, -0.500, 0.200, -0.058, 0.022, 0.164
176.780, -0.500, 0.200, -0.068, 0.023, 0.160
176.800, -0.500, 0.200, -0.075, 0.022, 0.160
176.820, -0.500, 0.200, -0.080, 0.019, 0.161
176.840, -0.500, 0.200, -0.081, 0.015, 0.162
176.860, -0.500, 0.200, -0.080, 0.010, 0.162
176.880, -0.500, 0.200, -0.079, 0.005, 0.161
176.900, -0.500, 0.200, -0.080, 0.002, 0.160
176.920, -0.500, 0.200, -0.082, 0.000, 0.158
176.940, -0.500, 0.200, -0.086, -0.001, 0.155
176.960, -0.500, 0.200, -0.090, -0.000, 0.152
176.980, -0.500, 0.200, -0.094, 0.000, 0.149
177.000, -0.500, 0.200, -0.098, 0.001, 0.145
177.020, -0.500, 0.200, -0.101, 0.002, 0.143
177.040, -0.500, 0.200, -0.102, 0.004, 0.141
177.060, -0.500, 0.200, -0.103, 0.006, 0.138
177.080, -0.500, 0.200, -0.104, 0.008, 0.137
177.100, -0.500, 0.200, -0.105, 0.009, 0.136
177.120, -0.500, 0.200, -0.105, 0.009, 0.136
177.140, -0.500, 0.200, -0.104, 0.009, 0.136
177.160, -0.500, 0.200, -0.104, 0.009, 0.136
177.180, -0.500, 0.200, -0.104, 0.008, 0.136
177.200, -0.500, 0.200, -0.104, 0.008, 0.137
177.220, -0.500, 0.200, -0.105, 0.008, 0.139
177.240, -0.500, 0.200, -0.105, 0.008, 0.141
177.260, -0.500, 0.200, -0.105, 0.008, 0.143
177.280, -0.500, 0.200, -0.105, 0.009, 0.145
177.300, -0.500, 0.200, -0.105, 0.009, 0.147
177.320, -0.500, 0.200, -0.105, 0.010, 0.150
177.340, -0.500, 0.200, -0.104, 0.011, 0.152
177.360, -0.500, 0.200, -0.104, 0.012, 0.154
177.380, -0.500, 0.200, -0.104, 0.013, 0.156
177.400, -0.500, 0.200, -0.103, 0.015, 0.158
177.420, -0.500, 0.200, -0.103, 0.016, 0.161
177.440, -0.500, 0.200, -0.102, 0.018, 0.163
177.460, -0.500, 0.200, -0.101, 0.019, 0.167
177.480, -0.500, 0.200, -0.099, 0.022, 0.169
177.500, -0.500, 0.200, -0.096, 0.024, 0.171
177.520, -0.500, 0.200, -0.093, 0.026, 0.170
177.540, -0.500, 0.200, -0.092, 0.029, 0.168
177.560, -0.500, 0.200, -0.094, 0.031, 0.166
177.580, -0.500, 0.200, -0.098, 0.033, 0.165
177.600, -0.500, 0.200, -0.103, 0.036, 0.164
177.620, -0.500, 0.200, -0.108, 0.039, 0.162
177.640, -0.500, 0.200, -0.114, 0.042, 0.161
177.660, -0.500, 0.200, -0.121, 0.045, 0.159
177.680, -0.500, 0.200, -0.127, 0.047, 0.157
177.700, -0.500, 0.200, -0.132, 0.050, 0.155
177.720, -0.500, 0.200, -0.136, 0.051, 0.153
177.740, -0.500, 0.200, -0.139, 0.052, 0.151
177.760, -0.500, 0.200, -0.140, 0.052, 0.149
177.780, -0.500, 0.200, -0.141, 0.052, 0.148
177.800, -0.500, 0.200, -0.140, 0.051, 0.147
177.820, -0.500, 0.200, -0.140, 0.050, 0.145
177.840, -0.500, 0.200, -0.138, 0.050, 0.144
177.860, -0.500, 0.200, -0.137, 0.050, 0.144
177.880, -0.500, 0.200, -0.137, 0.049, 0.144
177.900, -0.500, 0.200, -0.136, 0.049, 0.145
177.920, -0.500, 0.200, -0.136, 0.049, 0.147
177.940, -0.500, 0.200, -0.136, 0.049, 0.150
177.960, -0.500, 0.200, -0.136, 0.049, 0.153
177.980, -0.500, 0.200, -0.135, 0.050, 0.156
178.000, -0.500, 0.200, -0.135, 0.050, 0.159
178.020, -0.500, 0.200, -0.134, 0.050, 0.162
178.040, -0.500, 0.200, -0.134, 0.051, 0.166
178.060, -0.500, 0.200, -0.133, 0.051, 0.169
178.080, -0.500, 0.200, -0.133, 0.052, 0.172
178.100, -0.500, 0.200, -0.132, 0.052, 0.175
178.120, -0.500, 0.200, -0.132, 0.052, 0.179
178.140, -0.500, 0.200, -0.130, 0.051, 0.182
178.160, -0.500, 0.200, -0.129, 0.050, 0.185
178.180, -0.500, 0.200, -0.130, 0.049, 0.187
178.200, -0.500, 0.200, -0.132, 0.049, 0.187
178.220, -0.500, 0.200, -0.137, 0.049, 0.186
178.240, -0.500, 0.200, -0.145, 0.050, 0.184
178.260, -0.500, 0.200, -0.155, 0.051, 0.180
178.280, -0.500, 0.200, -0.167, 0.053, 0.175
178.300, -0.500, 0.200, -0.182, 0.055, 0.167
178.320, -0.500, 0.200, -0.197, 0.057, 0.158
178.340, -0.500, 0.200, -0.214, 0.058, 0.149
178.360, -0.500, 0.200, -0.230, 0.060, 0.142
178.380, -0.500, 0.200, -0.240, 0.064, 0.138
178.400, -0.500, 0.200, -0.249, 0.069, 0.135
178.420, -0.500, 0.200, -0.254, 0.073, 0.137
178.440, -0.500, 0.200, -0.256, 0.073, 0.138
178.460, -0.500, 0.200, -0.256, 0.073, 0.139
178.480, -0.500, 0.200, -0.256, 0.074, 0.139
178.500, -0.500, 0.200, -0.257, 0.074, 0.140
178.520, -0.500, 0.200, -0.257, 0.075, 0.141
178.540, -0.500, 0.200, -0.258, 0.075, 0.141
178.560, -0.500, 0.200, -0.259, 0.076, 0.142
178.580, -0.500, 0.200, -0.259, 0.076, 0.142
178.600, -0.500, 0.200, -0.259, 0.076, 0.143
178.620, -0.500, 0.200, -0.259, 0.076, 0.144
178.640, -0.500, 0.200, -0.259, 0.076, 0.144
178.660, -0.500, 0.200, -0.259, 0.075, 0.145
178.680, -0.500, 0.200, -0.259, 0.075, 0.146
178.700, -0.500, 0.200, -0.259, 0.075, 0.147
178.720, -0.500, 0.200, -0.258, 0.075, 0.148
178.740, -0.500, 0.200, -0.258, 0.075, 0.150
178.760, -0.500, 0.200, -0.257, 0.075, 0.153
178.780, -0.500, 0.200, -0.255, 0.076, 0.157
178.800, -0.500, 0.200, -0.253, 0.077, 0.160
178.820, -0.500, 0.200, -0.250, 0.079, 0.162
178.840, -0.500, 0.200, -0.248, 0.082, 0.162
178.860, -0.500, 0.200, -0.250, 0.084, 0.162
178.880, -0.500, 0.200, -0.256, 0.086, 0.161
178.900, -0.500, 0.200, -0.265, 0.090, 0.159
178.920, -0.500, 0.200, -0.276, 0.094, 0.155
178.940, -0.500, 0.200, -0.290, 0.100, 0.150
178.960, -0.500, 0.200, -0.305, 0.105, 0.142
178.980, -0.500, 0.200, -0.319, 0.111, 0.134
179.000, -0.500, 0.200, -0.333, 0.116, 0.123
179.020, -0.500, 0.200, -0.343, 0.120, 0.124
179.040, -0.500, 0.200, -0.346, 0.121, 0.123
179.060, -0.500, 0.200, -0.347, 0.122, 0.121
179.080, -0.500, 0.200, -0.346, 0.124, 0.119
179.100, -0.500, 0.200, -0.343, 0.124, 0.116
179.120, -0.500, 0.200, -0.341, 0.124, 0.114
179.140, -0.500, 0.200, -0.339, 0.124, 0.113
179.160, -0.500, 0.200, -0.338, 0.123, 0.113
179.180, -0.500, 0.200, -0.337, 0.123, 0.114
179.200, -0.500, 0.200, -0.338, 0.123, 0.116
179.220, -0.500, 0.200, -0.338, 0.122, 0.119
179.240, -0.500, 0.200, -0.339, 0.122, 0.122
179.260, -0.500, 0.200, -0.340, 0.121, 0.125
179.280, -0.500, 0.200, -0.341, 0.120, 0.128
179.300, -0.500, 0.200, -0.341, 0.118, 0.131
179.320, -0.500, 0.200, -0.342, 0.117, 0.134
179.340, -0.500, 0.200, -0.343, 0.115, 0.136
179.360, -0.500, 0.200, -0.344, 0.114, 0.138
179.380, -0.500, 0.200, -0.345, 0.113, 0.141
179.400, -0.500, 0.200, -0.346, 0.112, 0.144
179.420, -0.500, 0.200, -0.348, 0.111, 0.149
179.440, -0.500, 0.200, -0.349, 0.111, 0.153
179.460, -0.500, 0.200, -0.350, 0.111, 0.157
179.480, -0.500, 0.200, -0.350, 0.113, 0.159
179.500, -0.500, 0.200, -0.352, 0.114, 0.159
179.520, -0.500, 0.200, -0.356, 0.117, 0.157
179.540, -0.500, 0.200, -0.363, 0.119, 0.155
179.560, -0.500, 0.200, -0.371, 0.121, 0.153
179.580, -0.500, 0.200, -0.378, 0.123, 0.152
179.600, -0.500, 0.200, -0.386, 0.126, 0.150
179.620, -0.500, 0.200, -0.393, 0.128, 0.148
179.640, -0.500, 0.200, -0.399, 0.130, 0.145
179.660, -0.500, 0.200, -0.405, 0.132, 0.143
179.680, -0.500, 0.200, -0.410, 0.133, 0.141
179.700, -0.500, 0.200, -0.415, 0.134, 0.139
179.720, -0.500, 0.200, -0.418, 0.135, 0.137
179.740, -0.500, 0.200, -0.421, 0.136, 0.135
179.760, -0.500, 0.200, -0.423, 0.136, 0.133
179.780, -0.500, 0.200, -0.425, 0.136, 0.131
179.800, -0.500, 0.200, -0.425, 0.138, 0.133
179.820, -0.500, 0.200, -0.425, 0.138, 0.134
179.840, -0.500, 0.200, -0.425, 0.137, 0.135
179.860, -0.500, 0.200, -0.426, 0.136, 0.136
179.880, -0.500, 0.200, -0.426, 0.136, 0.138
179.900, -0.500, 0.200, -0.427, 0.137, 0.139
179.920, -0.500, 0.200, -0.427, 0.137, 0.141
179.940, -0.500, 0.200, -0.427, 0.138, 0.143
179.960, -0.500, 0.200, -0.427, 0.138, 0.145
179.980, -0.500, 0.200, -0.428, 0.138, 0.146
180.000, -0.500, 0.200, -0.428, 0.138, 0.148
180.020, -0.500, 0.200, -0.428, 0.137, 0.149
180.040, -0.500, 0.200, -0.428, 0.137, 0.151
180.060, -0.500, 0.200, -0.428, 0.137, 0.152
180.080, -0.500, 0.200, -0.428, 0.137, 0.155
180.100, -0.500, 0.200, -0.428, 0.138, 0.157
180.120, -0.500, 0.200, -0.426, 0.140, 0.157
180.140, -0.500, 0.200, -0.425, 0.142, 0.156
180.160, -0.500, 0.200, -0.425, 0.144, 0.153
180.180, -0.500, 0.200, -0.429, 0.145, 0.150
180.200, -0.500, 0.200, -0.435, 0.148, 0.149
180.220, -0.500, 0.200, -0.440, 0.151, 0.148
180.240, -0.500, 0.200, -0.445, 0.154, 0.147
180.260, -0.500, 0.200, -0.451, 0.158, 0.145
180.280, -0.500, 0.200, -0.457, 0.161, 0.143
180.300, -0.500, 0.200, -0.462, 0.164, 0.142
180.320, -0.500, 0.200, -0.466, 0.167, 0.140
180.340, -0.500, 0.200, -0.469, 0.170, 0.137
180.360, -0.500, 0.200, -0.471, 0.173, 0.136
180.380, -0.500, 0.200, -0.472, 0.174, 0.135
180.400, -0.500, 0.200, -0.472, 0.175, 0.134
180.420, -0.500, 0.200, -0.471, 0.176, 0.132
180.440, -0.500, 0.200, -0.471, 0.177, 0.131
180.460, -0.500, 0.200, -0.470, 0.178, 0.130
180.480, -0.500, 0.200, -0.470, 0.179, 0.130
180.500, -0.500, 0.200, -0.470, 0.179, 0.130
180.520, -0.500, 0.200, -0.469, 0.179, 0.131
180.540, -0.500, 0.200, -0.469, 0.178, 0.133
180.560, -0.500, 0.200, -0.470, 0.178, 0.135
182.600, -0.500, 0.300, 0.000, 0.000, 0.227
182.620, -0.500, 0.300, 0.001, 0.000, 0.220
182.640, -0.500, 0.300, -0.001, 0.002, 0.214
182.660, -0.500, 0.300, -0.004, 0.004, 0.205
182.680, -0.500, 0.300, -0.010, 0.008, 0.197
182.700, -0.500, 0.300, -0.017, 0.012, 0.189
182.720, -0.500, 0.300, -0.025, 0.017, 0.181
182.740, -0.500, 0.300, -0.035, 0.021, 0.173
182.760, -0.500, 0.300, -0.046, 0.025, 0.167
182.780, -0.500, 0.300, -0.057, 0.027, 0.162
182.800, -0.500, 0.300, -0.066, 0.027, 0.158
182.820, -0.500, 0.300, -0.073, 0.026, 0.160
182.840, -0.500, 0.300, -0.076, 0.023, 0.162
182.860, -0.500, 0.300, -0.077, 0.018, 0.163
182.880, -0.500, 0.300, -0.076, 0.013, 0.163
182.900, -0.500, 0.300, -0.076, 0.009, 0.162
182.920, -0.500, 0.300, -0.077, 0.006, 0.162
182.940, -0.500, 0.300, -0.080, 0.006, 0.160
182.960, -0.500, 0.300, -0.083, 0.006, 0.159
182.980, -0.500, 0.300, -0.087, 0.006, 0.157
183.000, -0.500, 0.300, -0.089, 0.006, 0.154
183.020, -0.500, 0.300, -0.091, 0.006, 0.152
183.040, -0.500, 0.300, -0.091, 0.005, 0.149
183.060, -0.500, 0.300, -0.091, 0.005, 0.147
183.080, -0.500, 0.300, -0.091, 0.005, 0.145
183.100, -0.500, 0.300, -0.092, 0.006, 0.143
183.120, -0.500, 0.300, -0.094, 0.008, 0.141
183.140, -0.500, 0.300, -0.097, 0.011, 0.140
183.160, -0.500, 0.300, -0.100, 0.013, 0.140
183.180, -0.500, 0.300, -0.103, 0.015, 0.139
183.200, -0.500, 0.300, -0.105, 0.016, 0.139
183.220, -0.500, 0.300, -0.106, 0.016, 0.140
183.240, -0.500, 0.300, -0.107, 0.015, 0.141
183.260, -0.500, 0.300, -0.106, 0.015, 0.143
183.280, -0.500, 0.300, -0.106, 0.015, 0.145
183.300, -0.500, 0.300, -0.105, 0.015, 0.147
183.320, -0.500, 0.300, -0.104, 0.016, 0.150
183.340, -0.500, 0.300, -0.104, 0.017, 0.152
183.360, -0.500, 0.300, -0.103, 0.018, 0.155
183.380, -0.500, 0.300, -0.102, 0.019, 0.157
183.400, -0.500, 0.300, -0.102, 0.021, 0.159
183.420, -0.500, 0.300, -0.101, 0.022, 0.161
183.440, -0.500, 0.300, -0.100, 0.024, 0.164
183.460, -0.500, 0.300, -0.099, 0.026, 0.167
183.480, -0.500, 0.300, -0.098, 0.028, 0.170
183.500, -0.500, 0.300, -0.095, 0.030, 0.173
183.520, -0.500, 0.300, -0.091, 0.032, 0.174
183.540, -0.500, 0.300, -0.088, 0.035, 0.173
183.560, -0.500, 0.300, -0.087, 0.038, 0.171
183.580, -0.500, 0.300, -0.089, 0.041, 0.170
183.600, -0.500, 0.300, -0.092, 0.045, 0.169
183.620, -0.500, 0.300, -0.097, 0.050, 0.168
183.640, -0.500, 0.300, -0.103, 0.055, 0.167
183.660, -0.500, 0.300, -0.109, 0.061, 0.165
183.680, -0.500, 0.300, -0.116, 0.067, 0.163
183.700, -0.500, 0.300, -0.122, 0.073, 0.161
183.720, -0.500, 0.300, -0.127, 0.078, 0.159
183.740, -0.500, 0.300, -0.131, 0.082, 0.157
183.760, -0.500, 0.300, -0.133, 0.086, 0.156
183.780, -0.500, 0.300, -0.134, 0.088, 0.154
183.800, -0.500, 0.300, -0.134, 0.090, 0.153
183.820, -0.500, 0.300, -0.133, 0.090, 0.152
183.840, -0.500, 0.300, -0.132, 0.091, 0.151
183.860, -0.500, 0.300, -0.130, 0.091, 0.150
183.880, -0.500, 0.300, -0.128, 0.091, 0.149
183.900, -0.500, 0.300, -0.126, 0.091, 0.149
183.920, -0.500, 0.300, -0.125, 0.090, 0.149
183.940, -0.500, 0.300, -0.124, 0.089, 0.150
183.960, -0.500, 0.300, -0.124, 0.088, 0.152
183.980, -0.500, 0.300, -0.124, 0.087, 0.154
184.000, -0.500, 0.300, -0.124, 0.087, 0.156
184.020, -0.500, 0.300, -0.124, 0.086, 0.159
184.040, -0.500, 0.300, -0.124, 0.085, 0.162
184.060, -0.500, 0.300, -0.124, 0.085, 0.166
184.080, -0.500, 0.300, -0.124, 0.085, 0.169
184.100, -0.500, 0.300, -0.124, 0.084, 0.173
184.120, -0.500, 0.300, -0.124, 0.084, 0.177
184.140, -0.500, 0.300, -0.123, 0.083, 0.182
184.160, -0.500, 0.300, -0.122, 0.082, 0.187
184.180, -0.500, 0.300, -0.120, 0.080, 0.191
184.200, -0.500, 0.300, -0.119, 0.079, 0.194
184.220, -0.500, 0.300, -0.120, 0.080, 0.195
184.240, -0.500, 0.300, -0.124, 0.081, 0.195
184.260, -0.500, 0.300, -0.130, 0.085, 0.192
184.280, -0.500, 0.300, -0.140, 0.090, 0.189
184.300, -0.500, 0.300, -0.152, 0.097, 0.184
184.320, -0.500, 0.300, -0.166, 0.104, 0.178
184.340, -0.500, 0.300, -0.183, 0.112, 0.171
184.360, -0.500, 0.300, -0.199, 0.118, 0.163
184.380, -0.500, 0.300, -0.212, 0.124, 0.157
184.400, -0.500, 0.300, -0.223, 0.131, 0.153
184.420, -0.500, 0.300, -0.232, 0.137, 0.148
184.440, -0.500, 0.300, -0.240, 0.139, 0.148
184.460, -0.500, 0.300, -0.245, 0.138, 0.147
184.480, -0.500, 0.300, -0.250, 0.134, 0.145
184.500, -0.500, 0.300, -0.254, 0.131, 0.143
184.520, -0.500, 0.300, -0.257, 0.127, 0.143
184.540, -0.500, 0.300, -0.258, 0.125, 0.144
184.560, -0.500, 0.300, -0.260, 0.127, 0.145
184.580, -0.500, 0.300, -0.261, 0.130, 0.147
184.600, -0.500, 0.300, -0.263, 0.132, 0.147
184.620, -0.500, 0.300, -0.265, 0.134, 0.148
184.640, -0.500, 0.300, -0.266, 0.135, 0.148
184.660, -0.500, 0.300, -0.267, 0.136, 0.148
184.680, -0.500, 0.300, -0.267, 0.136, 0.148
184.700, -0.500, 0.300, -0.268, 0.136, 0.148
184.720, -0.500, 0.300, -0.268, 0.135, 0.148
184.740, -0.500, 0.300, -0.267, 0.135, 0.149
184.760, -0.500, 0.300, -0.267, 0.134, 0.150
184.780, -0.500, 0.300, -0.266, 0.134, 0.153
184.800, -0.500, 0.300, -0.264, 0.134, 0.156
184.820, -0.500, 0.300, -0.261, 0.136, 0.159
184.840, -0.500, 0.300, -0.257, 0.137, 0.161
184.860, -0.500, 0.300, -0.255, 0.139, 0.162
184.880, -0.500, 0.300, -0.257, 0.142, 0.162
184.900, -0.500, 0.300, -0.262, 0.146, 0.161
184.920, -0.500, 0.300, -0.271, 0.151, 0.159
184.940, -0.500, 0.300, -0.284, 0.158, 0.156
184.960, -0.500, 0.300, -0.298, 0.166, 0.151
184.980, -0.500, 0.300, -0.313, 0.174, 0.144
185.000, -0.500, 0.300, -0.329, 0.182, 0.135
185.020, -0.500, 0.300, -0.344, 0.189, 0.125
185.040, -0.500, 0.300, -0.354, 0.194, 0.123
185.060, -0.500, 0.300, -0.359, 0.194, 0.124
185.080, -0.500, 0.300, -0.358, 0.194, 0.123
185.100, -0.500, 0.300, -0.356, 0.194, 0.121
185.120, -0.500, 0.300, -0.353, 0.194, 0.119
185.140, -0.500, 0.300, -0.349, 0.195, 0.117
185.160, -0.500, 0.300, -0.347, 0.195, 0.115
185.180, -0.500, 0.300, -0.345, 0.196, 0.114
185.200, -0.500, 0.300, -0.344, 0.196, 0.115
185.220, -0.500, 0.300, -0.344, 0.196, 0.116
185.240, -0.500, 0.300, -0.344, 0.196, 0.118
185.260, -0.500, 0.300, -0.345, 0.196, 0.121
185.280, -0.500, 0.300, -0.345, 0.195, 0.124
185.300, -0.500, 0.300, -0.346, 0.195, 0.127
185.320, -0.500, 0.300, -0.347, 0.194, 0.131
185.340, -0.500, 0.300, -0.347, 0.192, 0.134
185.360, -0.500, 0.300, -0.348, 0.191, 0.136
185.380, -0.500, 0.300, -0.349, 0.190, 0.139
185.400, -0.500, 0.300, -0.350, 0.188, 0.142
185.420, -0.500, 0.300, -0.352, 0.187, 0.146
185.440, -0.500, 0.300, -0.354, 0.186, 0.150
185.460, -0.500, 0.300, -0.356, 0.185, 0.155
185.480, -0.500, 0.300, -0.357, 0.184, 0.159
185.500, -0.500, 0.300, -0.359, 0.185, 0.162
185.520, -0.500, 0.300, -0.363, 0.186, 0.162
185.540, -0.500, 0.300, -0.369, 0.188, 0.161
185.560, -0.500, 0.300, -0.377, 0.190, 0.158
185.580, -0.500, 0.300, -0.388, 0.192, 0.154
185.600, -0.500, 0.300, -0.399, 0.193, 0.151
185.620, -0.500, 0.300, -0.410, 0.196, 0.148
185.640, -0.500, 0.300, -0.419, 0.199, 0.146
185.660, -0.500, 0.300, -0.428, 0.203, 0.143
185.680, -0.500, 0.300, -0.436, 0.207, 0.140
185.700, -0.500, 0.300, -0.443, 0.211, 0.138
185.720, -0.500, 0.300, -0.450, 0.215, 0.135
185.740, -0.500, 0.300, -0.457, 0.218, 0.132
185.760, -0.500, 0.300, -0.463, 0.220, 0.130
185.780, -0.500, 0.300, -0.468, 0.223, 0.129
185.800, -0.500, 0.300, -0.470, 0.224, 0.131
185.820, -0.500, 0.300, -0.470, 0.224, 0.132
185.840, -0.500, 0.300, -0.471, 0.225, 0.133
185.860, -0.500, 0.300, -0.472, 0.225, 0.134
185.880, -0.500, 0.300, -0.473, 0.226, 0.135
185.900, -0.500, 0.300, -0.475, 0.227, 0.136
185.920, -0.500, 0.300, -0.476, 0.229, 0.137
185.940, -0.500, 0.300, -0.476, 0.230, 0.138
185.960, -0.500, 0.300, -0.477, 0.231, 0.139
185.980, -0.500, 0.300, -0.478, 0.231, 0.140
186.000, -0.500, 0.300, -0.478, 0.231, 0.142
186.020, -0.500, 0.300, -0.478, 0.231, 0.143
186.040, -0.500, 0.300, -0.478, 0.230, 0.144
186.060, -0.500, 0.300, -0.478, 0.230, 0.145
186.080, -0.500, 0.300, -0.477, 0.229, 0.147
186.100, -0.500, 0.300, -0.476, 0.228, 0.149
186.120, -0.500, 0.300, -0.475, 0.228, 0.152
186.140, -0.500, 0.300, -0.472, 0.229, 0.152
186.160, -0.500, 0.300, -0.470, 0.230, 0.152
186.180, -0.500, 0.300, -0.470, 0.232, 0.151
186.200, -0.500, 0.300, -0.472, 0.234, 0.150
186.220, -0.500, 0.300, -0.477, 0.237, 0.148
186.240, -0.500, 0.300, -0.483, 0.241, 0.146
186.260, -0.500, 0.300, -0.490, 0.247, 0.144
186.280, -0.500, 0.300, -0.497, 0.253, 0.144
186.300, -0.500, 0.300, -0.505, 0.260, 0.144
186.320, -0.500, 0.300, -0.512, 0.267, 0.143
186.340, -0.500, 0.300, -0.518, 0.273, 0.142
186.360, -0.500, 0.300, -0.523, 0.279, 0.141
186.380, -0.500, 0.300, -0.526, 0.285, 0.141
186.400, -0.500, 0.300, -0.529, 0.290, 0.140
186.420, -0.500, 0.300, -0.530, 0.295, 0.138
186.440, -0.500, 0.300, -0.529, 0.299, 0.137
186.460, -0.500, 0.300, -0.528, 0.303, 0.136
186.480, -0.500, 0.300, -0.526, 0.306, 0.134
186.500, -0.500, 0.300, -0.524, 0.309, 0.132
186.520, -0.500, 0.300, -0.523, 0.311, 0.130
186.540, -0.500, 0.300, -0.522, 0.313, 0.130
186.560, -0.500, 0.300, -0.522, 0.313, 0.130
186.580, -0.500, 0.300, -0.522, 0.313, 0.131
188.620, -0.500, 0.400, 0.000, 0.000, 0.227
188.640, -0.500, 0.400, 0.001, 0.000, 0.220
188.660, -0.500, 0.400, -0.001, 0.001, 0.214
188.680, -0.500, 0.400, -0.004, 0.004, 0.205
188.700, -0.500, 0.400, -0.010, 0.008, 0.196
188.720, -0.500, 0.400, -0.017, 0.013, 0.188
188.740, -0.500, 0.400, -0.025, 0.018, 0.180
188.760, -0.500, 0.400, -0.035, 0.024, 0.172
188.780, -0.500, 0.400, -0.046, 0.028, 0.166
188.800, -0.500, 0.400, -0.056, 0.030, 0.161
188.820, -0.500, 0.400, -0.066, 0.031, 0.158
188.840, -0.500, 0.400, -0.072, 0.030, 0.160
188.860, -0.500, 0.400, -0.075, 0.026, 0.162
188.880, -0.500, 0.400, -0.076, 0.021, 0.163
188.900, -0.500, 0.400, -0.075, 0.016, 0.164
188.920, -0.500, 0.400, -0.075, 0.012, 0.164
188.940, -0.500, 0.400, -0.077, 0.010, 0.164
188.960, -0.500, 0.400, -0.080, 0.010, 0.161
188.980, -0.500, 0.400, -0.084, 0.013, 0.158
189.000, -0.500, 0.400, -0.090, 0.017, 0.152
189.020, -0.500, 0.400, -0.097, 0.024, 0.146
189.040, -0.500, 0.400, -0.105, 0.032, 0.138
189.060, -0.500, 0.400, -0.112, 0.040, 0.135
189.080, -0.500, 0.400, -0.116, 0.049, 0.135
189.100, -0.500, 0.400, -0.117, 0.054, 0.136
189.120, -0.500, 0.400, -0.119, 0.059, 0.136
189.140, -0.500, 0.400, -0.120, 0.062, 0.136
189.160, -0.500, 0.400, -0.120, 0.065, 0.136
189.180, -0.500, 0.400, -0.121, 0.066, 0.136
189.200, -0.500, 0.400, -0.122, 0.067, 0.136
189.220, -0.500, 0.400, -0.123, 0.068, 0.137
189.240, -0.500, 0.400, -0.123, 0.068, 0.137
189.260, -0.500, 0.400, -0.124, 0.068, 0.137
189.280, -0.500, 0.400, -0.125, 0.068, 0.138
189.300, -0.500, 0.400, -0.125, 0.069, 0.138
189.320, -0.500, 0.400, -0.126, 0.069, 0.138
189.340, -0.500, 0.400, -0.127, 0.070, 0.139
189.360, -0.500, 0.400, -0.128, 0.070, 0.139
189.380, -0.500, 0.400, -0.129, 0.071, 0.139
189.400, -0.500, 0.400, -0.130, 0.072, 0.140
189.420, -0.500, 0.400, -0.131, 0.072, 0.140
189.440, -0.500, 0.400, -0.132, 0.073, 0.141
189.460, -0.500, 0.400, -0.133, 0.073, 0.142
189.480, -0.500, 0.400, -0.133, 0.074, 0.144
189.500, -0.500, 0.400, -0.134, 0.074, 0.147
189.520, -0.500, 0.400, -0.132, 0.075, 0.150
189.540, -0.500, 0.400, -0.129, 0.076, 0.152
189.560, -0.500, 0.400, -0.127, 0.077, 0.153
189.580, -0.500, 0.400, -0.127, 0.079, 0.152
189.600, -0.500, 0.400, -0.131, 0.084, 0.151
189.620, -0.500, 0.400, -0.137, 0.090, 0.150
189.640, -0.500, 0.400, -0.144, 0.099, 0.148
189.660, -0.500, 0.400, -0.151, 0.108, 0.145
189.680, -0.500, 0.400, -0.157, 0.118, 0.143
189.700, -0.500, 0.400, -0.162, 0.128, 0.143
189.720, -0.500, 0.400, -0.166, 0.138, 0.141
189.740, -0.500, 0.400, -0.169, 0.147, 0.140
189.760, -0.500, 0.400, -0.171, 0.155, 0.139
189.780, -0.500, 0.400, -0.172, 0.161, 0.138
189.800, -0.500, 0.400, -0.171, 0.167, 0.137
189.820, -0.500, 0.400, -0.169, 0.172, 0.136
189.840, -0.500, 0.400, -0.166, 0.176, 0.135
189.860, -0.500, 0.400, -0.162, 0.179, 0.134
189.880, -0.500, 0.400, -0.158, 0.181, 0.132
189.900, -0.500, 0.400, -0.154, 0.183, 0.129
189.920, -0.500, 0.400, -0.151, 0.185, 0.127
189.940, -0.500, 0.400, -0.149, 0.187, 0.125
189.960, -0.500, 0.400, -0.148, 0.188, 0.125
189.980, -0.500, 0.400, -0.148, 0.188, 0.126
190.000, -0.500, 0.400, -0.148, 0.187, 0.128
190.020, -0.500, 0.400, -0.148, 0.185, 0.131
190.040, -0.500, 0.400, -0.148, 0.183, 0.134
190.060, -0.500, 0.400, -0.149, 0.181, 0.138
190.080, -0.500, 0.400, -0.149, 0.178, 0.142
190.100, -0.500, 0.400, -0.150, 0.176, 0.146
190.120, -0.500, 0.400, -0.151, 0.174, 0.150
190.140, -0.500, 0.400, -0.153, 0.171, 0.155
190.160, -0.500, 0.400, -0.154, 0.168, 0.160
190.180, -0.500, 0.400, -0.155, 0.166, 0.166
190.200, -0.500, 0.400, -0.156, 0.164, 0.170
190.220, -0.500, 0.400, -0.159, 0.164, 0.172
190.240, -0.500, 0.400, -0.164, 0.166, 0.171
190.260, -0.500, 0.400, -0.171, 0.169, 0.168
190.280, -0.500, 0.400, -0.181, 0.174, 0.163
190.300, -0.500, 0.400, -0.194, 0.179, 0.156
190.320, -0.500, 0.400, -0.208, 0.185, 0.149
190.340, -0.500, 0.400, -0.220, 0.192, 0.146
190.360, -0.500, 0.400, -0.230, 0.201, 0.144
190.380, -0.500, 0.400, -0.241, 0.208, 0.142
190.400, -0.500, 0.400, -0.252, 0.214, 0.140
190.420, -0.500, 0.400, -0.263, 0.219, 0.138
190.440, -0.500, 0.400, -0.274, 0.223, 0.136
190.460, -0.500, 0.400, -0.285, 0.226, 0.133
190.480, -0.500, 0.400, -0.295, 0.228, 0.130
190.500, -0.500, 0.400, -0.302, 0.230, 0.133
190.520, -0.500, 0.400, -0.305, 0.231, 0.135
190.540, -0.500, 0.400, -0.307, 0.233, 0.136
190.560, -0.500, 0.400, -0.308, 0.235, 0.136
190.580, -0.500, 0.400, -0.309, 0.237, 0.137
190.600, -0.500, 0.400, -0.310, 0.238, 0.137
190.620, -0.500, 0.400, -0.312, 0.240, 0.138
190.640, -0.500, 0.400, -0.313, 0.242, 0.138
190.660, -0.500, 0.400, -0.313, 0.242, 0.139
190.680, -0.500, 0.400, -0.314, 0.243, 0.139
190.700, -0.500, 0.400, -0.314, 0.243, 0.140
190.720, -0.500, 0.400, -0.314, 0.243, 0.140
190.740, -0.500, 0.400, -0.313, 0.242, 0.141
190.760, -0.500, 0.400, -0.313, 0.242, 0.142
190.780, -0.500, 0.400, -0.312, 0.241, 0.143
190.800, -0.500, 0.400, -0.311, 0.240, 0.145
190.820, -0.500, 0.400, -0.309, 0.239, 0.148
190.840, -0.500, 0.400, -0.306, 0.239, 0.150
190.860, -0.500, 0.400, -0.303, 0.240, 0.152
190.880, -0.500, 0.400, -0.302, 0.241, 0.153
190.900, -0.500, 0.400, -0.305, 0.244, 0.153
190.920, -0.500, 0.400, -0.312, 0.248, 0.153
190.940, -0.500, 0.400, -0.323, 0.254, 0.151
190.960, -0.500, 0.400, -0.336, 0.262, 0.149
190.980, -0.500, 0.400, -0.348, 0.270, 0.147
191.000, -0.500, 0.400, -0.358, 0.277, 0.148
191.020, -0.500, 0.400, -0.367, 0.286, 0.149
191.040, -0.500, 0.400, -0.375, 0.295, 0.147
191.060, -0.500, 0.400, -0.380, 0.302, 0.146
191.080, -0.500, 0.400, -0.384, 0.309, 0.144
191.100, -0.500, 0.400, -0.386, 0.314, 0.143
191.120, -0.500, 0.400, -0.386, 0.318, 0.142
191.140, -0.500, 0.400, -0.384, 0.321, 0.141
191.160, -0.500, 0.400, -0.380, 0.323, 0.139
191.180, -0.500, 0.400, -0.376, 0.325, 0.138
191.200, -0.500, 0.400, -0.371, 0.327, 0.136
191.220, -0.500, 0.400, -0.367, 0.328, 0.133
191.240, -0.500, 0.400, -0.363, 0.330, 0.130
191.260, -0.500, 0.400, -0.361, 0.332, 0.129
191.280, -0.500, 0.400, -0.360, 0.333, 0.129
191.300, -0.500, 0.400, -0.360, 0.334, 0.130
191.320, -0.500, 0.400, -0.360, 0.334, 0.132
191.340, -0.500, 0.400, -0.360, 0.333, 0.135
191.360, -0.500, 0.400, -0.360, 0.332, 0.138
191.380, -0.500, 0.400, -0.361, 0.330, 0.141
191.400, -0.500, 0.400, -0.361, 0.328, 0.145
191.420, -0.500, 0.400, -0.362, 0.325, 0.149
191.440, -0.500, 0.400, -0.363, 0.323, 0.154
191.460, -0.500, 0.400, -0.364, 0.320, 0.158
191.480, -0.500, 0.400, -0.365, 0.317, 0.164
191.500, -0.500, 0.400, -0.366, 0.314, 0.168
191.520, -0.500, 0.400, -0.368, 0.313, 0.172
191.540, -0.500, 0.400, -0.371, 0.311, 0.173
191.560, -0.500, 0.400, -0.377, 0.312, 0.172
191.580, -0.500, 0.400, -0.386, 0.314, 0.168
191.600, -0.500, 0.400, -0.399, 0.318, 0.162
191.620, -0.500, 0.400, -0.413, 0.322, 0.154
191.640, -0.500, 0.400, -0.429, 0.326, 0.149
191.660, -0.500, 0.400, -0.442, 0.333, 0.146
191.680, -0.500, 0.400, -0.453, 0.340, 0.143
191.700, -0.500, 0.400, -0.464, 0.346, 0.139
191.720, -0.500, 0.400, -0.475, 0.350, 0.135
191.740, -0.500, 0.400, -0.487, 0.352, 0.130
191.760, -0.500, 0.400, -0.497, 0.354, 0.128
191.780, -0.500, 0.400, -0.503, 0.353, 0.130
191.800, -0.500, 0.400, -0.507, 0.353, 0.132
191.820, -0.500, 0.400, -0.510, 0.353, 0.133
191.840, -0.500, 0.400, -0.512, 0.354, 0.134
191.860, -0.500, 0.400, -0.514, 0.355, 0.135
191.880, -0.500, 0.400, -0.515, 0.357, 0.135
191.900, -0.500, 0.400, -0.516, 0.358, 0.136
191.920, -0.500, 0.400, -0.517, 0.359, 0.136
191.940, -0.500, 0.400, -0.518, 0.360, 0.136
191.960, -0.500, 0.400, -0.519, 0.361, 0.137
191.980, -0.500, 0.400, -0.519, 0.361, 0.137
192.000, -0.500, 0.400, -0.519, 0.361, 0.137
192.020, -0.500, 0.400, -0.519, 0.360, 0.138
192.040, -0.500, 0.400, -0.519, 0.360, 0.138
192.060, -0.500, 0.400, -0.519, 0.359, 0.139
192.080, -0.500, 0.400, -0.518, 0.358, 0.140
192.100, -0.500, 0.400, -0.517, 0.357, 0.141
192.120, -0.500, 0.400, -0.516, 0.357, 0.144
192.140, -0.500, 0.400, -0.514, 0.357, 0.147
192.160, -0.500, 0.400, -0.511, 0.358, 0.149
192.180, -0.500, 0.400, -0.510, 0.359, 0.150
192.200, -0.500, 0.400, -0.511, 0.361, 0.151
192.220, -0.500, 0.400, -0.517, 0.364, 0.151
192.240, -0.500, 0.400, -0.527, 0.368, 0.150
192.260, -0.500, 0.400, -0.541, 0.374, 0.148
192.280, -0.500, 0.400, -0.556, 0.380, 0.148
192.300, -0.500, 0.400, -0.569, 0.385, 0.150
192.320, -0.500, 0.400, -0.580, 0.391, 0.151
192.340, -0.500, 0.400, -0.588, 0.399, 0.150
192.360, -0.500, 0.400, -0.593, 0.407, 0.149
192.380, -0.500, 0.400, -0.598, 0.414, 0.147
192.400, -0.500, 0.400, -0.600, 0.420, 0.145
192.420, -0.500, 0.400, -0.601, 0.426, 0.144
192.440, -0.500, 0.400, -0.600, 0.430, 0.143
192.460, -0.500, 0.400, -0.597, 0.434, 0.142
192.480, -0.500, 0.400, -0.593, 0.437, 0.141
192.500, -0.500, 0.400, -0.588, 0.440, 0.140
192.520, -0.500, 0.400, -0.582, 0.443, 0.138
192.540, -0.500, 0.400, -0.577, 0.445, 0.136
192.560, -0.500, 0.400, -0.573, 0.448, 0.134
192.580, -0.500, 0.400, -0.571, 0.451, 0.133
192.600, -0.500, 0.400, -0.571, 0.454, 0.133
194.640, -0.500, 0.500, 0.000, 0.000, 0.227
194.660, -0.500, 0.500, 0.001, 0.000, 0.220
194.680, -0.500, 0.500, -0.001, 0.001, 0.213
194.700, -0.500, 0.500, -0.004, 0.004, 0.205
194.720, -0.500, 0.500, -0.010, 0.009, 0.197
194.740, -0.500, 0.500, -0.017, 0.014, 0.189
194.760, -0.500, 0.500, -0.025, 0.021, 0.180
194.780, -0.500, 0.500, -0.035, 0.027, 0.173
194.800, -0.500, 0.500, -0.045, 0.033, 0.166
194.820, -0.500, 0.500, -0.056, 0.036, 0.161
194.840, -0.500, 0.500, -0.065, 0.038, 0.157
194.860, -0.500, 0.500, -0.073, 0.037, 0.158
194.880, -0.500, 0.500, -0.077, 0.034, 0.160
194.900, -0.500, 0.500, -0.078, 0.029, 0.162
194.920, -0.500, 0.500, -0.078, 0.023, 0.164
194.940, -0.500, 0.500, -0.078, 0.019, 0.165
194.960, -0.500, 0.500, -0.079, 0.018, 0.166
194.980, -0.500, 0.500, -0.082, 0.018, 0.164
195.000, -0.500, 0.500, -0.087, 0.021, 0.161
195.020, -0.500, 0.500, -0.093, 0.028, 0.155
195.040, -0.500, 0.500, -0.101, 0.037, 0.149
195.060, -0.500, 0.500, -0.110, 0.047, 0.142
195.080, -0.500, 0.500, -0.119, 0.057, 0.138
195.100, -0.500, 0.500, -0.125, 0.063, 0.138
195.120, -0.500, 0.500, -0.130, 0.070, 0.138
195.140, -0.500, 0.500, -0.132, 0.075, 0.138
195.160, -0.500, 0.500, -0.135, 0.079, 0.138
195.180, -0.500, 0.500, -0.137, 0.083, 0.138
195.200, -0.500, 0.500, -0.139, 0.085, 0.139
195.220, -0.500, 0.500, -0.141, 0.087, 0.139
195.240, -0.500, 0.500, -0.143, 0.087, 0.139
195.260, -0.500, 0.500, -0.143, 0.088, 0.140
195.280, -0.500, 0.500, -0.144, 0.088, 0.140
195.300, -0.500, 0.500, -0.144, 0.088, 0.140
195.320, -0.500, 0.500, -0.144, 0.089, 0.140
195.340, -0.500, 0.500, -0.145, 0.089, 0.141
195.360, -0.500, 0.500, -0.145, 0.090, 0.141
195.380, -0.500, 0.500, -0.146, 0.090, 0.141
195.400, -0.500, 0.500, -0.146, 0.091, 0.141
195.420, -0.500, 0.500, -0.147, 0.091, 0.141
195.440, -0.500, 0.500, -0.148, 0.091, 0.141
195.460, -0.500, 0.500, -0.149, 0.091, 0.142
195.480, -0.500, 0.500, -0.149, 0.091, 0.143
195.500, -0.500, 0.500, -0.150, 0.091, 0.144
195.520, -0.500, 0.500, -0.149, 0.091, 0.147
195.540, -0.500, 0.500, -0.148, 0.091, 0.150
195.560, -0.500, 0.500, -0.145, 0.092, 0.153
195.580, -0.500, 0.500, -0.143, 0.093, 0.155
195.600, -0.500, 0.500, -0.144, 0.096, 0.157
195.620, -0.500, 0.500, -0.148, 0.102, 0.157
195.640, -0.500, 0.500, -0.155, 0.112, 0.156
195.660, -0.500, 0.500, -0.164, 0.123, 0.154
195.680, -0.500, 0.500, -0.173, 0.135, 0.151
195.700, -0.500, 0.500, -0.182, 0.148, 0.146
195.720, -0.500, 0.500, -0.190, 0.162, 0.141
195.740, -0.500, 0.500, -0.197, 0.173, 0.141
195.760, -0.500, 0.500, -0.200, 0.184, 0.141
195.780, -0.500, 0.500, -0.201, 0.193, 0.139
195.800, -0.500, 0.500, -0.202, 0.201, 0.138
195.820, -0.500, 0.500, -0.200, 0.207, 0.137
195.840, -0.500, 0.500, -0.197, 0.212, 0.136
195.860, -0.500, 0.500, -0.193, 0.217, 0.134
195.880, -0.500, 0.500, -0.189, 0.221, 0.131
195.900, -0.500, 0.500, -0.183, 0.225, 0.129
195.920, -0.500, 0.500, -0.178, 0.229, 0.125
195.940, -0.500, 0.500, -0.175, 0.233, 0.121
195.960, -0.500, 0.500, -0.172, 0.236, 0.118
195.980, -0.500, 0.500, -0.170, 0.238, 0.117
196.000, -0.500, 0.500, -0.169, 0.239, 0.118
196.020, -0.500, 0.500, -0.167, 0.239, 0.120
196.040, -0.500, 0.500, -0.166, 0.239, 0.123
196.060, -0.500, 0.500, -0.164, 0.237, 0.127
196.080, -0.500, 0.500, -0.163, 0.235, 0.131
196.100, -0.500, 0.500, -0.161, 0.232, 0.136
196.120, -0.500, 0.500, -0.160, 0.229, 0.142
196.140, -0.500, 0.500, -0.159, 0.226, 0.147
196.160, -0.500, 0.500, -0.158, 0.223, 0.153
196.180, -0.500, 0.500, -0.158, 0.220, 0.160
196.200, -0.500, 0.500, -0.157, 0.217, 0.167
196.220, -0.500, 0.500, -0.158, 0.214, 0.172
196.240, -0.500, 0.500, -0.160, 0.213, 0.176
196.260, -0.500, 0.500, -0.165, 0.213, 0.177
196.280, -0.500, 0.500, -0.173, 0.216, 0.175
196.300, -0.500, 0.500, -0.184, 0.220, 0.170
196.320, -0.500, 0.500, -0.197, 0.225, 0.164
196.340, -0.500, 0.500, -0.211, 0.231, 0.157
196.360, -0.500, 0.500, -0.222, 0.237, 0.153
196.380, -0.500, 0.500, -0.234, 0.244, 0.151
196.400, -0.500, 0.500, -0.246, 0.249, 0.149
196.420, -0.500, 0.500, -0.259, 0.253, 0.147
196.440, -0.500, 0.500, -0.272, 0.256, 0.144
196.460, -0.500, 0.500, -0.285, 0.259, 0.143
196.480, -0.500, 0.500, -0.298, 0.262, 0.140
196.500, -0.500, 0.500, -0.311, 0.266, 0.137
196.520, -0.500, 0.500, -0.323, 0.269, 0.132
196.540, -0.500, 0.500, -0.336, 0.274, 0.128
196.560, -0.500, 0.500, -0.346, 0.278, 0.129
196.580, -0.500, 0.500, -0.351, 0.281, 0.130
196.600, -0.500, 0.500, -0.354, 0.284, 0.132
196.620, -0.500, 0.500, -0.354, 0.284, 0.134
196.640, -0.500, 0.500, -0.353, 0.285, 0.135
196.660, -0.500, 0.500, -0.352, 0.285, 0.136
196.680, -0.500, 0.500, -0.351, 0.285, 0.136
196.700, -0.500, 0.500, -0.350, 0.285, 0.136
196.720, -0.500, 0.500, -0.350, 0.284, 0.135
196.740, -0.500, 0.500, -0.350, 0.284, 0.135
196.760, -0.500, 0.500, -0.350, 0.283, 0.136
196.780, -0.500, 0.500, -0.350, 0.282, 0.136
196.800, -0.500, 0.500, -0.351, 0.282, 0.137
196.820, -0.500, 0.500, -0.351, 0.281, 0.139
196.840, -0.500, 0.500, -0.350, 0.281, 0.142
196.860, -0.500, 0.500, -0.348, 0.282, 0.145
196.880, -0.500, 0.500, -0.346, 0.283, 0.148
196.900, -0.500, 0.500, -0.347, 0.285, 0.150
196.920, -0.500, 0.500, -0.352, 0.289, 0.152
196.940, -0.500, 0.500, -0.360, 0.294, 0.155
196.960, -0.500, 0.500, -0.369, 0.299, 0.158
196.980, -0.500, 0.500, -0.380, 0.307, 0.161
197.000, -0.500, 0.500, -0.393, 0.316, 0.163
197.020, -0.500, 0.500, -0.406, 0.326, 0.164
197.040, -0.500, 0.500, -0.419, 0.337, 0.165
197.060, -0.500, 0.500, -0.430, 0.346, 0.164
197.080, -0.500, 0.500, -0.440, 0.355, 0.165
197.100, -0.500, 0.500, -0.446, 0.361, 0.164
197.120, -0.500, 0.500, -0.450, 0.365, 0.164
197.140, -0.500, 0.500, -0.451, 0.367, 0.163
197.160, -0.500, 0.500, -0.450, 0.368, 0.162
197.180, -0.500, 0.500, -0.447, 0.368, 0.160
197.200, -0.500, 0.500, -0.442, 0.368, 0.159
197.220, -0.500, 0.500, -0.435, 0.367, 0.158
197.240, -0.500, 0.500, -0.429, 0.368, 0.157
197.260, -0.500, 0.500, -0.422, 0.369, 0.156
197.280, -0.500, 0.500, -0.414, 0.372, 0.155
197.300, -0.500, 0.500, -0.407, 0.375, 0.154
197.320, -0.500, 0.500, -0.401, 0.378, 0.152
197.340, -0.500, 0.500, -0.398, 0.383, 0.151
197.360, -0.500, 0.500, -0.396, 0.387, 0.151
197.380, -0.500, 0.500, -0.395, 0.390, 0.152
197.400, -0.500, 0.500, -0.395, 0.391, 0.154
197.420, -0.500, 0.500, -0.395, 0.392, 0.156
197.440, -0.500, 0.500, -0.395, 0.392, 0.160
197.460, -0.500, 0.500, -0.395, 0.390, 0.164
197.480, -0.500, 0.500, -0.396, 0.388, 0.169
197.500, -0.500, 0.500, -0.395, 0.386, 0.174
197.520, -0.500, 0.500, -0.394, 0.382, 0.179
197.540, -0.500, 0.500, -0.393, 0.379, 0.182
197.560, -0.500, 0.500, -0.394, 0.376, 0.184
197.580, -0.500, 0.500, -0.399, 0.374, 0.184
197.600, -0.500, 0.500, -0.407, 0.374, 0.183
197.620, -0.500, 0.500, -0.419, 0.375, 0.179
197.640, -0.500, 0.500, -0.434, 0.377, 0.173
197.660, -0.500, 0.500, -0.451, 0.381, 0.165
197.680, -0.500, 0.500, -0.471, 0.383, 0.156
197.700, -0.500, 0.500, -0.487, 0.386, 0.150
197.720, -0.500, 0.500, -0.502, 0.391, 0.145
197.740, -0.500, 0.500, -0.517, 0.395, 0.139
197.760, -0.500, 0.500, -0.531, 0.397, 0.134
197.780, -0.500, 0.500, -0.543, 0.398, 0.132
197.800, -0.500, 0.500, -0.551, 0.398, 0.134
197.820, -0.500, 0.500, -0.556, 0.397, 0.136
197.840, -0.500, 0.500, -0.562, 0.398, 0.137
197.860, -0.500, 0.500, -0.568, 0.400, 0.137
197.880, -0.500, 0.500, -0.573, 0.403, 0.138
197.900, -0.500, 0.500, -0.578, 0.406, 0.137
197.920, -0.500, 0.500, -0.581, 0.408, 0.137
197.940, -0.500, 0.500, -0.584, 0.409, 0.137
197.960, -0.500, 0.500, -0.586, 0.410, 0.137
197.980, -0.500, 0.500, -0.587, 0.410, 0.138
198.000, -0.500, 0.500, -0.587, 0.410, 0.138
198.020, -0.500, 0.500, -0.586, 0.409, 0.138
198.040, -0.500, 0.500, -0.586, 0.409, 0.138
198.060, -0.500, 0.500, -0.585, 0.408, 0.139
198.080, -0.500, 0.500, -0.584, 0.407, 0.139
198.100, -0.500, 0.500, -0.583, 0.406, 0.139
198.120, -0.500, 0.500, -0.582, 0.404, 0.141
198.140, -0.500, 0.500, -0.581, 0.403, 0.144
198.160, -0.500, 0.500, -0.580, 0.402, 0.147
198.180, -0.500, 0.500, -0.577, 0.402, 0.150
198.200, -0.500, 0.500, -0.577, 0.403, 0.153
198.220, -0.500, 0.500, -0.580, 0.406, 0.155
198.240, -0.500, 0.500, -0.587, 0.410, 0.156
198.260, -0.500, 0.500, -0.600, 0.415, 0.156
198.280, -0.500, 0.500, -0.616, 0.422, 0.156
198.300, -0.500, 0.500, -0.635, 0.429, 0.154
198.320, -0.500, 0.500, -0.652, 0.436, 0.156
198.340, -0.500, 0.500, -0.666, 0.444, 0.158
198.360, -0.500, 0.500, -0.679, 0.454, 0.158
198.380, -0.500, 0.500, -0.689, 0.463, 0.157
198.400, -0.500, 0.500, -0.697, 0.470, 0.157
198.420, -0.500, 0.500, -0.701, 0.475, 0.156
198.440, -0.500, 0.500, -0.703, 0.479, 0.155
198.460, -0.500, 0.500, -0.702, 0.483, 0.154
198.480, -0.500, 0.500, -0.699, 0.485, 0.152
198.500, -0.500, 0.500, -0.694, 0.488, 0.151
198.520, -0.500, 0.500, -0.688, 0.491, 0.149
198.540, -0.500, 0.500, -0.682, 0.495, 0.148
198.560, -0.500, 0.500, -0.675, 0.499, 0.146
198.580, -0.500, 0.500, -0.669, 0.503, 0.144
198.600, -0.500, 0.500, -0.665, 0.507, 0.142
198.620, -0.500, 0.500, -0.663, 0.512, 0.140
200.660, 0.500, -0.500, 0.000, 0.000, 0.227
200.680, 0.500, -0.500, -0.001, -0.000, 0.223
200.700, 0.500, -0.500, -0.005, -0.002, 0.220
200.720, 0.500, -0.500, -0.010, -0.006, 0.214
200.740, 0.500, -0.500, -0.013, -0.012, 0.206
200.760, 0.500, -0.500, -0.014, -0.019, 0.198
200.780, 0.500, -0.500, -0.013, -0.026, 0.189
200.800, 0.500, -0.500, -0.011, -0.035, 0.182
200.820, 0.500, -0.500, -0.009, -0.043, 0.176
200.840, 0.500, -0.500, -0.008, -0.051, 0.172
200.860, 0.500, -0.500, -0.008, -0.058, 0.172
200.880, 0.500, -0.500, -0.008, -0.063, 0.174
200.900, 0.500, -0.500, -0.009, -0.066, 0.177
200.920, 0.500, -0.500, -0.009, -0.066, 0.180
200.940, 0.500, -0.500, -0.009, -0.063, 0.183
200.960, 0.500, -0.500, -0.011, -0.059, 0.183
200.980, 0.500, -0.500, -0.013, -0.057, 0.178
201.000, 0.500, -0.500, -0.012, -0.058, 0.173
201.020, 0.500, -0.500, -0.006, -0.065, 0.169
201.040, 0.500, -0.500, 0.001, -0.075, 0.165
201.060, 0.500, -0.500, 0.008, -0.086, 0.162
201.080, 0.500, -0.500, 0.016, -0.096, 0.160
201.100, 0.500, -0.500, 0.024, -0.105, 0.160
201.120, 0.500, -0.500, 0.031, -0.112, 0.161
201.140, 0.500, -0.500, 0.039, -0.117, 0.164
201.160, 0.500, -0.500, 0.046, -0.121, 0.167
201.180, 0.500, -0.500, 0.054, -0.124, 0.170
201.200, 0.500, -0.500, 0.061, -0.126, 0.173
201.220, 0.500, -0.500, 0.069, -0.129, 0.174
201.240, 0.500, -0.500, 0.075, -0.131, 0.174
201.260, 0.500, -0.500, 0.082, -0.134, 0.173
201.280, 0.500, -0.500, 0.088, -0.137, 0.171
201.300, 0.500, -0.500, 0.093, -0.141, 0.168
201.320, 0.500, -0.500, 0.098, -0.145, 0.165
201.340, 0.500, -0.500, 0.103, -0.149, 0.161
201.360, 0.500, -0.500, 0.108, -0.153, 0.156
201.380, 0.500, -0.500, 0.113, -0.157, 0.151
201.400, 0.500, -0.500, 0.117, -0.161, 0.147
201.420, 0.500, -0.500, 0.121, -0.165, 0.143
201.440, 0.500, -0.500, 0.124, -0.169, 0.140
201.460, 0.500, -0.500, 0.126, -0.173, 0.138
201.480, 0.500, -0.500, 0.129, -0.176, 0.141
201.500, 0.500, -0.500, 0.134, -0.178, 0.146
201.520, 0.500, -0.500, 0.140, -0.179, 0.150
201.540, 0.500, -0.500, 0.146, -0.180, 0.156
201.560, 0.500, -0.500, 0.153, -0.181, 0.162
201.580, 0.500, -0.500, 0.159, -0.181, 0.167
201.600, 0.500, -0.500, 0.164, -0.182, 0.172
201.620, 0.500, -0.500, 0.166, -0.183, 0.177
201.640, 0.500, -0.500, 0.166, -0.186, 0.181
201.660, 0.500, -0.500, 0.166, -0.190, 0.183
201.680, 0.500, -0.500, 0.165, -0.196, 0.184
201.700, 0.500, -0.500, 0.164, -0.203, 0.184
201.720, 0.500, -0.500, 0.163, -0.212, 0.183
201.740, 0.500, -0.500, 0.161, -0.221, 0.181
201.760, 0.500, -0.500, 0.160, -0.230, 0.178
201.780, 0.500, -0.500, 0.158, -0.239, 0.175
201.800, 0.500, -0.500, 0.155, -0.246, 0.171
201.820, 0.500, -0.500, 0.152, -0.253, 0.170
201.840, 0.500, -0.500, 0.149, -0.262, 0.167
201.860, 0.500, -0.500, 0.146, -0.269, 0.159
201.880, 0.500, -0.500, 0.148, -0.277, 0.150
201.900, 0.500, -0.500, 0.151, -0.284, 0.142
201.920, 0.500, -0.500, 0.154, -0.290, 0.134
201.940, 0.500, -0.500, 0.156, -0.294, 0.130
201.960, 0.500, -0.500, 0.157, -0.293, 0.134
201.980, 0.500, -0.500, 0.158, -0.289, 0.137
202.000, 0.500, -0.500, 0.159, -0.286, 0.139
202.020, 0.500, -0.500, 0.160, -0.285, 0.139
202.040, 0.500, -0.500, 0.160, -0.284, 0.139
202.060, 0.500, -0.500, 0.160, -0.284, 0.139
202.080, 0.500, -0.500, 0.161, -0.285, 0.139
202.100, 0.500, -0.500, 0.161, -0.287, 0.138
202.120, 0.500, -0.500, 0.162, -0.289, 0.139
202.140, 0.500, -0.500, 0.163, -0.291, 0.140
202.160, 0.500, -0.500, 0.164, -0.292, 0.142
202.180, 0.500, -0.500, 0.166, -0.292, 0.145
202.200, 0.500, -0.500, 0.168, -0.290, 0.147
202.220, 0.500, -0.500, 0.170, -0.288, 0.151
202.240, 0.500, -0.500, 0.172, -0.284, 0.155
202.260, 0.500, -0.500, 0.173, -0.282, 0.159
202.280, 0.500, -0.500, 0.174, -0.283, 0.160
202.300, 0.500, -0.500, 0.179, -0.285, 0.158
202.320, 0.500, -0.500, 0.183, -0.288, 0.154
202.340, 0.500, -0.500, 0.189, -0.294, 0.149
202.360, 0.500, -0.500, 0.198, -0.302, 0.143
202.380, 0.500, -0.500, 0.208, -0.310, 0.142
202.400, 0.500, -0.500, 0.219, -0.316, 0.143
202.420, 0.500, -0.500, 0.230, -0.323, 0.146
202.440, 0.500, -0.500, 0.240, -0.329, 0.149
202.460, 0.500, -0.500, 0.250, -0.334, 0.153
202.480, 0.500, -0.500, 0.260, -0.340, 0.156
202.500, 0.500, -0.500, 0.270, -0.345, 0.158
202.520, 0.500, -0.500, 0.281, -0.350, 0.159
202.540, 0.500, -0.500, 0.291, -0.356, 0.158
202.560, 0.500, -0.500, 0.302, -0.361, 0.156
202.580, 0.500, -0.500, 0.313, -0.366, 0.153
202.600, 0.500, -0.500, 0.324, -0.372, 0.150
202.620, 0.500, -0.500, 0.335, -0.377, 0.146
202.640, 0.500, -0.500, 0.346, -0.381, 0.142
202.660, 0.500, -0.500, 0.357, -0.386, 0.137
202.680, 0.500, -0.500, 0.368, -0.390, 0.131
202.700, 0.500, -0.500, 0.378, -0.394, 0.126
202.720, 0.500, -0.500, 0.386, -0.397, 0.122
202.740, 0.500, -0.500, 0.392, -0.400, 0.120
202.760, 0.500, -0.500, 0.399, -0.402, 0.124
202.780, 0.500, -0.500, 0.406, -0.402, 0.127
202.800, 0.500, -0.500, 0.414, -0.403, 0.130
202.820, 0.500, -0.500, 0.421, -0.403, 0.133
202.840, 0.500, -0.500, 0.429, -0.404, 0.137
202.860, 0.500, -0.500, 0.436, -0.405, 0.142
202.880, 0.500, -0.500, 0.443, -0.404, 0.148
202.900, 0.500, -0.500, 0.447, -0.402, 0.155
202.920, 0.500, -0.500, 0.449, -0.400, 0.162
202.940, 0.500, -0.500, 0.449, -0.397, 0.168
202.960, 0.500, -0.500, 0.449, -0.395, 0.173
202.980, 0.500, -0.500, 0.450, -0.395, 0.176
203.000, 0.500, -0.500, 0.451, -0.397, 0.178
203.020, 0.500, -0.500, 0.452, -0.401, 0.179
203.040, 0.500, -0.500, 0.454, -0.406, 0.179
203.060, 0.500, -0.500, 0.455, -0.411, 0.179
203.080, 0.500, -0.500, 0.457, -0.417, 0.178
203.100, 0.500, -0.500, 0.458, -0.422, 0.175
203.120, 0.500, -0.500, 0.458, -0.428, 0.171
203.140, 0.500, -0.500, 0.457, -0.433, 0.168
203.160, 0.500, -0.500, 0.455, -0.441, 0.164
203.180, 0.500, -0.500, 0.453, -0.447, 0.159
203.200, 0.500, -0.500, 0.450, -0.456, 0.152
203.220, 0.500, -0.500, 0.448, -0.465, 0.142
203.240, 0.500, -0.500, 0.451, -0.474, 0.134
203.260, 0.500, -0.500, 0.454, -0.481, 0.130
203.280, 0.500, -0.500, 0.455, -0.485, 0.135
203.300, 0.500, -0.500, 0.454, -0.485, 0.139
203.320, 0.500, -0.500, 0.452, -0.485, 0.142
203.340, 0.500, -0.500, 0.450, -0.483, 0.142
203.360, 0.500, -0.500, 0.446, -0.482, 0.142
203.380, 0.500, -0.500, 0.444, -0.480, 0.142
203.400, 0.500, -0.500, 0.443, -0.480, 0.141
203.420, 0.500, -0.500, 0.442, -0.480, 0.140
203.440, 0.500, -0.500, 0.442, -0.480, 0.139
203.460, 0.500, -0.500, 0.443, -0.480, 0.139
203.480, 0.500, -0.500, 0.442, -0.480, 0.140
203.500, 0.500, -0.500, 0.442, -0.479, 0.143
203.520, 0.500, -0.500, 0.442, -0.477, 0.147
203.540, 0.500, -0.500, 0.441, -0.474, 0.152
203.560, 0.500, -0.500, 0.440, -0.473, 0.157
203.580, 0.500, -0.500, 0.437, -0.472, 0.161
203.600, 0.500, -0.500, 0.434, -0.473, 0.164
203.620, 0.500, -0.500, 0.435, -0.474, 0.163
203.640, 0.500, -0.500, 0.440, -0.475, 0.156
203.660, 0.500, -0.500, 0.453, -0.475, 0.149
203.680, 0.500, -0.500, 0.468, -0.476, 0.143
203.700, 0.500, -0.500, 0.482, -0.477, 0.138
203.720, 0.500, -0.500, 0.496, -0.478, 0.135
203.740, 0.500, -0.500, 0.508, -0.480, 0.136
203.760, 0.500, -0.500, 0.519, -0.481, 0.138
203.780, 0.500, -0.500, 0.529, -0.482, 0.140
203.800, 0.500, -0.500, 0.539, -0.482, 0.142
203.820, 0.500, -0.500, 0.549, -0.481, 0.144
203.840, 0.500, -0.500, 0.558, -0.481, 0.145
203.860, 0.500, -0.500, 0.568, -0.480, 0.146
203.880, 0.500, -0.500, 0.578, -0.480, 0.145
203.900, 0.500, -0.500, 0.588, -0.479, 0.143
203.920, 0.500, -0.500, 0.599, -0.478, 0.140
203.940, 0.500, -0.500, 0.610, -0.476, 0.137
203.960, 0.500, -0.500, 0.622, -0.474, 0.133
203.980, 0.500, -0.500, 0.633, -0.472, 0.128
204.000, 0.500, -0.500, 0.645, -0.470, 0.123
204.020, 0.500, -0.500, 0.654, -0.468, 0.118
204.040, 0.500, -0.500, 0.661, -0.467, 0.116
204.060, 0.500, -0.500, 0.667, -0.466, 0.117
204.080, 0.500, -0.500, 0.673, -0.465, 0.118
204.100, 0.500, -0.500, 0.678, -0.464, 0.119
204.120, 0.500, -0.500, 0.684, -0.463, 0.121
204.140, 0.500, -0.500, 0.690, -0.462, 0.124
204.160, 0.500, -0.500, 0.695, -0.461, 0.130
204.180, 0.500, -0.500, 0.699, -0.460, 0.137
204.200, 0.500, -0.500, 0.701, -0.457, 0.145
204.220, 0.500, -0.500, 0.701, -0.453, 0.154
204.240, 0.500, -0.500, 0.700, -0.450, 0.164
204.260, 0.500, -0.500, 0.698, -0.447, 0.172
204.280, 0.500, -0.500, 0.698, -0.446, 0.178
204.300, 0.500, -0.500, 0.699, -0.447, 0.182
204.320, 0.500, -0.500, 0.702, -0.450, 0.185
204.340, 0.500, -0.500, 0.706, -0.454, 0.188
204.360, 0.500, -0.500, 0.709, -0.460, 0.190
204.380, 0.500, -0.500, 0.713, -0.466, 0.192
204.400, 0.500, -0.500, 0.717, -0.474, 0.194
204.420, 0.500, -0.500, 0.722, -0.482, 0.193
204.440, 0.500, -0.500, 0.727, -0.490, 0.186
204.460, 0.500, -0.500, 0.735, -0.496, 0.176
204.480, 0.500, -0.500, 0.742, -0.502, 0.166
204.500, 0.500, -0.500, 0.750, -0.508, 0.157
204.520, 0.500, -0.500, 0.756, -0.513, 0.149
204.540, 0.500, -0.500, 0.762, -0.517, 0.141
204.560, 0.500, -0.500, 0.768, -0.519, 0.133
204.580, 0.500, -0.500, 0.771, -0.516, 0.135
204.600, 0.500, -0.500, 0.773, -0.511, 0.137
204.620, 0.500, -0.500, 0.774, -0.506, 0.137
204.640, 0.500, -0.500, 0.774, -0.503, 0.137
206.680, 0.500, -0.400, 0.000, 0.000, 0.227
206.700, 0.500, -0.400, -0.001, -0.001, 0.222
206.720, 0.500, -0.400, -0.005, -0.003, 0.218
206.740, 0.500, -0.400, -0.011, -0.005, 0.212
206.760, 0.500, -0.400, -0.015, -0.008, 0.205
206.780, 0.500, -0.400, -0.018, -0.011, 0.198
206.800, 0.500, -0.400, -0.019, -0.015, 0.192
206.820, 0.500, -0.400, -0.019, -0.018, 0.187
206.840, 0.500, -0.400, -0.019, -0.021, 0.183
206.860, 0.500, -0.400, -0.019, -0.023, 0.181
206.880, 0.500, -0.400, -0.020, -0.024, 0.181
206.900, 0.500, -0.400, -0.021, -0.024, 0.183
206.920, 0.500, -0.400, -0.022, -0.023, 0.184
206.940, 0.500, -0.400, -0.023, -0.020, 0.187
206.960, 0.500, -0.400, -0.024, -0.016, 0.187
206.980, 0.500, -0.400, -0.026, -0.012, 0.186
207.000, 0.500, -0.400, -0.029, -0.010, 0.181
207.020, 0.500, -0.400, -0.030, -0.010, 0.171
207.040, 0.500, -0.400, -0.025, -0.016, 0.167
207.060, 0.500, -0.400, -0.019, -0.025, 0.163
207.080, 0.500, -0.400, -0.012, -0.036, 0.159
207.100, 0.500, -0.400, -0.004, -0.046, 0.156
207.120, 0.500, -0.400, 0.002, -0.055, 0.155
207.140, 0.500, -0.400, 0.009, -0.063, 0.156
207.160, 0.500, -0.400, 0.015, -0.069, 0.158
207.180, 0.500, -0.400, 0.022, -0.074, 0.160
207.200, 0.500, -0.400, 0.027, -0.077, 0.163
207.220, 0.500, -0.400, 0.033, -0.081, 0.165
207.240, 0.500, -0.400, 0.039, -0.084, 0.166
207.260, 0.500, -0.400, 0.044, -0.088, 0.166
207.280, 0.500, -0.400, 0.050, -0.091, 0.165
207.300, 0.500, -0.400, 0.055, -0.095, 0.164
207.320, 0.500, -0.400, 0.060, -0.099, 0.161
207.340, 0.500, -0.400, 0.065, -0.104, 0.158
207.360, 0.500, -0.400, 0.070, -0.108, 0.154
207.380, 0.500, -0.400, 0.075, -0.112, 0.150
207.400, 0.500, -0.400, 0.081, -0.116, 0.146
207.420, 0.500, -0.400, 0.086, -0.120, 0.142
207.440, 0.500, -0.400, 0.091, -0.123, 0.138
207.460, 0.500, -0.400, 0.093, -0.127, 0.137
207.480, 0.500, -0.400, 0.096, -0.130, 0.140
207.500, 0.500, -0.400, 0.100, -0.132, 0.144
207.520, 0.500, -0.400, 0.105, -0.134, 0.148
207.540, 0.500, -0.400, 0.111, -0.136, 0.153
207.560, 0.500, -0.400, 0.116, -0.138, 0.158
207.580, 0.500, -0.400, 0.121, -0.140, 0.164
207.600, 0.500, -0.400, 0.125, -0.142, 0.169
207.620, 0.500, -0.400, 0.128, -0.143, 0.173
207.640, 0.500, -0.400, 0.128, -0.145, 0.178
207.660, 0.500, -0.400, 0.128, -0.148, 0.181
207.680, 0.500, -0.400, 0.126, -0.151, 0.182
207.700, 0.500, -0.400, 0.125, -0.156, 0.182
207.720, 0.500, -0.400, 0.123, -0.163, 0.180
207.740, 0.500, -0.400, 0.121, -0.171, 0.177
207.760, 0.500, -0.400, 0.119, -0.178, 0.175
207.780, 0.500, -0.400, 0.116, -0.187, 0.173
207.800, 0.500, -0.400, 0.113, -0.197, 0.171
207.820, 0.500, -0.400, 0.112, -0.207, 0.166
207.840, 0.500, -0.400, 0.113, -0.217, 0.156
207.860, 0.500, -0.400, 0.118, -0.228, 0.147
207.880, 0.500, -0.400, 0.121, -0.237, 0.140
207.900, 0.500, -0.400, 0.123, -0.246, 0.135
207.920, 0.500, -0.400, 0.125, -0.251, 0.136
207.940, 0.500, -0.400, 0.126, -0.250, 0.141
207.960, 0.500, -0.400, 0.129, -0.250, 0.144
207.980, 0.500, -0.400, 0.132, -0.250, 0.146
208.000, 0.500, -0.400, 0.134, -0.251, 0.148
208.020, 0.500, -0.400, 0.136, -0.252, 0.149
208.040, 0.500, -0.400, 0.139, -0.254, 0.150
208.060, 0.500, -0.400, 0.140, -0.257, 0.151
208.080, 0.500, -0.400, 0.142, -0.260, 0.153
208.100, 0.500, -0.400, 0.143, -0.263, 0.155
208.120, 0.500, -0.400, 0.144, -0.266, 0.157
208.140, 0.500, -0.400, 0.146, -0.269, 0.159
208.160, 0.500, -0.400, 0.148, -0.271, 0.162
208.180, 0.500, -0.400, 0.150, -0.272, 0.164
208.200, 0.500, -0.400, 0.153, -0.272, 0.167
208.220, 0.500, -0.400, 0.157, -0.271, 0.168
208.240, 0.500, -0.400, 0.160, -0.268, 0.168
208.260, 0.500, -0.400, 0.161, -0.263, 0.170
208.280, 0.500, -0.400, 0.161, -0.259, 0.172
208.300, 0.500, -0.400, 0.159, -0.255, 0.173
208.320, 0.500, -0.400, 0.158, -0.253, 0.172
208.340, 0.500, -0.400, 0.160, -0.253, 0.169
208.360, 0.500, -0.400, 0.164, -0.256, 0.164
208.380, 0.500, -0.400, 0.171, -0.264, 0.159
208.400, 0.500, -0.400, 0.178, -0.273, 0.157
208.420, 0.500, -0.400, 0.188, -0.281, 0.156
208.440, 0.500, -0.400, 0.197, -0.289, 0.157
208.460, 0.500, -0.400, 0.206, -0.297, 0.160
208.480, 0.500, -0.400, 0.214, -0.304, 0.164
208.500, 0.500, -0.400, 0.223, -0.310, 0.168
208.520, 0.500, -0.400, 0.231, -0.317, 0.172
208.540, 0.500, -0.400, 0.239, -0.323, 0.174
208.560, 0.500, -0.400, 0.247, -0.329, 0.176
208.580, 0.500, -0.400, 0.256, -0.336, 0.176
208.600, 0.500, -0.400, 0.264, -0.342, 0.176
208.620, 0.500, -0.400, 0.272, -0.348, 0.175
208.640, 0.500, -0.400, 0.279, -0.354, 0.174
208.660, 0.500, -0.400, 0.287, -0.360, 0.171
208.680, 0.500, -0.400, 0.295, -0.365, 0.169
208.700, 0.500, -0.400, 0.303, -0.371, 0.166
208.720, 0.500, -0.400, 0.311, -0.376, 0.163
208.740, 0.500, -0.400, 0.319, -0.381, 0.159
208.760, 0.500, -0.400, 0.326, -0.386, 0.156
208.780, 0.500, -0.400, 0.333, -0.391, 0.152
208.800, 0.500, -0.400, 0.339, -0.395, 0.149
208.820, 0.500, -0.400, 0.343, -0.398, 0.149
208.840, 0.500, -0.400, 0.347, -0.402, 0.150
208.860, 0.500, -0.400, 0.352, -0.405, 0.153
208.880, 0.500, -0.400, 0.357, -0.407, 0.156
208.900, 0.500, -0.400, 0.363, -0.409, 0.160
208.920, 0.500, -0.400, 0.367, -0.410, 0.163
208.940, 0.500, -0.400, 0.369, -0.410, 0.166
208.960, 0.500, -0.400, 0.370, -0.411, 0.169
208.980, 0.500, -0.400, 0.369, -0.411, 0.172
209.000, 0.500, -0.400, 0.368, -0.412, 0.175
209.020, 0.500, -0.400, 0.367, -0.415, 0.176
209.040, 0.500, -0.400, 0.367, -0.419, 0.178
209.060, 0.500, -0.400, 0.366, -0.424, 0.179
209.080, 0.500, -0.400, 0.365, -0.429, 0.179
209.100, 0.500, -0.400, 0.364, -0.434, 0.180
209.120, 0.500, -0.400, 0.363, -0.439, 0.179
209.140, 0.500, -0.400, 0.361, -0.444, 0.178
209.160, 0.500, -0.400, 0.358, -0.449, 0.176
209.180, 0.500, -0.400, 0.354, -0.453, 0.175
209.200, 0.500, -0.400, 0.350, -0.460, 0.173
209.220, 0.500, -0.400, 0.346, -0.467, 0.168
209.240, 0.500, -0.400, 0.343, -0.475, 0.157
209.260, 0.500, -0.400, 0.346, -0.483, 0.147
209.280, 0.500, -0.400, 0.349, -0.490, 0.138
209.300, 0.500, -0.400, 0.353, -0.496, 0.132
209.320, 0.500, -0.400, 0.356, -0.497, 0.136
209.340, 0.500, -0.400, 0.359, -0.494, 0.140
209.360, 0.500, -0.400, 0.361, -0.491, 0.142
209.380, 0.500, -0.400, 0.362, -0.488, 0.143
209.400, 0.500, -0.400, 0.363, -0.487, 0.142
209.420, 0.500, -0.400, 0.362, -0.487, 0.141
209.440, 0.500, -0.400, 0.361, -0.488, 0.141
209.460, 0.500, -0.400, 0.361, -0.488, 0.141
209.480, 0.500, -0.400, 0.360, -0.489, 0.140
209.500, 0.500, -0.400, 0.360, -0.489, 0.140
209.520, 0.500, -0.400, 0.360, -0.488, 0.142
209.540, 0.500, -0.400, 0.361, -0.487, 0.146
209.560, 0.500, -0.400, 0.362, -0.484, 0.149
209.580, 0.500, -0.400, 0.362, -0.481, 0.152
209.600, 0.500, -0.400, 0.362, -0.479, 0.155
209.620, 0.500, -0.400, 0.362, -0.480, 0.155
209.640, 0.500, -0.400, 0.368, -0.483, 0.152
209.660, 0.500, -0.400, 0.375, -0.487, 0.147
209.680, 0.500, -0.400, 0.385, -0.492, 0.141
209.700, 0.500, -0.400, 0.396, -0.497, 0.139
209.720, 0.500, -0.400, 0.408, -0.501, 0.139
209.740, 0.500, -0.400, 0.419, -0.505, 0.139
209.760, 0.500, -0.400, 0.429, -0.508, 0.142
209.780, 0.500, -0.400, 0.439, -0.511, 0.145
209.800, 0.500, -0.400, 0.448, -0.515, 0.149
209.820, 0.500, -0.400, 0.457, -0.518, 0.152
209.840, 0.500, -0.400, 0.466, -0.521, 0.154
209.860, 0.500, -0.400, 0.476, -0.524, 0.156
209.880, 0.500, -0.400, 0.486, -0.529, 0.156
209.900, 0.500, -0.400, 0.497, -0.533, 0.155
209.920, 0.500, -0.400, 0.508, -0.537, 0.153
209.940, 0.500, -0.400, 0.519, -0.542, 0.152
209.960, 0.500, -0.400, 0.529, -0.546, 0.149
209.980, 0.500, -0.400, 0.540, -0.551, 0.147
210.000, 0.500, -0.400, 0.551, -0.555, 0.143
210.020, 0.500, -0.400, 0.562, -0.559, 0.140
210.040, 0.500, -0.400, 0.572, -0.562, 0.136
210.060, 0.500, -0.400, 0.581, -0.565, 0.132
210.080, 0.500, -0.400, 0.588, -0.568, 0.131
210.100, 0.500, -0.400, 0.593, -0.570, 0.132
210.120, 0.500, -0.400, 0.599, -0.571, 0.135
210.140, 0.500, -0.400, 0.605, -0.571, 0.138
210.160, 0.500, -0.400, 0.612, -0.571, 0.142
210.180, 0.500, -0.400, 0.619, -0.572, 0.146
210.200, 0.500, -0.400, 0.624, -0.572, 0.151
210.220, 0.500, -0.400, 0.629, -0.572, 0.156
210.240, 0.500, -0.400, 0.631, -0.570, 0.162
210.260, 0.500, -0.400, 0.632, -0.568, 0.168
210.280, 0.500, -0.400, 0.632, -0.567, 0.173
210.300, 0.500, -0.400, 0.632, -0.567, 0.176
210.320, 0.500, -0.400, 0.633, -0.569, 0.178
210.340, 0.500, -0.400, 0.635, -0.572, 0.180
210.360, 0.500, -0.400, 0.636, -0.577, 0.181
210.380, 0.500, -0.400, 0.638, -0.583, 0.181
210.400, 0.500, -0.400, 0.640, -0.590, 0.181
210.420, 0.500, -0.400, 0.642, -0.599, 0.181
210.440, 0.500, -0.400, 0.644, -0.608, 0.180
210.460, 0.500, -0.400, 0.646, -0.619, 0.175
210.480, 0.500, -0.400, 0.649, -0.628, 0.165
210.500, 0.500, -0.400, 0.657, -0.638, 0.154
210.520, 0.500, -0.400, 0.663, -0.647, 0.145
210.540, 0.500, -0.400, 0.669, -0.654, 0.136
210.560, 0.500, -0.400, 0.673, -0.659, 0.132
210.580, 0.500, -0.400, 0.676, -0.659, 0.136
210.600, 0.500, -0.400, 0.678, -0.656, 0.140
210.620, 0.500, -0.400, 0.680, -0.653, 0.142
210.640, 0.500, -0.400, 0.682, -0.651, 0.142
210.660, 0.500, -0.400, 0.684, -0.650, 0.141
212.700, 0.500, -0.300, 0.000, 0.000, 0.227
212.720, 0.500, -0.300, -0.001, -0.001, 0.222
212.740, 0.500, -0.300, -0.005, -0.003, 0.218
212.760, 0.500, -0.300, -0.010, -0.005, 0.211
212.780, 0.500, -0.300, -0.014, -0.007, 0.204
212.800, 0.500, -0.300, -0.017, -0.010, 0.197
212.820, 0.500, -0.300, -0.018, -0.012, 0.191
212.840, 0.500, -0.300, -0.018, -0.014, 0.186
212.860, 0.500, -0.300, -0.017, -0.016, 0.182
212.880, 0.500, -0.300, -0.018, -0.018, 0.180
212.900, 0.500, -0.300, -0.018, -0.018, 0.179
212.920, 0.500, -0.300, -0.020, -0.017, 0.180
212.940, 0.500, -0.300, -0.021, -0.015, 0.182
212.960, 0.500, -0.300, -0.022, -0.012, 0.184
212.980, 0.500, -0.300, -0.023, -0.008, 0.184
213.000, 0.500, -0.300, -0.026, -0.003, 0.182
213.020, 0.500, -0.300, -0.029, -0.000, 0.177
213.040, 0.500, -0.300, -0.030, 0.001, 0.169
213.060, 0.500, -0.300, -0.026, -0.002, 0.163
213.080, 0.500, -0.300, -0.019, -0.009, 0.159
213.100, 0.500, -0.300, -0.012, -0.017, 0.156
213.120, 0.500, -0.300, -0.005, -0.025, 0.154
213.140, 0.500, -0.300, 0.001, -0.031, 0.153
213.160, 0.500, -0.300, 0.007, -0.037, 0.154
213.180, 0.500, -0.300, 0.012, -0.040, 0.156
213.200, 0.500, -0.300, 0.016, -0.043, 0.159
213.220, 0.500, -0.300, 0.020, -0.045, 0.162
213.240, 0.500, -0.300, 0.024, -0.046, 0.165
213.260, 0.500, -0.300, 0.029, -0.048, 0.166
213.280, 0.500, -0.300, 0.033, -0.049, 0.167
213.300, 0.500, -0.300, 0.038, -0.051, 0.167
213.320, 0.500, -0.300, 0.042, -0.053, 0.166
213.340, 0.500, -0.300, 0.047, -0.056, 0.165
213.360, 0.500, -0.300, 0.051, -0.059, 0.163
213.380, 0.500, -0.300, 0.056, -0.063, 0.161
213.400, 0.500, -0.300, 0.060, -0.066, 0.158
213.420, 0.500, -0.300, 0.064, -0.070, 0.155
213.440, 0.500, -0.300, 0.068, -0.073, 0.152
213.460, 0.500, -0.300, 0.072, -0.077, 0.149
213.480, 0.500, -0.300, 0.074, -0.080, 0.146
213.500, 0.500, -0.300, 0.075, -0.083, 0.146
213.520, 0.500, -0.300, 0.075, -0.086, 0.147
213.540, 0.500, -0.300, 0.075, -0.089, 0.151
213.560, 0.500, -0.300, 0.076, -0.092, 0.155
213.580, 0.500, -0.300, 0.078, -0.094, 0.161
213.600, 0.500, -0.300, 0.081, -0.096, 0.166
213.620, 0.500, -0.300, 0.084, -0.097, 0.171
213.640, 0.500, -0.300, 0.086, -0.100, 0.176
213.660, 0.500, -0.300, 0.086, -0.105, 0.179
213.680, 0.500, -0.300, 0.087, -0.111, 0.180
213.700, 0.500, -0.300, 0.089, -0.118, 0.176
213.720, 0.500, -0.300, 0.094, -0.128, 0.170
213.740, 0.500, -0.300, 0.101, -0.141, 0.165
213.760, 0.500, -0.300, 0.107, -0.154, 0.162
213.780, 0.500, -0.300, 0.111, -0.168, 0.162
213.800, 0.500, -0.300, 0.114, -0.182, 0.163
213.820, 0.500, -0.300, 0.118, -0.197, 0.164
213.840, 0.500, -0.300, 0.121, -0.211, 0.166
213.860, 0.500, -0.300, 0.125, -0.225, 0.167
213.880, 0.500, -0.300, 0.129, -0.236, 0.172
213.900, 0.500, -0.300, 0.134, -0.243, 0.177
213.920, 0.500, -0.300, 0.139, -0.248, 0.181
213.940, 0.500, -0.300, 0.145, -0.250, 0.184
213.960, 0.500, -0.300, 0.149, -0.252, 0.186
213.980, 0.500, -0.300, 0.152, -0.253, 0.187
214.000, 0.500, -0.300, 0.154, -0.253, 0.188
214.020, 0.500, -0.300, 0.155, -0.253, 0.189
214.040, 0.500, -0.300, 0.155, -0.253, 0.189
214.060, 0.500, -0.300, 0.154, -0.253, 0.190
214.080, 0.500, -0.300, 0.152, -0.253, 0.191
214.100, 0.500, -0.300, 0.150, -0.253, 0.192
214.120, 0.500, -0.300, 0.148, -0.253, 0.192
214.140, 0.500, -0.300, 0.146, -0.252, 0.192
214.160, 0.500, -0.300, 0.143, -0.252, 0.192
214.180, 0.500, -0.300, 0.141, -0.251, 0.191
214.200, 0.500, -0.300, 0.138, -0.249, 0.191
214.220, 0.500, -0.300, 0.137, -0.248, 0.190
214.240, 0.500, -0.300, 0.135, -0.245, 0.189
214.260, 0.500, -0.300, 0.134, -0.240, 0.186
214.280, 0.500, -0.300, 0.132, -0.234, 0.183
214.300, 0.500, -0.300, 0.127, -0.226, 0.180
214.320, 0.500, -0.300, 0.121, -0.218, 0.177
214.340, 0.500, -0.300, 0.116, -0.210, 0.172
214.360, 0.500, -0.300, 0.115, -0.206, 0.170
214.380, 0.500, -0.300, 0.118, -0.208, 0.167
214.400, 0.500, -0.300, 0.122, -0.213, 0.164
214.420, 0.500, -0.300, 0.129, -0.220, 0.162
214.440, 0.500, -0.300, 0.137, -0.229, 0.160
214.460, 0.500, -0.300, 0.145, -0.238, 0.161
214.480, 0.500, -0.300, 0.153, -0.247, 0.164
214.500, 0.500, -0.300, 0.160, -0.255, 0.169
214.520, 0.500, -0.300, 0.166, -0.263, 0.175
214.540, 0.500, -0.300, 0.172, -0.271, 0.181
214.560, 0.500, -0.300, 0.178, -0.278, 0.185
214.580, 0.500, -0.300, 0.183, -0.285, 0.189
214.600, 0.500, -0.300, 0.188, -0.292, 0.192
214.620, 0.500, -0.300, 0.193, -0.297, 0.194
214.640, 0.500, -0.300, 0.197, -0.301, 0.196
214.660, 0.500, -0.300, 0.201, -0.305, 0.197
214.680, 0.500, -0.300, 0.206, -0.309, 0.198
214.700, 0.500, -0.300, 0.210, -0.312, 0.198
214.720, 0.500, -0.300, 0.214, -0.315, 0.198
214.740, 0.500, -0.300, 0.218, -0.317, 0.197
214.760, 0.500, -0.300, 0.222, -0.318, 0.196
214.780, 0.500, -0.300, 0.225, -0.319, 0.195
214.800, 0.500, -0.300, 0.228, -0.320, 0.193
214.820, 0.500, -0.300, 0.230, -0.321, 0.192
214.840, 0.500, -0.300, 0.231, -0.322, 0.191
214.860, 0.500, -0.300, 0.232, -0.323, 0.190
214.880, 0.500, -0.300, 0.233, -0.325, 0.190
214.900, 0.500, -0.300, 0.233, -0.327, 0.189
214.920, 0.500, -0.300, 0.232, -0.331, 0.189
214.940, 0.500, -0.300, 0.231, -0.335, 0.188
214.960, 0.500, -0.300, 0.229, -0.338, 0.185
214.980, 0.500, -0.300, 0.225, -0.344, 0.183
215.000, 0.500, -0.300, 0.222, -0.351, 0.179
215.020, 0.500, -0.300, 0.221, -0.359, 0.173
215.040, 0.500, -0.300, 0.223, -0.369, 0.167
215.060, 0.500, -0.300, 0.227, -0.380, 0.160
215.080, 0.500, -0.300, 0.232, -0.395, 0.156
215.100, 0.500, -0.300, 0.237, -0.407, 0.156
215.120, 0.500, -0.300, 0.239, -0.421, 0.158
215.140, 0.500, -0.300, 0.241, -0.434, 0.162
215.160, 0.500, -0.300, 0.242, -0.448, 0.166
215.180, 0.500, -0.300, 0.244, -0.462, 0.169
215.200, 0.500, -0.300, 0.246, -0.475, 0.175
215.220, 0.500, -0.300, 0.250, -0.484, 0.181
215.240, 0.500, -0.300, 0.255, -0.490, 0.186
215.260, 0.500, -0.300, 0.260, -0.493, 0.190
215.280, 0.500, -0.300, 0.265, -0.495, 0.193
215.300, 0.500, -0.300, 0.269, -0.495, 0.194
215.320, 0.500, -0.300, 0.273, -0.495, 0.195
215.340, 0.500, -0.300, 0.275, -0.496, 0.196
215.360, 0.500, -0.300, 0.276, -0.496, 0.197
215.380, 0.500, -0.300, 0.277, -0.496, 0.197
215.400, 0.500, -0.300, 0.276, -0.497, 0.198
215.420, 0.500, -0.300, 0.276, -0.497, 0.198
215.440, 0.500, -0.300, 0.274, -0.498, 0.198
215.460, 0.500, -0.300, 0.273, -0.498, 0.197
215.480, 0.500, -0.300, 0.271, -0.498, 0.197
215.500, 0.500, -0.300, 0.269, -0.497, 0.196
215.520, 0.500, -0.300, 0.267, -0.496, 0.194
215.540, 0.500, -0.300, 0.264, -0.493, 0.193
215.560, 0.500, -0.300, 0.262, -0.490, 0.192
215.580, 0.500, -0.300, 0.259, -0.484, 0.189
215.600, 0.500, -0.300, 0.255, -0.476, 0.185
215.620, 0.500, -0.300, 0.250, -0.467, 0.181
215.640, 0.500, -0.300, 0.244, -0.459, 0.175
215.660, 0.500, -0.300, 0.241, -0.451, 0.172
215.680, 0.500, -0.300, 0.240, -0.447, 0.170
215.700, 0.500, -0.300, 0.242, -0.449, 0.167
215.720, 0.500, -0.300, 0.246, -0.455, 0.164
215.740, 0.500, -0.300, 0.252, -0.463, 0.160
215.760, 0.500, -0.300, 0.260, -0.472, 0.158
215.780, 0.500, -0.300, 0.268, -0.482, 0.160
215.800, 0.500, -0.300, 0.275, -0.491, 0.164
215.820, 0.500, -0.300, 0.282, -0.500, 0.170
215.840, 0.500, -0.300, 0.289, -0.508, 0.176
215.860, 0.500, -0.300, 0.296, -0.516, 0.183
215.880, 0.500, -0.300, 0.302, -0.524, 0.188
215.900, 0.500, -0.300, 0.308, -0.531, 0.192
215.920, 0.500, -0.300, 0.314, -0.537, 0.195
215.940, 0.500, -0.300, 0.319, -0.542, 0.198
215.960, 0.500, -0.300, 0.324, -0.546, 0.200
215.980, 0.500, -0.300, 0.329, -0.550, 0.202
216.000, 0.500, -0.300, 0.334, -0.553, 0.202
216.020, 0.500, -0.300, 0.338, -0.555, 0.202
216.040, 0.500, -0.300, 0.342, -0.557, 0.201
216.060, 0.500, -0.300, 0.346, -0.558, 0.200
216.080, 0.500, -0.300, 0.350, -0.559, 0.198
216.100, 0.500, -0.300, 0.353, -0.559, 0.196
216.120, 0.500, -0.300, 0.355, -0.560, 0.194
216.140, 0.500, -0.300, 0.357, -0.559, 0.193
216.160, 0.500, -0.300, 0.358, -0.560, 0.192
216.180, 0.500, -0.300, 0.359, -0.561, 0.191
216.200, 0.500, -0.300, 0.360, -0.563, 0.190
216.220, 0.500, -0.300, 0.359, -0.567, 0.190
216.240, 0.500, -0.300, 0.358, -0.571, 0.189
216.260, 0.500, -0.300, 0.356, -0.575, 0.187
216.280, 0.500, -0.300, 0.353, -0.580, 0.185
216.300, 0.500, -0.300, 0.350, -0.586, 0.181
216.320, 0.500, -0.300, 0.348, -0.594, 0.176
216.340, 0.500, -0.300, 0.350, -0.603, 0.169
216.360, 0.500, -0.300, 0.354, -0.614, 0.162
216.380, 0.500, -0.300, 0.360, -0.627, 0.158
216.400, 0.500, -0.300, 0.365, -0.640, 0.156
216.420, 0.500, -0.300, 0.368, -0.653, 0.159
216.440, 0.500, -0.300, 0.371, -0.667, 0.163
216.460, 0.500, -0.300, 0.373, -0.680, 0.168
216.480, 0.500, -0.300, 0.375, -0.694, 0.172
216.500, 0.500, -0.300, 0.377, -0.708, 0.175
216.520, 0.500, -0.300, 0.380, -0.721, 0.177
216.540, 0.500, -0.300, 0.383, -0.734, 0.179
216.560, 0.500, -0.300, 0.387, -0.744, 0.185
216.580, 0.500, -0.300, 0.392, -0.749, 0.190
216.600, 0.500, -0.300, 0.398, -0.752, 0.193
216.620, 0.500, -0.300, 0.404, -0.753, 0.195
216.640, 0.500, -0.300, 0.408, -0.754, 0.197
216.660, 0.500, -0.300, 0.412, -0.754, 0.197
216.680, 0.500, -0.300, 0.414, -0.754, 0.198
218.720, 0.500, -0.200, 0.000, 0.000, 0.227
218.740, 0.500, -0.200, -0.001, 0.001, 0.223
218.760, 0.500, -0.200, -0.006, 0.001, 0.221
218.780, 0.500, -0.200, -0.012, 0.002, 0.218
218.800, 0.500, -0.200, -0.017, 0.003, 0.214
218.820, 0.500, -0.200, -0.020, 0.005, 0.209
218.840, 0.500, -0.200, -0.021, 0.007, 0.206
218.860, 0.500, -0.200, -0.022, 0.009, 0.204
218.880, 0.500, -0.200, -0.022, 0.012, 0.203
218.900, 0.500, -0.200, -0.023, 0.014, 0.203
218.920, 0.500, -0.200, -0.024, 0.017, 0.204
218.940, 0.500, -0.200, -0.026, 0.020, 0.204
218.960, 0.500, -0.200, -0.029, 0.025, 0.204
218.980, 0.500, -0.200, -0.034, 0.029, 0.205
219.000, 0.500, -0.200, -0.040, 0.035, 0.203
219.020, 0.500, -0.200, -0.047, 0.042, 0.198
219.040, 0.500, -0.200, -0.055, 0.049, 0.190
219.060, 0.500, -0.200, -0.061, 0.054, 0.178
219.080, 0.500, -0.200, -0.061, 0.054, 0.172
219.100, 0.500, -0.200, -0.056, 0.048, 0.168
219.120, 0.500, -0.200, -0.049, 0.041, 0.166
219.140, 0.500, -0.200, -0.041, 0.034, 0.165
219.160, 0.500, -0.200, -0.033, 0.029, 0.165
219.180, 0.500, -0.200, -0.026, 0.026, 0.167
219.200, 0.500, -0.200, -0.019, 0.024, 0.171
219.220, 0.500, -0.200, -0.013, 0.023, 0.176
219.240, 0.500, -0.200, -0.008, 0.022, 0.180
219.260, 0.500, -0.200, -0.003, 0.022, 0.184
219.280, 0.500, -0.200, 0.002, 0.022, 0.187
219.300, 0.500, -0.200, 0.007, 0.022, 0.189
219.320, 0.500, -0.200, 0.012, 0.021, 0.191
219.340, 0.500, -0.200, 0.016, 0.020, 0.191
219.360, 0.500, -0.200, 0.019, 0.018, 0.191
219.380, 0.500, -0.200, 0.023, 0.016, 0.190
219.400, 0.500, -0.200, 0.025, 0.013, 0.189
219.420, 0.500, -0.200, 0.027, 0.010, 0.187
219.440, 0.500, -0.200, 0.029, 0.008, 0.185
219.460, 0.500, -0.200, 0.030, 0.005, 0.183
219.480, 0.500, -0.200, 0.030, 0.002, 0.180
219.500, 0.500, -0.200, 0.030, -0.001, 0.177
219.520, 0.500, -0.200, 0.029, -0.003, 0.174
219.540, 0.500, -0.200, 0.027, -0.006, 0.173
219.560, 0.500, -0.200, 0.025, -0.009, 0.171
219.580, 0.500, -0.200, 0.022, -0.012, 0.170
219.600, 0.500, -0.200, 0.019, -0.016, 0.170
219.620, 0.500, -0.200, 0.016, -0.021, 0.171
219.640, 0.500, -0.200, 0.014, -0.024, 0.171
219.660, 0.500, -0.200, 0.012, -0.029, 0.170
219.680, 0.500, -0.200, 0.011, -0.034, 0.168
219.700, 0.500, -0.200, 0.010, -0.041, 0.164
219.720, 0.500, -0.200, 0.013, -0.047, 0.163
219.740, 0.500, -0.200, 0.017, -0.051, 0.161
219.760, 0.500, -0.200, 0.023, -0.056, 0.158
219.780, 0.500, -0.200, 0.030, -0.063, 0.156
219.800, 0.500, -0.200, 0.036, -0.071, 0.155
219.820, 0.500, -0.200, 0.041, -0.081, 0.156
219.840, 0.500, -0.200, 0.046, -0.091, 0.160
219.860, 0.500, -0.200, 0.050, -0.102, 0.165
219.880, 0.500, -0.200, 0.055, -0.112, 0.170
219.900, 0.500, -0.200, 0.059, -0.123, 0.175
219.920, 0.500, -0.200, 0.063, -0.132, 0.180
219.940, 0.500, -0.200, 0.067, -0.140, 0.184
219.960, 0.500, -0.200, 0.071, -0.146, 0.188
219.980, 0.500, -0.200, 0.075, -0.150, 0.191
220.000, 0.500, -0.200, 0.079, -0.153, 0.193
220.020, 0.500, -0.200, 0.082, -0.155, 0.195
220.040, 0.500, -0.200, 0.084, -0.156, 0.196
220.060, 0.500, -0.200, 0.086, -0.157, 0.197
220.080, 0.500, -0.200, 0.087, -0.157, 0.198
220.100, 0.500, -0.200, 0.087, -0.158, 0.199
220.120, 0.500, -0.200, 0.087, -0.158, 0.200
220.140, 0.500, -0.200, 0.086, -0.159, 0.201
220.160, 0.500, -0.200, 0.084, -0.159, 0.201
220.180, 0.500, -0.200, 0.082, -0.159, 0.201
220.200, 0.500, -0.200, 0.080, -0.158, 0.201
220.220, 0.500, -0.200, 0.078, -0.156, 0.200
220.240, 0.500, -0.200, 0.075, -0.153, 0.199
220.260, 0.500, -0.200, 0.072, -0.150, 0.198
220.280, 0.500, -0.200, 0.069, -0.145, 0.196
220.300, 0.500, -0.200, 0.066, -0.138, 0.192
220.320, 0.500, -0.200, 0.062, -0.129, 0.187
220.340, 0.500, -0.200, 0.058, -0.116, 0.180
220.360, 0.500, -0.200, 0.054, -0.103, 0.172
220.380, 0.500, -0.200, 0.054, -0.096, 0.165
220.400, 0.500, -0.200, 0.058, -0.097, 0.161
220.420, 0.500, -0.200, 0.063, -0.103, 0.159
220.440, 0.500, -0.200, 0.069, -0.109, 0.159
220.460, 0.500, -0.200, 0.075, -0.117, 0.161
220.480, 0.500, -0.200, 0.081, -0.124, 0.165
220.500, 0.500, -0.200, 0.087, -0.132, 0.170
220.520, 0.500, -0.200, 0.093, -0.139, 0.176
220.540, 0.500, -0.200, 0.100, -0.146, 0.182
220.560, 0.500, -0.200, 0.107, -0.152, 0.187
220.580, 0.500, -0.200, 0.113, -0.157, 0.191
220.600, 0.500, -0.200, 0.119, -0.161, 0.195
220.620, 0.500, -0.200, 0.124, -0.165, 0.198
220.640, 0.500, -0.200, 0.130, -0.168, 0.201
220.660, 0.500, -0.200, 0.135, -0.170, 0.203
220.680, 0.500, -0.200, 0.140, -0.172, 0.205
220.700, 0.500, -0.200, 0.145, -0.173, 0.206
220.720, 0.500, -0.200, 0.150, -0.173, 0.206
220.740, 0.500, -0.200, 0.155, -0.173, 0.206
220.760, 0.500, -0.200, 0.159, -0.173, 0.206
220.780, 0.500, -0.200, 0.162, -0.172, 0.205
220.800, 0.500, -0.200, 0.165, -0.171, 0.204
220.820, 0.500, -0.200, 0.167, -0.171, 0.203
220.840, 0.500, -0.200, 0.169, -0.170, 0.202
220.860, 0.500, -0.200, 0.170, -0.170, 0.200
220.880, 0.500, -0.200, 0.170, -0.170, 0.199
220.900, 0.500, -0.200, 0.169, -0.171, 0.199
220.920, 0.500, -0.200, 0.168, -0.173, 0.198
220.940, 0.500, -0.200, 0.165, -0.176, 0.196
220.960, 0.500, -0.200, 0.162, -0.182, 0.194
220.980, 0.500, -0.200, 0.157, -0.187, 0.190
221.000, 0.500, -0.200, 0.150, -0.193, 0.185
221.020, 0.500, -0.200, 0.145, -0.199, 0.179
221.040, 0.500, -0.200, 0.142, -0.206, 0.171
221.060, 0.500, -0.200, 0.143, -0.214, 0.163
221.080, 0.500, -0.200, 0.148, -0.222, 0.156
221.100, 0.500, -0.200, 0.153, -0.231, 0.154
221.120, 0.500, -0.200, 0.160, -0.239, 0.155
221.140, 0.500, -0.200, 0.166, -0.246, 0.157
221.160, 0.500, -0.200, 0.170, -0.255, 0.161
221.180, 0.500, -0.200, 0.173, -0.264, 0.166
221.200, 0.500, -0.200, 0.176, -0.273, 0.173
221.220, 0.500, -0.200, 0.179, -0.281, 0.179
221.240, 0.500, -0.200, 0.181, -0.287, 0.185
221.260, 0.500, -0.200, 0.184, -0.292, 0.189
221.280, 0.500, -0.200, 0.186, -0.296, 0.193
221.300, 0.500, -0.200, 0.188, -0.298, 0.196
221.320, 0.500, -0.200, 0.191, -0.299, 0.198
221.340, 0.500, -0.200, 0.192, -0.299, 0.199
221.360, 0.500, -0.200, 0.194, -0.299, 0.200
221.380, 0.500, -0.200, 0.195, -0.299, 0.201
221.400, 0.500, -0.200, 0.195, -0.299, 0.202
221.420, 0.500, -0.200, 0.195, -0.299, 0.202
221.440, 0.500, -0.200, 0.194, -0.300, 0.202
221.460, 0.500, -0.200, 0.193, -0.300, 0.202
221.480, 0.500, -0.200, 0.192, -0.300, 0.201
221.500, 0.500, -0.200, 0.191, -0.300, 0.200
221.520, 0.500, -0.200, 0.189, -0.299, 0.199
221.540, 0.500, -0.200, 0.187, -0.298, 0.198
221.560, 0.500, -0.200, 0.184, -0.296, 0.197
221.580, 0.500, -0.200, 0.182, -0.292, 0.195
221.600, 0.500, -0.200, 0.180, -0.287, 0.191
221.620, 0.500, -0.200, 0.177, -0.280, 0.186
221.640, 0.500, -0.200, 0.173, -0.270, 0.180
221.660, 0.500, -0.200, 0.169, -0.259, 0.173
221.680, 0.500, -0.200, 0.167, -0.251, 0.168
221.700, 0.500, -0.200, 0.169, -0.250, 0.164
221.720, 0.500, -0.200, 0.173, -0.254, 0.161
221.740, 0.500, -0.200, 0.178, -0.260, 0.159
221.760, 0.500, -0.200, 0.184, -0.267, 0.158
221.780, 0.500, -0.200, 0.190, -0.275, 0.160
221.800, 0.500, -0.200, 0.196, -0.282, 0.164
221.820, 0.500, -0.200, 0.202, -0.289, 0.169
221.840, 0.500, -0.200, 0.208, -0.295, 0.175
221.860, 0.500, -0.200, 0.214, -0.301, 0.181
221.880, 0.500, -0.200, 0.220, -0.307, 0.186
221.900, 0.500, -0.200, 0.226, -0.311, 0.191
221.920, 0.500, -0.200, 0.231, -0.314, 0.194
221.940, 0.500, -0.200, 0.236, -0.317, 0.198
221.960, 0.500, -0.200, 0.241, -0.319, 0.200
221.980, 0.500, -0.200, 0.245, -0.321, 0.203
222.000, 0.500, -0.200, 0.249, -0.322, 0.204
222.020, 0.500, -0.200, 0.253, -0.323, 0.205
222.040, 0.500, -0.200, 0.257, -0.323, 0.205
222.060, 0.500, -0.200, 0.260, -0.323, 0.204
222.080, 0.500, -0.200, 0.263, -0.323, 0.203
222.100, 0.500, -0.200, 0.266, -0.322, 0.202
222.120, 0.500, -0.200, 0.267, -0.321, 0.201
222.140, 0.500, -0.200, 0.268, -0.320, 0.199
222.160, 0.500, -0.200, 0.268, -0.319, 0.198
222.180, 0.500, -0.200, 0.267, -0.318, 0.198
222.200, 0.500, -0.200, 0.266, -0.319, 0.197
222.220, 0.500, -0.200, 0.264, -0.321, 0.197
222.240, 0.500, -0.200, 0.261, -0.323, 0.195
222.260, 0.500, -0.200, 0.257, -0.328, 0.193
222.280, 0.500, -0.200, 0.252, -0.333, 0.189
222.300, 0.500, -0.200, 0.246, -0.339, 0.184
222.320, 0.500, -0.200, 0.239, -0.345, 0.178
222.340, 0.500, -0.200, 0.235, -0.352, 0.169
222.360, 0.500, -0.200, 0.235, -0.360, 0.163
222.380, 0.500, -0.200, 0.239, -0.366, 0.160
222.400, 0.500, -0.200, 0.245, -0.372, 0.158
222.420, 0.500, -0.200, 0.250, -0.380, 0.157
222.440, 0.500, -0.200, 0.255, -0.389, 0.158
222.460, 0.500, -0.200, 0.259, -0.399, 0.161
222.480, 0.500, -0.200, 0.262, -0.409, 0.165
222.500, 0.500, -0.200, 0.264, -0.420, 0.170
222.520, 0.500, -0.200, 0.267, -0.430, 0.176
222.540, 0.500, -0.200, 0.269, -0.440, 0.182
222.560, 0.500, -0.200, 0.272, -0.449, 0.187
222.580, 0.500, -0.200, 0.275, -0.456, 0.192
222.600, 0.500, -0.200, 0.279, -0.461, 0.196
222.620, 0.500, -0.200, 0.282, -0.465, 0.199
222.640, 0.500, -0.200, 0.286, -0.468, 0.201
222.660, 0.500, -0.200, 0.289, -0.470, 0.202
222.680, 0.500, -0.200, 0.291, -0.471, 0.203
222.700, 0.500, -0.200, 0.293, -0.472, 0.204
224.740, 0.500, -0.100, 0.000, 0.000, 0.227
224.760, 0.500, -0.100, -0.001, 0.001, 0.223
224.780, 0.500, -0.100, -0.006, 0.001, 0.221
224.800, 0.500, -0.100, -0.011, 0.002, 0.218
224.820, 0.500, -0.100, -0.015, 0.004, 0.214
224.840, 0.500, -0.100, -0.018, 0.006, 0.209
224.860, 0.500, -0.100, -0.020, 0.008, 0.206
224.880, 0.500, -0.100, -0.020, 0.011, 0.203
224.900, 0.500, -0.100, -0.021, 0.013, 0.202
224.920, 0.500, -0.100, -0.022, 0.016, 0.201
224.940, 0.500, -0.100, -0.023, 0.019, 0.201
224.960, 0.500, -0.100, -0.026, 0.022, 0.202
224.980, 0.500, -0.100, -0.030, 0.025, 0.203
225.000, 0.500, -0.100, -0.036, 0.030, 0.203
225.020, 0.500, -0.100, -0.044, 0.036, 0.201
225.040, 0.500, -0.100, -0.052, 0.042, 0.195
225.060, 0.500, -0.100, -0.060, 0.047, 0.185
225.080, 0.500, -0.100, -0.066, 0.050, 0.173
225.100, 0.500, -0.100, -0.068, 0.053, 0.163
225.120, 0.500, -0.100, -0.065, 0.053, 0.161
225.140, 0.500, -0.100, -0.059, 0.051, 0.162
225.160, 0.500, -0.100, -0.052, 0.050, 0.163
225.180, 0.500, -0.100, -0.046, 0.050, 0.166
225.200, 0.500, -0.100, -0.040, 0.051, 0.169
225.220, 0.500, -0.100, -0.034, 0.053, 0.173
225.240, 0.500, -0.100, -0.029, 0.054, 0.177
225.260, 0.500, -0.100, -0.025, 0.056, 0.181
225.280, 0.500, -0.100, -0.021, 0.058, 0.185
225.300, 0.500, -0.100, -0.018, 0.060, 0.188
225.320, 0.500, -0.100, -0.014, 0.060, 0.190
225.340, 0.500, -0.100, -0.012, 0.061, 0.191
225.360, 0.500, -0.100, -0.010, 0.061, 0.192
225.380, 0.500, -0.100, -0.008, 0.060, 0.193
225.400, 0.500, -0.100, -0.007, 0.059, 0.193
225.420, 0.500, -0.100, -0.006, 0.058, 0.193
225.440, 0.500, -0.100, -0.006, 0.056, 0.192
225.460, 0.500, -0.100, -0.007, 0.055, 0.191
225.480, 0.500, -0.100, -0.008, 0.054, 0.190
225.500, 0.500, -0.100, -0.010, 0.052, 0.189
225.520, 0.500, -0.100, -0.012, 0.050, 0.187
225.540, 0.500, -0.100, -0.015, 0.048, 0.185
225.560, 0.500, -0.100, -0.019, 0.046, 0.183
225.580, 0.500, -0.100, -0.022, 0.044, 0.181
225.600, 0.500, -0.100, -0.026, 0.041, 0.179
225.620, 0.500, -0.100, -0.030, 0.038, 0.177
225.640, 0.500, -0.100, -0.034, 0.034, 0.174
225.660, 0.500, -0.100, -0.039, 0.029, 0.171
225.680, 0.500, -0.100, -0.041, 0.023, 0.166
225.700, 0.500, -0.100, -0.042, 0.020, 0.165
225.720, 0.500, -0.100, -0.040, 0.018, 0.163
225.740, 0.500, -0.100, -0.037, 0.017, 0.161
225.760, 0.500, -0.100, -0.032, 0.016, 0.159
225.780, 0.500, -0.100, -0.026, 0.015, 0.157
225.800, 0.500, -0.100, -0.018, 0.013, 0.156
225.820, 0.500, -0.100, -0.011, 0.011, 0.157
225.840, 0.500, -0.100, -0.003, 0.007, 0.158
225.860, 0.500, -0.100, 0.004, 0.003, 0.162
225.880, 0.500, -0.100, 0.010, -0.002, 0.165
225.900, 0.500, -0.100, 0.017, -0.008, 0.170
225.920, 0.500, -0.100, 0.023, -0.014, 0.175
225.940, 0.500, -0.100, 0.029, -0.020, 0.179
225.960, 0.500, -0.100, 0.036, -0.025, 0.184
225.980, 0.500, -0.100, 0.042, -0.030, 0.188
226.000, 0.500, -0.100, 0.048, -0.034, 0.191
226.020, 0.500, -0.100, 0.053, -0.038, 0.194
226.040, 0.500, -0.100, 0.059, -0.040, 0.197
226.060, 0.500, -0.100, 0.063, -0.042, 0.199
226.080, 0.500, -0.100, 0.067, -0.044, 0.201
226.100, 0.500, -0.100, 0.069, -0.045, 0.203
226.120, 0.500, -0.100, 0.071, -0.045, 0.204
226.140, 0.500, -0.100, 0.071, -0.045, 0.205
226.160, 0.500, -0.100, 0.071, -0.046, 0.205
226.180, 0.500, -0.100, 0.069, -0.046, 0.206
226.200, 0.500, -0.100, 0.067, -0.045, 0.206
226.220, 0.500, -0.100, 0.064, -0.044, 0.206
226.240, 0.500, -0.100, 0.061, -0.043, 0.206
226.260, 0.500, -0.100, 0.057, -0.041, 0.205
226.280, 0.500, -0.100, 0.053, -0.038, 0.204
226.300, 0.500, -0.100, 0.049, -0.034, 0.202
226.320, 0.500, -0.100, 0.044, -0.028, 0.197
226.340, 0.500, -0.100, 0.038, -0.019, 0.190
226.360, 0.500, -0.100, 0.031, -0.008, 0.181
226.380, 0.500, -0.100, 0.026, 0.002, 0.171
226.400, 0.500, -0.100, 0.026, 0.010, 0.165
226.420, 0.500, -0.100, 0.031, 0.012, 0.163
226.440, 0.500, -0.100, 0.039, 0.010, 0.161
226.460, 0.500, -0.100, 0.047, 0.008, 0.161
226.480, 0.500, -0.100, 0.055, 0.006, 0.163
226.500, 0.500, -0.100, 0.063, 0.003, 0.166
226.520, 0.500, -0.100, 0.070, 0.001, 0.171
226.540, 0.500, -0.100, 0.077, -0.001, 0.176
226.560, 0.500, -0.100, 0.084, -0.002, 0.181
226.580, 0.500, -0.100, 0.091, -0.003, 0.186
226.600, 0.500, -0.100, 0.097, -0.004, 0.191
226.620, 0.500, -0.100, 0.104, -0.004, 0.195
226.640, 0.500, -0.100, 0.109, -0.003, 0.198
226.660, 0.500, -0.100, 0.115, -0.002, 0.201
226.680, 0.500, -0.100, 0.120, -0.002, 0.203
226.700, 0.500, -0.100, 0.124, -0.001, 0.204
226.720, 0.500, -0.100, 0.129, 0.000, 0.206
226.740, 0.500, -0.100, 0.132, 0.002, 0.207
226.760, 0.500, -0.100, 0.136, 0.003, 0.207
226.780, 0.500, -0.100, 0.138, 0.004, 0.207
226.800, 0.500, -0.100, 0.140, 0.004, 0.207
226.820, 0.500, -0.100, 0.141, 0.005, 0.206
226.840, 0.500, -0.100, 0.142, 0.005, 0.205
226.860, 0.500, -0.100, 0.141, 0.005, 0.204
226.880, 0.500, -0.100, 0.140, 0.004, 0.203
226.900, 0.500, -0.100, 0.137, 0.003, 0.203
226.920, 0.500, -0.100, 0.135, 0.000, 0.203
226.940, 0.500, -0.100, 0.132, -0.003, 0.203
226.960, 0.500, -0.100, 0.129, -0.008, 0.201
226.980, 0.500, -0.100, 0.124, -0.015, 0.196
227.000, 0.500, -0.100, 0.117, -0.024, 0.189
227.020, 0.500, -0.100, 0.111, -0.031, 0.180
227.040, 0.500, -0.100, 0.106, -0.038, 0.169
227.060, 0.500, -0.100, 0.107, -0.041, 0.165
227.080, 0.500, -0.100, 0.112, -0.040, 0.162
227.100, 0.500, -0.100, 0.119, -0.040, 0.160
227.120, 0.500, -0.100, 0.126, -0.041, 0.159
227.140, 0.500, -0.100, 0.133, -0.043, 0.160
227.160, 0.500, -0.100, 0.140, -0.047, 0.163
227.180, 0.500, -0.100, 0.145, -0.052, 0.167
227.200, 0.500, -0.100, 0.151, -0.057, 0.172
227.220, 0.500, -0.100, 0.156, -0.064, 0.177
227.240, 0.500, -0.100, 0.161, -0.070, 0.183
227.260, 0.500, -0.100, 0.166, -0.077, 0.188
227.280, 0.500, -0.100, 0.171, -0.083, 0.193
227.300, 0.500, -0.100, 0.176, -0.088, 0.196
227.320, 0.500, -0.100, 0.181, -0.093, 0.200
227.340, 0.500, -0.100, 0.185, -0.096, 0.203
227.360, 0.500, -0.100, 0.189, -0.099, 0.205
227.380, 0.500, -0.100, 0.193, -0.101, 0.207
227.400, 0.500, -0.100, 0.195, -0.102, 0.208
227.420, 0.500, -0.100, 0.197, -0.103, 0.210
227.440, 0.500, -0.100, 0.198, -0.103, 0.210
227.460, 0.500, -0.100, 0.198, -0.104, 0.211
227.480, 0.500, -0.100, 0.197, -0.104, 0.212
227.500, 0.500, -0.100, 0.195, -0.104, 0.212
227.520, 0.500, -0.100, 0.193, -0.104, 0.212
227.540, 0.500, -0.100, 0.191, -0.102, 0.211
227.560, 0.500, -0.100, 0.188, -0.101, 0.210
227.580, 0.500, -0.100, 0.184, -0.099, 0.210
227.600, 0.500, -0.100, 0.181, -0.095, 0.208
227.620, 0.500, -0.100, 0.177, -0.090, 0.204
227.640, 0.500, -0.100, 0.173, -0.083, 0.198
227.660, 0.500, -0.100, 0.168, -0.073, 0.189
227.680, 0.500, -0.100, 0.162, -0.059, 0.179
227.700, 0.500, -0.100, 0.158, -0.048, 0.169
227.720, 0.500, -0.100, 0.160, -0.042, 0.166
227.740, 0.500, -0.100, 0.166, -0.044, 0.163
227.760, 0.500, -0.100, 0.173, -0.048, 0.162
227.780, 0.500, -0.100, 0.180, -0.052, 0.162
227.800, 0.500, -0.100, 0.187, -0.056, 0.165
227.820, 0.500, -0.100, 0.194, -0.060, 0.169
227.840, 0.500, -0.100, 0.201, -0.063, 0.174
227.860, 0.500, -0.100, 0.208, -0.067, 0.180
227.880, 0.500, -0.100, 0.215, -0.070, 0.185
227.900, 0.500, -0.100, 0.221, -0.071, 0.190
227.920, 0.500, -0.100, 0.227, -0.073, 0.195
227.940, 0.500, -0.100, 0.233, -0.073, 0.199
227.960, 0.500, -0.100, 0.239, -0.074, 0.202
227.980, 0.500, -0.100, 0.244, -0.073, 0.204
228.000, 0.500, -0.100, 0.249, -0.072, 0.206
228.020, 0.500, -0.100, 0.254, -0.071, 0.208
228.040, 0.500, -0.100, 0.258, -0.069, 0.209
228.060, 0.500, -0.100, 0.262, -0.067, 0.210
228.080, 0.500, -0.100, 0.266, -0.065, 0.211
228.100, 0.500, -0.100, 0.269, -0.063, 0.210
228.120, 0.500, -0.100, 0.271, -0.061, 0.210
228.140, 0.500, -0.100, 0.272, -0.059, 0.209
228.160, 0.500, -0.100, 0.272, -0.058, 0.207
228.180, 0.500, -0.100, 0.271, -0.057, 0.206
228.200, 0.500, -0.100, 0.270, -0.056, 0.206
228.220, 0.500, -0.100, 0.267, -0.057, 0.205
228.240, 0.500, -0.100, 0.264, -0.059, 0.205
228.260, 0.500, -0.100, 0.261, -0.063, 0.204
228.280, 0.500, -0.100, 0.257, -0.068, 0.201
228.300, 0.500, -0.100, 0.250, -0.076, 0.196
228.320, 0.500, -0.100, 0.242, -0.085, 0.189
228.340, 0.500, -0.100, 0.235, -0.092, 0.180
228.360, 0.500, -0.100, 0.230, -0.098, 0.168
228.380, 0.500, -0.100, 0.231, -0.102, 0.164
228.400, 0.500, -0.100, 0.236, -0.102, 0.161
228.420, 0.500, -0.100, 0.243, -0.102, 0.160
228.440, 0.500, -0.100, 0.250, -0.104, 0.159
228.460, 0.500, -0.100, 0.257, -0.107, 0.161
228.480, 0.500, -0.100, 0.263, -0.111, 0.164
228.500, 0.500, -0.100, 0.268, -0.117, 0.168
228.520, 0.500, -0.100, 0.273, -0.123, 0.174
228.540, 0.500, -0.100, 0.277, -0.129, 0.180
228.560, 0.500, -0.100, 0.281, -0.136, 0.185
228.580, 0.500, -0.100, 0.285, -0.143, 0.190
228.600, 0.500, -0.100, 0.289, -0.149, 0.195
228.620, 0.500, -0.100, 0.293, -0.154, 0.198
228.640, 0.500, -0.100, 0.296, -0.158, 0.202
228.660, 0.500, -0.100, 0.300, -0.161, 0.204
228.680, 0.500, -0.100, 0.303, -0.163, 0.206
228.700, 0.500, -0.100, 0.305, -0.165, 0.208
228.720, 0.500, -0.100, 0.307, -0.166, 0.209
230.760, 0.500, -0.000, 0.000, 0.000, 0.227
230.780, 0.500, -0.000, -0.001, -0.000, 0.223
230.800, 0.500, -0.000, -0.005, -0.000, 0.221
230.820, 0.500, -0.000, -0.010, 0.001, 0.218
230.840, 0.500, -0.000, -0.014, 0.002, 0.213
230.860, 0.500, -0.000, -0.017, 0.004, 0.209
230.880, 0.500, -0.000, -0.018, 0.007, 0.205
230.900, 0.500, -0.000, -0.018, 0.010, 0.203
230.920, 0.500, -0.000, -0.018, 0.012, 0.201
230.940, 0.500, -0.000, -0.018, 0.015, 0.201
230.960, 0.500, -0.000, -0.019, 0.018, 0.201
230.980, 0.500, -0.000, -0.020, 0.022, 0.201
231.000, 0.500, -0.000, -0.024, 0.025, 0.202
231.020, 0.500, -0.000, -0.029, 0.029, 0.202
231.040, 0.500, -0.000, -0.035, 0.034, 0.199
231.060, 0.500, -0.000, -0.042, 0.038, 0.193
231.080, 0.500, -0.000, -0.048, 0.043, 0.184
231.100, 0.500, -0.000, -0.053, 0.047, 0.172
231.120, 0.500, -0.000, -0.053, 0.050, 0.165
231.140, 0.500, -0.000, -0.048, 0.050, 0.163
231.160, 0.500, -0.000, -0.042, 0.049, 0.162
231.180, 0.500, -0.000, -0.036, 0.049, 0.163
231.200, 0.500, -0.000, -0.030, 0.050, 0.165
231.220, 0.500, -0.000, -0.024, 0.052, 0.168
231.240, 0.500, -0.000, -0.019, 0.055, 0.172
231.260, 0.500, -0.000, -0.015, 0.058, 0.176
231.280, 0.500, -0.000, -0.010, 0.061, 0.180
231.300, 0.500, -0.000, -0.007, 0.063, 0.184
231.320, 0.500, -0.000, -0.003, 0.066, 0.187
231.340, 0.500, -0.000, 0.000, 0.067, 0.189
231.360, 0.500, -0.000, 0.003, 0.069, 0.191
231.380, 0.500, -0.000, 0.006, 0.069, 0.192
231.400, 0.500, -0.000, 0.009, 0.069, 0.193
231.420, 0.500, -0.000, 0.010, 0.069, 0.193
231.440, 0.500, -0.000, 0.012, 0.068, 0.194
231.460, 0.500, -0.000, 0.013, 0.067, 0.194
231.480, 0.500, -0.000, 0.012, 0.066, 0.193
231.500, 0.500, -0.000, 0.012, 0.065, 0.193
231.520, 0.500, -0.000, 0.010, 0.064, 0.193
231.540, 0.500, -0.000, 0.008, 0.063, 0.192
231.560, 0.500, -0.000, 0.006, 0.062, 0.191
231.580, 0.500, -0.000, 0.003, 0.060, 0.190
231.600, 0.500, -0.000, -0.001, 0.058, 0.189
231.620, 0.500, -0.000, -0.005, 0.056, 0.187
231.640, 0.500, -0.000, -0.009, 0.053, 0.187
231.660, 0.500, -0.000, -0.012, 0.049, 0.184
231.680, 0.500, -0.000, -0.017, 0.044, 0.180
231.700, 0.500, -0.000, -0.021, 0.037, 0.175
231.720, 0.500, -0.000, -0.025, 0.031, 0.167
231.740, 0.500, -0.000, -0.027, 0.026, 0.161
231.760, 0.500, -0.000, -0.026, 0.023, 0.160
231.780, 0.500, -0.000, -0.022, 0.022, 0.159
231.800, 0.500, -0.000, -0.017, 0.021, 0.159
231.820, 0.500, -0.000, -0.011, 0.020, 0.159
231.840, 0.500, -0.000, -0.004, 0.019, 0.161
231.860, 0.500, -0.000, 0.002, 0.017, 0.164
231.880, 0.500, -0.000, 0.008, 0.014, 0.168
231.900, 0.500, -0.000, 0.014, 0.011, 0.172
231.920, 0.500, -0.000, 0.020, 0.007, 0.177
231.940, 0.500, -0.000, 0.026, 0.003, 0.181
231.960, 0.500, -0.000, 0.031, -0.001, 0.186
231.980, 0.500, -0.000, 0.036, -0.005, 0.190
232.000, 0.500, -0.000, 0.041, -0.008, 0.193
232.020, 0.500, -0.000, 0.046, -0.011, 0.196
232.040, 0.500, -0.000, 0.050, -0.014, 0.199
232.060, 0.500, -0.000, 0.054, -0.017, 0.201
232.080, 0.500, -0.000, 0.057, -0.018, 0.202
232.100, 0.500, -0.000, 0.059, -0.020, 0.204
232.120, 0.500, -0.000, 0.060, -0.021, 0.204
232.140, 0.500, -0.000, 0.061, -0.022, 0.205
232.160, 0.500, -0.000, 0.061, -0.023, 0.205
232.180, 0.500, -0.000, 0.060, -0.023, 0.206
232.200, 0.500, -0.000, 0.058, -0.023, 0.205
232.220, 0.500, -0.000, 0.056, -0.022, 0.205
232.240, 0.500, -0.000, 0.053, -0.021, 0.204
232.260, 0.500, -0.000, 0.050, -0.020, 0.203
232.280, 0.500, -0.000, 0.047, -0.017, 0.202
232.300, 0.500, -0.000, 0.043, -0.014, 0.201
232.320, 0.500, -0.000, 0.039, -0.010, 0.198
232.340, 0.500, -0.000, 0.036, -0.004, 0.193
232.360, 0.500, -0.000, 0.030, 0.004, 0.185
232.380, 0.500, -0.000, 0.024, 0.015, 0.176
232.400, 0.500, -0.000, 0.020, 0.025, 0.167
232.420, 0.500, -0.000, 0.021, 0.032, 0.163
232.440, 0.500, -0.000, 0.025, 0.033, 0.161
232.460, 0.500, -0.000, 0.032, 0.032, 0.160
232.480, 0.500, -0.000, 0.038, 0.031, 0.160
232.500, 0.500, -0.000, 0.045, 0.030, 0.162
232.520, 0.500, -0.000, 0.052, 0.030, 0.165
232.540, 0.500, -0.000, 0.058, 0.030, 0.169
232.560, 0.500, -0.000, 0.064, 0.031, 0.174
232.580, 0.500, -0.000, 0.070, 0.032, 0.179
232.600, 0.500, -0.000, 0.076, 0.034, 0.184
232.620, 0.500, -0.000, 0.082, 0.037, 0.189
232.640, 0.500, -0.000, 0.087, 0.039, 0.193
232.660, 0.500, -0.000, 0.091, 0.042, 0.196
232.680, 0.500, -0.000, 0.095, 0.045, 0.199
232.700, 0.500, -0.000, 0.098, 0.047, 0.202
232.720, 0.500, -0.000, 0.101, 0.050, 0.204
232.740, 0.500, -0.000, 0.103, 0.051, 0.205
232.760, 0.500, -0.000, 0.105, 0.053, 0.206
232.780, 0.500, -0.000, 0.106, 0.054, 0.207
232.800, 0.500, -0.000, 0.106, 0.055, 0.207
232.820, 0.500, -0.000, 0.106, 0.055, 0.207
232.840, 0.500, -0.000, 0.105, 0.055, 0.207
232.860, 0.500, -0.000, 0.103, 0.054, 0.206
232.880, 0.500, -0.000, 0.101, 0.053, 0.205
232.900, 0.500, -0.000, 0.099, 0.052, 0.203
232.920, 0.500, -0.000, 0.095, 0.050, 0.202
232.940, 0.500, -0.000, 0.091, 0.047, 0.201
232.960, 0.500, -0.000, 0.087, 0.044, 0.199
232.980, 0.500, -0.000, 0.083, 0.040, 0.197
233.000, 0.500, -0.000, 0.078, 0.033, 0.191
233.020, 0.500, -0.000, 0.072, 0.024, 0.182
233.040, 0.500, -0.000, 0.065, 0.016, 0.172
233.060, 0.500, -0.000, 0.063, 0.010, 0.168
233.080, 0.500, -0.000, 0.066, 0.010, 0.165
233.100, 0.500, -0.000, 0.072, 0.010, 0.163
233.120, 0.500, -0.000, 0.079, 0.011, 0.162
233.140, 0.500, -0.000, 0.086, 0.011, 0.162
233.160, 0.500, -0.000, 0.093, 0.011, 0.165
233.180, 0.500, -0.000, 0.100, 0.010, 0.169
233.200, 0.500, -0.000, 0.107, 0.008, 0.173
233.220, 0.500, -0.000, 0.114, 0.006, 0.179
233.240, 0.500, -0.000, 0.120, 0.003, 0.184
233.260, 0.500, -0.000, 0.126, -0.000, 0.189
233.280, 0.500, -0.000, 0.132, -0.004, 0.193
233.300, 0.500, -0.000, 0.138, -0.007, 0.197
233.320, 0.500, -0.000, 0.143, -0.010, 0.200
233.340, 0.500, -0.000, 0.148, -0.013, 0.203
233.360, 0.500, -0.000, 0.152, -0.016, 0.205
233.380, 0.500, -0.000, 0.156, -0.019, 0.207
233.400, 0.500, -0.000, 0.159, -0.021, 0.208
233.420, 0.500, -0.000, 0.161, -0.023, 0.209
233.440, 0.500, -0.000, 0.163, -0.025, 0.210
233.460, 0.500, -0.000, 0.164, -0.026, 0.211
233.480, 0.500, -0.000, 0.164, -0.027, 0.211
233.500, 0.500, -0.000, 0.164, -0.028, 0.211
233.520, 0.500, -0.000, 0.162, -0.028, 0.211
233.540, 0.500, -0.000, 0.160, -0.028, 0.211
233.560, 0.500, -0.000, 0.157, -0.027, 0.210
233.580, 0.500, -0.000, 0.154, -0.026, 0.210
233.600, 0.500, -0.000, 0.150, -0.023, 0.209
233.620, 0.500, -0.000, 0.147, -0.020, 0.208
233.640, 0.500, -0.000, 0.143, -0.015, 0.205
233.660, 0.500, -0.000, 0.139, -0.008, 0.198
233.680, 0.500, -0.000, 0.134, 0.003, 0.189
233.700, 0.500, -0.000, 0.129, 0.015, 0.179
233.720, 0.500, -0.000, 0.128, 0.025, 0.169
233.740, 0.500, -0.000, 0.131, 0.030, 0.166
233.760, 0.500, -0.000, 0.138, 0.030, 0.164
233.780, 0.500, -0.000, 0.145, 0.029, 0.164
233.800, 0.500, -0.000, 0.152, 0.028, 0.166
233.820, 0.500, -0.000, 0.160, 0.027, 0.169
233.840, 0.500, -0.000, 0.167, 0.027, 0.173
233.860, 0.500, -0.000, 0.173, 0.027, 0.178
233.880, 0.500, -0.000, 0.180, 0.028, 0.183
233.900, 0.500, -0.000, 0.186, 0.030, 0.188
233.920, 0.500, -0.000, 0.192, 0.032, 0.192
233.940, 0.500, -0.000, 0.198, 0.035, 0.196
233.960, 0.500, -0.000, 0.203, 0.038, 0.199
233.980, 0.500, -0.000, 0.207, 0.041, 0.202
234.000, 0.500, -0.000, 0.212, 0.044, 0.205
234.020, 0.500, -0.000, 0.215, 0.047, 0.207
234.040, 0.500, -0.000, 0.219, 0.050, 0.208
234.060, 0.500, -0.000, 0.222, 0.052, 0.210
234.080, 0.500, -0.000, 0.224, 0.054, 0.211
234.100, 0.500, -0.000, 0.225, 0.056, 0.211
234.120, 0.500, -0.000, 0.226, 0.057, 0.211
234.140, 0.500, -0.000, 0.226, 0.058, 0.211
234.160, 0.500, -0.000, 0.226, 0.058, 0.211
234.180, 0.500, -0.000, 0.225, 0.058, 0.210
234.200, 0.500, -0.000, 0.223, 0.057, 0.209
234.220, 0.500, -0.000, 0.221, 0.056, 0.208
234.240, 0.500, -0.000, 0.218, 0.055, 0.208
234.260, 0.500, -0.000, 0.214, 0.053, 0.207
234.280, 0.500, -0.000, 0.210, 0.049, 0.207
234.300, 0.500, -0.000, 0.206, 0.044, 0.204
234.320, 0.500, -0.000, 0.200, 0.036, 0.197
234.340, 0.500, -0.000, 0.193, 0.026, 0.188
234.360, 0.500, -0.000, 0.185, 0.018, 0.176
234.380, 0.500, -0.000, 0.182, 0.012, 0.171
234.400, 0.500, -0.000, 0.185, 0.012, 0.169
234.420, 0.500, -0.000, 0.191, 0.013, 0.167
234.440, 0.500, -0.000, 0.199, 0.013, 0.166
234.460, 0.500, -0.000, 0.208, 0.013, 0.167
234.480, 0.500, -0.000, 0.216, 0.013, 0.169
234.500, 0.500, -0.000, 0.223, 0.012, 0.174
234.520, 0.500, -0.000, 0.230, 0.010, 0.179
234.540, 0.500, -0.000, 0.237, 0.008, 0.184
234.560, 0.500, -0.000, 0.244, 0.005, 0.190
234.580, 0.500, -0.000, 0.249, 0.001, 0.195
234.600, 0.500, -0.000, 0.255, -0.002, 0.199
234.620, 0.500, -0.000, 0.261, -0.006, 0.202
234.640, 0.500, -0.000, 0.266, -0.010, 0.205
234.660, 0.500, -0.000, 0.270, -0.013, 0.208
234.680, 0.500, -0.000, 0.275, -0.017, 0.210
234.700, 0.500, -0.000, 0.279, -0.020, 0.212
234.720, 0.500, -0.000, 0.282, -0.023, 0.213
234.740, 0.500, -0.000, 0.284, -0.025, 0.214
236.780, 0.500, 0.100, 0.000, 0.000, 0.227
236.800, 0.500, 0.100, -0.001, -0.000, 0.223
236.820, 0.500, 0.100, -0.006, -0.001, 0.222
236.840, 0.500, 0.100, -0.011, -0.000, 0.219
236.860, 0.500, 0.100, -0.015, 0.001, 0.215
236.880, 0.500, 0.100, -0.017, 0.004, 0.211
236.900, 0.500, 0.100, -0.018, 0.007, 0.208
236.920, 0.500, 0.100, -0.018, 0.010, 0.206
236.940, 0.500, 0.100, -0.018, 0.013, 0.205
236.960, 0.500, 0.100, -0.017, 0.017, 0.204
236.980, 0.500, 0.100, -0.017, 0.021, 0.205
237.000, 0.500, 0.100, -0.018, 0.025, 0.205
237.020, 0.500, 0.100, -0.021, 0.030, 0.204
237.040, 0.500, 0.100, -0.024, 0.035, 0.204
237.060, 0.500, 0.100, -0.029, 0.039, 0.201
237.080, 0.500, 0.100, -0.035, 0.043, 0.195
237.100, 0.500, 0.100, -0.041, 0.048, 0.186
237.120, 0.500, 0.100, -0.044, 0.053, 0.174
237.140, 0.500, 0.100, -0.044, 0.058, 0.164
237.160, 0.500, 0.100, -0.039, 0.063, 0.161
237.180, 0.500, 0.100, -0.033, 0.064, 0.160
237.200, 0.500, 0.100, -0.026, 0.068, 0.160
237.220, 0.500, 0.100, -0.020, 0.072, 0.162
237.240, 0.500, 0.100, -0.014, 0.078, 0.164
237.260, 0.500, 0.100, -0.008, 0.085, 0.167
237.280, 0.500, 0.100, -0.004, 0.091, 0.171
237.300, 0.500, 0.100, 0.001, 0.097, 0.175
237.320, 0.500, 0.100, 0.004, 0.101, 0.179
237.340, 0.500, 0.100, 0.008, 0.105, 0.181
237.360, 0.500, 0.100, 0.010, 0.106, 0.184
237.380, 0.500, 0.100, 0.012, 0.107, 0.185
237.400, 0.500, 0.100, 0.014, 0.107, 0.186
237.420, 0.500, 0.100, 0.015, 0.105, 0.187
237.440, 0.500, 0.100, 0.015, 0.104, 0.187
237.460, 0.500, 0.100, 0.014, 0.102, 0.187
237.480, 0.500, 0.100, 0.013, 0.100, 0.187
237.500, 0.500, 0.100, 0.012, 0.099, 0.186
237.520, 0.500, 0.100, 0.010, 0.097, 0.186
237.540, 0.500, 0.100, 0.008, 0.096, 0.185
237.560, 0.500, 0.100, 0.006, 0.095, 0.184
237.580, 0.500, 0.100, 0.003, 0.094, 0.183
237.600, 0.500, 0.100, 0.001, 0.092, 0.182
237.620, 0.500, 0.100, -0.003, 0.090, 0.180
237.640, 0.500, 0.100, -0.006, 0.088, 0.178
237.660, 0.500, 0.100, -0.011, 0.086, 0.177
237.680, 0.500, 0.100, -0.015, 0.082, 0.175
237.700, 0.500, 0.100, -0.019, 0.076, 0.171
237.720, 0.500, 0.100, -0.024, 0.069, 0.168
237.740, 0.500, 0.100, -0.028, 0.061, 0.162
237.760, 0.500, 0.100, -0.030, 0.056, 0.158
237.780, 0.500, 0.100, -0.027, 0.052, 0.156
237.800, 0.500, 0.100, -0.022, 0.051, 0.155
237.820, 0.500, 0.100, -0.015, 0.051, 0.155
237.840, 0.500, 0.100, -0.008, 0.051, 0.155
237.860, 0.500, 0.100, -0.002, 0.052, 0.157
237.880, 0.500, 0.100, 0.005, 0.051, 0.160
237.900, 0.500, 0.100, 0.011, 0.050, 0.165
237.920, 0.500, 0.100, 0.017, 0.049, 0.170
237.940, 0.500, 0.100, 0.023, 0.047, 0.175
237.960, 0.500, 0.100, 0.028, 0.045, 0.179
237.980, 0.500, 0.100, 0.033, 0.043, 0.184
238.000, 0.500, 0.100, 0.038, 0.041, 0.188
238.020, 0.500, 0.100, 0.043, 0.039, 0.191
238.040, 0.500, 0.100, 0.047, 0.037, 0.193
238.060, 0.500, 0.100, 0.051, 0.036, 0.195
238.080, 0.500, 0.100, 0.054, 0.035, 0.197
238.100, 0.500, 0.100, 0.056, 0.035, 0.198
238.120, 0.500, 0.100, 0.058, 0.034, 0.198
238.140, 0.500, 0.100, 0.058, 0.034, 0.198
238.160, 0.500, 0.100, 0.058, 0.034, 0.198
238.180, 0.500, 0.100, 0.058, 0.035, 0.197
238.200, 0.500, 0.100, 0.056, 0.036, 0.196
238.220, 0.500, 0.100, 0.053, 0.037, 0.195
238.240, 0.500, 0.100, 0.050, 0.039, 0.194
238.260, 0.500, 0.100, 0.047, 0.041, 0.192
238.280, 0.500, 0.100, 0.043, 0.044, 0.190
238.300, 0.500, 0.100, 0.039, 0.047, 0.188
238.320, 0.500, 0.100, 0.035, 0.050, 0.186
238.340, 0.500, 0.100, 0.032, 0.055, 0.183
238.360, 0.500, 0.100, 0.028, 0.061, 0.176
238.380, 0.500, 0.100, 0.023, 0.069, 0.170
238.400, 0.500, 0.100, 0.020, 0.078, 0.162
238.420, 0.500, 0.100, 0.021, 0.085, 0.160
238.440, 0.500, 0.100, 0.025, 0.087, 0.158
238.460, 0.500, 0.100, 0.031, 0.088, 0.156
238.480, 0.500, 0.100, 0.037, 0.088, 0.155
238.500, 0.500, 0.100, 0.043, 0.088, 0.155
238.520, 0.500, 0.100, 0.050, 0.089, 0.156
238.540, 0.500, 0.100, 0.056, 0.090, 0.158
238.560, 0.500, 0.100, 0.062, 0.092, 0.161
238.580, 0.500, 0.100, 0.067, 0.095, 0.165
238.600, 0.500, 0.100, 0.073, 0.099, 0.169
238.620, 0.500, 0.100, 0.079, 0.103, 0.173
238.640, 0.500, 0.100, 0.084, 0.108, 0.177
238.660, 0.500, 0.100, 0.089, 0.112, 0.181
238.680, 0.500, 0.100, 0.095, 0.116, 0.184
238.700, 0.500, 0.100, 0.099, 0.120, 0.188
238.720, 0.500, 0.100, 0.103, 0.123, 0.191
238.740, 0.500, 0.100, 0.107, 0.125, 0.193
238.760, 0.500, 0.100, 0.110, 0.127, 0.195
238.780, 0.500, 0.100, 0.112, 0.128, 0.197
238.800, 0.500, 0.100, 0.113, 0.128, 0.198
238.820, 0.500, 0.100, 0.114, 0.129, 0.199
238.840, 0.500, 0.100, 0.114, 0.129, 0.200
238.860, 0.500, 0.100, 0.113, 0.128, 0.200
238.880, 0.500, 0.100, 0.111, 0.128, 0.200
238.900, 0.500, 0.100, 0.109, 0.126, 0.200
238.920, 0.500, 0.100, 0.106, 0.125, 0.199
238.940, 0.500, 0.100, 0.103, 0.123, 0.199
238.960, 0.500, 0.100, 0.099, 0.121, 0.198
238.980, 0.500, 0.100, 0.094, 0.117, 0.197
239.000, 0.500, 0.100, 0.090, 0.113, 0.194
239.020, 0.500, 0.100, 0.085, 0.106, 0.189
239.040, 0.500, 0.100, 0.078, 0.097, 0.181
239.060, 0.500, 0.100, 0.072, 0.088, 0.173
239.080, 0.500, 0.100, 0.069, 0.082, 0.166
239.100, 0.500, 0.100, 0.073, 0.081, 0.163
239.120, 0.500, 0.100, 0.078, 0.083, 0.160
239.140, 0.500, 0.100, 0.085, 0.086, 0.160
239.160, 0.500, 0.100, 0.092, 0.088, 0.162
239.180, 0.500, 0.100, 0.098, 0.091, 0.165
239.200, 0.500, 0.100, 0.105, 0.093, 0.170
239.220, 0.500, 0.100, 0.112, 0.094, 0.176
239.240, 0.500, 0.100, 0.119, 0.096, 0.181
239.260, 0.500, 0.100, 0.126, 0.097, 0.186
239.280, 0.500, 0.100, 0.132, 0.097, 0.190
239.300, 0.500, 0.100, 0.138, 0.097, 0.194
239.320, 0.500, 0.100, 0.144, 0.096, 0.198
239.340, 0.500, 0.100, 0.149, 0.096, 0.201
239.360, 0.500, 0.100, 0.154, 0.095, 0.203
239.380, 0.500, 0.100, 0.158, 0.094, 0.205
239.400, 0.500, 0.100, 0.162, 0.093, 0.207
239.420, 0.500, 0.100, 0.166, 0.092, 0.208
239.440, 0.500, 0.100, 0.169, 0.091, 0.209
239.460, 0.500, 0.100, 0.172, 0.089, 0.209
239.480, 0.500, 0.100, 0.174, 0.088, 0.209
239.500, 0.500, 0.100, 0.175, 0.087, 0.209
239.520, 0.500, 0.100, 0.176, 0.087, 0.208
239.540, 0.500, 0.100, 0.175, 0.086, 0.207
239.560, 0.500, 0.100, 0.174, 0.085, 0.207
239.580, 0.500, 0.100, 0.171, 0.086, 0.207
239.600, 0.500, 0.100, 0.169, 0.087, 0.207
239.620, 0.500, 0.100, 0.166, 0.090, 0.207
239.640, 0.500, 0.100, 0.164, 0.093, 0.206
239.660, 0.500, 0.100, 0.161, 0.098, 0.203
239.680, 0.500, 0.100, 0.157, 0.104, 0.196
239.700, 0.500, 0.100, 0.151, 0.113, 0.188
239.720, 0.500, 0.100, 0.145, 0.121, 0.177
239.740, 0.500, 0.100, 0.142, 0.128, 0.168
239.760, 0.500, 0.100, 0.143, 0.137, 0.164
239.780, 0.500, 0.100, 0.149, 0.142, 0.162
239.800, 0.500, 0.100, 0.156, 0.147, 0.160
239.820, 0.500, 0.100, 0.164, 0.152, 0.160
239.840, 0.500, 0.100, 0.172, 0.158, 0.162
239.860, 0.500, 0.100, 0.178, 0.163, 0.166
239.880, 0.500, 0.100, 0.184, 0.169, 0.169
239.900, 0.500, 0.100, 0.190, 0.175, 0.174
239.920, 0.500, 0.100, 0.195, 0.182, 0.178
239.940, 0.500, 0.100, 0.199, 0.188, 0.183
239.960, 0.500, 0.100, 0.203, 0.194, 0.187
239.980, 0.500, 0.100, 0.207, 0.199, 0.192
240.000, 0.500, 0.100, 0.211, 0.202, 0.195
240.020, 0.500, 0.100, 0.214, 0.205, 0.198
240.040, 0.500, 0.100, 0.218, 0.208, 0.200
240.060, 0.500, 0.100, 0.220, 0.209, 0.202
240.080, 0.500, 0.100, 0.223, 0.211, 0.203
240.100, 0.500, 0.100, 0.224, 0.212, 0.204
240.120, 0.500, 0.100, 0.226, 0.213, 0.204
240.140, 0.500, 0.100, 0.226, 0.214, 0.205
240.160, 0.500, 0.100, 0.226, 0.215, 0.205
240.180, 0.500, 0.100, 0.226, 0.215, 0.205
240.200, 0.500, 0.100, 0.226, 0.215, 0.204
240.220, 0.500, 0.100, 0.224, 0.215, 0.203
240.240, 0.500, 0.100, 0.222, 0.214, 0.202
240.260, 0.500, 0.100, 0.219, 0.213, 0.201
240.280, 0.500, 0.100, 0.215, 0.211, 0.201
240.300, 0.500, 0.100, 0.212, 0.207, 0.200
240.320, 0.500, 0.100, 0.207, 0.201, 0.197
240.340, 0.500, 0.100, 0.202, 0.194, 0.192
240.360, 0.500, 0.100, 0.195, 0.183, 0.184
240.380, 0.500, 0.100, 0.186, 0.172, 0.175
240.400, 0.500, 0.100, 0.182, 0.165, 0.170
240.420, 0.500, 0.100, 0.184, 0.165, 0.167
240.440, 0.500, 0.100, 0.189, 0.169, 0.163
240.460, 0.500, 0.100, 0.196, 0.173, 0.161
240.480, 0.500, 0.100, 0.204, 0.178, 0.162
240.500, 0.500, 0.100, 0.212, 0.182, 0.165
240.520, 0.500, 0.100, 0.221, 0.186, 0.171
240.540, 0.500, 0.100, 0.229, 0.189, 0.177
240.560, 0.500, 0.100, 0.237, 0.192, 0.183
240.580, 0.500, 0.100, 0.244, 0.194, 0.189
240.600, 0.500, 0.100, 0.251, 0.195, 0.194
240.620, 0.500, 0.100, 0.257, 0.196, 0.199
240.640, 0.500, 0.100, 0.263, 0.196, 0.204
240.660, 0.500, 0.100, 0.269, 0.196, 0.207
240.680, 0.500, 0.100, 0.275, 0.196, 0.209
240.700, 0.500, 0.100, 0.280, 0.195, 0.212
240.720, 0.500, 0.100, 0.285, 0.194, 0.213
240.740, 0.500, 0.100, 0.289, 0.193, 0.214
240.760, 0.500, 0.100, 0.293, 0.191, 0.215
242.800, 0.500, 0.200, 0.000, 0.000, 0.227
242.820, 0.500, 0.200, -0.001, -0.001, 0.223
242.840, 0.500, 0.200, -0.005, -0.003, 0.220
242.860, 0.500, 0.200, -0.010, -0.004, 0.217
242.880, 0.500, 0.200, -0.013, -0.004, 0.212
242.900, 0.500, 0.200, -0.015, -0.002, 0.207
242.920, 0.500, 0.200, -0.015, -0.001, 0.203
242.940, 0.500, 0.200, -0.015, 0.001, 0.200
242.960, 0.500, 0.200, -0.013, 0.003, 0.198
242.980, 0.500, 0.200, -0.012, 0.006, 0.197
243.000, 0.500, 0.200, -0.012, 0.009, 0.197
243.020, 0.500, 0.200, -0.012, 0.012, 0.197
243.040, 0.500, 0.200, -0.013, 0.016, 0.197
243.060, 0.500, 0.200, -0.015, 0.019, 0.197
243.080, 0.500, 0.200, -0.018, 0.021, 0.196
243.100, 0.500, 0.200, -0.022, 0.024, 0.191
243.120, 0.500, 0.200, -0.026, 0.028, 0.184
243.140, 0.500, 0.200, -0.028, 0.034, 0.176
243.160, 0.500, 0.200, -0.027, 0.041, 0.167
243.180, 0.500, 0.200, -0.022, 0.048, 0.159
243.200, 0.500, 0.200, -0.015, 0.057, 0.154
243.220, 0.500, 0.200, -0.008, 0.069, 0.152
243.240, 0.500, 0.200, 0.000, 0.078, 0.155
243.260, 0.500, 0.200, 0.008, 0.086, 0.157
243.280, 0.500, 0.200, 0.014, 0.096, 0.160
243.300, 0.500, 0.200, 0.020, 0.106, 0.162
243.320, 0.500, 0.200, 0.025, 0.115, 0.167
243.340, 0.500, 0.200, 0.029, 0.121, 0.169
243.360, 0.500, 0.200, 0.033, 0.127, 0.172
243.380, 0.500, 0.200, 0.036, 0.130, 0.175
243.400, 0.500, 0.200, 0.039, 0.131, 0.178
243.420, 0.500, 0.200, 0.041, 0.130, 0.181
243.440, 0.500, 0.200, 0.042, 0.128, 0.182
243.460, 0.500, 0.200, 0.042, 0.125, 0.183
243.480, 0.500, 0.200, 0.041, 0.123, 0.184
243.500, 0.500, 0.200, 0.040, 0.120, 0.185
243.520, 0.500, 0.200, 0.038, 0.118, 0.185
243.540, 0.500, 0.200, 0.036, 0.117, 0.185
243.560, 0.500, 0.200, 0.033, 0.115, 0.185
243.580, 0.500, 0.200, 0.030, 0.114, 0.185
243.600, 0.500, 0.200, 0.027, 0.113, 0.184
243.620, 0.500, 0.200, 0.025, 0.111, 0.183
243.640, 0.500, 0.200, 0.022, 0.109, 0.181
243.660, 0.500, 0.200, 0.019, 0.107, 0.179
243.680, 0.500, 0.200, 0.015, 0.104, 0.177
243.700, 0.500, 0.200, 0.011, 0.100, 0.174
243.720, 0.500, 0.200, 0.006, 0.094, 0.170
243.740, 0.500, 0.200, -0.001, 0.085, 0.166
243.760, 0.500, 0.200, -0.007, 0.078, 0.161
243.780, 0.500, 0.200, -0.010, 0.074, 0.156
243.800, 0.500, 0.200, -0.007, 0.072, 0.153
243.820, 0.500, 0.200, -0.001, 0.072, 0.151
243.840, 0.500, 0.200, 0.006, 0.073, 0.150
243.860, 0.500, 0.200, 0.014, 0.075, 0.150
243.880, 0.500, 0.200, 0.021, 0.076, 0.152
243.900, 0.500, 0.200, 0.029, 0.077, 0.156
243.920, 0.500, 0.200, 0.036, 0.078, 0.161
243.940, 0.500, 0.200, 0.043, 0.078, 0.167
243.960, 0.500, 0.200, 0.050, 0.078, 0.172
243.980, 0.500, 0.200, 0.057, 0.077, 0.178
244.000, 0.500, 0.200, 0.064, 0.077, 0.182
244.020, 0.500, 0.200, 0.071, 0.076, 0.186
244.040, 0.500, 0.200, 0.078, 0.076, 0.189
244.060, 0.500, 0.200, 0.084, 0.076, 0.191
244.080, 0.500, 0.200, 0.089, 0.077, 0.193
244.100, 0.500, 0.200, 0.094, 0.077, 0.195
244.120, 0.500, 0.200, 0.099, 0.078, 0.195
244.140, 0.500, 0.200, 0.103, 0.079, 0.196
244.160, 0.500, 0.200, 0.106, 0.081, 0.196
244.180, 0.500, 0.200, 0.109, 0.082, 0.195
244.200, 0.500, 0.200, 0.110, 0.084, 0.194
244.220, 0.500, 0.200, 0.111, 0.086, 0.193
244.240, 0.500, 0.200, 0.111, 0.088, 0.191
244.260, 0.500, 0.200, 0.109, 0.090, 0.190
244.280, 0.500, 0.200, 0.106, 0.093, 0.189
244.300, 0.500, 0.200, 0.104, 0.096, 0.187
244.320, 0.500, 0.200, 0.101, 0.100, 0.186
244.340, 0.500, 0.200, 0.098, 0.105, 0.184
244.360, 0.500, 0.200, 0.095, 0.110, 0.180
244.380, 0.500, 0.200, 0.091, 0.116, 0.176
244.400, 0.500, 0.200, 0.087, 0.123, 0.170
244.420, 0.500, 0.200, 0.083, 0.131, 0.162
244.440, 0.500, 0.200, 0.082, 0.138, 0.157
244.460, 0.500, 0.200, 0.085, 0.141, 0.154
244.480, 0.500, 0.200, 0.090, 0.141, 0.151
244.500, 0.500, 0.200, 0.096, 0.143, 0.149
244.520, 0.500, 0.200, 0.104, 0.146, 0.147
244.540, 0.500, 0.200, 0.112, 0.150, 0.147
244.560, 0.500, 0.200, 0.118, 0.154, 0.149
244.580, 0.500, 0.200, 0.123, 0.159, 0.152
244.600, 0.500, 0.200, 0.128, 0.165, 0.156
244.620, 0.500, 0.200, 0.133, 0.171, 0.160
244.640, 0.500, 0.200, 0.138, 0.177, 0.165
244.660, 0.500, 0.200, 0.143, 0.183, 0.169
244.680, 0.500, 0.200, 0.148, 0.188, 0.173
244.700, 0.500, 0.200, 0.153, 0.192, 0.177
244.720, 0.500, 0.200, 0.157, 0.195, 0.181
244.740, 0.500, 0.200, 0.161, 0.197, 0.184
244.760, 0.500, 0.200, 0.165, 0.198, 0.187
244.780, 0.500, 0.200, 0.167, 0.199, 0.189
244.800, 0.500, 0.200, 0.169, 0.200, 0.191
244.820, 0.500, 0.200, 0.170, 0.200, 0.193
244.840, 0.500, 0.200, 0.170, 0.200, 0.194
244.860, 0.500, 0.200, 0.170, 0.201, 0.195
244.880, 0.500, 0.200, 0.169, 0.201, 0.196
244.900, 0.500, 0.200, 0.167, 0.201, 0.196
244.920, 0.500, 0.200, 0.165, 0.201, 0.196
244.940, 0.500, 0.200, 0.163, 0.200, 0.196
244.960, 0.500, 0.200, 0.160, 0.198, 0.195
244.980, 0.500, 0.200, 0.157, 0.196, 0.195
245.000, 0.500, 0.200, 0.153, 0.193, 0.193
245.020, 0.500, 0.200, 0.150, 0.188, 0.191
245.040, 0.500, 0.200, 0.146, 0.182, 0.186
245.060, 0.500, 0.200, 0.140, 0.172, 0.179
245.080, 0.500, 0.200, 0.133, 0.162, 0.172
245.100, 0.500, 0.200, 0.131, 0.156, 0.165
245.120, 0.500, 0.200, 0.134, 0.156, 0.161
245.140, 0.500, 0.200, 0.139, 0.160, 0.158
245.160, 0.500, 0.200, 0.145, 0.164, 0.157
245.180, 0.500, 0.200, 0.151, 0.169, 0.158
245.200, 0.500, 0.200, 0.158, 0.175, 0.161
245.220, 0.500, 0.200, 0.166, 0.180, 0.166
245.240, 0.500, 0.200, 0.173, 0.185, 0.172
245.260, 0.500, 0.200, 0.181, 0.191, 0.177
245.280, 0.500, 0.200, 0.189, 0.196, 0.182
245.300, 0.500, 0.200, 0.196, 0.199, 0.186
245.320, 0.500, 0.200, 0.204, 0.203, 0.191
245.340, 0.500, 0.200, 0.210, 0.206, 0.194
245.360, 0.500, 0.200, 0.217, 0.208, 0.197
245.380, 0.500, 0.200, 0.223, 0.210, 0.199
245.400, 0.500, 0.200, 0.230, 0.212, 0.201
245.420, 0.500, 0.200, 0.236, 0.213, 0.203
245.440, 0.500, 0.200, 0.242, 0.214, 0.204
245.460, 0.500, 0.200, 0.248, 0.214, 0.205
245.480, 0.500, 0.200, 0.254, 0.214, 0.206
245.500, 0.500, 0.200, 0.259, 0.213, 0.206
245.520, 0.500, 0.200, 0.263, 0.212, 0.206
245.540, 0.500, 0.200, 0.267, 0.212, 0.205
245.560, 0.500, 0.200, 0.270, 0.211, 0.205
245.580, 0.500, 0.200, 0.273, 0.211, 0.204
245.600, 0.500, 0.200, 0.274, 0.210, 0.203
245.620, 0.500, 0.200, 0.276, 0.210, 0.202
245.640, 0.500, 0.200, 0.277, 0.211, 0.202
245.660, 0.500, 0.200, 0.277, 0.213, 0.200
245.680, 0.500, 0.200, 0.277, 0.217, 0.198
245.700, 0.500, 0.200, 0.275, 0.222, 0.195
245.720, 0.500, 0.200, 0.271, 0.226, 0.191
245.740, 0.500, 0.200, 0.266, 0.232, 0.186
245.760, 0.500, 0.200, 0.262, 0.237, 0.179
245.780, 0.500, 0.200, 0.262, 0.243, 0.170
245.800, 0.500, 0.200, 0.265, 0.249, 0.160
245.820, 0.500, 0.200, 0.271, 0.256, 0.152
245.840, 0.500, 0.200, 0.279, 0.264, 0.148
245.860, 0.500, 0.200, 0.284, 0.272, 0.148
245.880, 0.500, 0.200, 0.289, 0.280, 0.150
245.900, 0.500, 0.200, 0.293, 0.289, 0.152
245.920, 0.500, 0.200, 0.297, 0.297, 0.158
245.940, 0.500, 0.200, 0.301, 0.302, 0.162
245.960, 0.500, 0.200, 0.305, 0.308, 0.165
245.980, 0.500, 0.200, 0.309, 0.312, 0.170
246.000, 0.500, 0.200, 0.311, 0.313, 0.174
246.020, 0.500, 0.200, 0.313, 0.312, 0.178
246.040, 0.500, 0.200, 0.315, 0.310, 0.180
246.060, 0.500, 0.200, 0.315, 0.308, 0.182
246.080, 0.500, 0.200, 0.314, 0.307, 0.184
246.100, 0.500, 0.200, 0.313, 0.305, 0.185
246.120, 0.500, 0.200, 0.312, 0.304, 0.186
246.140, 0.500, 0.200, 0.311, 0.303, 0.187
246.160, 0.500, 0.200, 0.309, 0.302, 0.187
246.180, 0.500, 0.200, 0.307, 0.302, 0.187
246.200, 0.500, 0.200, 0.305, 0.302, 0.186
246.220, 0.500, 0.200, 0.303, 0.302, 0.185
246.240, 0.500, 0.200, 0.302, 0.302, 0.183
246.260, 0.500, 0.200, 0.300, 0.301, 0.182
246.280, 0.500, 0.200, 0.298, 0.299, 0.180
246.300, 0.500, 0.200, 0.296, 0.297, 0.178
246.320, 0.500, 0.200, 0.293, 0.294, 0.175
246.340, 0.500, 0.200, 0.288, 0.289, 0.171
246.360, 0.500, 0.200, 0.282, 0.282, 0.166
246.380, 0.500, 0.200, 0.277, 0.275, 0.161
246.400, 0.500, 0.200, 0.274, 0.271, 0.156
246.420, 0.500, 0.200, 0.277, 0.269, 0.154
246.440, 0.500, 0.200, 0.283, 0.269, 0.151
246.460, 0.500, 0.200, 0.290, 0.270, 0.150
246.480, 0.500, 0.200, 0.298, 0.271, 0.150
246.500, 0.500, 0.200, 0.306, 0.273, 0.152
246.520, 0.500, 0.200, 0.313, 0.274, 0.156
246.540, 0.500, 0.200, 0.321, 0.274, 0.161
246.560, 0.500, 0.200, 0.328, 0.274, 0.167
246.580, 0.500, 0.200, 0.335, 0.274, 0.173
246.600, 0.500, 0.200, 0.342, 0.274, 0.178
246.620, 0.500, 0.200, 0.349, 0.273, 0.183
246.640, 0.500, 0.200, 0.356, 0.273, 0.186
246.660, 0.500, 0.200, 0.363, 0.273, 0.190
246.680, 0.500, 0.200, 0.369, 0.273, 0.192
246.700, 0.500, 0.200, 0.374, 0.273, 0.194
246.720, 0.500, 0.200, 0.380, 0.274, 0.195
246.740, 0.500, 0.200, 0.384, 0.275, 0.196
246.760, 0.500, 0.200, 0.389, 0.276, 0.197
246.780, 0.500, 0.200, 0.392, 0.277, 0.196
248.820, 0.500, 0.300, 0.000, 0.000, 0.227
248.840, 0.500, 0.300, 0.000, -0.001, 0.221
248.860, 0.500, 0.300, -0.003, -0.002, 0.216
248.880, 0.500, 0.300, -0.007, -0.001, 0.209
248.900, 0.500, 0.300, -0.010, 0.001, 0.201
248.920, 0.500, 0.300, -0.012, 0.004, 0.194
248.940, 0.500, 0.300, -0.012, 0.008, 0.188
248.960, 0.500, 0.300, -0.011, 0.012, 0.184
248.980, 0.500, 0.300, -0.011, 0.016, 0.181
249.000, 0.500, 0.300, -0.010, 0.020, 0.179
249.020, 0.500, 0.300, -0.011, 0.024, 0.178
249.040, 0.500, 0.300, -0.013, 0.028, 0.180
249.060, 0.500, 0.300, -0.015, 0.031, 0.183
249.080, 0.500, 0.300, -0.017, 0.035, 0.184
249.100, 0.500, 0.300, -0.019, 0.037, 0.183
249.120, 0.500, 0.300, -0.020, 0.041, 0.180
249.140, 0.500, 0.300, -0.022, 0.047, 0.174
249.160, 0.500, 0.300, -0.022, 0.055, 0.167
249.180, 0.500, 0.300, -0.019, 0.064, 0.158
249.200, 0.500, 0.300, -0.012, 0.076, 0.152
249.220, 0.500, 0.300, -0.004, 0.086, 0.150
249.240, 0.500, 0.300, 0.004, 0.094, 0.148
249.260, 0.500, 0.300, 0.010, 0.103, 0.149
249.280, 0.500, 0.300, 0.015, 0.113, 0.153
249.300, 0.500, 0.300, 0.019, 0.121, 0.156
249.320, 0.500, 0.300, 0.023, 0.130, 0.160
249.340, 0.500, 0.300, 0.027, 0.138, 0.163
249.360, 0.500, 0.300, 0.030, 0.145, 0.166
249.380, 0.500, 0.300, 0.034, 0.150, 0.170
249.400, 0.500, 0.300, 0.037, 0.152, 0.173
249.420, 0.500, 0.300, 0.040, 0.154, 0.176
249.440, 0.500, 0.300, 0.042, 0.154, 0.178
249.460, 0.500, 0.300, 0.044, 0.154, 0.180
249.480, 0.500, 0.300, 0.045, 0.155, 0.181
249.500, 0.500, 0.300, 0.046, 0.155, 0.183
249.520, 0.500, 0.300, 0.046, 0.156, 0.184
249.540, 0.500, 0.300, 0.047, 0.156, 0.185
249.560, 0.500, 0.300, 0.047, 0.157, 0.186
249.580, 0.500, 0.300, 0.046, 0.158, 0.187
249.600, 0.500, 0.300, 0.046, 0.158, 0.187
249.620, 0.500, 0.300, 0.046, 0.159, 0.187
249.640, 0.500, 0.300, 0.045, 0.158, 0.187
249.660, 0.500, 0.300, 0.044, 0.157, 0.186
249.680, 0.500, 0.300, 0.042, 0.156, 0.185
249.700, 0.500, 0.300, 0.039, 0.153, 0.185
249.720, 0.500, 0.300, 0.036, 0.149, 0.184
249.740, 0.500, 0.300, 0.032, 0.143, 0.182
249.760, 0.500, 0.300, 0.027, 0.135, 0.179
249.780, 0.500, 0.300, 0.021, 0.126, 0.174
249.800, 0.500, 0.300, 0.016, 0.119, 0.166
249.820, 0.500, 0.300, 0.017, 0.119, 0.163
249.840, 0.500, 0.300, 0.021, 0.121, 0.160
249.860, 0.500, 0.300, 0.027, 0.126, 0.158
249.880, 0.500, 0.300, 0.034, 0.132, 0.158
249.900, 0.500, 0.300, 0.041, 0.139, 0.160
249.920, 0.500, 0.300, 0.048, 0.146, 0.165
249.940, 0.500, 0.300, 0.055, 0.153, 0.171
249.960, 0.500, 0.300, 0.063, 0.160, 0.177
249.980, 0.500, 0.300, 0.071, 0.167, 0.182
250.000, 0.500, 0.300, 0.079, 0.172, 0.187
250.020, 0.500, 0.300, 0.086, 0.177, 0.192
250.040, 0.500, 0.300, 0.093, 0.181, 0.195
250.060, 0.500, 0.300, 0.099, 0.185, 0.199
250.080, 0.500, 0.300, 0.105, 0.188, 0.201
250.100, 0.500, 0.300, 0.111, 0.191, 0.203
250.120, 0.500, 0.300, 0.117, 0.193, 0.204
250.140, 0.500, 0.300, 0.122, 0.195, 0.205
250.160, 0.500, 0.300, 0.128, 0.196, 0.204
250.180, 0.500, 0.300, 0.133, 0.197, 0.204
250.200, 0.500, 0.300, 0.138, 0.197, 0.203
250.220, 0.500, 0.300, 0.142, 0.197, 0.201
250.240, 0.500, 0.300, 0.146, 0.197, 0.200
250.260, 0.500, 0.300, 0.149, 0.197, 0.199
250.280, 0.500, 0.300, 0.152, 0.196, 0.197
250.300, 0.500, 0.300, 0.153, 0.196, 0.197
250.320, 0.500, 0.300, 0.155, 0.197, 0.196
250.340, 0.500, 0.300, 0.157, 0.198, 0.196
250.360, 0.500, 0.300, 0.158, 0.200, 0.195
250.380, 0.500, 0.300, 0.158, 0.203, 0.195
250.400, 0.500, 0.300, 0.158, 0.207, 0.193
250.420, 0.500, 0.300, 0.156, 0.210, 0.190
250.440, 0.500, 0.300, 0.153, 0.215, 0.186
250.460, 0.500, 0.300, 0.152, 0.222, 0.181
250.480, 0.500, 0.300, 0.152, 0.229, 0.174
250.500, 0.500, 0.300, 0.156, 0.238, 0.166
250.520, 0.500, 0.300, 0.162, 0.248, 0.159
250.540, 0.500, 0.300, 0.171, 0.260, 0.155
250.560, 0.500, 0.300, 0.177, 0.271, 0.155
250.580, 0.500, 0.300, 0.183, 0.283, 0.157
250.600, 0.500, 0.300, 0.188, 0.295, 0.161
250.620, 0.500, 0.300, 0.193, 0.307, 0.164
250.640, 0.500, 0.300, 0.198, 0.318, 0.166
250.660, 0.500, 0.300, 0.203, 0.329, 0.168
250.680, 0.500, 0.300, 0.209, 0.340, 0.168
250.700, 0.500, 0.300, 0.214, 0.349, 0.168
250.720, 0.500, 0.300, 0.219, 0.357, 0.169
250.740, 0.500, 0.300, 0.223, 0.361, 0.174
250.760, 0.500, 0.300, 0.228, 0.361, 0.179
250.780, 0.500, 0.300, 0.232, 0.360, 0.183
250.800, 0.500, 0.300, 0.235, 0.358, 0.185
250.820, 0.500, 0.300, 0.237, 0.356, 0.186
250.840, 0.500, 0.300, 0.238, 0.355, 0.187
250.860, 0.500, 0.300, 0.237, 0.354, 0.188
250.880, 0.500, 0.300, 0.236, 0.352, 0.188
250.900, 0.500, 0.300, 0.234, 0.351, 0.188
250.920, 0.500, 0.300, 0.231, 0.350, 0.187
250.940, 0.500, 0.300, 0.228, 0.349, 0.186
250.960, 0.500, 0.300, 0.224, 0.348, 0.185
250.980, 0.500, 0.300, 0.221, 0.346, 0.184
251.000, 0.500, 0.300, 0.217, 0.343, 0.182
251.020, 0.500, 0.300, 0.214, 0.340, 0.180
251.040, 0.500, 0.300, 0.209, 0.334, 0.177
251.060, 0.500, 0.300, 0.203, 0.327, 0.173
251.080, 0.500, 0.300, 0.193, 0.320, 0.169
251.100, 0.500, 0.300, 0.187, 0.315, 0.166
251.120, 0.500, 0.300, 0.187, 0.314, 0.162
251.140, 0.500, 0.300, 0.191, 0.316, 0.158
251.160, 0.500, 0.300, 0.197, 0.319, 0.153
251.180, 0.500, 0.300, 0.206, 0.324, 0.151
251.200, 0.500, 0.300, 0.215, 0.329, 0.152
251.220, 0.500, 0.300, 0.226, 0.335, 0.156
251.240, 0.500, 0.300, 0.236, 0.340, 0.161
251.260, 0.500, 0.300, 0.245, 0.346, 0.168
251.280, 0.500, 0.300, 0.255, 0.351, 0.173
251.300, 0.500, 0.300, 0.264, 0.357, 0.178
251.320, 0.500, 0.300, 0.273, 0.363, 0.182
251.340, 0.500, 0.300, 0.281, 0.368, 0.185
251.360, 0.500, 0.300, 0.289, 0.372, 0.187
251.380, 0.500, 0.300, 0.296, 0.377, 0.190
251.400, 0.500, 0.300, 0.304, 0.381, 0.192
251.420, 0.500, 0.300, 0.311, 0.385, 0.193
251.440, 0.500, 0.300, 0.319, 0.388, 0.194
251.460, 0.500, 0.300, 0.326, 0.390, 0.194
251.480, 0.500, 0.300, 0.334, 0.392, 0.194
251.500, 0.500, 0.300, 0.341, 0.394, 0.193
251.520, 0.500, 0.300, 0.347, 0.395, 0.193
251.540, 0.500, 0.300, 0.353, 0.396, 0.192
251.560, 0.500, 0.300, 0.359, 0.397, 0.191
251.580, 0.500, 0.300, 0.364, 0.397, 0.190
251.600, 0.500, 0.300, 0.368, 0.397, 0.189
251.620, 0.500, 0.300, 0.372, 0.398, 0.188
251.640, 0.500, 0.300, 0.376, 0.398, 0.187
251.660, 0.500, 0.300, 0.379, 0.400, 0.187
251.680, 0.500, 0.300, 0.381, 0.402, 0.188
251.700, 0.500, 0.300, 0.383, 0.403, 0.188
251.720, 0.500, 0.300, 0.383, 0.403, 0.186
251.740, 0.500, 0.300, 0.382, 0.406, 0.184
251.760, 0.500, 0.300, 0.382, 0.409, 0.180
251.780, 0.500, 0.300, 0.383, 0.413, 0.175
251.800, 0.500, 0.300, 0.388, 0.417, 0.168
251.820, 0.500, 0.300, 0.397, 0.423, 0.161
251.840, 0.500, 0.300, 0.407, 0.429, 0.159
251.860, 0.500, 0.300, 0.417, 0.436, 0.159
251.880, 0.500, 0.300, 0.427, 0.444, 0.161
251.900, 0.500, 0.300, 0.436, 0.452, 0.164
251.920, 0.500, 0.300, 0.446, 0.459, 0.166
251.940, 0.500, 0.300, 0.455, 0.465, 0.167
251.960, 0.500, 0.300, 0.464, 0.471, 0.168
251.980, 0.500, 0.300, 0.472, 0.476, 0.169
252.000, 0.500, 0.300, 0.480, 0.481, 0.169
252.020, 0.500, 0.300, 0.487, 0.484, 0.168
252.040, 0.500, 0.300, 0.494, 0.486, 0.168
252.060, 0.500, 0.300, 0.500, 0.487, 0.167
252.080, 0.500, 0.300, 0.505, 0.487, 0.167
252.100, 0.500, 0.300, 0.509, 0.487, 0.167
252.120, 0.500, 0.300, 0.511, 0.485, 0.167
252.140, 0.500, 0.300, 0.513, 0.483, 0.168
252.160, 0.500, 0.300, 0.514, 0.480, 0.170
252.180, 0.500, 0.300, 0.513, 0.477, 0.172
252.200, 0.500, 0.300, 0.512, 0.474, 0.174
252.220, 0.500, 0.300, 0.509, 0.472, 0.176
252.240, 0.500, 0.300, 0.505, 0.469, 0.177
252.260, 0.500, 0.300, 0.501, 0.467, 0.178
252.280, 0.500, 0.300, 0.496, 0.464, 0.179
252.300, 0.500, 0.300, 0.490, 0.460, 0.179
252.320, 0.500, 0.300, 0.484, 0.456, 0.179
252.340, 0.500, 0.300, 0.477, 0.452, 0.178
252.360, 0.500, 0.300, 0.469, 0.447, 0.176
252.380, 0.500, 0.300, 0.458, 0.444, 0.173
252.400, 0.500, 0.300, 0.445, 0.442, 0.169
252.420, 0.500, 0.300, 0.435, 0.442, 0.163
252.440, 0.500, 0.300, 0.434, 0.442, 0.160
252.460, 0.500, 0.300, 0.438, 0.442, 0.157
252.480, 0.500, 0.300, 0.446, 0.441, 0.153
252.500, 0.500, 0.300, 0.455, 0.440, 0.151
252.520, 0.500, 0.300, 0.465, 0.439, 0.152
252.540, 0.500, 0.300, 0.474, 0.437, 0.155
252.560, 0.500, 0.300, 0.483, 0.435, 0.159
252.580, 0.500, 0.300, 0.492, 0.433, 0.164
252.600, 0.500, 0.300, 0.501, 0.431, 0.169
252.620, 0.500, 0.300, 0.510, 0.429, 0.174
252.640, 0.500, 0.300, 0.519, 0.427, 0.179
252.660, 0.500, 0.300, 0.528, 0.425, 0.182
252.680, 0.500, 0.300, 0.537, 0.424, 0.185
252.700, 0.500, 0.300, 0.547, 0.424, 0.187
252.720, 0.500, 0.300, 0.556, 0.424, 0.189
252.740, 0.500, 0.300, 0.565, 0.424, 0.190
252.760, 0.500, 0.300, 0.574, 0.425, 0.191
252.780, 0.500, 0.300, 0.582, 0.425, 0.192
252.800, 0.500, 0.300, 0.591, 0.426, 0.192
254.840, 0.500, 0.400, 0.000, 0.000, 0.227
254.860, 0.500, 0.400, 0.000, -0.001, 0.221
254.880, 0.500, 0.400, -0.003, -0.003, 0.216
254.900, 0.500, 0.400, -0.007, -0.003, 0.210
254.920, 0.500, 0.400, -0.010, -0.001, 0.202
254.940, 0.500, 0.400, -0.011, 0.002, 0.195
254.960, 0.500, 0.400, -0.011, 0.005, 0.189
254.980, 0.500, 0.400, -0.011, 0.009, 0.185
255.000, 0.500, 0.400, -0.010, 0.013, 0.182
255.020, 0.500, 0.400, -0.009, 0.017, 0.180
255.040, 0.500, 0.400, -0.009, 0.021, 0.179
255.060, 0.500, 0.400, -0.011, 0.025, 0.181
255.080, 0.500, 0.400, -0.013, 0.028, 0.184
255.100, 0.500, 0.400, -0.014, 0.031, 0.186
255.120, 0.500, 0.400, -0.015, 0.033, 0.185
255.140, 0.500, 0.400, -0.017, 0.037, 0.183
255.160, 0.500, 0.400, -0.019, 0.043, 0.179
255.180, 0.500, 0.400, -0.018, 0.052, 0.172
255.200, 0.500, 0.400, -0.015, 0.063, 0.164
255.220, 0.500, 0.400, -0.010, 0.077, 0.156
255.240, 0.500, 0.400, -0.002, 0.094, 0.149
255.260, 0.500, 0.400, 0.004, 0.109, 0.146
255.280, 0.500, 0.400, 0.009, 0.126, 0.146
255.300, 0.500, 0.400, 0.013, 0.142, 0.154
255.320, 0.500, 0.400, 0.019, 0.153, 0.158
255.340, 0.500, 0.400, 0.024, 0.164, 0.163
255.360, 0.500, 0.400, 0.030, 0.172, 0.168
255.380, 0.500, 0.400, 0.036, 0.177, 0.172
255.400, 0.500, 0.400, 0.042, 0.181, 0.175
255.420, 0.500, 0.400, 0.046, 0.182, 0.177
255.440, 0.500, 0.400, 0.050, 0.183, 0.179
255.460, 0.500, 0.400, 0.053, 0.184, 0.180
255.480, 0.500, 0.400, 0.055, 0.184, 0.182
255.500, 0.500, 0.400, 0.057, 0.184, 0.183
255.520, 0.500, 0.400, 0.057, 0.185, 0.184
255.540, 0.500, 0.400, 0.057, 0.185, 0.185
255.560, 0.500, 0.400, 0.057, 0.186, 0.185
255.580, 0.500, 0.400, 0.056, 0.188, 0.186
255.600, 0.500, 0.400, 0.055, 0.189, 0.187
255.620, 0.500, 0.400, 0.054, 0.190, 0.187
255.640, 0.500, 0.400, 0.053, 0.190, 0.187
255.660, 0.500, 0.400, 0.052, 0.190, 0.187
255.680, 0.500, 0.400, 0.051, 0.189, 0.187
255.700, 0.500, 0.400, 0.050, 0.188, 0.186
255.720, 0.500, 0.400, 0.048, 0.185, 0.186
255.740, 0.500, 0.400, 0.045, 0.181, 0.185
255.760, 0.500, 0.400, 0.042, 0.175, 0.183
255.780, 0.500, 0.400, 0.036, 0.167, 0.182
255.800, 0.500, 0.400, 0.029, 0.158, 0.179
255.820, 0.500, 0.400, 0.023, 0.151, 0.172
255.840, 0.500, 0.400, 0.024, 0.152, 0.168
255.860, 0.500, 0.400, 0.027, 0.156, 0.164
255.880, 0.500, 0.400, 0.033, 0.163, 0.161
255.900, 0.500, 0.400, 0.039, 0.171, 0.160
255.920, 0.500, 0.400, 0.047, 0.180, 0.163
255.940, 0.500, 0.400, 0.055, 0.189, 0.168
255.960, 0.500, 0.400, 0.063, 0.197, 0.175
255.980, 0.500, 0.400, 0.072, 0.206, 0.182
256.000, 0.500, 0.400, 0.081, 0.214, 0.187
256.020, 0.500, 0.400, 0.090, 0.221, 0.192
256.040, 0.500, 0.400, 0.099, 0.227, 0.196
256.060, 0.500, 0.400, 0.107, 0.233, 0.200
256.080, 0.500, 0.400, 0.114, 0.239, 0.202
256.100, 0.500, 0.400, 0.121, 0.244, 0.204
256.120, 0.500, 0.400, 0.128, 0.249, 0.204
256.140, 0.500, 0.400, 0.134, 0.253, 0.204
256.160, 0.500, 0.400, 0.140, 0.256, 0.204
256.180, 0.500, 0.400, 0.146, 0.259, 0.202
256.200, 0.500, 0.400, 0.152, 0.261, 0.201
256.220, 0.500, 0.400, 0.158, 0.263, 0.199
256.240, 0.500, 0.400, 0.163, 0.265, 0.197
256.260, 0.500, 0.400, 0.168, 0.266, 0.194
256.280, 0.500, 0.400, 0.173, 0.267, 0.192
256.300, 0.500, 0.400, 0.177, 0.268, 0.190
256.320, 0.500, 0.400, 0.181, 0.269, 0.188
256.340, 0.500, 0.400, 0.185, 0.271, 0.186
256.360, 0.500, 0.400, 0.187, 0.272, 0.185
256.380, 0.500, 0.400, 0.188, 0.274, 0.186
256.400, 0.500, 0.400, 0.190, 0.276, 0.187
256.420, 0.500, 0.400, 0.190, 0.276, 0.187
256.440, 0.500, 0.400, 0.189, 0.276, 0.184
256.460, 0.500, 0.400, 0.187, 0.278, 0.182
256.480, 0.500, 0.400, 0.185, 0.281, 0.178
256.500, 0.500, 0.400, 0.184, 0.286, 0.172
256.520, 0.500, 0.400, 0.187, 0.292, 0.164
256.540, 0.500, 0.400, 0.196, 0.302, 0.160
256.560, 0.500, 0.400, 0.203, 0.311, 0.159
256.580, 0.500, 0.400, 0.210, 0.322, 0.161
256.600, 0.500, 0.400, 0.216, 0.333, 0.163
256.620, 0.500, 0.400, 0.223, 0.343, 0.165
256.640, 0.500, 0.400, 0.229, 0.352, 0.166
256.660, 0.500, 0.400, 0.235, 0.360, 0.166
256.680, 0.500, 0.400, 0.240, 0.367, 0.165
256.700, 0.500, 0.400, 0.245, 0.373, 0.164
256.720, 0.500, 0.400, 0.248, 0.377, 0.163
256.740, 0.500, 0.400, 0.251, 0.380, 0.161
256.760, 0.500, 0.400, 0.254, 0.382, 0.159
256.780, 0.500, 0.400, 0.255, 0.382, 0.157
256.800, 0.500, 0.400, 0.257, 0.382, 0.155
256.820, 0.500, 0.400, 0.257, 0.381, 0.154
256.840, 0.500, 0.400, 0.257, 0.379, 0.153
256.860, 0.500, 0.400, 0.256, 0.377, 0.155
256.880, 0.500, 0.400, 0.255, 0.374, 0.157
256.900, 0.500, 0.400, 0.253, 0.371, 0.159
256.920, 0.500, 0.400, 0.250, 0.368, 0.161
256.940, 0.500, 0.400, 0.247, 0.365, 0.163
256.960, 0.500, 0.400, 0.243, 0.362, 0.164
256.980, 0.500, 0.400, 0.239, 0.359, 0.165
257.000, 0.500, 0.400, 0.234, 0.356, 0.165
257.020, 0.500, 0.400, 0.230, 0.351, 0.166
257.040, 0.500, 0.400, 0.226, 0.346, 0.164
257.060, 0.500, 0.400, 0.220, 0.339, 0.162
257.080, 0.500, 0.400, 0.213, 0.333, 0.160
257.100, 0.500, 0.400, 0.205, 0.329, 0.158
257.120, 0.500, 0.400, 0.200, 0.329, 0.154
257.140, 0.500, 0.400, 0.202, 0.330, 0.151
257.160, 0.500, 0.400, 0.208, 0.331, 0.146
257.180, 0.500, 0.400, 0.215, 0.332, 0.145
257.200, 0.500, 0.400, 0.225, 0.333, 0.145
257.220, 0.500, 0.400, 0.235, 0.335, 0.148
257.240, 0.500, 0.400, 0.246, 0.336, 0.152
257.260, 0.500, 0.400, 0.257, 0.338, 0.157
257.280, 0.500, 0.400, 0.268, 0.340, 0.163
257.300, 0.500, 0.400, 0.279, 0.341, 0.169
257.320, 0.500, 0.400, 0.291, 0.343, 0.174
257.340, 0.500, 0.400, 0.302, 0.345, 0.179
257.360, 0.500, 0.400, 0.314, 0.347, 0.182
257.380, 0.500, 0.400, 0.326, 0.350, 0.184
257.400, 0.500, 0.400, 0.337, 0.353, 0.185
257.420, 0.500, 0.400, 0.348, 0.357, 0.186
257.440, 0.500, 0.400, 0.359, 0.360, 0.187
257.460, 0.500, 0.400, 0.369, 0.364, 0.187
257.480, 0.500, 0.400, 0.379, 0.368, 0.186
257.500, 0.500, 0.400, 0.389, 0.371, 0.185
257.520, 0.500, 0.400, 0.398, 0.375, 0.183
257.540, 0.500, 0.400, 0.408, 0.378, 0.181
257.560, 0.500, 0.400, 0.416, 0.381, 0.178
257.580, 0.500, 0.400, 0.424, 0.384, 0.175
257.600, 0.500, 0.400, 0.431, 0.387, 0.172
257.620, 0.500, 0.400, 0.437, 0.390, 0.170
257.640, 0.500, 0.400, 0.443, 0.392, 0.167
257.660, 0.500, 0.400, 0.448, 0.395, 0.166
257.680, 0.500, 0.400, 0.453, 0.398, 0.167
257.700, 0.500, 0.400, 0.457, 0.400, 0.169
257.720, 0.500, 0.400, 0.461, 0.401, 0.170
257.740, 0.500, 0.400, 0.463, 0.402, 0.170
257.760, 0.500, 0.400, 0.463, 0.404, 0.171
257.780, 0.500, 0.400, 0.463, 0.406, 0.171
257.800, 0.500, 0.400, 0.464, 0.409, 0.171
257.820, 0.500, 0.400, 0.466, 0.415, 0.172
257.840, 0.500, 0.400, 0.469, 0.422, 0.174
257.860, 0.500, 0.400, 0.473, 0.430, 0.175
257.880, 0.500, 0.400, 0.476, 0.438, 0.177
257.900, 0.500, 0.400, 0.481, 0.448, 0.179
257.920, 0.500, 0.400, 0.487, 0.458, 0.177
257.940, 0.500, 0.400, 0.497, 0.467, 0.171
257.960, 0.500, 0.400, 0.506, 0.474, 0.165
257.980, 0.500, 0.400, 0.514, 0.482, 0.162
258.000, 0.500, 0.400, 0.521, 0.490, 0.158
258.020, 0.500, 0.400, 0.527, 0.497, 0.156
258.040, 0.500, 0.400, 0.533, 0.502, 0.152
258.060, 0.500, 0.400, 0.539, 0.507, 0.149
258.080, 0.500, 0.400, 0.545, 0.509, 0.146
258.100, 0.500, 0.400, 0.548, 0.508, 0.150
258.120, 0.500, 0.400, 0.551, 0.504, 0.154
258.140, 0.500, 0.400, 0.554, 0.500, 0.156
258.160, 0.500, 0.400, 0.556, 0.498, 0.158
258.180, 0.500, 0.400, 0.557, 0.497, 0.159
258.200, 0.500, 0.400, 0.558, 0.497, 0.160
258.220, 0.500, 0.400, 0.558, 0.498, 0.160
258.240, 0.500, 0.400, 0.558, 0.499, 0.161
258.260, 0.500, 0.400, 0.558, 0.499, 0.162
258.280, 0.500, 0.400, 0.557, 0.499, 0.163
258.300, 0.500, 0.400, 0.555, 0.498, 0.165
258.320, 0.500, 0.400, 0.553, 0.495, 0.166
258.340, 0.500, 0.400, 0.551, 0.491, 0.167
258.360, 0.500, 0.400, 0.548, 0.487, 0.166
258.380, 0.500, 0.400, 0.543, 0.481, 0.166
258.400, 0.500, 0.400, 0.536, 0.476, 0.166
258.420, 0.500, 0.400, 0.529, 0.474, 0.166
258.440, 0.500, 0.400, 0.526, 0.473, 0.165
258.460, 0.500, 0.400, 0.527, 0.472, 0.162
258.480, 0.500, 0.400, 0.532, 0.472, 0.158
258.500, 0.500, 0.400, 0.540, 0.474, 0.154
258.520, 0.500, 0.400, 0.551, 0.475, 0.152
258.540, 0.500, 0.400, 0.562, 0.477, 0.152
258.560, 0.500, 0.400, 0.573, 0.479, 0.155
258.580, 0.500, 0.400, 0.583, 0.480, 0.158
258.600, 0.500, 0.400, 0.593, 0.482, 0.163
258.620, 0.500, 0.400, 0.602, 0.483, 0.168
258.640, 0.500, 0.400, 0.612, 0.484, 0.172
258.660, 0.500, 0.400, 0.623, 0.486, 0.175
258.680, 0.500, 0.400, 0.634, 0.488, 0.176
258.700, 0.500, 0.400, 0.644, 0.489, 0.177
258.720, 0.500, 0.400, 0.655, 0.491, 0.177
258.740, 0.500, 0.400, 0.665, 0.493, 0.177
258.760, 0.500, 0.400, 0.675, 0.495, 0.177
258.780, 0.500, 0.400, 0.685, 0.497, 0.176
258.800, 0.500, 0.400, 0.695, 0.499, 0.174
258.820, 0.500, 0.400, 0.705, 0.500, 0.172
260.860, 0.500, 0.500, 0.000, 0.000, 0.227
260.880, 0.500, 0.500, 0.001, -0.001, 0.221
260.900, 0.500, 0.500, -0.002, -0.002, 0.215
260.920, 0.500, 0.500, -0.006, -0.001, 0.207
260.940, 0.500, 0.500, -0.008, 0.002, 0.199
260.960, 0.500, 0.500, -0.009, 0.006, 0.191
260.980, 0.500, 0.500, -0.010, 0.010, 0.185
261.000, 0.500, 0.500, -0.009, 0.015, 0.181
261.020, 0.500, 0.500, -0.008, 0.021, 0.178
261.040, 0.500, 0.500, -0.007, 0.026, 0.176
261.060, 0.500, 0.500, -0.008, 0.031, 0.176
261.080, 0.500, 0.500, -0.010, 0.035, 0.178
261.100, 0.500, 0.500, -0.012, 0.039, 0.181
261.120, 0.500, 0.500, -0.013, 0.042, 0.183
261.140, 0.500, 0.500, -0.014, 0.044, 0.184
261.160, 0.500, 0.500, -0.015, 0.047, 0.184
261.180, 0.500, 0.500, -0.016, 0.053, 0.180
261.200, 0.500, 0.500, -0.015, 0.061, 0.173
261.220, 0.500, 0.500, -0.011, 0.072, 0.165
261.240, 0.500, 0.500, -0.005, 0.088, 0.156
261.260, 0.500, 0.500, 0.002, 0.105, 0.151
261.280, 0.500, 0.500, 0.007, 0.124, 0.148
261.300, 0.500, 0.500, 0.012, 0.143, 0.148
261.320, 0.500, 0.500, 0.016, 0.163, 0.150
261.340, 0.500, 0.500, 0.021, 0.182, 0.151
261.360, 0.500, 0.500, 0.027, 0.201, 0.150
261.380, 0.500, 0.500, 0.033, 0.218, 0.149
261.400, 0.500, 0.500, 0.039, 0.230, 0.156
261.420, 0.500, 0.500, 0.047, 0.236, 0.161
261.440, 0.500, 0.500, 0.055, 0.238, 0.165
261.460, 0.500, 0.500, 0.062, 0.240, 0.167
261.480, 0.500, 0.500, 0.067, 0.241, 0.169
261.500, 0.500, 0.500, 0.072, 0.242, 0.171
261.520, 0.500, 0.500, 0.075, 0.244, 0.172
261.540, 0.500, 0.500, 0.078, 0.245, 0.173
261.560, 0.500, 0.500, 0.079, 0.246, 0.174
261.580, 0.500, 0.500, 0.080, 0.248, 0.174
261.600, 0.500, 0.500, 0.080, 0.249, 0.175
261.620, 0.500, 0.500, 0.078, 0.250, 0.176
261.640, 0.500, 0.500, 0.077, 0.250, 0.176
261.660, 0.500, 0.500, 0.075, 0.250, 0.176
261.680, 0.500, 0.500, 0.072, 0.249, 0.176
261.700, 0.500, 0.500, 0.069, 0.248, 0.176
261.720, 0.500, 0.500, 0.067, 0.246, 0.175
261.740, 0.500, 0.500, 0.064, 0.242, 0.175
261.760, 0.500, 0.500, 0.061, 0.238, 0.174
261.780, 0.500, 0.500, 0.057, 0.231, 0.174
261.800, 0.500, 0.500, 0.049, 0.224, 0.176
261.820, 0.500, 0.500, 0.041, 0.218, 0.178
261.840, 0.500, 0.500, 0.032, 0.210, 0.176
261.860, 0.500, 0.500, 0.029, 0.209, 0.174
261.880, 0.500, 0.500, 0.032, 0.209, 0.170
261.900, 0.500, 0.500, 0.037, 0.215, 0.166
261.920, 0.500, 0.500, 0.043, 0.223, 0.164
261.940, 0.500, 0.500, 0.051, 0.233, 0.166
261.960, 0.500, 0.500, 0.060, 0.243, 0.170
261.980, 0.500, 0.500, 0.069, 0.253, 0.177
262.000, 0.500, 0.500, 0.079, 0.264, 0.184
262.020, 0.500, 0.500, 0.089, 0.273, 0.190
262.040, 0.500, 0.500, 0.099, 0.281, 0.195
262.060, 0.500, 0.500, 0.108, 0.289, 0.200
262.080, 0.500, 0.500, 0.118, 0.295, 0.203
262.100, 0.500, 0.500, 0.126, 0.301, 0.206
262.120, 0.500, 0.500, 0.134, 0.307, 0.207
262.140, 0.500, 0.500, 0.141, 0.312, 0.208
262.160, 0.500, 0.500, 0.148, 0.317, 0.207
262.180, 0.500, 0.500, 0.154, 0.321, 0.206
262.200, 0.500, 0.500, 0.160, 0.325, 0.204
262.220, 0.500, 0.500, 0.165, 0.328, 0.201
262.240, 0.500, 0.500, 0.171, 0.331, 0.198
262.260, 0.500, 0.500, 0.176, 0.333, 0.195
262.280, 0.500, 0.500, 0.181, 0.336, 0.191
262.300, 0.500, 0.500, 0.186, 0.338, 0.188
262.320, 0.500, 0.500, 0.191, 0.340, 0.185
262.340, 0.500, 0.500, 0.195, 0.342, 0.183
262.360, 0.500, 0.500, 0.199, 0.344, 0.180
262.380, 0.500, 0.500, 0.202, 0.347, 0.179
262.400, 0.500, 0.500, 0.204, 0.349, 0.181
262.420, 0.500, 0.500, 0.206, 0.351, 0.183
262.440, 0.500, 0.500, 0.208, 0.350, 0.182
262.460, 0.500, 0.500, 0.207, 0.349, 0.180
262.480, 0.500, 0.500, 0.206, 0.350, 0.179
262.500, 0.500, 0.500, 0.205, 0.353, 0.175
262.520, 0.500, 0.500, 0.205, 0.356, 0.167
262.540, 0.500, 0.500, 0.209, 0.361, 0.159
262.560, 0.500, 0.500, 0.218, 0.369, 0.154
262.580, 0.500, 0.500, 0.226, 0.378, 0.154
262.600, 0.500, 0.500, 0.233, 0.388, 0.156
262.620, 0.500, 0.500, 0.241, 0.397, 0.158
262.640, 0.500, 0.500, 0.248, 0.405, 0.159
262.660, 0.500, 0.500, 0.254, 0.412, 0.160
262.680, 0.500, 0.500, 0.259, 0.418, 0.159
262.700, 0.500, 0.500, 0.263, 0.422, 0.158
262.720, 0.500, 0.500, 0.265, 0.424, 0.157
262.740, 0.500, 0.500, 0.267, 0.426, 0.155
262.760, 0.500, 0.500, 0.267, 0.426, 0.153
262.780, 0.500, 0.500, 0.265, 0.426, 0.151
262.800, 0.500, 0.500, 0.263, 0.425, 0.149
262.820, 0.500, 0.500, 0.260, 0.423, 0.148
262.840, 0.500, 0.500, 0.256, 0.421, 0.145
262.860, 0.500, 0.500, 0.252, 0.419, 0.144
262.880, 0.500, 0.500, 0.248, 0.416, 0.145
262.900, 0.500, 0.500, 0.244, 0.414, 0.146
262.920, 0.500, 0.500, 0.241, 0.412, 0.146
262.940, 0.500, 0.500, 0.237, 0.409, 0.146
262.960, 0.500, 0.500, 0.234, 0.407, 0.146
262.980, 0.500, 0.500, 0.231, 0.405, 0.146
263.000, 0.500, 0.500, 0.228, 0.403, 0.145
263.020, 0.500, 0.500, 0.224, 0.400, 0.146
263.040, 0.500, 0.500, 0.221, 0.398, 0.147
263.060, 0.500, 0.500, 0.218, 0.395, 0.148
263.080, 0.500, 0.500, 0.215, 0.391, 0.148
263.100, 0.500, 0.500, 0.212, 0.388, 0.149
263.120, 0.500, 0.500, 0.210, 0.387, 0.149
263.140, 0.500, 0.500, 0.208, 0.387, 0.150
263.160, 0.500, 0.500, 0.210, 0.391, 0.151
263.180, 0.500, 0.500, 0.220, 0.395, 0.150
263.200, 0.500, 0.500, 0.233, 0.397, 0.150
263.220, 0.500, 0.500, 0.246, 0.398, 0.151
263.240, 0.500, 0.500, 0.259, 0.402, 0.154
263.260, 0.500, 0.500, 0.271, 0.407, 0.160
263.280, 0.500, 0.500, 0.284, 0.413, 0.166
263.300, 0.500, 0.500, 0.296, 0.419, 0.171
263.320, 0.500, 0.500, 0.308, 0.424, 0.176
263.340, 0.500, 0.500, 0.319, 0.429, 0.181
263.360, 0.500, 0.500, 0.330, 0.434, 0.185
263.380, 0.500, 0.500, 0.341, 0.438, 0.188
263.400, 0.500, 0.500, 0.351, 0.442, 0.190
263.420, 0.500, 0.500, 0.361, 0.445, 0.191
263.440, 0.500, 0.500, 0.370, 0.449, 0.191
263.460, 0.500, 0.500, 0.379, 0.451, 0.191
263.480, 0.500, 0.500, 0.387, 0.454, 0.190
263.500, 0.500, 0.500, 0.396, 0.456, 0.188
263.520, 0.500, 0.500, 0.404, 0.458, 0.185
263.540, 0.500, 0.500, 0.412, 0.460, 0.182
263.560, 0.500, 0.500, 0.419, 0.462, 0.178
263.580, 0.500, 0.500, 0.427, 0.463, 0.174
263.600, 0.500, 0.500, 0.433, 0.465, 0.171
263.620, 0.500, 0.500, 0.439, 0.467, 0.169
263.640, 0.500, 0.500, 0.445, 0.469, 0.166
263.660, 0.500, 0.500, 0.451, 0.472, 0.164
263.680, 0.500, 0.500, 0.456, 0.475, 0.164
263.700, 0.500, 0.500, 0.460, 0.477, 0.166
263.720, 0.500, 0.500, 0.464, 0.478, 0.169
263.740, 0.500, 0.500, 0.468, 0.478, 0.171
263.760, 0.500, 0.500, 0.471, 0.477, 0.172
263.780, 0.500, 0.500, 0.472, 0.477, 0.174
263.800, 0.500, 0.500, 0.473, 0.481, 0.176
263.820, 0.500, 0.500, 0.473, 0.485, 0.179
263.840, 0.500, 0.500, 0.476, 0.493, 0.182
263.860, 0.500, 0.500, 0.480, 0.502, 0.183
263.880, 0.500, 0.500, 0.488, 0.512, 0.181
263.900, 0.500, 0.500, 0.500, 0.524, 0.177
263.920, 0.500, 0.500, 0.511, 0.534, 0.175
263.940, 0.500, 0.500, 0.521, 0.545, 0.176
263.960, 0.500, 0.500, 0.531, 0.556, 0.178
263.980, 0.500, 0.500, 0.540, 0.567, 0.178
264.000, 0.500, 0.500, 0.549, 0.576, 0.177
264.020, 0.500, 0.500, 0.558, 0.583, 0.175
264.040, 0.500, 0.500, 0.566, 0.589, 0.172
264.060, 0.500, 0.500, 0.574, 0.593, 0.168
264.080, 0.500, 0.500, 0.580, 0.596, 0.163
264.100, 0.500, 0.500, 0.584, 0.598, 0.159
264.120, 0.500, 0.500, 0.588, 0.599, 0.155
264.140, 0.500, 0.500, 0.591, 0.599, 0.151
264.160, 0.500, 0.500, 0.592, 0.597, 0.149
264.180, 0.500, 0.500, 0.593, 0.594, 0.151
264.200, 0.500, 0.500, 0.593, 0.591, 0.153
264.220, 0.500, 0.500, 0.593, 0.588, 0.156
264.240, 0.500, 0.500, 0.592, 0.586, 0.159
264.260, 0.500, 0.500, 0.590, 0.584, 0.163
264.280, 0.500, 0.500, 0.587, 0.581, 0.166
264.300, 0.500, 0.500, 0.584, 0.579, 0.169
264.320, 0.500, 0.500, 0.580, 0.576, 0.171
264.340, 0.500, 0.500, 0.576, 0.572, 0.174
264.360, 0.500, 0.500, 0.572, 0.567, 0.176
264.380, 0.500, 0.500, 0.567, 0.562, 0.175
264.400, 0.500, 0.500, 0.560, 0.556, 0.175
264.420, 0.500, 0.500, 0.551, 0.550, 0.174
264.440, 0.500, 0.500, 0.540, 0.547, 0.172
264.460, 0.500, 0.500, 0.531, 0.545, 0.169
264.480, 0.500, 0.500, 0.530, 0.544, 0.166
264.500, 0.500, 0.500, 0.535, 0.543, 0.163
264.520, 0.500, 0.500, 0.544, 0.543, 0.160
264.540, 0.500, 0.500, 0.556, 0.543, 0.159
264.560, 0.500, 0.500, 0.568, 0.542, 0.160
264.580, 0.500, 0.500, 0.580, 0.542, 0.163
264.600, 0.500, 0.500, 0.592, 0.541, 0.167
264.620, 0.500, 0.500, 0.604, 0.541, 0.173
264.640, 0.500, 0.500, 0.617, 0.541, 0.178
264.660, 0.500, 0.500, 0.630, 0.542, 0.182
264.680, 0.500, 0.500, 0.642, 0.542, 0.184
264.700, 0.500, 0.500, 0.654, 0.542, 0.186
264.720, 0.500, 0.500, 0.666, 0.543, 0.188
264.740, 0.500, 0.500, 0.678, 0.544, 0.188
264.760, 0.500, 0.500, 0.690, 0.545, 0.188
264.780, 0.500, 0.500, 0.702, 0.546, 0.187
264.800, 0.500, 0.500, 0.714, 0.546, 0.186
264.820, 0.500, 0.500, 0.726, 0.547, 0.184
264.840, 0.500, 0.500, 0.738, 0.547, 0.181
