Time (s),kx,ky,posX,posY,posZ
2.000, -0.500, -0.500, 0.000, 0.000, 0.175
2.020, -0.500, -0.500, -0.001, 0.001, 0.163
2.040, -0.500, -0.500, -0.001, 0.001, 0.150
2.060, -0.500, -0.500, -0.002, 0.001, 0.137
2.080, -0.500, -0.500, -0.005, -0.000, 0.127
2.100, -0.500, -0.500, -0.011, -0.003, 0.120
2.120, -0.500, -0.500, -0.017, -0.005, 0.117
2.140, -0.500, -0.500, -0.024, -0.009, 0.117
2.160, -0.500, -0.500, -0.031, -0.012, 0.118
2.180, -0.500, -0.500, -0.037, -0.017, 0.120
2.200, -0.500, -0.500, -0.043, -0.021, 0.121
2.220, -0.500, -0.500, -0.049, -0.025, 0.124
2.240, -0.500, -0.500, -0.052, -0.028, 0.123
2.260, -0.500, -0.500, -0.053, -0.031, 0.117
2.280, -0.500, -0.500, -0.051, -0.035, 0.111
2.300, -0.500, -0.500, -0.049, -0.041, 0.104
2.320, -0.500, -0.500, -0.048, -0.050, 0.099
2.340, -0.500, -0.500, -0.050, -0.063, 0.094
2.360, -0.500, -0.500, -0.056, -0.078, 0.090
2.380, -0.500, -0.500, -0.065, -0.097, 0.086
2.400, -0.500, -0.500, -0.077, -0.117, 0.082
2.420, -0.500, -0.500, -0.090, -0.137, 0.078
2.440, -0.500, -0.500, -0.102, -0.156, 0.074
2.460, -0.500, -0.500, -0.112, -0.172, 0.071
2.480, -0.500, -0.500, -0.119, -0.184, 0.066
2.500, -0.500, -0.500, -0.123, -0.193, 0.062
2.520, -0.500, -0.500, -0.123, -0.197, 0.057
2.540, -0.500, -0.500, -0.119, -0.198, 0.053
2.560, -0.500, -0.500, -0.113, -0.196, 0.050
2.580, -0.500, -0.500, -0.104, -0.193, 0.049
2.600, -0.500, -0.500, -0.101, -0.192, 0.052
2.620, -0.500, -0.500, -0.096, -0.189, 0.055
2.640, -0.500, -0.500, -0.087, -0.187, 0.058
2.660, -0.500, -0.500, -0.077, -0.185, 0.059
2.680, -0.500, -0.500, -0.068, -0.184, 0.060
2.700, -0.500, -0.500, -0.061, -0.183, 0.061
2.720, -0.500, -0.500, -0.054, -0.183, 0.061
2.740, -0.500, -0.500, -0.049, -0.183, 0.062
2.760, -0.500, -0.500, -0.045, -0.183, 0.063
2.780, -0.500, -0.500, -0.042, -0.183, 0.065
2.800, -0.500, -0.500, -0.040, -0.183, 0.067
2.820, -0.500, -0.500, -0.039, -0.181, 0.070
2.840, -0.500, -0.500, -0.037, -0.179, 0.074
2.860, -0.500, -0.500, -0.035, -0.175, 0.080
2.880, -0.500, -0.500, -0.034, -0.170, 0.085
2.900, -0.500, -0.500, -0.036, -0.162, 0.087
2.920, -0.500, -0.500, -0.041, -0.151, 0.084
2.940, -0.500, -0.500, -0.047, -0.140, 0.079
2.960, -0.500, -0.500, -0.052, -0.131, 0.073
2.980, -0.500, -0.500, -0.053, -0.124, 0.069
3.000, -0.500, -0.500, -0.053, -0.122, 0.069
3.020, -0.500, -0.500, -0.057, -0.120, 0.073
3.040, -0.500, -0.500, -0.064, -0.118, 0.078
3.060, -0.500, -0.500, -0.073, -0.114, 0.085
3.080, -0.500, -0.500, -0.083, -0.111, 0.092
3.100, -0.500, -0.500, -0.092, -0.107, 0.100
3.120, -0.500, -0.500, -0.101, -0.103, 0.108
3.140, -0.500, -0.500, -0.110, -0.099, 0.116
3.160, -0.500, -0.500, -0.117, -0.095, 0.122
3.180, -0.500, -0.500, -0.124, -0.092, 0.128
3.200, -0.500, -0.500, -0.130, -0.089, 0.133
3.220, -0.500, -0.500, -0.135, -0.087, 0.136
3.240, -0.500, -0.500, -0.140, -0.085, 0.139
3.260, -0.500, -0.500, -0.143, -0.084, 0.141
3.280, -0.500, -0.500, -0.146, -0.084, 0.142
3.300, -0.500, -0.500, -0.148, -0.083, 0.142
3.320, -0.500, -0.500, -0.149, -0.082, 0.142
3.340, -0.500, -0.500, -0.151, -0.082, 0.140
3.360, -0.500, -0.500, -0.152, -0.081, 0.139
3.380, -0.500, -0.500, -0.153, -0.081, 0.136
3.400, -0.500, -0.500, -0.154, -0.082, 0.134
3.420, -0.500, -0.500, -0.155, -0.083, 0.131
3.440, -0.500, -0.500, -0.156, -0.084, 0.128
3.460, -0.500, -0.500, -0.157, -0.087, 0.125
3.480, -0.500, -0.500, -0.158, -0.090, 0.121
3.500, -0.500, -0.500, -0.159, -0.094, 0.118
3.520, -0.500, -0.500, -0.159, -0.099, 0.115
3.540, -0.500, -0.500, -0.156, -0.106, 0.109
3.560, -0.500, -0.500, -0.155, -0.114, 0.105
3.580, -0.500, -0.500, -0.154, -0.122, 0.098
3.600, -0.500, -0.500, -0.155, -0.130, 0.088
3.620, -0.500, -0.500, -0.158, -0.138, 0.077
3.640, -0.500, -0.500, -0.163, -0.146, 0.065
3.660, -0.500, -0.500, -0.170, -0.155, 0.053
3.680, -0.500, -0.500, -0.175, -0.164, 0.044
3.700, -0.500, -0.500, -0.176, -0.168, 0.045
3.720, -0.500, -0.500, -0.181, -0.167, 0.051
3.740, -0.500, -0.500, -0.190, -0.168, 0.057
3.760, -0.500, -0.500, -0.201, -0.168, 0.060
3.780, -0.500, -0.500, -0.212, -0.168, 0.061
3.800, -0.500, -0.500, -0.223, -0.169, 0.060
3.820, -0.500, -0.500, -0.234, -0.171, 0.058
3.840, -0.500, -0.500, -0.240, -0.174, 0.055
3.860, -0.500, -0.500, -0.241, -0.175, 0.054
3.880, -0.500, -0.500, -0.244, -0.176, 0.054
3.900, -0.500, -0.500, -0.249, -0.176, 0.055
3.920, -0.500, -0.500, -0.255, -0.176, 0.055
3.940, -0.500, -0.500, -0.260, -0.175, 0.055
3.960, -0.500, -0.500, -0.263, -0.175, 0.055
3.980, -0.500, -0.500, -0.265, -0.174, 0.055
4.000, -0.500, -0.500, -0.268, -0.172, 0.055
4.020, -0.500, -0.500, -0.271, -0.170, 0.056
4.040, -0.500, -0.500, -0.272, -0.167, 0.060
4.060, -0.500, -0.500, -0.273, -0.164, 0.064
4.080, -0.500, -0.500, -0.272, -0.162, 0.068
4.100, -0.500, -0.500, -0.271, -0.159, 0.072
4.120, -0.500, -0.500, -0.270, -0.157, 0.076
4.140, -0.500, -0.500, -0.268, -0.154, 0.081
4.160, -0.500, -0.500, -0.266, -0.152, 0.087
4.180, -0.500, -0.500, -0.264, -0.149, 0.093
4.200, -0.500, -0.500, -0.261, -0.145, 0.097
4.220, -0.500, -0.500, -0.259, -0.141, 0.096
4.240, -0.500, -0.500, -0.259, -0.138, 0.092
4.260, -0.500, -0.500, -0.262, -0.137, 0.087
4.280, -0.500, -0.500, -0.268, -0.139, 0.084
4.300, -0.500, -0.500, -0.276, -0.142, 0.083
4.320, -0.500, -0.500, -0.285, -0.146, 0.085
4.340, -0.500, -0.500, -0.294, -0.151, 0.090
4.360, -0.500, -0.500, -0.302, -0.157, 0.097
4.380, -0.500, -0.500, -0.311, -0.162, 0.106
4.400, -0.500, -0.500, -0.321, -0.166, 0.114
4.420, -0.500, -0.500, -0.332, -0.170, 0.123
4.440, -0.500, -0.500, -0.344, -0.173, 0.130
4.460, -0.500, -0.500, -0.356, -0.176, 0.136
4.480, -0.500, -0.500, -0.369, -0.178, 0.141
4.500, -0.500, -0.500, -0.381, -0.180, 0.145
4.520, -0.500, -0.500, -0.392, -0.181, 0.148
4.540, -0.500, -0.500, -0.402, -0.183, 0.151
4.560, -0.500, -0.500, -0.411, -0.184, 0.152
4.580, -0.500, -0.500, -0.419, -0.185, 0.153
4.600, -0.500, -0.500, -0.425, -0.186, 0.154
4.620, -0.500, -0.500, -0.430, -0.186, 0.153
4.640, -0.500, -0.500, -0.434, -0.186, 0.151
4.660, -0.500, -0.500, -0.438, -0.185, 0.149
4.680, -0.500, -0.500, -0.441, -0.185, 0.145
4.700, -0.500, -0.500, -0.444, -0.184, 0.141
4.720, -0.500, -0.500, -0.447, -0.183, 0.137
4.740, -0.500, -0.500, -0.450, -0.183, 0.132
4.760, -0.500, -0.500, -0.455, -0.183, 0.127
4.780, -0.500, -0.500, -0.459, -0.183, 0.122
4.800, -0.500, -0.500, -0.463, -0.185, 0.117
4.820, -0.500, -0.500, -0.469, -0.186, 0.118
4.840, -0.500, -0.500, -0.474, -0.187, 0.123
4.860, -0.500, -0.500, -0.476, -0.189, 0.125
4.880, -0.500, -0.500, -0.476, -0.193, 0.122
4.900, -0.500, -0.500, -0.474, -0.199, 0.116
4.920, -0.500, -0.500, -0.473, -0.207, 0.108
4.940, -0.500, -0.500, -0.474, -0.218, 0.099
4.960, -0.500, -0.500, -0.481, -0.230, 0.090
4.980, -0.500, -0.500, -0.493, -0.245, 0.082
5.000, -0.500, -0.500, -0.510, -0.261, 0.075
5.020, -0.500, -0.500, -0.529, -0.279, 0.069
5.040, -0.500, -0.500, -0.550, -0.297, 0.063
5.060, -0.500, -0.500, -0.568, -0.315, 0.057
5.080, -0.500, -0.500, -0.576, -0.330, 0.052
5.100, -0.500, -0.500, -0.577, -0.338, 0.051
5.120, -0.500, -0.500, -0.579, -0.343, 0.052
5.140, -0.500, -0.500, -0.582, -0.347, 0.052
5.160, -0.500, -0.500, -0.585, -0.349, 0.051
5.180, -0.500, -0.500, -0.589, -0.351, 0.049
5.200, -0.500, -0.500, -0.592, -0.352, 0.048
5.220, -0.500, -0.500, -0.595, -0.353, 0.046
5.240, -0.500, -0.500, -0.598, -0.353, 0.044
5.260, -0.500, -0.500, -0.601, -0.352, 0.044
5.280, -0.500, -0.500, -0.603, -0.351, 0.047
5.300, -0.500, -0.500, -0.603, -0.349, 0.052
5.320, -0.500, -0.500, -0.602, -0.346, 0.058
5.340, -0.500, -0.500, -0.601, -0.343, 0.063
5.360, -0.500, -0.500, -0.600, -0.339, 0.069
5.380, -0.500, -0.500, -0.600, -0.335, 0.073
5.400, -0.500, -0.500, -0.600, -0.330, 0.078
5.420, -0.500, -0.500, -0.600, -0.326, 0.083
5.440, -0.500, -0.500, -0.601, -0.321, 0.088
5.460, -0.500, -0.500, -0.602, -0.317, 0.094
5.480, -0.500, -0.500, -0.602, -0.312, 0.101
5.500, -0.500, -0.500, -0.602, -0.306, 0.106
5.520, -0.500, -0.500, -0.601, -0.300, 0.107
5.540, -0.500, -0.500, -0.602, -0.293, 0.104
5.560, -0.500, -0.500, -0.605, -0.288, 0.099
5.580, -0.500, -0.500, -0.611, -0.286, 0.092
5.600, -0.500, -0.500, -0.618, -0.286, 0.087
5.620, -0.500, -0.500, -0.625, -0.288, 0.085
5.640, -0.500, -0.500, -0.631, -0.293, 0.087
5.660, -0.500, -0.500, -0.637, -0.298, 0.093
5.680, -0.500, -0.500, -0.643, -0.302, 0.101
5.700, -0.500, -0.500, -0.651, -0.306, 0.111
5.720, -0.500, -0.500, -0.660, -0.309, 0.121
5.740, -0.500, -0.500, -0.672, -0.310, 0.130
5.760, -0.500, -0.500, -0.685, -0.311, 0.138
5.780, -0.500, -0.500, -0.699, -0.311, 0.145
5.800, -0.500, -0.500, -0.712, -0.310, 0.150
5.820, -0.500, -0.500, -0.724, -0.309, 0.154
5.840, -0.500, -0.500, -0.735, -0.308, 0.158
5.860, -0.500, -0.500, -0.744, -0.306, 0.161
5.880, -0.500, -0.500, -0.752, -0.304, 0.163
5.900, -0.500, -0.500, -0.759, -0.303, 0.164
5.920, -0.500, -0.500, -0.763, -0.301, 0.165
5.940, -0.500, -0.500, -0.766, -0.299, 0.164
5.960, -0.500, -0.500, -0.767, -0.297, 0.161
5.980, -0.500, -0.500, -0.768, -0.295, 0.158
8.020, -0.400, -0.500, 0.000, 0.000, 0.175
8.040, -0.400, -0.500, -0.001, 0.000, 0.163
8.060, -0.400, -0.500, -0.001, 0.001, 0.150
8.080, -0.400, -0.500, -0.002, 0.001, 0.137
8.100, -0.400, -0.500, -0.005, -0.001, 0.127
8.120, -0.400, -0.500, -0.011, -0.004, 0.120
8.140, -0.400, -0.500, -0.017, -0.007, 0.116
8.160, -0.400, -0.500, -0.023, -0.011, 0.116
8.180, -0.400, -0.500, -0.029, -0.015, 0.116
8.200, -0.400, -0.500, -0.035, -0.020, 0.117
8.220, -0.400, -0.500, -0.040, -0.025, 0.118
8.240, -0.400, -0.500, -0.045, -0.029, 0.120
8.260, -0.400, -0.500, -0.049, -0.033, 0.123
8.280, -0.400, -0.500, -0.052, -0.036, 0.122
8.300, -0.400, -0.500, -0.051, -0.038, 0.116
8.320, -0.400, -0.500, -0.049, -0.041, 0.110
8.340, -0.400, -0.500, -0.046, -0.046, 0.103
8.360, -0.400, -0.500, -0.044, -0.055, 0.098
8.380, -0.400, -0.500, -0.045, -0.066, 0.093
8.400, -0.400, -0.500, -0.050, -0.080, 0.090
8.420, -0.400, -0.500, -0.057, -0.097, 0.086
8.440, -0.400, -0.500, -0.066, -0.116, 0.083
8.460, -0.400, -0.500, -0.075, -0.134, 0.081
8.480, -0.400, -0.500, -0.084, -0.151, 0.078
8.500, -0.400, -0.500, -0.092, -0.165, 0.074
8.520, -0.400, -0.500, -0.097, -0.176, 0.069
8.540, -0.400, -0.500, -0.100, -0.184, 0.063
8.560, -0.400, -0.500, -0.100, -0.188, 0.058
8.580, -0.400, -0.500, -0.097, -0.190, 0.053
8.600, -0.400, -0.500, -0.091, -0.189, 0.049
8.620, -0.400, -0.500, -0.088, -0.188, 0.048
8.640, -0.400, -0.500, -0.086, -0.187, 0.052
8.660, -0.400, -0.500, -0.080, -0.186, 0.055
8.680, -0.400, -0.500, -0.071, -0.184, 0.056
8.700, -0.400, -0.500, -0.062, -0.181, 0.058
8.720, -0.400, -0.500, -0.056, -0.180, 0.060
8.740, -0.400, -0.500, -0.051, -0.180, 0.062
8.760, -0.400, -0.500, -0.045, -0.180, 0.063
8.780, -0.400, -0.500, -0.040, -0.180, 0.064
8.800, -0.400, -0.500, -0.037, -0.180, 0.064
8.820, -0.400, -0.500, -0.034, -0.179, 0.065
8.840, -0.400, -0.500, -0.031, -0.178, 0.066
8.860, -0.400, -0.500, -0.028, -0.177, 0.068
8.880, -0.400, -0.500, -0.025, -0.174, 0.071
8.900, -0.400, -0.500, -0.022, -0.170, 0.076
8.920, -0.400, -0.500, -0.020, -0.165, 0.080
8.940, -0.400, -0.500, -0.022, -0.158, 0.081
8.960, -0.400, -0.500, -0.026, -0.149, 0.078
8.980, -0.400, -0.500, -0.031, -0.141, 0.072
9.000, -0.400, -0.500, -0.032, -0.135, 0.068
9.020, -0.400, -0.500, -0.035, -0.134, 0.069
9.040, -0.400, -0.500, -0.043, -0.133, 0.072
9.060, -0.400, -0.500, -0.052, -0.132, 0.077
9.080, -0.400, -0.500, -0.061, -0.131, 0.083
9.100, -0.400, -0.500, -0.069, -0.129, 0.090
9.120, -0.400, -0.500, -0.077, -0.127, 0.096
9.140, -0.400, -0.500, -0.084, -0.125, 0.103
9.160, -0.400, -0.500, -0.091, -0.122, 0.109
9.180, -0.400, -0.500, -0.097, -0.119, 0.115
9.200, -0.400, -0.500, -0.103, -0.117, 0.120
9.220, -0.400, -0.500, -0.108, -0.114, 0.125
9.240, -0.400, -0.500, -0.113, -0.111, 0.129
9.260, -0.400, -0.500, -0.117, -0.109, 0.132
9.280, -0.400, -0.500, -0.121, -0.107, 0.135
9.300, -0.400, -0.500, -0.124, -0.105, 0.137
9.320, -0.400, -0.500, -0.127, -0.104, 0.137
9.340, -0.400, -0.500, -0.129, -0.103, 0.137
9.360, -0.400, -0.500, -0.131, -0.101, 0.137
9.380, -0.400, -0.500, -0.133, -0.101, 0.136
9.400, -0.400, -0.500, -0.134, -0.100, 0.134
9.420, -0.400, -0.500, -0.135, -0.100, 0.132
9.440, -0.400, -0.500, -0.137, -0.101, 0.130
9.460, -0.400, -0.500, -0.138, -0.102, 0.127
9.480, -0.400, -0.500, -0.140, -0.103, 0.124
9.500, -0.400, -0.500, -0.141, -0.106, 0.121
9.520, -0.400, -0.500, -0.143, -0.108, 0.118
9.540, -0.400, -0.500, -0.144, -0.112, 0.115
9.560, -0.400, -0.500, -0.143, -0.117, 0.112
9.580, -0.400, -0.500, -0.142, -0.121, 0.110
9.600, -0.400, -0.500, -0.141, -0.127, 0.107
9.620, -0.400, -0.500, -0.141, -0.133, 0.100
9.640, -0.400, -0.500, -0.142, -0.140, 0.091
9.660, -0.400, -0.500, -0.144, -0.148, 0.079
9.680, -0.400, -0.500, -0.148, -0.156, 0.068
9.700, -0.400, -0.500, -0.153, -0.165, 0.057
9.720, -0.400, -0.500, -0.160, -0.174, 0.046
9.740, -0.400, -0.500, -0.160, -0.182, 0.043
9.760, -0.400, -0.500, -0.163, -0.184, 0.047
9.780, -0.400, -0.500, -0.170, -0.185, 0.052
9.800, -0.400, -0.500, -0.179, -0.186, 0.056
9.820, -0.400, -0.500, -0.188, -0.187, 0.057
9.840, -0.400, -0.500, -0.197, -0.189, 0.057
9.860, -0.400, -0.500, -0.205, -0.190, 0.054
9.880, -0.400, -0.500, -0.208, -0.193, 0.052
9.900, -0.400, -0.500, -0.208, -0.194, 0.051
9.920, -0.400, -0.500, -0.211, -0.195, 0.051
9.940, -0.400, -0.500, -0.216, -0.195, 0.051
9.960, -0.400, -0.500, -0.220, -0.195, 0.050
9.980, -0.400, -0.500, -0.223, -0.194, 0.051
10.000, -0.400, -0.500, -0.225, -0.193, 0.053
10.020, -0.400, -0.500, -0.227, -0.192, 0.056
10.040, -0.400, -0.500, -0.228, -0.190, 0.059
10.060, -0.400, -0.500, -0.228, -0.189, 0.062
10.080, -0.400, -0.500, -0.227, -0.187, 0.065
10.100, -0.400, -0.500, -0.226, -0.185, 0.067
10.120, -0.400, -0.500, -0.224, -0.184, 0.070
10.140, -0.400, -0.500, -0.223, -0.182, 0.074
10.160, -0.400, -0.500, -0.221, -0.180, 0.077
10.180, -0.400, -0.500, -0.220, -0.178, 0.082
10.200, -0.400, -0.500, -0.219, -0.176, 0.088
10.220, -0.400, -0.500, -0.218, -0.173, 0.095
10.240, -0.400, -0.500, -0.216, -0.168, 0.099
10.260, -0.400, -0.500, -0.216, -0.163, 0.098
10.280, -0.400, -0.500, -0.218, -0.159, 0.095
10.300, -0.400, -0.500, -0.222, -0.157, 0.092
10.320, -0.400, -0.500, -0.227, -0.157, 0.090
10.340, -0.400, -0.500, -0.233, -0.160, 0.090
10.360, -0.400, -0.500, -0.238, -0.164, 0.092
10.380, -0.400, -0.500, -0.243, -0.170, 0.097
10.400, -0.400, -0.500, -0.248, -0.176, 0.103
10.420, -0.400, -0.500, -0.252, -0.183, 0.111
10.440, -0.400, -0.500, -0.258, -0.190, 0.118
10.460, -0.400, -0.500, -0.264, -0.197, 0.126
10.480, -0.400, -0.500, -0.271, -0.203, 0.132
10.500, -0.400, -0.500, -0.278, -0.210, 0.138
10.520, -0.400, -0.500, -0.286, -0.216, 0.143
10.540, -0.400, -0.500, -0.294, -0.222, 0.146
10.560, -0.400, -0.500, -0.302, -0.228, 0.149
10.580, -0.400, -0.500, -0.309, -0.233, 0.151
10.600, -0.400, -0.500, -0.315, -0.238, 0.152
10.620, -0.400, -0.500, -0.321, -0.243, 0.153
10.640, -0.400, -0.500, -0.326, -0.246, 0.153
10.660, -0.400, -0.500, -0.331, -0.249, 0.152
10.680, -0.400, -0.500, -0.334, -0.250, 0.151
10.700, -0.400, -0.500, -0.338, -0.251, 0.148
10.720, -0.400, -0.500, -0.341, -0.251, 0.145
10.740, -0.400, -0.500, -0.344, -0.251, 0.142
10.760, -0.400, -0.500, -0.348, -0.251, 0.138
10.780, -0.400, -0.500, -0.351, -0.250, 0.135
10.800, -0.400, -0.500, -0.355, -0.249, 0.131
10.820, -0.400, -0.500, -0.360, -0.248, 0.128
10.840, -0.400, -0.500, -0.365, -0.248, 0.124
10.860, -0.400, -0.500, -0.371, -0.248, 0.125
10.880, -0.400, -0.500, -0.378, -0.247, 0.129
10.900, -0.400, -0.500, -0.383, -0.246, 0.130
10.920, -0.400, -0.500, -0.385, -0.246, 0.125
10.940, -0.400, -0.500, -0.385, -0.249, 0.117
10.960, -0.400, -0.500, -0.384, -0.253, 0.109
10.980, -0.400, -0.500, -0.386, -0.261, 0.102
11.000, -0.400, -0.500, -0.392, -0.270, 0.096
11.020, -0.400, -0.500, -0.401, -0.282, 0.091
11.040, -0.400, -0.500, -0.414, -0.295, 0.087
11.060, -0.400, -0.500, -0.428, -0.309, 0.084
11.080, -0.400, -0.500, -0.443, -0.323, 0.082
11.100, -0.400, -0.500, -0.457, -0.336, 0.080
11.120, -0.400, -0.500, -0.468, -0.348, 0.077
11.140, -0.400, -0.500, -0.476, -0.358, 0.073
11.160, -0.400, -0.500, -0.481, -0.365, 0.067
11.180, -0.400, -0.500, -0.481, -0.369, 0.062
11.200, -0.400, -0.500, -0.479, -0.371, 0.057
11.220, -0.400, -0.500, -0.474, -0.372, 0.053
11.240, -0.400, -0.500, -0.466, -0.371, 0.050
11.260, -0.400, -0.500, -0.461, -0.370, 0.050
11.280, -0.400, -0.500, -0.458, -0.369, 0.054
11.300, -0.400, -0.500, -0.452, -0.370, 0.057
11.320, -0.400, -0.500, -0.444, -0.369, 0.058
11.340, -0.400, -0.500, -0.435, -0.370, 0.060
11.360, -0.400, -0.500, -0.428, -0.370, 0.060
11.380, -0.400, -0.500, -0.422, -0.371, 0.061
11.400, -0.400, -0.500, -0.418, -0.372, 0.062
11.420, -0.400, -0.500, -0.415, -0.373, 0.063
11.440, -0.400, -0.500, -0.412, -0.373, 0.065
11.460, -0.400, -0.500, -0.410, -0.372, 0.067
11.480, -0.400, -0.500, -0.407, -0.371, 0.070
11.500, -0.400, -0.500, -0.405, -0.370, 0.074
11.520, -0.400, -0.500, -0.403, -0.367, 0.080
11.540, -0.400, -0.500, -0.401, -0.363, 0.085
11.560, -0.400, -0.500, -0.401, -0.356, 0.087
11.580, -0.400, -0.500, -0.404, -0.346, 0.084
11.600, -0.400, -0.500, -0.407, -0.335, 0.079
11.620, -0.400, -0.500, -0.410, -0.326, 0.073
11.640, -0.400, -0.500, -0.410, -0.322, 0.069
11.660, -0.400, -0.500, -0.411, -0.320, 0.070
11.680, -0.400, -0.500, -0.415, -0.318, 0.073
11.700, -0.400, -0.500, -0.422, -0.314, 0.078
11.720, -0.400, -0.500, -0.429, -0.310, 0.084
11.740, -0.400, -0.500, -0.436, -0.305, 0.091
11.760, -0.400, -0.500, -0.443, -0.301, 0.098
11.780, -0.400, -0.500, -0.450, -0.296, 0.105
11.800, -0.400, -0.500, -0.455, -0.292, 0.112
11.820, -0.400, -0.500, -0.460, -0.288, 0.118
11.840, -0.400, -0.500, -0.465, -0.284, 0.122
11.860, -0.400, -0.500, -0.469, -0.280, 0.126
11.880, -0.400, -0.500, -0.473, -0.276, 0.130
11.900, -0.400, -0.500, -0.477, -0.273, 0.132
11.920, -0.400, -0.500, -0.480, -0.271, 0.134
11.940, -0.400, -0.500, -0.482, -0.269, 0.135
11.960, -0.400, -0.500, -0.483, -0.268, 0.136
11.980, -0.400, -0.500, -0.484, -0.268, 0.136
12.000, -0.400, -0.500, -0.485, -0.268, 0.135
14.040, -0.300, -0.500, 0.000, 0.000, 0.175
14.060, -0.300, -0.500, -0.001, 0.000, 0.163
14.080, -0.300, -0.500, -0.001, 0.001, 0.150
14.100, -0.300, -0.500, -0.002, 0.000, 0.137
14.120, -0.300, -0.500, -0.005, -0.001, 0.127
14.140, -0.300, -0.500, -0.010, -0.004, 0.120
14.160, -0.300, -0.500, -0.015, -0.008, 0.116
14.180, -0.300, -0.500, -0.020, -0.012, 0.115
14.200, -0.300, -0.500, -0.025, -0.016, 0.116
14.220, -0.300, -0.500, -0.029, -0.021, 0.117
14.240, -0.300, -0.500, -0.034, -0.026, 0.117
14.260, -0.300, -0.500, -0.038, -0.030, 0.120
14.280, -0.300, -0.500, -0.042, -0.034, 0.123
14.300, -0.300, -0.500, -0.045, -0.037, 0.123
14.320, -0.300, -0.500, -0.044, -0.039, 0.117
14.340, -0.300, -0.500, -0.041, -0.042, 0.110
14.360, -0.300, -0.500, -0.038, -0.046, 0.104
14.380, -0.300, -0.500, -0.036, -0.054, 0.098
14.400, -0.300, -0.500, -0.035, -0.064, 0.094
14.420, -0.300, -0.500, -0.037, -0.077, 0.091
14.440, -0.300, -0.500, -0.041, -0.091, 0.088
14.460, -0.300, -0.500, -0.046, -0.106, 0.086
14.480, -0.300, -0.500, -0.053, -0.121, 0.084
14.500, -0.300, -0.500, -0.059, -0.136, 0.081
14.520, -0.300, -0.500, -0.065, -0.149, 0.077
14.540, -0.300, -0.500, -0.070, -0.160, 0.073
14.560, -0.300, -0.500, -0.073, -0.169, 0.068
14.580, -0.300, -0.500, -0.074, -0.174, 0.062
14.600, -0.300, -0.500, -0.072, -0.177, 0.058
14.620, -0.300, -0.500, -0.069, -0.178, 0.054
14.640, -0.300, -0.500, -0.063, -0.178, 0.051
14.660, -0.300, -0.500, -0.055, -0.176, 0.049
14.680, -0.300, -0.500, -0.048, -0.173, 0.049
14.700, -0.300, -0.500, -0.046, -0.173, 0.053
14.720, -0.300, -0.500, -0.040, -0.172, 0.058
14.740, -0.300, -0.500, -0.034, -0.171, 0.062
14.760, -0.300, -0.500, -0.027, -0.171, 0.065
14.780, -0.300, -0.500, -0.020, -0.170, 0.066
14.800, -0.300, -0.500, -0.014, -0.170, 0.066
14.820, -0.300, -0.500, -0.008, -0.171, 0.066
14.840, -0.300, -0.500, -0.004, -0.171, 0.065
14.860, -0.300, -0.500, -0.003, -0.171, 0.067
14.880, -0.300, -0.500, -0.001, -0.170, 0.070
14.900, -0.300, -0.500, 0.000, -0.169, 0.074
14.920, -0.300, -0.500, 0.002, -0.167, 0.079
14.940, -0.300, -0.500, 0.003, -0.163, 0.083
14.960, -0.300, -0.500, 0.001, -0.156, 0.084
14.980, -0.300, -0.500, -0.003, -0.148, 0.081
15.000, -0.300, -0.500, -0.009, -0.140, 0.075
15.020, -0.300, -0.500, -0.013, -0.134, 0.070
15.040, -0.300, -0.500, -0.014, -0.133, 0.069
15.060, -0.300, -0.500, -0.018, -0.133, 0.070
15.080, -0.300, -0.500, -0.024, -0.132, 0.074
15.100, -0.300, -0.500, -0.030, -0.132, 0.079
15.120, -0.300, -0.500, -0.036, -0.131, 0.085
15.140, -0.300, -0.500, -0.042, -0.130, 0.091
15.160, -0.300, -0.500, -0.048, -0.128, 0.097
15.180, -0.300, -0.500, -0.053, -0.126, 0.103
15.200, -0.300, -0.500, -0.057, -0.125, 0.108
15.220, -0.300, -0.500, -0.061, -0.123, 0.112
15.240, -0.300, -0.500, -0.065, -0.120, 0.116
15.260, -0.300, -0.500, -0.068, -0.118, 0.120
15.280, -0.300, -0.500, -0.071, -0.116, 0.123
15.300, -0.300, -0.500, -0.074, -0.115, 0.125
15.320, -0.300, -0.500, -0.076, -0.113, 0.127
15.340, -0.300, -0.500, -0.078, -0.111, 0.128
15.360, -0.300, -0.500, -0.079, -0.110, 0.129
15.380, -0.300, -0.500, -0.080, -0.110, 0.129
15.400, -0.300, -0.500, -0.081, -0.109, 0.129
15.420, -0.300, -0.500, -0.082, -0.110, 0.128
15.440, -0.300, -0.500, -0.083, -0.110, 0.126
15.460, -0.300, -0.500, -0.084, -0.111, 0.125
15.480, -0.300, -0.500, -0.085, -0.112, 0.123
15.500, -0.300, -0.500, -0.086, -0.114, 0.121
15.520, -0.300, -0.500, -0.088, -0.116, 0.119
15.540, -0.300, -0.500, -0.089, -0.119, 0.116
15.560, -0.300, -0.500, -0.090, -0.122, 0.115
15.580, -0.300, -0.500, -0.091, -0.126, 0.113
15.600, -0.300, -0.500, -0.092, -0.131, 0.107
15.620, -0.300, -0.500, -0.093, -0.135, 0.102
15.640, -0.300, -0.500, -0.095, -0.141, 0.094
15.660, -0.300, -0.500, -0.098, -0.147, 0.084
15.680, -0.300, -0.500, -0.100, -0.154, 0.074
15.700, -0.300, -0.500, -0.103, -0.161, 0.064
15.720, -0.300, -0.500, -0.106, -0.168, 0.054
15.740, -0.300, -0.500, -0.109, -0.176, 0.045
15.760, -0.300, -0.500, -0.109, -0.182, 0.041
15.780, -0.300, -0.500, -0.109, -0.184, 0.045
15.800, -0.300, -0.500, -0.110, -0.184, 0.050
15.820, -0.300, -0.500, -0.112, -0.185, 0.054
15.840, -0.300, -0.500, -0.114, -0.187, 0.055
15.860, -0.300, -0.500, -0.115, -0.189, 0.054
15.880, -0.300, -0.500, -0.116, -0.192, 0.052
15.900, -0.300, -0.500, -0.115, -0.194, 0.052
15.920, -0.300, -0.500, -0.116, -0.195, 0.052
15.940, -0.300, -0.500, -0.118, -0.197, 0.052
15.960, -0.300, -0.500, -0.120, -0.198, 0.051
15.980, -0.300, -0.500, -0.120, -0.199, 0.052
16.000, -0.300, -0.500, -0.121, -0.199, 0.053
16.020, -0.300, -0.500, -0.125, -0.198, 0.054
16.040, -0.300, -0.500, -0.129, -0.197, 0.055
16.060, -0.300, -0.500, -0.133, -0.196, 0.056
16.080, -0.300, -0.500, -0.136, -0.194, 0.059
16.100, -0.300, -0.500, -0.138, -0.192, 0.062
16.120, -0.300, -0.500, -0.139, -0.190, 0.066
16.140, -0.300, -0.500, -0.138, -0.187, 0.070
16.160, -0.300, -0.500, -0.138, -0.185, 0.074
16.180, -0.300, -0.500, -0.137, -0.182, 0.079
16.200, -0.300, -0.500, -0.136, -0.180, 0.084
16.220, -0.300, -0.500, -0.135, -0.176, 0.090
16.240, -0.300, -0.500, -0.134, -0.172, 0.097
16.260, -0.300, -0.500, -0.134, -0.167, 0.101
16.280, -0.300, -0.500, -0.136, -0.161, 0.100
16.300, -0.300, -0.500, -0.138, -0.156, 0.097
16.320, -0.300, -0.500, -0.141, -0.153, 0.093
16.340, -0.300, -0.500, -0.144, -0.153, 0.090
16.360, -0.300, -0.500, -0.147, -0.154, 0.089
16.380, -0.300, -0.500, -0.150, -0.157, 0.090
16.400, -0.300, -0.500, -0.152, -0.161, 0.093
16.420, -0.300, -0.500, -0.154, -0.166, 0.098
16.440, -0.300, -0.500, -0.155, -0.171, 0.103
16.460, -0.300, -0.500, -0.157, -0.177, 0.109
16.480, -0.300, -0.500, -0.160, -0.183, 0.115
16.500, -0.300, -0.500, -0.162, -0.188, 0.121
16.520, -0.300, -0.500, -0.166, -0.194, 0.126
16.540, -0.300, -0.500, -0.169, -0.200, 0.130
16.560, -0.300, -0.500, -0.173, -0.205, 0.134
16.580, -0.300, -0.500, -0.177, -0.210, 0.137
16.600, -0.300, -0.500, -0.180, -0.215, 0.139
16.620, -0.300, -0.500, -0.184, -0.219, 0.141
16.640, -0.300, -0.500, -0.187, -0.223, 0.142
16.660, -0.300, -0.500, -0.189, -0.226, 0.143
16.680, -0.300, -0.500, -0.191, -0.228, 0.143
16.700, -0.300, -0.500, -0.193, -0.230, 0.142
16.720, -0.300, -0.500, -0.195, -0.231, 0.141
16.740, -0.300, -0.500, -0.196, -0.231, 0.140
16.760, -0.300, -0.500, -0.198, -0.231, 0.138
16.780, -0.300, -0.500, -0.199, -0.231, 0.136
16.800, -0.300, -0.500, -0.201, -0.230, 0.133
16.820, -0.300, -0.500, -0.203, -0.229, 0.131
16.840, -0.300, -0.500, -0.206, -0.228, 0.129
16.860, -0.300, -0.500, -0.208, -0.227, 0.127
16.880, -0.300, -0.500, -0.210, -0.226, 0.125
16.900, -0.300, -0.500, -0.211, -0.225, 0.122
16.920, -0.300, -0.500, -0.214, -0.223, 0.120
16.940, -0.300, -0.500, -0.216, -0.223, 0.115
16.960, -0.300, -0.500, -0.218, -0.224, 0.106
16.980, -0.300, -0.500, -0.220, -0.226, 0.097
17.000, -0.300, -0.500, -0.222, -0.230, 0.088
17.020, -0.300, -0.500, -0.224, -0.236, 0.082
17.040, -0.300, -0.500, -0.227, -0.242, 0.077
17.060, -0.300, -0.500, -0.231, -0.250, 0.073
17.080, -0.300, -0.500, -0.235, -0.259, 0.070
17.100, -0.300, -0.500, -0.240, -0.268, 0.066
17.120, -0.300, -0.500, -0.244, -0.277, 0.062
17.140, -0.300, -0.500, -0.248, -0.285, 0.058
17.160, -0.300, -0.500, -0.251, -0.292, 0.053
17.180, -0.300, -0.500, -0.253, -0.297, 0.047
17.200, -0.300, -0.500, -0.253, -0.301, 0.043
17.220, -0.300, -0.500, -0.253, -0.302, 0.045
17.240, -0.300, -0.500, -0.251, -0.302, 0.047
17.260, -0.300, -0.500, -0.250, -0.301, 0.050
17.280, -0.300, -0.500, -0.246, -0.300, 0.052
17.300, -0.300, -0.500, -0.242, -0.299, 0.054
17.320, -0.300, -0.500, -0.237, -0.299, 0.055
17.340, -0.300, -0.500, -0.232, -0.299, 0.057
17.360, -0.300, -0.500, -0.227, -0.298, 0.058
17.380, -0.300, -0.500, -0.223, -0.298, 0.059
17.400, -0.300, -0.500, -0.219, -0.297, 0.059
17.420, -0.300, -0.500, -0.217, -0.297, 0.060
17.440, -0.300, -0.500, -0.215, -0.297, 0.061
17.460, -0.300, -0.500, -0.213, -0.297, 0.063
17.480, -0.300, -0.500, -0.212, -0.296, 0.065
17.500, -0.300, -0.500, -0.211, -0.295, 0.069
17.520, -0.300, -0.500, -0.209, -0.294, 0.074
17.540, -0.300, -0.500, -0.208, -0.293, 0.080
17.560, -0.300, -0.500, -0.207, -0.290, 0.086
17.580, -0.300, -0.500, -0.209, -0.285, 0.088
17.600, -0.300, -0.500, -0.212, -0.278, 0.086
17.620, -0.300, -0.500, -0.217, -0.270, 0.083
17.640, -0.300, -0.500, -0.220, -0.263, 0.078
17.660, -0.300, -0.500, -0.224, -0.258, 0.075
17.680, -0.300, -0.500, -0.226, -0.254, 0.074
17.700, -0.300, -0.500, -0.228, -0.250, 0.074
17.720, -0.300, -0.500, -0.230, -0.248, 0.077
17.740, -0.300, -0.500, -0.232, -0.245, 0.081
17.760, -0.300, -0.500, -0.235, -0.243, 0.086
17.780, -0.300, -0.500, -0.238, -0.240, 0.092
17.800, -0.300, -0.500, -0.241, -0.237, 0.098
17.820, -0.300, -0.500, -0.246, -0.235, 0.104
17.840, -0.300, -0.500, -0.250, -0.232, 0.109
17.860, -0.300, -0.500, -0.254, -0.230, 0.114
17.880, -0.300, -0.500, -0.258, -0.228, 0.117
17.900, -0.300, -0.500, -0.262, -0.226, 0.121
17.920, -0.300, -0.500, -0.265, -0.225, 0.123
17.940, -0.300, -0.500, -0.267, -0.224, 0.125
17.960, -0.300, -0.500, -0.269, -0.223, 0.127
17.980, -0.300, -0.500, -0.270, -0.223, 0.128
18.000, -0.300, -0.500, -0.271, -0.224, 0.129
18.020, -0.300, -0.500, -0.271, -0.225, 0.129
20.060, -0.200, -0.500, 0.000, 0.000, 0.175
20.080, -0.200, -0.500, -0.000, -0.000, 0.164
20.100, -0.200, -0.500, 0.000, -0.001, 0.154
20.120, -0.200, -0.500, 0.001, -0.004, 0.145
20.140, -0.200, -0.500, 0.000, -0.008, 0.138
20.160, -0.200, -0.500, -0.001, -0.013, 0.133
20.180, -0.200, -0.500, -0.002, -0.019, 0.131
20.200, -0.200, -0.500, -0.004, -0.026, 0.131
20.220, -0.200, -0.500, -0.006, -0.032, 0.133
20.240, -0.200, -0.500, -0.007, -0.040, 0.136
20.260, -0.200, -0.500, -0.007, -0.047, 0.138
20.280, -0.200, -0.500, -0.008, -0.055, 0.141
20.300, -0.200, -0.500, -0.008, -0.062, 0.141
20.320, -0.200, -0.500, -0.007, -0.069, 0.135
20.340, -0.200, -0.500, -0.006, -0.074, 0.127
20.360, -0.200, -0.500, -0.005, -0.079, 0.118
20.380, -0.200, -0.500, -0.004, -0.084, 0.108
20.400, -0.200, -0.500, -0.004, -0.091, 0.099
20.420, -0.200, -0.500, -0.006, -0.101, 0.092
20.440, -0.200, -0.500, -0.007, -0.113, 0.087
20.460, -0.200, -0.500, -0.010, -0.128, 0.083
20.480, -0.200, -0.500, -0.013, -0.143, 0.081
20.500, -0.200, -0.500, -0.015, -0.158, 0.080
20.520, -0.200, -0.500, -0.017, -0.174, 0.078
20.540, -0.200, -0.500, -0.017, -0.188, 0.075
20.560, -0.200, -0.500, -0.017, -0.201, 0.071
20.580, -0.200, -0.500, -0.015, -0.212, 0.066
20.600, -0.200, -0.500, -0.012, -0.221, 0.059
20.620, -0.200, -0.500, -0.008, -0.227, 0.052
20.640, -0.200, -0.500, -0.006, -0.232, 0.047
20.660, -0.200, -0.500, -0.003, -0.235, 0.049
20.680, -0.200, -0.500, 0.002, -0.236, 0.049
20.700, -0.200, -0.500, 0.006, -0.237, 0.050
20.720, -0.200, -0.500, 0.008, -0.238, 0.052
20.740, -0.200, -0.500, 0.010, -0.238, 0.055
20.760, -0.200, -0.500, 0.011, -0.237, 0.058
20.780, -0.200, -0.500, 0.011, -0.235, 0.059
20.800, -0.200, -0.500, 0.011, -0.232, 0.061
20.820, -0.200, -0.500, 0.011, -0.227, 0.062
20.840, -0.200, -0.500, 0.011, -0.222, 0.062
20.860, -0.200, -0.500, 0.013, -0.216, 0.063
20.880, -0.200, -0.500, 0.014, -0.210, 0.065
20.900, -0.200, -0.500, 0.016, -0.203, 0.069
20.920, -0.200, -0.500, 0.018, -0.197, 0.074
20.940, -0.200, -0.500, 0.019, -0.192, 0.081
20.960, -0.200, -0.500, 0.019, -0.186, 0.088
20.980, -0.200, -0.500, 0.015, -0.180, 0.090
21.000, -0.200, -0.500, 0.009, -0.173, 0.088
21.020, -0.200, -0.500, 0.002, -0.168, 0.083
21.040, -0.200, -0.500, -0.005, -0.165, 0.077
21.060, -0.200, -0.500, -0.010, -0.164, 0.072
21.080, -0.200, -0.500, -0.014, -0.165, 0.069
21.100, -0.200, -0.500, -0.016, -0.167, 0.069
21.120, -0.200, -0.500, -0.016, -0.170, 0.071
21.140, -0.200, -0.500, -0.016, -0.172, 0.075
21.160, -0.200, -0.500, -0.016, -0.175, 0.079
21.180, -0.200, -0.500, -0.016, -0.178, 0.085
21.200, -0.200, -0.500, -0.016, -0.180, 0.090
21.220, -0.200, -0.500, -0.016, -0.183, 0.095
21.240, -0.200, -0.500, -0.017, -0.185, 0.099
21.260, -0.200, -0.500, -0.017, -0.187, 0.103
21.280, -0.200, -0.500, -0.018, -0.190, 0.107
21.300, -0.200, -0.500, -0.020, -0.192, 0.110
21.320, -0.200, -0.500, -0.021, -0.194, 0.112
21.340, -0.200, -0.500, -0.021, -0.196, 0.114
21.360, -0.200, -0.500, -0.022, -0.198, 0.116
21.380, -0.200, -0.500, -0.022, -0.200, 0.116
21.400, -0.200, -0.500, -0.022, -0.201, 0.117
21.420, -0.200, -0.500, -0.022, -0.202, 0.116
21.440, -0.200, -0.500, -0.022, -0.204, 0.116
21.460, -0.200, -0.500, -0.022, -0.205, 0.115
21.480, -0.200, -0.500, -0.022, -0.206, 0.113
21.500, -0.200, -0.500, -0.023, -0.206, 0.112
21.520, -0.200, -0.500, -0.023, -0.207, 0.110
21.540, -0.200, -0.500, -0.024, -0.208, 0.109
21.560, -0.200, -0.500, -0.026, -0.209, 0.108
21.580, -0.200, -0.500, -0.027, -0.210, 0.107
21.600, -0.200, -0.500, -0.028, -0.211, 0.106
21.620, -0.200, -0.500, -0.029, -0.213, 0.102
21.640, -0.200, -0.500, -0.032, -0.214, 0.098
21.660, -0.200, -0.500, -0.037, -0.217, 0.091
21.680, -0.200, -0.500, -0.041, -0.220, 0.083
21.700, -0.200, -0.500, -0.045, -0.225, 0.074
21.720, -0.200, -0.500, -0.048, -0.229, 0.067
21.740, -0.200, -0.500, -0.050, -0.234, 0.061
21.760, -0.200, -0.500, -0.050, -0.240, 0.056
21.780, -0.200, -0.500, -0.049, -0.246, 0.051
21.800, -0.200, -0.500, -0.047, -0.252, 0.047
21.820, -0.200, -0.500, -0.045, -0.257, 0.043
21.840, -0.200, -0.500, -0.043, -0.261, 0.043
21.860, -0.200, -0.500, -0.042, -0.263, 0.046
21.880, -0.200, -0.500, -0.039, -0.264, 0.049
21.900, -0.200, -0.500, -0.037, -0.266, 0.051
21.920, -0.200, -0.500, -0.034, -0.268, 0.050
21.940, -0.200, -0.500, -0.032, -0.271, 0.050
21.960, -0.200, -0.500, -0.030, -0.274, 0.051
21.980, -0.200, -0.500, -0.029, -0.275, 0.051
22.000, -0.200, -0.500, -0.028, -0.277, 0.051
22.020, -0.200, -0.500, -0.028, -0.277, 0.051
22.040, -0.200, -0.500, -0.028, -0.276, 0.053
22.060, -0.200, -0.500, -0.028, -0.275, 0.055
22.080, -0.200, -0.500, -0.028, -0.274, 0.057
22.100, -0.200, -0.500, -0.027, -0.272, 0.058
22.120, -0.200, -0.500, -0.026, -0.270, 0.060
22.140, -0.200, -0.500, -0.025, -0.269, 0.062
22.160, -0.200, -0.500, -0.024, -0.267, 0.065
22.180, -0.200, -0.500, -0.023, -0.265, 0.068
22.200, -0.200, -0.500, -0.022, -0.262, 0.071
22.220, -0.200, -0.500, -0.021, -0.260, 0.076
22.240, -0.200, -0.500, -0.020, -0.258, 0.082
22.260, -0.200, -0.500, -0.020, -0.254, 0.089
22.280, -0.200, -0.500, -0.022, -0.250, 0.094
22.300, -0.200, -0.500, -0.025, -0.245, 0.094
22.320, -0.200, -0.500, -0.030, -0.240, 0.093
22.340, -0.200, -0.500, -0.034, -0.236, 0.091
22.360, -0.200, -0.500, -0.038, -0.235, 0.090
22.380, -0.200, -0.500, -0.041, -0.235, 0.090
22.400, -0.200, -0.500, -0.042, -0.237, 0.091
22.420, -0.200, -0.500, -0.044, -0.239, 0.094
22.440, -0.200, -0.500, -0.044, -0.242, 0.097
22.460, -0.200, -0.500, -0.045, -0.245, 0.102
22.480, -0.200, -0.500, -0.045, -0.249, 0.106
22.500, -0.200, -0.500, -0.045, -0.252, 0.110
22.520, -0.200, -0.500, -0.046, -0.256, 0.114
22.540, -0.200, -0.500, -0.046, -0.259, 0.118
22.560, -0.200, -0.500, -0.046, -0.261, 0.121
22.580, -0.200, -0.500, -0.047, -0.264, 0.123
22.600, -0.200, -0.500, -0.047, -0.266, 0.126
22.620, -0.200, -0.500, -0.048, -0.267, 0.128
22.640, -0.200, -0.500, -0.048, -0.268, 0.129
22.660, -0.200, -0.500, -0.048, -0.269, 0.131
22.680, -0.200, -0.500, -0.048, -0.269, 0.132
22.700, -0.200, -0.500, -0.048, -0.269, 0.132
22.720, -0.200, -0.500, -0.048, -0.269, 0.133
22.740, -0.200, -0.500, -0.048, -0.269, 0.132
22.760, -0.200, -0.500, -0.048, -0.269, 0.132
22.780, -0.200, -0.500, -0.048, -0.269, 0.131
22.800, -0.200, -0.500, -0.049, -0.269, 0.129
22.820, -0.200, -0.500, -0.051, -0.269, 0.128
22.840, -0.200, -0.500, -0.052, -0.270, 0.126
22.860, -0.200, -0.500, -0.054, -0.271, 0.124
22.880, -0.200, -0.500, -0.056, -0.272, 0.123
22.900, -0.200, -0.500, -0.058, -0.273, 0.122
22.920, -0.200, -0.500, -0.060, -0.275, 0.119
22.940, -0.200, -0.500, -0.063, -0.278, 0.113
22.960, -0.200, -0.500, -0.067, -0.280, 0.106
22.980, -0.200, -0.500, -0.071, -0.283, 0.097
23.000, -0.200, -0.500, -0.075, -0.287, 0.088
23.020, -0.200, -0.500, -0.078, -0.292, 0.080
23.040, -0.200, -0.500, -0.080, -0.297, 0.074
23.060, -0.200, -0.500, -0.081, -0.304, 0.069
23.080, -0.200, -0.500, -0.081, -0.311, 0.065
23.100, -0.200, -0.500, -0.079, -0.318, 0.062
23.120, -0.200, -0.500, -0.076, -0.325, 0.058
23.140, -0.200, -0.500, -0.073, -0.332, 0.054
23.160, -0.200, -0.500, -0.070, -0.338, 0.049
23.180, -0.200, -0.500, -0.068, -0.343, 0.049
23.200, -0.200, -0.500, -0.066, -0.345, 0.051
23.220, -0.200, -0.500, -0.063, -0.348, 0.053
23.240, -0.200, -0.500, -0.060, -0.350, 0.053
23.260, -0.200, -0.500, -0.058, -0.353, 0.052
23.280, -0.200, -0.500, -0.055, -0.355, 0.054
23.300, -0.200, -0.500, -0.053, -0.356, 0.055
23.320, -0.200, -0.500, -0.053, -0.357, 0.056
23.340, -0.200, -0.500, -0.052, -0.358, 0.056
23.360, -0.200, -0.500, -0.052, -0.357, 0.057
23.380, -0.200, -0.500, -0.052, -0.355, 0.057
23.400, -0.200, -0.500, -0.053, -0.353, 0.058
23.420, -0.200, -0.500, -0.053, -0.351, 0.060
23.440, -0.200, -0.500, -0.053, -0.348, 0.062
23.460, -0.200, -0.500, -0.053, -0.345, 0.064
23.480, -0.200, -0.500, -0.052, -0.342, 0.067
23.500, -0.200, -0.500, -0.051, -0.339, 0.071
23.520, -0.200, -0.500, -0.049, -0.337, 0.075
23.540, -0.200, -0.500, -0.048, -0.334, 0.080
23.560, -0.200, -0.500, -0.048, -0.331, 0.087
23.580, -0.200, -0.500, -0.048, -0.327, 0.093
23.600, -0.200, -0.500, -0.050, -0.322, 0.095
23.620, -0.200, -0.500, -0.054, -0.317, 0.094
23.640, -0.200, -0.500, -0.058, -0.312, 0.091
23.660, -0.200, -0.500, -0.062, -0.310, 0.088
23.680, -0.200, -0.500, -0.065, -0.309, 0.086
23.700, -0.200, -0.500, -0.067, -0.310, 0.085
23.720, -0.200, -0.500, -0.068, -0.312, 0.087
23.740, -0.200, -0.500, -0.068, -0.315, 0.090
23.760, -0.200, -0.500, -0.069, -0.318, 0.094
23.780, -0.200, -0.500, -0.069, -0.320, 0.098
23.800, -0.200, -0.500, -0.069, -0.323, 0.103
23.820, -0.200, -0.500, -0.070, -0.326, 0.107
23.840, -0.200, -0.500, -0.070, -0.328, 0.110
23.860, -0.200, -0.500, -0.071, -0.331, 0.114
23.880, -0.200, -0.500, -0.071, -0.333, 0.117
23.900, -0.200, -0.500, -0.072, -0.334, 0.119
23.920, -0.200, -0.500, -0.072, -0.335, 0.121
23.940, -0.200, -0.500, -0.073, -0.336, 0.123
23.960, -0.200, -0.500, -0.073, -0.337, 0.125
23.980, -0.200, -0.500, -0.073, -0.337, 0.126
24.000, -0.200, -0.500, -0.072, -0.337, 0.127
24.020, -0.200, -0.500, -0.072, -0.337, 0.127
24.040, -0.200, -0.500, -0.072, -0.337, 0.127
26.080, -0.100, -0.500, 0.000, 0.000, 0.175
26.100, -0.100, -0.500, -0.000, -0.000, 0.164
26.120, -0.100, -0.500, -0.001, -0.001, 0.154
26.140, -0.100, -0.500, -0.001, -0.004, 0.144
26.160, -0.100, -0.500, -0.001, -0.008, 0.137
26.180, -0.100, -0.500, -0.002, -0.013, 0.132
26.200, -0.100, -0.500, -0.003, -0.019, 0.130
26.220, -0.100, -0.500, -0.005, -0.025, 0.129
26.240, -0.100, -0.500, -0.005, -0.032, 0.131
26.260, -0.100, -0.500, -0.005, -0.039, 0.133
26.280, -0.100, -0.500, -0.005, -0.046, 0.135
26.300, -0.100, -0.500, -0.005, -0.053, 0.138
26.320, -0.100, -0.500, -0.005, -0.060, 0.137
26.340, -0.100, -0.500, -0.005, -0.066, 0.133
26.360, -0.100, -0.500, -0.005, -0.070, 0.127
26.380, -0.100, -0.500, -0.005, -0.074, 0.117
26.400, -0.100, -0.500, -0.004, -0.079, 0.108
26.420, -0.100, -0.500, -0.004, -0.086, 0.099
26.440, -0.100, -0.500, -0.003, -0.095, 0.092
26.460, -0.100, -0.500, -0.002, -0.106, 0.088
26.480, -0.100, -0.500, -0.001, -0.119, 0.085
26.500, -0.100, -0.500, 0.000, -0.131, 0.084
26.520, -0.100, -0.500, 0.002, -0.144, 0.083
26.540, -0.100, -0.500, 0.003, -0.157, 0.081
26.560, -0.100, -0.500, 0.005, -0.169, 0.079
26.580, -0.100, -0.500, 0.008, -0.180, 0.075
26.600, -0.100, -0.500, 0.011, -0.190, 0.070
26.620, -0.100, -0.500, 0.015, -0.199, 0.065
26.640, -0.100, -0.500, 0.020, -0.206, 0.058
26.660, -0.100, -0.500, 0.024, -0.212, 0.052
26.680, -0.100, -0.500, 0.027, -0.217, 0.051
26.700, -0.100, -0.500, 0.031, -0.221, 0.053
26.720, -0.100, -0.500, 0.034, -0.224, 0.055
26.740, -0.100, -0.500, 0.037, -0.227, 0.056
26.760, -0.100, -0.500, 0.039, -0.228, 0.058
26.780, -0.100, -0.500, 0.040, -0.228, 0.059
26.800, -0.100, -0.500, 0.040, -0.226, 0.060
26.820, -0.100, -0.500, 0.039, -0.224, 0.061
26.840, -0.100, -0.500, 0.038, -0.220, 0.062
26.860, -0.100, -0.500, 0.038, -0.215, 0.064
26.880, -0.100, -0.500, 0.039, -0.209, 0.066
26.900, -0.100, -0.500, 0.041, -0.203, 0.069
26.920, -0.100, -0.500, 0.043, -0.197, 0.074
26.940, -0.100, -0.500, 0.045, -0.192, 0.078
26.960, -0.100, -0.500, 0.047, -0.186, 0.085
26.980, -0.100, -0.500, 0.048, -0.180, 0.090
27.000, -0.100, -0.500, 0.046, -0.174, 0.092
27.020, -0.100, -0.500, 0.041, -0.168, 0.089
27.040, -0.100, -0.500, 0.035, -0.164, 0.085
27.060, -0.100, -0.500, 0.029, -0.162, 0.079
27.080, -0.100, -0.500, 0.025, -0.162, 0.076
27.100, -0.100, -0.500, 0.023, -0.164, 0.074
27.120, -0.100, -0.500, 0.023, -0.168, 0.074
27.140, -0.100, -0.500, 0.024, -0.171, 0.077
27.160, -0.100, -0.500, 0.026, -0.176, 0.080
27.180, -0.100, -0.500, 0.028, -0.180, 0.084
27.200, -0.100, -0.500, 0.031, -0.185, 0.088
27.220, -0.100, -0.500, 0.034, -0.189, 0.092
27.240, -0.100, -0.500, 0.036, -0.194, 0.095
27.260, -0.100, -0.500, 0.038, -0.198, 0.098
27.280, -0.100, -0.500, 0.040, -0.202, 0.101
27.300, -0.100, -0.500, 0.041, -0.206, 0.102
27.320, -0.100, -0.500, 0.042, -0.209, 0.104
27.340, -0.100, -0.500, 0.043, -0.211, 0.105
27.360, -0.100, -0.500, 0.044, -0.213, 0.106
27.380, -0.100, -0.500, 0.045, -0.214, 0.106
27.400, -0.100, -0.500, 0.047, -0.215, 0.107
27.420, -0.100, -0.500, 0.048, -0.215, 0.107
27.440, -0.100, -0.500, 0.049, -0.215, 0.106
27.460, -0.100, -0.500, 0.050, -0.215, 0.106
27.480, -0.100, -0.500, 0.051, -0.215, 0.105
27.500, -0.100, -0.500, 0.051, -0.215, 0.104
27.520, -0.100, -0.500, 0.050, -0.215, 0.103
27.540, -0.100, -0.500, 0.049, -0.214, 0.101
27.560, -0.100, -0.500, 0.047, -0.214, 0.101
27.580, -0.100, -0.500, 0.045, -0.214, 0.100
27.600, -0.100, -0.500, 0.043, -0.214, 0.100
27.620, -0.100, -0.500, 0.041, -0.215, 0.100
27.640, -0.100, -0.500, 0.038, -0.216, 0.098
27.660, -0.100, -0.500, 0.032, -0.218, 0.096
27.680, -0.100, -0.500, 0.026, -0.220, 0.090
27.700, -0.100, -0.500, 0.019, -0.224, 0.083
27.720, -0.100, -0.500, 0.013, -0.227, 0.076
27.740, -0.100, -0.500, 0.009, -0.231, 0.069
27.760, -0.100, -0.500, 0.006, -0.236, 0.065
27.780, -0.100, -0.500, 0.005, -0.240, 0.062
27.800, -0.100, -0.500, 0.006, -0.244, 0.060
27.820, -0.100, -0.500, 0.010, -0.249, 0.058
27.840, -0.100, -0.500, 0.015, -0.253, 0.056
27.860, -0.100, -0.500, 0.021, -0.257, 0.053
27.880, -0.100, -0.500, 0.028, -0.261, 0.050
27.900, -0.100, -0.500, 0.032, -0.265, 0.048
27.920, -0.100, -0.500, 0.035, -0.269, 0.049
27.940, -0.100, -0.500, 0.039, -0.272, 0.051
27.960, -0.100, -0.500, 0.044, -0.275, 0.052
27.980, -0.100, -0.500, 0.047, -0.279, 0.053
28.000, -0.100, -0.500, 0.050, -0.282, 0.054
28.020, -0.100, -0.500, 0.052, -0.284, 0.055
28.040, -0.100, -0.500, 0.054, -0.286, 0.055
28.060, -0.100, -0.500, 0.054, -0.286, 0.056
28.080, -0.100, -0.500, 0.055, -0.285, 0.057
28.100, -0.100, -0.500, 0.055, -0.284, 0.058
28.120, -0.100, -0.500, 0.055, -0.283, 0.060
28.140, -0.100, -0.500, 0.056, -0.280, 0.062
28.160, -0.100, -0.500, 0.057, -0.278, 0.063
28.180, -0.100, -0.500, 0.059, -0.275, 0.065
28.200, -0.100, -0.500, 0.061, -0.272, 0.068
28.220, -0.100, -0.500, 0.063, -0.269, 0.071
28.240, -0.100, -0.500, 0.064, -0.266, 0.075
28.260, -0.100, -0.500, 0.065, -0.262, 0.081
28.280, -0.100, -0.500, 0.066, -0.259, 0.087
28.300, -0.100, -0.500, 0.064, -0.254, 0.091
28.320, -0.100, -0.500, 0.061, -0.249, 0.092
28.340, -0.100, -0.500, 0.056, -0.245, 0.091
28.360, -0.100, -0.500, 0.051, -0.242, 0.089
28.380, -0.100, -0.500, 0.046, -0.241, 0.087
28.400, -0.100, -0.500, 0.044, -0.242, 0.087
28.420, -0.100, -0.500, 0.042, -0.245, 0.088
28.440, -0.100, -0.500, 0.042, -0.248, 0.091
28.460, -0.100, -0.500, 0.043, -0.253, 0.094
28.480, -0.100, -0.500, 0.045, -0.257, 0.098
28.500, -0.100, -0.500, 0.046, -0.262, 0.102
28.520, -0.100, -0.500, 0.049, -0.267, 0.106
28.540, -0.100, -0.500, 0.051, -0.272, 0.109
28.560, -0.100, -0.500, 0.053, -0.277, 0.111
28.580, -0.100, -0.500, 0.054, -0.281, 0.114
28.600, -0.100, -0.500, 0.056, -0.285, 0.115
28.620, -0.100, -0.500, 0.057, -0.288, 0.117
28.640, -0.100, -0.500, 0.058, -0.291, 0.118
28.660, -0.100, -0.500, 0.059, -0.293, 0.119
28.680, -0.100, -0.500, 0.060, -0.294, 0.120
28.700, -0.100, -0.500, 0.061, -0.294, 0.121
28.720, -0.100, -0.500, 0.061, -0.294, 0.122
28.740, -0.100, -0.500, 0.062, -0.294, 0.123
28.760, -0.100, -0.500, 0.063, -0.294, 0.123
28.780, -0.100, -0.500, 0.063, -0.293, 0.122
28.800, -0.100, -0.500, 0.062, -0.292, 0.121
28.820, -0.100, -0.500, 0.061, -0.292, 0.120
28.840, -0.100, -0.500, 0.060, -0.291, 0.119
28.860, -0.100, -0.500, 0.058, -0.290, 0.118
28.880, -0.100, -0.500, 0.056, -0.290, 0.117
28.900, -0.100, -0.500, 0.054, -0.290, 0.117
28.920, -0.100, -0.500, 0.051, -0.291, 0.117
28.940, -0.100, -0.500, 0.048, -0.292, 0.115
28.960, -0.100, -0.500, 0.044, -0.293, 0.110
28.980, -0.100, -0.500, 0.037, -0.295, 0.104
29.000, -0.100, -0.500, 0.030, -0.298, 0.096
29.020, -0.100, -0.500, 0.024, -0.301, 0.088
29.040, -0.100, -0.500, 0.020, -0.305, 0.081
29.060, -0.100, -0.500, 0.016, -0.310, 0.076
29.080, -0.100, -0.500, 0.015, -0.315, 0.073
29.100, -0.100, -0.500, 0.016, -0.320, 0.070
29.120, -0.100, -0.500, 0.019, -0.325, 0.069
29.140, -0.100, -0.500, 0.023, -0.331, 0.067
29.160, -0.100, -0.500, 0.029, -0.336, 0.065
29.180, -0.100, -0.500, 0.034, -0.341, 0.063
29.200, -0.100, -0.500, 0.040, -0.345, 0.060
29.220, -0.100, -0.500, 0.046, -0.350, 0.056
29.240, -0.100, -0.500, 0.053, -0.354, 0.052
29.260, -0.100, -0.500, 0.055, -0.359, 0.051
29.280, -0.100, -0.500, 0.059, -0.363, 0.053
29.300, -0.100, -0.500, 0.064, -0.366, 0.054
29.320, -0.100, -0.500, 0.068, -0.369, 0.055
29.340, -0.100, -0.500, 0.072, -0.372, 0.057
29.360, -0.100, -0.500, 0.074, -0.374, 0.059
29.380, -0.100, -0.500, 0.076, -0.375, 0.060
29.400, -0.100, -0.500, 0.077, -0.375, 0.061
29.420, -0.100, -0.500, 0.077, -0.375, 0.062
29.440, -0.100, -0.500, 0.076, -0.373, 0.062
29.460, -0.100, -0.500, 0.075, -0.370, 0.063
29.480, -0.100, -0.500, 0.074, -0.367, 0.064
29.500, -0.100, -0.500, 0.074, -0.363, 0.066
29.520, -0.100, -0.500, 0.075, -0.359, 0.070
29.540, -0.100, -0.500, 0.075, -0.355, 0.074
29.560, -0.100, -0.500, 0.076, -0.350, 0.079
29.580, -0.100, -0.500, 0.077, -0.346, 0.086
29.600, -0.100, -0.500, 0.076, -0.341, 0.092
29.620, -0.100, -0.500, 0.073, -0.335, 0.094
29.640, -0.100, -0.500, 0.068, -0.330, 0.093
29.660, -0.100, -0.500, 0.063, -0.327, 0.090
29.680, -0.100, -0.500, 0.057, -0.325, 0.087
29.700, -0.100, -0.500, 0.053, -0.325, 0.085
29.720, -0.100, -0.500, 0.051, -0.328, 0.084
29.740, -0.100, -0.500, 0.050, -0.331, 0.085
29.760, -0.100, -0.500, 0.050, -0.335, 0.088
29.780, -0.100, -0.500, 0.052, -0.339, 0.091
29.800, -0.100, -0.500, 0.053, -0.344, 0.095
29.820, -0.100, -0.500, 0.055, -0.349, 0.099
29.840, -0.100, -0.500, 0.057, -0.354, 0.102
29.860, -0.100, -0.500, 0.059, -0.359, 0.105
29.880, -0.100, -0.500, 0.061, -0.364, 0.108
29.900, -0.100, -0.500, 0.062, -0.368, 0.110
29.920, -0.100, -0.500, 0.063, -0.372, 0.112
29.940, -0.100, -0.500, 0.064, -0.375, 0.114
29.960, -0.100, -0.500, 0.065, -0.378, 0.115
29.980, -0.100, -0.500, 0.065, -0.380, 0.116
30.000, -0.100, -0.500, 0.066, -0.381, 0.117
30.020, -0.100, -0.500, 0.067, -0.382, 0.118
30.040, -0.100, -0.500, 0.068, -0.382, 0.119
30.060, -0.100, -0.500, 0.068, -0.382, 0.119
32.100, -0.000, -0.500, 0.000, 0.000, 0.175
32.120, -0.000, -0.500, -0.001, 0.000, 0.163
32.140, -0.000, -0.500, -0.001, 0.000, 0.150
32.160, -0.000, -0.500, -0.002, -0.000, 0.137
32.180, -0.000, -0.500, -0.004, -0.003, 0.126
32.200, -0.000, -0.500, -0.006, -0.006, 0.119
32.220, -0.000, -0.500, -0.008, -0.010, 0.114
32.240, -0.000, -0.500, -0.010, -0.015, 0.112
32.260, -0.000, -0.500, -0.011, -0.020, 0.112
32.280, -0.000, -0.500, -0.012, -0.026, 0.113
32.300, -0.000, -0.500, -0.014, -0.030, 0.116
32.320, -0.000, -0.500, -0.017, -0.035, 0.120
32.340, -0.000, -0.500, -0.020, -0.038, 0.124
32.360, -0.000, -0.500, -0.021, -0.039, 0.124
32.380, -0.000, -0.500, -0.021, -0.040, 0.118
32.400, -0.000, -0.500, -0.019, -0.042, 0.110
32.420, -0.000, -0.500, -0.016, -0.045, 0.103
32.440, -0.000, -0.500, -0.013, -0.050, 0.096
32.460, -0.000, -0.500, -0.010, -0.056, 0.092
32.480, -0.000, -0.500, -0.008, -0.064, 0.089
32.500, -0.000, -0.500, -0.006, -0.072, 0.089
32.520, -0.000, -0.500, -0.005, -0.082, 0.089
32.540, -0.000, -0.500, -0.005, -0.091, 0.089
32.560, -0.000, -0.500, -0.005, -0.101, 0.089
32.580, -0.000, -0.500, -0.005, -0.110, 0.089
32.600, -0.000, -0.500, -0.005, -0.119, 0.088
32.620, -0.000, -0.500, -0.004, -0.127, 0.087
32.640, -0.000, -0.500, -0.002, -0.135, 0.085
32.660, -0.000, -0.500, 0.001, -0.142, 0.083
32.680, -0.000, -0.500, 0.004, -0.148, 0.080
32.700, -0.000, -0.500, 0.009, -0.153, 0.078
32.720, -0.000, -0.500, 0.015, -0.157, 0.075
32.740, -0.000, -0.500, 0.022, -0.160, 0.073
32.760, -0.000, -0.500, 0.029, -0.164, 0.070
32.780, -0.000, -0.500, 0.038, -0.166, 0.067
32.800, -0.000, -0.500, 0.048, -0.169, 0.064
32.820, -0.000, -0.500, 0.058, -0.171, 0.063
32.840, -0.000, -0.500, 0.066, -0.173, 0.062
32.860, -0.000, -0.500, 0.068, -0.176, 0.065
32.880, -0.000, -0.500, 0.071, -0.176, 0.068
32.900, -0.000, -0.500, 0.073, -0.176, 0.072
32.920, -0.000, -0.500, 0.075, -0.174, 0.075
32.940, -0.000, -0.500, 0.076, -0.171, 0.079
32.960, -0.000, -0.500, 0.077, -0.167, 0.084
32.980, -0.000, -0.500, 0.077, -0.162, 0.090
33.000, -0.000, -0.500, 0.076, -0.155, 0.096
33.020, -0.000, -0.500, 0.072, -0.148, 0.098
33.040, -0.000, -0.500, 0.066, -0.140, 0.097
33.060, -0.000, -0.500, 0.059, -0.134, 0.095
33.080, -0.000, -0.500, 0.052, -0.131, 0.092
33.100, -0.000, -0.500, 0.047, -0.130, 0.090
33.120, -0.000, -0.500, 0.044, -0.132, 0.089
33.140, -0.000, -0.500, 0.042, -0.136, 0.090
33.160, -0.000, -0.500, 0.042, -0.140, 0.091
33.180, -0.000, -0.500, 0.043, -0.146, 0.094
33.200, -0.000, -0.500, 0.046, -0.152, 0.097
33.220, -0.000, -0.500, 0.049, -0.159, 0.100
33.240, -0.000, -0.500, 0.052, -0.166, 0.102
33.260, -0.000, -0.500, 0.055, -0.173, 0.104
33.280, -0.000, -0.500, 0.058, -0.180, 0.105
33.300, -0.000, -0.500, 0.061, -0.186, 0.106
33.320, -0.000, -0.500, 0.063, -0.192, 0.106
33.340, -0.000, -0.500, 0.065, -0.196, 0.107
33.360, -0.000, -0.500, 0.066, -0.200, 0.107
33.380, -0.000, -0.500, 0.067, -0.203, 0.107
33.400, -0.000, -0.500, 0.068, -0.205, 0.108
33.420, -0.000, -0.500, 0.069, -0.206, 0.108
33.440, -0.000, -0.500, 0.070, -0.206, 0.109
33.460, -0.000, -0.500, 0.071, -0.206, 0.109
33.480, -0.000, -0.500, 0.071, -0.205, 0.109
33.500, -0.000, -0.500, 0.071, -0.203, 0.108
33.520, -0.000, -0.500, 0.071, -0.201, 0.108
33.540, -0.000, -0.500, 0.070, -0.199, 0.107
33.560, -0.000, -0.500, 0.069, -0.197, 0.107
33.580, -0.000, -0.500, 0.067, -0.194, 0.106
33.600, -0.000, -0.500, 0.065, -0.192, 0.106
33.620, -0.000, -0.500, 0.062, -0.190, 0.106
33.640, -0.000, -0.500, 0.059, -0.187, 0.108
33.660, -0.000, -0.500, 0.055, -0.186, 0.110
33.680, -0.000, -0.500, 0.049, -0.185, 0.108
33.700, -0.000, -0.500, 0.044, -0.186, 0.102
33.720, -0.000, -0.500, 0.039, -0.188, 0.095
33.740, -0.000, -0.500, 0.034, -0.191, 0.087
33.760, -0.000, -0.500, 0.031, -0.195, 0.080
33.780, -0.000, -0.500, 0.029, -0.199, 0.076
33.800, -0.000, -0.500, 0.029, -0.204, 0.074
33.820, -0.000, -0.500, 0.031, -0.209, 0.073
33.840, -0.000, -0.500, 0.034, -0.214, 0.073
33.860, -0.000, -0.500, 0.038, -0.220, 0.074
33.880, -0.000, -0.500, 0.044, -0.225, 0.074
33.900, -0.000, -0.500, 0.051, -0.230, 0.073
33.920, -0.000, -0.500, 0.057, -0.235, 0.072
33.940, -0.000, -0.500, 0.064, -0.240, 0.070
33.960, -0.000, -0.500, 0.070, -0.245, 0.068
33.980, -0.000, -0.500, 0.077, -0.251, 0.065
34.000, -0.000, -0.500, 0.083, -0.256, 0.062
34.020, -0.000, -0.500, 0.090, -0.262, 0.058
34.040, -0.000, -0.500, 0.098, -0.268, 0.054
34.060, -0.000, -0.500, 0.102, -0.275, 0.054
34.080, -0.000, -0.500, 0.108, -0.278, 0.060
34.100, -0.000, -0.500, 0.112, -0.280, 0.065
34.120, -0.000, -0.500, 0.114, -0.281, 0.068
34.140, -0.000, -0.500, 0.115, -0.282, 0.070
34.160, -0.000, -0.500, 0.115, -0.280, 0.070
34.180, -0.000, -0.500, 0.115, -0.278, 0.070
34.200, -0.000, -0.500, 0.116, -0.275, 0.069
34.220, -0.000, -0.500, 0.116, -0.270, 0.069
34.240, -0.000, -0.500, 0.117, -0.265, 0.070
34.260, -0.000, -0.500, 0.118, -0.260, 0.074
34.280, -0.000, -0.500, 0.118, -0.255, 0.080
34.300, -0.000, -0.500, 0.119, -0.249, 0.087
34.320, -0.000, -0.500, 0.117, -0.243, 0.092
34.340, -0.000, -0.500, 0.112, -0.237, 0.094
34.360, -0.000, -0.500, 0.106, -0.232, 0.092
34.380, -0.000, -0.500, 0.099, -0.229, 0.090
34.400, -0.000, -0.500, 0.093, -0.229, 0.087
34.420, -0.000, -0.500, 0.089, -0.231, 0.086
34.440, -0.000, -0.500, 0.086, -0.235, 0.085
34.460, -0.000, -0.500, 0.086, -0.241, 0.087
34.480, -0.000, -0.500, 0.087, -0.248, 0.089
34.500, -0.000, -0.500, 0.090, -0.255, 0.091
34.520, -0.000, -0.500, 0.093, -0.263, 0.094
34.540, -0.000, -0.500, 0.097, -0.271, 0.097
34.560, -0.000, -0.500, 0.101, -0.280, 0.099
34.580, -0.000, -0.500, 0.104, -0.288, 0.100
34.600, -0.000, -0.500, 0.107, -0.296, 0.101
34.620, -0.000, -0.500, 0.110, -0.303, 0.102
34.640, -0.000, -0.500, 0.112, -0.309, 0.103
34.660, -0.000, -0.500, 0.113, -0.314, 0.103
34.680, -0.000, -0.500, 0.113, -0.318, 0.103
34.700, -0.000, -0.500, 0.114, -0.321, 0.103
34.720, -0.000, -0.500, 0.114, -0.323, 0.104
34.740, -0.000, -0.500, 0.114, -0.323, 0.105
34.760, -0.000, -0.500, 0.114, -0.323, 0.105
34.780, -0.000, -0.500, 0.113, -0.322, 0.106
34.800, -0.000, -0.500, 0.112, -0.320, 0.106
34.820, -0.000, -0.500, 0.111, -0.317, 0.106
34.840, -0.000, -0.500, 0.109, -0.314, 0.106
34.860, -0.000, -0.500, 0.106, -0.311, 0.106
34.880, -0.000, -0.500, 0.103, -0.308, 0.105
34.900, -0.000, -0.500, 0.100, -0.305, 0.106
34.920, -0.000, -0.500, 0.096, -0.302, 0.106
34.940, -0.000, -0.500, 0.092, -0.299, 0.108
34.960, -0.000, -0.500, 0.087, -0.297, 0.112
34.980, -0.000, -0.500, 0.083, -0.296, 0.113
35.000, -0.000, -0.500, 0.079, -0.296, 0.108
35.020, -0.000, -0.500, 0.076, -0.297, 0.100
35.040, -0.000, -0.500, 0.073, -0.299, 0.091
35.060, -0.000, -0.500, 0.072, -0.302, 0.083
35.080, -0.000, -0.500, 0.072, -0.306, 0.078
35.100, -0.000, -0.500, 0.072, -0.310, 0.075
35.120, -0.000, -0.500, 0.074, -0.315, 0.073
35.140, -0.000, -0.500, 0.077, -0.320, 0.073
35.160, -0.000, -0.500, 0.081, -0.325, 0.074
35.180, -0.000, -0.500, 0.086, -0.330, 0.074
35.200, -0.000, -0.500, 0.091, -0.335, 0.073
35.220, -0.000, -0.500, 0.097, -0.340, 0.072
35.240, -0.000, -0.500, 0.103, -0.345, 0.071
35.260, -0.000, -0.500, 0.110, -0.350, 0.069
35.280, -0.000, -0.500, 0.116, -0.355, 0.066
35.300, -0.000, -0.500, 0.122, -0.361, 0.064
35.320, -0.000, -0.500, 0.129, -0.366, 0.061
35.340, -0.000, -0.500, 0.136, -0.371, 0.057
35.360, -0.000, -0.500, 0.144, -0.377, 0.054
35.380, -0.000, -0.500, 0.149, -0.383, 0.057
35.400, -0.000, -0.500, 0.156, -0.386, 0.062
35.420, -0.000, -0.500, 0.160, -0.390, 0.065
35.440, -0.000, -0.500, 0.162, -0.392, 0.067
35.460, -0.000, -0.500, 0.163, -0.393, 0.067
35.480, -0.000, -0.500, 0.163, -0.393, 0.067
35.500, -0.000, -0.500, 0.163, -0.392, 0.067
35.520, -0.000, -0.500, 0.164, -0.389, 0.068
35.540, -0.000, -0.500, 0.165, -0.386, 0.071
35.560, -0.000, -0.500, 0.166, -0.381, 0.074
35.580, -0.000, -0.500, 0.167, -0.377, 0.079
35.600, -0.000, -0.500, 0.168, -0.371, 0.086
35.620, -0.000, -0.500, 0.168, -0.365, 0.092
35.640, -0.000, -0.500, 0.164, -0.359, 0.095
35.660, -0.000, -0.500, 0.159, -0.353, 0.094
35.680, -0.000, -0.500, 0.152, -0.349, 0.093
35.700, -0.000, -0.500, 0.146, -0.347, 0.091
35.720, -0.000, -0.500, 0.142, -0.348, 0.090
35.740, -0.000, -0.500, 0.139, -0.351, 0.090
35.760, -0.000, -0.500, 0.138, -0.355, 0.091
35.780, -0.000, -0.500, 0.139, -0.361, 0.094
35.800, -0.000, -0.500, 0.142, -0.367, 0.097
35.820, -0.000, -0.500, 0.146, -0.374, 0.100
35.840, -0.000, -0.500, 0.150, -0.381, 0.103
35.860, -0.000, -0.500, 0.155, -0.388, 0.105
35.880, -0.000, -0.500, 0.160, -0.395, 0.107
35.900, -0.000, -0.500, 0.164, -0.401, 0.108
35.920, -0.000, -0.500, 0.168, -0.407, 0.108
35.940, -0.000, -0.500, 0.172, -0.411, 0.109
35.960, -0.000, -0.500, 0.175, -0.415, 0.109
35.980, -0.000, -0.500, 0.177, -0.418, 0.109
36.000, -0.000, -0.500, 0.180, -0.419, 0.109
36.020, -0.000, -0.500, 0.182, -0.420, 0.110
36.040, -0.000, -0.500, 0.184, -0.420, 0.110
36.060, -0.000, -0.500, 0.186, -0.419, 0.110
36.080, -0.000, -0.500, 0.187, -0.417, 0.110
38.120, 0.100, -0.500, 0.000, 0.000, 0.175
38.140, 0.100, -0.500, -0.001, -0.000, 0.163
38.160, 0.100, -0.500, -0.001, 0.000, 0.150
38.180, 0.100, -0.500, -0.002, -0.001, 0.137
38.200, 0.100, -0.500, -0.004, -0.003, 0.126
38.220, 0.100, -0.500, -0.005, -0.007, 0.119
38.240, 0.100, -0.500, -0.006, -0.011, 0.114
38.260, 0.100, -0.500, -0.007, -0.016, 0.112
38.280, 0.100, -0.500, -0.007, -0.021, 0.112
38.300, 0.100, -0.500, -0.007, -0.027, 0.113
38.320, 0.100, -0.500, -0.008, -0.031, 0.116
38.340, 0.100, -0.500, -0.010, -0.036, 0.121
38.360, 0.100, -0.500, -0.012, -0.039, 0.125
38.380, 0.100, -0.500, -0.014, -0.040, 0.124
38.400, 0.100, -0.500, -0.014, -0.040, 0.119
38.420, 0.100, -0.500, -0.013, -0.041, 0.111
38.440, 0.100, -0.500, -0.010, -0.043, 0.103
38.460, 0.100, -0.500, -0.007, -0.048, 0.096
38.480, 0.100, -0.500, -0.004, -0.053, 0.091
38.500, 0.100, -0.500, -0.002, -0.059, 0.089
38.520, 0.100, -0.500, 0.000, -0.067, 0.089
38.540, 0.100, -0.500, 0.002, -0.074, 0.090
38.560, 0.100, -0.500, 0.003, -0.082, 0.091
38.580, 0.100, -0.500, 0.005, -0.090, 0.092
38.600, 0.100, -0.500, 0.006, -0.098, 0.093
38.620, 0.100, -0.500, 0.007, -0.105, 0.094
38.640, 0.100, -0.500, 0.008, -0.113, 0.094
38.660, 0.100, -0.500, 0.010, -0.119, 0.094
38.680, 0.100, -0.500, 0.013, -0.126, 0.093
38.700, 0.100, -0.500, 0.017, -0.132, 0.092
38.720, 0.100, -0.500, 0.021, -0.137, 0.091
38.740, 0.100, -0.500, 0.026, -0.142, 0.089
38.760, 0.100, -0.500, 0.032, -0.147, 0.087
38.780, 0.100, -0.500, 0.038, -0.151, 0.085
38.800, 0.100, -0.500, 0.045, -0.155, 0.083
38.820, 0.100, -0.500, 0.052, -0.158, 0.080
38.840, 0.100, -0.500, 0.060, -0.161, 0.076
38.860, 0.100, -0.500, 0.069, -0.164, 0.074
38.880, 0.100, -0.500, 0.077, -0.166, 0.073
38.900, 0.100, -0.500, 0.085, -0.167, 0.073
38.920, 0.100, -0.500, 0.091, -0.167, 0.074
38.940, 0.100, -0.500, 0.095, -0.166, 0.075
38.960, 0.100, -0.500, 0.097, -0.164, 0.079
38.980, 0.100, -0.500, 0.098, -0.160, 0.084
39.000, 0.100, -0.500, 0.098, -0.156, 0.091
39.020, 0.100, -0.500, 0.096, -0.151, 0.099
39.040, 0.100, -0.500, 0.091, -0.145, 0.102
39.060, 0.100, -0.500, 0.083, -0.138, 0.103
39.080, 0.100, -0.500, 0.074, -0.134, 0.101
39.100, 0.100, -0.500, 0.066, -0.133, 0.099
39.120, 0.100, -0.500, 0.060, -0.135, 0.098
39.140, 0.100, -0.500, 0.057, -0.140, 0.097
39.160, 0.100, -0.500, 0.055, -0.147, 0.097
39.180, 0.100, -0.500, 0.056, -0.156, 0.098
39.200, 0.100, -0.500, 0.059, -0.166, 0.100
39.220, 0.100, -0.500, 0.064, -0.176, 0.101
39.240, 0.100, -0.500, 0.069, -0.187, 0.103
39.260, 0.100, -0.500, 0.074, -0.198, 0.104
39.280, 0.100, -0.500, 0.080, -0.208, 0.104
39.300, 0.100, -0.500, 0.084, -0.218, 0.103
39.320, 0.100, -0.500, 0.088, -0.227, 0.102
39.340, 0.100, -0.500, 0.091, -0.234, 0.101
39.360, 0.100, -0.500, 0.092, -0.240, 0.100
39.380, 0.100, -0.500, 0.093, -0.245, 0.099
39.400, 0.100, -0.500, 0.093, -0.248, 0.098
39.420, 0.100, -0.500, 0.092, -0.250, 0.098
39.440, 0.100, -0.500, 0.091, -0.250, 0.098
39.460, 0.100, -0.500, 0.088, -0.249, 0.099
39.480, 0.100, -0.500, 0.086, -0.247, 0.100
39.500, 0.100, -0.500, 0.082, -0.244, 0.101
39.520, 0.100, -0.500, 0.079, -0.240, 0.102
39.540, 0.100, -0.500, 0.074, -0.236, 0.102
39.560, 0.100, -0.500, 0.069, -0.232, 0.102
39.580, 0.100, -0.500, 0.064, -0.227, 0.102
39.600, 0.100, -0.500, 0.058, -0.223, 0.104
39.620, 0.100, -0.500, 0.053, -0.219, 0.107
39.640, 0.100, -0.500, 0.048, -0.215, 0.111
39.660, 0.100, -0.500, 0.044, -0.213, 0.115
39.680, 0.100, -0.500, 0.041, -0.211, 0.117
39.700, 0.100, -0.500, 0.040, -0.210, 0.113
39.720, 0.100, -0.500, 0.041, -0.210, 0.105
39.740, 0.100, -0.500, 0.042, -0.210, 0.095
39.760, 0.100, -0.500, 0.043, -0.211, 0.086
39.780, 0.100, -0.500, 0.044, -0.212, 0.079
39.800, 0.100, -0.500, 0.045, -0.215, 0.074
39.820, 0.100, -0.500, 0.046, -0.217, 0.072
39.840, 0.100, -0.500, 0.048, -0.221, 0.073
39.860, 0.100, -0.500, 0.050, -0.224, 0.074
39.880, 0.100, -0.500, 0.054, -0.228, 0.076
39.900, 0.100, -0.500, 0.058, -0.231, 0.079
39.920, 0.100, -0.500, 0.063, -0.235, 0.081
39.940, 0.100, -0.500, 0.068, -0.238, 0.083
39.960, 0.100, -0.500, 0.073, -0.242, 0.085
39.980, 0.100, -0.500, 0.078, -0.246, 0.086
40.000, 0.100, -0.500, 0.082, -0.251, 0.087
40.020, 0.100, -0.500, 0.086, -0.255, 0.088
40.040, 0.100, -0.500, 0.090, -0.260, 0.088
40.060, 0.100, -0.500, 0.095, -0.264, 0.089
40.080, 0.100, -0.500, 0.099, -0.269, 0.089
40.100, 0.100, -0.500, 0.104, -0.273, 0.089
40.120, 0.100, -0.500, 0.110, -0.277, 0.088
40.140, 0.100, -0.500, 0.115, -0.281, 0.087
40.160, 0.100, -0.500, 0.122, -0.285, 0.085
40.180, 0.100, -0.500, 0.129, -0.288, 0.084
40.200, 0.100, -0.500, 0.137, -0.290, 0.084
40.220, 0.100, -0.500, 0.144, -0.292, 0.085
40.240, 0.100, -0.500, 0.151, -0.293, 0.086
40.260, 0.100, -0.500, 0.156, -0.294, 0.089
40.280, 0.100, -0.500, 0.159, -0.294, 0.092
40.300, 0.100, -0.500, 0.160, -0.293, 0.097
40.320, 0.100, -0.500, 0.160, -0.291, 0.103
40.340, 0.100, -0.500, 0.156, -0.288, 0.107
40.360, 0.100, -0.500, 0.150, -0.284, 0.107
40.380, 0.100, -0.500, 0.142, -0.280, 0.105
40.400, 0.100, -0.500, 0.135, -0.278, 0.102
40.420, 0.100, -0.500, 0.128, -0.278, 0.100
40.440, 0.100, -0.500, 0.123, -0.282, 0.099
40.460, 0.100, -0.500, 0.119, -0.287, 0.097
40.480, 0.100, -0.500, 0.119, -0.294, 0.097
40.500, 0.100, -0.500, 0.120, -0.301, 0.097
40.520, 0.100, -0.500, 0.123, -0.310, 0.098
40.540, 0.100, -0.500, 0.128, -0.319, 0.099
40.560, 0.100, -0.500, 0.133, -0.329, 0.099
40.580, 0.100, -0.500, 0.138, -0.338, 0.099
40.600, 0.100, -0.500, 0.143, -0.348, 0.098
40.620, 0.100, -0.500, 0.146, -0.356, 0.097
40.640, 0.100, -0.500, 0.149, -0.364, 0.095
40.660, 0.100, -0.500, 0.150, -0.371, 0.093
40.680, 0.100, -0.500, 0.150, -0.377, 0.092
40.700, 0.100, -0.500, 0.149, -0.381, 0.090
40.720, 0.100, -0.500, 0.146, -0.385, 0.089
40.740, 0.100, -0.500, 0.142, -0.387, 0.088
40.760, 0.100, -0.500, 0.137, -0.388, 0.088
40.780, 0.100, -0.500, 0.132, -0.389, 0.088
40.800, 0.100, -0.500, 0.125, -0.389, 0.088
40.820, 0.100, -0.500, 0.119, -0.388, 0.088
40.840, 0.100, -0.500, 0.111, -0.388, 0.087
40.860, 0.100, -0.500, 0.102, -0.387, 0.089
40.880, 0.100, -0.500, 0.094, -0.387, 0.090
40.900, 0.100, -0.500, 0.086, -0.388, 0.092
40.920, 0.100, -0.500, 0.080, -0.390, 0.094
40.940, 0.100, -0.500, 0.074, -0.391, 0.096
40.960, 0.100, -0.500, 0.070, -0.392, 0.099
40.980, 0.100, -0.500, 0.068, -0.393, 0.101
41.000, 0.100, -0.500, 0.068, -0.392, 0.100
41.020, 0.100, -0.500, 0.072, -0.389, 0.096
41.040, 0.100, -0.500, 0.078, -0.386, 0.089
41.060, 0.100, -0.500, 0.084, -0.383, 0.082
41.080, 0.100, -0.500, 0.090, -0.380, 0.076
41.100, 0.100, -0.500, 0.095, -0.379, 0.072
41.120, 0.100, -0.500, 0.099, -0.379, 0.070
41.140, 0.100, -0.500, 0.101, -0.380, 0.071
41.160, 0.100, -0.500, 0.103, -0.382, 0.072
41.180, 0.100, -0.500, 0.104, -0.384, 0.075
41.200, 0.100, -0.500, 0.105, -0.386, 0.078
41.220, 0.100, -0.500, 0.106, -0.388, 0.081
41.240, 0.100, -0.500, 0.107, -0.391, 0.083
41.260, 0.100, -0.500, 0.108, -0.393, 0.085
41.280, 0.100, -0.500, 0.109, -0.395, 0.087
41.300, 0.100, -0.500, 0.110, -0.397, 0.089
41.320, 0.100, -0.500, 0.111, -0.399, 0.091
41.340, 0.100, -0.500, 0.112, -0.401, 0.092
41.360, 0.100, -0.500, 0.114, -0.402, 0.094
41.380, 0.100, -0.500, 0.116, -0.403, 0.096
41.400, 0.100, -0.500, 0.118, -0.403, 0.097
41.420, 0.100, -0.500, 0.120, -0.403, 0.099
41.440, 0.100, -0.500, 0.122, -0.403, 0.100
41.460, 0.100, -0.500, 0.124, -0.403, 0.102
41.480, 0.100, -0.500, 0.127, -0.403, 0.103
41.500, 0.100, -0.500, 0.129, -0.402, 0.103
41.520, 0.100, -0.500, 0.132, -0.401, 0.103
41.540, 0.100, -0.500, 0.135, -0.400, 0.103
41.560, 0.100, -0.500, 0.137, -0.399, 0.103
41.580, 0.100, -0.500, 0.140, -0.397, 0.104
41.600, 0.100, -0.500, 0.143, -0.396, 0.105
41.620, 0.100, -0.500, 0.146, -0.394, 0.109
41.640, 0.100, -0.500, 0.149, -0.393, 0.114
41.660, 0.100, -0.500, 0.151, -0.393, 0.114
41.680, 0.100, -0.500, 0.152, -0.393, 0.109
41.700, 0.100, -0.500, 0.152, -0.394, 0.102
41.720, 0.100, -0.500, 0.152, -0.396, 0.094
41.740, 0.100, -0.500, 0.151, -0.400, 0.087
41.760, 0.100, -0.500, 0.150, -0.403, 0.081
41.780, 0.100, -0.500, 0.150, -0.408, 0.077
41.800, 0.100, -0.500, 0.149, -0.413, 0.074
41.820, 0.100, -0.500, 0.149, -0.419, 0.072
41.840, 0.100, -0.500, 0.148, -0.426, 0.070
41.860, 0.100, -0.500, 0.147, -0.432, 0.067
41.880, 0.100, -0.500, 0.146, -0.439, 0.065
41.900, 0.100, -0.500, 0.144, -0.446, 0.062
41.920, 0.100, -0.500, 0.142, -0.453, 0.059
41.940, 0.100, -0.500, 0.139, -0.460, 0.055
41.960, 0.100, -0.500, 0.135, -0.467, 0.052
41.980, 0.100, -0.500, 0.133, -0.474, 0.053
42.000, 0.100, -0.500, 0.130, -0.480, 0.057
42.020, 0.100, -0.500, 0.127, -0.484, 0.060
42.040, 0.100, -0.500, 0.124, -0.488, 0.062
42.060, 0.100, -0.500, 0.122, -0.491, 0.063
42.080, 0.100, -0.500, 0.121, -0.493, 0.064
42.100, 0.100, -0.500, 0.120, -0.495, 0.064
44.140, 0.200, -0.500, 0.000, 0.000, 0.175
44.160, 0.200, -0.500, -0.001, -0.000, 0.163
44.180, 0.200, -0.500, -0.001, 0.000, 0.151
44.200, 0.200, -0.500, -0.002, -0.001, 0.138
44.220, 0.200, -0.500, -0.003, -0.004, 0.128
44.240, 0.200, -0.500, -0.004, -0.008, 0.121
44.260, 0.200, -0.500, -0.003, -0.013, 0.116
44.280, 0.200, -0.500, -0.002, -0.018, 0.113
44.300, 0.200, -0.500, -0.001, -0.024, 0.113
44.320, 0.200, -0.500, 0.001, -0.030, 0.114
44.340, 0.200, -0.500, 0.001, -0.035, 0.117
44.360, 0.200, -0.500, 0.000, -0.039, 0.123
44.380, 0.200, -0.500, -0.001, -0.042, 0.127
44.400, 0.200, -0.500, -0.003, -0.043, 0.126
44.420, 0.200, -0.500, -0.003, -0.043, 0.121
44.440, 0.200, -0.500, -0.003, -0.044, 0.112
44.460, 0.200, -0.500, -0.002, -0.046, 0.104
44.480, 0.200, -0.500, 0.000, -0.049, 0.096
44.500, 0.200, -0.500, 0.003, -0.054, 0.091
44.520, 0.200, -0.500, 0.006, -0.060, 0.089
44.540, 0.200, -0.500, 0.008, -0.066, 0.089
44.560, 0.200, -0.500, 0.011, -0.072, 0.091
44.580, 0.200, -0.500, 0.014, -0.079, 0.093
44.600, 0.200, -0.500, 0.017, -0.086, 0.095
44.620, 0.200, -0.500, 0.021, -0.092, 0.097
44.640, 0.200, -0.500, 0.024, -0.099, 0.099
44.660, 0.200, -0.500, 0.028, -0.106, 0.100
44.680, 0.200, -0.500, 0.032, -0.112, 0.101
44.700, 0.200, -0.500, 0.036, -0.119, 0.101
44.720, 0.200, -0.500, 0.040, -0.125, 0.100
44.740, 0.200, -0.500, 0.045, -0.132, 0.099
44.760, 0.200, -0.500, 0.051, -0.139, 0.097
44.780, 0.200, -0.500, 0.057, -0.145, 0.095
44.800, 0.200, -0.500, 0.063, -0.151, 0.092
44.820, 0.200, -0.500, 0.069, -0.156, 0.088
44.840, 0.200, -0.500, 0.076, -0.161, 0.084
44.860, 0.200, -0.500, 0.083, -0.165, 0.079
44.880, 0.200, -0.500, 0.091, -0.169, 0.074
44.900, 0.200, -0.500, 0.099, -0.171, 0.072
44.920, 0.200, -0.500, 0.105, -0.172, 0.072
44.940, 0.200, -0.500, 0.110, -0.171, 0.073
44.960, 0.200, -0.500, 0.114, -0.168, 0.075
44.980, 0.200, -0.500, 0.115, -0.165, 0.079
45.000, 0.200, -0.500, 0.116, -0.160, 0.086
45.020, 0.200, -0.500, 0.115, -0.154, 0.095
45.040, 0.200, -0.500, 0.112, -0.148, 0.103
45.060, 0.200, -0.500, 0.107, -0.141, 0.107
45.080, 0.200, -0.500, 0.100, -0.135, 0.107
45.100, 0.200, -0.500, 0.093, -0.132, 0.104
45.120, 0.200, -0.500, 0.086, -0.133, 0.101
45.140, 0.200, -0.500, 0.082, -0.138, 0.099
45.160, 0.200, -0.500, 0.081, -0.146, 0.096
45.180, 0.200, -0.500, 0.082, -0.157, 0.095
45.200, 0.200, -0.500, 0.086, -0.169, 0.096
45.220, 0.200, -0.500, 0.092, -0.183, 0.097
45.240, 0.200, -0.500, 0.099, -0.198, 0.099
45.260, 0.200, -0.500, 0.108, -0.213, 0.100
45.280, 0.200, -0.500, 0.116, -0.228, 0.100
45.300, 0.200, -0.500, 0.123, -0.244, 0.099
45.320, 0.200, -0.500, 0.130, -0.258, 0.097
45.340, 0.200, -0.500, 0.135, -0.271, 0.094
45.360, 0.200, -0.500, 0.138, -0.281, 0.090
45.380, 0.200, -0.500, 0.139, -0.290, 0.086
45.400, 0.200, -0.500, 0.139, -0.296, 0.083
45.420, 0.200, -0.500, 0.136, -0.300, 0.080
45.440, 0.200, -0.500, 0.132, -0.302, 0.078
45.460, 0.200, -0.500, 0.126, -0.301, 0.077
45.480, 0.200, -0.500, 0.119, -0.300, 0.077
45.500, 0.200, -0.500, 0.111, -0.297, 0.077
45.520, 0.200, -0.500, 0.102, -0.294, 0.078
45.540, 0.200, -0.500, 0.091, -0.289, 0.078
45.560, 0.200, -0.500, 0.081, -0.286, 0.080
45.580, 0.200, -0.500, 0.072, -0.284, 0.082
45.600, 0.200, -0.500, 0.064, -0.283, 0.083
45.620, 0.200, -0.500, 0.057, -0.283, 0.084
45.640, 0.200, -0.500, 0.051, -0.283, 0.086
45.660, 0.200, -0.500, 0.046, -0.284, 0.088
45.680, 0.200, -0.500, 0.042, -0.285, 0.090
45.700, 0.200, -0.500, 0.040, -0.285, 0.091
45.720, 0.200, -0.500, 0.041, -0.284, 0.087
45.740, 0.200, -0.500, 0.045, -0.281, 0.080
45.760, 0.200, -0.500, 0.051, -0.278, 0.072
45.780, 0.200, -0.500, 0.054, -0.276, 0.065
45.800, 0.200, -0.500, 0.058, -0.278, 0.065
45.820, 0.200, -0.500, 0.064, -0.279, 0.067
45.840, 0.200, -0.500, 0.072, -0.280, 0.070
45.860, 0.200, -0.500, 0.079, -0.281, 0.074
45.880, 0.200, -0.500, 0.086, -0.281, 0.078
45.900, 0.200, -0.500, 0.091, -0.281, 0.082
45.920, 0.200, -0.500, 0.096, -0.282, 0.086
45.940, 0.200, -0.500, 0.101, -0.281, 0.090
45.960, 0.200, -0.500, 0.104, -0.281, 0.093
45.980, 0.200, -0.500, 0.108, -0.281, 0.096
46.000, 0.200, -0.500, 0.111, -0.281, 0.099
46.020, 0.200, -0.500, 0.113, -0.280, 0.102
46.040, 0.200, -0.500, 0.116, -0.280, 0.104
46.060, 0.200, -0.500, 0.119, -0.280, 0.106
46.080, 0.200, -0.500, 0.122, -0.279, 0.108
46.100, 0.200, -0.500, 0.125, -0.279, 0.110
46.120, 0.200, -0.500, 0.128, -0.278, 0.112
46.140, 0.200, -0.500, 0.131, -0.278, 0.113
46.160, 0.200, -0.500, 0.134, -0.277, 0.113
46.180, 0.200, -0.500, 0.137, -0.277, 0.113
46.200, 0.200, -0.500, 0.139, -0.277, 0.113
46.220, 0.200, -0.500, 0.142, -0.276, 0.112
46.240, 0.200, -0.500, 0.145, -0.276, 0.111
46.260, 0.200, -0.500, 0.147, -0.276, 0.110
46.280, 0.200, -0.500, 0.150, -0.277, 0.109
46.300, 0.200, -0.500, 0.152, -0.277, 0.108
46.320, 0.200, -0.500, 0.154, -0.277, 0.109
46.340, 0.200, -0.500, 0.156, -0.278, 0.113
46.360, 0.200, -0.500, 0.158, -0.279, 0.116
46.380, 0.200, -0.500, 0.158, -0.280, 0.113
46.400, 0.200, -0.500, 0.158, -0.283, 0.107
46.420, 0.200, -0.500, 0.158, -0.287, 0.099
46.440, 0.200, -0.500, 0.157, -0.293, 0.091
46.460, 0.200, -0.500, 0.158, -0.299, 0.083
46.480, 0.200, -0.500, 0.160, -0.307, 0.076
46.500, 0.200, -0.500, 0.162, -0.315, 0.070
46.520, 0.200, -0.500, 0.164, -0.323, 0.065
46.540, 0.200, -0.500, 0.167, -0.332, 0.061
46.560, 0.200, -0.500, 0.169, -0.341, 0.056
46.580, 0.200, -0.500, 0.170, -0.349, 0.051
46.600, 0.200, -0.500, 0.169, -0.356, 0.050
46.620, 0.200, -0.500, 0.167, -0.358, 0.055
46.640, 0.200, -0.500, 0.166, -0.362, 0.058
46.660, 0.200, -0.500, 0.164, -0.365, 0.060
46.680, 0.200, -0.500, 0.162, -0.368, 0.059
46.700, 0.200, -0.500, 0.160, -0.372, 0.058
46.720, 0.200, -0.500, 0.159, -0.374, 0.059
46.740, 0.200, -0.500, 0.158, -0.374, 0.061
46.760, 0.200, -0.500, 0.158, -0.373, 0.061
46.780, 0.200, -0.500, 0.159, -0.372, 0.061
46.800, 0.200, -0.500, 0.159, -0.371, 0.061
46.820, 0.200, -0.500, 0.160, -0.368, 0.061
46.840, 0.200, -0.500, 0.160, -0.366, 0.063
46.860, 0.200, -0.500, 0.160, -0.363, 0.065
46.880, 0.200, -0.500, 0.160, -0.360, 0.068
46.900, 0.200, -0.500, 0.160, -0.357, 0.071
46.920, 0.200, -0.500, 0.159, -0.354, 0.075
46.940, 0.200, -0.500, 0.158, -0.351, 0.079
46.960, 0.200, -0.500, 0.157, -0.348, 0.084
46.980, 0.200, -0.500, 0.156, -0.345, 0.089
47.000, 0.200, -0.500, 0.155, -0.341, 0.094
47.020, 0.200, -0.500, 0.157, -0.337, 0.096
47.040, 0.200, -0.500, 0.159, -0.331, 0.094
47.060, 0.200, -0.500, 0.163, -0.326, 0.090
47.080, 0.200, -0.500, 0.166, -0.323, 0.085
47.100, 0.200, -0.500, 0.168, -0.322, 0.081
47.120, 0.200, -0.500, 0.169, -0.324, 0.078
47.140, 0.200, -0.500, 0.170, -0.326, 0.078
47.160, 0.200, -0.500, 0.170, -0.329, 0.079
47.180, 0.200, -0.500, 0.170, -0.332, 0.082
47.200, 0.200, -0.500, 0.170, -0.336, 0.085
47.220, 0.200, -0.500, 0.170, -0.339, 0.089
47.240, 0.200, -0.500, 0.171, -0.342, 0.093
47.260, 0.200, -0.500, 0.171, -0.345, 0.096
47.280, 0.200, -0.500, 0.171, -0.348, 0.099
47.300, 0.200, -0.500, 0.171, -0.350, 0.102
47.320, 0.200, -0.500, 0.171, -0.352, 0.104
47.340, 0.200, -0.500, 0.171, -0.353, 0.106
47.360, 0.200, -0.500, 0.171, -0.354, 0.108
47.380, 0.200, -0.500, 0.170, -0.355, 0.110
47.400, 0.200, -0.500, 0.169, -0.356, 0.111
47.420, 0.200, -0.500, 0.167, -0.357, 0.112
47.440, 0.200, -0.500, 0.166, -0.357, 0.113
47.460, 0.200, -0.500, 0.164, -0.358, 0.114
47.480, 0.200, -0.500, 0.164, -0.358, 0.114
47.500, 0.200, -0.500, 0.163, -0.358, 0.114
47.520, 0.200, -0.500, 0.163, -0.359, 0.113
47.540, 0.200, -0.500, 0.163, -0.359, 0.112
47.560, 0.200, -0.500, 0.164, -0.359, 0.111
47.580, 0.200, -0.500, 0.166, -0.359, 0.110
47.600, 0.200, -0.500, 0.167, -0.359, 0.110
47.620, 0.200, -0.500, 0.169, -0.360, 0.110
47.640, 0.200, -0.500, 0.172, -0.361, 0.111
47.660, 0.200, -0.500, 0.175, -0.362, 0.109
47.680, 0.200, -0.500, 0.179, -0.362, 0.106
47.700, 0.200, -0.500, 0.185, -0.363, 0.101
47.720, 0.200, -0.500, 0.192, -0.364, 0.095
47.740, 0.200, -0.500, 0.199, -0.365, 0.088
47.760, 0.200, -0.500, 0.206, -0.367, 0.082
47.780, 0.200, -0.500, 0.211, -0.370, 0.077
47.800, 0.200, -0.500, 0.214, -0.374, 0.073
47.820, 0.200, -0.500, 0.216, -0.378, 0.071
47.840, 0.200, -0.500, 0.216, -0.384, 0.069
47.860, 0.200, -0.500, 0.215, -0.389, 0.067
47.880, 0.200, -0.500, 0.213, -0.394, 0.064
47.900, 0.200, -0.500, 0.210, -0.400, 0.061
47.920, 0.200, -0.500, 0.206, -0.405, 0.058
47.940, 0.200, -0.500, 0.203, -0.410, 0.054
47.960, 0.200, -0.500, 0.201, -0.415, 0.051
47.980, 0.200, -0.500, 0.199, -0.419, 0.053
48.000, 0.200, -0.500, 0.197, -0.421, 0.057
48.020, 0.200, -0.500, 0.194, -0.424, 0.059
48.040, 0.200, -0.500, 0.191, -0.427, 0.061
48.060, 0.200, -0.500, 0.188, -0.429, 0.061
48.080, 0.200, -0.500, 0.186, -0.431, 0.061
48.100, 0.200, -0.500, 0.185, -0.432, 0.062
48.120, 0.200, -0.500, 0.184, -0.432, 0.063
50.160, 0.300, -0.500, 0.000, 0.000, 0.175
50.180, 0.300, -0.500, -0.001, -0.000, 0.163
50.200, 0.300, -0.500, -0.001, -0.000, 0.151
50.220, 0.300, -0.500, -0.003, -0.002, 0.138
50.240, 0.300, -0.500, -0.003, -0.004, 0.128
50.260, 0.300, -0.500, -0.003, -0.008, 0.121
50.280, 0.300, -0.500, -0.001, -0.013, 0.116
50.300, 0.300, -0.500, 0.001, -0.019, 0.113
50.320, 0.300, -0.500, 0.004, -0.025, 0.112
50.340, 0.300, -0.500, 0.007, -0.031, 0.114
50.360, 0.300, -0.500, 0.008, -0.036, 0.118
50.380, 0.300, -0.500, 0.008, -0.040, 0.124
50.400, 0.300, -0.500, 0.007, -0.043, 0.128
50.420, 0.300, -0.500, 0.006, -0.043, 0.127
50.440, 0.300, -0.500, 0.005, -0.043, 0.122
50.460, 0.300, -0.500, 0.004, -0.043, 0.113
50.480, 0.300, -0.500, 0.005, -0.044, 0.105
50.500, 0.300, -0.500, 0.006, -0.047, 0.097
50.520, 0.300, -0.500, 0.009, -0.052, 0.092
50.540, 0.300, -0.500, 0.012, -0.057, 0.090
50.560, 0.300, -0.500, 0.016, -0.063, 0.091
50.580, 0.300, -0.500, 0.020, -0.069, 0.093
50.600, 0.300, -0.500, 0.025, -0.075, 0.095
50.620, 0.300, -0.500, 0.030, -0.081, 0.099
50.640, 0.300, -0.500, 0.035, -0.087, 0.102
50.660, 0.300, -0.500, 0.041, -0.093, 0.104
50.680, 0.300, -0.500, 0.047, -0.099, 0.106
50.700, 0.300, -0.500, 0.053, -0.105, 0.107
50.720, 0.300, -0.500, 0.059, -0.111, 0.107
50.740, 0.300, -0.500, 0.066, -0.117, 0.106
50.760, 0.300, -0.500, 0.072, -0.122, 0.104
50.780, 0.300, -0.500, 0.078, -0.128, 0.102
50.800, 0.300, -0.500, 0.084, -0.133, 0.100
50.820, 0.300, -0.500, 0.090, -0.138, 0.097
50.840, 0.300, -0.500, 0.096, -0.142, 0.094
50.860, 0.300, -0.500, 0.102, -0.146, 0.089
50.880, 0.300, -0.500, 0.108, -0.151, 0.084
50.900, 0.300, -0.500, 0.115, -0.154, 0.079
50.920, 0.300, -0.500, 0.122, -0.157, 0.077
50.940, 0.300, -0.500, 0.128, -0.158, 0.076
50.960, 0.300, -0.500, 0.132, -0.157, 0.077
50.980, 0.300, -0.500, 0.135, -0.155, 0.080
51.000, 0.300, -0.500, 0.136, -0.152, 0.085
51.020, 0.300, -0.500, 0.135, -0.148, 0.092
51.040, 0.300, -0.500, 0.133, -0.143, 0.101
51.060, 0.300, -0.500, 0.129, -0.137, 0.109
51.080, 0.300, -0.500, 0.124, -0.131, 0.113
51.100, 0.300, -0.500, 0.118, -0.126, 0.112
51.120, 0.300, -0.500, 0.111, -0.124, 0.109
51.140, 0.300, -0.500, 0.107, -0.127, 0.105
51.160, 0.300, -0.500, 0.105, -0.134, 0.101
51.180, 0.300, -0.500, 0.107, -0.144, 0.098
51.200, 0.300, -0.500, 0.112, -0.157, 0.097
51.220, 0.300, -0.500, 0.121, -0.171, 0.097
51.240, 0.300, -0.500, 0.131, -0.188, 0.098
51.260, 0.300, -0.500, 0.144, -0.205, 0.098
51.280, 0.300, -0.500, 0.157, -0.224, 0.098
51.300, 0.300, -0.500, 0.171, -0.243, 0.097
51.320, 0.300, -0.500, 0.183, -0.261, 0.094
51.340, 0.300, -0.500, 0.193, -0.279, 0.090
51.360, 0.300, -0.500, 0.201, -0.293, 0.086
51.380, 0.300, -0.500, 0.206, -0.306, 0.082
51.400, 0.300, -0.500, 0.207, -0.315, 0.079
51.420, 0.300, -0.500, 0.205, -0.320, 0.076
51.440, 0.300, -0.500, 0.200, -0.323, 0.073
51.460, 0.300, -0.500, 0.192, -0.323, 0.072
51.480, 0.300, -0.500, 0.182, -0.322, 0.071
51.500, 0.300, -0.500, 0.171, -0.319, 0.071
51.520, 0.300, -0.500, 0.159, -0.316, 0.071
51.540, 0.300, -0.500, 0.145, -0.312, 0.070
51.560, 0.300, -0.500, 0.134, -0.310, 0.071
51.580, 0.300, -0.500, 0.124, -0.308, 0.071
51.600, 0.300, -0.500, 0.115, -0.308, 0.072
51.620, 0.300, -0.500, 0.108, -0.308, 0.073
51.640, 0.300, -0.500, 0.101, -0.308, 0.073
51.660, 0.300, -0.500, 0.095, -0.308, 0.074
51.680, 0.300, -0.500, 0.089, -0.307, 0.075
51.700, 0.300, -0.500, 0.083, -0.305, 0.077
51.720, 0.300, -0.500, 0.080, -0.301, 0.077
51.740, 0.300, -0.500, 0.082, -0.298, 0.076
51.760, 0.300, -0.500, 0.085, -0.296, 0.075
51.780, 0.300, -0.500, 0.089, -0.295, 0.073
51.800, 0.300, -0.500, 0.097, -0.293, 0.073
51.820, 0.300, -0.500, 0.105, -0.291, 0.072
51.840, 0.300, -0.500, 0.114, -0.290, 0.073
51.860, 0.300, -0.500, 0.122, -0.289, 0.075
51.880, 0.300, -0.500, 0.130, -0.288, 0.078
51.900, 0.300, -0.500, 0.136, -0.287, 0.082
51.920, 0.300, -0.500, 0.142, -0.287, 0.086
51.940, 0.300, -0.500, 0.147, -0.285, 0.091
51.960, 0.300, -0.500, 0.153, -0.284, 0.096
51.980, 0.300, -0.500, 0.158, -0.281, 0.100
52.000, 0.300, -0.500, 0.163, -0.279, 0.104
52.020, 0.300, -0.500, 0.167, -0.277, 0.108
52.040, 0.300, -0.500, 0.171, -0.274, 0.111
52.060, 0.300, -0.500, 0.174, -0.272, 0.113
52.080, 0.300, -0.500, 0.177, -0.271, 0.115
52.100, 0.300, -0.500, 0.180, -0.270, 0.117
52.120, 0.300, -0.500, 0.183, -0.269, 0.118
52.140, 0.300, -0.500, 0.185, -0.268, 0.118
52.160, 0.300, -0.500, 0.188, -0.267, 0.118
52.180, 0.300, -0.500, 0.191, -0.267, 0.118
52.200, 0.300, -0.500, 0.193, -0.267, 0.117
52.220, 0.300, -0.500, 0.195, -0.267, 0.116
52.240, 0.300, -0.500, 0.198, -0.267, 0.115
52.260, 0.300, -0.500, 0.200, -0.268, 0.113
52.280, 0.300, -0.500, 0.202, -0.268, 0.112
52.300, 0.300, -0.500, 0.204, -0.269, 0.110
52.320, 0.300, -0.500, 0.206, -0.271, 0.108
52.340, 0.300, -0.500, 0.207, -0.273, 0.109
52.360, 0.300, -0.500, 0.209, -0.274, 0.113
52.380, 0.300, -0.500, 0.211, -0.277, 0.115
52.400, 0.300, -0.500, 0.212, -0.280, 0.113
52.420, 0.300, -0.500, 0.212, -0.285, 0.106
52.440, 0.300, -0.500, 0.213, -0.290, 0.097
52.460, 0.300, -0.500, 0.214, -0.296, 0.088
52.480, 0.300, -0.500, 0.217, -0.304, 0.079
52.500, 0.300, -0.500, 0.222, -0.312, 0.071
52.520, 0.300, -0.500, 0.228, -0.321, 0.062
52.540, 0.300, -0.500, 0.237, -0.330, 0.055
52.560, 0.300, -0.500, 0.244, -0.339, 0.049
52.580, 0.300, -0.500, 0.244, -0.347, 0.047
52.600, 0.300, -0.500, 0.243, -0.352, 0.051
52.620, 0.300, -0.500, 0.242, -0.355, 0.055
52.640, 0.300, -0.500, 0.242, -0.359, 0.058
52.660, 0.300, -0.500, 0.243, -0.362, 0.060
52.680, 0.300, -0.500, 0.244, -0.364, 0.060
52.700, 0.300, -0.500, 0.245, -0.366, 0.059
52.720, 0.300, -0.500, 0.244, -0.368, 0.060
52.740, 0.300, -0.500, 0.244, -0.368, 0.061
52.760, 0.300, -0.500, 0.245, -0.367, 0.062
52.780, 0.300, -0.500, 0.247, -0.365, 0.063
52.800, 0.300, -0.500, 0.248, -0.363, 0.064
52.820, 0.300, -0.500, 0.250, -0.360, 0.065
52.840, 0.300, -0.500, 0.251, -0.356, 0.066
52.860, 0.300, -0.500, 0.252, -0.352, 0.068
52.880, 0.300, -0.500, 0.253, -0.348, 0.072
52.900, 0.300, -0.500, 0.254, -0.344, 0.076
52.920, 0.300, -0.500, 0.254, -0.340, 0.081
52.940, 0.300, -0.500, 0.254, -0.337, 0.086
52.960, 0.300, -0.500, 0.254, -0.333, 0.090
52.980, 0.300, -0.500, 0.254, -0.329, 0.095
53.000, 0.300, -0.500, 0.254, -0.326, 0.101
53.020, 0.300, -0.500, 0.254, -0.322, 0.106
53.040, 0.300, -0.500, 0.254, -0.317, 0.106
53.060, 0.300, -0.500, 0.255, -0.312, 0.103
53.080, 0.300, -0.500, 0.256, -0.308, 0.097
53.100, 0.300, -0.500, 0.257, -0.307, 0.091
53.120, 0.300, -0.500, 0.259, -0.307, 0.087
53.140, 0.300, -0.500, 0.261, -0.310, 0.084
53.160, 0.300, -0.500, 0.263, -0.313, 0.084
53.180, 0.300, -0.500, 0.264, -0.317, 0.086
53.200, 0.300, -0.500, 0.265, -0.321, 0.089
53.220, 0.300, -0.500, 0.267, -0.325, 0.093
53.240, 0.300, -0.500, 0.268, -0.329, 0.098
53.260, 0.300, -0.500, 0.270, -0.333, 0.102
53.280, 0.300, -0.500, 0.273, -0.336, 0.107
53.300, 0.300, -0.500, 0.275, -0.339, 0.110
53.320, 0.300, -0.500, 0.278, -0.341, 0.114
53.340, 0.300, -0.500, 0.281, -0.343, 0.117
53.360, 0.300, -0.500, 0.283, -0.345, 0.119
53.380, 0.300, -0.500, 0.284, -0.346, 0.121
53.400, 0.300, -0.500, 0.285, -0.347, 0.123
53.420, 0.300, -0.500, 0.285, -0.348, 0.124
53.440, 0.300, -0.500, 0.284, -0.349, 0.125
53.460, 0.300, -0.500, 0.283, -0.350, 0.126
53.480, 0.300, -0.500, 0.282, -0.350, 0.126
53.500, 0.300, -0.500, 0.281, -0.350, 0.126
53.520, 0.300, -0.500, 0.280, -0.350, 0.125
53.540, 0.300, -0.500, 0.280, -0.350, 0.124
53.560, 0.300, -0.500, 0.280, -0.350, 0.123
53.580, 0.300, -0.500, 0.281, -0.349, 0.122
53.600, 0.300, -0.500, 0.282, -0.348, 0.121
53.620, 0.300, -0.500, 0.284, -0.348, 0.120
53.640, 0.300, -0.500, 0.286, -0.348, 0.119
53.660, 0.300, -0.500, 0.288, -0.348, 0.119
53.680, 0.300, -0.500, 0.291, -0.348, 0.117
53.700, 0.300, -0.500, 0.295, -0.348, 0.115
53.720, 0.300, -0.500, 0.300, -0.349, 0.110
53.740, 0.300, -0.500, 0.305, -0.350, 0.103
53.760, 0.300, -0.500, 0.309, -0.353, 0.096
53.780, 0.300, -0.500, 0.314, -0.356, 0.089
53.800, 0.300, -0.500, 0.318, -0.360, 0.084
53.820, 0.300, -0.500, 0.322, -0.365, 0.080
53.840, 0.300, -0.500, 0.325, -0.371, 0.077
53.860, 0.300, -0.500, 0.328, -0.377, 0.074
53.880, 0.300, -0.500, 0.330, -0.384, 0.071
53.900, 0.300, -0.500, 0.332, -0.390, 0.067
53.920, 0.300, -0.500, 0.333, -0.396, 0.063
53.940, 0.300, -0.500, 0.334, -0.401, 0.058
53.960, 0.300, -0.500, 0.333, -0.406, 0.053
53.980, 0.300, -0.500, 0.333, -0.409, 0.049
54.000, 0.300, -0.500, 0.332, -0.412, 0.049
54.020, 0.300, -0.500, 0.331, -0.413, 0.053
54.040, 0.300, -0.500, 0.329, -0.414, 0.057
54.060, 0.300, -0.500, 0.326, -0.415, 0.059
54.080, 0.300, -0.500, 0.323, -0.416, 0.061
54.100, 0.300, -0.500, 0.319, -0.417, 0.061
54.120, 0.300, -0.500, 0.316, -0.418, 0.060
54.140, 0.300, -0.500, 0.313, -0.419, 0.061
56.180, 0.400, -0.500, 0.000, 0.000, 0.175
56.200, 0.400, -0.500, -0.001, -0.000, 0.163
56.220, 0.400, -0.500, -0.001, -0.000, 0.151
56.240, 0.400, -0.500, -0.003, -0.002, 0.138
56.260, 0.400, -0.500, -0.003, -0.005, 0.128
56.280, 0.400, -0.500, -0.002, -0.009, 0.121
56.300, 0.400, -0.500, 0.001, -0.014, 0.116
56.320, 0.400, -0.500, 0.005, -0.020, 0.113
56.340, 0.400, -0.500, 0.009, -0.027, 0.112
56.360, 0.400, -0.500, 0.013, -0.032, 0.114
56.380, 0.400, -0.500, 0.015, -0.037, 0.119
56.400, 0.400, -0.500, 0.016, -0.041, 0.125
56.420, 0.400, -0.500, 0.016, -0.044, 0.129
56.440, 0.400, -0.500, 0.014, -0.044, 0.128
56.460, 0.400, -0.500, 0.013, -0.043, 0.123
56.480, 0.400, -0.500, 0.012, -0.042, 0.114
56.500, 0.400, -0.500, 0.012, -0.043, 0.105
56.520, 0.400, -0.500, 0.013, -0.045, 0.097
56.540, 0.400, -0.500, 0.016, -0.049, 0.093
56.560, 0.400, -0.500, 0.020, -0.053, 0.091
56.580, 0.400, -0.500, 0.025, -0.058, 0.092
56.600, 0.400, -0.500, 0.031, -0.063, 0.094
56.620, 0.400, -0.500, 0.037, -0.069, 0.098
56.640, 0.400, -0.500, 0.043, -0.074, 0.101
56.660, 0.400, -0.500, 0.051, -0.080, 0.105
56.680, 0.400, -0.500, 0.058, -0.085, 0.109
56.700, 0.400, -0.500, 0.065, -0.092, 0.111
56.720, 0.400, -0.500, 0.071, -0.098, 0.113
56.740, 0.400, -0.500, 0.078, -0.105, 0.113
56.760, 0.400, -0.500, 0.085, -0.112, 0.113
56.780, 0.400, -0.500, 0.091, -0.119, 0.112
56.800, 0.400, -0.500, 0.098, -0.125, 0.109
56.820, 0.400, -0.500, 0.104, -0.131, 0.107
56.840, 0.400, -0.500, 0.110, -0.137, 0.103
56.860, 0.400, -0.500, 0.117, -0.142, 0.099
56.880, 0.400, -0.500, 0.122, -0.146, 0.094
56.900, 0.400, -0.500, 0.129, -0.150, 0.088
56.920, 0.400, -0.500, 0.135, -0.154, 0.081
56.940, 0.400, -0.500, 0.140, -0.156, 0.077
56.960, 0.400, -0.500, 0.145, -0.156, 0.076
56.980, 0.400, -0.500, 0.149, -0.154, 0.078
57.000, 0.400, -0.500, 0.152, -0.151, 0.082
57.020, 0.400, -0.500, 0.153, -0.146, 0.088
57.040, 0.400, -0.500, 0.153, -0.141, 0.095
57.060, 0.400, -0.500, 0.152, -0.135, 0.104
57.080, 0.400, -0.500, 0.149, -0.129, 0.112
57.100, 0.400, -0.500, 0.145, -0.122, 0.115
57.120, 0.400, -0.500, 0.140, -0.117, 0.113
57.140, 0.400, -0.500, 0.136, -0.116, 0.109
57.160, 0.400, -0.500, 0.134, -0.119, 0.104
57.180, 0.400, -0.500, 0.135, -0.127, 0.099
57.200, 0.400, -0.500, 0.141, -0.137, 0.096
57.220, 0.400, -0.500, 0.151, -0.150, 0.094
57.240, 0.400, -0.500, 0.164, -0.165, 0.094
57.260, 0.400, -0.500, 0.180, -0.181, 0.095
57.280, 0.400, -0.500, 0.198, -0.199, 0.095
57.300, 0.400, -0.500, 0.217, -0.218, 0.095
57.320, 0.400, -0.500, 0.236, -0.237, 0.094
57.340, 0.400, -0.500, 0.254, -0.256, 0.091
57.360, 0.400, -0.500, 0.270, -0.273, 0.087
57.380, 0.400, -0.500, 0.283, -0.289, 0.080
57.400, 0.400, -0.500, 0.292, -0.302, 0.073
57.420, 0.400, -0.500, 0.297, -0.311, 0.066
57.440, 0.400, -0.500, 0.298, -0.316, 0.062
57.460, 0.400, -0.500, 0.295, -0.317, 0.061
57.480, 0.400, -0.500, 0.288, -0.316, 0.062
57.500, 0.400, -0.500, 0.278, -0.312, 0.064
57.520, 0.400, -0.500, 0.267, -0.308, 0.066
57.540, 0.400, -0.500, 0.255, -0.304, 0.069
57.560, 0.400, -0.500, 0.244, -0.300, 0.071
57.580, 0.400, -0.500, 0.234, -0.298, 0.074
57.600, 0.400, -0.500, 0.225, -0.295, 0.077
57.620, 0.400, -0.500, 0.218, -0.292, 0.080
57.640, 0.400, -0.500, 0.212, -0.290, 0.084
57.660, 0.400, -0.500, 0.206, -0.287, 0.088
57.680, 0.400, -0.500, 0.202, -0.285, 0.091
57.700, 0.400, -0.500, 0.199, -0.282, 0.095
57.720, 0.400, -0.500, 0.197, -0.279, 0.099
57.740, 0.400, -0.500, 0.196, -0.274, 0.101
57.760, 0.400, -0.500, 0.197, -0.269, 0.097
57.780, 0.400, -0.500, 0.200, -0.263, 0.089
57.800, 0.400, -0.500, 0.202, -0.257, 0.079
57.820, 0.400, -0.500, 0.204, -0.253, 0.069
57.840, 0.400, -0.500, 0.205, -0.250, 0.062
57.860, 0.400, -0.500, 0.206, -0.251, 0.064
57.880, 0.400, -0.500, 0.209, -0.252, 0.068
57.900, 0.400, -0.500, 0.215, -0.252, 0.073
57.920, 0.400, -0.500, 0.222, -0.252, 0.078
57.940, 0.400, -0.500, 0.230, -0.251, 0.085
57.960, 0.400, -0.500, 0.238, -0.250, 0.091
57.980, 0.400, -0.500, 0.246, -0.250, 0.098
58.000, 0.400, -0.500, 0.253, -0.249, 0.104
58.020, 0.400, -0.500, 0.261, -0.249, 0.110
58.040, 0.400, -0.500, 0.268, -0.248, 0.116
58.060, 0.400, -0.500, 0.274, -0.249, 0.121
58.080, 0.400, -0.500, 0.280, -0.250, 0.125
58.100, 0.400, -0.500, 0.286, -0.251, 0.128
58.120, 0.400, -0.500, 0.291, -0.253, 0.131
58.140, 0.400, -0.500, 0.296, -0.255, 0.133
58.160, 0.400, -0.500, 0.300, -0.257, 0.135
58.180, 0.400, -0.500, 0.303, -0.258, 0.135
58.200, 0.400, -0.500, 0.306, -0.260, 0.135
58.220, 0.400, -0.500, 0.309, -0.261, 0.134
58.240, 0.400, -0.500, 0.311, -0.263, 0.132
58.260, 0.400, -0.500, 0.313, -0.263, 0.131
58.280, 0.400, -0.500, 0.314, -0.264, 0.128
58.300, 0.400, -0.500, 0.315, -0.265, 0.126
58.320, 0.400, -0.500, 0.317, -0.266, 0.124
58.340, 0.400, -0.500, 0.317, -0.267, 0.122
58.360, 0.400, -0.500, 0.318, -0.268, 0.120
58.380, 0.400, -0.500, 0.318, -0.270, 0.119
58.400, 0.400, -0.500, 0.318, -0.271, 0.119
58.420, 0.400, -0.500, 0.319, -0.273, 0.117
58.440, 0.400, -0.500, 0.320, -0.275, 0.110
58.460, 0.400, -0.500, 0.321, -0.279, 0.102
58.480, 0.400, -0.500, 0.324, -0.283, 0.093
58.500, 0.400, -0.500, 0.328, -0.289, 0.086
58.520, 0.400, -0.500, 0.335, -0.296, 0.078
58.540, 0.400, -0.500, 0.343, -0.303, 0.072
58.560, 0.400, -0.500, 0.352, -0.312, 0.066
58.580, 0.400, -0.500, 0.362, -0.321, 0.060
58.600, 0.400, -0.500, 0.372, -0.330, 0.054
58.620, 0.400, -0.500, 0.380, -0.337, 0.049
58.640, 0.400, -0.500, 0.381, -0.343, 0.047
58.660, 0.400, -0.500, 0.379, -0.345, 0.050
58.680, 0.400, -0.500, 0.378, -0.346, 0.054
58.700, 0.400, -0.500, 0.377, -0.347, 0.057
58.720, 0.400, -0.500, 0.374, -0.348, 0.058
58.740, 0.400, -0.500, 0.372, -0.349, 0.058
58.760, 0.400, -0.500, 0.371, -0.350, 0.057
58.780, 0.400, -0.500, 0.370, -0.351, 0.056
58.800, 0.400, -0.500, 0.370, -0.352, 0.056
58.820, 0.400, -0.500, 0.370, -0.352, 0.057
58.840, 0.400, -0.500, 0.370, -0.351, 0.059
58.860, 0.400, -0.500, 0.369, -0.350, 0.062
58.880, 0.400, -0.500, 0.369, -0.349, 0.065
58.900, 0.400, -0.500, 0.369, -0.347, 0.068
58.920, 0.400, -0.500, 0.368, -0.345, 0.071
58.940, 0.400, -0.500, 0.367, -0.342, 0.073
58.960, 0.400, -0.500, 0.366, -0.340, 0.077
58.980, 0.400, -0.500, 0.366, -0.337, 0.081
59.000, 0.400, -0.500, 0.365, -0.334, 0.085
59.020, 0.400, -0.500, 0.364, -0.331, 0.091
59.040, 0.400, -0.500, 0.363, -0.327, 0.096
59.060, 0.400, -0.500, 0.362, -0.321, 0.097
59.080, 0.400, -0.500, 0.363, -0.315, 0.094
59.100, 0.400, -0.500, 0.365, -0.309, 0.089
59.120, 0.400, -0.500, 0.367, -0.305, 0.083
59.140, 0.400, -0.500, 0.370, -0.303, 0.078
59.160, 0.400, -0.500, 0.372, -0.303, 0.075
59.180, 0.400, -0.500, 0.374, -0.303, 0.075
59.200, 0.400, -0.500, 0.377, -0.304, 0.076
59.220, 0.400, -0.500, 0.379, -0.305, 0.080
59.240, 0.400, -0.500, 0.382, -0.306, 0.085
59.260, 0.400, -0.500, 0.385, -0.307, 0.091
59.280, 0.400, -0.500, 0.388, -0.307, 0.097
59.300, 0.400, -0.500, 0.392, -0.306, 0.103
59.320, 0.400, -0.500, 0.396, -0.305, 0.108
59.340, 0.400, -0.500, 0.401, -0.304, 0.113
59.360, 0.400, -0.500, 0.406, -0.303, 0.118
59.380, 0.400, -0.500, 0.410, -0.301, 0.122
59.400, 0.400, -0.500, 0.414, -0.300, 0.125
59.420, 0.400, -0.500, 0.418, -0.299, 0.128
59.440, 0.400, -0.500, 0.420, -0.299, 0.130
59.460, 0.400, -0.500, 0.421, -0.299, 0.132
59.480, 0.400, -0.500, 0.422, -0.300, 0.132
59.500, 0.400, -0.500, 0.422, -0.301, 0.133
59.520, 0.400, -0.500, 0.422, -0.301, 0.132
59.540, 0.400, -0.500, 0.422, -0.302, 0.132
59.560, 0.400, -0.500, 0.423, -0.303, 0.130
59.580, 0.400, -0.500, 0.424, -0.304, 0.129
59.600, 0.400, -0.500, 0.425, -0.304, 0.127
59.620, 0.400, -0.500, 0.427, -0.305, 0.125
59.640, 0.400, -0.500, 0.428, -0.306, 0.124
59.660, 0.400, -0.500, 0.430, -0.307, 0.123
59.680, 0.400, -0.500, 0.432, -0.309, 0.122
59.700, 0.400, -0.500, 0.434, -0.311, 0.119
59.720, 0.400, -0.500, 0.436, -0.314, 0.112
59.740, 0.400, -0.500, 0.439, -0.317, 0.106
59.760, 0.400, -0.500, 0.442, -0.321, 0.098
59.780, 0.400, -0.500, 0.446, -0.324, 0.090
59.800, 0.400, -0.500, 0.451, -0.329, 0.083
59.820, 0.400, -0.500, 0.455, -0.334, 0.076
59.840, 0.400, -0.500, 0.459, -0.341, 0.070
59.860, 0.400, -0.500, 0.462, -0.347, 0.064
59.880, 0.400, -0.500, 0.466, -0.354, 0.058
59.900, 0.400, -0.500, 0.469, -0.361, 0.051
59.920, 0.400, -0.500, 0.471, -0.366, 0.046
59.940, 0.400, -0.500, 0.470, -0.368, 0.049
59.960, 0.400, -0.500, 0.469, -0.368, 0.053
59.980, 0.400, -0.500, 0.469, -0.368, 0.057
60.000, 0.400, -0.500, 0.469, -0.368, 0.058
60.020, 0.400, -0.500, 0.469, -0.368, 0.058
60.040, 0.400, -0.500, 0.469, -0.368, 0.057
60.060, 0.400, -0.500, 0.470, -0.369, 0.055
60.080, 0.400, -0.500, 0.470, -0.370, 0.055
60.100, 0.400, -0.500, 0.469, -0.370, 0.056
60.120, 0.400, -0.500, 0.470, -0.370, 0.057
60.140, 0.400, -0.500, 0.472, -0.368, 0.059
60.160, 0.400, -0.500, 0.473, -0.367, 0.062
62.200, 0.500, -0.500, 0.000, 0.000, 0.175
62.220, 0.500, -0.500, -0.001, -0.000, 0.163
62.240, 0.500, -0.500, -0.001, -0.001, 0.151
62.260, 0.500, -0.500, -0.003, -0.002, 0.138
62.280, 0.500, -0.500, -0.002, -0.005, 0.128
62.300, 0.500, -0.500, -0.001, -0.009, 0.121
62.320, 0.500, -0.500, 0.003, -0.015, 0.116
62.340, 0.500, -0.500, 0.008, -0.021, 0.113
62.360, 0.500, -0.500, 0.014, -0.028, 0.111
62.380, 0.500, -0.500, 0.019, -0.034, 0.114
62.400, 0.500, -0.500, 0.023, -0.039, 0.119
62.420, 0.500, -0.500, 0.024, -0.043, 0.125
62.440, 0.500, -0.500, 0.024, -0.045, 0.129
62.460, 0.500, -0.500, 0.023, -0.044, 0.129
62.480, 0.500, -0.500, 0.021, -0.043, 0.124
62.500, 0.500, -0.500, 0.019, -0.042, 0.116
62.520, 0.500, -0.500, 0.019, -0.042, 0.106
62.540, 0.500, -0.500, 0.021, -0.043, 0.098
62.560, 0.500, -0.500, 0.024, -0.046, 0.093
62.580, 0.500, -0.500, 0.029, -0.049, 0.091
62.600, 0.500, -0.500, 0.034, -0.053, 0.092
62.620, 0.500, -0.500, 0.041, -0.057, 0.095
62.640, 0.500, -0.500, 0.049, -0.062, 0.100
62.660, 0.500, -0.500, 0.057, -0.066, 0.104
62.680, 0.500, -0.500, 0.066, -0.071, 0.109
62.700, 0.500, -0.500, 0.075, -0.076, 0.113
62.720, 0.500, -0.500, 0.084, -0.082, 0.116
62.740, 0.500, -0.500, 0.093, -0.088, 0.118
62.760, 0.500, -0.500, 0.102, -0.094, 0.118
62.780, 0.500, -0.500, 0.110, -0.100, 0.118
62.800, 0.500, -0.500, 0.118, -0.107, 0.117
62.820, 0.500, -0.500, 0.125, -0.112, 0.115
62.840, 0.500, -0.500, 0.132, -0.118, 0.112
62.860, 0.500, -0.500, 0.139, -0.123, 0.109
62.880, 0.500, -0.500, 0.145, -0.127, 0.105
62.900, 0.500, -0.500, 0.150, -0.130, 0.100
62.920, 0.500, -0.500, 0.156, -0.134, 0.094
62.940, 0.500, -0.500, 0.161, -0.137, 0.087
62.960, 0.500, -0.500, 0.166, -0.138, 0.082
62.980, 0.500, -0.500, 0.171, -0.138, 0.081
63.000, 0.500, -0.500, 0.175, -0.136, 0.083
63.020, 0.500, -0.500, 0.177, -0.133, 0.087
63.040, 0.500, -0.500, 0.179, -0.129, 0.093
63.060, 0.500, -0.500, 0.179, -0.124, 0.100
63.080, 0.500, -0.500, 0.178, -0.118, 0.109
63.100, 0.500, -0.500, 0.175, -0.112, 0.116
63.120, 0.500, -0.500, 0.171, -0.107, 0.118
63.140, 0.500, -0.500, 0.167, -0.103, 0.116
63.160, 0.500, -0.500, 0.164, -0.103, 0.112
63.180, 0.500, -0.500, 0.162, -0.106, 0.107
63.200, 0.500, -0.500, 0.165, -0.113, 0.103
63.220, 0.500, -0.500, 0.174, -0.124, 0.099
63.240, 0.500, -0.500, 0.189, -0.137, 0.098
63.260, 0.500, -0.500, 0.207, -0.151, 0.100
63.280, 0.500, -0.500, 0.226, -0.166, 0.104
63.300, 0.500, -0.500, 0.245, -0.183, 0.108
63.320, 0.500, -0.500, 0.264, -0.201, 0.110
63.340, 0.500, -0.500, 0.282, -0.220, 0.110
63.360, 0.500, -0.500, 0.300, -0.239, 0.108
63.380, 0.500, -0.500, 0.315, -0.258, 0.104
63.400, 0.500, -0.500, 0.329, -0.275, 0.097
63.420, 0.500, -0.500, 0.339, -0.290, 0.090
63.440, 0.500, -0.500, 0.347, -0.302, 0.081
63.460, 0.500, -0.500, 0.351, -0.310, 0.072
63.480, 0.500, -0.500, 0.353, -0.313, 0.064
63.500, 0.500, -0.500, 0.352, -0.312, 0.062
63.520, 0.500, -0.500, 0.347, -0.309, 0.065
63.540, 0.500, -0.500, 0.340, -0.305, 0.069
63.560, 0.500, -0.500, 0.331, -0.301, 0.073
63.580, 0.500, -0.500, 0.321, -0.297, 0.077
63.600, 0.500, -0.500, 0.313, -0.293, 0.081
63.620, 0.500, -0.500, 0.304, -0.290, 0.085
63.640, 0.500, -0.500, 0.297, -0.286, 0.090
63.660, 0.500, -0.500, 0.290, -0.281, 0.094
63.680, 0.500, -0.500, 0.284, -0.277, 0.098
63.700, 0.500, -0.500, 0.279, -0.271, 0.103
63.720, 0.500, -0.500, 0.276, -0.266, 0.107
63.740, 0.500, -0.500, 0.273, -0.260, 0.111
63.760, 0.500, -0.500, 0.271, -0.252, 0.112
63.780, 0.500, -0.500, 0.270, -0.244, 0.108
63.800, 0.500, -0.500, 0.269, -0.236, 0.099
63.820, 0.500, -0.500, 0.269, -0.229, 0.088
63.840, 0.500, -0.500, 0.269, -0.223, 0.078
63.860, 0.500, -0.500, 0.269, -0.220, 0.070
63.880, 0.500, -0.500, 0.270, -0.219, 0.065
63.900, 0.500, -0.500, 0.272, -0.219, 0.064
63.920, 0.500, -0.500, 0.275, -0.220, 0.066
63.940, 0.500, -0.500, 0.280, -0.220, 0.071
63.960, 0.500, -0.500, 0.287, -0.220, 0.078
63.980, 0.500, -0.500, 0.294, -0.219, 0.086
64.000, 0.500, -0.500, 0.303, -0.217, 0.095
64.020, 0.500, -0.500, 0.312, -0.215, 0.103
64.040, 0.500, -0.500, 0.322, -0.213, 0.111
64.060, 0.500, -0.500, 0.333, -0.211, 0.117
64.080, 0.500, -0.500, 0.344, -0.209, 0.123
64.100, 0.500, -0.500, 0.356, -0.207, 0.127
64.120, 0.500, -0.500, 0.366, -0.206, 0.131
64.140, 0.500, -0.500, 0.376, -0.205, 0.134
64.160, 0.500, -0.500, 0.384, -0.206, 0.136
64.180, 0.500, -0.500, 0.390, -0.207, 0.138
64.200, 0.500, -0.500, 0.394, -0.209, 0.139
64.220, 0.500, -0.500, 0.396, -0.212, 0.138
64.240, 0.500, -0.500, 0.397, -0.215, 0.137
64.260, 0.500, -0.500, 0.398, -0.217, 0.135
64.280, 0.500, -0.500, 0.399, -0.220, 0.132
64.300, 0.500, -0.500, 0.400, -0.222, 0.129
64.320, 0.500, -0.500, 0.401, -0.223, 0.125
64.340, 0.500, -0.500, 0.403, -0.225, 0.122
64.360, 0.500, -0.500, 0.404, -0.226, 0.119
64.380, 0.500, -0.500, 0.405, -0.229, 0.117
64.400, 0.500, -0.500, 0.406, -0.230, 0.117
64.420, 0.500, -0.500, 0.407, -0.231, 0.119
64.440, 0.500, -0.500, 0.409, -0.233, 0.118
64.460, 0.500, -0.500, 0.410, -0.236, 0.113
64.480, 0.500, -0.500, 0.412, -0.239, 0.105
64.500, 0.500, -0.500, 0.414, -0.244, 0.096
64.520, 0.500, -0.500, 0.419, -0.250, 0.088
64.540, 0.500, -0.500, 0.428, -0.258, 0.080
64.560, 0.500, -0.500, 0.439, -0.267, 0.072
64.580, 0.500, -0.500, 0.453, -0.277, 0.065
64.600, 0.500, -0.500, 0.470, -0.288, 0.059
64.620, 0.500, -0.500, 0.486, -0.297, 0.055
64.640, 0.500, -0.500, 0.495, -0.307, 0.053
64.660, 0.500, -0.500, 0.493, -0.314, 0.053
64.680, 0.500, -0.500, 0.492, -0.320, 0.053
64.700, 0.500, -0.500, 0.492, -0.324, 0.054
64.720, 0.500, -0.500, 0.493, -0.326, 0.055
64.740, 0.500, -0.500, 0.494, -0.327, 0.056
64.760, 0.500, -0.500, 0.495, -0.327, 0.057
64.780, 0.500, -0.500, 0.495, -0.327, 0.057
64.800, 0.500, -0.500, 0.494, -0.327, 0.057
64.820, 0.500, -0.500, 0.493, -0.326, 0.057
64.840, 0.500, -0.500, 0.493, -0.325, 0.059
64.860, 0.500, -0.500, 0.491, -0.323, 0.062
64.880, 0.500, -0.500, 0.489, -0.322, 0.064
64.900, 0.500, -0.500, 0.487, -0.319, 0.067
64.920, 0.500, -0.500, 0.485, -0.317, 0.070
64.940, 0.500, -0.500, 0.483, -0.314, 0.073
64.960, 0.500, -0.500, 0.483, -0.311, 0.076
64.980, 0.500, -0.500, 0.483, -0.308, 0.079
65.000, 0.500, -0.500, 0.483, -0.305, 0.084
65.020, 0.500, -0.500, 0.483, -0.302, 0.088
65.040, 0.500, -0.500, 0.483, -0.298, 0.095
65.060, 0.500, -0.500, 0.483, -0.294, 0.101
65.080, 0.500, -0.500, 0.483, -0.287, 0.103
65.100, 0.500, -0.500, 0.484, -0.280, 0.099
65.120, 0.500, -0.500, 0.487, -0.275, 0.093
65.140, 0.500, -0.500, 0.490, -0.272, 0.085
65.160, 0.500, -0.500, 0.494, -0.272, 0.079
65.180, 0.500, -0.500, 0.498, -0.273, 0.076
65.200, 0.500, -0.500, 0.502, -0.276, 0.076
65.220, 0.500, -0.500, 0.506, -0.279, 0.079
65.240, 0.500, -0.500, 0.510, -0.282, 0.085
65.260, 0.500, -0.500, 0.514, -0.285, 0.092
65.280, 0.500, -0.500, 0.519, -0.287, 0.100
65.300, 0.500, -0.500, 0.525, -0.288, 0.108
65.320, 0.500, -0.500, 0.533, -0.287, 0.115
65.340, 0.500, -0.500, 0.540, -0.286, 0.122
65.360, 0.500, -0.500, 0.549, -0.284, 0.128
65.380, 0.500, -0.500, 0.558, -0.282, 0.133
65.400, 0.500, -0.500, 0.566, -0.280, 0.137
65.420, 0.500, -0.500, 0.574, -0.278, 0.141
65.440, 0.500, -0.500, 0.580, -0.277, 0.144
65.460, 0.500, -0.500, 0.584, -0.276, 0.146
65.480, 0.500, -0.500, 0.587, -0.277, 0.148
65.500, 0.500, -0.500, 0.587, -0.277, 0.148
65.520, 0.500, -0.500, 0.587, -0.278, 0.148
65.540, 0.500, -0.500, 0.586, -0.279, 0.146
65.560, 0.500, -0.500, 0.586, -0.280, 0.144
65.580, 0.500, -0.500, 0.585, -0.281, 0.141
65.600, 0.500, -0.500, 0.585, -0.282, 0.138
65.620, 0.500, -0.500, 0.586, -0.282, 0.135
65.640, 0.500, -0.500, 0.587, -0.282, 0.132
65.660, 0.500, -0.500, 0.589, -0.283, 0.129
65.680, 0.500, -0.500, 0.591, -0.284, 0.127
65.700, 0.500, -0.500, 0.594, -0.285, 0.125
65.720, 0.500, -0.500, 0.595, -0.288, 0.122
65.740, 0.500, -0.500, 0.596, -0.291, 0.120
65.760, 0.500, -0.500, 0.599, -0.295, 0.116
65.780, 0.500, -0.500, 0.602, -0.299, 0.108
65.800, 0.500, -0.500, 0.606, -0.304, 0.100
65.820, 0.500, -0.500, 0.611, -0.310, 0.091
65.840, 0.500, -0.500, 0.618, -0.317, 0.082
65.860, 0.500, -0.500, 0.627, -0.325, 0.074
65.880, 0.500, -0.500, 0.639, -0.334, 0.067
65.900, 0.500, -0.500, 0.653, -0.343, 0.059
65.920, 0.500, -0.500, 0.668, -0.353, 0.053
65.940, 0.500, -0.500, 0.673, -0.363, 0.049
65.960, 0.500, -0.500, 0.674, -0.368, 0.050
65.980, 0.500, -0.500, 0.678, -0.372, 0.052
66.000, 0.500, -0.500, 0.682, -0.374, 0.055
66.020, 0.500, -0.500, 0.686, -0.375, 0.057
66.040, 0.500, -0.500, 0.688, -0.376, 0.060
66.060, 0.500, -0.500, 0.689, -0.376, 0.062
66.080, 0.500, -0.500, 0.689, -0.376, 0.063
66.100, 0.500, -0.500, 0.688, -0.376, 0.063
66.120, 0.500, -0.500, 0.684, -0.377, 0.063
66.140, 0.500, -0.500, 0.679, -0.377, 0.064
66.160, 0.500, -0.500, 0.675, -0.376, 0.064
66.180, 0.500, -0.500, 0.671, -0.376, 0.064
68.220, -0.500, 0.500, 0.000, 0.000, 0.175
68.240, -0.500, 0.500, 0.001, 0.000, 0.162
68.260, -0.500, 0.500, 0.001, 0.001, 0.148
68.280, -0.500, 0.500, 0.003, 0.002, 0.132
68.300, -0.500, 0.500, 0.004, 0.004, 0.121
68.320, -0.500, 0.500, 0.003, 0.008, 0.112
68.340, -0.500, 0.500, -0.001, 0.014, 0.107
68.360, -0.500, 0.500, -0.006, 0.020, 0.104
68.380, -0.500, 0.500, -0.012, 0.027, 0.103
68.400, -0.500, 0.500, -0.019, 0.033, 0.107
68.420, -0.500, 0.500, -0.023, 0.039, 0.113
68.440, -0.500, 0.500, -0.026, 0.044, 0.121
68.460, -0.500, 0.500, -0.026, 0.046, 0.127
68.480, -0.500, 0.500, -0.025, 0.046, 0.129
68.500, -0.500, 0.500, -0.023, 0.045, 0.126
68.520, -0.500, 0.500, -0.020, 0.044, 0.120
68.540, -0.500, 0.500, -0.019, 0.044, 0.112
68.560, -0.500, 0.500, -0.021, 0.045, 0.105
68.580, -0.500, 0.500, -0.025, 0.048, 0.099
68.600, -0.500, 0.500, -0.031, 0.052, 0.097
68.620, -0.500, 0.500, -0.038, 0.055, 0.100
68.640, -0.500, 0.500, -0.047, 0.060, 0.104
68.660, -0.500, 0.500, -0.057, 0.064, 0.110
68.680, -0.500, 0.500, -0.067, 0.069, 0.116
68.700, -0.500, 0.500, -0.077, 0.075, 0.120
68.720, -0.500, 0.500, -0.086, 0.081, 0.125
68.740, -0.500, 0.500, -0.095, 0.087, 0.127
68.760, -0.500, 0.500, -0.102, 0.094, 0.128
68.780, -0.500, 0.500, -0.109, 0.101, 0.128
68.800, -0.500, 0.500, -0.116, 0.108, 0.127
68.820, -0.500, 0.500, -0.124, 0.114, 0.124
68.840, -0.500, 0.500, -0.131, 0.120, 0.121
68.860, -0.500, 0.500, -0.139, 0.125, 0.118
68.880, -0.500, 0.500, -0.146, 0.129, 0.114
68.900, -0.500, 0.500, -0.153, 0.133, 0.109
68.920, -0.500, 0.500, -0.159, 0.136, 0.103
68.940, -0.500, 0.500, -0.166, 0.139, 0.095
68.960, -0.500, 0.500, -0.171, 0.142, 0.088
68.980, -0.500, 0.500, -0.176, 0.142, 0.084
69.000, -0.500, 0.500, -0.181, 0.140, 0.083
69.020, -0.500, 0.500, -0.184, 0.138, 0.085
69.040, -0.500, 0.500, -0.187, 0.134, 0.088
69.060, -0.500, 0.500, -0.188, 0.128, 0.094
69.080, -0.500, 0.500, -0.188, 0.123, 0.102
69.100, -0.500, 0.500, -0.187, 0.117, 0.111
69.120, -0.500, 0.500, -0.183, 0.111, 0.116
69.140, -0.500, 0.500, -0.178, 0.105, 0.116
69.160, -0.500, 0.500, -0.173, 0.102, 0.113
69.180, -0.500, 0.500, -0.168, 0.102, 0.106
69.200, -0.500, 0.500, -0.168, 0.107, 0.100
69.220, -0.500, 0.500, -0.172, 0.114, 0.094
69.240, -0.500, 0.500, -0.181, 0.126, 0.089
69.260, -0.500, 0.500, -0.196, 0.139, 0.088
69.280, -0.500, 0.500, -0.216, 0.154, 0.090
69.300, -0.500, 0.500, -0.239, 0.170, 0.095
69.320, -0.500, 0.500, -0.261, 0.188, 0.100
69.340, -0.500, 0.500, -0.283, 0.207, 0.104
69.360, -0.500, 0.500, -0.303, 0.227, 0.106
69.380, -0.500, 0.500, -0.322, 0.248, 0.105
69.400, -0.500, 0.500, -0.337, 0.267, 0.102
69.420, -0.500, 0.500, -0.350, 0.286, 0.096
69.440, -0.500, 0.500, -0.359, 0.302, 0.089
69.460, -0.500, 0.500, -0.365, 0.315, 0.081
69.480, -0.500, 0.500, -0.368, 0.324, 0.072
69.500, -0.500, 0.500, -0.368, 0.328, 0.064
69.520, -0.500, 0.500, -0.367, 0.328, 0.058
69.540, -0.500, 0.500, -0.363, 0.325, 0.059
69.560, -0.500, 0.500, -0.356, 0.320, 0.064
69.580, -0.500, 0.500, -0.347, 0.315, 0.070
69.600, -0.500, 0.500, -0.336, 0.309, 0.076
69.620, -0.500, 0.500, -0.326, 0.306, 0.081
69.640, -0.500, 0.500, -0.317, 0.302, 0.087
69.660, -0.500, 0.500, -0.308, 0.299, 0.093
69.680, -0.500, 0.500, -0.300, 0.296, 0.098
69.700, -0.500, 0.500, -0.292, 0.291, 0.103
69.720, -0.500, 0.500, -0.284, 0.286, 0.107
69.740, -0.500, 0.500, -0.276, 0.279, 0.111
69.760, -0.500, 0.500, -0.271, 0.272, 0.116
69.780, -0.500, 0.500, -0.268, 0.264, 0.120
69.800, -0.500, 0.500, -0.266, 0.255, 0.117
69.820, -0.500, 0.500, -0.265, 0.244, 0.110
69.840, -0.500, 0.500, -0.264, 0.236, 0.101
69.860, -0.500, 0.500, -0.263, 0.229, 0.092
69.880, -0.500, 0.500, -0.263, 0.224, 0.085
69.900, -0.500, 0.500, -0.262, 0.221, 0.082
69.920, -0.500, 0.500, -0.263, 0.220, 0.083
69.940, -0.500, 0.500, -0.265, 0.220, 0.087
69.960, -0.500, 0.500, -0.269, 0.221, 0.095
69.980, -0.500, 0.500, -0.276, 0.221, 0.104
70.000, -0.500, 0.500, -0.285, 0.221, 0.114
70.020, -0.500, 0.500, -0.295, 0.222, 0.122
70.040, -0.500, 0.500, -0.306, 0.222, 0.129
70.060, -0.500, 0.500, -0.316, 0.222, 0.134
70.080, -0.500, 0.500, -0.327, 0.222, 0.138
70.100, -0.500, 0.500, -0.337, 0.223, 0.141
70.120, -0.500, 0.500, -0.346, 0.223, 0.144
70.140, -0.500, 0.500, -0.354, 0.224, 0.146
70.160, -0.500, 0.500, -0.361, 0.226, 0.148
70.180, -0.500, 0.500, -0.367, 0.227, 0.149
70.200, -0.500, 0.500, -0.371, 0.229, 0.149
70.220, -0.500, 0.500, -0.374, 0.230, 0.149
70.240, -0.500, 0.500, -0.376, 0.232, 0.147
70.260, -0.500, 0.500, -0.378, 0.233, 0.144
70.280, -0.500, 0.500, -0.379, 0.234, 0.141
70.300, -0.500, 0.500, -0.380, 0.236, 0.137
70.320, -0.500, 0.500, -0.381, 0.236, 0.133
70.340, -0.500, 0.500, -0.382, 0.237, 0.128
70.360, -0.500, 0.500, -0.384, 0.238, 0.124
70.380, -0.500, 0.500, -0.385, 0.240, 0.120
70.400, -0.500, 0.500, -0.386, 0.241, 0.119
70.420, -0.500, 0.500, -0.388, 0.242, 0.122
70.440, -0.500, 0.500, -0.390, 0.244, 0.123
70.460, -0.500, 0.500, -0.392, 0.247, 0.119
70.480, -0.500, 0.500, -0.392, 0.250, 0.110
70.500, -0.500, 0.500, -0.393, 0.255, 0.098
70.520, -0.500, 0.500, -0.396, 0.261, 0.089
70.540, -0.500, 0.500, -0.400, 0.268, 0.079
70.560, -0.500, 0.500, -0.408, 0.277, 0.071
70.580, -0.500, 0.500, -0.419, 0.287, 0.064
70.600, -0.500, 0.500, -0.433, 0.298, 0.058
70.620, -0.500, 0.500, -0.448, 0.310, 0.053
70.640, -0.500, 0.500, -0.465, 0.322, 0.048
70.660, -0.500, 0.500, -0.476, 0.332, 0.044
70.680, -0.500, 0.500, -0.476, 0.340, 0.044
70.700, -0.500, 0.500, -0.477, 0.345, 0.044
70.720, -0.500, 0.500, -0.479, 0.349, 0.044
70.740, -0.500, 0.500, -0.480, 0.351, 0.045
70.760, -0.500, 0.500, -0.479, 0.352, 0.046
70.780, -0.500, 0.500, -0.478, 0.353, 0.047
70.800, -0.500, 0.500, -0.475, 0.353, 0.048
70.820, -0.500, 0.500, -0.474, 0.352, 0.050
70.840, -0.500, 0.500, -0.472, 0.352, 0.053
70.860, -0.500, 0.500, -0.470, 0.350, 0.056
70.880, -0.500, 0.500, -0.467, 0.348, 0.058
70.900, -0.500, 0.500, -0.464, 0.345, 0.060
70.920, -0.500, 0.500, -0.461, 0.342, 0.062
70.940, -0.500, 0.500, -0.459, 0.339, 0.065
70.960, -0.500, 0.500, -0.458, 0.335, 0.068
70.980, -0.500, 0.500, -0.458, 0.332, 0.071
71.000, -0.500, 0.500, -0.458, 0.329, 0.075
71.020, -0.500, 0.500, -0.458, 0.326, 0.080
71.040, -0.500, 0.500, -0.459, 0.323, 0.086
71.060, -0.500, 0.500, -0.459, 0.319, 0.094
71.080, -0.500, 0.500, -0.459, 0.315, 0.101
71.100, -0.500, 0.500, -0.459, 0.310, 0.105
71.120, -0.500, 0.500, -0.460, 0.304, 0.103
71.140, -0.500, 0.500, -0.462, 0.298, 0.098
71.160, -0.500, 0.500, -0.465, 0.296, 0.093
71.180, -0.500, 0.500, -0.469, 0.295, 0.089
71.200, -0.500, 0.500, -0.473, 0.295, 0.088
71.220, -0.500, 0.500, -0.477, 0.297, 0.089
71.240, -0.500, 0.500, -0.481, 0.300, 0.092
71.260, -0.500, 0.500, -0.485, 0.303, 0.098
71.280, -0.500, 0.500, -0.491, 0.305, 0.105
71.300, -0.500, 0.500, -0.497, 0.306, 0.113
71.320, -0.500, 0.500, -0.503, 0.307, 0.121
71.340, -0.500, 0.500, -0.511, 0.307, 0.128
71.360, -0.500, 0.500, -0.519, 0.306, 0.134
71.380, -0.500, 0.500, -0.527, 0.305, 0.139
71.400, -0.500, 0.500, -0.536, 0.303, 0.143
71.420, -0.500, 0.500, -0.543, 0.301, 0.147
71.440, -0.500, 0.500, -0.550, 0.300, 0.150
71.460, -0.500, 0.500, -0.555, 0.298, 0.153
71.480, -0.500, 0.500, -0.558, 0.298, 0.154
71.500, -0.500, 0.500, -0.560, 0.297, 0.155
71.520, -0.500, 0.500, -0.560, 0.297, 0.155
71.540, -0.500, 0.500, -0.559, 0.298, 0.154
71.560, -0.500, 0.500, -0.558, 0.298, 0.151
71.580, -0.500, 0.500, -0.558, 0.298, 0.149
71.600, -0.500, 0.500, -0.557, 0.299, 0.145
71.620, -0.500, 0.500, -0.558, 0.299, 0.142
71.640, -0.500, 0.500, -0.559, 0.299, 0.138
71.660, -0.500, 0.500, -0.561, 0.299, 0.134
71.680, -0.500, 0.500, -0.563, 0.300, 0.131
71.700, -0.500, 0.500, -0.566, 0.301, 0.128
71.720, -0.500, 0.500, -0.568, 0.303, 0.125
71.740, -0.500, 0.500, -0.570, 0.306, 0.122
71.760, -0.500, 0.500, -0.573, 0.309, 0.120
71.780, -0.500, 0.500, -0.576, 0.313, 0.114
71.800, -0.500, 0.500, -0.579, 0.318, 0.105
71.820, -0.500, 0.500, -0.583, 0.324, 0.094
71.840, -0.500, 0.500, -0.588, 0.330, 0.084
71.860, -0.500, 0.500, -0.595, 0.338, 0.075
71.880, -0.500, 0.500, -0.605, 0.346, 0.067
71.900, -0.500, 0.500, -0.617, 0.355, 0.060
71.920, -0.500, 0.500, -0.631, 0.365, 0.053
71.940, -0.500, 0.500, -0.646, 0.375, 0.047
71.960, -0.500, 0.500, -0.652, 0.386, 0.043
71.980, -0.500, 0.500, -0.654, 0.392, 0.044
72.000, -0.500, 0.500, -0.660, 0.395, 0.046
72.020, -0.500, 0.500, -0.666, 0.397, 0.049
72.040, -0.500, 0.500, -0.671, 0.398, 0.051
72.060, -0.500, 0.500, -0.674, 0.399, 0.053
72.080, -0.500, 0.500, -0.676, 0.400, 0.056
72.100, -0.500, 0.500, -0.675, 0.400, 0.058
72.120, -0.500, 0.500, -0.671, 0.400, 0.059
72.140, -0.500, 0.500, -0.667, 0.400, 0.061
72.160, -0.500, 0.500, -0.661, 0.401, 0.061
72.180, -0.500, 0.500, -0.654, 0.401, 0.062
72.200, -0.500, 0.500, -0.648, 0.400, 0.062
74.240, -0.400, 0.500, 0.000, 0.000, 0.175
74.260, -0.400, 0.500, 0.001, 0.000, 0.162
74.280, -0.400, 0.500, 0.002, 0.000, 0.145
74.300, -0.400, 0.500, 0.003, 0.002, 0.132
74.320, -0.400, 0.500, 0.003, 0.004, 0.121
74.340, -0.400, 0.500, 0.003, 0.008, 0.113
74.360, -0.400, 0.500, 0.001, 0.013, 0.109
74.380, -0.400, 0.500, -0.003, 0.019, 0.106
74.400, -0.400, 0.500, -0.007, 0.026, 0.105
74.420, -0.400, 0.500, -0.012, 0.032, 0.108
74.440, -0.400, 0.500, -0.014, 0.037, 0.113
74.460, -0.400, 0.500, -0.015, 0.042, 0.121
74.480, -0.400, 0.500, -0.015, 0.044, 0.127
74.500, -0.400, 0.500, -0.014, 0.044, 0.129
74.520, -0.400, 0.500, -0.012, 0.043, 0.126
74.540, -0.400, 0.500, -0.010, 0.041, 0.119
74.560, -0.400, 0.500, -0.009, 0.041, 0.110
74.580, -0.400, 0.500, -0.010, 0.043, 0.103
74.600, -0.400, 0.500, -0.013, 0.046, 0.098
74.620, -0.400, 0.500, -0.017, 0.051, 0.097
74.640, -0.400, 0.500, -0.023, 0.056, 0.099
74.660, -0.400, 0.500, -0.029, 0.061, 0.103
74.680, -0.400, 0.500, -0.036, 0.067, 0.108
74.700, -0.400, 0.500, -0.043, 0.074, 0.113
74.720, -0.400, 0.500, -0.051, 0.080, 0.117
74.740, -0.400, 0.500, -0.058, 0.087, 0.121
74.760, -0.400, 0.500, -0.065, 0.094, 0.123
74.780, -0.400, 0.500, -0.071, 0.101, 0.124
74.800, -0.400, 0.500, -0.077, 0.108, 0.124
74.820, -0.400, 0.500, -0.082, 0.115, 0.123
74.840, -0.400, 0.500, -0.088, 0.122, 0.121
74.860, -0.400, 0.500, -0.094, 0.128, 0.118
74.880, -0.400, 0.500, -0.100, 0.134, 0.115
74.900, -0.400, 0.500, -0.107, 0.139, 0.112
74.920, -0.400, 0.500, -0.113, 0.143, 0.108
74.940, -0.400, 0.500, -0.119, 0.147, 0.102
74.960, -0.400, 0.500, -0.126, 0.150, 0.097
74.980, -0.400, 0.500, -0.133, 0.153, 0.089
75.000, -0.400, 0.500, -0.139, 0.155, 0.084
75.020, -0.400, 0.500, -0.145, 0.155, 0.083
75.040, -0.400, 0.500, -0.150, 0.153, 0.084
75.060, -0.400, 0.500, -0.154, 0.149, 0.087
75.080, -0.400, 0.500, -0.157, 0.145, 0.093
75.100, -0.400, 0.500, -0.158, 0.139, 0.100
75.120, -0.400, 0.500, -0.157, 0.132, 0.107
75.140, -0.400, 0.500, -0.155, 0.125, 0.114
75.160, -0.400, 0.500, -0.150, 0.119, 0.115
75.180, -0.400, 0.500, -0.143, 0.114, 0.111
75.200, -0.400, 0.500, -0.138, 0.113, 0.105
75.220, -0.400, 0.500, -0.134, 0.117, 0.097
75.240, -0.400, 0.500, -0.135, 0.124, 0.090
75.260, -0.400, 0.500, -0.141, 0.135, 0.086
75.280, -0.400, 0.500, -0.151, 0.148, 0.084
75.300, -0.400, 0.500, -0.165, 0.163, 0.085
75.320, -0.400, 0.500, -0.182, 0.180, 0.087
75.340, -0.400, 0.500, -0.201, 0.198, 0.089
75.360, -0.400, 0.500, -0.221, 0.217, 0.091
75.380, -0.400, 0.500, -0.241, 0.236, 0.091
75.400, -0.400, 0.500, -0.260, 0.256, 0.089
75.420, -0.400, 0.500, -0.277, 0.275, 0.085
75.440, -0.400, 0.500, -0.290, 0.291, 0.079
75.460, -0.400, 0.500, -0.300, 0.306, 0.072
75.480, -0.400, 0.500, -0.305, 0.315, 0.065
75.500, -0.400, 0.500, -0.306, 0.321, 0.060
75.520, -0.400, 0.500, -0.303, 0.323, 0.060
75.540, -0.400, 0.500, -0.296, 0.321, 0.062
75.560, -0.400, 0.500, -0.286, 0.317, 0.065
75.580, -0.400, 0.500, -0.274, 0.311, 0.070
75.600, -0.400, 0.500, -0.261, 0.305, 0.074
75.620, -0.400, 0.500, -0.248, 0.300, 0.077
75.640, -0.400, 0.500, -0.236, 0.296, 0.080
75.660, -0.400, 0.500, -0.226, 0.293, 0.084
75.680, -0.400, 0.500, -0.217, 0.290, 0.088
75.700, -0.400, 0.500, -0.209, 0.287, 0.092
75.720, -0.400, 0.500, -0.203, 0.283, 0.096
75.740, -0.400, 0.500, -0.198, 0.279, 0.101
75.760, -0.400, 0.500, -0.195, 0.275, 0.105
75.780, -0.400, 0.500, -0.193, 0.270, 0.110
75.800, -0.400, 0.500, -0.192, 0.264, 0.112
75.820, -0.400, 0.500, -0.193, 0.258, 0.109
75.840, -0.400, 0.500, -0.194, 0.251, 0.103
75.860, -0.400, 0.500, -0.196, 0.244, 0.094
75.880, -0.400, 0.500, -0.198, 0.238, 0.086
75.900, -0.400, 0.500, -0.198, 0.234, 0.080
75.920, -0.400, 0.500, -0.199, 0.232, 0.077
75.940, -0.400, 0.500, -0.199, 0.231, 0.077
75.960, -0.400, 0.500, -0.201, 0.231, 0.081
75.980, -0.400, 0.500, -0.204, 0.230, 0.087
76.000, -0.400, 0.500, -0.208, 0.230, 0.095
76.020, -0.400, 0.500, -0.215, 0.228, 0.103
76.040, -0.400, 0.500, -0.222, 0.227, 0.111
76.060, -0.400, 0.500, -0.230, 0.226, 0.118
76.080, -0.400, 0.500, -0.238, 0.224, 0.124
76.100, -0.400, 0.500, -0.245, 0.223, 0.129
76.120, -0.400, 0.500, -0.252, 0.224, 0.132
76.140, -0.400, 0.500, -0.257, 0.225, 0.135
76.160, -0.400, 0.500, -0.262, 0.226, 0.138
76.180, -0.400, 0.500, -0.266, 0.229, 0.139
76.200, -0.400, 0.500, -0.269, 0.231, 0.141
76.220, -0.400, 0.500, -0.271, 0.234, 0.141
76.240, -0.400, 0.500, -0.272, 0.236, 0.141
76.260, -0.400, 0.500, -0.274, 0.239, 0.141
76.280, -0.400, 0.500, -0.275, 0.241, 0.139
76.300, -0.400, 0.500, -0.277, 0.242, 0.137
76.320, -0.400, 0.500, -0.278, 0.244, 0.135
76.340, -0.400, 0.500, -0.280, 0.245, 0.133
76.360, -0.400, 0.500, -0.281, 0.246, 0.130
76.380, -0.400, 0.500, -0.283, 0.247, 0.128
76.400, -0.400, 0.500, -0.284, 0.248, 0.125
76.420, -0.400, 0.500, -0.285, 0.249, 0.123
76.440, -0.400, 0.500, -0.285, 0.251, 0.120
76.460, -0.400, 0.500, -0.286, 0.253, 0.116
76.480, -0.400, 0.500, -0.287, 0.255, 0.111
76.500, -0.400, 0.500, -0.289, 0.257, 0.102
76.520, -0.400, 0.500, -0.291, 0.261, 0.093
76.540, -0.400, 0.500, -0.294, 0.265, 0.082
76.560, -0.400, 0.500, -0.297, 0.271, 0.072
76.580, -0.400, 0.500, -0.302, 0.278, 0.063
76.600, -0.400, 0.500, -0.308, 0.285, 0.057
76.620, -0.400, 0.500, -0.314, 0.293, 0.052
76.640, -0.400, 0.500, -0.320, 0.302, 0.048
76.660, -0.400, 0.500, -0.325, 0.310, 0.043
76.680, -0.400, 0.500, -0.326, 0.317, 0.040
76.700, -0.400, 0.500, -0.325, 0.318, 0.043
76.720, -0.400, 0.500, -0.324, 0.318, 0.047
76.740, -0.400, 0.500, -0.323, 0.318, 0.051
76.760, -0.400, 0.500, -0.322, 0.319, 0.053
76.780, -0.400, 0.500, -0.321, 0.319, 0.054
76.800, -0.400, 0.500, -0.320, 0.320, 0.054
76.820, -0.400, 0.500, -0.320, 0.322, 0.053
76.840, -0.400, 0.500, -0.318, 0.323, 0.052
76.860, -0.400, 0.500, -0.317, 0.324, 0.052
76.880, -0.400, 0.500, -0.316, 0.325, 0.054
76.900, -0.400, 0.500, -0.314, 0.325, 0.056
76.920, -0.400, 0.500, -0.313, 0.326, 0.059
76.940, -0.400, 0.500, -0.311, 0.325, 0.062
76.960, -0.400, 0.500, -0.309, 0.325, 0.064
76.980, -0.400, 0.500, -0.308, 0.323, 0.067
77.000, -0.400, 0.500, -0.307, 0.322, 0.071
77.020, -0.400, 0.500, -0.306, 0.320, 0.074
77.040, -0.400, 0.500, -0.306, 0.317, 0.079
77.060, -0.400, 0.500, -0.306, 0.313, 0.086
77.080, -0.400, 0.500, -0.306, 0.309, 0.094
77.100, -0.400, 0.500, -0.306, 0.304, 0.101
77.120, -0.400, 0.500, -0.307, 0.297, 0.104
77.140, -0.400, 0.500, -0.309, 0.290, 0.103
77.160, -0.400, 0.500, -0.312, 0.284, 0.101
77.180, -0.400, 0.500, -0.314, 0.279, 0.097
77.200, -0.400, 0.500, -0.318, 0.277, 0.095
77.220, -0.400, 0.500, -0.321, 0.276, 0.094
77.240, -0.400, 0.500, -0.325, 0.277, 0.095
77.260, -0.400, 0.500, -0.328, 0.278, 0.099
77.280, -0.400, 0.500, -0.332, 0.280, 0.104
77.300, -0.400, 0.500, -0.335, 0.282, 0.109
77.320, -0.400, 0.500, -0.339, 0.285, 0.115
77.340, -0.400, 0.500, -0.343, 0.287, 0.121
77.360, -0.400, 0.500, -0.347, 0.289, 0.126
77.380, -0.400, 0.500, -0.352, 0.291, 0.130
77.400, -0.400, 0.500, -0.357, 0.292, 0.134
77.420, -0.400, 0.500, -0.362, 0.293, 0.137
77.440, -0.400, 0.500, -0.366, 0.294, 0.140
77.460, -0.400, 0.500, -0.370, 0.295, 0.143
77.480, -0.400, 0.500, -0.373, 0.295, 0.145
77.500, -0.400, 0.500, -0.375, 0.296, 0.146
77.520, -0.400, 0.500, -0.375, 0.296, 0.147
77.540, -0.400, 0.500, -0.375, 0.297, 0.147
77.560, -0.400, 0.500, -0.374, 0.297, 0.147
77.580, -0.400, 0.500, -0.373, 0.298, 0.146
77.600, -0.400, 0.500, -0.372, 0.298, 0.144
77.620, -0.400, 0.500, -0.372, 0.298, 0.141
77.640, -0.400, 0.500, -0.372, 0.299, 0.138
77.660, -0.400, 0.500, -0.372, 0.299, 0.135
77.680, -0.400, 0.500, -0.373, 0.299, 0.132
77.700, -0.400, 0.500, -0.375, 0.300, 0.129
77.720, -0.400, 0.500, -0.377, 0.301, 0.127
77.740, -0.400, 0.500, -0.378, 0.302, 0.126
77.760, -0.400, 0.500, -0.380, 0.304, 0.121
77.780, -0.400, 0.500, -0.382, 0.306, 0.117
77.800, -0.400, 0.500, -0.386, 0.309, 0.110
77.820, -0.400, 0.500, -0.390, 0.312, 0.100
77.840, -0.400, 0.500, -0.394, 0.316, 0.091
77.860, -0.400, 0.500, -0.399, 0.321, 0.081
77.880, -0.400, 0.500, -0.405, 0.327, 0.073
77.900, -0.400, 0.500, -0.412, 0.334, 0.066
77.920, -0.400, 0.500, -0.418, 0.342, 0.062
77.940, -0.400, 0.500, -0.425, 0.351, 0.058
77.960, -0.400, 0.500, -0.430, 0.359, 0.055
77.980, -0.400, 0.500, -0.435, 0.367, 0.051
78.000, -0.400, 0.500, -0.439, 0.375, 0.047
78.020, -0.400, 0.500, -0.439, 0.381, 0.044
78.040, -0.400, 0.500, -0.438, 0.383, 0.046
78.060, -0.400, 0.500, -0.438, 0.384, 0.048
78.080, -0.400, 0.500, -0.436, 0.385, 0.050
78.100, -0.400, 0.500, -0.434, 0.386, 0.051
78.120, -0.400, 0.500, -0.431, 0.387, 0.050
78.140, -0.400, 0.500, -0.430, 0.388, 0.051
78.160, -0.400, 0.500, -0.429, 0.388, 0.052
78.180, -0.400, 0.500, -0.427, 0.389, 0.054
78.200, -0.400, 0.500, -0.425, 0.388, 0.056
78.220, -0.400, 0.500, -0.422, 0.387, 0.058
80.260, -0.300, 0.500, 0.000, 0.000, 0.175
80.280, -0.300, 0.500, 0.001, 0.000, 0.162
80.300, -0.300, 0.500, 0.001, 0.000, 0.148
80.320, -0.300, 0.500, 0.003, 0.001, 0.133
80.340, -0.300, 0.500, 0.004, 0.004, 0.122
80.360, -0.300, 0.500, 0.004, 0.007, 0.114
80.380, -0.300, 0.500, 0.003, 0.012, 0.108
80.400, -0.300, 0.500, 0.001, 0.018, 0.105
80.420, -0.300, 0.500, -0.002, 0.024, 0.105
80.440, -0.300, 0.500, -0.005, 0.030, 0.107
80.460, -0.300, 0.500, -0.007, 0.035, 0.113
80.480, -0.300, 0.500, -0.007, 0.040, 0.120
80.500, -0.300, 0.500, -0.006, 0.043, 0.126
80.520, -0.300, 0.500, -0.005, 0.044, 0.127
80.540, -0.300, 0.500, -0.004, 0.043, 0.123
80.560, -0.300, 0.500, -0.003, 0.043, 0.116
80.580, -0.300, 0.500, -0.003, 0.044, 0.108
80.600, -0.300, 0.500, -0.005, 0.047, 0.101
80.620, -0.300, 0.500, -0.008, 0.052, 0.097
80.640, -0.300, 0.500, -0.012, 0.058, 0.096
80.660, -0.300, 0.500, -0.017, 0.065, 0.098
80.680, -0.300, 0.500, -0.022, 0.072, 0.101
80.700, -0.300, 0.500, -0.028, 0.080, 0.105
80.720, -0.300, 0.500, -0.034, 0.088, 0.108
80.740, -0.300, 0.500, -0.040, 0.096, 0.111
80.760, -0.300, 0.500, -0.045, 0.104, 0.113
80.780, -0.300, 0.500, -0.051, 0.112, 0.114
80.800, -0.300, 0.500, -0.056, 0.120, 0.114
80.820, -0.300, 0.500, -0.061, 0.128, 0.113
80.840, -0.300, 0.500, -0.067, 0.135, 0.111
80.860, -0.300, 0.500, -0.072, 0.143, 0.108
80.880, -0.300, 0.500, -0.079, 0.150, 0.104
80.900, -0.300, 0.500, -0.085, 0.156, 0.100
80.920, -0.300, 0.500, -0.092, 0.162, 0.096
80.940, -0.300, 0.500, -0.099, 0.166, 0.090
80.960, -0.300, 0.500, -0.107, 0.171, 0.084
80.980, -0.300, 0.500, -0.115, 0.174, 0.077
81.000, -0.300, 0.500, -0.123, 0.175, 0.072
81.020, -0.300, 0.500, -0.129, 0.175, 0.070
81.040, -0.300, 0.500, -0.135, 0.173, 0.070
81.060, -0.300, 0.500, -0.139, 0.169, 0.072
81.080, -0.300, 0.500, -0.142, 0.164, 0.076
81.100, -0.300, 0.500, -0.143, 0.157, 0.082
81.120, -0.300, 0.500, -0.143, 0.151, 0.089
81.140, -0.300, 0.500, -0.141, 0.144, 0.098
81.160, -0.300, 0.500, -0.137, 0.137, 0.105
81.180, -0.300, 0.500, -0.131, 0.131, 0.107
81.200, -0.300, 0.500, -0.124, 0.126, 0.104
81.220, -0.300, 0.500, -0.117, 0.125, 0.099
81.240, -0.300, 0.500, -0.111, 0.128, 0.093
81.260, -0.300, 0.500, -0.109, 0.136, 0.088
81.280, -0.300, 0.500, -0.111, 0.148, 0.085
81.300, -0.300, 0.500, -0.117, 0.162, 0.084
81.320, -0.300, 0.500, -0.126, 0.178, 0.085
81.340, -0.300, 0.500, -0.138, 0.195, 0.087
81.360, -0.300, 0.500, -0.151, 0.214, 0.089
81.380, -0.300, 0.500, -0.165, 0.233, 0.090
81.400, -0.300, 0.500, -0.179, 0.253, 0.091
81.420, -0.300, 0.500, -0.193, 0.271, 0.090
81.440, -0.300, 0.500, -0.203, 0.288, 0.088
81.460, -0.300, 0.500, -0.211, 0.303, 0.084
81.480, -0.300, 0.500, -0.216, 0.315, 0.079
81.500, -0.300, 0.500, -0.217, 0.324, 0.075
81.520, -0.300, 0.500, -0.216, 0.330, 0.071
81.540, -0.300, 0.500, -0.211, 0.332, 0.069
81.560, -0.300, 0.500, -0.205, 0.332, 0.068
81.580, -0.300, 0.500, -0.196, 0.329, 0.068
81.600, -0.300, 0.500, -0.186, 0.324, 0.070
81.620, -0.300, 0.500, -0.175, 0.319, 0.072
81.640, -0.300, 0.500, -0.162, 0.313, 0.074
81.660, -0.300, 0.500, -0.150, 0.307, 0.076
81.680, -0.300, 0.500, -0.139, 0.302, 0.079
81.700, -0.300, 0.500, -0.130, 0.299, 0.081
81.720, -0.300, 0.500, -0.123, 0.297, 0.084
81.740, -0.300, 0.500, -0.116, 0.296, 0.086
81.760, -0.300, 0.500, -0.110, 0.296, 0.088
81.780, -0.300, 0.500, -0.106, 0.296, 0.090
81.800, -0.300, 0.500, -0.103, 0.295, 0.094
81.820, -0.300, 0.500, -0.101, 0.294, 0.096
81.840, -0.300, 0.500, -0.102, 0.291, 0.094
81.860, -0.300, 0.500, -0.105, 0.287, 0.088
81.880, -0.300, 0.500, -0.110, 0.283, 0.080
81.900, -0.300, 0.500, -0.114, 0.278, 0.073
81.920, -0.300, 0.500, -0.115, 0.277, 0.069
81.940, -0.300, 0.500, -0.117, 0.278, 0.072
81.960, -0.300, 0.500, -0.120, 0.280, 0.076
81.980, -0.300, 0.500, -0.126, 0.280, 0.081
82.000, -0.300, 0.500, -0.133, 0.279, 0.087
82.020, -0.300, 0.500, -0.139, 0.278, 0.093
82.040, -0.300, 0.500, -0.146, 0.276, 0.099
82.060, -0.300, 0.500, -0.151, 0.275, 0.104
82.080, -0.300, 0.500, -0.156, 0.273, 0.108
82.100, -0.300, 0.500, -0.160, 0.271, 0.112
82.120, -0.300, 0.500, -0.164, 0.269, 0.115
82.140, -0.300, 0.500, -0.166, 0.268, 0.118
82.160, -0.300, 0.500, -0.168, 0.266, 0.120
82.180, -0.300, 0.500, -0.170, 0.265, 0.122
82.200, -0.300, 0.500, -0.171, 0.264, 0.123
82.220, -0.300, 0.500, -0.173, 0.263, 0.124
82.240, -0.300, 0.500, -0.174, 0.261, 0.125
82.260, -0.300, 0.500, -0.175, 0.260, 0.125
82.280, -0.300, 0.500, -0.176, 0.260, 0.124
82.300, -0.300, 0.500, -0.177, 0.259, 0.124
82.320, -0.300, 0.500, -0.179, 0.259, 0.122
82.340, -0.300, 0.500, -0.180, 0.259, 0.121
82.360, -0.300, 0.500, -0.182, 0.259, 0.119
82.380, -0.300, 0.500, -0.184, 0.259, 0.117
82.400, -0.300, 0.500, -0.186, 0.260, 0.115
82.420, -0.300, 0.500, -0.188, 0.262, 0.113
82.440, -0.300, 0.500, -0.189, 0.264, 0.111
82.460, -0.300, 0.500, -0.191, 0.266, 0.111
82.480, -0.300, 0.500, -0.193, 0.268, 0.110
82.500, -0.300, 0.500, -0.196, 0.271, 0.106
82.520, -0.300, 0.500, -0.199, 0.275, 0.099
82.540, -0.300, 0.500, -0.202, 0.280, 0.088
82.560, -0.300, 0.500, -0.205, 0.286, 0.078
82.580, -0.300, 0.500, -0.209, 0.293, 0.068
82.600, -0.300, 0.500, -0.214, 0.301, 0.059
82.620, -0.300, 0.500, -0.219, 0.309, 0.051
82.640, -0.300, 0.500, -0.225, 0.318, 0.044
82.660, -0.300, 0.500, -0.227, 0.326, 0.040
82.680, -0.300, 0.500, -0.226, 0.331, 0.043
82.700, -0.300, 0.500, -0.227, 0.332, 0.048
82.720, -0.300, 0.500, -0.228, 0.334, 0.052
82.740, -0.300, 0.500, -0.230, 0.336, 0.055
82.760, -0.300, 0.500, -0.230, 0.339, 0.056
82.780, -0.300, 0.500, -0.230, 0.342, 0.055
82.800, -0.300, 0.500, -0.230, 0.345, 0.055
82.820, -0.300, 0.500, -0.229, 0.347, 0.056
82.840, -0.300, 0.500, -0.229, 0.347, 0.056
82.860, -0.300, 0.500, -0.231, 0.347, 0.057
82.880, -0.300, 0.500, -0.233, 0.347, 0.058
82.900, -0.300, 0.500, -0.235, 0.346, 0.059
82.920, -0.300, 0.500, -0.237, 0.344, 0.061
82.940, -0.300, 0.500, -0.238, 0.342, 0.062
82.960, -0.300, 0.500, -0.239, 0.339, 0.063
82.980, -0.300, 0.500, -0.240, 0.335, 0.065
83.000, -0.300, 0.500, -0.241, 0.332, 0.069
83.020, -0.300, 0.500, -0.241, 0.328, 0.074
83.040, -0.300, 0.500, -0.241, 0.324, 0.080
83.060, -0.300, 0.500, -0.242, 0.320, 0.087
83.080, -0.300, 0.500, -0.242, 0.315, 0.094
83.100, -0.300, 0.500, -0.241, 0.311, 0.102
83.120, -0.300, 0.500, -0.241, 0.306, 0.107
83.140, -0.300, 0.500, -0.242, 0.300, 0.110
83.160, -0.300, 0.500, -0.243, 0.294, 0.107
83.180, -0.300, 0.500, -0.244, 0.289, 0.101
83.200, -0.300, 0.500, -0.246, 0.287, 0.097
83.220, -0.300, 0.500, -0.248, 0.287, 0.092
83.240, -0.300, 0.500, -0.250, 0.289, 0.090
83.260, -0.300, 0.500, -0.252, 0.292, 0.090
83.280, -0.300, 0.500, -0.253, 0.295, 0.093
83.300, -0.300, 0.500, -0.254, 0.300, 0.098
83.320, -0.300, 0.500, -0.256, 0.304, 0.103
83.340, -0.300, 0.500, -0.257, 0.309, 0.108
83.360, -0.300, 0.500, -0.259, 0.313, 0.113
83.380, -0.300, 0.500, -0.262, 0.317, 0.117
83.400, -0.300, 0.500, -0.265, 0.321, 0.121
83.420, -0.300, 0.500, -0.268, 0.323, 0.125
83.440, -0.300, 0.500, -0.271, 0.326, 0.127
83.460, -0.300, 0.500, -0.274, 0.328, 0.130
83.480, -0.300, 0.500, -0.277, 0.330, 0.132
83.500, -0.300, 0.500, -0.278, 0.331, 0.133
83.520, -0.300, 0.500, -0.278, 0.333, 0.134
83.540, -0.300, 0.500, -0.277, 0.334, 0.135
83.560, -0.300, 0.500, -0.276, 0.335, 0.135
83.580, -0.300, 0.500, -0.275, 0.335, 0.135
83.600, -0.300, 0.500, -0.274, 0.336, 0.134
83.620, -0.300, 0.500, -0.273, 0.336, 0.133
83.640, -0.300, 0.500, -0.273, 0.335, 0.131
83.660, -0.300, 0.500, -0.273, 0.334, 0.129
83.680, -0.300, 0.500, -0.274, 0.334, 0.127
83.700, -0.300, 0.500, -0.275, 0.333, 0.124
83.720, -0.300, 0.500, -0.277, 0.332, 0.123
83.740, -0.300, 0.500, -0.280, 0.331, 0.121
83.760, -0.300, 0.500, -0.282, 0.331, 0.120
83.780, -0.300, 0.500, -0.285, 0.330, 0.118
83.800, -0.300, 0.500, -0.289, 0.330, 0.116
83.820, -0.300, 0.500, -0.294, 0.330, 0.109
83.840, -0.300, 0.500, -0.299, 0.331, 0.101
83.860, -0.300, 0.500, -0.304, 0.333, 0.091
83.880, -0.300, 0.500, -0.309, 0.336, 0.081
83.900, -0.300, 0.500, -0.313, 0.341, 0.074
83.920, -0.300, 0.500, -0.317, 0.346, 0.070
83.940, -0.300, 0.500, -0.321, 0.352, 0.069
83.960, -0.300, 0.500, -0.324, 0.359, 0.068
83.980, -0.300, 0.500, -0.326, 0.366, 0.066
84.000, -0.300, 0.500, -0.327, 0.373, 0.065
84.020, -0.300, 0.500, -0.328, 0.380, 0.062
84.040, -0.300, 0.500, -0.329, 0.387, 0.058
84.060, -0.300, 0.500, -0.328, 0.393, 0.054
84.080, -0.300, 0.500, -0.327, 0.398, 0.049
84.100, -0.300, 0.500, -0.327, 0.402, 0.047
84.120, -0.300, 0.500, -0.326, 0.405, 0.048
84.140, -0.300, 0.500, -0.323, 0.407, 0.051
84.160, -0.300, 0.500, -0.320, 0.408, 0.053
84.180, -0.300, 0.500, -0.316, 0.409, 0.055
84.200, -0.300, 0.500, -0.312, 0.411, 0.056
84.220, -0.300, 0.500, -0.310, 0.411, 0.057
84.240, -0.300, 0.500, -0.310, 0.412, 0.058
86.280, -0.200, 0.500, 0.000, 0.000, 0.175
86.300, -0.200, 0.500, 0.001, 0.000, 0.162
86.320, -0.200, 0.500, 0.002, 0.000, 0.145
86.340, -0.200, 0.500, 0.003, 0.001, 0.132
86.360, -0.200, 0.500, 0.004, 0.003, 0.119
86.380, -0.200, 0.500, 0.005, 0.006, 0.110
86.400, -0.200, 0.500, 0.006, 0.011, 0.104
86.420, -0.200, 0.500, 0.006, 0.016, 0.102
86.440, -0.200, 0.500, 0.005, 0.021, 0.103
86.460, -0.200, 0.500, 0.004, 0.027, 0.106
86.480, -0.200, 0.500, 0.004, 0.032, 0.112
86.500, -0.200, 0.500, 0.006, 0.036, 0.119
86.520, -0.200, 0.500, 0.008, 0.039, 0.124
86.540, -0.200, 0.500, 0.009, 0.040, 0.125
86.560, -0.200, 0.500, 0.009, 0.039, 0.121
86.580, -0.200, 0.500, 0.009, 0.038, 0.114
86.600, -0.200, 0.500, 0.007, 0.039, 0.106
86.620, -0.200, 0.500, 0.005, 0.043, 0.101
86.640, -0.200, 0.500, 0.003, 0.048, 0.096
86.660, -0.200, 0.500, -0.001, 0.055, 0.096
86.680, -0.200, 0.500, -0.004, 0.062, 0.097
86.700, -0.200, 0.500, -0.007, 0.070, 0.099
86.720, -0.200, 0.500, -0.010, 0.078, 0.102
86.740, -0.200, 0.500, -0.013, 0.086, 0.104
86.760, -0.200, 0.500, -0.016, 0.094, 0.106
86.780, -0.200, 0.500, -0.019, 0.103, 0.108
86.800, -0.200, 0.500, -0.022, 0.111, 0.109
86.820, -0.200, 0.500, -0.026, 0.119, 0.109
86.840, -0.200, 0.500, -0.030, 0.126, 0.108
86.860, -0.200, 0.500, -0.035, 0.134, 0.107
86.880, -0.200, 0.500, -0.040, 0.141, 0.105
86.900, -0.200, 0.500, -0.046, 0.147, 0.102
86.920, -0.200, 0.500, -0.052, 0.153, 0.099
86.940, -0.200, 0.500, -0.059, 0.158, 0.096
86.960, -0.200, 0.500, -0.066, 0.163, 0.091
86.980, -0.200, 0.500, -0.074, 0.167, 0.086
87.000, -0.200, 0.500, -0.083, 0.170, 0.081
87.020, -0.200, 0.500, -0.092, 0.172, 0.076
87.040, -0.200, 0.500, -0.100, 0.173, 0.073
87.060, -0.200, 0.500, -0.108, 0.173, 0.072
87.080, -0.200, 0.500, -0.115, 0.172, 0.073
87.100, -0.200, 0.500, -0.120, 0.169, 0.074
87.120, -0.200, 0.500, -0.123, 0.164, 0.077
87.140, -0.200, 0.500, -0.125, 0.159, 0.082
87.160, -0.200, 0.500, -0.124, 0.153, 0.090
87.180, -0.200, 0.500, -0.122, 0.146, 0.097
87.200, -0.200, 0.500, -0.117, 0.139, 0.100
87.220, -0.200, 0.500, -0.108, 0.133, 0.099
87.240, -0.200, 0.500, -0.098, 0.129, 0.095
87.260, -0.200, 0.500, -0.090, 0.130, 0.091
87.280, -0.200, 0.500, -0.084, 0.135, 0.087
87.300, -0.200, 0.500, -0.082, 0.144, 0.085
87.320, -0.200, 0.500, -0.083, 0.154, 0.083
87.340, -0.200, 0.500, -0.087, 0.167, 0.084
87.360, -0.200, 0.500, -0.093, 0.181, 0.086
87.380, -0.200, 0.500, -0.100, 0.196, 0.088
87.400, -0.200, 0.500, -0.108, 0.212, 0.090
87.420, -0.200, 0.500, -0.117, 0.228, 0.091
87.440, -0.200, 0.500, -0.124, 0.244, 0.090
87.460, -0.200, 0.500, -0.131, 0.258, 0.088
87.480, -0.200, 0.500, -0.136, 0.271, 0.084
87.500, -0.200, 0.500, -0.139, 0.283, 0.080
87.520, -0.200, 0.500, -0.139, 0.291, 0.076
87.540, -0.200, 0.500, -0.138, 0.298, 0.073
87.560, -0.200, 0.500, -0.135, 0.302, 0.071
87.580, -0.200, 0.500, -0.130, 0.304, 0.070
87.600, -0.200, 0.500, -0.124, 0.304, 0.070
87.620, -0.200, 0.500, -0.116, 0.302, 0.071
87.640, -0.200, 0.500, -0.107, 0.298, 0.072
87.660, -0.200, 0.500, -0.098, 0.294, 0.074
87.680, -0.200, 0.500, -0.087, 0.289, 0.075
87.700, -0.200, 0.500, -0.077, 0.285, 0.078
87.720, -0.200, 0.500, -0.067, 0.282, 0.081
87.740, -0.200, 0.500, -0.058, 0.280, 0.083
87.760, -0.200, 0.500, -0.051, 0.279, 0.084
87.780, -0.200, 0.500, -0.045, 0.280, 0.086
87.800, -0.200, 0.500, -0.040, 0.281, 0.088
87.820, -0.200, 0.500, -0.036, 0.282, 0.092
87.840, -0.200, 0.500, -0.033, 0.282, 0.093
87.860, -0.200, 0.500, -0.034, 0.282, 0.091
87.880, -0.200, 0.500, -0.039, 0.280, 0.085
87.900, -0.200, 0.500, -0.044, 0.277, 0.078
87.920, -0.200, 0.500, -0.050, 0.274, 0.071
87.940, -0.200, 0.500, -0.053, 0.273, 0.067
87.960, -0.200, 0.500, -0.055, 0.275, 0.067
87.980, -0.200, 0.500, -0.059, 0.276, 0.070
88.000, -0.200, 0.500, -0.063, 0.277, 0.075
88.020, -0.200, 0.500, -0.068, 0.278, 0.080
88.040, -0.200, 0.500, -0.073, 0.278, 0.085
88.060, -0.200, 0.500, -0.078, 0.278, 0.090
88.080, -0.200, 0.500, -0.082, 0.277, 0.094
88.100, -0.200, 0.500, -0.086, 0.277, 0.098
88.120, -0.200, 0.500, -0.089, 0.276, 0.101
88.140, -0.200, 0.500, -0.091, 0.276, 0.103
88.160, -0.200, 0.500, -0.093, 0.276, 0.105
88.180, -0.200, 0.500, -0.095, 0.275, 0.107
88.200, -0.200, 0.500, -0.097, 0.275, 0.109
88.220, -0.200, 0.500, -0.099, 0.274, 0.110
88.240, -0.200, 0.500, -0.101, 0.273, 0.112
88.260, -0.200, 0.500, -0.103, 0.273, 0.113
88.280, -0.200, 0.500, -0.105, 0.272, 0.113
88.300, -0.200, 0.500, -0.107, 0.272, 0.114
88.320, -0.200, 0.500, -0.109, 0.271, 0.114
88.340, -0.200, 0.500, -0.111, 0.271, 0.114
88.360, -0.200, 0.500, -0.114, 0.270, 0.113
88.380, -0.200, 0.500, -0.116, 0.270, 0.112
88.400, -0.200, 0.500, -0.119, 0.270, 0.111
88.420, -0.200, 0.500, -0.122, 0.270, 0.110
88.440, -0.200, 0.500, -0.124, 0.270, 0.108
88.460, -0.200, 0.500, -0.126, 0.270, 0.108
88.480, -0.200, 0.500, -0.129, 0.270, 0.111
88.500, -0.200, 0.500, -0.132, 0.272, 0.112
88.520, -0.200, 0.500, -0.134, 0.274, 0.108
88.540, -0.200, 0.500, -0.135, 0.277, 0.100
88.560, -0.200, 0.500, -0.135, 0.280, 0.090
88.580, -0.200, 0.500, -0.136, 0.286, 0.079
88.600, -0.200, 0.500, -0.137, 0.292, 0.070
88.620, -0.200, 0.500, -0.138, 0.299, 0.062
88.640, -0.200, 0.500, -0.140, 0.307, 0.056
88.660, -0.200, 0.500, -0.142, 0.316, 0.052
88.680, -0.200, 0.500, -0.144, 0.324, 0.048
88.700, -0.200, 0.500, -0.144, 0.333, 0.044
88.720, -0.200, 0.500, -0.143, 0.340, 0.045
88.740, -0.200, 0.500, -0.140, 0.344, 0.049
88.760, -0.200, 0.500, -0.138, 0.348, 0.051
88.780, -0.200, 0.500, -0.137, 0.352, 0.052
88.800, -0.200, 0.500, -0.135, 0.357, 0.052
88.820, -0.200, 0.500, -0.133, 0.360, 0.053
88.840, -0.200, 0.500, -0.132, 0.362, 0.054
88.860, -0.200, 0.500, -0.132, 0.363, 0.054
88.880, -0.200, 0.500, -0.131, 0.363, 0.055
88.900, -0.200, 0.500, -0.131, 0.362, 0.056
88.920, -0.200, 0.500, -0.131, 0.360, 0.057
88.940, -0.200, 0.500, -0.132, 0.358, 0.058
88.960, -0.200, 0.500, -0.133, 0.355, 0.059
88.980, -0.200, 0.500, -0.135, 0.351, 0.060
89.000, -0.200, 0.500, -0.136, 0.347, 0.062
89.020, -0.200, 0.500, -0.137, 0.343, 0.066
89.040, -0.200, 0.500, -0.137, 0.340, 0.070
89.060, -0.200, 0.500, -0.136, 0.337, 0.075
89.080, -0.200, 0.500, -0.136, 0.334, 0.081
89.100, -0.200, 0.500, -0.136, 0.331, 0.087
89.120, -0.200, 0.500, -0.135, 0.328, 0.094
89.140, -0.200, 0.500, -0.136, 0.324, 0.101
89.160, -0.200, 0.500, -0.138, 0.320, 0.103
89.180, -0.200, 0.500, -0.141, 0.314, 0.102
89.200, -0.200, 0.500, -0.145, 0.310, 0.099
89.220, -0.200, 0.500, -0.148, 0.308, 0.095
89.240, -0.200, 0.500, -0.151, 0.308, 0.091
89.260, -0.200, 0.500, -0.152, 0.311, 0.090
89.280, -0.200, 0.500, -0.153, 0.314, 0.091
89.300, -0.200, 0.500, -0.153, 0.319, 0.093
89.320, -0.200, 0.500, -0.154, 0.324, 0.097
89.340, -0.200, 0.500, -0.154, 0.329, 0.101
89.360, -0.200, 0.500, -0.154, 0.334, 0.105
89.380, -0.200, 0.500, -0.154, 0.339, 0.109
89.400, -0.200, 0.500, -0.154, 0.344, 0.113
89.420, -0.200, 0.500, -0.154, 0.349, 0.116
89.440, -0.200, 0.500, -0.154, 0.353, 0.118
89.460, -0.200, 0.500, -0.154, 0.357, 0.120
89.480, -0.200, 0.500, -0.154, 0.360, 0.121
89.500, -0.200, 0.500, -0.154, 0.362, 0.123
89.520, -0.200, 0.500, -0.153, 0.364, 0.124
89.540, -0.200, 0.500, -0.153, 0.365, 0.125
89.560, -0.200, 0.500, -0.152, 0.366, 0.126
89.580, -0.200, 0.500, -0.150, 0.366, 0.127
89.600, -0.200, 0.500, -0.149, 0.366, 0.127
89.620, -0.200, 0.500, -0.148, 0.366, 0.127
89.640, -0.200, 0.500, -0.148, 0.365, 0.126
89.660, -0.200, 0.500, -0.148, 0.364, 0.125
89.680, -0.200, 0.500, -0.148, 0.363, 0.123
89.700, -0.200, 0.500, -0.150, 0.362, 0.122
89.720, -0.200, 0.500, -0.151, 0.360, 0.120
89.740, -0.200, 0.500, -0.153, 0.359, 0.119
89.760, -0.200, 0.500, -0.156, 0.358, 0.118
89.780, -0.200, 0.500, -0.159, 0.357, 0.118
89.800, -0.200, 0.500, -0.163, 0.357, 0.116
89.820, -0.200, 0.500, -0.168, 0.356, 0.112
89.840, -0.200, 0.500, -0.175, 0.356, 0.106
89.860, -0.200, 0.500, -0.182, 0.356, 0.097
89.880, -0.200, 0.500, -0.189, 0.358, 0.088
89.900, -0.200, 0.500, -0.194, 0.360, 0.080
89.920, -0.200, 0.500, -0.198, 0.363, 0.074
89.940, -0.200, 0.500, -0.201, 0.368, 0.071
89.960, -0.200, 0.500, -0.203, 0.373, 0.071
89.980, -0.200, 0.500, -0.202, 0.379, 0.071
90.000, -0.200, 0.500, -0.201, 0.385, 0.071
90.020, -0.200, 0.500, -0.199, 0.392, 0.070
90.040, -0.200, 0.500, -0.197, 0.398, 0.068
90.060, -0.200, 0.500, -0.194, 0.404, 0.066
90.080, -0.200, 0.500, -0.191, 0.410, 0.063
90.100, -0.200, 0.500, -0.188, 0.415, 0.060
90.120, -0.200, 0.500, -0.186, 0.420, 0.056
90.140, -0.200, 0.500, -0.182, 0.425, 0.053
90.160, -0.200, 0.500, -0.178, 0.430, 0.049
90.180, -0.200, 0.500, -0.177, 0.434, 0.050
90.200, -0.200, 0.500, -0.173, 0.438, 0.054
90.220, -0.200, 0.500, -0.169, 0.441, 0.059
90.240, -0.200, 0.500, -0.165, 0.444, 0.062
90.260, -0.200, 0.500, -0.161, 0.445, 0.063
92.300, -0.100, 0.500, 0.000, 0.000, 0.175
92.320, -0.100, 0.500, 0.001, 0.000, 0.162
92.340, -0.100, 0.500, 0.001, -0.000, 0.149
92.360, -0.100, 0.500, 0.003, 0.000, 0.133
92.380, -0.100, 0.500, 0.004, 0.003, 0.120
92.400, -0.100, 0.500, 0.006, 0.006, 0.112
92.420, -0.100, 0.500, 0.007, 0.010, 0.106
92.440, -0.100, 0.500, 0.008, 0.015, 0.105
92.460, -0.100, 0.500, 0.008, 0.021, 0.107
92.480, -0.100, 0.500, 0.008, 0.027, 0.108
92.500, -0.100, 0.500, 0.009, 0.033, 0.112
92.520, -0.100, 0.500, 0.010, 0.038, 0.118
92.540, -0.100, 0.500, 0.013, 0.041, 0.124
92.560, -0.100, 0.500, 0.014, 0.043, 0.126
92.580, -0.100, 0.500, 0.015, 0.044, 0.122
92.600, -0.100, 0.500, 0.014, 0.044, 0.114
92.620, -0.100, 0.500, 0.012, 0.047, 0.107
92.640, -0.100, 0.500, 0.009, 0.051, 0.100
92.660, -0.100, 0.500, 0.006, 0.057, 0.097
92.680, -0.100, 0.500, 0.003, 0.065, 0.094
92.700, -0.100, 0.500, 0.000, 0.073, 0.095
92.720, -0.100, 0.500, -0.002, 0.082, 0.095
92.740, -0.100, 0.500, -0.004, 0.092, 0.097
92.760, -0.100, 0.500, -0.006, 0.102, 0.098
92.780, -0.100, 0.500, -0.008, 0.111, 0.099
92.800, -0.100, 0.500, -0.010, 0.120, 0.098
92.820, -0.100, 0.500, -0.012, 0.129, 0.098
92.840, -0.100, 0.500, -0.015, 0.138, 0.096
92.860, -0.100, 0.500, -0.019, 0.146, 0.094
92.880, -0.100, 0.500, -0.024, 0.153, 0.091
92.900, -0.100, 0.500, -0.030, 0.160, 0.088
92.920, -0.100, 0.500, -0.037, 0.166, 0.084
92.940, -0.100, 0.500, -0.045, 0.171, 0.080
92.960, -0.100, 0.500, -0.053, 0.176, 0.076
92.980, -0.100, 0.500, -0.063, 0.180, 0.070
93.000, -0.100, 0.500, -0.074, 0.184, 0.065
93.020, -0.100, 0.500, -0.082, 0.186, 0.062
93.040, -0.100, 0.500, -0.085, 0.189, 0.065
93.060, -0.100, 0.500, -0.088, 0.188, 0.070
93.080, -0.100, 0.500, -0.090, 0.186, 0.074
93.100, -0.100, 0.500, -0.092, 0.183, 0.077
93.120, -0.100, 0.500, -0.093, 0.178, 0.080
93.140, -0.100, 0.500, -0.093, 0.173, 0.084
93.160, -0.100, 0.500, -0.093, 0.166, 0.089
93.180, -0.100, 0.500, -0.092, 0.160, 0.095
93.200, -0.100, 0.500, -0.091, 0.152, 0.100
93.220, -0.100, 0.500, -0.088, 0.144, 0.100
93.240, -0.100, 0.500, -0.082, 0.138, 0.096
93.260, -0.100, 0.500, -0.077, 0.134, 0.091
93.280, -0.100, 0.500, -0.071, 0.133, 0.085
93.300, -0.100, 0.500, -0.068, 0.137, 0.082
93.320, -0.100, 0.500, -0.066, 0.142, 0.079
93.340, -0.100, 0.500, -0.067, 0.149, 0.079
93.360, -0.100, 0.500, -0.069, 0.158, 0.081
93.380, -0.100, 0.500, -0.073, 0.167, 0.084
93.400, -0.100, 0.500, -0.077, 0.177, 0.088
93.420, -0.100, 0.500, -0.083, 0.188, 0.091
93.440, -0.100, 0.500, -0.089, 0.199, 0.093
93.460, -0.100, 0.500, -0.095, 0.210, 0.095
93.480, -0.100, 0.500, -0.100, 0.221, 0.095
93.500, -0.100, 0.500, -0.104, 0.230, 0.095
93.520, -0.100, 0.500, -0.108, 0.239, 0.094
93.540, -0.100, 0.500, -0.111, 0.246, 0.094
93.560, -0.100, 0.500, -0.113, 0.252, 0.093
93.580, -0.100, 0.500, -0.114, 0.256, 0.092
93.600, -0.100, 0.500, -0.115, 0.258, 0.092
93.620, -0.100, 0.500, -0.116, 0.258, 0.092
93.640, -0.100, 0.500, -0.117, 0.257, 0.093
93.660, -0.100, 0.500, -0.117, 0.255, 0.093
93.680, -0.100, 0.500, -0.117, 0.251, 0.094
93.700, -0.100, 0.500, -0.116, 0.247, 0.095
93.720, -0.100, 0.500, -0.115, 0.242, 0.096
93.740, -0.100, 0.500, -0.112, 0.236, 0.097
93.760, -0.100, 0.500, -0.109, 0.230, 0.097
93.780, -0.100, 0.500, -0.105, 0.224, 0.098
93.800, -0.100, 0.500, -0.100, 0.218, 0.100
93.820, -0.100, 0.500, -0.095, 0.213, 0.105
93.840, -0.100, 0.500, -0.090, 0.209, 0.111
93.860, -0.100, 0.500, -0.084, 0.207, 0.115
93.880, -0.100, 0.500, -0.079, 0.206, 0.114
93.900, -0.100, 0.500, -0.073, 0.207, 0.108
93.920, -0.100, 0.500, -0.068, 0.208, 0.100
93.940, -0.100, 0.500, -0.064, 0.211, 0.093
93.960, -0.100, 0.500, -0.060, 0.214, 0.086
93.980, -0.100, 0.500, -0.058, 0.218, 0.083
94.000, -0.100, 0.500, -0.057, 0.222, 0.082
94.020, -0.100, 0.500, -0.058, 0.226, 0.084
94.040, -0.100, 0.500, -0.061, 0.230, 0.087
94.060, -0.100, 0.500, -0.066, 0.235, 0.090
94.080, -0.100, 0.500, -0.072, 0.239, 0.094
94.100, -0.100, 0.500, -0.080, 0.243, 0.096
94.120, -0.100, 0.500, -0.088, 0.247, 0.098
94.140, -0.100, 0.500, -0.096, 0.251, 0.099
94.160, -0.100, 0.500, -0.103, 0.255, 0.099
94.180, -0.100, 0.500, -0.109, 0.259, 0.098
94.200, -0.100, 0.500, -0.115, 0.263, 0.097
94.220, -0.100, 0.500, -0.120, 0.267, 0.095
94.240, -0.100, 0.500, -0.125, 0.271, 0.094
94.260, -0.100, 0.500, -0.131, 0.274, 0.092
94.280, -0.100, 0.500, -0.136, 0.277, 0.090
94.300, -0.100, 0.500, -0.143, 0.281, 0.087
94.320, -0.100, 0.500, -0.150, 0.283, 0.084
94.340, -0.100, 0.500, -0.158, 0.285, 0.080
94.360, -0.100, 0.500, -0.167, 0.287, 0.079
94.380, -0.100, 0.500, -0.176, 0.289, 0.078
94.400, -0.100, 0.500, -0.184, 0.290, 0.078
94.420, -0.100, 0.500, -0.191, 0.291, 0.079
94.440, -0.100, 0.500, -0.195, 0.290, 0.080
94.460, -0.100, 0.500, -0.198, 0.289, 0.083
94.480, -0.100, 0.500, -0.198, 0.287, 0.087
94.500, -0.100, 0.500, -0.196, 0.283, 0.093
94.520, -0.100, 0.500, -0.192, 0.278, 0.097
94.540, -0.100, 0.500, -0.183, 0.273, 0.098
94.560, -0.100, 0.500, -0.173, 0.268, 0.096
94.580, -0.100, 0.500, -0.161, 0.266, 0.094
94.600, -0.100, 0.500, -0.152, 0.267, 0.091
94.620, -0.100, 0.500, -0.148, 0.272, 0.089
94.640, -0.100, 0.500, -0.146, 0.279, 0.088
94.660, -0.100, 0.500, -0.146, 0.288, 0.089
94.680, -0.100, 0.500, -0.149, 0.297, 0.090
94.700, -0.100, 0.500, -0.154, 0.308, 0.092
94.720, -0.100, 0.500, -0.160, 0.319, 0.094
94.740, -0.100, 0.500, -0.166, 0.330, 0.095
94.760, -0.100, 0.500, -0.173, 0.341, 0.095
94.780, -0.100, 0.500, -0.178, 0.352, 0.094
94.800, -0.100, 0.500, -0.183, 0.362, 0.093
94.820, -0.100, 0.500, -0.186, 0.371, 0.091
94.840, -0.100, 0.500, -0.187, 0.378, 0.089
94.860, -0.100, 0.500, -0.186, 0.385, 0.087
94.880, -0.100, 0.500, -0.183, 0.390, 0.086
94.900, -0.100, 0.500, -0.180, 0.393, 0.086
94.920, -0.100, 0.500, -0.175, 0.395, 0.087
94.940, -0.100, 0.500, -0.169, 0.396, 0.087
94.960, -0.100, 0.500, -0.163, 0.396, 0.089
94.980, -0.100, 0.500, -0.156, 0.395, 0.089
95.000, -0.100, 0.500, -0.148, 0.393, 0.090
95.020, -0.100, 0.500, -0.141, 0.391, 0.091
95.040, -0.100, 0.500, -0.133, 0.390, 0.091
95.060, -0.100, 0.500, -0.124, 0.388, 0.093
95.080, -0.100, 0.500, -0.115, 0.387, 0.095
95.100, -0.100, 0.500, -0.107, 0.387, 0.098
95.120, -0.100, 0.500, -0.100, 0.388, 0.100
95.140, -0.100, 0.500, -0.094, 0.389, 0.104
95.160, -0.100, 0.500, -0.091, 0.390, 0.107
95.180, -0.100, 0.500, -0.091, 0.390, 0.107
95.200, -0.100, 0.500, -0.094, 0.389, 0.103
95.220, -0.100, 0.500, -0.101, 0.386, 0.096
95.240, -0.100, 0.500, -0.109, 0.384, 0.090
95.260, -0.100, 0.500, -0.115, 0.383, 0.085
95.280, -0.100, 0.500, -0.121, 0.382, 0.082
95.300, -0.100, 0.500, -0.125, 0.383, 0.081
95.320, -0.100, 0.500, -0.128, 0.386, 0.082
95.340, -0.100, 0.500, -0.130, 0.388, 0.085
95.360, -0.100, 0.500, -0.132, 0.392, 0.087
95.380, -0.100, 0.500, -0.134, 0.395, 0.090
95.400, -0.100, 0.500, -0.135, 0.399, 0.093
95.420, -0.100, 0.500, -0.137, 0.403, 0.095
95.440, -0.100, 0.500, -0.138, 0.406, 0.097
95.460, -0.100, 0.500, -0.139, 0.410, 0.098
95.480, -0.100, 0.500, -0.140, 0.413, 0.099
95.500, -0.100, 0.500, -0.141, 0.416, 0.100
95.520, -0.100, 0.500, -0.143, 0.418, 0.101
95.540, -0.100, 0.500, -0.145, 0.420, 0.102
95.560, -0.100, 0.500, -0.148, 0.422, 0.103
95.580, -0.100, 0.500, -0.151, 0.423, 0.104
95.600, -0.100, 0.500, -0.155, 0.423, 0.105
95.620, -0.100, 0.500, -0.159, 0.423, 0.106
95.640, -0.100, 0.500, -0.163, 0.423, 0.107
95.660, -0.100, 0.500, -0.168, 0.422, 0.107
95.680, -0.100, 0.500, -0.172, 0.421, 0.107
95.700, -0.100, 0.500, -0.177, 0.419, 0.106
95.720, -0.100, 0.500, -0.182, 0.418, 0.106
95.740, -0.100, 0.500, -0.187, 0.416, 0.105
95.760, -0.100, 0.500, -0.192, 0.414, 0.106
95.780, -0.100, 0.500, -0.197, 0.413, 0.110
95.800, -0.100, 0.500, -0.201, 0.412, 0.114
95.820, -0.100, 0.500, -0.204, 0.411, 0.118
95.840, -0.100, 0.500, -0.205, 0.411, 0.116
95.860, -0.100, 0.500, -0.202, 0.411, 0.108
95.880, -0.100, 0.500, -0.198, 0.413, 0.099
95.900, -0.100, 0.500, -0.193, 0.415, 0.089
95.920, -0.100, 0.500, -0.189, 0.419, 0.080
95.940, -0.100, 0.500, -0.186, 0.423, 0.075
95.960, -0.100, 0.500, -0.185, 0.428, 0.072
95.980, -0.100, 0.500, -0.184, 0.434, 0.070
96.000, -0.100, 0.500, -0.184, 0.441, 0.069
96.020, -0.100, 0.500, -0.184, 0.447, 0.069
96.040, -0.100, 0.500, -0.184, 0.455, 0.068
96.060, -0.100, 0.500, -0.184, 0.462, 0.067
96.080, -0.100, 0.500, -0.184, 0.470, 0.065
96.100, -0.100, 0.500, -0.183, 0.478, 0.063
96.120, -0.100, 0.500, -0.182, 0.486, 0.060
96.140, -0.100, 0.500, -0.180, 0.495, 0.057
96.160, -0.100, 0.500, -0.176, 0.503, 0.054
96.180, -0.100, 0.500, -0.172, 0.512, 0.051
96.200, -0.100, 0.500, -0.168, 0.520, 0.054
96.220, -0.100, 0.500, -0.163, 0.526, 0.060
96.240, -0.100, 0.500, -0.159, 0.530, 0.063
96.260, -0.100, 0.500, -0.156, 0.534, 0.065
96.280, -0.100, 0.500, -0.154, 0.536, 0.067
98.320, -0.000, 0.500, 0.000, 0.000, 0.175
98.340, -0.000, 0.500, 0.001, -0.000, 0.162
98.360, -0.000, 0.500, 0.002, -0.000, 0.145
98.380, -0.000, 0.500, 0.003, 0.000, 0.130
98.400, -0.000, 0.500, 0.004, 0.002, 0.119
98.420, -0.000, 0.500, 0.007, 0.006, 0.110
98.440, -0.000, 0.500, 0.009, 0.010, 0.105
98.460, -0.000, 0.500, 0.011, 0.015, 0.103
98.480, -0.000, 0.500, 0.013, 0.020, 0.105
98.500, -0.000, 0.500, 0.015, 0.026, 0.107
98.520, -0.000, 0.500, 0.017, 0.030, 0.111
98.540, -0.000, 0.500, 0.020, 0.034, 0.117
98.560, -0.000, 0.500, 0.023, 0.038, 0.123
98.580, -0.000, 0.500, 0.025, 0.040, 0.125
98.600, -0.000, 0.500, 0.025, 0.040, 0.120
98.620, -0.000, 0.500, 0.023, 0.041, 0.113
98.640, -0.000, 0.500, 0.020, 0.043, 0.105
98.660, -0.000, 0.500, 0.017, 0.048, 0.100
98.680, -0.000, 0.500, 0.013, 0.055, 0.095
98.700, -0.000, 0.500, 0.011, 0.063, 0.094
98.720, -0.000, 0.500, 0.009, 0.073, 0.093
98.740, -0.000, 0.500, 0.008, 0.084, 0.093
98.760, -0.000, 0.500, 0.008, 0.095, 0.094
98.780, -0.000, 0.500, 0.008, 0.106, 0.094
98.800, -0.000, 0.500, 0.008, 0.117, 0.093
98.820, -0.000, 0.500, 0.008, 0.127, 0.092
98.840, -0.000, 0.500, 0.007, 0.137, 0.090
98.860, -0.000, 0.500, 0.005, 0.145, 0.087
98.880, -0.000, 0.500, 0.002, 0.153, 0.084
98.900, -0.000, 0.500, -0.003, 0.160, 0.080
98.920, -0.000, 0.500, -0.009, 0.166, 0.076
98.940, -0.000, 0.500, -0.016, 0.170, 0.072
98.960, -0.000, 0.500, -0.025, 0.174, 0.068
98.980, -0.000, 0.500, -0.035, 0.177, 0.064
99.000, -0.000, 0.500, -0.047, 0.180, 0.060
99.020, -0.000, 0.500, -0.051, 0.184, 0.061
99.040, -0.000, 0.500, -0.055, 0.186, 0.066
99.060, -0.000, 0.500, -0.060, 0.187, 0.070
99.080, -0.000, 0.500, -0.066, 0.186, 0.073
99.100, -0.000, 0.500, -0.071, 0.185, 0.075
99.120, -0.000, 0.500, -0.075, 0.183, 0.075
99.140, -0.000, 0.500, -0.079, 0.179, 0.074
99.160, -0.000, 0.500, -0.082, 0.173, 0.074
99.180, -0.000, 0.500, -0.085, 0.167, 0.075
99.200, -0.000, 0.500, -0.088, 0.160, 0.078
99.220, -0.000, 0.500, -0.090, 0.152, 0.082
99.240, -0.000, 0.500, -0.088, 0.144, 0.083
99.260, -0.000, 0.500, -0.084, 0.136, 0.080
99.280, -0.000, 0.500, -0.077, 0.128, 0.075
99.300, -0.000, 0.500, -0.070, 0.124, 0.071
99.320, -0.000, 0.500, -0.065, 0.123, 0.067
99.340, -0.000, 0.500, -0.063, 0.126, 0.067
99.360, -0.000, 0.500, -0.061, 0.130, 0.068
99.380, -0.000, 0.500, -0.060, 0.136, 0.071
99.400, -0.000, 0.500, -0.060, 0.142, 0.074
99.420, -0.000, 0.500, -0.061, 0.148, 0.078
99.440, -0.000, 0.500, -0.063, 0.155, 0.082
99.460, -0.000, 0.500, -0.066, 0.162, 0.085
99.480, -0.000, 0.500, -0.069, 0.168, 0.087
99.500, -0.000, 0.500, -0.072, 0.175, 0.088
99.520, -0.000, 0.500, -0.075, 0.180, 0.088
99.540, -0.000, 0.500, -0.077, 0.185, 0.089
99.560, -0.000, 0.500, -0.079, 0.189, 0.089
99.580, -0.000, 0.500, -0.080, 0.191, 0.089
99.600, -0.000, 0.500, -0.080, 0.193, 0.089
99.620, -0.000, 0.500, -0.081, 0.194, 0.089
99.640, -0.000, 0.500, -0.082, 0.193, 0.090
99.660, -0.000, 0.500, -0.083, 0.193, 0.090
99.680, -0.000, 0.500, -0.085, 0.191, 0.091
99.700, -0.000, 0.500, -0.086, 0.189, 0.090
99.720, -0.000, 0.500, -0.087, 0.187, 0.090
99.740, -0.000, 0.500, -0.087, 0.185, 0.089
99.760, -0.000, 0.500, -0.087, 0.182, 0.089
99.780, -0.000, 0.500, -0.086, 0.180, 0.088
99.800, -0.000, 0.500, -0.085, 0.178, 0.087
99.820, -0.000, 0.500, -0.084, 0.176, 0.087
99.840, -0.000, 0.500, -0.082, 0.174, 0.087
99.860, -0.000, 0.500, -0.081, 0.173, 0.090
99.880, -0.000, 0.500, -0.079, 0.172, 0.094
99.900, -0.000, 0.500, -0.075, 0.174, 0.095
99.920, -0.000, 0.500, -0.069, 0.177, 0.091
99.940, -0.000, 0.500, -0.062, 0.180, 0.086
99.960, -0.000, 0.500, -0.056, 0.185, 0.080
99.980, -0.000, 0.500, -0.052, 0.190, 0.074
100.000, -0.000, 0.500, -0.049, 0.196, 0.069
100.020, -0.000, 0.500, -0.049, 0.201, 0.066
100.040, -0.000, 0.500, -0.050, 0.206, 0.064
100.060, -0.000, 0.500, -0.054, 0.212, 0.063
100.080, -0.000, 0.500, -0.061, 0.217, 0.062
100.100, -0.000, 0.500, -0.069, 0.222, 0.060
100.120, -0.000, 0.500, -0.078, 0.227, 0.058
100.140, -0.000, 0.500, -0.087, 0.231, 0.055
100.160, -0.000, 0.500, -0.091, 0.238, 0.055
100.180, -0.000, 0.500, -0.097, 0.243, 0.058
100.200, -0.000, 0.500, -0.101, 0.248, 0.059
100.220, -0.000, 0.500, -0.104, 0.253, 0.059
100.240, -0.000, 0.500, -0.107, 0.257, 0.059
100.260, -0.000, 0.500, -0.109, 0.259, 0.060
100.280, -0.000, 0.500, -0.110, 0.260, 0.060
100.300, -0.000, 0.500, -0.110, 0.259, 0.061
100.320, -0.000, 0.500, -0.109, 0.257, 0.062
100.340, -0.000, 0.500, -0.108, 0.254, 0.063
100.360, -0.000, 0.500, -0.106, 0.251, 0.064
100.380, -0.000, 0.500, -0.106, 0.247, 0.065
100.400, -0.000, 0.500, -0.106, 0.242, 0.067
100.420, -0.000, 0.500, -0.107, 0.238, 0.069
100.440, -0.000, 0.500, -0.109, 0.234, 0.071
100.460, -0.000, 0.500, -0.111, 0.230, 0.074
100.480, -0.000, 0.500, -0.112, 0.227, 0.078
100.500, -0.000, 0.500, -0.114, 0.224, 0.082
100.520, -0.000, 0.500, -0.115, 0.221, 0.088
100.540, -0.000, 0.500, -0.114, 0.217, 0.091
100.560, -0.000, 0.500, -0.110, 0.213, 0.090
100.580, -0.000, 0.500, -0.104, 0.210, 0.087
100.600, -0.000, 0.500, -0.098, 0.209, 0.082
100.620, -0.000, 0.500, -0.094, 0.211, 0.079
100.640, -0.000, 0.500, -0.091, 0.215, 0.077
100.660, -0.000, 0.500, -0.091, 0.220, 0.078
100.680, -0.000, 0.500, -0.091, 0.227, 0.080
100.700, -0.000, 0.500, -0.093, 0.234, 0.084
100.720, -0.000, 0.500, -0.096, 0.242, 0.088
100.740, -0.000, 0.500, -0.099, 0.250, 0.093
100.760, -0.000, 0.500, -0.103, 0.258, 0.096
100.780, -0.000, 0.500, -0.107, 0.266, 0.099
100.800, -0.000, 0.500, -0.110, 0.274, 0.102
100.820, -0.000, 0.500, -0.114, 0.281, 0.103
100.840, -0.000, 0.500, -0.116, 0.287, 0.104
100.860, -0.000, 0.500, -0.118, 0.292, 0.105
100.880, -0.000, 0.500, -0.120, 0.296, 0.105
100.900, -0.000, 0.500, -0.121, 0.299, 0.106
100.920, -0.000, 0.500, -0.122, 0.300, 0.107
100.940, -0.000, 0.500, -0.123, 0.300, 0.108
100.960, -0.000, 0.500, -0.125, 0.299, 0.109
100.980, -0.000, 0.500, -0.126, 0.297, 0.110
101.000, -0.000, 0.500, -0.126, 0.295, 0.110
101.020, -0.000, 0.500, -0.127, 0.292, 0.111
101.040, -0.000, 0.500, -0.126, 0.288, 0.111
101.060, -0.000, 0.500, -0.125, 0.284, 0.111
101.080, -0.000, 0.500, -0.123, 0.280, 0.111
101.100, -0.000, 0.500, -0.121, 0.277, 0.111
101.120, -0.000, 0.500, -0.118, 0.274, 0.111
101.140, -0.000, 0.500, -0.115, 0.271, 0.112
101.160, -0.000, 0.500, -0.111, 0.269, 0.113
101.180, -0.000, 0.500, -0.107, 0.268, 0.114
101.200, -0.000, 0.500, -0.101, 0.267, 0.112
101.220, -0.000, 0.500, -0.092, 0.268, 0.109
101.240, -0.000, 0.500, -0.084, 0.271, 0.102
101.260, -0.000, 0.500, -0.076, 0.274, 0.097
101.280, -0.000, 0.500, -0.069, 0.277, 0.091
101.300, -0.000, 0.500, -0.064, 0.282, 0.087
101.320, -0.000, 0.500, -0.061, 0.287, 0.085
101.340, -0.000, 0.500, -0.060, 0.292, 0.085
101.360, -0.000, 0.500, -0.061, 0.297, 0.085
101.380, -0.000, 0.500, -0.065, 0.302, 0.086
101.400, -0.000, 0.500, -0.070, 0.308, 0.087
101.420, -0.000, 0.500, -0.076, 0.312, 0.087
101.440, -0.000, 0.500, -0.083, 0.317, 0.087
101.460, -0.000, 0.500, -0.089, 0.322, 0.085
101.480, -0.000, 0.500, -0.095, 0.326, 0.083
101.500, -0.000, 0.500, -0.101, 0.330, 0.081
101.520, -0.000, 0.500, -0.107, 0.334, 0.078
101.540, -0.000, 0.500, -0.113, 0.338, 0.074
101.560, -0.000, 0.500, -0.120, 0.342, 0.070
101.580, -0.000, 0.500, -0.127, 0.346, 0.066
101.600, -0.000, 0.500, -0.136, 0.350, 0.061
101.620, -0.000, 0.500, -0.141, 0.355, 0.059
101.640, -0.000, 0.500, -0.147, 0.358, 0.064
101.660, -0.000, 0.500, -0.150, 0.359, 0.068
101.680, -0.000, 0.500, -0.153, 0.360, 0.071
101.700, -0.000, 0.500, -0.154, 0.360, 0.072
101.720, -0.000, 0.500, -0.155, 0.358, 0.072
101.740, -0.000, 0.500, -0.155, 0.355, 0.073
101.760, -0.000, 0.500, -0.155, 0.351, 0.074
101.780, -0.000, 0.500, -0.156, 0.347, 0.077
101.800, -0.000, 0.500, -0.157, 0.341, 0.080
101.820, -0.000, 0.500, -0.158, 0.336, 0.086
101.840, -0.000, 0.500, -0.158, 0.329, 0.091
101.860, -0.000, 0.500, -0.155, 0.322, 0.093
101.880, -0.000, 0.500, -0.149, 0.316, 0.090
101.900, -0.000, 0.500, -0.142, 0.312, 0.085
101.920, -0.000, 0.500, -0.135, 0.310, 0.081
101.940, -0.000, 0.500, -0.130, 0.312, 0.078
101.960, -0.000, 0.500, -0.127, 0.317, 0.077
101.980, -0.000, 0.500, -0.126, 0.322, 0.078
102.000, -0.000, 0.500, -0.128, 0.329, 0.080
102.020, -0.000, 0.500, -0.131, 0.336, 0.083
102.040, -0.000, 0.500, -0.135, 0.343, 0.087
102.060, -0.000, 0.500, -0.140, 0.351, 0.091
102.080, -0.000, 0.500, -0.145, 0.359, 0.093
102.100, -0.000, 0.500, -0.150, 0.367, 0.096
102.120, -0.000, 0.500, -0.154, 0.375, 0.097
102.140, -0.000, 0.500, -0.158, 0.381, 0.098
102.160, -0.000, 0.500, -0.161, 0.387, 0.098
102.180, -0.000, 0.500, -0.163, 0.392, 0.098
102.200, -0.000, 0.500, -0.164, 0.395, 0.099
102.220, -0.000, 0.500, -0.165, 0.398, 0.099
102.240, -0.000, 0.500, -0.166, 0.399, 0.100
102.260, -0.000, 0.500, -0.167, 0.399, 0.101
102.280, -0.000, 0.500, -0.168, 0.398, 0.102
102.300, -0.000, 0.500, -0.169, 0.396, 0.103
104.340, 0.100, 0.500, 0.000, 0.000, 0.175
104.360, 0.100, 0.500, 0.001, -0.000, 0.162
104.380, 0.100, 0.500, 0.002, -0.001, 0.145
104.400, 0.100, 0.500, 0.002, 0.000, 0.131
104.420, 0.100, 0.500, 0.004, 0.002, 0.119
104.440, 0.100, 0.500, 0.007, 0.005, 0.111
104.460, 0.100, 0.500, 0.011, 0.009, 0.107
104.480, 0.100, 0.500, 0.014, 0.014, 0.106
104.500, 0.100, 0.500, 0.017, 0.019, 0.108
104.520, 0.100, 0.500, 0.020, 0.024, 0.109
104.540, 0.100, 0.500, 0.024, 0.029, 0.111
104.560, 0.100, 0.500, 0.028, 0.034, 0.116
104.580, 0.100, 0.500, 0.032, 0.038, 0.122
104.600, 0.100, 0.500, 0.035, 0.040, 0.123
104.620, 0.100, 0.500, 0.035, 0.041, 0.118
104.640, 0.100, 0.500, 0.032, 0.042, 0.111
104.660, 0.100, 0.500, 0.029, 0.045, 0.105
104.680, 0.100, 0.500, 0.025, 0.050, 0.099
104.700, 0.100, 0.500, 0.022, 0.057, 0.095
104.720, 0.100, 0.500, 0.020, 0.067, 0.093
104.740, 0.100, 0.500, 0.019, 0.078, 0.092
104.760, 0.100, 0.500, 0.019, 0.089, 0.092
104.780, 0.100, 0.500, 0.021, 0.101, 0.091
104.800, 0.100, 0.500, 0.023, 0.113, 0.090
104.820, 0.100, 0.500, 0.025, 0.125, 0.088
104.840, 0.100, 0.500, 0.027, 0.136, 0.085
104.860, 0.100, 0.500, 0.028, 0.146, 0.082
104.880, 0.100, 0.500, 0.028, 0.154, 0.078
104.900, 0.100, 0.500, 0.025, 0.161, 0.073
104.920, 0.100, 0.500, 0.021, 0.167, 0.069
104.940, 0.100, 0.500, 0.015, 0.170, 0.064
104.960, 0.100, 0.500, 0.008, 0.173, 0.060
104.980, 0.100, 0.500, -0.002, 0.175, 0.056
105.000, 0.100, 0.500, -0.010, 0.176, 0.055
105.020, 0.100, 0.500, -0.014, 0.178, 0.060
105.040, 0.100, 0.500, -0.019, 0.179, 0.067
105.060, 0.100, 0.500, -0.026, 0.180, 0.072
105.080, 0.100, 0.500, -0.033, 0.180, 0.074
105.100, 0.100, 0.500, -0.040, 0.179, 0.073
105.120, 0.100, 0.500, -0.045, 0.178, 0.071
105.140, 0.100, 0.500, -0.049, 0.177, 0.068
105.160, 0.100, 0.500, -0.048, 0.175, 0.069
105.180, 0.100, 0.500, -0.048, 0.173, 0.073
105.200, 0.100, 0.500, -0.049, 0.170, 0.076
105.220, 0.100, 0.500, -0.051, 0.166, 0.081
105.240, 0.100, 0.500, -0.052, 0.160, 0.086
105.260, 0.100, 0.500, -0.050, 0.153, 0.086
105.280, 0.100, 0.500, -0.045, 0.145, 0.081
105.300, 0.100, 0.500, -0.039, 0.139, 0.076
105.320, 0.100, 0.500, -0.033, 0.134, 0.070
105.340, 0.100, 0.500, -0.031, 0.135, 0.068
105.360, 0.100, 0.500, -0.028, 0.137, 0.068
105.380, 0.100, 0.500, -0.023, 0.139, 0.070
105.400, 0.100, 0.500, -0.019, 0.142, 0.074
105.420, 0.100, 0.500, -0.015, 0.145, 0.080
105.440, 0.100, 0.500, -0.012, 0.149, 0.085
105.460, 0.100, 0.500, -0.011, 0.152, 0.090
105.480, 0.100, 0.500, -0.010, 0.155, 0.095
105.500, 0.100, 0.500, -0.009, 0.159, 0.099
105.520, 0.100, 0.500, -0.009, 0.162, 0.102
105.540, 0.100, 0.500, -0.008, 0.164, 0.105
105.560, 0.100, 0.500, -0.007, 0.166, 0.107
105.580, 0.100, 0.500, -0.007, 0.168, 0.110
105.600, 0.100, 0.500, -0.006, 0.170, 0.112
105.620, 0.100, 0.500, -0.005, 0.170, 0.113
105.640, 0.100, 0.500, -0.004, 0.170, 0.115
105.660, 0.100, 0.500, -0.003, 0.170, 0.116
105.680, 0.100, 0.500, -0.003, 0.170, 0.117
105.700, 0.100, 0.500, -0.003, 0.170, 0.117
105.720, 0.100, 0.500, -0.003, 0.170, 0.117
105.740, 0.100, 0.500, -0.004, 0.169, 0.116
105.760, 0.100, 0.500, -0.003, 0.169, 0.115
105.780, 0.100, 0.500, -0.003, 0.168, 0.114
105.800, 0.100, 0.500, -0.002, 0.168, 0.112
105.820, 0.100, 0.500, -0.002, 0.168, 0.111
105.840, 0.100, 0.500, -0.000, 0.168, 0.110
105.860, 0.100, 0.500, 0.000, 0.168, 0.110
105.880, 0.100, 0.500, 0.001, 0.169, 0.110
105.900, 0.100, 0.500, 0.003, 0.171, 0.108
105.920, 0.100, 0.500, 0.006, 0.172, 0.105
105.940, 0.100, 0.500, 0.012, 0.175, 0.099
105.960, 0.100, 0.500, 0.017, 0.178, 0.090
105.980, 0.100, 0.500, 0.022, 0.182, 0.083
106.000, 0.100, 0.500, 0.026, 0.187, 0.075
106.020, 0.100, 0.500, 0.028, 0.193, 0.070
106.040, 0.100, 0.500, 0.029, 0.200, 0.066
106.060, 0.100, 0.500, 0.028, 0.207, 0.062
106.080, 0.100, 0.500, 0.025, 0.214, 0.059
106.100, 0.100, 0.500, 0.021, 0.221, 0.055
106.120, 0.100, 0.500, 0.018, 0.228, 0.051
106.140, 0.100, 0.500, 0.015, 0.234, 0.054
106.160, 0.100, 0.500, 0.012, 0.237, 0.056
106.180, 0.100, 0.500, 0.008, 0.240, 0.057
106.200, 0.100, 0.500, 0.006, 0.244, 0.058
106.220, 0.100, 0.500, 0.003, 0.248, 0.059
106.240, 0.100, 0.500, 0.000, 0.251, 0.061
106.260, 0.100, 0.500, -0.001, 0.253, 0.062
106.280, 0.100, 0.500, -0.003, 0.255, 0.062
106.300, 0.100, 0.500, -0.003, 0.255, 0.063
106.320, 0.100, 0.500, -0.004, 0.255, 0.064
106.340, 0.100, 0.500, -0.003, 0.254, 0.064
106.360, 0.100, 0.500, -0.002, 0.252, 0.064
106.380, 0.100, 0.500, -0.001, 0.250, 0.064
106.400, 0.100, 0.500, 0.000, 0.246, 0.064
106.420, 0.100, 0.500, 0.003, 0.242, 0.064
106.440, 0.100, 0.500, 0.004, 0.237, 0.066
106.460, 0.100, 0.500, 0.006, 0.233, 0.069
106.480, 0.100, 0.500, 0.006, 0.228, 0.073
106.500, 0.100, 0.500, 0.006, 0.224, 0.078
106.520, 0.100, 0.500, 0.005, 0.220, 0.084
106.540, 0.100, 0.500, 0.005, 0.215, 0.091
106.560, 0.100, 0.500, 0.006, 0.210, 0.095
106.580, 0.100, 0.500, 0.009, 0.204, 0.094
106.600, 0.100, 0.500, 0.015, 0.199, 0.089
106.620, 0.100, 0.500, 0.020, 0.197, 0.084
106.640, 0.100, 0.500, 0.025, 0.197, 0.079
106.660, 0.100, 0.500, 0.028, 0.199, 0.075
106.680, 0.100, 0.500, 0.030, 0.202, 0.074
106.700, 0.100, 0.500, 0.031, 0.206, 0.075
106.720, 0.100, 0.500, 0.031, 0.210, 0.078
106.740, 0.100, 0.500, 0.031, 0.215, 0.081
106.760, 0.100, 0.500, 0.030, 0.220, 0.086
106.780, 0.100, 0.500, 0.030, 0.225, 0.090
106.800, 0.100, 0.500, 0.029, 0.230, 0.094
106.820, 0.100, 0.500, 0.029, 0.235, 0.098
106.840, 0.100, 0.500, 0.029, 0.239, 0.101
106.860, 0.100, 0.500, 0.030, 0.243, 0.104
106.880, 0.100, 0.500, 0.030, 0.247, 0.107
106.900, 0.100, 0.500, 0.031, 0.250, 0.109
106.920, 0.100, 0.500, 0.032, 0.253, 0.111
106.940, 0.100, 0.500, 0.032, 0.255, 0.113
106.960, 0.100, 0.500, 0.033, 0.257, 0.115
106.980, 0.100, 0.500, 0.033, 0.258, 0.116
107.000, 0.100, 0.500, 0.033, 0.258, 0.117
107.020, 0.100, 0.500, 0.033, 0.259, 0.117
107.040, 0.100, 0.500, 0.033, 0.258, 0.117
107.060, 0.100, 0.500, 0.033, 0.258, 0.117
107.080, 0.100, 0.500, 0.033, 0.257, 0.116
107.100, 0.100, 0.500, 0.034, 0.256, 0.116
107.120, 0.100, 0.500, 0.036, 0.255, 0.115
107.140, 0.100, 0.500, 0.037, 0.254, 0.114
107.160, 0.100, 0.500, 0.040, 0.252, 0.113
107.180, 0.100, 0.500, 0.042, 0.252, 0.114
107.200, 0.100, 0.500, 0.045, 0.251, 0.114
107.220, 0.100, 0.500, 0.049, 0.250, 0.112
107.240, 0.100, 0.500, 0.054, 0.250, 0.108
107.260, 0.100, 0.500, 0.060, 0.252, 0.102
107.280, 0.100, 0.500, 0.065, 0.254, 0.093
107.300, 0.100, 0.500, 0.069, 0.257, 0.087
107.320, 0.100, 0.500, 0.073, 0.261, 0.081
107.340, 0.100, 0.500, 0.075, 0.266, 0.077
107.360, 0.100, 0.500, 0.076, 0.272, 0.075
107.380, 0.100, 0.500, 0.076, 0.279, 0.073
107.400, 0.100, 0.500, 0.074, 0.286, 0.071
107.420, 0.100, 0.500, 0.072, 0.293, 0.069
107.440, 0.100, 0.500, 0.069, 0.301, 0.067
107.460, 0.100, 0.500, 0.065, 0.307, 0.063
107.480, 0.100, 0.500, 0.062, 0.314, 0.059
107.500, 0.100, 0.500, 0.058, 0.320, 0.055
107.520, 0.100, 0.500, 0.056, 0.325, 0.052
107.540, 0.100, 0.500, 0.053, 0.329, 0.055
107.560, 0.100, 0.500, 0.049, 0.333, 0.057
107.580, 0.100, 0.500, 0.045, 0.336, 0.058
107.600, 0.100, 0.500, 0.043, 0.340, 0.060
107.620, 0.100, 0.500, 0.041, 0.342, 0.061
107.640, 0.100, 0.500, 0.039, 0.344, 0.062
107.660, 0.100, 0.500, 0.038, 0.344, 0.063
107.680, 0.100, 0.500, 0.038, 0.344, 0.064
107.700, 0.100, 0.500, 0.038, 0.343, 0.065
107.720, 0.100, 0.500, 0.037, 0.340, 0.066
107.740, 0.100, 0.500, 0.035, 0.337, 0.067
107.760, 0.100, 0.500, 0.033, 0.333, 0.068
107.780, 0.100, 0.500, 0.030, 0.330, 0.070
107.800, 0.100, 0.500, 0.027, 0.326, 0.072
107.820, 0.100, 0.500, 0.024, 0.322, 0.076
107.840, 0.100, 0.500, 0.021, 0.318, 0.081
107.860, 0.100, 0.500, 0.019, 0.313, 0.086
107.880, 0.100, 0.500, 0.020, 0.307, 0.087
107.900, 0.100, 0.500, 0.024, 0.301, 0.084
107.920, 0.100, 0.500, 0.029, 0.295, 0.079
107.940, 0.100, 0.500, 0.034, 0.292, 0.074
107.960, 0.100, 0.500, 0.037, 0.290, 0.070
107.980, 0.100, 0.500, 0.039, 0.291, 0.068
108.000, 0.100, 0.500, 0.039, 0.293, 0.069
108.020, 0.100, 0.500, 0.040, 0.296, 0.071
108.040, 0.100, 0.500, 0.040, 0.299, 0.075
108.060, 0.100, 0.500, 0.040, 0.302, 0.079
108.080, 0.100, 0.500, 0.040, 0.305, 0.083
108.100, 0.100, 0.500, 0.040, 0.308, 0.087
108.120, 0.100, 0.500, 0.039, 0.311, 0.090
108.140, 0.100, 0.500, 0.039, 0.314, 0.093
108.160, 0.100, 0.500, 0.039, 0.317, 0.095
108.180, 0.100, 0.500, 0.038, 0.319, 0.097
108.200, 0.100, 0.500, 0.038, 0.320, 0.099
108.220, 0.100, 0.500, 0.038, 0.321, 0.100
108.240, 0.100, 0.500, 0.038, 0.322, 0.102
108.260, 0.100, 0.500, 0.038, 0.322, 0.104
108.280, 0.100, 0.500, 0.037, 0.323, 0.105
108.300, 0.100, 0.500, 0.036, 0.323, 0.106
108.320, 0.100, 0.500, 0.035, 0.323, 0.107
110.360, 0.200, 0.500, 0.000, 0.000, 0.175
110.380, 0.200, 0.500, -0.000, 0.000, 0.163
110.400, 0.200, 0.500, -0.001, 0.000, 0.148
110.420, 0.200, 0.500, -0.001, 0.003, 0.137
110.440, 0.200, 0.500, -0.001, 0.006, 0.130
110.460, 0.200, 0.500, 0.000, 0.012, 0.125
110.480, 0.200, 0.500, 0.003, 0.017, 0.123
110.500, 0.200, 0.500, 0.006, 0.023, 0.122
110.520, 0.200, 0.500, 0.008, 0.030, 0.124
110.540, 0.200, 0.500, 0.011, 0.037, 0.127
110.560, 0.200, 0.500, 0.013, 0.044, 0.131
110.580, 0.200, 0.500, 0.014, 0.052, 0.133
110.600, 0.200, 0.500, 0.015, 0.059, 0.135
110.620, 0.200, 0.500, 0.016, 0.064, 0.133
110.640, 0.200, 0.500, 0.015, 0.068, 0.126
110.660, 0.200, 0.500, 0.014, 0.072, 0.118
110.680, 0.200, 0.500, 0.011, 0.078, 0.108
110.700, 0.200, 0.500, 0.009, 0.087, 0.101
110.720, 0.200, 0.500, 0.008, 0.098, 0.094
110.740, 0.200, 0.500, 0.006, 0.111, 0.088
110.760, 0.200, 0.500, 0.007, 0.126, 0.084
110.780, 0.200, 0.500, 0.008, 0.141, 0.082
110.800, 0.200, 0.500, 0.010, 0.156, 0.078
110.820, 0.200, 0.500, 0.011, 0.171, 0.075
110.840, 0.200, 0.500, 0.013, 0.185, 0.069
110.860, 0.200, 0.500, 0.013, 0.196, 0.063
110.880, 0.200, 0.500, 0.011, 0.206, 0.056
110.900, 0.200, 0.500, 0.009, 0.212, 0.057
110.920, 0.200, 0.500, 0.006, 0.215, 0.058
110.940, 0.200, 0.500, 0.002, 0.216, 0.057
110.960, 0.200, 0.500, -0.002, 0.217, 0.056
110.980, 0.200, 0.500, -0.004, 0.219, 0.058
111.000, 0.200, 0.500, -0.007, 0.221, 0.061
111.020, 0.200, 0.500, -0.009, 0.222, 0.063
111.040, 0.200, 0.500, -0.010, 0.222, 0.065
111.060, 0.200, 0.500, -0.011, 0.222, 0.066
111.080, 0.200, 0.500, -0.011, 0.220, 0.068
111.100, 0.200, 0.500, -0.010, 0.217, 0.068
111.120, 0.200, 0.500, -0.010, 0.213, 0.068
111.140, 0.200, 0.500, -0.009, 0.208, 0.069
111.160, 0.200, 0.500, -0.009, 0.202, 0.069
111.180, 0.200, 0.500, -0.010, 0.196, 0.069
111.200, 0.200, 0.500, -0.011, 0.189, 0.070
111.220, 0.200, 0.500, -0.012, 0.182, 0.074
111.240, 0.200, 0.500, -0.013, 0.174, 0.080
111.260, 0.200, 0.500, -0.013, 0.167, 0.085
111.280, 0.200, 0.500, -0.009, 0.158, 0.088
111.300, 0.200, 0.500, -0.002, 0.150, 0.084
111.320, 0.200, 0.500, 0.006, 0.143, 0.078
111.340, 0.200, 0.500, 0.014, 0.138, 0.071
111.360, 0.200, 0.500, 0.018, 0.137, 0.066
111.380, 0.200, 0.500, 0.021, 0.139, 0.064
111.400, 0.200, 0.500, 0.025, 0.141, 0.066
111.420, 0.200, 0.500, 0.030, 0.144, 0.070
111.440, 0.200, 0.500, 0.035, 0.147, 0.075
111.460, 0.200, 0.500, 0.039, 0.150, 0.081
111.480, 0.200, 0.500, 0.043, 0.154, 0.087
111.500, 0.200, 0.500, 0.046, 0.157, 0.093
111.520, 0.200, 0.500, 0.049, 0.160, 0.098
111.540, 0.200, 0.500, 0.052, 0.163, 0.103
111.560, 0.200, 0.500, 0.055, 0.166, 0.107
111.580, 0.200, 0.500, 0.058, 0.169, 0.111
111.600, 0.200, 0.500, 0.062, 0.172, 0.115
111.620, 0.200, 0.500, 0.065, 0.176, 0.118
111.640, 0.200, 0.500, 0.068, 0.179, 0.121
111.660, 0.200, 0.500, 0.071, 0.182, 0.123
111.680, 0.200, 0.500, 0.074, 0.185, 0.125
111.700, 0.200, 0.500, 0.076, 0.187, 0.125
111.720, 0.200, 0.500, 0.078, 0.190, 0.125
111.740, 0.200, 0.500, 0.080, 0.192, 0.125
111.760, 0.200, 0.500, 0.081, 0.194, 0.124
111.780, 0.200, 0.500, 0.083, 0.195, 0.122
111.800, 0.200, 0.500, 0.084, 0.197, 0.120
111.820, 0.200, 0.500, 0.085, 0.198, 0.119
111.840, 0.200, 0.500, 0.087, 0.198, 0.117
111.860, 0.200, 0.500, 0.088, 0.199, 0.116
111.880, 0.200, 0.500, 0.089, 0.199, 0.115
111.900, 0.200, 0.500, 0.089, 0.200, 0.115
111.920, 0.200, 0.500, 0.090, 0.200, 0.116
111.940, 0.200, 0.500, 0.092, 0.201, 0.114
111.960, 0.200, 0.500, 0.094, 0.202, 0.107
111.980, 0.200, 0.500, 0.096, 0.205, 0.099
112.000, 0.200, 0.500, 0.097, 0.209, 0.089
112.020, 0.200, 0.500, 0.098, 0.214, 0.080
112.040, 0.200, 0.500, 0.099, 0.220, 0.073
112.060, 0.200, 0.500, 0.101, 0.228, 0.067
112.080, 0.200, 0.500, 0.102, 0.236, 0.062
112.100, 0.200, 0.500, 0.103, 0.245, 0.057
112.120, 0.200, 0.500, 0.104, 0.254, 0.052
112.140, 0.200, 0.500, 0.104, 0.262, 0.047
112.160, 0.200, 0.500, 0.103, 0.267, 0.049
112.180, 0.200, 0.500, 0.102, 0.269, 0.053
112.200, 0.200, 0.500, 0.102, 0.270, 0.056
112.220, 0.200, 0.500, 0.101, 0.272, 0.059
112.240, 0.200, 0.500, 0.099, 0.274, 0.060
112.260, 0.200, 0.500, 0.097, 0.277, 0.059
112.280, 0.200, 0.500, 0.095, 0.280, 0.057
112.300, 0.200, 0.500, 0.094, 0.282, 0.057
112.320, 0.200, 0.500, 0.093, 0.284, 0.058
112.340, 0.200, 0.500, 0.093, 0.284, 0.060
112.360, 0.200, 0.500, 0.093, 0.284, 0.062
112.380, 0.200, 0.500, 0.093, 0.283, 0.064
112.400, 0.200, 0.500, 0.092, 0.282, 0.066
112.420, 0.200, 0.500, 0.091, 0.280, 0.067
112.440, 0.200, 0.500, 0.089, 0.277, 0.069
112.460, 0.200, 0.500, 0.088, 0.275, 0.071
112.480, 0.200, 0.500, 0.086, 0.272, 0.073
112.500, 0.200, 0.500, 0.084, 0.270, 0.076
112.520, 0.200, 0.500, 0.083, 0.267, 0.080
112.540, 0.200, 0.500, 0.082, 0.264, 0.086
112.560, 0.200, 0.500, 0.081, 0.260, 0.092
112.580, 0.200, 0.500, 0.082, 0.255, 0.096
112.600, 0.200, 0.500, 0.085, 0.248, 0.096
112.620, 0.200, 0.500, 0.089, 0.243, 0.093
112.640, 0.200, 0.500, 0.094, 0.238, 0.088
112.660, 0.200, 0.500, 0.097, 0.236, 0.085
112.680, 0.200, 0.500, 0.100, 0.235, 0.082
112.700, 0.200, 0.500, 0.101, 0.236, 0.081
112.720, 0.200, 0.500, 0.102, 0.238, 0.083
112.740, 0.200, 0.500, 0.103, 0.241, 0.086
112.760, 0.200, 0.500, 0.104, 0.243, 0.091
112.780, 0.200, 0.500, 0.105, 0.246, 0.096
112.800, 0.200, 0.500, 0.106, 0.249, 0.101
112.820, 0.200, 0.500, 0.108, 0.251, 0.106
112.840, 0.200, 0.500, 0.110, 0.253, 0.110
112.860, 0.200, 0.500, 0.112, 0.255, 0.113
112.880, 0.200, 0.500, 0.113, 0.257, 0.116
112.900, 0.200, 0.500, 0.115, 0.258, 0.119
112.920, 0.200, 0.500, 0.116, 0.259, 0.121
112.940, 0.200, 0.500, 0.117, 0.260, 0.123
112.960, 0.200, 0.500, 0.118, 0.260, 0.125
112.980, 0.200, 0.500, 0.118, 0.260, 0.126
113.000, 0.200, 0.500, 0.117, 0.261, 0.128
113.020, 0.200, 0.500, 0.117, 0.261, 0.128
113.040, 0.200, 0.500, 0.117, 0.261, 0.128
113.060, 0.200, 0.500, 0.116, 0.261, 0.128
113.080, 0.200, 0.500, 0.116, 0.261, 0.127
113.100, 0.200, 0.500, 0.117, 0.261, 0.126
113.120, 0.200, 0.500, 0.118, 0.262, 0.124
113.140, 0.200, 0.500, 0.119, 0.262, 0.123
113.160, 0.200, 0.500, 0.121, 0.263, 0.121
113.180, 0.200, 0.500, 0.123, 0.264, 0.120
113.200, 0.200, 0.500, 0.125, 0.265, 0.119
113.220, 0.200, 0.500, 0.127, 0.267, 0.118
113.240, 0.200, 0.500, 0.129, 0.270, 0.113
113.260, 0.200, 0.500, 0.133, 0.272, 0.107
113.280, 0.200, 0.500, 0.138, 0.275, 0.098
113.300, 0.200, 0.500, 0.143, 0.278, 0.090
113.320, 0.200, 0.500, 0.148, 0.283, 0.081
113.340, 0.200, 0.500, 0.151, 0.288, 0.075
113.360, 0.200, 0.500, 0.154, 0.294, 0.069
113.380, 0.200, 0.500, 0.155, 0.301, 0.064
113.400, 0.200, 0.500, 0.155, 0.309, 0.060
113.420, 0.200, 0.500, 0.153, 0.317, 0.056
113.440, 0.200, 0.500, 0.151, 0.324, 0.051
113.460, 0.200, 0.500, 0.150, 0.330, 0.051
113.480, 0.200, 0.500, 0.148, 0.332, 0.054
113.500, 0.200, 0.500, 0.146, 0.334, 0.056
113.520, 0.200, 0.500, 0.144, 0.336, 0.057
113.540, 0.200, 0.500, 0.141, 0.339, 0.056
113.560, 0.200, 0.500, 0.140, 0.341, 0.056
113.580, 0.200, 0.500, 0.138, 0.343, 0.058
113.600, 0.200, 0.500, 0.137, 0.344, 0.058
113.620, 0.200, 0.500, 0.137, 0.345, 0.058
113.640, 0.200, 0.500, 0.137, 0.345, 0.058
113.660, 0.200, 0.500, 0.137, 0.344, 0.058
113.680, 0.200, 0.500, 0.137, 0.342, 0.060
113.700, 0.200, 0.500, 0.137, 0.339, 0.061
113.720, 0.200, 0.500, 0.136, 0.337, 0.063
113.740, 0.200, 0.500, 0.134, 0.334, 0.065
113.760, 0.200, 0.500, 0.132, 0.332, 0.066
113.780, 0.200, 0.500, 0.130, 0.329, 0.069
113.800, 0.200, 0.500, 0.128, 0.327, 0.071
113.820, 0.200, 0.500, 0.126, 0.325, 0.075
113.840, 0.200, 0.500, 0.124, 0.323, 0.079
113.860, 0.200, 0.500, 0.123, 0.321, 0.085
113.880, 0.200, 0.500, 0.122, 0.317, 0.091
113.900, 0.200, 0.500, 0.123, 0.312, 0.093
113.920, 0.200, 0.500, 0.127, 0.306, 0.091
113.940, 0.200, 0.500, 0.131, 0.301, 0.087
113.960, 0.200, 0.500, 0.134, 0.298, 0.082
113.980, 0.200, 0.500, 0.137, 0.297, 0.078
114.000, 0.200, 0.500, 0.139, 0.299, 0.076
114.020, 0.200, 0.500, 0.140, 0.301, 0.077
114.040, 0.200, 0.500, 0.140, 0.303, 0.080
114.060, 0.200, 0.500, 0.141, 0.306, 0.084
114.080, 0.200, 0.500, 0.142, 0.309, 0.089
114.100, 0.200, 0.500, 0.143, 0.312, 0.094
114.120, 0.200, 0.500, 0.144, 0.314, 0.099
114.140, 0.200, 0.500, 0.146, 0.316, 0.104
114.160, 0.200, 0.500, 0.147, 0.317, 0.107
114.180, 0.200, 0.500, 0.149, 0.318, 0.110
114.200, 0.200, 0.500, 0.150, 0.319, 0.113
114.220, 0.200, 0.500, 0.151, 0.320, 0.115
114.240, 0.200, 0.500, 0.152, 0.319, 0.118
114.260, 0.200, 0.500, 0.153, 0.319, 0.119
114.280, 0.200, 0.500, 0.153, 0.319, 0.121
114.300, 0.200, 0.500, 0.152, 0.319, 0.122
114.320, 0.200, 0.500, 0.152, 0.318, 0.123
114.340, 0.200, 0.500, 0.152, 0.318, 0.124
116.380, 0.300, 0.500, 0.000, 0.000, 0.175
116.400, 0.300, 0.500, 0.000, 0.000, 0.163
116.420, 0.300, 0.500, 0.001, 0.001, 0.149
116.440, 0.300, 0.500, 0.001, 0.003, 0.141
116.460, 0.300, 0.500, 0.002, 0.007, 0.133
116.480, 0.300, 0.500, 0.005, 0.013, 0.129
116.500, 0.300, 0.500, 0.008, 0.018, 0.127
116.520, 0.300, 0.500, 0.012, 0.024, 0.127
116.540, 0.300, 0.500, 0.015, 0.031, 0.131
116.560, 0.300, 0.500, 0.018, 0.038, 0.135
116.580, 0.300, 0.500, 0.020, 0.046, 0.139
116.600, 0.300, 0.500, 0.021, 0.053, 0.142
116.620, 0.300, 0.500, 0.022, 0.061, 0.142
116.640, 0.300, 0.500, 0.021, 0.068, 0.137
116.660, 0.300, 0.500, 0.019, 0.073, 0.129
116.680, 0.300, 0.500, 0.017, 0.078, 0.118
116.700, 0.300, 0.500, 0.016, 0.083, 0.109
116.720, 0.300, 0.500, 0.014, 0.091, 0.100
116.740, 0.300, 0.500, 0.014, 0.101, 0.092
116.760, 0.300, 0.500, 0.015, 0.114, 0.086
116.780, 0.300, 0.500, 0.019, 0.130, 0.081
116.800, 0.300, 0.500, 0.023, 0.148, 0.076
116.820, 0.300, 0.500, 0.027, 0.167, 0.072
116.840, 0.300, 0.500, 0.032, 0.184, 0.068
116.860, 0.300, 0.500, 0.035, 0.200, 0.063
116.880, 0.300, 0.500, 0.037, 0.214, 0.058
116.900, 0.300, 0.500, 0.036, 0.224, 0.052
116.920, 0.300, 0.500, 0.034, 0.229, 0.053
116.940, 0.300, 0.500, 0.031, 0.230, 0.053
116.960, 0.300, 0.500, 0.027, 0.232, 0.052
116.980, 0.300, 0.500, 0.023, 0.232, 0.050
117.000, 0.300, 0.500, 0.021, 0.234, 0.051
117.020, 0.300, 0.500, 0.019, 0.235, 0.054
117.040, 0.300, 0.500, 0.019, 0.234, 0.056
117.060, 0.300, 0.500, 0.019, 0.233, 0.057
117.080, 0.300, 0.500, 0.019, 0.231, 0.058
117.100, 0.300, 0.500, 0.020, 0.228, 0.059
117.120, 0.300, 0.500, 0.021, 0.224, 0.060
117.140, 0.300, 0.500, 0.023, 0.219, 0.062
117.160, 0.300, 0.500, 0.024, 0.213, 0.064
117.180, 0.300, 0.500, 0.024, 0.208, 0.068
117.200, 0.300, 0.500, 0.025, 0.203, 0.071
117.220, 0.300, 0.500, 0.025, 0.198, 0.076
117.240, 0.300, 0.500, 0.025, 0.194, 0.082
117.260, 0.300, 0.500, 0.025, 0.190, 0.089
117.280, 0.300, 0.500, 0.026, 0.184, 0.095
117.300, 0.300, 0.500, 0.030, 0.178, 0.096
117.320, 0.300, 0.500, 0.036, 0.171, 0.093
117.340, 0.300, 0.500, 0.043, 0.165, 0.086
117.360, 0.300, 0.500, 0.050, 0.161, 0.077
117.380, 0.300, 0.500, 0.054, 0.160, 0.069
117.400, 0.300, 0.500, 0.057, 0.160, 0.065
117.420, 0.300, 0.500, 0.058, 0.163, 0.067
117.440, 0.300, 0.500, 0.060, 0.165, 0.072
117.460, 0.300, 0.500, 0.064, 0.168, 0.079
117.480, 0.300, 0.500, 0.068, 0.170, 0.087
117.500, 0.300, 0.500, 0.073, 0.172, 0.094
117.520, 0.300, 0.500, 0.079, 0.173, 0.102
117.540, 0.300, 0.500, 0.085, 0.175, 0.109
117.560, 0.300, 0.500, 0.091, 0.176, 0.115
117.580, 0.300, 0.500, 0.096, 0.178, 0.121
117.600, 0.300, 0.500, 0.101, 0.179, 0.126
117.620, 0.300, 0.500, 0.105, 0.181, 0.130
117.640, 0.300, 0.500, 0.109, 0.184, 0.133
117.660, 0.300, 0.500, 0.112, 0.186, 0.136
117.680, 0.300, 0.500, 0.114, 0.188, 0.138
117.700, 0.300, 0.500, 0.116, 0.190, 0.139
117.720, 0.300, 0.500, 0.118, 0.192, 0.139
117.740, 0.300, 0.500, 0.119, 0.194, 0.139
117.760, 0.300, 0.500, 0.120, 0.195, 0.138
117.780, 0.300, 0.500, 0.121, 0.197, 0.137
117.800, 0.300, 0.500, 0.122, 0.197, 0.135
117.820, 0.300, 0.500, 0.122, 0.198, 0.133
117.840, 0.300, 0.500, 0.123, 0.199, 0.131
117.860, 0.300, 0.500, 0.124, 0.199, 0.129
117.880, 0.300, 0.500, 0.125, 0.200, 0.127
117.900, 0.300, 0.500, 0.125, 0.201, 0.125
117.920, 0.300, 0.500, 0.125, 0.203, 0.124
117.940, 0.300, 0.500, 0.124, 0.205, 0.120
117.960, 0.300, 0.500, 0.124, 0.208, 0.114
117.980, 0.300, 0.500, 0.125, 0.211, 0.107
118.000, 0.300, 0.500, 0.127, 0.215, 0.098
118.020, 0.300, 0.500, 0.129, 0.220, 0.089
118.040, 0.300, 0.500, 0.131, 0.227, 0.079
118.060, 0.300, 0.500, 0.134, 0.234, 0.071
118.080, 0.300, 0.500, 0.136, 0.243, 0.065
118.100, 0.300, 0.500, 0.138, 0.253, 0.059
118.120, 0.300, 0.500, 0.140, 0.263, 0.053
118.140, 0.300, 0.500, 0.140, 0.271, 0.048
118.160, 0.300, 0.500, 0.139, 0.275, 0.052
118.180, 0.300, 0.500, 0.139, 0.277, 0.056
118.200, 0.300, 0.500, 0.141, 0.277, 0.059
118.220, 0.300, 0.500, 0.142, 0.278, 0.060
118.240, 0.300, 0.500, 0.142, 0.279, 0.060
118.260, 0.300, 0.500, 0.141, 0.280, 0.057
118.280, 0.300, 0.500, 0.141, 0.282, 0.056
118.300, 0.300, 0.500, 0.140, 0.283, 0.056
118.320, 0.300, 0.500, 0.139, 0.284, 0.055
118.340, 0.300, 0.500, 0.139, 0.285, 0.055
118.360, 0.300, 0.500, 0.138, 0.285, 0.056
118.380, 0.300, 0.500, 0.137, 0.285, 0.059
118.400, 0.300, 0.500, 0.136, 0.285, 0.061
118.420, 0.300, 0.500, 0.135, 0.284, 0.063
118.440, 0.300, 0.500, 0.133, 0.283, 0.064
118.460, 0.300, 0.500, 0.131, 0.281, 0.065
118.480, 0.300, 0.500, 0.129, 0.279, 0.067
118.500, 0.300, 0.500, 0.127, 0.278, 0.069
118.520, 0.300, 0.500, 0.125, 0.276, 0.072
118.540, 0.300, 0.500, 0.124, 0.273, 0.076
118.560, 0.300, 0.500, 0.122, 0.271, 0.082
118.580, 0.300, 0.500, 0.121, 0.267, 0.089
118.600, 0.300, 0.500, 0.122, 0.262, 0.093
118.620, 0.300, 0.500, 0.124, 0.256, 0.092
118.640, 0.300, 0.500, 0.129, 0.249, 0.088
118.660, 0.300, 0.500, 0.133, 0.245, 0.084
118.680, 0.300, 0.500, 0.138, 0.242, 0.080
118.700, 0.300, 0.500, 0.141, 0.243, 0.077
118.720, 0.300, 0.500, 0.144, 0.244, 0.077
118.740, 0.300, 0.500, 0.146, 0.246, 0.079
118.760, 0.300, 0.500, 0.149, 0.249, 0.083
118.780, 0.300, 0.500, 0.151, 0.252, 0.089
118.800, 0.300, 0.500, 0.153, 0.254, 0.094
118.820, 0.300, 0.500, 0.155, 0.257, 0.100
118.840, 0.300, 0.500, 0.158, 0.259, 0.106
118.860, 0.300, 0.500, 0.162, 0.261, 0.111
118.880, 0.300, 0.500, 0.166, 0.262, 0.115
118.900, 0.300, 0.500, 0.172, 0.264, 0.120
118.920, 0.300, 0.500, 0.177, 0.265, 0.124
118.940, 0.300, 0.500, 0.182, 0.266, 0.128
118.960, 0.300, 0.500, 0.187, 0.267, 0.131
118.980, 0.300, 0.500, 0.191, 0.268, 0.134
119.000, 0.300, 0.500, 0.193, 0.269, 0.136
119.020, 0.300, 0.500, 0.195, 0.270, 0.137
119.040, 0.300, 0.500, 0.196, 0.271, 0.137
119.060, 0.300, 0.500, 0.196, 0.272, 0.137
119.080, 0.300, 0.500, 0.196, 0.273, 0.136
119.100, 0.300, 0.500, 0.197, 0.274, 0.134
119.120, 0.300, 0.500, 0.197, 0.274, 0.132
119.140, 0.300, 0.500, 0.198, 0.274, 0.130
119.160, 0.300, 0.500, 0.200, 0.274, 0.128
119.180, 0.300, 0.500, 0.201, 0.274, 0.126
119.200, 0.300, 0.500, 0.203, 0.275, 0.124
119.220, 0.300, 0.500, 0.204, 0.275, 0.123
119.240, 0.300, 0.500, 0.205, 0.277, 0.120
119.260, 0.300, 0.500, 0.207, 0.278, 0.117
119.280, 0.300, 0.500, 0.209, 0.280, 0.110
119.300, 0.300, 0.500, 0.212, 0.283, 0.102
119.320, 0.300, 0.500, 0.214, 0.288, 0.093
119.340, 0.300, 0.500, 0.217, 0.293, 0.084
119.360, 0.300, 0.500, 0.219, 0.300, 0.076
119.380, 0.300, 0.500, 0.222, 0.308, 0.069
119.400, 0.300, 0.500, 0.224, 0.317, 0.063
119.420, 0.300, 0.500, 0.226, 0.327, 0.057
119.440, 0.300, 0.500, 0.229, 0.336, 0.051
119.460, 0.300, 0.500, 0.228, 0.343, 0.048
119.480, 0.300, 0.500, 0.228, 0.345, 0.053
119.500, 0.300, 0.500, 0.229, 0.346, 0.056
119.520, 0.300, 0.500, 0.231, 0.346, 0.059
119.540, 0.300, 0.500, 0.233, 0.347, 0.060
119.560, 0.300, 0.500, 0.234, 0.348, 0.059
119.580, 0.300, 0.500, 0.234, 0.349, 0.056
119.600, 0.300, 0.500, 0.233, 0.352, 0.055
119.620, 0.300, 0.500, 0.232, 0.353, 0.056
119.640, 0.300, 0.500, 0.232, 0.354, 0.055
119.660, 0.300, 0.500, 0.233, 0.355, 0.056
119.680, 0.300, 0.500, 0.234, 0.356, 0.057
119.700, 0.300, 0.500, 0.234, 0.356, 0.059
119.720, 0.300, 0.500, 0.234, 0.355, 0.062
119.740, 0.300, 0.500, 0.233, 0.354, 0.064
119.760, 0.300, 0.500, 0.231, 0.353, 0.065
119.780, 0.300, 0.500, 0.228, 0.351, 0.067
119.800, 0.300, 0.500, 0.226, 0.350, 0.069
119.820, 0.300, 0.500, 0.224, 0.348, 0.072
119.840, 0.300, 0.500, 0.222, 0.346, 0.075
119.860, 0.300, 0.500, 0.220, 0.343, 0.080
119.880, 0.300, 0.500, 0.218, 0.340, 0.086
119.900, 0.300, 0.500, 0.217, 0.335, 0.093
119.920, 0.300, 0.500, 0.219, 0.329, 0.095
119.940, 0.300, 0.500, 0.222, 0.322, 0.092
119.960, 0.300, 0.500, 0.227, 0.315, 0.087
119.980, 0.300, 0.500, 0.231, 0.312, 0.083
120.000, 0.300, 0.500, 0.235, 0.310, 0.078
120.020, 0.300, 0.500, 0.238, 0.310, 0.077
120.040, 0.300, 0.500, 0.241, 0.310, 0.078
120.060, 0.300, 0.500, 0.243, 0.312, 0.080
120.080, 0.300, 0.500, 0.245, 0.314, 0.085
120.100, 0.300, 0.500, 0.247, 0.316, 0.091
120.120, 0.300, 0.500, 0.250, 0.317, 0.097
120.140, 0.300, 0.500, 0.253, 0.319, 0.103
120.160, 0.300, 0.500, 0.256, 0.320, 0.108
120.180, 0.300, 0.500, 0.260, 0.320, 0.113
120.200, 0.300, 0.500, 0.264, 0.321, 0.117
120.220, 0.300, 0.500, 0.268, 0.322, 0.122
120.240, 0.300, 0.500, 0.273, 0.322, 0.126
120.260, 0.300, 0.500, 0.277, 0.323, 0.129
120.280, 0.300, 0.500, 0.282, 0.324, 0.133
120.300, 0.300, 0.500, 0.285, 0.325, 0.135
120.320, 0.300, 0.500, 0.287, 0.326, 0.137
120.340, 0.300, 0.500, 0.289, 0.327, 0.137
120.360, 0.300, 0.500, 0.290, 0.328, 0.137
122.400, 0.400, 0.500, 0.000, 0.000, 0.175
122.420, 0.400, 0.500, 0.001, -0.000, 0.162
122.440, 0.400, 0.500, 0.001, -0.001, 0.149
122.460, 0.400, 0.500, 0.002, -0.001, 0.133
122.480, 0.400, 0.500, 0.005, 0.001, 0.122
122.500, 0.400, 0.500, 0.010, 0.004, 0.113
122.520, 0.400, 0.500, 0.016, 0.006, 0.108
122.540, 0.400, 0.500, 0.023, 0.010, 0.107
122.560, 0.400, 0.500, 0.030, 0.014, 0.109
122.580, 0.400, 0.500, 0.037, 0.019, 0.111
122.600, 0.400, 0.500, 0.043, 0.024, 0.113
122.620, 0.400, 0.500, 0.049, 0.029, 0.116
122.640, 0.400, 0.500, 0.054, 0.032, 0.120
122.660, 0.400, 0.500, 0.057, 0.035, 0.120
122.680, 0.400, 0.500, 0.056, 0.037, 0.115
122.700, 0.400, 0.500, 0.053, 0.040, 0.109
122.720, 0.400, 0.500, 0.048, 0.045, 0.103
122.740, 0.400, 0.500, 0.045, 0.052, 0.097
122.760, 0.400, 0.500, 0.046, 0.064, 0.092
122.780, 0.400, 0.500, 0.049, 0.079, 0.088
122.800, 0.400, 0.500, 0.056, 0.096, 0.085
122.820, 0.400, 0.500, 0.064, 0.114, 0.081
122.840, 0.400, 0.500, 0.074, 0.132, 0.078
122.860, 0.400, 0.500, 0.083, 0.149, 0.074
122.880, 0.400, 0.500, 0.092, 0.163, 0.068
122.900, 0.400, 0.500, 0.099, 0.174, 0.061
122.920, 0.400, 0.500, 0.104, 0.182, 0.054
122.940, 0.400, 0.500, 0.105, 0.185, 0.048
122.960, 0.400, 0.500, 0.104, 0.185, 0.050
122.980, 0.400, 0.500, 0.102, 0.181, 0.052
123.000, 0.400, 0.500, 0.097, 0.175, 0.055
123.020, 0.400, 0.500, 0.090, 0.169, 0.057
123.040, 0.400, 0.500, 0.083, 0.163, 0.060
123.060, 0.400, 0.500, 0.074, 0.156, 0.063
123.080, 0.400, 0.500, 0.065, 0.150, 0.067
123.100, 0.400, 0.500, 0.057, 0.145, 0.070
123.120, 0.400, 0.500, 0.050, 0.141, 0.072
123.140, 0.400, 0.500, 0.044, 0.139, 0.074
123.160, 0.400, 0.500, 0.040, 0.137, 0.075
123.180, 0.400, 0.500, 0.038, 0.136, 0.077
123.200, 0.400, 0.500, 0.038, 0.137, 0.078
123.220, 0.400, 0.500, 0.038, 0.137, 0.081
123.240, 0.400, 0.500, 0.039, 0.138, 0.084
123.260, 0.400, 0.500, 0.040, 0.138, 0.089
123.280, 0.400, 0.500, 0.041, 0.138, 0.095
123.300, 0.400, 0.500, 0.043, 0.136, 0.100
123.320, 0.400, 0.500, 0.047, 0.132, 0.100
123.340, 0.400, 0.500, 0.052, 0.126, 0.096
123.360, 0.400, 0.500, 0.058, 0.119, 0.089
123.380, 0.400, 0.500, 0.062, 0.113, 0.081
123.400, 0.400, 0.500, 0.066, 0.109, 0.074
123.420, 0.400, 0.500, 0.068, 0.105, 0.070
123.440, 0.400, 0.500, 0.070, 0.103, 0.070
123.460, 0.400, 0.500, 0.073, 0.101, 0.074
123.480, 0.400, 0.500, 0.077, 0.098, 0.080
123.500, 0.400, 0.500, 0.082, 0.095, 0.088
123.520, 0.400, 0.500, 0.089, 0.091, 0.096
123.540, 0.400, 0.500, 0.097, 0.087, 0.105
123.560, 0.400, 0.500, 0.106, 0.083, 0.113
123.580, 0.400, 0.500, 0.115, 0.078, 0.120
123.600, 0.400, 0.500, 0.124, 0.075, 0.126
123.620, 0.400, 0.500, 0.132, 0.073, 0.130
123.640, 0.400, 0.500, 0.138, 0.072, 0.133
123.660, 0.400, 0.500, 0.143, 0.072, 0.136
123.680, 0.400, 0.500, 0.147, 0.073, 0.138
123.700, 0.400, 0.500, 0.150, 0.074, 0.139
123.720, 0.400, 0.500, 0.152, 0.076, 0.141
123.740, 0.400, 0.500, 0.154, 0.077, 0.141
123.760, 0.400, 0.500, 0.155, 0.079, 0.141
123.780, 0.400, 0.500, 0.157, 0.080, 0.141
123.800, 0.400, 0.500, 0.158, 0.081, 0.140
123.820, 0.400, 0.500, 0.159, 0.081, 0.138
123.840, 0.400, 0.500, 0.159, 0.082, 0.135
123.860, 0.400, 0.500, 0.160, 0.083, 0.133
123.880, 0.400, 0.500, 0.160, 0.085, 0.130
123.900, 0.400, 0.500, 0.161, 0.087, 0.128
123.920, 0.400, 0.500, 0.161, 0.089, 0.126
123.940, 0.400, 0.500, 0.159, 0.093, 0.123
123.960, 0.400, 0.500, 0.157, 0.098, 0.120
123.980, 0.400, 0.500, 0.155, 0.103, 0.116
124.000, 0.400, 0.500, 0.154, 0.109, 0.109
124.020, 0.400, 0.500, 0.155, 0.115, 0.099
124.040, 0.400, 0.500, 0.157, 0.123, 0.088
124.060, 0.400, 0.500, 0.161, 0.131, 0.076
124.080, 0.400, 0.500, 0.167, 0.140, 0.065
124.100, 0.400, 0.500, 0.176, 0.150, 0.054
124.120, 0.400, 0.500, 0.180, 0.161, 0.045
124.140, 0.400, 0.500, 0.180, 0.168, 0.047
124.160, 0.400, 0.500, 0.189, 0.170, 0.052
124.180, 0.400, 0.500, 0.201, 0.170, 0.056
124.200, 0.400, 0.500, 0.210, 0.171, 0.061
124.220, 0.400, 0.500, 0.219, 0.173, 0.062
124.240, 0.400, 0.500, 0.226, 0.175, 0.061
124.260, 0.400, 0.500, 0.229, 0.178, 0.058
124.280, 0.400, 0.500, 0.229, 0.181, 0.057
124.300, 0.400, 0.500, 0.229, 0.182, 0.057
124.320, 0.400, 0.500, 0.231, 0.183, 0.056
124.340, 0.400, 0.500, 0.234, 0.184, 0.055
124.360, 0.400, 0.500, 0.234, 0.185, 0.054
124.380, 0.400, 0.500, 0.235, 0.185, 0.055
124.400, 0.400, 0.500, 0.236, 0.184, 0.056
124.420, 0.400, 0.500, 0.238, 0.182, 0.058
124.440, 0.400, 0.500, 0.240, 0.180, 0.061
124.460, 0.400, 0.500, 0.241, 0.178, 0.064
124.480, 0.400, 0.500, 0.241, 0.175, 0.067
124.500, 0.400, 0.500, 0.241, 0.173, 0.070
124.520, 0.400, 0.500, 0.240, 0.170, 0.073
124.540, 0.400, 0.500, 0.238, 0.168, 0.077
124.560, 0.400, 0.500, 0.236, 0.165, 0.081
124.580, 0.400, 0.500, 0.235, 0.162, 0.088
124.600, 0.400, 0.500, 0.233, 0.158, 0.095
124.620, 0.400, 0.500, 0.231, 0.154, 0.098
124.640, 0.400, 0.500, 0.231, 0.148, 0.096
124.660, 0.400, 0.500, 0.233, 0.143, 0.091
124.680, 0.400, 0.500, 0.237, 0.140, 0.085
124.700, 0.400, 0.500, 0.243, 0.141, 0.080
124.720, 0.400, 0.500, 0.250, 0.143, 0.077
124.740, 0.400, 0.500, 0.256, 0.147, 0.077
124.760, 0.400, 0.500, 0.261, 0.152, 0.081
124.780, 0.400, 0.500, 0.265, 0.158, 0.087
124.800, 0.400, 0.500, 0.270, 0.163, 0.095
124.820, 0.400, 0.500, 0.275, 0.168, 0.103
124.840, 0.400, 0.500, 0.281, 0.173, 0.112
124.860, 0.400, 0.500, 0.289, 0.177, 0.120
124.880, 0.400, 0.500, 0.298, 0.181, 0.127
124.900, 0.400, 0.500, 0.309, 0.185, 0.134
124.920, 0.400, 0.500, 0.319, 0.188, 0.139
124.940, 0.400, 0.500, 0.330, 0.192, 0.143
124.960, 0.400, 0.500, 0.340, 0.196, 0.147
124.980, 0.400, 0.500, 0.348, 0.200, 0.149
125.000, 0.400, 0.500, 0.356, 0.203, 0.150
125.020, 0.400, 0.500, 0.362, 0.207, 0.151
125.040, 0.400, 0.500, 0.368, 0.210, 0.151
125.060, 0.400, 0.500, 0.372, 0.213, 0.150
125.080, 0.400, 0.500, 0.376, 0.215, 0.148
125.100, 0.400, 0.500, 0.379, 0.216, 0.145
125.120, 0.400, 0.500, 0.383, 0.217, 0.142
125.140, 0.400, 0.500, 0.386, 0.217, 0.138
125.160, 0.400, 0.500, 0.389, 0.217, 0.134
125.180, 0.400, 0.500, 0.393, 0.217, 0.131
125.200, 0.400, 0.500, 0.398, 0.218, 0.127
125.220, 0.400, 0.500, 0.402, 0.219, 0.124
125.240, 0.400, 0.500, 0.406, 0.219, 0.124
125.260, 0.400, 0.500, 0.411, 0.219, 0.128
125.280, 0.400, 0.500, 0.415, 0.218, 0.130
125.300, 0.400, 0.500, 0.417, 0.218, 0.127
125.320, 0.400, 0.500, 0.417, 0.221, 0.120
125.340, 0.400, 0.500, 0.417, 0.225, 0.112
125.360, 0.400, 0.500, 0.418, 0.233, 0.104
125.380, 0.400, 0.500, 0.423, 0.242, 0.096
125.400, 0.400, 0.500, 0.432, 0.254, 0.090
125.420, 0.400, 0.500, 0.446, 0.267, 0.085
125.440, 0.400, 0.500, 0.463, 0.281, 0.080
125.460, 0.400, 0.500, 0.482, 0.296, 0.076
125.480, 0.400, 0.500, 0.500, 0.310, 0.071
125.500, 0.400, 0.500, 0.516, 0.323, 0.064
125.520, 0.400, 0.500, 0.528, 0.332, 0.059
125.540, 0.400, 0.500, 0.536, 0.339, 0.053
125.560, 0.400, 0.500, 0.536, 0.344, 0.050
125.580, 0.400, 0.500, 0.534, 0.344, 0.052
125.600, 0.400, 0.500, 0.530, 0.342, 0.055
125.620, 0.400, 0.500, 0.522, 0.340, 0.056
125.640, 0.400, 0.500, 0.513, 0.338, 0.057
125.660, 0.400, 0.500, 0.504, 0.336, 0.059
125.680, 0.400, 0.500, 0.496, 0.335, 0.061
125.700, 0.400, 0.500, 0.488, 0.333, 0.064
125.720, 0.400, 0.500, 0.481, 0.333, 0.067
125.740, 0.400, 0.500, 0.475, 0.332, 0.070
125.760, 0.400, 0.500, 0.471, 0.333, 0.072
125.780, 0.400, 0.500, 0.468, 0.333, 0.074
125.800, 0.400, 0.500, 0.466, 0.332, 0.076
125.820, 0.400, 0.500, 0.465, 0.331, 0.079
125.840, 0.400, 0.500, 0.464, 0.329, 0.081
125.860, 0.400, 0.500, 0.463, 0.327, 0.085
125.880, 0.400, 0.500, 0.462, 0.323, 0.090
125.900, 0.400, 0.500, 0.460, 0.319, 0.096
125.920, 0.400, 0.500, 0.459, 0.313, 0.102
125.940, 0.400, 0.500, 0.459, 0.306, 0.102
125.960, 0.400, 0.500, 0.461, 0.295, 0.098
125.980, 0.400, 0.500, 0.464, 0.286, 0.091
126.000, 0.400, 0.500, 0.466, 0.278, 0.083
126.020, 0.400, 0.500, 0.469, 0.273, 0.077
126.040, 0.400, 0.500, 0.471, 0.269, 0.074
126.060, 0.400, 0.500, 0.474, 0.267, 0.073
126.080, 0.400, 0.500, 0.476, 0.265, 0.076
126.100, 0.400, 0.500, 0.480, 0.263, 0.081
126.120, 0.400, 0.500, 0.485, 0.261, 0.089
126.140, 0.400, 0.500, 0.490, 0.258, 0.097
126.160, 0.400, 0.500, 0.496, 0.255, 0.105
126.180, 0.400, 0.500, 0.503, 0.251, 0.113
126.200, 0.400, 0.500, 0.511, 0.247, 0.119
126.220, 0.400, 0.500, 0.518, 0.244, 0.125
126.240, 0.400, 0.500, 0.526, 0.240, 0.129
126.260, 0.400, 0.500, 0.534, 0.237, 0.133
126.280, 0.400, 0.500, 0.541, 0.235, 0.137
126.300, 0.400, 0.500, 0.548, 0.234, 0.139
126.320, 0.400, 0.500, 0.553, 0.234, 0.142
126.340, 0.400, 0.500, 0.557, 0.234, 0.143
126.360, 0.400, 0.500, 0.560, 0.236, 0.144
126.380, 0.400, 0.500, 0.562, 0.238, 0.144
128.420, 0.500, 0.500, 0.000, 0.000, 0.175
128.440, 0.500, 0.500, 0.001, -0.001, 0.162
128.460, 0.500, 0.500, 0.001, -0.001, 0.149
128.480, 0.500, 0.500, 0.002, -0.001, 0.135
128.500, 0.500, 0.500, 0.006, 0.000, 0.124
128.520, 0.500, 0.500, 0.011, 0.003, 0.116
128.540, 0.500, 0.500, 0.018, 0.005, 0.111
128.560, 0.500, 0.500, 0.026, 0.008, 0.111
128.580, 0.500, 0.500, 0.033, 0.012, 0.112
128.600, 0.500, 0.500, 0.040, 0.017, 0.113
128.620, 0.500, 0.500, 0.047, 0.021, 0.114
128.640, 0.500, 0.500, 0.054, 0.025, 0.117
128.660, 0.500, 0.500, 0.059, 0.029, 0.120
128.680, 0.500, 0.500, 0.061, 0.032, 0.120
128.700, 0.500, 0.500, 0.060, 0.034, 0.116
128.720, 0.500, 0.500, 0.057, 0.037, 0.111
128.740, 0.500, 0.500, 0.054, 0.043, 0.106
128.760, 0.500, 0.500, 0.053, 0.052, 0.100
128.780, 0.500, 0.500, 0.056, 0.065, 0.095
128.800, 0.500, 0.500, 0.063, 0.081, 0.091
128.820, 0.500, 0.500, 0.074, 0.100, 0.086
128.840, 0.500, 0.500, 0.087, 0.120, 0.081
128.860, 0.500, 0.500, 0.102, 0.142, 0.077
128.880, 0.500, 0.500, 0.115, 0.161, 0.071
128.900, 0.500, 0.500, 0.127, 0.177, 0.066
128.920, 0.500, 0.500, 0.135, 0.189, 0.062
128.940, 0.500, 0.500, 0.139, 0.197, 0.057
128.960, 0.500, 0.500, 0.139, 0.201, 0.053
128.980, 0.500, 0.500, 0.137, 0.202, 0.050
129.000, 0.500, 0.500, 0.136, 0.201, 0.051
129.020, 0.500, 0.500, 0.132, 0.198, 0.053
129.040, 0.500, 0.500, 0.126, 0.194, 0.055
129.060, 0.500, 0.500, 0.117, 0.189, 0.056
129.080, 0.500, 0.500, 0.107, 0.184, 0.058
129.100, 0.500, 0.500, 0.097, 0.179, 0.061
129.120, 0.500, 0.500, 0.088, 0.175, 0.063
129.140, 0.500, 0.500, 0.081, 0.172, 0.066
129.160, 0.500, 0.500, 0.075, 0.170, 0.069
129.180, 0.500, 0.500, 0.071, 0.168, 0.072
129.200, 0.500, 0.500, 0.068, 0.167, 0.075
129.220, 0.500, 0.500, 0.066, 0.167, 0.078
129.240, 0.500, 0.500, 0.066, 0.166, 0.081
129.260, 0.500, 0.500, 0.066, 0.165, 0.085
129.280, 0.500, 0.500, 0.066, 0.163, 0.089
129.300, 0.500, 0.500, 0.067, 0.161, 0.095
129.320, 0.500, 0.500, 0.068, 0.157, 0.099
129.340, 0.500, 0.500, 0.071, 0.150, 0.099
129.360, 0.500, 0.500, 0.076, 0.143, 0.094
129.380, 0.500, 0.500, 0.081, 0.134, 0.086
129.400, 0.500, 0.500, 0.085, 0.128, 0.078
129.420, 0.500, 0.500, 0.089, 0.122, 0.071
129.440, 0.500, 0.500, 0.090, 0.120, 0.068
129.460, 0.500, 0.500, 0.090, 0.119, 0.070
129.480, 0.500, 0.500, 0.094, 0.118, 0.074
129.500, 0.500, 0.500, 0.100, 0.116, 0.081
129.520, 0.500, 0.500, 0.109, 0.113, 0.088
129.540, 0.500, 0.500, 0.119, 0.109, 0.096
129.560, 0.500, 0.500, 0.130, 0.105, 0.104
129.580, 0.500, 0.500, 0.140, 0.100, 0.112
129.600, 0.500, 0.500, 0.151, 0.096, 0.119
129.620, 0.500, 0.500, 0.160, 0.092, 0.124
129.640, 0.500, 0.500, 0.169, 0.088, 0.129
129.660, 0.500, 0.500, 0.178, 0.085, 0.133
129.680, 0.500, 0.500, 0.186, 0.083, 0.137
129.700, 0.500, 0.500, 0.193, 0.082, 0.140
129.720, 0.500, 0.500, 0.199, 0.082, 0.142
129.740, 0.500, 0.500, 0.203, 0.082, 0.144
129.760, 0.500, 0.500, 0.206, 0.083, 0.144
129.780, 0.500, 0.500, 0.207, 0.084, 0.144
129.800, 0.500, 0.500, 0.208, 0.085, 0.142
129.820, 0.500, 0.500, 0.209, 0.086, 0.140
129.840, 0.500, 0.500, 0.209, 0.087, 0.137
129.860, 0.500, 0.500, 0.209, 0.089, 0.134
129.880, 0.500, 0.500, 0.209, 0.090, 0.131
129.900, 0.500, 0.500, 0.209, 0.092, 0.128
129.920, 0.500, 0.500, 0.209, 0.095, 0.125
129.940, 0.500, 0.500, 0.208, 0.098, 0.122
129.960, 0.500, 0.500, 0.208, 0.102, 0.119
129.980, 0.500, 0.500, 0.205, 0.109, 0.114
130.000, 0.500, 0.500, 0.203, 0.114, 0.110
130.020, 0.500, 0.500, 0.202, 0.121, 0.105
130.040, 0.500, 0.500, 0.202, 0.129, 0.096
130.060, 0.500, 0.500, 0.204, 0.137, 0.085
130.080, 0.500, 0.500, 0.209, 0.145, 0.073
130.100, 0.500, 0.500, 0.216, 0.154, 0.060
130.120, 0.500, 0.500, 0.225, 0.164, 0.048
130.140, 0.500, 0.500, 0.229, 0.170, 0.046
130.160, 0.500, 0.500, 0.230, 0.172, 0.054
130.180, 0.500, 0.500, 0.237, 0.172, 0.062
130.200, 0.500, 0.500, 0.247, 0.173, 0.067
130.220, 0.500, 0.500, 0.259, 0.173, 0.070
130.240, 0.500, 0.500, 0.272, 0.175, 0.071
130.260, 0.500, 0.500, 0.285, 0.176, 0.069
130.280, 0.500, 0.500, 0.297, 0.179, 0.066
130.300, 0.500, 0.500, 0.309, 0.182, 0.061
130.320, 0.500, 0.500, 0.318, 0.185, 0.056
130.340, 0.500, 0.500, 0.320, 0.187, 0.053
130.360, 0.500, 0.500, 0.322, 0.188, 0.053
130.380, 0.500, 0.500, 0.326, 0.188, 0.053
130.400, 0.500, 0.500, 0.331, 0.187, 0.054
130.420, 0.500, 0.500, 0.336, 0.185, 0.055
130.440, 0.500, 0.500, 0.339, 0.183, 0.059
130.460, 0.500, 0.500, 0.340, 0.181, 0.062
130.480, 0.500, 0.500, 0.339, 0.178, 0.065
130.500, 0.500, 0.500, 0.337, 0.176, 0.068
130.520, 0.500, 0.500, 0.335, 0.173, 0.071
130.540, 0.500, 0.500, 0.333, 0.171, 0.073
130.560, 0.500, 0.500, 0.332, 0.169, 0.077
130.580, 0.500, 0.500, 0.330, 0.167, 0.081
130.600, 0.500, 0.500, 0.328, 0.165, 0.086
130.620, 0.500, 0.500, 0.326, 0.162, 0.091
130.640, 0.500, 0.500, 0.324, 0.158, 0.094
130.660, 0.500, 0.500, 0.322, 0.153, 0.093
130.680, 0.500, 0.500, 0.322, 0.149, 0.087
130.700, 0.500, 0.500, 0.325, 0.147, 0.081
130.720, 0.500, 0.500, 0.331, 0.147, 0.076
130.740, 0.500, 0.500, 0.338, 0.149, 0.073
130.760, 0.500, 0.500, 0.345, 0.153, 0.074
130.780, 0.500, 0.500, 0.352, 0.158, 0.077
130.800, 0.500, 0.500, 0.358, 0.162, 0.083
130.820, 0.500, 0.500, 0.365, 0.166, 0.092
130.840, 0.500, 0.500, 0.373, 0.169, 0.101
130.860, 0.500, 0.500, 0.382, 0.171, 0.110
130.880, 0.500, 0.500, 0.393, 0.172, 0.119
130.900, 0.500, 0.500, 0.405, 0.172, 0.127
130.920, 0.500, 0.500, 0.418, 0.172, 0.134
130.940, 0.500, 0.500, 0.431, 0.172, 0.140
130.960, 0.500, 0.500, 0.443, 0.172, 0.145
130.980, 0.500, 0.500, 0.455, 0.173, 0.149
131.000, 0.500, 0.500, 0.465, 0.174, 0.152
131.020, 0.500, 0.500, 0.474, 0.175, 0.155
131.040, 0.500, 0.500, 0.482, 0.176, 0.156
131.060, 0.500, 0.500, 0.488, 0.177, 0.156
131.080, 0.500, 0.500, 0.493, 0.177, 0.155
131.100, 0.500, 0.500, 0.496, 0.178, 0.153
131.120, 0.500, 0.500, 0.499, 0.178, 0.150
131.140, 0.500, 0.500, 0.502, 0.178, 0.147
131.160, 0.500, 0.500, 0.505, 0.178, 0.143
131.180, 0.500, 0.500, 0.507, 0.177, 0.139
131.200, 0.500, 0.500, 0.510, 0.177, 0.134
131.220, 0.500, 0.500, 0.513, 0.177, 0.130
131.240, 0.500, 0.500, 0.516, 0.178, 0.126
131.260, 0.500, 0.500, 0.518, 0.180, 0.123
131.280, 0.500, 0.500, 0.521, 0.181, 0.126
131.300, 0.500, 0.500, 0.522, 0.183, 0.127
131.320, 0.500, 0.500, 0.522, 0.186, 0.124
131.340, 0.500, 0.500, 0.521, 0.191, 0.117
131.360, 0.500, 0.500, 0.521, 0.198, 0.109
131.380, 0.500, 0.500, 0.523, 0.207, 0.099
131.400, 0.500, 0.500, 0.530, 0.217, 0.090
131.420, 0.500, 0.500, 0.542, 0.230, 0.081
131.440, 0.500, 0.500, 0.558, 0.243, 0.073
131.460, 0.500, 0.500, 0.577, 0.258, 0.065
131.480, 0.500, 0.500, 0.597, 0.273, 0.058
131.500, 0.500, 0.500, 0.608, 0.288, 0.053
131.520, 0.500, 0.500, 0.614, 0.295, 0.055
131.540, 0.500, 0.500, 0.619, 0.298, 0.060
131.560, 0.500, 0.500, 0.624, 0.300, 0.064
131.580, 0.500, 0.500, 0.629, 0.302, 0.066
131.600, 0.500, 0.500, 0.634, 0.303, 0.066
131.620, 0.500, 0.500, 0.640, 0.304, 0.065
131.640, 0.500, 0.500, 0.645, 0.305, 0.063
131.660, 0.500, 0.500, 0.651, 0.307, 0.060
131.680, 0.500, 0.500, 0.655, 0.308, 0.058
131.700, 0.500, 0.500, 0.656, 0.309, 0.059
131.720, 0.500, 0.500, 0.654, 0.311, 0.060
131.740, 0.500, 0.500, 0.649, 0.312, 0.062
131.760, 0.500, 0.500, 0.643, 0.313, 0.062
131.780, 0.500, 0.500, 0.638, 0.314, 0.063
131.800, 0.500, 0.500, 0.633, 0.314, 0.064
131.820, 0.500, 0.500, 0.629, 0.313, 0.066
131.840, 0.500, 0.500, 0.625, 0.312, 0.068
131.860, 0.500, 0.500, 0.623, 0.310, 0.072
131.880, 0.500, 0.500, 0.620, 0.308, 0.076
131.900, 0.500, 0.500, 0.619, 0.305, 0.081
131.920, 0.500, 0.500, 0.617, 0.301, 0.088
131.940, 0.500, 0.500, 0.616, 0.296, 0.094
131.960, 0.500, 0.500, 0.614, 0.289, 0.096
131.980, 0.500, 0.500, 0.615, 0.282, 0.094
132.000, 0.500, 0.500, 0.618, 0.276, 0.090
132.020, 0.500, 0.500, 0.624, 0.274, 0.084
132.040, 0.500, 0.500, 0.631, 0.275, 0.080
132.060, 0.500, 0.500, 0.638, 0.279, 0.078
132.080, 0.500, 0.500, 0.644, 0.285, 0.079
132.100, 0.500, 0.500, 0.649, 0.292, 0.084
132.120, 0.500, 0.500, 0.655, 0.299, 0.091
132.140, 0.500, 0.500, 0.660, 0.306, 0.099
132.160, 0.500, 0.500, 0.667, 0.313, 0.108
132.180, 0.500, 0.500, 0.675, 0.319, 0.117
132.200, 0.500, 0.500, 0.685, 0.324, 0.125
132.220, 0.500, 0.500, 0.696, 0.330, 0.133
132.240, 0.500, 0.500, 0.708, 0.335, 0.139
132.260, 0.500, 0.500, 0.720, 0.340, 0.143
132.280, 0.500, 0.500, 0.732, 0.345, 0.147
132.300, 0.500, 0.500, 0.742, 0.351, 0.149
132.320, 0.500, 0.500, 0.752, 0.356, 0.150
132.340, 0.500, 0.500, 0.760, 0.360, 0.150
132.360, 0.500, 0.500, 0.767, 0.364, 0.150
132.380, 0.500, 0.500, 0.773, 0.367, 0.148
132.400, 0.500, 0.500, 0.779, 0.370, 0.145
134.440, -0.500, -0.500, 0.000, 0.000, 0.175
134.460, -0.500, -0.500, -0.001, 0.001, 0.163
134.480, -0.500, -0.500, -0.001, 0.001, 0.150
134.500, -0.500, -0.500, -0.002, 0.001, 0.137
134.520, -0.500, -0.500, -0.006, -0.001, 0.127
134.540, -0.500, -0.500, -0.012, -0.003, 0.120
134.560, -0.500, -0.500, -0.019, -0.006, 0.115
134.580, -0.500, -0.500, -0.026, -0.009, 0.115
134.600, -0.500, -0.500, -0.033, -0.013, 0.116
134.620, -0.500, -0.500, -0.040, -0.018, 0.117
134.640, -0.500, -0.500, -0.046, -0.023, 0.118
134.660, -0.500, -0.500, -0.052, -0.027, 0.119
134.680, -0.500, -0.500, -0.057, -0.031, 0.122
134.700, -0.500, -0.500, -0.060, -0.034, 0.121
134.720, -0.500, -0.500, -0.059, -0.036, 0.116
134.740, -0.500, -0.500, -0.057, -0.040, 0.109
134.760, -0.500, -0.500, -0.054, -0.046, 0.103
134.780, -0.500, -0.500, -0.053, -0.055, 0.098
134.800, -0.500, -0.500, -0.056, -0.067, 0.093
134.820, -0.500, -0.500, -0.063, -0.083, 0.088
134.840, -0.500, -0.500, -0.073, -0.102, 0.085
134.860, -0.500, -0.500, -0.087, -0.122, 0.081
134.880, -0.500, -0.500, -0.101, -0.144, 0.077
134.900, -0.500, -0.500, -0.116, -0.164, 0.072
134.920, -0.500, -0.500, -0.128, -0.182, 0.067
134.940, -0.500, -0.500, -0.136, -0.195, 0.063
134.960, -0.500, -0.500, -0.140, -0.204, 0.060
134.980, -0.500, -0.500, -0.140, -0.209, 0.057
135.000, -0.500, -0.500, -0.135, -0.210, 0.054
135.020, -0.500, -0.500, -0.128, -0.209, 0.052
135.040, -0.500, -0.500, -0.118, -0.206, 0.051
135.060, -0.500, -0.500, -0.107, -0.202, 0.051
135.080, -0.500, -0.500, -0.096, -0.198, 0.052
135.100, -0.500, -0.500, -0.084, -0.196, 0.053
135.120, -0.500, -0.500, -0.078, -0.194, 0.056
135.140, -0.500, -0.500, -0.072, -0.194, 0.059
135.160, -0.500, -0.500, -0.066, -0.195, 0.062
135.180, -0.500, -0.500, -0.061, -0.196, 0.065
135.200, -0.500, -0.500, -0.056, -0.197, 0.067
135.220, -0.500, -0.500, -0.052, -0.197, 0.068
135.240, -0.500, -0.500, -0.048, -0.196, 0.070
135.260, -0.500, -0.500, -0.045, -0.194, 0.072
135.280, -0.500, -0.500, -0.041, -0.192, 0.074
135.300, -0.500, -0.500, -0.037, -0.187, 0.076
135.320, -0.500, -0.500, -0.033, -0.181, 0.080
135.340, -0.500, -0.500, -0.030, -0.173, 0.083
135.360, -0.500, -0.500, -0.031, -0.162, 0.083
135.380, -0.500, -0.500, -0.035, -0.149, 0.079
135.400, -0.500, -0.500, -0.042, -0.136, 0.073
135.420, -0.500, -0.500, -0.047, -0.125, 0.068
135.440, -0.500, -0.500, -0.048, -0.120, 0.066
135.460, -0.500, -0.500, -0.051, -0.116, 0.068
135.480, -0.500, -0.500, -0.059, -0.113, 0.073
135.500, -0.500, -0.500, -0.070, -0.109, 0.079
135.520, -0.500, -0.500, -0.080, -0.105, 0.086
135.540, -0.500, -0.500, -0.091, -0.101, 0.094
135.560, -0.500, -0.500, -0.100, -0.098, 0.101
135.580, -0.500, -0.500, -0.108, -0.094, 0.109
135.600, -0.500, -0.500, -0.116, -0.091, 0.115
135.620, -0.500, -0.500, -0.123, -0.088, 0.121
135.640, -0.500, -0.500, -0.128, -0.086, 0.126
135.660, -0.500, -0.500, -0.134, -0.084, 0.129
135.680, -0.500, -0.500, -0.138, -0.083, 0.132
135.700, -0.500, -0.500, -0.142, -0.083, 0.135
135.720, -0.500, -0.500, -0.145, -0.082, 0.136
135.740, -0.500, -0.500, -0.148, -0.082, 0.137
135.760, -0.500, -0.500, -0.150, -0.082, 0.137
135.780, -0.500, -0.500, -0.152, -0.082, 0.136
135.800, -0.500, -0.500, -0.154, -0.082, 0.135
135.820, -0.500, -0.500, -0.155, -0.082, 0.133
135.840, -0.500, -0.500, -0.156, -0.082, 0.131
135.860, -0.500, -0.500, -0.157, -0.083, 0.128
135.880, -0.500, -0.500, -0.158, -0.084, 0.125
135.900, -0.500, -0.500, -0.159, -0.086, 0.121
135.920, -0.500, -0.500, -0.159, -0.089, 0.118
135.940, -0.500, -0.500, -0.160, -0.092, 0.114
135.960, -0.500, -0.500, -0.160, -0.096, 0.111
135.980, -0.500, -0.500, -0.158, -0.102, 0.107
136.000, -0.500, -0.500, -0.155, -0.107, 0.107
136.020, -0.500, -0.500, -0.154, -0.113, 0.104
136.040, -0.500, -0.500, -0.154, -0.120, 0.098
136.060, -0.500, -0.500, -0.154, -0.128, 0.088
136.080, -0.500, -0.500, -0.157, -0.136, 0.076
136.100, -0.500, -0.500, -0.162, -0.144, 0.064
136.120, -0.500, -0.500, -0.170, -0.153, 0.052
136.140, -0.500, -0.500, -0.175, -0.162, 0.042
136.160, -0.500, -0.500, -0.175, -0.166, 0.044
136.180, -0.500, -0.500, -0.179, -0.168, 0.051
136.200, -0.500, -0.500, -0.187, -0.169, 0.056
136.220, -0.500, -0.500, -0.198, -0.169, 0.059
136.240, -0.500, -0.500, -0.210, -0.170, 0.060
136.260, -0.500, -0.500, -0.223, -0.171, 0.059
136.280, -0.500, -0.500, -0.234, -0.173, 0.056
136.300, -0.500, -0.500, -0.238, -0.176, 0.054
136.320, -0.500, -0.500, -0.240, -0.177, 0.053
136.340, -0.500, -0.500, -0.245, -0.176, 0.054
136.360, -0.500, -0.500, -0.252, -0.175, 0.055
136.380, -0.500, -0.500, -0.260, -0.174, 0.055
136.400, -0.500, -0.500, -0.266, -0.173, 0.055
136.420, -0.500, -0.500, -0.269, -0.172, 0.055
136.440, -0.500, -0.500, -0.270, -0.171, 0.055
136.460, -0.500, -0.500, -0.272, -0.169, 0.055
136.480, -0.500, -0.500, -0.274, -0.167, 0.058
136.500, -0.500, -0.500, -0.276, -0.164, 0.061
136.520, -0.500, -0.500, -0.276, -0.162, 0.065
136.540, -0.500, -0.500, -0.275, -0.159, 0.069
136.560, -0.500, -0.500, -0.274, -0.157, 0.073
136.580, -0.500, -0.500, -0.273, -0.155, 0.077
136.600, -0.500, -0.500, -0.271, -0.152, 0.081
136.620, -0.500, -0.500, -0.270, -0.150, 0.087
136.640, -0.500, -0.500, -0.267, -0.147, 0.093
136.660, -0.500, -0.500, -0.264, -0.144, 0.097
136.680, -0.500, -0.500, -0.262, -0.140, 0.095
136.700, -0.500, -0.500, -0.262, -0.137, 0.091
136.720, -0.500, -0.500, -0.265, -0.136, 0.087
136.740, -0.500, -0.500, -0.271, -0.137, 0.083
136.760, -0.500, -0.500, -0.279, -0.139, 0.083
136.780, -0.500, -0.500, -0.287, -0.143, 0.085
136.800, -0.500, -0.500, -0.295, -0.148, 0.089
136.820, -0.500, -0.500, -0.304, -0.153, 0.096
136.840, -0.500, -0.500, -0.313, -0.158, 0.105
136.860, -0.500, -0.500, -0.322, -0.162, 0.113
136.880, -0.500, -0.500, -0.333, -0.165, 0.121
136.900, -0.500, -0.500, -0.344, -0.168, 0.129
136.920, -0.500, -0.500, -0.357, -0.171, 0.135
136.940, -0.500, -0.500, -0.369, -0.173, 0.140
136.960, -0.500, -0.500, -0.381, -0.174, 0.144
136.980, -0.500, -0.500, -0.392, -0.176, 0.147
137.000, -0.500, -0.500, -0.402, -0.177, 0.150
137.020, -0.500, -0.500, -0.411, -0.178, 0.152
137.040, -0.500, -0.500, -0.419, -0.179, 0.153
137.060, -0.500, -0.500, -0.425, -0.180, 0.153
137.080, -0.500, -0.500, -0.430, -0.180, 0.153
137.100, -0.500, -0.500, -0.435, -0.180, 0.151
137.120, -0.500, -0.500, -0.438, -0.180, 0.148
137.140, -0.500, -0.500, -0.441, -0.179, 0.145
137.160, -0.500, -0.500, -0.444, -0.179, 0.141
137.180, -0.500, -0.500, -0.447, -0.178, 0.137
137.200, -0.500, -0.500, -0.451, -0.177, 0.132
137.220, -0.500, -0.500, -0.454, -0.177, 0.127
137.240, -0.500, -0.500, -0.459, -0.178, 0.123
137.260, -0.500, -0.500, -0.463, -0.180, 0.117
137.280, -0.500, -0.500, -0.468, -0.180, 0.119
137.300, -0.500, -0.500, -0.473, -0.181, 0.124
137.320, -0.500, -0.500, -0.475, -0.183, 0.125
137.340, -0.500, -0.500, -0.475, -0.187, 0.122
137.360, -0.500, -0.500, -0.473, -0.192, 0.116
137.380, -0.500, -0.500, -0.471, -0.200, 0.107
137.400, -0.500, -0.500, -0.473, -0.210, 0.098
137.420, -0.500, -0.500, -0.480, -0.222, 0.090
137.440, -0.500, -0.500, -0.492, -0.236, 0.082
137.460, -0.500, -0.500, -0.509, -0.252, 0.075
137.480, -0.500, -0.500, -0.529, -0.269, 0.069
137.500, -0.500, -0.500, -0.549, -0.286, 0.063
137.520, -0.500, -0.500, -0.567, -0.304, 0.057
137.540, -0.500, -0.500, -0.572, -0.317, 0.054
137.560, -0.500, -0.500, -0.575, -0.325, 0.053
137.580, -0.500, -0.500, -0.579, -0.331, 0.053
137.600, -0.500, -0.500, -0.583, -0.335, 0.052
137.620, -0.500, -0.500, -0.587, -0.338, 0.051
137.640, -0.500, -0.500, -0.591, -0.340, 0.049
137.660, -0.500, -0.500, -0.594, -0.342, 0.047
137.680, -0.500, -0.500, -0.595, -0.344, 0.044
137.700, -0.500, -0.500, -0.595, -0.345, 0.043
137.720, -0.500, -0.500, -0.596, -0.346, 0.044
137.740, -0.500, -0.500, -0.596, -0.345, 0.047
137.760, -0.500, -0.500, -0.596, -0.344, 0.051
137.780, -0.500, -0.500, -0.596, -0.341, 0.055
137.800, -0.500, -0.500, -0.596, -0.338, 0.060
137.820, -0.500, -0.500, -0.595, -0.334, 0.064
137.840, -0.500, -0.500, -0.595, -0.331, 0.069
137.860, -0.500, -0.500, -0.595, -0.326, 0.073
137.880, -0.500, -0.500, -0.595, -0.322, 0.078
137.900, -0.500, -0.500, -0.596, -0.318, 0.083
137.920, -0.500, -0.500, -0.596, -0.314, 0.089
137.940, -0.500, -0.500, -0.596, -0.310, 0.096
137.960, -0.500, -0.500, -0.595, -0.305, 0.102
137.980, -0.500, -0.500, -0.594, -0.298, 0.104
138.000, -0.500, -0.500, -0.594, -0.292, 0.101
138.020, -0.500, -0.500, -0.598, -0.287, 0.096
138.040, -0.500, -0.500, -0.604, -0.284, 0.090
138.060, -0.500, -0.500, -0.611, -0.284, 0.085
138.080, -0.500, -0.500, -0.619, -0.286, 0.083
138.100, -0.500, -0.500, -0.626, -0.291, 0.084
138.120, -0.500, -0.500, -0.632, -0.296, 0.090
138.140, -0.500, -0.500, -0.638, -0.300, 0.098
138.160, -0.500, -0.500, -0.645, -0.304, 0.107
138.180, -0.500, -0.500, -0.654, -0.308, 0.117
138.200, -0.500, -0.500, -0.665, -0.309, 0.126
138.220, -0.500, -0.500, -0.677, -0.310, 0.135
138.240, -0.500, -0.500, -0.690, -0.310, 0.141
138.260, -0.500, -0.500, -0.703, -0.310, 0.147
138.280, -0.500, -0.500, -0.715, -0.309, 0.151
138.300, -0.500, -0.500, -0.726, -0.308, 0.155
138.320, -0.500, -0.500, -0.736, -0.307, 0.158
138.340, -0.500, -0.500, -0.744, -0.306, 0.160
138.360, -0.500, -0.500, -0.750, -0.305, 0.162
138.380, -0.500, -0.500, -0.755, -0.304, 0.162
138.400, -0.500, -0.500, -0.758, -0.302, 0.162
138.420, -0.500, -0.500, -0.760, -0.301, 0.160
140.460, -0.500, -0.400, 0.000, 0.000, 0.175
140.480, -0.500, -0.400, -0.001, 0.001, 0.163
140.500, -0.500, -0.400, -0.001, 0.001, 0.150
140.520, -0.500, -0.400, -0.002, 0.001, 0.136
140.540, -0.500, -0.400, -0.005, -0.000, 0.126
140.560, -0.500, -0.400, -0.010, -0.002, 0.120
140.580, -0.500, -0.400, -0.017, -0.004, 0.116
140.600, -0.500, -0.400, -0.025, -0.007, 0.115
140.620, -0.500, -0.400, -0.032, -0.010, 0.117
140.640, -0.500, -0.400, -0.038, -0.013, 0.118
140.660, -0.500, -0.400, -0.044, -0.017, 0.119
140.680, -0.500, -0.400, -0.050, -0.021, 0.121
140.700, -0.500, -0.400, -0.055, -0.024, 0.124
140.720, -0.500, -0.400, -0.057, -0.026, 0.123
140.740, -0.500, -0.400, -0.056, -0.029, 0.118
140.760, -0.500, -0.400, -0.053, -0.032, 0.112
140.780, -0.500, -0.400, -0.051, -0.038, 0.105
140.800, -0.500, -0.400, -0.050, -0.047, 0.100
140.820, -0.500, -0.400, -0.053, -0.058, 0.094
140.840, -0.500, -0.400, -0.060, -0.073, 0.090
140.860, -0.500, -0.400, -0.071, -0.089, 0.086
140.880, -0.500, -0.400, -0.085, -0.107, 0.083
140.900, -0.500, -0.400, -0.100, -0.126, 0.079
140.920, -0.500, -0.400, -0.115, -0.145, 0.076
140.940, -0.500, -0.400, -0.130, -0.161, 0.071
140.960, -0.500, -0.400, -0.142, -0.175, 0.065
140.980, -0.500, -0.400, -0.150, -0.184, 0.061
141.000, -0.500, -0.400, -0.153, -0.189, 0.058
141.020, -0.500, -0.400, -0.152, -0.191, 0.056
141.040, -0.500, -0.400, -0.146, -0.189, 0.056
141.060, -0.500, -0.400, -0.138, -0.186, 0.057
141.080, -0.500, -0.400, -0.129, -0.181, 0.059
141.100, -0.500, -0.400, -0.119, -0.177, 0.061
141.120, -0.500, -0.400, -0.108, -0.172, 0.064
141.140, -0.500, -0.400, -0.099, -0.169, 0.067
141.160, -0.500, -0.400, -0.091, -0.166, 0.070
141.180, -0.500, -0.400, -0.084, -0.164, 0.074
141.200, -0.500, -0.400, -0.079, -0.162, 0.077
141.220, -0.500, -0.400, -0.074, -0.160, 0.080
141.240, -0.500, -0.400, -0.071, -0.159, 0.083
141.260, -0.500, -0.400, -0.068, -0.157, 0.086
141.280, -0.500, -0.400, -0.066, -0.154, 0.088
141.300, -0.500, -0.400, -0.065, -0.150, 0.091
141.320, -0.500, -0.400, -0.064, -0.146, 0.095
141.340, -0.500, -0.400, -0.064, -0.141, 0.100
141.360, -0.500, -0.400, -0.064, -0.135, 0.104
141.380, -0.500, -0.400, -0.067, -0.128, 0.104
141.400, -0.500, -0.400, -0.071, -0.120, 0.100
141.420, -0.500, -0.400, -0.075, -0.112, 0.093
141.440, -0.500, -0.400, -0.080, -0.105, 0.086
141.460, -0.500, -0.400, -0.084, -0.100, 0.081
141.480, -0.500, -0.400, -0.087, -0.096, 0.078
141.500, -0.500, -0.400, -0.091, -0.093, 0.079
141.520, -0.500, -0.400, -0.095, -0.091, 0.082
141.540, -0.500, -0.400, -0.100, -0.088, 0.088
141.560, -0.500, -0.400, -0.107, -0.086, 0.095
141.580, -0.500, -0.400, -0.115, -0.084, 0.103
141.600, -0.500, -0.400, -0.123, -0.082, 0.111
141.620, -0.500, -0.400, -0.132, -0.079, 0.118
141.640, -0.500, -0.400, -0.140, -0.077, 0.123
141.660, -0.500, -0.400, -0.148, -0.075, 0.128
141.680, -0.500, -0.400, -0.156, -0.074, 0.132
141.700, -0.500, -0.400, -0.164, -0.072, 0.135
141.720, -0.500, -0.400, -0.172, -0.071, 0.138
141.740, -0.500, -0.400, -0.178, -0.071, 0.140
141.760, -0.500, -0.400, -0.183, -0.071, 0.142
141.780, -0.500, -0.400, -0.186, -0.071, 0.143
141.800, -0.500, -0.400, -0.188, -0.072, 0.143
141.820, -0.500, -0.400, -0.189, -0.073, 0.143
141.840, -0.500, -0.400, -0.189, -0.074, 0.141
141.860, -0.500, -0.400, -0.189, -0.075, 0.139
141.880, -0.500, -0.400, -0.189, -0.076, 0.136
141.900, -0.500, -0.400, -0.189, -0.078, 0.133
141.920, -0.500, -0.400, -0.189, -0.079, 0.129
141.940, -0.500, -0.400, -0.189, -0.082, 0.126
141.960, -0.500, -0.400, -0.189, -0.084, 0.123
141.980, -0.500, -0.400, -0.189, -0.088, 0.120
142.000, -0.500, -0.400, -0.187, -0.092, 0.116
142.020, -0.500, -0.400, -0.185, -0.097, 0.114
142.040, -0.500, -0.400, -0.183, -0.103, 0.112
142.060, -0.500, -0.400, -0.182, -0.109, 0.106
142.080, -0.500, -0.400, -0.182, -0.116, 0.097
142.100, -0.500, -0.400, -0.184, -0.124, 0.086
142.120, -0.500, -0.400, -0.188, -0.132, 0.075
142.140, -0.500, -0.400, -0.195, -0.140, 0.064
142.160, -0.500, -0.400, -0.205, -0.150, 0.054
142.180, -0.500, -0.400, -0.214, -0.159, 0.047
142.200, -0.500, -0.400, -0.212, -0.165, 0.049
142.220, -0.500, -0.400, -0.214, -0.169, 0.054
142.240, -0.500, -0.400, -0.220, -0.173, 0.058
142.260, -0.500, -0.400, -0.228, -0.176, 0.061
142.280, -0.500, -0.400, -0.239, -0.179, 0.061
142.300, -0.500, -0.400, -0.250, -0.183, 0.060
142.320, -0.500, -0.400, -0.260, -0.185, 0.058
142.340, -0.500, -0.400, -0.267, -0.188, 0.057
142.360, -0.500, -0.400, -0.269, -0.189, 0.056
142.380, -0.500, -0.400, -0.271, -0.190, 0.056
142.400, -0.500, -0.400, -0.274, -0.189, 0.057
142.420, -0.500, -0.400, -0.279, -0.188, 0.058
142.440, -0.500, -0.400, -0.285, -0.187, 0.060
142.460, -0.500, -0.400, -0.291, -0.184, 0.061
142.480, -0.500, -0.400, -0.296, -0.181, 0.064
142.500, -0.500, -0.400, -0.299, -0.178, 0.069
142.520, -0.500, -0.400, -0.300, -0.174, 0.074
142.540, -0.500, -0.400, -0.300, -0.171, 0.078
142.560, -0.500, -0.400, -0.298, -0.167, 0.082
142.580, -0.500, -0.400, -0.297, -0.164, 0.086
142.600, -0.500, -0.400, -0.295, -0.160, 0.090
142.620, -0.500, -0.400, -0.294, -0.158, 0.094
142.640, -0.500, -0.400, -0.292, -0.155, 0.099
142.660, -0.500, -0.400, -0.291, -0.152, 0.104
142.680, -0.500, -0.400, -0.288, -0.148, 0.107
142.700, -0.500, -0.400, -0.286, -0.145, 0.105
142.720, -0.500, -0.400, -0.286, -0.142, 0.100
142.740, -0.500, -0.400, -0.288, -0.142, 0.095
142.760, -0.500, -0.400, -0.293, -0.145, 0.091
142.780, -0.500, -0.400, -0.299, -0.149, 0.090
142.800, -0.500, -0.400, -0.305, -0.155, 0.092
142.820, -0.500, -0.400, -0.311, -0.161, 0.097
142.840, -0.500, -0.400, -0.318, -0.168, 0.104
142.860, -0.500, -0.400, -0.324, -0.175, 0.112
142.880, -0.500, -0.400, -0.332, -0.181, 0.120
142.900, -0.500, -0.400, -0.341, -0.187, 0.127
142.920, -0.500, -0.400, -0.351, -0.193, 0.134
142.940, -0.500, -0.400, -0.361, -0.198, 0.139
142.960, -0.500, -0.400, -0.372, -0.203, 0.144
142.980, -0.500, -0.400, -0.382, -0.207, 0.147
143.000, -0.500, -0.400, -0.391, -0.211, 0.149
143.020, -0.500, -0.400, -0.400, -0.214, 0.151
143.040, -0.500, -0.400, -0.408, -0.217, 0.152
143.060, -0.500, -0.400, -0.414, -0.220, 0.153
143.080, -0.500, -0.400, -0.420, -0.221, 0.153
143.100, -0.500, -0.400, -0.425, -0.222, 0.151
143.120, -0.500, -0.400, -0.429, -0.222, 0.149
143.140, -0.500, -0.400, -0.433, -0.222, 0.146
143.160, -0.500, -0.400, -0.436, -0.222, 0.143
143.180, -0.500, -0.400, -0.440, -0.221, 0.139
143.200, -0.500, -0.400, -0.443, -0.220, 0.134
143.220, -0.500, -0.400, -0.447, -0.220, 0.129
143.240, -0.500, -0.400, -0.452, -0.221, 0.124
143.260, -0.500, -0.400, -0.456, -0.222, 0.119
143.280, -0.500, -0.400, -0.461, -0.223, 0.118
143.300, -0.500, -0.400, -0.467, -0.224, 0.123
143.320, -0.500, -0.400, -0.471, -0.225, 0.129
143.340, -0.500, -0.400, -0.472, -0.227, 0.130
143.360, -0.500, -0.400, -0.471, -0.229, 0.127
143.380, -0.500, -0.400, -0.468, -0.233, 0.120
143.400, -0.500, -0.400, -0.466, -0.239, 0.112
143.420, -0.500, -0.400, -0.467, -0.248, 0.105
143.440, -0.500, -0.400, -0.473, -0.259, 0.098
143.460, -0.500, -0.400, -0.484, -0.272, 0.093
143.480, -0.500, -0.400, -0.499, -0.288, 0.089
143.500, -0.500, -0.400, -0.517, -0.304, 0.086
143.520, -0.500, -0.400, -0.535, -0.322, 0.083
143.540, -0.500, -0.400, -0.554, -0.340, 0.080
143.560, -0.500, -0.400, -0.570, -0.357, 0.076
143.580, -0.500, -0.400, -0.584, -0.372, 0.070
143.600, -0.500, -0.400, -0.594, -0.382, 0.064
143.620, -0.500, -0.400, -0.597, -0.390, 0.059
143.640, -0.500, -0.400, -0.595, -0.395, 0.056
143.660, -0.500, -0.400, -0.592, -0.398, 0.054
143.680, -0.500, -0.400, -0.589, -0.399, 0.053
143.700, -0.500, -0.400, -0.587, -0.399, 0.052
143.720, -0.500, -0.400, -0.584, -0.399, 0.051
143.740, -0.500, -0.400, -0.583, -0.399, 0.051
143.760, -0.500, -0.400, -0.581, -0.398, 0.054
143.780, -0.500, -0.400, -0.578, -0.398, 0.060
143.800, -0.500, -0.400, -0.574, -0.397, 0.064
143.820, -0.500, -0.400, -0.570, -0.395, 0.068
143.840, -0.500, -0.400, -0.566, -0.394, 0.072
143.860, -0.500, -0.400, -0.563, -0.392, 0.075
143.880, -0.500, -0.400, -0.560, -0.389, 0.078
143.900, -0.500, -0.400, -0.557, -0.386, 0.081
143.920, -0.500, -0.400, -0.554, -0.383, 0.085
143.940, -0.500, -0.400, -0.551, -0.380, 0.090
143.960, -0.500, -0.400, -0.549, -0.375, 0.096
143.980, -0.500, -0.400, -0.547, -0.370, 0.101
144.000, -0.500, -0.400, -0.545, -0.363, 0.102
144.020, -0.500, -0.400, -0.544, -0.356, 0.099
144.040, -0.500, -0.400, -0.545, -0.349, 0.094
144.060, -0.500, -0.400, -0.548, -0.345, 0.087
144.080, -0.500, -0.400, -0.552, -0.343, 0.083
144.100, -0.500, -0.400, -0.556, -0.344, 0.080
144.120, -0.500, -0.400, -0.560, -0.347, 0.080
144.140, -0.500, -0.400, -0.563, -0.350, 0.084
144.160, -0.500, -0.400, -0.567, -0.354, 0.090
144.180, -0.500, -0.400, -0.571, -0.357, 0.098
144.200, -0.500, -0.400, -0.576, -0.359, 0.106
144.220, -0.500, -0.400, -0.582, -0.361, 0.114
144.240, -0.500, -0.400, -0.590, -0.361, 0.122
144.260, -0.500, -0.400, -0.599, -0.360, 0.128
144.280, -0.500, -0.400, -0.609, -0.359, 0.134
144.300, -0.500, -0.400, -0.618, -0.357, 0.138
144.320, -0.500, -0.400, -0.627, -0.354, 0.142
144.340, -0.500, -0.400, -0.636, -0.352, 0.145
144.360, -0.500, -0.400, -0.642, -0.350, 0.148
144.380, -0.500, -0.400, -0.647, -0.348, 0.149
144.400, -0.500, -0.400, -0.650, -0.346, 0.150
144.420, -0.500, -0.400, -0.651, -0.345, 0.149
144.440, -0.500, -0.400, -0.651, -0.344, 0.148
146.480, -0.500, -0.300, 0.000, 0.000, 0.175
146.500, -0.500, -0.300, -0.000, 0.000, 0.163
146.520, -0.500, -0.300, 0.000, -0.000, 0.152
146.540, -0.500, -0.300, -0.000, -0.001, 0.142
146.560, -0.500, -0.300, -0.002, -0.004, 0.134
146.580, -0.500, -0.300, -0.005, -0.006, 0.129
146.600, -0.500, -0.300, -0.011, -0.009, 0.126
146.620, -0.500, -0.300, -0.017, -0.012, 0.127
146.640, -0.500, -0.300, -0.022, -0.015, 0.129
146.660, -0.500, -0.300, -0.027, -0.019, 0.132
146.680, -0.500, -0.300, -0.030, -0.024, 0.134
146.700, -0.500, -0.300, -0.033, -0.029, 0.137
146.720, -0.500, -0.300, -0.035, -0.034, 0.136
146.740, -0.500, -0.300, -0.036, -0.039, 0.133
146.760, -0.500, -0.300, -0.035, -0.043, 0.126
146.780, -0.500, -0.300, -0.034, -0.048, 0.117
146.800, -0.500, -0.300, -0.032, -0.054, 0.108
146.820, -0.500, -0.300, -0.032, -0.062, 0.100
146.840, -0.500, -0.300, -0.035, -0.073, 0.093
146.860, -0.500, -0.300, -0.043, -0.085, 0.087
146.880, -0.500, -0.300, -0.053, -0.100, 0.082
146.900, -0.500, -0.300, -0.066, -0.116, 0.079
146.920, -0.500, -0.300, -0.081, -0.133, 0.076
146.940, -0.500, -0.300, -0.095, -0.150, 0.073
146.960, -0.500, -0.300, -0.109, -0.166, 0.070
146.980, -0.500, -0.300, -0.120, -0.179, 0.067
147.000, -0.500, -0.300, -0.127, -0.189, 0.065
147.020, -0.500, -0.300, -0.131, -0.197, 0.061
147.040, -0.500, -0.300, -0.131, -0.202, 0.057
147.060, -0.500, -0.300, -0.129, -0.205, 0.054
147.080, -0.500, -0.300, -0.126, -0.208, 0.053
147.100, -0.500, -0.300, -0.124, -0.208, 0.052
147.120, -0.500, -0.300, -0.124, -0.208, 0.052
147.140, -0.500, -0.300, -0.124, -0.207, 0.053
147.160, -0.500, -0.300, -0.123, -0.205, 0.057
147.180, -0.500, -0.300, -0.122, -0.202, 0.063
147.200, -0.500, -0.300, -0.121, -0.199, 0.069
147.220, -0.500, -0.300, -0.120, -0.195, 0.074
147.240, -0.500, -0.300, -0.120, -0.191, 0.079
147.260, -0.500, -0.300, -0.121, -0.186, 0.083
147.280, -0.500, -0.300, -0.121, -0.181, 0.087
147.300, -0.500, -0.300, -0.122, -0.176, 0.092
147.320, -0.500, -0.300, -0.123, -0.172, 0.096
147.340, -0.500, -0.300, -0.124, -0.167, 0.100
147.360, -0.500, -0.300, -0.125, -0.162, 0.106
147.380, -0.500, -0.300, -0.126, -0.157, 0.110
147.400, -0.500, -0.300, -0.127, -0.150, 0.110
147.420, -0.500, -0.300, -0.128, -0.144, 0.105
147.440, -0.500, -0.300, -0.131, -0.140, 0.097
147.460, -0.500, -0.300, -0.135, -0.138, 0.088
147.480, -0.500, -0.300, -0.139, -0.139, 0.082
147.500, -0.500, -0.300, -0.143, -0.142, 0.079
147.520, -0.500, -0.300, -0.146, -0.146, 0.079
147.540, -0.500, -0.300, -0.149, -0.150, 0.083
147.560, -0.500, -0.300, -0.153, -0.154, 0.088
147.580, -0.500, -0.300, -0.160, -0.158, 0.096
147.600, -0.500, -0.300, -0.168, -0.160, 0.104
147.620, -0.500, -0.300, -0.178, -0.161, 0.112
147.640, -0.500, -0.300, -0.189, -0.161, 0.119
147.660, -0.500, -0.300, -0.202, -0.160, 0.126
147.680, -0.500, -0.300, -0.215, -0.159, 0.132
147.700, -0.500, -0.300, -0.228, -0.157, 0.137
147.720, -0.500, -0.300, -0.240, -0.154, 0.141
147.740, -0.500, -0.300, -0.251, -0.152, 0.144
147.760, -0.500, -0.300, -0.260, -0.149, 0.147
147.780, -0.500, -0.300, -0.268, -0.147, 0.148
147.800, -0.500, -0.300, -0.272, -0.145, 0.149
147.820, -0.500, -0.300, -0.275, -0.143, 0.148
147.840, -0.500, -0.300, -0.277, -0.142, 0.146
147.860, -0.500, -0.300, -0.277, -0.141, 0.144
147.880, -0.500, -0.300, -0.278, -0.140, 0.140
147.900, -0.500, -0.300, -0.279, -0.140, 0.137
147.920, -0.500, -0.300, -0.281, -0.140, 0.133
147.940, -0.500, -0.300, -0.283, -0.140, 0.129
147.960, -0.500, -0.300, -0.285, -0.141, 0.125
147.980, -0.500, -0.300, -0.288, -0.142, 0.121
148.000, -0.500, -0.300, -0.289, -0.144, 0.117
148.020, -0.500, -0.300, -0.290, -0.146, 0.118
148.040, -0.500, -0.300, -0.290, -0.149, 0.120
148.060, -0.500, -0.300, -0.289, -0.153, 0.118
148.080, -0.500, -0.300, -0.287, -0.158, 0.113
148.100, -0.500, -0.300, -0.286, -0.165, 0.104
148.120, -0.500, -0.300, -0.286, -0.172, 0.095
148.140, -0.500, -0.300, -0.289, -0.179, 0.085
148.160, -0.500, -0.300, -0.295, -0.188, 0.077
148.180, -0.500, -0.300, -0.306, -0.198, 0.069
148.200, -0.500, -0.300, -0.318, -0.209, 0.064
148.220, -0.500, -0.300, -0.329, -0.219, 0.062
148.240, -0.500, -0.300, -0.338, -0.229, 0.062
148.260, -0.500, -0.300, -0.343, -0.238, 0.061
148.280, -0.500, -0.300, -0.346, -0.246, 0.061
148.300, -0.500, -0.300, -0.349, -0.253, 0.061
148.320, -0.500, -0.300, -0.352, -0.259, 0.060
148.340, -0.500, -0.300, -0.355, -0.264, 0.060
148.360, -0.500, -0.300, -0.360, -0.267, 0.059
148.380, -0.500, -0.300, -0.366, -0.270, 0.059
148.400, -0.500, -0.300, -0.374, -0.271, 0.059
148.420, -0.500, -0.300, -0.381, -0.270, 0.060
148.440, -0.500, -0.300, -0.385, -0.268, 0.065
148.460, -0.500, -0.300, -0.388, -0.265, 0.070
148.480, -0.500, -0.300, -0.388, -0.260, 0.076
148.500, -0.500, -0.300, -0.388, -0.255, 0.081
148.520, -0.500, -0.300, -0.387, -0.249, 0.085
148.540, -0.500, -0.300, -0.386, -0.244, 0.089
148.560, -0.500, -0.300, -0.386, -0.239, 0.092
148.580, -0.500, -0.300, -0.386, -0.235, 0.095
148.600, -0.500, -0.300, -0.387, -0.232, 0.098
148.620, -0.500, -0.300, -0.388, -0.229, 0.101
148.640, -0.500, -0.300, -0.388, -0.226, 0.105
148.660, -0.500, -0.300, -0.389, -0.224, 0.110
148.680, -0.500, -0.300, -0.388, -0.221, 0.115
148.700, -0.500, -0.300, -0.387, -0.218, 0.117
148.720, -0.500, -0.300, -0.387, -0.215, 0.115
148.740, -0.500, -0.300, -0.387, -0.213, 0.110
148.760, -0.500, -0.300, -0.390, -0.214, 0.106
148.780, -0.500, -0.300, -0.395, -0.218, 0.104
148.800, -0.500, -0.300, -0.400, -0.223, 0.104
148.820, -0.500, -0.300, -0.405, -0.229, 0.108
148.840, -0.500, -0.300, -0.410, -0.237, 0.113
148.860, -0.500, -0.300, -0.415, -0.244, 0.120
148.880, -0.500, -0.300, -0.421, -0.253, 0.128
148.900, -0.500, -0.300, -0.427, -0.261, 0.135
148.920, -0.500, -0.300, -0.434, -0.269, 0.142
148.940, -0.500, -0.300, -0.441, -0.277, 0.147
148.960, -0.500, -0.300, -0.448, -0.285, 0.151
148.980, -0.500, -0.300, -0.455, -0.292, 0.154
149.000, -0.500, -0.300, -0.461, -0.299, 0.156
149.020, -0.500, -0.300, -0.467, -0.305, 0.158
149.040, -0.500, -0.300, -0.473, -0.310, 0.158
149.060, -0.500, -0.300, -0.478, -0.313, 0.158
149.080, -0.500, -0.300, -0.482, -0.316, 0.157
149.100, -0.500, -0.300, -0.486, -0.318, 0.156
149.120, -0.500, -0.300, -0.490, -0.318, 0.154
149.140, -0.500, -0.300, -0.493, -0.319, 0.151
149.160, -0.500, -0.300, -0.495, -0.318, 0.148
149.180, -0.500, -0.300, -0.498, -0.318, 0.144
149.200, -0.500, -0.300, -0.501, -0.318, 0.139
149.220, -0.500, -0.300, -0.504, -0.318, 0.135
149.240, -0.500, -0.300, -0.508, -0.319, 0.130
149.260, -0.500, -0.300, -0.512, -0.321, 0.125
149.280, -0.500, -0.300, -0.517, -0.323, 0.122
149.300, -0.500, -0.300, -0.523, -0.325, 0.124
149.320, -0.500, -0.300, -0.529, -0.327, 0.129
149.340, -0.500, -0.300, -0.533, -0.328, 0.134
149.360, -0.500, -0.300, -0.535, -0.329, 0.135
149.380, -0.500, -0.300, -0.533, -0.331, 0.130
149.400, -0.500, -0.300, -0.530, -0.333, 0.123
149.420, -0.500, -0.300, -0.527, -0.338, 0.115
149.440, -0.500, -0.300, -0.528, -0.345, 0.108
149.460, -0.500, -0.300, -0.533, -0.355, 0.102
149.480, -0.500, -0.300, -0.542, -0.368, 0.098
149.500, -0.500, -0.300, -0.555, -0.383, 0.095
149.520, -0.500, -0.300, -0.570, -0.400, 0.094
149.540, -0.500, -0.300, -0.586, -0.418, 0.093
149.560, -0.500, -0.300, -0.601, -0.436, 0.092
149.580, -0.500, -0.300, -0.616, -0.453, 0.090
149.600, -0.500, -0.300, -0.629, -0.469, 0.086
149.620, -0.500, -0.300, -0.638, -0.481, 0.083
149.640, -0.500, -0.300, -0.645, -0.490, 0.079
149.660, -0.500, -0.300, -0.648, -0.495, 0.074
149.680, -0.500, -0.300, -0.649, -0.499, 0.070
149.700, -0.500, -0.300, -0.648, -0.500, 0.066
149.720, -0.500, -0.300, -0.646, -0.500, 0.063
149.740, -0.500, -0.300, -0.644, -0.500, 0.061
149.760, -0.500, -0.300, -0.643, -0.499, 0.061
149.780, -0.500, -0.300, -0.641, -0.498, 0.064
149.800, -0.500, -0.300, -0.637, -0.495, 0.071
149.820, -0.500, -0.300, -0.632, -0.492, 0.078
149.840, -0.500, -0.300, -0.627, -0.489, 0.084
149.860, -0.500, -0.300, -0.623, -0.486, 0.089
149.880, -0.500, -0.300, -0.618, -0.483, 0.093
149.900, -0.500, -0.300, -0.614, -0.480, 0.096
149.920, -0.500, -0.300, -0.610, -0.477, 0.099
149.940, -0.500, -0.300, -0.607, -0.474, 0.102
149.960, -0.500, -0.300, -0.604, -0.472, 0.106
149.980, -0.500, -0.300, -0.602, -0.470, 0.110
150.000, -0.500, -0.300, -0.600, -0.467, 0.114
150.020, -0.500, -0.300, -0.599, -0.463, 0.113
150.040, -0.500, -0.300, -0.599, -0.457, 0.108
150.060, -0.500, -0.300, -0.600, -0.453, 0.101
150.080, -0.500, -0.300, -0.603, -0.452, 0.093
150.100, -0.500, -0.300, -0.607, -0.453, 0.087
150.120, -0.500, -0.300, -0.610, -0.457, 0.084
150.140, -0.500, -0.300, -0.613, -0.462, 0.084
150.160, -0.500, -0.300, -0.616, -0.468, 0.088
150.180, -0.500, -0.300, -0.621, -0.473, 0.093
150.200, -0.500, -0.300, -0.627, -0.478, 0.100
150.220, -0.500, -0.300, -0.635, -0.482, 0.107
150.240, -0.500, -0.300, -0.645, -0.485, 0.114
150.260, -0.500, -0.300, -0.656, -0.487, 0.120
150.280, -0.500, -0.300, -0.668, -0.488, 0.125
150.300, -0.500, -0.300, -0.680, -0.488, 0.130
150.320, -0.500, -0.300, -0.692, -0.488, 0.134
150.340, -0.500, -0.300, -0.703, -0.487, 0.137
150.360, -0.500, -0.300, -0.713, -0.485, 0.139
150.380, -0.500, -0.300, -0.721, -0.483, 0.141
150.400, -0.500, -0.300, -0.728, -0.481, 0.141
150.420, -0.500, -0.300, -0.733, -0.479, 0.141
150.440, -0.500, -0.300, -0.736, -0.477, 0.140
150.460, -0.500, -0.300, -0.738, -0.475, 0.138
152.500, -0.500, -0.200, 0.000, 0.000, 0.175
152.520, -0.500, -0.200, -0.000, 0.001, 0.163
152.540, -0.500, -0.200, -0.000, 0.001, 0.149
152.560, -0.500, -0.200, -0.001, 0.001, 0.135
152.580, -0.500, -0.200, -0.003, 0.001, 0.125
152.600, -0.500, -0.200, -0.008, 0.001, 0.118
152.620, -0.500, -0.200, -0.014, 0.000, 0.114
152.640, -0.500, -0.200, -0.021, -0.000, 0.114
152.660, -0.500, -0.200, -0.028, -0.002, 0.115
152.680, -0.500, -0.200, -0.034, -0.003, 0.117
152.700, -0.500, -0.200, -0.041, -0.005, 0.119
152.720, -0.500, -0.200, -0.046, -0.007, 0.123
152.740, -0.500, -0.200, -0.050, -0.009, 0.127
152.760, -0.500, -0.200, -0.052, -0.011, 0.127
152.780, -0.500, -0.200, -0.050, -0.013, 0.122
152.800, -0.500, -0.200, -0.047, -0.016, 0.116
152.820, -0.500, -0.200, -0.044, -0.020, 0.109
152.840, -0.500, -0.200, -0.045, -0.026, 0.102
152.860, -0.500, -0.200, -0.049, -0.035, 0.097
152.880, -0.500, -0.200, -0.058, -0.045, 0.093
152.900, -0.500, -0.200, -0.070, -0.056, 0.090
152.920, -0.500, -0.200, -0.084, -0.069, 0.088
152.940, -0.500, -0.200, -0.101, -0.083, 0.087
152.960, -0.500, -0.200, -0.117, -0.096, 0.085
152.980, -0.500, -0.200, -0.133, -0.108, 0.083
153.000, -0.500, -0.200, -0.148, -0.119, 0.081
153.020, -0.500, -0.200, -0.161, -0.128, 0.078
153.040, -0.500, -0.200, -0.171, -0.134, 0.075
153.060, -0.500, -0.200, -0.180, -0.137, 0.071
153.080, -0.500, -0.200, -0.187, -0.139, 0.068
153.100, -0.500, -0.200, -0.192, -0.137, 0.066
153.120, -0.500, -0.200, -0.195, -0.134, 0.067
153.140, -0.500, -0.200, -0.195, -0.129, 0.072
153.160, -0.500, -0.200, -0.193, -0.123, 0.078
153.180, -0.500, -0.200, -0.188, -0.116, 0.085
153.200, -0.500, -0.200, -0.183, -0.108, 0.091
153.220, -0.500, -0.200, -0.176, -0.101, 0.097
153.240, -0.500, -0.200, -0.171, -0.094, 0.102
153.260, -0.500, -0.200, -0.165, -0.088, 0.106
153.280, -0.500, -0.200, -0.160, -0.084, 0.110
153.300, -0.500, -0.200, -0.155, -0.080, 0.114
153.320, -0.500, -0.200, -0.150, -0.077, 0.117
153.340, -0.500, -0.200, -0.146, -0.075, 0.121
153.360, -0.500, -0.200, -0.143, -0.074, 0.124
153.380, -0.500, -0.200, -0.140, -0.074, 0.129
153.400, -0.500, -0.200, -0.138, -0.074, 0.131
153.420, -0.500, -0.200, -0.135, -0.074, 0.129
153.440, -0.500, -0.200, -0.133, -0.074, 0.122
153.460, -0.500, -0.200, -0.133, -0.075, 0.115
153.480, -0.500, -0.200, -0.135, -0.077, 0.110
153.500, -0.500, -0.200, -0.138, -0.080, 0.107
153.520, -0.500, -0.200, -0.142, -0.083, 0.107
153.540, -0.500, -0.200, -0.148, -0.087, 0.110
153.560, -0.500, -0.200, -0.155, -0.091, 0.115
153.580, -0.500, -0.200, -0.163, -0.095, 0.121
153.600, -0.500, -0.200, -0.173, -0.098, 0.128
153.620, -0.500, -0.200, -0.185, -0.102, 0.135
153.640, -0.500, -0.200, -0.197, -0.105, 0.141
153.660, -0.500, -0.200, -0.208, -0.108, 0.146
153.680, -0.500, -0.200, -0.219, -0.111, 0.150
153.700, -0.500, -0.200, -0.229, -0.113, 0.153
153.720, -0.500, -0.200, -0.239, -0.115, 0.155
153.740, -0.500, -0.200, -0.247, -0.116, 0.156
153.760, -0.500, -0.200, -0.255, -0.117, 0.157
153.780, -0.500, -0.200, -0.263, -0.117, 0.157
153.800, -0.500, -0.200, -0.269, -0.116, 0.157
153.820, -0.500, -0.200, -0.275, -0.115, 0.155
153.840, -0.500, -0.200, -0.280, -0.113, 0.153
153.860, -0.500, -0.200, -0.284, -0.111, 0.150
153.880, -0.500, -0.200, -0.288, -0.110, 0.146
153.900, -0.500, -0.200, -0.292, -0.109, 0.142
153.920, -0.500, -0.200, -0.295, -0.109, 0.137
153.940, -0.500, -0.200, -0.299, -0.110, 0.132
153.960, -0.500, -0.200, -0.303, -0.111, 0.126
153.980, -0.500, -0.200, -0.306, -0.113, 0.122
154.000, -0.500, -0.200, -0.311, -0.114, 0.124
154.020, -0.500, -0.200, -0.316, -0.115, 0.129
154.040, -0.500, -0.200, -0.320, -0.115, 0.134
154.060, -0.500, -0.200, -0.322, -0.115, 0.137
154.080, -0.500, -0.200, -0.321, -0.116, 0.135
154.100, -0.500, -0.200, -0.319, -0.117, 0.128
154.120, -0.500, -0.200, -0.316, -0.119, 0.119
154.140, -0.500, -0.200, -0.315, -0.123, 0.111
154.160, -0.500, -0.200, -0.319, -0.129, 0.104
154.180, -0.500, -0.200, -0.327, -0.137, 0.098
154.200, -0.500, -0.200, -0.340, -0.148, 0.095
154.220, -0.500, -0.200, -0.356, -0.159, 0.095
154.240, -0.500, -0.200, -0.370, -0.172, 0.099
154.260, -0.500, -0.200, -0.382, -0.184, 0.102
154.280, -0.500, -0.200, -0.392, -0.196, 0.106
154.300, -0.500, -0.200, -0.400, -0.207, 0.108
154.320, -0.500, -0.200, -0.406, -0.217, 0.108
154.340, -0.500, -0.200, -0.411, -0.226, 0.107
154.360, -0.500, -0.200, -0.416, -0.235, 0.104
154.380, -0.500, -0.200, -0.420, -0.242, 0.102
154.400, -0.500, -0.200, -0.424, -0.247, 0.099
154.420, -0.500, -0.200, -0.427, -0.251, 0.096
154.440, -0.500, -0.200, -0.431, -0.254, 0.094
154.460, -0.500, -0.200, -0.434, -0.255, 0.092
154.480, -0.500, -0.200, -0.438, -0.255, 0.091
154.500, -0.500, -0.200, -0.442, -0.254, 0.090
154.520, -0.500, -0.200, -0.447, -0.252, 0.089
154.540, -0.500, -0.200, -0.452, -0.248, 0.091
154.560, -0.500, -0.200, -0.455, -0.244, 0.095
154.580, -0.500, -0.200, -0.457, -0.238, 0.101
154.600, -0.500, -0.200, -0.458, -0.232, 0.106
154.620, -0.500, -0.200, -0.459, -0.226, 0.110
154.640, -0.500, -0.200, -0.459, -0.220, 0.114
154.660, -0.500, -0.200, -0.460, -0.215, 0.119
154.680, -0.500, -0.200, -0.460, -0.210, 0.123
154.700, -0.500, -0.200, -0.460, -0.206, 0.128
154.720, -0.500, -0.200, -0.459, -0.201, 0.129
154.740, -0.500, -0.200, -0.458, -0.197, 0.125
154.760, -0.500, -0.200, -0.458, -0.195, 0.118
154.780, -0.500, -0.200, -0.460, -0.195, 0.111
154.800, -0.500, -0.200, -0.464, -0.198, 0.107
154.820, -0.500, -0.200, -0.468, -0.203, 0.105
154.840, -0.500, -0.200, -0.473, -0.209, 0.107
154.860, -0.500, -0.200, -0.478, -0.216, 0.112
154.880, -0.500, -0.200, -0.485, -0.223, 0.119
154.900, -0.500, -0.200, -0.494, -0.230, 0.127
154.920, -0.500, -0.200, -0.505, -0.236, 0.134
154.940, -0.500, -0.200, -0.517, -0.242, 0.141
154.960, -0.500, -0.200, -0.529, -0.247, 0.146
154.980, -0.500, -0.200, -0.541, -0.251, 0.150
155.000, -0.500, -0.200, -0.552, -0.255, 0.154
155.020, -0.500, -0.200, -0.563, -0.257, 0.157
155.040, -0.500, -0.200, -0.573, -0.258, 0.159
155.060, -0.500, -0.200, -0.582, -0.258, 0.160
155.080, -0.500, -0.200, -0.590, -0.257, 0.161
155.100, -0.500, -0.200, -0.598, -0.255, 0.161
155.120, -0.500, -0.200, -0.605, -0.253, 0.160
155.140, -0.500, -0.200, -0.610, -0.250, 0.158
155.160, -0.500, -0.200, -0.615, -0.247, 0.155
155.180, -0.500, -0.200, -0.618, -0.244, 0.151
155.200, -0.500, -0.200, -0.620, -0.241, 0.146
155.220, -0.500, -0.200, -0.623, -0.240, 0.141
155.240, -0.500, -0.200, -0.625, -0.239, 0.135
155.260, -0.500, -0.200, -0.627, -0.239, 0.129
155.280, -0.500, -0.200, -0.629, -0.240, 0.124
155.300, -0.500, -0.200, -0.631, -0.241, 0.121
155.320, -0.500, -0.200, -0.634, -0.242, 0.125
155.340, -0.500, -0.200, -0.637, -0.243, 0.131
155.360, -0.500, -0.200, -0.637, -0.245, 0.137
155.380, -0.500, -0.200, -0.634, -0.247, 0.138
155.400, -0.500, -0.200, -0.630, -0.251, 0.133
155.420, -0.500, -0.200, -0.626, -0.256, 0.124
155.440, -0.500, -0.200, -0.624, -0.262, 0.115
155.460, -0.500, -0.200, -0.624, -0.269, 0.106
155.480, -0.500, -0.200, -0.629, -0.278, 0.100
155.500, -0.500, -0.200, -0.639, -0.290, 0.095
155.520, -0.500, -0.200, -0.651, -0.303, 0.094
155.540, -0.500, -0.200, -0.662, -0.317, 0.096
155.560, -0.500, -0.200, -0.672, -0.331, 0.100
155.580, -0.500, -0.200, -0.679, -0.344, 0.103
155.600, -0.500, -0.200, -0.684, -0.355, 0.106
155.620, -0.500, -0.200, -0.687, -0.366, 0.107
155.640, -0.500, -0.200, -0.690, -0.375, 0.107
155.660, -0.500, -0.200, -0.693, -0.384, 0.106
155.680, -0.500, -0.200, -0.695, -0.391, 0.104
155.700, -0.500, -0.200, -0.699, -0.397, 0.101
155.720, -0.500, -0.200, -0.703, -0.401, 0.099
155.740, -0.500, -0.200, -0.708, -0.405, 0.097
155.760, -0.500, -0.200, -0.714, -0.407, 0.096
155.780, -0.500, -0.200, -0.720, -0.408, 0.096
155.800, -0.500, -0.200, -0.726, -0.408, 0.095
155.820, -0.500, -0.200, -0.732, -0.406, 0.095
155.840, -0.500, -0.200, -0.738, -0.403, 0.094
155.860, -0.500, -0.200, -0.745, -0.399, 0.093
155.880, -0.500, -0.200, -0.750, -0.394, 0.095
155.900, -0.500, -0.200, -0.753, -0.389, 0.101
155.920, -0.500, -0.200, -0.754, -0.383, 0.106
155.940, -0.500, -0.200, -0.755, -0.377, 0.111
155.960, -0.500, -0.200, -0.754, -0.371, 0.116
155.980, -0.500, -0.200, -0.754, -0.366, 0.121
156.000, -0.500, -0.200, -0.753, -0.361, 0.126
156.020, -0.500, -0.200, -0.751, -0.357, 0.130
156.040, -0.500, -0.200, -0.749, -0.352, 0.128
156.060, -0.500, -0.200, -0.747, -0.349, 0.122
156.080, -0.500, -0.200, -0.747, -0.348, 0.114
156.100, -0.500, -0.200, -0.749, -0.350, 0.108
156.120, -0.500, -0.200, -0.754, -0.355, 0.104
156.140, -0.500, -0.200, -0.759, -0.361, 0.104
156.160, -0.500, -0.200, -0.765, -0.369, 0.108
156.180, -0.500, -0.200, -0.772, -0.376, 0.114
156.200, -0.500, -0.200, -0.780, -0.384, 0.121
156.220, -0.500, -0.200, -0.789, -0.391, 0.128
156.240, -0.500, -0.200, -0.799, -0.398, 0.134
156.260, -0.500, -0.200, -0.809, -0.404, 0.139
156.280, -0.500, -0.200, -0.819, -0.409, 0.143
156.300, -0.500, -0.200, -0.830, -0.413, 0.146
156.320, -0.500, -0.200, -0.840, -0.416, 0.148
156.340, -0.500, -0.200, -0.849, -0.417, 0.150
156.360, -0.500, -0.200, -0.859, -0.418, 0.151
156.380, -0.500, -0.200, -0.867, -0.418, 0.151
156.400, -0.500, -0.200, -0.875, -0.417, 0.151
156.420, -0.500, -0.200, -0.881, -0.415, 0.150
156.440, -0.500, -0.200, -0.887, -0.413, 0.148
156.460, -0.500, -0.200, -0.891, -0.411, 0.146
156.480, -0.500, -0.200, -0.894, -0.409, 0.142
158.520, -0.500, -0.100, 0.000, 0.000, 0.175
158.540, -0.500, -0.100, -0.000, 0.000, 0.163
158.560, -0.500, -0.100, -0.000, 0.001, 0.149
158.580, -0.500, -0.100, -0.000, 0.001, 0.135
158.600, -0.500, -0.100, -0.002, 0.002, 0.125
158.620, -0.500, -0.100, -0.006, 0.002, 0.118
158.640, -0.500, -0.100, -0.013, 0.002, 0.114
158.660, -0.500, -0.100, -0.020, 0.002, 0.113
158.680, -0.500, -0.100, -0.026, 0.002, 0.114
158.700, -0.500, -0.100, -0.033, 0.002, 0.116
158.720, -0.500, -0.100, -0.039, 0.001, 0.119
158.740, -0.500, -0.100, -0.044, -0.000, 0.124
158.760, -0.500, -0.100, -0.048, -0.001, 0.128
158.780, -0.500, -0.100, -0.048, -0.003, 0.128
158.800, -0.500, -0.100, -0.046, -0.005, 0.123
158.820, -0.500, -0.100, -0.043, -0.008, 0.117
158.840, -0.500, -0.100, -0.041, -0.012, 0.110
158.860, -0.500, -0.100, -0.042, -0.017, 0.103
158.880, -0.500, -0.100, -0.046, -0.023, 0.098
158.900, -0.500, -0.100, -0.055, -0.031, 0.094
158.920, -0.500, -0.100, -0.067, -0.041, 0.091
158.940, -0.500, -0.100, -0.082, -0.051, 0.089
158.960, -0.500, -0.100, -0.098, -0.062, 0.089
158.980, -0.500, -0.100, -0.114, -0.072, 0.090
159.000, -0.500, -0.100, -0.127, -0.081, 0.092
159.020, -0.500, -0.100, -0.139, -0.089, 0.092
159.040, -0.500, -0.100, -0.149, -0.096, 0.091
159.060, -0.500, -0.100, -0.158, -0.101, 0.089
159.080, -0.500, -0.100, -0.165, -0.104, 0.087
159.100, -0.500, -0.100, -0.171, -0.107, 0.085
159.120, -0.500, -0.100, -0.177, -0.108, 0.083
159.140, -0.500, -0.100, -0.183, -0.107, 0.082
159.160, -0.500, -0.100, -0.188, -0.104, 0.083
159.180, -0.500, -0.100, -0.190, -0.101, 0.087
159.200, -0.500, -0.100, -0.189, -0.095, 0.092
159.220, -0.500, -0.100, -0.186, -0.090, 0.097
159.240, -0.500, -0.100, -0.182, -0.083, 0.102
159.260, -0.500, -0.100, -0.178, -0.077, 0.106
159.280, -0.500, -0.100, -0.173, -0.071, 0.109
159.300, -0.500, -0.100, -0.168, -0.066, 0.111
159.320, -0.500, -0.100, -0.163, -0.062, 0.113
159.340, -0.500, -0.100, -0.159, -0.059, 0.115
159.360, -0.500, -0.100, -0.155, -0.057, 0.118
159.380, -0.500, -0.100, -0.152, -0.056, 0.122
159.400, -0.500, -0.100, -0.149, -0.056, 0.127
159.420, -0.500, -0.100, -0.146, -0.056, 0.129
159.440, -0.500, -0.100, -0.143, -0.056, 0.127
159.460, -0.500, -0.100, -0.141, -0.056, 0.121
159.480, -0.500, -0.100, -0.140, -0.057, 0.113
159.500, -0.500, -0.100, -0.141, -0.058, 0.107
159.520, -0.500, -0.100, -0.143, -0.060, 0.103
159.540, -0.500, -0.100, -0.147, -0.063, 0.102
159.560, -0.500, -0.100, -0.152, -0.065, 0.104
159.580, -0.500, -0.100, -0.158, -0.068, 0.108
159.600, -0.500, -0.100, -0.167, -0.070, 0.113
159.620, -0.500, -0.100, -0.178, -0.071, 0.120
159.640, -0.500, -0.100, -0.190, -0.072, 0.126
159.660, -0.500, -0.100, -0.203, -0.072, 0.132
159.680, -0.500, -0.100, -0.216, -0.071, 0.137
159.700, -0.500, -0.100, -0.228, -0.069, 0.141
159.720, -0.500, -0.100, -0.241, -0.066, 0.144
159.740, -0.500, -0.100, -0.252, -0.063, 0.146
159.760, -0.500, -0.100, -0.263, -0.059, 0.149
159.780, -0.500, -0.100, -0.273, -0.054, 0.150
159.800, -0.500, -0.100, -0.282, -0.048, 0.151
159.820, -0.500, -0.100, -0.289, -0.042, 0.151
159.840, -0.500, -0.100, -0.295, -0.037, 0.150
159.860, -0.500, -0.100, -0.298, -0.032, 0.148
159.880, -0.500, -0.100, -0.300, -0.028, 0.145
159.900, -0.500, -0.100, -0.302, -0.025, 0.141
159.920, -0.500, -0.100, -0.302, -0.022, 0.136
159.940, -0.500, -0.100, -0.303, -0.020, 0.132
159.960, -0.500, -0.100, -0.304, -0.019, 0.127
159.980, -0.500, -0.100, -0.306, -0.019, 0.122
160.000, -0.500, -0.100, -0.307, -0.021, 0.117
160.020, -0.500, -0.100, -0.309, -0.022, 0.117
160.040, -0.500, -0.100, -0.310, -0.023, 0.122
160.060, -0.500, -0.100, -0.310, -0.025, 0.130
160.080, -0.500, -0.100, -0.308, -0.029, 0.134
160.100, -0.500, -0.100, -0.304, -0.035, 0.133
160.120, -0.500, -0.100, -0.301, -0.041, 0.127
160.140, -0.500, -0.100, -0.299, -0.047, 0.119
160.160, -0.500, -0.100, -0.300, -0.053, 0.110
160.180, -0.500, -0.100, -0.306, -0.060, 0.103
160.200, -0.500, -0.100, -0.315, -0.067, 0.098
160.220, -0.500, -0.100, -0.324, -0.075, 0.098
160.240, -0.500, -0.100, -0.334, -0.083, 0.099
160.260, -0.500, -0.100, -0.343, -0.091, 0.102
160.280, -0.500, -0.100, -0.350, -0.099, 0.105
160.300, -0.500, -0.100, -0.357, -0.106, 0.108
160.320, -0.500, -0.100, -0.363, -0.114, 0.110
160.340, -0.500, -0.100, -0.368, -0.121, 0.111
160.360, -0.500, -0.100, -0.373, -0.128, 0.111
160.380, -0.500, -0.100, -0.377, -0.133, 0.111
160.400, -0.500, -0.100, -0.382, -0.138, 0.111
160.420, -0.500, -0.100, -0.387, -0.142, 0.110
160.440, -0.500, -0.100, -0.392, -0.145, 0.109
160.460, -0.500, -0.100, -0.397, -0.148, 0.108
160.480, -0.500, -0.100, -0.402, -0.149, 0.108
160.500, -0.500, -0.100, -0.407, -0.149, 0.108
160.520, -0.500, -0.100, -0.413, -0.148, 0.107
160.540, -0.500, -0.100, -0.418, -0.146, 0.106
160.560, -0.500, -0.100, -0.423, -0.143, 0.105
160.580, -0.500, -0.100, -0.427, -0.139, 0.103
160.600, -0.500, -0.100, -0.431, -0.135, 0.101
160.620, -0.500, -0.100, -0.434, -0.130, 0.102
160.640, -0.500, -0.100, -0.436, -0.126, 0.106
160.660, -0.500, -0.100, -0.436, -0.121, 0.111
160.680, -0.500, -0.100, -0.435, -0.116, 0.116
160.700, -0.500, -0.100, -0.433, -0.111, 0.122
160.720, -0.500, -0.100, -0.429, -0.107, 0.127
160.740, -0.500, -0.100, -0.425, -0.101, 0.128
160.760, -0.500, -0.100, -0.421, -0.096, 0.125
160.780, -0.500, -0.100, -0.419, -0.093, 0.117
160.800, -0.500, -0.100, -0.419, -0.092, 0.110
160.820, -0.500, -0.100, -0.421, -0.094, 0.104
160.840, -0.500, -0.100, -0.425, -0.097, 0.101
160.860, -0.500, -0.100, -0.429, -0.102, 0.102
160.880, -0.500, -0.100, -0.433, -0.108, 0.105
160.900, -0.500, -0.100, -0.437, -0.114, 0.110
160.920, -0.500, -0.100, -0.443, -0.121, 0.115
160.940, -0.500, -0.100, -0.449, -0.127, 0.121
160.960, -0.500, -0.100, -0.456, -0.133, 0.127
160.980, -0.500, -0.100, -0.463, -0.138, 0.131
161.000, -0.500, -0.100, -0.471, -0.143, 0.135
161.020, -0.500, -0.100, -0.479, -0.147, 0.137
161.040, -0.500, -0.100, -0.487, -0.151, 0.139
161.060, -0.500, -0.100, -0.495, -0.154, 0.141
161.080, -0.500, -0.100, -0.503, -0.156, 0.142
161.100, -0.500, -0.100, -0.510, -0.158, 0.142
161.120, -0.500, -0.100, -0.516, -0.159, 0.142
161.140, -0.500, -0.100, -0.522, -0.159, 0.141
161.160, -0.500, -0.100, -0.527, -0.159, 0.140
161.180, -0.500, -0.100, -0.531, -0.159, 0.137
161.200, -0.500, -0.100, -0.536, -0.158, 0.134
161.220, -0.500, -0.100, -0.540, -0.158, 0.131
161.240, -0.500, -0.100, -0.544, -0.159, 0.126
161.260, -0.500, -0.100, -0.548, -0.159, 0.122
161.280, -0.500, -0.100, -0.553, -0.161, 0.117
161.300, -0.500, -0.100, -0.559, -0.163, 0.113
161.320, -0.500, -0.100, -0.565, -0.164, 0.115
161.340, -0.500, -0.100, -0.571, -0.164, 0.120
161.360, -0.500, -0.100, -0.576, -0.165, 0.126
161.380, -0.500, -0.100, -0.578, -0.165, 0.131
161.400, -0.500, -0.100, -0.577, -0.165, 0.132
161.420, -0.500, -0.100, -0.573, -0.165, 0.129
161.440, -0.500, -0.100, -0.570, -0.165, 0.122
161.460, -0.500, -0.100, -0.568, -0.167, 0.115
161.480, -0.500, -0.100, -0.570, -0.171, 0.109
161.500, -0.500, -0.100, -0.576, -0.178, 0.104
161.520, -0.500, -0.100, -0.587, -0.186, 0.101
161.540, -0.500, -0.100, -0.600, -0.196, 0.102
161.560, -0.500, -0.100, -0.614, -0.206, 0.104
161.580, -0.500, -0.100, -0.626, -0.217, 0.107
161.600, -0.500, -0.100, -0.638, -0.227, 0.110
161.620, -0.500, -0.100, -0.648, -0.238, 0.112
161.640, -0.500, -0.100, -0.657, -0.247, 0.112
161.660, -0.500, -0.100, -0.665, -0.256, 0.111
161.680, -0.500, -0.100, -0.672, -0.264, 0.110
161.700, -0.500, -0.100, -0.679, -0.271, 0.107
161.720, -0.500, -0.100, -0.685, -0.277, 0.105
161.740, -0.500, -0.100, -0.690, -0.281, 0.103
161.760, -0.500, -0.100, -0.694, -0.283, 0.101
161.780, -0.500, -0.100, -0.697, -0.284, 0.100
161.800, -0.500, -0.100, -0.700, -0.283, 0.098
161.820, -0.500, -0.100, -0.704, -0.281, 0.097
161.840, -0.500, -0.100, -0.707, -0.277, 0.096
161.860, -0.500, -0.100, -0.712, -0.273, 0.095
161.880, -0.500, -0.100, -0.715, -0.268, 0.099
161.900, -0.500, -0.100, -0.717, -0.263, 0.104
161.920, -0.500, -0.100, -0.717, -0.258, 0.108
161.940, -0.500, -0.100, -0.716, -0.253, 0.112
161.960, -0.500, -0.100, -0.713, -0.249, 0.115
161.980, -0.500, -0.100, -0.709, -0.245, 0.119
162.000, -0.500, -0.100, -0.705, -0.242, 0.122
162.020, -0.500, -0.100, -0.700, -0.239, 0.127
162.040, -0.500, -0.100, -0.696, -0.237, 0.130
162.060, -0.500, -0.100, -0.691, -0.235, 0.127
162.080, -0.500, -0.100, -0.686, -0.234, 0.120
162.100, -0.500, -0.100, -0.684, -0.234, 0.112
162.120, -0.500, -0.100, -0.683, -0.235, 0.104
162.140, -0.500, -0.100, -0.684, -0.239, 0.100
162.160, -0.500, -0.100, -0.685, -0.243, 0.098
162.180, -0.500, -0.100, -0.688, -0.247, 0.099
162.200, -0.500, -0.100, -0.692, -0.252, 0.102
162.220, -0.500, -0.100, -0.699, -0.256, 0.108
162.240, -0.500, -0.100, -0.708, -0.260, 0.114
162.260, -0.500, -0.100, -0.719, -0.263, 0.120
162.280, -0.500, -0.100, -0.732, -0.265, 0.125
162.300, -0.500, -0.100, -0.745, -0.265, 0.130
162.320, -0.500, -0.100, -0.758, -0.265, 0.135
162.340, -0.500, -0.100, -0.771, -0.264, 0.138
162.360, -0.500, -0.100, -0.783, -0.261, 0.141
162.380, -0.500, -0.100, -0.795, -0.258, 0.144
162.400, -0.500, -0.100, -0.805, -0.254, 0.146
162.420, -0.500, -0.100, -0.815, -0.249, 0.147
162.440, -0.500, -0.100, -0.824, -0.244, 0.148
162.460, -0.500, -0.100, -0.830, -0.239, 0.148
162.480, -0.500, -0.100, -0.835, -0.234, 0.146
162.500, -0.500, -0.100, -0.839, -0.229, 0.143
164.540, -0.500, -0.000, 0.000, 0.000, 0.175
164.560, -0.500, -0.000, -0.000, 0.000, 0.162
164.580, -0.500, -0.000, 0.000, 0.001, 0.149
164.600, -0.500, -0.000, 0.000, 0.002, 0.135
164.620, -0.500, -0.000, -0.001, 0.002, 0.125
164.640, -0.500, -0.000, -0.005, 0.003, 0.118
164.660, -0.500, -0.000, -0.011, 0.004, 0.113
164.680, -0.500, -0.000, -0.018, 0.005, 0.112
164.700, -0.500, -0.000, -0.024, 0.006, 0.113
164.720, -0.500, -0.000, -0.031, 0.007, 0.115
164.740, -0.500, -0.000, -0.036, 0.007, 0.119
164.760, -0.500, -0.000, -0.041, 0.007, 0.125
164.780, -0.500, -0.000, -0.044, 0.006, 0.129
164.800, -0.500, -0.000, -0.044, 0.005, 0.129
164.820, -0.500, -0.000, -0.042, 0.003, 0.125
164.840, -0.500, -0.000, -0.039, 0.000, 0.118
164.860, -0.500, -0.000, -0.037, -0.003, 0.111
164.880, -0.500, -0.000, -0.038, -0.007, 0.104
164.900, -0.500, -0.000, -0.043, -0.012, 0.099
164.920, -0.500, -0.000, -0.052, -0.018, 0.095
164.940, -0.500, -0.000, -0.065, -0.025, 0.093
164.960, -0.500, -0.000, -0.078, -0.033, 0.094
164.980, -0.500, -0.000, -0.092, -0.040, 0.096
165.000, -0.500, -0.000, -0.105, -0.047, 0.098
165.020, -0.500, -0.000, -0.116, -0.054, 0.100
165.040, -0.500, -0.000, -0.127, -0.060, 0.101
165.060, -0.500, -0.000, -0.136, -0.065, 0.101
165.080, -0.500, -0.000, -0.145, -0.069, 0.101
165.100, -0.500, -0.000, -0.154, -0.072, 0.100
165.120, -0.500, -0.000, -0.162, -0.074, 0.098
165.140, -0.500, -0.000, -0.169, -0.076, 0.097
165.160, -0.500, -0.000, -0.177, -0.076, 0.095
165.180, -0.500, -0.000, -0.184, -0.074, 0.094
165.200, -0.500, -0.000, -0.192, -0.071, 0.092
165.220, -0.500, -0.000, -0.198, -0.068, 0.093
165.240, -0.500, -0.000, -0.202, -0.063, 0.096
165.260, -0.500, -0.000, -0.204, -0.058, 0.100
165.280, -0.500, -0.000, -0.203, -0.053, 0.103
165.300, -0.500, -0.000, -0.200, -0.047, 0.106
165.320, -0.500, -0.000, -0.196, -0.042, 0.109
165.340, -0.500, -0.000, -0.192, -0.037, 0.111
165.360, -0.500, -0.000, -0.187, -0.033, 0.113
165.380, -0.500, -0.000, -0.183, -0.031, 0.117
165.400, -0.500, -0.000, -0.179, -0.029, 0.120
165.420, -0.500, -0.000, -0.175, -0.028, 0.125
165.440, -0.500, -0.000, -0.171, -0.028, 0.128
165.460, -0.500, -0.000, -0.166, -0.028, 0.126
165.480, -0.500, -0.000, -0.161, -0.029, 0.120
165.500, -0.500, -0.000, -0.158, -0.029, 0.112
165.520, -0.500, -0.000, -0.157, -0.030, 0.105
165.540, -0.500, -0.000, -0.158, -0.031, 0.100
165.560, -0.500, -0.000, -0.161, -0.033, 0.098
165.580, -0.500, -0.000, -0.166, -0.034, 0.099
165.600, -0.500, -0.000, -0.172, -0.035, 0.102
165.620, -0.500, -0.000, -0.181, -0.036, 0.107
165.640, -0.500, -0.000, -0.192, -0.036, 0.114
165.660, -0.500, -0.000, -0.204, -0.035, 0.120
165.680, -0.500, -0.000, -0.218, -0.034, 0.126
165.700, -0.500, -0.000, -0.231, -0.033, 0.132
165.720, -0.500, -0.000, -0.245, -0.031, 0.136
165.740, -0.500, -0.000, -0.258, -0.028, 0.140
165.760, -0.500, -0.000, -0.271, -0.025, 0.143
165.780, -0.500, -0.000, -0.283, -0.021, 0.146
165.800, -0.500, -0.000, -0.294, -0.017, 0.148
165.820, -0.500, -0.000, -0.304, -0.012, 0.149
165.840, -0.500, -0.000, -0.312, -0.006, 0.149
165.860, -0.500, -0.000, -0.319, -0.001, 0.149
165.880, -0.500, -0.000, -0.324, 0.003, 0.147
165.900, -0.500, -0.000, -0.328, 0.007, 0.145
165.920, -0.500, -0.000, -0.330, 0.010, 0.141
165.940, -0.500, -0.000, -0.331, 0.013, 0.136
165.960, -0.500, -0.000, -0.332, 0.015, 0.131
165.980, -0.500, -0.000, -0.334, 0.016, 0.126
166.000, -0.500, -0.000, -0.335, 0.016, 0.122
166.020, -0.500, -0.000, -0.336, 0.015, 0.117
166.040, -0.500, -0.000, -0.337, 0.014, 0.117
166.060, -0.500, -0.000, -0.338, 0.013, 0.123
166.080, -0.500, -0.000, -0.337, 0.011, 0.130
166.100, -0.500, -0.000, -0.334, 0.008, 0.134
166.120, -0.500, -0.000, -0.330, 0.002, 0.133
166.140, -0.500, -0.000, -0.326, -0.003, 0.128
166.160, -0.500, -0.000, -0.324, -0.009, 0.120
166.180, -0.500, -0.000, -0.326, -0.013, 0.112
166.200, -0.500, -0.000, -0.332, -0.018, 0.105
166.220, -0.500, -0.000, -0.340, -0.022, 0.102
166.240, -0.500, -0.000, -0.349, -0.027, 0.102
166.260, -0.500, -0.000, -0.358, -0.031, 0.104
166.280, -0.500, -0.000, -0.367, -0.035, 0.107
166.300, -0.500, -0.000, -0.375, -0.040, 0.111
166.320, -0.500, -0.000, -0.383, -0.045, 0.114
166.340, -0.500, -0.000, -0.390, -0.050, 0.116
166.360, -0.500, -0.000, -0.396, -0.055, 0.117
166.380, -0.500, -0.000, -0.403, -0.061, 0.117
166.400, -0.500, -0.000, -0.408, -0.066, 0.117
166.420, -0.500, -0.000, -0.414, -0.071, 0.117
166.440, -0.500, -0.000, -0.418, -0.076, 0.117
166.460, -0.500, -0.000, -0.421, -0.080, 0.116
166.480, -0.500, -0.000, -0.424, -0.083, 0.116
166.500, -0.500, -0.000, -0.427, -0.086, 0.115
166.520, -0.500, -0.000, -0.430, -0.087, 0.114
166.540, -0.500, -0.000, -0.433, -0.088, 0.113
166.560, -0.500, -0.000, -0.436, -0.088, 0.112
166.580, -0.500, -0.000, -0.439, -0.087, 0.111
166.600, -0.500, -0.000, -0.442, -0.084, 0.109
166.620, -0.500, -0.000, -0.446, -0.081, 0.107
166.640, -0.500, -0.000, -0.449, -0.077, 0.105
166.660, -0.500, -0.000, -0.451, -0.073, 0.107
166.680, -0.500, -0.000, -0.453, -0.069, 0.112
166.700, -0.500, -0.000, -0.453, -0.064, 0.118
166.720, -0.500, -0.000, -0.452, -0.059, 0.124
166.740, -0.500, -0.000, -0.450, -0.053, 0.129
166.760, -0.500, -0.000, -0.446, -0.047, 0.130
166.780, -0.500, -0.000, -0.443, -0.041, 0.126
166.800, -0.500, -0.000, -0.440, -0.037, 0.119
166.820, -0.500, -0.000, -0.441, -0.033, 0.112
166.840, -0.500, -0.000, -0.444, -0.031, 0.106
166.860, -0.500, -0.000, -0.448, -0.031, 0.103
166.880, -0.500, -0.000, -0.453, -0.031, 0.104
166.900, -0.500, -0.000, -0.458, -0.032, 0.106
166.920, -0.500, -0.000, -0.463, -0.034, 0.110
166.940, -0.500, -0.000, -0.470, -0.035, 0.115
166.960, -0.500, -0.000, -0.477, -0.037, 0.120
166.980, -0.500, -0.000, -0.484, -0.039, 0.124
167.000, -0.500, -0.000, -0.493, -0.040, 0.128
167.020, -0.500, -0.000, -0.501, -0.040, 0.132
167.040, -0.500, -0.000, -0.510, -0.041, 0.134
167.060, -0.500, -0.000, -0.518, -0.040, 0.136
167.080, -0.500, -0.000, -0.526, -0.039, 0.138
167.100, -0.500, -0.000, -0.534, -0.037, 0.139
167.120, -0.500, -0.000, -0.541, -0.035, 0.139
167.140, -0.500, -0.000, -0.547, -0.033, 0.140
167.160, -0.500, -0.000, -0.552, -0.030, 0.139
167.180, -0.500, -0.000, -0.556, -0.028, 0.139
167.200, -0.500, -0.000, -0.559, -0.026, 0.137
167.220, -0.500, -0.000, -0.561, -0.024, 0.134
167.240, -0.500, -0.000, -0.562, -0.023, 0.131
167.260, -0.500, -0.000, -0.563, -0.023, 0.127
167.280, -0.500, -0.000, -0.564, -0.022, 0.123
167.300, -0.500, -0.000, -0.565, -0.023, 0.119
167.320, -0.500, -0.000, -0.565, -0.024, 0.115
167.340, -0.500, -0.000, -0.567, -0.025, 0.115
167.360, -0.500, -0.000, -0.569, -0.027, 0.120
167.380, -0.500, -0.000, -0.570, -0.028, 0.127
167.400, -0.500, -0.000, -0.569, -0.031, 0.132
167.420, -0.500, -0.000, -0.566, -0.035, 0.133
167.440, -0.500, -0.000, -0.563, -0.039, 0.129
167.460, -0.500, -0.000, -0.560, -0.044, 0.122
167.480, -0.500, -0.000, -0.560, -0.048, 0.114
167.500, -0.500, -0.000, -0.563, -0.052, 0.107
167.520, -0.500, -0.000, -0.569, -0.056, 0.103
167.540, -0.500, -0.000, -0.577, -0.060, 0.102
167.560, -0.500, -0.000, -0.586, -0.064, 0.103
167.580, -0.500, -0.000, -0.596, -0.068, 0.106
167.600, -0.500, -0.000, -0.605, -0.073, 0.109
167.620, -0.500, -0.000, -0.614, -0.078, 0.112
167.640, -0.500, -0.000, -0.622, -0.083, 0.114
167.660, -0.500, -0.000, -0.630, -0.088, 0.115
167.680, -0.500, -0.000, -0.637, -0.093, 0.116
167.700, -0.500, -0.000, -0.644, -0.097, 0.116
167.720, -0.500, -0.000, -0.650, -0.102, 0.116
167.740, -0.500, -0.000, -0.656, -0.106, 0.115
167.760, -0.500, -0.000, -0.661, -0.110, 0.115
167.780, -0.500, -0.000, -0.665, -0.113, 0.114
167.800, -0.500, -0.000, -0.668, -0.115, 0.114
167.820, -0.500, -0.000, -0.671, -0.116, 0.113
167.840, -0.500, -0.000, -0.674, -0.116, 0.112
167.860, -0.500, -0.000, -0.676, -0.116, 0.111
167.880, -0.500, -0.000, -0.679, -0.114, 0.110
167.900, -0.500, -0.000, -0.682, -0.112, 0.108
167.920, -0.500, -0.000, -0.685, -0.109, 0.106
167.940, -0.500, -0.000, -0.688, -0.105, 0.105
167.960, -0.500, -0.000, -0.691, -0.101, 0.108
167.980, -0.500, -0.000, -0.693, -0.097, 0.112
168.000, -0.500, -0.000, -0.693, -0.092, 0.118
168.020, -0.500, -0.000, -0.692, -0.088, 0.123
168.040, -0.500, -0.000, -0.690, -0.083, 0.128
168.060, -0.500, -0.000, -0.687, -0.078, 0.132
168.080, -0.500, -0.000, -0.683, -0.072, 0.130
168.100, -0.500, -0.000, -0.680, -0.068, 0.124
168.120, -0.500, -0.000, -0.680, -0.064, 0.116
168.140, -0.500, -0.000, -0.681, -0.062, 0.110
168.160, -0.500, -0.000, -0.685, -0.060, 0.105
168.180, -0.500, -0.000, -0.689, -0.060, 0.104
168.200, -0.500, -0.000, -0.694, -0.061, 0.106
168.220, -0.500, -0.000, -0.700, -0.062, 0.110
168.240, -0.500, -0.000, -0.706, -0.063, 0.115
168.260, -0.500, -0.000, -0.714, -0.064, 0.120
168.280, -0.500, -0.000, -0.723, -0.066, 0.125
168.300, -0.500, -0.000, -0.732, -0.066, 0.130
168.320, -0.500, -0.000, -0.742, -0.067, 0.133
168.340, -0.500, -0.000, -0.751, -0.067, 0.137
168.360, -0.500, -0.000, -0.761, -0.066, 0.139
168.380, -0.500, -0.000, -0.770, -0.065, 0.141
168.400, -0.500, -0.000, -0.778, -0.063, 0.142
168.420, -0.500, -0.000, -0.786, -0.060, 0.143
168.440, -0.500, -0.000, -0.793, -0.057, 0.144
168.460, -0.500, -0.000, -0.799, -0.054, 0.144
168.480, -0.500, -0.000, -0.803, -0.051, 0.143
168.500, -0.500, -0.000, -0.807, -0.048, 0.142
168.520, -0.500, -0.000, -0.809, -0.045, 0.139
170.560, -0.500, 0.100, 0.000, 0.000, 0.175
170.580, -0.500, 0.100, 0.000, 0.000, 0.162
170.600, -0.500, 0.100, 0.000, 0.001, 0.149
170.620, -0.500, 0.100, 0.001, 0.002, 0.135
170.640, -0.500, 0.100, -0.000, 0.003, 0.124
170.660, -0.500, 0.100, -0.004, 0.004, 0.117
170.680, -0.500, 0.100, -0.009, 0.006, 0.113
170.700, -0.500, 0.100, -0.016, 0.008, 0.111
170.720, -0.500, 0.100, -0.022, 0.010, 0.112
170.740, -0.500, 0.100, -0.028, 0.012, 0.115
170.760, -0.500, 0.100, -0.034, 0.013, 0.120
170.780, -0.500, 0.100, -0.038, 0.014, 0.126
170.800, -0.500, 0.100, -0.040, 0.013, 0.130
170.820, -0.500, 0.100, -0.040, 0.012, 0.130
170.840, -0.500, 0.100, -0.038, 0.011, 0.126
170.860, -0.500, 0.100, -0.035, 0.009, 0.119
170.880, -0.500, 0.100, -0.034, 0.006, 0.112
170.900, -0.500, 0.100, -0.035, 0.003, 0.105
170.920, -0.500, 0.100, -0.040, 0.000, 0.100
170.940, -0.500, 0.100, -0.049, -0.004, 0.097
170.960, -0.500, 0.100, -0.060, -0.009, 0.097
170.980, -0.500, 0.100, -0.072, -0.013, 0.098
171.000, -0.500, 0.100, -0.084, -0.018, 0.101
171.020, -0.500, 0.100, -0.096, -0.022, 0.104
171.040, -0.500, 0.100, -0.107, -0.026, 0.106
171.060, -0.500, 0.100, -0.117, -0.030, 0.108
171.080, -0.500, 0.100, -0.127, -0.033, 0.109
171.100, -0.500, 0.100, -0.136, -0.035, 0.109
171.120, -0.500, 0.100, -0.146, -0.037, 0.109
171.140, -0.500, 0.100, -0.155, -0.039, 0.108
171.160, -0.500, 0.100, -0.165, -0.039, 0.107
171.180, -0.500, 0.100, -0.174, -0.039, 0.105
171.200, -0.500, 0.100, -0.183, -0.038, 0.103
171.220, -0.500, 0.100, -0.192, -0.035, 0.101
171.240, -0.500, 0.100, -0.200, -0.032, 0.097
171.260, -0.500, 0.100, -0.208, -0.027, 0.093
171.280, -0.500, 0.100, -0.216, -0.022, 0.092
171.300, -0.500, 0.100, -0.221, -0.017, 0.093
171.320, -0.500, 0.100, -0.224, -0.013, 0.096
171.340, -0.500, 0.100, -0.224, -0.008, 0.100
171.360, -0.500, 0.100, -0.222, -0.004, 0.103
171.380, -0.500, 0.100, -0.218, -0.001, 0.107
171.400, -0.500, 0.100, -0.213, 0.002, 0.111
171.420, -0.500, 0.100, -0.207, 0.003, 0.116
171.440, -0.500, 0.100, -0.201, 0.004, 0.121
171.460, -0.500, 0.100, -0.193, 0.004, 0.125
171.480, -0.500, 0.100, -0.184, 0.003, 0.123
171.500, -0.500, 0.100, -0.176, 0.003, 0.118
171.520, -0.500, 0.100, -0.170, 0.003, 0.111
171.540, -0.500, 0.100, -0.165, 0.003, 0.103
171.560, -0.500, 0.100, -0.164, 0.004, 0.097
171.580, -0.500, 0.100, -0.165, 0.004, 0.094
171.600, -0.500, 0.100, -0.169, 0.004, 0.093
171.620, -0.500, 0.100, -0.176, 0.005, 0.096
171.640, -0.500, 0.100, -0.185, 0.007, 0.101
171.660, -0.500, 0.100, -0.197, 0.009, 0.107
171.680, -0.500, 0.100, -0.210, 0.011, 0.113
171.700, -0.500, 0.100, -0.224, 0.014, 0.119
171.720, -0.500, 0.100, -0.238, 0.016, 0.125
171.740, -0.500, 0.100, -0.253, 0.018, 0.130
171.760, -0.500, 0.100, -0.267, 0.021, 0.134
171.780, -0.500, 0.100, -0.281, 0.024, 0.137
171.800, -0.500, 0.100, -0.294, 0.027, 0.140
171.820, -0.500, 0.100, -0.306, 0.030, 0.142
171.840, -0.500, 0.100, -0.317, 0.033, 0.143
171.860, -0.500, 0.100, -0.326, 0.037, 0.144
171.880, -0.500, 0.100, -0.335, 0.041, 0.144
171.900, -0.500, 0.100, -0.341, 0.044, 0.143
171.920, -0.500, 0.100, -0.347, 0.047, 0.141
171.940, -0.500, 0.100, -0.351, 0.050, 0.137
171.960, -0.500, 0.100, -0.354, 0.052, 0.133
171.980, -0.500, 0.100, -0.356, 0.054, 0.129
172.000, -0.500, 0.100, -0.358, 0.054, 0.124
172.020, -0.500, 0.100, -0.360, 0.054, 0.119
172.040, -0.500, 0.100, -0.361, 0.053, 0.115
172.060, -0.500, 0.100, -0.362, 0.053, 0.117
172.080, -0.500, 0.100, -0.362, 0.053, 0.123
172.100, -0.500, 0.100, -0.361, 0.051, 0.130
172.120, -0.500, 0.100, -0.357, 0.049, 0.135
172.140, -0.500, 0.100, -0.352, 0.045, 0.134
172.160, -0.500, 0.100, -0.347, 0.041, 0.128
172.180, -0.500, 0.100, -0.345, 0.038, 0.120
172.200, -0.500, 0.100, -0.347, 0.036, 0.113
172.220, -0.500, 0.100, -0.352, 0.035, 0.108
172.240, -0.500, 0.100, -0.359, 0.034, 0.107
172.260, -0.500, 0.100, -0.367, 0.034, 0.108
172.280, -0.500, 0.100, -0.376, 0.034, 0.112
172.300, -0.500, 0.100, -0.385, 0.034, 0.116
172.320, -0.500, 0.100, -0.393, 0.034, 0.120
172.340, -0.500, 0.100, -0.402, 0.033, 0.123
172.360, -0.500, 0.100, -0.410, 0.032, 0.126
172.380, -0.500, 0.100, -0.418, 0.031, 0.128
172.400, -0.500, 0.100, -0.426, 0.029, 0.129
172.420, -0.500, 0.100, -0.434, 0.027, 0.129
172.440, -0.500, 0.100, -0.442, 0.024, 0.129
172.460, -0.500, 0.100, -0.449, 0.022, 0.129
172.480, -0.500, 0.100, -0.455, 0.019, 0.129
172.500, -0.500, 0.100, -0.461, 0.017, 0.128
172.520, -0.500, 0.100, -0.465, 0.015, 0.127
172.540, -0.500, 0.100, -0.469, 0.013, 0.126
172.560, -0.500, 0.100, -0.472, 0.012, 0.124
172.580, -0.500, 0.100, -0.474, 0.012, 0.121
172.600, -0.500, 0.100, -0.477, 0.012, 0.118
172.620, -0.500, 0.100, -0.479, 0.014, 0.115
172.640, -0.500, 0.100, -0.482, 0.016, 0.111
172.660, -0.500, 0.100, -0.485, 0.018, 0.110
172.680, -0.500, 0.100, -0.488, 0.021, 0.113
172.700, -0.500, 0.100, -0.490, 0.023, 0.118
172.720, -0.500, 0.100, -0.490, 0.026, 0.123
172.740, -0.500, 0.100, -0.489, 0.029, 0.128
172.760, -0.500, 0.100, -0.486, 0.033, 0.133
172.780, -0.500, 0.100, -0.481, 0.036, 0.134
172.800, -0.500, 0.100, -0.476, 0.039, 0.130
172.820, -0.500, 0.100, -0.472, 0.043, 0.123
172.840, -0.500, 0.100, -0.471, 0.046, 0.115
172.860, -0.500, 0.100, -0.474, 0.050, 0.110
172.880, -0.500, 0.100, -0.478, 0.054, 0.107
172.900, -0.500, 0.100, -0.485, 0.058, 0.107
172.920, -0.500, 0.100, -0.493, 0.062, 0.110
172.940, -0.500, 0.100, -0.501, 0.066, 0.114
172.960, -0.500, 0.100, -0.510, 0.069, 0.118
172.980, -0.500, 0.100, -0.519, 0.073, 0.123
173.000, -0.500, 0.100, -0.528, 0.076, 0.127
173.020, -0.500, 0.100, -0.537, 0.080, 0.130
173.040, -0.500, 0.100, -0.545, 0.083, 0.132
173.060, -0.500, 0.100, -0.553, 0.087, 0.134
173.080, -0.500, 0.100, -0.561, 0.090, 0.135
173.100, -0.500, 0.100, -0.568, 0.093, 0.136
173.120, -0.500, 0.100, -0.575, 0.096, 0.136
173.140, -0.500, 0.100, -0.581, 0.099, 0.135
173.160, -0.500, 0.100, -0.586, 0.102, 0.135
173.180, -0.500, 0.100, -0.590, 0.104, 0.134
173.200, -0.500, 0.100, -0.594, 0.106, 0.133
173.220, -0.500, 0.100, -0.597, 0.107, 0.130
173.240, -0.500, 0.100, -0.599, 0.108, 0.128
173.260, -0.500, 0.100, -0.601, 0.108, 0.125
173.280, -0.500, 0.100, -0.603, 0.108, 0.121
173.300, -0.500, 0.100, -0.605, 0.107, 0.117
173.320, -0.500, 0.100, -0.607, 0.105, 0.114
173.340, -0.500, 0.100, -0.609, 0.104, 0.115
173.360, -0.500, 0.100, -0.610, 0.103, 0.119
173.380, -0.500, 0.100, -0.610, 0.102, 0.124
173.400, -0.500, 0.100, -0.609, 0.101, 0.131
173.420, -0.500, 0.100, -0.606, 0.098, 0.136
173.440, -0.500, 0.100, -0.601, 0.095, 0.136
173.460, -0.500, 0.100, -0.597, 0.091, 0.131
173.480, -0.500, 0.100, -0.594, 0.088, 0.124
173.500, -0.500, 0.100, -0.594, 0.086, 0.116
173.520, -0.500, 0.100, -0.597, 0.086, 0.111
173.540, -0.500, 0.100, -0.601, 0.087, 0.109
173.560, -0.500, 0.100, -0.607, 0.088, 0.110
173.580, -0.500, 0.100, -0.613, 0.091, 0.113
173.600, -0.500, 0.100, -0.620, 0.093, 0.117
173.620, -0.500, 0.100, -0.627, 0.096, 0.122
173.640, -0.500, 0.100, -0.635, 0.099, 0.127
173.660, -0.500, 0.100, -0.643, 0.101, 0.131
173.680, -0.500, 0.100, -0.651, 0.103, 0.134
173.700, -0.500, 0.100, -0.659, 0.105, 0.136
173.720, -0.500, 0.100, -0.666, 0.107, 0.138
173.740, -0.500, 0.100, -0.674, 0.108, 0.139
173.760, -0.500, 0.100, -0.681, 0.108, 0.139
173.780, -0.500, 0.100, -0.688, 0.109, 0.140
173.800, -0.500, 0.100, -0.695, 0.109, 0.139
173.820, -0.500, 0.100, -0.701, 0.109, 0.139
173.840, -0.500, 0.100, -0.707, 0.108, 0.138
173.860, -0.500, 0.100, -0.711, 0.108, 0.137
173.880, -0.500, 0.100, -0.715, 0.108, 0.134
173.900, -0.500, 0.100, -0.719, 0.108, 0.131
173.920, -0.500, 0.100, -0.722, 0.109, 0.128
173.940, -0.500, 0.100, -0.725, 0.111, 0.124
173.960, -0.500, 0.100, -0.728, 0.113, 0.119
173.980, -0.500, 0.100, -0.731, 0.115, 0.116
174.000, -0.500, 0.100, -0.735, 0.117, 0.118
174.020, -0.500, 0.100, -0.739, 0.119, 0.121
174.040, -0.500, 0.100, -0.741, 0.120, 0.126
174.060, -0.500, 0.100, -0.742, 0.121, 0.132
174.080, -0.500, 0.100, -0.740, 0.122, 0.136
174.100, -0.500, 0.100, -0.736, 0.123, 0.134
174.120, -0.500, 0.100, -0.732, 0.123, 0.129
174.140, -0.500, 0.100, -0.729, 0.124, 0.121
174.160, -0.500, 0.100, -0.729, 0.126, 0.113
174.180, -0.500, 0.100, -0.733, 0.131, 0.107
174.200, -0.500, 0.100, -0.740, 0.136, 0.105
174.220, -0.500, 0.100, -0.748, 0.142, 0.105
174.240, -0.500, 0.100, -0.758, 0.149, 0.107
174.260, -0.500, 0.100, -0.768, 0.157, 0.111
174.280, -0.500, 0.100, -0.778, 0.165, 0.115
174.300, -0.500, 0.100, -0.787, 0.173, 0.118
174.320, -0.500, 0.100, -0.796, 0.182, 0.120
174.340, -0.500, 0.100, -0.804, 0.191, 0.121
174.360, -0.500, 0.100, -0.812, 0.200, 0.121
174.380, -0.500, 0.100, -0.820, 0.210, 0.121
174.400, -0.500, 0.100, -0.826, 0.218, 0.120
174.420, -0.500, 0.100, -0.832, 0.226, 0.119
174.440, -0.500, 0.100, -0.836, 0.233, 0.118
174.460, -0.500, 0.100, -0.839, 0.238, 0.117
174.480, -0.500, 0.100, -0.841, 0.242, 0.115
174.500, -0.500, 0.100, -0.842, 0.244, 0.113
174.520, -0.500, 0.100, -0.843, 0.245, 0.111
174.540, -0.500, 0.100, -0.844, 0.244, 0.109
176.580, -0.500, 0.200, 0.000, 0.000, 0.175
176.600, -0.500, 0.200, 0.000, 0.000, 0.162
176.620, -0.500, 0.200, 0.001, 0.001, 0.149
176.640, -0.500, 0.200, 0.001, 0.002, 0.135
176.660, -0.500, 0.200, 0.000, 0.003, 0.124
176.680, -0.500, 0.200, -0.002, 0.005, 0.117
176.700, -0.500, 0.200, -0.007, 0.008, 0.112
176.720, -0.500, 0.200, -0.014, 0.011, 0.110
176.740, -0.500, 0.200, -0.020, 0.014, 0.111
176.760, -0.500, 0.200, -0.026, 0.017, 0.114
176.780, -0.500, 0.200, -0.031, 0.019, 0.120
176.800, -0.500, 0.200, -0.034, 0.021, 0.126
176.820, -0.500, 0.200, -0.036, 0.021, 0.131
176.840, -0.500, 0.200, -0.036, 0.020, 0.131
176.860, -0.500, 0.200, -0.034, 0.019, 0.127
176.880, -0.500, 0.200, -0.031, 0.017, 0.120
176.900, -0.500, 0.200, -0.030, 0.015, 0.113
176.920, -0.500, 0.200, -0.032, 0.014, 0.106
176.940, -0.500, 0.200, -0.038, 0.012, 0.102
176.960, -0.500, 0.200, -0.046, 0.010, 0.099
176.980, -0.500, 0.200, -0.056, 0.008, 0.100
177.000, -0.500, 0.200, -0.067, 0.006, 0.103
177.020, -0.500, 0.200, -0.078, 0.004, 0.106
177.040, -0.500, 0.200, -0.089, 0.003, 0.109
177.060, -0.500, 0.200, -0.099, 0.001, 0.112
177.080, -0.500, 0.200, -0.109, 0.000, 0.115
177.100, -0.500, 0.200, -0.119, -0.000, 0.116
177.120, -0.500, 0.200, -0.128, -0.001, 0.117
177.140, -0.500, 0.200, -0.138, -0.001, 0.117
177.160, -0.500, 0.200, -0.148, -0.000, 0.117
177.180, -0.500, 0.200, -0.158, 0.001, 0.116
177.200, -0.500, 0.200, -0.167, 0.003, 0.114
177.220, -0.500, 0.200, -0.176, 0.005, 0.112
177.240, -0.500, 0.200, -0.185, 0.008, 0.110
177.260, -0.500, 0.200, -0.193, 0.012, 0.106
177.280, -0.500, 0.200, -0.200, 0.017, 0.101
177.300, -0.500, 0.200, -0.206, 0.023, 0.095
177.320, -0.500, 0.200, -0.212, 0.027, 0.092
177.340, -0.500, 0.200, -0.217, 0.031, 0.093
177.360, -0.500, 0.200, -0.220, 0.034, 0.096
177.380, -0.500, 0.200, -0.220, 0.036, 0.099
177.400, -0.500, 0.200, -0.217, 0.037, 0.104
177.420, -0.500, 0.200, -0.213, 0.037, 0.109
177.440, -0.500, 0.200, -0.208, 0.037, 0.115
177.460, -0.500, 0.200, -0.201, 0.036, 0.121
177.480, -0.500, 0.200, -0.192, 0.035, 0.125
177.500, -0.500, 0.200, -0.183, 0.034, 0.125
177.520, -0.500, 0.200, -0.175, 0.033, 0.121
177.540, -0.500, 0.200, -0.169, 0.034, 0.114
177.560, -0.500, 0.200, -0.165, 0.037, 0.107
177.580, -0.500, 0.200, -0.166, 0.040, 0.102
177.600, -0.500, 0.200, -0.171, 0.044, 0.099
177.620, -0.500, 0.200, -0.178, 0.049, 0.100
177.640, -0.500, 0.200, -0.188, 0.055, 0.103
177.660, -0.500, 0.200, -0.199, 0.060, 0.108
177.680, -0.500, 0.200, -0.212, 0.065, 0.114
177.700, -0.500, 0.200, -0.225, 0.070, 0.120
177.720, -0.500, 0.200, -0.238, 0.075, 0.124
177.740, -0.500, 0.200, -0.252, 0.079, 0.128
177.760, -0.500, 0.200, -0.265, 0.084, 0.131
177.780, -0.500, 0.200, -0.278, 0.088, 0.134
177.800, -0.500, 0.200, -0.291, 0.092, 0.136
177.820, -0.500, 0.200, -0.303, 0.096, 0.137
177.840, -0.500, 0.200, -0.315, 0.100, 0.137
177.860, -0.500, 0.200, -0.325, 0.104, 0.137
177.880, -0.500, 0.200, -0.333, 0.108, 0.136
177.900, -0.500, 0.200, -0.341, 0.112, 0.135
177.920, -0.500, 0.200, -0.346, 0.115, 0.132
177.940, -0.500, 0.200, -0.351, 0.117, 0.129
177.960, -0.500, 0.200, -0.355, 0.119, 0.125
177.980, -0.500, 0.200, -0.357, 0.120, 0.121
178.000, -0.500, 0.200, -0.359, 0.119, 0.116
178.020, -0.500, 0.200, -0.361, 0.118, 0.111
178.040, -0.500, 0.200, -0.362, 0.118, 0.111
178.060, -0.500, 0.200, -0.362, 0.118, 0.114
178.080, -0.500, 0.200, -0.362, 0.118, 0.119
178.100, -0.500, 0.200, -0.360, 0.118, 0.124
178.120, -0.500, 0.200, -0.356, 0.118, 0.131
178.140, -0.500, 0.200, -0.350, 0.116, 0.134
178.160, -0.500, 0.200, -0.344, 0.113, 0.132
178.180, -0.500, 0.200, -0.339, 0.111, 0.126
178.200, -0.500, 0.200, -0.337, 0.111, 0.119
178.220, -0.500, 0.200, -0.337, 0.112, 0.113
178.240, -0.500, 0.200, -0.340, 0.115, 0.110
178.260, -0.500, 0.200, -0.344, 0.119, 0.110
178.280, -0.500, 0.200, -0.349, 0.124, 0.112
178.300, -0.500, 0.200, -0.355, 0.130, 0.116
178.320, -0.500, 0.200, -0.361, 0.136, 0.121
178.340, -0.500, 0.200, -0.368, 0.141, 0.126
178.360, -0.500, 0.200, -0.375, 0.146, 0.130
178.380, -0.500, 0.200, -0.383, 0.151, 0.134
178.400, -0.500, 0.200, -0.391, 0.155, 0.136
178.420, -0.500, 0.200, -0.398, 0.159, 0.138
178.440, -0.500, 0.200, -0.406, 0.162, 0.139
178.460, -0.500, 0.200, -0.413, 0.164, 0.140
178.480, -0.500, 0.200, -0.420, 0.166, 0.140
178.500, -0.500, 0.200, -0.427, 0.167, 0.139
178.520, -0.500, 0.200, -0.434, 0.168, 0.138
178.540, -0.500, 0.200, -0.440, 0.168, 0.137
178.560, -0.500, 0.200, -0.447, 0.168, 0.135
178.580, -0.500, 0.200, -0.452, 0.168, 0.133
178.600, -0.500, 0.200, -0.458, 0.168, 0.130
178.620, -0.500, 0.200, -0.464, 0.169, 0.126
178.640, -0.500, 0.200, -0.470, 0.170, 0.121
178.660, -0.500, 0.200, -0.476, 0.172, 0.116
178.680, -0.500, 0.200, -0.483, 0.174, 0.112
178.700, -0.500, 0.200, -0.491, 0.175, 0.112
178.720, -0.500, 0.200, -0.498, 0.175, 0.115
178.740, -0.500, 0.200, -0.505, 0.175, 0.119
178.760, -0.500, 0.200, -0.510, 0.174, 0.124
178.780, -0.500, 0.200, -0.512, 0.172, 0.128
178.800, -0.500, 0.200, -0.512, 0.169, 0.129
178.820, -0.500, 0.200, -0.508, 0.167, 0.127
178.840, -0.500, 0.200, -0.504, 0.165, 0.121
178.860, -0.500, 0.200, -0.502, 0.165, 0.114
178.880, -0.500, 0.200, -0.503, 0.168, 0.107
178.900, -0.500, 0.200, -0.508, 0.174, 0.102
178.920, -0.500, 0.200, -0.519, 0.182, 0.098
178.940, -0.500, 0.200, -0.533, 0.191, 0.099
178.960, -0.500, 0.200, -0.547, 0.202, 0.102
178.980, -0.500, 0.200, -0.560, 0.212, 0.105
179.000, -0.500, 0.200, -0.572, 0.223, 0.109
179.020, -0.500, 0.200, -0.583, 0.234, 0.111
179.040, -0.500, 0.200, -0.594, 0.244, 0.112
179.060, -0.500, 0.200, -0.603, 0.255, 0.111
179.080, -0.500, 0.200, -0.612, 0.265, 0.110
179.100, -0.500, 0.200, -0.621, 0.275, 0.107
179.120, -0.500, 0.200, -0.630, 0.283, 0.104
179.140, -0.500, 0.200, -0.638, 0.291, 0.101
179.160, -0.500, 0.200, -0.645, 0.297, 0.097
179.180, -0.500, 0.200, -0.652, 0.301, 0.094
179.200, -0.500, 0.200, -0.658, 0.303, 0.090
179.220, -0.500, 0.200, -0.662, 0.303, 0.087
179.240, -0.500, 0.200, -0.667, 0.300, 0.085
179.260, -0.500, 0.200, -0.671, 0.296, 0.086
179.280, -0.500, 0.200, -0.673, 0.291, 0.090
179.300, -0.500, 0.200, -0.674, 0.284, 0.096
179.320, -0.500, 0.200, -0.673, 0.277, 0.100
179.340, -0.500, 0.200, -0.671, 0.271, 0.105
179.360, -0.500, 0.200, -0.669, 0.264, 0.109
179.380, -0.500, 0.200, -0.667, 0.259, 0.113
179.400, -0.500, 0.200, -0.664, 0.254, 0.117
179.420, -0.500, 0.200, -0.661, 0.251, 0.122
179.440, -0.500, 0.200, -0.657, 0.248, 0.126
179.460, -0.500, 0.200, -0.652, 0.245, 0.125
179.480, -0.500, 0.200, -0.646, 0.244, 0.120
179.500, -0.500, 0.200, -0.641, 0.244, 0.112
179.520, -0.500, 0.200, -0.637, 0.246, 0.104
179.540, -0.500, 0.200, -0.634, 0.249, 0.097
179.560, -0.500, 0.200, -0.631, 0.253, 0.093
179.580, -0.500, 0.200, -0.630, 0.259, 0.092
179.600, -0.500, 0.200, -0.631, 0.264, 0.093
179.620, -0.500, 0.200, -0.635, 0.270, 0.097
179.640, -0.500, 0.200, -0.641, 0.274, 0.102
179.660, -0.500, 0.200, -0.650, 0.277, 0.109
179.680, -0.500, 0.200, -0.662, 0.279, 0.115
179.700, -0.500, 0.200, -0.674, 0.280, 0.122
179.720, -0.500, 0.200, -0.688, 0.280, 0.128
179.740, -0.500, 0.200, -0.702, 0.279, 0.133
179.760, -0.500, 0.200, -0.716, 0.277, 0.138
179.780, -0.500, 0.200, -0.729, 0.274, 0.142
179.800, -0.500, 0.200, -0.741, 0.271, 0.146
179.820, -0.500, 0.200, -0.752, 0.267, 0.149
179.840, -0.500, 0.200, -0.762, 0.263, 0.151
179.860, -0.500, 0.200, -0.770, 0.259, 0.152
179.880, -0.500, 0.200, -0.777, 0.255, 0.152
179.900, -0.500, 0.200, -0.781, 0.251, 0.151
179.920, -0.500, 0.200, -0.785, 0.248, 0.148
179.940, -0.500, 0.200, -0.787, 0.246, 0.145
179.960, -0.500, 0.200, -0.789, 0.243, 0.141
179.980, -0.500, 0.200, -0.791, 0.242, 0.136
180.000, -0.500, 0.200, -0.794, 0.241, 0.132
180.020, -0.500, 0.200, -0.797, 0.241, 0.128
180.040, -0.500, 0.200, -0.800, 0.242, 0.124
180.060, -0.500, 0.200, -0.802, 0.244, 0.121
180.080, -0.500, 0.200, -0.804, 0.245, 0.124
180.100, -0.500, 0.200, -0.804, 0.247, 0.129
180.120, -0.500, 0.200, -0.802, 0.250, 0.129
180.140, -0.500, 0.200, -0.799, 0.254, 0.124
180.160, -0.500, 0.200, -0.797, 0.259, 0.116
180.180, -0.500, 0.200, -0.797, 0.264, 0.107
180.200, -0.500, 0.200, -0.801, 0.269, 0.099
180.220, -0.500, 0.200, -0.807, 0.274, 0.093
180.240, -0.500, 0.200, -0.817, 0.281, 0.089
180.260, -0.500, 0.200, -0.829, 0.288, 0.087
180.280, -0.500, 0.200, -0.839, 0.295, 0.087
180.300, -0.500, 0.200, -0.849, 0.302, 0.088
180.320, -0.500, 0.200, -0.856, 0.309, 0.090
180.340, -0.500, 0.200, -0.861, 0.315, 0.090
180.360, -0.500, 0.200, -0.865, 0.320, 0.091
180.380, -0.500, 0.200, -0.868, 0.325, 0.090
180.400, -0.500, 0.200, -0.871, 0.330, 0.089
180.420, -0.500, 0.200, -0.874, 0.333, 0.087
180.440, -0.500, 0.200, -0.877, 0.337, 0.086
180.460, -0.500, 0.200, -0.880, 0.339, 0.085
180.480, -0.500, 0.200, -0.883, 0.341, 0.084
180.500, -0.500, 0.200, -0.887, 0.342, 0.084
180.520, -0.500, 0.200, -0.890, 0.342, 0.084
180.540, -0.500, 0.200, -0.893, 0.341, 0.083
180.560, -0.500, 0.200, -0.897, 0.340, 0.084
182.600, -0.500, 0.300, 0.000, 0.000, 0.175
182.620, -0.500, 0.300, 0.000, 0.000, 0.162
182.640, -0.500, 0.300, 0.001, 0.001, 0.149
182.660, -0.500, 0.300, 0.002, 0.002, 0.134
182.680, -0.500, 0.300, 0.001, 0.004, 0.124
182.700, -0.500, 0.300, -0.001, 0.006, 0.116
182.720, -0.500, 0.300, -0.005, 0.010, 0.112
182.740, -0.500, 0.300, -0.012, 0.014, 0.109
182.760, -0.500, 0.300, -0.018, 0.018, 0.108
182.780, -0.500, 0.300, -0.024, 0.022, 0.112
182.800, -0.500, 0.300, -0.028, 0.025, 0.118
182.820, -0.500, 0.300, -0.031, 0.028, 0.125
182.840, -0.500, 0.300, -0.032, 0.029, 0.130
182.860, -0.500, 0.300, -0.032, 0.028, 0.131
182.880, -0.500, 0.300, -0.030, 0.027, 0.127
182.900, -0.500, 0.300, -0.027, 0.025, 0.120
182.920, -0.500, 0.300, -0.027, 0.025, 0.113
182.940, -0.500, 0.300, -0.029, 0.024, 0.106
182.960, -0.500, 0.300, -0.034, 0.024, 0.102
182.980, -0.500, 0.300, -0.041, 0.024, 0.101
183.000, -0.500, 0.300, -0.050, 0.024, 0.102
183.020, -0.500, 0.300, -0.059, 0.025, 0.105
183.040, -0.500, 0.300, -0.069, 0.026, 0.109
183.060, -0.500, 0.300, -0.079, 0.027, 0.113
183.080, -0.500, 0.300, -0.089, 0.028, 0.116
183.100, -0.500, 0.300, -0.099, 0.029, 0.119
183.120, -0.500, 0.300, -0.108, 0.031, 0.121
183.140, -0.500, 0.300, -0.118, 0.033, 0.122
183.160, -0.500, 0.300, -0.127, 0.035, 0.123
183.180, -0.500, 0.300, -0.136, 0.038, 0.123
183.200, -0.500, 0.300, -0.146, 0.040, 0.122
183.220, -0.500, 0.300, -0.155, 0.043, 0.120
183.240, -0.500, 0.300, -0.164, 0.046, 0.118
183.260, -0.500, 0.300, -0.172, 0.050, 0.115
183.280, -0.500, 0.300, -0.179, 0.054, 0.111
183.300, -0.500, 0.300, -0.185, 0.058, 0.106
183.320, -0.500, 0.300, -0.191, 0.062, 0.099
183.340, -0.500, 0.300, -0.197, 0.066, 0.093
183.360, -0.500, 0.300, -0.202, 0.069, 0.091
183.380, -0.500, 0.300, -0.205, 0.071, 0.091
183.400, -0.500, 0.300, -0.208, 0.072, 0.094
183.420, -0.500, 0.300, -0.208, 0.072, 0.098
183.440, -0.500, 0.300, -0.206, 0.070, 0.104
183.460, -0.500, 0.300, -0.202, 0.069, 0.110
183.480, -0.500, 0.300, -0.197, 0.066, 0.117
183.500, -0.500, 0.300, -0.190, 0.063, 0.122
183.520, -0.500, 0.300, -0.182, 0.061, 0.122
183.540, -0.500, 0.300, -0.175, 0.060, 0.118
183.560, -0.500, 0.300, -0.170, 0.062, 0.112
183.580, -0.500, 0.300, -0.168, 0.065, 0.105
183.600, -0.500, 0.300, -0.172, 0.071, 0.100
183.620, -0.500, 0.300, -0.179, 0.079, 0.098
183.640, -0.500, 0.300, -0.190, 0.087, 0.099
183.660, -0.500, 0.300, -0.203, 0.096, 0.102
183.680, -0.500, 0.300, -0.217, 0.105, 0.107
183.700, -0.500, 0.300, -0.232, 0.116, 0.111
183.720, -0.500, 0.300, -0.247, 0.126, 0.115
183.740, -0.500, 0.300, -0.261, 0.138, 0.118
183.760, -0.500, 0.300, -0.276, 0.151, 0.119
183.780, -0.500, 0.300, -0.291, 0.164, 0.119
183.800, -0.500, 0.300, -0.306, 0.178, 0.118
183.820, -0.500, 0.300, -0.320, 0.193, 0.115
183.840, -0.500, 0.300, -0.331, 0.206, 0.112
183.860, -0.500, 0.300, -0.341, 0.218, 0.108
183.880, -0.500, 0.300, -0.346, 0.227, 0.104
183.900, -0.500, 0.300, -0.348, 0.233, 0.100
183.920, -0.500, 0.300, -0.348, 0.237, 0.096
183.940, -0.500, 0.300, -0.347, 0.238, 0.092
183.960, -0.500, 0.300, -0.346, 0.237, 0.088
183.980, -0.500, 0.300, -0.345, 0.236, 0.085
184.000, -0.500, 0.300, -0.346, 0.232, 0.083
184.020, -0.500, 0.300, -0.347, 0.228, 0.087
184.040, -0.500, 0.300, -0.347, 0.223, 0.093
184.060, -0.500, 0.300, -0.348, 0.218, 0.099
184.080, -0.500, 0.300, -0.348, 0.212, 0.105
184.100, -0.500, 0.300, -0.348, 0.206, 0.111
184.120, -0.500, 0.300, -0.348, 0.200, 0.116
184.140, -0.500, 0.300, -0.348, 0.194, 0.122
184.160, -0.500, 0.300, -0.347, 0.188, 0.125
184.180, -0.500, 0.300, -0.346, 0.183, 0.123
184.200, -0.500, 0.300, -0.346, 0.178, 0.117
184.220, -0.500, 0.300, -0.348, 0.176, 0.110
184.240, -0.500, 0.300, -0.352, 0.176, 0.104
184.260, -0.500, 0.300, -0.356, 0.178, 0.100
184.280, -0.500, 0.300, -0.360, 0.182, 0.100
184.300, -0.500, 0.300, -0.364, 0.188, 0.103
184.320, -0.500, 0.300, -0.369, 0.193, 0.109
184.340, -0.500, 0.300, -0.375, 0.198, 0.115
184.360, -0.500, 0.300, -0.383, 0.203, 0.123
184.380, -0.500, 0.300, -0.393, 0.207, 0.130
184.400, -0.500, 0.300, -0.404, 0.210, 0.136
184.420, -0.500, 0.300, -0.415, 0.212, 0.141
184.440, -0.500, 0.300, -0.427, 0.214, 0.146
184.460, -0.500, 0.300, -0.438, 0.215, 0.149
184.480, -0.500, 0.300, -0.448, 0.215, 0.152
184.500, -0.500, 0.300, -0.457, 0.214, 0.155
184.520, -0.500, 0.300, -0.465, 0.213, 0.157
184.540, -0.500, 0.300, -0.472, 0.211, 0.158
184.560, -0.500, 0.300, -0.478, 0.209, 0.158
184.580, -0.500, 0.300, -0.483, 0.206, 0.158
184.600, -0.500, 0.300, -0.487, 0.204, 0.156
184.620, -0.500, 0.300, -0.489, 0.201, 0.153
184.640, -0.500, 0.300, -0.491, 0.199, 0.149
184.660, -0.500, 0.300, -0.493, 0.197, 0.145
184.680, -0.500, 0.300, -0.495, 0.195, 0.141
184.700, -0.500, 0.300, -0.497, 0.194, 0.136
184.720, -0.500, 0.300, -0.499, 0.194, 0.132
184.740, -0.500, 0.300, -0.502, 0.194, 0.127
184.760, -0.500, 0.300, -0.503, 0.194, 0.124
184.780, -0.500, 0.300, -0.505, 0.195, 0.126
184.800, -0.500, 0.300, -0.507, 0.196, 0.131
184.820, -0.500, 0.300, -0.507, 0.199, 0.133
184.840, -0.500, 0.300, -0.505, 0.203, 0.130
184.860, -0.500, 0.300, -0.503, 0.208, 0.122
184.880, -0.500, 0.300, -0.503, 0.213, 0.112
184.900, -0.500, 0.300, -0.505, 0.219, 0.103
184.920, -0.500, 0.300, -0.510, 0.227, 0.095
184.940, -0.500, 0.300, -0.518, 0.235, 0.090
184.960, -0.500, 0.300, -0.529, 0.244, 0.086
184.980, -0.500, 0.300, -0.543, 0.255, 0.084
185.000, -0.500, 0.300, -0.557, 0.266, 0.083
185.020, -0.500, 0.300, -0.568, 0.277, 0.085
185.040, -0.500, 0.300, -0.576, 0.286, 0.086
185.060, -0.500, 0.300, -0.581, 0.294, 0.087
185.080, -0.500, 0.300, -0.584, 0.301, 0.087
185.100, -0.500, 0.300, -0.585, 0.307, 0.086
185.120, -0.500, 0.300, -0.586, 0.312, 0.084
185.140, -0.500, 0.300, -0.587, 0.315, 0.083
185.160, -0.500, 0.300, -0.589, 0.318, 0.081
185.180, -0.500, 0.300, -0.592, 0.320, 0.080
185.200, -0.500, 0.300, -0.596, 0.322, 0.079
185.220, -0.500, 0.300, -0.600, 0.322, 0.079
185.240, -0.500, 0.300, -0.606, 0.321, 0.079
185.260, -0.500, 0.300, -0.610, 0.319, 0.082
185.280, -0.500, 0.300, -0.613, 0.316, 0.087
185.300, -0.500, 0.300, -0.615, 0.312, 0.092
185.320, -0.500, 0.300, -0.615, 0.307, 0.096
185.340, -0.500, 0.300, -0.615, 0.301, 0.100
185.360, -0.500, 0.300, -0.614, 0.296, 0.103
185.380, -0.500, 0.300, -0.614, 0.291, 0.107
185.400, -0.500, 0.300, -0.613, 0.286, 0.110
185.420, -0.500, 0.300, -0.613, 0.282, 0.115
185.440, -0.500, 0.300, -0.613, 0.278, 0.120
185.460, -0.500, 0.300, -0.612, 0.274, 0.125
185.480, -0.500, 0.300, -0.611, 0.270, 0.125
185.500, -0.500, 0.300, -0.609, 0.266, 0.121
185.520, -0.500, 0.300, -0.609, 0.264, 0.115
185.540, -0.500, 0.300, -0.611, 0.263, 0.110
185.560, -0.500, 0.300, -0.614, 0.265, 0.106
185.580, -0.500, 0.300, -0.617, 0.268, 0.105
185.600, -0.500, 0.300, -0.621, 0.272, 0.107
185.620, -0.500, 0.300, -0.625, 0.277, 0.112
185.640, -0.500, 0.300, -0.629, 0.281, 0.118
185.660, -0.500, 0.300, -0.636, 0.286, 0.125
185.680, -0.500, 0.300, -0.643, 0.290, 0.132
185.700, -0.500, 0.300, -0.651, 0.294, 0.138
185.720, -0.500, 0.300, -0.660, 0.298, 0.144
185.740, -0.500, 0.300, -0.668, 0.302, 0.148
185.760, -0.500, 0.300, -0.677, 0.305, 0.152
185.780, -0.500, 0.300, -0.684, 0.307, 0.155
185.800, -0.500, 0.300, -0.691, 0.309, 0.157
185.820, -0.500, 0.300, -0.697, 0.311, 0.159
185.840, -0.500, 0.300, -0.702, 0.312, 0.160
185.860, -0.500, 0.300, -0.707, 0.312, 0.160
185.880, -0.500, 0.300, -0.711, 0.311, 0.159
185.900, -0.500, 0.300, -0.713, 0.310, 0.158
185.920, -0.500, 0.300, -0.716, 0.309, 0.156
185.940, -0.500, 0.300, -0.718, 0.308, 0.153
185.960, -0.500, 0.300, -0.719, 0.306, 0.149
185.980, -0.500, 0.300, -0.721, 0.305, 0.145
186.000, -0.500, 0.300, -0.723, 0.305, 0.141
186.020, -0.500, 0.300, -0.725, 0.304, 0.137
186.040, -0.500, 0.300, -0.728, 0.305, 0.133
186.060, -0.500, 0.300, -0.730, 0.306, 0.129
186.080, -0.500, 0.300, -0.732, 0.307, 0.128
186.100, -0.500, 0.300, -0.735, 0.308, 0.133
186.120, -0.500, 0.300, -0.737, 0.309, 0.137
186.140, -0.500, 0.300, -0.738, 0.312, 0.136
186.160, -0.500, 0.300, -0.737, 0.315, 0.129
186.180, -0.500, 0.300, -0.737, 0.319, 0.119
186.200, -0.500, 0.300, -0.738, 0.323, 0.110
186.220, -0.500, 0.300, -0.742, 0.329, 0.102
186.240, -0.500, 0.300, -0.749, 0.336, 0.097
186.260, -0.500, 0.300, -0.759, 0.344, 0.093
186.280, -0.500, 0.300, -0.771, 0.354, 0.091
186.300, -0.500, 0.300, -0.784, 0.365, 0.090
186.320, -0.500, 0.300, -0.799, 0.376, 0.089
186.340, -0.500, 0.300, -0.813, 0.387, 0.088
186.360, -0.500, 0.300, -0.825, 0.397, 0.088
186.380, -0.500, 0.300, -0.833, 0.406, 0.087
186.400, -0.500, 0.300, -0.839, 0.413, 0.086
186.420, -0.500, 0.300, -0.842, 0.418, 0.084
186.440, -0.500, 0.300, -0.843, 0.421, 0.082
186.460, -0.500, 0.300, -0.843, 0.423, 0.080
186.480, -0.500, 0.300, -0.844, 0.423, 0.078
186.500, -0.500, 0.300, -0.845, 0.423, 0.076
186.520, -0.500, 0.300, -0.846, 0.423, 0.075
186.540, -0.500, 0.300, -0.848, 0.422, 0.078
186.560, -0.500, 0.300, -0.847, 0.420, 0.083
186.580, -0.500, 0.300, -0.845, 0.417, 0.088
188.620, -0.500, 0.400, 0.000, 0.000, 0.175
188.640, -0.500, 0.400, 0.000, 0.000, 0.162
188.660, -0.500, 0.400, 0.001, 0.001, 0.148
188.680, -0.500, 0.400, 0.002, 0.002, 0.134
188.700, -0.500, 0.400, 0.002, 0.004, 0.123
188.720, -0.500, 0.400, 0.000, 0.008, 0.115
188.740, -0.500, 0.400, -0.004, 0.012, 0.110
188.760, -0.500, 0.400, -0.009, 0.017, 0.107
188.780, -0.500, 0.400, -0.016, 0.022, 0.106
188.800, -0.500, 0.400, -0.021, 0.027, 0.110
188.820, -0.500, 0.400, -0.025, 0.031, 0.116
188.840, -0.500, 0.400, -0.027, 0.034, 0.123
188.860, -0.500, 0.400, -0.028, 0.036, 0.129
188.880, -0.500, 0.400, -0.027, 0.035, 0.130
188.900, -0.500, 0.400, -0.025, 0.034, 0.127
188.920, -0.500, 0.400, -0.023, 0.033, 0.120
188.940, -0.500, 0.400, -0.022, 0.032, 0.113
188.960, -0.500, 0.400, -0.025, 0.033, 0.107
188.980, -0.500, 0.400, -0.029, 0.034, 0.103
189.000, -0.500, 0.400, -0.035, 0.036, 0.102
189.020, -0.500, 0.400, -0.043, 0.038, 0.104
189.040, -0.500, 0.400, -0.051, 0.041, 0.107
189.060, -0.500, 0.400, -0.060, 0.044, 0.111
189.080, -0.500, 0.400, -0.069, 0.048, 0.116
189.100, -0.500, 0.400, -0.078, 0.051, 0.120
189.120, -0.500, 0.400, -0.087, 0.055, 0.123
189.140, -0.500, 0.400, -0.096, 0.059, 0.125
189.160, -0.500, 0.400, -0.105, 0.063, 0.126
189.180, -0.500, 0.400, -0.113, 0.067, 0.127
189.200, -0.500, 0.400, -0.122, 0.070, 0.127
189.220, -0.500, 0.400, -0.131, 0.074, 0.126
189.240, -0.500, 0.400, -0.140, 0.077, 0.124
189.260, -0.500, 0.400, -0.149, 0.080, 0.121
189.280, -0.500, 0.400, -0.157, 0.083, 0.118
189.300, -0.500, 0.400, -0.164, 0.086, 0.114
189.320, -0.500, 0.400, -0.170, 0.089, 0.108
189.340, -0.500, 0.400, -0.176, 0.092, 0.102
189.360, -0.500, 0.400, -0.182, 0.096, 0.094
189.380, -0.500, 0.400, -0.187, 0.098, 0.089
189.400, -0.500, 0.400, -0.192, 0.099, 0.087
189.420, -0.500, 0.400, -0.196, 0.100, 0.088
189.440, -0.500, 0.400, -0.199, 0.099, 0.091
189.460, -0.500, 0.400, -0.199, 0.097, 0.096
189.480, -0.500, 0.400, -0.198, 0.094, 0.102
189.500, -0.500, 0.400, -0.195, 0.091, 0.110
189.520, -0.500, 0.400, -0.189, 0.088, 0.116
189.540, -0.500, 0.400, -0.182, 0.084, 0.117
189.560, -0.500, 0.400, -0.175, 0.083, 0.114
189.580, -0.500, 0.400, -0.170, 0.085, 0.108
189.600, -0.500, 0.400, -0.168, 0.090, 0.101
189.620, -0.500, 0.400, -0.172, 0.098, 0.095
189.640, -0.500, 0.400, -0.182, 0.109, 0.091
189.660, -0.500, 0.400, -0.195, 0.122, 0.091
189.680, -0.500, 0.400, -0.210, 0.136, 0.093
189.700, -0.500, 0.400, -0.225, 0.151, 0.097
189.720, -0.500, 0.400, -0.240, 0.166, 0.101
189.740, -0.500, 0.400, -0.254, 0.183, 0.105
189.760, -0.500, 0.400, -0.268, 0.201, 0.106
189.780, -0.500, 0.400, -0.281, 0.219, 0.105
189.800, -0.500, 0.400, -0.294, 0.237, 0.103
189.820, -0.500, 0.400, -0.305, 0.254, 0.098
189.840, -0.500, 0.400, -0.314, 0.269, 0.091
189.860, -0.500, 0.400, -0.321, 0.282, 0.083
189.880, -0.500, 0.400, -0.327, 0.293, 0.074
189.900, -0.500, 0.400, -0.328, 0.299, 0.067
189.920, -0.500, 0.400, -0.327, 0.302, 0.060
189.940, -0.500, 0.400, -0.325, 0.303, 0.055
189.960, -0.500, 0.400, -0.323, 0.303, 0.051
189.980, -0.500, 0.400, -0.321, 0.300, 0.049
190.000, -0.500, 0.400, -0.320, 0.298, 0.051
190.020, -0.500, 0.400, -0.318, 0.295, 0.057
190.040, -0.500, 0.400, -0.317, 0.291, 0.064
190.060, -0.500, 0.400, -0.316, 0.286, 0.071
190.080, -0.500, 0.400, -0.316, 0.281, 0.078
190.100, -0.500, 0.400, -0.317, 0.275, 0.085
190.120, -0.500, 0.400, -0.317, 0.268, 0.091
190.140, -0.500, 0.400, -0.317, 0.261, 0.098
190.160, -0.500, 0.400, -0.317, 0.253, 0.105
190.180, -0.500, 0.400, -0.316, 0.244, 0.109
190.200, -0.500, 0.400, -0.315, 0.234, 0.108
190.220, -0.500, 0.400, -0.315, 0.224, 0.102
190.240, -0.500, 0.400, -0.317, 0.216, 0.094
190.260, -0.500, 0.400, -0.319, 0.209, 0.086
190.280, -0.500, 0.400, -0.322, 0.205, 0.079
190.300, -0.500, 0.400, -0.324, 0.203, 0.076
190.320, -0.500, 0.400, -0.327, 0.203, 0.075
190.340, -0.500, 0.400, -0.330, 0.203, 0.078
190.360, -0.500, 0.400, -0.335, 0.204, 0.083
190.380, -0.500, 0.400, -0.343, 0.205, 0.090
190.400, -0.500, 0.400, -0.351, 0.206, 0.097
190.420, -0.500, 0.400, -0.361, 0.206, 0.105
190.440, -0.500, 0.400, -0.372, 0.205, 0.113
190.460, -0.500, 0.400, -0.383, 0.204, 0.119
190.480, -0.500, 0.400, -0.395, 0.203, 0.125
190.500, -0.500, 0.400, -0.407, 0.201, 0.130
190.520, -0.500, 0.400, -0.419, 0.199, 0.134
190.540, -0.500, 0.400, -0.431, 0.198, 0.137
190.560, -0.500, 0.400, -0.441, 0.197, 0.140
190.580, -0.500, 0.400, -0.449, 0.196, 0.142
190.600, -0.500, 0.400, -0.456, 0.196, 0.143
190.620, -0.500, 0.400, -0.461, 0.196, 0.143
190.640, -0.500, 0.400, -0.464, 0.197, 0.142
190.660, -0.500, 0.400, -0.466, 0.198, 0.140
190.680, -0.500, 0.400, -0.467, 0.199, 0.137
190.700, -0.500, 0.400, -0.468, 0.200, 0.133
190.720, -0.500, 0.400, -0.468, 0.201, 0.129
190.740, -0.500, 0.400, -0.469, 0.202, 0.125
190.760, -0.500, 0.400, -0.470, 0.204, 0.121
190.780, -0.500, 0.400, -0.471, 0.205, 0.117
190.800, -0.500, 0.400, -0.471, 0.207, 0.115
190.820, -0.500, 0.400, -0.472, 0.208, 0.118
190.840, -0.500, 0.400, -0.472, 0.210, 0.119
190.860, -0.500, 0.400, -0.472, 0.213, 0.116
190.880, -0.500, 0.400, -0.472, 0.217, 0.108
190.900, -0.500, 0.400, -0.472, 0.222, 0.098
190.920, -0.500, 0.400, -0.474, 0.227, 0.089
190.940, -0.500, 0.400, -0.478, 0.232, 0.080
190.960, -0.500, 0.400, -0.487, 0.239, 0.073
190.980, -0.500, 0.400, -0.497, 0.246, 0.069
191.000, -0.500, 0.400, -0.507, 0.254, 0.066
191.020, -0.500, 0.400, -0.517, 0.262, 0.065
191.040, -0.500, 0.400, -0.525, 0.270, 0.064
191.060, -0.500, 0.400, -0.532, 0.278, 0.064
191.080, -0.500, 0.400, -0.537, 0.285, 0.063
191.100, -0.500, 0.400, -0.542, 0.292, 0.062
191.120, -0.500, 0.400, -0.546, 0.297, 0.061
191.140, -0.500, 0.400, -0.551, 0.301, 0.059
191.160, -0.500, 0.400, -0.555, 0.304, 0.059
191.180, -0.500, 0.400, -0.558, 0.305, 0.060
191.200, -0.500, 0.400, -0.559, 0.305, 0.062
191.220, -0.500, 0.400, -0.558, 0.304, 0.065
191.240, -0.500, 0.400, -0.557, 0.301, 0.069
191.260, -0.500, 0.400, -0.554, 0.298, 0.073
191.280, -0.500, 0.400, -0.552, 0.294, 0.077
191.300, -0.500, 0.400, -0.550, 0.289, 0.081
191.320, -0.500, 0.400, -0.549, 0.284, 0.084
191.340, -0.500, 0.400, -0.548, 0.280, 0.088
191.360, -0.500, 0.400, -0.547, 0.275, 0.091
191.380, -0.500, 0.400, -0.548, 0.271, 0.094
191.400, -0.500, 0.400, -0.549, 0.267, 0.098
191.420, -0.500, 0.400, -0.549, 0.264, 0.102
191.440, -0.500, 0.400, -0.550, 0.260, 0.107
191.460, -0.500, 0.400, -0.550, 0.257, 0.112
191.480, -0.500, 0.400, -0.550, 0.254, 0.117
191.500, -0.500, 0.400, -0.549, 0.250, 0.119
191.520, -0.500, 0.400, -0.548, 0.246, 0.116
191.540, -0.500, 0.400, -0.548, 0.244, 0.112
191.560, -0.500, 0.400, -0.551, 0.242, 0.108
191.580, -0.500, 0.400, -0.555, 0.243, 0.106
191.600, -0.500, 0.400, -0.560, 0.244, 0.106
191.620, -0.500, 0.400, -0.565, 0.247, 0.109
191.640, -0.500, 0.400, -0.570, 0.251, 0.113
191.660, -0.500, 0.400, -0.575, 0.255, 0.119
191.680, -0.500, 0.400, -0.580, 0.260, 0.125
191.700, -0.500, 0.400, -0.585, 0.264, 0.131
191.720, -0.500, 0.400, -0.591, 0.269, 0.137
191.740, -0.500, 0.400, -0.596, 0.274, 0.142
191.760, -0.500, 0.400, -0.602, 0.279, 0.146
191.780, -0.500, 0.400, -0.607, 0.283, 0.149
191.800, -0.500, 0.400, -0.612, 0.287, 0.151
191.820, -0.500, 0.400, -0.617, 0.291, 0.153
191.840, -0.500, 0.400, -0.621, 0.295, 0.154
191.860, -0.500, 0.400, -0.625, 0.297, 0.155
191.880, -0.500, 0.400, -0.628, 0.299, 0.155
191.900, -0.500, 0.400, -0.630, 0.301, 0.155
191.920, -0.500, 0.400, -0.632, 0.302, 0.154
191.940, -0.500, 0.400, -0.633, 0.302, 0.153
191.960, -0.500, 0.400, -0.634, 0.303, 0.150
191.980, -0.500, 0.400, -0.636, 0.303, 0.148
192.000, -0.500, 0.400, -0.638, 0.303, 0.144
192.020, -0.500, 0.400, -0.639, 0.303, 0.141
192.040, -0.500, 0.400, -0.642, 0.303, 0.137
192.060, -0.500, 0.400, -0.644, 0.304, 0.133
192.080, -0.500, 0.400, -0.647, 0.305, 0.129
192.100, -0.500, 0.400, -0.649, 0.306, 0.126
192.120, -0.500, 0.400, -0.652, 0.307, 0.128
192.140, -0.500, 0.400, -0.655, 0.308, 0.132
192.160, -0.500, 0.400, -0.657, 0.310, 0.131
192.180, -0.500, 0.400, -0.657, 0.312, 0.124
192.200, -0.500, 0.400, -0.657, 0.316, 0.115
192.220, -0.500, 0.400, -0.658, 0.321, 0.106
192.240, -0.500, 0.400, -0.661, 0.327, 0.098
192.260, -0.500, 0.400, -0.668, 0.335, 0.091
192.280, -0.500, 0.400, -0.678, 0.344, 0.087
192.300, -0.500, 0.400, -0.690, 0.355, 0.084
192.320, -0.500, 0.400, -0.704, 0.366, 0.082
192.340, -0.500, 0.400, -0.719, 0.378, 0.079
192.360, -0.500, 0.400, -0.734, 0.390, 0.077
192.380, -0.500, 0.400, -0.748, 0.402, 0.074
192.400, -0.500, 0.400, -0.760, 0.412, 0.070
192.420, -0.500, 0.400, -0.769, 0.420, 0.066
192.440, -0.500, 0.400, -0.776, 0.426, 0.062
192.460, -0.500, 0.400, -0.779, 0.430, 0.058
192.480, -0.500, 0.400, -0.781, 0.432, 0.054
192.500, -0.500, 0.400, -0.780, 0.433, 0.052
192.520, -0.500, 0.400, -0.776, 0.433, 0.054
192.540, -0.500, 0.400, -0.770, 0.432, 0.058
192.560, -0.500, 0.400, -0.763, 0.430, 0.063
192.580, -0.500, 0.400, -0.757, 0.428, 0.068
192.600, -0.500, 0.400, -0.751, 0.425, 0.073
194.640, -0.500, 0.500, 0.000, 0.000, 0.175
194.660, -0.500, 0.500, 0.001, 0.000, 0.162
194.680, -0.500, 0.500, 0.001, 0.001, 0.148
194.700, -0.500, 0.500, 0.003, 0.002, 0.134
194.720, -0.500, 0.500, 0.003, 0.005, 0.123
194.740, -0.500, 0.500, 0.001, 0.009, 0.115
194.760, -0.500, 0.500, -0.002, 0.014, 0.110
194.780, -0.500, 0.500, -0.007, 0.020, 0.106
194.800, -0.500, 0.500, -0.013, 0.027, 0.105
194.820, -0.500, 0.500, -0.018, 0.032, 0.108
194.840, -0.500, 0.500, -0.021, 0.037, 0.114
194.860, -0.500, 0.500, -0.023, 0.041, 0.121
194.880, -0.500, 0.500, -0.023, 0.043, 0.127
194.900, -0.500, 0.500, -0.022, 0.043, 0.128
194.920, -0.500, 0.500, -0.020, 0.041, 0.125
194.940, -0.500, 0.500, -0.018, 0.040, 0.120
194.960, -0.500, 0.500, -0.017, 0.039, 0.113
194.980, -0.500, 0.500, -0.018, 0.041, 0.107
195.000, -0.500, 0.500, -0.022, 0.043, 0.103
195.020, -0.500, 0.500, -0.026, 0.046, 0.103
195.040, -0.500, 0.500, -0.032, 0.050, 0.105
195.060, -0.500, 0.500, -0.038, 0.054, 0.108
195.080, -0.500, 0.500, -0.046, 0.058, 0.112
195.100, -0.500, 0.500, -0.054, 0.062, 0.117
195.120, -0.500, 0.500, -0.062, 0.067, 0.122
195.140, -0.500, 0.500, -0.070, 0.072, 0.126
195.160, -0.500, 0.500, -0.078, 0.077, 0.129
195.180, -0.500, 0.500, -0.086, 0.082, 0.131
195.200, -0.500, 0.500, -0.093, 0.087, 0.131
195.220, -0.500, 0.500, -0.100, 0.092, 0.132
195.240, -0.500, 0.500, -0.107, 0.097, 0.131
195.260, -0.500, 0.500, -0.113, 0.102, 0.129
195.280, -0.500, 0.500, -0.119, 0.106, 0.127
195.300, -0.500, 0.500, -0.125, 0.110, 0.124
195.320, -0.500, 0.500, -0.130, 0.113, 0.121
195.340, -0.500, 0.500, -0.135, 0.116, 0.117
195.360, -0.500, 0.500, -0.140, 0.118, 0.111
195.380, -0.500, 0.500, -0.145, 0.121, 0.105
195.400, -0.500, 0.500, -0.150, 0.124, 0.099
195.420, -0.500, 0.500, -0.156, 0.125, 0.095
195.440, -0.500, 0.500, -0.162, 0.126, 0.095
195.460, -0.500, 0.500, -0.167, 0.125, 0.097
195.480, -0.500, 0.500, -0.171, 0.124, 0.100
195.500, -0.500, 0.500, -0.172, 0.121, 0.106
195.520, -0.500, 0.500, -0.172, 0.117, 0.113
195.540, -0.500, 0.500, -0.170, 0.112, 0.118
195.560, -0.500, 0.500, -0.166, 0.107, 0.118
195.580, -0.500, 0.500, -0.161, 0.104, 0.115
195.600, -0.500, 0.500, -0.157, 0.105, 0.108
195.620, -0.500, 0.500, -0.156, 0.109, 0.101
195.640, -0.500, 0.500, -0.159, 0.117, 0.095
195.660, -0.500, 0.500, -0.168, 0.127, 0.091
195.680, -0.500, 0.500, -0.182, 0.140, 0.089
195.700, -0.500, 0.500, -0.200, 0.155, 0.089
195.720, -0.500, 0.500, -0.220, 0.171, 0.091
195.740, -0.500, 0.500, -0.240, 0.189, 0.094
195.760, -0.500, 0.500, -0.260, 0.207, 0.096
195.780, -0.500, 0.500, -0.278, 0.226, 0.095
195.800, -0.500, 0.500, -0.294, 0.244, 0.093
195.820, -0.500, 0.500, -0.307, 0.262, 0.089
195.840, -0.500, 0.500, -0.318, 0.277, 0.083
195.860, -0.500, 0.500, -0.325, 0.290, 0.075
195.880, -0.500, 0.500, -0.330, 0.299, 0.067
195.900, -0.500, 0.500, -0.332, 0.305, 0.059
195.920, -0.500, 0.500, -0.332, 0.306, 0.051
195.940, -0.500, 0.500, -0.330, 0.306, 0.048
195.960, -0.500, 0.500, -0.325, 0.304, 0.051
195.980, -0.500, 0.500, -0.317, 0.302, 0.056
196.000, -0.500, 0.500, -0.307, 0.299, 0.061
196.020, -0.500, 0.500, -0.299, 0.296, 0.066
196.040, -0.500, 0.500, -0.290, 0.294, 0.072
196.060, -0.500, 0.500, -0.282, 0.291, 0.077
196.080, -0.500, 0.500, -0.275, 0.288, 0.082
196.100, -0.500, 0.500, -0.268, 0.285, 0.087
196.120, -0.500, 0.500, -0.262, 0.280, 0.092
196.140, -0.500, 0.500, -0.257, 0.276, 0.096
196.160, -0.500, 0.500, -0.252, 0.271, 0.101
196.180, -0.500, 0.500, -0.248, 0.266, 0.106
196.200, -0.500, 0.500, -0.245, 0.259, 0.109
196.220, -0.500, 0.500, -0.243, 0.251, 0.108
196.240, -0.500, 0.500, -0.242, 0.243, 0.102
196.260, -0.500, 0.500, -0.241, 0.236, 0.094
196.280, -0.500, 0.500, -0.242, 0.231, 0.087
196.300, -0.500, 0.500, -0.242, 0.227, 0.081
196.320, -0.500, 0.500, -0.243, 0.226, 0.079
196.340, -0.500, 0.500, -0.245, 0.226, 0.079
196.360, -0.500, 0.500, -0.247, 0.226, 0.082
196.380, -0.500, 0.500, -0.251, 0.227, 0.088
196.400, -0.500, 0.500, -0.256, 0.228, 0.095
196.420, -0.500, 0.500, -0.262, 0.229, 0.103
196.440, -0.500, 0.500, -0.269, 0.229, 0.110
196.460, -0.500, 0.500, -0.276, 0.228, 0.117
196.480, -0.500, 0.500, -0.284, 0.228, 0.123
196.500, -0.500, 0.500, -0.292, 0.227, 0.128
196.520, -0.500, 0.500, -0.300, 0.226, 0.132
196.540, -0.500, 0.500, -0.308, 0.224, 0.135
196.560, -0.500, 0.500, -0.315, 0.223, 0.138
196.580, -0.500, 0.500, -0.322, 0.223, 0.140
196.600, -0.500, 0.500, -0.327, 0.222, 0.142
196.620, -0.500, 0.500, -0.330, 0.222, 0.143
196.640, -0.500, 0.500, -0.331, 0.223, 0.143
196.660, -0.500, 0.500, -0.333, 0.223, 0.142
196.680, -0.500, 0.500, -0.333, 0.224, 0.140
196.700, -0.500, 0.500, -0.334, 0.224, 0.137
196.720, -0.500, 0.500, -0.335, 0.225, 0.135
196.740, -0.500, 0.500, -0.336, 0.225, 0.132
196.760, -0.500, 0.500, -0.337, 0.226, 0.128
196.780, -0.500, 0.500, -0.339, 0.226, 0.125
196.800, -0.500, 0.500, -0.341, 0.227, 0.122
196.820, -0.500, 0.500, -0.342, 0.229, 0.119
196.840, -0.500, 0.500, -0.343, 0.231, 0.116
196.860, -0.500, 0.500, -0.343, 0.233, 0.114
196.880, -0.500, 0.500, -0.345, 0.237, 0.109
196.900, -0.500, 0.500, -0.346, 0.241, 0.102
196.920, -0.500, 0.500, -0.348, 0.245, 0.092
196.940, -0.500, 0.500, -0.351, 0.251, 0.081
196.960, -0.500, 0.500, -0.356, 0.257, 0.072
196.980, -0.500, 0.500, -0.363, 0.264, 0.064
197.000, -0.500, 0.500, -0.372, 0.272, 0.056
197.020, -0.500, 0.500, -0.383, 0.281, 0.049
197.040, -0.500, 0.500, -0.395, 0.290, 0.043
197.060, -0.500, 0.500, -0.397, 0.298, 0.039
197.080, -0.500, 0.500, -0.397, 0.302, 0.041
197.100, -0.500, 0.500, -0.398, 0.304, 0.045
197.120, -0.500, 0.500, -0.401, 0.306, 0.048
197.140, -0.500, 0.500, -0.403, 0.307, 0.050
197.160, -0.500, 0.500, -0.406, 0.308, 0.051
197.180, -0.500, 0.500, -0.408, 0.308, 0.050
197.200, -0.500, 0.500, -0.410, 0.309, 0.049
197.220, -0.500, 0.500, -0.411, 0.310, 0.047
197.240, -0.500, 0.500, -0.411, 0.311, 0.048
197.260, -0.500, 0.500, -0.409, 0.311, 0.051
197.280, -0.500, 0.500, -0.408, 0.311, 0.054
197.300, -0.500, 0.500, -0.406, 0.310, 0.056
197.320, -0.500, 0.500, -0.404, 0.309, 0.059
197.340, -0.500, 0.500, -0.403, 0.307, 0.062
197.360, -0.500, 0.500, -0.401, 0.306, 0.065
197.380, -0.500, 0.500, -0.400, 0.304, 0.067
197.400, -0.500, 0.500, -0.399, 0.302, 0.071
197.420, -0.500, 0.500, -0.399, 0.300, 0.074
197.440, -0.500, 0.500, -0.399, 0.297, 0.079
197.460, -0.500, 0.500, -0.398, 0.294, 0.084
197.480, -0.500, 0.500, -0.398, 0.291, 0.091
197.500, -0.500, 0.500, -0.397, 0.287, 0.097
197.520, -0.500, 0.500, -0.397, 0.282, 0.100
197.540, -0.500, 0.500, -0.397, 0.276, 0.099
197.560, -0.500, 0.500, -0.399, 0.271, 0.096
197.580, -0.500, 0.500, -0.402, 0.268, 0.092
197.600, -0.500, 0.500, -0.406, 0.267, 0.090
197.620, -0.500, 0.500, -0.410, 0.267, 0.089
197.640, -0.500, 0.500, -0.414, 0.269, 0.091
197.660, -0.500, 0.500, -0.418, 0.271, 0.095
197.680, -0.500, 0.500, -0.421, 0.274, 0.101
197.700, -0.500, 0.500, -0.426, 0.277, 0.107
197.720, -0.500, 0.500, -0.430, 0.280, 0.115
197.740, -0.500, 0.500, -0.436, 0.282, 0.122
197.760, -0.500, 0.500, -0.442, 0.285, 0.129
197.780, -0.500, 0.500, -0.448, 0.287, 0.135
197.800, -0.500, 0.500, -0.455, 0.290, 0.140
197.820, -0.500, 0.500, -0.461, 0.293, 0.145
197.840, -0.500, 0.500, -0.467, 0.296, 0.149
197.860, -0.500, 0.500, -0.473, 0.299, 0.152
197.880, -0.500, 0.500, -0.477, 0.302, 0.154
197.900, -0.500, 0.500, -0.482, 0.304, 0.155
197.920, -0.500, 0.500, -0.485, 0.306, 0.156
197.940, -0.500, 0.500, -0.487, 0.308, 0.155
197.960, -0.500, 0.500, -0.489, 0.309, 0.154
197.980, -0.500, 0.500, -0.491, 0.310, 0.153
198.000, -0.500, 0.500, -0.492, 0.310, 0.150
198.020, -0.500, 0.500, -0.494, 0.310, 0.148
198.040, -0.500, 0.500, -0.495, 0.310, 0.145
198.060, -0.500, 0.500, -0.497, 0.309, 0.141
198.080, -0.500, 0.500, -0.499, 0.309, 0.138
198.100, -0.500, 0.500, -0.501, 0.309, 0.134
198.120, -0.500, 0.500, -0.502, 0.309, 0.131
198.140, -0.500, 0.500, -0.504, 0.310, 0.128
198.160, -0.500, 0.500, -0.504, 0.311, 0.125
198.180, -0.500, 0.500, -0.505, 0.312, 0.122
198.200, -0.500, 0.500, -0.507, 0.314, 0.116
198.220, -0.500, 0.500, -0.509, 0.317, 0.107
198.240, -0.500, 0.500, -0.512, 0.321, 0.096
198.260, -0.500, 0.500, -0.516, 0.326, 0.087
198.280, -0.500, 0.500, -0.523, 0.332, 0.079
198.300, -0.500, 0.500, -0.532, 0.339, 0.073
198.320, -0.500, 0.500, -0.544, 0.347, 0.068
198.340, -0.500, 0.500, -0.556, 0.356, 0.063
198.360, -0.500, 0.500, -0.568, 0.365, 0.059
198.380, -0.500, 0.500, -0.579, 0.373, 0.055
198.400, -0.500, 0.500, -0.588, 0.381, 0.051
198.420, -0.500, 0.500, -0.594, 0.386, 0.047
198.440, -0.500, 0.500, -0.597, 0.389, 0.042
198.460, -0.500, 0.500, -0.597, 0.390, 0.043
198.480, -0.500, 0.500, -0.595, 0.388, 0.045
198.500, -0.500, 0.500, -0.593, 0.384, 0.048
198.520, -0.500, 0.500, -0.589, 0.381, 0.051
198.540, -0.500, 0.500, -0.585, 0.378, 0.054
198.560, -0.500, 0.500, -0.580, 0.375, 0.058
198.580, -0.500, 0.500, -0.575, 0.372, 0.063
198.600, -0.500, 0.500, -0.570, 0.370, 0.067
198.620, -0.500, 0.500, -0.566, 0.368, 0.070
200.660, 0.500, -0.500, 0.000, 0.000, 0.175
200.680, 0.500, -0.500, -0.001, -0.000, 0.163
200.700, 0.500, -0.500, -0.001, -0.001, 0.151
200.720, 0.500, -0.500, -0.003, -0.002, 0.138
200.740, 0.500, -0.500, -0.002, -0.005, 0.128
200.760, 0.500, -0.500, -0.001, -0.009, 0.121
200.780, 0.500, -0.500, 0.003, -0.015, 0.116
200.800, 0.500, -0.500, 0.008, -0.021, 0.113
200.820, 0.500, -0.500, 0.014, -0.028, 0.111
200.840, 0.500, -0.500, 0.019, -0.034, 0.114
200.860, 0.500, -0.500, 0.023, -0.039, 0.119
200.880, 0.500, -0.500, 0.024, -0.043, 0.125
200.900, 0.500, -0.500, 0.024, -0.045, 0.129
200.920, 0.500, -0.500, 0.023, -0.044, 0.129
200.940, 0.500, -0.500, 0.021, -0.043, 0.124
200.960, 0.500, -0.500, 0.019, -0.042, 0.116
200.980, 0.500, -0.500, 0.019, -0.042, 0.106
201.000, 0.500, -0.500, 0.021, -0.043, 0.098
201.020, 0.500, -0.500, 0.024, -0.046, 0.093
201.040, 0.500, -0.500, 0.029, -0.049, 0.091
201.060, 0.500, -0.500, 0.034, -0.053, 0.092
201.080, 0.500, -0.500, 0.041, -0.058, 0.095
201.100, 0.500, -0.500, 0.049, -0.062, 0.100
201.120, 0.500, -0.500, 0.057, -0.066, 0.104
201.140, 0.500, -0.500, 0.066, -0.071, 0.109
201.160, 0.500, -0.500, 0.075, -0.076, 0.113
201.180, 0.500, -0.500, 0.084, -0.082, 0.116
201.200, 0.500, -0.500, 0.093, -0.088, 0.118
201.220, 0.500, -0.500, 0.102, -0.094, 0.119
201.240, 0.500, -0.500, 0.110, -0.100, 0.118
201.260, 0.500, -0.500, 0.118, -0.107, 0.117
201.280, 0.500, -0.500, 0.125, -0.112, 0.115
201.300, 0.500, -0.500, 0.132, -0.118, 0.113
201.320, 0.500, -0.500, 0.139, -0.123, 0.109
201.340, 0.500, -0.500, 0.145, -0.127, 0.105
201.360, 0.500, -0.500, 0.150, -0.130, 0.100
201.380, 0.500, -0.500, 0.156, -0.134, 0.094
201.400, 0.500, -0.500, 0.161, -0.137, 0.087
201.420, 0.500, -0.500, 0.166, -0.138, 0.082
201.440, 0.500, -0.500, 0.171, -0.138, 0.081
201.460, 0.500, -0.500, 0.174, -0.136, 0.083
201.480, 0.500, -0.500, 0.177, -0.133, 0.087
201.500, 0.500, -0.500, 0.179, -0.129, 0.093
201.520, 0.500, -0.500, 0.179, -0.124, 0.100
201.540, 0.500, -0.500, 0.177, -0.118, 0.109
201.560, 0.500, -0.500, 0.175, -0.112, 0.116
201.580, 0.500, -0.500, 0.171, -0.107, 0.118
201.600, 0.500, -0.500, 0.167, -0.103, 0.116
201.620, 0.500, -0.500, 0.163, -0.103, 0.112
201.640, 0.500, -0.500, 0.162, -0.106, 0.107
201.660, 0.500, -0.500, 0.165, -0.113, 0.103
201.680, 0.500, -0.500, 0.174, -0.124, 0.099
201.700, 0.500, -0.500, 0.189, -0.137, 0.098
201.720, 0.500, -0.500, 0.207, -0.151, 0.100
201.740, 0.500, -0.500, 0.226, -0.166, 0.104
201.760, 0.500, -0.500, 0.245, -0.183, 0.108
201.780, 0.500, -0.500, 0.264, -0.201, 0.110
201.800, 0.500, -0.500, 0.283, -0.220, 0.110
201.820, 0.500, -0.500, 0.300, -0.238, 0.108
201.840, 0.500, -0.500, 0.315, -0.257, 0.104
201.860, 0.500, -0.500, 0.328, -0.274, 0.098
201.880, 0.500, -0.500, 0.339, -0.289, 0.090
201.900, 0.500, -0.500, 0.346, -0.301, 0.082
201.920, 0.500, -0.500, 0.351, -0.309, 0.073
201.940, 0.500, -0.500, 0.353, -0.312, 0.065
201.960, 0.500, -0.500, 0.352, -0.312, 0.063
201.980, 0.500, -0.500, 0.346, -0.309, 0.065
202.000, 0.500, -0.500, 0.339, -0.305, 0.069
202.020, 0.500, -0.500, 0.330, -0.301, 0.073
202.040, 0.500, -0.500, 0.321, -0.296, 0.077
202.060, 0.500, -0.500, 0.312, -0.293, 0.081
202.080, 0.500, -0.500, 0.304, -0.290, 0.085
202.100, 0.500, -0.500, 0.296, -0.286, 0.090
202.120, 0.500, -0.500, 0.290, -0.282, 0.094
202.140, 0.500, -0.500, 0.284, -0.277, 0.098
202.160, 0.500, -0.500, 0.279, -0.272, 0.102
202.180, 0.500, -0.500, 0.275, -0.266, 0.106
202.200, 0.500, -0.500, 0.273, -0.260, 0.111
202.220, 0.500, -0.500, 0.271, -0.253, 0.112
202.240, 0.500, -0.500, 0.270, -0.245, 0.108
202.260, 0.500, -0.500, 0.269, -0.236, 0.099
202.280, 0.500, -0.500, 0.269, -0.229, 0.088
202.300, 0.500, -0.500, 0.269, -0.224, 0.078
202.320, 0.500, -0.500, 0.270, -0.220, 0.070
202.340, 0.500, -0.500, 0.270, -0.219, 0.065
202.360, 0.500, -0.500, 0.272, -0.219, 0.064
202.380, 0.500, -0.500, 0.275, -0.220, 0.066
202.400, 0.500, -0.500, 0.280, -0.221, 0.071
202.420, 0.500, -0.500, 0.287, -0.220, 0.078
202.440, 0.500, -0.500, 0.295, -0.219, 0.086
202.460, 0.500, -0.500, 0.303, -0.218, 0.095
202.480, 0.500, -0.500, 0.312, -0.216, 0.103
202.500, 0.500, -0.500, 0.322, -0.214, 0.110
202.520, 0.500, -0.500, 0.333, -0.211, 0.117
202.540, 0.500, -0.500, 0.343, -0.209, 0.122
202.560, 0.500, -0.500, 0.354, -0.208, 0.126
202.580, 0.500, -0.500, 0.364, -0.207, 0.130
202.600, 0.500, -0.500, 0.374, -0.207, 0.133
202.620, 0.500, -0.500, 0.381, -0.207, 0.135
202.640, 0.500, -0.500, 0.387, -0.208, 0.137
202.660, 0.500, -0.500, 0.391, -0.210, 0.138
202.680, 0.500, -0.500, 0.393, -0.212, 0.137
202.700, 0.500, -0.500, 0.395, -0.215, 0.136
202.720, 0.500, -0.500, 0.396, -0.217, 0.134
202.740, 0.500, -0.500, 0.397, -0.218, 0.131
202.760, 0.500, -0.500, 0.398, -0.220, 0.128
202.780, 0.500, -0.500, 0.399, -0.221, 0.125
202.800, 0.500, -0.500, 0.400, -0.223, 0.122
202.820, 0.500, -0.500, 0.401, -0.224, 0.119
202.840, 0.500, -0.500, 0.402, -0.226, 0.117
202.860, 0.500, -0.500, 0.402, -0.228, 0.116
202.880, 0.500, -0.500, 0.403, -0.229, 0.118
202.900, 0.500, -0.500, 0.404, -0.231, 0.116
202.920, 0.500, -0.500, 0.405, -0.234, 0.110
202.940, 0.500, -0.500, 0.406, -0.238, 0.102
202.960, 0.500, -0.500, 0.408, -0.243, 0.093
202.980, 0.500, -0.500, 0.413, -0.249, 0.085
203.000, 0.500, -0.500, 0.421, -0.256, 0.077
203.020, 0.500, -0.500, 0.432, -0.265, 0.070
203.040, 0.500, -0.500, 0.445, -0.274, 0.066
203.060, 0.500, -0.500, 0.457, -0.283, 0.062
203.080, 0.500, -0.500, 0.467, -0.292, 0.059
203.100, 0.500, -0.500, 0.475, -0.301, 0.057
203.120, 0.500, -0.500, 0.480, -0.309, 0.054
203.140, 0.500, -0.500, 0.483, -0.315, 0.053
203.160, 0.500, -0.500, 0.482, -0.320, 0.054
203.180, 0.500, -0.500, 0.480, -0.323, 0.054
203.200, 0.500, -0.500, 0.477, -0.325, 0.055
203.220, 0.500, -0.500, 0.474, -0.325, 0.056
203.240, 0.500, -0.500, 0.471, -0.324, 0.058
203.260, 0.500, -0.500, 0.468, -0.322, 0.059
203.280, 0.500, -0.500, 0.466, -0.320, 0.061
203.300, 0.500, -0.500, 0.464, -0.316, 0.064
203.320, 0.500, -0.500, 0.462, -0.312, 0.067
203.340, 0.500, -0.500, 0.462, -0.308, 0.071
203.360, 0.500, -0.500, 0.462, -0.304, 0.075
203.380, 0.500, -0.500, 0.462, -0.300, 0.079
203.400, 0.500, -0.500, 0.464, -0.296, 0.083
203.420, 0.500, -0.500, 0.465, -0.292, 0.087
203.440, 0.500, -0.500, 0.467, -0.288, 0.091
203.460, 0.500, -0.500, 0.469, -0.284, 0.096
203.480, 0.500, -0.500, 0.470, -0.281, 0.101
203.500, 0.500, -0.500, 0.471, -0.276, 0.106
203.520, 0.500, -0.500, 0.471, -0.272, 0.111
203.540, 0.500, -0.500, 0.470, -0.267, 0.111
203.560, 0.500, -0.500, 0.470, -0.262, 0.107
203.580, 0.500, -0.500, 0.471, -0.258, 0.101
203.600, 0.500, -0.500, 0.474, -0.255, 0.095
203.620, 0.500, -0.500, 0.478, -0.255, 0.091
203.640, 0.500, -0.500, 0.483, -0.256, 0.089
203.660, 0.500, -0.500, 0.487, -0.258, 0.090
203.680, 0.500, -0.500, 0.491, -0.260, 0.094
203.700, 0.500, -0.500, 0.496, -0.263, 0.099
203.720, 0.500, -0.500, 0.500, -0.266, 0.105
203.740, 0.500, -0.500, 0.506, -0.268, 0.111
203.760, 0.500, -0.500, 0.512, -0.270, 0.118
203.780, 0.500, -0.500, 0.519, -0.271, 0.124
203.800, 0.500, -0.500, 0.526, -0.271, 0.129
203.820, 0.500, -0.500, 0.533, -0.272, 0.133
203.840, 0.500, -0.500, 0.540, -0.272, 0.137
203.860, 0.500, -0.500, 0.546, -0.272, 0.140
203.880, 0.500, -0.500, 0.551, -0.272, 0.143
203.900, 0.500, -0.500, 0.555, -0.272, 0.145
203.920, 0.500, -0.500, 0.558, -0.273, 0.147
203.940, 0.500, -0.500, 0.559, -0.273, 0.148
203.960, 0.500, -0.500, 0.559, -0.274, 0.148
203.980, 0.500, -0.500, 0.558, -0.274, 0.147
204.000, 0.500, -0.500, 0.557, -0.275, 0.145
204.020, 0.500, -0.500, 0.556, -0.275, 0.143
204.040, 0.500, -0.500, 0.556, -0.276, 0.141
204.060, 0.500, -0.500, 0.556, -0.276, 0.138
204.080, 0.500, -0.500, 0.556, -0.276, 0.135
204.100, 0.500, -0.500, 0.557, -0.277, 0.132
204.120, 0.500, -0.500, 0.558, -0.278, 0.130
204.140, 0.500, -0.500, 0.560, -0.280, 0.128
204.160, 0.500, -0.500, 0.561, -0.282, 0.126
204.180, 0.500, -0.500, 0.562, -0.285, 0.124
204.200, 0.500, -0.500, 0.565, -0.287, 0.124
204.220, 0.500, -0.500, 0.567, -0.291, 0.120
204.240, 0.500, -0.500, 0.569, -0.296, 0.113
204.260, 0.500, -0.500, 0.572, -0.301, 0.105
204.280, 0.500, -0.500, 0.576, -0.308, 0.096
204.300, 0.500, -0.500, 0.583, -0.316, 0.089
204.320, 0.500, -0.500, 0.593, -0.325, 0.082
204.340, 0.500, -0.500, 0.605, -0.335, 0.075
204.360, 0.500, -0.500, 0.618, -0.346, 0.070
204.380, 0.500, -0.500, 0.633, -0.357, 0.064
204.400, 0.500, -0.500, 0.647, -0.369, 0.058
204.420, 0.500, -0.500, 0.658, -0.379, 0.052
204.440, 0.500, -0.500, 0.658, -0.386, 0.051
204.460, 0.500, -0.500, 0.658, -0.391, 0.053
204.480, 0.500, -0.500, 0.659, -0.394, 0.054
204.500, 0.500, -0.500, 0.661, -0.396, 0.054
204.520, 0.500, -0.500, 0.662, -0.397, 0.056
204.540, 0.500, -0.500, 0.661, -0.397, 0.058
204.560, 0.500, -0.500, 0.660, -0.396, 0.061
204.580, 0.500, -0.500, 0.657, -0.395, 0.064
204.600, 0.500, -0.500, 0.654, -0.394, 0.065
204.620, 0.500, -0.500, 0.650, -0.392, 0.067
204.640, 0.500, -0.500, 0.648, -0.389, 0.068
206.680, 0.500, -0.400, 0.000, 0.000, 0.175
206.700, 0.500, -0.400, -0.000, -0.000, 0.163
206.720, 0.500, -0.400, -0.001, -0.001, 0.151
206.740, 0.500, -0.400, -0.002, -0.002, 0.138
206.760, 0.500, -0.400, -0.002, -0.005, 0.128
206.780, 0.500, -0.400, 0.001, -0.008, 0.121
206.800, 0.500, -0.400, 0.005, -0.013, 0.116
206.820, 0.500, -0.400, 0.011, -0.018, 0.113
206.840, 0.500, -0.400, 0.017, -0.024, 0.113
206.860, 0.500, -0.400, 0.022, -0.029, 0.116
206.880, 0.500, -0.400, 0.026, -0.033, 0.121
206.900, 0.500, -0.400, 0.028, -0.036, 0.127
206.920, 0.500, -0.400, 0.028, -0.037, 0.131
206.940, 0.500, -0.400, 0.027, -0.037, 0.130
206.960, 0.500, -0.400, 0.025, -0.035, 0.125
206.980, 0.500, -0.400, 0.023, -0.034, 0.117
207.000, 0.500, -0.400, 0.023, -0.034, 0.108
207.020, 0.500, -0.400, 0.025, -0.035, 0.099
207.040, 0.500, -0.400, 0.030, -0.036, 0.094
207.060, 0.500, -0.400, 0.036, -0.038, 0.092
207.080, 0.500, -0.400, 0.043, -0.041, 0.093
207.100, 0.500, -0.400, 0.051, -0.043, 0.096
207.120, 0.500, -0.400, 0.060, -0.046, 0.100
207.140, 0.500, -0.400, 0.069, -0.049, 0.104
207.160, 0.500, -0.400, 0.078, -0.052, 0.107
207.180, 0.500, -0.400, 0.088, -0.056, 0.111
207.200, 0.500, -0.400, 0.097, -0.060, 0.113
207.220, 0.500, -0.400, 0.107, -0.065, 0.115
207.240, 0.500, -0.400, 0.117, -0.070, 0.115
207.260, 0.500, -0.400, 0.126, -0.075, 0.115
207.280, 0.500, -0.400, 0.135, -0.080, 0.114
207.300, 0.500, -0.400, 0.144, -0.085, 0.112
207.320, 0.500, -0.400, 0.152, -0.090, 0.109
207.340, 0.500, -0.400, 0.160, -0.095, 0.106
207.360, 0.500, -0.400, 0.166, -0.099, 0.101
207.380, 0.500, -0.400, 0.173, -0.103, 0.096
207.400, 0.500, -0.400, 0.178, -0.108, 0.089
207.420, 0.500, -0.400, 0.183, -0.111, 0.082
207.440, 0.500, -0.400, 0.187, -0.112, 0.081
207.460, 0.500, -0.400, 0.191, -0.111, 0.081
207.480, 0.500, -0.400, 0.193, -0.109, 0.085
207.500, 0.500, -0.400, 0.194, -0.106, 0.090
207.520, 0.500, -0.400, 0.193, -0.102, 0.096
207.540, 0.500, -0.400, 0.191, -0.097, 0.104
207.560, 0.500, -0.400, 0.187, -0.093, 0.112
207.580, 0.500, -0.400, 0.182, -0.088, 0.119
207.600, 0.500, -0.400, 0.177, -0.083, 0.120
207.620, 0.500, -0.400, 0.172, -0.081, 0.118
207.640, 0.500, -0.400, 0.168, -0.081, 0.113
207.660, 0.500, -0.400, 0.168, -0.085, 0.108
207.680, 0.500, -0.400, 0.172, -0.092, 0.103
207.700, 0.500, -0.400, 0.181, -0.102, 0.100
207.720, 0.500, -0.400, 0.194, -0.114, 0.100
207.740, 0.500, -0.400, 0.210, -0.127, 0.102
207.760, 0.500, -0.400, 0.227, -0.143, 0.105
207.780, 0.500, -0.400, 0.244, -0.159, 0.109
207.800, 0.500, -0.400, 0.261, -0.177, 0.113
207.820, 0.500, -0.400, 0.278, -0.196, 0.115
207.840, 0.500, -0.400, 0.294, -0.215, 0.115
207.860, 0.500, -0.400, 0.309, -0.234, 0.112
207.880, 0.500, -0.400, 0.322, -0.251, 0.107
207.900, 0.500, -0.400, 0.333, -0.267, 0.100
207.920, 0.500, -0.400, 0.341, -0.280, 0.092
207.940, 0.500, -0.400, 0.346, -0.290, 0.083
207.960, 0.500, -0.400, 0.349, -0.296, 0.075
207.980, 0.500, -0.400, 0.350, -0.298, 0.067
208.000, 0.500, -0.400, 0.348, -0.298, 0.062
208.020, 0.500, -0.400, 0.345, -0.296, 0.058
208.040, 0.500, -0.400, 0.343, -0.292, 0.057
208.060, 0.500, -0.400, 0.340, -0.288, 0.062
208.080, 0.500, -0.400, 0.337, -0.284, 0.068
208.100, 0.500, -0.400, 0.335, -0.279, 0.076
208.120, 0.500, -0.400, 0.333, -0.274, 0.083
208.140, 0.500, -0.400, 0.332, -0.268, 0.091
208.160, 0.500, -0.400, 0.330, -0.262, 0.098
208.180, 0.500, -0.400, 0.328, -0.256, 0.104
208.200, 0.500, -0.400, 0.326, -0.249, 0.111
208.220, 0.500, -0.400, 0.323, -0.243, 0.116
208.240, 0.500, -0.400, 0.321, -0.237, 0.118
208.260, 0.500, -0.400, 0.317, -0.230, 0.114
208.280, 0.500, -0.400, 0.316, -0.226, 0.105
208.300, 0.500, -0.400, 0.315, -0.223, 0.094
208.320, 0.500, -0.400, 0.317, -0.223, 0.083
208.340, 0.500, -0.400, 0.319, -0.225, 0.075
208.360, 0.500, -0.400, 0.320, -0.229, 0.070
208.380, 0.500, -0.400, 0.320, -0.235, 0.069
208.400, 0.500, -0.400, 0.322, -0.240, 0.071
208.420, 0.500, -0.400, 0.325, -0.244, 0.076
208.440, 0.500, -0.400, 0.328, -0.248, 0.082
208.460, 0.500, -0.400, 0.334, -0.249, 0.089
208.480, 0.500, -0.400, 0.341, -0.249, 0.097
208.500, 0.500, -0.400, 0.350, -0.248, 0.105
208.520, 0.500, -0.400, 0.361, -0.245, 0.111
208.540, 0.500, -0.400, 0.372, -0.242, 0.118
208.560, 0.500, -0.400, 0.384, -0.239, 0.123
208.580, 0.500, -0.400, 0.396, -0.235, 0.128
208.600, 0.500, -0.400, 0.407, -0.232, 0.132
208.620, 0.500, -0.400, 0.416, -0.229, 0.136
208.640, 0.500, -0.400, 0.423, -0.227, 0.138
208.660, 0.500, -0.400, 0.428, -0.225, 0.140
208.680, 0.500, -0.400, 0.432, -0.224, 0.140
208.700, 0.500, -0.400, 0.434, -0.223, 0.140
208.720, 0.500, -0.400, 0.435, -0.223, 0.138
208.740, 0.500, -0.400, 0.437, -0.222, 0.136
208.760, 0.500, -0.400, 0.439, -0.222, 0.134
208.780, 0.500, -0.400, 0.441, -0.222, 0.131
208.800, 0.500, -0.400, 0.443, -0.222, 0.129
208.820, 0.500, -0.400, 0.446, -0.222, 0.126
208.840, 0.500, -0.400, 0.449, -0.223, 0.124
208.860, 0.500, -0.400, 0.452, -0.224, 0.122
208.880, 0.500, -0.400, 0.453, -0.225, 0.120
208.900, 0.500, -0.400, 0.454, -0.227, 0.119
208.920, 0.500, -0.400, 0.455, -0.230, 0.117
208.940, 0.500, -0.400, 0.454, -0.234, 0.111
208.960, 0.500, -0.400, 0.454, -0.239, 0.104
208.980, 0.500, -0.400, 0.456, -0.244, 0.095
209.000, 0.500, -0.400, 0.460, -0.250, 0.087
209.020, 0.500, -0.400, 0.466, -0.256, 0.080
209.040, 0.500, -0.400, 0.475, -0.263, 0.073
209.060, 0.500, -0.400, 0.486, -0.272, 0.067
209.080, 0.500, -0.400, 0.498, -0.279, 0.062
209.100, 0.500, -0.400, 0.508, -0.286, 0.059
209.120, 0.500, -0.400, 0.515, -0.293, 0.056
209.140, 0.500, -0.400, 0.518, -0.298, 0.054
209.160, 0.500, -0.400, 0.519, -0.302, 0.054
209.180, 0.500, -0.400, 0.516, -0.305, 0.055
209.200, 0.500, -0.400, 0.512, -0.307, 0.056
209.220, 0.500, -0.400, 0.508, -0.308, 0.058
209.240, 0.500, -0.400, 0.504, -0.308, 0.059
209.260, 0.500, -0.400, 0.500, -0.306, 0.061
209.280, 0.500, -0.400, 0.497, -0.305, 0.063
209.300, 0.500, -0.400, 0.495, -0.302, 0.065
209.320, 0.500, -0.400, 0.494, -0.299, 0.067
209.340, 0.500, -0.400, 0.493, -0.296, 0.070
209.360, 0.500, -0.400, 0.493, -0.293, 0.073
209.380, 0.500, -0.400, 0.494, -0.289, 0.076
209.400, 0.500, -0.400, 0.495, -0.286, 0.080
209.420, 0.500, -0.400, 0.496, -0.283, 0.083
209.440, 0.500, -0.400, 0.498, -0.280, 0.087
209.460, 0.500, -0.400, 0.500, -0.277, 0.091
209.480, 0.500, -0.400, 0.501, -0.273, 0.095
209.500, 0.500, -0.400, 0.503, -0.270, 0.099
209.520, 0.500, -0.400, 0.503, -0.266, 0.105
209.540, 0.500, -0.400, 0.504, -0.262, 0.109
209.560, 0.500, -0.400, 0.504, -0.257, 0.109
209.580, 0.500, -0.400, 0.504, -0.252, 0.105
209.600, 0.500, -0.400, 0.504, -0.248, 0.099
209.620, 0.500, -0.400, 0.505, -0.246, 0.093
209.640, 0.500, -0.400, 0.507, -0.245, 0.088
209.660, 0.500, -0.400, 0.510, -0.245, 0.085
209.680, 0.500, -0.400, 0.512, -0.245, 0.085
209.700, 0.500, -0.400, 0.516, -0.246, 0.087
209.720, 0.500, -0.400, 0.519, -0.247, 0.091
209.740, 0.500, -0.400, 0.524, -0.248, 0.096
209.760, 0.500, -0.400, 0.529, -0.248, 0.102
209.780, 0.500, -0.400, 0.534, -0.248, 0.108
209.800, 0.500, -0.400, 0.540, -0.248, 0.114
209.820, 0.500, -0.400, 0.547, -0.247, 0.119
209.840, 0.500, -0.400, 0.554, -0.246, 0.123
209.860, 0.500, -0.400, 0.560, -0.244, 0.127
209.880, 0.500, -0.400, 0.566, -0.243, 0.130
209.900, 0.500, -0.400, 0.572, -0.242, 0.133
209.920, 0.500, -0.400, 0.577, -0.241, 0.136
209.940, 0.500, -0.400, 0.580, -0.241, 0.138
209.960, 0.500, -0.400, 0.582, -0.240, 0.139
209.980, 0.500, -0.400, 0.582, -0.241, 0.140
210.000, 0.500, -0.400, 0.583, -0.241, 0.139
210.020, 0.500, -0.400, 0.582, -0.241, 0.138
210.040, 0.500, -0.400, 0.582, -0.242, 0.137
210.060, 0.500, -0.400, 0.582, -0.242, 0.135
210.080, 0.500, -0.400, 0.582, -0.243, 0.132
210.100, 0.500, -0.400, 0.583, -0.244, 0.130
210.120, 0.500, -0.400, 0.584, -0.245, 0.127
210.140, 0.500, -0.400, 0.585, -0.247, 0.125
210.160, 0.500, -0.400, 0.587, -0.249, 0.123
210.180, 0.500, -0.400, 0.587, -0.252, 0.121
210.200, 0.500, -0.400, 0.587, -0.255, 0.122
210.220, 0.500, -0.400, 0.588, -0.259, 0.121
210.240, 0.500, -0.400, 0.590, -0.263, 0.118
210.260, 0.500, -0.400, 0.591, -0.268, 0.111
210.280, 0.500, -0.400, 0.594, -0.273, 0.102
210.300, 0.500, -0.400, 0.598, -0.279, 0.094
210.320, 0.500, -0.400, 0.605, -0.285, 0.086
210.340, 0.500, -0.400, 0.614, -0.293, 0.079
210.360, 0.500, -0.400, 0.626, -0.300, 0.073
210.380, 0.500, -0.400, 0.638, -0.308, 0.070
210.400, 0.500, -0.400, 0.649, -0.316, 0.068
210.420, 0.500, -0.400, 0.657, -0.324, 0.067
210.440, 0.500, -0.400, 0.662, -0.331, 0.066
210.460, 0.500, -0.400, 0.665, -0.338, 0.065
210.480, 0.500, -0.400, 0.667, -0.343, 0.064
210.500, 0.500, -0.400, 0.670, -0.348, 0.062
210.520, 0.500, -0.400, 0.671, -0.351, 0.062
210.540, 0.500, -0.400, 0.671, -0.352, 0.064
210.560, 0.500, -0.400, 0.671, -0.352, 0.066
210.580, 0.500, -0.400, 0.670, -0.351, 0.069
210.600, 0.500, -0.400, 0.668, -0.348, 0.071
210.620, 0.500, -0.400, 0.667, -0.344, 0.075
210.640, 0.500, -0.400, 0.665, -0.340, 0.078
210.660, 0.500, -0.400, 0.663, -0.335, 0.081
212.700, 0.500, -0.300, 0.000, 0.000, 0.175
212.720, 0.500, -0.300, -0.000, -0.000, 0.163
212.740, 0.500, -0.300, -0.001, -0.001, 0.150
212.760, 0.500, -0.300, -0.002, -0.002, 0.138
212.780, 0.500, -0.300, -0.001, -0.004, 0.128
212.800, 0.500, -0.300, 0.002, -0.007, 0.121
212.820, 0.500, -0.300, 0.007, -0.011, 0.116
212.840, 0.500, -0.300, 0.013, -0.015, 0.113
212.860, 0.500, -0.300, 0.019, -0.019, 0.113
212.880, 0.500, -0.300, 0.025, -0.024, 0.116
212.900, 0.500, -0.300, 0.029, -0.027, 0.121
212.920, 0.500, -0.300, 0.032, -0.029, 0.127
212.940, 0.500, -0.300, 0.033, -0.030, 0.131
212.960, 0.500, -0.300, 0.032, -0.029, 0.130
212.980, 0.500, -0.300, 0.030, -0.028, 0.125
213.000, 0.500, -0.300, 0.028, -0.027, 0.117
213.020, 0.500, -0.300, 0.027, -0.026, 0.108
213.040, 0.500, -0.300, 0.029, -0.026, 0.100
213.060, 0.500, -0.300, 0.034, -0.026, 0.094
213.080, 0.500, -0.300, 0.042, -0.026, 0.091
213.100, 0.500, -0.300, 0.050, -0.026, 0.091
213.120, 0.500, -0.300, 0.059, -0.026, 0.094
213.140, 0.500, -0.300, 0.069, -0.027, 0.097
213.160, 0.500, -0.300, 0.079, -0.028, 0.101
213.180, 0.500, -0.300, 0.089, -0.029, 0.104
213.200, 0.500, -0.300, 0.099, -0.030, 0.107
213.220, 0.500, -0.300, 0.108, -0.032, 0.109
213.240, 0.500, -0.300, 0.118, -0.035, 0.111
213.260, 0.500, -0.300, 0.128, -0.037, 0.111
213.280, 0.500, -0.300, 0.139, -0.040, 0.111
213.300, 0.500, -0.300, 0.149, -0.044, 0.110
213.320, 0.500, -0.300, 0.159, -0.048, 0.108
213.340, 0.500, -0.300, 0.169, -0.052, 0.106
213.360, 0.500, -0.300, 0.178, -0.057, 0.103
213.380, 0.500, -0.300, 0.186, -0.062, 0.098
213.400, 0.500, -0.300, 0.193, -0.067, 0.093
213.420, 0.500, -0.300, 0.199, -0.072, 0.086
213.440, 0.500, -0.300, 0.204, -0.076, 0.082
213.460, 0.500, -0.300, 0.208, -0.078, 0.082
213.480, 0.500, -0.300, 0.210, -0.079, 0.084
213.500, 0.500, -0.300, 0.210, -0.078, 0.089
213.520, 0.500, -0.300, 0.208, -0.076, 0.094
213.540, 0.500, -0.300, 0.204, -0.074, 0.101
213.560, 0.500, -0.300, 0.199, -0.071, 0.108
213.580, 0.500, -0.300, 0.194, -0.068, 0.116
213.600, 0.500, -0.300, 0.186, -0.064, 0.122
213.620, 0.500, -0.300, 0.179, -0.061, 0.123
213.640, 0.500, -0.300, 0.173, -0.059, 0.120
213.660, 0.500, -0.300, 0.169, -0.060, 0.115
213.680, 0.500, -0.300, 0.167, -0.064, 0.110
213.700, 0.500, -0.300, 0.171, -0.069, 0.107
213.720, 0.500, -0.300, 0.178, -0.076, 0.105
213.740, 0.500, -0.300, 0.189, -0.084, 0.107
213.760, 0.500, -0.300, 0.203, -0.092, 0.110
213.780, 0.500, -0.300, 0.218, -0.102, 0.114
213.800, 0.500, -0.300, 0.233, -0.112, 0.118
213.820, 0.500, -0.300, 0.249, -0.124, 0.122
213.840, 0.500, -0.300, 0.265, -0.136, 0.125
213.860, 0.500, -0.300, 0.281, -0.149, 0.126
213.880, 0.500, -0.300, 0.297, -0.164, 0.126
213.900, 0.500, -0.300, 0.313, -0.179, 0.124
213.920, 0.500, -0.300, 0.328, -0.194, 0.121
213.940, 0.500, -0.300, 0.341, -0.208, 0.117
213.960, 0.500, -0.300, 0.351, -0.220, 0.112
213.980, 0.500, -0.300, 0.358, -0.230, 0.108
214.000, 0.500, -0.300, 0.361, -0.236, 0.103
214.020, 0.500, -0.300, 0.361, -0.239, 0.099
214.040, 0.500, -0.300, 0.360, -0.239, 0.094
214.060, 0.500, -0.300, 0.358, -0.237, 0.091
214.080, 0.500, -0.300, 0.357, -0.233, 0.087
214.100, 0.500, -0.300, 0.357, -0.229, 0.088
214.120, 0.500, -0.300, 0.357, -0.224, 0.093
214.140, 0.500, -0.300, 0.357, -0.218, 0.099
214.160, 0.500, -0.300, 0.357, -0.211, 0.105
214.180, 0.500, -0.300, 0.357, -0.205, 0.109
214.200, 0.500, -0.300, 0.358, -0.199, 0.114
214.220, 0.500, -0.300, 0.358, -0.193, 0.119
214.240, 0.500, -0.300, 0.359, -0.188, 0.123
214.260, 0.500, -0.300, 0.358, -0.183, 0.125
214.280, 0.500, -0.300, 0.357, -0.178, 0.121
214.300, 0.500, -0.300, 0.357, -0.174, 0.113
214.320, 0.500, -0.300, 0.359, -0.172, 0.104
214.340, 0.500, -0.300, 0.361, -0.173, 0.095
214.360, 0.500, -0.300, 0.363, -0.176, 0.090
214.380, 0.500, -0.300, 0.365, -0.181, 0.088
214.400, 0.500, -0.300, 0.367, -0.187, 0.089
214.420, 0.500, -0.300, 0.371, -0.193, 0.093
214.440, 0.500, -0.300, 0.376, -0.198, 0.099
214.460, 0.500, -0.300, 0.383, -0.201, 0.106
214.480, 0.500, -0.300, 0.393, -0.203, 0.113
214.500, 0.500, -0.300, 0.405, -0.204, 0.120
214.520, 0.500, -0.300, 0.418, -0.203, 0.126
214.540, 0.500, -0.300, 0.431, -0.202, 0.132
214.560, 0.500, -0.300, 0.444, -0.199, 0.137
214.580, 0.500, -0.300, 0.456, -0.196, 0.141
214.600, 0.500, -0.300, 0.467, -0.192, 0.144
214.620, 0.500, -0.300, 0.476, -0.188, 0.147
214.640, 0.500, -0.300, 0.484, -0.184, 0.149
214.660, 0.500, -0.300, 0.491, -0.180, 0.150
214.680, 0.500, -0.300, 0.495, -0.176, 0.150
214.700, 0.500, -0.300, 0.497, -0.173, 0.149
214.720, 0.500, -0.300, 0.498, -0.171, 0.147
214.740, 0.500, -0.300, 0.499, -0.168, 0.144
214.760, 0.500, -0.300, 0.500, -0.166, 0.140
214.780, 0.500, -0.300, 0.502, -0.165, 0.136
214.800, 0.500, -0.300, 0.503, -0.164, 0.132
214.820, 0.500, -0.300, 0.506, -0.164, 0.129
214.840, 0.500, -0.300, 0.509, -0.164, 0.125
214.860, 0.500, -0.300, 0.511, -0.165, 0.121
214.880, 0.500, -0.300, 0.512, -0.167, 0.121
214.900, 0.500, -0.300, 0.514, -0.168, 0.126
214.920, 0.500, -0.300, 0.513, -0.171, 0.130
214.940, 0.500, -0.300, 0.511, -0.175, 0.128
214.960, 0.500, -0.300, 0.510, -0.181, 0.122
214.980, 0.500, -0.300, 0.509, -0.187, 0.113
215.000, 0.500, -0.300, 0.512, -0.193, 0.104
215.020, 0.500, -0.300, 0.517, -0.200, 0.097
215.040, 0.500, -0.300, 0.525, -0.207, 0.091
215.060, 0.500, -0.300, 0.536, -0.215, 0.086
215.080, 0.500, -0.300, 0.549, -0.224, 0.083
215.100, 0.500, -0.300, 0.560, -0.232, 0.083
215.120, 0.500, -0.300, 0.568, -0.241, 0.084
215.140, 0.500, -0.300, 0.574, -0.248, 0.085
215.160, 0.500, -0.300, 0.577, -0.255, 0.086
215.180, 0.500, -0.300, 0.578, -0.261, 0.086
215.200, 0.500, -0.300, 0.579, -0.266, 0.085
215.220, 0.500, -0.300, 0.580, -0.270, 0.084
215.240, 0.500, -0.300, 0.582, -0.274, 0.083
215.260, 0.500, -0.300, 0.585, -0.277, 0.082
215.280, 0.500, -0.300, 0.589, -0.279, 0.081
215.300, 0.500, -0.300, 0.594, -0.280, 0.081
215.320, 0.500, -0.300, 0.599, -0.280, 0.081
215.340, 0.500, -0.300, 0.605, -0.278, 0.082
215.360, 0.500, -0.300, 0.609, -0.276, 0.085
215.380, 0.500, -0.300, 0.611, -0.272, 0.090
215.400, 0.500, -0.300, 0.612, -0.268, 0.094
215.420, 0.500, -0.300, 0.612, -0.263, 0.098
215.440, 0.500, -0.300, 0.611, -0.257, 0.102
215.460, 0.500, -0.300, 0.610, -0.252, 0.105
215.480, 0.500, -0.300, 0.609, -0.247, 0.108
215.500, 0.500, -0.300, 0.609, -0.242, 0.111
215.520, 0.500, -0.300, 0.608, -0.238, 0.115
215.540, 0.500, -0.300, 0.608, -0.234, 0.119
215.560, 0.500, -0.300, 0.607, -0.230, 0.123
215.580, 0.500, -0.300, 0.605, -0.226, 0.123
215.600, 0.500, -0.300, 0.604, -0.222, 0.117
215.620, 0.500, -0.300, 0.604, -0.220, 0.110
215.640, 0.500, -0.300, 0.606, -0.219, 0.103
215.660, 0.500, -0.300, 0.608, -0.220, 0.098
215.680, 0.500, -0.300, 0.612, -0.223, 0.096
215.700, 0.500, -0.300, 0.614, -0.227, 0.097
215.720, 0.500, -0.300, 0.617, -0.231, 0.100
215.740, 0.500, -0.300, 0.621, -0.235, 0.105
215.760, 0.500, -0.300, 0.625, -0.239, 0.112
215.780, 0.500, -0.300, 0.631, -0.242, 0.118
215.800, 0.500, -0.300, 0.637, -0.246, 0.125
215.820, 0.500, -0.300, 0.645, -0.249, 0.131
215.840, 0.500, -0.300, 0.652, -0.252, 0.136
215.860, 0.500, -0.300, 0.659, -0.254, 0.140
215.880, 0.500, -0.300, 0.666, -0.257, 0.144
215.900, 0.500, -0.300, 0.673, -0.259, 0.146
215.920, 0.500, -0.300, 0.679, -0.261, 0.148
215.940, 0.500, -0.300, 0.684, -0.262, 0.150
215.960, 0.500, -0.300, 0.688, -0.263, 0.150
215.980, 0.500, -0.300, 0.691, -0.264, 0.151
216.000, 0.500, -0.300, 0.693, -0.264, 0.150
216.020, 0.500, -0.300, 0.695, -0.264, 0.149
216.040, 0.500, -0.300, 0.696, -0.264, 0.146
216.060, 0.500, -0.300, 0.697, -0.263, 0.144
216.080, 0.500, -0.300, 0.699, -0.263, 0.141
216.100, 0.500, -0.300, 0.700, -0.262, 0.138
216.120, 0.500, -0.300, 0.702, -0.262, 0.134
216.140, 0.500, -0.300, 0.704, -0.263, 0.131
216.160, 0.500, -0.300, 0.706, -0.263, 0.128
216.180, 0.500, -0.300, 0.707, -0.265, 0.125
216.200, 0.500, -0.300, 0.709, -0.266, 0.129
216.220, 0.500, -0.300, 0.711, -0.267, 0.134
216.240, 0.500, -0.300, 0.713, -0.269, 0.134
216.260, 0.500, -0.300, 0.713, -0.271, 0.129
216.280, 0.500, -0.300, 0.713, -0.275, 0.121
216.300, 0.500, -0.300, 0.715, -0.278, 0.113
216.320, 0.500, -0.300, 0.719, -0.283, 0.106
216.340, 0.500, -0.300, 0.726, -0.289, 0.100
216.360, 0.500, -0.300, 0.735, -0.296, 0.097
216.380, 0.500, -0.300, 0.747, -0.305, 0.094
216.400, 0.500, -0.300, 0.761, -0.314, 0.091
216.420, 0.500, -0.300, 0.775, -0.324, 0.090
216.440, 0.500, -0.300, 0.788, -0.333, 0.089
216.460, 0.500, -0.300, 0.798, -0.341, 0.088
216.480, 0.500, -0.300, 0.806, -0.349, 0.086
216.500, 0.500, -0.300, 0.812, -0.355, 0.084
216.520, 0.500, -0.300, 0.816, -0.359, 0.081
216.540, 0.500, -0.300, 0.818, -0.362, 0.078
216.560, 0.500, -0.300, 0.820, -0.364, 0.076
216.580, 0.500, -0.300, 0.821, -0.364, 0.074
216.600, 0.500, -0.300, 0.822, -0.364, 0.075
216.620, 0.500, -0.300, 0.821, -0.362, 0.078
216.640, 0.500, -0.300, 0.819, -0.360, 0.082
216.660, 0.500, -0.300, 0.816, -0.357, 0.086
216.680, 0.500, -0.300, 0.812, -0.354, 0.090
218.720, 0.500, -0.200, 0.000, 0.000, 0.175
218.740, 0.500, -0.200, -0.000, -0.000, 0.163
218.760, 0.500, -0.200, -0.001, -0.001, 0.150
218.780, 0.500, -0.200, -0.001, -0.002, 0.136
218.800, 0.500, -0.200, -0.000, -0.003, 0.126
218.820, 0.500, -0.200, 0.002, -0.005, 0.119
218.840, 0.500, -0.200, 0.007, -0.008, 0.114
218.860, 0.500, -0.200, 0.014, -0.011, 0.111
218.880, 0.500, -0.200, 0.020, -0.014, 0.112
218.900, 0.500, -0.200, 0.025, -0.017, 0.116
218.920, 0.500, -0.200, 0.030, -0.019, 0.121
218.940, 0.500, -0.200, 0.033, -0.020, 0.127
218.960, 0.500, -0.200, 0.034, -0.021, 0.131
218.980, 0.500, -0.200, 0.033, -0.020, 0.130
219.000, 0.500, -0.200, 0.031, -0.018, 0.125
219.020, 0.500, -0.200, 0.028, -0.016, 0.117
219.040, 0.500, -0.200, 0.027, -0.015, 0.108
219.060, 0.500, -0.200, 0.029, -0.014, 0.100
219.080, 0.500, -0.200, 0.034, -0.012, 0.094
219.100, 0.500, -0.200, 0.042, -0.010, 0.092
219.120, 0.500, -0.200, 0.051, -0.008, 0.092
219.140, 0.500, -0.200, 0.061, -0.006, 0.094
219.160, 0.500, -0.200, 0.072, -0.004, 0.097
219.180, 0.500, -0.200, 0.082, -0.003, 0.100
219.200, 0.500, -0.200, 0.092, -0.001, 0.103
219.220, 0.500, -0.200, 0.102, -0.000, 0.105
219.240, 0.500, -0.200, 0.112, 0.001, 0.107
219.260, 0.500, -0.200, 0.122, 0.001, 0.108
219.280, 0.500, -0.200, 0.132, 0.001, 0.108
219.300, 0.500, -0.200, 0.142, 0.000, 0.108
219.320, 0.500, -0.200, 0.153, -0.001, 0.107
219.340, 0.500, -0.200, 0.163, -0.003, 0.106
219.360, 0.500, -0.200, 0.173, -0.006, 0.105
219.380, 0.500, -0.200, 0.183, -0.009, 0.102
219.400, 0.500, -0.200, 0.191, -0.014, 0.099
219.420, 0.500, -0.200, 0.199, -0.019, 0.094
219.440, 0.500, -0.200, 0.206, -0.025, 0.089
219.460, 0.500, -0.200, 0.212, -0.030, 0.087
219.480, 0.500, -0.200, 0.216, -0.034, 0.088
219.500, 0.500, -0.200, 0.218, -0.037, 0.091
219.520, 0.500, -0.200, 0.217, -0.039, 0.095
219.540, 0.500, -0.200, 0.214, -0.040, 0.100
219.560, 0.500, -0.200, 0.209, -0.040, 0.106
219.580, 0.500, -0.200, 0.203, -0.040, 0.112
219.600, 0.500, -0.200, 0.196, -0.038, 0.119
219.620, 0.500, -0.200, 0.188, -0.036, 0.124
219.640, 0.500, -0.200, 0.179, -0.035, 0.125
219.660, 0.500, -0.200, 0.170, -0.033, 0.122
219.680, 0.500, -0.200, 0.164, -0.034, 0.117
219.700, 0.500, -0.200, 0.160, -0.035, 0.111
219.720, 0.500, -0.200, 0.160, -0.038, 0.107
219.740, 0.500, -0.200, 0.164, -0.042, 0.105
219.760, 0.500, -0.200, 0.170, -0.046, 0.106
219.780, 0.500, -0.200, 0.179, -0.051, 0.109
219.800, 0.500, -0.200, 0.190, -0.056, 0.113
219.820, 0.500, -0.200, 0.202, -0.061, 0.118
219.840, 0.500, -0.200, 0.215, -0.066, 0.124
219.860, 0.500, -0.200, 0.229, -0.070, 0.128
219.880, 0.500, -0.200, 0.242, -0.075, 0.132
219.900, 0.500, -0.200, 0.256, -0.079, 0.135
219.920, 0.500, -0.200, 0.269, -0.084, 0.138
219.940, 0.500, -0.200, 0.282, -0.088, 0.139
219.960, 0.500, -0.200, 0.294, -0.092, 0.140
219.980, 0.500, -0.200, 0.306, -0.097, 0.141
220.000, 0.500, -0.200, 0.316, -0.101, 0.141
220.020, 0.500, -0.200, 0.325, -0.105, 0.140
220.040, 0.500, -0.200, 0.333, -0.109, 0.138
220.060, 0.500, -0.200, 0.340, -0.112, 0.135
220.080, 0.500, -0.200, 0.345, -0.115, 0.132
220.100, 0.500, -0.200, 0.349, -0.116, 0.128
220.120, 0.500, -0.200, 0.352, -0.117, 0.124
220.140, 0.500, -0.200, 0.355, -0.117, 0.119
220.160, 0.500, -0.200, 0.357, -0.115, 0.114
220.180, 0.500, -0.200, 0.359, -0.114, 0.114
220.200, 0.500, -0.200, 0.360, -0.113, 0.118
220.220, 0.500, -0.200, 0.360, -0.111, 0.123
220.240, 0.500, -0.200, 0.358, -0.109, 0.129
220.260, 0.500, -0.200, 0.355, -0.106, 0.134
220.280, 0.500, -0.200, 0.350, -0.103, 0.137
220.300, 0.500, -0.200, 0.344, -0.099, 0.134
220.320, 0.500, -0.200, 0.339, -0.096, 0.127
220.340, 0.500, -0.200, 0.338, -0.095, 0.119
220.360, 0.500, -0.200, 0.339, -0.095, 0.112
220.380, 0.500, -0.200, 0.343, -0.097, 0.109
220.400, 0.500, -0.200, 0.349, -0.099, 0.109
220.420, 0.500, -0.200, 0.356, -0.103, 0.111
220.440, 0.500, -0.200, 0.363, -0.106, 0.115
220.460, 0.500, -0.200, 0.372, -0.110, 0.120
220.480, 0.500, -0.200, 0.381, -0.113, 0.125
220.500, 0.500, -0.200, 0.390, -0.116, 0.129
220.520, 0.500, -0.200, 0.398, -0.119, 0.133
220.540, 0.500, -0.200, 0.407, -0.122, 0.135
220.560, 0.500, -0.200, 0.416, -0.123, 0.137
220.580, 0.500, -0.200, 0.425, -0.124, 0.138
220.600, 0.500, -0.200, 0.433, -0.125, 0.138
220.620, 0.500, -0.200, 0.441, -0.125, 0.138
220.640, 0.500, -0.200, 0.449, -0.124, 0.138
220.660, 0.500, -0.200, 0.456, -0.123, 0.137
220.680, 0.500, -0.200, 0.463, -0.122, 0.136
220.700, 0.500, -0.200, 0.469, -0.121, 0.134
220.720, 0.500, -0.200, 0.475, -0.120, 0.132
220.740, 0.500, -0.200, 0.480, -0.120, 0.129
220.760, 0.500, -0.200, 0.485, -0.120, 0.125
220.780, 0.500, -0.200, 0.489, -0.121, 0.120
220.800, 0.500, -0.200, 0.494, -0.123, 0.115
220.820, 0.500, -0.200, 0.498, -0.126, 0.111
220.840, 0.500, -0.200, 0.504, -0.128, 0.111
220.860, 0.500, -0.200, 0.510, -0.129, 0.114
220.880, 0.500, -0.200, 0.515, -0.130, 0.118
220.900, 0.500, -0.200, 0.518, -0.131, 0.124
220.920, 0.500, -0.200, 0.519, -0.131, 0.129
220.940, 0.500, -0.200, 0.516, -0.131, 0.131
220.960, 0.500, -0.200, 0.511, -0.130, 0.129
220.980, 0.500, -0.200, 0.506, -0.130, 0.124
221.000, 0.500, -0.200, 0.501, -0.132, 0.117
221.020, 0.500, -0.200, 0.501, -0.136, 0.110
221.040, 0.500, -0.200, 0.505, -0.142, 0.104
221.060, 0.500, -0.200, 0.512, -0.149, 0.102
221.080, 0.500, -0.200, 0.522, -0.158, 0.103
221.100, 0.500, -0.200, 0.532, -0.168, 0.105
221.120, 0.500, -0.200, 0.542, -0.178, 0.108
221.140, 0.500, -0.200, 0.552, -0.189, 0.112
221.160, 0.500, -0.200, 0.561, -0.200, 0.114
221.180, 0.500, -0.200, 0.569, -0.211, 0.116
221.200, 0.500, -0.200, 0.577, -0.223, 0.116
221.220, 0.500, -0.200, 0.584, -0.234, 0.115
221.240, 0.500, -0.200, 0.591, -0.245, 0.114
221.260, 0.500, -0.200, 0.597, -0.255, 0.112
221.280, 0.500, -0.200, 0.601, -0.264, 0.110
221.300, 0.500, -0.200, 0.604, -0.270, 0.108
221.320, 0.500, -0.200, 0.606, -0.275, 0.105
221.340, 0.500, -0.200, 0.608, -0.277, 0.103
221.360, 0.500, -0.200, 0.609, -0.279, 0.101
221.380, 0.500, -0.200, 0.611, -0.279, 0.099
221.400, 0.500, -0.200, 0.613, -0.278, 0.097
221.420, 0.500, -0.200, 0.616, -0.275, 0.095
221.440, 0.500, -0.200, 0.619, -0.272, 0.097
221.460, 0.500, -0.200, 0.622, -0.269, 0.101
221.480, 0.500, -0.200, 0.624, -0.264, 0.105
221.500, 0.500, -0.200, 0.625, -0.258, 0.110
221.520, 0.500, -0.200, 0.626, -0.253, 0.115
221.540, 0.500, -0.200, 0.626, -0.247, 0.119
221.560, 0.500, -0.200, 0.626, -0.241, 0.125
221.580, 0.500, -0.200, 0.625, -0.235, 0.128
221.600, 0.500, -0.200, 0.624, -0.229, 0.127
221.620, 0.500, -0.200, 0.624, -0.224, 0.122
221.640, 0.500, -0.200, 0.624, -0.220, 0.113
221.660, 0.500, -0.200, 0.625, -0.220, 0.104
221.680, 0.500, -0.200, 0.627, -0.222, 0.098
221.700, 0.500, -0.200, 0.628, -0.225, 0.095
221.720, 0.500, -0.200, 0.629, -0.230, 0.095
221.740, 0.500, -0.200, 0.631, -0.236, 0.097
221.760, 0.500, -0.200, 0.635, -0.241, 0.102
221.780, 0.500, -0.200, 0.641, -0.246, 0.109
221.800, 0.500, -0.200, 0.648, -0.251, 0.115
221.820, 0.500, -0.200, 0.657, -0.254, 0.121
221.840, 0.500, -0.200, 0.667, -0.256, 0.126
221.860, 0.500, -0.200, 0.677, -0.258, 0.131
221.880, 0.500, -0.200, 0.688, -0.258, 0.135
221.900, 0.500, -0.200, 0.699, -0.257, 0.138
221.920, 0.500, -0.200, 0.709, -0.256, 0.141
221.940, 0.500, -0.200, 0.718, -0.253, 0.143
221.960, 0.500, -0.200, 0.727, -0.250, 0.144
221.980, 0.500, -0.200, 0.733, -0.247, 0.145
222.000, 0.500, -0.200, 0.738, -0.243, 0.146
222.020, 0.500, -0.200, 0.740, -0.240, 0.145
222.040, 0.500, -0.200, 0.742, -0.237, 0.142
222.060, 0.500, -0.200, 0.743, -0.234, 0.140
222.080, 0.500, -0.200, 0.744, -0.232, 0.136
222.100, 0.500, -0.200, 0.745, -0.231, 0.133
222.120, 0.500, -0.200, 0.747, -0.230, 0.129
222.140, 0.500, -0.200, 0.750, -0.231, 0.125
222.160, 0.500, -0.200, 0.752, -0.232, 0.121
222.180, 0.500, -0.200, 0.755, -0.234, 0.118
222.200, 0.500, -0.200, 0.756, -0.236, 0.117
222.220, 0.500, -0.200, 0.757, -0.237, 0.123
222.240, 0.500, -0.200, 0.757, -0.240, 0.128
222.260, 0.500, -0.200, 0.755, -0.244, 0.129
222.280, 0.500, -0.200, 0.752, -0.249, 0.125
222.300, 0.500, -0.200, 0.750, -0.255, 0.118
222.320, 0.500, -0.200, 0.750, -0.260, 0.109
222.340, 0.500, -0.200, 0.752, -0.266, 0.102
222.360, 0.500, -0.200, 0.758, -0.273, 0.095
222.380, 0.500, -0.200, 0.766, -0.281, 0.092
222.400, 0.500, -0.200, 0.774, -0.289, 0.091
222.420, 0.500, -0.200, 0.782, -0.297, 0.091
222.440, 0.500, -0.200, 0.788, -0.305, 0.092
222.460, 0.500, -0.200, 0.793, -0.312, 0.093
222.480, 0.500, -0.200, 0.797, -0.318, 0.094
222.500, 0.500, -0.200, 0.800, -0.324, 0.094
222.520, 0.500, -0.200, 0.802, -0.330, 0.093
222.540, 0.500, -0.200, 0.805, -0.335, 0.092
222.560, 0.500, -0.200, 0.808, -0.339, 0.091
222.580, 0.500, -0.200, 0.810, -0.343, 0.090
222.600, 0.500, -0.200, 0.813, -0.347, 0.089
222.620, 0.500, -0.200, 0.816, -0.349, 0.088
222.640, 0.500, -0.200, 0.819, -0.351, 0.088
222.660, 0.500, -0.200, 0.823, -0.351, 0.088
222.680, 0.500, -0.200, 0.826, -0.351, 0.088
222.700, 0.500, -0.200, 0.831, -0.350, 0.089
224.740, 0.500, -0.100, 0.000, 0.000, 0.175
224.760, 0.500, -0.100, -0.000, -0.000, 0.163
224.780, 0.500, -0.100, -0.000, -0.001, 0.150
224.800, 0.500, -0.100, -0.001, -0.002, 0.136
224.820, 0.500, -0.100, 0.000, -0.003, 0.126
224.840, 0.500, -0.100, 0.004, -0.004, 0.119
224.860, 0.500, -0.100, 0.009, -0.006, 0.114
224.880, 0.500, -0.100, 0.016, -0.008, 0.112
224.900, 0.500, -0.100, 0.022, -0.010, 0.113
224.920, 0.500, -0.100, 0.028, -0.012, 0.116
224.940, 0.500, -0.100, 0.033, -0.013, 0.121
224.960, 0.500, -0.100, 0.037, -0.013, 0.126
224.980, 0.500, -0.100, 0.039, -0.013, 0.130
225.000, 0.500, -0.100, 0.039, -0.012, 0.130
225.020, 0.500, -0.100, 0.036, -0.010, 0.125
225.040, 0.500, -0.100, 0.033, -0.008, 0.117
225.060, 0.500, -0.100, 0.032, -0.006, 0.108
225.080, 0.500, -0.100, 0.033, -0.003, 0.100
225.100, 0.500, -0.100, 0.038, 0.000, 0.094
225.120, 0.500, -0.100, 0.047, 0.004, 0.090
225.140, 0.500, -0.100, 0.058, 0.009, 0.089
225.160, 0.500, -0.100, 0.069, 0.013, 0.090
225.180, 0.500, -0.100, 0.081, 0.018, 0.093
225.200, 0.500, -0.100, 0.092, 0.022, 0.095
225.220, 0.500, -0.100, 0.103, 0.025, 0.097
225.240, 0.500, -0.100, 0.113, 0.029, 0.099
225.260, 0.500, -0.100, 0.122, 0.032, 0.100
225.280, 0.500, -0.100, 0.132, 0.034, 0.100
225.300, 0.500, -0.100, 0.142, 0.036, 0.100
225.320, 0.500, -0.100, 0.152, 0.037, 0.099
225.340, 0.500, -0.100, 0.162, 0.037, 0.098
225.360, 0.500, -0.100, 0.173, 0.037, 0.096
225.380, 0.500, -0.100, 0.183, 0.035, 0.094
225.400, 0.500, -0.100, 0.193, 0.033, 0.092
225.420, 0.500, -0.100, 0.203, 0.029, 0.088
225.440, 0.500, -0.100, 0.212, 0.024, 0.086
225.460, 0.500, -0.100, 0.219, 0.020, 0.087
225.480, 0.500, -0.100, 0.224, 0.015, 0.089
225.500, 0.500, -0.100, 0.226, 0.010, 0.092
225.520, 0.500, -0.100, 0.225, 0.005, 0.095
225.540, 0.500, -0.100, 0.222, 0.001, 0.099
225.560, 0.500, -0.100, 0.217, -0.002, 0.103
225.580, 0.500, -0.100, 0.211, -0.004, 0.108
225.600, 0.500, -0.100, 0.205, -0.005, 0.113
225.620, 0.500, -0.100, 0.198, -0.005, 0.119
225.640, 0.500, -0.100, 0.191, -0.005, 0.123
225.660, 0.500, -0.100, 0.182, -0.004, 0.123
225.680, 0.500, -0.100, 0.173, -0.004, 0.118
225.700, 0.500, -0.100, 0.166, -0.003, 0.112
225.720, 0.500, -0.100, 0.160, -0.003, 0.105
225.740, 0.500, -0.100, 0.158, -0.003, 0.099
225.760, 0.500, -0.100, 0.157, -0.003, 0.095
225.780, 0.500, -0.100, 0.160, -0.004, 0.095
225.800, 0.500, -0.100, 0.165, -0.005, 0.097
225.820, 0.500, -0.100, 0.174, -0.007, 0.101
225.840, 0.500, -0.100, 0.185, -0.010, 0.107
225.860, 0.500, -0.100, 0.197, -0.013, 0.113
225.880, 0.500, -0.100, 0.211, -0.017, 0.119
225.900, 0.500, -0.100, 0.225, -0.020, 0.125
225.920, 0.500, -0.100, 0.240, -0.023, 0.130
225.940, 0.500, -0.100, 0.254, -0.026, 0.134
225.960, 0.500, -0.100, 0.268, -0.030, 0.138
225.980, 0.500, -0.100, 0.281, -0.033, 0.141
226.000, 0.500, -0.100, 0.293, -0.036, 0.143
226.020, 0.500, -0.100, 0.304, -0.039, 0.145
226.040, 0.500, -0.100, 0.314, -0.042, 0.146
226.060, 0.500, -0.100, 0.322, -0.045, 0.146
226.080, 0.500, -0.100, 0.330, -0.048, 0.145
226.100, 0.500, -0.100, 0.336, -0.050, 0.143
226.120, 0.500, -0.100, 0.340, -0.052, 0.140
226.140, 0.500, -0.100, 0.344, -0.054, 0.136
226.160, 0.500, -0.100, 0.347, -0.055, 0.132
226.180, 0.500, -0.100, 0.350, -0.056, 0.127
226.200, 0.500, -0.100, 0.352, -0.056, 0.123
226.220, 0.500, -0.100, 0.354, -0.055, 0.118
226.240, 0.500, -0.100, 0.355, -0.055, 0.119
226.260, 0.500, -0.100, 0.356, -0.054, 0.124
226.280, 0.500, -0.100, 0.355, -0.053, 0.131
226.300, 0.500, -0.100, 0.352, -0.051, 0.134
226.320, 0.500, -0.100, 0.347, -0.047, 0.133
226.340, 0.500, -0.100, 0.343, -0.043, 0.126
226.360, 0.500, -0.100, 0.341, -0.041, 0.117
226.380, 0.500, -0.100, 0.342, -0.039, 0.109
226.400, 0.500, -0.100, 0.347, -0.038, 0.102
226.420, 0.500, -0.100, 0.355, -0.038, 0.100
226.440, 0.500, -0.100, 0.363, -0.038, 0.100
226.460, 0.500, -0.100, 0.372, -0.038, 0.103
226.480, 0.500, -0.100, 0.381, -0.038, 0.106
226.500, 0.500, -0.100, 0.389, -0.037, 0.110
226.520, 0.500, -0.100, 0.398, -0.036, 0.113
226.540, 0.500, -0.100, 0.406, -0.035, 0.116
226.560, 0.500, -0.100, 0.415, -0.033, 0.117
226.580, 0.500, -0.100, 0.423, -0.030, 0.118
226.600, 0.500, -0.100, 0.431, -0.027, 0.118
226.620, 0.500, -0.100, 0.440, -0.023, 0.118
226.640, 0.500, -0.100, 0.447, -0.020, 0.117
226.660, 0.500, -0.100, 0.454, -0.017, 0.117
226.680, 0.500, -0.100, 0.460, -0.014, 0.116
226.700, 0.500, -0.100, 0.464, -0.012, 0.116
226.720, 0.500, -0.100, 0.467, -0.010, 0.115
226.740, 0.500, -0.100, 0.469, -0.009, 0.113
226.760, 0.500, -0.100, 0.471, -0.009, 0.111
226.780, 0.500, -0.100, 0.473, -0.009, 0.109
226.800, 0.500, -0.100, 0.475, -0.011, 0.106
226.820, 0.500, -0.100, 0.477, -0.013, 0.103
226.840, 0.500, -0.100, 0.480, -0.015, 0.104
226.860, 0.500, -0.100, 0.483, -0.018, 0.108
226.880, 0.500, -0.100, 0.484, -0.021, 0.113
226.900, 0.500, -0.100, 0.484, -0.025, 0.118
226.920, 0.500, -0.100, 0.482, -0.028, 0.124
226.940, 0.500, -0.100, 0.479, -0.032, 0.129
226.960, 0.500, -0.100, 0.474, -0.036, 0.131
226.980, 0.500, -0.100, 0.469, -0.040, 0.127
227.000, 0.500, -0.100, 0.465, -0.043, 0.120
227.020, 0.500, -0.100, 0.464, -0.047, 0.114
227.040, 0.500, -0.100, 0.465, -0.050, 0.108
227.060, 0.500, -0.100, 0.467, -0.054, 0.106
227.080, 0.500, -0.100, 0.471, -0.057, 0.105
227.100, 0.500, -0.100, 0.477, -0.059, 0.107
227.120, 0.500, -0.100, 0.483, -0.062, 0.111
227.140, 0.500, -0.100, 0.490, -0.065, 0.115
227.160, 0.500, -0.100, 0.497, -0.067, 0.120
227.180, 0.500, -0.100, 0.506, -0.070, 0.124
227.200, 0.500, -0.100, 0.514, -0.072, 0.128
227.220, 0.500, -0.100, 0.523, -0.074, 0.131
227.240, 0.500, -0.100, 0.532, -0.077, 0.133
227.260, 0.500, -0.100, 0.541, -0.079, 0.135
227.280, 0.500, -0.100, 0.549, -0.081, 0.137
227.300, 0.500, -0.100, 0.557, -0.084, 0.138
227.320, 0.500, -0.100, 0.564, -0.086, 0.138
227.340, 0.500, -0.100, 0.570, -0.088, 0.139
227.360, 0.500, -0.100, 0.576, -0.090, 0.138
227.380, 0.500, -0.100, 0.580, -0.092, 0.137
227.400, 0.500, -0.100, 0.584, -0.093, 0.136
227.420, 0.500, -0.100, 0.587, -0.094, 0.133
227.440, 0.500, -0.100, 0.589, -0.094, 0.130
227.460, 0.500, -0.100, 0.591, -0.094, 0.127
227.480, 0.500, -0.100, 0.593, -0.093, 0.123
227.500, 0.500, -0.100, 0.595, -0.092, 0.119
227.520, 0.500, -0.100, 0.597, -0.091, 0.117
227.540, 0.500, -0.100, 0.599, -0.090, 0.119
227.560, 0.500, -0.100, 0.600, -0.089, 0.124
227.580, 0.500, -0.100, 0.600, -0.088, 0.130
227.600, 0.500, -0.100, 0.599, -0.085, 0.135
227.620, 0.500, -0.100, 0.595, -0.082, 0.135
227.640, 0.500, -0.100, 0.592, -0.078, 0.130
227.660, 0.500, -0.100, 0.589, -0.076, 0.121
227.680, 0.500, -0.100, 0.590, -0.074, 0.112
227.700, 0.500, -0.100, 0.593, -0.073, 0.106
227.720, 0.500, -0.100, 0.599, -0.074, 0.103
227.740, 0.500, -0.100, 0.607, -0.075, 0.102
227.760, 0.500, -0.100, 0.615, -0.076, 0.104
227.780, 0.500, -0.100, 0.624, -0.077, 0.108
227.800, 0.500, -0.100, 0.633, -0.078, 0.111
227.820, 0.500, -0.100, 0.642, -0.079, 0.115
227.840, 0.500, -0.100, 0.650, -0.079, 0.118
227.860, 0.500, -0.100, 0.659, -0.079, 0.120
227.880, 0.500, -0.100, 0.668, -0.079, 0.122
227.900, 0.500, -0.100, 0.677, -0.078, 0.122
227.920, 0.500, -0.100, 0.685, -0.078, 0.122
227.940, 0.500, -0.100, 0.693, -0.077, 0.122
227.960, 0.500, -0.100, 0.701, -0.076, 0.122
227.980, 0.500, -0.100, 0.708, -0.075, 0.121
228.000, 0.500, -0.100, 0.714, -0.074, 0.121
228.020, 0.500, -0.100, 0.718, -0.074, 0.120
228.040, 0.500, -0.100, 0.722, -0.075, 0.118
228.060, 0.500, -0.100, 0.724, -0.076, 0.117
228.080, 0.500, -0.100, 0.727, -0.077, 0.114
228.100, 0.500, -0.100, 0.729, -0.079, 0.111
228.120, 0.500, -0.100, 0.731, -0.083, 0.108
228.140, 0.500, -0.100, 0.734, -0.086, 0.106
228.160, 0.500, -0.100, 0.737, -0.090, 0.108
228.180, 0.500, -0.100, 0.739, -0.093, 0.112
228.200, 0.500, -0.100, 0.739, -0.096, 0.117
228.220, 0.500, -0.100, 0.738, -0.099, 0.122
228.240, 0.500, -0.100, 0.735, -0.101, 0.128
228.260, 0.500, -0.100, 0.731, -0.104, 0.132
228.280, 0.500, -0.100, 0.725, -0.106, 0.131
228.300, 0.500, -0.100, 0.719, -0.107, 0.126
228.320, 0.500, -0.100, 0.715, -0.109, 0.119
228.340, 0.500, -0.100, 0.714, -0.112, 0.112
228.360, 0.500, -0.100, 0.715, -0.115, 0.108
228.380, 0.500, -0.100, 0.718, -0.118, 0.106
228.400, 0.500, -0.100, 0.723, -0.122, 0.107
228.420, 0.500, -0.100, 0.730, -0.126, 0.110
228.440, 0.500, -0.100, 0.737, -0.130, 0.114
228.460, 0.500, -0.100, 0.745, -0.134, 0.118
228.480, 0.500, -0.100, 0.754, -0.138, 0.123
228.500, 0.500, -0.100, 0.763, -0.142, 0.127
228.520, 0.500, -0.100, 0.772, -0.147, 0.130
228.540, 0.500, -0.100, 0.780, -0.151, 0.133
228.560, 0.500, -0.100, 0.789, -0.155, 0.135
228.580, 0.500, -0.100, 0.798, -0.159, 0.136
228.600, 0.500, -0.100, 0.805, -0.163, 0.137
228.620, 0.500, -0.100, 0.813, -0.166, 0.137
228.640, 0.500, -0.100, 0.819, -0.170, 0.138
228.660, 0.500, -0.100, 0.825, -0.173, 0.137
228.680, 0.500, -0.100, 0.830, -0.176, 0.136
228.700, 0.500, -0.100, 0.834, -0.178, 0.135
228.720, 0.500, -0.100, 0.838, -0.180, 0.132
230.760, 0.500, -0.000, 0.000, 0.000, 0.175
230.780, 0.500, -0.000, 0.000, -0.000, 0.163
230.800, 0.500, -0.000, -0.000, -0.001, 0.150
230.820, 0.500, -0.000, -0.000, -0.002, 0.136
230.840, 0.500, -0.000, 0.001, -0.002, 0.126
230.860, 0.500, -0.000, 0.005, -0.003, 0.119
230.880, 0.500, -0.000, 0.011, -0.004, 0.114
230.900, 0.500, -0.000, 0.018, -0.005, 0.113
230.920, 0.500, -0.000, 0.024, -0.006, 0.114
230.940, 0.500, -0.000, 0.030, -0.007, 0.116
230.960, 0.500, -0.000, 0.036, -0.007, 0.120
230.980, 0.500, -0.000, 0.040, -0.007, 0.126
231.000, 0.500, -0.000, 0.043, -0.006, 0.130
231.020, 0.500, -0.000, 0.043, -0.004, 0.129
231.040, 0.500, -0.000, 0.040, -0.002, 0.124
231.060, 0.500, -0.000, 0.037, 0.000, 0.116
231.080, 0.500, -0.000, 0.035, 0.003, 0.108
231.100, 0.500, -0.000, 0.036, 0.007, 0.101
231.120, 0.500, -0.000, 0.041, 0.012, 0.095
231.140, 0.500, -0.000, 0.050, 0.018, 0.090
231.160, 0.500, -0.000, 0.062, 0.025, 0.087
231.180, 0.500, -0.000, 0.075, 0.033, 0.088
231.200, 0.500, -0.000, 0.088, 0.040, 0.089
231.220, 0.500, -0.000, 0.100, 0.047, 0.091
231.240, 0.500, -0.000, 0.111, 0.053, 0.093
231.260, 0.500, -0.000, 0.122, 0.058, 0.094
231.280, 0.500, -0.000, 0.131, 0.063, 0.094
231.300, 0.500, -0.000, 0.140, 0.067, 0.093
231.320, 0.500, -0.000, 0.149, 0.070, 0.092
231.340, 0.500, -0.000, 0.158, 0.073, 0.091
231.360, 0.500, -0.000, 0.167, 0.074, 0.089
231.380, 0.500, -0.000, 0.175, 0.074, 0.087
231.400, 0.500, -0.000, 0.185, 0.072, 0.086
231.420, 0.500, -0.000, 0.192, 0.070, 0.087
231.440, 0.500, -0.000, 0.198, 0.066, 0.089
231.460, 0.500, -0.000, 0.201, 0.061, 0.093
231.480, 0.500, -0.000, 0.201, 0.055, 0.096
231.500, 0.500, -0.000, 0.200, 0.049, 0.099
231.520, 0.500, -0.000, 0.198, 0.043, 0.101
231.540, 0.500, -0.000, 0.195, 0.038, 0.103
231.560, 0.500, -0.000, 0.191, 0.033, 0.106
231.580, 0.500, -0.000, 0.188, 0.030, 0.109
231.600, 0.500, -0.000, 0.185, 0.027, 0.112
231.620, 0.500, -0.000, 0.182, 0.026, 0.116
231.640, 0.500, -0.000, 0.179, 0.025, 0.122
231.660, 0.500, -0.000, 0.174, 0.025, 0.125
231.680, 0.500, -0.000, 0.169, 0.025, 0.124
231.700, 0.500, -0.000, 0.163, 0.025, 0.119
231.720, 0.500, -0.000, 0.159, 0.025, 0.112
231.740, 0.500, -0.000, 0.157, 0.026, 0.105
231.760, 0.500, -0.000, 0.156, 0.027, 0.100
231.780, 0.500, -0.000, 0.157, 0.028, 0.097
231.800, 0.500, -0.000, 0.160, 0.029, 0.096
231.820, 0.500, -0.000, 0.165, 0.030, 0.099
231.840, 0.500, -0.000, 0.173, 0.030, 0.104
231.860, 0.500, -0.000, 0.183, 0.028, 0.110
231.880, 0.500, -0.000, 0.195, 0.026, 0.117
231.900, 0.500, -0.000, 0.208, 0.024, 0.124
231.920, 0.500, -0.000, 0.221, 0.021, 0.129
231.940, 0.500, -0.000, 0.235, 0.018, 0.135
231.960, 0.500, -0.000, 0.248, 0.014, 0.139
231.980, 0.500, -0.000, 0.261, 0.011, 0.142
232.000, 0.500, -0.000, 0.272, 0.007, 0.145
232.020, 0.500, -0.000, 0.283, 0.003, 0.147
232.040, 0.500, -0.000, 0.292, -0.001, 0.149
232.060, 0.500, -0.000, 0.301, -0.005, 0.150
232.080, 0.500, -0.000, 0.307, -0.009, 0.149
232.100, 0.500, -0.000, 0.313, -0.012, 0.148
232.120, 0.500, -0.000, 0.316, -0.015, 0.146
232.140, 0.500, -0.000, 0.319, -0.018, 0.143
232.160, 0.500, -0.000, 0.321, -0.020, 0.139
232.180, 0.500, -0.000, 0.323, -0.021, 0.134
232.200, 0.500, -0.000, 0.324, -0.022, 0.130
232.220, 0.500, -0.000, 0.326, -0.022, 0.125
232.240, 0.500, -0.000, 0.327, -0.022, 0.120
232.260, 0.500, -0.000, 0.328, -0.021, 0.118
232.280, 0.500, -0.000, 0.328, -0.020, 0.122
232.300, 0.500, -0.000, 0.328, -0.019, 0.129
232.320, 0.500, -0.000, 0.325, -0.016, 0.133
232.340, 0.500, -0.000, 0.321, -0.012, 0.132
232.360, 0.500, -0.000, 0.317, -0.007, 0.125
232.380, 0.500, -0.000, 0.316, -0.002, 0.116
232.400, 0.500, -0.000, 0.317, 0.002, 0.107
232.420, 0.500, -0.000, 0.323, 0.005, 0.099
232.440, 0.500, -0.000, 0.332, 0.007, 0.095
232.460, 0.500, -0.000, 0.341, 0.010, 0.094
232.480, 0.500, -0.000, 0.351, 0.012, 0.095
232.500, 0.500, -0.000, 0.359, 0.014, 0.098
232.520, 0.500, -0.000, 0.367, 0.017, 0.101
232.540, 0.500, -0.000, 0.374, 0.021, 0.103
232.560, 0.500, -0.000, 0.381, 0.024, 0.105
232.580, 0.500, -0.000, 0.388, 0.029, 0.106
232.600, 0.500, -0.000, 0.394, 0.033, 0.106
232.620, 0.500, -0.000, 0.401, 0.038, 0.105
232.640, 0.500, -0.000, 0.407, 0.043, 0.104
232.660, 0.500, -0.000, 0.412, 0.047, 0.104
232.680, 0.500, -0.000, 0.416, 0.051, 0.103
232.700, 0.500, -0.000, 0.419, 0.054, 0.103
232.720, 0.500, -0.000, 0.421, 0.056, 0.102
232.740, 0.500, -0.000, 0.423, 0.058, 0.102
232.760, 0.500, -0.000, 0.425, 0.058, 0.101
232.780, 0.500, -0.000, 0.427, 0.058, 0.100
232.800, 0.500, -0.000, 0.430, 0.056, 0.099
232.820, 0.500, -0.000, 0.432, 0.054, 0.098
232.840, 0.500, -0.000, 0.435, 0.051, 0.097
232.860, 0.500, -0.000, 0.438, 0.047, 0.099
232.880, 0.500, -0.000, 0.440, 0.043, 0.104
232.900, 0.500, -0.000, 0.440, 0.039, 0.109
232.920, 0.500, -0.000, 0.439, 0.035, 0.114
232.940, 0.500, -0.000, 0.437, 0.030, 0.120
232.960, 0.500, -0.000, 0.435, 0.025, 0.125
232.980, 0.500, -0.000, 0.431, 0.020, 0.126
233.000, 0.500, -0.000, 0.428, 0.014, 0.123
233.020, 0.500, -0.000, 0.425, 0.010, 0.116
233.040, 0.500, -0.000, 0.426, 0.006, 0.109
233.060, 0.500, -0.000, 0.428, 0.003, 0.104
233.080, 0.500, -0.000, 0.431, 0.002, 0.101
233.100, 0.500, -0.000, 0.435, 0.001, 0.101
233.120, 0.500, -0.000, 0.439, 0.000, 0.103
233.140, 0.500, -0.000, 0.444, 0.000, 0.106
233.160, 0.500, -0.000, 0.451, 0.000, 0.111
233.180, 0.500, -0.000, 0.458, -0.000, 0.116
233.200, 0.500, -0.000, 0.465, -0.001, 0.120
233.220, 0.500, -0.000, 0.474, -0.002, 0.125
233.240, 0.500, -0.000, 0.482, -0.002, 0.128
233.260, 0.500, -0.000, 0.491, -0.004, 0.131
233.280, 0.500, -0.000, 0.500, -0.005, 0.134
233.300, 0.500, -0.000, 0.508, -0.007, 0.136
233.320, 0.500, -0.000, 0.516, -0.009, 0.137
233.340, 0.500, -0.000, 0.523, -0.011, 0.138
233.360, 0.500, -0.000, 0.529, -0.013, 0.139
233.380, 0.500, -0.000, 0.534, -0.014, 0.139
233.400, 0.500, -0.000, 0.538, -0.016, 0.139
233.420, 0.500, -0.000, 0.541, -0.017, 0.137
233.440, 0.500, -0.000, 0.544, -0.018, 0.135
233.460, 0.500, -0.000, 0.545, -0.018, 0.132
233.480, 0.500, -0.000, 0.546, -0.018, 0.128
233.500, 0.500, -0.000, 0.548, -0.018, 0.125
233.520, 0.500, -0.000, 0.549, -0.017, 0.121
233.540, 0.500, -0.000, 0.549, -0.016, 0.116
233.560, 0.500, -0.000, 0.551, -0.015, 0.116
233.580, 0.500, -0.000, 0.552, -0.014, 0.121
233.600, 0.500, -0.000, 0.553, -0.012, 0.127
233.620, 0.500, -0.000, 0.552, -0.010, 0.132
233.640, 0.500, -0.000, 0.550, -0.006, 0.133
233.660, 0.500, -0.000, 0.547, -0.002, 0.128
233.680, 0.500, -0.000, 0.545, 0.002, 0.119
233.700, 0.500, -0.000, 0.546, 0.006, 0.110
233.720, 0.500, -0.000, 0.549, 0.008, 0.103
233.740, 0.500, -0.000, 0.556, 0.010, 0.098
233.760, 0.500, -0.000, 0.564, 0.012, 0.097
233.780, 0.500, -0.000, 0.573, 0.014, 0.097
233.800, 0.500, -0.000, 0.582, 0.016, 0.099
233.820, 0.500, -0.000, 0.591, 0.018, 0.102
233.840, 0.500, -0.000, 0.599, 0.021, 0.105
233.860, 0.500, -0.000, 0.608, 0.023, 0.107
233.880, 0.500, -0.000, 0.616, 0.026, 0.109
233.900, 0.500, -0.000, 0.624, 0.030, 0.109
233.920, 0.500, -0.000, 0.632, 0.033, 0.109
233.940, 0.500, -0.000, 0.640, 0.036, 0.109
233.960, 0.500, -0.000, 0.647, 0.039, 0.108
233.980, 0.500, -0.000, 0.653, 0.041, 0.108
234.000, 0.500, -0.000, 0.658, 0.043, 0.107
234.020, 0.500, -0.000, 0.662, 0.045, 0.107
234.040, 0.500, -0.000, 0.666, 0.045, 0.106
234.060, 0.500, -0.000, 0.668, 0.045, 0.106
234.080, 0.500, -0.000, 0.670, 0.044, 0.105
234.100, 0.500, -0.000, 0.673, 0.042, 0.104
234.120, 0.500, -0.000, 0.675, 0.040, 0.102
234.140, 0.500, -0.000, 0.677, 0.036, 0.101
234.160, 0.500, -0.000, 0.680, 0.032, 0.102
234.180, 0.500, -0.000, 0.682, 0.029, 0.106
234.200, 0.500, -0.000, 0.683, 0.024, 0.111
234.220, 0.500, -0.000, 0.682, 0.020, 0.115
234.240, 0.500, -0.000, 0.680, 0.016, 0.120
234.260, 0.500, -0.000, 0.677, 0.012, 0.126
234.280, 0.500, -0.000, 0.673, 0.008, 0.130
234.300, 0.500, -0.000, 0.669, 0.004, 0.128
234.320, 0.500, -0.000, 0.665, -0.000, 0.123
234.340, 0.500, -0.000, 0.663, -0.004, 0.116
234.360, 0.500, -0.000, 0.664, -0.006, 0.109
234.380, 0.500, -0.000, 0.666, -0.008, 0.105
234.400, 0.500, -0.000, 0.670, -0.009, 0.104
234.420, 0.500, -0.000, 0.673, -0.010, 0.105
234.440, 0.500, -0.000, 0.678, -0.010, 0.108
234.460, 0.500, -0.000, 0.684, -0.010, 0.112
234.480, 0.500, -0.000, 0.692, -0.011, 0.117
234.500, 0.500, -0.000, 0.700, -0.012, 0.123
234.520, 0.500, -0.000, 0.709, -0.013, 0.127
234.540, 0.500, -0.000, 0.718, -0.014, 0.132
234.560, 0.500, -0.000, 0.728, -0.016, 0.135
234.580, 0.500, -0.000, 0.737, -0.018, 0.138
234.600, 0.500, -0.000, 0.746, -0.020, 0.141
234.620, 0.500, -0.000, 0.754, -0.022, 0.142
234.640, 0.500, -0.000, 0.762, -0.024, 0.144
234.660, 0.500, -0.000, 0.769, -0.027, 0.144
234.680, 0.500, -0.000, 0.774, -0.029, 0.145
234.700, 0.500, -0.000, 0.779, -0.031, 0.144
234.720, 0.500, -0.000, 0.783, -0.033, 0.143
234.740, 0.500, -0.000, 0.786, -0.035, 0.141
236.780, 0.500, 0.100, 0.000, 0.000, 0.175
236.800, 0.500, 0.100, 0.000, -0.000, 0.163
236.820, 0.500, 0.100, 0.000, -0.001, 0.150
236.840, 0.500, 0.100, 0.000, -0.001, 0.136
236.860, 0.500, 0.100, 0.002, -0.002, 0.125
236.880, 0.500, 0.100, 0.006, -0.002, 0.118
236.900, 0.500, 0.100, 0.013, -0.002, 0.114
236.920, 0.500, 0.100, 0.019, -0.003, 0.113
236.940, 0.500, 0.100, 0.026, -0.002, 0.114
236.960, 0.500, 0.100, 0.032, -0.002, 0.116
236.980, 0.500, 0.100, 0.038, -0.001, 0.119
237.000, 0.500, 0.100, 0.043, 0.000, 0.125
237.020, 0.500, 0.100, 0.046, 0.001, 0.129
237.040, 0.500, 0.100, 0.046, 0.003, 0.128
237.060, 0.500, 0.100, 0.044, 0.005, 0.123
237.080, 0.500, 0.100, 0.041, 0.008, 0.116
237.100, 0.500, 0.100, 0.039, 0.012, 0.108
237.120, 0.500, 0.100, 0.039, 0.017, 0.101
237.140, 0.500, 0.100, 0.044, 0.024, 0.095
237.160, 0.500, 0.100, 0.052, 0.032, 0.090
237.180, 0.500, 0.100, 0.064, 0.041, 0.087
237.200, 0.500, 0.100, 0.080, 0.052, 0.085
237.220, 0.500, 0.100, 0.095, 0.062, 0.084
237.240, 0.500, 0.100, 0.109, 0.072, 0.085
237.260, 0.500, 0.100, 0.122, 0.081, 0.086
237.280, 0.500, 0.100, 0.133, 0.089, 0.086
237.300, 0.500, 0.100, 0.142, 0.096, 0.085
237.320, 0.500, 0.100, 0.150, 0.101, 0.083
237.340, 0.500, 0.100, 0.157, 0.104, 0.081
237.360, 0.500, 0.100, 0.164, 0.107, 0.079
237.380, 0.500, 0.100, 0.171, 0.107, 0.077
237.400, 0.500, 0.100, 0.176, 0.107, 0.078
237.420, 0.500, 0.100, 0.179, 0.104, 0.081
237.440, 0.500, 0.100, 0.179, 0.100, 0.086
237.460, 0.500, 0.100, 0.178, 0.094, 0.090
237.480, 0.500, 0.100, 0.176, 0.088, 0.095
237.500, 0.500, 0.100, 0.172, 0.082, 0.099
237.520, 0.500, 0.100, 0.169, 0.075, 0.102
237.540, 0.500, 0.100, 0.165, 0.070, 0.104
237.560, 0.500, 0.100, 0.161, 0.064, 0.107
237.580, 0.500, 0.100, 0.157, 0.060, 0.109
237.600, 0.500, 0.100, 0.154, 0.057, 0.112
237.620, 0.500, 0.100, 0.152, 0.055, 0.115
237.640, 0.500, 0.100, 0.151, 0.054, 0.118
237.660, 0.500, 0.100, 0.149, 0.054, 0.124
237.680, 0.500, 0.100, 0.148, 0.053, 0.127
237.700, 0.500, 0.100, 0.145, 0.053, 0.125
237.720, 0.500, 0.100, 0.142, 0.052, 0.119
237.740, 0.500, 0.100, 0.140, 0.052, 0.112
237.760, 0.500, 0.100, 0.140, 0.052, 0.105
237.780, 0.500, 0.100, 0.141, 0.053, 0.100
237.800, 0.500, 0.100, 0.143, 0.055, 0.098
237.820, 0.500, 0.100, 0.146, 0.056, 0.099
237.840, 0.500, 0.100, 0.151, 0.058, 0.102
237.860, 0.500, 0.100, 0.158, 0.058, 0.107
237.880, 0.500, 0.100, 0.167, 0.058, 0.114
237.900, 0.500, 0.100, 0.178, 0.057, 0.121
237.920, 0.500, 0.100, 0.190, 0.055, 0.127
237.940, 0.500, 0.100, 0.203, 0.053, 0.133
237.960, 0.500, 0.100, 0.215, 0.050, 0.137
237.980, 0.500, 0.100, 0.227, 0.047, 0.141
238.000, 0.500, 0.100, 0.238, 0.043, 0.144
238.020, 0.500, 0.100, 0.249, 0.040, 0.147
238.040, 0.500, 0.100, 0.258, 0.035, 0.149
238.060, 0.500, 0.100, 0.266, 0.031, 0.150
238.080, 0.500, 0.100, 0.273, 0.027, 0.151
238.100, 0.500, 0.100, 0.278, 0.023, 0.150
238.120, 0.500, 0.100, 0.282, 0.020, 0.149
238.140, 0.500, 0.100, 0.284, 0.017, 0.146
238.160, 0.500, 0.100, 0.285, 0.015, 0.143
238.180, 0.500, 0.100, 0.286, 0.014, 0.139
238.200, 0.500, 0.100, 0.288, 0.012, 0.134
238.220, 0.500, 0.100, 0.289, 0.012, 0.130
238.240, 0.500, 0.100, 0.291, 0.012, 0.125
238.260, 0.500, 0.100, 0.293, 0.012, 0.121
238.280, 0.500, 0.100, 0.293, 0.014, 0.118
238.300, 0.500, 0.100, 0.293, 0.015, 0.121
238.320, 0.500, 0.100, 0.293, 0.017, 0.128
238.340, 0.500, 0.100, 0.291, 0.020, 0.132
238.360, 0.500, 0.100, 0.288, 0.025, 0.131
238.380, 0.500, 0.100, 0.284, 0.031, 0.125
238.400, 0.500, 0.100, 0.283, 0.037, 0.115
238.420, 0.500, 0.100, 0.285, 0.042, 0.106
238.440, 0.500, 0.100, 0.291, 0.047, 0.097
238.460, 0.500, 0.100, 0.300, 0.052, 0.092
238.480, 0.500, 0.100, 0.310, 0.057, 0.089
238.500, 0.500, 0.100, 0.320, 0.063, 0.089
238.520, 0.500, 0.100, 0.329, 0.068, 0.091
238.540, 0.500, 0.100, 0.337, 0.074, 0.093
238.560, 0.500, 0.100, 0.343, 0.081, 0.095
238.580, 0.500, 0.100, 0.349, 0.087, 0.096
238.600, 0.500, 0.100, 0.354, 0.093, 0.097
238.620, 0.500, 0.100, 0.358, 0.099, 0.097
238.640, 0.500, 0.100, 0.363, 0.105, 0.096
238.660, 0.500, 0.100, 0.367, 0.110, 0.095
238.680, 0.500, 0.100, 0.371, 0.114, 0.095
238.700, 0.500, 0.100, 0.374, 0.117, 0.094
238.720, 0.500, 0.100, 0.378, 0.119, 0.093
238.740, 0.500, 0.100, 0.382, 0.121, 0.093
238.760, 0.500, 0.100, 0.386, 0.121, 0.093
238.780, 0.500, 0.100, 0.390, 0.120, 0.094
238.800, 0.500, 0.100, 0.394, 0.118, 0.094
238.820, 0.500, 0.100, 0.399, 0.115, 0.094
238.840, 0.500, 0.100, 0.402, 0.111, 0.093
238.860, 0.500, 0.100, 0.406, 0.106, 0.095
238.880, 0.500, 0.100, 0.408, 0.102, 0.100
238.900, 0.500, 0.100, 0.408, 0.097, 0.104
238.920, 0.500, 0.100, 0.407, 0.091, 0.109
238.940, 0.500, 0.100, 0.405, 0.086, 0.114
238.960, 0.500, 0.100, 0.403, 0.082, 0.119
238.980, 0.500, 0.100, 0.401, 0.077, 0.124
239.000, 0.500, 0.100, 0.397, 0.072, 0.125
239.020, 0.500, 0.100, 0.394, 0.067, 0.122
239.040, 0.500, 0.100, 0.392, 0.063, 0.115
239.060, 0.500, 0.100, 0.393, 0.061, 0.108
239.080, 0.500, 0.100, 0.396, 0.061, 0.103
239.100, 0.500, 0.100, 0.400, 0.062, 0.100
239.120, 0.500, 0.100, 0.404, 0.065, 0.100
239.140, 0.500, 0.100, 0.408, 0.068, 0.103
239.160, 0.500, 0.100, 0.413, 0.072, 0.107
239.180, 0.500, 0.100, 0.418, 0.075, 0.112
239.200, 0.500, 0.100, 0.424, 0.079, 0.118
239.220, 0.500, 0.100, 0.430, 0.082, 0.123
239.240, 0.500, 0.100, 0.437, 0.085, 0.128
239.260, 0.500, 0.100, 0.445, 0.087, 0.133
239.280, 0.500, 0.100, 0.454, 0.090, 0.136
239.300, 0.500, 0.100, 0.462, 0.092, 0.139
239.320, 0.500, 0.100, 0.469, 0.093, 0.142
239.340, 0.500, 0.100, 0.477, 0.095, 0.143
239.360, 0.500, 0.100, 0.484, 0.096, 0.145
239.380, 0.500, 0.100, 0.490, 0.097, 0.145
239.400, 0.500, 0.100, 0.495, 0.097, 0.145
239.420, 0.500, 0.100, 0.499, 0.098, 0.145
239.440, 0.500, 0.100, 0.503, 0.098, 0.143
239.460, 0.500, 0.100, 0.506, 0.098, 0.141
239.480, 0.500, 0.100, 0.508, 0.098, 0.138
239.500, 0.500, 0.100, 0.511, 0.099, 0.134
239.520, 0.500, 0.100, 0.513, 0.099, 0.131
239.540, 0.500, 0.100, 0.516, 0.100, 0.127
239.560, 0.500, 0.100, 0.519, 0.101, 0.123
239.580, 0.500, 0.100, 0.522, 0.103, 0.121
239.600, 0.500, 0.100, 0.526, 0.104, 0.123
239.620, 0.500, 0.100, 0.530, 0.105, 0.129
239.640, 0.500, 0.100, 0.532, 0.107, 0.134
239.660, 0.500, 0.100, 0.532, 0.109, 0.135
239.680, 0.500, 0.100, 0.531, 0.111, 0.130
239.700, 0.500, 0.100, 0.529, 0.114, 0.122
239.720, 0.500, 0.100, 0.529, 0.117, 0.114
239.740, 0.500, 0.100, 0.532, 0.121, 0.107
239.760, 0.500, 0.100, 0.539, 0.126, 0.101
239.780, 0.500, 0.100, 0.550, 0.132, 0.097
239.800, 0.500, 0.100, 0.564, 0.139, 0.096
239.820, 0.500, 0.100, 0.578, 0.147, 0.097
239.840, 0.500, 0.100, 0.591, 0.155, 0.099
239.860, 0.500, 0.100, 0.603, 0.162, 0.100
239.880, 0.500, 0.100, 0.613, 0.170, 0.101
239.900, 0.500, 0.100, 0.622, 0.177, 0.101
239.920, 0.500, 0.100, 0.630, 0.184, 0.100
239.940, 0.500, 0.100, 0.637, 0.190, 0.098
239.960, 0.500, 0.100, 0.644, 0.194, 0.095
239.980, 0.500, 0.100, 0.649, 0.198, 0.093
240.000, 0.500, 0.100, 0.654, 0.200, 0.091
240.020, 0.500, 0.100, 0.657, 0.201, 0.089
240.040, 0.500, 0.100, 0.661, 0.201, 0.088
240.060, 0.500, 0.100, 0.663, 0.199, 0.088
240.080, 0.500, 0.100, 0.666, 0.196, 0.087
240.100, 0.500, 0.100, 0.670, 0.192, 0.089
240.120, 0.500, 0.100, 0.672, 0.187, 0.092
240.140, 0.500, 0.100, 0.673, 0.182, 0.097
240.160, 0.500, 0.100, 0.674, 0.176, 0.101
240.180, 0.500, 0.100, 0.673, 0.170, 0.105
240.200, 0.500, 0.100, 0.671, 0.165, 0.108
240.220, 0.500, 0.100, 0.670, 0.161, 0.111
240.240, 0.500, 0.100, 0.668, 0.157, 0.114
240.260, 0.500, 0.100, 0.666, 0.153, 0.118
240.280, 0.500, 0.100, 0.665, 0.150, 0.123
240.300, 0.500, 0.100, 0.662, 0.148, 0.126
240.320, 0.500, 0.100, 0.659, 0.145, 0.125
240.340, 0.500, 0.100, 0.656, 0.143, 0.118
240.360, 0.500, 0.100, 0.654, 0.142, 0.111
240.380, 0.500, 0.100, 0.654, 0.142, 0.103
240.400, 0.500, 0.100, 0.655, 0.143, 0.098
240.420, 0.500, 0.100, 0.657, 0.146, 0.095
240.440, 0.500, 0.100, 0.660, 0.148, 0.096
240.460, 0.500, 0.100, 0.664, 0.150, 0.099
240.480, 0.500, 0.100, 0.671, 0.152, 0.104
240.500, 0.500, 0.100, 0.679, 0.152, 0.110
240.520, 0.500, 0.100, 0.689, 0.151, 0.117
240.540, 0.500, 0.100, 0.700, 0.150, 0.124
240.560, 0.500, 0.100, 0.712, 0.147, 0.130
240.580, 0.500, 0.100, 0.724, 0.144, 0.135
240.600, 0.500, 0.100, 0.736, 0.141, 0.139
240.620, 0.500, 0.100, 0.747, 0.138, 0.143
240.640, 0.500, 0.100, 0.758, 0.134, 0.146
240.660, 0.500, 0.100, 0.767, 0.130, 0.148
240.680, 0.500, 0.100, 0.775, 0.126, 0.150
240.700, 0.500, 0.100, 0.782, 0.123, 0.151
240.720, 0.500, 0.100, 0.787, 0.119, 0.150
240.740, 0.500, 0.100, 0.791, 0.116, 0.149
240.760, 0.500, 0.100, 0.793, 0.114, 0.147
242.800, 0.500, 0.200, 0.000, 0.000, 0.175
242.820, 0.500, 0.200, 0.000, -0.001, 0.163
242.840, 0.500, 0.200, 0.000, -0.001, 0.149
242.860, 0.500, 0.200, 0.001, -0.001, 0.135
242.880, 0.500, 0.200, 0.003, -0.001, 0.125
242.900, 0.500, 0.200, 0.008, -0.001, 0.118
242.920, 0.500, 0.200, 0.014, -0.001, 0.113
242.940, 0.500, 0.200, 0.021, 0.000, 0.113
242.960, 0.500, 0.200, 0.028, 0.001, 0.114
242.980, 0.500, 0.200, 0.035, 0.003, 0.115
243.000, 0.500, 0.200, 0.041, 0.005, 0.118
243.020, 0.500, 0.200, 0.046, 0.006, 0.123
243.040, 0.500, 0.200, 0.050, 0.008, 0.127
243.060, 0.500, 0.200, 0.051, 0.011, 0.127
243.080, 0.500, 0.200, 0.048, 0.013, 0.122
243.100, 0.500, 0.200, 0.045, 0.016, 0.116
243.120, 0.500, 0.200, 0.042, 0.020, 0.108
243.140, 0.500, 0.200, 0.042, 0.026, 0.101
243.160, 0.500, 0.200, 0.047, 0.035, 0.095
243.180, 0.500, 0.200, 0.055, 0.045, 0.090
243.200, 0.500, 0.200, 0.067, 0.057, 0.086
243.220, 0.500, 0.200, 0.081, 0.070, 0.084
243.240, 0.500, 0.200, 0.097, 0.084, 0.081
243.260, 0.500, 0.200, 0.114, 0.097, 0.079
243.280, 0.500, 0.200, 0.130, 0.110, 0.077
243.300, 0.500, 0.200, 0.143, 0.120, 0.075
243.320, 0.500, 0.200, 0.154, 0.129, 0.072
243.340, 0.500, 0.200, 0.163, 0.135, 0.069
243.360, 0.500, 0.200, 0.170, 0.139, 0.065
243.380, 0.500, 0.200, 0.176, 0.140, 0.062
243.400, 0.500, 0.200, 0.179, 0.139, 0.062
243.420, 0.500, 0.200, 0.178, 0.136, 0.065
243.440, 0.500, 0.200, 0.176, 0.131, 0.070
243.460, 0.500, 0.200, 0.172, 0.125, 0.076
243.480, 0.500, 0.200, 0.167, 0.119, 0.082
243.500, 0.500, 0.200, 0.162, 0.112, 0.087
243.520, 0.500, 0.200, 0.157, 0.106, 0.092
243.540, 0.500, 0.200, 0.153, 0.100, 0.097
243.560, 0.500, 0.200, 0.150, 0.095, 0.101
243.580, 0.500, 0.200, 0.147, 0.090, 0.105
243.600, 0.500, 0.200, 0.144, 0.086, 0.109
243.620, 0.500, 0.200, 0.142, 0.083, 0.113
243.640, 0.500, 0.200, 0.139, 0.080, 0.116
243.660, 0.500, 0.200, 0.138, 0.078, 0.120
243.680, 0.500, 0.200, 0.136, 0.077, 0.125
243.700, 0.500, 0.200, 0.135, 0.075, 0.127
243.720, 0.500, 0.200, 0.133, 0.074, 0.125
243.740, 0.500, 0.200, 0.131, 0.072, 0.119
243.760, 0.500, 0.200, 0.130, 0.071, 0.111
243.780, 0.500, 0.200, 0.131, 0.071, 0.105
243.800, 0.500, 0.200, 0.132, 0.072, 0.100
243.820, 0.500, 0.200, 0.134, 0.074, 0.099
243.840, 0.500, 0.200, 0.137, 0.076, 0.100
243.860, 0.500, 0.200, 0.142, 0.078, 0.103
243.880, 0.500, 0.200, 0.148, 0.080, 0.109
243.900, 0.500, 0.200, 0.157, 0.080, 0.116
243.920, 0.500, 0.200, 0.167, 0.080, 0.122
243.940, 0.500, 0.200, 0.179, 0.080, 0.129
243.960, 0.500, 0.200, 0.191, 0.078, 0.134
243.980, 0.500, 0.200, 0.203, 0.076, 0.139
244.000, 0.500, 0.200, 0.215, 0.074, 0.143
244.020, 0.500, 0.200, 0.225, 0.071, 0.146
244.040, 0.500, 0.200, 0.235, 0.067, 0.148
244.060, 0.500, 0.200, 0.244, 0.064, 0.150
244.080, 0.500, 0.200, 0.252, 0.060, 0.152
244.100, 0.500, 0.200, 0.258, 0.056, 0.152
244.120, 0.500, 0.200, 0.262, 0.052, 0.152
244.140, 0.500, 0.200, 0.264, 0.049, 0.150
244.160, 0.500, 0.200, 0.266, 0.046, 0.148
244.180, 0.500, 0.200, 0.267, 0.044, 0.145
244.200, 0.500, 0.200, 0.267, 0.042, 0.141
244.220, 0.500, 0.200, 0.268, 0.041, 0.137
244.240, 0.500, 0.200, 0.270, 0.040, 0.132
244.260, 0.500, 0.200, 0.271, 0.040, 0.128
244.280, 0.500, 0.200, 0.273, 0.041, 0.124
244.300, 0.500, 0.200, 0.274, 0.043, 0.119
244.320, 0.500, 0.200, 0.275, 0.044, 0.120
244.340, 0.500, 0.200, 0.275, 0.046, 0.126
244.360, 0.500, 0.200, 0.274, 0.049, 0.131
244.380, 0.500, 0.200, 0.271, 0.054, 0.129
244.400, 0.500, 0.200, 0.268, 0.060, 0.123
244.420, 0.500, 0.200, 0.267, 0.067, 0.114
244.440, 0.500, 0.200, 0.268, 0.073, 0.104
244.460, 0.500, 0.200, 0.272, 0.080, 0.095
244.480, 0.500, 0.200, 0.280, 0.088, 0.088
244.500, 0.500, 0.200, 0.293, 0.096, 0.082
244.520, 0.500, 0.200, 0.305, 0.105, 0.080
244.540, 0.500, 0.200, 0.316, 0.114, 0.080
244.560, 0.500, 0.200, 0.324, 0.123, 0.082
244.580, 0.500, 0.200, 0.329, 0.131, 0.083
244.600, 0.500, 0.200, 0.332, 0.139, 0.084
244.620, 0.500, 0.200, 0.335, 0.146, 0.085
244.640, 0.500, 0.200, 0.337, 0.152, 0.085
244.660, 0.500, 0.200, 0.339, 0.157, 0.084
244.680, 0.500, 0.200, 0.343, 0.161, 0.083
244.700, 0.500, 0.200, 0.348, 0.164, 0.082
244.720, 0.500, 0.200, 0.354, 0.166, 0.081
244.740, 0.500, 0.200, 0.360, 0.167, 0.081
244.760, 0.500, 0.200, 0.366, 0.166, 0.082
244.780, 0.500, 0.200, 0.372, 0.164, 0.083
244.800, 0.500, 0.200, 0.379, 0.162, 0.084
244.820, 0.500, 0.200, 0.385, 0.157, 0.085
244.840, 0.500, 0.200, 0.390, 0.153, 0.088
244.860, 0.500, 0.200, 0.392, 0.147, 0.093
244.880, 0.500, 0.200, 0.393, 0.142, 0.098
244.900, 0.500, 0.200, 0.392, 0.136, 0.103
244.920, 0.500, 0.200, 0.391, 0.130, 0.107
244.940, 0.500, 0.200, 0.389, 0.125, 0.110
244.960, 0.500, 0.200, 0.388, 0.121, 0.114
244.980, 0.500, 0.200, 0.386, 0.117, 0.119
245.000, 0.500, 0.200, 0.385, 0.113, 0.123
245.020, 0.500, 0.200, 0.382, 0.109, 0.125
245.040, 0.500, 0.200, 0.380, 0.106, 0.121
245.060, 0.500, 0.200, 0.379, 0.104, 0.115
245.080, 0.500, 0.200, 0.380, 0.104, 0.108
245.100, 0.500, 0.200, 0.384, 0.105, 0.104
245.120, 0.500, 0.200, 0.388, 0.109, 0.102
245.140, 0.500, 0.200, 0.393, 0.114, 0.103
245.160, 0.500, 0.200, 0.399, 0.119, 0.107
245.180, 0.500, 0.200, 0.404, 0.124, 0.112
245.200, 0.500, 0.200, 0.410, 0.130, 0.119
245.220, 0.500, 0.200, 0.418, 0.135, 0.125
245.240, 0.500, 0.200, 0.426, 0.140, 0.131
245.260, 0.500, 0.200, 0.435, 0.144, 0.136
245.280, 0.500, 0.200, 0.444, 0.148, 0.141
245.300, 0.500, 0.200, 0.453, 0.152, 0.144
245.320, 0.500, 0.200, 0.461, 0.155, 0.146
245.340, 0.500, 0.200, 0.470, 0.157, 0.148
245.360, 0.500, 0.200, 0.477, 0.159, 0.149
245.380, 0.500, 0.200, 0.484, 0.161, 0.150
245.400, 0.500, 0.200, 0.490, 0.161, 0.150
245.420, 0.500, 0.200, 0.496, 0.162, 0.149
245.440, 0.500, 0.200, 0.500, 0.161, 0.148
245.460, 0.500, 0.200, 0.504, 0.161, 0.146
245.480, 0.500, 0.200, 0.507, 0.161, 0.143
245.500, 0.500, 0.200, 0.510, 0.160, 0.139
245.520, 0.500, 0.200, 0.513, 0.160, 0.135
245.540, 0.500, 0.200, 0.516, 0.160, 0.130
245.560, 0.500, 0.200, 0.519, 0.160, 0.126
245.580, 0.500, 0.200, 0.523, 0.162, 0.121
245.600, 0.500, 0.200, 0.527, 0.163, 0.119
245.620, 0.500, 0.200, 0.532, 0.164, 0.123
245.640, 0.500, 0.200, 0.537, 0.165, 0.129
245.660, 0.500, 0.200, 0.539, 0.167, 0.134
245.680, 0.500, 0.200, 0.538, 0.169, 0.135
245.700, 0.500, 0.200, 0.535, 0.171, 0.131
245.720, 0.500, 0.200, 0.532, 0.175, 0.123
245.740, 0.500, 0.200, 0.530, 0.179, 0.114
245.760, 0.500, 0.200, 0.532, 0.185, 0.106
245.780, 0.500, 0.200, 0.538, 0.194, 0.100
245.800, 0.500, 0.200, 0.549, 0.204, 0.095
245.820, 0.500, 0.200, 0.564, 0.216, 0.093
245.840, 0.500, 0.200, 0.579, 0.228, 0.094
245.860, 0.500, 0.200, 0.593, 0.241, 0.096
245.880, 0.500, 0.200, 0.604, 0.253, 0.098
245.900, 0.500, 0.200, 0.613, 0.265, 0.099
245.920, 0.500, 0.200, 0.620, 0.275, 0.099
245.940, 0.500, 0.200, 0.625, 0.285, 0.098
245.960, 0.500, 0.200, 0.629, 0.292, 0.096
245.980, 0.500, 0.200, 0.633, 0.299, 0.094
246.000, 0.500, 0.200, 0.635, 0.304, 0.091
246.020, 0.500, 0.200, 0.638, 0.307, 0.088
246.040, 0.500, 0.200, 0.641, 0.309, 0.087
246.060, 0.500, 0.200, 0.644, 0.310, 0.086
246.080, 0.500, 0.200, 0.647, 0.309, 0.085
246.100, 0.500, 0.200, 0.651, 0.308, 0.085
246.120, 0.500, 0.200, 0.656, 0.304, 0.086
246.140, 0.500, 0.200, 0.661, 0.300, 0.089
246.160, 0.500, 0.200, 0.664, 0.295, 0.094
246.180, 0.500, 0.200, 0.666, 0.289, 0.100
246.200, 0.500, 0.200, 0.667, 0.283, 0.105
246.220, 0.500, 0.200, 0.668, 0.276, 0.109
246.240, 0.500, 0.200, 0.669, 0.270, 0.112
246.260, 0.500, 0.200, 0.670, 0.265, 0.116
246.280, 0.500, 0.200, 0.671, 0.260, 0.120
246.300, 0.500, 0.200, 0.672, 0.255, 0.125
246.320, 0.500, 0.200, 0.672, 0.251, 0.129
246.340, 0.500, 0.200, 0.671, 0.246, 0.127
246.360, 0.500, 0.200, 0.670, 0.243, 0.121
246.380, 0.500, 0.200, 0.671, 0.242, 0.114
246.400, 0.500, 0.200, 0.674, 0.243, 0.108
246.420, 0.500, 0.200, 0.677, 0.245, 0.104
246.440, 0.500, 0.200, 0.681, 0.250, 0.103
246.460, 0.500, 0.200, 0.685, 0.255, 0.106
246.480, 0.500, 0.200, 0.691, 0.260, 0.111
246.500, 0.500, 0.200, 0.698, 0.265, 0.118
246.520, 0.500, 0.200, 0.708, 0.269, 0.126
246.540, 0.500, 0.200, 0.719, 0.272, 0.133
246.560, 0.500, 0.200, 0.731, 0.275, 0.140
246.580, 0.500, 0.200, 0.744, 0.277, 0.145
246.600, 0.500, 0.200, 0.756, 0.279, 0.149
246.620, 0.500, 0.200, 0.767, 0.280, 0.153
246.640, 0.500, 0.200, 0.777, 0.280, 0.156
246.660, 0.500, 0.200, 0.787, 0.280, 0.158
246.680, 0.500, 0.200, 0.796, 0.279, 0.159
246.700, 0.500, 0.200, 0.803, 0.277, 0.160
246.720, 0.500, 0.200, 0.810, 0.275, 0.160
246.740, 0.500, 0.200, 0.815, 0.273, 0.159
246.760, 0.500, 0.200, 0.819, 0.270, 0.157
246.780, 0.500, 0.200, 0.821, 0.268, 0.153
248.820, 0.500, 0.300, 0.000, 0.000, 0.175
248.840, 0.500, 0.300, 0.000, -0.001, 0.163
248.860, 0.500, 0.300, 0.001, -0.001, 0.149
248.880, 0.500, 0.300, 0.001, -0.001, 0.135
248.900, 0.500, 0.300, 0.004, -0.001, 0.125
248.920, 0.500, 0.300, 0.009, 0.000, 0.117
248.940, 0.500, 0.300, 0.016, 0.001, 0.113
248.960, 0.500, 0.300, 0.023, 0.003, 0.112
248.980, 0.500, 0.300, 0.030, 0.005, 0.113
249.000, 0.500, 0.300, 0.037, 0.008, 0.115
249.020, 0.500, 0.300, 0.043, 0.010, 0.116
249.040, 0.500, 0.300, 0.049, 0.013, 0.121
249.060, 0.500, 0.300, 0.054, 0.015, 0.125
249.080, 0.500, 0.300, 0.055, 0.018, 0.125
249.100, 0.500, 0.300, 0.053, 0.020, 0.120
249.120, 0.500, 0.300, 0.050, 0.023, 0.114
249.140, 0.500, 0.300, 0.047, 0.028, 0.107
249.160, 0.500, 0.300, 0.046, 0.035, 0.101
249.180, 0.500, 0.300, 0.049, 0.045, 0.095
249.200, 0.500, 0.300, 0.057, 0.058, 0.090
249.220, 0.500, 0.300, 0.068, 0.072, 0.085
249.240, 0.500, 0.300, 0.082, 0.088, 0.082
249.260, 0.500, 0.300, 0.098, 0.104, 0.078
249.280, 0.500, 0.300, 0.114, 0.120, 0.075
249.300, 0.500, 0.300, 0.129, 0.135, 0.071
249.320, 0.500, 0.300, 0.143, 0.147, 0.066
249.340, 0.500, 0.300, 0.154, 0.157, 0.061
249.360, 0.500, 0.300, 0.163, 0.163, 0.055
249.380, 0.500, 0.300, 0.168, 0.165, 0.052
249.400, 0.500, 0.300, 0.168, 0.164, 0.052
249.420, 0.500, 0.300, 0.165, 0.160, 0.053
249.440, 0.500, 0.300, 0.160, 0.155, 0.056
249.460, 0.500, 0.300, 0.154, 0.150, 0.060
249.480, 0.500, 0.300, 0.148, 0.144, 0.065
249.500, 0.500, 0.300, 0.143, 0.138, 0.070
249.520, 0.500, 0.300, 0.139, 0.133, 0.075
249.540, 0.500, 0.300, 0.135, 0.129, 0.081
249.560, 0.500, 0.300, 0.133, 0.125, 0.086
249.580, 0.500, 0.300, 0.131, 0.122, 0.091
249.600, 0.500, 0.300, 0.129, 0.119, 0.096
249.620, 0.500, 0.300, 0.127, 0.117, 0.101
249.640, 0.500, 0.300, 0.125, 0.115, 0.106
249.660, 0.500, 0.300, 0.123, 0.113, 0.110
249.680, 0.500, 0.300, 0.120, 0.111, 0.114
249.700, 0.500, 0.300, 0.117, 0.109, 0.119
249.720, 0.500, 0.300, 0.114, 0.107, 0.121
249.740, 0.500, 0.300, 0.111, 0.103, 0.119
249.760, 0.500, 0.300, 0.110, 0.100, 0.111
249.780, 0.500, 0.300, 0.109, 0.097, 0.103
249.800, 0.500, 0.300, 0.110, 0.096, 0.094
249.820, 0.500, 0.300, 0.110, 0.096, 0.088
249.840, 0.500, 0.300, 0.111, 0.097, 0.085
249.860, 0.500, 0.300, 0.112, 0.099, 0.085
249.880, 0.500, 0.300, 0.114, 0.100, 0.088
249.900, 0.500, 0.300, 0.119, 0.101, 0.093
249.920, 0.500, 0.300, 0.125, 0.102, 0.100
249.940, 0.500, 0.300, 0.133, 0.101, 0.107
249.960, 0.500, 0.300, 0.141, 0.100, 0.115
249.980, 0.500, 0.300, 0.151, 0.099, 0.122
250.000, 0.500, 0.300, 0.162, 0.097, 0.127
250.020, 0.500, 0.300, 0.172, 0.094, 0.132
250.040, 0.500, 0.300, 0.183, 0.091, 0.136
250.060, 0.500, 0.300, 0.193, 0.088, 0.140
250.080, 0.500, 0.300, 0.202, 0.086, 0.143
250.100, 0.500, 0.300, 0.209, 0.083, 0.145
250.120, 0.500, 0.300, 0.215, 0.081, 0.147
250.140, 0.500, 0.300, 0.220, 0.079, 0.148
250.160, 0.500, 0.300, 0.222, 0.077, 0.148
250.180, 0.500, 0.300, 0.224, 0.076, 0.146
250.200, 0.500, 0.300, 0.225, 0.075, 0.144
250.220, 0.500, 0.300, 0.226, 0.074, 0.142
250.240, 0.500, 0.300, 0.228, 0.074, 0.139
250.260, 0.500, 0.300, 0.229, 0.073, 0.135
250.280, 0.500, 0.300, 0.231, 0.073, 0.132
250.300, 0.500, 0.300, 0.233, 0.073, 0.128
250.320, 0.500, 0.300, 0.235, 0.075, 0.125
250.340, 0.500, 0.300, 0.237, 0.076, 0.122
250.360, 0.500, 0.300, 0.236, 0.079, 0.120
250.380, 0.500, 0.300, 0.235, 0.082, 0.121
250.400, 0.500, 0.300, 0.233, 0.086, 0.120
250.420, 0.500, 0.300, 0.230, 0.092, 0.114
250.440, 0.500, 0.300, 0.229, 0.098, 0.105
250.460, 0.500, 0.300, 0.229, 0.105, 0.095
250.480, 0.500, 0.300, 0.232, 0.112, 0.085
250.500, 0.500, 0.300, 0.239, 0.120, 0.076
250.520, 0.500, 0.300, 0.248, 0.128, 0.067
250.540, 0.500, 0.300, 0.262, 0.137, 0.060
250.560, 0.500, 0.300, 0.274, 0.146, 0.056
250.580, 0.500, 0.300, 0.281, 0.154, 0.054
250.600, 0.500, 0.300, 0.278, 0.160, 0.054
250.620, 0.500, 0.300, 0.277, 0.165, 0.056
250.640, 0.500, 0.300, 0.278, 0.169, 0.057
250.660, 0.500, 0.300, 0.281, 0.173, 0.058
250.680, 0.500, 0.300, 0.286, 0.175, 0.057
250.700, 0.500, 0.300, 0.290, 0.177, 0.057
250.720, 0.500, 0.300, 0.294, 0.178, 0.057
250.740, 0.500, 0.300, 0.297, 0.178, 0.059
250.760, 0.500, 0.300, 0.298, 0.177, 0.061
250.780, 0.500, 0.300, 0.298, 0.175, 0.064
250.800, 0.500, 0.300, 0.297, 0.172, 0.068
250.820, 0.500, 0.300, 0.295, 0.169, 0.071
250.840, 0.500, 0.300, 0.294, 0.166, 0.075
250.860, 0.500, 0.300, 0.292, 0.162, 0.078
250.880, 0.500, 0.300, 0.292, 0.158, 0.082
250.900, 0.500, 0.300, 0.292, 0.155, 0.085
250.920, 0.500, 0.300, 0.292, 0.151, 0.089
250.940, 0.500, 0.300, 0.293, 0.148, 0.093
250.960, 0.500, 0.300, 0.294, 0.145, 0.097
250.980, 0.500, 0.300, 0.295, 0.141, 0.101
251.000, 0.500, 0.300, 0.296, 0.138, 0.106
251.020, 0.500, 0.300, 0.297, 0.133, 0.112
251.040, 0.500, 0.300, 0.297, 0.129, 0.114
251.060, 0.500, 0.300, 0.298, 0.124, 0.112
251.080, 0.500, 0.300, 0.300, 0.119, 0.108
251.100, 0.500, 0.300, 0.302, 0.117, 0.103
251.120, 0.500, 0.300, 0.306, 0.116, 0.100
251.140, 0.500, 0.300, 0.311, 0.117, 0.099
251.160, 0.500, 0.300, 0.316, 0.118, 0.100
251.180, 0.500, 0.300, 0.321, 0.120, 0.103
251.200, 0.500, 0.300, 0.327, 0.123, 0.108
251.220, 0.500, 0.300, 0.332, 0.126, 0.114
251.240, 0.500, 0.300, 0.339, 0.129, 0.121
251.260, 0.500, 0.300, 0.346, 0.132, 0.127
251.280, 0.500, 0.300, 0.353, 0.136, 0.133
251.300, 0.500, 0.300, 0.361, 0.139, 0.138
251.320, 0.500, 0.300, 0.368, 0.142, 0.143
251.340, 0.500, 0.300, 0.375, 0.146, 0.146
251.360, 0.500, 0.300, 0.382, 0.149, 0.149
251.380, 0.500, 0.300, 0.389, 0.152, 0.151
251.400, 0.500, 0.300, 0.394, 0.155, 0.153
251.420, 0.500, 0.300, 0.399, 0.157, 0.154
251.440, 0.500, 0.300, 0.402, 0.159, 0.154
251.460, 0.500, 0.300, 0.405, 0.161, 0.153
251.480, 0.500, 0.300, 0.407, 0.162, 0.152
251.500, 0.500, 0.300, 0.409, 0.163, 0.150
251.520, 0.500, 0.300, 0.410, 0.164, 0.147
251.540, 0.500, 0.300, 0.411, 0.164, 0.144
251.560, 0.500, 0.300, 0.412, 0.165, 0.140
251.580, 0.500, 0.300, 0.413, 0.166, 0.136
251.600, 0.500, 0.300, 0.415, 0.167, 0.132
251.620, 0.500, 0.300, 0.416, 0.169, 0.128
251.640, 0.500, 0.300, 0.417, 0.172, 0.125
251.660, 0.500, 0.300, 0.419, 0.174, 0.127
251.680, 0.500, 0.300, 0.421, 0.176, 0.133
251.700, 0.500, 0.300, 0.423, 0.179, 0.134
251.720, 0.500, 0.300, 0.422, 0.182, 0.130
251.740, 0.500, 0.300, 0.421, 0.187, 0.122
251.760, 0.500, 0.300, 0.421, 0.192, 0.112
251.780, 0.500, 0.300, 0.424, 0.199, 0.104
251.800, 0.500, 0.300, 0.430, 0.207, 0.097
251.820, 0.500, 0.300, 0.440, 0.217, 0.091
251.840, 0.500, 0.300, 0.454, 0.228, 0.087
251.860, 0.500, 0.300, 0.470, 0.240, 0.083
251.880, 0.500, 0.300, 0.488, 0.253, 0.080
251.900, 0.500, 0.300, 0.505, 0.266, 0.079
251.920, 0.500, 0.300, 0.518, 0.278, 0.077
251.940, 0.500, 0.300, 0.527, 0.288, 0.075
251.960, 0.500, 0.300, 0.531, 0.297, 0.073
251.980, 0.500, 0.300, 0.532, 0.304, 0.069
252.000, 0.500, 0.300, 0.531, 0.310, 0.065
252.020, 0.500, 0.300, 0.529, 0.314, 0.061
252.040, 0.500, 0.300, 0.528, 0.317, 0.058
252.060, 0.500, 0.300, 0.528, 0.319, 0.056
252.080, 0.500, 0.300, 0.530, 0.319, 0.054
252.100, 0.500, 0.300, 0.531, 0.319, 0.056
252.120, 0.500, 0.300, 0.532, 0.317, 0.061
252.140, 0.500, 0.300, 0.532, 0.314, 0.067
252.160, 0.500, 0.300, 0.531, 0.310, 0.073
252.180, 0.500, 0.300, 0.532, 0.305, 0.078
252.200, 0.500, 0.300, 0.532, 0.299, 0.083
252.220, 0.500, 0.300, 0.533, 0.293, 0.088
252.240, 0.500, 0.300, 0.534, 0.286, 0.092
252.260, 0.500, 0.300, 0.536, 0.279, 0.096
252.280, 0.500, 0.300, 0.538, 0.273, 0.101
252.300, 0.500, 0.300, 0.540, 0.266, 0.106
252.320, 0.500, 0.300, 0.541, 0.260, 0.112
252.340, 0.500, 0.300, 0.542, 0.253, 0.116
252.360, 0.500, 0.300, 0.543, 0.246, 0.116
252.380, 0.500, 0.300, 0.544, 0.240, 0.110
252.400, 0.500, 0.300, 0.548, 0.235, 0.103
252.420, 0.500, 0.300, 0.552, 0.232, 0.095
252.440, 0.500, 0.300, 0.558, 0.232, 0.090
252.460, 0.500, 0.300, 0.563, 0.234, 0.088
252.480, 0.500, 0.300, 0.568, 0.238, 0.090
252.500, 0.500, 0.300, 0.573, 0.241, 0.095
252.520, 0.500, 0.300, 0.580, 0.244, 0.102
252.540, 0.500, 0.300, 0.588, 0.245, 0.111
252.560, 0.500, 0.300, 0.597, 0.246, 0.120
252.580, 0.500, 0.300, 0.608, 0.246, 0.128
252.600, 0.500, 0.300, 0.620, 0.245, 0.136
252.620, 0.500, 0.300, 0.632, 0.244, 0.143
252.640, 0.500, 0.300, 0.644, 0.244, 0.148
252.660, 0.500, 0.300, 0.655, 0.243, 0.152
252.680, 0.500, 0.300, 0.665, 0.242, 0.156
252.700, 0.500, 0.300, 0.674, 0.241, 0.158
252.720, 0.500, 0.300, 0.681, 0.241, 0.160
252.740, 0.500, 0.300, 0.687, 0.240, 0.161
252.760, 0.500, 0.300, 0.692, 0.240, 0.161
252.780, 0.500, 0.300, 0.694, 0.240, 0.159
252.800, 0.500, 0.300, 0.696, 0.240, 0.157
254.840, 0.500, 0.400, 0.000, 0.000, 0.175
254.860, 0.500, 0.400, 0.001, -0.001, 0.162
254.880, 0.500, 0.400, 0.001, -0.001, 0.149
254.900, 0.500, 0.400, 0.002, -0.001, 0.135
254.920, 0.500, 0.400, 0.005, -0.000, 0.124
254.940, 0.500, 0.400, 0.010, 0.001, 0.117
254.960, 0.500, 0.400, 0.017, 0.003, 0.113
254.980, 0.500, 0.400, 0.024, 0.006, 0.112
255.000, 0.500, 0.400, 0.032, 0.009, 0.113
255.020, 0.500, 0.400, 0.039, 0.012, 0.115
255.040, 0.500, 0.400, 0.045, 0.016, 0.116
255.060, 0.500, 0.400, 0.052, 0.019, 0.119
255.080, 0.500, 0.400, 0.056, 0.022, 0.123
255.100, 0.500, 0.400, 0.058, 0.025, 0.123
255.120, 0.500, 0.400, 0.057, 0.027, 0.119
255.140, 0.500, 0.400, 0.053, 0.030, 0.113
255.160, 0.500, 0.400, 0.050, 0.036, 0.107
255.180, 0.500, 0.400, 0.049, 0.044, 0.101
255.200, 0.500, 0.400, 0.052, 0.055, 0.096
255.220, 0.500, 0.400, 0.059, 0.070, 0.091
255.240, 0.500, 0.400, 0.070, 0.086, 0.086
255.260, 0.500, 0.400, 0.084, 0.104, 0.082
255.280, 0.500, 0.400, 0.099, 0.123, 0.078
255.300, 0.500, 0.400, 0.114, 0.142, 0.073
255.320, 0.500, 0.400, 0.128, 0.158, 0.068
255.340, 0.500, 0.400, 0.139, 0.170, 0.063
255.360, 0.500, 0.400, 0.146, 0.178, 0.059
255.380, 0.500, 0.400, 0.148, 0.181, 0.055
255.400, 0.500, 0.400, 0.147, 0.182, 0.052
255.420, 0.500, 0.400, 0.142, 0.179, 0.050
255.440, 0.500, 0.400, 0.138, 0.176, 0.051
255.460, 0.500, 0.400, 0.135, 0.172, 0.054
255.480, 0.500, 0.400, 0.128, 0.168, 0.057
255.500, 0.500, 0.400, 0.120, 0.163, 0.059
255.520, 0.500, 0.400, 0.113, 0.159, 0.062
255.540, 0.500, 0.400, 0.106, 0.154, 0.065
255.560, 0.500, 0.400, 0.101, 0.151, 0.068
255.580, 0.500, 0.400, 0.097, 0.148, 0.072
255.600, 0.500, 0.400, 0.095, 0.145, 0.076
255.620, 0.500, 0.400, 0.093, 0.143, 0.080
255.640, 0.500, 0.400, 0.093, 0.142, 0.085
255.660, 0.500, 0.400, 0.093, 0.140, 0.089
255.680, 0.500, 0.400, 0.094, 0.139, 0.094
255.700, 0.500, 0.400, 0.096, 0.137, 0.098
255.720, 0.500, 0.400, 0.098, 0.134, 0.104
255.740, 0.500, 0.400, 0.099, 0.129, 0.108
255.760, 0.500, 0.400, 0.102, 0.123, 0.108
255.780, 0.500, 0.400, 0.105, 0.116, 0.102
255.800, 0.500, 0.400, 0.107, 0.110, 0.094
255.820, 0.500, 0.400, 0.110, 0.105, 0.085
255.840, 0.500, 0.400, 0.111, 0.102, 0.078
255.860, 0.500, 0.400, 0.113, 0.101, 0.073
255.880, 0.500, 0.400, 0.116, 0.100, 0.072
255.900, 0.500, 0.400, 0.119, 0.100, 0.074
255.920, 0.500, 0.400, 0.125, 0.099, 0.079
255.940, 0.500, 0.400, 0.132, 0.097, 0.086
255.960, 0.500, 0.400, 0.141, 0.094, 0.095
255.980, 0.500, 0.400, 0.151, 0.090, 0.105
256.000, 0.500, 0.400, 0.161, 0.086, 0.114
256.020, 0.500, 0.400, 0.172, 0.082, 0.121
256.040, 0.500, 0.400, 0.182, 0.078, 0.128
256.060, 0.500, 0.400, 0.193, 0.075, 0.133
256.080, 0.500, 0.400, 0.203, 0.072, 0.137
256.100, 0.500, 0.400, 0.212, 0.070, 0.140
256.120, 0.500, 0.400, 0.220, 0.069, 0.143
256.140, 0.500, 0.400, 0.227, 0.069, 0.145
256.160, 0.500, 0.400, 0.232, 0.069, 0.146
256.180, 0.500, 0.400, 0.235, 0.070, 0.147
256.200, 0.500, 0.400, 0.236, 0.072, 0.146
256.220, 0.500, 0.400, 0.237, 0.074, 0.145
256.240, 0.500, 0.400, 0.238, 0.075, 0.142
256.260, 0.500, 0.400, 0.238, 0.076, 0.139
256.280, 0.500, 0.400, 0.239, 0.078, 0.136
256.300, 0.500, 0.400, 0.239, 0.079, 0.133
256.320, 0.500, 0.400, 0.239, 0.081, 0.129
256.340, 0.500, 0.400, 0.240, 0.083, 0.126
256.360, 0.500, 0.400, 0.240, 0.086, 0.123
256.380, 0.500, 0.400, 0.238, 0.090, 0.120
256.400, 0.500, 0.400, 0.236, 0.094, 0.119
256.420, 0.500, 0.400, 0.234, 0.099, 0.117
256.440, 0.500, 0.400, 0.232, 0.106, 0.111
256.460, 0.500, 0.400, 0.232, 0.113, 0.102
256.480, 0.500, 0.400, 0.233, 0.120, 0.091
256.500, 0.500, 0.400, 0.237, 0.128, 0.080
256.520, 0.500, 0.400, 0.244, 0.136, 0.068
256.540, 0.500, 0.400, 0.255, 0.145, 0.057
256.560, 0.500, 0.400, 0.268, 0.154, 0.048
256.580, 0.500, 0.400, 0.268, 0.162, 0.047
256.600, 0.500, 0.400, 0.268, 0.166, 0.053
256.620, 0.500, 0.400, 0.274, 0.170, 0.058
256.640, 0.500, 0.400, 0.282, 0.173, 0.061
256.660, 0.500, 0.400, 0.291, 0.175, 0.062
256.680, 0.500, 0.400, 0.302, 0.178, 0.061
256.700, 0.500, 0.400, 0.312, 0.181, 0.059
256.720, 0.500, 0.400, 0.319, 0.183, 0.056
256.740, 0.500, 0.400, 0.320, 0.185, 0.056
256.760, 0.500, 0.400, 0.322, 0.185, 0.057
256.780, 0.500, 0.400, 0.327, 0.184, 0.058
256.800, 0.500, 0.400, 0.333, 0.183, 0.059
256.820, 0.500, 0.400, 0.339, 0.181, 0.060
256.840, 0.500, 0.400, 0.345, 0.178, 0.061
256.860, 0.500, 0.400, 0.349, 0.176, 0.065
256.880, 0.500, 0.400, 0.351, 0.173, 0.069
256.900, 0.500, 0.400, 0.351, 0.169, 0.073
256.920, 0.500, 0.400, 0.350, 0.166, 0.077
256.940, 0.500, 0.400, 0.348, 0.163, 0.081
256.960, 0.500, 0.400, 0.346, 0.160, 0.085
256.980, 0.500, 0.400, 0.345, 0.158, 0.088
257.000, 0.500, 0.400, 0.343, 0.155, 0.092
257.020, 0.500, 0.400, 0.342, 0.152, 0.098
257.040, 0.500, 0.400, 0.340, 0.149, 0.103
257.060, 0.500, 0.400, 0.338, 0.145, 0.105
257.080, 0.500, 0.400, 0.337, 0.140, 0.102
257.100, 0.500, 0.400, 0.337, 0.137, 0.097
257.120, 0.500, 0.400, 0.340, 0.135, 0.091
257.140, 0.500, 0.400, 0.345, 0.136, 0.086
257.160, 0.500, 0.400, 0.351, 0.138, 0.084
257.180, 0.500, 0.400, 0.357, 0.142, 0.085
257.200, 0.500, 0.400, 0.362, 0.147, 0.088
257.220, 0.500, 0.400, 0.367, 0.152, 0.094
257.240, 0.500, 0.400, 0.373, 0.157, 0.101
257.260, 0.500, 0.400, 0.379, 0.162, 0.109
257.280, 0.500, 0.400, 0.387, 0.166, 0.117
257.300, 0.500, 0.400, 0.396, 0.169, 0.125
257.320, 0.500, 0.400, 0.407, 0.173, 0.131
257.340, 0.500, 0.400, 0.417, 0.176, 0.137
257.360, 0.500, 0.400, 0.428, 0.179, 0.142
257.380, 0.500, 0.400, 0.438, 0.182, 0.145
257.400, 0.500, 0.400, 0.448, 0.185, 0.148
257.420, 0.500, 0.400, 0.457, 0.188, 0.150
257.440, 0.500, 0.400, 0.465, 0.191, 0.151
257.460, 0.500, 0.400, 0.471, 0.194, 0.152
257.480, 0.500, 0.400, 0.477, 0.196, 0.151
257.500, 0.500, 0.400, 0.482, 0.197, 0.150
257.520, 0.500, 0.400, 0.486, 0.199, 0.148
257.540, 0.500, 0.400, 0.489, 0.199, 0.144
257.560, 0.500, 0.400, 0.493, 0.200, 0.141
257.580, 0.500, 0.400, 0.496, 0.200, 0.136
257.600, 0.500, 0.400, 0.500, 0.200, 0.132
257.620, 0.500, 0.400, 0.504, 0.201, 0.128
257.640, 0.500, 0.400, 0.508, 0.202, 0.124
257.660, 0.500, 0.400, 0.512, 0.204, 0.120
257.680, 0.500, 0.400, 0.517, 0.204, 0.123
257.700, 0.500, 0.400, 0.522, 0.205, 0.129
257.720, 0.500, 0.400, 0.525, 0.206, 0.131
257.740, 0.500, 0.400, 0.525, 0.208, 0.127
257.760, 0.500, 0.400, 0.523, 0.212, 0.121
257.780, 0.500, 0.400, 0.523, 0.218, 0.113
257.800, 0.500, 0.400, 0.525, 0.226, 0.106
257.820, 0.500, 0.400, 0.533, 0.235, 0.099
257.840, 0.500, 0.400, 0.545, 0.247, 0.093
257.860, 0.500, 0.400, 0.561, 0.260, 0.088
257.880, 0.500, 0.400, 0.581, 0.274, 0.084
257.900, 0.500, 0.400, 0.601, 0.289, 0.080
257.920, 0.500, 0.400, 0.621, 0.303, 0.075
257.940, 0.500, 0.400, 0.640, 0.317, 0.069
257.960, 0.500, 0.400, 0.656, 0.328, 0.063
257.980, 0.500, 0.400, 0.662, 0.336, 0.058
258.000, 0.500, 0.400, 0.661, 0.342, 0.056
258.020, 0.500, 0.400, 0.660, 0.344, 0.055
258.040, 0.500, 0.400, 0.657, 0.345, 0.053
258.060, 0.500, 0.400, 0.655, 0.346, 0.052
258.080, 0.500, 0.400, 0.653, 0.346, 0.052
258.100, 0.500, 0.400, 0.649, 0.346, 0.055
258.120, 0.500, 0.400, 0.644, 0.346, 0.061
258.140, 0.500, 0.400, 0.639, 0.345, 0.066
258.160, 0.500, 0.400, 0.635, 0.344, 0.071
258.180, 0.500, 0.400, 0.631, 0.342, 0.074
258.200, 0.500, 0.400, 0.628, 0.340, 0.077
258.220, 0.500, 0.400, 0.625, 0.338, 0.080
258.240, 0.500, 0.400, 0.623, 0.334, 0.082
258.260, 0.500, 0.400, 0.622, 0.331, 0.085
258.280, 0.500, 0.400, 0.620, 0.327, 0.088
258.300, 0.500, 0.400, 0.619, 0.323, 0.092
258.320, 0.500, 0.400, 0.618, 0.318, 0.097
258.340, 0.500, 0.400, 0.616, 0.313, 0.103
258.360, 0.500, 0.400, 0.615, 0.308, 0.107
258.380, 0.500, 0.400, 0.615, 0.301, 0.108
258.400, 0.500, 0.400, 0.615, 0.293, 0.103
258.420, 0.500, 0.400, 0.618, 0.287, 0.096
258.440, 0.500, 0.400, 0.622, 0.283, 0.089
258.460, 0.500, 0.400, 0.627, 0.281, 0.083
258.480, 0.500, 0.400, 0.631, 0.282, 0.080
258.500, 0.500, 0.400, 0.635, 0.285, 0.080
258.520, 0.500, 0.400, 0.639, 0.287, 0.084
258.540, 0.500, 0.400, 0.644, 0.289, 0.090
258.560, 0.500, 0.400, 0.651, 0.291, 0.098
258.580, 0.500, 0.400, 0.659, 0.291, 0.106
258.600, 0.500, 0.400, 0.668, 0.290, 0.114
258.620, 0.500, 0.400, 0.678, 0.288, 0.122
258.640, 0.500, 0.400, 0.688, 0.285, 0.129
258.660, 0.500, 0.400, 0.699, 0.282, 0.134
258.680, 0.500, 0.400, 0.710, 0.279, 0.139
258.700, 0.500, 0.400, 0.720, 0.275, 0.143
258.720, 0.500, 0.400, 0.729, 0.272, 0.146
258.740, 0.500, 0.400, 0.737, 0.270, 0.148
258.760, 0.500, 0.400, 0.743, 0.268, 0.150
258.780, 0.500, 0.400, 0.747, 0.267, 0.151
258.800, 0.500, 0.400, 0.749, 0.266, 0.151
258.820, 0.500, 0.400, 0.750, 0.266, 0.149
260.860, 0.500, 0.500, 0.000, 0.000, 0.175
260.880, 0.500, 0.500, 0.001, -0.001, 0.162
260.900, 0.500, 0.500, 0.001, -0.001, 0.149
260.920, 0.500, 0.500, 0.002, -0.001, 0.135
260.940, 0.500, 0.500, 0.006, 0.000, 0.124
260.960, 0.500, 0.500, 0.011, 0.003, 0.116
260.980, 0.500, 0.500, 0.018, 0.005, 0.111
261.000, 0.500, 0.500, 0.026, 0.008, 0.111
261.020, 0.500, 0.500, 0.033, 0.012, 0.112
261.040, 0.500, 0.500, 0.040, 0.017, 0.113
261.060, 0.500, 0.500, 0.047, 0.021, 0.114
261.080, 0.500, 0.500, 0.054, 0.025, 0.117
261.100, 0.500, 0.500, 0.059, 0.029, 0.120
261.120, 0.500, 0.500, 0.061, 0.032, 0.120
261.140, 0.500, 0.500, 0.060, 0.034, 0.116
261.160, 0.500, 0.500, 0.057, 0.037, 0.111
261.180, 0.500, 0.500, 0.054, 0.043, 0.105
261.200, 0.500, 0.500, 0.053, 0.052, 0.100
261.220, 0.500, 0.500, 0.056, 0.065, 0.095
261.240, 0.500, 0.500, 0.063, 0.081, 0.091
261.260, 0.500, 0.500, 0.074, 0.100, 0.086
261.280, 0.500, 0.500, 0.087, 0.120, 0.081
261.300, 0.500, 0.500, 0.102, 0.142, 0.076
261.320, 0.500, 0.500, 0.115, 0.161, 0.071
261.340, 0.500, 0.500, 0.127, 0.177, 0.066
261.360, 0.500, 0.500, 0.135, 0.189, 0.062
261.380, 0.500, 0.500, 0.139, 0.197, 0.057
261.400, 0.500, 0.500, 0.139, 0.201, 0.053
261.420, 0.500, 0.500, 0.137, 0.202, 0.050
261.440, 0.500, 0.500, 0.136, 0.201, 0.051
261.460, 0.500, 0.500, 0.132, 0.198, 0.053
261.480, 0.500, 0.500, 0.126, 0.194, 0.055
261.500, 0.500, 0.500, 0.117, 0.189, 0.056
261.520, 0.500, 0.500, 0.107, 0.184, 0.058
261.540, 0.500, 0.500, 0.097, 0.179, 0.061
261.560, 0.500, 0.500, 0.088, 0.175, 0.063
261.580, 0.500, 0.500, 0.081, 0.172, 0.066
261.600, 0.500, 0.500, 0.075, 0.170, 0.069
261.620, 0.500, 0.500, 0.071, 0.168, 0.072
261.640, 0.500, 0.500, 0.068, 0.167, 0.075
261.660, 0.500, 0.500, 0.066, 0.167, 0.078
261.680, 0.500, 0.500, 0.066, 0.166, 0.081
261.700, 0.500, 0.500, 0.066, 0.165, 0.085
261.720, 0.500, 0.500, 0.066, 0.163, 0.089
261.740, 0.500, 0.500, 0.067, 0.161, 0.095
261.760, 0.500, 0.500, 0.068, 0.157, 0.099
261.780, 0.500, 0.500, 0.071, 0.150, 0.099
261.800, 0.500, 0.500, 0.076, 0.143, 0.094
261.820, 0.500, 0.500, 0.081, 0.134, 0.086
261.840, 0.500, 0.500, 0.085, 0.128, 0.078
261.860, 0.500, 0.500, 0.089, 0.122, 0.071
261.880, 0.500, 0.500, 0.090, 0.120, 0.068
261.900, 0.500, 0.500, 0.090, 0.119, 0.070
261.920, 0.500, 0.500, 0.094, 0.118, 0.074
261.940, 0.500, 0.500, 0.100, 0.116, 0.081
261.960, 0.500, 0.500, 0.109, 0.113, 0.088
261.980, 0.500, 0.500, 0.119, 0.109, 0.096
262.000, 0.500, 0.500, 0.130, 0.105, 0.104
262.020, 0.500, 0.500, 0.140, 0.100, 0.112
262.040, 0.500, 0.500, 0.151, 0.096, 0.119
262.060, 0.500, 0.500, 0.160, 0.092, 0.124
262.080, 0.500, 0.500, 0.169, 0.088, 0.129
262.100, 0.500, 0.500, 0.178, 0.086, 0.133
262.120, 0.500, 0.500, 0.186, 0.083, 0.137
262.140, 0.500, 0.500, 0.193, 0.082, 0.140
262.160, 0.500, 0.500, 0.199, 0.082, 0.142
262.180, 0.500, 0.500, 0.203, 0.082, 0.144
262.200, 0.500, 0.500, 0.206, 0.083, 0.144
262.220, 0.500, 0.500, 0.207, 0.084, 0.144
262.240, 0.500, 0.500, 0.208, 0.085, 0.142
262.260, 0.500, 0.500, 0.209, 0.086, 0.140
262.280, 0.500, 0.500, 0.209, 0.088, 0.137
262.300, 0.500, 0.500, 0.209, 0.089, 0.134
262.320, 0.500, 0.500, 0.209, 0.090, 0.131
262.340, 0.500, 0.500, 0.209, 0.092, 0.128
262.360, 0.500, 0.500, 0.209, 0.095, 0.125
262.380, 0.500, 0.500, 0.208, 0.098, 0.122
262.400, 0.500, 0.500, 0.208, 0.102, 0.119
262.420, 0.500, 0.500, 0.204, 0.109, 0.114
262.440, 0.500, 0.500, 0.203, 0.114, 0.110
262.460, 0.500, 0.500, 0.202, 0.121, 0.105
262.480, 0.500, 0.500, 0.202, 0.129, 0.096
262.500, 0.500, 0.500, 0.204, 0.137, 0.085
262.520, 0.500, 0.500, 0.208, 0.145, 0.073
262.540, 0.500, 0.500, 0.216, 0.154, 0.060
262.560, 0.500, 0.500, 0.225, 0.164, 0.048
262.580, 0.500, 0.500, 0.229, 0.170, 0.046
262.600, 0.500, 0.500, 0.230, 0.172, 0.054
262.620, 0.500, 0.500, 0.237, 0.172, 0.062
262.640, 0.500, 0.500, 0.247, 0.173, 0.067
262.660, 0.500, 0.500, 0.259, 0.173, 0.070
262.680, 0.500, 0.500, 0.272, 0.175, 0.071
262.700, 0.500, 0.500, 0.285, 0.176, 0.069
262.720, 0.500, 0.500, 0.297, 0.179, 0.066
262.740, 0.500, 0.500, 0.309, 0.182, 0.061
262.760, 0.500, 0.500, 0.318, 0.185, 0.056
262.780, 0.500, 0.500, 0.320, 0.187, 0.053
262.800, 0.500, 0.500, 0.322, 0.188, 0.053
262.820, 0.500, 0.500, 0.326, 0.188, 0.053
262.840, 0.500, 0.500, 0.331, 0.187, 0.054
262.860, 0.500, 0.500, 0.336, 0.185, 0.055
262.880, 0.500, 0.500, 0.339, 0.183, 0.059
262.900, 0.500, 0.500, 0.340, 0.181, 0.062
262.920, 0.500, 0.500, 0.339, 0.178, 0.066
262.940, 0.500, 0.500, 0.337, 0.176, 0.068
262.960, 0.500, 0.500, 0.335, 0.173, 0.071
262.980, 0.500, 0.500, 0.333, 0.171, 0.073
263.000, 0.500, 0.500, 0.332, 0.169, 0.077
263.020, 0.500, 0.500, 0.330, 0.167, 0.081
263.040, 0.500, 0.500, 0.328, 0.165, 0.086
263.060, 0.500, 0.500, 0.326, 0.162, 0.091
263.080, 0.500, 0.500, 0.324, 0.158, 0.094
263.100, 0.500, 0.500, 0.322, 0.153, 0.093
263.120, 0.500, 0.500, 0.322, 0.149, 0.087
263.140, 0.500, 0.500, 0.325, 0.147, 0.081
263.160, 0.500, 0.500, 0.331, 0.147, 0.076
263.180, 0.500, 0.500, 0.338, 0.149, 0.074
263.200, 0.500, 0.500, 0.345, 0.153, 0.074
263.220, 0.500, 0.500, 0.352, 0.158, 0.077
263.240, 0.500, 0.500, 0.358, 0.162, 0.084
263.260, 0.500, 0.500, 0.365, 0.166, 0.092
263.280, 0.500, 0.500, 0.373, 0.169, 0.101
263.300, 0.500, 0.500, 0.382, 0.171, 0.110
263.320, 0.500, 0.500, 0.393, 0.172, 0.119
263.340, 0.500, 0.500, 0.405, 0.172, 0.127
263.360, 0.500, 0.500, 0.417, 0.172, 0.134
263.380, 0.500, 0.500, 0.430, 0.172, 0.140
263.400, 0.500, 0.500, 0.443, 0.172, 0.145
263.420, 0.500, 0.500, 0.454, 0.173, 0.149
263.440, 0.500, 0.500, 0.465, 0.174, 0.152
263.460, 0.500, 0.500, 0.474, 0.175, 0.155
263.480, 0.500, 0.500, 0.481, 0.176, 0.156
263.500, 0.500, 0.500, 0.488, 0.177, 0.156
263.520, 0.500, 0.500, 0.492, 0.177, 0.155
263.540, 0.500, 0.500, 0.496, 0.178, 0.153
263.560, 0.500, 0.500, 0.499, 0.178, 0.150
263.580, 0.500, 0.500, 0.502, 0.178, 0.147
263.600, 0.500, 0.500, 0.504, 0.178, 0.143
263.620, 0.500, 0.500, 0.507, 0.177, 0.139
263.640, 0.500, 0.500, 0.510, 0.177, 0.134
263.660, 0.500, 0.500, 0.513, 0.177, 0.130
263.680, 0.500, 0.500, 0.516, 0.178, 0.126
263.700, 0.500, 0.500, 0.518, 0.180, 0.123
263.720, 0.500, 0.500, 0.520, 0.181, 0.126
263.740, 0.500, 0.500, 0.522, 0.183, 0.127
263.760, 0.500, 0.500, 0.522, 0.186, 0.124
263.780, 0.500, 0.500, 0.521, 0.191, 0.117
263.800, 0.500, 0.500, 0.521, 0.198, 0.109
263.820, 0.500, 0.500, 0.523, 0.207, 0.099
263.840, 0.500, 0.500, 0.530, 0.217, 0.090
263.860, 0.500, 0.500, 0.541, 0.230, 0.081
263.880, 0.500, 0.500, 0.558, 0.243, 0.073
263.900, 0.500, 0.500, 0.577, 0.258, 0.065
263.920, 0.500, 0.500, 0.597, 0.273, 0.058
263.940, 0.500, 0.500, 0.608, 0.288, 0.053
263.960, 0.500, 0.500, 0.614, 0.295, 0.055
263.980, 0.500, 0.500, 0.618, 0.297, 0.060
264.000, 0.500, 0.500, 0.624, 0.300, 0.064
264.020, 0.500, 0.500, 0.629, 0.301, 0.066
264.040, 0.500, 0.500, 0.634, 0.303, 0.066
264.060, 0.500, 0.500, 0.639, 0.304, 0.065
264.080, 0.500, 0.500, 0.645, 0.305, 0.063
264.100, 0.500, 0.500, 0.651, 0.307, 0.060
264.120, 0.500, 0.500, 0.655, 0.308, 0.058
264.140, 0.500, 0.500, 0.656, 0.309, 0.059
264.160, 0.500, 0.500, 0.654, 0.310, 0.061
264.180, 0.500, 0.500, 0.649, 0.312, 0.062
264.200, 0.500, 0.500, 0.643, 0.313, 0.062
264.220, 0.500, 0.500, 0.638, 0.313, 0.063
264.240, 0.500, 0.500, 0.633, 0.314, 0.064
264.260, 0.500, 0.500, 0.629, 0.313, 0.066
264.280, 0.500, 0.500, 0.625, 0.312, 0.068
264.300, 0.500, 0.500, 0.622, 0.310, 0.072
264.320, 0.500, 0.500, 0.620, 0.308, 0.076
264.340, 0.500, 0.500, 0.619, 0.305, 0.081
264.360, 0.500, 0.500, 0.617, 0.301, 0.088
264.380, 0.500, 0.500, 0.616, 0.296, 0.094
264.400, 0.500, 0.500, 0.614, 0.289, 0.096
264.420, 0.500, 0.500, 0.614, 0.282, 0.095
264.440, 0.500, 0.500, 0.618, 0.276, 0.090
264.460, 0.500, 0.500, 0.624, 0.273, 0.085
264.480, 0.500, 0.500, 0.631, 0.275, 0.080
264.500, 0.500, 0.500, 0.638, 0.279, 0.078
264.520, 0.500, 0.500, 0.644, 0.285, 0.080
264.540, 0.500, 0.500, 0.649, 0.292, 0.084
264.560, 0.500, 0.500, 0.654, 0.299, 0.091
264.580, 0.500, 0.500, 0.660, 0.306, 0.099
264.600, 0.500, 0.500, 0.667, 0.313, 0.108
264.620, 0.500, 0.500, 0.675, 0.319, 0.117
264.640, 0.500, 0.500, 0.685, 0.324, 0.125
264.660, 0.500, 0.500, 0.696, 0.330, 0.133
264.680, 0.500, 0.500, 0.708, 0.335, 0.139
264.700, 0.500, 0.500, 0.720, 0.340, 0.143
264.720, 0.500, 0.500, 0.731, 0.345, 0.147
264.740, 0.500, 0.500, 0.742, 0.351, 0.149
264.760, 0.500, 0.500, 0.752, 0.356, 0.150
264.780, 0.500, 0.500, 0.760, 0.360, 0.150
264.800, 0.500, 0.500, 0.767, 0.364, 0.150
264.820, 0.500, 0.500, 0.773, 0.367, 0.148
264.840, 0.500, 0.500, 0.778, 0.370, 0.145
