Time (s),kx,ky,posX,posY,posZ
2.000, -0.200, -0.500, 0.000, 0.000, 0.250
2.020, -0.200, -0.500, 0.000, 0.000, 0.238
2.040, -0.200, -0.500, 0.001, 0.000, 0.226
2.060, -0.200, -0.500, 0.001, -0.001, 0.214
2.080, -0.200, -0.500, 0.000, -0.002, 0.205
2.100, -0.200, -0.500, -0.001, -0.004, 0.198
2.120, -0.200, -0.500, -0.003, -0.006, 0.196
2.140, -0.200, -0.500, -0.006, -0.009, 0.198
2.160, -0.200, -0.500, -0.008, -0.012, 0.202
2.180, -0.200, -0.500, -0.010, -0.015, 0.206
2.200, -0.200, -0.500, -0.011, -0.017, 0.210
2.220, -0.200, -0.500, -0.013, -0.019, 0.213
2.240, -0.200, -0.500, -0.013, -0.020, 0.211
2.260, -0.200, -0.500, -0.014, -0.021, 0.206
2.280, -0.200, -0.500, -0.013, -0.023, 0.198
2.300, -0.200, -0.500, -0.013, -0.026, 0.191
2.320, -0.200, -0.500, -0.012, -0.030, 0.184
2.340, -0.200, -0.500, -0.012, -0.036, 0.180
2.360, -0.200, -0.500, -0.014, -0.044, 0.176
2.380, -0.200, -0.500, -0.016, -0.052, 0.173
2.400, -0.200, -0.500, -0.020, -0.063, 0.172
2.420, -0.200, -0.500, -0.025, -0.074, 0.172
2.440, -0.200, -0.500, -0.032, -0.086, 0.172
2.460, -0.200, -0.500, -0.038, -0.099, 0.171
2.480, -0.200, -0.500, -0.045, -0.112, 0.170
2.500, -0.200, -0.500, -0.052, -0.124, 0.168
2.520, -0.200, -0.500, -0.058, -0.136, 0.166
2.540, -0.200, -0.500, -0.064, -0.146, 0.164
2.560, -0.200, -0.500, -0.068, -0.154, 0.161
2.580, -0.200, -0.500, -0.072, -0.161, 0.158
2.600, -0.200, -0.500, -0.075, -0.166, 0.155
2.620, -0.200, -0.500, -0.079, -0.169, 0.153
2.640, -0.200, -0.500, -0.082, -0.171, 0.153
2.660, -0.200, -0.500, -0.086, -0.172, 0.152
2.680, -0.200, -0.500, -0.090, -0.171, 0.153
2.700, -0.200, -0.500, -0.094, -0.169, 0.156
2.720, -0.200, -0.500, -0.098, -0.167, 0.160
2.740, -0.200, -0.500, -0.102, -0.164, 0.164
2.760, -0.200, -0.500, -0.105, -0.160, 0.168
2.780, -0.200, -0.500, -0.108, -0.156, 0.171
2.800, -0.200, -0.500, -0.111, -0.152, 0.175
2.820, -0.200, -0.500, -0.113, -0.147, 0.178
2.840, -0.200, -0.500, -0.115, -0.141, 0.182
2.860, -0.200, -0.500, -0.117, -0.136, 0.187
2.880, -0.200, -0.500, -0.119, -0.131, 0.191
2.900, -0.200, -0.500, -0.119, -0.125, 0.190
2.920, -0.200, -0.500, -0.118, -0.120, 0.187
2.940, -0.200, -0.500, -0.117, -0.116, 0.183
2.960, -0.200, -0.500, -0.117, -0.114, 0.179
2.980, -0.200, -0.500, -0.117, -0.116, 0.175
3.000, -0.200, -0.500, -0.119, -0.119, 0.173
3.020, -0.200, -0.500, -0.123, -0.125, 0.173
3.040, -0.200, -0.500, -0.128, -0.133, 0.174
3.060, -0.200, -0.500, -0.135, -0.142, 0.175
3.080, -0.200, -0.500, -0.142, -0.153, 0.177
3.100, -0.200, -0.500, -0.150, -0.165, 0.179
3.120, -0.200, -0.500, -0.157, -0.178, 0.180
3.140, -0.200, -0.500, -0.164, -0.192, 0.180
3.160, -0.200, -0.500, -0.169, -0.206, 0.179
3.180, -0.200, -0.500, -0.173, -0.219, 0.178
3.200, -0.200, -0.500, -0.176, -0.231, 0.177
3.220, -0.200, -0.500, -0.178, -0.241, 0.175
3.240, -0.200, -0.500, -0.179, -0.250, 0.174
3.260, -0.200, -0.500, -0.177, -0.256, 0.173
3.280, -0.200, -0.500, -0.176, -0.260, 0.173
3.300, -0.200, -0.500, -0.173, -0.263, 0.174
3.320, -0.200, -0.500, -0.170, -0.263, 0.176
3.340, -0.200, -0.500, -0.166, -0.262, 0.177
3.360, -0.200, -0.500, -0.163, -0.259, 0.179
3.380, -0.200, -0.500, -0.159, -0.256, 0.181
3.400, -0.200, -0.500, -0.156, -0.252, 0.184
3.420, -0.200, -0.500, -0.152, -0.247, 0.188
3.440, -0.200, -0.500, -0.148, -0.243, 0.191
3.460, -0.200, -0.500, -0.145, -0.238, 0.194
3.480, -0.200, -0.500, -0.142, -0.234, 0.197
3.500, -0.200, -0.500, -0.139, -0.230, 0.201
3.520, -0.200, -0.500, -0.137, -0.226, 0.205
3.540, -0.200, -0.500, -0.135, -0.222, 0.207
3.560, -0.200, -0.500, -0.134, -0.219, 0.205
3.580, -0.200, -0.500, -0.134, -0.217, 0.198
3.600, -0.200, -0.500, -0.134, -0.217, 0.190
3.620, -0.200, -0.500, -0.135, -0.219, 0.181
3.640, -0.200, -0.500, -0.138, -0.224, 0.174
3.660, -0.200, -0.500, -0.142, -0.230, 0.169
3.680, -0.200, -0.500, -0.148, -0.238, 0.167
3.700, -0.200, -0.500, -0.155, -0.247, 0.167
3.720, -0.200, -0.500, -0.164, -0.257, 0.167
3.740, -0.200, -0.500, -0.174, -0.268, 0.168
3.760, -0.200, -0.500, -0.185, -0.279, 0.169
3.780, -0.200, -0.500, -0.196, -0.291, 0.168
3.800, -0.200, -0.500, -0.208, -0.302, 0.166
3.820, -0.200, -0.500, -0.220, -0.313, 0.162
3.840, -0.200, -0.500, -0.232, -0.323, 0.158
3.860, -0.200, -0.500, -0.238, -0.331, 0.160
3.880, -0.200, -0.500, -0.243, -0.334, 0.167
3.900, -0.200, -0.500, -0.247, -0.336, 0.170
3.920, -0.200, -0.500, -0.250, -0.337, 0.171
3.940, -0.200, -0.500, -0.253, -0.337, 0.170
3.960, -0.200, -0.500, -0.255, -0.336, 0.169
3.980, -0.200, -0.500, -0.255, -0.334, 0.171
4.000, -0.200, -0.500, -0.257, -0.331, 0.173
4.020, -0.200, -0.500, -0.259, -0.328, 0.175
4.040, -0.200, -0.500, -0.260, -0.323, 0.177
4.060, -0.200, -0.500, -0.262, -0.319, 0.178
4.080, -0.200, -0.500, -0.263, -0.314, 0.178
4.100, -0.200, -0.500, -0.265, -0.308, 0.178
4.120, -0.200, -0.500, -0.267, -0.303, 0.178
4.140, -0.200, -0.500, -0.269, -0.298, 0.178
4.160, -0.200, -0.500, -0.270, -0.292, 0.180
4.180, -0.200, -0.500, -0.271, -0.287, 0.182
4.200, -0.200, -0.500, -0.270, -0.282, 0.183
4.220, -0.200, -0.500, -0.265, -0.277, 0.182
4.240, -0.200, -0.500, -0.259, -0.273, 0.178
4.260, -0.200, -0.500, -0.254, -0.271, 0.174
4.280, -0.200, -0.500, -0.249, -0.272, 0.169
4.300, -0.200, -0.500, -0.247, -0.274, 0.165
4.320, -0.200, -0.500, -0.247, -0.279, 0.164
4.340, -0.200, -0.500, -0.249, -0.286, 0.165
4.360, -0.200, -0.500, -0.252, -0.294, 0.167
4.380, -0.200, -0.500, -0.255, -0.303, 0.169
4.400, -0.200, -0.500, -0.259, -0.312, 0.172
4.420, -0.200, -0.500, -0.262, -0.322, 0.174
4.440, -0.200, -0.500, -0.264, -0.333, 0.176
4.460, -0.200, -0.500, -0.266, -0.342, 0.177
4.480, -0.200, -0.500, -0.267, -0.352, 0.179
4.500, -0.200, -0.500, -0.268, -0.360, 0.181
4.520, -0.200, -0.500, -0.268, -0.367, 0.183
4.540, -0.200, -0.500, -0.268, -0.374, 0.185
4.560, -0.200, -0.500, -0.267, -0.380, 0.186
4.580, -0.200, -0.500, -0.265, -0.386, 0.188
4.600, -0.200, -0.500, -0.263, -0.390, 0.190
4.620, -0.200, -0.500, -0.261, -0.394, 0.191
4.640, -0.200, -0.500, -0.258, -0.396, 0.192
4.660, -0.200, -0.500, -0.255, -0.398, 0.192
4.680, -0.200, -0.500, -0.251, -0.398, 0.193
4.700, -0.200, -0.500, -0.247, -0.398, 0.193
4.720, -0.200, -0.500, -0.242, -0.397, 0.194
4.740, -0.200, -0.500, -0.237, -0.396, 0.194
4.760, -0.200, -0.500, -0.233, -0.394, 0.196
4.780, -0.200, -0.500, -0.228, -0.393, 0.199
4.800, -0.200, -0.500, -0.224, -0.391, 0.204
4.820, -0.200, -0.500, -0.221, -0.388, 0.208
4.840, -0.200, -0.500, -0.218, -0.386, 0.212
4.860, -0.200, -0.500, -0.215, -0.383, 0.211
4.880, -0.200, -0.500, -0.213, -0.380, 0.206
4.900, -0.200, -0.500, -0.212, -0.378, 0.198
4.920, -0.200, -0.500, -0.213, -0.377, 0.190
4.940, -0.200, -0.500, -0.215, -0.378, 0.183
4.960, -0.200, -0.500, -0.219, -0.380, 0.177
4.980, -0.200, -0.500, -0.224, -0.385, 0.172
5.000, -0.200, -0.500, -0.230, -0.391, 0.170
5.020, -0.200, -0.500, -0.237, -0.399, 0.169
5.040, -0.200, -0.500, -0.245, -0.409, 0.169
5.060, -0.200, -0.500, -0.253, -0.419, 0.170
5.080, -0.200, -0.500, -0.263, -0.430, 0.170
5.100, -0.200, -0.500, -0.272, -0.442, 0.170
5.120, -0.200, -0.500, -0.283, -0.454, 0.168
5.140, -0.200, -0.500, -0.293, -0.465, 0.165
5.160, -0.200, -0.500, -0.304, -0.476, 0.162
5.180, -0.200, -0.500, -0.314, -0.485, 0.157
5.200, -0.200, -0.500, -0.320, -0.494, 0.155
5.220, -0.200, -0.500, -0.325, -0.499, 0.161
5.240, -0.200, -0.500, -0.329, -0.500, 0.166
5.260, -0.200, -0.500, -0.334, -0.501, 0.168
5.280, -0.200, -0.500, -0.338, -0.501, 0.169
5.300, -0.200, -0.500, -0.342, -0.499, 0.168
5.320, -0.200, -0.500, -0.346, -0.496, 0.166
5.340, -0.200, -0.500, -0.346, -0.493, 0.169
5.360, -0.200, -0.500, -0.348, -0.489, 0.170
5.380, -0.200, -0.500, -0.351, -0.485, 0.171
5.400, -0.200, -0.500, -0.353, -0.479, 0.172
5.420, -0.200, -0.500, -0.356, -0.474, 0.173
5.440, -0.200, -0.500, -0.359, -0.469, 0.174
5.460, -0.200, -0.500, -0.362, -0.463, 0.177
5.480, -0.200, -0.500, -0.365, -0.457, 0.181
5.500, -0.200, -0.500, -0.367, -0.451, 0.183
5.520, -0.200, -0.500, -0.366, -0.446, 0.183
5.540, -0.200, -0.500, -0.363, -0.442, 0.180
5.560, -0.200, -0.500, -0.360, -0.440, 0.175
5.580, -0.200, -0.500, -0.357, -0.440, 0.171
5.600, -0.200, -0.500, -0.356, -0.442, 0.165
5.620, -0.200, -0.500, -0.357, -0.447, 0.161
5.640, -0.200, -0.500, -0.359, -0.453, 0.159
5.660, -0.200, -0.500, -0.362, -0.461, 0.160
5.680, -0.200, -0.500, -0.366, -0.470, 0.161
5.700, -0.200, -0.500, -0.369, -0.480, 0.163
5.720, -0.200, -0.500, -0.372, -0.490, 0.164
5.740, -0.200, -0.500, -0.373, -0.499, 0.164
5.760, -0.200, -0.500, -0.374, -0.507, 0.164
5.780, -0.200, -0.500, -0.376, -0.515, 0.165
5.800, -0.200, -0.500, -0.376, -0.521, 0.165
5.820, -0.200, -0.500, -0.376, -0.527, 0.166
5.840, -0.200, -0.500, -0.375, -0.532, 0.168
5.860, -0.200, -0.500, -0.373, -0.536, 0.170
5.880, -0.200, -0.500, -0.371, -0.539, 0.172
5.900, -0.200, -0.500, -0.369, -0.542, 0.174
5.920, -0.200, -0.500, -0.366, -0.543, 0.176
5.940, -0.200, -0.500, -0.362, -0.543, 0.178
5.960, -0.200, -0.500, -0.359, -0.542, 0.179
5.980, -0.200, -0.500, -0.355, -0.540, 0.181
8.020, -0.100, -0.500, 0.000, 0.000, 0.250
8.040, -0.100, -0.500, 0.001, 0.001, 0.238
8.060, -0.100, -0.500, 0.001, 0.002, 0.227
8.080, -0.100, -0.500, 0.002, 0.002, 0.216
8.100, -0.100, -0.500, 0.002, 0.001, 0.207
8.120, -0.100, -0.500, 0.000, -0.000, 0.201
8.140, -0.100, -0.500, -0.002, -0.001, 0.198
8.160, -0.100, -0.500, -0.004, -0.003, 0.200
8.180, -0.100, -0.500, -0.005, -0.005, 0.203
8.200, -0.100, -0.500, -0.006, -0.006, 0.207
8.220, -0.100, -0.500, -0.007, -0.007, 0.210
8.240, -0.100, -0.500, -0.007, -0.008, 0.214
8.260, -0.100, -0.500, -0.007, -0.008, 0.216
8.280, -0.100, -0.500, -0.007, -0.007, 0.214
8.300, -0.100, -0.500, -0.006, -0.006, 0.209
8.320, -0.100, -0.500, -0.006, -0.005, 0.203
8.340, -0.100, -0.500, -0.005, -0.005, 0.196
8.360, -0.100, -0.500, -0.005, -0.007, 0.189
8.380, -0.100, -0.500, -0.006, -0.011, 0.184
8.400, -0.100, -0.500, -0.007, -0.016, 0.179
8.420, -0.100, -0.500, -0.009, -0.025, 0.177
8.440, -0.100, -0.500, -0.011, -0.034, 0.176
8.460, -0.100, -0.500, -0.013, -0.046, 0.176
8.480, -0.100, -0.500, -0.016, -0.058, 0.178
8.500, -0.100, -0.500, -0.019, -0.072, 0.179
8.520, -0.100, -0.500, -0.022, -0.086, 0.179
8.540, -0.100, -0.500, -0.026, -0.101, 0.178
8.560, -0.100, -0.500, -0.029, -0.116, 0.175
8.580, -0.100, -0.500, -0.032, -0.130, 0.171
8.600, -0.100, -0.500, -0.036, -0.144, 0.167
8.620, -0.100, -0.500, -0.038, -0.155, 0.163
8.640, -0.100, -0.500, -0.041, -0.164, 0.159
8.660, -0.100, -0.500, -0.043, -0.172, 0.155
8.680, -0.100, -0.500, -0.045, -0.177, 0.152
8.700, -0.100, -0.500, -0.046, -0.181, 0.150
8.720, -0.100, -0.500, -0.048, -0.183, 0.148
8.740, -0.100, -0.500, -0.050, -0.184, 0.148
8.760, -0.100, -0.500, -0.053, -0.183, 0.149
8.780, -0.100, -0.500, -0.055, -0.182, 0.152
8.800, -0.100, -0.500, -0.057, -0.179, 0.155
8.820, -0.100, -0.500, -0.059, -0.176, 0.160
8.840, -0.100, -0.500, -0.060, -0.171, 0.164
8.860, -0.100, -0.500, -0.061, -0.166, 0.169
8.880, -0.100, -0.500, -0.062, -0.160, 0.175
8.900, -0.100, -0.500, -0.062, -0.154, 0.183
8.920, -0.100, -0.500, -0.061, -0.147, 0.188
8.940, -0.100, -0.500, -0.060, -0.141, 0.191
8.960, -0.100, -0.500, -0.059, -0.134, 0.191
8.980, -0.100, -0.500, -0.057, -0.130, 0.189
9.000, -0.100, -0.500, -0.055, -0.128, 0.187
9.020, -0.100, -0.500, -0.054, -0.129, 0.184
9.040, -0.100, -0.500, -0.053, -0.132, 0.180
9.060, -0.100, -0.500, -0.053, -0.138, 0.177
9.080, -0.100, -0.500, -0.055, -0.146, 0.177
9.100, -0.100, -0.500, -0.057, -0.156, 0.178
9.120, -0.100, -0.500, -0.060, -0.167, 0.181
9.140, -0.100, -0.500, -0.064, -0.179, 0.183
9.160, -0.100, -0.500, -0.067, -0.192, 0.186
9.180, -0.100, -0.500, -0.070, -0.206, 0.188
9.200, -0.100, -0.500, -0.073, -0.220, 0.191
9.220, -0.100, -0.500, -0.075, -0.234, 0.193
9.240, -0.100, -0.500, -0.077, -0.249, 0.194
9.260, -0.100, -0.500, -0.078, -0.263, 0.193
9.280, -0.100, -0.500, -0.079, -0.275, 0.191
9.300, -0.100, -0.500, -0.078, -0.287, 0.189
9.320, -0.100, -0.500, -0.077, -0.297, 0.185
9.340, -0.100, -0.500, -0.076, -0.304, 0.182
9.360, -0.100, -0.500, -0.074, -0.310, 0.180
9.380, -0.100, -0.500, -0.072, -0.314, 0.180
9.400, -0.100, -0.500, -0.071, -0.315, 0.180
9.420, -0.100, -0.500, -0.070, -0.315, 0.181
9.440, -0.100, -0.500, -0.069, -0.314, 0.182
9.460, -0.100, -0.500, -0.068, -0.310, 0.184
9.480, -0.100, -0.500, -0.067, -0.306, 0.187
9.500, -0.100, -0.500, -0.067, -0.300, 0.191
9.520, -0.100, -0.500, -0.066, -0.294, 0.196
9.540, -0.100, -0.500, -0.065, -0.287, 0.201
9.560, -0.100, -0.500, -0.065, -0.280, 0.208
9.580, -0.100, -0.500, -0.065, -0.272, 0.212
9.600, -0.100, -0.500, -0.065, -0.264, 0.212
9.620, -0.100, -0.500, -0.065, -0.258, 0.207
9.640, -0.100, -0.500, -0.065, -0.255, 0.199
9.660, -0.100, -0.500, -0.065, -0.255, 0.190
9.680, -0.100, -0.500, -0.066, -0.259, 0.182
9.700, -0.100, -0.500, -0.067, -0.265, 0.177
9.720, -0.100, -0.500, -0.069, -0.274, 0.175
9.740, -0.100, -0.500, -0.072, -0.284, 0.175
9.760, -0.100, -0.500, -0.076, -0.295, 0.177
9.780, -0.100, -0.500, -0.080, -0.308, 0.179
9.800, -0.100, -0.500, -0.086, -0.322, 0.181
9.820, -0.100, -0.500, -0.092, -0.338, 0.183
9.840, -0.100, -0.500, -0.098, -0.354, 0.182
9.860, -0.100, -0.500, -0.105, -0.370, 0.181
9.880, -0.100, -0.500, -0.112, -0.387, 0.178
9.900, -0.100, -0.500, -0.119, -0.403, 0.173
9.920, -0.100, -0.500, -0.125, -0.417, 0.167
9.940, -0.100, -0.500, -0.132, -0.430, 0.161
9.960, -0.100, -0.500, -0.138, -0.441, 0.155
9.980, -0.100, -0.500, -0.143, -0.449, 0.150
10.000, -0.100, -0.500, -0.147, -0.454, 0.153
10.020, -0.100, -0.500, -0.150, -0.454, 0.159
10.040, -0.100, -0.500, -0.154, -0.453, 0.164
10.060, -0.100, -0.500, -0.157, -0.451, 0.167
10.080, -0.100, -0.500, -0.159, -0.448, 0.168
10.100, -0.100, -0.500, -0.162, -0.443, 0.168
10.120, -0.100, -0.500, -0.165, -0.438, 0.168
10.140, -0.100, -0.500, -0.168, -0.431, 0.168
10.160, -0.100, -0.500, -0.171, -0.424, 0.169
10.180, -0.100, -0.500, -0.174, -0.416, 0.171
10.200, -0.100, -0.500, -0.178, -0.409, 0.175
10.220, -0.100, -0.500, -0.181, -0.401, 0.180
10.240, -0.100, -0.500, -0.182, -0.394, 0.182
10.260, -0.100, -0.500, -0.182, -0.387, 0.182
10.280, -0.100, -0.500, -0.180, -0.381, 0.179
10.300, -0.100, -0.500, -0.177, -0.376, 0.174
10.320, -0.100, -0.500, -0.174, -0.375, 0.168
10.340, -0.100, -0.500, -0.172, -0.375, 0.162
10.360, -0.100, -0.500, -0.172, -0.378, 0.160
10.380, -0.100, -0.500, -0.174, -0.383, 0.159
10.400, -0.100, -0.500, -0.178, -0.389, 0.159
10.420, -0.100, -0.500, -0.182, -0.397, 0.160
10.440, -0.100, -0.500, -0.186, -0.405, 0.160
10.460, -0.100, -0.500, -0.190, -0.413, 0.160
10.480, -0.100, -0.500, -0.193, -0.422, 0.160
10.500, -0.100, -0.500, -0.195, -0.430, 0.161
10.520, -0.100, -0.500, -0.197, -0.439, 0.161
10.540, -0.100, -0.500, -0.198, -0.446, 0.161
10.560, -0.100, -0.500, -0.198, -0.453, 0.162
10.580, -0.100, -0.500, -0.198, -0.458, 0.162
10.600, -0.100, -0.500, -0.197, -0.463, 0.163
10.620, -0.100, -0.500, -0.195, -0.465, 0.166
10.640, -0.100, -0.500, -0.193, -0.466, 0.168
10.660, -0.100, -0.500, -0.191, -0.466, 0.171
10.680, -0.100, -0.500, -0.188, -0.465, 0.174
10.700, -0.100, -0.500, -0.186, -0.462, 0.176
10.720, -0.100, -0.500, -0.185, -0.459, 0.178
10.740, -0.100, -0.500, -0.183, -0.456, 0.179
10.760, -0.100, -0.500, -0.181, -0.453, 0.181
10.780, -0.100, -0.500, -0.179, -0.450, 0.182
10.800, -0.100, -0.500, -0.176, -0.447, 0.184
10.820, -0.100, -0.500, -0.174, -0.445, 0.186
10.840, -0.100, -0.500, -0.172, -0.443, 0.189
10.860, -0.100, -0.500, -0.170, -0.441, 0.192
10.880, -0.100, -0.500, -0.169, -0.440, 0.194
10.900, -0.100, -0.500, -0.166, -0.439, 0.192
10.920, -0.100, -0.500, -0.163, -0.438, 0.186
10.940, -0.100, -0.500, -0.160, -0.438, 0.178
10.960, -0.100, -0.500, -0.156, -0.438, 0.170
10.980, -0.100, -0.500, -0.153, -0.439, 0.164
11.000, -0.100, -0.500, -0.151, -0.442, 0.159
11.020, -0.100, -0.500, -0.150, -0.444, 0.156
11.040, -0.100, -0.500, -0.150, -0.448, 0.155
11.060, -0.100, -0.500, -0.152, -0.451, 0.154
11.080, -0.100, -0.500, -0.154, -0.456, 0.153
11.100, -0.100, -0.500, -0.156, -0.461, 0.152
11.120, -0.100, -0.500, -0.158, -0.468, 0.150
11.140, -0.100, -0.500, -0.160, -0.475, 0.149
11.160, -0.100, -0.500, -0.163, -0.483, 0.149
11.180, -0.100, -0.500, -0.166, -0.491, 0.149
11.200, -0.100, -0.500, -0.170, -0.498, 0.150
11.220, -0.100, -0.500, -0.174, -0.506, 0.151
11.240, -0.100, -0.500, -0.179, -0.512, 0.151
11.260, -0.100, -0.500, -0.185, -0.518, 0.152
11.280, -0.100, -0.500, -0.190, -0.523, 0.153
11.300, -0.100, -0.500, -0.196, -0.527, 0.154
11.320, -0.100, -0.500, -0.201, -0.530, 0.155
11.340, -0.100, -0.500, -0.205, -0.531, 0.155
11.360, -0.100, -0.500, -0.209, -0.531, 0.156
11.380, -0.100, -0.500, -0.213, -0.530, 0.157
11.400, -0.100, -0.500, -0.217, -0.527, 0.159
11.420, -0.100, -0.500, -0.219, -0.524, 0.161
11.440, -0.100, -0.500, -0.221, -0.519, 0.163
11.460, -0.100, -0.500, -0.223, -0.514, 0.166
11.480, -0.100, -0.500, -0.224, -0.508, 0.169
11.500, -0.100, -0.500, -0.226, -0.501, 0.173
11.520, -0.100, -0.500, -0.228, -0.495, 0.179
11.540, -0.100, -0.500, -0.230, -0.488, 0.184
11.560, -0.100, -0.500, -0.230, -0.483, 0.185
11.580, -0.100, -0.500, -0.229, -0.479, 0.184
11.600, -0.100, -0.500, -0.229, -0.479, 0.181
11.620, -0.100, -0.500, -0.230, -0.481, 0.178
11.640, -0.100, -0.500, -0.232, -0.487, 0.175
11.660, -0.100, -0.500, -0.236, -0.494, 0.173
11.680, -0.100, -0.500, -0.240, -0.503, 0.173
11.700, -0.100, -0.500, -0.246, -0.512, 0.175
11.720, -0.100, -0.500, -0.252, -0.523, 0.177
11.740, -0.100, -0.500, -0.260, -0.534, 0.181
11.760, -0.100, -0.500, -0.268, -0.546, 0.185
11.780, -0.100, -0.500, -0.277, -0.559, 0.188
11.800, -0.100, -0.500, -0.285, -0.572, 0.190
11.820, -0.100, -0.500, -0.293, -0.585, 0.191
11.840, -0.100, -0.500, -0.299, -0.598, 0.191
11.860, -0.100, -0.500, -0.304, -0.610, 0.191
11.880, -0.100, -0.500, -0.309, -0.621, 0.189
11.900, -0.100, -0.500, -0.312, -0.631, 0.187
11.920, -0.100, -0.500, -0.314, -0.639, 0.183
11.940, -0.100, -0.500, -0.316, -0.645, 0.181
11.960, -0.100, -0.500, -0.316, -0.649, 0.180
11.980, -0.100, -0.500, -0.316, -0.652, 0.180
12.000, -0.100, -0.500, -0.316, -0.652, 0.180
14.040, 0.000, -0.500, 0.000, 0.000, 0.250
14.060, 0.000, -0.500, 0.001, 0.001, 0.238
14.080, 0.000, -0.500, 0.002, 0.001, 0.226
14.100, 0.000, -0.500, 0.003, 0.001, 0.215
14.120, 0.000, -0.500, 0.004, -0.001, 0.207
14.140, 0.000, -0.500, 0.003, -0.002, 0.200
14.160, 0.000, -0.500, 0.003, -0.004, 0.198
14.180, 0.000, -0.500, 0.002, -0.006, 0.200
14.200, 0.000, -0.500, 0.001, -0.009, 0.203
14.220, 0.000, -0.500, 0.000, -0.011, 0.207
14.240, 0.000, -0.500, 0.000, -0.013, 0.210
14.260, 0.000, -0.500, 0.000, -0.014, 0.214
14.280, 0.000, -0.500, 0.000, -0.016, 0.216
14.300, 0.000, -0.500, 0.000, -0.016, 0.213
14.320, 0.000, -0.500, 0.001, -0.016, 0.208
14.340, 0.000, -0.500, 0.001, -0.017, 0.201
14.360, 0.000, -0.500, 0.001, -0.019, 0.194
14.380, 0.000, -0.500, 0.001, -0.022, 0.187
14.400, 0.000, -0.500, 0.001, -0.027, 0.181
14.420, 0.000, -0.500, 0.000, -0.035, 0.176
14.440, 0.000, -0.500, 0.000, -0.044, 0.173
14.460, 0.000, -0.500, 0.000, -0.055, 0.172
14.480, 0.000, -0.500, 0.000, -0.068, 0.173
14.500, 0.000, -0.500, 0.000, -0.081, 0.173
14.520, 0.000, -0.500, 0.000, -0.095, 0.173
14.540, 0.000, -0.500, 0.000, -0.110, 0.172
14.560, 0.000, -0.500, 0.000, -0.124, 0.170
14.580, 0.000, -0.500, -0.000, -0.139, 0.166
14.600, 0.000, -0.500, -0.001, -0.151, 0.163
14.620, 0.000, -0.500, -0.001, -0.163, 0.159
14.640, 0.000, -0.500, -0.001, -0.172, 0.155
14.660, 0.000, -0.500, -0.002, -0.179, 0.151
14.680, 0.000, -0.500, -0.002, -0.184, 0.148
14.700, 0.000, -0.500, -0.003, -0.187, 0.146
14.720, 0.000, -0.500, -0.003, -0.189, 0.144
14.740, 0.000, -0.500, -0.004, -0.190, 0.144
14.760, 0.000, -0.500, -0.005, -0.190, 0.144
14.780, 0.000, -0.500, -0.006, -0.188, 0.145
14.800, 0.000, -0.500, -0.007, -0.186, 0.148
14.820, 0.000, -0.500, -0.007, -0.183, 0.153
14.840, 0.000, -0.500, -0.007, -0.179, 0.158
14.860, 0.000, -0.500, -0.007, -0.175, 0.163
14.880, 0.000, -0.500, -0.007, -0.171, 0.169
14.900, 0.000, -0.500, -0.007, -0.166, 0.175
14.920, 0.000, -0.500, -0.007, -0.161, 0.181
14.940, 0.000, -0.500, -0.007, -0.155, 0.187
14.960, 0.000, -0.500, -0.006, -0.150, 0.190
14.980, 0.000, -0.500, -0.005, -0.146, 0.191
15.000, 0.000, -0.500, -0.004, -0.143, 0.190
15.020, 0.000, -0.500, -0.003, -0.143, 0.188
15.040, 0.000, -0.500, -0.003, -0.145, 0.184
15.060, 0.000, -0.500, -0.002, -0.151, 0.179
15.080, 0.000, -0.500, -0.002, -0.159, 0.176
15.100, 0.000, -0.500, -0.002, -0.169, 0.174
15.120, 0.000, -0.500, -0.003, -0.180, 0.175
15.140, 0.000, -0.500, -0.003, -0.192, 0.178
15.160, 0.000, -0.500, -0.004, -0.204, 0.183
15.180, 0.000, -0.500, -0.004, -0.218, 0.187
15.200, 0.000, -0.500, -0.004, -0.233, 0.190
15.220, 0.000, -0.500, -0.004, -0.248, 0.192
15.240, 0.000, -0.500, -0.003, -0.263, 0.193
15.260, 0.000, -0.500, -0.003, -0.277, 0.193
15.280, 0.000, -0.500, -0.002, -0.291, 0.192
15.300, 0.000, -0.500, -0.002, -0.303, 0.190
15.320, 0.000, -0.500, -0.001, -0.314, 0.188
15.340, 0.000, -0.500, -0.001, -0.322, 0.186
15.360, 0.000, -0.500, -0.000, -0.328, 0.184
15.380, 0.000, -0.500, -0.000, -0.332, 0.183
15.400, 0.000, -0.500, 0.000, -0.335, 0.183
15.420, 0.000, -0.500, 0.000, -0.336, 0.183
15.440, 0.000, -0.500, 0.000, -0.335, 0.184
15.460, 0.000, -0.500, 0.000, -0.333, 0.186
15.480, 0.000, -0.500, 0.000, -0.330, 0.189
15.500, 0.000, -0.500, 0.000, -0.326, 0.192
15.520, 0.000, -0.500, 0.000, -0.321, 0.196
15.540, 0.000, -0.500, -0.000, -0.315, 0.200
15.560, 0.000, -0.500, -0.000, -0.308, 0.206
15.580, 0.000, -0.500, -0.001, -0.301, 0.212
15.600, 0.000, -0.500, -0.001, -0.294, 0.216
15.620, 0.000, -0.500, -0.002, -0.288, 0.216
15.640, 0.000, -0.500, -0.002, -0.282, 0.211
15.660, 0.000, -0.500, -0.003, -0.279, 0.203
15.680, 0.000, -0.500, -0.003, -0.280, 0.194
15.700, 0.000, -0.500, -0.003, -0.284, 0.186
15.720, 0.000, -0.500, -0.003, -0.291, 0.181
15.740, 0.000, -0.500, -0.003, -0.300, 0.180
15.760, 0.000, -0.500, -0.003, -0.310, 0.181
15.780, 0.000, -0.500, -0.003, -0.323, 0.183
15.800, 0.000, -0.500, -0.003, -0.337, 0.185
15.820, 0.000, -0.500, -0.003, -0.352, 0.187
15.840, 0.000, -0.500, -0.003, -0.369, 0.188
15.860, 0.000, -0.500, -0.003, -0.386, 0.187
15.880, 0.000, -0.500, -0.003, -0.404, 0.185
15.900, 0.000, -0.500, -0.004, -0.422, 0.182
15.920, 0.000, -0.500, -0.004, -0.440, 0.177
15.940, 0.000, -0.500, -0.004, -0.457, 0.170
15.960, 0.000, -0.500, -0.004, -0.472, 0.163
15.980, 0.000, -0.500, -0.005, -0.484, 0.157
16.000, 0.000, -0.500, -0.005, -0.495, 0.151
16.020, 0.000, -0.500, -0.006, -0.503, 0.146
16.040, 0.000, -0.500, -0.007, -0.509, 0.142
16.060, 0.000, -0.500, -0.008, -0.514, 0.139
16.080, 0.000, -0.500, -0.009, -0.517, 0.137
16.100, 0.000, -0.500, -0.010, -0.519, 0.137
16.120, 0.000, -0.500, -0.010, -0.519, 0.140
16.140, 0.000, -0.500, -0.010, -0.518, 0.145
16.160, 0.000, -0.500, -0.010, -0.515, 0.151
16.180, 0.000, -0.500, -0.010, -0.511, 0.158
16.200, 0.000, -0.500, -0.009, -0.506, 0.165
16.220, 0.000, -0.500, -0.009, -0.500, 0.173
16.240, 0.000, -0.500, -0.008, -0.495, 0.180
16.260, 0.000, -0.500, -0.007, -0.489, 0.186
16.280, 0.000, -0.500, -0.006, -0.483, 0.190
16.300, 0.000, -0.500, -0.004, -0.478, 0.191
16.320, 0.000, -0.500, -0.003, -0.475, 0.190
16.340, 0.000, -0.500, -0.002, -0.474, 0.187
16.360, 0.000, -0.500, -0.000, -0.476, 0.183
16.380, 0.000, -0.500, 0.000, -0.480, 0.180
16.400, 0.000, -0.500, 0.001, -0.487, 0.175
16.420, 0.000, -0.500, 0.001, -0.496, 0.172
16.440, 0.000, -0.500, 0.001, -0.507, 0.172
16.460, 0.000, -0.500, 0.001, -0.518, 0.174
16.480, 0.000, -0.500, 0.000, -0.531, 0.179
16.500, 0.000, -0.500, -0.000, -0.544, 0.184
16.520, 0.000, -0.500, -0.000, -0.558, 0.187
16.540, 0.000, -0.500, -0.001, -0.572, 0.190
16.560, 0.000, -0.500, -0.001, -0.587, 0.192
16.580, 0.000, -0.500, -0.001, -0.601, 0.192
16.600, 0.000, -0.500, -0.001, -0.614, 0.191
16.620, 0.000, -0.500, -0.000, -0.626, 0.190
16.640, 0.000, -0.500, -0.000, -0.636, 0.188
16.660, 0.000, -0.500, 0.000, -0.644, 0.186
16.680, 0.000, -0.500, 0.000, -0.650, 0.185
16.700, 0.000, -0.500, 0.001, -0.654, 0.184
16.720, 0.000, -0.500, 0.001, -0.657, 0.183
16.740, 0.000, -0.500, 0.001, -0.657, 0.184
16.760, 0.000, -0.500, 0.000, -0.657, 0.185
16.780, 0.000, -0.500, 0.000, -0.655, 0.187
16.800, 0.000, -0.500, -0.000, -0.651, 0.190
16.820, 0.000, -0.500, -0.001, -0.647, 0.193
16.840, 0.000, -0.500, -0.001, -0.642, 0.197
16.860, 0.000, -0.500, -0.001, -0.636, 0.201
16.880, 0.000, -0.500, -0.002, -0.630, 0.207
16.900, 0.000, -0.500, -0.002, -0.624, 0.213
16.920, 0.000, -0.500, -0.002, -0.617, 0.215
16.940, 0.000, -0.500, -0.003, -0.612, 0.212
16.960, 0.000, -0.500, -0.003, -0.608, 0.205
16.980, 0.000, -0.500, -0.003, -0.607, 0.196
17.000, 0.000, -0.500, -0.003, -0.610, 0.188
17.020, 0.000, -0.500, -0.003, -0.615, 0.182
17.040, 0.000, -0.500, -0.003, -0.623, 0.178
17.060, 0.000, -0.500, -0.003, -0.633, 0.177
17.080, 0.000, -0.500, -0.002, -0.644, 0.178
17.100, 0.000, -0.500, -0.002, -0.657, 0.180
17.120, 0.000, -0.500, -0.002, -0.672, 0.182
17.140, 0.000, -0.500, -0.002, -0.688, 0.184
17.160, 0.000, -0.500, -0.003, -0.704, 0.184
17.180, 0.000, -0.500, -0.003, -0.721, 0.182
17.200, 0.000, -0.500, -0.003, -0.739, 0.180
17.220, 0.000, -0.500, -0.003, -0.756, 0.175
17.240, 0.000, -0.500, -0.003, -0.772, 0.170
17.260, 0.000, -0.500, -0.003, -0.788, 0.164
17.280, 0.000, -0.500, -0.003, -0.800, 0.158
17.300, 0.000, -0.500, -0.004, -0.811, 0.154
17.320, 0.000, -0.500, -0.004, -0.819, 0.149
17.340, 0.000, -0.500, -0.005, -0.826, 0.146
17.360, 0.000, -0.500, -0.006, -0.830, 0.143
17.380, 0.000, -0.500, -0.007, -0.834, 0.141
17.400, 0.000, -0.500, -0.008, -0.836, 0.140
17.420, 0.000, -0.500, -0.008, -0.837, 0.142
17.440, 0.000, -0.500, -0.009, -0.836, 0.146
17.460, 0.000, -0.500, -0.009, -0.834, 0.151
17.480, 0.000, -0.500, -0.009, -0.831, 0.157
17.500, 0.000, -0.500, -0.009, -0.827, 0.163
17.520, 0.000, -0.500, -0.009, -0.822, 0.170
17.540, 0.000, -0.500, -0.008, -0.817, 0.178
17.560, 0.000, -0.500, -0.008, -0.812, 0.184
17.580, 0.000, -0.500, -0.007, -0.806, 0.188
17.600, 0.000, -0.500, -0.006, -0.801, 0.191
17.620, 0.000, -0.500, -0.005, -0.797, 0.191
17.640, 0.000, -0.500, -0.004, -0.796, 0.188
17.660, 0.000, -0.500, -0.003, -0.798, 0.185
17.680, 0.000, -0.500, -0.003, -0.801, 0.181
17.700, 0.000, -0.500, -0.003, -0.808, 0.177
17.720, 0.000, -0.500, -0.003, -0.816, 0.173
17.740, 0.000, -0.500, -0.003, -0.827, 0.172
17.760, 0.000, -0.500, -0.003, -0.838, 0.173
17.780, 0.000, -0.500, -0.004, -0.851, 0.177
17.800, 0.000, -0.500, -0.004, -0.864, 0.182
17.820, 0.000, -0.500, -0.005, -0.877, 0.186
17.840, 0.000, -0.500, -0.005, -0.891, 0.189
17.860, 0.000, -0.500, -0.004, -0.905, 0.191
17.880, 0.000, -0.500, -0.004, -0.919, 0.192
17.900, 0.000, -0.500, -0.004, -0.932, 0.191
17.920, 0.000, -0.500, -0.003, -0.944, 0.190
17.940, 0.000, -0.500, -0.002, -0.954, 0.188
17.960, 0.000, -0.500, -0.002, -0.963, 0.187
17.980, 0.000, -0.500, -0.001, -0.969, 0.185
18.000, 0.000, -0.500, -0.001, -0.973, 0.184
18.020, 0.000, -0.500, -0.001, -0.975, 0.184
20.060, 0.100, -0.500, 0.000, 0.000, 0.250
20.080, 0.100, -0.500, 0.000, 0.000, 0.238
20.100, 0.100, -0.500, 0.001, 0.000, 0.226
20.120, 0.100, -0.500, 0.001, -0.000, 0.214
20.140, 0.100, -0.500, 0.002, -0.002, 0.205
20.160, 0.100, -0.500, 0.003, -0.004, 0.198
20.180, 0.100, -0.500, 0.004, -0.007, 0.196
20.200, 0.100, -0.500, 0.004, -0.010, 0.197
20.220, 0.100, -0.500, 0.005, -0.013, 0.201
20.240, 0.100, -0.500, 0.005, -0.016, 0.204
20.260, 0.100, -0.500, 0.005, -0.018, 0.208
20.280, 0.100, -0.500, 0.005, -0.021, 0.212
20.300, 0.100, -0.500, 0.005, -0.022, 0.213
20.320, 0.100, -0.500, 0.005, -0.023, 0.211
20.340, 0.100, -0.500, 0.004, -0.024, 0.206
20.360, 0.100, -0.500, 0.003, -0.026, 0.199
20.380, 0.100, -0.500, 0.003, -0.029, 0.191
20.400, 0.100, -0.500, 0.002, -0.034, 0.183
20.420, 0.100, -0.500, 0.002, -0.041, 0.176
20.440, 0.100, -0.500, 0.003, -0.051, 0.172
20.460, 0.100, -0.500, 0.004, -0.062, 0.169
20.480, 0.100, -0.500, 0.005, -0.074, 0.168
20.500, 0.100, -0.500, 0.008, -0.087, 0.168
20.520, 0.100, -0.500, 0.011, -0.101, 0.167
20.540, 0.100, -0.500, 0.014, -0.116, 0.166
20.560, 0.100, -0.500, 0.017, -0.130, 0.164
20.580, 0.100, -0.500, 0.020, -0.144, 0.161
20.600, 0.100, -0.500, 0.022, -0.157, 0.158
20.620, 0.100, -0.500, 0.024, -0.168, 0.154
20.640, 0.100, -0.500, 0.026, -0.177, 0.150
20.660, 0.100, -0.500, 0.027, -0.184, 0.147
20.680, 0.100, -0.500, 0.028, -0.189, 0.144
20.700, 0.100, -0.500, 0.029, -0.192, 0.141
20.720, 0.100, -0.500, 0.030, -0.193, 0.140
20.740, 0.100, -0.500, 0.031, -0.194, 0.140
20.760, 0.100, -0.500, 0.033, -0.193, 0.141
20.780, 0.100, -0.500, 0.034, -0.191, 0.143
20.800, 0.100, -0.500, 0.036, -0.188, 0.147
20.820, 0.100, -0.500, 0.038, -0.184, 0.151
20.840, 0.100, -0.500, 0.039, -0.180, 0.156
20.860, 0.100, -0.500, 0.040, -0.175, 0.161
20.880, 0.100, -0.500, 0.041, -0.169, 0.167
20.900, 0.100, -0.500, 0.043, -0.163, 0.172
20.920, 0.100, -0.500, 0.044, -0.157, 0.178
20.940, 0.100, -0.500, 0.045, -0.150, 0.184
20.960, 0.100, -0.500, 0.047, -0.144, 0.189
20.980, 0.100, -0.500, 0.048, -0.137, 0.192
21.000, 0.100, -0.500, 0.049, -0.131, 0.192
21.020, 0.100, -0.500, 0.051, -0.127, 0.190
21.040, 0.100, -0.500, 0.052, -0.126, 0.186
21.060, 0.100, -0.500, 0.052, -0.127, 0.182
21.080, 0.100, -0.500, 0.052, -0.131, 0.178
21.100, 0.100, -0.500, 0.053, -0.137, 0.176
21.120, 0.100, -0.500, 0.054, -0.145, 0.176
21.140, 0.100, -0.500, 0.056, -0.154, 0.178
21.160, 0.100, -0.500, 0.059, -0.164, 0.181
21.180, 0.100, -0.500, 0.063, -0.175, 0.184
21.200, 0.100, -0.500, 0.066, -0.188, 0.186
21.220, 0.100, -0.500, 0.069, -0.201, 0.188
21.240, 0.100, -0.500, 0.071, -0.215, 0.190
21.260, 0.100, -0.500, 0.072, -0.229, 0.190
21.280, 0.100, -0.500, 0.073, -0.243, 0.190
21.300, 0.100, -0.500, 0.073, -0.256, 0.190
21.320, 0.100, -0.500, 0.073, -0.269, 0.188
21.340, 0.100, -0.500, 0.071, -0.280, 0.187
21.360, 0.100, -0.500, 0.069, -0.289, 0.184
21.380, 0.100, -0.500, 0.067, -0.297, 0.183
21.400, 0.100, -0.500, 0.065, -0.302, 0.182
21.420, 0.100, -0.500, 0.063, -0.306, 0.182
21.440, 0.100, -0.500, 0.061, -0.308, 0.182
21.460, 0.100, -0.500, 0.060, -0.308, 0.183
21.480, 0.100, -0.500, 0.058, -0.306, 0.184
21.500, 0.100, -0.500, 0.057, -0.304, 0.186
21.520, 0.100, -0.500, 0.056, -0.300, 0.189
21.540, 0.100, -0.500, 0.054, -0.295, 0.193
21.560, 0.100, -0.500, 0.053, -0.289, 0.197
21.580, 0.100, -0.500, 0.052, -0.282, 0.202
21.600, 0.100, -0.500, 0.050, -0.275, 0.208
21.620, 0.100, -0.500, 0.049, -0.267, 0.211
21.640, 0.100, -0.500, 0.049, -0.260, 0.210
21.660, 0.100, -0.500, 0.048, -0.254, 0.205
21.680, 0.100, -0.500, 0.048, -0.251, 0.197
21.700, 0.100, -0.500, 0.049, -0.251, 0.188
21.720, 0.100, -0.500, 0.050, -0.254, 0.180
21.740, 0.100, -0.500, 0.052, -0.261, 0.175
21.760, 0.100, -0.500, 0.055, -0.269, 0.172
21.780, 0.100, -0.500, 0.059, -0.279, 0.172
21.800, 0.100, -0.500, 0.064, -0.291, 0.173
21.820, 0.100, -0.500, 0.069, -0.304, 0.175
21.840, 0.100, -0.500, 0.075, -0.319, 0.176
21.860, 0.100, -0.500, 0.082, -0.335, 0.176
21.880, 0.100, -0.500, 0.090, -0.351, 0.174
21.900, 0.100, -0.500, 0.097, -0.368, 0.171
21.920, 0.100, -0.500, 0.105, -0.384, 0.166
21.940, 0.100, -0.500, 0.112, -0.400, 0.160
21.960, 0.100, -0.500, 0.120, -0.414, 0.153
21.980, 0.100, -0.500, 0.126, -0.422, 0.153
22.000, 0.100, -0.500, 0.131, -0.425, 0.158
22.020, 0.100, -0.500, 0.133, -0.426, 0.163
22.040, 0.100, -0.500, 0.134, -0.426, 0.165
22.060, 0.100, -0.500, 0.136, -0.425, 0.166
22.080, 0.100, -0.500, 0.137, -0.422, 0.166
22.100, 0.100, -0.500, 0.140, -0.417, 0.165
22.120, 0.100, -0.500, 0.142, -0.411, 0.164
22.140, 0.100, -0.500, 0.146, -0.404, 0.163
22.160, 0.100, -0.500, 0.149, -0.396, 0.164
22.180, 0.100, -0.500, 0.152, -0.388, 0.165
22.200, 0.100, -0.500, 0.155, -0.381, 0.167
22.220, 0.100, -0.500, 0.158, -0.373, 0.171
22.240, 0.100, -0.500, 0.160, -0.366, 0.176
22.260, 0.100, -0.500, 0.161, -0.359, 0.182
22.280, 0.100, -0.500, 0.161, -0.353, 0.185
22.300, 0.100, -0.500, 0.159, -0.347, 0.185
22.320, 0.100, -0.500, 0.155, -0.341, 0.183
22.340, 0.100, -0.500, 0.151, -0.338, 0.178
22.360, 0.100, -0.500, 0.147, -0.337, 0.174
22.380, 0.100, -0.500, 0.143, -0.338, 0.169
22.400, 0.100, -0.500, 0.142, -0.340, 0.168
22.420, 0.100, -0.500, 0.142, -0.345, 0.168
22.440, 0.100, -0.500, 0.144, -0.350, 0.170
22.460, 0.100, -0.500, 0.146, -0.357, 0.172
22.480, 0.100, -0.500, 0.147, -0.364, 0.173
22.500, 0.100, -0.500, 0.148, -0.372, 0.174
22.520, 0.100, -0.500, 0.149, -0.380, 0.175
22.540, 0.100, -0.500, 0.149, -0.388, 0.176
22.560, 0.100, -0.500, 0.148, -0.396, 0.177
22.580, 0.100, -0.500, 0.147, -0.403, 0.178
22.600, 0.100, -0.500, 0.144, -0.410, 0.179
22.620, 0.100, -0.500, 0.142, -0.417, 0.181
22.640, 0.100, -0.500, 0.139, -0.422, 0.183
22.660, 0.100, -0.500, 0.135, -0.427, 0.185
22.680, 0.100, -0.500, 0.132, -0.432, 0.187
22.700, 0.100, -0.500, 0.127, -0.435, 0.189
22.720, 0.100, -0.500, 0.123, -0.438, 0.191
22.740, 0.100, -0.500, 0.119, -0.440, 0.192
22.760, 0.100, -0.500, 0.114, -0.442, 0.194
22.780, 0.100, -0.500, 0.109, -0.443, 0.194
22.800, 0.100, -0.500, 0.103, -0.443, 0.195
22.820, 0.100, -0.500, 0.098, -0.444, 0.195
22.840, 0.100, -0.500, 0.093, -0.444, 0.196
22.860, 0.100, -0.500, 0.089, -0.444, 0.198
22.880, 0.100, -0.500, 0.084, -0.444, 0.201
22.900, 0.100, -0.500, 0.081, -0.444, 0.205
22.920, 0.100, -0.500, 0.078, -0.443, 0.208
22.940, 0.100, -0.500, 0.076, -0.442, 0.208
22.960, 0.100, -0.500, 0.076, -0.441, 0.203
22.980, 0.100, -0.500, 0.077, -0.439, 0.195
23.000, 0.100, -0.500, 0.078, -0.439, 0.187
23.020, 0.100, -0.500, 0.080, -0.439, 0.181
23.040, 0.100, -0.500, 0.083, -0.442, 0.176
23.060, 0.100, -0.500, 0.087, -0.445, 0.172
23.080, 0.100, -0.500, 0.092, -0.451, 0.169
23.100, 0.100, -0.500, 0.097, -0.458, 0.167
23.120, 0.100, -0.500, 0.102, -0.468, 0.168
23.140, 0.100, -0.500, 0.107, -0.478, 0.169
23.160, 0.100, -0.500, 0.111, -0.489, 0.170
23.180, 0.100, -0.500, 0.115, -0.502, 0.170
23.200, 0.100, -0.500, 0.120, -0.515, 0.168
23.220, 0.100, -0.500, 0.125, -0.528, 0.165
23.240, 0.100, -0.500, 0.131, -0.541, 0.162
23.260, 0.100, -0.500, 0.137, -0.553, 0.157
23.280, 0.100, -0.500, 0.143, -0.562, 0.153
23.300, 0.100, -0.500, 0.148, -0.570, 0.152
23.320, 0.100, -0.500, 0.152, -0.573, 0.155
23.340, 0.100, -0.500, 0.154, -0.574, 0.158
23.360, 0.100, -0.500, 0.156, -0.575, 0.159
23.380, 0.100, -0.500, 0.158, -0.575, 0.160
23.400, 0.100, -0.500, 0.160, -0.573, 0.159
23.420, 0.100, -0.500, 0.163, -0.570, 0.158
23.440, 0.100, -0.500, 0.166, -0.567, 0.157
23.460, 0.100, -0.500, 0.169, -0.562, 0.157
23.480, 0.100, -0.500, 0.172, -0.556, 0.158
23.500, 0.100, -0.500, 0.176, -0.550, 0.159
23.520, 0.100, -0.500, 0.179, -0.544, 0.162
23.540, 0.100, -0.500, 0.181, -0.537, 0.166
23.560, 0.100, -0.500, 0.184, -0.531, 0.172
23.580, 0.100, -0.500, 0.186, -0.524, 0.177
23.600, 0.100, -0.500, 0.185, -0.518, 0.179
23.620, 0.100, -0.500, 0.183, -0.512, 0.178
23.640, 0.100, -0.500, 0.179, -0.507, 0.174
23.660, 0.100, -0.500, 0.175, -0.505, 0.170
23.680, 0.100, -0.500, 0.173, -0.505, 0.168
23.700, 0.100, -0.500, 0.172, -0.507, 0.167
23.720, 0.100, -0.500, 0.174, -0.512, 0.168
23.740, 0.100, -0.500, 0.176, -0.518, 0.170
23.760, 0.100, -0.500, 0.180, -0.525, 0.171
23.780, 0.100, -0.500, 0.184, -0.534, 0.173
23.800, 0.100, -0.500, 0.187, -0.544, 0.173
23.820, 0.100, -0.500, 0.190, -0.554, 0.174
23.840, 0.100, -0.500, 0.192, -0.564, 0.173
23.860, 0.100, -0.500, 0.194, -0.575, 0.173
23.880, 0.100, -0.500, 0.195, -0.585, 0.172
23.900, 0.100, -0.500, 0.194, -0.594, 0.172
23.920, 0.100, -0.500, 0.193, -0.602, 0.172
23.940, 0.100, -0.500, 0.191, -0.609, 0.172
23.960, 0.100, -0.500, 0.188, -0.614, 0.173
23.980, 0.100, -0.500, 0.186, -0.618, 0.173
24.000, 0.100, -0.500, 0.182, -0.620, 0.174
24.020, 0.100, -0.500, 0.179, -0.622, 0.175
24.040, 0.100, -0.500, 0.175, -0.621, 0.176
26.080, 0.200, -0.500, 0.000, 0.000, 0.250
26.100, 0.200, -0.500, 0.000, 0.001, 0.238
26.120, 0.200, -0.500, 0.001, 0.002, 0.227
26.140, 0.200, -0.500, 0.001, 0.002, 0.216
26.160, 0.200, -0.500, 0.003, 0.001, 0.208
26.180, 0.200, -0.500, 0.005, -0.000, 0.202
26.200, 0.200, -0.500, 0.007, -0.002, 0.199
26.220, 0.200, -0.500, 0.009, -0.003, 0.201
26.240, 0.200, -0.500, 0.010, -0.005, 0.204
26.260, 0.200, -0.500, 0.011, -0.006, 0.207
26.280, 0.200, -0.500, 0.012, -0.007, 0.211
26.300, 0.200, -0.500, 0.012, -0.008, 0.215
26.320, 0.200, -0.500, 0.012, -0.008, 0.217
26.340, 0.200, -0.500, 0.011, -0.007, 0.214
26.360, 0.200, -0.500, 0.009, -0.006, 0.209
26.380, 0.200, -0.500, 0.008, -0.006, 0.203
26.400, 0.200, -0.500, 0.007, -0.006, 0.196
26.420, 0.200, -0.500, 0.006, -0.007, 0.190
26.440, 0.200, -0.500, 0.007, -0.010, 0.186
26.460, 0.200, -0.500, 0.009, -0.013, 0.183
26.480, 0.200, -0.500, 0.011, -0.019, 0.181
26.500, 0.200, -0.500, 0.014, -0.026, 0.181
26.520, 0.200, -0.500, 0.017, -0.035, 0.181
26.540, 0.200, -0.500, 0.020, -0.045, 0.180
26.560, 0.200, -0.500, 0.024, -0.057, 0.180
26.580, 0.200, -0.500, 0.030, -0.071, 0.180
26.600, 0.200, -0.500, 0.035, -0.085, 0.179
26.620, 0.200, -0.500, 0.041, -0.101, 0.177
26.640, 0.200, -0.500, 0.048, -0.116, 0.173
26.660, 0.200, -0.500, 0.054, -0.131, 0.168
26.680, 0.200, -0.500, 0.059, -0.145, 0.164
26.700, 0.200, -0.500, 0.063, -0.157, 0.159
26.720, 0.200, -0.500, 0.067, -0.168, 0.155
26.740, 0.200, -0.500, 0.069, -0.176, 0.151
26.760, 0.200, -0.500, 0.072, -0.183, 0.148
26.780, 0.200, -0.500, 0.074, -0.188, 0.146
26.800, 0.200, -0.500, 0.076, -0.191, 0.145
26.820, 0.200, -0.500, 0.077, -0.192, 0.147
26.840, 0.200, -0.500, 0.078, -0.192, 0.150
26.860, 0.200, -0.500, 0.079, -0.189, 0.154
26.880, 0.200, -0.500, 0.079, -0.185, 0.159
26.900, 0.200, -0.500, 0.079, -0.180, 0.164
26.920, 0.200, -0.500, 0.079, -0.173, 0.170
26.940, 0.200, -0.500, 0.079, -0.166, 0.176
26.960, 0.200, -0.500, 0.079, -0.158, 0.183
26.980, 0.200, -0.500, 0.079, -0.151, 0.188
27.000, 0.200, -0.500, 0.078, -0.143, 0.192
27.020, 0.200, -0.500, 0.077, -0.135, 0.192
27.040, 0.200, -0.500, 0.076, -0.129, 0.191
27.060, 0.200, -0.500, 0.075, -0.125, 0.189
27.080, 0.200, -0.500, 0.075, -0.124, 0.187
27.100, 0.200, -0.500, 0.075, -0.126, 0.184
27.120, 0.200, -0.500, 0.075, -0.130, 0.181
27.140, 0.200, -0.500, 0.077, -0.137, 0.179
27.160, 0.200, -0.500, 0.081, -0.145, 0.179
27.180, 0.200, -0.500, 0.085, -0.155, 0.181
27.200, 0.200, -0.500, 0.091, -0.166, 0.184
27.220, 0.200, -0.500, 0.099, -0.178, 0.188
27.240, 0.200, -0.500, 0.107, -0.192, 0.191
27.260, 0.200, -0.500, 0.116, -0.206, 0.194
27.280, 0.200, -0.500, 0.124, -0.221, 0.195
27.300, 0.200, -0.500, 0.131, -0.236, 0.195
27.320, 0.200, -0.500, 0.136, -0.251, 0.195
27.340, 0.200, -0.500, 0.140, -0.265, 0.193
27.360, 0.200, -0.500, 0.143, -0.278, 0.191
27.380, 0.200, -0.500, 0.144, -0.289, 0.188
27.400, 0.200, -0.500, 0.145, -0.298, 0.185
27.420, 0.200, -0.500, 0.145, -0.304, 0.182
27.440, 0.200, -0.500, 0.145, -0.309, 0.180
27.460, 0.200, -0.500, 0.144, -0.311, 0.179
27.480, 0.200, -0.500, 0.143, -0.312, 0.179
27.500, 0.200, -0.500, 0.142, -0.311, 0.180
27.520, 0.200, -0.500, 0.140, -0.308, 0.182
27.540, 0.200, -0.500, 0.138, -0.304, 0.185
27.560, 0.200, -0.500, 0.135, -0.299, 0.189
27.580, 0.200, -0.500, 0.132, -0.293, 0.195
27.600, 0.200, -0.500, 0.130, -0.287, 0.201
27.620, 0.200, -0.500, 0.128, -0.279, 0.209
27.640, 0.200, -0.500, 0.125, -0.271, 0.214
27.660, 0.200, -0.500, 0.122, -0.263, 0.214
27.680, 0.200, -0.500, 0.120, -0.257, 0.210
27.700, 0.200, -0.500, 0.118, -0.253, 0.202
27.720, 0.200, -0.500, 0.118, -0.252, 0.192
27.740, 0.200, -0.500, 0.119, -0.255, 0.184
27.760, 0.200, -0.500, 0.122, -0.260, 0.178
27.780, 0.200, -0.500, 0.126, -0.268, 0.176
27.800, 0.200, -0.500, 0.132, -0.277, 0.177
27.820, 0.200, -0.500, 0.139, -0.287, 0.179
27.840, 0.200, -0.500, 0.147, -0.300, 0.181
27.860, 0.200, -0.500, 0.156, -0.313, 0.184
27.880, 0.200, -0.500, 0.166, -0.328, 0.185
27.900, 0.200, -0.500, 0.176, -0.343, 0.185
27.920, 0.200, -0.500, 0.187, -0.360, 0.183
27.940, 0.200, -0.500, 0.198, -0.376, 0.179
27.960, 0.200, -0.500, 0.209, -0.393, 0.173
27.980, 0.200, -0.500, 0.219, -0.408, 0.165
28.000, 0.200, -0.500, 0.229, -0.421, 0.157
28.020, 0.200, -0.500, 0.235, -0.433, 0.153
28.040, 0.200, -0.500, 0.241, -0.438, 0.157
28.060, 0.200, -0.500, 0.246, -0.438, 0.163
28.080, 0.200, -0.500, 0.250, -0.438, 0.167
28.100, 0.200, -0.500, 0.254, -0.436, 0.169
28.120, 0.200, -0.500, 0.257, -0.433, 0.169
28.140, 0.200, -0.500, 0.260, -0.428, 0.168
28.160, 0.200, -0.500, 0.264, -0.421, 0.167
28.180, 0.200, -0.500, 0.269, -0.414, 0.166
28.200, 0.200, -0.500, 0.273, -0.406, 0.167
28.220, 0.200, -0.500, 0.278, -0.398, 0.170
28.240, 0.200, -0.500, 0.282, -0.390, 0.173
28.260, 0.200, -0.500, 0.287, -0.382, 0.178
28.280, 0.200, -0.500, 0.291, -0.374, 0.183
28.300, 0.200, -0.500, 0.293, -0.366, 0.186
28.320, 0.200, -0.500, 0.294, -0.359, 0.185
28.340, 0.200, -0.500, 0.292, -0.353, 0.182
28.360, 0.200, -0.500, 0.290, -0.348, 0.176
28.380, 0.200, -0.500, 0.288, -0.347, 0.171
28.400, 0.200, -0.500, 0.287, -0.347, 0.165
28.420, 0.200, -0.500, 0.283, -0.349, 0.162
28.440, 0.200, -0.500, 0.282, -0.352, 0.161
28.460, 0.200, -0.500, 0.282, -0.358, 0.161
28.480, 0.200, -0.500, 0.284, -0.364, 0.162
28.500, 0.200, -0.500, 0.286, -0.371, 0.163
28.520, 0.200, -0.500, 0.287, -0.378, 0.163
28.540, 0.200, -0.500, 0.288, -0.385, 0.164
28.560, 0.200, -0.500, 0.289, -0.392, 0.164
28.580, 0.200, -0.500, 0.288, -0.398, 0.165
28.600, 0.200, -0.500, 0.287, -0.403, 0.166
28.620, 0.200, -0.500, 0.285, -0.407, 0.168
28.640, 0.200, -0.500, 0.283, -0.410, 0.169
28.660, 0.200, -0.500, 0.280, -0.413, 0.172
28.680, 0.200, -0.500, 0.277, -0.415, 0.174
28.700, 0.200, -0.500, 0.274, -0.416, 0.177
28.720, 0.200, -0.500, 0.271, -0.417, 0.179
28.740, 0.200, -0.500, 0.268, -0.417, 0.181
28.760, 0.200, -0.500, 0.264, -0.417, 0.183
28.780, 0.200, -0.500, 0.260, -0.416, 0.185
28.800, 0.200, -0.500, 0.256, -0.415, 0.186
28.820, 0.200, -0.500, 0.251, -0.414, 0.188
28.840, 0.200, -0.500, 0.247, -0.413, 0.189
28.860, 0.200, -0.500, 0.243, -0.411, 0.191
28.880, 0.200, -0.500, 0.239, -0.411, 0.192
28.900, 0.200, -0.500, 0.235, -0.410, 0.194
28.920, 0.200, -0.500, 0.232, -0.409, 0.196
28.940, 0.200, -0.500, 0.230, -0.409, 0.199
28.960, 0.200, -0.500, 0.227, -0.410, 0.199
28.980, 0.200, -0.500, 0.225, -0.410, 0.194
29.000, 0.200, -0.500, 0.222, -0.411, 0.186
29.020, 0.200, -0.500, 0.221, -0.412, 0.179
29.040, 0.200, -0.500, 0.220, -0.414, 0.172
29.060, 0.200, -0.500, 0.222, -0.416, 0.167
29.080, 0.200, -0.500, 0.225, -0.420, 0.163
29.100, 0.200, -0.500, 0.230, -0.426, 0.161
29.120, 0.200, -0.500, 0.235, -0.434, 0.159
29.140, 0.200, -0.500, 0.240, -0.443, 0.160
29.160, 0.200, -0.500, 0.246, -0.453, 0.160
29.180, 0.200, -0.500, 0.251, -0.463, 0.161
29.200, 0.200, -0.500, 0.257, -0.475, 0.161
29.220, 0.200, -0.500, 0.264, -0.485, 0.160
29.240, 0.200, -0.500, 0.272, -0.496, 0.158
29.260, 0.200, -0.500, 0.280, -0.505, 0.155
29.280, 0.200, -0.500, 0.289, -0.513, 0.152
29.300, 0.200, -0.500, 0.297, -0.520, 0.148
29.320, 0.200, -0.500, 0.306, -0.525, 0.144
29.340, 0.200, -0.500, 0.310, -0.528, 0.147
29.360, 0.200, -0.500, 0.315, -0.529, 0.152
29.380, 0.200, -0.500, 0.318, -0.528, 0.156
29.400, 0.200, -0.500, 0.322, -0.527, 0.158
29.420, 0.200, -0.500, 0.325, -0.524, 0.159
29.440, 0.200, -0.500, 0.328, -0.520, 0.159
29.460, 0.200, -0.500, 0.332, -0.516, 0.159
29.480, 0.200, -0.500, 0.335, -0.511, 0.159
29.500, 0.200, -0.500, 0.338, -0.505, 0.160
29.520, 0.200, -0.500, 0.342, -0.500, 0.162
29.540, 0.200, -0.500, 0.345, -0.494, 0.166
29.560, 0.200, -0.500, 0.348, -0.489, 0.171
29.580, 0.200, -0.500, 0.351, -0.484, 0.177
29.600, 0.200, -0.500, 0.353, -0.478, 0.182
29.620, 0.200, -0.500, 0.354, -0.473, 0.183
29.640, 0.200, -0.500, 0.353, -0.469, 0.181
29.660, 0.200, -0.500, 0.352, -0.466, 0.178
29.680, 0.200, -0.500, 0.352, -0.466, 0.173
29.700, 0.200, -0.500, 0.352, -0.467, 0.168
29.720, 0.200, -0.500, 0.355, -0.471, 0.167
29.740, 0.200, -0.500, 0.358, -0.477, 0.167
29.760, 0.200, -0.500, 0.363, -0.485, 0.168
29.780, 0.200, -0.500, 0.369, -0.493, 0.169
29.800, 0.200, -0.500, 0.374, -0.503, 0.170
29.820, 0.200, -0.500, 0.381, -0.513, 0.169
29.840, 0.200, -0.500, 0.386, -0.522, 0.167
29.860, 0.200, -0.500, 0.389, -0.531, 0.166
29.880, 0.200, -0.500, 0.391, -0.539, 0.165
29.900, 0.200, -0.500, 0.392, -0.546, 0.163
29.920, 0.200, -0.500, 0.392, -0.553, 0.162
29.940, 0.200, -0.500, 0.391, -0.558, 0.162
29.960, 0.200, -0.500, 0.390, -0.563, 0.162
29.980, 0.200, -0.500, 0.389, -0.566, 0.162
30.000, 0.200, -0.500, 0.387, -0.568, 0.162
30.020, 0.200, -0.500, 0.386, -0.569, 0.163
30.040, 0.200, -0.500, 0.384, -0.569, 0.165
30.060, 0.200, -0.500, 0.382, -0.568, 0.166
32.100, -0.200, 0.500, 0.000, 0.000, 0.250
32.120, -0.200, 0.500, -0.001, 0.001, 0.238
32.140, -0.200, 0.500, -0.002, 0.002, 0.225
32.160, -0.200, 0.500, -0.003, 0.005, 0.213
32.180, -0.200, 0.500, -0.003, 0.010, 0.203
32.200, -0.200, 0.500, -0.003, 0.016, 0.196
32.220, -0.200, 0.500, -0.004, 0.024, 0.193
32.240, -0.200, 0.500, -0.004, 0.033, 0.190
32.260, -0.200, 0.500, -0.004, 0.042, 0.190
32.280, -0.200, 0.500, -0.003, 0.051, 0.193
32.300, -0.200, 0.500, -0.002, 0.059, 0.197
32.320, -0.200, 0.500, -0.001, 0.066, 0.201
32.340, -0.200, 0.500, 0.000, 0.072, 0.205
32.360, -0.200, 0.500, 0.001, 0.076, 0.205
32.380, -0.200, 0.500, 0.001, 0.078, 0.202
32.400, -0.200, 0.500, 0.001, 0.080, 0.198
32.420, -0.200, 0.500, -0.001, 0.084, 0.193
32.440, -0.200, 0.500, -0.003, 0.089, 0.189
32.460, -0.200, 0.500, -0.007, 0.097, 0.185
32.480, -0.200, 0.500, -0.011, 0.105, 0.183
32.500, -0.200, 0.500, -0.016, 0.114, 0.184
32.520, -0.200, 0.500, -0.020, 0.124, 0.187
32.540, -0.200, 0.500, -0.024, 0.133, 0.189
32.560, -0.200, 0.500, -0.028, 0.143, 0.191
32.580, -0.200, 0.500, -0.031, 0.152, 0.191
32.600, -0.200, 0.500, -0.033, 0.161, 0.190
32.620, -0.200, 0.500, -0.035, 0.168, 0.188
32.640, -0.200, 0.500, -0.037, 0.174, 0.186
32.660, -0.200, 0.500, -0.038, 0.179, 0.184
32.680, -0.200, 0.500, -0.039, 0.183, 0.182
32.700, -0.200, 0.500, -0.040, 0.185, 0.181
32.720, -0.200, 0.500, -0.040, 0.186, 0.180
32.740, -0.200, 0.500, -0.041, 0.186, 0.180
32.760, -0.200, 0.500, -0.041, 0.185, 0.181
32.780, -0.200, 0.500, -0.041, 0.183, 0.183
32.800, -0.200, 0.500, -0.041, 0.180, 0.185
32.820, -0.200, 0.500, -0.041, 0.177, 0.187
32.840, -0.200, 0.500, -0.040, 0.173, 0.190
32.860, -0.200, 0.500, -0.039, 0.168, 0.192
32.880, -0.200, 0.500, -0.038, 0.163, 0.195
32.900, -0.200, 0.500, -0.036, 0.158, 0.198
32.920, -0.200, 0.500, -0.034, 0.152, 0.202
32.940, -0.200, 0.500, -0.032, 0.147, 0.205
32.960, -0.200, 0.500, -0.031, 0.142, 0.209
32.980, -0.200, 0.500, -0.029, 0.136, 0.214
33.000, -0.200, 0.500, -0.028, 0.131, 0.217
33.020, -0.200, 0.500, -0.026, 0.126, 0.216
33.040, -0.200, 0.500, -0.026, 0.123, 0.211
33.060, -0.200, 0.500, -0.026, 0.123, 0.203
33.080, -0.200, 0.500, -0.026, 0.126, 0.195
33.100, -0.200, 0.500, -0.028, 0.132, 0.189
33.120, -0.200, 0.500, -0.030, 0.140, 0.185
33.140, -0.200, 0.500, -0.033, 0.151, 0.185
33.160, -0.200, 0.500, -0.036, 0.163, 0.186
33.180, -0.200, 0.500, -0.041, 0.178, 0.189
33.200, -0.200, 0.500, -0.045, 0.193, 0.191
33.220, -0.200, 0.500, -0.051, 0.210, 0.193
33.240, -0.200, 0.500, -0.057, 0.229, 0.193
33.260, -0.200, 0.500, -0.063, 0.248, 0.192
33.280, -0.200, 0.500, -0.069, 0.267, 0.188
33.300, -0.200, 0.500, -0.075, 0.286, 0.183
33.320, -0.200, 0.500, -0.081, 0.305, 0.175
33.340, -0.200, 0.500, -0.085, 0.322, 0.164
33.360, -0.200, 0.500, -0.090, 0.335, 0.154
33.380, -0.200, 0.500, -0.094, 0.346, 0.144
33.400, -0.200, 0.500, -0.097, 0.355, 0.139
33.420, -0.200, 0.500, -0.098, 0.356, 0.142
33.440, -0.200, 0.500, -0.099, 0.355, 0.148
33.460, -0.200, 0.500, -0.100, 0.352, 0.153
33.480, -0.200, 0.500, -0.101, 0.348, 0.157
33.500, -0.200, 0.500, -0.102, 0.343, 0.159
33.520, -0.200, 0.500, -0.103, 0.337, 0.160
33.540, -0.200, 0.500, -0.104, 0.330, 0.161
33.560, -0.200, 0.500, -0.106, 0.323, 0.162
33.580, -0.200, 0.500, -0.107, 0.316, 0.164
33.600, -0.200, 0.500, -0.108, 0.309, 0.167
33.620, -0.200, 0.500, -0.109, 0.303, 0.172
33.640, -0.200, 0.500, -0.110, 0.297, 0.178
33.660, -0.200, 0.500, -0.110, 0.292, 0.182
33.680, -0.200, 0.500, -0.109, 0.286, 0.185
33.700, -0.200, 0.500, -0.106, 0.280, 0.186
33.720, -0.200, 0.500, -0.104, 0.274, 0.186
33.740, -0.200, 0.500, -0.102, 0.271, 0.186
33.760, -0.200, 0.500, -0.101, 0.269, 0.185
33.780, -0.200, 0.500, -0.100, 0.271, 0.184
33.800, -0.200, 0.500, -0.099, 0.275, 0.183
33.820, -0.200, 0.500, -0.099, 0.281, 0.184
33.840, -0.200, 0.500, -0.101, 0.290, 0.185
33.860, -0.200, 0.500, -0.104, 0.300, 0.188
33.880, -0.200, 0.500, -0.108, 0.312, 0.191
33.900, -0.200, 0.500, -0.113, 0.326, 0.194
33.920, -0.200, 0.500, -0.117, 0.340, 0.197
33.940, -0.200, 0.500, -0.120, 0.355, 0.198
33.960, -0.200, 0.500, -0.123, 0.371, 0.200
33.980, -0.200, 0.500, -0.125, 0.388, 0.201
34.000, -0.200, 0.500, -0.126, 0.404, 0.201
34.020, -0.200, 0.500, -0.126, 0.419, 0.201
34.040, -0.200, 0.500, -0.126, 0.434, 0.200
34.060, -0.200, 0.500, -0.124, 0.446, 0.198
34.080, -0.200, 0.500, -0.122, 0.456, 0.196
34.100, -0.200, 0.500, -0.119, 0.465, 0.194
34.120, -0.200, 0.500, -0.116, 0.471, 0.191
34.140, -0.200, 0.500, -0.112, 0.475, 0.189
34.160, -0.200, 0.500, -0.109, 0.478, 0.186
34.180, -0.200, 0.500, -0.105, 0.479, 0.185
34.200, -0.200, 0.500, -0.102, 0.478, 0.185
34.220, -0.200, 0.500, -0.097, 0.477, 0.188
34.240, -0.200, 0.500, -0.093, 0.475, 0.192
34.260, -0.200, 0.500, -0.089, 0.471, 0.197
34.280, -0.200, 0.500, -0.085, 0.467, 0.203
34.300, -0.200, 0.500, -0.083, 0.461, 0.208
34.320, -0.200, 0.500, -0.082, 0.453, 0.211
34.340, -0.200, 0.500, -0.082, 0.446, 0.209
34.360, -0.200, 0.500, -0.083, 0.439, 0.204
34.380, -0.200, 0.500, -0.085, 0.433, 0.197
34.400, -0.200, 0.500, -0.088, 0.430, 0.191
34.420, -0.200, 0.500, -0.092, 0.428, 0.184
34.440, -0.200, 0.500, -0.097, 0.430, 0.179
34.460, -0.200, 0.500, -0.102, 0.433, 0.175
34.480, -0.200, 0.500, -0.108, 0.440, 0.171
34.500, -0.200, 0.500, -0.114, 0.449, 0.169
34.520, -0.200, 0.500, -0.121, 0.460, 0.169
34.540, -0.200, 0.500, -0.128, 0.472, 0.169
34.560, -0.200, 0.500, -0.136, 0.487, 0.170
34.580, -0.200, 0.500, -0.144, 0.502, 0.170
34.600, -0.200, 0.500, -0.153, 0.518, 0.169
34.620, -0.200, 0.500, -0.161, 0.534, 0.167
34.640, -0.200, 0.500, -0.169, 0.550, 0.162
34.660, -0.200, 0.500, -0.177, 0.566, 0.157
34.680, -0.200, 0.500, -0.185, 0.580, 0.151
34.700, -0.200, 0.500, -0.191, 0.591, 0.151
34.720, -0.200, 0.500, -0.196, 0.596, 0.158
34.740, -0.200, 0.500, -0.200, 0.599, 0.164
34.760, -0.200, 0.500, -0.203, 0.600, 0.167
34.780, -0.200, 0.500, -0.206, 0.601, 0.168
34.800, -0.200, 0.500, -0.209, 0.600, 0.167
34.820, -0.200, 0.500, -0.212, 0.597, 0.165
34.840, -0.200, 0.500, -0.216, 0.592, 0.164
34.860, -0.200, 0.500, -0.217, 0.587, 0.166
34.880, -0.200, 0.500, -0.219, 0.582, 0.168
34.900, -0.200, 0.500, -0.222, 0.576, 0.170
34.920, -0.200, 0.500, -0.226, 0.570, 0.174
34.940, -0.200, 0.500, -0.229, 0.563, 0.179
34.960, -0.200, 0.500, -0.232, 0.557, 0.184
34.980, -0.200, 0.500, -0.233, 0.550, 0.186
35.000, -0.200, 0.500, -0.232, 0.544, 0.186
35.020, -0.200, 0.500, -0.229, 0.539, 0.183
35.040, -0.200, 0.500, -0.227, 0.537, 0.180
35.060, -0.200, 0.500, -0.226, 0.538, 0.176
35.080, -0.200, 0.500, -0.225, 0.541, 0.172
35.100, -0.200, 0.500, -0.225, 0.545, 0.169
35.120, -0.200, 0.500, -0.227, 0.552, 0.168
35.140, -0.200, 0.500, -0.230, 0.560, 0.169
35.160, -0.200, 0.500, -0.233, 0.569, 0.171
35.180, -0.200, 0.500, -0.236, 0.579, 0.172
35.200, -0.200, 0.500, -0.236, 0.589, 0.172
35.220, -0.200, 0.500, -0.236, 0.597, 0.173
35.240, -0.200, 0.500, -0.235, 0.605, 0.174
35.260, -0.200, 0.500, -0.232, 0.612, 0.176
35.280, -0.200, 0.500, -0.230, 0.618, 0.178
35.300, -0.200, 0.500, -0.228, 0.623, 0.180
35.320, -0.200, 0.500, -0.226, 0.628, 0.182
35.340, -0.200, 0.500, -0.225, 0.633, 0.183
35.360, -0.200, 0.500, -0.222, 0.638, 0.184
35.380, -0.200, 0.500, -0.220, 0.642, 0.185
35.400, -0.200, 0.500, -0.216, 0.646, 0.186
35.420, -0.200, 0.500, -0.213, 0.650, 0.186
35.440, -0.200, 0.500, -0.208, 0.653, 0.186
35.460, -0.200, 0.500, -0.204, 0.654, 0.187
35.480, -0.200, 0.500, -0.199, 0.656, 0.187
35.500, -0.200, 0.500, -0.194, 0.656, 0.188
35.520, -0.200, 0.500, -0.188, 0.656, 0.189
35.540, -0.200, 0.500, -0.183, 0.655, 0.190
35.560, -0.200, 0.500, -0.178, 0.654, 0.192
35.580, -0.200, 0.500, -0.173, 0.653, 0.197
35.600, -0.200, 0.500, -0.169, 0.651, 0.203
35.620, -0.200, 0.500, -0.167, 0.648, 0.206
35.640, -0.200, 0.500, -0.166, 0.645, 0.204
35.660, -0.200, 0.500, -0.167, 0.643, 0.198
35.680, -0.200, 0.500, -0.168, 0.641, 0.190
35.700, -0.200, 0.500, -0.169, 0.641, 0.181
35.720, -0.200, 0.500, -0.172, 0.642, 0.173
35.740, -0.200, 0.500, -0.176, 0.647, 0.166
35.760, -0.200, 0.500, -0.181, 0.652, 0.162
35.780, -0.200, 0.500, -0.186, 0.659, 0.161
35.800, -0.200, 0.500, -0.191, 0.668, 0.161
35.820, -0.200, 0.500, -0.196, 0.677, 0.162
35.840, -0.200, 0.500, -0.201, 0.687, 0.163
35.860, -0.200, 0.500, -0.207, 0.697, 0.163
35.880, -0.200, 0.500, -0.214, 0.709, 0.162
35.900, -0.200, 0.500, -0.222, 0.720, 0.160
35.920, -0.200, 0.500, -0.231, 0.731, 0.158
35.940, -0.200, 0.500, -0.241, 0.741, 0.156
35.960, -0.200, 0.500, -0.251, 0.750, 0.152
35.980, -0.200, 0.500, -0.261, 0.757, 0.148
36.000, -0.200, 0.500, -0.267, 0.763, 0.148
36.020, -0.200, 0.500, -0.272, 0.766, 0.154
36.040, -0.200, 0.500, -0.276, 0.767, 0.159
36.060, -0.200, 0.500, -0.280, 0.767, 0.161
36.080, -0.200, 0.500, -0.283, 0.766, 0.161
38.120, -0.100, 0.500, 0.000, 0.000, 0.250
38.140, -0.100, 0.500, -0.000, 0.000, 0.237
38.160, -0.100, 0.500, -0.001, 0.000, 0.223
38.180, -0.100, 0.500, -0.002, 0.001, 0.207
38.200, -0.100, 0.500, -0.002, 0.004, 0.194
38.220, -0.100, 0.500, -0.003, 0.008, 0.186
38.240, -0.100, 0.500, -0.004, 0.012, 0.180
38.260, -0.100, 0.500, -0.004, 0.018, 0.178
38.280, -0.100, 0.500, -0.005, 0.024, 0.178
38.300, -0.100, 0.500, -0.006, 0.029, 0.182
38.320, -0.100, 0.500, -0.007, 0.034, 0.187
38.340, -0.100, 0.500, -0.007, 0.037, 0.193
38.360, -0.100, 0.500, -0.007, 0.040, 0.198
38.380, -0.100, 0.500, -0.007, 0.040, 0.199
38.400, -0.100, 0.500, -0.006, 0.040, 0.197
38.420, -0.100, 0.500, -0.005, 0.041, 0.194
38.440, -0.100, 0.500, -0.004, 0.044, 0.189
38.460, -0.100, 0.500, -0.003, 0.049, 0.185
38.480, -0.100, 0.500, -0.003, 0.056, 0.182
38.500, -0.100, 0.500, -0.004, 0.063, 0.181
38.520, -0.100, 0.500, -0.005, 0.072, 0.181
38.540, -0.100, 0.500, -0.006, 0.080, 0.183
38.560, -0.100, 0.500, -0.007, 0.089, 0.186
38.580, -0.100, 0.500, -0.008, 0.099, 0.188
38.600, -0.100, 0.500, -0.010, 0.108, 0.189
38.620, -0.100, 0.500, -0.011, 0.116, 0.189
38.640, -0.100, 0.500, -0.012, 0.125, 0.189
38.660, -0.100, 0.500, -0.013, 0.132, 0.188
38.680, -0.100, 0.500, -0.014, 0.138, 0.186
38.700, -0.100, 0.500, -0.015, 0.143, 0.184
38.720, -0.100, 0.500, -0.015, 0.147, 0.183
38.740, -0.100, 0.500, -0.016, 0.150, 0.182
38.760, -0.100, 0.500, -0.017, 0.151, 0.182
38.780, -0.100, 0.500, -0.017, 0.152, 0.183
38.800, -0.100, 0.500, -0.018, 0.151, 0.184
38.820, -0.100, 0.500, -0.018, 0.149, 0.186
38.840, -0.100, 0.500, -0.018, 0.146, 0.188
38.860, -0.100, 0.500, -0.018, 0.143, 0.190
38.880, -0.100, 0.500, -0.017, 0.139, 0.192
38.900, -0.100, 0.500, -0.017, 0.134, 0.194
38.920, -0.100, 0.500, -0.016, 0.129, 0.197
38.940, -0.100, 0.500, -0.015, 0.124, 0.200
38.960, -0.100, 0.500, -0.014, 0.118, 0.203
38.980, -0.100, 0.500, -0.013, 0.113, 0.207
39.000, -0.100, 0.500, -0.012, 0.107, 0.212
39.020, -0.100, 0.500, -0.011, 0.102, 0.214
39.040, -0.100, 0.500, -0.011, 0.097, 0.213
39.060, -0.100, 0.500, -0.010, 0.095, 0.208
39.080, -0.100, 0.500, -0.010, 0.095, 0.201
39.100, -0.100, 0.500, -0.010, 0.098, 0.193
39.120, -0.100, 0.500, -0.011, 0.104, 0.187
39.140, -0.100, 0.500, -0.012, 0.112, 0.184
39.160, -0.100, 0.500, -0.014, 0.123, 0.183
39.180, -0.100, 0.500, -0.016, 0.135, 0.184
39.200, -0.100, 0.500, -0.018, 0.149, 0.186
39.220, -0.100, 0.500, -0.021, 0.164, 0.188
39.240, -0.100, 0.500, -0.025, 0.181, 0.189
39.260, -0.100, 0.500, -0.028, 0.199, 0.189
39.280, -0.100, 0.500, -0.032, 0.217, 0.188
39.300, -0.100, 0.500, -0.036, 0.236, 0.184
39.320, -0.100, 0.500, -0.040, 0.254, 0.179
39.340, -0.100, 0.500, -0.044, 0.272, 0.172
39.360, -0.100, 0.500, -0.047, 0.287, 0.163
39.380, -0.100, 0.500, -0.051, 0.301, 0.155
39.400, -0.100, 0.500, -0.054, 0.312, 0.147
39.420, -0.100, 0.500, -0.057, 0.321, 0.141
39.440, -0.100, 0.500, -0.060, 0.327, 0.135
39.460, -0.100, 0.500, -0.063, 0.331, 0.133
39.480, -0.100, 0.500, -0.065, 0.332, 0.133
39.500, -0.100, 0.500, -0.066, 0.331, 0.136
39.520, -0.100, 0.500, -0.067, 0.329, 0.141
39.540, -0.100, 0.500, -0.068, 0.325, 0.147
39.560, -0.100, 0.500, -0.069, 0.319, 0.152
39.580, -0.100, 0.500, -0.070, 0.313, 0.158
39.600, -0.100, 0.500, -0.071, 0.306, 0.164
39.620, -0.100, 0.500, -0.072, 0.298, 0.170
39.640, -0.100, 0.500, -0.073, 0.291, 0.176
39.660, -0.100, 0.500, -0.073, 0.284, 0.183
39.680, -0.100, 0.500, -0.073, 0.277, 0.187
39.700, -0.100, 0.500, -0.071, 0.270, 0.189
39.720, -0.100, 0.500, -0.069, 0.262, 0.189
39.740, -0.100, 0.500, -0.067, 0.256, 0.188
39.760, -0.100, 0.500, -0.065, 0.252, 0.187
39.780, -0.100, 0.500, -0.062, 0.250, 0.185
39.800, -0.100, 0.500, -0.061, 0.250, 0.183
39.820, -0.100, 0.500, -0.059, 0.253, 0.181
39.840, -0.100, 0.500, -0.059, 0.259, 0.180
39.860, -0.100, 0.500, -0.060, 0.266, 0.180
39.880, -0.100, 0.500, -0.062, 0.275, 0.182
39.900, -0.100, 0.500, -0.066, 0.285, 0.185
39.920, -0.100, 0.500, -0.069, 0.296, 0.188
39.940, -0.100, 0.500, -0.073, 0.308, 0.190
39.960, -0.100, 0.500, -0.077, 0.321, 0.192
39.980, -0.100, 0.500, -0.080, 0.335, 0.194
40.000, -0.100, 0.500, -0.082, 0.350, 0.195
40.020, -0.100, 0.500, -0.084, 0.364, 0.195
40.040, -0.100, 0.500, -0.085, 0.379, 0.195
40.060, -0.100, 0.500, -0.086, 0.392, 0.194
40.080, -0.100, 0.500, -0.086, 0.405, 0.193
40.100, -0.100, 0.500, -0.085, 0.416, 0.192
40.120, -0.100, 0.500, -0.084, 0.425, 0.190
40.140, -0.100, 0.500, -0.082, 0.433, 0.187
40.160, -0.100, 0.500, -0.080, 0.438, 0.185
40.180, -0.100, 0.500, -0.077, 0.442, 0.183
40.200, -0.100, 0.500, -0.075, 0.444, 0.183
40.220, -0.100, 0.500, -0.072, 0.444, 0.184
40.240, -0.100, 0.500, -0.070, 0.443, 0.186
40.260, -0.100, 0.500, -0.068, 0.440, 0.190
40.280, -0.100, 0.500, -0.066, 0.436, 0.194
40.300, -0.100, 0.500, -0.065, 0.431, 0.200
40.320, -0.100, 0.500, -0.064, 0.425, 0.206
40.340, -0.100, 0.500, -0.065, 0.418, 0.209
40.360, -0.100, 0.500, -0.065, 0.410, 0.207
40.380, -0.100, 0.500, -0.066, 0.404, 0.202
40.400, -0.100, 0.500, -0.067, 0.399, 0.195
40.420, -0.100, 0.500, -0.068, 0.397, 0.188
40.440, -0.100, 0.500, -0.070, 0.397, 0.182
40.460, -0.100, 0.500, -0.071, 0.400, 0.178
40.480, -0.100, 0.500, -0.073, 0.404, 0.176
40.500, -0.100, 0.500, -0.075, 0.410, 0.176
40.520, -0.100, 0.500, -0.077, 0.418, 0.177
40.540, -0.100, 0.500, -0.079, 0.426, 0.178
40.560, -0.100, 0.500, -0.082, 0.437, 0.178
40.580, -0.100, 0.500, -0.086, 0.449, 0.178
40.600, -0.100, 0.500, -0.090, 0.462, 0.178
40.620, -0.100, 0.500, -0.096, 0.476, 0.177
40.640, -0.100, 0.500, -0.103, 0.491, 0.175
40.660, -0.100, 0.500, -0.110, 0.506, 0.172
40.680, -0.100, 0.500, -0.118, 0.521, 0.169
40.700, -0.100, 0.500, -0.126, 0.535, 0.165
40.720, -0.100, 0.500, -0.134, 0.547, 0.161
40.740, -0.100, 0.500, -0.141, 0.558, 0.157
40.760, -0.100, 0.500, -0.148, 0.566, 0.153
40.780, -0.100, 0.500, -0.156, 0.572, 0.150
40.800, -0.100, 0.500, -0.161, 0.576, 0.149
40.820, -0.100, 0.500, -0.165, 0.577, 0.153
40.840, -0.100, 0.500, -0.168, 0.576, 0.158
40.860, -0.100, 0.500, -0.170, 0.573, 0.162
40.880, -0.100, 0.500, -0.173, 0.568, 0.166
40.900, -0.100, 0.500, -0.176, 0.562, 0.169
40.920, -0.100, 0.500, -0.179, 0.556, 0.171
40.940, -0.100, 0.500, -0.182, 0.548, 0.174
40.960, -0.100, 0.500, -0.185, 0.540, 0.178
40.980, -0.100, 0.500, -0.188, 0.531, 0.182
41.000, -0.100, 0.500, -0.189, 0.523, 0.183
41.020, -0.100, 0.500, -0.188, 0.514, 0.181
41.040, -0.100, 0.500, -0.186, 0.507, 0.177
41.060, -0.100, 0.500, -0.183, 0.502, 0.172
41.080, -0.100, 0.500, -0.181, 0.499, 0.168
41.100, -0.100, 0.500, -0.180, 0.499, 0.166
41.120, -0.100, 0.500, -0.181, 0.501, 0.166
41.140, -0.100, 0.500, -0.185, 0.505, 0.167
41.160, -0.100, 0.500, -0.191, 0.509, 0.168
41.180, -0.100, 0.500, -0.198, 0.516, 0.169
41.200, -0.100, 0.500, -0.206, 0.523, 0.169
41.220, -0.100, 0.500, -0.214, 0.531, 0.168
41.240, -0.100, 0.500, -0.222, 0.540, 0.167
41.260, -0.100, 0.500, -0.228, 0.550, 0.165
41.280, -0.100, 0.500, -0.235, 0.559, 0.163
41.300, -0.100, 0.500, -0.239, 0.568, 0.162
41.320, -0.100, 0.500, -0.239, 0.575, 0.165
41.340, -0.100, 0.500, -0.239, 0.580, 0.167
41.360, -0.100, 0.500, -0.239, 0.584, 0.169
41.380, -0.100, 0.500, -0.239, 0.587, 0.171
41.400, -0.100, 0.500, -0.239, 0.589, 0.173
41.420, -0.100, 0.500, -0.238, 0.590, 0.175
41.440, -0.100, 0.500, -0.236, 0.590, 0.176
41.460, -0.100, 0.500, -0.234, 0.589, 0.177
41.480, -0.100, 0.500, -0.232, 0.587, 0.178
41.500, -0.100, 0.500, -0.229, 0.585, 0.180
41.520, -0.100, 0.500, -0.226, 0.583, 0.181
41.540, -0.100, 0.500, -0.223, 0.580, 0.182
41.560, -0.100, 0.500, -0.220, 0.578, 0.184
41.580, -0.100, 0.500, -0.218, 0.577, 0.185
41.600, -0.100, 0.500, -0.215, 0.575, 0.186
41.620, -0.100, 0.500, -0.213, 0.574, 0.189
41.640, -0.100, 0.500, -0.211, 0.573, 0.190
41.660, -0.100, 0.500, -0.208, 0.572, 0.188
41.680, -0.100, 0.500, -0.204, 0.572, 0.182
41.700, -0.100, 0.500, -0.200, 0.574, 0.175
41.720, -0.100, 0.500, -0.197, 0.576, 0.168
41.740, -0.100, 0.500, -0.195, 0.580, 0.161
41.760, -0.100, 0.500, -0.195, 0.586, 0.156
41.780, -0.100, 0.500, -0.195, 0.593, 0.153
41.800, -0.100, 0.500, -0.196, 0.600, 0.152
41.820, -0.100, 0.500, -0.197, 0.609, 0.151
41.840, -0.100, 0.500, -0.199, 0.618, 0.151
41.860, -0.100, 0.500, -0.202, 0.627, 0.152
41.880, -0.100, 0.500, -0.206, 0.636, 0.152
41.900, -0.100, 0.500, -0.212, 0.645, 0.152
41.920, -0.100, 0.500, -0.218, 0.652, 0.152
41.940, -0.100, 0.500, -0.225, 0.659, 0.151
41.960, -0.100, 0.500, -0.232, 0.665, 0.151
41.980, -0.100, 0.500, -0.239, 0.669, 0.150
42.000, -0.100, 0.500, -0.246, 0.673, 0.150
42.020, -0.100, 0.500, -0.252, 0.676, 0.150
42.040, -0.100, 0.500, -0.258, 0.677, 0.151
42.060, -0.100, 0.500, -0.263, 0.676, 0.152
42.080, -0.100, 0.500, -0.268, 0.675, 0.153
42.100, -0.100, 0.500, -0.272, 0.672, 0.154
44.140, 0.000, 0.500, 0.000, 0.000, 0.250
44.160, 0.000, 0.500, -0.000, 0.000, 0.237
44.180, 0.000, 0.500, -0.001, 0.000, 0.223
44.200, 0.000, 0.500, -0.001, 0.001, 0.207
44.220, 0.000, 0.500, -0.002, 0.004, 0.195
44.240, 0.000, 0.500, -0.001, 0.008, 0.186
44.260, 0.000, 0.500, -0.001, 0.013, 0.181
44.280, 0.000, 0.500, -0.001, 0.018, 0.179
44.300, 0.000, 0.500, -0.000, 0.024, 0.179
44.320, 0.000, 0.500, 0.001, 0.029, 0.182
44.340, 0.000, 0.500, 0.001, 0.034, 0.187
44.360, 0.000, 0.500, 0.002, 0.038, 0.193
44.380, 0.000, 0.500, 0.003, 0.040, 0.198
44.400, 0.000, 0.500, 0.003, 0.040, 0.199
44.420, 0.000, 0.500, 0.004, 0.040, 0.197
44.440, 0.000, 0.500, 0.004, 0.041, 0.193
44.460, 0.000, 0.500, 0.005, 0.043, 0.188
44.480, 0.000, 0.500, 0.005, 0.048, 0.184
44.500, 0.000, 0.500, 0.005, 0.054, 0.181
44.520, 0.000, 0.500, 0.005, 0.062, 0.180
44.540, 0.000, 0.500, 0.004, 0.070, 0.181
44.560, 0.000, 0.500, 0.004, 0.078, 0.183
44.580, 0.000, 0.500, 0.004, 0.087, 0.185
44.600, 0.000, 0.500, 0.004, 0.096, 0.187
44.620, 0.000, 0.500, 0.004, 0.104, 0.189
44.640, 0.000, 0.500, 0.004, 0.113, 0.189
44.660, 0.000, 0.500, 0.004, 0.121, 0.189
44.680, 0.000, 0.500, 0.004, 0.128, 0.188
44.700, 0.000, 0.500, 0.004, 0.134, 0.187
44.720, 0.000, 0.500, 0.004, 0.138, 0.185
44.740, 0.000, 0.500, 0.004, 0.142, 0.184
44.760, 0.000, 0.500, 0.004, 0.145, 0.184
44.780, 0.000, 0.500, 0.003, 0.146, 0.184
44.800, 0.000, 0.500, 0.003, 0.146, 0.184
44.820, 0.000, 0.500, 0.003, 0.146, 0.186
44.840, 0.000, 0.500, 0.002, 0.144, 0.187
44.860, 0.000, 0.500, 0.002, 0.141, 0.189
44.880, 0.000, 0.500, 0.002, 0.138, 0.191
44.900, 0.000, 0.500, 0.001, 0.134, 0.193
44.920, 0.000, 0.500, 0.001, 0.129, 0.195
44.940, 0.000, 0.500, 0.001, 0.124, 0.198
44.960, 0.000, 0.500, 0.001, 0.119, 0.201
44.980, 0.000, 0.500, 0.001, 0.114, 0.204
45.000, 0.000, 0.500, 0.001, 0.109, 0.208
45.020, 0.000, 0.500, 0.001, 0.103, 0.212
45.040, 0.000, 0.500, 0.001, 0.098, 0.215
45.060, 0.000, 0.500, 0.001, 0.094, 0.214
45.080, 0.000, 0.500, 0.001, 0.092, 0.209
45.100, 0.000, 0.500, 0.001, 0.093, 0.202
45.120, 0.000, 0.500, 0.001, 0.096, 0.194
45.140, 0.000, 0.500, 0.001, 0.103, 0.188
45.160, 0.000, 0.500, 0.001, 0.112, 0.185
45.180, 0.000, 0.500, 0.002, 0.123, 0.185
45.200, 0.000, 0.500, 0.002, 0.135, 0.186
45.220, 0.000, 0.500, 0.003, 0.150, 0.187
45.240, 0.000, 0.500, 0.004, 0.166, 0.189
45.260, 0.000, 0.500, 0.005, 0.183, 0.191
45.280, 0.000, 0.500, 0.006, 0.201, 0.190
45.300, 0.000, 0.500, 0.007, 0.220, 0.189
45.320, 0.000, 0.500, 0.008, 0.239, 0.185
45.340, 0.000, 0.500, 0.008, 0.258, 0.180
45.360, 0.000, 0.500, 0.009, 0.277, 0.172
45.380, 0.000, 0.500, 0.009, 0.293, 0.163
45.400, 0.000, 0.500, 0.010, 0.307, 0.154
45.420, 0.000, 0.500, 0.010, 0.318, 0.147
45.440, 0.000, 0.500, 0.010, 0.327, 0.140
45.460, 0.000, 0.500, 0.010, 0.333, 0.134
45.480, 0.000, 0.500, 0.010, 0.338, 0.130
45.500, 0.000, 0.500, 0.011, 0.342, 0.126
45.520, 0.000, 0.500, 0.010, 0.343, 0.126
45.540, 0.000, 0.500, 0.010, 0.342, 0.130
45.560, 0.000, 0.500, 0.010, 0.340, 0.136
45.580, 0.000, 0.500, 0.010, 0.336, 0.143
45.600, 0.000, 0.500, 0.010, 0.331, 0.150
45.620, 0.000, 0.500, 0.010, 0.326, 0.157
45.640, 0.000, 0.500, 0.010, 0.320, 0.164
45.660, 0.000, 0.500, 0.010, 0.315, 0.172
45.680, 0.000, 0.500, 0.010, 0.309, 0.179
45.700, 0.000, 0.500, 0.010, 0.303, 0.185
45.720, 0.000, 0.500, 0.010, 0.297, 0.189
45.740, 0.000, 0.500, 0.010, 0.292, 0.191
45.760, 0.000, 0.500, 0.010, 0.288, 0.191
45.780, 0.000, 0.500, 0.010, 0.286, 0.188
45.800, 0.000, 0.500, 0.010, 0.287, 0.185
45.820, 0.000, 0.500, 0.010, 0.290, 0.181
45.840, 0.000, 0.500, 0.010, 0.296, 0.178
45.860, 0.000, 0.500, 0.010, 0.304, 0.174
45.880, 0.000, 0.500, 0.010, 0.314, 0.173
45.900, 0.000, 0.500, 0.010, 0.326, 0.175
45.920, 0.000, 0.500, 0.011, 0.338, 0.179
45.940, 0.000, 0.500, 0.012, 0.351, 0.184
45.960, 0.000, 0.500, 0.013, 0.365, 0.189
45.980, 0.000, 0.500, 0.014, 0.380, 0.193
46.000, 0.000, 0.500, 0.016, 0.396, 0.194
46.020, 0.000, 0.500, 0.017, 0.412, 0.194
46.040, 0.000, 0.500, 0.017, 0.427, 0.194
46.060, 0.000, 0.500, 0.018, 0.441, 0.193
46.080, 0.000, 0.500, 0.018, 0.453, 0.192
46.100, 0.000, 0.500, 0.018, 0.464, 0.190
46.120, 0.000, 0.500, 0.017, 0.473, 0.188
46.140, 0.000, 0.500, 0.017, 0.479, 0.186
46.160, 0.000, 0.500, 0.017, 0.484, 0.185
46.180, 0.000, 0.500, 0.017, 0.487, 0.184
46.200, 0.000, 0.500, 0.017, 0.488, 0.185
46.220, 0.000, 0.500, 0.017, 0.487, 0.186
46.240, 0.000, 0.500, 0.016, 0.486, 0.188
46.260, 0.000, 0.500, 0.016, 0.483, 0.190
46.280, 0.000, 0.500, 0.016, 0.479, 0.194
46.300, 0.000, 0.500, 0.016, 0.474, 0.199
46.320, 0.000, 0.500, 0.016, 0.469, 0.205
46.340, 0.000, 0.500, 0.016, 0.462, 0.212
46.360, 0.000, 0.500, 0.015, 0.456, 0.215
46.380, 0.000, 0.500, 0.015, 0.449, 0.214
46.400, 0.000, 0.500, 0.015, 0.444, 0.209
46.420, 0.000, 0.500, 0.015, 0.442, 0.201
46.440, 0.000, 0.500, 0.015, 0.442, 0.193
46.460, 0.000, 0.500, 0.015, 0.445, 0.186
46.480, 0.000, 0.500, 0.015, 0.452, 0.181
46.500, 0.000, 0.500, 0.015, 0.460, 0.179
46.520, 0.000, 0.500, 0.016, 0.471, 0.179
46.540, 0.000, 0.500, 0.017, 0.483, 0.180
46.560, 0.000, 0.500, 0.018, 0.497, 0.183
46.580, 0.000, 0.500, 0.019, 0.513, 0.184
46.600, 0.000, 0.500, 0.021, 0.529, 0.185
46.620, 0.000, 0.500, 0.023, 0.546, 0.184
46.640, 0.000, 0.500, 0.025, 0.564, 0.182
46.660, 0.000, 0.500, 0.027, 0.582, 0.179
46.680, 0.000, 0.500, 0.028, 0.599, 0.173
46.700, 0.000, 0.500, 0.030, 0.615, 0.167
46.720, 0.000, 0.500, 0.032, 0.629, 0.161
46.740, 0.000, 0.500, 0.034, 0.641, 0.155
46.760, 0.000, 0.500, 0.035, 0.650, 0.151
46.780, 0.000, 0.500, 0.037, 0.658, 0.147
46.800, 0.000, 0.500, 0.038, 0.663, 0.144
46.820, 0.000, 0.500, 0.040, 0.667, 0.141
46.840, 0.000, 0.500, 0.042, 0.670, 0.141
46.860, 0.000, 0.500, 0.043, 0.671, 0.142
46.880, 0.000, 0.500, 0.043, 0.670, 0.145
46.900, 0.000, 0.500, 0.044, 0.668, 0.150
46.920, 0.000, 0.500, 0.044, 0.664, 0.156
46.940, 0.000, 0.500, 0.043, 0.659, 0.162
46.960, 0.000, 0.500, 0.043, 0.653, 0.169
46.980, 0.000, 0.500, 0.043, 0.647, 0.177
47.000, 0.000, 0.500, 0.042, 0.640, 0.184
47.020, 0.000, 0.500, 0.042, 0.633, 0.189
47.040, 0.000, 0.500, 0.041, 0.627, 0.192
47.060, 0.000, 0.500, 0.040, 0.621, 0.192
47.080, 0.000, 0.500, 0.039, 0.618, 0.190
47.100, 0.000, 0.500, 0.038, 0.618, 0.187
47.120, 0.000, 0.500, 0.037, 0.620, 0.183
47.140, 0.000, 0.500, 0.037, 0.625, 0.178
47.160, 0.000, 0.500, 0.036, 0.633, 0.175
47.180, 0.000, 0.500, 0.036, 0.642, 0.173
47.200, 0.000, 0.500, 0.037, 0.653, 0.174
47.220, 0.000, 0.500, 0.038, 0.665, 0.178
47.240, 0.000, 0.500, 0.039, 0.677, 0.183
47.260, 0.000, 0.500, 0.040, 0.690, 0.188
47.280, 0.000, 0.500, 0.042, 0.705, 0.191
47.300, 0.000, 0.500, 0.043, 0.720, 0.192
47.320, 0.000, 0.500, 0.045, 0.735, 0.193
47.340, 0.000, 0.500, 0.046, 0.749, 0.193
47.360, 0.000, 0.500, 0.046, 0.763, 0.192
47.380, 0.000, 0.500, 0.047, 0.775, 0.191
47.400, 0.000, 0.500, 0.047, 0.785, 0.189
47.420, 0.000, 0.500, 0.047, 0.793, 0.188
47.440, 0.000, 0.500, 0.047, 0.800, 0.186
47.460, 0.000, 0.500, 0.047, 0.804, 0.185
47.480, 0.000, 0.500, 0.046, 0.806, 0.185
47.500, 0.000, 0.500, 0.046, 0.807, 0.185
47.520, 0.000, 0.500, 0.046, 0.806, 0.187
47.540, 0.000, 0.500, 0.045, 0.804, 0.189
47.560, 0.000, 0.500, 0.045, 0.801, 0.191
47.580, 0.000, 0.500, 0.044, 0.797, 0.194
47.600, 0.000, 0.500, 0.044, 0.792, 0.199
47.620, 0.000, 0.500, 0.043, 0.786, 0.204
47.640, 0.000, 0.500, 0.042, 0.780, 0.210
47.660, 0.000, 0.500, 0.042, 0.773, 0.215
47.680, 0.000, 0.500, 0.042, 0.767, 0.216
47.700, 0.000, 0.500, 0.041, 0.762, 0.212
47.720, 0.000, 0.500, 0.041, 0.759, 0.204
47.740, 0.000, 0.500, 0.041, 0.759, 0.196
47.760, 0.000, 0.500, 0.042, 0.762, 0.189
47.780, 0.000, 0.500, 0.042, 0.768, 0.184
47.800, 0.000, 0.500, 0.043, 0.776, 0.181
47.820, 0.000, 0.500, 0.044, 0.786, 0.180
47.840, 0.000, 0.500, 0.045, 0.799, 0.181
47.860, 0.000, 0.500, 0.047, 0.812, 0.183
47.880, 0.000, 0.500, 0.049, 0.827, 0.185
47.900, 0.000, 0.500, 0.051, 0.844, 0.186
47.920, 0.000, 0.500, 0.053, 0.861, 0.186
47.940, 0.000, 0.500, 0.056, 0.879, 0.184
47.960, 0.000, 0.500, 0.058, 0.897, 0.181
47.980, 0.000, 0.500, 0.061, 0.915, 0.175
48.000, 0.000, 0.500, 0.063, 0.931, 0.169
48.020, 0.000, 0.500, 0.066, 0.947, 0.162
48.040, 0.000, 0.500, 0.068, 0.959, 0.156
48.060, 0.000, 0.500, 0.070, 0.970, 0.150
48.080, 0.000, 0.500, 0.072, 0.978, 0.146
48.100, 0.000, 0.500, 0.073, 0.984, 0.142
48.120, 0.000, 0.500, 0.075, 0.989, 0.139
50.160, 0.100, 0.500, 0.000, 0.000, 0.250
50.180, 0.100, 0.500, -0.000, 0.000, 0.237
50.200, 0.100, 0.500, -0.001, 0.000, 0.223
50.220, 0.100, 0.500, -0.001, 0.001, 0.207
50.240, 0.100, 0.500, -0.001, 0.004, 0.196
50.260, 0.100, 0.500, 0.000, 0.008, 0.188
50.280, 0.100, 0.500, 0.002, 0.013, 0.183
50.300, 0.100, 0.500, 0.004, 0.018, 0.181
50.320, 0.100, 0.500, 0.007, 0.024, 0.182
50.340, 0.100, 0.500, 0.009, 0.029, 0.184
50.360, 0.100, 0.500, 0.011, 0.034, 0.188
50.380, 0.100, 0.500, 0.014, 0.038, 0.194
50.400, 0.100, 0.500, 0.015, 0.040, 0.198
50.420, 0.100, 0.500, 0.016, 0.040, 0.199
50.440, 0.100, 0.500, 0.016, 0.040, 0.197
50.460, 0.100, 0.500, 0.016, 0.040, 0.193
50.480, 0.100, 0.500, 0.015, 0.042, 0.188
50.500, 0.100, 0.500, 0.015, 0.046, 0.183
50.520, 0.100, 0.500, 0.015, 0.051, 0.179
50.540, 0.100, 0.500, 0.015, 0.057, 0.178
50.560, 0.100, 0.500, 0.016, 0.064, 0.178
50.580, 0.100, 0.500, 0.017, 0.071, 0.180
50.600, 0.100, 0.500, 0.018, 0.078, 0.182
50.620, 0.100, 0.500, 0.019, 0.085, 0.185
50.640, 0.100, 0.500, 0.020, 0.093, 0.186
50.660, 0.100, 0.500, 0.022, 0.100, 0.187
50.680, 0.100, 0.500, 0.023, 0.106, 0.186
50.700, 0.100, 0.500, 0.024, 0.112, 0.186
50.720, 0.100, 0.500, 0.025, 0.117, 0.184
50.740, 0.100, 0.500, 0.026, 0.121, 0.183
50.760, 0.100, 0.500, 0.026, 0.125, 0.182
50.780, 0.100, 0.500, 0.026, 0.127, 0.182
50.800, 0.100, 0.500, 0.026, 0.128, 0.182
50.820, 0.100, 0.500, 0.027, 0.129, 0.183
50.840, 0.100, 0.500, 0.026, 0.128, 0.184
50.860, 0.100, 0.500, 0.026, 0.127, 0.186
50.880, 0.100, 0.500, 0.026, 0.125, 0.187
50.900, 0.100, 0.500, 0.025, 0.122, 0.189
50.920, 0.100, 0.500, 0.024, 0.119, 0.191
50.940, 0.100, 0.500, 0.024, 0.116, 0.193
50.960, 0.100, 0.500, 0.023, 0.112, 0.195
50.980, 0.100, 0.500, 0.021, 0.108, 0.198
51.000, 0.100, 0.500, 0.020, 0.104, 0.201
51.020, 0.100, 0.500, 0.019, 0.100, 0.205
51.040, 0.100, 0.500, 0.018, 0.096, 0.209
51.060, 0.100, 0.500, 0.017, 0.092, 0.211
51.080, 0.100, 0.500, 0.016, 0.089, 0.210
51.100, 0.100, 0.500, 0.015, 0.087, 0.205
51.120, 0.100, 0.500, 0.015, 0.088, 0.198
51.140, 0.100, 0.500, 0.015, 0.092, 0.190
51.160, 0.100, 0.500, 0.016, 0.098, 0.184
51.180, 0.100, 0.500, 0.018, 0.107, 0.181
51.200, 0.100, 0.500, 0.021, 0.118, 0.180
51.220, 0.100, 0.500, 0.025, 0.129, 0.180
51.240, 0.100, 0.500, 0.031, 0.143, 0.181
51.260, 0.100, 0.500, 0.037, 0.157, 0.183
51.280, 0.100, 0.500, 0.043, 0.173, 0.183
51.300, 0.100, 0.500, 0.050, 0.189, 0.182
51.320, 0.100, 0.500, 0.058, 0.206, 0.180
51.340, 0.100, 0.500, 0.065, 0.223, 0.176
51.360, 0.100, 0.500, 0.072, 0.239, 0.169
51.380, 0.100, 0.500, 0.079, 0.253, 0.162
51.400, 0.100, 0.500, 0.085, 0.265, 0.155
51.420, 0.100, 0.500, 0.091, 0.276, 0.148
51.440, 0.100, 0.500, 0.094, 0.283, 0.148
51.460, 0.100, 0.500, 0.096, 0.284, 0.153
51.480, 0.100, 0.500, 0.098, 0.284, 0.158
51.500, 0.100, 0.500, 0.100, 0.283, 0.161
51.520, 0.100, 0.500, 0.102, 0.281, 0.162
51.540, 0.100, 0.500, 0.104, 0.278, 0.162
51.560, 0.100, 0.500, 0.106, 0.273, 0.162
51.580, 0.100, 0.500, 0.108, 0.267, 0.161
51.600, 0.100, 0.500, 0.111, 0.260, 0.162
51.620, 0.100, 0.500, 0.113, 0.253, 0.163
51.640, 0.100, 0.500, 0.116, 0.246, 0.165
51.660, 0.100, 0.500, 0.118, 0.239, 0.169
51.680, 0.100, 0.500, 0.120, 0.232, 0.174
51.700, 0.100, 0.500, 0.122, 0.226, 0.180
51.720, 0.100, 0.500, 0.122, 0.220, 0.184
51.740, 0.100, 0.500, 0.121, 0.214, 0.185
51.760, 0.100, 0.500, 0.119, 0.208, 0.184
51.780, 0.100, 0.500, 0.117, 0.204, 0.180
51.800, 0.100, 0.500, 0.114, 0.201, 0.175
51.820, 0.100, 0.500, 0.111, 0.201, 0.171
51.840, 0.100, 0.500, 0.110, 0.204, 0.168
51.860, 0.100, 0.500, 0.110, 0.209, 0.168
51.880, 0.100, 0.500, 0.112, 0.215, 0.168
51.900, 0.100, 0.500, 0.115, 0.222, 0.170
51.920, 0.100, 0.500, 0.118, 0.230, 0.171
51.940, 0.100, 0.500, 0.121, 0.239, 0.173
51.960, 0.100, 0.500, 0.124, 0.249, 0.174
51.980, 0.100, 0.500, 0.125, 0.258, 0.175
52.000, 0.100, 0.500, 0.126, 0.267, 0.176
52.020, 0.100, 0.500, 0.125, 0.276, 0.177
52.040, 0.100, 0.500, 0.124, 0.284, 0.178
52.060, 0.100, 0.500, 0.121, 0.291, 0.179
52.080, 0.100, 0.500, 0.119, 0.297, 0.180
52.100, 0.100, 0.500, 0.115, 0.302, 0.181
52.120, 0.100, 0.500, 0.112, 0.305, 0.183
52.140, 0.100, 0.500, 0.108, 0.307, 0.184
52.160, 0.100, 0.500, 0.104, 0.309, 0.185
52.180, 0.100, 0.500, 0.099, 0.309, 0.186
52.200, 0.100, 0.500, 0.095, 0.309, 0.187
52.220, 0.100, 0.500, 0.090, 0.308, 0.187
52.240, 0.100, 0.500, 0.086, 0.307, 0.188
52.260, 0.100, 0.500, 0.081, 0.306, 0.189
52.280, 0.100, 0.500, 0.077, 0.304, 0.190
52.300, 0.100, 0.500, 0.073, 0.303, 0.193
52.320, 0.100, 0.500, 0.069, 0.302, 0.196
52.340, 0.100, 0.500, 0.065, 0.302, 0.200
52.360, 0.100, 0.500, 0.063, 0.301, 0.205
52.380, 0.100, 0.500, 0.063, 0.300, 0.206
52.400, 0.100, 0.500, 0.064, 0.299, 0.202
52.420, 0.100, 0.500, 0.065, 0.298, 0.195
52.440, 0.100, 0.500, 0.067, 0.298, 0.187
52.460, 0.100, 0.500, 0.070, 0.300, 0.180
52.480, 0.100, 0.500, 0.073, 0.303, 0.174
52.500, 0.100, 0.500, 0.077, 0.308, 0.169
52.520, 0.100, 0.500, 0.081, 0.315, 0.166
52.540, 0.100, 0.500, 0.087, 0.323, 0.166
52.560, 0.100, 0.500, 0.092, 0.332, 0.167
52.580, 0.100, 0.500, 0.098, 0.342, 0.167
52.600, 0.100, 0.500, 0.104, 0.353, 0.167
52.620, 0.100, 0.500, 0.111, 0.365, 0.166
52.640, 0.100, 0.500, 0.118, 0.377, 0.164
52.660, 0.100, 0.500, 0.126, 0.389, 0.161
52.680, 0.100, 0.500, 0.134, 0.400, 0.156
52.700, 0.100, 0.500, 0.139, 0.409, 0.154
52.720, 0.100, 0.500, 0.143, 0.414, 0.157
52.740, 0.100, 0.500, 0.146, 0.417, 0.160
52.760, 0.100, 0.500, 0.149, 0.419, 0.161
52.780, 0.100, 0.500, 0.152, 0.421, 0.160
52.800, 0.100, 0.500, 0.154, 0.421, 0.159
52.820, 0.100, 0.500, 0.154, 0.420, 0.160
52.840, 0.100, 0.500, 0.155, 0.417, 0.161
52.860, 0.100, 0.500, 0.158, 0.413, 0.161
52.880, 0.100, 0.500, 0.161, 0.408, 0.161
52.900, 0.100, 0.500, 0.163, 0.403, 0.161
52.920, 0.100, 0.500, 0.166, 0.398, 0.162
52.940, 0.100, 0.500, 0.168, 0.392, 0.164
52.960, 0.100, 0.500, 0.170, 0.386, 0.167
52.980, 0.100, 0.500, 0.173, 0.380, 0.171
53.000, 0.100, 0.500, 0.175, 0.374, 0.176
53.020, 0.100, 0.500, 0.176, 0.369, 0.181
53.040, 0.100, 0.500, 0.176, 0.363, 0.182
53.060, 0.100, 0.500, 0.174, 0.359, 0.181
53.080, 0.100, 0.500, 0.170, 0.356, 0.177
53.100, 0.100, 0.500, 0.167, 0.354, 0.172
53.120, 0.100, 0.500, 0.164, 0.355, 0.167
53.140, 0.100, 0.500, 0.163, 0.358, 0.165
53.160, 0.100, 0.500, 0.163, 0.362, 0.166
53.180, 0.100, 0.500, 0.165, 0.368, 0.167
53.200, 0.100, 0.500, 0.168, 0.376, 0.169
53.220, 0.100, 0.500, 0.171, 0.384, 0.170
53.240, 0.100, 0.500, 0.174, 0.393, 0.171
53.260, 0.100, 0.500, 0.177, 0.401, 0.172
53.280, 0.100, 0.500, 0.179, 0.410, 0.172
53.300, 0.100, 0.500, 0.180, 0.419, 0.172
53.320, 0.100, 0.500, 0.180, 0.426, 0.172
53.340, 0.100, 0.500, 0.179, 0.433, 0.173
53.360, 0.100, 0.500, 0.177, 0.439, 0.173
53.380, 0.100, 0.500, 0.175, 0.444, 0.174
53.400, 0.100, 0.500, 0.172, 0.448, 0.176
53.420, 0.100, 0.500, 0.169, 0.450, 0.177
53.440, 0.100, 0.500, 0.166, 0.452, 0.179
53.460, 0.100, 0.500, 0.162, 0.453, 0.181
53.480, 0.100, 0.500, 0.158, 0.452, 0.182
53.500, 0.100, 0.500, 0.154, 0.452, 0.184
53.520, 0.100, 0.500, 0.149, 0.450, 0.185
53.540, 0.100, 0.500, 0.144, 0.449, 0.187
53.560, 0.100, 0.500, 0.139, 0.447, 0.188
53.580, 0.100, 0.500, 0.134, 0.445, 0.189
53.600, 0.100, 0.500, 0.130, 0.443, 0.191
53.620, 0.100, 0.500, 0.125, 0.442, 0.194
53.640, 0.100, 0.500, 0.121, 0.440, 0.198
53.660, 0.100, 0.500, 0.118, 0.439, 0.203
53.680, 0.100, 0.500, 0.115, 0.438, 0.206
53.700, 0.100, 0.500, 0.114, 0.438, 0.204
53.720, 0.100, 0.500, 0.114, 0.437, 0.198
53.740, 0.100, 0.500, 0.115, 0.437, 0.190
53.760, 0.100, 0.500, 0.116, 0.438, 0.182
53.780, 0.100, 0.500, 0.119, 0.441, 0.175
53.800, 0.100, 0.500, 0.123, 0.445, 0.169
53.820, 0.100, 0.500, 0.127, 0.452, 0.165
53.840, 0.100, 0.500, 0.132, 0.459, 0.164
53.860, 0.100, 0.500, 0.137, 0.467, 0.165
53.880, 0.100, 0.500, 0.142, 0.477, 0.166
53.900, 0.100, 0.500, 0.148, 0.487, 0.166
53.920, 0.100, 0.500, 0.153, 0.498, 0.166
53.940, 0.100, 0.500, 0.160, 0.509, 0.164
53.960, 0.100, 0.500, 0.168, 0.519, 0.162
53.980, 0.100, 0.500, 0.176, 0.529, 0.158
54.000, 0.100, 0.500, 0.184, 0.538, 0.155
54.020, 0.100, 0.500, 0.189, 0.545, 0.156
54.040, 0.100, 0.500, 0.193, 0.548, 0.159
54.060, 0.100, 0.500, 0.197, 0.551, 0.161
54.080, 0.100, 0.500, 0.200, 0.552, 0.160
54.100, 0.100, 0.500, 0.203, 0.552, 0.159
54.120, 0.100, 0.500, 0.203, 0.552, 0.159
54.140, 0.100, 0.500, 0.204, 0.550, 0.160
56.180, 0.200, 0.500, 0.000, 0.000, 0.250
56.200, 0.200, 0.500, -0.000, 0.000, 0.237
56.220, 0.200, 0.500, -0.001, 0.001, 0.223
56.240, 0.200, 0.500, -0.001, 0.001, 0.207
56.260, 0.200, 0.500, -0.001, 0.004, 0.195
56.280, 0.200, 0.500, 0.001, 0.007, 0.186
56.300, 0.200, 0.500, 0.005, 0.012, 0.181
56.320, 0.200, 0.500, 0.008, 0.017, 0.180
56.340, 0.200, 0.500, 0.013, 0.023, 0.180
56.360, 0.200, 0.500, 0.017, 0.028, 0.182
56.380, 0.200, 0.500, 0.021, 0.032, 0.186
56.400, 0.200, 0.500, 0.024, 0.035, 0.192
56.420, 0.200, 0.500, 0.026, 0.037, 0.196
56.440, 0.200, 0.500, 0.027, 0.037, 0.197
56.460, 0.200, 0.500, 0.026, 0.037, 0.195
56.480, 0.200, 0.500, 0.025, 0.037, 0.190
56.500, 0.200, 0.500, 0.024, 0.038, 0.185
56.520, 0.200, 0.500, 0.023, 0.041, 0.180
56.540, 0.200, 0.500, 0.023, 0.045, 0.177
56.560, 0.200, 0.500, 0.024, 0.051, 0.175
56.580, 0.200, 0.500, 0.025, 0.057, 0.175
56.600, 0.200, 0.500, 0.028, 0.063, 0.176
56.620, 0.200, 0.500, 0.030, 0.070, 0.179
56.640, 0.200, 0.500, 0.033, 0.077, 0.181
56.660, 0.200, 0.500, 0.036, 0.084, 0.183
56.680, 0.200, 0.500, 0.039, 0.090, 0.183
56.700, 0.200, 0.500, 0.041, 0.097, 0.183
56.720, 0.200, 0.500, 0.043, 0.102, 0.182
56.740, 0.200, 0.500, 0.045, 0.107, 0.180
56.760, 0.200, 0.500, 0.046, 0.111, 0.179
56.780, 0.200, 0.500, 0.047, 0.114, 0.178
56.800, 0.200, 0.500, 0.048, 0.116, 0.177
56.820, 0.200, 0.500, 0.048, 0.116, 0.178
56.840, 0.200, 0.500, 0.049, 0.116, 0.179
56.860, 0.200, 0.500, 0.049, 0.116, 0.180
56.880, 0.200, 0.500, 0.048, 0.114, 0.181
56.900, 0.200, 0.500, 0.048, 0.112, 0.183
56.920, 0.200, 0.500, 0.047, 0.109, 0.185
56.940, 0.200, 0.500, 0.045, 0.107, 0.187
56.960, 0.200, 0.500, 0.044, 0.103, 0.189
56.980, 0.200, 0.500, 0.042, 0.100, 0.191
57.000, 0.200, 0.500, 0.040, 0.097, 0.194
57.020, 0.200, 0.500, 0.038, 0.094, 0.197
57.040, 0.200, 0.500, 0.036, 0.090, 0.201
57.060, 0.200, 0.500, 0.034, 0.087, 0.205
57.080, 0.200, 0.500, 0.032, 0.084, 0.208
57.100, 0.200, 0.500, 0.030, 0.082, 0.207
57.120, 0.200, 0.500, 0.029, 0.081, 0.201
57.140, 0.200, 0.500, 0.029, 0.082, 0.194
57.160, 0.200, 0.500, 0.030, 0.086, 0.186
57.180, 0.200, 0.500, 0.032, 0.092, 0.180
57.200, 0.200, 0.500, 0.036, 0.100, 0.176
57.220, 0.200, 0.500, 0.041, 0.110, 0.175
57.240, 0.200, 0.500, 0.048, 0.121, 0.175
57.260, 0.200, 0.500, 0.057, 0.132, 0.176
57.280, 0.200, 0.500, 0.067, 0.145, 0.177
57.300, 0.200, 0.500, 0.079, 0.159, 0.177
57.320, 0.200, 0.500, 0.091, 0.173, 0.176
57.340, 0.200, 0.500, 0.103, 0.187, 0.173
57.360, 0.200, 0.500, 0.115, 0.201, 0.169
57.380, 0.200, 0.500, 0.126, 0.214, 0.163
57.400, 0.200, 0.500, 0.136, 0.225, 0.156
57.420, 0.200, 0.500, 0.142, 0.234, 0.156
57.440, 0.200, 0.500, 0.148, 0.236, 0.160
57.460, 0.200, 0.500, 0.153, 0.238, 0.164
57.480, 0.200, 0.500, 0.157, 0.238, 0.166
57.500, 0.200, 0.500, 0.162, 0.238, 0.165
57.520, 0.200, 0.500, 0.162, 0.236, 0.166
57.540, 0.200, 0.500, 0.162, 0.234, 0.169
57.560, 0.200, 0.500, 0.164, 0.231, 0.169
57.580, 0.200, 0.500, 0.166, 0.227, 0.170
57.600, 0.200, 0.500, 0.168, 0.222, 0.171
57.620, 0.200, 0.500, 0.170, 0.216, 0.172
57.640, 0.200, 0.500, 0.173, 0.210, 0.173
57.660, 0.200, 0.500, 0.176, 0.203, 0.174
57.680, 0.200, 0.500, 0.178, 0.196, 0.175
57.700, 0.200, 0.500, 0.180, 0.189, 0.178
57.720, 0.200, 0.500, 0.182, 0.182, 0.181
57.740, 0.200, 0.500, 0.182, 0.176, 0.184
57.760, 0.200, 0.500, 0.180, 0.169, 0.183
57.780, 0.200, 0.500, 0.176, 0.164, 0.180
57.800, 0.200, 0.500, 0.171, 0.160, 0.174
57.820, 0.200, 0.500, 0.166, 0.159, 0.168
57.840, 0.200, 0.500, 0.162, 0.160, 0.163
57.860, 0.200, 0.500, 0.161, 0.164, 0.161
57.880, 0.200, 0.500, 0.163, 0.170, 0.161
57.900, 0.200, 0.500, 0.166, 0.178, 0.162
57.920, 0.200, 0.500, 0.171, 0.186, 0.164
57.940, 0.200, 0.500, 0.175, 0.195, 0.166
57.960, 0.200, 0.500, 0.179, 0.205, 0.167
57.980, 0.200, 0.500, 0.182, 0.214, 0.168
58.000, 0.200, 0.500, 0.185, 0.223, 0.169
58.020, 0.200, 0.500, 0.186, 0.231, 0.170
58.040, 0.200, 0.500, 0.187, 0.237, 0.172
58.060, 0.200, 0.500, 0.187, 0.243, 0.173
58.080, 0.200, 0.500, 0.186, 0.248, 0.175
58.100, 0.200, 0.500, 0.184, 0.251, 0.177
58.120, 0.200, 0.500, 0.182, 0.253, 0.179
58.140, 0.200, 0.500, 0.179, 0.254, 0.180
58.160, 0.200, 0.500, 0.177, 0.255, 0.182
58.180, 0.200, 0.500, 0.174, 0.254, 0.183
58.200, 0.200, 0.500, 0.171, 0.253, 0.185
58.220, 0.200, 0.500, 0.168, 0.251, 0.186
58.240, 0.200, 0.500, 0.164, 0.249, 0.187
58.260, 0.200, 0.500, 0.160, 0.248, 0.189
58.280, 0.200, 0.500, 0.156, 0.246, 0.190
58.300, 0.200, 0.500, 0.152, 0.244, 0.191
58.320, 0.200, 0.500, 0.147, 0.243, 0.193
58.340, 0.200, 0.500, 0.143, 0.242, 0.195
58.360, 0.200, 0.500, 0.139, 0.241, 0.198
58.380, 0.200, 0.500, 0.136, 0.240, 0.202
58.400, 0.200, 0.500, 0.134, 0.241, 0.203
58.420, 0.200, 0.500, 0.131, 0.241, 0.200
58.440, 0.200, 0.500, 0.129, 0.242, 0.193
58.460, 0.200, 0.500, 0.128, 0.243, 0.185
58.480, 0.200, 0.500, 0.128, 0.245, 0.177
58.500, 0.200, 0.500, 0.130, 0.248, 0.171
58.520, 0.200, 0.500, 0.134, 0.253, 0.166
58.540, 0.200, 0.500, 0.139, 0.260, 0.163
58.560, 0.200, 0.500, 0.145, 0.268, 0.162
58.580, 0.200, 0.500, 0.152, 0.277, 0.161
58.600, 0.200, 0.500, 0.160, 0.286, 0.162
58.620, 0.200, 0.500, 0.169, 0.296, 0.162
58.640, 0.200, 0.500, 0.179, 0.306, 0.162
58.660, 0.200, 0.500, 0.189, 0.315, 0.161
58.680, 0.200, 0.500, 0.200, 0.324, 0.158
58.700, 0.200, 0.500, 0.210, 0.332, 0.155
58.720, 0.200, 0.500, 0.220, 0.338, 0.151
58.740, 0.200, 0.500, 0.228, 0.344, 0.148
58.760, 0.200, 0.500, 0.233, 0.348, 0.150
58.780, 0.200, 0.500, 0.238, 0.350, 0.155
58.800, 0.200, 0.500, 0.243, 0.350, 0.158
58.820, 0.200, 0.500, 0.247, 0.349, 0.158
58.840, 0.200, 0.500, 0.251, 0.347, 0.158
58.860, 0.200, 0.500, 0.252, 0.346, 0.160
58.880, 0.200, 0.500, 0.253, 0.344, 0.162
58.900, 0.200, 0.500, 0.255, 0.341, 0.163
58.920, 0.200, 0.500, 0.256, 0.337, 0.164
58.940, 0.200, 0.500, 0.258, 0.333, 0.165
58.960, 0.200, 0.500, 0.260, 0.327, 0.165
58.980, 0.200, 0.500, 0.261, 0.322, 0.167
59.000, 0.200, 0.500, 0.263, 0.316, 0.169
59.020, 0.200, 0.500, 0.264, 0.310, 0.173
59.040, 0.200, 0.500, 0.265, 0.304, 0.177
59.060, 0.200, 0.500, 0.263, 0.297, 0.178
59.080, 0.200, 0.500, 0.259, 0.292, 0.177
59.100, 0.200, 0.500, 0.253, 0.288, 0.173
59.120, 0.200, 0.500, 0.248, 0.286, 0.169
59.140, 0.200, 0.500, 0.245, 0.286, 0.166
59.160, 0.200, 0.500, 0.245, 0.289, 0.166
59.180, 0.200, 0.500, 0.247, 0.294, 0.167
59.200, 0.200, 0.500, 0.252, 0.300, 0.168
59.220, 0.200, 0.500, 0.258, 0.308, 0.170
59.240, 0.200, 0.500, 0.265, 0.317, 0.171
59.260, 0.200, 0.500, 0.271, 0.327, 0.171
59.280, 0.200, 0.500, 0.277, 0.337, 0.171
59.300, 0.200, 0.500, 0.282, 0.347, 0.170
59.320, 0.200, 0.500, 0.286, 0.357, 0.169
59.340, 0.200, 0.500, 0.289, 0.365, 0.167
59.360, 0.200, 0.500, 0.290, 0.372, 0.166
59.380, 0.200, 0.500, 0.290, 0.376, 0.165
59.400, 0.200, 0.500, 0.289, 0.380, 0.165
59.420, 0.200, 0.500, 0.286, 0.381, 0.165
59.440, 0.200, 0.500, 0.284, 0.381, 0.166
59.460, 0.200, 0.500, 0.281, 0.380, 0.167
59.480, 0.200, 0.500, 0.278, 0.378, 0.168
59.500, 0.200, 0.500, 0.275, 0.375, 0.170
59.520, 0.200, 0.500, 0.272, 0.372, 0.172
59.540, 0.200, 0.500, 0.268, 0.368, 0.173
59.560, 0.200, 0.500, 0.264, 0.365, 0.175
59.580, 0.200, 0.500, 0.261, 0.361, 0.178
59.600, 0.200, 0.500, 0.257, 0.357, 0.180
59.620, 0.200, 0.500, 0.254, 0.354, 0.183
59.640, 0.200, 0.500, 0.251, 0.351, 0.187
59.660, 0.200, 0.500, 0.250, 0.349, 0.191
59.680, 0.200, 0.500, 0.249, 0.347, 0.196
59.700, 0.200, 0.500, 0.248, 0.346, 0.199
59.720, 0.200, 0.500, 0.248, 0.346, 0.197
59.740, 0.200, 0.500, 0.249, 0.346, 0.191
59.760, 0.200, 0.500, 0.249, 0.348, 0.183
59.780, 0.200, 0.500, 0.251, 0.351, 0.175
59.800, 0.200, 0.500, 0.253, 0.356, 0.168
59.820, 0.200, 0.500, 0.257, 0.361, 0.164
59.840, 0.200, 0.500, 0.263, 0.368, 0.162
59.860, 0.200, 0.500, 0.270, 0.376, 0.161
59.880, 0.200, 0.500, 0.278, 0.384, 0.161
59.900, 0.200, 0.500, 0.287, 0.392, 0.162
59.920, 0.200, 0.500, 0.298, 0.400, 0.162
59.940, 0.200, 0.500, 0.310, 0.409, 0.161
59.960, 0.200, 0.500, 0.322, 0.416, 0.160
59.980, 0.200, 0.500, 0.335, 0.423, 0.157
60.000, 0.200, 0.500, 0.348, 0.429, 0.153
60.020, 0.200, 0.500, 0.359, 0.435, 0.150
60.040, 0.200, 0.500, 0.367, 0.440, 0.152
60.060, 0.200, 0.500, 0.372, 0.442, 0.156
60.080, 0.200, 0.500, 0.377, 0.443, 0.158
60.100, 0.200, 0.500, 0.381, 0.443, 0.158
60.120, 0.200, 0.500, 0.382, 0.443, 0.159
60.140, 0.200, 0.500, 0.383, 0.441, 0.161
60.160, 0.200, 0.500, 0.384, 0.439, 0.163
62.200, -0.200, -0.500, 0.000, 0.000, 0.250
62.220, -0.200, -0.500, 0.000, 0.000, 0.237
62.240, -0.200, -0.500, 0.001, 0.000, 0.226
62.260, -0.200, -0.500, 0.001, -0.001, 0.213
62.280, -0.200, -0.500, 0.000, -0.002, 0.204
62.300, -0.200, -0.500, -0.001, -0.004, 0.197
62.320, -0.200, -0.500, -0.004, -0.007, 0.195
62.340, -0.200, -0.500, -0.006, -0.010, 0.197
62.360, -0.200, -0.500, -0.009, -0.013, 0.200
62.380, -0.200, -0.500, -0.011, -0.016, 0.204
62.400, -0.200, -0.500, -0.013, -0.018, 0.207
62.420, -0.200, -0.500, -0.015, -0.021, 0.211
62.440, -0.200, -0.500, -0.016, -0.022, 0.213
62.460, -0.200, -0.500, -0.016, -0.023, 0.210
62.480, -0.200, -0.500, -0.016, -0.024, 0.206
62.500, -0.200, -0.500, -0.016, -0.025, 0.198
62.520, -0.200, -0.500, -0.015, -0.028, 0.191
62.540, -0.200, -0.500, -0.014, -0.032, 0.185
62.560, -0.200, -0.500, -0.014, -0.037, 0.180
62.580, -0.200, -0.500, -0.015, -0.043, 0.177
62.600, -0.200, -0.500, -0.017, -0.051, 0.174
62.620, -0.200, -0.500, -0.021, -0.061, 0.173
62.640, -0.200, -0.500, -0.026, -0.072, 0.172
62.660, -0.200, -0.500, -0.032, -0.083, 0.172
62.680, -0.200, -0.500, -0.039, -0.096, 0.172
62.700, -0.200, -0.500, -0.046, -0.109, 0.171
62.720, -0.200, -0.500, -0.053, -0.121, 0.169
62.740, -0.200, -0.500, -0.060, -0.133, 0.167
62.760, -0.200, -0.500, -0.066, -0.144, 0.164
62.780, -0.200, -0.500, -0.071, -0.153, 0.161
62.800, -0.200, -0.500, -0.076, -0.161, 0.158
62.820, -0.200, -0.500, -0.079, -0.167, 0.156
62.840, -0.200, -0.500, -0.083, -0.171, 0.153
62.860, -0.200, -0.500, -0.086, -0.173, 0.152
62.880, -0.200, -0.500, -0.090, -0.175, 0.151
62.900, -0.200, -0.500, -0.094, -0.175, 0.152
62.920, -0.200, -0.500, -0.098, -0.174, 0.155
62.940, -0.200, -0.500, -0.102, -0.172, 0.158
62.960, -0.200, -0.500, -0.106, -0.169, 0.162
62.980, -0.200, -0.500, -0.109, -0.165, 0.166
63.000, -0.200, -0.500, -0.112, -0.161, 0.170
63.020, -0.200, -0.500, -0.115, -0.156, 0.174
63.040, -0.200, -0.500, -0.117, -0.151, 0.178
63.060, -0.200, -0.500, -0.119, -0.145, 0.182
63.080, -0.200, -0.500, -0.121, -0.140, 0.187
63.100, -0.200, -0.500, -0.122, -0.134, 0.190
63.120, -0.200, -0.500, -0.122, -0.128, 0.190
63.140, -0.200, -0.500, -0.122, -0.123, 0.187
63.160, -0.200, -0.500, -0.121, -0.118, 0.183
63.180, -0.200, -0.500, -0.120, -0.117, 0.178
63.200, -0.200, -0.500, -0.121, -0.117, 0.175
63.220, -0.200, -0.500, -0.122, -0.121, 0.173
63.240, -0.200, -0.500, -0.126, -0.127, 0.172
63.260, -0.200, -0.500, -0.131, -0.134, 0.173
63.280, -0.200, -0.500, -0.138, -0.144, 0.174
63.300, -0.200, -0.500, -0.146, -0.154, 0.176
63.320, -0.200, -0.500, -0.154, -0.166, 0.178
63.340, -0.200, -0.500, -0.161, -0.180, 0.179
63.360, -0.200, -0.500, -0.168, -0.193, 0.179
63.380, -0.200, -0.500, -0.173, -0.207, 0.179
63.400, -0.200, -0.500, -0.178, -0.220, 0.178
63.420, -0.200, -0.500, -0.181, -0.233, 0.177
63.440, -0.200, -0.500, -0.183, -0.243, 0.175
63.460, -0.200, -0.500, -0.184, -0.252, 0.173
63.480, -0.200, -0.500, -0.183, -0.259, 0.172
63.500, -0.200, -0.500, -0.182, -0.263, 0.172
63.520, -0.200, -0.500, -0.179, -0.266, 0.173
63.540, -0.200, -0.500, -0.176, -0.267, 0.175
63.560, -0.200, -0.500, -0.173, -0.265, 0.176
63.580, -0.200, -0.500, -0.170, -0.263, 0.177
63.600, -0.200, -0.500, -0.166, -0.259, 0.180
63.620, -0.200, -0.500, -0.163, -0.255, 0.183
63.640, -0.200, -0.500, -0.159, -0.251, 0.187
63.660, -0.200, -0.500, -0.155, -0.246, 0.190
63.680, -0.200, -0.500, -0.151, -0.242, 0.193
63.700, -0.200, -0.500, -0.148, -0.238, 0.196
63.720, -0.200, -0.500, -0.145, -0.234, 0.200
63.740, -0.200, -0.500, -0.143, -0.230, 0.205
63.760, -0.200, -0.500, -0.141, -0.226, 0.207
63.780, -0.200, -0.500, -0.140, -0.222, 0.204
63.800, -0.200, -0.500, -0.140, -0.220, 0.198
63.820, -0.200, -0.500, -0.140, -0.220, 0.190
63.840, -0.200, -0.500, -0.141, -0.222, 0.181
63.860, -0.200, -0.500, -0.144, -0.227, 0.174
63.880, -0.200, -0.500, -0.148, -0.234, 0.169
63.900, -0.200, -0.500, -0.154, -0.242, 0.167
63.920, -0.200, -0.500, -0.162, -0.251, 0.167
63.940, -0.200, -0.500, -0.171, -0.260, 0.168
63.960, -0.200, -0.500, -0.181, -0.271, 0.169
63.980, -0.200, -0.500, -0.192, -0.282, 0.169
64.000, -0.200, -0.500, -0.204, -0.293, 0.169
64.020, -0.200, -0.500, -0.216, -0.304, 0.167
64.040, -0.200, -0.500, -0.229, -0.315, 0.164
64.060, -0.200, -0.500, -0.240, -0.326, 0.159
64.080, -0.200, -0.500, -0.247, -0.335, 0.162
64.100, -0.200, -0.500, -0.253, -0.339, 0.169
64.120, -0.200, -0.500, -0.258, -0.341, 0.172
64.140, -0.200, -0.500, -0.262, -0.344, 0.173
64.160, -0.200, -0.500, -0.265, -0.345, 0.172
64.180, -0.200, -0.500, -0.268, -0.344, 0.170
64.200, -0.200, -0.500, -0.268, -0.343, 0.173
64.220, -0.200, -0.500, -0.269, -0.340, 0.176
64.240, -0.200, -0.500, -0.271, -0.335, 0.177
64.260, -0.200, -0.500, -0.272, -0.331, 0.179
64.280, -0.200, -0.500, -0.272, -0.327, 0.181
64.300, -0.200, -0.500, -0.273, -0.322, 0.182
64.320, -0.200, -0.500, -0.274, -0.317, 0.182
64.340, -0.200, -0.500, -0.275, -0.312, 0.181
64.360, -0.200, -0.500, -0.277, -0.306, 0.181
64.380, -0.200, -0.500, -0.278, -0.300, 0.183
64.400, -0.200, -0.500, -0.279, -0.294, 0.185
64.420, -0.200, -0.500, -0.278, -0.288, 0.186
64.440, -0.200, -0.500, -0.273, -0.283, 0.184
64.460, -0.200, -0.500, -0.265, -0.279, 0.179
64.480, -0.200, -0.500, -0.259, -0.277, 0.175
64.500, -0.200, -0.500, -0.253, -0.278, 0.168
64.520, -0.200, -0.500, -0.251, -0.281, 0.165
64.540, -0.200, -0.500, -0.251, -0.286, 0.164
64.560, -0.200, -0.500, -0.253, -0.293, 0.165
64.580, -0.200, -0.500, -0.257, -0.301, 0.167
64.600, -0.200, -0.500, -0.261, -0.310, 0.170
64.620, -0.200, -0.500, -0.265, -0.319, 0.173
64.640, -0.200, -0.500, -0.269, -0.330, 0.175
64.660, -0.200, -0.500, -0.272, -0.340, 0.177
64.680, -0.200, -0.500, -0.275, -0.350, 0.179
64.700, -0.200, -0.500, -0.278, -0.359, 0.180
64.720, -0.200, -0.500, -0.281, -0.367, 0.182
64.740, -0.200, -0.500, -0.282, -0.375, 0.184
64.760, -0.200, -0.500, -0.284, -0.381, 0.186
64.780, -0.200, -0.500, -0.285, -0.387, 0.187
64.800, -0.200, -0.500, -0.286, -0.392, 0.189
64.820, -0.200, -0.500, -0.286, -0.395, 0.190
64.840, -0.200, -0.500, -0.286, -0.398, 0.191
64.860, -0.200, -0.500, -0.285, -0.400, 0.192
64.880, -0.200, -0.500, -0.284, -0.401, 0.193
64.900, -0.200, -0.500, -0.282, -0.401, 0.193
64.920, -0.200, -0.500, -0.279, -0.400, 0.193
64.940, -0.200, -0.500, -0.276, -0.399, 0.194
64.960, -0.200, -0.500, -0.272, -0.397, 0.194
64.980, -0.200, -0.500, -0.269, -0.394, 0.196
65.000, -0.200, -0.500, -0.265, -0.392, 0.199
65.020, -0.200, -0.500, -0.261, -0.389, 0.204
65.040, -0.200, -0.500, -0.257, -0.386, 0.209
65.060, -0.200, -0.500, -0.253, -0.384, 0.214
65.080, -0.200, -0.500, -0.248, -0.381, 0.213
65.100, -0.200, -0.500, -0.244, -0.378, 0.207
65.120, -0.200, -0.500, -0.241, -0.377, 0.198
65.140, -0.200, -0.500, -0.239, -0.377, 0.187
65.160, -0.200, -0.500, -0.240, -0.379, 0.180
65.180, -0.200, -0.500, -0.244, -0.383, 0.173
65.200, -0.200, -0.500, -0.249, -0.388, 0.168
65.220, -0.200, -0.500, -0.256, -0.396, 0.166
65.240, -0.200, -0.500, -0.264, -0.404, 0.167
65.260, -0.200, -0.500, -0.273, -0.414, 0.168
65.280, -0.200, -0.500, -0.282, -0.424, 0.170
65.300, -0.200, -0.500, -0.292, -0.435, 0.170
65.320, -0.200, -0.500, -0.303, -0.446, 0.170
65.340, -0.200, -0.500, -0.313, -0.457, 0.168
65.360, -0.200, -0.500, -0.324, -0.467, 0.165
65.380, -0.200, -0.500, -0.335, -0.477, 0.161
65.400, -0.200, -0.500, -0.345, -0.485, 0.156
65.420, -0.200, -0.500, -0.349, -0.493, 0.158
65.440, -0.200, -0.500, -0.354, -0.496, 0.164
65.460, -0.200, -0.500, -0.359, -0.497, 0.169
65.480, -0.200, -0.500, -0.364, -0.498, 0.171
65.500, -0.200, -0.500, -0.369, -0.497, 0.170
65.520, -0.200, -0.500, -0.374, -0.495, 0.168
65.540, -0.200, -0.500, -0.378, -0.493, 0.168
65.560, -0.200, -0.500, -0.379, -0.490, 0.171
65.580, -0.200, -0.500, -0.382, -0.487, 0.172
65.600, -0.200, -0.500, -0.384, -0.482, 0.173
65.620, -0.200, -0.500, -0.386, -0.479, 0.173
65.640, -0.200, -0.500, -0.388, -0.475, 0.174
65.660, -0.200, -0.500, -0.391, -0.470, 0.176
65.680, -0.200, -0.500, -0.394, -0.464, 0.179
65.700, -0.200, -0.500, -0.398, -0.459, 0.182
65.720, -0.200, -0.500, -0.401, -0.454, 0.185
65.740, -0.200, -0.500, -0.402, -0.448, 0.185
65.760, -0.200, -0.500, -0.402, -0.445, 0.182
65.780, -0.200, -0.500, -0.399, -0.442, 0.176
65.800, -0.200, -0.500, -0.399, -0.443, 0.171
65.820, -0.200, -0.500, -0.395, -0.446, 0.167
65.840, -0.200, -0.500, -0.392, -0.451, 0.166
65.860, -0.200, -0.500, -0.391, -0.457, 0.162
65.880, -0.200, -0.500, -0.392, -0.465, 0.161
65.900, -0.200, -0.500, -0.394, -0.475, 0.162
65.920, -0.200, -0.500, -0.397, -0.485, 0.163
65.940, -0.200, -0.500, -0.399, -0.494, 0.164
65.960, -0.200, -0.500, -0.401, -0.503, 0.165
65.980, -0.200, -0.500, -0.403, -0.511, 0.167
66.000, -0.200, -0.500, -0.404, -0.518, 0.168
66.020, -0.200, -0.500, -0.404, -0.525, 0.169
66.040, -0.200, -0.500, -0.403, -0.531, 0.170
66.060, -0.200, -0.500, -0.401, -0.537, 0.171
66.080, -0.200, -0.500, -0.398, -0.541, 0.172
66.100, -0.200, -0.500, -0.394, -0.545, 0.174
66.120, -0.200, -0.500, -0.391, -0.548, 0.176
66.140, -0.200, -0.500, -0.388, -0.550, 0.178
66.160, -0.200, -0.500, -0.385, -0.550, 0.179
66.180, -0.200, -0.500, -0.381, -0.550, 0.181
68.220, -0.200, -0.400, 0.000, 0.000, 0.250
68.240, -0.200, -0.400, 0.000, 0.001, 0.238
68.260, -0.200, -0.400, 0.001, 0.002, 0.227
68.280, -0.200, -0.400, 0.002, 0.002, 0.214
68.300, -0.200, -0.400, 0.001, 0.002, 0.206
68.320, -0.200, -0.400, -0.001, 0.001, 0.199
68.340, -0.200, -0.400, -0.004, 0.000, 0.197
68.360, -0.200, -0.400, -0.007, -0.001, 0.199
68.380, -0.200, -0.400, -0.010, -0.002, 0.203
68.400, -0.200, -0.400, -0.013, -0.002, 0.207
68.420, -0.200, -0.400, -0.015, -0.003, 0.212
68.440, -0.200, -0.400, -0.016, -0.003, 0.215
68.460, -0.200, -0.400, -0.016, -0.003, 0.217
68.480, -0.200, -0.400, -0.016, -0.001, 0.215
68.500, -0.200, -0.400, -0.015, 0.001, 0.209
68.520, -0.200, -0.400, -0.013, 0.002, 0.202
68.540, -0.200, -0.400, -0.012, 0.002, 0.193
68.560, -0.200, -0.400, -0.011, 0.001, 0.185
68.580, -0.200, -0.400, -0.011, -0.003, 0.180
68.600, -0.200, -0.400, -0.012, -0.007, 0.176
68.620, -0.200, -0.400, -0.014, -0.013, 0.176
68.640, -0.200, -0.400, -0.018, -0.021, 0.176
68.660, -0.200, -0.400, -0.023, -0.029, 0.178
68.680, -0.200, -0.400, -0.029, -0.039, 0.180
68.700, -0.200, -0.400, -0.036, -0.050, 0.182
68.720, -0.200, -0.400, -0.043, -0.061, 0.183
68.740, -0.200, -0.400, -0.051, -0.073, 0.182
68.760, -0.200, -0.400, -0.058, -0.085, 0.180
68.780, -0.200, -0.400, -0.065, -0.097, 0.177
68.800, -0.200, -0.400, -0.072, -0.108, 0.173
68.820, -0.200, -0.400, -0.078, -0.119, 0.170
68.840, -0.200, -0.400, -0.083, -0.128, 0.166
68.860, -0.200, -0.400, -0.088, -0.136, 0.164
68.880, -0.200, -0.400, -0.092, -0.143, 0.161
68.900, -0.200, -0.400, -0.096, -0.148, 0.159
68.920, -0.200, -0.400, -0.100, -0.151, 0.159
68.940, -0.200, -0.400, -0.104, -0.154, 0.160
68.960, -0.200, -0.400, -0.107, -0.154, 0.163
68.980, -0.200, -0.400, -0.110, -0.153, 0.167
69.000, -0.200, -0.400, -0.112, -0.151, 0.171
69.020, -0.200, -0.400, -0.114, -0.147, 0.175
69.040, -0.200, -0.400, -0.115, -0.142, 0.179
69.060, -0.200, -0.400, -0.117, -0.136, 0.184
69.080, -0.200, -0.400, -0.118, -0.130, 0.189
69.100, -0.200, -0.400, -0.118, -0.123, 0.194
69.120, -0.200, -0.400, -0.118, -0.116, 0.197
69.140, -0.200, -0.400, -0.116, -0.108, 0.196
69.160, -0.200, -0.400, -0.113, -0.101, 0.192
69.180, -0.200, -0.400, -0.109, -0.095, 0.185
69.200, -0.200, -0.400, -0.107, -0.093, 0.181
69.220, -0.200, -0.400, -0.105, -0.092, 0.176
69.240, -0.200, -0.400, -0.104, -0.094, 0.173
69.260, -0.200, -0.400, -0.107, -0.098, 0.173
69.280, -0.200, -0.400, -0.112, -0.104, 0.174
69.300, -0.200, -0.400, -0.119, -0.112, 0.177
69.320, -0.200, -0.400, -0.127, -0.121, 0.179
69.340, -0.200, -0.400, -0.135, -0.131, 0.181
69.360, -0.200, -0.400, -0.144, -0.143, 0.182
69.380, -0.200, -0.400, -0.152, -0.155, 0.183
69.400, -0.200, -0.400, -0.160, -0.168, 0.182
69.420, -0.200, -0.400, -0.166, -0.181, 0.181
69.440, -0.200, -0.400, -0.171, -0.193, 0.180
69.460, -0.200, -0.400, -0.174, -0.204, 0.178
69.480, -0.200, -0.400, -0.176, -0.213, 0.177
69.500, -0.200, -0.400, -0.178, -0.221, 0.175
69.520, -0.200, -0.400, -0.179, -0.226, 0.174
69.540, -0.200, -0.400, -0.178, -0.229, 0.174
69.560, -0.200, -0.400, -0.176, -0.230, 0.174
69.580, -0.200, -0.400, -0.175, -0.229, 0.175
69.600, -0.200, -0.400, -0.174, -0.226, 0.176
69.620, -0.200, -0.400, -0.172, -0.223, 0.177
69.640, -0.200, -0.400, -0.169, -0.218, 0.179
69.660, -0.200, -0.400, -0.166, -0.212, 0.182
69.680, -0.200, -0.400, -0.162, -0.207, 0.186
69.700, -0.200, -0.400, -0.157, -0.201, 0.191
69.720, -0.200, -0.400, -0.153, -0.195, 0.196
69.740, -0.200, -0.400, -0.149, -0.190, 0.202
69.760, -0.200, -0.400, -0.145, -0.185, 0.208
69.780, -0.200, -0.400, -0.142, -0.180, 0.210
69.800, -0.200, -0.400, -0.140, -0.177, 0.206
69.820, -0.200, -0.400, -0.137, -0.174, 0.198
69.840, -0.200, -0.400, -0.136, -0.174, 0.189
69.860, -0.200, -0.400, -0.136, -0.175, 0.179
69.880, -0.200, -0.400, -0.137, -0.179, 0.172
69.900, -0.200, -0.400, -0.140, -0.184, 0.167
69.920, -0.200, -0.400, -0.144, -0.189, 0.165
69.940, -0.200, -0.400, -0.150, -0.196, 0.166
69.960, -0.200, -0.400, -0.157, -0.203, 0.168
69.980, -0.200, -0.400, -0.166, -0.211, 0.170
70.000, -0.200, -0.400, -0.177, -0.220, 0.172
70.020, -0.200, -0.400, -0.188, -0.229, 0.173
70.040, -0.200, -0.400, -0.200, -0.239, 0.173
70.060, -0.200, -0.400, -0.213, -0.249, 0.172
70.080, -0.200, -0.400, -0.226, -0.259, 0.169
70.100, -0.200, -0.400, -0.239, -0.269, 0.165
70.120, -0.200, -0.400, -0.253, -0.278, 0.161
70.140, -0.200, -0.400, -0.264, -0.285, 0.157
70.160, -0.200, -0.400, -0.269, -0.290, 0.162
70.180, -0.200, -0.400, -0.274, -0.292, 0.169
70.200, -0.200, -0.400, -0.278, -0.291, 0.175
70.220, -0.200, -0.400, -0.281, -0.289, 0.178
70.240, -0.200, -0.400, -0.285, -0.286, 0.178
70.260, -0.200, -0.400, -0.289, -0.281, 0.177
70.280, -0.200, -0.400, -0.294, -0.275, 0.175
70.300, -0.200, -0.400, -0.297, -0.269, 0.174
70.320, -0.200, -0.400, -0.296, -0.264, 0.178
70.340, -0.200, -0.400, -0.297, -0.258, 0.180
70.360, -0.200, -0.400, -0.299, -0.252, 0.181
70.380, -0.200, -0.400, -0.302, -0.245, 0.182
70.400, -0.200, -0.400, -0.305, -0.238, 0.184
70.420, -0.200, -0.400, -0.308, -0.231, 0.185
70.440, -0.200, -0.400, -0.307, -0.225, 0.185
70.460, -0.200, -0.400, -0.302, -0.219, 0.182
70.480, -0.200, -0.400, -0.296, -0.215, 0.178
70.500, -0.200, -0.400, -0.289, -0.211, 0.172
70.520, -0.200, -0.400, -0.285, -0.210, 0.167
70.540, -0.200, -0.400, -0.282, -0.211, 0.163
70.560, -0.200, -0.400, -0.283, -0.214, 0.161
70.580, -0.200, -0.400, -0.286, -0.219, 0.162
70.600, -0.200, -0.400, -0.291, -0.225, 0.163
70.620, -0.200, -0.400, -0.296, -0.231, 0.164
70.640, -0.200, -0.400, -0.301, -0.239, 0.165
70.660, -0.200, -0.400, -0.304, -0.247, 0.165
70.680, -0.200, -0.400, -0.307, -0.254, 0.165
70.700, -0.200, -0.400, -0.310, -0.262, 0.165
70.720, -0.200, -0.400, -0.313, -0.269, 0.166
70.740, -0.200, -0.400, -0.316, -0.276, 0.166
70.760, -0.200, -0.400, -0.317, -0.282, 0.167
70.780, -0.200, -0.400, -0.318, -0.287, 0.169
70.800, -0.200, -0.400, -0.319, -0.291, 0.171
70.820, -0.200, -0.400, -0.319, -0.294, 0.173
70.840, -0.200, -0.400, -0.318, -0.297, 0.175
70.860, -0.200, -0.400, -0.318, -0.298, 0.178
70.880, -0.200, -0.400, -0.317, -0.297, 0.180
70.900, -0.200, -0.400, -0.316, -0.296, 0.183
70.920, -0.200, -0.400, -0.314, -0.293, 0.184
70.940, -0.200, -0.400, -0.312, -0.291, 0.186
70.960, -0.200, -0.400, -0.309, -0.287, 0.187
70.980, -0.200, -0.400, -0.307, -0.284, 0.188
71.000, -0.200, -0.400, -0.303, -0.280, 0.189
71.020, -0.200, -0.400, -0.300, -0.277, 0.191
71.040, -0.200, -0.400, -0.297, -0.274, 0.193
71.060, -0.200, -0.400, -0.293, -0.272, 0.197
71.080, -0.200, -0.400, -0.289, -0.269, 0.201
71.100, -0.200, -0.400, -0.284, -0.268, 0.201
71.120, -0.200, -0.400, -0.278, -0.268, 0.195
71.140, -0.200, -0.400, -0.272, -0.269, 0.186
71.160, -0.200, -0.400, -0.266, -0.270, 0.177
71.180, -0.200, -0.400, -0.262, -0.273, 0.169
71.200, -0.200, -0.400, -0.259, -0.277, 0.163
71.220, -0.200, -0.400, -0.258, -0.282, 0.159
71.240, -0.200, -0.400, -0.258, -0.288, 0.157
71.260, -0.200, -0.400, -0.259, -0.294, 0.156
71.280, -0.200, -0.400, -0.261, -0.302, 0.157
71.300, -0.200, -0.400, -0.265, -0.309, 0.157
71.320, -0.200, -0.400, -0.269, -0.317, 0.157
71.340, -0.200, -0.400, -0.275, -0.325, 0.158
71.360, -0.200, -0.400, -0.281, -0.333, 0.158
71.380, -0.200, -0.400, -0.289, -0.341, 0.158
71.400, -0.200, -0.400, -0.297, -0.348, 0.158
71.420, -0.200, -0.400, -0.306, -0.355, 0.159
71.440, -0.200, -0.400, -0.314, -0.362, 0.159
71.460, -0.200, -0.400, -0.322, -0.367, 0.160
71.480, -0.200, -0.400, -0.330, -0.371, 0.161
71.500, -0.200, -0.400, -0.338, -0.374, 0.163
71.520, -0.200, -0.400, -0.346, -0.376, 0.164
71.540, -0.200, -0.400, -0.354, -0.376, 0.165
71.560, -0.200, -0.400, -0.361, -0.374, 0.165
71.580, -0.200, -0.400, -0.369, -0.371, 0.165
71.600, -0.200, -0.400, -0.377, -0.366, 0.165
71.620, -0.200, -0.400, -0.385, -0.360, 0.167
71.640, -0.200, -0.400, -0.392, -0.354, 0.170
71.660, -0.200, -0.400, -0.399, -0.347, 0.173
71.680, -0.200, -0.400, -0.404, -0.339, 0.177
71.700, -0.200, -0.400, -0.409, -0.332, 0.181
71.720, -0.200, -0.400, -0.413, -0.324, 0.187
71.740, -0.200, -0.400, -0.416, -0.317, 0.190
71.760, -0.200, -0.400, -0.416, -0.312, 0.189
71.780, -0.200, -0.400, -0.413, -0.308, 0.185
71.800, -0.200, -0.400, -0.412, -0.307, 0.180
71.820, -0.200, -0.400, -0.411, -0.307, 0.175
71.840, -0.200, -0.400, -0.413, -0.309, 0.173
71.860, -0.200, -0.400, -0.418, -0.312, 0.171
71.880, -0.200, -0.400, -0.425, -0.316, 0.171
71.900, -0.200, -0.400, -0.435, -0.321, 0.172
71.920, -0.200, -0.400, -0.446, -0.327, 0.173
71.940, -0.200, -0.400, -0.458, -0.335, 0.174
71.960, -0.200, -0.400, -0.470, -0.342, 0.174
71.980, -0.200, -0.400, -0.482, -0.351, 0.173
72.000, -0.200, -0.400, -0.494, -0.359, 0.172
72.020, -0.200, -0.400, -0.501, -0.367, 0.170
72.040, -0.200, -0.400, -0.506, -0.374, 0.168
72.060, -0.200, -0.400, -0.509, -0.380, 0.167
72.080, -0.200, -0.400, -0.512, -0.385, 0.167
72.100, -0.200, -0.400, -0.514, -0.389, 0.167
72.120, -0.200, -0.400, -0.516, -0.392, 0.167
72.140, -0.200, -0.400, -0.517, -0.394, 0.169
72.160, -0.200, -0.400, -0.517, -0.395, 0.170
72.180, -0.200, -0.400, -0.515, -0.395, 0.172
72.200, -0.200, -0.400, -0.513, -0.394, 0.174
74.240, -0.200, -0.300, 0.000, 0.000, 0.250
74.260, -0.200, -0.300, 0.000, 0.000, 0.237
74.280, -0.200, -0.300, 0.000, 0.000, 0.221
74.300, -0.200, -0.300, 0.001, -0.000, 0.210
74.320, -0.200, -0.300, 0.000, -0.001, 0.200
74.340, -0.200, -0.300, -0.002, -0.002, 0.192
74.360, -0.200, -0.300, -0.005, -0.003, 0.189
74.380, -0.200, -0.300, -0.008, -0.005, 0.191
74.400, -0.200, -0.300, -0.010, -0.006, 0.195
74.420, -0.200, -0.300, -0.013, -0.008, 0.200
74.440, -0.200, -0.300, -0.015, -0.009, 0.204
74.460, -0.200, -0.300, -0.017, -0.010, 0.209
74.480, -0.200, -0.300, -0.019, -0.011, 0.211
74.500, -0.200, -0.300, -0.019, -0.011, 0.210
74.520, -0.200, -0.300, -0.018, -0.011, 0.205
74.540, -0.200, -0.300, -0.017, -0.012, 0.196
74.560, -0.200, -0.300, -0.015, -0.014, 0.188
74.580, -0.200, -0.300, -0.014, -0.017, 0.181
74.600, -0.200, -0.300, -0.014, -0.021, 0.176
74.620, -0.200, -0.300, -0.016, -0.026, 0.174
74.640, -0.200, -0.300, -0.020, -0.032, 0.173
74.660, -0.200, -0.300, -0.025, -0.038, 0.174
74.680, -0.200, -0.300, -0.032, -0.045, 0.175
74.700, -0.200, -0.300, -0.039, -0.053, 0.175
74.720, -0.200, -0.300, -0.046, -0.061, 0.176
74.740, -0.200, -0.300, -0.054, -0.069, 0.176
74.760, -0.200, -0.300, -0.062, -0.077, 0.174
74.780, -0.200, -0.300, -0.069, -0.085, 0.173
74.800, -0.200, -0.300, -0.076, -0.092, 0.170
74.820, -0.200, -0.300, -0.083, -0.100, 0.168
74.840, -0.200, -0.300, -0.089, -0.106, 0.166
74.860, -0.200, -0.300, -0.095, -0.111, 0.164
74.880, -0.200, -0.300, -0.101, -0.116, 0.163
74.900, -0.200, -0.300, -0.106, -0.119, 0.163
74.920, -0.200, -0.300, -0.111, -0.121, 0.164
74.940, -0.200, -0.300, -0.115, -0.122, 0.167
74.960, -0.200, -0.300, -0.118, -0.121, 0.171
74.980, -0.200, -0.300, -0.121, -0.120, 0.174
75.000, -0.200, -0.300, -0.123, -0.118, 0.178
75.020, -0.200, -0.300, -0.125, -0.115, 0.181
75.040, -0.200, -0.300, -0.126, -0.111, 0.184
75.060, -0.200, -0.300, -0.126, -0.107, 0.187
75.080, -0.200, -0.300, -0.126, -0.103, 0.190
75.100, -0.200, -0.300, -0.126, -0.098, 0.194
75.120, -0.200, -0.300, -0.126, -0.093, 0.198
75.140, -0.200, -0.300, -0.124, -0.087, 0.200
75.160, -0.200, -0.300, -0.120, -0.082, 0.198
75.180, -0.200, -0.300, -0.115, -0.077, 0.192
75.200, -0.200, -0.300, -0.111, -0.075, 0.187
75.220, -0.200, -0.300, -0.106, -0.073, 0.180
75.240, -0.200, -0.300, -0.103, -0.074, 0.176
75.260, -0.200, -0.300, -0.104, -0.077, 0.174
75.280, -0.200, -0.300, -0.107, -0.081, 0.174
75.300, -0.200, -0.300, -0.113, -0.087, 0.175
75.320, -0.200, -0.300, -0.121, -0.093, 0.177
75.340, -0.200, -0.300, -0.130, -0.100, 0.180
75.360, -0.200, -0.300, -0.139, -0.108, 0.183
75.380, -0.200, -0.300, -0.148, -0.116, 0.186
75.400, -0.200, -0.300, -0.157, -0.126, 0.188
75.420, -0.200, -0.300, -0.165, -0.136, 0.190
75.440, -0.200, -0.300, -0.173, -0.147, 0.190
75.460, -0.200, -0.300, -0.179, -0.157, 0.189
75.480, -0.200, -0.300, -0.185, -0.167, 0.188
75.500, -0.200, -0.300, -0.190, -0.176, 0.187
75.520, -0.200, -0.300, -0.194, -0.183, 0.185
75.540, -0.200, -0.300, -0.197, -0.189, 0.184
75.560, -0.200, -0.300, -0.199, -0.194, 0.182
75.580, -0.200, -0.300, -0.201, -0.196, 0.181
75.600, -0.200, -0.300, -0.202, -0.196, 0.180
75.620, -0.200, -0.300, -0.202, -0.195, 0.180
75.640, -0.200, -0.300, -0.202, -0.193, 0.180
75.660, -0.200, -0.300, -0.200, -0.190, 0.181
75.680, -0.200, -0.300, -0.198, -0.185, 0.183
75.700, -0.200, -0.300, -0.195, -0.181, 0.186
75.720, -0.200, -0.300, -0.191, -0.176, 0.191
75.740, -0.200, -0.300, -0.186, -0.171, 0.197
75.760, -0.200, -0.300, -0.181, -0.166, 0.203
75.780, -0.200, -0.300, -0.177, -0.162, 0.210
75.800, -0.200, -0.300, -0.171, -0.157, 0.212
75.820, -0.200, -0.300, -0.166, -0.154, 0.209
75.840, -0.200, -0.300, -0.160, -0.152, 0.202
75.860, -0.200, -0.300, -0.156, -0.151, 0.192
75.880, -0.200, -0.300, -0.153, -0.153, 0.182
75.900, -0.200, -0.300, -0.152, -0.155, 0.175
75.920, -0.200, -0.300, -0.154, -0.159, 0.171
75.940, -0.200, -0.300, -0.157, -0.164, 0.170
75.960, -0.200, -0.300, -0.163, -0.169, 0.171
75.980, -0.200, -0.300, -0.170, -0.175, 0.172
76.000, -0.200, -0.300, -0.178, -0.181, 0.175
76.020, -0.200, -0.300, -0.188, -0.188, 0.177
76.040, -0.200, -0.300, -0.198, -0.196, 0.178
76.060, -0.200, -0.300, -0.208, -0.203, 0.179
76.080, -0.200, -0.300, -0.219, -0.211, 0.178
76.100, -0.200, -0.300, -0.230, -0.219, 0.178
76.120, -0.200, -0.300, -0.241, -0.227, 0.176
76.140, -0.200, -0.300, -0.253, -0.236, 0.173
76.160, -0.200, -0.300, -0.266, -0.243, 0.170
76.180, -0.200, -0.300, -0.278, -0.249, 0.168
76.200, -0.200, -0.300, -0.289, -0.254, 0.167
76.220, -0.200, -0.300, -0.300, -0.256, 0.167
76.240, -0.200, -0.300, -0.308, -0.258, 0.168
76.260, -0.200, -0.300, -0.311, -0.258, 0.173
76.280, -0.200, -0.300, -0.315, -0.257, 0.178
76.300, -0.200, -0.300, -0.319, -0.254, 0.182
76.320, -0.200, -0.300, -0.324, -0.250, 0.184
76.340, -0.200, -0.300, -0.328, -0.245, 0.184
76.360, -0.200, -0.300, -0.332, -0.238, 0.184
76.380, -0.200, -0.300, -0.336, -0.231, 0.184
76.400, -0.200, -0.300, -0.340, -0.223, 0.184
76.420, -0.200, -0.300, -0.343, -0.216, 0.186
76.440, -0.200, -0.300, -0.344, -0.207, 0.190
76.460, -0.200, -0.300, -0.343, -0.200, 0.193
76.480, -0.200, -0.300, -0.340, -0.193, 0.193
76.500, -0.200, -0.300, -0.335, -0.186, 0.191
76.520, -0.200, -0.300, -0.332, -0.181, 0.188
76.540, -0.200, -0.300, -0.330, -0.177, 0.183
76.560, -0.200, -0.300, -0.330, -0.176, 0.177
76.580, -0.200, -0.300, -0.332, -0.177, 0.171
76.600, -0.200, -0.300, -0.335, -0.179, 0.166
76.620, -0.200, -0.300, -0.339, -0.182, 0.164
76.640, -0.200, -0.300, -0.345, -0.187, 0.162
76.660, -0.200, -0.300, -0.351, -0.191, 0.160
76.680, -0.200, -0.300, -0.356, -0.195, 0.158
76.700, -0.200, -0.300, -0.360, -0.199, 0.157
76.720, -0.200, -0.300, -0.360, -0.204, 0.158
76.740, -0.200, -0.300, -0.360, -0.207, 0.161
76.760, -0.200, -0.300, -0.360, -0.211, 0.163
76.780, -0.200, -0.300, -0.360, -0.215, 0.165
76.800, -0.200, -0.300, -0.360, -0.218, 0.166
76.820, -0.200, -0.300, -0.361, -0.220, 0.167
76.840, -0.200, -0.300, -0.361, -0.221, 0.169
76.860, -0.200, -0.300, -0.361, -0.222, 0.171
76.880, -0.200, -0.300, -0.362, -0.222, 0.172
76.900, -0.200, -0.300, -0.362, -0.221, 0.174
76.920, -0.200, -0.300, -0.362, -0.220, 0.176
76.940, -0.200, -0.300, -0.360, -0.218, 0.177
76.960, -0.200, -0.300, -0.358, -0.217, 0.178
76.980, -0.200, -0.300, -0.356, -0.215, 0.178
77.000, -0.200, -0.300, -0.355, -0.214, 0.179
77.020, -0.200, -0.300, -0.353, -0.212, 0.181
77.040, -0.200, -0.300, -0.352, -0.211, 0.183
77.060, -0.200, -0.300, -0.350, -0.210, 0.186
77.080, -0.200, -0.300, -0.349, -0.208, 0.191
77.100, -0.200, -0.300, -0.347, -0.207, 0.194
77.120, -0.200, -0.300, -0.342, -0.207, 0.193
77.140, -0.200, -0.300, -0.334, -0.209, 0.187
77.160, -0.200, -0.300, -0.325, -0.211, 0.178
77.180, -0.200, -0.300, -0.315, -0.214, 0.167
77.200, -0.200, -0.300, -0.306, -0.217, 0.161
77.220, -0.200, -0.300, -0.298, -0.222, 0.156
77.240, -0.200, -0.300, -0.292, -0.227, 0.153
77.260, -0.200, -0.300, -0.288, -0.231, 0.152
77.280, -0.200, -0.300, -0.285, -0.236, 0.150
77.300, -0.200, -0.300, -0.283, -0.240, 0.149
77.320, -0.200, -0.300, -0.283, -0.245, 0.147
77.340, -0.200, -0.300, -0.283, -0.248, 0.146
77.360, -0.200, -0.300, -0.283, -0.252, 0.145
77.380, -0.200, -0.300, -0.283, -0.256, 0.146
77.400, -0.200, -0.300, -0.284, -0.259, 0.147
77.420, -0.200, -0.300, -0.285, -0.261, 0.149
77.440, -0.200, -0.300, -0.287, -0.262, 0.152
77.460, -0.200, -0.300, -0.289, -0.263, 0.155
77.480, -0.200, -0.300, -0.291, -0.263, 0.159
77.500, -0.200, -0.300, -0.293, -0.262, 0.162
77.520, -0.200, -0.300, -0.295, -0.260, 0.166
77.540, -0.200, -0.300, -0.296, -0.258, 0.169
77.560, -0.200, -0.300, -0.297, -0.256, 0.172
77.580, -0.200, -0.300, -0.298, -0.254, 0.174
77.600, -0.200, -0.300, -0.300, -0.251, 0.176
77.620, -0.200, -0.300, -0.302, -0.248, 0.177
77.640, -0.200, -0.300, -0.304, -0.244, 0.177
77.660, -0.200, -0.300, -0.307, -0.241, 0.177
77.680, -0.200, -0.300, -0.310, -0.237, 0.177
77.700, -0.200, -0.300, -0.314, -0.233, 0.179
77.720, -0.200, -0.300, -0.319, -0.229, 0.184
77.740, -0.200, -0.300, -0.324, -0.224, 0.191
77.760, -0.200, -0.300, -0.329, -0.220, 0.195
77.780, -0.200, -0.300, -0.333, -0.216, 0.195
77.800, -0.200, -0.300, -0.337, -0.215, 0.193
77.820, -0.200, -0.300, -0.340, -0.215, 0.188
77.840, -0.200, -0.300, -0.344, -0.216, 0.185
77.860, -0.200, -0.300, -0.348, -0.219, 0.182
77.880, -0.200, -0.300, -0.353, -0.223, 0.179
77.900, -0.200, -0.300, -0.360, -0.227, 0.178
77.920, -0.200, -0.300, -0.367, -0.233, 0.179
77.940, -0.200, -0.300, -0.374, -0.239, 0.180
77.960, -0.200, -0.300, -0.381, -0.246, 0.182
77.980, -0.200, -0.300, -0.387, -0.254, 0.184
78.000, -0.200, -0.300, -0.393, -0.262, 0.185
78.020, -0.200, -0.300, -0.398, -0.270, 0.187
78.040, -0.200, -0.300, -0.403, -0.278, 0.187
78.060, -0.200, -0.300, -0.408, -0.286, 0.187
78.080, -0.200, -0.300, -0.412, -0.293, 0.187
78.100, -0.200, -0.300, -0.416, -0.299, 0.186
78.120, -0.200, -0.300, -0.419, -0.305, 0.185
78.140, -0.200, -0.300, -0.422, -0.309, 0.184
78.160, -0.200, -0.300, -0.424, -0.313, 0.183
78.180, -0.200, -0.300, -0.425, -0.315, 0.183
78.200, -0.200, -0.300, -0.425, -0.316, 0.182
78.220, -0.200, -0.300, -0.424, -0.317, 0.182
80.260, -0.200, -0.200, 0.000, 0.000, 0.250
80.280, -0.200, -0.200, 0.000, 0.000, 0.237
80.300, -0.200, -0.200, 0.000, 0.000, 0.224
80.320, -0.200, -0.200, 0.000, 0.000, 0.210
80.340, -0.200, -0.200, -0.000, -0.000, 0.200
80.360, -0.200, -0.200, -0.002, -0.000, 0.192
80.380, -0.200, -0.200, -0.004, -0.001, 0.188
80.400, -0.200, -0.200, -0.007, -0.001, 0.189
80.420, -0.200, -0.200, -0.010, -0.002, 0.193
80.440, -0.200, -0.200, -0.013, -0.003, 0.197
80.460, -0.200, -0.200, -0.015, -0.003, 0.202
80.480, -0.200, -0.200, -0.017, -0.004, 0.207
80.500, -0.200, -0.200, -0.019, -0.004, 0.211
80.520, -0.200, -0.200, -0.019, -0.004, 0.209
80.540, -0.200, -0.200, -0.018, -0.004, 0.203
80.560, -0.200, -0.200, -0.017, -0.005, 0.195
80.580, -0.200, -0.200, -0.015, -0.007, 0.187
80.600, -0.200, -0.200, -0.014, -0.009, 0.180
80.620, -0.200, -0.200, -0.015, -0.012, 0.177
80.640, -0.200, -0.200, -0.017, -0.015, 0.175
80.660, -0.200, -0.200, -0.021, -0.019, 0.175
80.680, -0.200, -0.200, -0.026, -0.023, 0.175
80.700, -0.200, -0.200, -0.032, -0.027, 0.175
80.720, -0.200, -0.200, -0.038, -0.032, 0.176
80.740, -0.200, -0.200, -0.045, -0.036, 0.176
80.760, -0.200, -0.200, -0.052, -0.041, 0.176
80.780, -0.200, -0.200, -0.060, -0.047, 0.175
80.800, -0.200, -0.200, -0.067, -0.052, 0.174
80.820, -0.200, -0.200, -0.074, -0.057, 0.173
80.840, -0.200, -0.200, -0.081, -0.062, 0.171
80.860, -0.200, -0.200, -0.089, -0.066, 0.169
80.880, -0.200, -0.200, -0.096, -0.070, 0.169
80.900, -0.200, -0.200, -0.103, -0.074, 0.169
80.920, -0.200, -0.200, -0.108, -0.076, 0.171
80.940, -0.200, -0.200, -0.111, -0.077, 0.174
80.960, -0.200, -0.200, -0.114, -0.078, 0.177
80.980, -0.200, -0.200, -0.115, -0.077, 0.180
81.000, -0.200, -0.200, -0.116, -0.076, 0.183
81.020, -0.200, -0.200, -0.116, -0.074, 0.186
81.040, -0.200, -0.200, -0.116, -0.072, 0.189
81.060, -0.200, -0.200, -0.115, -0.068, 0.191
81.080, -0.200, -0.200, -0.113, -0.065, 0.193
81.100, -0.200, -0.200, -0.111, -0.061, 0.196
81.120, -0.200, -0.200, -0.108, -0.057, 0.198
81.140, -0.200, -0.200, -0.105, -0.053, 0.202
81.160, -0.200, -0.200, -0.099, -0.049, 0.204
81.180, -0.200, -0.200, -0.092, -0.045, 0.202
81.200, -0.200, -0.200, -0.084, -0.041, 0.198
81.220, -0.200, -0.200, -0.076, -0.039, 0.190
81.240, -0.200, -0.200, -0.070, -0.038, 0.183
81.260, -0.200, -0.200, -0.067, -0.039, 0.179
81.280, -0.200, -0.200, -0.067, -0.040, 0.176
81.300, -0.200, -0.200, -0.068, -0.042, 0.176
81.320, -0.200, -0.200, -0.072, -0.045, 0.178
81.340, -0.200, -0.200, -0.078, -0.049, 0.182
81.360, -0.200, -0.200, -0.085, -0.053, 0.185
81.380, -0.200, -0.200, -0.093, -0.057, 0.189
81.400, -0.200, -0.200, -0.101, -0.062, 0.192
81.420, -0.200, -0.200, -0.111, -0.068, 0.194
81.440, -0.200, -0.200, -0.120, -0.074, 0.195
81.460, -0.200, -0.200, -0.129, -0.081, 0.195
81.480, -0.200, -0.200, -0.138, -0.088, 0.195
81.500, -0.200, -0.200, -0.148, -0.095, 0.194
81.520, -0.200, -0.200, -0.157, -0.102, 0.192
81.540, -0.200, -0.200, -0.166, -0.109, 0.192
81.560, -0.200, -0.200, -0.175, -0.116, 0.192
81.580, -0.200, -0.200, -0.183, -0.122, 0.192
81.600, -0.200, -0.200, -0.190, -0.127, 0.192
81.620, -0.200, -0.200, -0.196, -0.132, 0.192
81.640, -0.200, -0.200, -0.200, -0.136, 0.191
81.660, -0.200, -0.200, -0.204, -0.138, 0.190
81.680, -0.200, -0.200, -0.206, -0.140, 0.190
81.700, -0.200, -0.200, -0.208, -0.140, 0.189
81.720, -0.200, -0.200, -0.208, -0.140, 0.190
81.740, -0.200, -0.200, -0.208, -0.138, 0.192
81.760, -0.200, -0.200, -0.207, -0.136, 0.195
81.780, -0.200, -0.200, -0.204, -0.133, 0.201
81.800, -0.200, -0.200, -0.200, -0.130, 0.208
81.820, -0.200, -0.200, -0.194, -0.126, 0.212
81.840, -0.200, -0.200, -0.187, -0.122, 0.210
81.860, -0.200, -0.200, -0.178, -0.119, 0.204
81.880, -0.200, -0.200, -0.170, -0.117, 0.195
81.900, -0.200, -0.200, -0.163, -0.116, 0.185
81.920, -0.200, -0.200, -0.158, -0.117, 0.177
81.940, -0.200, -0.200, -0.157, -0.119, 0.172
81.960, -0.200, -0.200, -0.160, -0.123, 0.169
81.980, -0.200, -0.200, -0.164, -0.126, 0.170
82.000, -0.200, -0.200, -0.169, -0.131, 0.172
82.020, -0.200, -0.200, -0.175, -0.136, 0.176
82.040, -0.200, -0.200, -0.182, -0.141, 0.180
82.060, -0.200, -0.200, -0.191, -0.147, 0.183
82.080, -0.200, -0.200, -0.200, -0.154, 0.186
82.100, -0.200, -0.200, -0.210, -0.161, 0.187
82.120, -0.200, -0.200, -0.219, -0.168, 0.187
82.140, -0.200, -0.200, -0.228, -0.174, 0.187
82.160, -0.200, -0.200, -0.236, -0.181, 0.185
82.180, -0.200, -0.200, -0.246, -0.188, 0.184
82.200, -0.200, -0.200, -0.255, -0.195, 0.182
82.220, -0.200, -0.200, -0.265, -0.201, 0.179
82.240, -0.200, -0.200, -0.276, -0.207, 0.177
82.260, -0.200, -0.200, -0.287, -0.211, 0.176
82.280, -0.200, -0.200, -0.298, -0.215, 0.176
82.300, -0.200, -0.200, -0.307, -0.216, 0.177
82.320, -0.200, -0.200, -0.315, -0.217, 0.178
82.340, -0.200, -0.200, -0.321, -0.216, 0.179
82.360, -0.200, -0.200, -0.326, -0.213, 0.182
82.380, -0.200, -0.200, -0.330, -0.210, 0.184
82.400, -0.200, -0.200, -0.334, -0.205, 0.187
82.420, -0.200, -0.200, -0.336, -0.200, 0.191
82.440, -0.200, -0.200, -0.337, -0.195, 0.196
82.460, -0.200, -0.200, -0.337, -0.189, 0.201
82.480, -0.200, -0.200, -0.335, -0.184, 0.204
82.500, -0.200, -0.200, -0.331, -0.179, 0.202
82.520, -0.200, -0.200, -0.326, -0.175, 0.197
82.540, -0.200, -0.200, -0.321, -0.171, 0.191
82.560, -0.200, -0.200, -0.318, -0.170, 0.184
82.580, -0.200, -0.200, -0.316, -0.169, 0.178
82.600, -0.200, -0.200, -0.316, -0.170, 0.176
82.620, -0.200, -0.200, -0.319, -0.173, 0.176
82.640, -0.200, -0.200, -0.323, -0.176, 0.177
82.660, -0.200, -0.200, -0.328, -0.179, 0.178
82.680, -0.200, -0.200, -0.333, -0.182, 0.178
82.700, -0.200, -0.200, -0.337, -0.186, 0.178
82.720, -0.200, -0.200, -0.341, -0.191, 0.178
82.740, -0.200, -0.200, -0.344, -0.196, 0.178
82.760, -0.200, -0.200, -0.347, -0.202, 0.178
82.780, -0.200, -0.200, -0.349, -0.207, 0.179
82.800, -0.200, -0.200, -0.351, -0.213, 0.181
82.820, -0.200, -0.200, -0.352, -0.218, 0.182
82.840, -0.200, -0.200, -0.353, -0.222, 0.184
82.860, -0.200, -0.200, -0.353, -0.226, 0.187
82.880, -0.200, -0.200, -0.353, -0.229, 0.189
82.900, -0.200, -0.200, -0.353, -0.232, 0.191
82.920, -0.200, -0.200, -0.353, -0.234, 0.192
82.940, -0.200, -0.200, -0.352, -0.235, 0.193
82.960, -0.200, -0.200, -0.351, -0.235, 0.193
82.980, -0.200, -0.200, -0.349, -0.235, 0.193
83.000, -0.200, -0.200, -0.347, -0.235, 0.193
83.020, -0.200, -0.200, -0.345, -0.234, 0.194
83.040, -0.200, -0.200, -0.342, -0.233, 0.196
83.060, -0.200, -0.200, -0.338, -0.232, 0.200
83.080, -0.200, -0.200, -0.334, -0.231, 0.205
83.100, -0.200, -0.200, -0.330, -0.230, 0.211
83.120, -0.200, -0.200, -0.327, -0.228, 0.213
83.140, -0.200, -0.200, -0.324, -0.227, 0.211
83.160, -0.200, -0.200, -0.321, -0.226, 0.202
83.180, -0.200, -0.200, -0.317, -0.226, 0.190
83.200, -0.200, -0.200, -0.315, -0.227, 0.181
83.220, -0.200, -0.200, -0.314, -0.228, 0.173
83.240, -0.200, -0.200, -0.313, -0.230, 0.168
83.260, -0.200, -0.200, -0.314, -0.232, 0.167
83.280, -0.200, -0.200, -0.316, -0.234, 0.167
83.300, -0.200, -0.200, -0.318, -0.236, 0.168
83.320, -0.200, -0.200, -0.322, -0.238, 0.170
83.340, -0.200, -0.200, -0.326, -0.240, 0.171
83.360, -0.200, -0.200, -0.331, -0.241, 0.172
83.380, -0.200, -0.200, -0.337, -0.243, 0.173
83.400, -0.200, -0.200, -0.344, -0.245, 0.174
83.420, -0.200, -0.200, -0.351, -0.246, 0.175
83.440, -0.200, -0.200, -0.359, -0.247, 0.176
83.460, -0.200, -0.200, -0.366, -0.249, 0.177
83.480, -0.200, -0.200, -0.373, -0.250, 0.177
83.500, -0.200, -0.200, -0.380, -0.250, 0.179
83.520, -0.200, -0.200, -0.387, -0.251, 0.179
83.540, -0.200, -0.200, -0.394, -0.251, 0.181
83.560, -0.200, -0.200, -0.400, -0.251, 0.183
83.580, -0.200, -0.200, -0.407, -0.250, 0.185
83.600, -0.200, -0.200, -0.413, -0.249, 0.186
83.620, -0.200, -0.200, -0.419, -0.248, 0.187
83.640, -0.200, -0.200, -0.424, -0.247, 0.187
83.660, -0.200, -0.200, -0.428, -0.245, 0.187
83.680, -0.200, -0.200, -0.431, -0.243, 0.188
83.700, -0.200, -0.200, -0.434, -0.241, 0.188
83.720, -0.200, -0.200, -0.435, -0.239, 0.190
83.740, -0.200, -0.200, -0.437, -0.237, 0.192
83.760, -0.200, -0.200, -0.437, -0.234, 0.196
83.780, -0.200, -0.200, -0.435, -0.232, 0.199
83.800, -0.200, -0.200, -0.430, -0.230, 0.198
83.820, -0.200, -0.200, -0.423, -0.228, 0.194
83.840, -0.200, -0.200, -0.416, -0.226, 0.191
83.860, -0.200, -0.200, -0.410, -0.224, 0.188
83.880, -0.200, -0.200, -0.406, -0.224, 0.186
83.900, -0.200, -0.200, -0.404, -0.223, 0.185
83.920, -0.200, -0.200, -0.404, -0.223, 0.186
83.940, -0.200, -0.200, -0.408, -0.223, 0.186
83.960, -0.200, -0.200, -0.413, -0.223, 0.186
83.980, -0.200, -0.200, -0.419, -0.223, 0.186
84.000, -0.200, -0.200, -0.424, -0.224, 0.185
84.020, -0.200, -0.200, -0.429, -0.225, 0.185
84.040, -0.200, -0.200, -0.433, -0.227, 0.185
84.060, -0.200, -0.200, -0.437, -0.229, 0.185
84.080, -0.200, -0.200, -0.440, -0.232, 0.186
84.100, -0.200, -0.200, -0.443, -0.235, 0.187
84.120, -0.200, -0.200, -0.447, -0.239, 0.189
84.140, -0.200, -0.200, -0.450, -0.242, 0.190
84.160, -0.200, -0.200, -0.454, -0.245, 0.191
84.180, -0.200, -0.200, -0.458, -0.248, 0.193
84.200, -0.200, -0.200, -0.462, -0.251, 0.194
84.220, -0.200, -0.200, -0.466, -0.253, 0.195
84.240, -0.200, -0.200, -0.470, -0.255, 0.195
86.280, -0.200, -0.100, 0.000, 0.000, 0.250
86.300, -0.200, -0.100, -0.000, 0.000, 0.237
86.320, -0.200, -0.100, -0.000, 0.000, 0.221
86.340, -0.200, -0.100, 0.000, 0.000, 0.209
86.360, -0.200, -0.100, -0.000, 0.000, 0.199
86.380, -0.200, -0.100, -0.002, 0.000, 0.191
86.400, -0.200, -0.100, -0.004, 0.001, 0.186
86.420, -0.200, -0.100, -0.007, 0.001, 0.186
86.440, -0.200, -0.100, -0.010, 0.001, 0.189
86.460, -0.200, -0.100, -0.013, 0.001, 0.194
86.480, -0.200, -0.100, -0.015, 0.001, 0.199
86.500, -0.200, -0.100, -0.017, 0.001, 0.206
86.520, -0.200, -0.100, -0.018, 0.002, 0.209
86.540, -0.200, -0.100, -0.018, 0.002, 0.208
86.560, -0.200, -0.100, -0.017, 0.002, 0.202
86.580, -0.200, -0.100, -0.015, 0.001, 0.194
86.600, -0.200, -0.100, -0.014, 0.000, 0.185
86.620, -0.200, -0.100, -0.013, -0.001, 0.180
86.640, -0.200, -0.100, -0.014, -0.002, 0.176
86.660, -0.200, -0.100, -0.017, -0.004, 0.175
86.680, -0.200, -0.100, -0.021, -0.006, 0.174
86.700, -0.200, -0.100, -0.026, -0.007, 0.175
86.720, -0.200, -0.100, -0.031, -0.009, 0.176
86.740, -0.200, -0.100, -0.036, -0.011, 0.177
86.760, -0.200, -0.100, -0.042, -0.013, 0.178
86.780, -0.200, -0.100, -0.047, -0.014, 0.178
86.800, -0.200, -0.100, -0.052, -0.015, 0.179
86.820, -0.200, -0.100, -0.057, -0.016, 0.179
86.840, -0.200, -0.100, -0.061, -0.017, 0.179
86.860, -0.200, -0.100, -0.066, -0.018, 0.180
86.880, -0.200, -0.100, -0.070, -0.018, 0.181
86.900, -0.200, -0.100, -0.073, -0.019, 0.182
86.920, -0.200, -0.100, -0.077, -0.019, 0.183
86.940, -0.200, -0.100, -0.080, -0.019, 0.184
86.960, -0.200, -0.100, -0.082, -0.018, 0.185
86.980, -0.200, -0.100, -0.084, -0.018, 0.187
87.000, -0.200, -0.100, -0.085, -0.018, 0.189
87.020, -0.200, -0.100, -0.085, -0.017, 0.191
87.040, -0.200, -0.100, -0.084, -0.017, 0.193
87.060, -0.200, -0.100, -0.082, -0.016, 0.194
87.080, -0.200, -0.100, -0.079, -0.015, 0.196
87.100, -0.200, -0.100, -0.076, -0.014, 0.198
87.120, -0.200, -0.100, -0.071, -0.014, 0.200
87.140, -0.200, -0.100, -0.066, -0.013, 0.202
87.160, -0.200, -0.100, -0.060, -0.012, 0.206
87.180, -0.200, -0.100, -0.053, -0.011, 0.209
87.200, -0.200, -0.100, -0.045, -0.010, 0.208
87.220, -0.200, -0.100, -0.037, -0.009, 0.202
87.240, -0.200, -0.100, -0.031, -0.008, 0.194
87.260, -0.200, -0.100, -0.026, -0.008, 0.189
87.280, -0.200, -0.100, -0.023, -0.008, 0.185
87.300, -0.200, -0.100, -0.021, -0.008, 0.183
87.320, -0.200, -0.100, -0.020, -0.009, 0.183
87.340, -0.200, -0.100, -0.021, -0.010, 0.184
87.360, -0.200, -0.100, -0.024, -0.011, 0.187
87.380, -0.200, -0.100, -0.027, -0.012, 0.189
87.400, -0.200, -0.100, -0.031, -0.013, 0.191
87.420, -0.200, -0.100, -0.035, -0.014, 0.193
87.440, -0.200, -0.100, -0.040, -0.015, 0.194
87.460, -0.200, -0.100, -0.044, -0.017, 0.194
87.480, -0.200, -0.100, -0.049, -0.018, 0.194
87.500, -0.200, -0.100, -0.054, -0.020, 0.194
87.520, -0.200, -0.100, -0.059, -0.022, 0.194
87.540, -0.200, -0.100, -0.064, -0.023, 0.194
87.560, -0.200, -0.100, -0.069, -0.025, 0.194
87.580, -0.200, -0.100, -0.074, -0.027, 0.194
87.600, -0.200, -0.100, -0.079, -0.029, 0.194
87.620, -0.200, -0.100, -0.085, -0.031, 0.194
87.640, -0.200, -0.100, -0.090, -0.033, 0.195
87.660, -0.200, -0.100, -0.095, -0.035, 0.196
87.680, -0.200, -0.100, -0.099, -0.037, 0.198
87.700, -0.200, -0.100, -0.102, -0.038, 0.199
87.720, -0.200, -0.100, -0.105, -0.039, 0.200
87.740, -0.200, -0.100, -0.108, -0.039, 0.201
87.760, -0.200, -0.100, -0.109, -0.039, 0.203
87.780, -0.200, -0.100, -0.111, -0.039, 0.205
87.800, -0.200, -0.100, -0.111, -0.039, 0.209
87.820, -0.200, -0.100, -0.111, -0.039, 0.214
87.840, -0.200, -0.100, -0.110, -0.038, 0.216
87.860, -0.200, -0.100, -0.108, -0.036, 0.213
87.880, -0.200, -0.100, -0.104, -0.035, 0.205
87.900, -0.200, -0.100, -0.101, -0.035, 0.196
87.920, -0.200, -0.100, -0.098, -0.035, 0.188
87.940, -0.200, -0.100, -0.096, -0.035, 0.184
87.960, -0.200, -0.100, -0.097, -0.037, 0.181
87.980, -0.200, -0.100, -0.100, -0.038, 0.180
88.000, -0.200, -0.100, -0.104, -0.041, 0.181
88.020, -0.200, -0.100, -0.110, -0.043, 0.182
88.040, -0.200, -0.100, -0.117, -0.046, 0.183
88.060, -0.200, -0.100, -0.124, -0.049, 0.185
88.080, -0.200, -0.100, -0.132, -0.052, 0.186
88.100, -0.200, -0.100, -0.139, -0.055, 0.187
88.120, -0.200, -0.100, -0.147, -0.059, 0.187
88.140, -0.200, -0.100, -0.154, -0.062, 0.187
88.160, -0.200, -0.100, -0.161, -0.066, 0.186
88.180, -0.200, -0.100, -0.169, -0.070, 0.186
88.200, -0.200, -0.100, -0.177, -0.073, 0.185
88.220, -0.200, -0.100, -0.184, -0.077, 0.185
88.240, -0.200, -0.100, -0.192, -0.080, 0.185
88.260, -0.200, -0.100, -0.198, -0.083, 0.185
88.280, -0.200, -0.100, -0.204, -0.085, 0.186
88.300, -0.200, -0.100, -0.208, -0.087, 0.186
88.320, -0.200, -0.100, -0.211, -0.087, 0.188
88.340, -0.200, -0.100, -0.213, -0.088, 0.189
88.360, -0.200, -0.100, -0.214, -0.087, 0.191
88.380, -0.200, -0.100, -0.213, -0.085, 0.193
88.400, -0.200, -0.100, -0.210, -0.083, 0.196
88.420, -0.200, -0.100, -0.207, -0.081, 0.199
88.440, -0.200, -0.100, -0.203, -0.078, 0.202
88.460, -0.200, -0.100, -0.197, -0.075, 0.206
88.480, -0.200, -0.100, -0.191, -0.072, 0.208
88.500, -0.200, -0.100, -0.182, -0.068, 0.209
88.520, -0.200, -0.100, -0.172, -0.065, 0.205
88.540, -0.200, -0.100, -0.163, -0.062, 0.197
88.560, -0.200, -0.100, -0.154, -0.059, 0.188
88.580, -0.200, -0.100, -0.148, -0.057, 0.180
88.600, -0.200, -0.100, -0.145, -0.056, 0.175
88.620, -0.200, -0.100, -0.144, -0.055, 0.174
88.640, -0.200, -0.100, -0.146, -0.055, 0.175
88.660, -0.200, -0.100, -0.150, -0.055, 0.178
88.680, -0.200, -0.100, -0.155, -0.055, 0.182
88.700, -0.200, -0.100, -0.161, -0.056, 0.185
88.720, -0.200, -0.100, -0.168, -0.057, 0.188
88.740, -0.200, -0.100, -0.175, -0.058, 0.190
88.760, -0.200, -0.100, -0.182, -0.060, 0.192
88.780, -0.200, -0.100, -0.189, -0.061, 0.192
88.800, -0.200, -0.100, -0.197, -0.064, 0.192
88.820, -0.200, -0.100, -0.204, -0.066, 0.192
88.840, -0.200, -0.100, -0.213, -0.069, 0.191
88.860, -0.200, -0.100, -0.221, -0.072, 0.191
88.880, -0.200, -0.100, -0.230, -0.075, 0.190
88.900, -0.200, -0.100, -0.239, -0.078, 0.189
88.920, -0.200, -0.100, -0.248, -0.081, 0.190
88.940, -0.200, -0.100, -0.257, -0.084, 0.191
88.960, -0.200, -0.100, -0.264, -0.087, 0.192
88.980, -0.200, -0.100, -0.271, -0.090, 0.193
89.000, -0.200, -0.100, -0.276, -0.093, 0.194
89.020, -0.200, -0.100, -0.280, -0.095, 0.194
89.040, -0.200, -0.100, -0.283, -0.098, 0.195
89.060, -0.200, -0.100, -0.285, -0.100, 0.197
89.080, -0.200, -0.100, -0.287, -0.101, 0.199
89.100, -0.200, -0.100, -0.287, -0.102, 0.202
89.120, -0.200, -0.100, -0.286, -0.102, 0.206
89.140, -0.200, -0.100, -0.283, -0.102, 0.209
89.160, -0.200, -0.100, -0.278, -0.101, 0.209
89.180, -0.200, -0.100, -0.270, -0.100, 0.204
89.200, -0.200, -0.100, -0.261, -0.099, 0.198
89.220, -0.200, -0.100, -0.252, -0.098, 0.190
89.240, -0.200, -0.100, -0.245, -0.098, 0.183
89.260, -0.200, -0.100, -0.242, -0.099, 0.178
89.280, -0.200, -0.100, -0.241, -0.099, 0.175
89.300, -0.200, -0.100, -0.244, -0.100, 0.174
89.320, -0.200, -0.100, -0.248, -0.102, 0.175
89.340, -0.200, -0.100, -0.253, -0.104, 0.177
89.360, -0.200, -0.100, -0.259, -0.105, 0.180
89.380, -0.200, -0.100, -0.266, -0.107, 0.184
89.400, -0.200, -0.100, -0.274, -0.110, 0.186
89.420, -0.200, -0.100, -0.282, -0.112, 0.188
89.440, -0.200, -0.100, -0.290, -0.115, 0.188
89.460, -0.200, -0.100, -0.297, -0.117, 0.188
89.480, -0.200, -0.100, -0.305, -0.120, 0.188
89.500, -0.200, -0.100, -0.312, -0.122, 0.187
89.520, -0.200, -0.100, -0.320, -0.124, 0.186
89.540, -0.200, -0.100, -0.328, -0.127, 0.185
89.560, -0.200, -0.100, -0.337, -0.129, 0.184
89.580, -0.200, -0.100, -0.346, -0.131, 0.183
89.600, -0.200, -0.100, -0.355, -0.132, 0.183
89.620, -0.200, -0.100, -0.363, -0.133, 0.184
89.640, -0.200, -0.100, -0.370, -0.134, 0.185
89.660, -0.200, -0.100, -0.375, -0.133, 0.186
89.680, -0.200, -0.100, -0.378, -0.132, 0.188
89.700, -0.200, -0.100, -0.381, -0.131, 0.190
89.720, -0.200, -0.100, -0.381, -0.129, 0.192
89.740, -0.200, -0.100, -0.381, -0.126, 0.195
89.760, -0.200, -0.100, -0.379, -0.123, 0.198
89.780, -0.200, -0.100, -0.376, -0.120, 0.203
89.800, -0.200, -0.100, -0.371, -0.117, 0.205
89.820, -0.200, -0.100, -0.364, -0.113, 0.204
89.840, -0.200, -0.100, -0.354, -0.111, 0.200
89.860, -0.200, -0.100, -0.344, -0.109, 0.193
89.880, -0.200, -0.100, -0.336, -0.107, 0.186
89.900, -0.200, -0.100, -0.331, -0.106, 0.180
89.920, -0.200, -0.100, -0.329, -0.106, 0.176
89.940, -0.200, -0.100, -0.330, -0.106, 0.175
89.960, -0.200, -0.100, -0.334, -0.106, 0.177
89.980, -0.200, -0.100, -0.340, -0.106, 0.179
90.000, -0.200, -0.100, -0.347, -0.107, 0.183
90.020, -0.200, -0.100, -0.355, -0.108, 0.186
90.040, -0.200, -0.100, -0.364, -0.109, 0.189
90.060, -0.200, -0.100, -0.374, -0.110, 0.190
90.080, -0.200, -0.100, -0.383, -0.112, 0.191
90.100, -0.200, -0.100, -0.393, -0.114, 0.191
90.120, -0.200, -0.100, -0.402, -0.117, 0.190
90.140, -0.200, -0.100, -0.411, -0.120, 0.188
90.160, -0.200, -0.100, -0.420, -0.122, 0.186
90.180, -0.200, -0.100, -0.430, -0.125, 0.186
90.200, -0.200, -0.100, -0.438, -0.128, 0.186
90.220, -0.200, -0.100, -0.447, -0.130, 0.186
90.240, -0.200, -0.100, -0.454, -0.133, 0.187
90.260, -0.200, -0.100, -0.461, -0.135, 0.187
92.300, -0.200, -0.000, 0.000, 0.000, 0.250
92.320, -0.200, -0.000, -0.000, 0.000, 0.237
92.340, -0.200, -0.000, -0.000, 0.000, 0.224
92.360, -0.200, -0.000, -0.000, 0.000, 0.208
92.380, -0.200, -0.000, -0.001, 0.001, 0.196
92.400, -0.200, -0.000, -0.002, 0.002, 0.188
92.420, -0.200, -0.000, -0.005, 0.003, 0.183
92.440, -0.200, -0.000, -0.008, 0.004, 0.183
92.460, -0.200, -0.000, -0.011, 0.005, 0.187
92.480, -0.200, -0.000, -0.014, 0.006, 0.191
92.500, -0.200, -0.000, -0.017, 0.007, 0.198
92.520, -0.200, -0.000, -0.019, 0.008, 0.204
92.540, -0.200, -0.000, -0.020, 0.009, 0.208
92.560, -0.200, -0.000, -0.020, 0.010, 0.208
92.580, -0.200, -0.000, -0.019, 0.010, 0.202
92.600, -0.200, -0.000, -0.017, 0.010, 0.193
92.620, -0.200, -0.000, -0.015, 0.010, 0.187
92.640, -0.200, -0.000, -0.015, 0.010, 0.181
92.660, -0.200, -0.000, -0.016, 0.010, 0.178
92.680, -0.200, -0.000, -0.018, 0.010, 0.176
92.700, -0.200, -0.000, -0.022, 0.011, 0.175
92.720, -0.200, -0.000, -0.026, 0.011, 0.176
92.740, -0.200, -0.000, -0.031, 0.011, 0.177
92.760, -0.200, -0.000, -0.035, 0.012, 0.178
92.780, -0.200, -0.000, -0.040, 0.012, 0.179
92.800, -0.200, -0.000, -0.044, 0.013, 0.180
92.820, -0.200, -0.000, -0.048, 0.013, 0.181
92.840, -0.200, -0.000, -0.051, 0.014, 0.181
92.860, -0.200, -0.000, -0.055, 0.014, 0.182
92.880, -0.200, -0.000, -0.058, 0.015, 0.183
92.900, -0.200, -0.000, -0.062, 0.015, 0.183
92.920, -0.200, -0.000, -0.065, 0.016, 0.184
92.940, -0.200, -0.000, -0.067, 0.016, 0.185
92.960, -0.200, -0.000, -0.070, 0.016, 0.186
92.980, -0.200, -0.000, -0.072, 0.015, 0.186
93.000, -0.200, -0.000, -0.074, 0.015, 0.187
93.020, -0.200, -0.000, -0.075, 0.015, 0.188
93.040, -0.200, -0.000, -0.076, 0.014, 0.189
93.060, -0.200, -0.000, -0.075, 0.013, 0.191
93.080, -0.200, -0.000, -0.075, 0.012, 0.192
93.100, -0.200, -0.000, -0.073, 0.011, 0.194
93.120, -0.200, -0.000, -0.070, 0.010, 0.195
93.140, -0.200, -0.000, -0.067, 0.009, 0.197
93.160, -0.200, -0.000, -0.063, 0.008, 0.200
93.180, -0.200, -0.000, -0.058, 0.008, 0.205
93.200, -0.200, -0.000, -0.053, 0.007, 0.209
93.220, -0.200, -0.000, -0.047, 0.007, 0.207
93.240, -0.200, -0.000, -0.041, 0.008, 0.201
93.260, -0.200, -0.000, -0.037, 0.009, 0.194
93.280, -0.200, -0.000, -0.034, 0.010, 0.187
93.300, -0.200, -0.000, -0.032, 0.011, 0.183
93.320, -0.200, -0.000, -0.031, 0.012, 0.180
93.340, -0.200, -0.000, -0.032, 0.013, 0.180
93.360, -0.200, -0.000, -0.034, 0.014, 0.181
93.380, -0.200, -0.000, -0.037, 0.015, 0.182
93.400, -0.200, -0.000, -0.041, 0.016, 0.185
93.420, -0.200, -0.000, -0.046, 0.017, 0.187
93.440, -0.200, -0.000, -0.051, 0.018, 0.188
93.460, -0.200, -0.000, -0.056, 0.019, 0.188
93.480, -0.200, -0.000, -0.062, 0.020, 0.188
93.500, -0.200, -0.000, -0.067, 0.021, 0.188
93.520, -0.200, -0.000, -0.073, 0.022, 0.187
93.540, -0.200, -0.000, -0.079, 0.023, 0.187
93.560, -0.200, -0.000, -0.085, 0.024, 0.186
93.580, -0.200, -0.000, -0.092, 0.025, 0.186
93.600, -0.200, -0.000, -0.099, 0.025, 0.186
93.620, -0.200, -0.000, -0.105, 0.026, 0.186
93.640, -0.200, -0.000, -0.112, 0.026, 0.186
93.660, -0.200, -0.000, -0.119, 0.026, 0.187
93.680, -0.200, -0.000, -0.125, 0.025, 0.188
93.700, -0.200, -0.000, -0.130, 0.025, 0.188
93.720, -0.200, -0.000, -0.134, 0.024, 0.189
93.740, -0.200, -0.000, -0.138, 0.024, 0.191
93.760, -0.200, -0.000, -0.140, 0.024, 0.193
93.780, -0.200, -0.000, -0.141, 0.023, 0.196
93.800, -0.200, -0.000, -0.141, 0.023, 0.199
93.820, -0.200, -0.000, -0.140, 0.023, 0.203
93.840, -0.200, -0.000, -0.138, 0.023, 0.207
93.860, -0.200, -0.000, -0.134, 0.022, 0.209
93.880, -0.200, -0.000, -0.128, 0.022, 0.207
93.900, -0.200, -0.000, -0.120, 0.022, 0.200
93.920, -0.200, -0.000, -0.113, 0.022, 0.193
93.940, -0.200, -0.000, -0.107, 0.022, 0.187
93.960, -0.200, -0.000, -0.103, 0.022, 0.182
93.980, -0.200, -0.000, -0.103, 0.022, 0.179
94.000, -0.200, -0.000, -0.104, 0.022, 0.178
94.020, -0.200, -0.000, -0.107, 0.022, 0.178
94.040, -0.200, -0.000, -0.112, 0.021, 0.181
94.060, -0.200, -0.000, -0.117, 0.021, 0.183
94.080, -0.200, -0.000, -0.124, 0.021, 0.186
94.100, -0.200, -0.000, -0.131, 0.020, 0.188
94.120, -0.200, -0.000, -0.138, 0.020, 0.190
94.140, -0.200, -0.000, -0.145, 0.019, 0.191
94.160, -0.200, -0.000, -0.152, 0.019, 0.191
94.180, -0.200, -0.000, -0.159, 0.019, 0.191
94.200, -0.200, -0.000, -0.166, 0.018, 0.190
94.220, -0.200, -0.000, -0.173, 0.018, 0.190
94.240, -0.200, -0.000, -0.180, 0.018, 0.189
94.260, -0.200, -0.000, -0.188, 0.018, 0.189
94.280, -0.200, -0.000, -0.196, 0.017, 0.189
94.300, -0.200, -0.000, -0.204, 0.017, 0.189
94.320, -0.200, -0.000, -0.211, 0.017, 0.190
94.340, -0.200, -0.000, -0.216, 0.017, 0.190
94.360, -0.200, -0.000, -0.221, 0.017, 0.191
94.380, -0.200, -0.000, -0.225, 0.018, 0.192
94.400, -0.200, -0.000, -0.228, 0.018, 0.194
94.420, -0.200, -0.000, -0.229, 0.019, 0.196
94.440, -0.200, -0.000, -0.229, 0.019, 0.198
94.460, -0.200, -0.000, -0.227, 0.020, 0.201
94.480, -0.200, -0.000, -0.225, 0.021, 0.204
94.500, -0.200, -0.000, -0.221, 0.022, 0.207
94.520, -0.200, -0.000, -0.214, 0.023, 0.208
94.540, -0.200, -0.000, -0.205, 0.024, 0.204
94.560, -0.200, -0.000, -0.194, 0.025, 0.197
94.580, -0.200, -0.000, -0.185, 0.027, 0.189
94.600, -0.200, -0.000, -0.178, 0.028, 0.182
94.620, -0.200, -0.000, -0.175, 0.029, 0.178
94.640, -0.200, -0.000, -0.175, 0.031, 0.176
94.660, -0.200, -0.000, -0.177, 0.032, 0.176
94.680, -0.200, -0.000, -0.182, 0.032, 0.179
94.700, -0.200, -0.000, -0.188, 0.033, 0.182
94.720, -0.200, -0.000, -0.195, 0.034, 0.186
94.740, -0.200, -0.000, -0.204, 0.035, 0.189
94.760, -0.200, -0.000, -0.212, 0.036, 0.191
94.780, -0.200, -0.000, -0.220, 0.037, 0.192
94.800, -0.200, -0.000, -0.228, 0.038, 0.192
94.820, -0.200, -0.000, -0.235, 0.039, 0.191
94.840, -0.200, -0.000, -0.243, 0.040, 0.190
94.860, -0.200, -0.000, -0.251, 0.040, 0.188
94.880, -0.200, -0.000, -0.259, 0.041, 0.187
94.900, -0.200, -0.000, -0.267, 0.041, 0.186
94.920, -0.200, -0.000, -0.276, 0.042, 0.184
94.940, -0.200, -0.000, -0.286, 0.042, 0.183
94.960, -0.200, -0.000, -0.295, 0.042, 0.183
94.980, -0.200, -0.000, -0.303, 0.042, 0.184
95.000, -0.200, -0.000, -0.309, 0.041, 0.184
95.020, -0.200, -0.000, -0.315, 0.039, 0.185
95.040, -0.200, -0.000, -0.319, 0.038, 0.187
95.060, -0.200, -0.000, -0.322, 0.036, 0.189
95.080, -0.200, -0.000, -0.323, 0.034, 0.192
95.100, -0.200, -0.000, -0.323, 0.032, 0.195
95.120, -0.200, -0.000, -0.322, 0.030, 0.198
95.140, -0.200, -0.000, -0.319, 0.028, 0.203
95.160, -0.200, -0.000, -0.315, 0.026, 0.206
95.180, -0.200, -0.000, -0.308, 0.025, 0.206
95.200, -0.200, -0.000, -0.298, 0.023, 0.203
95.220, -0.200, -0.000, -0.287, 0.023, 0.196
95.240, -0.200, -0.000, -0.278, 0.022, 0.189
95.260, -0.200, -0.000, -0.271, 0.022, 0.184
95.280, -0.200, -0.000, -0.268, 0.022, 0.179
95.300, -0.200, -0.000, -0.268, 0.022, 0.177
95.320, -0.200, -0.000, -0.271, 0.021, 0.176
95.340, -0.200, -0.000, -0.274, 0.021, 0.177
95.360, -0.200, -0.000, -0.280, 0.020, 0.180
95.380, -0.200, -0.000, -0.286, 0.019, 0.183
95.400, -0.200, -0.000, -0.293, 0.019, 0.186
95.420, -0.200, -0.000, -0.301, 0.018, 0.189
95.440, -0.200, -0.000, -0.308, 0.017, 0.190
95.460, -0.200, -0.000, -0.316, 0.017, 0.191
95.480, -0.200, -0.000, -0.323, 0.017, 0.192
95.500, -0.200, -0.000, -0.331, 0.017, 0.192
95.520, -0.200, -0.000, -0.338, 0.018, 0.191
95.540, -0.200, -0.000, -0.346, 0.018, 0.190
95.560, -0.200, -0.000, -0.354, 0.019, 0.190
95.580, -0.200, -0.000, -0.363, 0.019, 0.189
95.600, -0.200, -0.000, -0.372, 0.020, 0.189
95.620, -0.200, -0.000, -0.380, 0.021, 0.190
95.640, -0.200, -0.000, -0.388, 0.022, 0.190
95.660, -0.200, -0.000, -0.394, 0.023, 0.190
95.680, -0.200, -0.000, -0.400, 0.024, 0.192
95.700, -0.200, -0.000, -0.404, 0.025, 0.193
95.720, -0.200, -0.000, -0.406, 0.027, 0.194
95.740, -0.200, -0.000, -0.407, 0.028, 0.196
95.760, -0.200, -0.000, -0.407, 0.030, 0.198
95.780, -0.200, -0.000, -0.405, 0.031, 0.202
95.800, -0.200, -0.000, -0.403, 0.033, 0.205
95.820, -0.200, -0.000, -0.398, 0.034, 0.208
95.840, -0.200, -0.000, -0.390, 0.035, 0.206
95.860, -0.200, -0.000, -0.380, 0.036, 0.200
95.880, -0.200, -0.000, -0.369, 0.038, 0.192
95.900, -0.200, -0.000, -0.360, 0.039, 0.185
95.920, -0.200, -0.000, -0.354, 0.040, 0.179
95.940, -0.200, -0.000, -0.353, 0.041, 0.175
95.960, -0.200, -0.000, -0.354, 0.041, 0.174
95.980, -0.200, -0.000, -0.358, 0.042, 0.175
96.000, -0.200, -0.000, -0.363, 0.043, 0.178
96.020, -0.200, -0.000, -0.370, 0.043, 0.182
96.040, -0.200, -0.000, -0.379, 0.044, 0.186
96.060, -0.200, -0.000, -0.387, 0.045, 0.189
96.080, -0.200, -0.000, -0.396, 0.045, 0.190
96.100, -0.200, -0.000, -0.405, 0.046, 0.191
96.120, -0.200, -0.000, -0.413, 0.046, 0.190
96.140, -0.200, -0.000, -0.421, 0.046, 0.189
96.160, -0.200, -0.000, -0.428, 0.046, 0.188
96.180, -0.200, -0.000, -0.436, 0.045, 0.186
96.200, -0.200, -0.000, -0.445, 0.045, 0.184
96.220, -0.200, -0.000, -0.454, 0.045, 0.183
96.240, -0.200, -0.000, -0.463, 0.044, 0.182
96.260, -0.200, -0.000, -0.472, 0.044, 0.182
96.280, -0.200, -0.000, -0.480, 0.043, 0.183
98.320, -0.200, 0.100, 0.000, 0.000, 0.250
98.340, -0.200, 0.100, -0.000, 0.000, 0.237
98.360, -0.200, 0.100, -0.001, 0.000, 0.220
98.380, -0.200, 0.100, -0.001, 0.000, 0.206
98.400, -0.200, 0.100, -0.001, 0.001, 0.195
98.420, -0.200, 0.100, -0.002, 0.003, 0.187
98.440, -0.200, 0.100, -0.005, 0.005, 0.181
98.460, -0.200, 0.100, -0.008, 0.007, 0.180
98.480, -0.200, 0.100, -0.011, 0.009, 0.183
98.500, -0.200, 0.100, -0.014, 0.011, 0.188
98.520, -0.200, 0.100, -0.016, 0.014, 0.194
98.540, -0.200, 0.100, -0.018, 0.015, 0.201
98.560, -0.200, 0.100, -0.020, 0.017, 0.207
98.580, -0.200, 0.100, -0.020, 0.017, 0.207
98.600, -0.200, 0.100, -0.018, 0.017, 0.201
98.620, -0.200, 0.100, -0.017, 0.018, 0.194
98.640, -0.200, 0.100, -0.016, 0.019, 0.187
98.660, -0.200, 0.100, -0.016, 0.020, 0.182
98.680, -0.200, 0.100, -0.017, 0.022, 0.178
98.700, -0.200, 0.100, -0.020, 0.024, 0.177
98.720, -0.200, 0.100, -0.023, 0.026, 0.176
98.740, -0.200, 0.100, -0.027, 0.029, 0.177
98.760, -0.200, 0.100, -0.031, 0.031, 0.179
98.780, -0.200, 0.100, -0.035, 0.033, 0.180
98.800, -0.200, 0.100, -0.039, 0.036, 0.181
98.820, -0.200, 0.100, -0.043, 0.038, 0.182
98.840, -0.200, 0.100, -0.046, 0.040, 0.183
98.860, -0.200, 0.100, -0.050, 0.042, 0.183
98.880, -0.200, 0.100, -0.053, 0.044, 0.183
98.900, -0.200, 0.100, -0.056, 0.046, 0.183
98.920, -0.200, 0.100, -0.059, 0.047, 0.183
98.940, -0.200, 0.100, -0.062, 0.048, 0.184
98.960, -0.200, 0.100, -0.064, 0.048, 0.184
98.980, -0.200, 0.100, -0.066, 0.048, 0.185
99.000, -0.200, 0.100, -0.068, 0.047, 0.186
99.020, -0.200, 0.100, -0.069, 0.046, 0.186
99.040, -0.200, 0.100, -0.070, 0.045, 0.187
99.060, -0.200, 0.100, -0.070, 0.043, 0.188
99.080, -0.200, 0.100, -0.069, 0.041, 0.189
99.100, -0.200, 0.100, -0.068, 0.039, 0.190
99.120, -0.200, 0.100, -0.066, 0.037, 0.191
99.140, -0.200, 0.100, -0.064, 0.034, 0.193
99.160, -0.200, 0.100, -0.061, 0.032, 0.197
99.180, -0.200, 0.100, -0.057, 0.030, 0.201
99.200, -0.200, 0.100, -0.054, 0.028, 0.206
99.220, -0.200, 0.100, -0.050, 0.027, 0.210
99.240, -0.200, 0.100, -0.046, 0.026, 0.208
99.260, -0.200, 0.100, -0.043, 0.026, 0.202
99.280, -0.200, 0.100, -0.040, 0.026, 0.194
99.300, -0.200, 0.100, -0.038, 0.028, 0.187
99.320, -0.200, 0.100, -0.038, 0.030, 0.181
99.340, -0.200, 0.100, -0.038, 0.032, 0.179
99.360, -0.200, 0.100, -0.040, 0.035, 0.178
99.380, -0.200, 0.100, -0.043, 0.038, 0.178
99.400, -0.200, 0.100, -0.047, 0.042, 0.180
99.420, -0.200, 0.100, -0.052, 0.045, 0.182
99.440, -0.200, 0.100, -0.058, 0.048, 0.183
99.460, -0.200, 0.100, -0.064, 0.052, 0.184
99.480, -0.200, 0.100, -0.070, 0.056, 0.184
99.500, -0.200, 0.100, -0.077, 0.059, 0.183
99.520, -0.200, 0.100, -0.084, 0.063, 0.182
99.540, -0.200, 0.100, -0.091, 0.067, 0.181
99.560, -0.200, 0.100, -0.099, 0.072, 0.180
99.580, -0.200, 0.100, -0.107, 0.076, 0.179
99.600, -0.200, 0.100, -0.115, 0.080, 0.178
99.620, -0.200, 0.100, -0.124, 0.084, 0.177
99.640, -0.200, 0.100, -0.133, 0.088, 0.176
99.660, -0.200, 0.100, -0.141, 0.091, 0.175
99.680, -0.200, 0.100, -0.149, 0.094, 0.176
99.700, -0.200, 0.100, -0.156, 0.095, 0.177
99.720, -0.200, 0.100, -0.162, 0.096, 0.179
99.740, -0.200, 0.100, -0.166, 0.095, 0.181
99.760, -0.200, 0.100, -0.169, 0.094, 0.183
99.780, -0.200, 0.100, -0.170, 0.092, 0.186
99.800, -0.200, 0.100, -0.170, 0.089, 0.190
99.820, -0.200, 0.100, -0.169, 0.086, 0.194
99.840, -0.200, 0.100, -0.168, 0.082, 0.199
99.860, -0.200, 0.100, -0.165, 0.078, 0.205
99.880, -0.200, 0.100, -0.160, 0.075, 0.209
99.900, -0.200, 0.100, -0.152, 0.071, 0.207
99.920, -0.200, 0.100, -0.142, 0.068, 0.201
99.940, -0.200, 0.100, -0.133, 0.067, 0.196
99.960, -0.200, 0.100, -0.125, 0.066, 0.190
99.980, -0.200, 0.100, -0.121, 0.066, 0.186
100.000, -0.200, 0.100, -0.120, 0.066, 0.183
100.020, -0.200, 0.100, -0.122, 0.067, 0.181
100.040, -0.200, 0.100, -0.126, 0.068, 0.181
100.060, -0.200, 0.100, -0.131, 0.069, 0.183
100.080, -0.200, 0.100, -0.137, 0.070, 0.185
100.100, -0.200, 0.100, -0.143, 0.072, 0.188
100.120, -0.200, 0.100, -0.150, 0.074, 0.190
100.140, -0.200, 0.100, -0.158, 0.076, 0.192
100.160, -0.200, 0.100, -0.166, 0.079, 0.193
100.180, -0.200, 0.100, -0.174, 0.082, 0.194
100.200, -0.200, 0.100, -0.181, 0.086, 0.193
100.220, -0.200, 0.100, -0.189, 0.090, 0.193
100.240, -0.200, 0.100, -0.197, 0.094, 0.193
100.260, -0.200, 0.100, -0.205, 0.097, 0.193
100.280, -0.200, 0.100, -0.213, 0.101, 0.194
100.300, -0.200, 0.100, -0.220, 0.105, 0.195
100.320, -0.200, 0.100, -0.226, 0.108, 0.196
100.340, -0.200, 0.100, -0.231, 0.111, 0.196
100.360, -0.200, 0.100, -0.235, 0.113, 0.196
100.380, -0.200, 0.100, -0.239, 0.115, 0.196
100.400, -0.200, 0.100, -0.242, 0.117, 0.196
100.420, -0.200, 0.100, -0.244, 0.118, 0.196
100.440, -0.200, 0.100, -0.245, 0.118, 0.197
100.460, -0.200, 0.100, -0.245, 0.118, 0.198
100.480, -0.200, 0.100, -0.243, 0.118, 0.201
100.500, -0.200, 0.100, -0.241, 0.117, 0.204
100.520, -0.200, 0.100, -0.236, 0.116, 0.208
100.540, -0.200, 0.100, -0.229, 0.115, 0.210
100.560, -0.200, 0.100, -0.220, 0.113, 0.207
100.580, -0.200, 0.100, -0.210, 0.112, 0.199
100.600, -0.200, 0.100, -0.201, 0.112, 0.190
100.620, -0.200, 0.100, -0.194, 0.113, 0.183
100.640, -0.200, 0.100, -0.191, 0.114, 0.177
100.660, -0.200, 0.100, -0.191, 0.116, 0.174
100.680, -0.200, 0.100, -0.193, 0.118, 0.173
100.700, -0.200, 0.100, -0.198, 0.120, 0.175
100.720, -0.200, 0.100, -0.204, 0.123, 0.178
100.740, -0.200, 0.100, -0.212, 0.125, 0.182
100.760, -0.200, 0.100, -0.221, 0.129, 0.185
100.780, -0.200, 0.100, -0.230, 0.132, 0.187
100.800, -0.200, 0.100, -0.239, 0.136, 0.188
100.820, -0.200, 0.100, -0.248, 0.140, 0.188
100.840, -0.200, 0.100, -0.257, 0.144, 0.187
100.860, -0.200, 0.100, -0.266, 0.147, 0.186
100.880, -0.200, 0.100, -0.275, 0.151, 0.184
100.900, -0.200, 0.100, -0.284, 0.155, 0.182
100.920, -0.200, 0.100, -0.294, 0.159, 0.180
100.940, -0.200, 0.100, -0.304, 0.162, 0.178
100.960, -0.200, 0.100, -0.314, 0.165, 0.177
100.980, -0.200, 0.100, -0.324, 0.167, 0.176
101.000, -0.200, 0.100, -0.334, 0.169, 0.176
101.020, -0.200, 0.100, -0.341, 0.170, 0.177
101.040, -0.200, 0.100, -0.347, 0.169, 0.179
101.060, -0.200, 0.100, -0.351, 0.168, 0.181
101.080, -0.200, 0.100, -0.354, 0.166, 0.184
101.100, -0.200, 0.100, -0.355, 0.163, 0.188
101.120, -0.200, 0.100, -0.356, 0.161, 0.191
101.140, -0.200, 0.100, -0.355, 0.157, 0.196
101.160, -0.200, 0.100, -0.353, 0.154, 0.201
101.180, -0.200, 0.100, -0.350, 0.150, 0.205
101.200, -0.200, 0.100, -0.344, 0.147, 0.206
101.220, -0.200, 0.100, -0.336, 0.144, 0.202
101.240, -0.200, 0.100, -0.326, 0.142, 0.195
101.260, -0.200, 0.100, -0.318, 0.140, 0.190
101.280, -0.200, 0.100, -0.311, 0.140, 0.185
101.300, -0.200, 0.100, -0.308, 0.140, 0.183
101.320, -0.200, 0.100, -0.308, 0.141, 0.181
101.340, -0.200, 0.100, -0.311, 0.142, 0.181
101.360, -0.200, 0.100, -0.315, 0.143, 0.182
101.380, -0.200, 0.100, -0.321, 0.144, 0.183
101.400, -0.200, 0.100, -0.328, 0.146, 0.184
101.420, -0.200, 0.100, -0.335, 0.148, 0.186
101.440, -0.200, 0.100, -0.343, 0.150, 0.188
101.460, -0.200, 0.100, -0.351, 0.153, 0.190
101.480, -0.200, 0.100, -0.359, 0.156, 0.191
101.500, -0.200, 0.100, -0.368, 0.159, 0.191
101.520, -0.200, 0.100, -0.376, 0.163, 0.191
101.540, -0.200, 0.100, -0.385, 0.167, 0.190
101.560, -0.200, 0.100, -0.393, 0.171, 0.191
101.580, -0.200, 0.100, -0.401, 0.175, 0.192
101.600, -0.200, 0.100, -0.408, 0.179, 0.193
101.620, -0.200, 0.100, -0.414, 0.182, 0.193
101.640, -0.200, 0.100, -0.420, 0.185, 0.194
101.660, -0.200, 0.100, -0.424, 0.188, 0.193
101.680, -0.200, 0.100, -0.428, 0.189, 0.193
101.700, -0.200, 0.100, -0.431, 0.191, 0.193
101.720, -0.200, 0.100, -0.433, 0.191, 0.194
101.740, -0.200, 0.100, -0.434, 0.191, 0.195
101.760, -0.200, 0.100, -0.434, 0.191, 0.196
101.780, -0.200, 0.100, -0.433, 0.190, 0.198
101.800, -0.200, 0.100, -0.430, 0.188, 0.200
101.820, -0.200, 0.100, -0.426, 0.186, 0.204
101.840, -0.200, 0.100, -0.419, 0.185, 0.208
101.860, -0.200, 0.100, -0.410, 0.183, 0.207
101.880, -0.200, 0.100, -0.399, 0.182, 0.202
101.900, -0.200, 0.100, -0.388, 0.182, 0.194
101.920, -0.200, 0.100, -0.379, 0.182, 0.186
101.940, -0.200, 0.100, -0.373, 0.183, 0.180
101.960, -0.200, 0.100, -0.371, 0.184, 0.175
101.980, -0.200, 0.100, -0.372, 0.185, 0.173
102.000, -0.200, 0.100, -0.374, 0.187, 0.174
102.020, -0.200, 0.100, -0.380, 0.189, 0.177
102.040, -0.200, 0.100, -0.387, 0.191, 0.180
102.060, -0.200, 0.100, -0.395, 0.194, 0.184
102.080, -0.200, 0.100, -0.405, 0.197, 0.187
102.100, -0.200, 0.100, -0.414, 0.201, 0.189
102.120, -0.200, 0.100, -0.423, 0.204, 0.189
102.140, -0.200, 0.100, -0.432, 0.208, 0.189
102.160, -0.200, 0.100, -0.441, 0.211, 0.188
102.180, -0.200, 0.100, -0.449, 0.215, 0.186
102.200, -0.200, 0.100, -0.458, 0.219, 0.184
102.220, -0.200, 0.100, -0.467, 0.223, 0.183
102.240, -0.200, 0.100, -0.477, 0.226, 0.181
102.260, -0.200, 0.100, -0.487, 0.229, 0.178
102.280, -0.200, 0.100, -0.498, 0.232, 0.177
102.300, -0.200, 0.100, -0.508, 0.234, 0.176
104.340, -0.200, 0.200, 0.000, 0.000, 0.250
104.360, -0.200, 0.200, -0.000, 0.000, 0.237
104.380, -0.200, 0.200, -0.001, 0.000, 0.220
104.400, -0.200, 0.200, -0.001, 0.001, 0.205
104.420, -0.200, 0.200, -0.001, 0.002, 0.194
104.440, -0.200, 0.200, -0.003, 0.004, 0.186
104.460, -0.200, 0.200, -0.005, 0.007, 0.182
104.480, -0.200, 0.200, -0.008, 0.010, 0.179
104.500, -0.200, 0.200, -0.011, 0.013, 0.181
104.520, -0.200, 0.200, -0.014, 0.016, 0.186
104.540, -0.200, 0.200, -0.016, 0.019, 0.193
104.560, -0.200, 0.200, -0.018, 0.021, 0.201
104.580, -0.200, 0.200, -0.019, 0.022, 0.207
104.600, -0.200, 0.200, -0.018, 0.023, 0.207
104.620, -0.200, 0.200, -0.017, 0.023, 0.202
104.640, -0.200, 0.200, -0.015, 0.024, 0.194
104.660, -0.200, 0.200, -0.014, 0.026, 0.188
104.680, -0.200, 0.200, -0.013, 0.029, 0.182
104.700, -0.200, 0.200, -0.015, 0.032, 0.179
104.720, -0.200, 0.200, -0.017, 0.035, 0.178
104.740, -0.200, 0.200, -0.020, 0.039, 0.178
104.760, -0.200, 0.200, -0.024, 0.044, 0.179
104.780, -0.200, 0.200, -0.027, 0.048, 0.181
104.800, -0.200, 0.200, -0.031, 0.052, 0.183
104.820, -0.200, 0.200, -0.035, 0.056, 0.184
104.840, -0.200, 0.200, -0.038, 0.060, 0.185
104.860, -0.200, 0.200, -0.041, 0.064, 0.185
104.880, -0.200, 0.200, -0.044, 0.067, 0.185
104.900, -0.200, 0.200, -0.047, 0.070, 0.184
104.920, -0.200, 0.200, -0.050, 0.073, 0.183
104.940, -0.200, 0.200, -0.053, 0.075, 0.183
104.960, -0.200, 0.200, -0.055, 0.077, 0.183
104.980, -0.200, 0.200, -0.057, 0.078, 0.183
105.000, -0.200, 0.200, -0.058, 0.078, 0.184
105.020, -0.200, 0.200, -0.059, 0.078, 0.184
105.040, -0.200, 0.200, -0.060, 0.076, 0.185
105.060, -0.200, 0.200, -0.060, 0.075, 0.186
105.080, -0.200, 0.200, -0.059, 0.072, 0.188
105.100, -0.200, 0.200, -0.057, 0.070, 0.190
105.120, -0.200, 0.200, -0.055, 0.067, 0.192
105.140, -0.200, 0.200, -0.053, 0.064, 0.195
105.160, -0.200, 0.200, -0.050, 0.062, 0.197
105.180, -0.200, 0.200, -0.047, 0.059, 0.200
105.200, -0.200, 0.200, -0.044, 0.056, 0.204
105.220, -0.200, 0.200, -0.041, 0.053, 0.210
105.240, -0.200, 0.200, -0.039, 0.051, 0.213
105.260, -0.200, 0.200, -0.037, 0.049, 0.211
105.280, -0.200, 0.200, -0.035, 0.048, 0.204
105.300, -0.200, 0.200, -0.034, 0.048, 0.197
105.320, -0.200, 0.200, -0.034, 0.050, 0.188
105.340, -0.200, 0.200, -0.035, 0.053, 0.183
105.360, -0.200, 0.200, -0.038, 0.057, 0.179
105.380, -0.200, 0.200, -0.042, 0.062, 0.177
105.400, -0.200, 0.200, -0.047, 0.067, 0.178
105.420, -0.200, 0.200, -0.053, 0.073, 0.179
105.440, -0.200, 0.200, -0.059, 0.079, 0.180
105.460, -0.200, 0.200, -0.066, 0.086, 0.181
105.480, -0.200, 0.200, -0.073, 0.093, 0.181
105.500, -0.200, 0.200, -0.081, 0.100, 0.181
105.520, -0.200, 0.200, -0.090, 0.108, 0.180
105.540, -0.200, 0.200, -0.099, 0.116, 0.179
105.560, -0.200, 0.200, -0.108, 0.123, 0.177
105.580, -0.200, 0.200, -0.118, 0.131, 0.176
105.600, -0.200, 0.200, -0.127, 0.138, 0.174
105.620, -0.200, 0.200, -0.136, 0.144, 0.172
105.640, -0.200, 0.200, -0.144, 0.149, 0.172
105.660, -0.200, 0.200, -0.151, 0.152, 0.172
105.680, -0.200, 0.200, -0.158, 0.153, 0.173
105.700, -0.200, 0.200, -0.163, 0.153, 0.175
105.720, -0.200, 0.200, -0.167, 0.152, 0.177
105.740, -0.200, 0.200, -0.170, 0.150, 0.180
105.760, -0.200, 0.200, -0.173, 0.146, 0.183
105.780, -0.200, 0.200, -0.174, 0.142, 0.186
105.800, -0.200, 0.200, -0.175, 0.137, 0.189
105.820, -0.200, 0.200, -0.175, 0.131, 0.192
105.840, -0.200, 0.200, -0.175, 0.125, 0.195
105.860, -0.200, 0.200, -0.173, 0.119, 0.199
105.880, -0.200, 0.200, -0.171, 0.113, 0.204
105.900, -0.200, 0.200, -0.167, 0.106, 0.206
105.920, -0.200, 0.200, -0.159, 0.100, 0.204
105.940, -0.200, 0.200, -0.149, 0.094, 0.200
105.960, -0.200, 0.200, -0.138, 0.089, 0.193
105.980, -0.200, 0.200, -0.130, 0.086, 0.189
106.000, -0.200, 0.200, -0.124, 0.085, 0.186
106.020, -0.200, 0.200, -0.122, 0.084, 0.184
106.040, -0.200, 0.200, -0.123, 0.085, 0.184
106.060, -0.200, 0.200, -0.127, 0.086, 0.184
106.080, -0.200, 0.200, -0.132, 0.088, 0.185
106.100, -0.200, 0.200, -0.139, 0.090, 0.187
106.120, -0.200, 0.200, -0.146, 0.092, 0.189
106.140, -0.200, 0.200, -0.153, 0.096, 0.192
106.160, -0.200, 0.200, -0.161, 0.100, 0.193
106.180, -0.200, 0.200, -0.169, 0.105, 0.195
106.200, -0.200, 0.200, -0.177, 0.111, 0.195
106.220, -0.200, 0.200, -0.185, 0.118, 0.196
106.240, -0.200, 0.200, -0.193, 0.125, 0.196
106.260, -0.200, 0.200, -0.200, 0.132, 0.197
106.280, -0.200, 0.200, -0.207, 0.139, 0.199
106.300, -0.200, 0.200, -0.213, 0.146, 0.200
106.320, -0.200, 0.200, -0.218, 0.153, 0.201
106.340, -0.200, 0.200, -0.223, 0.159, 0.201
106.360, -0.200, 0.200, -0.227, 0.165, 0.201
106.380, -0.200, 0.200, -0.230, 0.170, 0.201
106.400, -0.200, 0.200, -0.233, 0.174, 0.200
106.420, -0.200, 0.200, -0.234, 0.177, 0.199
106.440, -0.200, 0.200, -0.234, 0.179, 0.199
106.460, -0.200, 0.200, -0.234, 0.180, 0.199
106.480, -0.200, 0.200, -0.233, 0.180, 0.200
106.500, -0.200, 0.200, -0.230, 0.180, 0.203
106.520, -0.200, 0.200, -0.227, 0.179, 0.205
106.540, -0.200, 0.200, -0.222, 0.177, 0.209
106.560, -0.200, 0.200, -0.215, 0.174, 0.211
106.580, -0.200, 0.200, -0.206, 0.171, 0.208
106.600, -0.200, 0.200, -0.196, 0.168, 0.200
106.620, -0.200, 0.200, -0.188, 0.166, 0.191
106.640, -0.200, 0.200, -0.181, 0.165, 0.181
106.660, -0.200, 0.200, -0.176, 0.165, 0.175
106.680, -0.200, 0.200, -0.175, 0.166, 0.171
106.700, -0.200, 0.200, -0.176, 0.167, 0.169
106.720, -0.200, 0.200, -0.181, 0.170, 0.170
106.740, -0.200, 0.200, -0.188, 0.173, 0.173
106.760, -0.200, 0.200, -0.196, 0.176, 0.176
106.780, -0.200, 0.200, -0.206, 0.180, 0.179
106.800, -0.200, 0.200, -0.217, 0.185, 0.181
106.820, -0.200, 0.200, -0.227, 0.190, 0.182
106.840, -0.200, 0.200, -0.238, 0.195, 0.182
106.860, -0.200, 0.200, -0.248, 0.201, 0.181
106.880, -0.200, 0.200, -0.258, 0.206, 0.180
106.900, -0.200, 0.200, -0.268, 0.213, 0.179
106.920, -0.200, 0.200, -0.279, 0.219, 0.177
106.940, -0.200, 0.200, -0.290, 0.225, 0.175
106.960, -0.200, 0.200, -0.302, 0.231, 0.173
106.980, -0.200, 0.200, -0.313, 0.236, 0.171
107.000, -0.200, 0.200, -0.324, 0.240, 0.171
107.020, -0.200, 0.200, -0.333, 0.243, 0.172
107.040, -0.200, 0.200, -0.340, 0.245, 0.173
107.060, -0.200, 0.200, -0.347, 0.246, 0.175
107.080, -0.200, 0.200, -0.352, 0.245, 0.177
107.100, -0.200, 0.200, -0.355, 0.244, 0.180
107.120, -0.200, 0.200, -0.357, 0.242, 0.183
107.140, -0.200, 0.200, -0.359, 0.239, 0.187
107.160, -0.200, 0.200, -0.360, 0.235, 0.192
107.180, -0.200, 0.200, -0.360, 0.232, 0.198
107.200, -0.200, 0.200, -0.359, 0.228, 0.204
107.220, -0.200, 0.200, -0.357, 0.224, 0.206
107.240, -0.200, 0.200, -0.351, 0.220, 0.203
107.260, -0.200, 0.200, -0.346, 0.216, 0.200
107.280, -0.200, 0.200, -0.341, 0.214, 0.194
107.300, -0.200, 0.200, -0.337, 0.213, 0.189
107.320, -0.200, 0.200, -0.335, 0.213, 0.184
107.340, -0.200, 0.200, -0.334, 0.215, 0.184
107.360, -0.200, 0.200, -0.335, 0.218, 0.185
107.380, -0.200, 0.200, -0.338, 0.222, 0.186
107.400, -0.200, 0.200, -0.342, 0.226, 0.187
107.420, -0.200, 0.200, -0.348, 0.231, 0.187
107.440, -0.200, 0.200, -0.354, 0.235, 0.187
107.460, -0.200, 0.200, -0.361, 0.240, 0.187
107.480, -0.200, 0.200, -0.368, 0.246, 0.186
107.500, -0.200, 0.200, -0.374, 0.252, 0.187
107.520, -0.200, 0.200, -0.377, 0.259, 0.187
107.540, -0.200, 0.200, -0.380, 0.266, 0.189
107.560, -0.200, 0.200, -0.381, 0.272, 0.191
107.580, -0.200, 0.200, -0.383, 0.279, 0.194
107.600, -0.200, 0.200, -0.384, 0.284, 0.196
107.620, -0.200, 0.200, -0.385, 0.289, 0.198
107.640, -0.200, 0.200, -0.386, 0.293, 0.199
107.660, -0.200, 0.200, -0.386, 0.296, 0.200
107.680, -0.200, 0.200, -0.386, 0.299, 0.201
107.700, -0.200, 0.200, -0.386, 0.300, 0.200
107.720, -0.200, 0.200, -0.385, 0.301, 0.200
107.740, -0.200, 0.200, -0.384, 0.300, 0.200
107.760, -0.200, 0.200, -0.383, 0.300, 0.200
107.780, -0.200, 0.200, -0.380, 0.298, 0.201
107.800, -0.200, 0.200, -0.377, 0.297, 0.204
107.820, -0.200, 0.200, -0.373, 0.295, 0.208
107.840, -0.200, 0.200, -0.369, 0.293, 0.213
107.860, -0.200, 0.200, -0.365, 0.290, 0.216
107.880, -0.200, 0.200, -0.361, 0.287, 0.212
107.900, -0.200, 0.200, -0.356, 0.284, 0.204
107.920, -0.200, 0.200, -0.352, 0.283, 0.193
107.940, -0.200, 0.200, -0.349, 0.282, 0.186
107.960, -0.200, 0.200, -0.348, 0.283, 0.179
107.980, -0.200, 0.200, -0.349, 0.284, 0.175
108.000, -0.200, 0.200, -0.351, 0.286, 0.173
108.020, -0.200, 0.200, -0.356, 0.288, 0.174
108.040, -0.200, 0.200, -0.362, 0.291, 0.175
108.060, -0.200, 0.200, -0.370, 0.294, 0.177
108.080, -0.200, 0.200, -0.380, 0.298, 0.179
108.100, -0.200, 0.200, -0.391, 0.302, 0.180
108.120, -0.200, 0.200, -0.401, 0.307, 0.180
108.140, -0.200, 0.200, -0.412, 0.313, 0.179
108.160, -0.200, 0.200, -0.422, 0.319, 0.178
108.180, -0.200, 0.200, -0.432, 0.325, 0.176
108.200, -0.200, 0.200, -0.443, 0.332, 0.174
108.220, -0.200, 0.200, -0.454, 0.338, 0.173
108.240, -0.200, 0.200, -0.464, 0.345, 0.172
108.260, -0.200, 0.200, -0.474, 0.350, 0.170
108.280, -0.200, 0.200, -0.483, 0.354, 0.170
108.300, -0.200, 0.200, -0.491, 0.358, 0.171
108.320, -0.200, 0.200, -0.498, 0.360, 0.172
110.360, -0.200, 0.300, 0.000, 0.000, 0.250
110.380, -0.200, 0.300, -0.000, 0.000, 0.237
110.400, -0.200, 0.300, -0.001, 0.000, 0.220
110.420, -0.200, 0.300, -0.001, 0.001, 0.205
110.440, -0.200, 0.300, -0.002, 0.003, 0.195
110.460, -0.200, 0.300, -0.003, 0.005, 0.186
110.480, -0.200, 0.300, -0.006, 0.009, 0.181
110.500, -0.200, 0.300, -0.008, 0.013, 0.178
110.520, -0.200, 0.300, -0.011, 0.017, 0.180
110.540, -0.200, 0.300, -0.014, 0.020, 0.185
110.560, -0.200, 0.300, -0.017, 0.024, 0.192
110.580, -0.200, 0.300, -0.018, 0.026, 0.199
110.600, -0.200, 0.300, -0.019, 0.028, 0.205
110.620, -0.200, 0.300, -0.018, 0.029, 0.204
110.640, -0.200, 0.300, -0.017, 0.029, 0.200
110.660, -0.200, 0.300, -0.015, 0.030, 0.194
110.680, -0.200, 0.300, -0.014, 0.032, 0.187
110.700, -0.200, 0.300, -0.014, 0.036, 0.183
110.720, -0.200, 0.300, -0.015, 0.040, 0.180
110.740, -0.200, 0.300, -0.017, 0.045, 0.178
110.760, -0.200, 0.300, -0.020, 0.051, 0.179
110.780, -0.200, 0.300, -0.023, 0.057, 0.180
110.800, -0.200, 0.300, -0.026, 0.063, 0.182
110.820, -0.200, 0.300, -0.030, 0.069, 0.184
110.840, -0.200, 0.300, -0.033, 0.075, 0.185
110.860, -0.200, 0.300, -0.036, 0.081, 0.186
110.880, -0.200, 0.300, -0.039, 0.086, 0.185
110.900, -0.200, 0.300, -0.042, 0.091, 0.185
110.920, -0.200, 0.300, -0.044, 0.096, 0.183
110.940, -0.200, 0.300, -0.046, 0.100, 0.182
110.960, -0.200, 0.300, -0.048, 0.103, 0.181
110.980, -0.200, 0.300, -0.049, 0.105, 0.180
111.000, -0.200, 0.300, -0.050, 0.106, 0.180
111.020, -0.200, 0.300, -0.050, 0.107, 0.181
111.040, -0.200, 0.300, -0.050, 0.107, 0.183
111.060, -0.200, 0.300, -0.050, 0.106, 0.185
111.080, -0.200, 0.300, -0.049, 0.104, 0.187
111.100, -0.200, 0.300, -0.048, 0.101, 0.189
111.120, -0.200, 0.300, -0.047, 0.098, 0.190
111.140, -0.200, 0.300, -0.045, 0.095, 0.192
111.160, -0.200, 0.300, -0.043, 0.091, 0.195
111.180, -0.200, 0.300, -0.040, 0.087, 0.198
111.200, -0.200, 0.300, -0.038, 0.084, 0.201
111.220, -0.200, 0.300, -0.035, 0.080, 0.204
111.240, -0.200, 0.300, -0.033, 0.076, 0.210
111.260, -0.200, 0.300, -0.031, 0.072, 0.212
111.280, -0.200, 0.300, -0.030, 0.069, 0.210
111.300, -0.200, 0.300, -0.029, 0.067, 0.205
111.320, -0.200, 0.300, -0.029, 0.067, 0.196
111.340, -0.200, 0.300, -0.029, 0.069, 0.189
111.360, -0.200, 0.300, -0.031, 0.072, 0.182
111.380, -0.200, 0.300, -0.033, 0.077, 0.177
111.400, -0.200, 0.300, -0.037, 0.084, 0.175
111.420, -0.200, 0.300, -0.042, 0.091, 0.175
111.440, -0.200, 0.300, -0.049, 0.099, 0.177
111.460, -0.200, 0.300, -0.056, 0.108, 0.178
111.480, -0.200, 0.300, -0.064, 0.118, 0.180
111.500, -0.200, 0.300, -0.074, 0.128, 0.180
111.520, -0.200, 0.300, -0.083, 0.138, 0.180
111.540, -0.200, 0.300, -0.093, 0.150, 0.179
111.560, -0.200, 0.300, -0.103, 0.161, 0.176
111.580, -0.200, 0.300, -0.114, 0.173, 0.173
111.600, -0.200, 0.300, -0.124, 0.184, 0.169
111.620, -0.200, 0.300, -0.133, 0.192, 0.165
111.640, -0.200, 0.300, -0.141, 0.200, 0.162
111.660, -0.200, 0.300, -0.148, 0.205, 0.161
111.680, -0.200, 0.300, -0.154, 0.207, 0.162
111.700, -0.200, 0.300, -0.159, 0.207, 0.164
111.720, -0.200, 0.300, -0.163, 0.205, 0.168
111.740, -0.200, 0.300, -0.167, 0.202, 0.172
111.760, -0.200, 0.300, -0.170, 0.197, 0.176
111.780, -0.200, 0.300, -0.173, 0.190, 0.179
111.800, -0.200, 0.300, -0.176, 0.183, 0.182
111.820, -0.200, 0.300, -0.178, 0.175, 0.184
111.840, -0.200, 0.300, -0.179, 0.166, 0.186
111.860, -0.200, 0.300, -0.180, 0.157, 0.188
111.880, -0.200, 0.300, -0.180, 0.148, 0.192
111.900, -0.200, 0.300, -0.179, 0.139, 0.196
111.920, -0.200, 0.300, -0.176, 0.130, 0.198
111.940, -0.200, 0.300, -0.170, 0.121, 0.197
111.960, -0.200, 0.300, -0.160, 0.113, 0.193
111.980, -0.200, 0.300, -0.151, 0.107, 0.188
112.000, -0.200, 0.300, -0.143, 0.103, 0.183
112.020, -0.200, 0.300, -0.139, 0.102, 0.182
112.040, -0.200, 0.300, -0.137, 0.102, 0.181
112.060, -0.200, 0.300, -0.138, 0.105, 0.181
112.080, -0.200, 0.300, -0.140, 0.108, 0.182
112.100, -0.200, 0.300, -0.145, 0.112, 0.183
112.120, -0.200, 0.300, -0.149, 0.118, 0.184
112.140, -0.200, 0.300, -0.154, 0.124, 0.185
112.160, -0.200, 0.300, -0.159, 0.131, 0.185
112.180, -0.200, 0.300, -0.164, 0.139, 0.186
112.200, -0.200, 0.300, -0.168, 0.148, 0.187
112.220, -0.200, 0.300, -0.171, 0.157, 0.188
112.240, -0.200, 0.300, -0.175, 0.166, 0.189
112.260, -0.200, 0.300, -0.178, 0.174, 0.190
112.280, -0.200, 0.300, -0.181, 0.182, 0.191
112.300, -0.200, 0.300, -0.184, 0.189, 0.192
112.320, -0.200, 0.300, -0.187, 0.196, 0.193
112.340, -0.200, 0.300, -0.189, 0.201, 0.194
112.360, -0.200, 0.300, -0.191, 0.205, 0.195
112.380, -0.200, 0.300, -0.192, 0.209, 0.195
112.400, -0.200, 0.300, -0.193, 0.210, 0.196
112.420, -0.200, 0.300, -0.193, 0.211, 0.197
112.440, -0.200, 0.300, -0.193, 0.210, 0.198
112.460, -0.200, 0.300, -0.192, 0.208, 0.198
112.480, -0.200, 0.300, -0.190, 0.205, 0.199
112.500, -0.200, 0.300, -0.189, 0.201, 0.201
112.520, -0.200, 0.300, -0.187, 0.197, 0.202
112.540, -0.200, 0.300, -0.184, 0.193, 0.205
112.560, -0.200, 0.300, -0.181, 0.189, 0.207
112.580, -0.200, 0.300, -0.176, 0.185, 0.207
112.600, -0.200, 0.300, -0.170, 0.181, 0.202
112.620, -0.200, 0.300, -0.162, 0.179, 0.193
112.640, -0.200, 0.300, -0.155, 0.179, 0.182
112.660, -0.200, 0.300, -0.149, 0.180, 0.175
112.680, -0.200, 0.300, -0.145, 0.182, 0.168
112.700, -0.200, 0.300, -0.143, 0.184, 0.166
112.720, -0.200, 0.300, -0.142, 0.187, 0.166
112.740, -0.200, 0.300, -0.143, 0.191, 0.167
112.760, -0.200, 0.300, -0.146, 0.195, 0.169
112.780, -0.200, 0.300, -0.150, 0.200, 0.170
112.800, -0.200, 0.300, -0.156, 0.204, 0.172
112.820, -0.200, 0.300, -0.162, 0.209, 0.173
112.840, -0.200, 0.300, -0.169, 0.214, 0.173
112.860, -0.200, 0.300, -0.177, 0.220, 0.171
112.880, -0.200, 0.300, -0.184, 0.226, 0.170
112.900, -0.200, 0.300, -0.192, 0.233, 0.168
112.920, -0.200, 0.300, -0.200, 0.240, 0.167
112.940, -0.200, 0.300, -0.207, 0.247, 0.166
112.960, -0.200, 0.300, -0.216, 0.253, 0.165
112.980, -0.200, 0.300, -0.225, 0.260, 0.165
113.000, -0.200, 0.300, -0.234, 0.266, 0.166
113.020, -0.200, 0.300, -0.243, 0.271, 0.165
113.040, -0.200, 0.300, -0.253, 0.274, 0.165
113.060, -0.200, 0.300, -0.262, 0.276, 0.165
113.080, -0.200, 0.300, -0.270, 0.277, 0.166
113.100, -0.200, 0.300, -0.277, 0.276, 0.167
113.120, -0.200, 0.300, -0.283, 0.274, 0.170
113.140, -0.200, 0.300, -0.287, 0.270, 0.173
113.160, -0.200, 0.300, -0.291, 0.265, 0.176
113.180, -0.200, 0.300, -0.294, 0.259, 0.182
113.200, -0.200, 0.300, -0.296, 0.253, 0.188
113.220, -0.200, 0.300, -0.297, 0.246, 0.193
113.240, -0.200, 0.300, -0.296, 0.240, 0.196
113.260, -0.200, 0.300, -0.292, 0.235, 0.194
113.280, -0.200, 0.300, -0.286, 0.231, 0.189
113.300, -0.200, 0.300, -0.282, 0.229, 0.186
113.320, -0.200, 0.300, -0.279, 0.228, 0.182
113.340, -0.200, 0.300, -0.279, 0.229, 0.181
113.360, -0.200, 0.300, -0.281, 0.231, 0.181
113.380, -0.200, 0.300, -0.285, 0.234, 0.182
113.400, -0.200, 0.300, -0.291, 0.239, 0.184
113.420, -0.200, 0.300, -0.298, 0.244, 0.186
113.440, -0.200, 0.300, -0.305, 0.249, 0.187
113.460, -0.200, 0.300, -0.313, 0.256, 0.188
113.480, -0.200, 0.300, -0.321, 0.263, 0.187
113.500, -0.200, 0.300, -0.329, 0.270, 0.187
113.520, -0.200, 0.300, -0.333, 0.278, 0.187
113.540, -0.200, 0.300, -0.337, 0.285, 0.187
113.560, -0.200, 0.300, -0.340, 0.292, 0.188
113.580, -0.200, 0.300, -0.342, 0.298, 0.189
113.600, -0.200, 0.300, -0.344, 0.303, 0.190
113.620, -0.200, 0.300, -0.345, 0.307, 0.191
113.640, -0.200, 0.300, -0.345, 0.311, 0.192
113.660, -0.200, 0.300, -0.345, 0.313, 0.192
113.680, -0.200, 0.300, -0.344, 0.315, 0.193
113.700, -0.200, 0.300, -0.342, 0.315, 0.194
113.720, -0.200, 0.300, -0.340, 0.315, 0.194
113.740, -0.200, 0.300, -0.337, 0.314, 0.195
113.760, -0.200, 0.300, -0.334, 0.313, 0.195
113.780, -0.200, 0.300, -0.330, 0.312, 0.196
113.800, -0.200, 0.300, -0.325, 0.310, 0.198
113.820, -0.200, 0.300, -0.320, 0.309, 0.202
113.840, -0.200, 0.300, -0.315, 0.307, 0.207
113.860, -0.200, 0.300, -0.310, 0.306, 0.213
113.880, -0.200, 0.300, -0.306, 0.304, 0.217
113.900, -0.200, 0.300, -0.302, 0.302, 0.215
113.920, -0.200, 0.300, -0.300, 0.300, 0.206
113.940, -0.200, 0.300, -0.299, 0.299, 0.196
113.960, -0.200, 0.300, -0.298, 0.301, 0.183
113.980, -0.200, 0.300, -0.299, 0.304, 0.175
114.000, -0.200, 0.300, -0.302, 0.308, 0.169
114.020, -0.200, 0.300, -0.306, 0.312, 0.167
114.040, -0.200, 0.300, -0.313, 0.317, 0.166
114.060, -0.200, 0.300, -0.321, 0.322, 0.167
114.080, -0.200, 0.300, -0.330, 0.328, 0.168
114.100, -0.200, 0.300, -0.339, 0.334, 0.170
114.120, -0.200, 0.300, -0.350, 0.341, 0.170
114.140, -0.200, 0.300, -0.361, 0.347, 0.170
114.160, -0.200, 0.300, -0.372, 0.353, 0.168
114.180, -0.200, 0.300, -0.383, 0.360, 0.166
114.200, -0.200, 0.300, -0.395, 0.366, 0.164
114.220, -0.200, 0.300, -0.407, 0.372, 0.161
114.240, -0.200, 0.300, -0.419, 0.376, 0.158
114.260, -0.200, 0.300, -0.430, 0.379, 0.157
114.280, -0.200, 0.300, -0.441, 0.381, 0.157
114.300, -0.200, 0.300, -0.449, 0.380, 0.157
114.320, -0.200, 0.300, -0.457, 0.377, 0.160
114.340, -0.200, 0.300, -0.463, 0.373, 0.162
116.380, -0.200, 0.400, 0.000, 0.000, 0.250
116.400, -0.200, 0.400, -0.000, 0.000, 0.237
116.420, -0.200, 0.400, -0.001, 0.000, 0.219
116.440, -0.200, 0.400, -0.001, 0.001, 0.205
116.460, -0.200, 0.400, -0.002, 0.002, 0.192
116.480, -0.200, 0.400, -0.003, 0.005, 0.183
116.500, -0.200, 0.400, -0.006, 0.009, 0.178
116.520, -0.200, 0.400, -0.009, 0.014, 0.176
116.540, -0.200, 0.400, -0.012, 0.019, 0.178
116.560, -0.200, 0.400, -0.015, 0.023, 0.183
116.580, -0.200, 0.400, -0.017, 0.027, 0.189
116.600, -0.200, 0.400, -0.019, 0.030, 0.197
116.620, -0.200, 0.400, -0.019, 0.032, 0.201
116.640, -0.200, 0.400, -0.018, 0.032, 0.202
116.660, -0.200, 0.400, -0.017, 0.033, 0.199
116.680, -0.200, 0.400, -0.015, 0.033, 0.193
116.700, -0.200, 0.400, -0.013, 0.036, 0.188
116.720, -0.200, 0.400, -0.012, 0.040, 0.183
116.740, -0.200, 0.400, -0.012, 0.046, 0.180
116.760, -0.200, 0.400, -0.014, 0.053, 0.179
116.780, -0.200, 0.400, -0.016, 0.061, 0.180
116.800, -0.200, 0.400, -0.019, 0.069, 0.182
116.820, -0.200, 0.400, -0.022, 0.078, 0.184
116.840, -0.200, 0.400, -0.025, 0.086, 0.186
116.860, -0.200, 0.400, -0.028, 0.094, 0.187
116.880, -0.200, 0.400, -0.031, 0.102, 0.188
116.900, -0.200, 0.400, -0.033, 0.110, 0.187
116.920, -0.200, 0.400, -0.036, 0.117, 0.185
116.940, -0.200, 0.400, -0.037, 0.123, 0.184
116.960, -0.200, 0.400, -0.039, 0.128, 0.182
116.980, -0.200, 0.400, -0.040, 0.132, 0.180
117.000, -0.200, 0.400, -0.041, 0.134, 0.179
117.020, -0.200, 0.400, -0.041, 0.135, 0.179
117.040, -0.200, 0.400, -0.042, 0.136, 0.180
117.060, -0.200, 0.400, -0.042, 0.135, 0.181
117.080, -0.200, 0.400, -0.042, 0.133, 0.183
117.100, -0.200, 0.400, -0.041, 0.130, 0.185
117.120, -0.200, 0.400, -0.040, 0.126, 0.187
117.140, -0.200, 0.400, -0.039, 0.122, 0.190
117.160, -0.200, 0.400, -0.037, 0.117, 0.192
117.180, -0.200, 0.400, -0.036, 0.112, 0.195
117.200, -0.200, 0.400, -0.033, 0.107, 0.198
117.220, -0.200, 0.400, -0.031, 0.102, 0.202
117.240, -0.200, 0.400, -0.029, 0.096, 0.206
117.260, -0.200, 0.400, -0.027, 0.091, 0.210
117.280, -0.200, 0.400, -0.025, 0.086, 0.213
117.300, -0.200, 0.400, -0.024, 0.082, 0.212
117.320, -0.200, 0.400, -0.023, 0.079, 0.205
117.340, -0.200, 0.400, -0.023, 0.079, 0.197
117.360, -0.200, 0.400, -0.023, 0.082, 0.188
117.380, -0.200, 0.400, -0.025, 0.087, 0.181
117.400, -0.200, 0.400, -0.028, 0.094, 0.177
117.420, -0.200, 0.400, -0.031, 0.102, 0.175
117.440, -0.200, 0.400, -0.036, 0.112, 0.176
117.460, -0.200, 0.400, -0.042, 0.123, 0.179
117.480, -0.200, 0.400, -0.049, 0.135, 0.181
117.500, -0.200, 0.400, -0.056, 0.148, 0.183
117.520, -0.200, 0.400, -0.065, 0.162, 0.183
117.540, -0.200, 0.400, -0.073, 0.177, 0.182
117.560, -0.200, 0.400, -0.083, 0.192, 0.180
117.580, -0.200, 0.400, -0.092, 0.207, 0.176
117.600, -0.200, 0.400, -0.100, 0.222, 0.171
117.620, -0.200, 0.400, -0.109, 0.236, 0.163
117.640, -0.200, 0.400, -0.117, 0.249, 0.155
117.660, -0.200, 0.400, -0.124, 0.258, 0.150
117.680, -0.200, 0.400, -0.128, 0.263, 0.154
117.700, -0.200, 0.400, -0.130, 0.263, 0.162
117.720, -0.200, 0.400, -0.132, 0.262, 0.168
117.740, -0.200, 0.400, -0.134, 0.259, 0.173
117.760, -0.200, 0.400, -0.136, 0.254, 0.174
117.780, -0.200, 0.400, -0.138, 0.248, 0.174
117.800, -0.200, 0.400, -0.140, 0.241, 0.173
117.820, -0.200, 0.400, -0.142, 0.233, 0.172
117.840, -0.200, 0.400, -0.145, 0.225, 0.171
117.860, -0.200, 0.400, -0.147, 0.218, 0.171
117.880, -0.200, 0.400, -0.149, 0.210, 0.174
117.900, -0.200, 0.400, -0.152, 0.203, 0.180
117.920, -0.200, 0.400, -0.153, 0.197, 0.188
117.940, -0.200, 0.400, -0.153, 0.191, 0.192
117.960, -0.200, 0.400, -0.151, 0.185, 0.193
117.980, -0.200, 0.400, -0.149, 0.180, 0.191
118.000, -0.200, 0.400, -0.145, 0.177, 0.186
118.020, -0.200, 0.400, -0.143, 0.177, 0.181
118.040, -0.200, 0.400, -0.141, 0.179, 0.176
118.060, -0.200, 0.400, -0.141, 0.183, 0.174
118.080, -0.200, 0.400, -0.144, 0.189, 0.174
118.100, -0.200, 0.400, -0.149, 0.196, 0.177
118.120, -0.200, 0.400, -0.155, 0.205, 0.180
118.140, -0.200, 0.400, -0.162, 0.214, 0.182
118.160, -0.200, 0.400, -0.168, 0.225, 0.183
118.180, -0.200, 0.400, -0.174, 0.236, 0.184
118.200, -0.200, 0.400, -0.177, 0.247, 0.183
118.220, -0.200, 0.400, -0.179, 0.257, 0.183
118.240, -0.200, 0.400, -0.181, 0.266, 0.182
118.260, -0.200, 0.400, -0.184, 0.275, 0.182
118.280, -0.200, 0.400, -0.186, 0.282, 0.183
118.300, -0.200, 0.400, -0.187, 0.289, 0.183
118.320, -0.200, 0.400, -0.187, 0.295, 0.184
118.340, -0.200, 0.400, -0.187, 0.300, 0.185
118.360, -0.200, 0.400, -0.186, 0.304, 0.186
118.380, -0.200, 0.400, -0.184, 0.306, 0.187
118.400, -0.200, 0.400, -0.182, 0.308, 0.188
118.420, -0.200, 0.400, -0.180, 0.309, 0.188
118.440, -0.200, 0.400, -0.177, 0.308, 0.189
118.460, -0.200, 0.400, -0.174, 0.306, 0.190
118.480, -0.200, 0.400, -0.171, 0.304, 0.191
118.500, -0.200, 0.400, -0.167, 0.301, 0.193
118.520, -0.200, 0.400, -0.163, 0.298, 0.195
118.540, -0.200, 0.400, -0.159, 0.294, 0.197
118.560, -0.200, 0.400, -0.154, 0.290, 0.202
118.580, -0.200, 0.400, -0.150, 0.287, 0.208
118.600, -0.200, 0.400, -0.146, 0.283, 0.209
118.620, -0.200, 0.400, -0.141, 0.280, 0.204
118.640, -0.200, 0.400, -0.138, 0.278, 0.195
118.660, -0.200, 0.400, -0.136, 0.277, 0.186
118.680, -0.200, 0.400, -0.135, 0.278, 0.176
118.700, -0.200, 0.400, -0.136, 0.281, 0.170
118.720, -0.200, 0.400, -0.139, 0.285, 0.165
118.740, -0.200, 0.400, -0.143, 0.290, 0.163
118.760, -0.200, 0.400, -0.148, 0.296, 0.162
118.780, -0.200, 0.400, -0.153, 0.303, 0.164
118.800, -0.200, 0.400, -0.158, 0.310, 0.165
118.820, -0.200, 0.400, -0.163, 0.319, 0.166
118.840, -0.200, 0.400, -0.170, 0.327, 0.166
118.860, -0.200, 0.400, -0.177, 0.337, 0.166
118.880, -0.200, 0.400, -0.185, 0.347, 0.165
118.900, -0.200, 0.400, -0.194, 0.357, 0.163
118.920, -0.200, 0.400, -0.205, 0.366, 0.161
118.940, -0.200, 0.400, -0.216, 0.375, 0.160
118.960, -0.200, 0.400, -0.227, 0.383, 0.158
118.980, -0.200, 0.400, -0.237, 0.389, 0.156
119.000, -0.200, 0.400, -0.249, 0.394, 0.154
119.020, -0.200, 0.400, -0.259, 0.396, 0.152
119.040, -0.200, 0.400, -0.268, 0.397, 0.151
119.060, -0.200, 0.400, -0.274, 0.397, 0.154
119.080, -0.200, 0.400, -0.278, 0.397, 0.161
119.100, -0.200, 0.400, -0.282, 0.394, 0.166
119.120, -0.200, 0.400, -0.286, 0.390, 0.170
119.140, -0.200, 0.400, -0.291, 0.385, 0.172
119.160, -0.200, 0.400, -0.295, 0.379, 0.173
119.180, -0.200, 0.400, -0.300, 0.373, 0.173
119.200, -0.200, 0.400, -0.303, 0.366, 0.174
119.220, -0.200, 0.400, -0.307, 0.359, 0.178
119.240, -0.200, 0.400, -0.310, 0.352, 0.182
119.260, -0.200, 0.400, -0.312, 0.345, 0.185
119.280, -0.200, 0.400, -0.310, 0.339, 0.184
119.300, -0.200, 0.400, -0.307, 0.334, 0.182
119.320, -0.200, 0.400, -0.304, 0.330, 0.179
119.340, -0.200, 0.400, -0.304, 0.329, 0.176
119.360, -0.200, 0.400, -0.305, 0.329, 0.172
119.380, -0.200, 0.400, -0.305, 0.331, 0.169
119.400, -0.200, 0.400, -0.305, 0.334, 0.169
119.420, -0.200, 0.400, -0.310, 0.338, 0.169
119.440, -0.200, 0.400, -0.317, 0.344, 0.169
119.460, -0.200, 0.400, -0.325, 0.350, 0.168
119.480, -0.200, 0.400, -0.329, 0.357, 0.167
119.500, -0.200, 0.400, -0.334, 0.364, 0.166
119.520, -0.200, 0.400, -0.334, 0.370, 0.167
119.540, -0.200, 0.400, -0.335, 0.376, 0.167
119.560, -0.200, 0.400, -0.338, 0.382, 0.167
119.580, -0.200, 0.400, -0.340, 0.387, 0.166
119.600, -0.200, 0.400, -0.343, 0.393, 0.166
119.620, -0.200, 0.400, -0.344, 0.398, 0.166
119.640, -0.200, 0.400, -0.344, 0.403, 0.166
119.660, -0.200, 0.400, -0.344, 0.407, 0.167
119.680, -0.200, 0.400, -0.343, 0.409, 0.169
119.700, -0.200, 0.400, -0.343, 0.410, 0.170
119.720, -0.200, 0.400, -0.342, 0.410, 0.172
119.740, -0.200, 0.400, -0.340, 0.408, 0.174
119.760, -0.200, 0.400, -0.338, 0.406, 0.176
119.780, -0.200, 0.400, -0.335, 0.404, 0.178
119.800, -0.200, 0.400, -0.331, 0.401, 0.180
119.820, -0.200, 0.400, -0.328, 0.398, 0.182
119.840, -0.200, 0.400, -0.324, 0.396, 0.185
119.860, -0.200, 0.400, -0.321, 0.393, 0.188
119.880, -0.200, 0.400, -0.318, 0.390, 0.191
119.900, -0.200, 0.400, -0.315, 0.388, 0.193
119.920, -0.200, 0.400, -0.310, 0.386, 0.189
119.940, -0.200, 0.400, -0.305, 0.385, 0.180
119.960, -0.200, 0.400, -0.298, 0.386, 0.169
119.980, -0.200, 0.400, -0.293, 0.388, 0.160
120.000, -0.200, 0.400, -0.288, 0.392, 0.152
120.020, -0.200, 0.400, -0.286, 0.397, 0.147
120.040, -0.200, 0.400, -0.285, 0.402, 0.143
120.060, -0.200, 0.400, -0.285, 0.409, 0.141
120.080, -0.200, 0.400, -0.286, 0.416, 0.141
120.100, -0.200, 0.400, -0.288, 0.423, 0.142
120.120, -0.200, 0.400, -0.289, 0.430, 0.145
120.140, -0.200, 0.400, -0.293, 0.436, 0.147
120.160, -0.200, 0.400, -0.297, 0.441, 0.148
120.180, -0.200, 0.400, -0.302, 0.446, 0.149
120.200, -0.200, 0.400, -0.308, 0.449, 0.150
120.220, -0.200, 0.400, -0.315, 0.451, 0.150
120.240, -0.200, 0.400, -0.322, 0.453, 0.150
120.260, -0.200, 0.400, -0.329, 0.454, 0.150
120.280, -0.200, 0.400, -0.336, 0.455, 0.150
120.300, -0.200, 0.400, -0.342, 0.455, 0.152
120.320, -0.200, 0.400, -0.347, 0.455, 0.153
120.340, -0.200, 0.400, -0.352, 0.453, 0.155
120.360, -0.200, 0.400, -0.356, 0.451, 0.157
122.400, -0.200, 0.500, 0.000, 0.000, 0.250
122.420, -0.200, 0.500, -0.001, 0.000, 0.237
122.440, -0.200, 0.500, -0.001, 0.000, 0.222
122.460, -0.200, 0.500, -0.002, 0.001, 0.205
122.480, -0.200, 0.500, -0.002, 0.003, 0.193
122.500, -0.200, 0.500, -0.004, 0.007, 0.184
122.520, -0.200, 0.500, -0.006, 0.012, 0.179
122.540, -0.200, 0.500, -0.009, 0.018, 0.177
122.560, -0.200, 0.500, -0.012, 0.025, 0.178
122.580, -0.200, 0.500, -0.015, 0.030, 0.182
122.600, -0.200, 0.500, -0.017, 0.036, 0.188
122.620, -0.200, 0.500, -0.019, 0.040, 0.194
122.640, -0.200, 0.500, -0.020, 0.042, 0.200
122.660, -0.200, 0.500, -0.019, 0.043, 0.201
122.680, -0.200, 0.500, -0.017, 0.043, 0.198
122.700, -0.200, 0.500, -0.015, 0.045, 0.195
122.720, -0.200, 0.500, -0.013, 0.047, 0.190
122.740, -0.200, 0.500, -0.012, 0.052, 0.185
122.760, -0.200, 0.500, -0.012, 0.060, 0.183
122.780, -0.200, 0.500, -0.013, 0.069, 0.182
122.800, -0.200, 0.500, -0.015, 0.078, 0.182
122.820, -0.200, 0.500, -0.018, 0.089, 0.184
122.840, -0.200, 0.500, -0.021, 0.099, 0.186
122.860, -0.200, 0.500, -0.023, 0.110, 0.188
122.880, -0.200, 0.500, -0.025, 0.121, 0.190
122.900, -0.200, 0.500, -0.027, 0.131, 0.190
122.920, -0.200, 0.500, -0.029, 0.140, 0.189
122.940, -0.200, 0.500, -0.031, 0.149, 0.187
122.960, -0.200, 0.500, -0.032, 0.156, 0.185
122.980, -0.200, 0.500, -0.033, 0.161, 0.182
123.000, -0.200, 0.500, -0.033, 0.165, 0.180
123.020, -0.200, 0.500, -0.034, 0.168, 0.178
123.040, -0.200, 0.500, -0.034, 0.169, 0.178
123.060, -0.200, 0.500, -0.035, 0.168, 0.179
123.080, -0.200, 0.500, -0.035, 0.167, 0.180
123.100, -0.200, 0.500, -0.035, 0.164, 0.182
123.120, -0.200, 0.500, -0.035, 0.161, 0.184
123.140, -0.200, 0.500, -0.034, 0.156, 0.187
123.160, -0.200, 0.500, -0.033, 0.151, 0.189
123.180, -0.200, 0.500, -0.031, 0.145, 0.193
123.200, -0.200, 0.500, -0.029, 0.139, 0.196
123.220, -0.200, 0.500, -0.027, 0.132, 0.200
123.240, -0.200, 0.500, -0.025, 0.126, 0.204
123.260, -0.200, 0.500, -0.023, 0.119, 0.208
123.280, -0.200, 0.500, -0.022, 0.113, 0.213
123.300, -0.200, 0.500, -0.020, 0.107, 0.216
123.320, -0.200, 0.500, -0.019, 0.101, 0.214
123.340, -0.200, 0.500, -0.018, 0.098, 0.209
123.360, -0.200, 0.500, -0.018, 0.098, 0.200
123.380, -0.200, 0.500, -0.019, 0.101, 0.191
123.400, -0.200, 0.500, -0.021, 0.107, 0.184
123.420, -0.200, 0.500, -0.024, 0.116, 0.180
123.440, -0.200, 0.500, -0.027, 0.126, 0.180
123.460, -0.200, 0.500, -0.032, 0.139, 0.183
123.480, -0.200, 0.500, -0.037, 0.153, 0.186
123.500, -0.200, 0.500, -0.042, 0.168, 0.190
123.520, -0.200, 0.500, -0.049, 0.185, 0.192
123.540, -0.200, 0.500, -0.056, 0.203, 0.193
123.560, -0.200, 0.500, -0.064, 0.222, 0.192
123.580, -0.200, 0.500, -0.071, 0.242, 0.188
123.600, -0.200, 0.500, -0.078, 0.262, 0.183
123.620, -0.200, 0.500, -0.084, 0.281, 0.174
123.640, -0.200, 0.500, -0.090, 0.298, 0.164
123.660, -0.200, 0.500, -0.096, 0.312, 0.153
123.680, -0.200, 0.500, -0.099, 0.323, 0.144
123.700, -0.200, 0.500, -0.101, 0.328, 0.145
123.720, -0.200, 0.500, -0.101, 0.328, 0.152
123.740, -0.200, 0.500, -0.101, 0.326, 0.158
123.760, -0.200, 0.500, -0.102, 0.324, 0.162
123.780, -0.200, 0.500, -0.104, 0.322, 0.164
123.800, -0.200, 0.500, -0.105, 0.318, 0.164
123.820, -0.200, 0.500, -0.107, 0.312, 0.163
123.840, -0.200, 0.500, -0.108, 0.306, 0.162
123.860, -0.200, 0.500, -0.110, 0.299, 0.162
123.880, -0.200, 0.500, -0.111, 0.291, 0.163
123.900, -0.200, 0.500, -0.111, 0.284, 0.166
123.920, -0.200, 0.500, -0.112, 0.277, 0.171
123.940, -0.200, 0.500, -0.113, 0.271, 0.178
123.960, -0.200, 0.500, -0.112, 0.265, 0.184
123.980, -0.200, 0.500, -0.111, 0.259, 0.187
124.000, -0.200, 0.500, -0.108, 0.252, 0.187
124.020, -0.200, 0.500, -0.105, 0.247, 0.187
124.040, -0.200, 0.500, -0.102, 0.243, 0.186
124.060, -0.200, 0.500, -0.100, 0.241, 0.185
124.080, -0.200, 0.500, -0.098, 0.243, 0.183
124.100, -0.200, 0.500, -0.097, 0.248, 0.183
124.120, -0.200, 0.500, -0.098, 0.256, 0.185
124.140, -0.200, 0.500, -0.101, 0.265, 0.189
124.160, -0.200, 0.500, -0.105, 0.276, 0.193
124.180, -0.200, 0.500, -0.110, 0.289, 0.197
124.200, -0.200, 0.500, -0.115, 0.303, 0.200
124.220, -0.200, 0.500, -0.119, 0.318, 0.202
124.240, -0.200, 0.500, -0.123, 0.335, 0.203
124.260, -0.200, 0.500, -0.125, 0.351, 0.204
124.280, -0.200, 0.500, -0.126, 0.368, 0.204
124.300, -0.200, 0.500, -0.127, 0.384, 0.203
124.320, -0.200, 0.500, -0.126, 0.399, 0.202
124.340, -0.200, 0.500, -0.124, 0.413, 0.200
124.360, -0.200, 0.500, -0.122, 0.426, 0.199
124.380, -0.200, 0.500, -0.120, 0.437, 0.197
124.400, -0.200, 0.500, -0.117, 0.445, 0.194
124.420, -0.200, 0.500, -0.114, 0.452, 0.191
124.440, -0.200, 0.500, -0.110, 0.457, 0.187
124.460, -0.200, 0.500, -0.107, 0.460, 0.184
124.480, -0.200, 0.500, -0.104, 0.461, 0.182
124.500, -0.200, 0.500, -0.100, 0.461, 0.183
124.520, -0.200, 0.500, -0.095, 0.460, 0.186
124.540, -0.200, 0.500, -0.091, 0.457, 0.191
124.560, -0.200, 0.500, -0.087, 0.453, 0.197
124.580, -0.200, 0.500, -0.083, 0.447, 0.204
124.600, -0.200, 0.500, -0.081, 0.440, 0.210
124.620, -0.200, 0.500, -0.080, 0.432, 0.213
124.640, -0.200, 0.500, -0.080, 0.423, 0.212
124.660, -0.200, 0.500, -0.082, 0.415, 0.208
124.680, -0.200, 0.500, -0.086, 0.408, 0.199
124.700, -0.200, 0.500, -0.090, 0.404, 0.192
124.720, -0.200, 0.500, -0.096, 0.403, 0.185
124.740, -0.200, 0.500, -0.102, 0.404, 0.179
124.760, -0.200, 0.500, -0.107, 0.408, 0.175
124.780, -0.200, 0.500, -0.113, 0.414, 0.173
124.800, -0.200, 0.500, -0.119, 0.423, 0.172
124.820, -0.200, 0.500, -0.126, 0.434, 0.173
124.840, -0.200, 0.500, -0.133, 0.447, 0.174
124.860, -0.200, 0.500, -0.140, 0.462, 0.176
124.880, -0.200, 0.500, -0.148, 0.478, 0.177
124.900, -0.200, 0.500, -0.156, 0.496, 0.177
124.920, -0.200, 0.500, -0.165, 0.514, 0.175
124.940, -0.200, 0.500, -0.174, 0.533, 0.170
124.960, -0.200, 0.500, -0.182, 0.551, 0.164
124.980, -0.200, 0.500, -0.191, 0.568, 0.157
125.000, -0.200, 0.500, -0.198, 0.582, 0.151
125.020, -0.200, 0.500, -0.204, 0.594, 0.149
125.040, -0.200, 0.500, -0.209, 0.600, 0.155
125.060, -0.200, 0.500, -0.212, 0.602, 0.162
125.080, -0.200, 0.500, -0.216, 0.604, 0.167
125.100, -0.200, 0.500, -0.219, 0.605, 0.169
125.120, -0.200, 0.500, -0.222, 0.604, 0.169
125.140, -0.200, 0.500, -0.226, 0.602, 0.168
125.160, -0.200, 0.500, -0.231, 0.597, 0.166
125.180, -0.200, 0.500, -0.235, 0.592, 0.165
125.200, -0.200, 0.500, -0.237, 0.586, 0.169
125.220, -0.200, 0.500, -0.240, 0.579, 0.173
125.240, -0.200, 0.500, -0.245, 0.571, 0.179
125.260, -0.200, 0.500, -0.248, 0.563, 0.184
125.280, -0.200, 0.500, -0.250, 0.554, 0.187
125.300, -0.200, 0.500, -0.249, 0.546, 0.186
125.320, -0.200, 0.500, -0.245, 0.539, 0.182
125.340, -0.200, 0.500, -0.241, 0.536, 0.178
125.360, -0.200, 0.500, -0.238, 0.535, 0.173
125.380, -0.200, 0.500, -0.235, 0.538, 0.169
125.400, -0.200, 0.500, -0.235, 0.542, 0.166
125.420, -0.200, 0.500, -0.236, 0.548, 0.166
125.440, -0.200, 0.500, -0.239, 0.557, 0.167
125.460, -0.200, 0.500, -0.242, 0.566, 0.170
125.480, -0.200, 0.500, -0.244, 0.576, 0.171
125.500, -0.200, 0.500, -0.245, 0.586, 0.172
125.520, -0.200, 0.500, -0.244, 0.595, 0.172
125.540, -0.200, 0.500, -0.244, 0.603, 0.172
125.560, -0.200, 0.500, -0.243, 0.611, 0.173
125.580, -0.200, 0.500, -0.242, 0.619, 0.173
125.600, -0.200, 0.500, -0.240, 0.627, 0.174
125.620, -0.200, 0.500, -0.237, 0.633, 0.176
125.640, -0.200, 0.500, -0.233, 0.639, 0.178
125.660, -0.200, 0.500, -0.229, 0.645, 0.180
125.680, -0.200, 0.500, -0.225, 0.649, 0.182
125.700, -0.200, 0.500, -0.220, 0.653, 0.184
125.720, -0.200, 0.500, -0.215, 0.655, 0.187
125.740, -0.200, 0.500, -0.210, 0.657, 0.188
125.760, -0.200, 0.500, -0.204, 0.658, 0.189
125.780, -0.200, 0.500, -0.198, 0.658, 0.190
125.800, -0.200, 0.500, -0.193, 0.658, 0.191
125.820, -0.200, 0.500, -0.187, 0.657, 0.191
125.840, -0.200, 0.500, -0.181, 0.655, 0.192
125.860, -0.200, 0.500, -0.176, 0.654, 0.195
125.880, -0.200, 0.500, -0.171, 0.652, 0.199
125.900, -0.200, 0.500, -0.168, 0.650, 0.204
125.920, -0.200, 0.500, -0.167, 0.648, 0.208
125.940, -0.200, 0.500, -0.167, 0.645, 0.206
125.960, -0.200, 0.500, -0.170, 0.643, 0.199
125.980, -0.200, 0.500, -0.173, 0.641, 0.191
126.000, -0.200, 0.500, -0.177, 0.641, 0.182
126.020, -0.200, 0.500, -0.181, 0.642, 0.175
126.040, -0.200, 0.500, -0.186, 0.646, 0.168
126.060, -0.200, 0.500, -0.192, 0.651, 0.163
126.080, -0.200, 0.500, -0.198, 0.659, 0.160
126.100, -0.200, 0.500, -0.205, 0.668, 0.159
126.120, -0.200, 0.500, -0.212, 0.678, 0.160
126.140, -0.200, 0.500, -0.218, 0.689, 0.162
126.160, -0.200, 0.500, -0.224, 0.701, 0.163
126.180, -0.200, 0.500, -0.230, 0.714, 0.163
126.200, -0.200, 0.500, -0.236, 0.726, 0.161
126.220, -0.200, 0.500, -0.244, 0.739, 0.158
126.240, -0.200, 0.500, -0.252, 0.751, 0.154
126.260, -0.200, 0.500, -0.260, 0.761, 0.150
126.280, -0.200, 0.500, -0.265, 0.769, 0.150
126.300, -0.200, 0.500, -0.269, 0.774, 0.154
126.320, -0.200, 0.500, -0.274, 0.776, 0.158
126.340, -0.200, 0.500, -0.277, 0.778, 0.159
126.360, -0.200, 0.500, -0.280, 0.779, 0.158
126.380, -0.200, 0.500, -0.283, 0.779, 0.157
128.420, 0.200, -0.500, 0.000, 0.000, 0.250
128.440, 0.200, -0.500, 0.001, 0.000, 0.238
128.460, 0.200, -0.500, 0.001, 0.001, 0.226
128.480, 0.200, -0.500, 0.002, -0.000, 0.214
128.500, 0.200, -0.500, 0.003, -0.002, 0.205
128.520, 0.200, -0.500, 0.004, -0.004, 0.198
128.540, 0.200, -0.500, 0.006, -0.007, 0.196
128.560, 0.200, -0.500, 0.007, -0.010, 0.197
128.580, 0.200, -0.500, 0.009, -0.013, 0.201
128.600, 0.200, -0.500, 0.010, -0.016, 0.204
128.620, 0.200, -0.500, 0.010, -0.018, 0.208
128.640, 0.200, -0.500, 0.011, -0.021, 0.212
128.660, 0.200, -0.500, 0.011, -0.023, 0.213
128.680, 0.200, -0.500, 0.011, -0.024, 0.211
128.700, 0.200, -0.500, 0.010, -0.025, 0.206
128.720, 0.200, -0.500, 0.009, -0.026, 0.198
128.740, 0.200, -0.500, 0.008, -0.029, 0.191
128.760, 0.200, -0.500, 0.007, -0.034, 0.184
128.780, 0.200, -0.500, 0.007, -0.040, 0.179
128.800, 0.200, -0.500, 0.007, -0.047, 0.176
128.820, 0.200, -0.500, 0.009, -0.055, 0.174
128.840, 0.200, -0.500, 0.011, -0.065, 0.173
128.860, 0.200, -0.500, 0.014, -0.076, 0.171
128.880, 0.200, -0.500, 0.018, -0.088, 0.170
128.900, 0.200, -0.500, 0.024, -0.102, 0.169
128.920, 0.200, -0.500, 0.030, -0.116, 0.167
128.940, 0.200, -0.500, 0.036, -0.130, 0.164
128.960, 0.200, -0.500, 0.042, -0.143, 0.161
128.980, 0.200, -0.500, 0.047, -0.156, 0.157
129.000, 0.200, -0.500, 0.052, -0.167, 0.153
129.020, 0.200, -0.500, 0.056, -0.176, 0.150
129.040, 0.200, -0.500, 0.059, -0.183, 0.146
129.060, 0.200, -0.500, 0.061, -0.189, 0.143
129.080, 0.200, -0.500, 0.063, -0.192, 0.142
129.100, 0.200, -0.500, 0.066, -0.194, 0.141
129.120, 0.200, -0.500, 0.068, -0.195, 0.141
129.140, 0.200, -0.500, 0.070, -0.194, 0.144
129.160, 0.200, -0.500, 0.073, -0.192, 0.148
129.180, 0.200, -0.500, 0.075, -0.189, 0.152
129.200, 0.200, -0.500, 0.077, -0.185, 0.157
129.220, 0.200, -0.500, 0.078, -0.179, 0.162
129.240, 0.200, -0.500, 0.080, -0.174, 0.167
129.260, 0.200, -0.500, 0.081, -0.167, 0.171
129.280, 0.200, -0.500, 0.083, -0.161, 0.177
129.300, 0.200, -0.500, 0.084, -0.154, 0.183
129.320, 0.200, -0.500, 0.084, -0.147, 0.188
129.340, 0.200, -0.500, 0.084, -0.140, 0.190
129.360, 0.200, -0.500, 0.085, -0.134, 0.190
129.380, 0.200, -0.500, 0.085, -0.129, 0.188
129.400, 0.200, -0.500, 0.086, -0.126, 0.186
129.420, 0.200, -0.500, 0.087, -0.126, 0.183
129.440, 0.200, -0.500, 0.087, -0.129, 0.180
129.460, 0.200, -0.500, 0.088, -0.135, 0.178
129.480, 0.200, -0.500, 0.090, -0.142, 0.177
129.500, 0.200, -0.500, 0.094, -0.151, 0.179
129.520, 0.200, -0.500, 0.099, -0.162, 0.181
129.540, 0.200, -0.500, 0.105, -0.174, 0.184
129.560, 0.200, -0.500, 0.112, -0.187, 0.187
129.580, 0.200, -0.500, 0.118, -0.201, 0.189
129.600, 0.200, -0.500, 0.125, -0.216, 0.190
129.620, 0.200, -0.500, 0.130, -0.231, 0.190
129.640, 0.200, -0.500, 0.134, -0.246, 0.189
129.660, 0.200, -0.500, 0.137, -0.260, 0.188
129.680, 0.200, -0.500, 0.139, -0.273, 0.186
129.700, 0.200, -0.500, 0.139, -0.284, 0.184
129.720, 0.200, -0.500, 0.139, -0.293, 0.182
129.740, 0.200, -0.500, 0.137, -0.300, 0.179
129.760, 0.200, -0.500, 0.135, -0.304, 0.176
129.780, 0.200, -0.500, 0.133, -0.306, 0.175
129.800, 0.200, -0.500, 0.131, -0.307, 0.176
129.820, 0.200, -0.500, 0.128, -0.306, 0.177
129.840, 0.200, -0.500, 0.126, -0.303, 0.180
129.860, 0.200, -0.500, 0.123, -0.299, 0.183
129.880, 0.200, -0.500, 0.121, -0.294, 0.186
129.900, 0.200, -0.500, 0.118, -0.289, 0.191
129.920, 0.200, -0.500, 0.115, -0.282, 0.195
129.940, 0.200, -0.500, 0.112, -0.276, 0.201
129.960, 0.200, -0.500, 0.110, -0.269, 0.207
129.980, 0.200, -0.500, 0.107, -0.261, 0.210
130.000, 0.200, -0.500, 0.105, -0.254, 0.209
130.020, 0.200, -0.500, 0.104, -0.248, 0.203
130.040, 0.200, -0.500, 0.103, -0.245, 0.195
130.060, 0.200, -0.500, 0.104, -0.245, 0.185
130.080, 0.200, -0.500, 0.106, -0.249, 0.177
130.100, 0.200, -0.500, 0.109, -0.255, 0.172
130.120, 0.200, -0.500, 0.114, -0.263, 0.170
130.140, 0.200, -0.500, 0.121, -0.273, 0.171
130.160, 0.200, -0.500, 0.129, -0.284, 0.172
130.180, 0.200, -0.500, 0.137, -0.296, 0.174
130.200, 0.200, -0.500, 0.148, -0.310, 0.175
130.220, 0.200, -0.500, 0.158, -0.325, 0.174
130.240, 0.200, -0.500, 0.170, -0.340, 0.172
130.260, 0.200, -0.500, 0.182, -0.355, 0.168
130.280, 0.200, -0.500, 0.195, -0.370, 0.162
130.300, 0.200, -0.500, 0.205, -0.383, 0.158
130.320, 0.200, -0.500, 0.212, -0.390, 0.162
130.340, 0.200, -0.500, 0.217, -0.392, 0.167
130.360, 0.200, -0.500, 0.220, -0.394, 0.170
130.380, 0.200, -0.500, 0.222, -0.393, 0.171
130.400, 0.200, -0.500, 0.225, -0.392, 0.170
130.420, 0.200, -0.500, 0.226, -0.388, 0.170
130.440, 0.200, -0.500, 0.226, -0.384, 0.171
130.460, 0.200, -0.500, 0.227, -0.379, 0.172
130.480, 0.200, -0.500, 0.229, -0.373, 0.173
130.500, 0.200, -0.500, 0.233, -0.365, 0.174
130.520, 0.200, -0.500, 0.236, -0.358, 0.175
130.540, 0.200, -0.500, 0.239, -0.350, 0.175
130.560, 0.200, -0.500, 0.242, -0.343, 0.176
130.580, 0.200, -0.500, 0.243, -0.336, 0.178
130.600, 0.200, -0.500, 0.244, -0.329, 0.182
130.620, 0.200, -0.500, 0.245, -0.322, 0.186
130.640, 0.200, -0.500, 0.243, -0.316, 0.188
130.660, 0.200, -0.500, 0.239, -0.310, 0.187
130.680, 0.200, -0.500, 0.234, -0.306, 0.185
130.700, 0.200, -0.500, 0.228, -0.302, 0.181
130.720, 0.200, -0.500, 0.223, -0.302, 0.176
130.740, 0.200, -0.500, 0.220, -0.303, 0.173
130.760, 0.200, -0.500, 0.219, -0.306, 0.172
130.780, 0.200, -0.500, 0.220, -0.312, 0.174
130.800, 0.200, -0.500, 0.221, -0.318, 0.176
130.820, 0.200, -0.500, 0.223, -0.325, 0.178
130.840, 0.200, -0.500, 0.225, -0.334, 0.180
130.860, 0.200, -0.500, 0.227, -0.342, 0.182
130.880, 0.200, -0.500, 0.228, -0.351, 0.184
130.900, 0.200, -0.500, 0.229, -0.359, 0.185
130.920, 0.200, -0.500, 0.229, -0.368, 0.187
130.940, 0.200, -0.500, 0.229, -0.376, 0.189
130.960, 0.200, -0.500, 0.228, -0.383, 0.191
130.980, 0.200, -0.500, 0.226, -0.390, 0.193
131.000, 0.200, -0.500, 0.225, -0.397, 0.195
131.020, 0.200, -0.500, 0.223, -0.403, 0.197
131.040, 0.200, -0.500, 0.221, -0.408, 0.199
131.060, 0.200, -0.500, 0.218, -0.413, 0.201
131.080, 0.200, -0.500, 0.215, -0.417, 0.202
131.100, 0.200, -0.500, 0.212, -0.421, 0.203
131.120, 0.200, -0.500, 0.208, -0.424, 0.203
131.140, 0.200, -0.500, 0.204, -0.427, 0.204
131.160, 0.200, -0.500, 0.200, -0.429, 0.204
131.180, 0.200, -0.500, 0.196, -0.430, 0.203
131.200, 0.200, -0.500, 0.192, -0.431, 0.203
131.220, 0.200, -0.500, 0.188, -0.431, 0.205
131.240, 0.200, -0.500, 0.183, -0.432, 0.208
131.260, 0.200, -0.500, 0.179, -0.431, 0.212
131.280, 0.200, -0.500, 0.176, -0.431, 0.214
131.300, 0.200, -0.500, 0.172, -0.429, 0.213
131.320, 0.200, -0.500, 0.169, -0.426, 0.208
131.340, 0.200, -0.500, 0.168, -0.424, 0.199
131.360, 0.200, -0.500, 0.168, -0.423, 0.191
131.380, 0.200, -0.500, 0.170, -0.423, 0.185
131.400, 0.200, -0.500, 0.173, -0.424, 0.181
131.420, 0.200, -0.500, 0.179, -0.426, 0.178
131.440, 0.200, -0.500, 0.185, -0.431, 0.175
131.460, 0.200, -0.500, 0.192, -0.437, 0.173
131.480, 0.200, -0.500, 0.200, -0.445, 0.171
131.500, 0.200, -0.500, 0.209, -0.455, 0.171
131.520, 0.200, -0.500, 0.217, -0.467, 0.172
131.540, 0.200, -0.500, 0.225, -0.479, 0.172
131.560, 0.200, -0.500, 0.232, -0.492, 0.171
131.580, 0.200, -0.500, 0.239, -0.505, 0.169
131.600, 0.200, -0.500, 0.246, -0.519, 0.165
131.620, 0.200, -0.500, 0.253, -0.532, 0.161
131.640, 0.200, -0.500, 0.261, -0.544, 0.155
131.660, 0.200, -0.500, 0.266, -0.553, 0.154
131.680, 0.200, -0.500, 0.271, -0.557, 0.159
131.700, 0.200, -0.500, 0.275, -0.559, 0.163
131.720, 0.200, -0.500, 0.278, -0.560, 0.165
131.740, 0.200, -0.500, 0.280, -0.560, 0.166
131.760, 0.200, -0.500, 0.284, -0.558, 0.165
131.780, 0.200, -0.500, 0.288, -0.555, 0.163
131.800, 0.200, -0.500, 0.292, -0.551, 0.162
131.820, 0.200, -0.500, 0.295, -0.546, 0.162
131.840, 0.200, -0.500, 0.298, -0.540, 0.163
131.860, 0.200, -0.500, 0.302, -0.534, 0.166
131.880, 0.200, -0.500, 0.306, -0.528, 0.169
131.900, 0.200, -0.500, 0.311, -0.521, 0.174
131.920, 0.200, -0.500, 0.315, -0.515, 0.180
131.940, 0.200, -0.500, 0.318, -0.509, 0.184
131.960, 0.200, -0.500, 0.319, -0.502, 0.186
131.980, 0.200, -0.500, 0.318, -0.497, 0.184
132.000, 0.200, -0.500, 0.317, -0.494, 0.181
132.020, 0.200, -0.500, 0.316, -0.493, 0.177
132.040, 0.200, -0.500, 0.316, -0.494, 0.172
132.060, 0.200, -0.500, 0.316, -0.498, 0.167
132.080, 0.200, -0.500, 0.318, -0.503, 0.166
132.100, 0.200, -0.500, 0.320, -0.511, 0.167
132.120, 0.200, -0.500, 0.323, -0.519, 0.169
132.140, 0.200, -0.500, 0.325, -0.529, 0.170
132.160, 0.200, -0.500, 0.329, -0.538, 0.170
132.180, 0.200, -0.500, 0.331, -0.547, 0.170
132.200, 0.200, -0.500, 0.331, -0.555, 0.170
132.220, 0.200, -0.500, 0.330, -0.563, 0.171
132.240, 0.200, -0.500, 0.329, -0.571, 0.171
132.260, 0.200, -0.500, 0.328, -0.578, 0.172
132.280, 0.200, -0.500, 0.326, -0.584, 0.173
132.300, 0.200, -0.500, 0.325, -0.590, 0.174
132.320, 0.200, -0.500, 0.323, -0.594, 0.176
132.340, 0.200, -0.500, 0.320, -0.598, 0.177
132.360, 0.200, -0.500, 0.318, -0.600, 0.179
132.380, 0.200, -0.500, 0.315, -0.601, 0.180
132.400, 0.200, -0.500, 0.312, -0.602, 0.182
134.440, 0.200, -0.400, 0.000, 0.000, 0.250
134.460, 0.200, -0.400, 0.000, 0.001, 0.238
134.480, 0.200, -0.400, 0.001, 0.002, 0.227
134.500, 0.200, -0.400, 0.001, 0.002, 0.216
134.520, 0.200, -0.400, 0.002, 0.002, 0.208
134.540, 0.200, -0.400, 0.005, 0.001, 0.202
134.560, 0.200, -0.400, 0.007, 0.001, 0.198
134.580, 0.200, -0.400, 0.009, -0.000, 0.200
134.600, 0.200, -0.400, 0.011, -0.001, 0.203
134.620, 0.200, -0.400, 0.013, -0.002, 0.206
134.640, 0.200, -0.400, 0.013, -0.002, 0.210
134.660, 0.200, -0.400, 0.014, -0.002, 0.214
134.680, 0.200, -0.400, 0.014, -0.002, 0.216
134.700, 0.200, -0.400, 0.013, -0.001, 0.214
134.720, 0.200, -0.400, 0.011, 0.000, 0.208
134.740, 0.200, -0.400, 0.010, 0.001, 0.201
134.760, 0.200, -0.400, 0.009, 0.001, 0.194
134.780, 0.200, -0.400, 0.008, -0.000, 0.188
134.800, 0.200, -0.400, 0.009, -0.003, 0.184
134.820, 0.200, -0.400, 0.010, -0.007, 0.181
134.840, 0.200, -0.400, 0.012, -0.012, 0.180
134.860, 0.200, -0.400, 0.014, -0.018, 0.180
134.880, 0.200, -0.400, 0.017, -0.026, 0.180
134.900, 0.200, -0.400, 0.021, -0.035, 0.181
134.920, 0.200, -0.400, 0.025, -0.046, 0.181
134.940, 0.200, -0.400, 0.031, -0.057, 0.180
134.960, 0.200, -0.400, 0.037, -0.069, 0.179
134.980, 0.200, -0.400, 0.043, -0.082, 0.178
135.000, 0.200, -0.400, 0.049, -0.095, 0.175
135.020, 0.200, -0.400, 0.055, -0.108, 0.171
135.040, 0.200, -0.400, 0.061, -0.121, 0.167
135.060, 0.200, -0.400, 0.067, -0.132, 0.163
135.080, 0.200, -0.400, 0.071, -0.142, 0.159
135.100, 0.200, -0.400, 0.075, -0.150, 0.156
135.120, 0.200, -0.400, 0.079, -0.157, 0.154
135.140, 0.200, -0.400, 0.082, -0.162, 0.152
135.160, 0.200, -0.400, 0.084, -0.166, 0.153
135.180, 0.200, -0.400, 0.086, -0.167, 0.155
135.200, 0.200, -0.400, 0.087, -0.166, 0.159
135.220, 0.200, -0.400, 0.087, -0.164, 0.163
135.240, 0.200, -0.400, 0.087, -0.160, 0.167
135.260, 0.200, -0.400, 0.087, -0.155, 0.172
135.280, 0.200, -0.400, 0.086, -0.149, 0.177
135.300, 0.200, -0.400, 0.085, -0.143, 0.182
135.320, 0.200, -0.400, 0.084, -0.135, 0.189
135.340, 0.200, -0.400, 0.083, -0.127, 0.193
135.360, 0.200, -0.400, 0.081, -0.119, 0.194
135.380, 0.200, -0.400, 0.078, -0.112, 0.193
135.400, 0.200, -0.400, 0.076, -0.106, 0.191
135.420, 0.200, -0.400, 0.075, -0.102, 0.188
135.440, 0.200, -0.400, 0.074, -0.101, 0.184
135.460, 0.200, -0.400, 0.074, -0.102, 0.180
135.480, 0.200, -0.400, 0.074, -0.105, 0.177
135.500, 0.200, -0.400, 0.077, -0.111, 0.175
135.520, 0.200, -0.400, 0.081, -0.117, 0.176
135.540, 0.200, -0.400, 0.087, -0.125, 0.178
135.560, 0.200, -0.400, 0.094, -0.134, 0.181
135.580, 0.200, -0.400, 0.102, -0.144, 0.185
135.600, 0.200, -0.400, 0.111, -0.155, 0.188
135.620, 0.200, -0.400, 0.120, -0.166, 0.191
135.640, 0.200, -0.400, 0.130, -0.179, 0.193
135.660, 0.200, -0.400, 0.138, -0.192, 0.194
135.680, 0.200, -0.400, 0.145, -0.204, 0.194
135.700, 0.200, -0.400, 0.150, -0.217, 0.193
135.720, 0.200, -0.400, 0.155, -0.228, 0.192
135.740, 0.200, -0.400, 0.158, -0.238, 0.191
135.760, 0.200, -0.400, 0.161, -0.247, 0.189
135.780, 0.200, -0.400, 0.162, -0.253, 0.187
135.800, 0.200, -0.400, 0.163, -0.258, 0.184
135.820, 0.200, -0.400, 0.163, -0.261, 0.182
135.840, 0.200, -0.400, 0.163, -0.262, 0.182
135.860, 0.200, -0.400, 0.162, -0.262, 0.183
135.880, 0.200, -0.400, 0.160, -0.260, 0.185
135.900, 0.200, -0.400, 0.158, -0.258, 0.187
135.920, 0.200, -0.400, 0.155, -0.254, 0.191
135.940, 0.200, -0.400, 0.151, -0.249, 0.195
135.960, 0.200, -0.400, 0.148, -0.244, 0.201
135.980, 0.200, -0.400, 0.144, -0.237, 0.208
136.000, 0.200, -0.400, 0.141, -0.231, 0.211
136.020, 0.200, -0.400, 0.137, -0.224, 0.211
136.040, 0.200, -0.400, 0.134, -0.219, 0.206
136.060, 0.200, -0.400, 0.132, -0.216, 0.198
136.080, 0.200, -0.400, 0.131, -0.216, 0.189
136.100, 0.200, -0.400, 0.131, -0.218, 0.181
136.120, 0.200, -0.400, 0.134, -0.223, 0.175
136.140, 0.200, -0.400, 0.137, -0.228, 0.172
136.160, 0.200, -0.400, 0.143, -0.236, 0.172
136.180, 0.200, -0.400, 0.150, -0.244, 0.173
136.200, 0.200, -0.400, 0.157, -0.254, 0.174
136.220, 0.200, -0.400, 0.166, -0.264, 0.176
136.240, 0.200, -0.400, 0.176, -0.275, 0.177
136.260, 0.200, -0.400, 0.187, -0.288, 0.178
136.280, 0.200, -0.400, 0.198, -0.300, 0.177
136.300, 0.200, -0.400, 0.209, -0.313, 0.175
136.320, 0.200, -0.400, 0.221, -0.326, 0.172
136.340, 0.200, -0.400, 0.232, -0.339, 0.167
136.360, 0.200, -0.400, 0.245, -0.351, 0.162
136.380, 0.200, -0.400, 0.256, -0.360, 0.159
136.400, 0.200, -0.400, 0.265, -0.367, 0.158
136.420, 0.200, -0.400, 0.270, -0.372, 0.162
136.440, 0.200, -0.400, 0.274, -0.372, 0.167
136.460, 0.200, -0.400, 0.279, -0.370, 0.172
136.480, 0.200, -0.400, 0.283, -0.367, 0.175
136.500, 0.200, -0.400, 0.287, -0.362, 0.176
136.520, 0.200, -0.400, 0.291, -0.356, 0.177
136.540, 0.200, -0.400, 0.296, -0.348, 0.177
136.560, 0.200, -0.400, 0.300, -0.340, 0.177
136.580, 0.200, -0.400, 0.304, -0.331, 0.177
136.600, 0.200, -0.400, 0.308, -0.322, 0.179
136.620, 0.200, -0.400, 0.312, -0.313, 0.182
136.640, 0.200, -0.400, 0.315, -0.305, 0.188
136.660, 0.200, -0.400, 0.317, -0.297, 0.192
136.680, 0.200, -0.400, 0.316, -0.289, 0.192
136.700, 0.200, -0.400, 0.313, -0.282, 0.189
136.720, 0.200, -0.400, 0.311, -0.277, 0.185
136.740, 0.200, -0.400, 0.311, -0.275, 0.181
136.760, 0.200, -0.400, 0.311, -0.274, 0.175
136.780, 0.200, -0.400, 0.313, -0.276, 0.170
136.800, 0.200, -0.400, 0.315, -0.278, 0.167
136.820, 0.200, -0.400, 0.319, -0.283, 0.166
136.840, 0.200, -0.400, 0.324, -0.288, 0.166
136.860, 0.200, -0.400, 0.328, -0.295, 0.165
136.880, 0.200, -0.400, 0.335, -0.301, 0.164
136.900, 0.200, -0.400, 0.339, -0.307, 0.162
136.920, 0.200, -0.400, 0.341, -0.313, 0.162
136.940, 0.200, -0.400, 0.343, -0.318, 0.162
136.960, 0.200, -0.400, 0.344, -0.322, 0.162
136.980, 0.200, -0.400, 0.345, -0.325, 0.164
137.000, 0.200, -0.400, 0.346, -0.327, 0.166
137.020, 0.200, -0.400, 0.346, -0.328, 0.168
137.040, 0.200, -0.400, 0.346, -0.327, 0.171
137.060, 0.200, -0.400, 0.347, -0.326, 0.173
137.080, 0.200, -0.400, 0.347, -0.325, 0.175
137.100, 0.200, -0.400, 0.348, -0.323, 0.177
137.120, 0.200, -0.400, 0.348, -0.321, 0.178
137.140, 0.200, -0.400, 0.347, -0.318, 0.180
137.160, 0.200, -0.400, 0.347, -0.316, 0.181
137.180, 0.200, -0.400, 0.346, -0.315, 0.182
137.200, 0.200, -0.400, 0.344, -0.313, 0.183
137.220, 0.200, -0.400, 0.342, -0.312, 0.184
137.240, 0.200, -0.400, 0.341, -0.311, 0.186
137.260, 0.200, -0.400, 0.339, -0.310, 0.189
137.280, 0.200, -0.400, 0.338, -0.309, 0.192
137.300, 0.200, -0.400, 0.336, -0.309, 0.194
137.320, 0.200, -0.400, 0.331, -0.310, 0.192
137.340, 0.200, -0.400, 0.323, -0.312, 0.185
137.360, 0.200, -0.400, 0.313, -0.315, 0.174
137.380, 0.200, -0.400, 0.304, -0.319, 0.161
137.400, 0.200, -0.400, 0.295, -0.324, 0.153
137.420, 0.200, -0.400, 0.286, -0.331, 0.148
137.440, 0.200, -0.400, 0.279, -0.337, 0.145
137.460, 0.200, -0.400, 0.272, -0.344, 0.144
137.480, 0.200, -0.400, 0.267, -0.351, 0.144
137.500, 0.200, -0.400, 0.263, -0.357, 0.142
137.520, 0.200, -0.400, 0.260, -0.363, 0.140
137.540, 0.200, -0.400, 0.258, -0.369, 0.137
137.560, 0.200, -0.400, 0.256, -0.374, 0.133
137.580, 0.200, -0.400, 0.255, -0.378, 0.131
137.600, 0.200, -0.400, 0.253, -0.380, 0.134
137.620, 0.200, -0.400, 0.253, -0.380, 0.140
137.640, 0.200, -0.400, 0.256, -0.378, 0.146
137.660, 0.200, -0.400, 0.260, -0.377, 0.150
137.680, 0.200, -0.400, 0.264, -0.375, 0.153
137.700, 0.200, -0.400, 0.268, -0.373, 0.156
137.720, 0.200, -0.400, 0.269, -0.371, 0.158
137.740, 0.200, -0.400, 0.270, -0.369, 0.160
137.760, 0.200, -0.400, 0.270, -0.368, 0.161
137.780, 0.200, -0.400, 0.270, -0.366, 0.162
137.800, 0.200, -0.400, 0.270, -0.365, 0.164
137.820, 0.200, -0.400, 0.270, -0.363, 0.164
137.840, 0.200, -0.400, 0.270, -0.361, 0.165
137.860, 0.200, -0.400, 0.271, -0.359, 0.167
137.880, 0.200, -0.400, 0.273, -0.357, 0.168
137.900, 0.200, -0.400, 0.275, -0.355, 0.170
137.920, 0.200, -0.400, 0.277, -0.351, 0.174
137.940, 0.200, -0.400, 0.281, -0.348, 0.180
137.960, 0.200, -0.400, 0.284, -0.344, 0.185
137.980, 0.200, -0.400, 0.289, -0.340, 0.187
138.000, 0.200, -0.400, 0.294, -0.338, 0.186
138.020, 0.200, -0.400, 0.298, -0.337, 0.184
138.040, 0.200, -0.400, 0.303, -0.339, 0.182
138.060, 0.200, -0.400, 0.308, -0.343, 0.180
138.080, 0.200, -0.400, 0.314, -0.349, 0.179
138.100, 0.200, -0.400, 0.319, -0.355, 0.179
138.120, 0.200, -0.400, 0.325, -0.363, 0.180
138.140, 0.200, -0.400, 0.332, -0.372, 0.182
138.160, 0.200, -0.400, 0.339, -0.381, 0.184
138.180, 0.200, -0.400, 0.346, -0.391, 0.186
138.200, 0.200, -0.400, 0.353, -0.402, 0.188
138.220, 0.200, -0.400, 0.359, -0.413, 0.189
138.240, 0.200, -0.400, 0.365, -0.424, 0.190
138.260, 0.200, -0.400, 0.370, -0.435, 0.189
138.280, 0.200, -0.400, 0.375, -0.445, 0.188
138.300, 0.200, -0.400, 0.378, -0.455, 0.185
138.320, 0.200, -0.400, 0.380, -0.463, 0.183
138.340, 0.200, -0.400, 0.382, -0.469, 0.182
138.360, 0.200, -0.400, 0.382, -0.474, 0.181
138.380, 0.200, -0.400, 0.383, -0.477, 0.180
138.400, 0.200, -0.400, 0.382, -0.478, 0.180
138.420, 0.200, -0.400, 0.382, -0.479, 0.181
140.460, 0.200, -0.300, 0.000, 0.000, 0.250
140.480, 0.200, -0.300, 0.000, 0.000, 0.238
140.500, 0.200, -0.300, 0.001, 0.001, 0.225
140.520, 0.200, -0.300, 0.001, 0.000, 0.213
140.540, 0.200, -0.300, 0.002, -0.001, 0.203
140.560, 0.200, -0.300, 0.004, -0.002, 0.196
140.580, 0.200, -0.300, 0.006, -0.003, 0.193
140.600, 0.200, -0.300, 0.008, -0.005, 0.194
140.620, 0.200, -0.300, 0.009, -0.006, 0.197
140.640, 0.200, -0.300, 0.011, -0.008, 0.201
140.660, 0.200, -0.300, 0.012, -0.009, 0.204
140.680, 0.200, -0.300, 0.013, -0.011, 0.208
140.700, 0.200, -0.300, 0.014, -0.012, 0.210
140.720, 0.200, -0.300, 0.013, -0.012, 0.209
140.740, 0.200, -0.300, 0.013, -0.013, 0.203
140.760, 0.200, -0.300, 0.011, -0.015, 0.195
140.780, 0.200, -0.300, 0.010, -0.017, 0.187
140.800, 0.200, -0.300, 0.009, -0.021, 0.181
140.820, 0.200, -0.300, 0.009, -0.026, 0.177
140.840, 0.200, -0.300, 0.010, -0.031, 0.175
140.860, 0.200, -0.300, 0.012, -0.037, 0.174
140.880, 0.200, -0.300, 0.015, -0.043, 0.174
140.900, 0.200, -0.300, 0.018, -0.050, 0.173
140.920, 0.200, -0.300, 0.023, -0.057, 0.172
140.940, 0.200, -0.300, 0.027, -0.065, 0.171
140.960, 0.200, -0.300, 0.033, -0.074, 0.170
140.980, 0.200, -0.300, 0.039, -0.082, 0.168
141.000, 0.200, -0.300, 0.045, -0.091, 0.167
141.020, 0.200, -0.300, 0.052, -0.100, 0.165
141.040, 0.200, -0.300, 0.058, -0.108, 0.162
141.060, 0.200, -0.300, 0.064, -0.116, 0.160
141.080, 0.200, -0.300, 0.069, -0.123, 0.159
141.100, 0.200, -0.300, 0.073, -0.128, 0.157
141.120, 0.200, -0.300, 0.078, -0.132, 0.156
141.140, 0.200, -0.300, 0.082, -0.135, 0.156
141.160, 0.200, -0.300, 0.085, -0.137, 0.158
141.180, 0.200, -0.300, 0.088, -0.137, 0.161
141.200, 0.200, -0.300, 0.090, -0.136, 0.164
141.220, 0.200, -0.300, 0.091, -0.134, 0.168
141.240, 0.200, -0.300, 0.091, -0.131, 0.172
141.260, 0.200, -0.300, 0.091, -0.127, 0.176
141.280, 0.200, -0.300, 0.091, -0.122, 0.179
141.300, 0.200, -0.300, 0.090, -0.117, 0.183
141.320, 0.200, -0.300, 0.090, -0.112, 0.187
141.340, 0.200, -0.300, 0.089, -0.106, 0.192
141.360, 0.200, -0.300, 0.087, -0.100, 0.195
141.380, 0.200, -0.300, 0.084, -0.094, 0.196
141.400, 0.200, -0.300, 0.081, -0.088, 0.193
141.420, 0.200, -0.300, 0.080, -0.084, 0.189
141.440, 0.200, -0.300, 0.078, -0.082, 0.184
141.460, 0.200, -0.300, 0.078, -0.083, 0.179
141.480, 0.200, -0.300, 0.079, -0.085, 0.176
141.500, 0.200, -0.300, 0.081, -0.089, 0.174
141.520, 0.200, -0.300, 0.086, -0.094, 0.173
141.540, 0.200, -0.300, 0.091, -0.100, 0.175
141.560, 0.200, -0.300, 0.098, -0.107, 0.178
141.580, 0.200, -0.300, 0.106, -0.114, 0.181
141.600, 0.200, -0.300, 0.115, -0.123, 0.184
141.620, 0.200, -0.300, 0.124, -0.132, 0.187
141.640, 0.200, -0.300, 0.134, -0.142, 0.189
141.660, 0.200, -0.300, 0.142, -0.152, 0.191
141.680, 0.200, -0.300, 0.150, -0.162, 0.192
141.700, 0.200, -0.300, 0.157, -0.172, 0.192
141.720, 0.200, -0.300, 0.163, -0.182, 0.191
141.740, 0.200, -0.300, 0.169, -0.190, 0.190
141.760, 0.200, -0.300, 0.173, -0.198, 0.189
141.780, 0.200, -0.300, 0.177, -0.204, 0.188
141.800, 0.200, -0.300, 0.180, -0.208, 0.187
141.820, 0.200, -0.300, 0.182, -0.211, 0.185
141.840, 0.200, -0.300, 0.183, -0.213, 0.184
141.860, 0.200, -0.300, 0.183, -0.213, 0.183
141.880, 0.200, -0.300, 0.183, -0.212, 0.183
141.900, 0.200, -0.300, 0.181, -0.210, 0.184
141.920, 0.200, -0.300, 0.179, -0.207, 0.187
141.940, 0.200, -0.300, 0.176, -0.204, 0.191
141.960, 0.200, -0.300, 0.172, -0.200, 0.196
141.980, 0.200, -0.300, 0.169, -0.195, 0.201
142.000, 0.200, -0.300, 0.164, -0.191, 0.207
142.020, 0.200, -0.300, 0.160, -0.186, 0.210
142.040, 0.200, -0.300, 0.155, -0.182, 0.208
142.060, 0.200, -0.300, 0.150, -0.179, 0.202
142.080, 0.200, -0.300, 0.146, -0.177, 0.193
142.100, 0.200, -0.300, 0.143, -0.178, 0.185
142.120, 0.200, -0.300, 0.142, -0.181, 0.177
142.140, 0.200, -0.300, 0.144, -0.185, 0.172
142.160, 0.200, -0.300, 0.148, -0.190, 0.169
142.180, 0.200, -0.300, 0.153, -0.196, 0.169
142.200, 0.200, -0.300, 0.160, -0.202, 0.170
142.220, 0.200, -0.300, 0.167, -0.210, 0.172
142.240, 0.200, -0.300, 0.175, -0.217, 0.173
142.260, 0.200, -0.300, 0.184, -0.225, 0.174
142.280, 0.200, -0.300, 0.194, -0.234, 0.174
142.300, 0.200, -0.300, 0.204, -0.243, 0.174
142.320, 0.200, -0.300, 0.215, -0.252, 0.174
142.340, 0.200, -0.300, 0.226, -0.260, 0.174
142.360, 0.200, -0.300, 0.236, -0.268, 0.173
142.380, 0.200, -0.300, 0.245, -0.275, 0.172
142.400, 0.200, -0.300, 0.255, -0.281, 0.172
142.420, 0.200, -0.300, 0.264, -0.286, 0.172
142.440, 0.200, -0.300, 0.272, -0.288, 0.172
142.460, 0.200, -0.300, 0.279, -0.290, 0.173
142.480, 0.200, -0.300, 0.285, -0.289, 0.174
142.500, 0.200, -0.300, 0.291, -0.287, 0.176
142.520, 0.200, -0.300, 0.296, -0.284, 0.178
142.540, 0.200, -0.300, 0.301, -0.280, 0.179
142.560, 0.200, -0.300, 0.305, -0.275, 0.181
142.580, 0.200, -0.300, 0.309, -0.269, 0.183
142.600, 0.200, -0.300, 0.312, -0.262, 0.185
142.620, 0.200, -0.300, 0.314, -0.255, 0.188
142.640, 0.200, -0.300, 0.316, -0.248, 0.192
142.660, 0.200, -0.300, 0.317, -0.240, 0.196
142.680, 0.200, -0.300, 0.316, -0.233, 0.197
142.700, 0.200, -0.300, 0.311, -0.225, 0.196
142.720, 0.200, -0.300, 0.306, -0.217, 0.193
142.740, 0.200, -0.300, 0.300, -0.211, 0.189
142.760, 0.200, -0.300, 0.296, -0.206, 0.185
142.780, 0.200, -0.300, 0.294, -0.203, 0.184
142.800, 0.200, -0.300, 0.293, -0.201, 0.184
142.820, 0.200, -0.300, 0.294, -0.201, 0.185
142.840, 0.200, -0.300, 0.296, -0.203, 0.185
142.860, 0.200, -0.300, 0.298, -0.205, 0.185
142.880, 0.200, -0.300, 0.301, -0.208, 0.185
142.900, 0.200, -0.300, 0.304, -0.211, 0.185
142.920, 0.200, -0.300, 0.307, -0.216, 0.185
142.940, 0.200, -0.300, 0.308, -0.221, 0.185
142.960, 0.200, -0.300, 0.309, -0.226, 0.186
142.980, 0.200, -0.300, 0.310, -0.232, 0.187
143.000, 0.200, -0.300, 0.311, -0.237, 0.189
143.020, 0.200, -0.300, 0.312, -0.243, 0.191
143.040, 0.200, -0.300, 0.312, -0.248, 0.193
143.060, 0.200, -0.300, 0.312, -0.253, 0.195
143.080, 0.200, -0.300, 0.312, -0.258, 0.197
143.100, 0.200, -0.300, 0.312, -0.261, 0.199
143.120, 0.200, -0.300, 0.311, -0.264, 0.200
143.140, 0.200, -0.300, 0.310, -0.267, 0.201
143.160, 0.200, -0.300, 0.309, -0.269, 0.202
143.180, 0.200, -0.300, 0.308, -0.270, 0.203
143.200, 0.200, -0.300, 0.306, -0.271, 0.204
143.220, 0.200, -0.300, 0.304, -0.271, 0.204
143.240, 0.200, -0.300, 0.301, -0.271, 0.205
143.260, 0.200, -0.300, 0.299, -0.270, 0.206
143.280, 0.200, -0.300, 0.296, -0.269, 0.208
143.300, 0.200, -0.300, 0.292, -0.269, 0.213
143.320, 0.200, -0.300, 0.288, -0.268, 0.217
143.340, 0.200, -0.300, 0.282, -0.267, 0.215
143.360, 0.200, -0.300, 0.277, -0.267, 0.207
143.380, 0.200, -0.300, 0.271, -0.267, 0.194
143.400, 0.200, -0.300, 0.267, -0.268, 0.182
143.420, 0.200, -0.300, 0.266, -0.271, 0.174
143.440, 0.200, -0.300, 0.266, -0.274, 0.169
143.460, 0.200, -0.300, 0.268, -0.278, 0.167
143.480, 0.200, -0.300, 0.270, -0.283, 0.168
143.500, 0.200, -0.300, 0.272, -0.287, 0.169
143.520, 0.200, -0.300, 0.275, -0.293, 0.171
143.540, 0.200, -0.300, 0.279, -0.298, 0.172
143.560, 0.200, -0.300, 0.284, -0.304, 0.172
143.580, 0.200, -0.300, 0.290, -0.310, 0.171
143.600, 0.200, -0.300, 0.297, -0.316, 0.171
143.620, 0.200, -0.300, 0.305, -0.323, 0.169
143.640, 0.200, -0.300, 0.314, -0.329, 0.168
143.660, 0.200, -0.300, 0.324, -0.336, 0.166
143.680, 0.200, -0.300, 0.334, -0.342, 0.164
143.700, 0.200, -0.300, 0.346, -0.348, 0.163
143.720, 0.200, -0.300, 0.356, -0.352, 0.162
143.740, 0.200, -0.300, 0.366, -0.355, 0.162
143.760, 0.200, -0.300, 0.374, -0.356, 0.163
143.780, 0.200, -0.300, 0.380, -0.356, 0.164
143.800, 0.200, -0.300, 0.386, -0.355, 0.165
143.820, 0.200, -0.300, 0.391, -0.352, 0.167
143.840, 0.200, -0.300, 0.395, -0.348, 0.170
143.860, 0.200, -0.300, 0.398, -0.343, 0.173
143.880, 0.200, -0.300, 0.401, -0.338, 0.176
143.900, 0.200, -0.300, 0.404, -0.332, 0.179
143.920, 0.200, -0.300, 0.406, -0.326, 0.182
143.940, 0.200, -0.300, 0.408, -0.320, 0.185
143.960, 0.200, -0.300, 0.410, -0.314, 0.189
143.980, 0.200, -0.300, 0.410, -0.308, 0.192
144.000, 0.200, -0.300, 0.408, -0.303, 0.192
144.020, 0.200, -0.300, 0.403, -0.298, 0.188
144.040, 0.200, -0.300, 0.398, -0.293, 0.183
144.060, 0.200, -0.300, 0.393, -0.290, 0.179
144.080, 0.200, -0.300, 0.392, -0.289, 0.177
144.100, 0.200, -0.300, 0.392, -0.289, 0.177
144.120, 0.200, -0.300, 0.395, -0.290, 0.178
144.140, 0.200, -0.300, 0.399, -0.292, 0.179
144.160, 0.200, -0.300, 0.405, -0.296, 0.180
144.180, 0.200, -0.300, 0.412, -0.300, 0.180
144.200, 0.200, -0.300, 0.420, -0.306, 0.181
144.220, 0.200, -0.300, 0.427, -0.312, 0.180
144.240, 0.200, -0.300, 0.435, -0.319, 0.180
144.260, 0.200, -0.300, 0.442, -0.326, 0.179
144.280, 0.200, -0.300, 0.448, -0.333, 0.178
144.300, 0.200, -0.300, 0.455, -0.339, 0.177
144.320, 0.200, -0.300, 0.461, -0.345, 0.176
144.340, 0.200, -0.300, 0.466, -0.351, 0.175
144.360, 0.200, -0.300, 0.471, -0.355, 0.174
144.380, 0.200, -0.300, 0.475, -0.359, 0.174
144.400, 0.200, -0.300, 0.478, -0.361, 0.173
144.420, 0.200, -0.300, 0.480, -0.362, 0.173
144.440, 0.200, -0.300, 0.482, -0.363, 0.173
146.480, 0.200, -0.200, 0.000, 0.000, 0.250
146.500, 0.200, -0.200, 0.000, 0.000, 0.238
146.520, 0.200, -0.200, 0.001, 0.001, 0.225
146.540, 0.200, -0.200, 0.001, 0.000, 0.212
146.560, 0.200, -0.200, 0.002, -0.000, 0.202
146.580, 0.200, -0.200, 0.003, -0.001, 0.195
146.600, 0.200, -0.200, 0.006, -0.001, 0.192
146.620, 0.200, -0.200, 0.008, -0.002, 0.192
146.640, 0.200, -0.200, 0.010, -0.003, 0.195
146.660, 0.200, -0.200, 0.012, -0.004, 0.198
146.680, 0.200, -0.200, 0.014, -0.004, 0.202
146.700, 0.200, -0.200, 0.015, -0.005, 0.206
146.720, 0.200, -0.200, 0.016, -0.006, 0.209
146.740, 0.200, -0.200, 0.016, -0.006, 0.208
146.760, 0.200, -0.200, 0.015, -0.007, 0.202
146.780, 0.200, -0.200, 0.014, -0.008, 0.194
146.800, 0.200, -0.200, 0.012, -0.011, 0.186
146.820, 0.200, -0.200, 0.012, -0.014, 0.181
146.840, 0.200, -0.200, 0.012, -0.018, 0.177
146.860, 0.200, -0.200, 0.014, -0.022, 0.175
146.880, 0.200, -0.200, 0.016, -0.026, 0.174
146.900, 0.200, -0.200, 0.019, -0.030, 0.174
146.920, 0.200, -0.200, 0.023, -0.035, 0.175
146.940, 0.200, -0.200, 0.027, -0.039, 0.175
146.960, 0.200, -0.200, 0.031, -0.043, 0.175
146.980, 0.200, -0.200, 0.035, -0.048, 0.175
147.000, 0.200, -0.200, 0.039, -0.052, 0.174
147.020, 0.200, -0.200, 0.044, -0.056, 0.174
147.040, 0.200, -0.200, 0.048, -0.060, 0.173
147.060, 0.200, -0.200, 0.051, -0.063, 0.172
147.080, 0.200, -0.200, 0.055, -0.066, 0.172
147.100, 0.200, -0.200, 0.058, -0.068, 0.172
147.120, 0.200, -0.200, 0.061, -0.070, 0.173
147.140, 0.200, -0.200, 0.064, -0.071, 0.175
147.160, 0.200, -0.200, 0.065, -0.071, 0.178
147.180, 0.200, -0.200, 0.066, -0.070, 0.180
147.200, 0.200, -0.200, 0.066, -0.069, 0.183
147.220, 0.200, -0.200, 0.066, -0.067, 0.185
147.240, 0.200, -0.200, 0.064, -0.065, 0.187
147.260, 0.200, -0.200, 0.062, -0.062, 0.189
147.280, 0.200, -0.200, 0.060, -0.059, 0.191
147.300, 0.200, -0.200, 0.056, -0.055, 0.194
147.320, 0.200, -0.200, 0.053, -0.052, 0.196
147.340, 0.200, -0.200, 0.049, -0.048, 0.199
147.360, 0.200, -0.200, 0.045, -0.045, 0.204
147.380, 0.200, -0.200, 0.040, -0.040, 0.207
147.400, 0.200, -0.200, 0.035, -0.036, 0.206
147.420, 0.200, -0.200, 0.030, -0.033, 0.202
147.440, 0.200, -0.200, 0.027, -0.031, 0.196
147.460, 0.200, -0.200, 0.024, -0.030, 0.190
147.480, 0.200, -0.200, 0.022, -0.029, 0.187
147.500, 0.200, -0.200, 0.020, -0.030, 0.185
147.520, 0.200, -0.200, 0.020, -0.031, 0.185
147.540, 0.200, -0.200, 0.020, -0.032, 0.186
147.560, 0.200, -0.200, 0.021, -0.034, 0.188
147.580, 0.200, -0.200, 0.023, -0.036, 0.190
147.600, 0.200, -0.200, 0.025, -0.039, 0.192
147.620, 0.200, -0.200, 0.027, -0.042, 0.194
147.640, 0.200, -0.200, 0.030, -0.046, 0.196
147.660, 0.200, -0.200, 0.034, -0.050, 0.197
147.680, 0.200, -0.200, 0.037, -0.055, 0.197
147.700, 0.200, -0.200, 0.041, -0.060, 0.198
147.720, 0.200, -0.200, 0.045, -0.065, 0.198
147.740, 0.200, -0.200, 0.049, -0.070, 0.198
147.760, 0.200, -0.200, 0.053, -0.075, 0.198
147.780, 0.200, -0.200, 0.058, -0.080, 0.198
147.800, 0.200, -0.200, 0.062, -0.086, 0.199
147.820, 0.200, -0.200, 0.066, -0.091, 0.199
147.840, 0.200, -0.200, 0.071, -0.095, 0.199
147.860, 0.200, -0.200, 0.075, -0.099, 0.199
147.880, 0.200, -0.200, 0.078, -0.103, 0.201
147.900, 0.200, -0.200, 0.081, -0.106, 0.202
147.920, 0.200, -0.200, 0.083, -0.109, 0.203
147.940, 0.200, -0.200, 0.085, -0.111, 0.204
147.960, 0.200, -0.200, 0.086, -0.113, 0.205
147.980, 0.200, -0.200, 0.086, -0.113, 0.207
148.000, 0.200, -0.200, 0.086, -0.114, 0.210
148.020, 0.200, -0.200, 0.085, -0.114, 0.214
148.040, 0.200, -0.200, 0.083, -0.112, 0.215
148.060, 0.200, -0.200, 0.081, -0.111, 0.212
148.080, 0.200, -0.200, 0.078, -0.109, 0.205
148.100, 0.200, -0.200, 0.075, -0.108, 0.197
148.120, 0.200, -0.200, 0.073, -0.108, 0.190
148.140, 0.200, -0.200, 0.071, -0.109, 0.185
148.160, 0.200, -0.200, 0.070, -0.109, 0.182
148.180, 0.200, -0.200, 0.070, -0.111, 0.181
148.200, 0.200, -0.200, 0.070, -0.112, 0.182
148.220, 0.200, -0.200, 0.072, -0.114, 0.182
148.240, 0.200, -0.200, 0.074, -0.116, 0.182
148.260, 0.200, -0.200, 0.076, -0.119, 0.182
148.280, 0.200, -0.200, 0.078, -0.123, 0.182
148.300, 0.200, -0.200, 0.081, -0.127, 0.181
148.320, 0.200, -0.200, 0.085, -0.133, 0.181
148.340, 0.200, -0.200, 0.089, -0.139, 0.180
148.360, 0.200, -0.200, 0.094, -0.145, 0.180
148.380, 0.200, -0.200, 0.100, -0.152, 0.180
148.400, 0.200, -0.200, 0.106, -0.160, 0.179
148.420, 0.200, -0.200, 0.112, -0.167, 0.179
148.440, 0.200, -0.200, 0.119, -0.175, 0.179
148.460, 0.200, -0.200, 0.126, -0.183, 0.178
148.480, 0.200, -0.200, 0.133, -0.190, 0.177
148.500, 0.200, -0.200, 0.138, -0.196, 0.178
148.520, 0.200, -0.200, 0.143, -0.202, 0.179
148.540, 0.200, -0.200, 0.146, -0.206, 0.180
148.560, 0.200, -0.200, 0.148, -0.208, 0.181
148.580, 0.200, -0.200, 0.149, -0.210, 0.183
148.600, 0.200, -0.200, 0.149, -0.209, 0.184
148.620, 0.200, -0.200, 0.149, -0.208, 0.187
148.640, 0.200, -0.200, 0.147, -0.205, 0.190
148.660, 0.200, -0.200, 0.146, -0.201, 0.194
148.680, 0.200, -0.200, 0.143, -0.196, 0.198
148.700, 0.200, -0.200, 0.139, -0.190, 0.201
148.720, 0.200, -0.200, 0.134, -0.183, 0.200
148.740, 0.200, -0.200, 0.129, -0.177, 0.195
148.760, 0.200, -0.200, 0.125, -0.172, 0.190
148.780, 0.200, -0.200, 0.122, -0.169, 0.184
148.800, 0.200, -0.200, 0.120, -0.168, 0.179
148.820, 0.200, -0.200, 0.118, -0.168, 0.177
148.840, 0.200, -0.200, 0.118, -0.169, 0.176
148.860, 0.200, -0.200, 0.120, -0.171, 0.178
148.880, 0.200, -0.200, 0.122, -0.174, 0.180
148.900, 0.200, -0.200, 0.126, -0.177, 0.183
148.920, 0.200, -0.200, 0.130, -0.181, 0.185
148.940, 0.200, -0.200, 0.135, -0.186, 0.188
148.960, 0.200, -0.200, 0.140, -0.190, 0.189
148.980, 0.200, -0.200, 0.145, -0.196, 0.190
149.000, 0.200, -0.200, 0.151, -0.201, 0.191
149.020, 0.200, -0.200, 0.157, -0.207, 0.192
149.040, 0.200, -0.200, 0.163, -0.214, 0.191
149.060, 0.200, -0.200, 0.169, -0.220, 0.191
149.080, 0.200, -0.200, 0.175, -0.226, 0.191
149.100, 0.200, -0.200, 0.181, -0.232, 0.191
149.120, 0.200, -0.200, 0.187, -0.238, 0.192
149.140, 0.200, -0.200, 0.192, -0.243, 0.193
149.160, 0.200, -0.200, 0.196, -0.248, 0.194
149.180, 0.200, -0.200, 0.199, -0.252, 0.195
149.200, 0.200, -0.200, 0.202, -0.256, 0.196
149.220, 0.200, -0.200, 0.204, -0.259, 0.196
149.240, 0.200, -0.200, 0.205, -0.260, 0.197
149.260, 0.200, -0.200, 0.206, -0.261, 0.198
149.280, 0.200, -0.200, 0.206, -0.261, 0.199
149.300, 0.200, -0.200, 0.205, -0.261, 0.202
149.320, 0.200, -0.200, 0.204, -0.260, 0.206
149.340, 0.200, -0.200, 0.202, -0.258, 0.210
149.360, 0.200, -0.200, 0.199, -0.255, 0.210
149.380, 0.200, -0.200, 0.195, -0.253, 0.206
149.400, 0.200, -0.200, 0.191, -0.251, 0.199
149.420, 0.200, -0.200, 0.188, -0.251, 0.192
149.440, 0.200, -0.200, 0.185, -0.252, 0.186
149.460, 0.200, -0.200, 0.183, -0.253, 0.182
149.480, 0.200, -0.200, 0.183, -0.255, 0.180
149.500, 0.200, -0.200, 0.184, -0.257, 0.179
149.520, 0.200, -0.200, 0.185, -0.259, 0.180
149.540, 0.200, -0.200, 0.187, -0.261, 0.180
149.560, 0.200, -0.200, 0.189, -0.264, 0.181
149.580, 0.200, -0.200, 0.192, -0.266, 0.182
149.600, 0.200, -0.200, 0.195, -0.269, 0.182
149.620, 0.200, -0.200, 0.197, -0.271, 0.183
149.640, 0.200, -0.200, 0.200, -0.273, 0.183
149.660, 0.200, -0.200, 0.203, -0.276, 0.184
149.680, 0.200, -0.200, 0.206, -0.278, 0.184
149.700, 0.200, -0.200, 0.208, -0.279, 0.185
149.720, 0.200, -0.200, 0.211, -0.281, 0.187
149.740, 0.200, -0.200, 0.213, -0.282, 0.188
149.760, 0.200, -0.200, 0.215, -0.283, 0.189
149.780, 0.200, -0.200, 0.217, -0.284, 0.191
149.800, 0.200, -0.200, 0.219, -0.284, 0.192
149.820, 0.200, -0.200, 0.221, -0.284, 0.193
149.840, 0.200, -0.200, 0.222, -0.284, 0.194
149.860, 0.200, -0.200, 0.223, -0.283, 0.195
149.880, 0.200, -0.200, 0.224, -0.282, 0.196
149.900, 0.200, -0.200, 0.224, -0.281, 0.198
149.920, 0.200, -0.200, 0.223, -0.279, 0.200
149.940, 0.200, -0.200, 0.222, -0.278, 0.202
149.960, 0.200, -0.200, 0.221, -0.276, 0.205
149.980, 0.200, -0.200, 0.219, -0.274, 0.209
150.000, 0.200, -0.200, 0.216, -0.272, 0.212
150.020, 0.200, -0.200, 0.212, -0.270, 0.211
150.040, 0.200, -0.200, 0.208, -0.267, 0.206
150.060, 0.200, -0.200, 0.205, -0.265, 0.200
150.080, 0.200, -0.200, 0.202, -0.264, 0.195
150.100, 0.200, -0.200, 0.199, -0.263, 0.191
150.120, 0.200, -0.200, 0.197, -0.262, 0.189
150.140, 0.200, -0.200, 0.195, -0.262, 0.188
150.160, 0.200, -0.200, 0.194, -0.262, 0.189
150.180, 0.200, -0.200, 0.193, -0.262, 0.191
150.200, 0.200, -0.200, 0.193, -0.263, 0.193
150.220, 0.200, -0.200, 0.193, -0.265, 0.194
150.240, 0.200, -0.200, 0.193, -0.266, 0.195
150.260, 0.200, -0.200, 0.194, -0.268, 0.196
150.280, 0.200, -0.200, 0.194, -0.270, 0.196
150.300, 0.200, -0.200, 0.194, -0.272, 0.196
150.320, 0.200, -0.200, 0.195, -0.275, 0.196
150.340, 0.200, -0.200, 0.195, -0.277, 0.196
150.360, 0.200, -0.200, 0.195, -0.279, 0.196
150.380, 0.200, -0.200, 0.195, -0.280, 0.196
150.400, 0.200, -0.200, 0.195, -0.282, 0.196
150.420, 0.200, -0.200, 0.195, -0.284, 0.197
150.440, 0.200, -0.200, 0.196, -0.285, 0.197
150.460, 0.200, -0.200, 0.196, -0.286, 0.198
152.500, 0.200, -0.100, 0.000, 0.000, 0.250
152.520, 0.200, -0.100, 0.000, 0.000, 0.238
152.540, 0.200, -0.100, 0.000, 0.001, 0.225
152.560, 0.200, -0.100, 0.001, 0.000, 0.211
152.580, 0.200, -0.100, 0.001, 0.000, 0.202
152.600, 0.200, -0.100, 0.003, 0.000, 0.194
152.620, 0.200, -0.100, 0.005, 0.001, 0.190
152.640, 0.200, -0.100, 0.008, 0.001, 0.190
152.660, 0.200, -0.100, 0.010, 0.001, 0.192
152.680, 0.200, -0.100, 0.013, 0.001, 0.196
152.700, 0.200, -0.100, 0.015, 0.001, 0.200
152.720, 0.200, -0.100, 0.016, 0.001, 0.205
152.740, 0.200, -0.100, 0.017, 0.000, 0.208
152.760, 0.200, -0.100, 0.017, 0.000, 0.207
152.780, 0.200, -0.100, 0.016, -0.001, 0.201
152.800, 0.200, -0.100, 0.014, -0.002, 0.193
152.820, 0.200, -0.100, 0.013, -0.004, 0.186
152.840, 0.200, -0.100, 0.013, -0.006, 0.180
152.860, 0.200, -0.100, 0.013, -0.009, 0.176
152.880, 0.200, -0.100, 0.015, -0.012, 0.174
152.900, 0.200, -0.100, 0.018, -0.015, 0.174
152.920, 0.200, -0.100, 0.021, -0.018, 0.174
152.940, 0.200, -0.100, 0.025, -0.021, 0.175
152.960, 0.200, -0.100, 0.029, -0.024, 0.175
152.980, 0.200, -0.100, 0.033, -0.027, 0.176
153.000, 0.200, -0.100, 0.037, -0.029, 0.176
153.020, 0.200, -0.100, 0.041, -0.032, 0.176
153.040, 0.200, -0.100, 0.045, -0.033, 0.176
153.060, 0.200, -0.100, 0.048, -0.035, 0.177
153.080, 0.200, -0.100, 0.052, -0.036, 0.177
153.100, 0.200, -0.100, 0.055, -0.037, 0.178
153.120, 0.200, -0.100, 0.057, -0.038, 0.179
153.140, 0.200, -0.100, 0.060, -0.038, 0.180
153.160, 0.200, -0.100, 0.062, -0.037, 0.181
153.180, 0.200, -0.100, 0.064, -0.037, 0.182
153.200, 0.200, -0.100, 0.065, -0.036, 0.184
153.220, 0.200, -0.100, 0.066, -0.035, 0.186
153.240, 0.200, -0.100, 0.066, -0.033, 0.188
153.260, 0.200, -0.100, 0.065, -0.032, 0.190
153.280, 0.200, -0.100, 0.063, -0.030, 0.192
153.300, 0.200, -0.100, 0.061, -0.028, 0.194
153.320, 0.200, -0.100, 0.059, -0.027, 0.196
153.340, 0.200, -0.100, 0.055, -0.025, 0.198
153.360, 0.200, -0.100, 0.051, -0.023, 0.201
153.380, 0.200, -0.100, 0.047, -0.021, 0.205
153.400, 0.200, -0.100, 0.042, -0.019, 0.209
153.420, 0.200, -0.100, 0.036, -0.017, 0.207
153.440, 0.200, -0.100, 0.032, -0.015, 0.203
153.460, 0.200, -0.100, 0.028, -0.013, 0.197
153.480, 0.200, -0.100, 0.025, -0.012, 0.191
153.500, 0.200, -0.100, 0.023, -0.011, 0.187
153.520, 0.200, -0.100, 0.021, -0.011, 0.185
153.540, 0.200, -0.100, 0.021, -0.011, 0.185
153.560, 0.200, -0.100, 0.021, -0.011, 0.186
153.580, 0.200, -0.100, 0.022, -0.011, 0.188
153.600, 0.200, -0.100, 0.025, -0.012, 0.190
153.620, 0.200, -0.100, 0.027, -0.012, 0.192
153.640, 0.200, -0.100, 0.030, -0.013, 0.193
153.660, 0.200, -0.100, 0.033, -0.014, 0.194
153.680, 0.200, -0.100, 0.036, -0.015, 0.195
153.700, 0.200, -0.100, 0.040, -0.017, 0.195
153.720, 0.200, -0.100, 0.044, -0.019, 0.195
153.740, 0.200, -0.100, 0.048, -0.020, 0.195
153.760, 0.200, -0.100, 0.052, -0.022, 0.195
153.780, 0.200, -0.100, 0.056, -0.025, 0.195
153.800, 0.200, -0.100, 0.059, -0.027, 0.195
153.820, 0.200, -0.100, 0.063, -0.029, 0.196
153.840, 0.200, -0.100, 0.067, -0.031, 0.196
153.860, 0.200, -0.100, 0.071, -0.033, 0.196
153.880, 0.200, -0.100, 0.075, -0.035, 0.196
153.900, 0.200, -0.100, 0.079, -0.038, 0.197
153.920, 0.200, -0.100, 0.082, -0.040, 0.199
153.940, 0.200, -0.100, 0.085, -0.041, 0.200
153.960, 0.200, -0.100, 0.087, -0.043, 0.202
153.980, 0.200, -0.100, 0.087, -0.044, 0.203
154.000, 0.200, -0.100, 0.088, -0.046, 0.205
154.020, 0.200, -0.100, 0.087, -0.047, 0.209
154.040, 0.200, -0.100, 0.086, -0.047, 0.213
154.060, 0.200, -0.100, 0.085, -0.048, 0.215
154.080, 0.200, -0.100, 0.083, -0.048, 0.211
154.100, 0.200, -0.100, 0.080, -0.048, 0.204
154.120, 0.200, -0.100, 0.077, -0.049, 0.196
154.140, 0.200, -0.100, 0.075, -0.050, 0.189
154.160, 0.200, -0.100, 0.074, -0.051, 0.184
154.180, 0.200, -0.100, 0.074, -0.053, 0.181
154.200, 0.200, -0.100, 0.075, -0.056, 0.180
154.220, 0.200, -0.100, 0.077, -0.058, 0.180
154.240, 0.200, -0.100, 0.079, -0.060, 0.181
154.260, 0.200, -0.100, 0.082, -0.063, 0.181
154.280, 0.200, -0.100, 0.085, -0.066, 0.181
154.300, 0.200, -0.100, 0.088, -0.069, 0.181
154.320, 0.200, -0.100, 0.092, -0.072, 0.181
154.340, 0.200, -0.100, 0.096, -0.076, 0.181
154.360, 0.200, -0.100, 0.100, -0.080, 0.180
154.380, 0.200, -0.100, 0.106, -0.084, 0.180
154.400, 0.200, -0.100, 0.112, -0.088, 0.179
154.420, 0.200, -0.100, 0.118, -0.093, 0.179
154.440, 0.200, -0.100, 0.124, -0.098, 0.180
154.460, 0.200, -0.100, 0.130, -0.102, 0.180
154.480, 0.200, -0.100, 0.135, -0.106, 0.180
154.500, 0.200, -0.100, 0.140, -0.110, 0.181
154.520, 0.200, -0.100, 0.144, -0.113, 0.181
154.540, 0.200, -0.100, 0.146, -0.115, 0.183
154.560, 0.200, -0.100, 0.148, -0.117, 0.184
154.580, 0.200, -0.100, 0.150, -0.118, 0.186
154.600, 0.200, -0.100, 0.150, -0.118, 0.188
154.620, 0.200, -0.100, 0.149, -0.117, 0.190
154.640, 0.200, -0.100, 0.148, -0.116, 0.192
154.660, 0.200, -0.100, 0.146, -0.113, 0.195
154.680, 0.200, -0.100, 0.143, -0.111, 0.199
154.700, 0.200, -0.100, 0.140, -0.107, 0.202
154.720, 0.200, -0.100, 0.135, -0.102, 0.204
154.740, 0.200, -0.100, 0.129, -0.097, 0.201
154.760, 0.200, -0.100, 0.123, -0.092, 0.196
154.780, 0.200, -0.100, 0.118, -0.089, 0.189
154.800, 0.200, -0.100, 0.115, -0.086, 0.183
154.820, 0.200, -0.100, 0.113, -0.085, 0.180
154.840, 0.200, -0.100, 0.111, -0.084, 0.178
154.860, 0.200, -0.100, 0.111, -0.084, 0.178
154.880, 0.200, -0.100, 0.112, -0.085, 0.179
154.900, 0.200, -0.100, 0.115, -0.086, 0.181
154.920, 0.200, -0.100, 0.118, -0.087, 0.183
154.940, 0.200, -0.100, 0.121, -0.089, 0.185
154.960, 0.200, -0.100, 0.125, -0.091, 0.187
154.980, 0.200, -0.100, 0.130, -0.094, 0.188
155.000, 0.200, -0.100, 0.134, -0.096, 0.189
155.020, 0.200, -0.100, 0.139, -0.099, 0.189
155.040, 0.200, -0.100, 0.145, -0.103, 0.189
155.060, 0.200, -0.100, 0.150, -0.106, 0.189
155.080, 0.200, -0.100, 0.155, -0.110, 0.190
155.100, 0.200, -0.100, 0.161, -0.114, 0.190
155.120, 0.200, -0.100, 0.167, -0.117, 0.190
155.140, 0.200, -0.100, 0.173, -0.121, 0.190
155.160, 0.200, -0.100, 0.179, -0.125, 0.190
155.180, 0.200, -0.100, 0.185, -0.128, 0.192
155.200, 0.200, -0.100, 0.189, -0.132, 0.193
155.220, 0.200, -0.100, 0.193, -0.134, 0.194
155.240, 0.200, -0.100, 0.196, -0.137, 0.195
155.260, 0.200, -0.100, 0.199, -0.139, 0.196
155.280, 0.200, -0.100, 0.201, -0.141, 0.197
155.300, 0.200, -0.100, 0.202, -0.142, 0.198
155.320, 0.200, -0.100, 0.203, -0.142, 0.201
155.340, 0.200, -0.100, 0.202, -0.142, 0.206
155.360, 0.200, -0.100, 0.201, -0.142, 0.210
155.380, 0.200, -0.100, 0.198, -0.141, 0.209
155.400, 0.200, -0.100, 0.194, -0.140, 0.204
155.420, 0.200, -0.100, 0.190, -0.140, 0.197
155.440, 0.200, -0.100, 0.185, -0.140, 0.190
155.460, 0.200, -0.100, 0.182, -0.141, 0.184
155.480, 0.200, -0.100, 0.181, -0.143, 0.180
155.500, 0.200, -0.100, 0.182, -0.145, 0.177
155.520, 0.200, -0.100, 0.184, -0.148, 0.175
155.540, 0.200, -0.100, 0.188, -0.152, 0.175
155.560, 0.200, -0.100, 0.194, -0.155, 0.176
155.580, 0.200, -0.100, 0.200, -0.159, 0.177
155.600, 0.200, -0.100, 0.207, -0.163, 0.178
155.620, 0.200, -0.100, 0.215, -0.167, 0.179
155.640, 0.200, -0.100, 0.223, -0.172, 0.179
155.660, 0.200, -0.100, 0.231, -0.176, 0.179
155.680, 0.200, -0.100, 0.238, -0.180, 0.178
155.700, 0.200, -0.100, 0.245, -0.184, 0.179
155.720, 0.200, -0.100, 0.251, -0.188, 0.179
155.740, 0.200, -0.100, 0.257, -0.191, 0.179
155.760, 0.200, -0.100, 0.262, -0.194, 0.180
155.780, 0.200, -0.100, 0.267, -0.196, 0.180
155.800, 0.200, -0.100, 0.272, -0.197, 0.181
155.820, 0.200, -0.100, 0.277, -0.198, 0.182
155.840, 0.200, -0.100, 0.280, -0.199, 0.184
155.860, 0.200, -0.100, 0.283, -0.198, 0.186
155.880, 0.200, -0.100, 0.285, -0.197, 0.188
155.900, 0.200, -0.100, 0.285, -0.195, 0.189
155.920, 0.200, -0.100, 0.284, -0.192, 0.191
155.940, 0.200, -0.100, 0.283, -0.189, 0.194
155.960, 0.200, -0.100, 0.280, -0.186, 0.197
155.980, 0.200, -0.100, 0.276, -0.182, 0.200
156.000, 0.200, -0.100, 0.272, -0.179, 0.205
156.020, 0.200, -0.100, 0.266, -0.174, 0.207
156.040, 0.200, -0.100, 0.258, -0.170, 0.207
156.060, 0.200, -0.100, 0.249, -0.166, 0.202
156.080, 0.200, -0.100, 0.242, -0.162, 0.196
156.100, 0.200, -0.100, 0.237, -0.160, 0.189
156.120, 0.200, -0.100, 0.233, -0.158, 0.185
156.140, 0.200, -0.100, 0.231, -0.157, 0.182
156.160, 0.200, -0.100, 0.231, -0.156, 0.182
156.180, 0.200, -0.100, 0.232, -0.156, 0.183
156.200, 0.200, -0.100, 0.235, -0.156, 0.185
156.220, 0.200, -0.100, 0.239, -0.156, 0.188
156.240, 0.200, -0.100, 0.244, -0.157, 0.190
156.260, 0.200, -0.100, 0.248, -0.158, 0.192
156.280, 0.200, -0.100, 0.254, -0.160, 0.193
156.300, 0.200, -0.100, 0.259, -0.162, 0.194
156.320, 0.200, -0.100, 0.265, -0.164, 0.194
156.340, 0.200, -0.100, 0.271, -0.166, 0.194
156.360, 0.200, -0.100, 0.277, -0.169, 0.194
156.380, 0.200, -0.100, 0.283, -0.171, 0.193
156.400, 0.200, -0.100, 0.290, -0.174, 0.193
156.420, 0.200, -0.100, 0.297, -0.177, 0.193
156.440, 0.200, -0.100, 0.304, -0.180, 0.193
156.460, 0.200, -0.100, 0.312, -0.182, 0.192
156.480, 0.200, -0.100, 0.319, -0.185, 0.193
158.520, 0.200, -0.000, 0.000, 0.000, 0.250
158.540, 0.200, -0.000, 0.000, 0.000, 0.238
158.560, 0.200, -0.000, 0.000, 0.001, 0.224
158.580, 0.200, -0.000, 0.000, 0.001, 0.211
158.600, 0.200, -0.000, 0.001, 0.001, 0.200
158.620, 0.200, -0.000, 0.003, 0.002, 0.193
158.640, 0.200, -0.000, 0.006, 0.004, 0.188
158.660, 0.200, -0.000, 0.009, 0.005, 0.188
158.680, 0.200, -0.000, 0.011, 0.006, 0.190
158.700, 0.200, -0.000, 0.014, 0.007, 0.194
158.720, 0.200, -0.000, 0.016, 0.008, 0.198
158.740, 0.200, -0.000, 0.018, 0.008, 0.204
158.760, 0.200, -0.000, 0.019, 0.009, 0.208
158.780, 0.200, -0.000, 0.019, 0.008, 0.206
158.800, 0.200, -0.000, 0.017, 0.008, 0.201
158.820, 0.200, -0.000, 0.016, 0.006, 0.193
158.840, 0.200, -0.000, 0.014, 0.005, 0.186
158.860, 0.200, -0.000, 0.014, 0.003, 0.180
158.880, 0.200, -0.000, 0.015, 0.002, 0.177
158.900, 0.200, -0.000, 0.016, -0.000, 0.175
158.920, 0.200, -0.000, 0.019, -0.002, 0.175
158.940, 0.200, -0.000, 0.022, -0.004, 0.176
158.960, 0.200, -0.000, 0.025, -0.005, 0.177
158.980, 0.200, -0.000, 0.029, -0.007, 0.178
159.000, 0.200, -0.000, 0.032, -0.008, 0.178
159.020, 0.200, -0.000, 0.035, -0.009, 0.179
159.040, 0.200, -0.000, 0.039, -0.010, 0.179
159.060, 0.200, -0.000, 0.042, -0.010, 0.180
159.080, 0.200, -0.000, 0.045, -0.011, 0.180
159.100, 0.200, -0.000, 0.049, -0.011, 0.180
159.120, 0.200, -0.000, 0.052, -0.012, 0.181
159.140, 0.200, -0.000, 0.055, -0.012, 0.181
159.160, 0.200, -0.000, 0.057, -0.012, 0.182
159.180, 0.200, -0.000, 0.060, -0.012, 0.183
159.200, 0.200, -0.000, 0.062, -0.012, 0.184
159.220, 0.200, -0.000, 0.064, -0.011, 0.185
159.240, 0.200, -0.000, 0.065, -0.011, 0.186
159.260, 0.200, -0.000, 0.066, -0.010, 0.187
159.280, 0.200, -0.000, 0.066, -0.010, 0.189
159.300, 0.200, -0.000, 0.065, -0.009, 0.190
159.320, 0.200, -0.000, 0.064, -0.009, 0.192
159.340, 0.200, -0.000, 0.062, -0.008, 0.194
159.360, 0.200, -0.000, 0.059, -0.008, 0.196
159.380, 0.200, -0.000, 0.056, -0.007, 0.200
159.400, 0.200, -0.000, 0.052, -0.006, 0.205
159.420, 0.200, -0.000, 0.048, -0.005, 0.209
159.440, 0.200, -0.000, 0.043, -0.003, 0.207
159.460, 0.200, -0.000, 0.038, -0.002, 0.202
159.480, 0.200, -0.000, 0.034, -0.000, 0.196
159.500, 0.200, -0.000, 0.031, 0.001, 0.190
159.520, 0.200, -0.000, 0.030, 0.003, 0.186
159.540, 0.200, -0.000, 0.029, 0.004, 0.184
159.560, 0.200, -0.000, 0.029, 0.005, 0.183
159.580, 0.200, -0.000, 0.031, 0.006, 0.184
159.600, 0.200, -0.000, 0.033, 0.007, 0.186
159.620, 0.200, -0.000, 0.036, 0.008, 0.187
159.640, 0.200, -0.000, 0.040, 0.009, 0.189
159.660, 0.200, -0.000, 0.044, 0.010, 0.190
159.680, 0.200, -0.000, 0.048, 0.010, 0.190
159.700, 0.200, -0.000, 0.053, 0.011, 0.190
159.720, 0.200, -0.000, 0.058, 0.011, 0.190
159.740, 0.200, -0.000, 0.063, 0.012, 0.190
159.760, 0.200, -0.000, 0.069, 0.012, 0.189
159.780, 0.200, -0.000, 0.074, 0.013, 0.189
159.800, 0.200, -0.000, 0.080, 0.014, 0.189
159.820, 0.200, -0.000, 0.086, 0.015, 0.188
159.840, 0.200, -0.000, 0.093, 0.015, 0.188
159.860, 0.200, -0.000, 0.099, 0.016, 0.188
159.880, 0.200, -0.000, 0.105, 0.016, 0.188
159.900, 0.200, -0.000, 0.112, 0.017, 0.187
159.920, 0.200, -0.000, 0.118, 0.016, 0.188
159.940, 0.200, -0.000, 0.123, 0.016, 0.189
159.960, 0.200, -0.000, 0.127, 0.015, 0.190
159.980, 0.200, -0.000, 0.130, 0.014, 0.193
160.000, 0.200, -0.000, 0.131, 0.013, 0.196
160.020, 0.200, -0.000, 0.131, 0.012, 0.199
160.040, 0.200, -0.000, 0.129, 0.010, 0.203
160.060, 0.200, -0.000, 0.127, 0.009, 0.207
160.080, 0.200, -0.000, 0.122, 0.007, 0.209
160.100, 0.200, -0.000, 0.116, 0.005, 0.207
160.120, 0.200, -0.000, 0.109, 0.003, 0.200
160.140, 0.200, -0.000, 0.102, 0.002, 0.193
160.160, 0.200, -0.000, 0.098, -0.000, 0.186
160.180, 0.200, -0.000, 0.096, -0.003, 0.180
160.200, 0.200, -0.000, 0.096, -0.005, 0.177
160.220, 0.200, -0.000, 0.098, -0.007, 0.175
160.240, 0.200, -0.000, 0.102, -0.010, 0.176
160.260, 0.200, -0.000, 0.108, -0.012, 0.178
160.280, 0.200, -0.000, 0.115, -0.014, 0.179
160.300, 0.200, -0.000, 0.122, -0.016, 0.181
160.320, 0.200, -0.000, 0.130, -0.019, 0.182
160.340, 0.200, -0.000, 0.138, -0.021, 0.182
160.360, 0.200, -0.000, 0.146, -0.022, 0.182
160.380, 0.200, -0.000, 0.154, -0.024, 0.181
160.400, 0.200, -0.000, 0.162, -0.026, 0.180
160.420, 0.200, -0.000, 0.170, -0.027, 0.180
160.440, 0.200, -0.000, 0.178, -0.028, 0.180
160.460, 0.200, -0.000, 0.185, -0.029, 0.181
160.480, 0.200, -0.000, 0.191, -0.029, 0.182
160.500, 0.200, -0.000, 0.197, -0.029, 0.183
160.520, 0.200, -0.000, 0.203, -0.029, 0.184
160.540, 0.200, -0.000, 0.208, -0.028, 0.184
160.560, 0.200, -0.000, 0.212, -0.027, 0.186
160.580, 0.200, -0.000, 0.215, -0.026, 0.187
160.600, 0.200, -0.000, 0.216, -0.025, 0.189
160.620, 0.200, -0.000, 0.217, -0.023, 0.191
160.640, 0.200, -0.000, 0.216, -0.021, 0.193
160.660, 0.200, -0.000, 0.214, -0.019, 0.195
160.680, 0.200, -0.000, 0.212, -0.017, 0.198
160.700, 0.200, -0.000, 0.208, -0.015, 0.202
160.720, 0.200, -0.000, 0.202, -0.012, 0.205
160.740, 0.200, -0.000, 0.195, -0.010, 0.206
160.760, 0.200, -0.000, 0.186, -0.007, 0.203
160.780, 0.200, -0.000, 0.177, -0.004, 0.197
160.800, 0.200, -0.000, 0.169, -0.001, 0.190
160.820, 0.200, -0.000, 0.163, 0.001, 0.184
160.840, 0.200, -0.000, 0.160, 0.002, 0.180
160.860, 0.200, -0.000, 0.159, 0.003, 0.178
160.880, 0.200, -0.000, 0.160, 0.004, 0.178
160.900, 0.200, -0.000, 0.163, 0.004, 0.180
160.920, 0.200, -0.000, 0.167, 0.004, 0.182
160.940, 0.200, -0.000, 0.172, 0.004, 0.185
160.960, 0.200, -0.000, 0.178, 0.004, 0.187
160.980, 0.200, -0.000, 0.184, 0.003, 0.189
161.000, 0.200, -0.000, 0.191, 0.003, 0.190
161.020, 0.200, -0.000, 0.197, 0.002, 0.190
161.040, 0.200, -0.000, 0.204, 0.002, 0.191
161.060, 0.200, -0.000, 0.212, 0.001, 0.190
161.080, 0.200, -0.000, 0.219, -0.000, 0.190
161.100, 0.200, -0.000, 0.227, -0.001, 0.190
161.120, 0.200, -0.000, 0.235, -0.002, 0.189
161.140, 0.200, -0.000, 0.243, -0.003, 0.189
161.160, 0.200, -0.000, 0.252, -0.004, 0.188
161.180, 0.200, -0.000, 0.261, -0.005, 0.187
161.200, 0.200, -0.000, 0.270, -0.007, 0.187
161.220, 0.200, -0.000, 0.278, -0.008, 0.188
161.240, 0.200, -0.000, 0.285, -0.010, 0.188
161.260, 0.200, -0.000, 0.291, -0.012, 0.189
161.280, 0.200, -0.000, 0.295, -0.014, 0.191
161.300, 0.200, -0.000, 0.298, -0.017, 0.193
161.320, 0.200, -0.000, 0.299, -0.019, 0.196
161.340, 0.200, -0.000, 0.299, -0.021, 0.200
161.360, 0.200, -0.000, 0.298, -0.022, 0.204
161.380, 0.200, -0.000, 0.295, -0.024, 0.207
161.400, 0.200, -0.000, 0.289, -0.025, 0.206
161.420, 0.200, -0.000, 0.281, -0.026, 0.202
161.440, 0.200, -0.000, 0.272, -0.027, 0.195
161.460, 0.200, -0.000, 0.264, -0.028, 0.188
161.480, 0.200, -0.000, 0.258, -0.029, 0.182
161.500, 0.200, -0.000, 0.255, -0.030, 0.178
161.520, 0.200, -0.000, 0.255, -0.032, 0.175
161.540, 0.200, -0.000, 0.257, -0.034, 0.174
161.560, 0.200, -0.000, 0.260, -0.037, 0.175
161.580, 0.200, -0.000, 0.265, -0.039, 0.177
161.600, 0.200, -0.000, 0.271, -0.041, 0.179
161.620, 0.200, -0.000, 0.278, -0.044, 0.181
161.640, 0.200, -0.000, 0.286, -0.046, 0.182
161.660, 0.200, -0.000, 0.293, -0.048, 0.183
161.680, 0.200, -0.000, 0.301, -0.050, 0.183
161.700, 0.200, -0.000, 0.308, -0.052, 0.182
161.720, 0.200, -0.000, 0.315, -0.054, 0.181
161.740, 0.200, -0.000, 0.323, -0.056, 0.180
161.760, 0.200, -0.000, 0.330, -0.057, 0.180
161.780, 0.200, -0.000, 0.338, -0.058, 0.180
161.800, 0.200, -0.000, 0.345, -0.059, 0.181
161.820, 0.200, -0.000, 0.352, -0.059, 0.182
161.840, 0.200, -0.000, 0.358, -0.059, 0.183
161.860, 0.200, -0.000, 0.363, -0.058, 0.184
161.880, 0.200, -0.000, 0.368, -0.058, 0.186
161.900, 0.200, -0.000, 0.371, -0.056, 0.188
161.920, 0.200, -0.000, 0.374, -0.055, 0.189
161.940, 0.200, -0.000, 0.375, -0.053, 0.191
161.960, 0.200, -0.000, 0.375, -0.051, 0.194
161.980, 0.200, -0.000, 0.374, -0.048, 0.196
162.000, 0.200, -0.000, 0.373, -0.046, 0.199
162.020, 0.200, -0.000, 0.370, -0.043, 0.204
162.040, 0.200, -0.000, 0.365, -0.040, 0.206
162.060, 0.200, -0.000, 0.358, -0.037, 0.204
162.080, 0.200, -0.000, 0.349, -0.034, 0.200
162.100, 0.200, -0.000, 0.341, -0.031, 0.194
162.120, 0.200, -0.000, 0.334, -0.028, 0.188
162.140, 0.200, -0.000, 0.330, -0.026, 0.182
162.160, 0.200, -0.000, 0.328, -0.024, 0.179
162.180, 0.200, -0.000, 0.329, -0.024, 0.178
162.200, 0.200, -0.000, 0.332, -0.023, 0.179
162.220, 0.200, -0.000, 0.336, -0.023, 0.181
162.240, 0.200, -0.000, 0.342, -0.023, 0.184
162.260, 0.200, -0.000, 0.349, -0.023, 0.186
162.280, 0.200, -0.000, 0.357, -0.024, 0.188
162.300, 0.200, -0.000, 0.364, -0.024, 0.189
162.320, 0.200, -0.000, 0.372, -0.025, 0.190
162.340, 0.200, -0.000, 0.379, -0.026, 0.190
162.360, 0.200, -0.000, 0.387, -0.027, 0.190
162.380, 0.200, -0.000, 0.395, -0.029, 0.190
162.400, 0.200, -0.000, 0.403, -0.030, 0.189
162.420, 0.200, -0.000, 0.411, -0.032, 0.189
162.440, 0.200, -0.000, 0.420, -0.033, 0.188
162.460, 0.200, -0.000, 0.429, -0.035, 0.186
162.480, 0.200, -0.000, 0.438, -0.037, 0.186
162.500, 0.200, -0.000, 0.446, -0.040, 0.186
164.540, 0.200, 0.100, 0.000, 0.000, 0.250
164.560, 0.200, 0.100, 0.000, 0.000, 0.237
164.580, 0.200, 0.100, 0.000, 0.001, 0.224
164.600, 0.200, 0.100, -0.000, 0.001, 0.210
164.620, 0.200, 0.100, 0.001, 0.002, 0.200
164.640, 0.200, 0.100, 0.003, 0.003, 0.192
164.660, 0.200, 0.100, 0.005, 0.005, 0.187
164.680, 0.200, 0.100, 0.008, 0.007, 0.186
164.700, 0.200, 0.100, 0.012, 0.009, 0.188
164.720, 0.200, 0.100, 0.015, 0.011, 0.192
164.740, 0.200, 0.100, 0.017, 0.013, 0.197
164.760, 0.200, 0.100, 0.019, 0.014, 0.202
164.780, 0.200, 0.100, 0.020, 0.015, 0.206
164.800, 0.200, 0.100, 0.020, 0.015, 0.205
164.820, 0.200, 0.100, 0.019, 0.014, 0.200
164.840, 0.200, 0.100, 0.017, 0.014, 0.193
164.860, 0.200, 0.100, 0.016, 0.013, 0.186
164.880, 0.200, 0.100, 0.016, 0.012, 0.180
164.900, 0.200, 0.100, 0.016, 0.012, 0.177
164.920, 0.200, 0.100, 0.018, 0.011, 0.176
164.940, 0.200, 0.100, 0.021, 0.011, 0.176
164.960, 0.200, 0.100, 0.024, 0.011, 0.176
164.980, 0.200, 0.100, 0.027, 0.011, 0.178
165.000, 0.200, 0.100, 0.031, 0.011, 0.179
165.020, 0.200, 0.100, 0.034, 0.011, 0.180
165.040, 0.200, 0.100, 0.038, 0.012, 0.180
165.060, 0.200, 0.100, 0.041, 0.012, 0.181
165.080, 0.200, 0.100, 0.045, 0.013, 0.181
165.100, 0.200, 0.100, 0.048, 0.013, 0.181
165.120, 0.200, 0.100, 0.051, 0.014, 0.181
165.140, 0.200, 0.100, 0.054, 0.014, 0.181
165.160, 0.200, 0.100, 0.057, 0.014, 0.182
165.180, 0.200, 0.100, 0.060, 0.015, 0.183
165.200, 0.200, 0.100, 0.062, 0.015, 0.183
165.220, 0.200, 0.100, 0.064, 0.015, 0.184
165.240, 0.200, 0.100, 0.066, 0.015, 0.185
165.260, 0.200, 0.100, 0.066, 0.014, 0.186
165.280, 0.200, 0.100, 0.067, 0.014, 0.187
165.300, 0.200, 0.100, 0.066, 0.013, 0.188
165.320, 0.200, 0.100, 0.066, 0.013, 0.189
165.340, 0.200, 0.100, 0.064, 0.012, 0.190
165.360, 0.200, 0.100, 0.062, 0.012, 0.192
165.380, 0.200, 0.100, 0.060, 0.011, 0.194
165.400, 0.200, 0.100, 0.057, 0.011, 0.198
165.420, 0.200, 0.100, 0.053, 0.010, 0.204
165.440, 0.200, 0.100, 0.050, 0.010, 0.207
165.460, 0.200, 0.100, 0.045, 0.011, 0.206
165.480, 0.200, 0.100, 0.041, 0.012, 0.200
165.500, 0.200, 0.100, 0.037, 0.013, 0.194
165.520, 0.200, 0.100, 0.035, 0.015, 0.187
165.540, 0.200, 0.100, 0.034, 0.017, 0.182
165.560, 0.200, 0.100, 0.034, 0.020, 0.180
165.580, 0.200, 0.100, 0.035, 0.022, 0.179
165.600, 0.200, 0.100, 0.038, 0.025, 0.180
165.620, 0.200, 0.100, 0.041, 0.027, 0.181
165.640, 0.200, 0.100, 0.045, 0.030, 0.182
165.660, 0.200, 0.100, 0.050, 0.032, 0.183
165.680, 0.200, 0.100, 0.055, 0.035, 0.184
165.700, 0.200, 0.100, 0.061, 0.037, 0.184
165.720, 0.200, 0.100, 0.067, 0.040, 0.184
165.740, 0.200, 0.100, 0.073, 0.043, 0.184
165.760, 0.200, 0.100, 0.079, 0.046, 0.183
165.780, 0.200, 0.100, 0.086, 0.049, 0.183
165.800, 0.200, 0.100, 0.093, 0.052, 0.182
165.820, 0.200, 0.100, 0.100, 0.054, 0.182
165.840, 0.200, 0.100, 0.108, 0.057, 0.181
165.860, 0.200, 0.100, 0.116, 0.060, 0.180
165.880, 0.200, 0.100, 0.124, 0.062, 0.179
165.900, 0.200, 0.100, 0.132, 0.064, 0.177
165.920, 0.200, 0.100, 0.140, 0.065, 0.177
165.940, 0.200, 0.100, 0.147, 0.066, 0.178
165.960, 0.200, 0.100, 0.153, 0.065, 0.180
165.980, 0.200, 0.100, 0.158, 0.064, 0.182
166.000, 0.200, 0.100, 0.160, 0.063, 0.184
166.020, 0.200, 0.100, 0.161, 0.060, 0.187
166.040, 0.200, 0.100, 0.161, 0.058, 0.191
166.060, 0.200, 0.100, 0.160, 0.054, 0.196
166.080, 0.200, 0.100, 0.157, 0.051, 0.201
166.100, 0.200, 0.100, 0.152, 0.048, 0.204
166.120, 0.200, 0.100, 0.145, 0.045, 0.202
166.140, 0.200, 0.100, 0.137, 0.042, 0.197
166.160, 0.200, 0.100, 0.129, 0.040, 0.191
166.180, 0.200, 0.100, 0.122, 0.039, 0.185
166.200, 0.200, 0.100, 0.119, 0.038, 0.179
166.220, 0.200, 0.100, 0.119, 0.038, 0.176
166.240, 0.200, 0.100, 0.121, 0.038, 0.174
166.260, 0.200, 0.100, 0.125, 0.038, 0.174
166.280, 0.200, 0.100, 0.131, 0.038, 0.175
166.300, 0.200, 0.100, 0.138, 0.038, 0.177
166.320, 0.200, 0.100, 0.146, 0.039, 0.179
166.340, 0.200, 0.100, 0.155, 0.039, 0.181
166.360, 0.200, 0.100, 0.164, 0.040, 0.182
166.380, 0.200, 0.100, 0.173, 0.042, 0.183
166.400, 0.200, 0.100, 0.182, 0.043, 0.183
166.420, 0.200, 0.100, 0.191, 0.045, 0.183
166.440, 0.200, 0.100, 0.199, 0.048, 0.184
166.460, 0.200, 0.100, 0.207, 0.050, 0.185
166.480, 0.200, 0.100, 0.214, 0.052, 0.186
166.500, 0.200, 0.100, 0.221, 0.055, 0.187
166.520, 0.200, 0.100, 0.226, 0.057, 0.188
166.540, 0.200, 0.100, 0.232, 0.059, 0.188
166.560, 0.200, 0.100, 0.237, 0.061, 0.189
166.580, 0.200, 0.100, 0.241, 0.062, 0.189
166.600, 0.200, 0.100, 0.244, 0.063, 0.188
166.620, 0.200, 0.100, 0.247, 0.064, 0.189
166.640, 0.200, 0.100, 0.248, 0.064, 0.190
166.660, 0.200, 0.100, 0.248, 0.064, 0.192
166.680, 0.200, 0.100, 0.247, 0.064, 0.194
166.700, 0.200, 0.100, 0.245, 0.064, 0.196
166.720, 0.200, 0.100, 0.241, 0.064, 0.200
166.740, 0.200, 0.100, 0.236, 0.064, 0.204
166.760, 0.200, 0.100, 0.229, 0.064, 0.206
166.780, 0.200, 0.100, 0.220, 0.064, 0.203
166.800, 0.200, 0.100, 0.210, 0.066, 0.197
166.820, 0.200, 0.100, 0.202, 0.067, 0.191
166.840, 0.200, 0.100, 0.196, 0.069, 0.184
166.860, 0.200, 0.100, 0.192, 0.071, 0.180
166.880, 0.200, 0.100, 0.191, 0.072, 0.178
166.900, 0.200, 0.100, 0.193, 0.074, 0.177
166.920, 0.200, 0.100, 0.196, 0.075, 0.179
166.940, 0.200, 0.100, 0.202, 0.077, 0.181
166.960, 0.200, 0.100, 0.209, 0.079, 0.184
166.980, 0.200, 0.100, 0.216, 0.080, 0.186
167.000, 0.200, 0.100, 0.224, 0.082, 0.187
167.020, 0.200, 0.100, 0.232, 0.084, 0.188
167.040, 0.200, 0.100, 0.240, 0.086, 0.188
167.060, 0.200, 0.100, 0.248, 0.088, 0.187
167.080, 0.200, 0.100, 0.256, 0.090, 0.187
167.100, 0.200, 0.100, 0.265, 0.093, 0.186
167.120, 0.200, 0.100, 0.273, 0.095, 0.185
167.140, 0.200, 0.100, 0.283, 0.097, 0.184
167.160, 0.200, 0.100, 0.292, 0.099, 0.183
167.180, 0.200, 0.100, 0.302, 0.101, 0.181
167.200, 0.200, 0.100, 0.312, 0.102, 0.179
167.220, 0.200, 0.100, 0.322, 0.103, 0.179
167.240, 0.200, 0.100, 0.331, 0.104, 0.179
167.260, 0.200, 0.100, 0.338, 0.104, 0.180
167.280, 0.200, 0.100, 0.344, 0.103, 0.182
167.300, 0.200, 0.100, 0.348, 0.101, 0.184
167.320, 0.200, 0.100, 0.350, 0.099, 0.186
167.340, 0.200, 0.100, 0.351, 0.097, 0.190
167.360, 0.200, 0.100, 0.350, 0.094, 0.194
167.380, 0.200, 0.100, 0.349, 0.091, 0.199
167.400, 0.200, 0.100, 0.345, 0.089, 0.203
167.420, 0.200, 0.100, 0.340, 0.086, 0.204
167.440, 0.200, 0.100, 0.332, 0.084, 0.200
167.460, 0.200, 0.100, 0.323, 0.082, 0.194
167.480, 0.200, 0.100, 0.315, 0.081, 0.188
167.500, 0.200, 0.100, 0.309, 0.081, 0.183
167.520, 0.200, 0.100, 0.306, 0.080, 0.179
167.540, 0.200, 0.100, 0.306, 0.080, 0.176
167.560, 0.200, 0.100, 0.309, 0.079, 0.175
167.580, 0.200, 0.100, 0.313, 0.079, 0.175
167.600, 0.200, 0.100, 0.318, 0.079, 0.177
167.620, 0.200, 0.100, 0.325, 0.078, 0.179
167.640, 0.200, 0.100, 0.332, 0.078, 0.181
167.660, 0.200, 0.100, 0.341, 0.078, 0.182
167.680, 0.200, 0.100, 0.349, 0.078, 0.183
167.700, 0.200, 0.100, 0.357, 0.079, 0.183
167.720, 0.200, 0.100, 0.366, 0.080, 0.183
167.740, 0.200, 0.100, 0.374, 0.081, 0.183
167.760, 0.200, 0.100, 0.382, 0.083, 0.184
167.780, 0.200, 0.100, 0.389, 0.084, 0.185
167.800, 0.200, 0.100, 0.395, 0.086, 0.186
167.820, 0.200, 0.100, 0.401, 0.088, 0.187
167.840, 0.200, 0.100, 0.406, 0.090, 0.188
167.860, 0.200, 0.100, 0.411, 0.091, 0.188
167.880, 0.200, 0.100, 0.415, 0.092, 0.189
167.900, 0.200, 0.100, 0.419, 0.093, 0.189
167.920, 0.200, 0.100, 0.422, 0.094, 0.189
167.940, 0.200, 0.100, 0.424, 0.094, 0.190
167.960, 0.200, 0.100, 0.425, 0.095, 0.191
167.980, 0.200, 0.100, 0.425, 0.095, 0.193
168.000, 0.200, 0.100, 0.424, 0.095, 0.195
168.020, 0.200, 0.100, 0.421, 0.095, 0.198
168.040, 0.200, 0.100, 0.417, 0.095, 0.202
168.060, 0.200, 0.100, 0.412, 0.096, 0.206
168.080, 0.200, 0.100, 0.403, 0.096, 0.205
168.100, 0.200, 0.100, 0.394, 0.098, 0.200
168.120, 0.200, 0.100, 0.385, 0.100, 0.194
168.140, 0.200, 0.100, 0.378, 0.103, 0.187
168.160, 0.200, 0.100, 0.373, 0.105, 0.182
168.180, 0.200, 0.100, 0.371, 0.107, 0.179
168.200, 0.200, 0.100, 0.371, 0.109, 0.178
168.220, 0.200, 0.100, 0.374, 0.110, 0.178
168.240, 0.200, 0.100, 0.380, 0.111, 0.180
168.260, 0.200, 0.100, 0.386, 0.112, 0.183
168.280, 0.200, 0.100, 0.394, 0.114, 0.185
168.300, 0.200, 0.100, 0.402, 0.115, 0.187
168.320, 0.200, 0.100, 0.410, 0.116, 0.188
168.340, 0.200, 0.100, 0.419, 0.118, 0.188
168.360, 0.200, 0.100, 0.427, 0.119, 0.188
168.380, 0.200, 0.100, 0.435, 0.121, 0.188
168.400, 0.200, 0.100, 0.444, 0.123, 0.187
168.420, 0.200, 0.100, 0.452, 0.124, 0.186
168.440, 0.200, 0.100, 0.462, 0.126, 0.185
168.460, 0.200, 0.100, 0.471, 0.128, 0.183
168.480, 0.200, 0.100, 0.481, 0.129, 0.182
168.500, 0.200, 0.100, 0.491, 0.130, 0.179
168.520, 0.200, 0.100, 0.501, 0.130, 0.178
170.560, 0.200, 0.200, 0.000, 0.000, 0.250
170.580, 0.200, 0.200, -0.000, 0.000, 0.237
170.600, 0.200, 0.200, -0.000, 0.001, 0.224
170.620, 0.200, 0.200, -0.000, 0.001, 0.209
170.640, 0.200, 0.200, 0.000, 0.002, 0.199
170.660, 0.200, 0.200, 0.002, 0.004, 0.191
170.680, 0.200, 0.200, 0.005, 0.007, 0.186
170.700, 0.200, 0.200, 0.008, 0.010, 0.184
170.720, 0.200, 0.200, 0.012, 0.013, 0.185
170.740, 0.200, 0.200, 0.015, 0.016, 0.189
170.760, 0.200, 0.200, 0.018, 0.019, 0.195
170.780, 0.200, 0.200, 0.020, 0.020, 0.200
170.800, 0.200, 0.200, 0.021, 0.022, 0.204
170.820, 0.200, 0.200, 0.021, 0.022, 0.204
170.840, 0.200, 0.200, 0.020, 0.021, 0.199
170.860, 0.200, 0.200, 0.018, 0.021, 0.192
170.880, 0.200, 0.200, 0.017, 0.020, 0.185
170.900, 0.200, 0.200, 0.017, 0.021, 0.180
170.920, 0.200, 0.200, 0.017, 0.021, 0.177
170.940, 0.200, 0.200, 0.019, 0.022, 0.175
170.960, 0.200, 0.200, 0.022, 0.024, 0.175
170.980, 0.200, 0.200, 0.024, 0.025, 0.177
171.000, 0.200, 0.200, 0.028, 0.027, 0.178
171.020, 0.200, 0.200, 0.031, 0.028, 0.180
171.040, 0.200, 0.200, 0.034, 0.030, 0.180
171.060, 0.200, 0.200, 0.038, 0.032, 0.181
171.080, 0.200, 0.200, 0.041, 0.034, 0.181
171.100, 0.200, 0.200, 0.044, 0.035, 0.181
171.120, 0.200, 0.200, 0.047, 0.037, 0.180
171.140, 0.200, 0.200, 0.050, 0.038, 0.180
171.160, 0.200, 0.200, 0.053, 0.040, 0.180
171.180, 0.200, 0.200, 0.055, 0.040, 0.180
171.200, 0.200, 0.200, 0.057, 0.041, 0.181
171.220, 0.200, 0.200, 0.059, 0.041, 0.182
171.240, 0.200, 0.200, 0.061, 0.041, 0.183
171.260, 0.200, 0.200, 0.062, 0.041, 0.184
171.280, 0.200, 0.200, 0.062, 0.040, 0.185
171.300, 0.200, 0.200, 0.062, 0.039, 0.186
171.320, 0.200, 0.200, 0.061, 0.037, 0.187
171.340, 0.200, 0.200, 0.060, 0.036, 0.188
171.360, 0.200, 0.200, 0.058, 0.034, 0.189
171.380, 0.200, 0.200, 0.056, 0.033, 0.191
171.400, 0.200, 0.200, 0.053, 0.031, 0.195
171.420, 0.200, 0.200, 0.050, 0.030, 0.199
171.440, 0.200, 0.200, 0.047, 0.029, 0.205
171.460, 0.200, 0.200, 0.045, 0.028, 0.208
171.480, 0.200, 0.200, 0.042, 0.028, 0.206
171.500, 0.200, 0.200, 0.039, 0.029, 0.201
171.520, 0.200, 0.200, 0.037, 0.030, 0.194
171.540, 0.200, 0.200, 0.036, 0.033, 0.187
171.560, 0.200, 0.200, 0.037, 0.036, 0.182
171.580, 0.200, 0.200, 0.039, 0.040, 0.178
171.600, 0.200, 0.200, 0.043, 0.044, 0.177
171.620, 0.200, 0.200, 0.047, 0.048, 0.177
171.640, 0.200, 0.200, 0.053, 0.053, 0.178
171.660, 0.200, 0.200, 0.059, 0.058, 0.179
171.680, 0.200, 0.200, 0.066, 0.063, 0.179
171.700, 0.200, 0.200, 0.073, 0.068, 0.180
171.720, 0.200, 0.200, 0.081, 0.074, 0.180
171.740, 0.200, 0.200, 0.089, 0.080, 0.179
171.760, 0.200, 0.200, 0.098, 0.085, 0.178
171.780, 0.200, 0.200, 0.107, 0.091, 0.177
171.800, 0.200, 0.200, 0.116, 0.097, 0.175
171.820, 0.200, 0.200, 0.126, 0.102, 0.173
171.840, 0.200, 0.200, 0.136, 0.107, 0.171
171.860, 0.200, 0.200, 0.146, 0.111, 0.169
171.880, 0.200, 0.200, 0.156, 0.114, 0.168
171.900, 0.200, 0.200, 0.165, 0.116, 0.168
171.920, 0.200, 0.200, 0.173, 0.117, 0.169
171.940, 0.200, 0.200, 0.180, 0.117, 0.170
171.960, 0.200, 0.200, 0.185, 0.116, 0.173
171.980, 0.200, 0.200, 0.189, 0.113, 0.175
172.000, 0.200, 0.200, 0.192, 0.111, 0.179
172.020, 0.200, 0.200, 0.194, 0.107, 0.181
172.040, 0.200, 0.200, 0.195, 0.103, 0.185
172.060, 0.200, 0.200, 0.195, 0.099, 0.189
172.080, 0.200, 0.200, 0.195, 0.095, 0.194
172.100, 0.200, 0.200, 0.194, 0.091, 0.200
172.120, 0.200, 0.200, 0.192, 0.087, 0.203
172.140, 0.200, 0.200, 0.187, 0.083, 0.202
172.160, 0.200, 0.200, 0.182, 0.079, 0.198
172.180, 0.200, 0.200, 0.176, 0.076, 0.192
172.200, 0.200, 0.200, 0.172, 0.074, 0.185
172.220, 0.200, 0.200, 0.168, 0.074, 0.178
172.240, 0.200, 0.200, 0.166, 0.075, 0.175
172.260, 0.200, 0.200, 0.166, 0.078, 0.173
172.280, 0.200, 0.200, 0.169, 0.081, 0.174
172.300, 0.200, 0.200, 0.173, 0.084, 0.174
172.320, 0.200, 0.200, 0.179, 0.088, 0.175
172.340, 0.200, 0.200, 0.186, 0.093, 0.176
172.360, 0.200, 0.200, 0.193, 0.097, 0.177
172.380, 0.200, 0.200, 0.200, 0.102, 0.179
172.400, 0.200, 0.200, 0.207, 0.107, 0.181
172.420, 0.200, 0.200, 0.213, 0.112, 0.183
172.440, 0.200, 0.200, 0.220, 0.118, 0.184
172.460, 0.200, 0.200, 0.226, 0.123, 0.185
172.480, 0.200, 0.200, 0.231, 0.129, 0.186
172.500, 0.200, 0.200, 0.236, 0.134, 0.186
172.520, 0.200, 0.200, 0.240, 0.138, 0.187
172.540, 0.200, 0.200, 0.244, 0.142, 0.187
172.560, 0.200, 0.200, 0.246, 0.145, 0.187
172.580, 0.200, 0.200, 0.248, 0.147, 0.187
172.600, 0.200, 0.200, 0.249, 0.148, 0.186
172.620, 0.200, 0.200, 0.250, 0.148, 0.186
172.640, 0.200, 0.200, 0.249, 0.148, 0.187
172.660, 0.200, 0.200, 0.248, 0.147, 0.188
172.680, 0.200, 0.200, 0.247, 0.146, 0.189
172.700, 0.200, 0.200, 0.244, 0.144, 0.191
172.720, 0.200, 0.200, 0.241, 0.141, 0.194
172.740, 0.200, 0.200, 0.237, 0.139, 0.199
172.760, 0.200, 0.200, 0.232, 0.138, 0.204
172.780, 0.200, 0.200, 0.226, 0.136, 0.206
172.800, 0.200, 0.200, 0.219, 0.135, 0.203
172.820, 0.200, 0.200, 0.212, 0.135, 0.196
172.840, 0.200, 0.200, 0.207, 0.136, 0.189
172.860, 0.200, 0.200, 0.203, 0.138, 0.182
172.880, 0.200, 0.200, 0.202, 0.141, 0.177
172.900, 0.200, 0.200, 0.203, 0.143, 0.175
172.920, 0.200, 0.200, 0.206, 0.146, 0.174
172.940, 0.200, 0.200, 0.211, 0.149, 0.175
172.960, 0.200, 0.200, 0.218, 0.152, 0.177
172.980, 0.200, 0.200, 0.226, 0.155, 0.179
173.000, 0.200, 0.200, 0.234, 0.158, 0.180
173.020, 0.200, 0.200, 0.243, 0.162, 0.180
173.040, 0.200, 0.200, 0.253, 0.165, 0.180
173.060, 0.200, 0.200, 0.262, 0.169, 0.180
173.080, 0.200, 0.200, 0.272, 0.174, 0.180
173.100, 0.200, 0.200, 0.281, 0.178, 0.179
173.120, 0.200, 0.200, 0.292, 0.182, 0.178
173.140, 0.200, 0.200, 0.302, 0.186, 0.176
173.160, 0.200, 0.200, 0.313, 0.190, 0.174
173.180, 0.200, 0.200, 0.325, 0.194, 0.172
173.200, 0.200, 0.200, 0.337, 0.197, 0.171
173.220, 0.200, 0.200, 0.348, 0.199, 0.170
173.240, 0.200, 0.200, 0.358, 0.200, 0.170
173.260, 0.200, 0.200, 0.366, 0.200, 0.171
173.280, 0.200, 0.200, 0.372, 0.199, 0.173
173.300, 0.200, 0.200, 0.377, 0.197, 0.175
173.320, 0.200, 0.200, 0.380, 0.194, 0.178
173.340, 0.200, 0.200, 0.382, 0.191, 0.181
173.360, 0.200, 0.200, 0.384, 0.187, 0.185
173.380, 0.200, 0.200, 0.385, 0.183, 0.189
173.400, 0.200, 0.200, 0.386, 0.179, 0.194
173.420, 0.200, 0.200, 0.384, 0.175, 0.197
173.440, 0.200, 0.200, 0.380, 0.171, 0.198
173.460, 0.200, 0.200, 0.374, 0.168, 0.195
173.480, 0.200, 0.200, 0.366, 0.165, 0.190
173.500, 0.200, 0.200, 0.358, 0.163, 0.183
173.520, 0.200, 0.200, 0.353, 0.162, 0.180
173.540, 0.200, 0.200, 0.350, 0.161, 0.178
173.560, 0.200, 0.200, 0.350, 0.162, 0.177
173.580, 0.200, 0.200, 0.352, 0.163, 0.178
173.600, 0.200, 0.200, 0.357, 0.164, 0.178
173.620, 0.200, 0.200, 0.363, 0.166, 0.179
173.640, 0.200, 0.200, 0.370, 0.168, 0.179
173.660, 0.200, 0.200, 0.376, 0.171, 0.180
173.680, 0.200, 0.200, 0.383, 0.174, 0.181
173.700, 0.200, 0.200, 0.389, 0.179, 0.181
173.720, 0.200, 0.200, 0.394, 0.183, 0.182
173.740, 0.200, 0.200, 0.399, 0.189, 0.184
173.760, 0.200, 0.200, 0.403, 0.194, 0.185
173.780, 0.200, 0.200, 0.407, 0.199, 0.186
173.800, 0.200, 0.200, 0.410, 0.204, 0.187
173.820, 0.200, 0.200, 0.413, 0.208, 0.188
173.840, 0.200, 0.200, 0.416, 0.212, 0.189
173.860, 0.200, 0.200, 0.419, 0.215, 0.190
173.880, 0.200, 0.200, 0.421, 0.217, 0.190
173.900, 0.200, 0.200, 0.422, 0.218, 0.190
173.920, 0.200, 0.200, 0.423, 0.219, 0.190
173.940, 0.200, 0.200, 0.423, 0.219, 0.190
173.960, 0.200, 0.200, 0.422, 0.219, 0.191
173.980, 0.200, 0.200, 0.420, 0.218, 0.191
174.000, 0.200, 0.200, 0.418, 0.217, 0.192
174.020, 0.200, 0.200, 0.415, 0.216, 0.194
174.040, 0.200, 0.200, 0.411, 0.215, 0.199
174.060, 0.200, 0.200, 0.407, 0.214, 0.205
174.080, 0.200, 0.200, 0.402, 0.213, 0.209
174.100, 0.200, 0.200, 0.396, 0.212, 0.208
174.120, 0.200, 0.200, 0.391, 0.212, 0.202
174.140, 0.200, 0.200, 0.386, 0.213, 0.194
174.160, 0.200, 0.200, 0.383, 0.215, 0.186
174.180, 0.200, 0.200, 0.383, 0.217, 0.181
174.200, 0.200, 0.200, 0.384, 0.219, 0.177
174.220, 0.200, 0.200, 0.387, 0.221, 0.176
174.240, 0.200, 0.200, 0.392, 0.224, 0.177
174.260, 0.200, 0.200, 0.399, 0.226, 0.178
174.280, 0.200, 0.200, 0.407, 0.228, 0.180
174.300, 0.200, 0.200, 0.415, 0.231, 0.181
174.320, 0.200, 0.200, 0.425, 0.234, 0.181
174.340, 0.200, 0.200, 0.434, 0.237, 0.181
174.360, 0.200, 0.200, 0.443, 0.240, 0.181
174.380, 0.200, 0.200, 0.453, 0.244, 0.180
174.400, 0.200, 0.200, 0.464, 0.247, 0.180
174.420, 0.200, 0.200, 0.474, 0.251, 0.178
174.440, 0.200, 0.200, 0.485, 0.255, 0.176
174.460, 0.200, 0.200, 0.497, 0.258, 0.174
174.480, 0.200, 0.200, 0.509, 0.261, 0.172
174.500, 0.200, 0.200, 0.520, 0.263, 0.170
174.520, 0.200, 0.200, 0.531, 0.265, 0.170
174.540, 0.200, 0.200, 0.540, 0.265, 0.171
176.580, 0.200, 0.300, 0.000, 0.000, 0.250
176.600, 0.200, 0.300, -0.000, 0.000, 0.237
176.620, 0.200, 0.300, -0.000, 0.001, 0.223
176.640, 0.200, 0.300, -0.001, 0.001, 0.209
176.660, 0.200, 0.300, 0.000, 0.003, 0.198
176.680, 0.200, 0.300, 0.002, 0.006, 0.190
176.700, 0.200, 0.300, 0.005, 0.009, 0.185
176.720, 0.200, 0.300, 0.008, 0.013, 0.183
176.740, 0.200, 0.300, 0.012, 0.017, 0.184
176.760, 0.200, 0.300, 0.015, 0.021, 0.188
176.780, 0.200, 0.300, 0.018, 0.024, 0.193
176.800, 0.200, 0.300, 0.020, 0.026, 0.199
176.820, 0.200, 0.300, 0.022, 0.028, 0.203
176.840, 0.200, 0.300, 0.022, 0.028, 0.203
176.860, 0.200, 0.300, 0.021, 0.027, 0.199
176.880, 0.200, 0.300, 0.019, 0.027, 0.192
176.900, 0.200, 0.300, 0.018, 0.028, 0.186
176.920, 0.200, 0.300, 0.018, 0.029, 0.181
176.940, 0.200, 0.300, 0.019, 0.031, 0.177
176.960, 0.200, 0.300, 0.021, 0.033, 0.176
176.980, 0.200, 0.300, 0.023, 0.036, 0.177
177.000, 0.200, 0.300, 0.026, 0.039, 0.178
177.020, 0.200, 0.300, 0.029, 0.042, 0.180
177.040, 0.200, 0.300, 0.032, 0.046, 0.181
177.060, 0.200, 0.300, 0.036, 0.049, 0.182
177.080, 0.200, 0.300, 0.039, 0.052, 0.182
177.100, 0.200, 0.300, 0.042, 0.055, 0.182
177.120, 0.200, 0.300, 0.045, 0.058, 0.181
177.140, 0.200, 0.300, 0.048, 0.061, 0.181
177.160, 0.200, 0.300, 0.050, 0.063, 0.180
177.180, 0.200, 0.300, 0.053, 0.065, 0.180
177.200, 0.200, 0.300, 0.054, 0.066, 0.179
177.220, 0.200, 0.300, 0.056, 0.067, 0.180
177.240, 0.200, 0.300, 0.057, 0.068, 0.181
177.260, 0.200, 0.300, 0.058, 0.067, 0.182
177.280, 0.200, 0.300, 0.058, 0.067, 0.183
177.300, 0.200, 0.300, 0.058, 0.066, 0.184
177.320, 0.200, 0.300, 0.057, 0.064, 0.186
177.340, 0.200, 0.300, 0.056, 0.063, 0.188
177.360, 0.200, 0.300, 0.054, 0.061, 0.190
177.380, 0.200, 0.300, 0.052, 0.059, 0.192
177.400, 0.200, 0.300, 0.050, 0.058, 0.194
177.420, 0.200, 0.300, 0.047, 0.056, 0.197
177.440, 0.200, 0.300, 0.044, 0.055, 0.201
177.460, 0.200, 0.300, 0.042, 0.053, 0.206
177.480, 0.200, 0.300, 0.040, 0.051, 0.209
177.500, 0.200, 0.300, 0.038, 0.050, 0.207
177.520, 0.200, 0.300, 0.036, 0.050, 0.202
177.540, 0.200, 0.300, 0.035, 0.052, 0.195
177.560, 0.200, 0.300, 0.035, 0.055, 0.188
177.580, 0.200, 0.300, 0.036, 0.059, 0.182
177.600, 0.200, 0.300, 0.039, 0.064, 0.179
177.620, 0.200, 0.300, 0.044, 0.069, 0.177
177.640, 0.200, 0.300, 0.051, 0.076, 0.177
177.660, 0.200, 0.300, 0.059, 0.083, 0.177
177.680, 0.200, 0.300, 0.068, 0.090, 0.178
177.700, 0.200, 0.300, 0.078, 0.098, 0.178
177.720, 0.200, 0.300, 0.088, 0.106, 0.178
177.740, 0.200, 0.300, 0.099, 0.115, 0.177
177.760, 0.200, 0.300, 0.111, 0.124, 0.175
177.780, 0.200, 0.300, 0.122, 0.133, 0.172
177.800, 0.200, 0.300, 0.134, 0.141, 0.168
177.820, 0.200, 0.300, 0.146, 0.149, 0.163
177.840, 0.200, 0.300, 0.157, 0.155, 0.160
177.860, 0.200, 0.300, 0.167, 0.160, 0.157
177.880, 0.200, 0.300, 0.174, 0.163, 0.158
177.900, 0.200, 0.300, 0.177, 0.164, 0.163
177.920, 0.200, 0.300, 0.181, 0.163, 0.168
177.940, 0.200, 0.300, 0.184, 0.160, 0.172
177.960, 0.200, 0.300, 0.188, 0.156, 0.174
177.980, 0.200, 0.300, 0.190, 0.150, 0.176
178.000, 0.200, 0.300, 0.192, 0.144, 0.178
178.020, 0.200, 0.300, 0.194, 0.138, 0.179
178.040, 0.200, 0.300, 0.196, 0.131, 0.180
178.060, 0.200, 0.300, 0.197, 0.124, 0.181
178.080, 0.200, 0.300, 0.197, 0.116, 0.183
178.100, 0.200, 0.300, 0.196, 0.109, 0.186
178.120, 0.200, 0.300, 0.195, 0.102, 0.190
178.140, 0.200, 0.300, 0.192, 0.095, 0.192
178.160, 0.200, 0.300, 0.186, 0.089, 0.191
178.180, 0.200, 0.300, 0.177, 0.083, 0.187
178.200, 0.200, 0.300, 0.168, 0.079, 0.181
178.220, 0.200, 0.300, 0.161, 0.076, 0.178
178.240, 0.200, 0.300, 0.157, 0.075, 0.176
178.260, 0.200, 0.300, 0.157, 0.076, 0.175
178.280, 0.200, 0.300, 0.159, 0.079, 0.175
178.300, 0.200, 0.300, 0.164, 0.082, 0.176
178.320, 0.200, 0.300, 0.171, 0.086, 0.177
178.340, 0.200, 0.300, 0.177, 0.091, 0.178
178.360, 0.200, 0.300, 0.183, 0.097, 0.179
178.380, 0.200, 0.300, 0.189, 0.104, 0.179
178.400, 0.200, 0.300, 0.195, 0.111, 0.180
178.420, 0.200, 0.300, 0.200, 0.118, 0.180
178.440, 0.200, 0.300, 0.204, 0.126, 0.181
178.460, 0.200, 0.300, 0.208, 0.132, 0.181
178.480, 0.200, 0.300, 0.212, 0.138, 0.181
178.500, 0.200, 0.300, 0.215, 0.144, 0.181
178.520, 0.200, 0.300, 0.218, 0.148, 0.181
178.540, 0.200, 0.300, 0.221, 0.150, 0.181
178.560, 0.200, 0.300, 0.223, 0.152, 0.181
178.580, 0.200, 0.300, 0.225, 0.152, 0.181
178.600, 0.200, 0.300, 0.226, 0.151, 0.181
178.620, 0.200, 0.300, 0.227, 0.149, 0.183
178.640, 0.200, 0.300, 0.228, 0.146, 0.184
178.660, 0.200, 0.300, 0.227, 0.142, 0.185
178.680, 0.200, 0.300, 0.227, 0.138, 0.186
178.700, 0.200, 0.300, 0.225, 0.134, 0.188
178.720, 0.200, 0.300, 0.224, 0.131, 0.189
178.740, 0.200, 0.300, 0.221, 0.128, 0.191
178.760, 0.200, 0.300, 0.219, 0.125, 0.194
178.780, 0.200, 0.300, 0.216, 0.123, 0.197
178.800, 0.200, 0.300, 0.211, 0.122, 0.196
178.820, 0.200, 0.300, 0.205, 0.122, 0.192
178.840, 0.200, 0.300, 0.197, 0.124, 0.185
178.860, 0.200, 0.300, 0.190, 0.127, 0.176
178.880, 0.200, 0.300, 0.184, 0.131, 0.169
178.900, 0.200, 0.300, 0.180, 0.135, 0.164
178.920, 0.200, 0.300, 0.177, 0.138, 0.162
178.940, 0.200, 0.300, 0.177, 0.142, 0.161
178.960, 0.200, 0.300, 0.178, 0.146, 0.161
178.980, 0.200, 0.300, 0.180, 0.150, 0.162
179.000, 0.200, 0.300, 0.185, 0.153, 0.163
179.020, 0.200, 0.300, 0.191, 0.157, 0.163
179.040, 0.200, 0.300, 0.197, 0.160, 0.164
179.060, 0.200, 0.300, 0.205, 0.163, 0.164
179.080, 0.200, 0.300, 0.213, 0.166, 0.163
179.100, 0.200, 0.300, 0.221, 0.169, 0.162
179.120, 0.200, 0.300, 0.229, 0.172, 0.162
179.140, 0.200, 0.300, 0.237, 0.175, 0.162
179.160, 0.200, 0.300, 0.246, 0.178, 0.162
179.180, 0.200, 0.300, 0.255, 0.181, 0.163
179.200, 0.200, 0.300, 0.265, 0.184, 0.164
179.220, 0.200, 0.300, 0.274, 0.186, 0.165
179.240, 0.200, 0.300, 0.284, 0.187, 0.166
179.260, 0.200, 0.300, 0.295, 0.187, 0.165
179.280, 0.200, 0.300, 0.305, 0.187, 0.165
179.300, 0.200, 0.300, 0.314, 0.185, 0.166
179.320, 0.200, 0.300, 0.321, 0.182, 0.167
179.340, 0.200, 0.300, 0.327, 0.179, 0.169
179.360, 0.200, 0.300, 0.332, 0.175, 0.172
179.380, 0.200, 0.300, 0.336, 0.171, 0.175
179.400, 0.200, 0.300, 0.338, 0.166, 0.179
179.420, 0.200, 0.300, 0.340, 0.160, 0.185
179.440, 0.200, 0.300, 0.340, 0.156, 0.190
179.460, 0.200, 0.300, 0.338, 0.152, 0.192
179.480, 0.200, 0.300, 0.334, 0.149, 0.190
179.500, 0.200, 0.300, 0.328, 0.146, 0.186
179.520, 0.200, 0.300, 0.325, 0.145, 0.183
179.540, 0.200, 0.300, 0.323, 0.145, 0.180
179.560, 0.200, 0.300, 0.324, 0.146, 0.178
179.580, 0.200, 0.300, 0.327, 0.147, 0.178
179.600, 0.200, 0.300, 0.333, 0.149, 0.178
179.620, 0.200, 0.300, 0.340, 0.152, 0.179
179.640, 0.200, 0.300, 0.348, 0.155, 0.179
179.660, 0.200, 0.300, 0.357, 0.158, 0.180
179.680, 0.200, 0.300, 0.365, 0.163, 0.181
179.700, 0.200, 0.300, 0.374, 0.168, 0.181
179.720, 0.200, 0.300, 0.382, 0.173, 0.181
179.740, 0.200, 0.300, 0.390, 0.178, 0.181
179.760, 0.200, 0.300, 0.397, 0.183, 0.181
179.780, 0.200, 0.300, 0.402, 0.188, 0.181
179.800, 0.200, 0.300, 0.407, 0.192, 0.181
179.820, 0.200, 0.300, 0.410, 0.196, 0.182
179.840, 0.200, 0.300, 0.413, 0.199, 0.183
179.860, 0.200, 0.300, 0.416, 0.200, 0.185
179.880, 0.200, 0.300, 0.417, 0.201, 0.186
179.900, 0.200, 0.300, 0.418, 0.201, 0.188
179.920, 0.200, 0.300, 0.418, 0.201, 0.189
179.940, 0.200, 0.300, 0.417, 0.199, 0.190
179.960, 0.200, 0.300, 0.415, 0.198, 0.191
179.980, 0.200, 0.300, 0.413, 0.196, 0.192
180.000, 0.200, 0.300, 0.410, 0.194, 0.193
180.020, 0.200, 0.300, 0.406, 0.193, 0.194
180.040, 0.200, 0.300, 0.402, 0.191, 0.198
180.060, 0.200, 0.300, 0.396, 0.190, 0.202
180.080, 0.200, 0.300, 0.391, 0.190, 0.207
180.100, 0.200, 0.300, 0.385, 0.189, 0.208
180.120, 0.200, 0.300, 0.379, 0.190, 0.204
180.140, 0.200, 0.300, 0.373, 0.191, 0.197
180.160, 0.200, 0.300, 0.368, 0.193, 0.189
180.180, 0.200, 0.300, 0.365, 0.195, 0.182
180.200, 0.200, 0.300, 0.364, 0.197, 0.176
180.220, 0.200, 0.300, 0.364, 0.200, 0.172
180.240, 0.200, 0.300, 0.367, 0.202, 0.171
180.260, 0.200, 0.300, 0.372, 0.204, 0.170
180.280, 0.200, 0.300, 0.379, 0.206, 0.171
180.300, 0.200, 0.300, 0.388, 0.208, 0.171
180.320, 0.200, 0.300, 0.398, 0.210, 0.172
180.340, 0.200, 0.300, 0.409, 0.212, 0.172
180.360, 0.200, 0.300, 0.420, 0.215, 0.172
180.380, 0.200, 0.300, 0.432, 0.218, 0.172
180.400, 0.200, 0.300, 0.444, 0.222, 0.171
180.420, 0.200, 0.300, 0.457, 0.225, 0.170
180.440, 0.200, 0.300, 0.470, 0.229, 0.169
180.460, 0.200, 0.300, 0.484, 0.232, 0.167
180.480, 0.200, 0.300, 0.498, 0.234, 0.166
180.500, 0.200, 0.300, 0.510, 0.236, 0.165
180.520, 0.200, 0.300, 0.521, 0.236, 0.164
180.540, 0.200, 0.300, 0.531, 0.236, 0.164
180.560, 0.200, 0.300, 0.539, 0.234, 0.165
182.600, 0.200, 0.400, 0.000, 0.000, 0.250
182.620, 0.200, 0.400, -0.000, 0.000, 0.237
182.640, 0.200, 0.400, -0.000, 0.001, 0.223
182.660, 0.200, 0.400, -0.001, 0.001, 0.208
182.680, 0.200, 0.400, -0.000, 0.003, 0.197
182.700, 0.200, 0.400, 0.002, 0.007, 0.189
182.720, 0.200, 0.400, 0.005, 0.011, 0.183
182.740, 0.200, 0.400, 0.008, 0.015, 0.182
182.760, 0.200, 0.400, 0.012, 0.020, 0.182
182.780, 0.200, 0.400, 0.016, 0.025, 0.185
182.800, 0.200, 0.400, 0.019, 0.028, 0.190
182.820, 0.200, 0.400, 0.021, 0.031, 0.196
182.840, 0.200, 0.400, 0.023, 0.033, 0.200
182.860, 0.200, 0.400, 0.023, 0.033, 0.201
182.880, 0.200, 0.400, 0.023, 0.033, 0.197
182.900, 0.200, 0.400, 0.021, 0.033, 0.191
182.920, 0.200, 0.400, 0.020, 0.034, 0.185
182.940, 0.200, 0.400, 0.020, 0.036, 0.181
182.960, 0.200, 0.400, 0.020, 0.040, 0.177
182.980, 0.200, 0.400, 0.022, 0.044, 0.176
183.000, 0.200, 0.400, 0.024, 0.048, 0.176
183.020, 0.200, 0.400, 0.026, 0.053, 0.178
183.040, 0.200, 0.400, 0.029, 0.058, 0.180
183.060, 0.200, 0.400, 0.033, 0.063, 0.181
183.080, 0.200, 0.400, 0.036, 0.068, 0.183
183.100, 0.200, 0.400, 0.039, 0.073, 0.183
183.120, 0.200, 0.400, 0.042, 0.077, 0.182
183.140, 0.200, 0.400, 0.044, 0.081, 0.181
183.160, 0.200, 0.400, 0.046, 0.085, 0.180
183.180, 0.200, 0.400, 0.048, 0.088, 0.180
183.200, 0.200, 0.400, 0.050, 0.090, 0.179
183.220, 0.200, 0.400, 0.051, 0.092, 0.179
183.240, 0.200, 0.400, 0.052, 0.093, 0.179
183.260, 0.200, 0.400, 0.052, 0.093, 0.180
183.280, 0.200, 0.400, 0.052, 0.092, 0.181
183.300, 0.200, 0.400, 0.052, 0.091, 0.182
183.320, 0.200, 0.400, 0.051, 0.090, 0.184
183.340, 0.200, 0.400, 0.050, 0.088, 0.186
183.360, 0.200, 0.400, 0.049, 0.086, 0.188
183.380, 0.200, 0.400, 0.047, 0.084, 0.190
183.400, 0.200, 0.400, 0.045, 0.082, 0.192
183.420, 0.200, 0.400, 0.043, 0.079, 0.194
183.440, 0.200, 0.400, 0.041, 0.077, 0.197
183.460, 0.200, 0.400, 0.039, 0.075, 0.201
183.480, 0.200, 0.400, 0.036, 0.072, 0.205
183.500, 0.200, 0.400, 0.034, 0.070, 0.208
183.520, 0.200, 0.400, 0.033, 0.068, 0.207
183.540, 0.200, 0.400, 0.032, 0.067, 0.201
183.560, 0.200, 0.400, 0.031, 0.069, 0.194
183.580, 0.200, 0.400, 0.031, 0.072, 0.186
183.600, 0.200, 0.400, 0.033, 0.077, 0.181
183.620, 0.200, 0.400, 0.036, 0.083, 0.177
183.640, 0.200, 0.400, 0.042, 0.091, 0.175
183.660, 0.200, 0.400, 0.049, 0.099, 0.175
183.680, 0.200, 0.400, 0.057, 0.109, 0.176
183.700, 0.200, 0.400, 0.067, 0.119, 0.177
183.720, 0.200, 0.400, 0.078, 0.129, 0.177
183.740, 0.200, 0.400, 0.089, 0.141, 0.177
183.760, 0.200, 0.400, 0.101, 0.152, 0.175
183.780, 0.200, 0.400, 0.113, 0.164, 0.172
183.800, 0.200, 0.400, 0.125, 0.175, 0.167
183.820, 0.200, 0.400, 0.136, 0.186, 0.162
183.840, 0.200, 0.400, 0.148, 0.195, 0.155
183.860, 0.200, 0.400, 0.153, 0.202, 0.155
183.880, 0.200, 0.400, 0.159, 0.204, 0.161
183.900, 0.200, 0.400, 0.164, 0.204, 0.166
183.920, 0.200, 0.400, 0.167, 0.203, 0.168
183.940, 0.200, 0.400, 0.171, 0.200, 0.169
183.960, 0.200, 0.400, 0.174, 0.195, 0.168
183.980, 0.200, 0.400, 0.178, 0.189, 0.166
184.000, 0.200, 0.400, 0.180, 0.184, 0.167
184.020, 0.200, 0.400, 0.181, 0.178, 0.170
184.040, 0.200, 0.400, 0.182, 0.172, 0.172
184.060, 0.200, 0.400, 0.184, 0.165, 0.173
184.080, 0.200, 0.400, 0.186, 0.158, 0.175
184.100, 0.200, 0.400, 0.188, 0.151, 0.177
184.120, 0.200, 0.400, 0.189, 0.145, 0.180
184.140, 0.200, 0.400, 0.190, 0.138, 0.184
184.160, 0.200, 0.400, 0.189, 0.132, 0.186
184.180, 0.200, 0.400, 0.185, 0.126, 0.185
184.200, 0.200, 0.400, 0.179, 0.121, 0.181
184.220, 0.200, 0.400, 0.173, 0.117, 0.176
184.240, 0.200, 0.400, 0.167, 0.116, 0.171
184.260, 0.200, 0.400, 0.164, 0.116, 0.168
184.280, 0.200, 0.400, 0.164, 0.119, 0.167
184.300, 0.200, 0.400, 0.168, 0.123, 0.167
184.320, 0.200, 0.400, 0.173, 0.129, 0.168
184.340, 0.200, 0.400, 0.179, 0.135, 0.169
184.360, 0.200, 0.400, 0.185, 0.143, 0.170
184.380, 0.200, 0.400, 0.191, 0.150, 0.170
184.400, 0.200, 0.400, 0.197, 0.158, 0.170
184.420, 0.200, 0.400, 0.201, 0.166, 0.169
184.440, 0.200, 0.400, 0.205, 0.173, 0.169
184.460, 0.200, 0.400, 0.208, 0.179, 0.168
184.480, 0.200, 0.400, 0.210, 0.184, 0.168
184.500, 0.200, 0.400, 0.212, 0.187, 0.168
184.520, 0.200, 0.400, 0.213, 0.190, 0.169
184.540, 0.200, 0.400, 0.213, 0.191, 0.169
184.560, 0.200, 0.400, 0.213, 0.190, 0.170
184.580, 0.200, 0.400, 0.213, 0.188, 0.172
184.600, 0.200, 0.400, 0.213, 0.185, 0.175
184.620, 0.200, 0.400, 0.213, 0.181, 0.176
184.640, 0.200, 0.400, 0.213, 0.177, 0.178
184.660, 0.200, 0.400, 0.213, 0.173, 0.179
184.680, 0.200, 0.400, 0.212, 0.170, 0.180
184.700, 0.200, 0.400, 0.211, 0.166, 0.181
184.720, 0.200, 0.400, 0.209, 0.163, 0.182
184.740, 0.200, 0.400, 0.207, 0.161, 0.184
184.760, 0.200, 0.400, 0.205, 0.160, 0.186
184.780, 0.200, 0.400, 0.203, 0.159, 0.189
184.800, 0.200, 0.400, 0.200, 0.159, 0.192
184.820, 0.200, 0.400, 0.196, 0.160, 0.191
184.840, 0.200, 0.400, 0.192, 0.162, 0.186
184.860, 0.200, 0.400, 0.185, 0.165, 0.177
184.880, 0.200, 0.400, 0.178, 0.169, 0.167
184.900, 0.200, 0.400, 0.171, 0.174, 0.159
184.920, 0.200, 0.400, 0.166, 0.180, 0.152
184.940, 0.200, 0.400, 0.163, 0.187, 0.147
184.960, 0.200, 0.400, 0.161, 0.193, 0.145
184.980, 0.200, 0.400, 0.160, 0.198, 0.145
185.000, 0.200, 0.400, 0.160, 0.203, 0.145
185.020, 0.200, 0.400, 0.162, 0.208, 0.147
185.040, 0.200, 0.400, 0.166, 0.211, 0.148
185.060, 0.200, 0.400, 0.170, 0.214, 0.150
185.080, 0.200, 0.400, 0.175, 0.216, 0.152
185.100, 0.200, 0.400, 0.180, 0.217, 0.154
185.120, 0.200, 0.400, 0.185, 0.217, 0.155
185.140, 0.200, 0.400, 0.190, 0.217, 0.156
185.160, 0.200, 0.400, 0.195, 0.216, 0.157
185.180, 0.200, 0.400, 0.200, 0.215, 0.158
185.200, 0.200, 0.400, 0.204, 0.214, 0.159
185.220, 0.200, 0.400, 0.208, 0.213, 0.159
185.240, 0.200, 0.400, 0.213, 0.212, 0.160
185.260, 0.200, 0.400, 0.217, 0.212, 0.161
185.280, 0.200, 0.400, 0.221, 0.211, 0.161
185.300, 0.200, 0.400, 0.225, 0.210, 0.162
185.320, 0.200, 0.400, 0.229, 0.209, 0.163
185.340, 0.200, 0.400, 0.233, 0.208, 0.164
185.360, 0.200, 0.400, 0.237, 0.206, 0.166
185.380, 0.200, 0.400, 0.240, 0.204, 0.169
185.400, 0.200, 0.400, 0.243, 0.201, 0.173
185.420, 0.200, 0.400, 0.245, 0.198, 0.177
185.440, 0.200, 0.400, 0.246, 0.196, 0.182
185.460, 0.200, 0.400, 0.246, 0.193, 0.186
185.480, 0.200, 0.400, 0.245, 0.190, 0.188
185.500, 0.200, 0.400, 0.242, 0.188, 0.186
185.520, 0.200, 0.400, 0.240, 0.188, 0.183
185.540, 0.200, 0.400, 0.238, 0.190, 0.180
185.560, 0.200, 0.400, 0.238, 0.193, 0.177
185.580, 0.200, 0.400, 0.239, 0.198, 0.175
185.600, 0.200, 0.400, 0.242, 0.203, 0.173
185.620, 0.200, 0.400, 0.245, 0.209, 0.174
185.640, 0.200, 0.400, 0.249, 0.215, 0.175
185.660, 0.200, 0.400, 0.254, 0.222, 0.178
185.680, 0.200, 0.400, 0.259, 0.229, 0.180
185.700, 0.200, 0.400, 0.265, 0.236, 0.182
185.720, 0.200, 0.400, 0.270, 0.244, 0.184
185.740, 0.200, 0.400, 0.275, 0.251, 0.185
185.760, 0.200, 0.400, 0.280, 0.259, 0.185
185.780, 0.200, 0.400, 0.284, 0.265, 0.184
185.800, 0.200, 0.400, 0.288, 0.272, 0.183
185.820, 0.200, 0.400, 0.290, 0.277, 0.182
185.840, 0.200, 0.400, 0.292, 0.281, 0.182
185.860, 0.200, 0.400, 0.293, 0.284, 0.182
185.880, 0.200, 0.400, 0.294, 0.287, 0.182
185.900, 0.200, 0.400, 0.294, 0.288, 0.183
185.920, 0.200, 0.400, 0.294, 0.288, 0.184
185.940, 0.200, 0.400, 0.293, 0.287, 0.185
185.960, 0.200, 0.400, 0.291, 0.285, 0.187
185.980, 0.200, 0.400, 0.290, 0.283, 0.188
186.000, 0.200, 0.400, 0.287, 0.281, 0.190
186.020, 0.200, 0.400, 0.285, 0.277, 0.193
186.040, 0.200, 0.400, 0.282, 0.274, 0.195
186.060, 0.200, 0.400, 0.279, 0.271, 0.198
186.080, 0.200, 0.400, 0.276, 0.267, 0.202
186.100, 0.200, 0.400, 0.273, 0.264, 0.206
186.120, 0.200, 0.400, 0.270, 0.260, 0.209
186.140, 0.200, 0.400, 0.268, 0.257, 0.208
186.160, 0.200, 0.400, 0.266, 0.256, 0.203
186.180, 0.200, 0.400, 0.266, 0.256, 0.195
186.200, 0.200, 0.400, 0.267, 0.258, 0.188
186.220, 0.200, 0.400, 0.270, 0.261, 0.182
186.240, 0.200, 0.400, 0.275, 0.266, 0.178
186.260, 0.200, 0.400, 0.281, 0.271, 0.176
186.280, 0.200, 0.400, 0.290, 0.277, 0.176
186.300, 0.200, 0.400, 0.300, 0.284, 0.177
186.320, 0.200, 0.400, 0.311, 0.292, 0.178
186.340, 0.200, 0.400, 0.323, 0.300, 0.179
186.360, 0.200, 0.400, 0.337, 0.308, 0.179
186.380, 0.200, 0.400, 0.351, 0.317, 0.177
186.400, 0.200, 0.400, 0.365, 0.326, 0.175
186.420, 0.200, 0.400, 0.379, 0.336, 0.171
186.440, 0.200, 0.400, 0.393, 0.344, 0.165
186.460, 0.200, 0.400, 0.407, 0.352, 0.159
186.480, 0.200, 0.400, 0.419, 0.358, 0.153
186.500, 0.200, 0.400, 0.425, 0.363, 0.157
186.520, 0.200, 0.400, 0.431, 0.363, 0.163
186.540, 0.200, 0.400, 0.434, 0.361, 0.167
186.560, 0.200, 0.400, 0.437, 0.358, 0.169
186.580, 0.200, 0.400, 0.439, 0.354, 0.170
188.620, 0.200, 0.500, 0.000, 0.000, 0.250
188.640, 0.200, 0.500, -0.000, 0.000, 0.237
188.660, 0.200, 0.500, -0.001, 0.001, 0.223
188.680, 0.200, 0.500, -0.001, 0.001, 0.207
188.700, 0.200, 0.500, -0.001, 0.004, 0.195
188.720, 0.200, 0.500, 0.001, 0.007, 0.186
188.740, 0.200, 0.500, 0.005, 0.012, 0.181
188.760, 0.200, 0.500, 0.008, 0.017, 0.180
188.780, 0.200, 0.500, 0.013, 0.023, 0.180
188.800, 0.200, 0.500, 0.017, 0.028, 0.182
188.820, 0.200, 0.500, 0.021, 0.032, 0.186
188.840, 0.200, 0.500, 0.024, 0.035, 0.192
188.860, 0.200, 0.500, 0.026, 0.037, 0.196
188.880, 0.200, 0.500, 0.027, 0.037, 0.197
188.900, 0.200, 0.500, 0.026, 0.037, 0.195
188.920, 0.200, 0.500, 0.025, 0.037, 0.190
188.940, 0.200, 0.500, 0.024, 0.038, 0.185
188.960, 0.200, 0.500, 0.023, 0.041, 0.180
188.980, 0.200, 0.500, 0.023, 0.045, 0.177
189.000, 0.200, 0.500, 0.024, 0.051, 0.175
189.020, 0.200, 0.500, 0.025, 0.057, 0.175
189.040, 0.200, 0.500, 0.028, 0.063, 0.176
189.060, 0.200, 0.500, 0.030, 0.070, 0.179
189.080, 0.200, 0.500, 0.033, 0.077, 0.181
189.100, 0.200, 0.500, 0.036, 0.084, 0.183
189.120, 0.200, 0.500, 0.039, 0.090, 0.183
189.140, 0.200, 0.500, 0.041, 0.097, 0.183
189.160, 0.200, 0.500, 0.043, 0.102, 0.182
189.180, 0.200, 0.500, 0.045, 0.107, 0.180
189.200, 0.200, 0.500, 0.046, 0.111, 0.179
189.220, 0.200, 0.500, 0.047, 0.114, 0.178
189.240, 0.200, 0.500, 0.048, 0.116, 0.177
189.260, 0.200, 0.500, 0.048, 0.116, 0.178
189.280, 0.200, 0.500, 0.049, 0.116, 0.179
189.300, 0.200, 0.500, 0.049, 0.116, 0.180
189.320, 0.200, 0.500, 0.048, 0.114, 0.181
189.340, 0.200, 0.500, 0.048, 0.112, 0.183
189.360, 0.200, 0.500, 0.047, 0.109, 0.185
189.380, 0.200, 0.500, 0.045, 0.107, 0.187
189.400, 0.200, 0.500, 0.044, 0.103, 0.189
189.420, 0.200, 0.500, 0.042, 0.100, 0.191
189.440, 0.200, 0.500, 0.040, 0.097, 0.194
189.460, 0.200, 0.500, 0.038, 0.094, 0.197
189.480, 0.200, 0.500, 0.036, 0.090, 0.201
189.500, 0.200, 0.500, 0.034, 0.087, 0.205
189.520, 0.200, 0.500, 0.032, 0.084, 0.208
189.540, 0.200, 0.500, 0.030, 0.082, 0.207
189.560, 0.200, 0.500, 0.029, 0.081, 0.201
189.580, 0.200, 0.500, 0.029, 0.082, 0.194
189.600, 0.200, 0.500, 0.030, 0.086, 0.186
189.620, 0.200, 0.500, 0.032, 0.092, 0.180
189.640, 0.200, 0.500, 0.036, 0.100, 0.176
189.660, 0.200, 0.500, 0.041, 0.110, 0.175
189.680, 0.200, 0.500, 0.048, 0.121, 0.175
189.700, 0.200, 0.500, 0.057, 0.132, 0.176
189.720, 0.200, 0.500, 0.067, 0.145, 0.177
189.740, 0.200, 0.500, 0.079, 0.159, 0.177
189.760, 0.200, 0.500, 0.090, 0.173, 0.176
189.780, 0.200, 0.500, 0.103, 0.187, 0.173
189.800, 0.200, 0.500, 0.115, 0.201, 0.169
189.820, 0.200, 0.500, 0.126, 0.214, 0.163
189.840, 0.200, 0.500, 0.136, 0.225, 0.156
189.860, 0.200, 0.500, 0.142, 0.234, 0.156
189.880, 0.200, 0.500, 0.148, 0.236, 0.160
189.900, 0.200, 0.500, 0.153, 0.238, 0.164
189.920, 0.200, 0.500, 0.157, 0.238, 0.166
189.940, 0.200, 0.500, 0.162, 0.238, 0.165
189.960, 0.200, 0.500, 0.162, 0.236, 0.166
189.980, 0.200, 0.500, 0.162, 0.234, 0.169
190.000, 0.200, 0.500, 0.164, 0.231, 0.169
190.020, 0.200, 0.500, 0.166, 0.227, 0.170
190.040, 0.200, 0.500, 0.168, 0.222, 0.171
190.060, 0.200, 0.500, 0.170, 0.216, 0.172
190.080, 0.200, 0.500, 0.173, 0.210, 0.173
190.100, 0.200, 0.500, 0.176, 0.203, 0.174
190.120, 0.200, 0.500, 0.178, 0.196, 0.175
190.140, 0.200, 0.500, 0.180, 0.189, 0.178
190.160, 0.200, 0.500, 0.182, 0.182, 0.181
190.180, 0.200, 0.500, 0.182, 0.176, 0.184
190.200, 0.200, 0.500, 0.180, 0.169, 0.183
190.220, 0.200, 0.500, 0.176, 0.164, 0.180
190.240, 0.200, 0.500, 0.171, 0.160, 0.174
190.260, 0.200, 0.500, 0.166, 0.159, 0.168
190.280, 0.200, 0.500, 0.162, 0.161, 0.163
190.300, 0.200, 0.500, 0.161, 0.164, 0.161
190.320, 0.200, 0.500, 0.163, 0.170, 0.161
190.340, 0.200, 0.500, 0.166, 0.178, 0.162
190.360, 0.200, 0.500, 0.171, 0.186, 0.164
190.380, 0.200, 0.500, 0.175, 0.195, 0.166
190.400, 0.200, 0.500, 0.179, 0.205, 0.167
190.420, 0.200, 0.500, 0.182, 0.214, 0.168
190.440, 0.200, 0.500, 0.185, 0.223, 0.169
190.460, 0.200, 0.500, 0.186, 0.231, 0.170
190.480, 0.200, 0.500, 0.187, 0.237, 0.172
190.500, 0.200, 0.500, 0.187, 0.243, 0.173
190.520, 0.200, 0.500, 0.186, 0.248, 0.175
190.540, 0.200, 0.500, 0.184, 0.251, 0.177
190.560, 0.200, 0.500, 0.182, 0.253, 0.179
190.580, 0.200, 0.500, 0.179, 0.254, 0.180
190.600, 0.200, 0.500, 0.177, 0.255, 0.182
190.620, 0.200, 0.500, 0.174, 0.254, 0.183
190.640, 0.200, 0.500, 0.171, 0.253, 0.185
190.660, 0.200, 0.500, 0.168, 0.251, 0.186
190.680, 0.200, 0.500, 0.164, 0.249, 0.187
190.700, 0.200, 0.500, 0.160, 0.248, 0.189
190.720, 0.200, 0.500, 0.156, 0.246, 0.190
190.740, 0.200, 0.500, 0.152, 0.244, 0.191
190.760, 0.200, 0.500, 0.147, 0.243, 0.193
190.780, 0.200, 0.500, 0.143, 0.242, 0.195
190.800, 0.200, 0.500, 0.139, 0.241, 0.198
190.820, 0.200, 0.500, 0.136, 0.240, 0.202
190.840, 0.200, 0.500, 0.134, 0.241, 0.203
190.860, 0.200, 0.500, 0.131, 0.241, 0.200
190.880, 0.200, 0.500, 0.129, 0.242, 0.193
190.900, 0.200, 0.500, 0.128, 0.243, 0.185
190.920, 0.200, 0.500, 0.128, 0.245, 0.177
190.940, 0.200, 0.500, 0.130, 0.248, 0.171
190.960, 0.200, 0.500, 0.134, 0.253, 0.166
190.980, 0.200, 0.500, 0.139, 0.260, 0.163
191.000, 0.200, 0.500, 0.145, 0.268, 0.161
191.020, 0.200, 0.500, 0.152, 0.277, 0.161
191.040, 0.200, 0.500, 0.160, 0.286, 0.162
191.060, 0.200, 0.500, 0.169, 0.296, 0.162
191.080, 0.200, 0.500, 0.179, 0.306, 0.162
191.100, 0.200, 0.500, 0.189, 0.315, 0.161
191.120, 0.200, 0.500, 0.200, 0.324, 0.158
191.140, 0.200, 0.500, 0.210, 0.332, 0.155
191.160, 0.200, 0.500, 0.220, 0.338, 0.151
191.180, 0.200, 0.500, 0.228, 0.344, 0.147
191.200, 0.200, 0.500, 0.233, 0.348, 0.150
191.220, 0.200, 0.500, 0.238, 0.350, 0.155
191.240, 0.200, 0.500, 0.243, 0.350, 0.158
191.260, 0.200, 0.500, 0.247, 0.349, 0.158
191.280, 0.200, 0.500, 0.250, 0.348, 0.158
191.300, 0.200, 0.500, 0.251, 0.346, 0.160
191.320, 0.200, 0.500, 0.252, 0.345, 0.162
191.340, 0.200, 0.500, 0.253, 0.342, 0.164
191.360, 0.200, 0.500, 0.254, 0.338, 0.165
191.380, 0.200, 0.500, 0.256, 0.334, 0.165
191.400, 0.200, 0.500, 0.257, 0.329, 0.166
191.420, 0.200, 0.500, 0.259, 0.323, 0.167
191.440, 0.200, 0.500, 0.261, 0.317, 0.170
191.460, 0.200, 0.500, 0.262, 0.311, 0.174
191.480, 0.200, 0.500, 0.262, 0.305, 0.177
191.500, 0.200, 0.500, 0.260, 0.299, 0.179
191.520, 0.200, 0.500, 0.256, 0.293, 0.178
191.540, 0.200, 0.500, 0.251, 0.289, 0.174
191.560, 0.200, 0.500, 0.246, 0.287, 0.169
191.580, 0.200, 0.500, 0.242, 0.287, 0.167
191.600, 0.200, 0.500, 0.241, 0.290, 0.166
191.620, 0.200, 0.500, 0.243, 0.295, 0.167
191.640, 0.200, 0.500, 0.247, 0.302, 0.168
191.660, 0.200, 0.500, 0.253, 0.310, 0.170
191.680, 0.200, 0.500, 0.260, 0.319, 0.171
191.700, 0.200, 0.500, 0.266, 0.329, 0.171
191.720, 0.200, 0.500, 0.272, 0.340, 0.171
191.740, 0.200, 0.500, 0.276, 0.350, 0.171
191.760, 0.200, 0.500, 0.280, 0.360, 0.170
191.780, 0.200, 0.500, 0.282, 0.369, 0.168
191.800, 0.200, 0.500, 0.283, 0.376, 0.167
191.820, 0.200, 0.500, 0.283, 0.381, 0.166
191.840, 0.200, 0.500, 0.281, 0.385, 0.165
191.860, 0.200, 0.500, 0.279, 0.387, 0.165
191.880, 0.200, 0.500, 0.276, 0.387, 0.166
191.900, 0.200, 0.500, 0.273, 0.386, 0.167
191.920, 0.200, 0.500, 0.270, 0.384, 0.168
191.940, 0.200, 0.500, 0.267, 0.381, 0.170
191.960, 0.200, 0.500, 0.264, 0.378, 0.171
191.980, 0.200, 0.500, 0.260, 0.374, 0.174
192.000, 0.200, 0.500, 0.256, 0.370, 0.176
192.020, 0.200, 0.500, 0.252, 0.366, 0.179
192.040, 0.200, 0.500, 0.249, 0.363, 0.181
192.060, 0.200, 0.500, 0.245, 0.359, 0.184
192.080, 0.200, 0.500, 0.242, 0.357, 0.188
192.100, 0.200, 0.500, 0.239, 0.355, 0.193
192.120, 0.200, 0.500, 0.238, 0.353, 0.198
192.140, 0.200, 0.500, 0.238, 0.352, 0.201
192.160, 0.200, 0.500, 0.237, 0.351, 0.199
192.180, 0.200, 0.500, 0.238, 0.351, 0.193
192.200, 0.200, 0.500, 0.239, 0.353, 0.185
192.220, 0.200, 0.500, 0.241, 0.356, 0.177
192.240, 0.200, 0.500, 0.244, 0.360, 0.170
192.260, 0.200, 0.500, 0.248, 0.366, 0.166
192.280, 0.200, 0.500, 0.254, 0.373, 0.164
192.300, 0.200, 0.500, 0.261, 0.381, 0.163
192.320, 0.200, 0.500, 0.270, 0.389, 0.164
192.340, 0.200, 0.500, 0.279, 0.398, 0.164
192.360, 0.200, 0.500, 0.290, 0.407, 0.163
192.380, 0.200, 0.500, 0.302, 0.416, 0.162
192.400, 0.200, 0.500, 0.315, 0.424, 0.160
192.420, 0.200, 0.500, 0.327, 0.432, 0.157
192.440, 0.200, 0.500, 0.340, 0.439, 0.152
192.460, 0.200, 0.500, 0.347, 0.446, 0.153
192.480, 0.200, 0.500, 0.354, 0.448, 0.157
192.500, 0.200, 0.500, 0.359, 0.450, 0.160
192.520, 0.200, 0.500, 0.364, 0.451, 0.159
192.540, 0.200, 0.500, 0.365, 0.452, 0.160
192.560, 0.200, 0.500, 0.366, 0.451, 0.161
192.580, 0.200, 0.500, 0.366, 0.449, 0.164
192.600, 0.200, 0.500, 0.366, 0.446, 0.166
