Time (s),kx,ky,posX,posY,posZ
2.000, -0.500, -0.500, 0.000, 0.000, 0.175
2.020, -0.500, -0.500, -0.000, 0.001, 0.163
2.040, -0.500, -0.500, -0.002, 0.001, 0.148
2.060, -0.500, -0.500, -0.004, 0.001, 0.129
2.080, -0.500, -0.500, -0.007, -0.000, 0.108
2.100, -0.500, -0.500, -0.011, -0.002, 0.091
2.120, -0.500, -0.500, -0.014, -0.004, 0.078
2.140, -0.500, -0.500, -0.019, -0.008, 0.072
2.160, -0.500, -0.500, -0.023, -0.012, 0.070
2.180, -0.500, -0.500, -0.026, -0.014, 0.074
2.200, -0.500, -0.500, -0.027, -0.017, 0.082
2.220, -0.500, -0.500, -0.027, -0.019, 0.090
2.240, -0.500, -0.500, -0.026, -0.020, 0.094
2.260, -0.500, -0.500, -0.025, -0.020, 0.093
2.280, -0.500, -0.500, -0.025, -0.023, 0.089
2.300, -0.500, -0.500, -0.025, -0.027, 0.084
2.320, -0.500, -0.500, -0.027, -0.035, 0.078
2.340, -0.500, -0.500, -0.033, -0.046, 0.074
2.360, -0.500, -0.500, -0.042, -0.059, 0.071
2.380, -0.500, -0.500, -0.053, -0.074, 0.068
2.400, -0.500, -0.500, -0.067, -0.090, 0.066
2.420, -0.500, -0.500, -0.080, -0.106, 0.064
2.440, -0.500, -0.500, -0.090, -0.122, 0.061
2.460, -0.500, -0.500, -0.099, -0.137, 0.057
2.480, -0.500, -0.500, -0.105, -0.150, 0.050
2.500, -0.500, -0.500, -0.108, -0.161, 0.042
2.520, -0.500, -0.500, -0.108, -0.169, 0.034
2.540, -0.500, -0.500, -0.107, -0.173, 0.032
2.560, -0.500, -0.500, -0.104, -0.174, 0.031
2.580, -0.500, -0.500, -0.101, -0.174, 0.031
2.600, -0.500, -0.500, -0.099, -0.173, 0.031
2.620, -0.500, -0.500, -0.098, -0.172, 0.033
2.640, -0.500, -0.500, -0.098, -0.170, 0.037
2.660, -0.500, -0.500, -0.097, -0.168, 0.040
2.680, -0.500, -0.500, -0.097, -0.165, 0.042
2.700, -0.500, -0.500, -0.097, -0.162, 0.044
2.720, -0.500, -0.500, -0.097, -0.159, 0.046
2.740, -0.500, -0.500, -0.097, -0.156, 0.047
2.760, -0.500, -0.500, -0.098, -0.152, 0.049
2.780, -0.500, -0.500, -0.098, -0.148, 0.050
2.800, -0.500, -0.500, -0.097, -0.145, 0.053
2.820, -0.500, -0.500, -0.097, -0.142, 0.056
2.840, -0.500, -0.500, -0.096, -0.138, 0.061
2.860, -0.500, -0.500, -0.094, -0.134, 0.066
2.880, -0.500, -0.500, -0.092, -0.130, 0.071
2.900, -0.500, -0.500, -0.091, -0.124, 0.071
2.920, -0.500, -0.500, -0.092, -0.118, 0.068
2.940, -0.500, -0.500, -0.097, -0.113, 0.063
2.960, -0.500, -0.500, -0.104, -0.111, 0.057
2.980, -0.500, -0.500, -0.112, -0.112, 0.053
3.000, -0.500, -0.500, -0.119, -0.114, 0.052
3.020, -0.500, -0.500, -0.126, -0.117, 0.054
3.040, -0.500, -0.500, -0.131, -0.120, 0.060
3.060, -0.500, -0.500, -0.137, -0.124, 0.068
3.080, -0.500, -0.500, -0.143, -0.127, 0.078
3.100, -0.500, -0.500, -0.150, -0.131, 0.088
3.120, -0.500, -0.500, -0.159, -0.134, 0.097
3.140, -0.500, -0.500, -0.169, -0.139, 0.105
3.160, -0.500, -0.500, -0.180, -0.144, 0.112
3.180, -0.500, -0.500, -0.192, -0.149, 0.117
3.200, -0.500, -0.500, -0.203, -0.156, 0.121
3.220, -0.500, -0.500, -0.214, -0.163, 0.124
3.240, -0.500, -0.500, -0.223, -0.171, 0.126
3.260, -0.500, -0.500, -0.232, -0.178, 0.128
3.280, -0.500, -0.500, -0.239, -0.185, 0.129
3.300, -0.500, -0.500, -0.246, -0.192, 0.129
3.320, -0.500, -0.500, -0.251, -0.198, 0.129
3.340, -0.500, -0.500, -0.255, -0.203, 0.128
3.360, -0.500, -0.500, -0.259, -0.207, 0.126
3.380, -0.500, -0.500, -0.263, -0.211, 0.124
3.400, -0.500, -0.500, -0.266, -0.214, 0.121
3.420, -0.500, -0.500, -0.270, -0.217, 0.118
3.440, -0.500, -0.500, -0.273, -0.220, 0.114
3.460, -0.500, -0.500, -0.277, -0.224, 0.111
3.480, -0.500, -0.500, -0.280, -0.228, 0.108
3.500, -0.500, -0.500, -0.283, -0.233, 0.104
3.520, -0.500, -0.500, -0.285, -0.239, 0.102
3.540, -0.500, -0.500, -0.285, -0.243, 0.104
3.560, -0.500, -0.500, -0.285, -0.248, 0.104
3.580, -0.500, -0.500, -0.286, -0.253, 0.099
3.600, -0.500, -0.500, -0.288, -0.258, 0.090
3.620, -0.500, -0.500, -0.293, -0.265, 0.081
3.640, -0.500, -0.500, -0.300, -0.273, 0.073
3.660, -0.500, -0.500, -0.309, -0.283, 0.067
3.680, -0.500, -0.500, -0.321, -0.295, 0.062
3.700, -0.500, -0.500, -0.334, -0.308, 0.058
3.720, -0.500, -0.500, -0.346, -0.321, 0.055
3.740, -0.500, -0.500, -0.357, -0.333, 0.053
3.760, -0.500, -0.500, -0.365, -0.343, 0.051
3.780, -0.500, -0.500, -0.370, -0.351, 0.048
3.800, -0.500, -0.500, -0.375, -0.357, 0.044
3.820, -0.500, -0.500, -0.377, -0.360, 0.040
3.840, -0.500, -0.500, -0.377, -0.362, 0.038
3.860, -0.500, -0.500, -0.379, -0.362, 0.036
3.880, -0.500, -0.500, -0.383, -0.361, 0.035
3.900, -0.500, -0.500, -0.387, -0.358, 0.033
3.920, -0.500, -0.500, -0.388, -0.355, 0.035
3.940, -0.500, -0.500, -0.388, -0.352, 0.037
3.960, -0.500, -0.500, -0.389, -0.348, 0.040
3.980, -0.500, -0.500, -0.389, -0.344, 0.043
4.000, -0.500, -0.500, -0.389, -0.340, 0.046
4.020, -0.500, -0.500, -0.389, -0.336, 0.049
4.040, -0.500, -0.500, -0.389, -0.333, 0.052
4.060, -0.500, -0.500, -0.388, -0.330, 0.054
4.080, -0.500, -0.500, -0.387, -0.328, 0.057
4.100, -0.500, -0.500, -0.386, -0.326, 0.060
4.120, -0.500, -0.500, -0.385, -0.324, 0.064
4.140, -0.500, -0.500, -0.384, -0.323, 0.068
4.160, -0.500, -0.500, -0.382, -0.321, 0.072
4.180, -0.500, -0.500, -0.379, -0.318, 0.078
4.200, -0.500, -0.500, -0.376, -0.314, 0.080
4.220, -0.500, -0.500, -0.376, -0.310, 0.080
4.240, -0.500, -0.500, -0.379, -0.308, 0.078
4.260, -0.500, -0.500, -0.386, -0.308, 0.075
4.280, -0.500, -0.500, -0.394, -0.310, 0.073
4.300, -0.500, -0.500, -0.403, -0.314, 0.075
4.320, -0.500, -0.500, -0.411, -0.320, 0.080
4.340, -0.500, -0.500, -0.418, -0.327, 0.088
4.360, -0.500, -0.500, -0.425, -0.334, 0.097
4.380, -0.500, -0.500, -0.432, -0.342, 0.105
4.400, -0.500, -0.500, -0.439, -0.351, 0.113
4.420, -0.500, -0.500, -0.447, -0.359, 0.119
4.440, -0.500, -0.500, -0.454, -0.368, 0.124
4.460, -0.500, -0.500, -0.462, -0.377, 0.126
4.480, -0.500, -0.500, -0.470, -0.385, 0.128
4.500, -0.500, -0.500, -0.477, -0.393, 0.129
4.520, -0.500, -0.500, -0.484, -0.399, 0.130
4.540, -0.500, -0.500, -0.490, -0.405, 0.131
4.560, -0.500, -0.500, -0.496, -0.410, 0.131
4.580, -0.500, -0.500, -0.501, -0.413, 0.130
4.600, -0.500, -0.500, -0.505, -0.416, 0.130
4.620, -0.500, -0.500, -0.509, -0.417, 0.128
4.640, -0.500, -0.500, -0.512, -0.418, 0.127
4.660, -0.500, -0.500, -0.514, -0.419, 0.124
4.680, -0.500, -0.500, -0.517, -0.420, 0.121
4.700, -0.500, -0.500, -0.519, -0.421, 0.118
4.720, -0.500, -0.500, -0.521, -0.422, 0.114
4.740, -0.500, -0.500, -0.524, -0.424, 0.110
4.760, -0.500, -0.500, -0.526, -0.428, 0.106
4.780, -0.500, -0.500, -0.529, -0.432, 0.102
4.800, -0.500, -0.500, -0.531, -0.438, 0.098
4.820, -0.500, -0.500, -0.531, -0.442, 0.103
4.840, -0.500, -0.500, -0.530, -0.447, 0.109
4.860, -0.500, -0.500, -0.529, -0.452, 0.111
4.880, -0.500, -0.500, -0.527, -0.457, 0.108
4.900, -0.500, -0.500, -0.528, -0.463, 0.100
4.920, -0.500, -0.500, -0.530, -0.471, 0.091
4.940, -0.500, -0.500, -0.534, -0.481, 0.082
4.960, -0.500, -0.500, -0.541, -0.494, 0.076
4.980, -0.500, -0.500, -0.551, -0.509, 0.070
5.000, -0.500, -0.500, -0.564, -0.525, 0.066
5.020, -0.500, -0.500, -0.576, -0.542, 0.063
5.040, -0.500, -0.500, -0.585, -0.557, 0.061
5.060, -0.500, -0.500, -0.592, -0.569, 0.059
5.080, -0.500, -0.500, -0.598, -0.579, 0.057
5.100, -0.500, -0.500, -0.603, -0.585, 0.053
5.120, -0.500, -0.500, -0.608, -0.589, 0.048
5.140, -0.500, -0.500, -0.615, -0.590, 0.044
5.160, -0.500, -0.500, -0.622, -0.590, 0.039
5.180, -0.500, -0.500, -0.627, -0.588, 0.035
5.200, -0.500, -0.500, -0.629, -0.587, 0.034
5.220, -0.500, -0.500, -0.632, -0.585, 0.033
5.240, -0.500, -0.500, -0.636, -0.582, 0.034
5.260, -0.500, -0.500, -0.637, -0.580, 0.035
5.280, -0.500, -0.500, -0.638, -0.577, 0.038
5.300, -0.500, -0.500, -0.637, -0.573, 0.041
5.320, -0.500, -0.500, -0.636, -0.570, 0.044
5.340, -0.500, -0.500, -0.635, -0.566, 0.047
5.360, -0.500, -0.500, -0.635, -0.563, 0.050
5.380, -0.500, -0.500, -0.634, -0.561, 0.053
5.400, -0.500, -0.500, -0.633, -0.559, 0.056
5.420, -0.500, -0.500, -0.632, -0.557, 0.059
5.440, -0.500, -0.500, -0.631, -0.555, 0.063
5.460, -0.500, -0.500, -0.629, -0.553, 0.067
5.480, -0.500, -0.500, -0.627, -0.551, 0.072
5.500, -0.500, -0.500, -0.624, -0.547, 0.076
5.520, -0.500, -0.500, -0.622, -0.543, 0.078
5.540, -0.500, -0.500, -0.623, -0.539, 0.076
5.560, -0.500, -0.500, -0.627, -0.537, 0.072
5.580, -0.500, -0.500, -0.636, -0.538, 0.069
5.600, -0.500, -0.500, -0.646, -0.542, 0.067
5.620, -0.500, -0.500, -0.656, -0.547, 0.069
5.640, -0.500, -0.500, -0.665, -0.554, 0.074
5.660, -0.500, -0.500, -0.672, -0.562, 0.082
5.680, -0.500, -0.500, -0.679, -0.570, 0.092
5.700, -0.500, -0.500, -0.686, -0.578, 0.101
5.720, -0.500, -0.500, -0.693, -0.587, 0.109
5.740, -0.500, -0.500, -0.700, -0.595, 0.114
5.760, -0.500, -0.500, -0.707, -0.604, 0.118
5.780, -0.500, -0.500, -0.714, -0.612, 0.121
5.800, -0.500, -0.500, -0.720, -0.620, 0.122
5.820, -0.500, -0.500, -0.726, -0.627, 0.123
5.840, -0.500, -0.500, -0.732, -0.633, 0.124
5.860, -0.500, -0.500, -0.737, -0.639, 0.124
5.880, -0.500, -0.500, -0.741, -0.643, 0.123
5.900, -0.500, -0.500, -0.745, -0.646, 0.122
5.920, -0.500, -0.500, -0.749, -0.649, 0.121
5.940, -0.500, -0.500, -0.752, -0.650, 0.120
5.960, -0.500, -0.500, -0.754, -0.652, 0.117
5.980, -0.500, -0.500, -0.756, -0.653, 0.114
8.020, -0.400, -0.500, 0.000, 0.000, 0.175
8.040, -0.400, -0.500, -0.000, 0.001, 0.162
8.060, -0.400, -0.500, -0.002, 0.001, 0.148
8.080, -0.400, -0.500, -0.005, 0.000, 0.129
8.100, -0.400, -0.500, -0.007, -0.000, 0.107
8.120, -0.400, -0.500, -0.011, -0.002, 0.090
8.140, -0.400, -0.500, -0.014, -0.005, 0.077
8.160, -0.400, -0.500, -0.018, -0.009, 0.070
8.180, -0.400, -0.500, -0.023, -0.013, 0.068
8.200, -0.400, -0.500, -0.026, -0.016, 0.070
8.220, -0.400, -0.500, -0.027, -0.019, 0.076
8.240, -0.400, -0.500, -0.027, -0.021, 0.083
8.260, -0.400, -0.500, -0.026, -0.022, 0.091
8.280, -0.400, -0.500, -0.025, -0.023, 0.094
8.300, -0.400, -0.500, -0.024, -0.023, 0.092
8.320, -0.400, -0.500, -0.023, -0.024, 0.088
8.340, -0.400, -0.500, -0.022, -0.028, 0.083
8.360, -0.400, -0.500, -0.022, -0.035, 0.078
8.380, -0.400, -0.500, -0.026, -0.045, 0.073
8.400, -0.400, -0.500, -0.033, -0.058, 0.070
8.420, -0.400, -0.500, -0.042, -0.072, 0.067
8.440, -0.400, -0.500, -0.053, -0.088, 0.065
8.460, -0.400, -0.500, -0.065, -0.104, 0.063
8.480, -0.400, -0.500, -0.075, -0.119, 0.061
8.500, -0.400, -0.500, -0.082, -0.134, 0.057
8.520, -0.400, -0.500, -0.087, -0.148, 0.051
8.540, -0.400, -0.500, -0.090, -0.161, 0.044
8.560, -0.400, -0.500, -0.091, -0.171, 0.035
8.580, -0.400, -0.500, -0.089, -0.178, 0.029
8.600, -0.400, -0.500, -0.087, -0.181, 0.030
8.620, -0.400, -0.500, -0.083, -0.182, 0.031
8.640, -0.400, -0.500, -0.079, -0.181, 0.031
8.660, -0.400, -0.500, -0.078, -0.181, 0.033
8.680, -0.400, -0.500, -0.078, -0.180, 0.036
8.700, -0.400, -0.500, -0.077, -0.178, 0.039
8.720, -0.400, -0.500, -0.076, -0.174, 0.041
8.740, -0.400, -0.500, -0.075, -0.170, 0.042
8.760, -0.400, -0.500, -0.075, -0.167, 0.044
8.780, -0.400, -0.500, -0.074, -0.163, 0.046
8.800, -0.400, -0.500, -0.074, -0.160, 0.048
8.820, -0.400, -0.500, -0.074, -0.157, 0.051
8.840, -0.400, -0.500, -0.074, -0.154, 0.054
8.860, -0.400, -0.500, -0.074, -0.151, 0.058
8.880, -0.400, -0.500, -0.072, -0.149, 0.063
8.900, -0.400, -0.500, -0.071, -0.145, 0.069
8.920, -0.400, -0.500, -0.069, -0.141, 0.073
8.940, -0.400, -0.500, -0.068, -0.135, 0.074
8.960, -0.400, -0.500, -0.070, -0.129, 0.072
8.980, -0.400, -0.500, -0.075, -0.125, 0.066
9.000, -0.400, -0.500, -0.081, -0.123, 0.061
9.020, -0.400, -0.500, -0.087, -0.124, 0.057
9.040, -0.400, -0.500, -0.092, -0.126, 0.055
9.060, -0.400, -0.500, -0.095, -0.130, 0.057
9.080, -0.400, -0.500, -0.098, -0.134, 0.062
9.100, -0.400, -0.500, -0.100, -0.138, 0.069
9.120, -0.400, -0.500, -0.103, -0.142, 0.077
9.140, -0.400, -0.500, -0.106, -0.145, 0.085
9.160, -0.400, -0.500, -0.110, -0.149, 0.093
9.180, -0.400, -0.500, -0.116, -0.152, 0.099
9.200, -0.400, -0.500, -0.122, -0.155, 0.104
9.220, -0.400, -0.500, -0.129, -0.157, 0.109
9.240, -0.400, -0.500, -0.136, -0.160, 0.112
9.260, -0.400, -0.500, -0.143, -0.162, 0.114
9.280, -0.400, -0.500, -0.149, -0.164, 0.116
9.300, -0.400, -0.500, -0.154, -0.165, 0.117
9.320, -0.400, -0.500, -0.158, -0.167, 0.117
9.340, -0.400, -0.500, -0.161, -0.168, 0.117
9.360, -0.400, -0.500, -0.163, -0.168, 0.116
9.380, -0.400, -0.500, -0.164, -0.168, 0.114
9.400, -0.400, -0.500, -0.165, -0.169, 0.113
9.420, -0.400, -0.500, -0.166, -0.169, 0.110
9.440, -0.400, -0.500, -0.168, -0.168, 0.108
9.460, -0.400, -0.500, -0.169, -0.168, 0.105
9.480, -0.400, -0.500, -0.171, -0.169, 0.102
9.500, -0.400, -0.500, -0.172, -0.169, 0.099
9.520, -0.400, -0.500, -0.174, -0.170, 0.097
9.540, -0.400, -0.500, -0.175, -0.171, 0.094
9.560, -0.400, -0.500, -0.176, -0.172, 0.092
9.580, -0.400, -0.500, -0.175, -0.174, 0.087
9.600, -0.400, -0.500, -0.175, -0.177, 0.082
9.620, -0.400, -0.500, -0.175, -0.181, 0.076
9.640, -0.400, -0.500, -0.175, -0.187, 0.068
9.660, -0.400, -0.500, -0.177, -0.194, 0.059
9.680, -0.400, -0.500, -0.180, -0.202, 0.051
9.700, -0.400, -0.500, -0.184, -0.210, 0.044
9.720, -0.400, -0.500, -0.188, -0.218, 0.039
9.740, -0.400, -0.500, -0.191, -0.226, 0.036
9.760, -0.400, -0.500, -0.193, -0.232, 0.033
9.780, -0.400, -0.500, -0.192, -0.236, 0.032
9.800, -0.400, -0.500, -0.191, -0.237, 0.034
9.820, -0.400, -0.500, -0.191, -0.237, 0.036
9.840, -0.400, -0.500, -0.192, -0.236, 0.038
9.860, -0.400, -0.500, -0.192, -0.234, 0.038
9.880, -0.400, -0.500, -0.193, -0.232, 0.039
9.900, -0.400, -0.500, -0.194, -0.230, 0.039
9.920, -0.400, -0.500, -0.194, -0.227, 0.040
9.940, -0.400, -0.500, -0.194, -0.225, 0.041
9.960, -0.400, -0.500, -0.194, -0.223, 0.043
9.980, -0.400, -0.500, -0.193, -0.220, 0.045
10.000, -0.400, -0.500, -0.193, -0.218, 0.049
10.020, -0.400, -0.500, -0.192, -0.216, 0.052
10.040, -0.400, -0.500, -0.192, -0.214, 0.056
10.060, -0.400, -0.500, -0.191, -0.212, 0.059
10.080, -0.400, -0.500, -0.191, -0.210, 0.063
10.100, -0.400, -0.500, -0.190, -0.208, 0.065
10.120, -0.400, -0.500, -0.190, -0.207, 0.068
10.140, -0.400, -0.500, -0.190, -0.205, 0.071
10.160, -0.400, -0.500, -0.189, -0.202, 0.074
10.180, -0.400, -0.500, -0.189, -0.200, 0.077
10.200, -0.400, -0.500, -0.188, -0.197, 0.082
10.220, -0.400, -0.500, -0.187, -0.194, 0.086
10.240, -0.400, -0.500, -0.187, -0.190, 0.089
10.260, -0.400, -0.500, -0.187, -0.186, 0.088
10.280, -0.400, -0.500, -0.189, -0.183, 0.086
10.300, -0.400, -0.500, -0.193, -0.181, 0.085
10.320, -0.400, -0.500, -0.198, -0.182, 0.085
10.340, -0.400, -0.500, -0.203, -0.185, 0.085
10.360, -0.400, -0.500, -0.208, -0.190, 0.086
10.380, -0.400, -0.500, -0.211, -0.196, 0.089
10.400, -0.400, -0.500, -0.215, -0.204, 0.093
10.420, -0.400, -0.500, -0.218, -0.212, 0.097
10.440, -0.400, -0.500, -0.221, -0.222, 0.102
10.460, -0.400, -0.500, -0.225, -0.232, 0.106
10.480, -0.400, -0.500, -0.229, -0.242, 0.110
10.500, -0.400, -0.500, -0.234, -0.253, 0.113
10.520, -0.400, -0.500, -0.238, -0.264, 0.116
10.540, -0.400, -0.500, -0.243, -0.275, 0.117
10.560, -0.400, -0.500, -0.248, -0.285, 0.118
10.580, -0.400, -0.500, -0.252, -0.295, 0.118
10.600, -0.400, -0.500, -0.256, -0.305, 0.117
10.620, -0.400, -0.500, -0.260, -0.313, 0.116
10.640, -0.400, -0.500, -0.263, -0.321, 0.114
10.660, -0.400, -0.500, -0.266, -0.328, 0.112
10.680, -0.400, -0.500, -0.269, -0.333, 0.109
10.700, -0.400, -0.500, -0.271, -0.339, 0.105
10.720, -0.400, -0.500, -0.274, -0.343, 0.101
10.740, -0.400, -0.500, -0.278, -0.348, 0.096
10.760, -0.400, -0.500, -0.281, -0.353, 0.091
10.780, -0.400, -0.500, -0.285, -0.358, 0.085
10.800, -0.400, -0.500, -0.288, -0.363, 0.079
10.820, -0.400, -0.500, -0.291, -0.367, 0.079
10.840, -0.400, -0.500, -0.292, -0.370, 0.083
10.860, -0.400, -0.500, -0.293, -0.372, 0.089
10.880, -0.400, -0.500, -0.294, -0.371, 0.096
10.900, -0.400, -0.500, -0.294, -0.369, 0.100
10.920, -0.400, -0.500, -0.294, -0.365, 0.099
10.940, -0.400, -0.500, -0.293, -0.362, 0.095
10.960, -0.400, -0.500, -0.293, -0.360, 0.089
10.980, -0.400, -0.500, -0.294, -0.362, 0.083
11.000, -0.400, -0.500, -0.299, -0.367, 0.077
11.020, -0.400, -0.500, -0.307, -0.375, 0.074
11.040, -0.400, -0.500, -0.318, -0.385, 0.073
11.060, -0.400, -0.500, -0.332, -0.397, 0.074
11.080, -0.400, -0.500, -0.347, -0.410, 0.075
11.100, -0.400, -0.500, -0.362, -0.425, 0.077
11.120, -0.400, -0.500, -0.376, -0.439, 0.077
11.140, -0.400, -0.500, -0.388, -0.454, 0.075
11.160, -0.400, -0.500, -0.397, -0.468, 0.071
11.180, -0.400, -0.500, -0.404, -0.480, 0.065
11.200, -0.400, -0.500, -0.409, -0.490, 0.058
11.220, -0.400, -0.500, -0.410, -0.497, 0.051
11.240, -0.400, -0.500, -0.406, -0.503, 0.047
11.260, -0.400, -0.500, -0.400, -0.506, 0.044
11.280, -0.400, -0.500, -0.394, -0.508, 0.041
11.300, -0.400, -0.500, -0.389, -0.510, 0.039
11.320, -0.400, -0.500, -0.385, -0.512, 0.041
11.340, -0.400, -0.500, -0.379, -0.513, 0.042
11.360, -0.400, -0.500, -0.372, -0.513, 0.045
11.380, -0.400, -0.500, -0.366, -0.511, 0.047
11.400, -0.400, -0.500, -0.361, -0.509, 0.049
11.420, -0.400, -0.500, -0.358, -0.506, 0.052
11.440, -0.400, -0.500, -0.357, -0.502, 0.056
11.460, -0.400, -0.500, -0.356, -0.498, 0.060
11.480, -0.400, -0.500, -0.356, -0.494, 0.064
11.500, -0.400, -0.500, -0.357, -0.489, 0.070
11.520, -0.400, -0.500, -0.357, -0.484, 0.076
11.540, -0.400, -0.500, -0.357, -0.478, 0.081
11.560, -0.400, -0.500, -0.358, -0.470, 0.082
11.580, -0.400, -0.500, -0.361, -0.461, 0.079
11.600, -0.400, -0.500, -0.367, -0.454, 0.072
11.620, -0.400, -0.500, -0.374, -0.449, 0.065
11.640, -0.400, -0.500, -0.382, -0.446, 0.058
11.660, -0.400, -0.500, -0.388, -0.445, 0.055
11.680, -0.400, -0.500, -0.393, -0.445, 0.054
11.700, -0.400, -0.500, -0.398, -0.446, 0.057
11.720, -0.400, -0.500, -0.403, -0.448, 0.063
11.740, -0.400, -0.500, -0.407, -0.450, 0.070
11.760, -0.400, -0.500, -0.412, -0.452, 0.078
11.780, -0.400, -0.500, -0.417, -0.454, 0.086
11.800, -0.400, -0.500, -0.423, -0.456, 0.093
11.820, -0.400, -0.500, -0.430, -0.458, 0.099
11.840, -0.400, -0.500, -0.437, -0.461, 0.104
11.860, -0.400, -0.500, -0.444, -0.463, 0.108
11.880, -0.400, -0.500, -0.452, -0.466, 0.111
11.900, -0.400, -0.500, -0.458, -0.469, 0.113
11.920, -0.400, -0.500, -0.464, -0.471, 0.115
11.940, -0.400, -0.500, -0.469, -0.474, 0.116
11.960, -0.400, -0.500, -0.472, -0.476, 0.116
11.980, -0.400, -0.500, -0.474, -0.479, 0.116
12.000, -0.400, -0.500, -0.476, -0.481, 0.116
14.040, -0.300, -0.500, 0.000, 0.000, 0.175
14.060, -0.300, -0.500, -0.001, 0.000, 0.163
14.080, -0.300, -0.500, -0.003, 0.001, 0.148
14.100, -0.300, -0.500, -0.005, 0.000, 0.129
14.120, -0.300, -0.500, -0.007, -0.000, 0.107
14.140, -0.300, -0.500, -0.011, -0.002, 0.090
14.160, -0.300, -0.500, -0.013, -0.005, 0.077
14.180, -0.300, -0.500, -0.016, -0.008, 0.070
14.200, -0.300, -0.500, -0.020, -0.012, 0.068
14.220, -0.300, -0.500, -0.022, -0.015, 0.071
14.240, -0.300, -0.500, -0.023, -0.018, 0.077
14.260, -0.300, -0.500, -0.023, -0.020, 0.085
14.280, -0.300, -0.500, -0.023, -0.021, 0.092
14.300, -0.300, -0.500, -0.022, -0.021, 0.095
14.320, -0.300, -0.500, -0.020, -0.021, 0.093
14.340, -0.300, -0.500, -0.018, -0.022, 0.088
14.360, -0.300, -0.500, -0.016, -0.026, 0.083
14.380, -0.300, -0.500, -0.015, -0.033, 0.078
14.400, -0.300, -0.500, -0.017, -0.043, 0.073
14.420, -0.300, -0.500, -0.022, -0.055, 0.070
14.440, -0.300, -0.500, -0.029, -0.068, 0.067
14.460, -0.300, -0.500, -0.037, -0.083, 0.066
14.480, -0.300, -0.500, -0.046, -0.099, 0.064
14.500, -0.300, -0.500, -0.054, -0.115, 0.061
14.520, -0.300, -0.500, -0.061, -0.131, 0.057
14.540, -0.300, -0.500, -0.066, -0.146, 0.051
14.560, -0.300, -0.500, -0.068, -0.159, 0.044
14.580, -0.300, -0.500, -0.067, -0.170, 0.037
14.600, -0.300, -0.500, -0.064, -0.179, 0.031
14.620, -0.300, -0.500, -0.061, -0.183, 0.032
14.640, -0.300, -0.500, -0.057, -0.182, 0.036
14.660, -0.300, -0.500, -0.053, -0.180, 0.039
14.680, -0.300, -0.500, -0.049, -0.176, 0.040
14.700, -0.300, -0.500, -0.046, -0.172, 0.041
14.720, -0.300, -0.500, -0.044, -0.168, 0.042
14.740, -0.300, -0.500, -0.043, -0.164, 0.043
14.760, -0.300, -0.500, -0.044, -0.161, 0.045
14.780, -0.300, -0.500, -0.045, -0.158, 0.047
14.800, -0.300, -0.500, -0.046, -0.155, 0.050
14.820, -0.300, -0.500, -0.047, -0.153, 0.053
14.840, -0.300, -0.500, -0.047, -0.151, 0.057
14.860, -0.300, -0.500, -0.047, -0.148, 0.061
14.880, -0.300, -0.500, -0.047, -0.146, 0.065
14.900, -0.300, -0.500, -0.046, -0.143, 0.071
14.920, -0.300, -0.500, -0.045, -0.140, 0.077
14.940, -0.300, -0.500, -0.044, -0.135, 0.081
14.960, -0.300, -0.500, -0.043, -0.129, 0.082
14.980, -0.300, -0.500, -0.045, -0.123, 0.079
15.000, -0.300, -0.500, -0.049, -0.118, 0.073
15.020, -0.300, -0.500, -0.054, -0.115, 0.067
15.040, -0.300, -0.500, -0.059, -0.115, 0.063
15.060, -0.300, -0.500, -0.062, -0.115, 0.061
15.080, -0.300, -0.500, -0.064, -0.116, 0.061
15.100, -0.300, -0.500, -0.066, -0.118, 0.065
15.120, -0.300, -0.500, -0.067, -0.120, 0.070
15.140, -0.300, -0.500, -0.069, -0.123, 0.077
15.160, -0.300, -0.500, -0.071, -0.125, 0.083
15.180, -0.300, -0.500, -0.073, -0.128, 0.090
15.200, -0.300, -0.500, -0.076, -0.131, 0.095
15.220, -0.300, -0.500, -0.079, -0.134, 0.100
15.240, -0.300, -0.500, -0.082, -0.137, 0.104
15.260, -0.300, -0.500, -0.086, -0.141, 0.107
15.280, -0.300, -0.500, -0.089, -0.144, 0.109
15.300, -0.300, -0.500, -0.092, -0.147, 0.111
15.320, -0.300, -0.500, -0.095, -0.151, 0.113
15.340, -0.300, -0.500, -0.098, -0.154, 0.114
15.360, -0.300, -0.500, -0.100, -0.156, 0.114
15.380, -0.300, -0.500, -0.102, -0.158, 0.114
15.400, -0.300, -0.500, -0.103, -0.160, 0.113
15.420, -0.300, -0.500, -0.105, -0.160, 0.112
15.440, -0.300, -0.500, -0.106, -0.161, 0.111
15.460, -0.300, -0.500, -0.108, -0.161, 0.109
15.480, -0.300, -0.500, -0.109, -0.161, 0.107
15.500, -0.300, -0.500, -0.110, -0.160, 0.105
15.520, -0.300, -0.500, -0.112, -0.160, 0.103
15.540, -0.300, -0.500, -0.113, -0.160, 0.101
15.560, -0.300, -0.500, -0.114, -0.159, 0.099
15.580, -0.300, -0.500, -0.115, -0.160, 0.097
15.600, -0.300, -0.500, -0.116, -0.161, 0.093
15.620, -0.300, -0.500, -0.117, -0.162, 0.084
15.640, -0.300, -0.500, -0.118, -0.165, 0.073
15.660, -0.300, -0.500, -0.120, -0.169, 0.063
15.680, -0.300, -0.500, -0.121, -0.174, 0.054
15.700, -0.300, -0.500, -0.123, -0.179, 0.047
15.720, -0.300, -0.500, -0.124, -0.185, 0.043
15.740, -0.300, -0.500, -0.124, -0.191, 0.040
15.760, -0.300, -0.500, -0.124, -0.196, 0.039
15.780, -0.300, -0.500, -0.124, -0.201, 0.038
15.800, -0.300, -0.500, -0.123, -0.205, 0.038
15.820, -0.300, -0.500, -0.122, -0.209, 0.038
15.840, -0.300, -0.500, -0.122, -0.211, 0.038
15.860, -0.300, -0.500, -0.121, -0.212, 0.038
15.880, -0.300, -0.500, -0.121, -0.213, 0.039
15.900, -0.300, -0.500, -0.121, -0.212, 0.039
15.920, -0.300, -0.500, -0.121, -0.211, 0.040
15.940, -0.300, -0.500, -0.121, -0.209, 0.042
15.960, -0.300, -0.500, -0.121, -0.206, 0.043
15.980, -0.300, -0.500, -0.121, -0.203, 0.046
16.000, -0.300, -0.500, -0.121, -0.200, 0.049
16.020, -0.300, -0.500, -0.121, -0.197, 0.052
16.040, -0.300, -0.500, -0.121, -0.194, 0.056
16.060, -0.300, -0.500, -0.120, -0.191, 0.060
16.080, -0.300, -0.500, -0.120, -0.188, 0.063
16.100, -0.300, -0.500, -0.120, -0.185, 0.066
16.120, -0.300, -0.500, -0.119, -0.183, 0.068
16.140, -0.300, -0.500, -0.119, -0.180, 0.071
16.160, -0.300, -0.500, -0.119, -0.178, 0.073
16.180, -0.300, -0.500, -0.118, -0.176, 0.076
16.200, -0.300, -0.500, -0.118, -0.174, 0.080
16.220, -0.300, -0.500, -0.117, -0.171, 0.084
16.240, -0.300, -0.500, -0.116, -0.169, 0.089
16.260, -0.300, -0.500, -0.115, -0.166, 0.091
16.280, -0.300, -0.500, -0.115, -0.162, 0.092
16.300, -0.300, -0.500, -0.118, -0.160, 0.091
16.320, -0.300, -0.500, -0.121, -0.159, 0.091
16.340, -0.300, -0.500, -0.126, -0.160, 0.091
16.360, -0.300, -0.500, -0.131, -0.163, 0.093
16.380, -0.300, -0.500, -0.135, -0.168, 0.095
16.400, -0.300, -0.500, -0.138, -0.174, 0.098
16.420, -0.300, -0.500, -0.141, -0.182, 0.101
16.440, -0.300, -0.500, -0.143, -0.190, 0.106
16.460, -0.300, -0.500, -0.146, -0.199, 0.110
16.480, -0.300, -0.500, -0.148, -0.209, 0.114
16.500, -0.300, -0.500, -0.152, -0.219, 0.118
16.520, -0.300, -0.500, -0.156, -0.228, 0.121
16.540, -0.300, -0.500, -0.160, -0.238, 0.124
16.560, -0.300, -0.500, -0.164, -0.247, 0.125
16.580, -0.300, -0.500, -0.168, -0.256, 0.126
16.600, -0.300, -0.500, -0.172, -0.265, 0.126
16.620, -0.300, -0.500, -0.175, -0.272, 0.126
16.640, -0.300, -0.500, -0.179, -0.279, 0.125
16.660, -0.300, -0.500, -0.182, -0.285, 0.124
16.680, -0.300, -0.500, -0.184, -0.290, 0.122
16.700, -0.300, -0.500, -0.187, -0.295, 0.120
16.720, -0.300, -0.500, -0.189, -0.298, 0.117
16.740, -0.300, -0.500, -0.192, -0.302, 0.114
16.760, -0.300, -0.500, -0.195, -0.305, 0.110
16.780, -0.300, -0.500, -0.199, -0.308, 0.106
16.800, -0.300, -0.500, -0.203, -0.311, 0.102
16.820, -0.300, -0.500, -0.208, -0.315, 0.097
16.840, -0.300, -0.500, -0.212, -0.319, 0.092
16.860, -0.300, -0.500, -0.215, -0.323, 0.094
16.880, -0.300, -0.500, -0.217, -0.326, 0.099
16.900, -0.300, -0.500, -0.218, -0.327, 0.105
16.920, -0.300, -0.500, -0.218, -0.327, 0.108
16.940, -0.300, -0.500, -0.216, -0.326, 0.105
16.960, -0.300, -0.500, -0.214, -0.324, 0.100
16.980, -0.300, -0.500, -0.213, -0.324, 0.093
17.000, -0.300, -0.500, -0.213, -0.325, 0.086
17.020, -0.300, -0.500, -0.215, -0.330, 0.079
17.040, -0.300, -0.500, -0.221, -0.337, 0.075
17.060, -0.300, -0.500, -0.229, -0.346, 0.072
17.080, -0.300, -0.500, -0.240, -0.357, 0.072
17.100, -0.300, -0.500, -0.251, -0.368, 0.073
17.120, -0.300, -0.500, -0.263, -0.381, 0.074
17.140, -0.300, -0.500, -0.274, -0.395, 0.074
17.160, -0.300, -0.500, -0.281, -0.408, 0.074
17.180, -0.300, -0.500, -0.286, -0.420, 0.074
17.200, -0.300, -0.500, -0.287, -0.432, 0.073
17.220, -0.300, -0.500, -0.287, -0.442, 0.070
17.240, -0.300, -0.500, -0.285, -0.451, 0.066
17.260, -0.300, -0.500, -0.282, -0.457, 0.061
17.280, -0.300, -0.500, -0.278, -0.462, 0.056
17.300, -0.300, -0.500, -0.274, -0.466, 0.050
17.320, -0.300, -0.500, -0.270, -0.468, 0.045
17.340, -0.300, -0.500, -0.266, -0.470, 0.040
17.360, -0.300, -0.500, -0.261, -0.471, 0.036
17.380, -0.300, -0.500, -0.259, -0.472, 0.038
17.400, -0.300, -0.500, -0.255, -0.473, 0.041
17.420, -0.300, -0.500, -0.252, -0.472, 0.045
17.440, -0.300, -0.500, -0.248, -0.470, 0.050
17.460, -0.300, -0.500, -0.246, -0.467, 0.054
17.480, -0.300, -0.500, -0.246, -0.463, 0.059
17.500, -0.300, -0.500, -0.246, -0.458, 0.065
17.520, -0.300, -0.500, -0.246, -0.453, 0.071
17.540, -0.300, -0.500, -0.246, -0.447, 0.077
17.560, -0.300, -0.500, -0.245, -0.441, 0.083
17.580, -0.300, -0.500, -0.245, -0.432, 0.084
17.600, -0.300, -0.500, -0.247, -0.424, 0.081
17.620, -0.300, -0.500, -0.251, -0.416, 0.074
17.640, -0.300, -0.500, -0.256, -0.410, 0.066
17.660, -0.300, -0.500, -0.262, -0.406, 0.058
17.680, -0.300, -0.500, -0.267, -0.405, 0.053
17.700, -0.300, -0.500, -0.270, -0.405, 0.050
17.720, -0.300, -0.500, -0.273, -0.406, 0.051
17.740, -0.300, -0.500, -0.276, -0.408, 0.055
17.760, -0.300, -0.500, -0.279, -0.411, 0.061
17.780, -0.300, -0.500, -0.281, -0.413, 0.068
17.800, -0.300, -0.500, -0.284, -0.416, 0.075
17.820, -0.300, -0.500, -0.287, -0.419, 0.081
17.840, -0.300, -0.500, -0.292, -0.422, 0.087
17.860, -0.300, -0.500, -0.297, -0.426, 0.093
17.880, -0.300, -0.500, -0.302, -0.430, 0.098
17.900, -0.300, -0.500, -0.308, -0.435, 0.102
17.920, -0.300, -0.500, -0.313, -0.441, 0.105
17.940, -0.300, -0.500, -0.318, -0.446, 0.108
17.960, -0.300, -0.500, -0.323, -0.452, 0.110
17.980, -0.300, -0.500, -0.327, -0.458, 0.112
18.000, -0.300, -0.500, -0.331, -0.464, 0.112
18.020, -0.300, -0.500, -0.335, -0.469, 0.113
20.060, -0.200, -0.500, 0.000, 0.000, 0.175
20.080, -0.200, -0.500, -0.001, 0.000, 0.163
20.100, -0.200, -0.500, -0.003, 0.000, 0.149
20.120, -0.200, -0.500, -0.005, 0.000, 0.129
20.140, -0.200, -0.500, -0.007, -0.000, 0.107
20.160, -0.200, -0.500, -0.010, -0.002, 0.090
20.180, -0.200, -0.500, -0.012, -0.004, 0.078
20.200, -0.200, -0.500, -0.015, -0.008, 0.070
20.220, -0.200, -0.500, -0.018, -0.012, 0.068
20.240, -0.200, -0.500, -0.020, -0.015, 0.071
20.260, -0.200, -0.500, -0.021, -0.018, 0.077
20.280, -0.200, -0.500, -0.021, -0.020, 0.085
20.300, -0.200, -0.500, -0.021, -0.021, 0.092
20.320, -0.200, -0.500, -0.020, -0.021, 0.094
20.340, -0.200, -0.500, -0.018, -0.021, 0.092
20.360, -0.200, -0.500, -0.016, -0.021, 0.087
20.380, -0.200, -0.500, -0.012, -0.025, 0.082
20.400, -0.200, -0.500, -0.010, -0.031, 0.077
20.420, -0.200, -0.500, -0.010, -0.040, 0.072
20.440, -0.200, -0.500, -0.013, -0.051, 0.069
20.460, -0.200, -0.500, -0.017, -0.064, 0.066
20.480, -0.200, -0.500, -0.023, -0.078, 0.064
20.500, -0.200, -0.500, -0.028, -0.093, 0.062
20.520, -0.200, -0.500, -0.032, -0.108, 0.061
20.540, -0.200, -0.500, -0.034, -0.122, 0.060
20.560, -0.200, -0.500, -0.034, -0.136, 0.057
20.580, -0.200, -0.500, -0.033, -0.148, 0.053
20.600, -0.200, -0.500, -0.030, -0.159, 0.048
20.620, -0.200, -0.500, -0.025, -0.168, 0.041
20.640, -0.200, -0.500, -0.021, -0.176, 0.035
20.660, -0.200, -0.500, -0.018, -0.182, 0.034
20.680, -0.200, -0.500, -0.016, -0.182, 0.038
20.700, -0.200, -0.500, -0.012, -0.181, 0.042
20.720, -0.200, -0.500, -0.009, -0.180, 0.043
20.740, -0.200, -0.500, -0.006, -0.177, 0.044
20.760, -0.200, -0.500, -0.005, -0.174, 0.044
20.780, -0.200, -0.500, -0.004, -0.170, 0.044
20.800, -0.200, -0.500, -0.004, -0.167, 0.045
20.820, -0.200, -0.500, -0.004, -0.164, 0.047
20.840, -0.200, -0.500, -0.004, -0.161, 0.049
20.860, -0.200, -0.500, -0.004, -0.159, 0.052
20.880, -0.200, -0.500, -0.004, -0.156, 0.056
20.900, -0.200, -0.500, -0.004, -0.154, 0.061
20.920, -0.200, -0.500, -0.004, -0.151, 0.067
20.940, -0.200, -0.500, -0.003, -0.148, 0.074
20.960, -0.200, -0.500, -0.002, -0.144, 0.079
20.980, -0.200, -0.500, -0.003, -0.138, 0.081
21.000, -0.200, -0.500, -0.005, -0.133, 0.079
21.020, -0.200, -0.500, -0.010, -0.128, 0.075
21.040, -0.200, -0.500, -0.015, -0.126, 0.070
21.060, -0.200, -0.500, -0.020, -0.126, 0.067
21.080, -0.200, -0.500, -0.024, -0.127, 0.066
21.100, -0.200, -0.500, -0.026, -0.130, 0.066
21.120, -0.200, -0.500, -0.027, -0.133, 0.069
21.140, -0.200, -0.500, -0.027, -0.136, 0.073
21.160, -0.200, -0.500, -0.028, -0.139, 0.078
21.180, -0.200, -0.500, -0.028, -0.143, 0.084
21.200, -0.200, -0.500, -0.029, -0.147, 0.089
21.220, -0.200, -0.500, -0.030, -0.150, 0.094
21.240, -0.200, -0.500, -0.032, -0.154, 0.098
21.260, -0.200, -0.500, -0.034, -0.158, 0.102
21.280, -0.200, -0.500, -0.036, -0.162, 0.105
21.300, -0.200, -0.500, -0.038, -0.167, 0.108
21.320, -0.200, -0.500, -0.040, -0.170, 0.110
21.340, -0.200, -0.500, -0.042, -0.174, 0.112
21.360, -0.200, -0.500, -0.044, -0.178, 0.113
21.380, -0.200, -0.500, -0.046, -0.181, 0.114
21.400, -0.200, -0.500, -0.047, -0.183, 0.114
21.420, -0.200, -0.500, -0.049, -0.185, 0.114
21.440, -0.200, -0.500, -0.050, -0.186, 0.113
21.460, -0.200, -0.500, -0.051, -0.187, 0.112
21.480, -0.200, -0.500, -0.053, -0.187, 0.111
21.500, -0.200, -0.500, -0.054, -0.187, 0.109
21.520, -0.200, -0.500, -0.055, -0.187, 0.107
21.540, -0.200, -0.500, -0.056, -0.186, 0.105
21.560, -0.200, -0.500, -0.058, -0.185, 0.103
21.580, -0.200, -0.500, -0.059, -0.184, 0.101
21.600, -0.200, -0.500, -0.061, -0.183, 0.100
21.620, -0.200, -0.500, -0.063, -0.183, 0.095
21.640, -0.200, -0.500, -0.065, -0.183, 0.087
21.660, -0.200, -0.500, -0.066, -0.184, 0.079
21.680, -0.200, -0.500, -0.067, -0.187, 0.069
21.700, -0.200, -0.500, -0.069, -0.191, 0.061
21.720, -0.200, -0.500, -0.069, -0.195, 0.054
21.740, -0.200, -0.500, -0.069, -0.201, 0.050
21.760, -0.200, -0.500, -0.069, -0.206, 0.047
21.780, -0.200, -0.500, -0.068, -0.212, 0.046
21.800, -0.200, -0.500, -0.068, -0.217, 0.046
21.820, -0.200, -0.500, -0.067, -0.221, 0.046
21.840, -0.200, -0.500, -0.067, -0.225, 0.046
21.860, -0.200, -0.500, -0.066, -0.228, 0.046
21.880, -0.200, -0.500, -0.066, -0.230, 0.046
21.900, -0.200, -0.500, -0.066, -0.231, 0.046
21.920, -0.200, -0.500, -0.067, -0.231, 0.046
21.940, -0.200, -0.500, -0.067, -0.231, 0.047
21.960, -0.200, -0.500, -0.067, -0.229, 0.048
21.980, -0.200, -0.500, -0.067, -0.228, 0.050
22.000, -0.200, -0.500, -0.067, -0.225, 0.052
22.020, -0.200, -0.500, -0.067, -0.223, 0.055
22.040, -0.200, -0.500, -0.066, -0.220, 0.058
22.060, -0.200, -0.500, -0.066, -0.216, 0.062
22.080, -0.200, -0.500, -0.066, -0.213, 0.066
22.100, -0.200, -0.500, -0.066, -0.210, 0.069
22.120, -0.200, -0.500, -0.066, -0.207, 0.072
22.140, -0.200, -0.500, -0.066, -0.204, 0.074
22.160, -0.200, -0.500, -0.065, -0.201, 0.077
22.180, -0.200, -0.500, -0.065, -0.198, 0.079
22.200, -0.200, -0.500, -0.065, -0.196, 0.082
22.220, -0.200, -0.500, -0.065, -0.194, 0.086
22.240, -0.200, -0.500, -0.064, -0.191, 0.090
22.260, -0.200, -0.500, -0.064, -0.189, 0.095
22.280, -0.200, -0.500, -0.063, -0.185, 0.097
22.300, -0.200, -0.500, -0.064, -0.182, 0.097
22.320, -0.200, -0.500, -0.065, -0.180, 0.096
22.340, -0.200, -0.500, -0.068, -0.179, 0.094
22.360, -0.200, -0.500, -0.072, -0.180, 0.093
22.380, -0.200, -0.500, -0.075, -0.182, 0.093
22.400, -0.200, -0.500, -0.078, -0.186, 0.093
22.420, -0.200, -0.500, -0.081, -0.191, 0.096
22.440, -0.200, -0.500, -0.083, -0.197, 0.099
22.460, -0.200, -0.500, -0.085, -0.204, 0.102
22.480, -0.200, -0.500, -0.087, -0.212, 0.106
22.500, -0.200, -0.500, -0.089, -0.220, 0.109
22.520, -0.200, -0.500, -0.091, -0.228, 0.113
22.540, -0.200, -0.500, -0.094, -0.237, 0.115
22.560, -0.200, -0.500, -0.097, -0.246, 0.118
22.580, -0.200, -0.500, -0.100, -0.254, 0.119
22.600, -0.200, -0.500, -0.103, -0.263, 0.120
22.620, -0.200, -0.500, -0.106, -0.271, 0.120
22.640, -0.200, -0.500, -0.108, -0.278, 0.120
22.660, -0.200, -0.500, -0.111, -0.285, 0.119
22.680, -0.200, -0.500, -0.114, -0.292, 0.118
22.700, -0.200, -0.500, -0.116, -0.297, 0.116
22.720, -0.200, -0.500, -0.118, -0.302, 0.114
22.740, -0.200, -0.500, -0.121, -0.306, 0.111
22.760, -0.200, -0.500, -0.123, -0.310, 0.108
22.780, -0.200, -0.500, -0.126, -0.313, 0.105
22.800, -0.200, -0.500, -0.130, -0.316, 0.101
22.820, -0.200, -0.500, -0.133, -0.319, 0.098
22.840, -0.200, -0.500, -0.137, -0.323, 0.093
22.860, -0.200, -0.500, -0.140, -0.326, 0.090
22.880, -0.200, -0.500, -0.143, -0.328, 0.092
22.900, -0.200, -0.500, -0.144, -0.330, 0.097
22.920, -0.200, -0.500, -0.145, -0.331, 0.103
22.940, -0.200, -0.500, -0.144, -0.329, 0.105
22.960, -0.200, -0.500, -0.143, -0.326, 0.102
22.980, -0.200, -0.500, -0.140, -0.324, 0.097
23.000, -0.200, -0.500, -0.138, -0.323, 0.090
23.020, -0.200, -0.500, -0.135, -0.324, 0.083
23.040, -0.200, -0.500, -0.135, -0.328, 0.076
23.060, -0.200, -0.500, -0.137, -0.334, 0.073
23.080, -0.200, -0.500, -0.141, -0.342, 0.071
23.100, -0.200, -0.500, -0.146, -0.352, 0.072
23.120, -0.200, -0.500, -0.152, -0.362, 0.074
23.140, -0.200, -0.500, -0.158, -0.373, 0.077
23.160, -0.200, -0.500, -0.163, -0.384, 0.079
23.180, -0.200, -0.500, -0.168, -0.395, 0.080
23.200, -0.200, -0.500, -0.171, -0.407, 0.080
23.220, -0.200, -0.500, -0.173, -0.418, 0.078
23.240, -0.200, -0.500, -0.174, -0.428, 0.076
23.260, -0.200, -0.500, -0.174, -0.437, 0.072
23.280, -0.200, -0.500, -0.173, -0.445, 0.068
23.300, -0.200, -0.500, -0.170, -0.452, 0.063
23.320, -0.200, -0.500, -0.167, -0.457, 0.058
23.340, -0.200, -0.500, -0.164, -0.461, 0.053
23.360, -0.200, -0.500, -0.159, -0.464, 0.049
23.380, -0.200, -0.500, -0.154, -0.466, 0.045
23.400, -0.200, -0.500, -0.148, -0.468, 0.043
23.420, -0.200, -0.500, -0.143, -0.468, 0.043
23.440, -0.200, -0.500, -0.139, -0.468, 0.045
23.460, -0.200, -0.500, -0.136, -0.467, 0.048
23.480, -0.200, -0.500, -0.135, -0.465, 0.052
23.500, -0.200, -0.500, -0.135, -0.462, 0.057
23.520, -0.200, -0.500, -0.135, -0.458, 0.063
23.540, -0.200, -0.500, -0.136, -0.454, 0.071
23.560, -0.200, -0.500, -0.137, -0.448, 0.079
23.580, -0.200, -0.500, -0.139, -0.442, 0.087
23.600, -0.200, -0.500, -0.140, -0.434, 0.089
23.620, -0.200, -0.500, -0.143, -0.426, 0.087
23.640, -0.200, -0.500, -0.148, -0.419, 0.082
23.660, -0.200, -0.500, -0.153, -0.414, 0.075
23.680, -0.200, -0.500, -0.158, -0.412, 0.069
23.700, -0.200, -0.500, -0.163, -0.411, 0.065
23.720, -0.200, -0.500, -0.166, -0.411, 0.064
23.740, -0.200, -0.500, -0.169, -0.413, 0.065
23.760, -0.200, -0.500, -0.172, -0.415, 0.068
23.780, -0.200, -0.500, -0.175, -0.417, 0.072
23.800, -0.200, -0.500, -0.178, -0.420, 0.076
23.820, -0.200, -0.500, -0.181, -0.423, 0.080
23.840, -0.200, -0.500, -0.184, -0.426, 0.085
23.860, -0.200, -0.500, -0.187, -0.430, 0.089
23.880, -0.200, -0.500, -0.190, -0.434, 0.093
23.900, -0.200, -0.500, -0.193, -0.439, 0.096
23.920, -0.200, -0.500, -0.197, -0.444, 0.099
23.940, -0.200, -0.500, -0.199, -0.449, 0.101
23.960, -0.200, -0.500, -0.202, -0.454, 0.103
23.980, -0.200, -0.500, -0.205, -0.460, 0.104
24.000, -0.200, -0.500, -0.207, -0.465, 0.105
24.020, -0.200, -0.500, -0.209, -0.469, 0.106
24.040, -0.200, -0.500, -0.211, -0.473, 0.106
26.080, -0.100, -0.500, 0.000, 0.000, 0.175
26.100, -0.100, -0.500, -0.001, 0.000, 0.163
26.120, -0.100, -0.500, -0.003, 0.000, 0.149
26.140, -0.100, -0.500, -0.005, -0.000, 0.130
26.160, -0.100, -0.500, -0.007, -0.001, 0.108
26.180, -0.100, -0.500, -0.010, -0.002, 0.090
26.200, -0.100, -0.500, -0.012, -0.004, 0.077
26.220, -0.100, -0.500, -0.013, -0.008, 0.069
26.240, -0.100, -0.500, -0.015, -0.012, 0.066
26.260, -0.100, -0.500, -0.017, -0.015, 0.069
26.280, -0.100, -0.500, -0.018, -0.018, 0.075
26.300, -0.100, -0.500, -0.019, -0.020, 0.083
26.320, -0.100, -0.500, -0.019, -0.021, 0.090
26.340, -0.100, -0.500, -0.018, -0.020, 0.092
26.360, -0.100, -0.500, -0.016, -0.020, 0.090
26.380, -0.100, -0.500, -0.013, -0.020, 0.085
26.400, -0.100, -0.500, -0.009, -0.022, 0.080
26.420, -0.100, -0.500, -0.005, -0.028, 0.075
26.440, -0.100, -0.500, -0.003, -0.036, 0.070
26.460, -0.100, -0.500, -0.002, -0.045, 0.067
26.480, -0.100, -0.500, -0.003, -0.056, 0.066
26.500, -0.100, -0.500, -0.004, -0.068, 0.065
26.520, -0.100, -0.500, -0.006, -0.080, 0.065
26.540, -0.100, -0.500, -0.006, -0.093, 0.065
26.560, -0.100, -0.500, -0.006, -0.106, 0.064
26.580, -0.100, -0.500, -0.005, -0.119, 0.062
26.600, -0.100, -0.500, -0.002, -0.132, 0.059
26.620, -0.100, -0.500, 0.001, -0.145, 0.055
26.640, -0.100, -0.500, 0.006, -0.157, 0.049
26.660, -0.100, -0.500, 0.010, -0.168, 0.042
26.680, -0.100, -0.500, 0.016, -0.178, 0.034
26.700, -0.100, -0.500, 0.019, -0.185, 0.033
26.720, -0.100, -0.500, 0.022, -0.186, 0.039
26.740, -0.100, -0.500, 0.023, -0.185, 0.043
26.760, -0.100, -0.500, 0.023, -0.182, 0.047
26.780, -0.100, -0.500, 0.022, -0.178, 0.048
26.800, -0.100, -0.500, 0.021, -0.172, 0.050
26.820, -0.100, -0.500, 0.021, -0.167, 0.052
26.840, -0.100, -0.500, 0.021, -0.162, 0.054
26.860, -0.100, -0.500, 0.021, -0.158, 0.056
26.880, -0.100, -0.500, 0.021, -0.154, 0.059
26.900, -0.100, -0.500, 0.021, -0.151, 0.062
26.920, -0.100, -0.500, 0.022, -0.149, 0.066
26.940, -0.100, -0.500, 0.023, -0.146, 0.071
26.960, -0.100, -0.500, 0.024, -0.144, 0.077
26.980, -0.100, -0.500, 0.025, -0.140, 0.082
27.000, -0.100, -0.500, 0.025, -0.136, 0.084
27.020, -0.100, -0.500, 0.022, -0.132, 0.082
27.040, -0.100, -0.500, 0.019, -0.129, 0.078
27.060, -0.100, -0.500, 0.014, -0.128, 0.075
27.080, -0.100, -0.500, 0.010, -0.130, 0.073
27.100, -0.100, -0.500, 0.008, -0.132, 0.073
27.120, -0.100, -0.500, 0.007, -0.136, 0.075
27.140, -0.100, -0.500, 0.007, -0.140, 0.078
27.160, -0.100, -0.500, 0.007, -0.145, 0.082
27.180, -0.100, -0.500, 0.009, -0.151, 0.087
27.200, -0.100, -0.500, 0.010, -0.156, 0.092
27.220, -0.100, -0.500, 0.010, -0.162, 0.097
27.240, -0.100, -0.500, 0.010, -0.168, 0.101
27.260, -0.100, -0.500, 0.010, -0.173, 0.105
27.280, -0.100, -0.500, 0.009, -0.179, 0.109
27.300, -0.100, -0.500, 0.008, -0.184, 0.111
27.320, -0.100, -0.500, 0.006, -0.189, 0.114
27.340, -0.100, -0.500, 0.005, -0.193, 0.116
27.360, -0.100, -0.500, 0.003, -0.197, 0.118
27.380, -0.100, -0.500, 0.001, -0.201, 0.119
27.400, -0.100, -0.500, -0.000, -0.203, 0.119
27.420, -0.100, -0.500, -0.002, -0.205, 0.120
27.440, -0.100, -0.500, -0.003, -0.207, 0.119
27.460, -0.100, -0.500, -0.005, -0.207, 0.119
27.480, -0.100, -0.500, -0.006, -0.207, 0.118
27.500, -0.100, -0.500, -0.008, -0.207, 0.116
27.520, -0.100, -0.500, -0.010, -0.206, 0.114
27.540, -0.100, -0.500, -0.012, -0.204, 0.112
27.560, -0.100, -0.500, -0.014, -0.203, 0.110
27.580, -0.100, -0.500, -0.017, -0.201, 0.108
27.600, -0.100, -0.500, -0.019, -0.199, 0.107
27.620, -0.100, -0.500, -0.022, -0.197, 0.105
27.640, -0.100, -0.500, -0.025, -0.196, 0.100
27.660, -0.100, -0.500, -0.028, -0.195, 0.093
27.680, -0.100, -0.500, -0.030, -0.195, 0.085
27.700, -0.100, -0.500, -0.030, -0.196, 0.076
27.720, -0.100, -0.500, -0.030, -0.199, 0.067
27.740, -0.100, -0.500, -0.030, -0.203, 0.060
27.760, -0.100, -0.500, -0.029, -0.208, 0.055
27.780, -0.100, -0.500, -0.028, -0.215, 0.051
27.800, -0.100, -0.500, -0.027, -0.222, 0.048
27.820, -0.100, -0.500, -0.026, -0.229, 0.047
27.840, -0.100, -0.500, -0.024, -0.237, 0.046
27.860, -0.100, -0.500, -0.023, -0.244, 0.046
27.880, -0.100, -0.500, -0.022, -0.250, 0.046
27.900, -0.100, -0.500, -0.021, -0.255, 0.046
27.920, -0.100, -0.500, -0.021, -0.259, 0.046
27.940, -0.100, -0.500, -0.021, -0.261, 0.046
27.960, -0.100, -0.500, -0.021, -0.262, 0.047
27.980, -0.100, -0.500, -0.021, -0.262, 0.047
28.000, -0.100, -0.500, -0.021, -0.261, 0.049
28.020, -0.100, -0.500, -0.021, -0.259, 0.051
28.040, -0.100, -0.500, -0.021, -0.256, 0.054
28.060, -0.100, -0.500, -0.021, -0.252, 0.058
28.080, -0.100, -0.500, -0.021, -0.249, 0.062
28.100, -0.100, -0.500, -0.021, -0.244, 0.066
28.120, -0.100, -0.500, -0.021, -0.240, 0.070
28.140, -0.100, -0.500, -0.022, -0.236, 0.073
28.160, -0.100, -0.500, -0.022, -0.232, 0.076
28.180, -0.100, -0.500, -0.022, -0.229, 0.079
28.200, -0.100, -0.500, -0.022, -0.225, 0.081
28.220, -0.100, -0.500, -0.022, -0.222, 0.084
28.240, -0.100, -0.500, -0.022, -0.220, 0.088
28.260, -0.100, -0.500, -0.021, -0.217, 0.092
28.280, -0.100, -0.500, -0.021, -0.214, 0.097
28.300, -0.100, -0.500, -0.021, -0.211, 0.100
28.320, -0.100, -0.500, -0.021, -0.208, 0.099
28.340, -0.100, -0.500, -0.023, -0.206, 0.097
28.360, -0.100, -0.500, -0.025, -0.205, 0.095
28.380, -0.100, -0.500, -0.028, -0.206, 0.094
28.400, -0.100, -0.500, -0.030, -0.208, 0.093
28.420, -0.100, -0.500, -0.032, -0.212, 0.093
28.440, -0.100, -0.500, -0.033, -0.216, 0.095
28.460, -0.100, -0.500, -0.034, -0.221, 0.098
28.480, -0.100, -0.500, -0.034, -0.227, 0.102
28.500, -0.100, -0.500, -0.034, -0.233, 0.106
28.520, -0.100, -0.500, -0.034, -0.240, 0.109
28.540, -0.100, -0.500, -0.035, -0.246, 0.113
28.560, -0.100, -0.500, -0.035, -0.253, 0.116
28.580, -0.100, -0.500, -0.037, -0.260, 0.119
28.600, -0.100, -0.500, -0.038, -0.266, 0.121
28.620, -0.100, -0.500, -0.040, -0.273, 0.123
28.640, -0.100, -0.500, -0.041, -0.279, 0.124
28.660, -0.100, -0.500, -0.043, -0.284, 0.124
28.680, -0.100, -0.500, -0.044, -0.289, 0.125
28.700, -0.100, -0.500, -0.046, -0.294, 0.124
28.720, -0.100, -0.500, -0.047, -0.297, 0.124
28.740, -0.100, -0.500, -0.049, -0.300, 0.123
28.760, -0.100, -0.500, -0.050, -0.302, 0.121
28.780, -0.100, -0.500, -0.052, -0.303, 0.120
28.800, -0.100, -0.500, -0.054, -0.304, 0.118
28.820, -0.100, -0.500, -0.056, -0.304, 0.115
28.840, -0.100, -0.500, -0.058, -0.304, 0.113
28.860, -0.100, -0.500, -0.061, -0.304, 0.111
28.880, -0.100, -0.500, -0.063, -0.303, 0.108
28.900, -0.100, -0.500, -0.067, -0.303, 0.106
28.920, -0.100, -0.500, -0.069, -0.303, 0.104
28.940, -0.100, -0.500, -0.072, -0.302, 0.106
28.960, -0.100, -0.500, -0.072, -0.301, 0.106
28.980, -0.100, -0.500, -0.072, -0.300, 0.101
29.000, -0.100, -0.500, -0.071, -0.299, 0.093
29.020, -0.100, -0.500, -0.069, -0.300, 0.083
29.040, -0.100, -0.500, -0.067, -0.302, 0.074
29.060, -0.100, -0.500, -0.066, -0.306, 0.068
29.080, -0.100, -0.500, -0.066, -0.311, 0.064
29.100, -0.100, -0.500, -0.066, -0.317, 0.063
29.120, -0.100, -0.500, -0.068, -0.324, 0.063
29.140, -0.100, -0.500, -0.069, -0.332, 0.064
29.160, -0.100, -0.500, -0.070, -0.341, 0.066
29.180, -0.100, -0.500, -0.071, -0.351, 0.066
29.200, -0.100, -0.500, -0.071, -0.361, 0.066
29.220, -0.100, -0.500, -0.070, -0.373, 0.065
29.240, -0.100, -0.500, -0.069, -0.384, 0.063
29.260, -0.100, -0.500, -0.068, -0.395, 0.059
29.280, -0.100, -0.500, -0.066, -0.406, 0.055
29.300, -0.100, -0.500, -0.063, -0.416, 0.050
29.320, -0.100, -0.500, -0.059, -0.426, 0.044
29.340, -0.100, -0.500, -0.055, -0.434, 0.038
29.360, -0.100, -0.500, -0.052, -0.440, 0.035
29.380, -0.100, -0.500, -0.050, -0.443, 0.038
29.400, -0.100, -0.500, -0.049, -0.441, 0.043
29.420, -0.100, -0.500, -0.049, -0.438, 0.047
29.440, -0.100, -0.500, -0.049, -0.433, 0.052
29.460, -0.100, -0.500, -0.049, -0.427, 0.056
29.480, -0.100, -0.500, -0.049, -0.422, 0.060
29.500, -0.100, -0.500, -0.048, -0.416, 0.064
29.520, -0.100, -0.500, -0.048, -0.411, 0.068
29.540, -0.100, -0.500, -0.048, -0.406, 0.072
29.560, -0.100, -0.500, -0.047, -0.402, 0.076
29.580, -0.100, -0.500, -0.046, -0.398, 0.082
29.600, -0.100, -0.500, -0.045, -0.393, 0.087
29.620, -0.100, -0.500, -0.045, -0.388, 0.087
29.640, -0.100, -0.500, -0.046, -0.384, 0.084
29.660, -0.100, -0.500, -0.048, -0.380, 0.079
29.680, -0.100, -0.500, -0.052, -0.378, 0.075
29.700, -0.100, -0.500, -0.055, -0.379, 0.072
29.720, -0.100, -0.500, -0.057, -0.381, 0.070
29.740, -0.100, -0.500, -0.058, -0.384, 0.071
29.760, -0.100, -0.500, -0.058, -0.387, 0.074
29.780, -0.100, -0.500, -0.057, -0.392, 0.078
29.800, -0.100, -0.500, -0.056, -0.396, 0.082
29.820, -0.100, -0.500, -0.056, -0.401, 0.087
29.840, -0.100, -0.500, -0.055, -0.406, 0.092
29.860, -0.100, -0.500, -0.055, -0.411, 0.096
29.880, -0.100, -0.500, -0.055, -0.417, 0.100
29.900, -0.100, -0.500, -0.056, -0.422, 0.104
29.920, -0.100, -0.500, -0.057, -0.426, 0.106
29.940, -0.100, -0.500, -0.059, -0.431, 0.109
29.960, -0.100, -0.500, -0.060, -0.435, 0.111
29.980, -0.100, -0.500, -0.061, -0.439, 0.112
30.000, -0.100, -0.500, -0.063, -0.442, 0.114
30.020, -0.100, -0.500, -0.064, -0.444, 0.114
30.040, -0.100, -0.500, -0.065, -0.446, 0.115
30.060, -0.100, -0.500, -0.066, -0.447, 0.115
32.100, -0.000, -0.500, 0.000, 0.000, 0.175
32.120, -0.000, -0.500, -0.001, 0.000, 0.163
32.140, -0.000, -0.500, -0.003, 0.000, 0.149
32.160, -0.000, -0.500, -0.005, -0.000, 0.130
32.180, -0.000, -0.500, -0.008, -0.001, 0.108
32.200, -0.000, -0.500, -0.010, -0.002, 0.091
32.220, -0.000, -0.500, -0.011, -0.005, 0.077
32.240, -0.000, -0.500, -0.011, -0.008, 0.069
32.260, -0.000, -0.500, -0.013, -0.012, 0.066
32.280, -0.000, -0.500, -0.014, -0.015, 0.069
32.300, -0.000, -0.500, -0.015, -0.018, 0.075
32.320, -0.000, -0.500, -0.016, -0.020, 0.082
32.340, -0.000, -0.500, -0.017, -0.021, 0.089
32.360, -0.000, -0.500, -0.016, -0.020, 0.092
32.380, -0.000, -0.500, -0.014, -0.019, 0.089
32.400, -0.000, -0.500, -0.011, -0.019, 0.084
32.420, -0.000, -0.500, -0.006, -0.021, 0.078
32.440, -0.000, -0.500, -0.001, -0.025, 0.073
32.460, -0.000, -0.500, 0.003, -0.031, 0.069
32.480, -0.000, -0.500, 0.005, -0.039, 0.066
32.500, -0.000, -0.500, 0.006, -0.048, 0.065
32.520, -0.000, -0.500, 0.006, -0.059, 0.065
32.540, -0.000, -0.500, 0.006, -0.070, 0.066
32.560, -0.000, -0.500, 0.007, -0.081, 0.066
32.580, -0.000, -0.500, 0.009, -0.094, 0.066
32.600, -0.000, -0.500, 0.011, -0.107, 0.065
32.620, -0.000, -0.500, 0.014, -0.120, 0.063
32.640, -0.000, -0.500, 0.018, -0.133, 0.060
32.660, -0.000, -0.500, 0.023, -0.146, 0.055
32.680, -0.000, -0.500, 0.028, -0.159, 0.048
32.700, -0.000, -0.500, 0.032, -0.170, 0.041
32.720, -0.000, -0.500, 0.038, -0.181, 0.034
32.740, -0.000, -0.500, 0.042, -0.188, 0.031
32.760, -0.000, -0.500, 0.044, -0.190, 0.036
32.780, -0.000, -0.500, 0.044, -0.187, 0.042
32.800, -0.000, -0.500, 0.043, -0.183, 0.047
32.820, -0.000, -0.500, 0.041, -0.178, 0.050
32.840, -0.000, -0.500, 0.040, -0.172, 0.053
32.860, -0.000, -0.500, 0.040, -0.167, 0.056
32.880, -0.000, -0.500, 0.040, -0.161, 0.059
32.900, -0.000, -0.500, 0.040, -0.157, 0.062
32.920, -0.000, -0.500, 0.041, -0.153, 0.065
32.940, -0.000, -0.500, 0.042, -0.150, 0.068
32.960, -0.000, -0.500, 0.043, -0.147, 0.073
32.980, -0.000, -0.500, 0.044, -0.144, 0.078
33.000, -0.000, -0.500, 0.045, -0.141, 0.083
33.020, -0.000, -0.500, 0.045, -0.138, 0.085
33.040, -0.000, -0.500, 0.044, -0.134, 0.083
33.060, -0.000, -0.500, 0.041, -0.132, 0.080
33.080, -0.000, -0.500, 0.038, -0.133, 0.077
33.100, -0.000, -0.500, 0.035, -0.135, 0.076
33.120, -0.000, -0.500, 0.034, -0.140, 0.076
33.140, -0.000, -0.500, 0.034, -0.145, 0.079
33.160, -0.000, -0.500, 0.036, -0.152, 0.083
33.180, -0.000, -0.500, 0.039, -0.159, 0.087
33.200, -0.000, -0.500, 0.042, -0.167, 0.092
33.220, -0.000, -0.500, 0.045, -0.175, 0.097
33.240, -0.000, -0.500, 0.047, -0.183, 0.102
33.260, -0.000, -0.500, 0.049, -0.191, 0.106
33.280, -0.000, -0.500, 0.051, -0.199, 0.109
33.300, -0.000, -0.500, 0.051, -0.207, 0.112
33.320, -0.000, -0.500, 0.051, -0.214, 0.114
33.340, -0.000, -0.500, 0.050, -0.220, 0.116
33.360, -0.000, -0.500, 0.049, -0.225, 0.118
33.380, -0.000, -0.500, 0.048, -0.229, 0.119
33.400, -0.000, -0.500, 0.046, -0.233, 0.120
33.420, -0.000, -0.500, 0.045, -0.235, 0.120
33.440, -0.000, -0.500, 0.043, -0.236, 0.121
33.460, -0.000, -0.500, 0.041, -0.237, 0.120
33.480, -0.000, -0.500, 0.038, -0.237, 0.120
33.500, -0.000, -0.500, 0.036, -0.236, 0.119
33.520, -0.000, -0.500, 0.033, -0.234, 0.117
33.540, -0.000, -0.500, 0.030, -0.232, 0.115
33.560, -0.000, -0.500, 0.026, -0.229, 0.113
33.580, -0.000, -0.500, 0.023, -0.227, 0.111
33.600, -0.000, -0.500, 0.019, -0.224, 0.109
33.620, -0.000, -0.500, 0.015, -0.221, 0.108
33.640, -0.000, -0.500, 0.011, -0.218, 0.106
33.660, -0.000, -0.500, 0.007, -0.215, 0.102
33.680, -0.000, -0.500, 0.004, -0.213, 0.097
33.700, -0.000, -0.500, 0.003, -0.212, 0.089
33.720, -0.000, -0.500, 0.003, -0.212, 0.080
33.740, -0.000, -0.500, 0.003, -0.213, 0.071
33.760, -0.000, -0.500, 0.004, -0.216, 0.064
33.780, -0.000, -0.500, 0.006, -0.219, 0.059
33.800, -0.000, -0.500, 0.007, -0.224, 0.056
33.820, -0.000, -0.500, 0.009, -0.230, 0.054
33.840, -0.000, -0.500, 0.011, -0.237, 0.053
33.860, -0.000, -0.500, 0.014, -0.244, 0.052
33.880, -0.000, -0.500, 0.017, -0.253, 0.051
33.900, -0.000, -0.500, 0.020, -0.264, 0.049
33.920, -0.000, -0.500, 0.023, -0.273, 0.048
33.940, -0.000, -0.500, 0.026, -0.282, 0.047
33.960, -0.000, -0.500, 0.029, -0.291, 0.047
33.980, -0.000, -0.500, 0.030, -0.298, 0.046
34.000, -0.000, -0.500, 0.030, -0.303, 0.045
34.020, -0.000, -0.500, 0.030, -0.306, 0.046
34.040, -0.000, -0.500, 0.029, -0.307, 0.047
34.060, -0.000, -0.500, 0.029, -0.306, 0.049
34.080, -0.000, -0.500, 0.029, -0.304, 0.053
34.100, -0.000, -0.500, 0.029, -0.300, 0.057
34.120, -0.000, -0.500, 0.028, -0.296, 0.062
34.140, -0.000, -0.500, 0.028, -0.290, 0.066
34.160, -0.000, -0.500, 0.027, -0.285, 0.070
34.180, -0.000, -0.500, 0.027, -0.279, 0.074
34.200, -0.000, -0.500, 0.026, -0.274, 0.078
34.220, -0.000, -0.500, 0.026, -0.269, 0.081
34.240, -0.000, -0.500, 0.025, -0.265, 0.084
34.260, -0.000, -0.500, 0.025, -0.261, 0.088
34.280, -0.000, -0.500, 0.026, -0.257, 0.092
34.300, -0.000, -0.500, 0.026, -0.254, 0.097
34.320, -0.000, -0.500, 0.026, -0.250, 0.100
34.340, -0.000, -0.500, 0.026, -0.247, 0.099
34.360, -0.000, -0.500, 0.024, -0.245, 0.097
34.380, -0.000, -0.500, 0.022, -0.244, 0.095
34.400, -0.000, -0.500, 0.020, -0.246, 0.094
34.420, -0.000, -0.500, 0.018, -0.249, 0.093
34.440, -0.000, -0.500, 0.018, -0.253, 0.094
34.460, -0.000, -0.500, 0.019, -0.258, 0.097
34.480, -0.000, -0.500, 0.020, -0.264, 0.100
34.500, -0.000, -0.500, 0.022, -0.271, 0.105
34.520, -0.000, -0.500, 0.025, -0.278, 0.109
34.540, -0.000, -0.500, 0.027, -0.285, 0.114
34.560, -0.000, -0.500, 0.028, -0.293, 0.118
34.580, -0.000, -0.500, 0.030, -0.300, 0.121
34.600, -0.000, -0.500, 0.030, -0.307, 0.124
34.620, -0.000, -0.500, 0.030, -0.314, 0.127
34.640, -0.000, -0.500, 0.030, -0.321, 0.129
34.660, -0.000, -0.500, 0.029, -0.327, 0.130
34.680, -0.000, -0.500, 0.028, -0.332, 0.131
34.700, -0.000, -0.500, 0.027, -0.336, 0.132
34.720, -0.000, -0.500, 0.026, -0.339, 0.132
34.740, -0.000, -0.500, 0.025, -0.342, 0.132
34.760, -0.000, -0.500, 0.024, -0.344, 0.132
34.780, -0.000, -0.500, 0.022, -0.344, 0.131
34.800, -0.000, -0.500, 0.020, -0.345, 0.130
34.820, -0.000, -0.500, 0.018, -0.344, 0.128
34.840, -0.000, -0.500, 0.016, -0.343, 0.126
34.860, -0.000, -0.500, 0.013, -0.341, 0.124
34.880, -0.000, -0.500, 0.010, -0.339, 0.121
34.900, -0.000, -0.500, 0.007, -0.337, 0.119
34.920, -0.000, -0.500, 0.003, -0.334, 0.117
34.940, -0.000, -0.500, -0.001, -0.332, 0.115
34.960, -0.000, -0.500, -0.005, -0.329, 0.111
34.980, -0.000, -0.500, -0.008, -0.326, 0.108
35.000, -0.000, -0.500, -0.009, -0.323, 0.101
35.020, -0.000, -0.500, -0.009, -0.322, 0.092
35.040, -0.000, -0.500, -0.008, -0.322, 0.082
35.060, -0.000, -0.500, -0.006, -0.323, 0.073
35.080, -0.000, -0.500, -0.004, -0.326, 0.067
35.100, -0.000, -0.500, -0.002, -0.331, 0.063
35.120, -0.000, -0.500, -0.000, -0.336, 0.062
35.140, -0.000, -0.500, 0.001, -0.343, 0.061
35.160, -0.000, -0.500, 0.003, -0.351, 0.061
35.180, -0.000, -0.500, 0.005, -0.360, 0.061
35.200, -0.000, -0.500, 0.008, -0.369, 0.061
35.220, -0.000, -0.500, 0.011, -0.380, 0.059
35.240, -0.000, -0.500, 0.014, -0.391, 0.056
35.260, -0.000, -0.500, 0.017, -0.403, 0.053
35.280, -0.000, -0.500, 0.021, -0.414, 0.049
35.300, -0.000, -0.500, 0.026, -0.426, 0.043
35.320, -0.000, -0.500, 0.029, -0.437, 0.038
35.340, -0.000, -0.500, 0.031, -0.445, 0.035
35.360, -0.000, -0.500, 0.034, -0.448, 0.035
35.380, -0.000, -0.500, 0.034, -0.447, 0.039
35.400, -0.000, -0.500, 0.032, -0.444, 0.044
35.420, -0.000, -0.500, 0.030, -0.440, 0.049
35.440, -0.000, -0.500, 0.028, -0.435, 0.054
35.460, -0.000, -0.500, 0.027, -0.430, 0.058
35.480, -0.000, -0.500, 0.026, -0.425, 0.062
35.500, -0.000, -0.500, 0.026, -0.420, 0.066
35.520, -0.000, -0.500, 0.027, -0.415, 0.069
35.540, -0.000, -0.500, 0.027, -0.412, 0.072
35.560, -0.000, -0.500, 0.028, -0.408, 0.076
35.580, -0.000, -0.500, 0.029, -0.406, 0.080
35.600, -0.000, -0.500, 0.030, -0.403, 0.085
35.620, -0.000, -0.500, 0.031, -0.399, 0.090
35.640, -0.000, -0.500, 0.031, -0.396, 0.091
35.660, -0.000, -0.500, 0.030, -0.392, 0.089
35.680, -0.000, -0.500, 0.028, -0.391, 0.087
35.700, -0.000, -0.500, 0.025, -0.391, 0.084
35.720, -0.000, -0.500, 0.023, -0.394, 0.083
35.740, -0.000, -0.500, 0.022, -0.398, 0.084
35.760, -0.000, -0.500, 0.022, -0.403, 0.086
35.780, -0.000, -0.500, 0.024, -0.410, 0.090
35.800, -0.000, -0.500, 0.027, -0.417, 0.094
35.820, -0.000, -0.500, 0.030, -0.425, 0.099
35.840, -0.000, -0.500, 0.034, -0.433, 0.104
35.860, -0.000, -0.500, 0.036, -0.441, 0.108
35.880, -0.000, -0.500, 0.039, -0.449, 0.112
35.900, -0.000, -0.500, 0.040, -0.457, 0.116
35.920, -0.000, -0.500, 0.041, -0.464, 0.118
35.940, -0.000, -0.500, 0.041, -0.471, 0.121
35.960, -0.000, -0.500, 0.041, -0.477, 0.122
35.980, -0.000, -0.500, 0.040, -0.482, 0.124
36.000, -0.000, -0.500, 0.039, -0.487, 0.125
36.020, -0.000, -0.500, 0.037, -0.490, 0.126
36.040, -0.000, -0.500, 0.036, -0.492, 0.126
36.060, -0.000, -0.500, 0.034, -0.494, 0.126
36.080, -0.000, -0.500, 0.033, -0.494, 0.126
38.120, 0.100, -0.500, 0.000, 0.000, 0.175
38.140, 0.100, -0.500, -0.001, -0.000, 0.164
38.160, 0.100, -0.500, -0.003, -0.000, 0.149
38.180, 0.100, -0.500, -0.005, -0.000, 0.130
38.200, 0.100, -0.500, -0.008, -0.001, 0.109
38.220, 0.100, -0.500, -0.010, -0.002, 0.090
38.240, 0.100, -0.500, -0.010, -0.004, 0.076
38.260, 0.100, -0.500, -0.010, -0.008, 0.067
38.280, 0.100, -0.500, -0.011, -0.011, 0.064
38.300, 0.100, -0.500, -0.012, -0.014, 0.066
38.320, 0.100, -0.500, -0.013, -0.017, 0.072
38.340, 0.100, -0.500, -0.014, -0.019, 0.080
38.360, 0.100, -0.500, -0.015, -0.019, 0.087
38.380, 0.100, -0.500, -0.015, -0.018, 0.090
38.400, 0.100, -0.500, -0.013, -0.016, 0.087
38.420, 0.100, -0.500, -0.009, -0.015, 0.082
38.440, 0.100, -0.500, -0.004, -0.017, 0.076
38.460, 0.100, -0.500, 0.002, -0.020, 0.071
38.480, 0.100, -0.500, 0.006, -0.026, 0.067
38.500, 0.100, -0.500, 0.009, -0.033, 0.064
38.520, 0.100, -0.500, 0.011, -0.040, 0.063
38.540, 0.100, -0.500, 0.013, -0.049, 0.063
38.560, 0.100, -0.500, 0.014, -0.059, 0.065
38.580, 0.100, -0.500, 0.016, -0.069, 0.066
38.600, 0.100, -0.500, 0.019, -0.080, 0.067
38.620, 0.100, -0.500, 0.022, -0.091, 0.067
38.640, 0.100, -0.500, 0.026, -0.103, 0.066
38.660, 0.100, -0.500, 0.031, -0.116, 0.065
38.680, 0.100, -0.500, 0.037, -0.129, 0.061
38.700, 0.100, -0.500, 0.041, -0.141, 0.057
38.720, 0.100, -0.500, 0.047, -0.154, 0.051
38.740, 0.100, -0.500, 0.053, -0.165, 0.046
38.760, 0.100, -0.500, 0.059, -0.177, 0.038
38.780, 0.100, -0.500, 0.063, -0.186, 0.032
38.800, 0.100, -0.500, 0.065, -0.190, 0.032
38.820, 0.100, -0.500, 0.064, -0.188, 0.038
38.840, 0.100, -0.500, 0.062, -0.185, 0.043
38.860, 0.100, -0.500, 0.060, -0.179, 0.049
38.880, 0.100, -0.500, 0.058, -0.174, 0.054
38.900, 0.100, -0.500, 0.058, -0.168, 0.058
38.920, 0.100, -0.500, 0.058, -0.162, 0.062
38.940, 0.100, -0.500, 0.059, -0.157, 0.066
38.960, 0.100, -0.500, 0.060, -0.152, 0.069
38.980, 0.100, -0.500, 0.061, -0.148, 0.074
39.000, 0.100, -0.500, 0.063, -0.144, 0.079
39.020, 0.100, -0.500, 0.064, -0.141, 0.084
39.040, 0.100, -0.500, 0.065, -0.137, 0.085
39.060, 0.100, -0.500, 0.065, -0.133, 0.083
39.080, 0.100, -0.500, 0.063, -0.132, 0.080
39.100, 0.100, -0.500, 0.061, -0.133, 0.077
39.120, 0.100, -0.500, 0.060, -0.136, 0.076
39.140, 0.100, -0.500, 0.060, -0.141, 0.076
39.160, 0.100, -0.500, 0.063, -0.148, 0.078
39.180, 0.100, -0.500, 0.066, -0.156, 0.082
39.200, 0.100, -0.500, 0.071, -0.165, 0.087
39.220, 0.100, -0.500, 0.077, -0.174, 0.092
39.240, 0.100, -0.500, 0.082, -0.184, 0.096
39.260, 0.100, -0.500, 0.087, -0.194, 0.101
39.280, 0.100, -0.500, 0.091, -0.204, 0.104
39.300, 0.100, -0.500, 0.095, -0.214, 0.107
39.320, 0.100, -0.500, 0.097, -0.222, 0.109
39.340, 0.100, -0.500, 0.099, -0.230, 0.110
39.360, 0.100, -0.500, 0.099, -0.237, 0.111
39.380, 0.100, -0.500, 0.099, -0.243, 0.112
39.400, 0.100, -0.500, 0.098, -0.247, 0.113
39.420, 0.100, -0.500, 0.097, -0.250, 0.113
39.440, 0.100, -0.500, 0.095, -0.252, 0.114
39.460, 0.100, -0.500, 0.092, -0.252, 0.114
39.480, 0.100, -0.500, 0.089, -0.252, 0.114
39.500, 0.100, -0.500, 0.086, -0.250, 0.114
39.520, 0.100, -0.500, 0.082, -0.248, 0.113
39.540, 0.100, -0.500, 0.077, -0.245, 0.112
39.560, 0.100, -0.500, 0.073, -0.242, 0.111
39.580, 0.100, -0.500, 0.068, -0.239, 0.109
39.600, 0.100, -0.500, 0.063, -0.235, 0.107
39.620, 0.100, -0.500, 0.058, -0.232, 0.105
39.640, 0.100, -0.500, 0.052, -0.229, 0.103
39.660, 0.100, -0.500, 0.046, -0.225, 0.102
39.680, 0.100, -0.500, 0.042, -0.221, 0.101
39.700, 0.100, -0.500, 0.040, -0.218, 0.097
39.720, 0.100, -0.500, 0.040, -0.217, 0.089
39.740, 0.100, -0.500, 0.041, -0.216, 0.079
39.760, 0.100, -0.500, 0.042, -0.216, 0.070
39.780, 0.100, -0.500, 0.045, -0.217, 0.063
39.800, 0.100, -0.500, 0.047, -0.220, 0.058
39.820, 0.100, -0.500, 0.050, -0.223, 0.056
39.840, 0.100, -0.500, 0.052, -0.228, 0.055
39.860, 0.100, -0.500, 0.055, -0.233, 0.055
39.880, 0.100, -0.500, 0.058, -0.239, 0.055
39.900, 0.100, -0.500, 0.061, -0.247, 0.055
39.920, 0.100, -0.500, 0.066, -0.256, 0.055
39.940, 0.100, -0.500, 0.070, -0.266, 0.053
39.960, 0.100, -0.500, 0.075, -0.276, 0.052
39.980, 0.100, -0.500, 0.081, -0.287, 0.050
40.000, 0.100, -0.500, 0.086, -0.298, 0.048
40.020, 0.100, -0.500, 0.090, -0.308, 0.047
40.040, 0.100, -0.500, 0.091, -0.317, 0.046
40.060, 0.100, -0.500, 0.091, -0.324, 0.045
40.080, 0.100, -0.500, 0.091, -0.328, 0.046
40.100, 0.100, -0.500, 0.090, -0.330, 0.048
40.120, 0.100, -0.500, 0.090, -0.329, 0.051
40.140, 0.100, -0.500, 0.089, -0.326, 0.055
40.160, 0.100, -0.500, 0.089, -0.322, 0.060
40.180, 0.100, -0.500, 0.089, -0.317, 0.065
40.200, 0.100, -0.500, 0.088, -0.311, 0.069
40.220, 0.100, -0.500, 0.087, -0.305, 0.073
40.240, 0.100, -0.500, 0.086, -0.298, 0.077
40.260, 0.100, -0.500, 0.085, -0.292, 0.081
40.280, 0.100, -0.500, 0.085, -0.287, 0.085
40.300, 0.100, -0.500, 0.085, -0.281, 0.090
40.320, 0.100, -0.500, 0.085, -0.276, 0.096
40.340, 0.100, -0.500, 0.085, -0.271, 0.098
40.360, 0.100, -0.500, 0.084, -0.267, 0.098
40.380, 0.100, -0.500, 0.083, -0.265, 0.096
40.400, 0.100, -0.500, 0.082, -0.265, 0.093
40.420, 0.100, -0.500, 0.081, -0.267, 0.092
40.440, 0.100, -0.500, 0.081, -0.271, 0.091
40.460, 0.100, -0.500, 0.083, -0.276, 0.093
40.480, 0.100, -0.500, 0.086, -0.282, 0.095
40.500, 0.100, -0.500, 0.091, -0.289, 0.099
40.520, 0.100, -0.500, 0.096, -0.297, 0.104
40.540, 0.100, -0.500, 0.102, -0.305, 0.109
40.560, 0.100, -0.500, 0.107, -0.313, 0.113
40.580, 0.100, -0.500, 0.112, -0.322, 0.117
40.600, 0.100, -0.500, 0.116, -0.330, 0.121
40.620, 0.100, -0.500, 0.119, -0.338, 0.124
40.640, 0.100, -0.500, 0.122, -0.346, 0.126
40.660, 0.100, -0.500, 0.124, -0.353, 0.128
40.680, 0.100, -0.500, 0.125, -0.359, 0.129
40.700, 0.100, -0.500, 0.125, -0.364, 0.130
40.720, 0.100, -0.500, 0.125, -0.367, 0.131
40.740, 0.100, -0.500, 0.124, -0.370, 0.132
40.760, 0.100, -0.500, 0.123, -0.372, 0.132
40.780, 0.100, -0.500, 0.121, -0.372, 0.132
40.800, 0.100, -0.500, 0.119, -0.372, 0.131
40.820, 0.100, -0.500, 0.116, -0.371, 0.130
40.840, 0.100, -0.500, 0.112, -0.369, 0.129
40.860, 0.100, -0.500, 0.109, -0.367, 0.127
40.880, 0.100, -0.500, 0.104, -0.364, 0.125
40.900, 0.100, -0.500, 0.100, -0.361, 0.123
40.920, 0.100, -0.500, 0.095, -0.358, 0.120
40.940, 0.100, -0.500, 0.090, -0.355, 0.118
40.960, 0.100, -0.500, 0.084, -0.352, 0.116
40.980, 0.100, -0.500, 0.078, -0.350, 0.113
41.000, 0.100, -0.500, 0.073, -0.346, 0.108
41.020, 0.100, -0.500, 0.070, -0.344, 0.101
41.040, 0.100, -0.500, 0.069, -0.342, 0.090
41.060, 0.100, -0.500, 0.070, -0.341, 0.080
41.080, 0.100, -0.500, 0.072, -0.342, 0.071
41.100, 0.100, -0.500, 0.075, -0.344, 0.066
41.120, 0.100, -0.500, 0.078, -0.347, 0.063
41.140, 0.100, -0.500, 0.082, -0.351, 0.061
41.160, 0.100, -0.500, 0.085, -0.357, 0.061
41.180, 0.100, -0.500, 0.089, -0.363, 0.061
41.200, 0.100, -0.500, 0.093, -0.371, 0.061
41.220, 0.100, -0.500, 0.098, -0.380, 0.062
41.240, 0.100, -0.500, 0.104, -0.390, 0.061
41.260, 0.100, -0.500, 0.109, -0.400, 0.058
41.280, 0.100, -0.500, 0.115, -0.411, 0.055
41.300, 0.100, -0.500, 0.121, -0.422, 0.052
41.320, 0.100, -0.500, 0.127, -0.434, 0.047
41.340, 0.100, -0.500, 0.134, -0.445, 0.042
41.360, 0.100, -0.500, 0.138, -0.455, 0.038
41.380, 0.100, -0.500, 0.140, -0.463, 0.035
41.400, 0.100, -0.500, 0.142, -0.465, 0.035
41.420, 0.100, -0.500, 0.140, -0.464, 0.040
41.440, 0.100, -0.500, 0.137, -0.461, 0.045
41.460, 0.100, -0.500, 0.135, -0.456, 0.050
41.480, 0.100, -0.500, 0.133, -0.451, 0.056
41.500, 0.100, -0.500, 0.131, -0.446, 0.060
41.520, 0.100, -0.500, 0.131, -0.441, 0.064
41.540, 0.100, -0.500, 0.130, -0.436, 0.068
41.560, 0.100, -0.500, 0.131, -0.431, 0.071
41.580, 0.100, -0.500, 0.131, -0.428, 0.075
41.600, 0.100, -0.500, 0.131, -0.424, 0.079
41.620, 0.100, -0.500, 0.132, -0.421, 0.085
41.640, 0.100, -0.500, 0.133, -0.417, 0.089
41.660, 0.100, -0.500, 0.133, -0.413, 0.091
41.680, 0.100, -0.500, 0.133, -0.410, 0.089
41.700, 0.100, -0.500, 0.131, -0.409, 0.087
41.720, 0.100, -0.500, 0.129, -0.410, 0.084
41.740, 0.100, -0.500, 0.128, -0.413, 0.083
41.760, 0.100, -0.500, 0.129, -0.419, 0.084
41.780, 0.100, -0.500, 0.132, -0.425, 0.086
41.800, 0.100, -0.500, 0.136, -0.432, 0.090
41.820, 0.100, -0.500, 0.142, -0.440, 0.095
41.840, 0.100, -0.500, 0.148, -0.449, 0.100
41.860, 0.100, -0.500, 0.154, -0.458, 0.105
41.880, 0.100, -0.500, 0.160, -0.468, 0.110
41.900, 0.100, -0.500, 0.166, -0.477, 0.113
41.920, 0.100, -0.500, 0.170, -0.486, 0.117
41.940, 0.100, -0.500, 0.174, -0.495, 0.119
41.960, 0.100, -0.500, 0.177, -0.503, 0.121
41.980, 0.100, -0.500, 0.178, -0.510, 0.122
42.000, 0.100, -0.500, 0.179, -0.515, 0.123
42.020, 0.100, -0.500, 0.179, -0.520, 0.123
42.040, 0.100, -0.500, 0.178, -0.523, 0.124
42.060, 0.100, -0.500, 0.177, -0.525, 0.124
42.080, 0.100, -0.500, 0.174, -0.526, 0.125
42.100, 0.100, -0.500, 0.172, -0.526, 0.125
44.140, 0.200, -0.500, 0.000, 0.000, 0.175
44.160, 0.200, -0.500, -0.001, -0.000, 0.164
44.180, 0.200, -0.500, -0.003, -0.000, 0.150
44.200, 0.200, -0.500, -0.006, -0.001, 0.131
44.220, 0.200, -0.500, -0.008, -0.001, 0.109
44.240, 0.200, -0.500, -0.010, -0.002, 0.090
44.260, 0.200, -0.500, -0.009, -0.004, 0.076
44.280, 0.200, -0.500, -0.009, -0.008, 0.067
44.300, 0.200, -0.500, -0.008, -0.011, 0.064
44.320, 0.200, -0.500, -0.009, -0.014, 0.067
44.340, 0.200, -0.500, -0.010, -0.017, 0.073
44.360, 0.200, -0.500, -0.011, -0.019, 0.081
44.380, 0.200, -0.500, -0.012, -0.019, 0.088
44.400, 0.200, -0.500, -0.012, -0.017, 0.090
44.420, 0.200, -0.500, -0.011, -0.015, 0.087
44.440, 0.200, -0.500, -0.006, -0.013, 0.082
44.460, 0.200, -0.500, -0.001, -0.014, 0.076
44.480, 0.200, -0.500, 0.005, -0.017, 0.070
44.500, 0.200, -0.500, 0.010, -0.022, 0.066
44.520, 0.200, -0.500, 0.014, -0.027, 0.063
44.540, 0.200, -0.500, 0.016, -0.034, 0.063
44.560, 0.200, -0.500, 0.019, -0.042, 0.063
44.580, 0.200, -0.500, 0.021, -0.050, 0.065
44.600, 0.200, -0.500, 0.024, -0.059, 0.067
44.620, 0.200, -0.500, 0.028, -0.068, 0.068
44.640, 0.200, -0.500, 0.032, -0.078, 0.070
44.660, 0.200, -0.500, 0.037, -0.089, 0.070
44.680, 0.200, -0.500, 0.043, -0.100, 0.070
44.700, 0.200, -0.500, 0.048, -0.112, 0.068
44.720, 0.200, -0.500, 0.055, -0.125, 0.066
44.740, 0.200, -0.500, 0.061, -0.138, 0.062
44.760, 0.200, -0.500, 0.066, -0.150, 0.057
44.780, 0.200, -0.500, 0.071, -0.162, 0.051
44.800, 0.200, -0.500, 0.076, -0.173, 0.045
44.820, 0.200, -0.500, 0.082, -0.183, 0.038
44.840, 0.200, -0.500, 0.084, -0.189, 0.034
44.860, 0.200, -0.500, 0.086, -0.191, 0.035
44.880, 0.200, -0.500, 0.084, -0.189, 0.040
44.900, 0.200, -0.500, 0.082, -0.185, 0.046
44.920, 0.200, -0.500, 0.081, -0.179, 0.052
44.940, 0.200, -0.500, 0.080, -0.173, 0.058
44.960, 0.200, -0.500, 0.080, -0.167, 0.064
44.980, 0.200, -0.500, 0.081, -0.161, 0.069
45.000, 0.200, -0.500, 0.082, -0.155, 0.075
45.020, 0.200, -0.500, 0.084, -0.149, 0.081
45.040, 0.200, -0.500, 0.085, -0.144, 0.086
45.060, 0.200, -0.500, 0.087, -0.139, 0.087
45.080, 0.200, -0.500, 0.088, -0.134, 0.085
45.100, 0.200, -0.500, 0.088, -0.132, 0.081
45.120, 0.200, -0.500, 0.088, -0.133, 0.078
45.140, 0.200, -0.500, 0.089, -0.136, 0.076
45.160, 0.200, -0.500, 0.091, -0.142, 0.075
45.180, 0.200, -0.500, 0.095, -0.149, 0.077
45.200, 0.200, -0.500, 0.101, -0.158, 0.080
45.220, 0.200, -0.500, 0.108, -0.168, 0.085
45.240, 0.200, -0.500, 0.116, -0.179, 0.090
45.260, 0.200, -0.500, 0.125, -0.190, 0.094
45.280, 0.200, -0.500, 0.132, -0.201, 0.098
45.300, 0.200, -0.500, 0.139, -0.212, 0.101
45.320, 0.200, -0.500, 0.145, -0.223, 0.103
45.340, 0.200, -0.500, 0.150, -0.233, 0.104
45.360, 0.200, -0.500, 0.154, -0.241, 0.104
45.380, 0.200, -0.500, 0.156, -0.248, 0.104
45.400, 0.200, -0.500, 0.157, -0.253, 0.104
45.420, 0.200, -0.500, 0.157, -0.257, 0.104
45.440, 0.200, -0.500, 0.156, -0.259, 0.104
45.460, 0.200, -0.500, 0.153, -0.260, 0.105
45.480, 0.200, -0.500, 0.150, -0.259, 0.105
45.500, 0.200, -0.500, 0.145, -0.257, 0.106
45.520, 0.200, -0.500, 0.140, -0.255, 0.107
45.540, 0.200, -0.500, 0.135, -0.251, 0.107
45.560, 0.200, -0.500, 0.129, -0.248, 0.107
45.580, 0.200, -0.500, 0.122, -0.244, 0.106
45.600, 0.200, -0.500, 0.116, -0.240, 0.105
45.620, 0.200, -0.500, 0.109, -0.237, 0.103
45.640, 0.200, -0.500, 0.102, -0.233, 0.101
45.660, 0.200, -0.500, 0.095, -0.229, 0.101
45.680, 0.200, -0.500, 0.090, -0.226, 0.103
45.700, 0.200, -0.500, 0.087, -0.223, 0.103
45.720, 0.200, -0.500, 0.086, -0.220, 0.099
45.740, 0.200, -0.500, 0.087, -0.218, 0.091
45.760, 0.200, -0.500, 0.089, -0.216, 0.081
45.780, 0.200, -0.500, 0.092, -0.216, 0.071
45.800, 0.200, -0.500, 0.095, -0.216, 0.064
45.820, 0.200, -0.500, 0.099, -0.216, 0.060
45.840, 0.200, -0.500, 0.103, -0.218, 0.058
45.860, 0.200, -0.500, 0.107, -0.220, 0.057
45.880, 0.200, -0.500, 0.111, -0.223, 0.058
45.900, 0.200, -0.500, 0.115, -0.227, 0.060
45.920, 0.200, -0.500, 0.120, -0.232, 0.062
45.940, 0.200, -0.500, 0.125, -0.239, 0.063
45.960, 0.200, -0.500, 0.131, -0.246, 0.064
45.980, 0.200, -0.500, 0.137, -0.255, 0.064
46.000, 0.200, -0.500, 0.144, -0.264, 0.064
46.020, 0.200, -0.500, 0.151, -0.274, 0.063
46.040, 0.200, -0.500, 0.158, -0.285, 0.061
46.060, 0.200, -0.500, 0.166, -0.296, 0.058
46.080, 0.200, -0.500, 0.173, -0.308, 0.054
46.100, 0.200, -0.500, 0.179, -0.320, 0.049
46.120, 0.200, -0.500, 0.185, -0.332, 0.043
46.140, 0.200, -0.500, 0.188, -0.340, 0.040
46.160, 0.200, -0.500, 0.189, -0.346, 0.039
46.180, 0.200, -0.500, 0.189, -0.349, 0.041
46.200, 0.200, -0.500, 0.189, -0.349, 0.044
46.220, 0.200, -0.500, 0.188, -0.346, 0.048
46.240, 0.200, -0.500, 0.188, -0.342, 0.053
46.260, 0.200, -0.500, 0.186, -0.336, 0.060
46.280, 0.200, -0.500, 0.185, -0.329, 0.067
46.300, 0.200, -0.500, 0.184, -0.321, 0.074
46.320, 0.200, -0.500, 0.183, -0.314, 0.081
46.340, 0.200, -0.500, 0.182, -0.306, 0.088
46.360, 0.200, -0.500, 0.182, -0.298, 0.091
46.380, 0.200, -0.500, 0.182, -0.291, 0.091
46.400, 0.200, -0.500, 0.182, -0.286, 0.088
46.420, 0.200, -0.500, 0.182, -0.284, 0.085
46.440, 0.200, -0.500, 0.183, -0.286, 0.082
46.460, 0.200, -0.500, 0.186, -0.290, 0.080
46.480, 0.200, -0.500, 0.191, -0.295, 0.080
46.500, 0.200, -0.500, 0.198, -0.302, 0.082
46.520, 0.200, -0.500, 0.208, -0.310, 0.085
46.540, 0.200, -0.500, 0.218, -0.318, 0.089
46.560, 0.200, -0.500, 0.228, -0.327, 0.093
46.580, 0.200, -0.500, 0.239, -0.336, 0.098
46.600, 0.200, -0.500, 0.248, -0.346, 0.101
46.620, 0.200, -0.500, 0.257, -0.355, 0.104
46.640, 0.200, -0.500, 0.264, -0.364, 0.105
46.660, 0.200, -0.500, 0.270, -0.372, 0.106
46.680, 0.200, -0.500, 0.274, -0.379, 0.106
46.700, 0.200, -0.500, 0.276, -0.385, 0.106
46.720, 0.200, -0.500, 0.277, -0.389, 0.106
46.740, 0.200, -0.500, 0.277, -0.393, 0.106
46.760, 0.200, -0.500, 0.275, -0.394, 0.107
46.780, 0.200, -0.500, 0.272, -0.395, 0.107
46.800, 0.200, -0.500, 0.267, -0.395, 0.108
46.820, 0.200, -0.500, 0.262, -0.394, 0.108
46.840, 0.200, -0.500, 0.257, -0.392, 0.108
46.860, 0.200, -0.500, 0.251, -0.390, 0.108
46.880, 0.200, -0.500, 0.244, -0.388, 0.107
46.900, 0.200, -0.500, 0.237, -0.385, 0.105
46.920, 0.200, -0.500, 0.230, -0.383, 0.104
46.940, 0.200, -0.500, 0.223, -0.381, 0.102
46.960, 0.200, -0.500, 0.215, -0.379, 0.100
46.980, 0.200, -0.500, 0.209, -0.376, 0.101
47.000, 0.200, -0.500, 0.205, -0.373, 0.104
47.020, 0.200, -0.500, 0.203, -0.370, 0.102
47.040, 0.200, -0.500, 0.202, -0.367, 0.096
47.060, 0.200, -0.500, 0.204, -0.364, 0.086
47.080, 0.200, -0.500, 0.207, -0.363, 0.076
47.100, 0.200, -0.500, 0.210, -0.362, 0.067
47.120, 0.200, -0.500, 0.214, -0.362, 0.062
47.140, 0.200, -0.500, 0.217, -0.362, 0.058
47.160, 0.200, -0.500, 0.221, -0.364, 0.057
47.180, 0.200, -0.500, 0.225, -0.366, 0.058
47.200, 0.200, -0.500, 0.229, -0.369, 0.059
47.220, 0.200, -0.500, 0.233, -0.373, 0.061
47.240, 0.200, -0.500, 0.238, -0.379, 0.063
47.260, 0.200, -0.500, 0.244, -0.385, 0.064
47.280, 0.200, -0.500, 0.250, -0.392, 0.065
47.300, 0.200, -0.500, 0.257, -0.400, 0.065
47.320, 0.200, -0.500, 0.265, -0.408, 0.065
47.340, 0.200, -0.500, 0.274, -0.418, 0.064
47.360, 0.200, -0.500, 0.283, -0.427, 0.062
47.380, 0.200, -0.500, 0.291, -0.438, 0.059
47.400, 0.200, -0.500, 0.299, -0.447, 0.056
47.420, 0.200, -0.500, 0.308, -0.457, 0.051
47.440, 0.200, -0.500, 0.317, -0.466, 0.046
47.460, 0.200, -0.500, 0.322, -0.473, 0.043
47.480, 0.200, -0.500, 0.325, -0.479, 0.041
47.500, 0.200, -0.500, 0.326, -0.482, 0.042
47.520, 0.200, -0.500, 0.325, -0.482, 0.045
47.540, 0.200, -0.500, 0.324, -0.480, 0.049
47.560, 0.200, -0.500, 0.323, -0.476, 0.054
47.580, 0.200, -0.500, 0.321, -0.471, 0.061
47.600, 0.200, -0.500, 0.318, -0.464, 0.068
47.620, 0.200, -0.500, 0.316, -0.457, 0.076
47.640, 0.200, -0.500, 0.314, -0.450, 0.084
47.660, 0.200, -0.500, 0.313, -0.442, 0.090
47.680, 0.200, -0.500, 0.311, -0.434, 0.092
47.700, 0.200, -0.500, 0.310, -0.427, 0.091
47.720, 0.200, -0.500, 0.309, -0.424, 0.088
47.740, 0.200, -0.500, 0.308, -0.423, 0.084
47.760, 0.200, -0.500, 0.310, -0.426, 0.081
47.780, 0.200, -0.500, 0.315, -0.430, 0.080
47.800, 0.200, -0.500, 0.322, -0.435, 0.080
47.820, 0.200, -0.500, 0.331, -0.441, 0.082
47.840, 0.200, -0.500, 0.342, -0.447, 0.086
47.860, 0.200, -0.500, 0.353, -0.453, 0.090
47.880, 0.200, -0.500, 0.365, -0.459, 0.094
47.900, 0.200, -0.500, 0.376, -0.466, 0.098
47.920, 0.200, -0.500, 0.387, -0.473, 0.101
47.940, 0.200, -0.500, 0.396, -0.480, 0.103
47.960, 0.200, -0.500, 0.403, -0.486, 0.104
47.980, 0.200, -0.500, 0.410, -0.491, 0.105
48.000, 0.200, -0.500, 0.414, -0.496, 0.106
48.020, 0.200, -0.500, 0.417, -0.499, 0.106
48.040, 0.200, -0.500, 0.419, -0.502, 0.106
48.060, 0.200, -0.500, 0.418, -0.503, 0.107
48.080, 0.200, -0.500, 0.417, -0.504, 0.108
48.100, 0.200, -0.500, 0.414, -0.504, 0.109
48.120, 0.200, -0.500, 0.410, -0.503, 0.110
50.160, 0.300, -0.500, 0.000, 0.000, 0.175
50.180, 0.300, -0.500, -0.001, -0.000, 0.164
50.200, 0.300, -0.500, -0.003, -0.001, 0.150
50.220, 0.300, -0.500, -0.006, -0.001, 0.131
50.240, 0.300, -0.500, -0.008, -0.001, 0.109
50.260, 0.300, -0.500, -0.009, -0.002, 0.090
50.280, 0.300, -0.500, -0.008, -0.004, 0.076
50.300, 0.300, -0.500, -0.007, -0.008, 0.066
50.320, 0.300, -0.500, -0.006, -0.012, 0.063
50.340, 0.300, -0.500, -0.006, -0.015, 0.066
50.360, 0.300, -0.500, -0.007, -0.018, 0.072
50.380, 0.300, -0.500, -0.009, -0.019, 0.080
50.400, 0.300, -0.500, -0.010, -0.019, 0.087
50.420, 0.300, -0.500, -0.010, -0.017, 0.089
50.440, 0.300, -0.500, -0.009, -0.014, 0.086
50.460, 0.300, -0.500, -0.004, -0.012, 0.080
50.480, 0.300, -0.500, 0.001, -0.012, 0.074
50.500, 0.300, -0.500, 0.008, -0.014, 0.068
50.520, 0.300, -0.500, 0.013, -0.018, 0.064
50.540, 0.300, -0.500, 0.017, -0.023, 0.061
50.560, 0.300, -0.500, 0.021, -0.028, 0.061
50.580, 0.300, -0.500, 0.024, -0.034, 0.061
50.600, 0.300, -0.500, 0.027, -0.041, 0.063
50.620, 0.300, -0.500, 0.031, -0.049, 0.065
50.640, 0.300, -0.500, 0.036, -0.057, 0.068
50.660, 0.300, -0.500, 0.041, -0.066, 0.069
50.680, 0.300, -0.500, 0.047, -0.076, 0.070
50.700, 0.300, -0.500, 0.053, -0.086, 0.071
50.720, 0.300, -0.500, 0.060, -0.098, 0.071
50.740, 0.300, -0.500, 0.065, -0.110, 0.069
50.760, 0.300, -0.500, 0.071, -0.122, 0.067
50.780, 0.300, -0.500, 0.078, -0.134, 0.064
50.800, 0.300, -0.500, 0.084, -0.146, 0.060
50.820, 0.300, -0.500, 0.090, -0.158, 0.055
50.840, 0.300, -0.500, 0.095, -0.169, 0.048
50.860, 0.300, -0.500, 0.099, -0.179, 0.041
50.880, 0.300, -0.500, 0.101, -0.185, 0.037
50.900, 0.300, -0.500, 0.102, -0.189, 0.037
50.920, 0.300, -0.500, 0.101, -0.189, 0.038
50.940, 0.300, -0.500, 0.101, -0.187, 0.042
50.960, 0.300, -0.500, 0.101, -0.183, 0.048
50.980, 0.300, -0.500, 0.101, -0.177, 0.055
51.000, 0.300, -0.500, 0.101, -0.170, 0.063
51.020, 0.300, -0.500, 0.101, -0.163, 0.071
51.040, 0.300, -0.500, 0.102, -0.156, 0.081
51.060, 0.300, -0.500, 0.103, -0.148, 0.088
51.080, 0.300, -0.500, 0.105, -0.140, 0.091
51.100, 0.300, -0.500, 0.107, -0.133, 0.090
51.120, 0.300, -0.500, 0.108, -0.130, 0.087
51.140, 0.300, -0.500, 0.109, -0.130, 0.083
51.160, 0.300, -0.500, 0.112, -0.134, 0.080
51.180, 0.300, -0.500, 0.117, -0.141, 0.078
51.200, 0.300, -0.500, 0.125, -0.150, 0.078
51.220, 0.300, -0.500, 0.134, -0.160, 0.081
51.240, 0.300, -0.500, 0.144, -0.172, 0.085
51.260, 0.300, -0.500, 0.155, -0.184, 0.089
51.280, 0.300, -0.500, 0.166, -0.197, 0.094
51.300, 0.300, -0.500, 0.176, -0.209, 0.097
51.320, 0.300, -0.500, 0.185, -0.221, 0.099
51.340, 0.300, -0.500, 0.193, -0.233, 0.100
51.360, 0.300, -0.500, 0.198, -0.243, 0.100
51.380, 0.300, -0.500, 0.202, -0.251, 0.099
51.400, 0.300, -0.500, 0.205, -0.258, 0.097
51.420, 0.300, -0.500, 0.205, -0.262, 0.096
51.440, 0.300, -0.500, 0.204, -0.265, 0.095
51.460, 0.300, -0.500, 0.201, -0.266, 0.095
51.480, 0.300, -0.500, 0.197, -0.266, 0.095
51.500, 0.300, -0.500, 0.192, -0.264, 0.095
51.520, 0.300, -0.500, 0.186, -0.262, 0.096
51.540, 0.300, -0.500, 0.180, -0.258, 0.097
51.560, 0.300, -0.500, 0.173, -0.255, 0.097
51.580, 0.300, -0.500, 0.167, -0.251, 0.097
51.600, 0.300, -0.500, 0.160, -0.248, 0.096
51.620, 0.300, -0.500, 0.152, -0.244, 0.095
51.640, 0.300, -0.500, 0.144, -0.240, 0.095
51.660, 0.300, -0.500, 0.138, -0.237, 0.096
51.680, 0.300, -0.500, 0.134, -0.234, 0.099
51.700, 0.300, -0.500, 0.131, -0.231, 0.102
51.720, 0.300, -0.500, 0.131, -0.228, 0.103
51.740, 0.300, -0.500, 0.132, -0.225, 0.099
51.760, 0.300, -0.500, 0.134, -0.222, 0.090
51.780, 0.300, -0.500, 0.139, -0.220, 0.079
51.800, 0.300, -0.500, 0.143, -0.218, 0.069
51.820, 0.300, -0.500, 0.148, -0.216, 0.062
51.840, 0.300, -0.500, 0.152, -0.215, 0.058
51.860, 0.300, -0.500, 0.157, -0.215, 0.056
51.880, 0.300, -0.500, 0.161, -0.215, 0.057
51.900, 0.300, -0.500, 0.166, -0.215, 0.059
51.920, 0.300, -0.500, 0.170, -0.217, 0.062
51.940, 0.300, -0.500, 0.175, -0.219, 0.066
51.960, 0.300, -0.500, 0.180, -0.222, 0.069
51.980, 0.300, -0.500, 0.185, -0.226, 0.072
52.000, 0.300, -0.500, 0.191, -0.231, 0.074
52.020, 0.300, -0.500, 0.196, -0.238, 0.076
52.040, 0.300, -0.500, 0.201, -0.246, 0.077
52.060, 0.300, -0.500, 0.206, -0.254, 0.077
52.080, 0.300, -0.500, 0.211, -0.263, 0.077
52.100, 0.300, -0.500, 0.216, -0.272, 0.077
52.120, 0.300, -0.500, 0.220, -0.281, 0.077
52.140, 0.300, -0.500, 0.225, -0.290, 0.076
52.160, 0.300, -0.500, 0.230, -0.299, 0.075
52.180, 0.300, -0.500, 0.235, -0.307, 0.073
52.200, 0.300, -0.500, 0.240, -0.314, 0.071
52.220, 0.300, -0.500, 0.245, -0.322, 0.067
52.240, 0.300, -0.500, 0.249, -0.329, 0.063
52.260, 0.300, -0.500, 0.252, -0.335, 0.061
52.280, 0.300, -0.500, 0.255, -0.340, 0.062
52.300, 0.300, -0.500, 0.256, -0.343, 0.065
52.320, 0.300, -0.500, 0.257, -0.344, 0.070
52.340, 0.300, -0.500, 0.257, -0.343, 0.077
52.360, 0.300, -0.500, 0.257, -0.340, 0.085
52.380, 0.300, -0.500, 0.258, -0.335, 0.091
52.400, 0.300, -0.500, 0.258, -0.328, 0.093
52.420, 0.300, -0.500, 0.257, -0.321, 0.093
52.440, 0.300, -0.500, 0.256, -0.317, 0.091
52.460, 0.300, -0.500, 0.255, -0.317, 0.088
52.480, 0.300, -0.500, 0.257, -0.320, 0.085
52.500, 0.300, -0.500, 0.263, -0.325, 0.083
52.520, 0.300, -0.500, 0.271, -0.332, 0.082
52.540, 0.300, -0.500, 0.282, -0.340, 0.082
52.560, 0.300, -0.500, 0.295, -0.349, 0.084
52.580, 0.300, -0.500, 0.308, -0.359, 0.085
52.600, 0.300, -0.500, 0.320, -0.369, 0.085
52.620, 0.300, -0.500, 0.330, -0.380, 0.085
52.640, 0.300, -0.500, 0.338, -0.391, 0.085
52.660, 0.300, -0.500, 0.343, -0.402, 0.084
52.680, 0.300, -0.500, 0.346, -0.411, 0.081
52.700, 0.300, -0.500, 0.347, -0.420, 0.077
52.720, 0.300, -0.500, 0.345, -0.427, 0.073
52.740, 0.300, -0.500, 0.342, -0.432, 0.068
52.760, 0.300, -0.500, 0.338, -0.437, 0.064
52.780, 0.300, -0.500, 0.333, -0.441, 0.060
52.800, 0.300, -0.500, 0.328, -0.443, 0.056
52.820, 0.300, -0.500, 0.322, -0.446, 0.053
52.840, 0.300, -0.500, 0.315, -0.449, 0.051
52.860, 0.300, -0.500, 0.309, -0.451, 0.051
52.880, 0.300, -0.500, 0.304, -0.453, 0.052
52.900, 0.300, -0.500, 0.300, -0.455, 0.054
52.920, 0.300, -0.500, 0.297, -0.455, 0.058
52.940, 0.300, -0.500, 0.295, -0.455, 0.061
52.960, 0.300, -0.500, 0.294, -0.453, 0.066
52.980, 0.300, -0.500, 0.294, -0.451, 0.071
53.000, 0.300, -0.500, 0.294, -0.447, 0.077
53.020, 0.300, -0.500, 0.294, -0.441, 0.082
53.040, 0.300, -0.500, 0.295, -0.434, 0.083
53.060, 0.300, -0.500, 0.297, -0.425, 0.080
53.080, 0.300, -0.500, 0.300, -0.417, 0.073
53.100, 0.300, -0.500, 0.305, -0.410, 0.064
53.120, 0.300, -0.500, 0.310, -0.406, 0.057
53.140, 0.300, -0.500, 0.314, -0.403, 0.052
53.160, 0.300, -0.500, 0.318, -0.402, 0.050
53.180, 0.300, -0.500, 0.322, -0.402, 0.050
53.200, 0.300, -0.500, 0.325, -0.402, 0.052
53.220, 0.300, -0.500, 0.329, -0.403, 0.056
53.240, 0.300, -0.500, 0.332, -0.404, 0.061
53.260, 0.300, -0.500, 0.336, -0.405, 0.065
53.280, 0.300, -0.500, 0.340, -0.407, 0.070
53.300, 0.300, -0.500, 0.345, -0.408, 0.075
53.320, 0.300, -0.500, 0.351, -0.409, 0.079
53.340, 0.300, -0.500, 0.358, -0.411, 0.083
53.360, 0.300, -0.500, 0.364, -0.413, 0.087
53.380, 0.300, -0.500, 0.370, -0.416, 0.090
53.400, 0.300, -0.500, 0.377, -0.419, 0.093
53.420, 0.300, -0.500, 0.382, -0.423, 0.095
53.440, 0.300, -0.500, 0.388, -0.427, 0.097
53.460, 0.300, -0.500, 0.392, -0.431, 0.099
53.480, 0.300, -0.500, 0.397, -0.435, 0.100
53.500, 0.300, -0.500, 0.401, -0.439, 0.100
53.520, 0.300, -0.500, 0.404, -0.443, 0.100
53.540, 0.300, -0.500, 0.408, -0.446, 0.100
53.560, 0.300, -0.500, 0.412, -0.449, 0.099
53.580, 0.300, -0.500, 0.416, -0.451, 0.098
53.600, 0.300, -0.500, 0.419, -0.453, 0.098
53.620, 0.300, -0.500, 0.423, -0.456, 0.097
53.640, 0.300, -0.500, 0.427, -0.458, 0.096
53.660, 0.300, -0.500, 0.431, -0.459, 0.097
53.680, 0.300, -0.500, 0.433, -0.461, 0.101
53.700, 0.300, -0.500, 0.434, -0.463, 0.102
53.720, 0.300, -0.500, 0.434, -0.465, 0.099
53.740, 0.300, -0.500, 0.433, -0.469, 0.093
53.760, 0.300, -0.500, 0.434, -0.473, 0.086
53.780, 0.300, -0.500, 0.437, -0.480, 0.079
53.800, 0.300, -0.500, 0.441, -0.487, 0.072
53.820, 0.300, -0.500, 0.448, -0.496, 0.067
53.840, 0.300, -0.500, 0.456, -0.505, 0.062
53.860, 0.300, -0.500, 0.466, -0.515, 0.057
53.880, 0.300, -0.500, 0.476, -0.526, 0.051
53.900, 0.300, -0.500, 0.484, -0.536, 0.046
53.920, 0.300, -0.500, 0.490, -0.544, 0.041
53.940, 0.300, -0.500, 0.493, -0.554, 0.036
53.960, 0.300, -0.500, 0.493, -0.559, 0.036
53.980, 0.300, -0.500, 0.491, -0.560, 0.039
54.000, 0.300, -0.500, 0.489, -0.559, 0.041
54.020, 0.300, -0.500, 0.487, -0.558, 0.042
54.040, 0.300, -0.500, 0.486, -0.556, 0.043
54.060, 0.300, -0.500, 0.485, -0.553, 0.042
54.080, 0.300, -0.500, 0.484, -0.551, 0.042
54.100, 0.300, -0.500, 0.484, -0.548, 0.043
54.120, 0.300, -0.500, 0.483, -0.546, 0.045
54.140, 0.300, -0.500, 0.482, -0.545, 0.048
56.180, 0.400, -0.500, 0.000, 0.000, 0.175
56.200, 0.400, -0.500, -0.001, -0.000, 0.164
56.220, 0.400, -0.500, -0.003, -0.001, 0.150
56.240, 0.400, -0.500, -0.006, -0.001, 0.131
56.260, 0.400, -0.500, -0.008, -0.001, 0.109
56.280, 0.400, -0.500, -0.009, -0.002, 0.090
56.300, 0.400, -0.500, -0.008, -0.005, 0.076
56.320, 0.400, -0.500, -0.005, -0.009, 0.066
56.340, 0.400, -0.500, -0.003, -0.012, 0.063
56.360, 0.400, -0.500, -0.003, -0.015, 0.066
56.380, 0.400, -0.500, -0.005, -0.018, 0.072
56.400, 0.400, -0.500, -0.006, -0.019, 0.080
56.420, 0.400, -0.500, -0.008, -0.019, 0.087
56.440, 0.400, -0.500, -0.009, -0.017, 0.089
56.460, 0.400, -0.500, -0.007, -0.013, 0.085
56.480, 0.400, -0.500, -0.003, -0.011, 0.079
56.500, 0.400, -0.500, 0.003, -0.010, 0.072
56.520, 0.400, -0.500, 0.010, -0.011, 0.066
56.540, 0.400, -0.500, 0.016, -0.013, 0.062
56.560, 0.400, -0.500, 0.021, -0.017, 0.059
56.580, 0.400, -0.500, 0.025, -0.021, 0.059
56.600, 0.400, -0.500, 0.030, -0.027, 0.060
56.620, 0.400, -0.500, 0.035, -0.032, 0.062
56.640, 0.400, -0.500, 0.040, -0.039, 0.064
56.660, 0.400, -0.500, 0.045, -0.046, 0.067
56.680, 0.400, -0.500, 0.051, -0.055, 0.069
56.700, 0.400, -0.500, 0.057, -0.064, 0.071
56.720, 0.400, -0.500, 0.064, -0.074, 0.072
56.740, 0.400, -0.500, 0.070, -0.085, 0.072
56.760, 0.400, -0.500, 0.076, -0.097, 0.071
56.780, 0.400, -0.500, 0.082, -0.109, 0.070
56.800, 0.400, -0.500, 0.089, -0.122, 0.068
56.820, 0.400, -0.500, 0.095, -0.134, 0.065
56.840, 0.400, -0.500, 0.100, -0.146, 0.061
56.860, 0.400, -0.500, 0.105, -0.157, 0.056
56.880, 0.400, -0.500, 0.111, -0.167, 0.050
56.900, 0.400, -0.500, 0.116, -0.176, 0.043
56.920, 0.400, -0.500, 0.118, -0.182, 0.040
56.940, 0.400, -0.500, 0.118, -0.185, 0.040
56.960, 0.400, -0.500, 0.118, -0.186, 0.043
56.980, 0.400, -0.500, 0.118, -0.184, 0.047
57.000, 0.400, -0.500, 0.117, -0.180, 0.053
57.020, 0.400, -0.500, 0.117, -0.174, 0.060
57.040, 0.400, -0.500, 0.118, -0.167, 0.069
57.060, 0.400, -0.500, 0.118, -0.159, 0.079
57.080, 0.400, -0.500, 0.120, -0.150, 0.087
57.100, 0.400, -0.500, 0.123, -0.141, 0.091
57.120, 0.400, -0.500, 0.126, -0.133, 0.091
57.140, 0.400, -0.500, 0.129, -0.129, 0.089
57.160, 0.400, -0.500, 0.132, -0.128, 0.085
57.180, 0.400, -0.500, 0.138, -0.131, 0.082
57.200, 0.400, -0.500, 0.146, -0.137, 0.080
57.220, 0.400, -0.500, 0.158, -0.145, 0.080
57.240, 0.400, -0.500, 0.173, -0.156, 0.082
57.260, 0.400, -0.500, 0.190, -0.168, 0.085
57.280, 0.400, -0.500, 0.208, -0.181, 0.088
57.300, 0.400, -0.500, 0.225, -0.194, 0.091
57.320, 0.400, -0.500, 0.239, -0.208, 0.095
57.340, 0.400, -0.500, 0.251, -0.221, 0.098
57.360, 0.400, -0.500, 0.259, -0.233, 0.099
57.380, 0.400, -0.500, 0.265, -0.244, 0.099
57.400, 0.400, -0.500, 0.268, -0.252, 0.098
57.420, 0.400, -0.500, 0.269, -0.258, 0.096
57.440, 0.400, -0.500, 0.268, -0.262, 0.093
57.460, 0.400, -0.500, 0.265, -0.264, 0.091
57.480, 0.400, -0.500, 0.262, -0.264, 0.090
57.500, 0.400, -0.500, 0.256, -0.263, 0.090
57.520, 0.400, -0.500, 0.251, -0.262, 0.090
57.540, 0.400, -0.500, 0.244, -0.260, 0.091
57.560, 0.400, -0.500, 0.237, -0.258, 0.092
57.580, 0.400, -0.500, 0.229, -0.255, 0.092
57.600, 0.400, -0.500, 0.220, -0.253, 0.092
57.620, 0.400, -0.500, 0.211, -0.251, 0.091
57.640, 0.400, -0.500, 0.202, -0.249, 0.091
57.660, 0.400, -0.500, 0.194, -0.247, 0.092
57.680, 0.400, -0.500, 0.188, -0.246, 0.094
57.700, 0.400, -0.500, 0.185, -0.245, 0.096
57.720, 0.400, -0.500, 0.183, -0.243, 0.099
57.740, 0.400, -0.500, 0.183, -0.240, 0.100
57.760, 0.400, -0.500, 0.184, -0.237, 0.096
57.780, 0.400, -0.500, 0.188, -0.232, 0.087
57.800, 0.400, -0.500, 0.193, -0.228, 0.077
57.820, 0.400, -0.500, 0.200, -0.225, 0.067
57.840, 0.400, -0.500, 0.206, -0.222, 0.060
57.860, 0.400, -0.500, 0.211, -0.220, 0.056
57.880, 0.400, -0.500, 0.216, -0.219, 0.056
57.900, 0.400, -0.500, 0.221, -0.219, 0.058
57.920, 0.400, -0.500, 0.226, -0.219, 0.062
57.940, 0.400, -0.500, 0.232, -0.219, 0.066
57.960, 0.400, -0.500, 0.238, -0.220, 0.071
57.980, 0.400, -0.500, 0.244, -0.221, 0.076
58.000, 0.400, -0.500, 0.252, -0.223, 0.080
58.020, 0.400, -0.500, 0.260, -0.225, 0.084
58.040, 0.400, -0.500, 0.268, -0.227, 0.087
58.060, 0.400, -0.500, 0.275, -0.230, 0.089
58.080, 0.400, -0.500, 0.283, -0.234, 0.092
58.100, 0.400, -0.500, 0.289, -0.238, 0.093
58.120, 0.400, -0.500, 0.295, -0.243, 0.095
58.140, 0.400, -0.500, 0.300, -0.247, 0.096
58.160, 0.400, -0.500, 0.305, -0.252, 0.097
58.180, 0.400, -0.500, 0.309, -0.257, 0.097
58.200, 0.400, -0.500, 0.312, -0.262, 0.097
58.220, 0.400, -0.500, 0.315, -0.267, 0.096
58.240, 0.400, -0.500, 0.318, -0.272, 0.095
58.260, 0.400, -0.500, 0.322, -0.277, 0.093
58.280, 0.400, -0.500, 0.325, -0.282, 0.092
58.300, 0.400, -0.500, 0.329, -0.287, 0.089
58.320, 0.400, -0.500, 0.334, -0.293, 0.086
58.340, 0.400, -0.500, 0.337, -0.298, 0.088
58.360, 0.400, -0.500, 0.340, -0.303, 0.093
58.380, 0.400, -0.500, 0.342, -0.308, 0.100
58.400, 0.400, -0.500, 0.342, -0.311, 0.104
58.420, 0.400, -0.500, 0.342, -0.314, 0.104
58.440, 0.400, -0.500, 0.341, -0.316, 0.101
58.460, 0.400, -0.500, 0.341, -0.320, 0.096
58.480, 0.400, -0.500, 0.343, -0.326, 0.090
58.500, 0.400, -0.500, 0.348, -0.334, 0.085
58.520, 0.400, -0.500, 0.355, -0.345, 0.080
58.540, 0.400, -0.500, 0.365, -0.356, 0.076
58.560, 0.400, -0.500, 0.376, -0.369, 0.073
58.580, 0.400, -0.500, 0.389, -0.383, 0.069
58.600, 0.400, -0.500, 0.399, -0.395, 0.066
58.620, 0.400, -0.500, 0.406, -0.407, 0.062
58.640, 0.400, -0.500, 0.411, -0.418, 0.056
58.660, 0.400, -0.500, 0.414, -0.428, 0.048
58.680, 0.400, -0.500, 0.416, -0.436, 0.040
58.700, 0.400, -0.500, 0.415, -0.440, 0.038
58.720, 0.400, -0.500, 0.415, -0.441, 0.039
58.740, 0.400, -0.500, 0.416, -0.439, 0.039
58.760, 0.400, -0.500, 0.417, -0.435, 0.039
58.780, 0.400, -0.500, 0.417, -0.431, 0.040
58.800, 0.400, -0.500, 0.417, -0.427, 0.042
58.820, 0.400, -0.500, 0.416, -0.423, 0.044
58.840, 0.400, -0.500, 0.415, -0.419, 0.046
58.860, 0.400, -0.500, 0.414, -0.416, 0.048
58.880, 0.400, -0.500, 0.413, -0.413, 0.051
58.900, 0.400, -0.500, 0.412, -0.411, 0.053
58.920, 0.400, -0.500, 0.411, -0.409, 0.056
58.940, 0.400, -0.500, 0.410, -0.408, 0.059
58.960, 0.400, -0.500, 0.409, -0.407, 0.061
58.980, 0.400, -0.500, 0.408, -0.405, 0.065
59.000, 0.400, -0.500, 0.406, -0.404, 0.068
59.020, 0.400, -0.500, 0.404, -0.401, 0.072
59.040, 0.400, -0.500, 0.401, -0.398, 0.076
59.060, 0.400, -0.500, 0.399, -0.393, 0.076
59.080, 0.400, -0.500, 0.399, -0.387, 0.073
59.100, 0.400, -0.500, 0.402, -0.382, 0.067
59.120, 0.400, -0.500, 0.408, -0.380, 0.060
59.140, 0.400, -0.500, 0.414, -0.380, 0.054
59.160, 0.400, -0.500, 0.419, -0.383, 0.051
59.180, 0.400, -0.500, 0.423, -0.388, 0.051
59.200, 0.400, -0.500, 0.425, -0.393, 0.054
59.220, 0.400, -0.500, 0.427, -0.399, 0.060
59.240, 0.400, -0.500, 0.428, -0.405, 0.067
59.260, 0.400, -0.500, 0.430, -0.411, 0.075
59.280, 0.400, -0.500, 0.433, -0.417, 0.083
59.300, 0.400, -0.500, 0.437, -0.423, 0.091
59.320, 0.400, -0.500, 0.442, -0.429, 0.097
59.340, 0.400, -0.500, 0.448, -0.435, 0.102
59.360, 0.400, -0.500, 0.455, -0.440, 0.106
59.380, 0.400, -0.500, 0.462, -0.446, 0.110
59.400, 0.400, -0.500, 0.469, -0.452, 0.112
59.420, 0.400, -0.500, 0.476, -0.458, 0.113
59.440, 0.400, -0.500, 0.482, -0.463, 0.114
59.460, 0.400, -0.500, 0.487, -0.469, 0.115
59.480, 0.400, -0.500, 0.493, -0.473, 0.115
59.500, 0.400, -0.500, 0.497, -0.477, 0.114
59.520, 0.400, -0.500, 0.502, -0.481, 0.114
59.540, 0.400, -0.500, 0.506, -0.484, 0.112
59.560, 0.400, -0.500, 0.511, -0.486, 0.111
59.580, 0.400, -0.500, 0.515, -0.489, 0.109
59.600, 0.400, -0.500, 0.519, -0.491, 0.107
59.620, 0.400, -0.500, 0.524, -0.493, 0.106
59.640, 0.400, -0.500, 0.529, -0.495, 0.104
59.660, 0.400, -0.500, 0.534, -0.498, 0.102
59.680, 0.400, -0.500, 0.538, -0.501, 0.100
59.700, 0.400, -0.500, 0.540, -0.504, 0.102
59.720, 0.400, -0.500, 0.542, -0.506, 0.104
59.740, 0.400, -0.500, 0.542, -0.508, 0.102
59.760, 0.400, -0.500, 0.543, -0.510, 0.096
59.780, 0.400, -0.500, 0.545, -0.513, 0.090
59.800, 0.400, -0.500, 0.547, -0.518, 0.083
59.820, 0.400, -0.500, 0.552, -0.524, 0.078
59.840, 0.400, -0.500, 0.558, -0.532, 0.075
59.860, 0.400, -0.500, 0.567, -0.541, 0.072
59.880, 0.400, -0.500, 0.576, -0.552, 0.070
59.900, 0.400, -0.500, 0.586, -0.563, 0.068
59.920, 0.400, -0.500, 0.595, -0.575, 0.065
59.940, 0.400, -0.500, 0.602, -0.587, 0.061
59.960, 0.400, -0.500, 0.607, -0.599, 0.055
59.980, 0.400, -0.500, 0.609, -0.609, 0.049
60.000, 0.400, -0.500, 0.609, -0.617, 0.042
60.020, 0.400, -0.500, 0.610, -0.623, 0.036
60.040, 0.400, -0.500, 0.608, -0.625, 0.040
60.060, 0.400, -0.500, 0.604, -0.625, 0.043
60.080, 0.400, -0.500, 0.600, -0.624, 0.046
60.100, 0.400, -0.500, 0.595, -0.623, 0.046
60.120, 0.400, -0.500, 0.591, -0.620, 0.045
60.140, 0.400, -0.500, 0.588, -0.618, 0.044
60.160, 0.400, -0.500, 0.587, -0.615, 0.044
62.200, 0.500, -0.500, 0.000, 0.000, 0.175
62.220, 0.500, -0.500, -0.001, -0.000, 0.165
62.240, 0.500, -0.500, -0.003, -0.001, 0.151
62.260, 0.500, -0.500, -0.006, -0.001, 0.132
62.280, 0.500, -0.500, -0.008, -0.002, 0.110
62.300, 0.500, -0.500, -0.009, -0.003, 0.090
62.320, 0.500, -0.500, -0.007, -0.005, 0.076
62.340, 0.500, -0.500, -0.004, -0.009, 0.066
62.360, 0.500, -0.500, -0.001, -0.013, 0.063
62.380, 0.500, -0.500, -0.001, -0.016, 0.066
62.400, 0.500, -0.500, -0.002, -0.018, 0.072
62.420, 0.500, -0.500, -0.003, -0.020, 0.080
62.440, 0.500, -0.500, -0.005, -0.019, 0.086
62.460, 0.500, -0.500, -0.006, -0.016, 0.088
62.480, 0.500, -0.500, -0.005, -0.012, 0.084
62.500, 0.500, -0.500, -0.001, -0.009, 0.077
62.520, 0.500, -0.500, 0.006, -0.007, 0.070
62.540, 0.500, -0.500, 0.012, -0.007, 0.064
62.560, 0.500, -0.500, 0.019, -0.009, 0.059
62.580, 0.500, -0.500, 0.025, -0.011, 0.057
62.600, 0.500, -0.500, 0.031, -0.014, 0.056
62.620, 0.500, -0.500, 0.037, -0.018, 0.057
62.640, 0.500, -0.500, 0.043, -0.023, 0.060
62.660, 0.500, -0.500, 0.050, -0.029, 0.063
62.680, 0.500, -0.500, 0.058, -0.035, 0.067
62.700, 0.500, -0.500, 0.067, -0.043, 0.070
62.720, 0.500, -0.500, 0.076, -0.051, 0.072
62.740, 0.500, -0.500, 0.085, -0.061, 0.074
62.760, 0.500, -0.500, 0.093, -0.072, 0.074
62.780, 0.500, -0.500, 0.101, -0.084, 0.074
62.800, 0.500, -0.500, 0.108, -0.096, 0.072
62.820, 0.500, -0.500, 0.115, -0.108, 0.071
62.840, 0.500, -0.500, 0.121, -0.121, 0.068
62.860, 0.500, -0.500, 0.127, -0.134, 0.064
62.880, 0.500, -0.500, 0.131, -0.146, 0.059
62.900, 0.500, -0.500, 0.135, -0.157, 0.053
62.920, 0.500, -0.500, 0.140, -0.168, 0.045
62.940, 0.500, -0.500, 0.141, -0.175, 0.041
62.960, 0.500, -0.500, 0.141, -0.179, 0.041
62.980, 0.500, -0.500, 0.141, -0.180, 0.043
63.000, 0.500, -0.500, 0.141, -0.178, 0.047
63.020, 0.500, -0.500, 0.140, -0.175, 0.052
63.040, 0.500, -0.500, 0.141, -0.169, 0.060
63.060, 0.500, -0.500, 0.141, -0.161, 0.069
63.080, 0.500, -0.500, 0.142, -0.153, 0.079
63.100, 0.500, -0.500, 0.144, -0.144, 0.087
63.120, 0.500, -0.500, 0.148, -0.134, 0.091
63.140, 0.500, -0.500, 0.152, -0.126, 0.091
63.160, 0.500, -0.500, 0.157, -0.120, 0.090
63.180, 0.500, -0.500, 0.163, -0.118, 0.086
63.200, 0.500, -0.500, 0.171, -0.120, 0.083
63.220, 0.500, -0.500, 0.183, -0.125, 0.081
63.240, 0.500, -0.500, 0.198, -0.132, 0.082
63.260, 0.500, -0.500, 0.217, -0.141, 0.084
63.280, 0.500, -0.500, 0.237, -0.152, 0.088
63.300, 0.500, -0.500, 0.258, -0.164, 0.092
63.320, 0.500, -0.500, 0.278, -0.178, 0.096
63.340, 0.500, -0.500, 0.298, -0.191, 0.098
63.360, 0.500, -0.500, 0.316, -0.205, 0.097
63.380, 0.500, -0.500, 0.331, -0.217, 0.095
63.400, 0.500, -0.500, 0.341, -0.226, 0.090
63.420, 0.500, -0.500, 0.347, -0.233, 0.087
63.440, 0.500, -0.500, 0.348, -0.237, 0.086
63.460, 0.500, -0.500, 0.347, -0.238, 0.086
63.480, 0.500, -0.500, 0.344, -0.238, 0.085
63.500, 0.500, -0.500, 0.340, -0.237, 0.086
63.520, 0.500, -0.500, 0.335, -0.234, 0.087
63.540, 0.500, -0.500, 0.330, -0.231, 0.088
63.560, 0.500, -0.500, 0.324, -0.228, 0.089
63.580, 0.500, -0.500, 0.316, -0.225, 0.091
63.600, 0.500, -0.500, 0.308, -0.222, 0.092
63.620, 0.500, -0.500, 0.298, -0.219, 0.092
63.640, 0.500, -0.500, 0.287, -0.218, 0.092
63.660, 0.500, -0.500, 0.275, -0.217, 0.091
63.680, 0.500, -0.500, 0.265, -0.216, 0.091
63.700, 0.500, -0.500, 0.257, -0.216, 0.093
63.720, 0.500, -0.500, 0.252, -0.215, 0.095
63.740, 0.500, -0.500, 0.249, -0.214, 0.098
63.760, 0.500, -0.500, 0.248, -0.213, 0.099
63.780, 0.500, -0.500, 0.249, -0.210, 0.094
63.800, 0.500, -0.500, 0.253, -0.206, 0.085
63.820, 0.500, -0.500, 0.259, -0.204, 0.075
63.840, 0.500, -0.500, 0.267, -0.202, 0.066
63.860, 0.500, -0.500, 0.274, -0.201, 0.060
63.880, 0.500, -0.500, 0.281, -0.202, 0.058
63.900, 0.500, -0.500, 0.288, -0.203, 0.059
63.920, 0.500, -0.500, 0.296, -0.205, 0.063
63.940, 0.500, -0.500, 0.304, -0.208, 0.068
63.960, 0.500, -0.500, 0.313, -0.210, 0.074
63.980, 0.500, -0.500, 0.323, -0.213, 0.081
64.000, 0.500, -0.500, 0.333, -0.216, 0.086
64.020, 0.500, -0.500, 0.344, -0.219, 0.091
64.040, 0.500, -0.500, 0.355, -0.222, 0.095
64.060, 0.500, -0.500, 0.366, -0.225, 0.098
64.080, 0.500, -0.500, 0.377, -0.229, 0.100
64.100, 0.500, -0.500, 0.387, -0.233, 0.102
64.120, 0.500, -0.500, 0.396, -0.236, 0.103
64.140, 0.500, -0.500, 0.403, -0.240, 0.104
64.160, 0.500, -0.500, 0.410, -0.244, 0.104
64.180, 0.500, -0.500, 0.415, -0.248, 0.104
64.200, 0.500, -0.500, 0.419, -0.252, 0.103
64.220, 0.500, -0.500, 0.423, -0.256, 0.101
64.240, 0.500, -0.500, 0.426, -0.260, 0.099
64.260, 0.500, -0.500, 0.429, -0.265, 0.096
64.280, 0.500, -0.500, 0.432, -0.270, 0.093
64.300, 0.500, -0.500, 0.435, -0.276, 0.088
64.320, 0.500, -0.500, 0.439, -0.283, 0.083
64.340, 0.500, -0.500, 0.441, -0.290, 0.082
64.360, 0.500, -0.500, 0.444, -0.296, 0.085
64.380, 0.500, -0.500, 0.445, -0.302, 0.092
64.400, 0.500, -0.500, 0.446, -0.307, 0.101
64.420, 0.500, -0.500, 0.446, -0.311, 0.108
64.440, 0.500, -0.500, 0.446, -0.313, 0.108
64.460, 0.500, -0.500, 0.447, -0.315, 0.105
64.480, 0.500, -0.500, 0.449, -0.318, 0.101
64.500, 0.500, -0.500, 0.453, -0.323, 0.094
64.520, 0.500, -0.500, 0.460, -0.331, 0.089
64.540, 0.500, -0.500, 0.470, -0.341, 0.084
64.560, 0.500, -0.500, 0.484, -0.353, 0.080
64.580, 0.500, -0.500, 0.499, -0.367, 0.078
64.600, 0.500, -0.500, 0.517, -0.382, 0.076
64.620, 0.500, -0.500, 0.532, -0.396, 0.074
64.640, 0.500, -0.500, 0.543, -0.409, 0.071
64.660, 0.500, -0.500, 0.549, -0.421, 0.066
64.680, 0.500, -0.500, 0.552, -0.431, 0.058
64.700, 0.500, -0.500, 0.554, -0.439, 0.048
64.720, 0.500, -0.500, 0.554, -0.446, 0.039
64.740, 0.500, -0.500, 0.552, -0.450, 0.038
64.760, 0.500, -0.500, 0.550, -0.452, 0.038
64.780, 0.500, -0.500, 0.549, -0.450, 0.037
64.800, 0.500, -0.500, 0.551, -0.447, 0.035
64.820, 0.500, -0.500, 0.551, -0.443, 0.036
64.840, 0.500, -0.500, 0.551, -0.440, 0.039
64.860, 0.500, -0.500, 0.551, -0.435, 0.042
64.880, 0.500, -0.500, 0.550, -0.431, 0.044
64.900, 0.500, -0.500, 0.549, -0.426, 0.047
64.920, 0.500, -0.500, 0.549, -0.422, 0.049
64.940, 0.500, -0.500, 0.548, -0.419, 0.051
64.960, 0.500, -0.500, 0.548, -0.416, 0.053
64.980, 0.500, -0.500, 0.547, -0.414, 0.055
65.000, 0.500, -0.500, 0.545, -0.413, 0.057
65.020, 0.500, -0.500, 0.544, -0.412, 0.060
65.040, 0.500, -0.500, 0.541, -0.410, 0.064
65.060, 0.500, -0.500, 0.538, -0.407, 0.069
65.080, 0.500, -0.500, 0.534, -0.402, 0.070
65.100, 0.500, -0.500, 0.533, -0.397, 0.066
65.120, 0.500, -0.500, 0.535, -0.392, 0.061
65.140, 0.500, -0.500, 0.541, -0.390, 0.054
65.160, 0.500, -0.500, 0.551, -0.390, 0.048
65.180, 0.500, -0.500, 0.560, -0.392, 0.044
65.200, 0.500, -0.500, 0.567, -0.397, 0.044
65.220, 0.500, -0.500, 0.572, -0.403, 0.047
65.240, 0.500, -0.500, 0.576, -0.409, 0.054
65.260, 0.500, -0.500, 0.579, -0.414, 0.063
65.280, 0.500, -0.500, 0.584, -0.420, 0.074
65.300, 0.500, -0.500, 0.590, -0.425, 0.084
65.320, 0.500, -0.500, 0.598, -0.429, 0.094
65.340, 0.500, -0.500, 0.607, -0.434, 0.101
65.360, 0.500, -0.500, 0.618, -0.439, 0.107
65.380, 0.500, -0.500, 0.630, -0.444, 0.111
65.400, 0.500, -0.500, 0.642, -0.450, 0.114
65.420, 0.500, -0.500, 0.653, -0.456, 0.116
65.440, 0.500, -0.500, 0.663, -0.462, 0.117
65.460, 0.500, -0.500, 0.672, -0.469, 0.118
65.480, 0.500, -0.500, 0.680, -0.475, 0.118
65.500, 0.500, -0.500, 0.687, -0.481, 0.118
65.520, 0.500, -0.500, 0.693, -0.487, 0.117
65.540, 0.500, -0.500, 0.698, -0.492, 0.116
65.560, 0.500, -0.500, 0.704, -0.496, 0.114
65.580, 0.500, -0.500, 0.709, -0.500, 0.111
65.600, 0.500, -0.500, 0.715, -0.503, 0.109
65.620, 0.500, -0.500, 0.720, -0.506, 0.105
65.640, 0.500, -0.500, 0.726, -0.510, 0.102
65.660, 0.500, -0.500, 0.732, -0.514, 0.099
65.680, 0.500, -0.500, 0.738, -0.519, 0.095
65.700, 0.500, -0.500, 0.741, -0.524, 0.100
65.720, 0.500, -0.500, 0.742, -0.528, 0.106
65.740, 0.500, -0.500, 0.742, -0.532, 0.110
65.760, 0.500, -0.500, 0.743, -0.535, 0.108
65.780, 0.500, -0.500, 0.744, -0.537, 0.103
65.800, 0.500, -0.500, 0.747, -0.541, 0.097
65.820, 0.500, -0.500, 0.752, -0.546, 0.090
65.840, 0.500, -0.500, 0.760, -0.554, 0.084
65.860, 0.500, -0.500, 0.771, -0.563, 0.080
65.880, 0.500, -0.500, 0.784, -0.575, 0.077
65.900, 0.500, -0.500, 0.800, -0.587, 0.075
65.920, 0.500, -0.500, 0.817, -0.601, 0.072
65.940, 0.500, -0.500, 0.831, -0.614, 0.069
65.960, 0.500, -0.500, 0.841, -0.627, 0.064
65.980, 0.500, -0.500, 0.847, -0.638, 0.057
66.000, 0.500, -0.500, 0.849, -0.647, 0.049
66.020, 0.500, -0.500, 0.850, -0.654, 0.041
66.040, 0.500, -0.500, 0.849, -0.658, 0.040
66.060, 0.500, -0.500, 0.847, -0.660, 0.039
66.080, 0.500, -0.500, 0.846, -0.658, 0.037
66.100, 0.500, -0.500, 0.847, -0.655, 0.036
66.120, 0.500, -0.500, 0.847, -0.652, 0.037
66.140, 0.500, -0.500, 0.846, -0.648, 0.039
66.160, 0.500, -0.500, 0.845, -0.644, 0.042
66.180, 0.500, -0.500, 0.844, -0.639, 0.044
68.220, -0.500, 0.500, 0.000, 0.000, 0.175
68.240, -0.500, 0.500, 0.001, 0.000, 0.161
68.260, -0.500, 0.500, 0.003, 0.001, 0.145
68.280, -0.500, 0.500, 0.006, 0.001, 0.125
68.300, -0.500, 0.500, 0.008, 0.001, 0.103
68.320, -0.500, 0.500, 0.008, 0.002, 0.081
68.340, -0.500, 0.500, 0.005, 0.004, 0.066
68.360, -0.500, 0.500, 0.000, 0.008, 0.056
68.380, -0.500, 0.500, -0.004, 0.012, 0.051
68.400, -0.500, 0.500, -0.006, 0.016, 0.055
68.420, -0.500, 0.500, -0.006, 0.019, 0.064
68.440, -0.500, 0.500, -0.003, 0.022, 0.076
68.460, -0.500, 0.500, 0.001, 0.023, 0.089
68.480, -0.500, 0.500, 0.004, 0.021, 0.096
68.500, -0.500, 0.500, 0.005, 0.018, 0.098
68.520, -0.500, 0.500, 0.002, 0.015, 0.096
68.540, -0.500, 0.500, -0.004, 0.014, 0.092
68.560, -0.500, 0.500, -0.012, 0.016, 0.089
68.580, -0.500, 0.500, -0.020, 0.021, 0.086
68.600, -0.500, 0.500, -0.027, 0.027, 0.085
68.620, -0.500, 0.500, -0.031, 0.035, 0.087
68.640, -0.500, 0.500, -0.035, 0.044, 0.090
68.660, -0.500, 0.500, -0.038, 0.054, 0.095
68.680, -0.500, 0.500, -0.042, 0.064, 0.099
68.700, -0.500, 0.500, -0.047, 0.075, 0.103
68.720, -0.500, 0.500, -0.052, 0.086, 0.106
68.740, -0.500, 0.500, -0.059, 0.096, 0.107
68.760, -0.500, 0.500, -0.065, 0.107, 0.107
68.780, -0.500, 0.500, -0.073, 0.117, 0.106
68.800, -0.500, 0.500, -0.080, 0.127, 0.104
68.820, -0.500, 0.500, -0.088, 0.136, 0.101
68.840, -0.500, 0.500, -0.095, 0.144, 0.097
68.860, -0.500, 0.500, -0.102, 0.151, 0.092
68.880, -0.500, 0.500, -0.108, 0.158, 0.087
68.900, -0.500, 0.500, -0.114, 0.163, 0.081
68.920, -0.500, 0.500, -0.120, 0.168, 0.074
68.940, -0.500, 0.500, -0.126, 0.173, 0.066
68.960, -0.500, 0.500, -0.132, 0.177, 0.057
68.980, -0.500, 0.500, -0.135, 0.180, 0.048
69.000, -0.500, 0.500, -0.138, 0.182, 0.044
69.020, -0.500, 0.500, -0.139, 0.182, 0.044
69.040, -0.500, 0.500, -0.140, 0.181, 0.046
69.060, -0.500, 0.500, -0.140, 0.179, 0.051
69.080, -0.500, 0.500, -0.141, 0.176, 0.058
69.100, -0.500, 0.500, -0.142, 0.173, 0.068
69.120, -0.500, 0.500, -0.142, 0.168, 0.076
69.140, -0.500, 0.500, -0.143, 0.164, 0.079
69.160, -0.500, 0.500, -0.143, 0.160, 0.077
69.180, -0.500, 0.500, -0.142, 0.159, 0.072
69.200, -0.500, 0.500, -0.141, 0.163, 0.067
69.220, -0.500, 0.500, -0.143, 0.170, 0.061
69.240, -0.500, 0.500, -0.148, 0.181, 0.054
69.260, -0.500, 0.500, -0.157, 0.195, 0.050
69.280, -0.500, 0.500, -0.169, 0.210, 0.047
69.300, -0.500, 0.500, -0.182, 0.227, 0.047
69.320, -0.500, 0.500, -0.195, 0.244, 0.048
69.340, -0.500, 0.500, -0.207, 0.262, 0.048
69.360, -0.500, 0.500, -0.218, 0.279, 0.046
69.380, -0.500, 0.500, -0.228, 0.297, 0.042
69.400, -0.500, 0.500, -0.236, 0.313, 0.036
69.420, -0.500, 0.500, -0.240, 0.327, 0.028
69.440, -0.500, 0.500, -0.239, 0.338, 0.023
69.460, -0.500, 0.500, -0.234, 0.346, 0.019
69.480, -0.500, 0.500, -0.232, 0.349, 0.022
69.500, -0.500, 0.500, -0.229, 0.348, 0.024
69.520, -0.500, 0.500, -0.225, 0.346, 0.025
69.540, -0.500, 0.500, -0.222, 0.344, 0.027
69.560, -0.500, 0.500, -0.220, 0.342, 0.030
69.580, -0.500, 0.500, -0.220, 0.341, 0.034
69.600, -0.500, 0.500, -0.220, 0.338, 0.037
69.620, -0.500, 0.500, -0.219, 0.336, 0.039
69.640, -0.500, 0.500, -0.219, 0.333, 0.041
69.660, -0.500, 0.500, -0.218, 0.331, 0.043
69.680, -0.500, 0.500, -0.217, 0.329, 0.046
69.700, -0.500, 0.500, -0.217, 0.327, 0.050
69.720, -0.500, 0.500, -0.215, 0.324, 0.055
69.740, -0.500, 0.500, -0.213, 0.322, 0.061
69.760, -0.500, 0.500, -0.211, 0.319, 0.068
69.780, -0.500, 0.500, -0.208, 0.315, 0.075
69.800, -0.500, 0.500, -0.206, 0.310, 0.077
69.820, -0.500, 0.500, -0.207, 0.305, 0.077
69.840, -0.500, 0.500, -0.212, 0.303, 0.075
69.860, -0.500, 0.500, -0.220, 0.302, 0.071
69.880, -0.500, 0.500, -0.229, 0.304, 0.069
69.900, -0.500, 0.500, -0.237, 0.309, 0.069
69.920, -0.500, 0.500, -0.243, 0.315, 0.072
69.940, -0.500, 0.500, -0.245, 0.322, 0.079
69.960, -0.500, 0.500, -0.246, 0.330, 0.089
69.980, -0.500, 0.500, -0.247, 0.337, 0.099
70.000, -0.500, 0.500, -0.247, 0.345, 0.110
70.020, -0.500, 0.500, -0.249, 0.352, 0.118
70.040, -0.500, 0.500, -0.253, 0.360, 0.125
70.060, -0.500, 0.500, -0.259, 0.367, 0.129
70.080, -0.500, 0.500, -0.265, 0.373, 0.132
70.100, -0.500, 0.500, -0.272, 0.380, 0.134
70.120, -0.500, 0.500, -0.279, 0.385, 0.135
70.140, -0.500, 0.500, -0.285, 0.389, 0.136
70.160, -0.500, 0.500, -0.290, 0.393, 0.136
70.180, -0.500, 0.500, -0.295, 0.396, 0.136
70.200, -0.500, 0.500, -0.298, 0.398, 0.136
70.220, -0.500, 0.500, -0.301, 0.398, 0.134
70.240, -0.500, 0.500, -0.304, 0.399, 0.133
70.260, -0.500, 0.500, -0.306, 0.398, 0.130
70.280, -0.500, 0.500, -0.308, 0.397, 0.126
70.300, -0.500, 0.500, -0.310, 0.396, 0.123
70.320, -0.500, 0.500, -0.312, 0.395, 0.119
70.340, -0.500, 0.500, -0.314, 0.394, 0.114
70.360, -0.500, 0.500, -0.317, 0.393, 0.110
70.380, -0.500, 0.500, -0.320, 0.393, 0.105
70.400, -0.500, 0.500, -0.323, 0.393, 0.100
70.420, -0.500, 0.500, -0.325, 0.392, 0.096
70.440, -0.500, 0.500, -0.326, 0.392, 0.093
70.460, -0.500, 0.500, -0.325, 0.393, 0.086
70.480, -0.500, 0.500, -0.325, 0.395, 0.076
70.500, -0.500, 0.500, -0.325, 0.399, 0.064
70.520, -0.500, 0.500, -0.328, 0.404, 0.053
70.540, -0.500, 0.500, -0.332, 0.410, 0.042
70.560, -0.500, 0.500, -0.336, 0.418, 0.035
70.580, -0.500, 0.500, -0.341, 0.426, 0.030
70.600, -0.500, 0.500, -0.345, 0.434, 0.028
70.620, -0.500, 0.500, -0.348, 0.441, 0.028
70.640, -0.500, 0.500, -0.350, 0.448, 0.029
70.660, -0.500, 0.500, -0.351, 0.454, 0.031
70.680, -0.500, 0.500, -0.351, 0.459, 0.032
70.700, -0.500, 0.500, -0.353, 0.463, 0.033
70.720, -0.500, 0.500, -0.354, 0.466, 0.033
70.740, -0.500, 0.500, -0.356, 0.467, 0.033
70.760, -0.500, 0.500, -0.359, 0.467, 0.032
70.780, -0.500, 0.500, -0.361, 0.466, 0.033
70.800, -0.500, 0.500, -0.363, 0.464, 0.034
70.820, -0.500, 0.500, -0.364, 0.462, 0.036
70.840, -0.500, 0.500, -0.364, 0.458, 0.040
70.860, -0.500, 0.500, -0.364, 0.455, 0.044
70.880, -0.500, 0.500, -0.364, 0.451, 0.049
70.900, -0.500, 0.500, -0.363, 0.447, 0.054
70.920, -0.500, 0.500, -0.363, 0.443, 0.059
70.940, -0.500, 0.500, -0.363, 0.440, 0.062
70.960, -0.500, 0.500, -0.363, 0.437, 0.065
70.980, -0.500, 0.500, -0.363, 0.435, 0.067
71.000, -0.500, 0.500, -0.363, 0.433, 0.071
71.020, -0.500, 0.500, -0.363, 0.432, 0.074
71.040, -0.500, 0.500, -0.362, 0.430, 0.079
71.060, -0.500, 0.500, -0.362, 0.429, 0.086
71.080, -0.500, 0.500, -0.361, 0.427, 0.093
71.100, -0.500, 0.500, -0.359, 0.424, 0.097
71.120, -0.500, 0.500, -0.360, 0.423, 0.098
71.140, -0.500, 0.500, -0.363, 0.423, 0.098
71.160, -0.500, 0.500, -0.368, 0.425, 0.100
71.180, -0.500, 0.500, -0.374, 0.429, 0.102
71.200, -0.500, 0.500, -0.380, 0.436, 0.105
71.220, -0.500, 0.500, -0.383, 0.445, 0.110
71.240, -0.500, 0.500, -0.385, 0.456, 0.115
71.260, -0.500, 0.500, -0.386, 0.468, 0.121
71.280, -0.500, 0.500, -0.386, 0.480, 0.127
71.300, -0.500, 0.500, -0.386, 0.494, 0.132
71.320, -0.500, 0.500, -0.386, 0.507, 0.136
71.340, -0.500, 0.500, -0.387, 0.521, 0.139
71.360, -0.500, 0.500, -0.389, 0.535, 0.140
71.380, -0.500, 0.500, -0.391, 0.548, 0.140
71.400, -0.500, 0.500, -0.394, 0.560, 0.139
71.420, -0.500, 0.500, -0.397, 0.572, 0.137
71.440, -0.500, 0.500, -0.400, 0.581, 0.134
71.460, -0.500, 0.500, -0.404, 0.590, 0.131
71.480, -0.500, 0.500, -0.407, 0.596, 0.127
71.500, -0.500, 0.500, -0.411, 0.601, 0.123
71.520, -0.500, 0.500, -0.414, 0.605, 0.119
71.540, -0.500, 0.500, -0.418, 0.608, 0.115
71.560, -0.500, 0.500, -0.422, 0.610, 0.110
71.580, -0.500, 0.500, -0.426, 0.612, 0.105
71.600, -0.500, 0.500, -0.431, 0.614, 0.100
71.620, -0.500, 0.500, -0.437, 0.617, 0.094
71.640, -0.500, 0.500, -0.443, 0.620, 0.086
71.660, -0.500, 0.500, -0.448, 0.622, 0.084
71.680, -0.500, 0.500, -0.452, 0.625, 0.085
71.700, -0.500, 0.500, -0.454, 0.626, 0.089
71.720, -0.500, 0.500, -0.455, 0.627, 0.095
71.740, -0.500, 0.500, -0.455, 0.626, 0.101
71.760, -0.500, 0.500, -0.454, 0.624, 0.101
71.780, -0.500, 0.500, -0.452, 0.621, 0.095
71.800, -0.500, 0.500, -0.448, 0.621, 0.087
71.820, -0.500, 0.500, -0.445, 0.624, 0.077
71.840, -0.500, 0.500, -0.443, 0.630, 0.068
71.860, -0.500, 0.500, -0.445, 0.641, 0.060
71.880, -0.500, 0.500, -0.451, 0.655, 0.054
71.900, -0.500, 0.500, -0.460, 0.672, 0.051
71.920, -0.500, 0.500, -0.471, 0.692, 0.050
71.940, -0.500, 0.500, -0.484, 0.712, 0.050
71.960, -0.500, 0.500, -0.494, 0.733, 0.050
71.980, -0.500, 0.500, -0.502, 0.752, 0.049
72.000, -0.500, 0.500, -0.507, 0.770, 0.045
72.020, -0.500, 0.500, -0.509, 0.784, 0.038
72.040, -0.500, 0.500, -0.508, 0.796, 0.031
72.060, -0.500, 0.500, -0.503, 0.804, 0.025
72.080, -0.500, 0.500, -0.496, 0.810, 0.022
72.100, -0.500, 0.500, -0.490, 0.815, 0.020
72.120, -0.500, 0.500, -0.487, 0.816, 0.023
72.140, -0.500, 0.500, -0.483, 0.814, 0.025
72.160, -0.500, 0.500, -0.479, 0.811, 0.026
72.180, -0.500, 0.500, -0.477, 0.808, 0.029
72.200, -0.500, 0.500, -0.475, 0.805, 0.031
74.240, -0.400, 0.500, 0.000, 0.000, 0.175
74.260, -0.400, 0.500, 0.001, 0.000, 0.161
74.280, -0.400, 0.500, 0.003, 0.001, 0.142
74.300, -0.400, 0.500, 0.006, 0.001, 0.125
74.320, -0.400, 0.500, 0.008, 0.001, 0.102
74.340, -0.400, 0.500, 0.008, 0.002, 0.082
74.360, -0.400, 0.500, 0.007, 0.004, 0.067
74.380, -0.400, 0.500, 0.003, 0.007, 0.056
74.400, -0.400, 0.500, -0.001, 0.011, 0.050
74.420, -0.400, 0.500, -0.003, 0.015, 0.053
74.440, -0.400, 0.500, -0.002, 0.019, 0.062
74.460, -0.400, 0.500, 0.000, 0.021, 0.075
74.480, -0.400, 0.500, 0.003, 0.022, 0.086
74.500, -0.400, 0.500, 0.006, 0.021, 0.094
74.520, -0.400, 0.500, 0.007, 0.018, 0.096
74.540, -0.400, 0.500, 0.005, 0.015, 0.094
74.560, -0.400, 0.500, -0.002, 0.014, 0.090
74.580, -0.400, 0.500, -0.010, 0.017, 0.086
74.600, -0.400, 0.500, -0.018, 0.022, 0.083
74.620, -0.400, 0.500, -0.023, 0.029, 0.082
74.640, -0.400, 0.500, -0.027, 0.038, 0.083
74.660, -0.400, 0.500, -0.030, 0.048, 0.086
74.680, -0.400, 0.500, -0.033, 0.059, 0.090
74.700, -0.400, 0.500, -0.037, 0.069, 0.092
74.720, -0.400, 0.500, -0.041, 0.080, 0.095
74.740, -0.400, 0.500, -0.046, 0.091, 0.096
74.760, -0.400, 0.500, -0.052, 0.101, 0.097
74.780, -0.400, 0.500, -0.059, 0.110, 0.096
74.800, -0.400, 0.500, -0.067, 0.119, 0.095
74.820, -0.400, 0.500, -0.075, 0.127, 0.093
74.840, -0.400, 0.500, -0.083, 0.134, 0.090
74.860, -0.400, 0.500, -0.091, 0.141, 0.086
74.880, -0.400, 0.500, -0.100, 0.147, 0.082
74.900, -0.400, 0.500, -0.108, 0.152, 0.078
74.920, -0.400, 0.500, -0.115, 0.157, 0.072
74.940, -0.400, 0.500, -0.123, 0.161, 0.065
74.960, -0.400, 0.500, -0.130, 0.166, 0.058
74.980, -0.400, 0.500, -0.136, 0.169, 0.049
75.000, -0.400, 0.500, -0.141, 0.171, 0.044
75.020, -0.400, 0.500, -0.143, 0.172, 0.042
75.040, -0.400, 0.500, -0.145, 0.172, 0.042
75.060, -0.400, 0.500, -0.145, 0.171, 0.045
75.080, -0.400, 0.500, -0.144, 0.168, 0.051
75.100, -0.400, 0.500, -0.143, 0.166, 0.059
75.120, -0.400, 0.500, -0.141, 0.162, 0.069
75.140, -0.400, 0.500, -0.139, 0.159, 0.078
75.160, -0.400, 0.500, -0.137, 0.155, 0.081
75.180, -0.400, 0.500, -0.134, 0.153, 0.080
75.200, -0.400, 0.500, -0.130, 0.154, 0.077
75.220, -0.400, 0.500, -0.126, 0.159, 0.071
75.240, -0.400, 0.500, -0.124, 0.168, 0.064
75.260, -0.400, 0.500, -0.128, 0.181, 0.058
75.280, -0.400, 0.500, -0.134, 0.197, 0.054
75.300, -0.400, 0.500, -0.143, 0.213, 0.052
75.320, -0.400, 0.500, -0.153, 0.230, 0.052
75.340, -0.400, 0.500, -0.162, 0.247, 0.052
75.360, -0.400, 0.500, -0.172, 0.265, 0.051
75.380, -0.400, 0.500, -0.180, 0.283, 0.048
75.400, -0.400, 0.500, -0.188, 0.302, 0.043
75.420, -0.400, 0.500, -0.195, 0.319, 0.036
75.440, -0.400, 0.500, -0.200, 0.334, 0.027
75.460, -0.400, 0.500, -0.201, 0.345, 0.019
75.480, -0.400, 0.500, -0.198, 0.348, 0.019
75.500, -0.400, 0.500, -0.196, 0.349, 0.022
75.520, -0.400, 0.500, -0.194, 0.349, 0.022
75.540, -0.400, 0.500, -0.193, 0.349, 0.025
75.560, -0.400, 0.500, -0.192, 0.347, 0.030
75.580, -0.400, 0.500, -0.191, 0.345, 0.034
75.600, -0.400, 0.500, -0.190, 0.341, 0.037
75.620, -0.400, 0.500, -0.189, 0.339, 0.039
75.640, -0.400, 0.500, -0.188, 0.336, 0.040
75.660, -0.400, 0.500, -0.188, 0.334, 0.042
75.680, -0.400, 0.500, -0.187, 0.332, 0.044
75.700, -0.400, 0.500, -0.187, 0.330, 0.047
75.720, -0.400, 0.500, -0.186, 0.329, 0.051
75.740, -0.400, 0.500, -0.185, 0.327, 0.056
75.760, -0.400, 0.500, -0.183, 0.325, 0.062
75.780, -0.400, 0.500, -0.181, 0.323, 0.069
75.800, -0.400, 0.500, -0.179, 0.319, 0.076
75.820, -0.400, 0.500, -0.178, 0.314, 0.079
75.840, -0.400, 0.500, -0.180, 0.311, 0.080
75.860, -0.400, 0.500, -0.185, 0.309, 0.078
75.880, -0.400, 0.500, -0.192, 0.311, 0.076
75.900, -0.400, 0.500, -0.200, 0.317, 0.074
75.920, -0.400, 0.500, -0.205, 0.326, 0.075
75.940, -0.400, 0.500, -0.207, 0.335, 0.080
75.960, -0.400, 0.500, -0.206, 0.346, 0.088
75.980, -0.400, 0.500, -0.203, 0.357, 0.097
76.000, -0.400, 0.500, -0.200, 0.369, 0.107
76.020, -0.400, 0.500, -0.198, 0.380, 0.116
76.040, -0.400, 0.500, -0.197, 0.391, 0.123
76.060, -0.400, 0.500, -0.198, 0.403, 0.128
76.080, -0.400, 0.500, -0.200, 0.414, 0.131
76.100, -0.400, 0.500, -0.204, 0.424, 0.133
76.120, -0.400, 0.500, -0.209, 0.433, 0.133
76.140, -0.400, 0.500, -0.214, 0.441, 0.133
76.160, -0.400, 0.500, -0.219, 0.448, 0.133
76.180, -0.400, 0.500, -0.223, 0.454, 0.132
76.200, -0.400, 0.500, -0.227, 0.458, 0.131
76.220, -0.400, 0.500, -0.231, 0.461, 0.129
76.240, -0.400, 0.500, -0.235, 0.463, 0.127
76.260, -0.400, 0.500, -0.238, 0.465, 0.125
76.280, -0.400, 0.500, -0.241, 0.465, 0.122
76.300, -0.400, 0.500, -0.245, 0.465, 0.118
76.320, -0.400, 0.500, -0.250, 0.465, 0.114
76.340, -0.400, 0.500, -0.255, 0.466, 0.110
76.360, -0.400, 0.500, -0.261, 0.466, 0.106
76.380, -0.400, 0.500, -0.268, 0.467, 0.102
76.400, -0.400, 0.500, -0.274, 0.468, 0.098
76.420, -0.400, 0.500, -0.280, 0.469, 0.099
76.440, -0.400, 0.500, -0.283, 0.470, 0.102
76.460, -0.400, 0.500, -0.283, 0.471, 0.104
76.480, -0.400, 0.500, -0.282, 0.472, 0.099
76.500, -0.400, 0.500, -0.280, 0.473, 0.089
76.520, -0.400, 0.500, -0.278, 0.477, 0.078
76.540, -0.400, 0.500, -0.278, 0.483, 0.067
76.560, -0.400, 0.500, -0.279, 0.492, 0.057
76.580, -0.400, 0.500, -0.282, 0.504, 0.050
76.600, -0.400, 0.500, -0.287, 0.517, 0.046
76.620, -0.400, 0.500, -0.293, 0.532, 0.043
76.640, -0.400, 0.500, -0.298, 0.548, 0.042
76.660, -0.400, 0.500, -0.302, 0.563, 0.041
76.680, -0.400, 0.500, -0.304, 0.577, 0.041
76.700, -0.400, 0.500, -0.302, 0.589, 0.040
76.720, -0.400, 0.500, -0.298, 0.599, 0.037
76.740, -0.400, 0.500, -0.292, 0.608, 0.034
76.760, -0.400, 0.500, -0.286, 0.614, 0.029
76.780, -0.400, 0.500, -0.281, 0.620, 0.027
76.800, -0.400, 0.500, -0.279, 0.622, 0.030
76.820, -0.400, 0.500, -0.277, 0.621, 0.032
76.840, -0.400, 0.500, -0.274, 0.619, 0.033
76.860, -0.400, 0.500, -0.272, 0.616, 0.034
76.880, -0.400, 0.500, -0.271, 0.613, 0.034
76.900, -0.400, 0.500, -0.274, 0.611, 0.036
76.920, -0.400, 0.500, -0.275, 0.608, 0.039
76.940, -0.400, 0.500, -0.276, 0.606, 0.042
76.960, -0.400, 0.500, -0.277, 0.603, 0.045
76.980, -0.400, 0.500, -0.277, 0.601, 0.049
77.000, -0.400, 0.500, -0.277, 0.598, 0.053
77.020, -0.400, 0.500, -0.277, 0.596, 0.057
77.040, -0.400, 0.500, -0.276, 0.594, 0.062
77.060, -0.400, 0.500, -0.275, 0.591, 0.068
77.080, -0.400, 0.500, -0.274, 0.588, 0.075
77.100, -0.400, 0.500, -0.272, 0.584, 0.082
77.120, -0.400, 0.500, -0.272, 0.579, 0.085
77.140, -0.400, 0.500, -0.273, 0.574, 0.085
77.160, -0.400, 0.500, -0.278, 0.571, 0.082
77.180, -0.400, 0.500, -0.284, 0.569, 0.078
77.200, -0.400, 0.500, -0.289, 0.571, 0.075
77.220, -0.400, 0.500, -0.293, 0.575, 0.073
77.240, -0.400, 0.500, -0.294, 0.580, 0.074
77.260, -0.400, 0.500, -0.294, 0.585, 0.077
77.280, -0.400, 0.500, -0.291, 0.591, 0.084
77.300, -0.400, 0.500, -0.288, 0.597, 0.091
77.320, -0.400, 0.500, -0.284, 0.602, 0.099
77.340, -0.400, 0.500, -0.281, 0.608, 0.106
77.360, -0.400, 0.500, -0.279, 0.614, 0.113
77.380, -0.400, 0.500, -0.278, 0.620, 0.118
77.400, -0.400, 0.500, -0.277, 0.626, 0.122
77.420, -0.400, 0.500, -0.278, 0.631, 0.126
77.440, -0.400, 0.500, -0.279, 0.636, 0.128
77.460, -0.400, 0.500, -0.281, 0.641, 0.129
77.480, -0.400, 0.500, -0.282, 0.644, 0.130
77.500, -0.400, 0.500, -0.283, 0.647, 0.130
77.520, -0.400, 0.500, -0.285, 0.649, 0.130
77.540, -0.400, 0.500, -0.286, 0.650, 0.129
77.560, -0.400, 0.500, -0.287, 0.650, 0.127
77.580, -0.400, 0.500, -0.288, 0.650, 0.126
77.600, -0.400, 0.500, -0.290, 0.649, 0.123
77.620, -0.400, 0.500, -0.292, 0.647, 0.121
77.640, -0.400, 0.500, -0.295, 0.646, 0.118
77.660, -0.400, 0.500, -0.298, 0.644, 0.114
77.680, -0.400, 0.500, -0.301, 0.642, 0.111
77.700, -0.400, 0.500, -0.304, 0.640, 0.107
77.720, -0.400, 0.500, -0.308, 0.639, 0.103
77.740, -0.400, 0.500, -0.311, 0.637, 0.100
77.760, -0.400, 0.500, -0.315, 0.636, 0.093
77.780, -0.400, 0.500, -0.318, 0.635, 0.084
77.800, -0.400, 0.500, -0.320, 0.635, 0.074
77.820, -0.400, 0.500, -0.321, 0.637, 0.062
77.840, -0.400, 0.500, -0.322, 0.640, 0.052
77.860, -0.400, 0.500, -0.322, 0.643, 0.043
77.880, -0.400, 0.500, -0.321, 0.648, 0.036
77.900, -0.400, 0.500, -0.320, 0.652, 0.033
77.920, -0.400, 0.500, -0.319, 0.657, 0.032
77.940, -0.400, 0.500, -0.316, 0.662, 0.033
77.960, -0.400, 0.500, -0.314, 0.667, 0.034
77.980, -0.400, 0.500, -0.312, 0.671, 0.035
78.000, -0.400, 0.500, -0.309, 0.675, 0.037
78.020, -0.400, 0.500, -0.308, 0.678, 0.038
78.040, -0.400, 0.500, -0.307, 0.680, 0.038
78.060, -0.400, 0.500, -0.307, 0.682, 0.039
78.080, -0.400, 0.500, -0.307, 0.682, 0.039
78.100, -0.400, 0.500, -0.307, 0.682, 0.040
78.120, -0.400, 0.500, -0.308, 0.680, 0.041
78.140, -0.400, 0.500, -0.309, 0.678, 0.044
78.160, -0.400, 0.500, -0.309, 0.676, 0.046
78.180, -0.400, 0.500, -0.310, 0.673, 0.050
78.200, -0.400, 0.500, -0.310, 0.670, 0.054
78.220, -0.400, 0.500, -0.311, 0.666, 0.058
80.260, -0.300, 0.500, 0.000, 0.000, 0.175
80.280, -0.300, 0.500, 0.001, 0.000, 0.161
80.300, -0.300, 0.500, 0.003, 0.000, 0.146
80.320, -0.300, 0.500, 0.006, 0.001, 0.126
80.340, -0.300, 0.500, 0.008, 0.001, 0.103
80.360, -0.300, 0.500, 0.009, 0.002, 0.082
80.380, -0.300, 0.500, 0.008, 0.004, 0.066
80.400, -0.300, 0.500, 0.006, 0.007, 0.055
80.420, -0.300, 0.500, 0.004, 0.011, 0.050
80.440, -0.300, 0.500, 0.003, 0.015, 0.053
80.460, -0.300, 0.500, 0.004, 0.018, 0.062
80.480, -0.300, 0.500, 0.006, 0.020, 0.074
80.500, -0.300, 0.500, 0.008, 0.021, 0.086
80.520, -0.300, 0.500, 0.010, 0.020, 0.093
80.540, -0.300, 0.500, 0.009, 0.018, 0.095
80.560, -0.300, 0.500, 0.006, 0.016, 0.093
80.580, -0.300, 0.500, 0.000, 0.016, 0.089
80.600, -0.300, 0.500, -0.008, 0.019, 0.084
80.620, -0.300, 0.500, -0.015, 0.025, 0.082
80.640, -0.300, 0.500, -0.020, 0.034, 0.080
80.660, -0.300, 0.500, -0.023, 0.044, 0.081
80.680, -0.300, 0.500, -0.026, 0.055, 0.082
80.700, -0.300, 0.500, -0.028, 0.066, 0.084
80.720, -0.300, 0.500, -0.031, 0.077, 0.086
80.740, -0.300, 0.500, -0.035, 0.089, 0.087
80.760, -0.300, 0.500, -0.040, 0.100, 0.087
80.780, -0.300, 0.500, -0.046, 0.111, 0.087
80.800, -0.300, 0.500, -0.053, 0.121, 0.085
80.820, -0.300, 0.500, -0.060, 0.131, 0.083
80.840, -0.300, 0.500, -0.069, 0.140, 0.079
80.860, -0.300, 0.500, -0.077, 0.148, 0.075
80.880, -0.300, 0.500, -0.086, 0.155, 0.070
80.900, -0.300, 0.500, -0.095, 0.162, 0.065
80.920, -0.300, 0.500, -0.104, 0.167, 0.058
80.940, -0.300, 0.500, -0.112, 0.173, 0.050
80.960, -0.300, 0.500, -0.120, 0.177, 0.041
80.980, -0.300, 0.500, -0.123, 0.180, 0.036
81.000, -0.300, 0.500, -0.126, 0.181, 0.040
81.020, -0.300, 0.500, -0.127, 0.179, 0.046
81.040, -0.300, 0.500, -0.126, 0.176, 0.052
81.060, -0.300, 0.500, -0.125, 0.172, 0.057
81.080, -0.300, 0.500, -0.124, 0.169, 0.062
81.100, -0.300, 0.500, -0.122, 0.165, 0.066
81.120, -0.300, 0.500, -0.122, 0.162, 0.070
81.140, -0.300, 0.500, -0.122, 0.158, 0.074
81.160, -0.300, 0.500, -0.122, 0.155, 0.077
81.180, -0.300, 0.500, -0.122, 0.153, 0.075
81.200, -0.300, 0.500, -0.122, 0.151, 0.070
81.220, -0.300, 0.500, -0.121, 0.152, 0.062
81.240, -0.300, 0.500, -0.119, 0.156, 0.055
81.260, -0.300, 0.500, -0.118, 0.163, 0.051
81.280, -0.300, 0.500, -0.117, 0.174, 0.048
81.300, -0.300, 0.500, -0.117, 0.186, 0.048
81.320, -0.300, 0.500, -0.119, 0.200, 0.049
81.340, -0.300, 0.500, -0.120, 0.214, 0.052
81.360, -0.300, 0.500, -0.121, 0.230, 0.056
81.380, -0.300, 0.500, -0.121, 0.246, 0.058
81.400, -0.300, 0.500, -0.121, 0.264, 0.059
81.420, -0.300, 0.500, -0.121, 0.282, 0.059
81.440, -0.300, 0.500, -0.122, 0.301, 0.056
81.460, -0.300, 0.500, -0.121, 0.319, 0.051
81.480, -0.300, 0.500, -0.119, 0.336, 0.045
81.500, -0.300, 0.500, -0.116, 0.350, 0.038
81.520, -0.300, 0.500, -0.112, 0.362, 0.032
81.540, -0.300, 0.500, -0.107, 0.371, 0.026
81.560, -0.300, 0.500, -0.103, 0.375, 0.028
81.580, -0.300, 0.500, -0.100, 0.374, 0.033
81.600, -0.300, 0.500, -0.098, 0.370, 0.037
81.620, -0.300, 0.500, -0.096, 0.366, 0.039
81.640, -0.300, 0.500, -0.096, 0.360, 0.040
81.660, -0.300, 0.500, -0.096, 0.354, 0.040
81.680, -0.300, 0.500, -0.096, 0.349, 0.041
81.700, -0.300, 0.500, -0.097, 0.345, 0.043
81.720, -0.300, 0.500, -0.098, 0.341, 0.046
81.740, -0.300, 0.500, -0.099, 0.338, 0.050
81.760, -0.300, 0.500, -0.099, 0.336, 0.055
81.780, -0.300, 0.500, -0.098, 0.335, 0.061
81.800, -0.300, 0.500, -0.097, 0.333, 0.069
81.820, -0.300, 0.500, -0.096, 0.330, 0.076
81.840, -0.300, 0.500, -0.096, 0.326, 0.079
81.860, -0.300, 0.500, -0.098, 0.322, 0.078
81.880, -0.300, 0.500, -0.103, 0.321, 0.075
81.900, -0.300, 0.500, -0.109, 0.322, 0.071
81.920, -0.300, 0.500, -0.115, 0.326, 0.069
81.940, -0.300, 0.500, -0.117, 0.331, 0.069
81.960, -0.300, 0.500, -0.118, 0.338, 0.071
81.980, -0.300, 0.500, -0.116, 0.345, 0.076
82.000, -0.300, 0.500, -0.114, 0.352, 0.082
82.020, -0.300, 0.500, -0.111, 0.359, 0.088
82.040, -0.300, 0.500, -0.108, 0.366, 0.095
82.060, -0.300, 0.500, -0.106, 0.372, 0.102
82.080, -0.300, 0.500, -0.105, 0.379, 0.107
82.100, -0.300, 0.500, -0.105, 0.386, 0.112
82.120, -0.300, 0.500, -0.106, 0.392, 0.116
82.140, -0.300, 0.500, -0.107, 0.398, 0.118
82.160, -0.300, 0.500, -0.109, 0.403, 0.120
82.180, -0.300, 0.500, -0.111, 0.407, 0.121
82.200, -0.300, 0.500, -0.113, 0.410, 0.122
82.220, -0.300, 0.500, -0.115, 0.413, 0.123
82.240, -0.300, 0.500, -0.117, 0.415, 0.123
82.260, -0.300, 0.500, -0.118, 0.415, 0.122
82.280, -0.300, 0.500, -0.120, 0.415, 0.122
82.300, -0.300, 0.500, -0.121, 0.415, 0.120
82.320, -0.300, 0.500, -0.123, 0.413, 0.118
82.340, -0.300, 0.500, -0.126, 0.412, 0.116
82.360, -0.300, 0.500, -0.128, 0.409, 0.113
82.380, -0.300, 0.500, -0.131, 0.407, 0.111
82.400, -0.300, 0.500, -0.134, 0.404, 0.108
82.420, -0.300, 0.500, -0.138, 0.401, 0.105
82.440, -0.300, 0.500, -0.141, 0.398, 0.101
82.460, -0.300, 0.500, -0.145, 0.396, 0.097
82.480, -0.300, 0.500, -0.148, 0.393, 0.092
82.500, -0.300, 0.500, -0.151, 0.392, 0.084
82.520, -0.300, 0.500, -0.152, 0.392, 0.074
82.540, -0.300, 0.500, -0.153, 0.393, 0.063
82.560, -0.300, 0.500, -0.153, 0.396, 0.052
82.580, -0.300, 0.500, -0.153, 0.399, 0.043
82.600, -0.300, 0.500, -0.153, 0.403, 0.038
82.620, -0.300, 0.500, -0.152, 0.408, 0.037
82.640, -0.300, 0.500, -0.150, 0.413, 0.038
82.660, -0.300, 0.500, -0.149, 0.418, 0.039
82.680, -0.300, 0.500, -0.147, 0.423, 0.041
82.700, -0.300, 0.500, -0.146, 0.427, 0.042
82.720, -0.300, 0.500, -0.144, 0.432, 0.043
82.740, -0.300, 0.500, -0.143, 0.436, 0.044
82.760, -0.300, 0.500, -0.143, 0.438, 0.045
82.780, -0.300, 0.500, -0.142, 0.440, 0.045
82.800, -0.300, 0.500, -0.143, 0.441, 0.045
82.820, -0.300, 0.500, -0.143, 0.441, 0.046
82.840, -0.300, 0.500, -0.143, 0.441, 0.048
82.860, -0.300, 0.500, -0.144, 0.439, 0.050
82.880, -0.300, 0.500, -0.144, 0.437, 0.053
82.900, -0.300, 0.500, -0.144, 0.434, 0.057
82.920, -0.300, 0.500, -0.144, 0.431, 0.061
82.940, -0.300, 0.500, -0.144, 0.427, 0.065
82.960, -0.300, 0.500, -0.145, 0.423, 0.069
82.980, -0.300, 0.500, -0.145, 0.420, 0.072
83.000, -0.300, 0.500, -0.146, 0.416, 0.075
83.020, -0.300, 0.500, -0.147, 0.413, 0.078
83.040, -0.300, 0.500, -0.147, 0.410, 0.081
83.060, -0.300, 0.500, -0.147, 0.407, 0.084
83.080, -0.300, 0.500, -0.147, 0.404, 0.089
83.100, -0.300, 0.500, -0.147, 0.402, 0.095
83.120, -0.300, 0.500, -0.147, 0.399, 0.100
83.140, -0.300, 0.500, -0.147, 0.396, 0.102
83.160, -0.300, 0.500, -0.148, 0.394, 0.102
83.180, -0.300, 0.500, -0.150, 0.393, 0.101
83.200, -0.300, 0.500, -0.153, 0.393, 0.101
83.220, -0.300, 0.500, -0.156, 0.395, 0.100
83.240, -0.300, 0.500, -0.160, 0.399, 0.100
83.260, -0.300, 0.500, -0.162, 0.405, 0.103
83.280, -0.300, 0.500, -0.164, 0.413, 0.106
83.300, -0.300, 0.500, -0.164, 0.421, 0.109
83.320, -0.300, 0.500, -0.165, 0.430, 0.114
83.340, -0.300, 0.500, -0.165, 0.440, 0.118
83.360, -0.300, 0.500, -0.166, 0.451, 0.122
83.380, -0.300, 0.500, -0.167, 0.463, 0.125
83.400, -0.300, 0.500, -0.168, 0.474, 0.127
83.420, -0.300, 0.500, -0.170, 0.486, 0.129
83.440, -0.300, 0.500, -0.173, 0.497, 0.129
83.460, -0.300, 0.500, -0.175, 0.508, 0.128
83.480, -0.300, 0.500, -0.178, 0.517, 0.126
83.500, -0.300, 0.500, -0.181, 0.526, 0.124
83.520, -0.300, 0.500, -0.183, 0.534, 0.121
83.540, -0.300, 0.500, -0.185, 0.540, 0.118
83.560, -0.300, 0.500, -0.188, 0.545, 0.114
83.580, -0.300, 0.500, -0.190, 0.549, 0.110
83.600, -0.300, 0.500, -0.193, 0.552, 0.106
83.620, -0.300, 0.500, -0.196, 0.555, 0.101
83.640, -0.300, 0.500, -0.199, 0.557, 0.097
83.660, -0.300, 0.500, -0.203, 0.559, 0.092
83.680, -0.300, 0.500, -0.207, 0.561, 0.087
83.700, -0.300, 0.500, -0.211, 0.563, 0.083
83.720, -0.300, 0.500, -0.215, 0.565, 0.083
83.740, -0.300, 0.500, -0.218, 0.566, 0.087
83.760, -0.300, 0.500, -0.219, 0.565, 0.093
83.780, -0.300, 0.500, -0.220, 0.564, 0.099
83.800, -0.300, 0.500, -0.219, 0.560, 0.100
83.820, -0.300, 0.500, -0.217, 0.556, 0.095
83.840, -0.300, 0.500, -0.214, 0.553, 0.087
83.860, -0.300, 0.500, -0.210, 0.551, 0.077
83.880, -0.300, 0.500, -0.205, 0.553, 0.068
83.900, -0.300, 0.500, -0.202, 0.558, 0.060
83.920, -0.300, 0.500, -0.201, 0.565, 0.055
83.940, -0.300, 0.500, -0.202, 0.574, 0.055
83.960, -0.300, 0.500, -0.205, 0.584, 0.057
83.980, -0.300, 0.500, -0.209, 0.595, 0.061
84.000, -0.300, 0.500, -0.213, 0.607, 0.065
84.020, -0.300, 0.500, -0.217, 0.620, 0.068
84.040, -0.300, 0.500, -0.219, 0.633, 0.070
84.060, -0.300, 0.500, -0.219, 0.647, 0.071
84.080, -0.300, 0.500, -0.219, 0.661, 0.069
84.100, -0.300, 0.500, -0.217, 0.674, 0.067
84.120, -0.300, 0.500, -0.214, 0.686, 0.063
84.140, -0.300, 0.500, -0.210, 0.697, 0.058
84.160, -0.300, 0.500, -0.205, 0.706, 0.053
84.180, -0.300, 0.500, -0.200, 0.714, 0.047
84.200, -0.300, 0.500, -0.194, 0.720, 0.041
84.220, -0.300, 0.500, -0.187, 0.725, 0.035
84.240, -0.300, 0.500, -0.184, 0.730, 0.035
86.280, -0.200, 0.500, 0.000, 0.000, 0.175
86.300, -0.200, 0.500, 0.001, 0.000, 0.161
86.320, -0.200, 0.500, 0.003, 0.000, 0.143
86.340, -0.200, 0.500, 0.006, 0.001, 0.125
86.360, -0.200, 0.500, 0.008, 0.001, 0.103
86.380, -0.200, 0.500, 0.009, 0.002, 0.082
86.400, -0.200, 0.500, 0.009, 0.004, 0.066
86.420, -0.200, 0.500, 0.008, 0.007, 0.055
86.440, -0.200, 0.500, 0.007, 0.012, 0.052
86.460, -0.200, 0.500, 0.007, 0.015, 0.055
86.480, -0.200, 0.500, 0.008, 0.018, 0.063
86.500, -0.200, 0.500, 0.010, 0.021, 0.075
86.520, -0.200, 0.500, 0.012, 0.022, 0.085
86.540, -0.200, 0.500, 0.013, 0.021, 0.093
86.560, -0.200, 0.500, 0.013, 0.019, 0.095
86.580, -0.200, 0.500, 0.010, 0.017, 0.092
86.600, -0.200, 0.500, 0.004, 0.017, 0.088
86.620, -0.200, 0.500, -0.004, 0.021, 0.084
86.640, -0.200, 0.500, -0.011, 0.027, 0.080
86.660, -0.200, 0.500, -0.015, 0.036, 0.078
86.680, -0.200, 0.500, -0.017, 0.045, 0.077
86.700, -0.200, 0.500, -0.018, 0.056, 0.078
86.720, -0.200, 0.500, -0.019, 0.068, 0.079
86.740, -0.200, 0.500, -0.020, 0.079, 0.081
86.760, -0.200, 0.500, -0.022, 0.091, 0.082
86.780, -0.200, 0.500, -0.025, 0.103, 0.082
86.800, -0.200, 0.500, -0.030, 0.115, 0.082
86.820, -0.200, 0.500, -0.035, 0.126, 0.080
86.840, -0.200, 0.500, -0.042, 0.137, 0.077
86.860, -0.200, 0.500, -0.048, 0.147, 0.073
86.880, -0.200, 0.500, -0.055, 0.157, 0.068
86.900, -0.200, 0.500, -0.062, 0.165, 0.062
86.920, -0.200, 0.500, -0.069, 0.174, 0.055
86.940, -0.200, 0.500, -0.075, 0.180, 0.047
86.960, -0.200, 0.500, -0.082, 0.187, 0.039
86.980, -0.200, 0.500, -0.085, 0.191, 0.035
87.000, -0.200, 0.500, -0.087, 0.193, 0.040
87.020, -0.200, 0.500, -0.089, 0.191, 0.044
87.040, -0.200, 0.500, -0.089, 0.188, 0.049
87.060, -0.200, 0.500, -0.088, 0.185, 0.053
87.080, -0.200, 0.500, -0.087, 0.180, 0.056
87.100, -0.200, 0.500, -0.087, 0.176, 0.059
87.120, -0.200, 0.500, -0.087, 0.172, 0.061
87.140, -0.200, 0.500, -0.088, 0.168, 0.064
87.160, -0.200, 0.500, -0.089, 0.165, 0.068
87.180, -0.200, 0.500, -0.090, 0.161, 0.071
87.200, -0.200, 0.500, -0.091, 0.158, 0.070
87.220, -0.200, 0.500, -0.091, 0.155, 0.065
87.240, -0.200, 0.500, -0.090, 0.154, 0.057
87.260, -0.200, 0.500, -0.087, 0.156, 0.051
87.280, -0.200, 0.500, -0.084, 0.162, 0.045
87.300, -0.200, 0.500, -0.083, 0.169, 0.043
87.320, -0.200, 0.500, -0.082, 0.178, 0.043
87.340, -0.200, 0.500, -0.084, 0.189, 0.045
87.360, -0.200, 0.500, -0.086, 0.200, 0.048
87.380, -0.200, 0.500, -0.089, 0.213, 0.052
87.400, -0.200, 0.500, -0.092, 0.226, 0.057
87.420, -0.200, 0.500, -0.094, 0.240, 0.060
87.440, -0.200, 0.500, -0.094, 0.254, 0.063
87.460, -0.200, 0.500, -0.093, 0.268, 0.064
87.480, -0.200, 0.500, -0.091, 0.281, 0.064
87.500, -0.200, 0.500, -0.087, 0.293, 0.063
87.520, -0.200, 0.500, -0.082, 0.305, 0.061
87.540, -0.200, 0.500, -0.076, 0.315, 0.058
87.560, -0.200, 0.500, -0.069, 0.324, 0.055
87.580, -0.200, 0.500, -0.061, 0.331, 0.052
87.600, -0.200, 0.500, -0.052, 0.338, 0.048
87.620, -0.200, 0.500, -0.044, 0.343, 0.044
87.640, -0.200, 0.500, -0.034, 0.347, 0.042
87.660, -0.200, 0.500, -0.025, 0.350, 0.041
87.680, -0.200, 0.500, -0.019, 0.353, 0.041
87.700, -0.200, 0.500, -0.018, 0.355, 0.044
87.720, -0.200, 0.500, -0.016, 0.356, 0.048
87.740, -0.200, 0.500, -0.016, 0.355, 0.052
87.760, -0.200, 0.500, -0.017, 0.352, 0.057
87.780, -0.200, 0.500, -0.019, 0.348, 0.064
87.800, -0.200, 0.500, -0.022, 0.343, 0.072
87.820, -0.200, 0.500, -0.025, 0.337, 0.082
87.840, -0.200, 0.500, -0.028, 0.331, 0.090
87.860, -0.200, 0.500, -0.034, 0.323, 0.093
87.880, -0.200, 0.500, -0.041, 0.316, 0.092
87.900, -0.200, 0.500, -0.048, 0.311, 0.089
87.920, -0.200, 0.500, -0.056, 0.309, 0.084
87.940, -0.200, 0.500, -0.063, 0.310, 0.081
87.960, -0.200, 0.500, -0.068, 0.313, 0.079
87.980, -0.200, 0.500, -0.071, 0.317, 0.079
88.000, -0.200, 0.500, -0.072, 0.323, 0.080
88.020, -0.200, 0.500, -0.074, 0.329, 0.083
88.040, -0.200, 0.500, -0.075, 0.335, 0.087
88.060, -0.200, 0.500, -0.077, 0.343, 0.092
88.080, -0.200, 0.500, -0.079, 0.350, 0.096
88.100, -0.200, 0.500, -0.081, 0.358, 0.101
88.120, -0.200, 0.500, -0.085, 0.365, 0.105
88.140, -0.200, 0.500, -0.089, 0.374, 0.109
88.160, -0.200, 0.500, -0.093, 0.382, 0.112
88.180, -0.200, 0.500, -0.098, 0.390, 0.114
88.200, -0.200, 0.500, -0.102, 0.399, 0.115
88.220, -0.200, 0.500, -0.106, 0.407, 0.115
88.240, -0.200, 0.500, -0.110, 0.416, 0.115
88.260, -0.200, 0.500, -0.114, 0.423, 0.114
88.280, -0.200, 0.500, -0.118, 0.430, 0.112
88.300, -0.200, 0.500, -0.122, 0.436, 0.110
88.320, -0.200, 0.500, -0.126, 0.441, 0.107
88.340, -0.200, 0.500, -0.130, 0.446, 0.104
88.360, -0.200, 0.500, -0.134, 0.449, 0.100
88.380, -0.200, 0.500, -0.138, 0.453, 0.096
88.400, -0.200, 0.500, -0.143, 0.456, 0.092
88.420, -0.200, 0.500, -0.147, 0.458, 0.088
88.440, -0.200, 0.500, -0.152, 0.460, 0.086
88.460, -0.200, 0.500, -0.155, 0.461, 0.089
88.480, -0.200, 0.500, -0.156, 0.462, 0.093
88.500, -0.200, 0.500, -0.156, 0.461, 0.096
88.520, -0.200, 0.500, -0.154, 0.459, 0.093
88.540, -0.200, 0.500, -0.150, 0.457, 0.086
88.560, -0.200, 0.500, -0.145, 0.456, 0.077
88.580, -0.200, 0.500, -0.140, 0.459, 0.068
88.600, -0.200, 0.500, -0.136, 0.464, 0.061
88.620, -0.200, 0.500, -0.135, 0.472, 0.056
88.640, -0.200, 0.500, -0.135, 0.482, 0.053
88.660, -0.200, 0.500, -0.138, 0.493, 0.053
88.680, -0.200, 0.500, -0.141, 0.504, 0.054
88.700, -0.200, 0.500, -0.145, 0.516, 0.055
88.720, -0.200, 0.500, -0.147, 0.529, 0.056
88.740, -0.200, 0.500, -0.148, 0.542, 0.056
88.760, -0.200, 0.500, -0.148, 0.557, 0.053
88.780, -0.200, 0.500, -0.147, 0.571, 0.048
88.800, -0.200, 0.500, -0.146, 0.585, 0.041
88.820, -0.200, 0.500, -0.143, 0.597, 0.035
88.840, -0.200, 0.500, -0.140, 0.606, 0.031
88.860, -0.200, 0.500, -0.138, 0.611, 0.034
88.880, -0.200, 0.500, -0.137, 0.610, 0.039
88.900, -0.200, 0.500, -0.137, 0.607, 0.043
88.920, -0.200, 0.500, -0.138, 0.603, 0.047
88.940, -0.200, 0.500, -0.139, 0.597, 0.050
88.960, -0.200, 0.500, -0.139, 0.591, 0.053
88.980, -0.200, 0.500, -0.139, 0.585, 0.056
89.000, -0.200, 0.500, -0.139, 0.579, 0.059
89.020, -0.200, 0.500, -0.139, 0.575, 0.061
89.040, -0.200, 0.500, -0.138, 0.571, 0.064
89.060, -0.200, 0.500, -0.138, 0.568, 0.068
89.080, -0.200, 0.500, -0.137, 0.566, 0.072
89.100, -0.200, 0.500, -0.136, 0.564, 0.077
89.120, -0.200, 0.500, -0.135, 0.562, 0.083
89.140, -0.200, 0.500, -0.133, 0.560, 0.089
89.160, -0.200, 0.500, -0.132, 0.558, 0.092
89.180, -0.200, 0.500, -0.133, 0.555, 0.091
89.200, -0.200, 0.500, -0.135, 0.553, 0.087
89.220, -0.200, 0.500, -0.138, 0.553, 0.084
89.240, -0.200, 0.500, -0.142, 0.554, 0.081
89.260, -0.200, 0.500, -0.143, 0.558, 0.081
89.280, -0.200, 0.500, -0.144, 0.563, 0.082
89.300, -0.200, 0.500, -0.143, 0.569, 0.086
89.320, -0.200, 0.500, -0.142, 0.576, 0.091
89.340, -0.200, 0.500, -0.139, 0.583, 0.096
89.360, -0.200, 0.500, -0.137, 0.590, 0.102
89.380, -0.200, 0.500, -0.135, 0.597, 0.107
89.400, -0.200, 0.500, -0.134, 0.604, 0.112
89.420, -0.200, 0.500, -0.133, 0.611, 0.116
89.440, -0.200, 0.500, -0.133, 0.616, 0.119
89.460, -0.200, 0.500, -0.134, 0.622, 0.121
89.480, -0.200, 0.500, -0.135, 0.626, 0.123
89.500, -0.200, 0.500, -0.136, 0.629, 0.124
89.520, -0.200, 0.500, -0.137, 0.632, 0.125
89.540, -0.200, 0.500, -0.138, 0.633, 0.126
89.560, -0.200, 0.500, -0.139, 0.634, 0.126
89.580, -0.200, 0.500, -0.140, 0.634, 0.127
89.600, -0.200, 0.500, -0.141, 0.633, 0.127
89.620, -0.200, 0.500, -0.143, 0.631, 0.126
89.640, -0.200, 0.500, -0.144, 0.629, 0.124
89.660, -0.200, 0.500, -0.146, 0.627, 0.122
89.680, -0.200, 0.500, -0.148, 0.624, 0.120
89.700, -0.200, 0.500, -0.151, 0.621, 0.117
89.720, -0.200, 0.500, -0.154, 0.618, 0.114
89.740, -0.200, 0.500, -0.157, 0.614, 0.111
89.760, -0.200, 0.500, -0.161, 0.611, 0.108
89.780, -0.200, 0.500, -0.165, 0.608, 0.106
89.800, -0.200, 0.500, -0.169, 0.604, 0.101
89.820, -0.200, 0.500, -0.172, 0.601, 0.094
89.840, -0.200, 0.500, -0.175, 0.600, 0.086
89.860, -0.200, 0.500, -0.176, 0.601, 0.074
89.880, -0.200, 0.500, -0.177, 0.603, 0.062
89.900, -0.200, 0.500, -0.177, 0.605, 0.053
89.920, -0.200, 0.500, -0.176, 0.610, 0.046
89.940, -0.200, 0.500, -0.175, 0.615, 0.043
89.960, -0.200, 0.500, -0.173, 0.622, 0.042
89.980, -0.200, 0.500, -0.172, 0.630, 0.041
90.000, -0.200, 0.500, -0.170, 0.638, 0.041
90.020, -0.200, 0.500, -0.169, 0.646, 0.041
90.040, -0.200, 0.500, -0.168, 0.654, 0.042
90.060, -0.200, 0.500, -0.167, 0.661, 0.043
90.080, -0.200, 0.500, -0.166, 0.668, 0.043
90.100, -0.200, 0.500, -0.166, 0.673, 0.043
90.120, -0.200, 0.500, -0.166, 0.676, 0.044
90.140, -0.200, 0.500, -0.167, 0.678, 0.044
90.160, -0.200, 0.500, -0.167, 0.678, 0.045
90.180, -0.200, 0.500, -0.167, 0.676, 0.047
90.200, -0.200, 0.500, -0.167, 0.673, 0.049
90.220, -0.200, 0.500, -0.167, 0.670, 0.053
90.240, -0.200, 0.500, -0.167, 0.665, 0.058
90.260, -0.200, 0.500, -0.167, 0.660, 0.062
92.300, -0.100, 0.500, 0.000, 0.000, 0.175
92.320, -0.100, 0.500, 0.001, 0.000, 0.162
92.340, -0.100, 0.500, 0.003, 0.000, 0.147
92.360, -0.100, 0.500, 0.006, 0.000, 0.126
92.380, -0.100, 0.500, 0.008, 0.001, 0.103
92.400, -0.100, 0.500, 0.010, 0.002, 0.081
92.420, -0.100, 0.500, 0.011, 0.004, 0.064
92.440, -0.100, 0.500, 0.010, 0.007, 0.053
92.460, -0.100, 0.500, 0.010, 0.011, 0.049
92.480, -0.100, 0.500, 0.011, 0.014, 0.051
92.500, -0.100, 0.500, 0.012, 0.018, 0.059
92.520, -0.100, 0.500, 0.014, 0.020, 0.070
92.540, -0.100, 0.500, 0.016, 0.021, 0.082
92.560, -0.100, 0.500, 0.017, 0.021, 0.090
92.580, -0.100, 0.500, 0.016, 0.018, 0.092
92.600, -0.100, 0.500, 0.012, 0.017, 0.090
92.620, -0.100, 0.500, 0.006, 0.018, 0.087
92.640, -0.100, 0.500, -0.001, 0.022, 0.082
92.660, -0.100, 0.500, -0.007, 0.030, 0.078
92.680, -0.100, 0.500, -0.012, 0.039, 0.075
92.700, -0.100, 0.500, -0.014, 0.050, 0.073
92.720, -0.100, 0.500, -0.015, 0.061, 0.073
92.740, -0.100, 0.500, -0.015, 0.074, 0.074
92.760, -0.100, 0.500, -0.016, 0.087, 0.074
92.780, -0.100, 0.500, -0.017, 0.100, 0.074
92.800, -0.100, 0.500, -0.020, 0.113, 0.074
92.820, -0.100, 0.500, -0.024, 0.126, 0.072
92.840, -0.100, 0.500, -0.030, 0.139, 0.068
92.860, -0.100, 0.500, -0.036, 0.151, 0.064
92.880, -0.100, 0.500, -0.043, 0.163, 0.058
92.900, -0.100, 0.500, -0.051, 0.175, 0.050
92.920, -0.100, 0.500, -0.058, 0.184, 0.041
92.940, -0.100, 0.500, -0.062, 0.194, 0.034
92.960, -0.100, 0.500, -0.066, 0.198, 0.036
92.980, -0.100, 0.500, -0.068, 0.198, 0.042
93.000, -0.100, 0.500, -0.069, 0.195, 0.047
93.020, -0.100, 0.500, -0.070, 0.191, 0.050
93.040, -0.100, 0.500, -0.069, 0.185, 0.051
93.060, -0.100, 0.500, -0.070, 0.179, 0.052
93.080, -0.100, 0.500, -0.070, 0.173, 0.052
93.100, -0.100, 0.500, -0.071, 0.168, 0.053
93.120, -0.100, 0.500, -0.073, 0.165, 0.054
93.140, -0.100, 0.500, -0.074, 0.162, 0.056
93.160, -0.100, 0.500, -0.075, 0.160, 0.059
93.180, -0.100, 0.500, -0.076, 0.158, 0.064
93.200, -0.100, 0.500, -0.077, 0.156, 0.068
93.220, -0.100, 0.500, -0.077, 0.154, 0.069
93.240, -0.100, 0.500, -0.075, 0.152, 0.066
93.260, -0.100, 0.500, -0.072, 0.152, 0.061
93.280, -0.100, 0.500, -0.067, 0.155, 0.056
93.300, -0.100, 0.500, -0.064, 0.161, 0.053
93.320, -0.100, 0.500, -0.061, 0.169, 0.052
93.340, -0.100, 0.500, -0.060, 0.178, 0.053
93.360, -0.100, 0.500, -0.060, 0.188, 0.056
93.380, -0.100, 0.500, -0.062, 0.200, 0.061
93.400, -0.100, 0.500, -0.064, 0.212, 0.067
93.420, -0.100, 0.500, -0.066, 0.225, 0.072
93.440, -0.100, 0.500, -0.067, 0.238, 0.077
93.460, -0.100, 0.500, -0.067, 0.251, 0.081
93.480, -0.100, 0.500, -0.065, 0.264, 0.084
93.500, -0.100, 0.500, -0.063, 0.277, 0.085
93.520, -0.100, 0.500, -0.059, 0.288, 0.086
93.540, -0.100, 0.500, -0.054, 0.299, 0.086
93.560, -0.100, 0.500, -0.049, 0.309, 0.085
93.580, -0.100, 0.500, -0.043, 0.318, 0.085
93.600, -0.100, 0.500, -0.036, 0.326, 0.083
93.620, -0.100, 0.500, -0.030, 0.332, 0.082
93.640, -0.100, 0.500, -0.023, 0.338, 0.080
93.660, -0.100, 0.500, -0.016, 0.342, 0.078
93.680, -0.100, 0.500, -0.009, 0.346, 0.076
93.700, -0.100, 0.500, -0.003, 0.349, 0.073
93.720, -0.100, 0.500, 0.004, 0.352, 0.070
93.740, -0.100, 0.500, 0.012, 0.355, 0.067
93.760, -0.100, 0.500, 0.017, 0.357, 0.067
93.780, -0.100, 0.500, 0.020, 0.359, 0.069
93.800, -0.100, 0.500, 0.021, 0.360, 0.073
93.820, -0.100, 0.500, 0.020, 0.359, 0.079
93.840, -0.100, 0.500, 0.018, 0.357, 0.087
93.860, -0.100, 0.500, 0.016, 0.354, 0.094
93.880, -0.100, 0.500, 0.013, 0.349, 0.098
93.900, -0.100, 0.500, 0.008, 0.343, 0.097
93.920, -0.100, 0.500, 0.002, 0.340, 0.093
93.940, -0.100, 0.500, -0.005, 0.340, 0.089
93.960, -0.100, 0.500, -0.012, 0.344, 0.084
93.980, -0.100, 0.500, -0.016, 0.351, 0.081
94.000, -0.100, 0.500, -0.018, 0.360, 0.079
94.020, -0.100, 0.500, -0.017, 0.370, 0.080
94.040, -0.100, 0.500, -0.016, 0.381, 0.082
94.060, -0.100, 0.500, -0.014, 0.393, 0.085
94.080, -0.100, 0.500, -0.013, 0.406, 0.088
94.100, -0.100, 0.500, -0.012, 0.419, 0.090
94.120, -0.100, 0.500, -0.013, 0.433, 0.092
94.140, -0.100, 0.500, -0.015, 0.446, 0.092
94.160, -0.100, 0.500, -0.018, 0.459, 0.090
94.180, -0.100, 0.500, -0.022, 0.472, 0.088
94.200, -0.100, 0.500, -0.026, 0.484, 0.084
94.220, -0.100, 0.500, -0.031, 0.496, 0.079
94.240, -0.100, 0.500, -0.037, 0.506, 0.074
94.260, -0.100, 0.500, -0.042, 0.515, 0.067
94.280, -0.100, 0.500, -0.048, 0.523, 0.060
94.300, -0.100, 0.500, -0.053, 0.529, 0.051
94.320, -0.100, 0.500, -0.059, 0.535, 0.042
94.340, -0.100, 0.500, -0.062, 0.538, 0.036
94.360, -0.100, 0.500, -0.065, 0.539, 0.040
94.380, -0.100, 0.500, -0.067, 0.538, 0.046
94.400, -0.100, 0.500, -0.068, 0.535, 0.052
94.420, -0.100, 0.500, -0.067, 0.530, 0.058
94.440, -0.100, 0.500, -0.067, 0.525, 0.063
94.460, -0.100, 0.500, -0.066, 0.519, 0.068
94.480, -0.100, 0.500, -0.066, 0.514, 0.073
94.500, -0.100, 0.500, -0.066, 0.508, 0.078
94.520, -0.100, 0.500, -0.066, 0.503, 0.079
94.540, -0.100, 0.500, -0.065, 0.497, 0.076
94.560, -0.100, 0.500, -0.063, 0.493, 0.069
94.580, -0.100, 0.500, -0.059, 0.492, 0.059
94.600, -0.100, 0.500, -0.054, 0.494, 0.050
94.620, -0.100, 0.500, -0.050, 0.498, 0.045
94.640, -0.100, 0.500, -0.047, 0.505, 0.041
94.660, -0.100, 0.500, -0.047, 0.513, 0.041
94.680, -0.100, 0.500, -0.048, 0.522, 0.044
94.700, -0.100, 0.500, -0.050, 0.531, 0.048
94.720, -0.100, 0.500, -0.053, 0.541, 0.053
94.740, -0.100, 0.500, -0.055, 0.552, 0.059
94.760, -0.100, 0.500, -0.055, 0.564, 0.064
94.780, -0.100, 0.500, -0.055, 0.575, 0.068
94.800, -0.100, 0.500, -0.053, 0.587, 0.071
94.820, -0.100, 0.500, -0.049, 0.600, 0.073
94.840, -0.100, 0.500, -0.045, 0.611, 0.074
94.860, -0.100, 0.500, -0.040, 0.622, 0.073
94.880, -0.100, 0.500, -0.034, 0.633, 0.072
94.900, -0.100, 0.500, -0.028, 0.643, 0.071
94.920, -0.100, 0.500, -0.022, 0.651, 0.069
94.940, -0.100, 0.500, -0.015, 0.659, 0.067
94.960, -0.100, 0.500, -0.008, 0.665, 0.064
94.980, -0.100, 0.500, -0.001, 0.670, 0.061
95.000, -0.100, 0.500, 0.007, 0.675, 0.058
95.020, -0.100, 0.500, 0.015, 0.679, 0.055
95.040, -0.100, 0.500, 0.022, 0.682, 0.054
95.060, -0.100, 0.500, 0.027, 0.684, 0.055
95.080, -0.100, 0.500, 0.029, 0.685, 0.057
95.100, -0.100, 0.500, 0.029, 0.684, 0.061
95.120, -0.100, 0.500, 0.028, 0.682, 0.067
95.140, -0.100, 0.500, 0.025, 0.678, 0.076
95.160, -0.100, 0.500, 0.022, 0.674, 0.085
95.180, -0.100, 0.500, 0.017, 0.668, 0.091
95.200, -0.100, 0.500, 0.012, 0.661, 0.093
95.220, -0.100, 0.500, 0.005, 0.656, 0.091
95.240, -0.100, 0.500, -0.003, 0.653, 0.087
95.260, -0.100, 0.500, -0.011, 0.654, 0.083
95.280, -0.100, 0.500, -0.016, 0.658, 0.079
95.300, -0.100, 0.500, -0.020, 0.664, 0.077
95.320, -0.100, 0.500, -0.022, 0.671, 0.077
95.340, -0.100, 0.500, -0.022, 0.680, 0.078
95.360, -0.100, 0.500, -0.021, 0.689, 0.081
95.380, -0.100, 0.500, -0.021, 0.700, 0.084
95.400, -0.100, 0.500, -0.021, 0.710, 0.087
95.420, -0.100, 0.500, -0.021, 0.722, 0.090
95.440, -0.100, 0.500, -0.023, 0.733, 0.092
95.460, -0.100, 0.500, -0.026, 0.745, 0.094
95.480, -0.100, 0.500, -0.030, 0.756, 0.094
95.500, -0.100, 0.500, -0.035, 0.768, 0.093
95.520, -0.100, 0.500, -0.040, 0.779, 0.091
95.540, -0.100, 0.500, -0.044, 0.790, 0.089
95.560, -0.100, 0.500, -0.049, 0.801, 0.085
95.580, -0.100, 0.500, -0.054, 0.810, 0.081
95.600, -0.100, 0.500, -0.059, 0.819, 0.075
95.620, -0.100, 0.500, -0.064, 0.826, 0.069
95.640, -0.100, 0.500, -0.070, 0.832, 0.063
95.660, -0.100, 0.500, -0.075, 0.838, 0.055
95.680, -0.100, 0.500, -0.081, 0.842, 0.049
95.700, -0.100, 0.500, -0.085, 0.844, 0.046
95.720, -0.100, 0.500, -0.087, 0.844, 0.046
95.740, -0.100, 0.500, -0.089, 0.843, 0.048
95.760, -0.100, 0.500, -0.089, 0.840, 0.053
95.780, -0.100, 0.500, -0.089, 0.836, 0.059
95.800, -0.100, 0.500, -0.088, 0.831, 0.068
95.820, -0.100, 0.500, -0.086, 0.825, 0.078
95.840, -0.100, 0.500, -0.084, 0.818, 0.082
95.860, -0.100, 0.500, -0.080, 0.811, 0.080
95.880, -0.100, 0.500, -0.073, 0.806, 0.075
95.900, -0.100, 0.500, -0.066, 0.806, 0.068
95.920, -0.100, 0.500, -0.058, 0.810, 0.061
95.940, -0.100, 0.500, -0.053, 0.817, 0.057
95.960, -0.100, 0.500, -0.050, 0.827, 0.053
95.980, -0.100, 0.500, -0.050, 0.837, 0.052
96.000, -0.100, 0.500, -0.051, 0.849, 0.053
96.020, -0.100, 0.500, -0.052, 0.862, 0.055
96.040, -0.100, 0.500, -0.053, 0.875, 0.058
96.060, -0.100, 0.500, -0.053, 0.889, 0.061
96.080, -0.100, 0.500, -0.051, 0.903, 0.062
96.100, -0.100, 0.500, -0.048, 0.918, 0.063
96.120, -0.100, 0.500, -0.043, 0.932, 0.061
96.140, -0.100, 0.500, -0.038, 0.947, 0.059
96.160, -0.100, 0.500, -0.031, 0.961, 0.056
96.180, -0.100, 0.500, -0.024, 0.976, 0.051
96.200, -0.100, 0.500, -0.017, 0.989, 0.044
96.220, -0.100, 0.500, -0.010, 1.001, 0.038
96.240, -0.100, 0.500, -0.004, 1.010, 0.033
96.260, -0.100, 0.500, -0.001, 1.013, 0.037
96.280, -0.100, 0.500, 0.001, 1.012, 0.043
98.320, -0.000, 0.500, 0.000, 0.000, 0.175
98.340, -0.000, 0.500, 0.001, -0.000, 0.162
98.360, -0.000, 0.500, 0.003, -0.000, 0.143
98.380, -0.000, 0.500, 0.006, 0.000, 0.125
98.400, -0.000, 0.500, 0.008, 0.001, 0.102
98.420, -0.000, 0.500, 0.010, 0.002, 0.081
98.440, -0.000, 0.500, 0.012, 0.004, 0.066
98.460, -0.000, 0.500, 0.012, 0.007, 0.055
98.480, -0.000, 0.500, 0.013, 0.011, 0.051
98.500, -0.000, 0.500, 0.015, 0.015, 0.053
98.520, -0.000, 0.500, 0.016, 0.017, 0.059
98.540, -0.000, 0.500, 0.018, 0.020, 0.070
98.560, -0.000, 0.500, 0.020, 0.021, 0.081
98.580, -0.000, 0.500, 0.020, 0.020, 0.089
98.600, -0.000, 0.500, 0.019, 0.018, 0.091
98.620, -0.000, 0.500, 0.015, 0.017, 0.089
98.640, -0.000, 0.500, 0.009, 0.019, 0.085
98.660, -0.000, 0.500, 0.003, 0.024, 0.080
98.680, -0.000, 0.500, -0.003, 0.032, 0.076
98.700, -0.000, 0.500, -0.006, 0.042, 0.072
98.720, -0.000, 0.500, -0.007, 0.054, 0.070
98.740, -0.000, 0.500, -0.007, 0.068, 0.069
98.760, -0.000, 0.500, -0.007, 0.081, 0.069
98.780, -0.000, 0.500, -0.006, 0.095, 0.069
98.800, -0.000, 0.500, -0.007, 0.109, 0.068
98.820, -0.000, 0.500, -0.010, 0.123, 0.067
98.840, -0.000, 0.500, -0.014, 0.136, 0.063
98.860, -0.000, 0.500, -0.020, 0.149, 0.058
98.880, -0.000, 0.500, -0.026, 0.161, 0.052
98.900, -0.000, 0.500, -0.033, 0.173, 0.044
98.920, -0.000, 0.500, -0.040, 0.183, 0.036
98.940, -0.000, 0.500, -0.043, 0.190, 0.035
98.960, -0.000, 0.500, -0.046, 0.192, 0.041
98.980, -0.000, 0.500, -0.048, 0.191, 0.044
99.000, -0.000, 0.500, -0.048, 0.189, 0.046
99.020, -0.000, 0.500, -0.047, 0.185, 0.046
99.040, -0.000, 0.500, -0.046, 0.180, 0.045
99.060, -0.000, 0.500, -0.045, 0.175, 0.045
99.080, -0.000, 0.500, -0.044, 0.170, 0.045
99.100, -0.000, 0.500, -0.044, 0.166, 0.046
99.120, -0.000, 0.500, -0.044, 0.163, 0.048
99.140, -0.000, 0.500, -0.045, 0.160, 0.052
99.160, -0.000, 0.500, -0.046, 0.159, 0.055
99.180, -0.000, 0.500, -0.047, 0.157, 0.061
99.200, -0.000, 0.500, -0.048, 0.156, 0.067
99.220, -0.000, 0.500, -0.049, 0.154, 0.072
99.240, -0.000, 0.500, -0.048, 0.151, 0.073
99.260, -0.000, 0.500, -0.046, 0.148, 0.070
99.280, -0.000, 0.500, -0.042, 0.148, 0.064
99.300, -0.000, 0.500, -0.036, 0.150, 0.059
99.320, -0.000, 0.500, -0.031, 0.155, 0.055
99.340, -0.000, 0.500, -0.028, 0.161, 0.054
99.360, -0.000, 0.500, -0.026, 0.169, 0.054
99.380, -0.000, 0.500, -0.026, 0.178, 0.057
99.400, -0.000, 0.500, -0.027, 0.187, 0.062
99.420, -0.000, 0.500, -0.029, 0.197, 0.067
99.440, -0.000, 0.500, -0.030, 0.206, 0.073
99.460, -0.000, 0.500, -0.031, 0.216, 0.079
99.480, -0.000, 0.500, -0.031, 0.226, 0.084
99.500, -0.000, 0.500, -0.029, 0.236, 0.088
99.520, -0.000, 0.500, -0.027, 0.245, 0.091
99.540, -0.000, 0.500, -0.023, 0.254, 0.094
99.560, -0.000, 0.500, -0.019, 0.263, 0.095
99.580, -0.000, 0.500, -0.015, 0.270, 0.096
99.600, -0.000, 0.500, -0.010, 0.278, 0.097
99.620, -0.000, 0.500, -0.006, 0.284, 0.098
99.640, -0.000, 0.500, -0.001, 0.289, 0.098
99.660, -0.000, 0.500, 0.004, 0.294, 0.098
99.680, -0.000, 0.500, 0.008, 0.297, 0.097
99.700, -0.000, 0.500, 0.013, 0.300, 0.096
99.720, -0.000, 0.500, 0.018, 0.302, 0.095
99.740, -0.000, 0.500, 0.023, 0.304, 0.093
99.760, -0.000, 0.500, 0.028, 0.305, 0.091
99.780, -0.000, 0.500, 0.033, 0.307, 0.090
99.800, -0.000, 0.500, 0.038, 0.308, 0.088
99.820, -0.000, 0.500, 0.044, 0.309, 0.086
99.840, -0.000, 0.500, 0.047, 0.309, 0.089
99.860, -0.000, 0.500, 0.049, 0.310, 0.095
99.880, -0.000, 0.500, 0.049, 0.309, 0.101
99.900, -0.000, 0.500, 0.048, 0.308, 0.102
99.920, -0.000, 0.500, 0.046, 0.306, 0.098
99.940, -0.000, 0.500, 0.042, 0.306, 0.091
99.960, -0.000, 0.500, 0.038, 0.308, 0.083
99.980, -0.000, 0.500, 0.034, 0.313, 0.077
100.000, -0.000, 0.500, 0.031, 0.320, 0.072
100.020, -0.000, 0.500, 0.031, 0.328, 0.070
100.040, -0.000, 0.500, 0.032, 0.337, 0.070
100.060, -0.000, 0.500, 0.033, 0.348, 0.070
100.080, -0.000, 0.500, 0.035, 0.360, 0.071
100.100, -0.000, 0.500, 0.036, 0.373, 0.072
100.120, -0.000, 0.500, 0.036, 0.386, 0.072
100.140, -0.000, 0.500, 0.035, 0.400, 0.070
100.160, -0.000, 0.500, 0.033, 0.413, 0.066
100.180, -0.000, 0.500, 0.030, 0.426, 0.062
100.200, -0.000, 0.500, 0.026, 0.439, 0.055
100.220, -0.000, 0.500, 0.021, 0.450, 0.047
100.240, -0.000, 0.500, 0.016, 0.460, 0.038
100.260, -0.000, 0.500, 0.014, 0.469, 0.035
100.280, -0.000, 0.500, 0.011, 0.471, 0.040
100.300, -0.000, 0.500, 0.009, 0.469, 0.044
100.320, -0.000, 0.500, 0.008, 0.466, 0.047
100.340, -0.000, 0.500, 0.008, 0.462, 0.049
100.360, -0.000, 0.500, 0.009, 0.456, 0.050
100.380, -0.000, 0.500, 0.010, 0.451, 0.050
100.400, -0.000, 0.500, 0.010, 0.446, 0.050
100.420, -0.000, 0.500, 0.010, 0.441, 0.052
100.440, -0.000, 0.500, 0.010, 0.438, 0.054
100.460, -0.000, 0.500, 0.009, 0.436, 0.057
100.480, -0.000, 0.500, 0.008, 0.434, 0.060
100.500, -0.000, 0.500, 0.006, 0.433, 0.066
100.520, -0.000, 0.500, 0.005, 0.431, 0.071
100.540, -0.000, 0.500, 0.004, 0.429, 0.074
100.560, -0.000, 0.500, 0.005, 0.426, 0.073
100.580, -0.000, 0.500, 0.008, 0.423, 0.068
100.600, -0.000, 0.500, 0.013, 0.423, 0.061
100.620, -0.000, 0.500, 0.018, 0.426, 0.056
100.640, -0.000, 0.500, 0.023, 0.431, 0.052
100.660, -0.000, 0.500, 0.025, 0.437, 0.051
100.680, -0.000, 0.500, 0.026, 0.445, 0.053
100.700, -0.000, 0.500, 0.026, 0.454, 0.056
100.720, -0.000, 0.500, 0.024, 0.463, 0.062
100.740, -0.000, 0.500, 0.023, 0.472, 0.067
100.760, -0.000, 0.500, 0.022, 0.481, 0.073
100.780, -0.000, 0.500, 0.022, 0.491, 0.078
100.800, -0.000, 0.500, 0.023, 0.499, 0.083
100.820, -0.000, 0.500, 0.025, 0.508, 0.086
100.840, -0.000, 0.500, 0.028, 0.516, 0.089
100.860, -0.000, 0.500, 0.032, 0.524, 0.091
100.880, -0.000, 0.500, 0.036, 0.531, 0.093
100.900, -0.000, 0.500, 0.040, 0.538, 0.094
100.920, -0.000, 0.500, 0.045, 0.543, 0.095
100.940, -0.000, 0.500, 0.049, 0.548, 0.095
100.960, -0.000, 0.500, 0.054, 0.551, 0.096
100.980, -0.000, 0.500, 0.058, 0.554, 0.096
101.000, -0.000, 0.500, 0.062, 0.556, 0.096
101.020, -0.000, 0.500, 0.066, 0.557, 0.095
101.040, -0.000, 0.500, 0.071, 0.557, 0.094
101.060, -0.000, 0.500, 0.075, 0.557, 0.093
101.080, -0.000, 0.500, 0.079, 0.556, 0.092
101.100, -0.000, 0.500, 0.084, 0.555, 0.091
101.120, -0.000, 0.500, 0.088, 0.554, 0.089
101.140, -0.000, 0.500, 0.093, 0.553, 0.089
101.160, -0.000, 0.500, 0.096, 0.552, 0.092
101.180, -0.000, 0.500, 0.098, 0.551, 0.098
101.200, -0.000, 0.500, 0.098, 0.550, 0.100
101.220, -0.000, 0.500, 0.097, 0.548, 0.097
101.240, -0.000, 0.500, 0.095, 0.548, 0.090
101.260, -0.000, 0.500, 0.092, 0.549, 0.082
101.280, -0.000, 0.500, 0.089, 0.553, 0.075
101.300, -0.000, 0.500, 0.088, 0.558, 0.070
101.320, -0.000, 0.500, 0.087, 0.565, 0.066
101.340, -0.000, 0.500, 0.088, 0.573, 0.065
101.360, -0.000, 0.500, 0.090, 0.581, 0.065
101.380, -0.000, 0.500, 0.092, 0.591, 0.066
101.400, -0.000, 0.500, 0.094, 0.602, 0.067
101.420, -0.000, 0.500, 0.095, 0.614, 0.067
101.440, -0.000, 0.500, 0.095, 0.626, 0.066
101.460, -0.000, 0.500, 0.093, 0.639, 0.064
101.480, -0.000, 0.500, 0.091, 0.652, 0.060
101.500, -0.000, 0.500, 0.088, 0.664, 0.055
101.520, -0.000, 0.500, 0.085, 0.676, 0.049
101.540, -0.000, 0.500, 0.081, 0.687, 0.041
101.560, -0.000, 0.500, 0.078, 0.697, 0.035
101.580, -0.000, 0.500, 0.075, 0.702, 0.039
101.600, -0.000, 0.500, 0.073, 0.702, 0.045
101.620, -0.000, 0.500, 0.072, 0.700, 0.050
101.640, -0.000, 0.500, 0.072, 0.696, 0.053
101.660, -0.000, 0.500, 0.073, 0.690, 0.054
101.680, -0.000, 0.500, 0.074, 0.684, 0.055
101.700, -0.000, 0.500, 0.074, 0.678, 0.056
101.720, -0.000, 0.500, 0.073, 0.673, 0.057
101.740, -0.000, 0.500, 0.072, 0.669, 0.059
101.760, -0.000, 0.500, 0.071, 0.666, 0.061
101.780, -0.000, 0.500, 0.070, 0.664, 0.064
101.800, -0.000, 0.500, 0.069, 0.662, 0.068
101.820, -0.000, 0.500, 0.067, 0.661, 0.074
101.840, -0.000, 0.500, 0.066, 0.659, 0.078
101.860, -0.000, 0.500, 0.065, 0.656, 0.078
101.880, -0.000, 0.500, 0.067, 0.653, 0.074
101.900, -0.000, 0.500, 0.070, 0.651, 0.068
101.920, -0.000, 0.500, 0.075, 0.652, 0.061
101.940, -0.000, 0.500, 0.078, 0.655, 0.058
101.960, -0.000, 0.500, 0.081, 0.661, 0.056
101.980, -0.000, 0.500, 0.082, 0.668, 0.057
102.000, -0.000, 0.500, 0.082, 0.675, 0.060
102.020, -0.000, 0.500, 0.081, 0.683, 0.065
102.040, -0.000, 0.500, 0.080, 0.691, 0.070
102.060, -0.000, 0.500, 0.079, 0.700, 0.076
102.080, -0.000, 0.500, 0.078, 0.708, 0.081
102.100, -0.000, 0.500, 0.078, 0.716, 0.086
102.120, -0.000, 0.500, 0.080, 0.724, 0.089
102.140, -0.000, 0.500, 0.081, 0.731, 0.093
102.160, -0.000, 0.500, 0.084, 0.737, 0.095
102.180, -0.000, 0.500, 0.087, 0.743, 0.097
102.200, -0.000, 0.500, 0.090, 0.748, 0.099
102.220, -0.000, 0.500, 0.093, 0.751, 0.100
102.240, -0.000, 0.500, 0.097, 0.754, 0.102
102.260, -0.000, 0.500, 0.100, 0.756, 0.103
102.280, -0.000, 0.500, 0.103, 0.757, 0.104
102.300, -0.000, 0.500, 0.106, 0.757, 0.104
104.340, 0.100, 0.500, 0.000, 0.000, 0.175
104.360, 0.100, 0.500, 0.001, -0.000, 0.162
104.380, 0.100, 0.500, 0.003, -0.000, 0.144
104.400, 0.100, 0.500, 0.005, -0.000, 0.125
104.420, 0.100, 0.500, 0.008, 0.001, 0.102
104.440, 0.100, 0.500, 0.011, 0.001, 0.082
104.460, 0.100, 0.500, 0.013, 0.003, 0.067
104.480, 0.100, 0.500, 0.014, 0.006, 0.056
104.500, 0.100, 0.500, 0.016, 0.011, 0.052
104.520, 0.100, 0.500, 0.018, 0.013, 0.054
104.540, 0.100, 0.500, 0.020, 0.016, 0.060
104.560, 0.100, 0.500, 0.022, 0.018, 0.071
104.580, 0.100, 0.500, 0.023, 0.019, 0.082
104.600, 0.100, 0.500, 0.023, 0.019, 0.090
104.620, 0.100, 0.500, 0.021, 0.018, 0.091
104.640, 0.100, 0.500, 0.017, 0.018, 0.088
104.660, 0.100, 0.500, 0.011, 0.020, 0.084
104.680, 0.100, 0.500, 0.006, 0.026, 0.079
104.700, 0.100, 0.500, 0.002, 0.035, 0.074
104.720, 0.100, 0.500, 0.001, 0.047, 0.070
104.740, 0.100, 0.500, 0.001, 0.060, 0.066
104.760, 0.100, 0.500, 0.003, 0.074, 0.065
104.780, 0.100, 0.500, 0.004, 0.089, 0.064
104.800, 0.100, 0.500, 0.006, 0.103, 0.064
104.820, 0.100, 0.500, 0.005, 0.118, 0.063
104.840, 0.100, 0.500, 0.003, 0.132, 0.060
104.860, 0.100, 0.500, -0.000, 0.145, 0.056
104.880, 0.100, 0.500, -0.006, 0.158, 0.049
104.900, 0.100, 0.500, -0.012, 0.170, 0.041
104.920, 0.100, 0.500, -0.017, 0.180, 0.034
104.940, 0.100, 0.500, -0.020, 0.185, 0.037
104.960, 0.100, 0.500, -0.024, 0.186, 0.042
104.980, 0.100, 0.500, -0.026, 0.185, 0.045
105.000, 0.100, 0.500, -0.026, 0.182, 0.047
105.020, 0.100, 0.500, -0.026, 0.178, 0.047
105.040, 0.100, 0.500, -0.025, 0.173, 0.046
105.060, 0.100, 0.500, -0.023, 0.168, 0.046
105.080, 0.100, 0.500, -0.021, 0.163, 0.046
105.100, 0.100, 0.500, -0.019, 0.158, 0.048
105.120, 0.100, 0.500, -0.019, 0.155, 0.050
105.140, 0.100, 0.500, -0.018, 0.152, 0.053
105.160, 0.100, 0.500, -0.018, 0.150, 0.057
105.180, 0.100, 0.500, -0.019, 0.149, 0.062
105.200, 0.100, 0.500, -0.020, 0.148, 0.067
105.220, 0.100, 0.500, -0.021, 0.146, 0.073
105.240, 0.100, 0.500, -0.022, 0.144, 0.079
105.260, 0.100, 0.500, -0.022, 0.141, 0.079
105.280, 0.100, 0.500, -0.020, 0.138, 0.075
105.300, 0.100, 0.500, -0.015, 0.137, 0.070
105.320, 0.100, 0.500, -0.009, 0.138, 0.063
105.340, 0.100, 0.500, -0.005, 0.142, 0.059
105.360, 0.100, 0.500, -0.002, 0.147, 0.057
105.380, 0.100, 0.500, -0.000, 0.153, 0.057
105.400, 0.100, 0.500, 0.000, 0.159, 0.060
105.420, 0.100, 0.500, -0.001, 0.166, 0.064
105.440, 0.100, 0.500, -0.002, 0.172, 0.070
105.460, 0.100, 0.500, -0.003, 0.179, 0.076
105.480, 0.100, 0.500, -0.004, 0.185, 0.082
105.500, 0.100, 0.500, -0.003, 0.192, 0.088
105.520, 0.100, 0.500, -0.002, 0.198, 0.093
105.540, 0.100, 0.500, 0.000, 0.204, 0.097
105.560, 0.100, 0.500, 0.003, 0.210, 0.100
105.580, 0.100, 0.500, 0.006, 0.216, 0.103
105.600, 0.100, 0.500, 0.009, 0.221, 0.105
105.620, 0.100, 0.500, 0.012, 0.226, 0.106
105.640, 0.100, 0.500, 0.015, 0.230, 0.107
105.660, 0.100, 0.500, 0.018, 0.234, 0.108
105.680, 0.100, 0.500, 0.021, 0.237, 0.109
105.700, 0.100, 0.500, 0.024, 0.239, 0.109
105.720, 0.100, 0.500, 0.026, 0.240, 0.108
105.740, 0.100, 0.500, 0.029, 0.240, 0.107
105.760, 0.100, 0.500, 0.032, 0.240, 0.106
105.780, 0.100, 0.500, 0.035, 0.240, 0.105
105.800, 0.100, 0.500, 0.038, 0.239, 0.103
105.820, 0.100, 0.500, 0.041, 0.237, 0.102
105.840, 0.100, 0.500, 0.045, 0.236, 0.101
105.860, 0.100, 0.500, 0.048, 0.234, 0.100
105.880, 0.100, 0.500, 0.052, 0.233, 0.099
105.900, 0.100, 0.500, 0.054, 0.231, 0.099
105.920, 0.100, 0.500, 0.056, 0.229, 0.096
105.940, 0.100, 0.500, 0.056, 0.229, 0.090
105.960, 0.100, 0.500, 0.056, 0.230, 0.081
105.980, 0.100, 0.500, 0.055, 0.232, 0.072
106.000, 0.100, 0.500, 0.054, 0.236, 0.065
106.020, 0.100, 0.500, 0.054, 0.241, 0.059
106.040, 0.100, 0.500, 0.054, 0.247, 0.056
106.060, 0.100, 0.500, 0.054, 0.255, 0.053
106.080, 0.100, 0.500, 0.054, 0.263, 0.052
106.100, 0.100, 0.500, 0.054, 0.273, 0.050
106.120, 0.100, 0.500, 0.054, 0.282, 0.048
106.140, 0.100, 0.500, 0.053, 0.292, 0.047
106.160, 0.100, 0.500, 0.051, 0.301, 0.045
106.180, 0.100, 0.500, 0.048, 0.310, 0.043
106.200, 0.100, 0.500, 0.044, 0.318, 0.040
106.220, 0.100, 0.500, 0.040, 0.326, 0.038
106.240, 0.100, 0.500, 0.038, 0.332, 0.037
106.260, 0.100, 0.500, 0.036, 0.334, 0.039
106.280, 0.100, 0.500, 0.035, 0.334, 0.042
106.300, 0.100, 0.500, 0.035, 0.332, 0.044
106.320, 0.100, 0.500, 0.035, 0.329, 0.047
106.340, 0.100, 0.500, 0.036, 0.325, 0.050
106.360, 0.100, 0.500, 0.036, 0.320, 0.053
106.380, 0.100, 0.500, 0.037, 0.315, 0.057
106.400, 0.100, 0.500, 0.037, 0.310, 0.060
106.420, 0.100, 0.500, 0.038, 0.306, 0.064
106.440, 0.100, 0.500, 0.038, 0.302, 0.067
106.460, 0.100, 0.500, 0.038, 0.299, 0.069
106.480, 0.100, 0.500, 0.038, 0.296, 0.072
106.500, 0.100, 0.500, 0.038, 0.294, 0.076
106.520, 0.100, 0.500, 0.037, 0.292, 0.080
106.540, 0.100, 0.500, 0.036, 0.290, 0.084
106.560, 0.100, 0.500, 0.035, 0.287, 0.086
106.580, 0.100, 0.500, 0.036, 0.284, 0.084
106.600, 0.100, 0.500, 0.038, 0.282, 0.078
106.620, 0.100, 0.500, 0.041, 0.281, 0.073
106.640, 0.100, 0.500, 0.044, 0.283, 0.068
106.660, 0.100, 0.500, 0.046, 0.286, 0.065
106.680, 0.100, 0.500, 0.048, 0.290, 0.064
106.700, 0.100, 0.500, 0.049, 0.295, 0.066
106.720, 0.100, 0.500, 0.049, 0.301, 0.069
106.740, 0.100, 0.500, 0.048, 0.307, 0.073
106.760, 0.100, 0.500, 0.048, 0.313, 0.078
106.780, 0.100, 0.500, 0.048, 0.319, 0.083
106.800, 0.100, 0.500, 0.048, 0.325, 0.088
106.820, 0.100, 0.500, 0.049, 0.332, 0.092
106.840, 0.100, 0.500, 0.050, 0.338, 0.096
106.860, 0.100, 0.500, 0.052, 0.344, 0.099
106.880, 0.100, 0.500, 0.055, 0.349, 0.101
106.900, 0.100, 0.500, 0.058, 0.354, 0.103
106.920, 0.100, 0.500, 0.060, 0.359, 0.105
106.940, 0.100, 0.500, 0.063, 0.363, 0.106
106.960, 0.100, 0.500, 0.066, 0.367, 0.107
106.980, 0.100, 0.500, 0.068, 0.369, 0.107
107.000, 0.100, 0.500, 0.071, 0.371, 0.108
107.020, 0.100, 0.500, 0.073, 0.372, 0.107
107.040, 0.100, 0.500, 0.075, 0.373, 0.107
107.060, 0.100, 0.500, 0.078, 0.372, 0.106
107.080, 0.100, 0.500, 0.080, 0.371, 0.105
107.100, 0.100, 0.500, 0.083, 0.370, 0.103
107.120, 0.100, 0.500, 0.085, 0.368, 0.101
107.140, 0.100, 0.500, 0.088, 0.366, 0.100
107.160, 0.100, 0.500, 0.091, 0.364, 0.099
107.180, 0.100, 0.500, 0.094, 0.362, 0.098
107.200, 0.100, 0.500, 0.096, 0.360, 0.098
107.220, 0.100, 0.500, 0.097, 0.357, 0.098
107.240, 0.100, 0.500, 0.098, 0.356, 0.095
107.260, 0.100, 0.500, 0.098, 0.356, 0.087
107.280, 0.100, 0.500, 0.097, 0.357, 0.077
107.300, 0.100, 0.500, 0.096, 0.360, 0.069
107.320, 0.100, 0.500, 0.096, 0.364, 0.062
107.340, 0.100, 0.500, 0.096, 0.370, 0.058
107.360, 0.100, 0.500, 0.097, 0.377, 0.056
107.380, 0.100, 0.500, 0.098, 0.384, 0.054
107.400, 0.100, 0.500, 0.099, 0.393, 0.053
107.420, 0.100, 0.500, 0.100, 0.403, 0.052
107.440, 0.100, 0.500, 0.100, 0.413, 0.051
107.460, 0.100, 0.500, 0.099, 0.424, 0.050
107.480, 0.100, 0.500, 0.097, 0.434, 0.048
107.500, 0.100, 0.500, 0.095, 0.444, 0.045
107.520, 0.100, 0.500, 0.093, 0.453, 0.042
107.540, 0.100, 0.500, 0.090, 0.461, 0.039
107.560, 0.100, 0.500, 0.087, 0.467, 0.038
107.580, 0.100, 0.500, 0.086, 0.470, 0.040
107.600, 0.100, 0.500, 0.085, 0.470, 0.043
107.620, 0.100, 0.500, 0.085, 0.468, 0.046
107.640, 0.100, 0.500, 0.085, 0.464, 0.050
107.660, 0.100, 0.500, 0.086, 0.459, 0.053
107.680, 0.100, 0.500, 0.086, 0.453, 0.057
107.700, 0.100, 0.500, 0.086, 0.447, 0.060
107.720, 0.100, 0.500, 0.086, 0.442, 0.064
107.740, 0.100, 0.500, 0.086, 0.437, 0.067
107.760, 0.100, 0.500, 0.086, 0.432, 0.070
107.780, 0.100, 0.500, 0.086, 0.429, 0.073
107.800, 0.100, 0.500, 0.085, 0.426, 0.076
107.820, 0.100, 0.500, 0.084, 0.423, 0.079
107.840, 0.100, 0.500, 0.083, 0.421, 0.084
107.860, 0.100, 0.500, 0.082, 0.419, 0.087
107.880, 0.100, 0.500, 0.082, 0.416, 0.087
107.900, 0.100, 0.500, 0.082, 0.413, 0.082
107.920, 0.100, 0.500, 0.085, 0.411, 0.076
107.940, 0.100, 0.500, 0.087, 0.412, 0.071
107.960, 0.100, 0.500, 0.090, 0.414, 0.067
107.980, 0.100, 0.500, 0.092, 0.418, 0.065
108.000, 0.100, 0.500, 0.093, 0.422, 0.065
108.020, 0.100, 0.500, 0.094, 0.428, 0.068
108.040, 0.100, 0.500, 0.094, 0.434, 0.072
108.060, 0.100, 0.500, 0.093, 0.440, 0.076
108.080, 0.100, 0.500, 0.093, 0.446, 0.082
108.100, 0.100, 0.500, 0.093, 0.452, 0.087
108.120, 0.100, 0.500, 0.094, 0.458, 0.091
108.140, 0.100, 0.500, 0.095, 0.464, 0.095
108.160, 0.100, 0.500, 0.096, 0.469, 0.099
108.180, 0.100, 0.500, 0.098, 0.475, 0.101
108.200, 0.100, 0.500, 0.101, 0.479, 0.103
108.220, 0.100, 0.500, 0.103, 0.484, 0.105
108.240, 0.100, 0.500, 0.105, 0.487, 0.106
108.260, 0.100, 0.500, 0.108, 0.490, 0.107
108.280, 0.100, 0.500, 0.110, 0.492, 0.108
108.300, 0.100, 0.500, 0.112, 0.493, 0.109
108.320, 0.100, 0.500, 0.114, 0.494, 0.109
110.360, 0.200, 0.500, 0.000, 0.000, 0.175
110.380, 0.200, 0.500, 0.001, -0.000, 0.162
110.400, 0.200, 0.500, 0.002, -0.001, 0.144
110.420, 0.200, 0.500, 0.005, -0.000, 0.125
110.440, 0.200, 0.500, 0.008, 0.000, 0.103
110.460, 0.200, 0.500, 0.010, 0.001, 0.082
110.480, 0.200, 0.500, 0.012, 0.004, 0.067
110.500, 0.200, 0.500, 0.015, 0.007, 0.057
110.520, 0.200, 0.500, 0.018, 0.010, 0.054
110.540, 0.200, 0.500, 0.021, 0.013, 0.056
110.560, 0.200, 0.500, 0.023, 0.016, 0.063
110.580, 0.200, 0.500, 0.025, 0.018, 0.073
110.600, 0.200, 0.500, 0.026, 0.019, 0.084
110.620, 0.200, 0.500, 0.025, 0.019, 0.090
110.640, 0.200, 0.500, 0.023, 0.018, 0.090
110.660, 0.200, 0.500, 0.019, 0.019, 0.087
110.680, 0.200, 0.500, 0.013, 0.022, 0.082
110.700, 0.200, 0.500, 0.009, 0.029, 0.078
110.720, 0.200, 0.500, 0.007, 0.038, 0.072
110.740, 0.200, 0.500, 0.007, 0.051, 0.067
110.760, 0.200, 0.500, 0.011, 0.065, 0.064
110.780, 0.200, 0.500, 0.016, 0.081, 0.061
110.800, 0.200, 0.500, 0.021, 0.098, 0.058
110.820, 0.200, 0.500, 0.025, 0.114, 0.056
110.840, 0.200, 0.500, 0.027, 0.130, 0.054
110.860, 0.200, 0.500, 0.026, 0.144, 0.051
110.880, 0.200, 0.500, 0.023, 0.156, 0.047
110.900, 0.200, 0.500, 0.019, 0.166, 0.042
110.920, 0.200, 0.500, 0.013, 0.176, 0.036
110.940, 0.200, 0.500, 0.010, 0.181, 0.037
110.960, 0.200, 0.500, 0.007, 0.181, 0.043
110.980, 0.200, 0.500, 0.005, 0.179, 0.045
111.000, 0.200, 0.500, 0.003, 0.175, 0.047
111.020, 0.200, 0.500, 0.001, 0.171, 0.048
111.040, 0.200, 0.500, 0.001, 0.166, 0.047
111.060, 0.200, 0.500, 0.002, 0.161, 0.047
111.080, 0.200, 0.500, 0.004, 0.156, 0.048
111.100, 0.200, 0.500, 0.005, 0.152, 0.050
111.120, 0.200, 0.500, 0.006, 0.149, 0.052
111.140, 0.200, 0.500, 0.007, 0.147, 0.055
111.160, 0.200, 0.500, 0.008, 0.145, 0.058
111.180, 0.200, 0.500, 0.007, 0.144, 0.062
111.200, 0.200, 0.500, 0.007, 0.143, 0.067
111.220, 0.200, 0.500, 0.006, 0.141, 0.072
111.240, 0.200, 0.500, 0.004, 0.140, 0.078
111.260, 0.200, 0.500, 0.003, 0.137, 0.082
111.280, 0.200, 0.500, 0.003, 0.133, 0.083
111.300, 0.200, 0.500, 0.005, 0.130, 0.079
111.320, 0.200, 0.500, 0.010, 0.128, 0.072
111.340, 0.200, 0.500, 0.015, 0.128, 0.067
111.360, 0.200, 0.500, 0.019, 0.131, 0.062
111.380, 0.200, 0.500, 0.022, 0.134, 0.059
111.400, 0.200, 0.500, 0.023, 0.139, 0.060
111.420, 0.200, 0.500, 0.022, 0.144, 0.062
111.440, 0.200, 0.500, 0.021, 0.150, 0.068
111.460, 0.200, 0.500, 0.020, 0.155, 0.074
111.480, 0.200, 0.500, 0.019, 0.160, 0.081
111.500, 0.200, 0.500, 0.018, 0.165, 0.087
111.520, 0.200, 0.500, 0.019, 0.170, 0.092
111.540, 0.200, 0.500, 0.020, 0.174, 0.097
111.560, 0.200, 0.500, 0.021, 0.179, 0.101
111.580, 0.200, 0.500, 0.024, 0.183, 0.104
111.600, 0.200, 0.500, 0.026, 0.188, 0.107
111.620, 0.200, 0.500, 0.029, 0.192, 0.109
111.640, 0.200, 0.500, 0.031, 0.195, 0.110
111.660, 0.200, 0.500, 0.033, 0.198, 0.111
111.680, 0.200, 0.500, 0.035, 0.200, 0.112
111.700, 0.200, 0.500, 0.037, 0.201, 0.112
111.720, 0.200, 0.500, 0.038, 0.202, 0.112
111.740, 0.200, 0.500, 0.040, 0.202, 0.111
111.760, 0.200, 0.500, 0.042, 0.202, 0.110
111.780, 0.200, 0.500, 0.044, 0.201, 0.109
111.800, 0.200, 0.500, 0.046, 0.200, 0.107
111.820, 0.200, 0.500, 0.048, 0.198, 0.105
111.840, 0.200, 0.500, 0.051, 0.196, 0.103
111.860, 0.200, 0.500, 0.053, 0.194, 0.101
111.880, 0.200, 0.500, 0.055, 0.192, 0.100
111.900, 0.200, 0.500, 0.058, 0.190, 0.099
111.920, 0.200, 0.500, 0.061, 0.189, 0.095
111.940, 0.200, 0.500, 0.062, 0.187, 0.090
111.960, 0.200, 0.500, 0.064, 0.188, 0.083
111.980, 0.200, 0.500, 0.065, 0.190, 0.074
112.000, 0.200, 0.500, 0.065, 0.193, 0.065
112.020, 0.200, 0.500, 0.065, 0.197, 0.058
112.040, 0.200, 0.500, 0.065, 0.203, 0.052
112.060, 0.200, 0.500, 0.065, 0.209, 0.049
112.080, 0.200, 0.500, 0.065, 0.215, 0.047
112.100, 0.200, 0.500, 0.064, 0.222, 0.048
112.120, 0.200, 0.500, 0.063, 0.228, 0.048
112.140, 0.200, 0.500, 0.062, 0.234, 0.049
112.160, 0.200, 0.500, 0.061, 0.238, 0.049
112.180, 0.200, 0.500, 0.060, 0.242, 0.050
112.200, 0.200, 0.500, 0.060, 0.244, 0.050
112.220, 0.200, 0.500, 0.060, 0.245, 0.050
112.240, 0.200, 0.500, 0.060, 0.245, 0.050
112.260, 0.200, 0.500, 0.060, 0.243, 0.051
112.280, 0.200, 0.500, 0.061, 0.241, 0.053
112.300, 0.200, 0.500, 0.061, 0.238, 0.055
112.320, 0.200, 0.500, 0.061, 0.235, 0.058
112.340, 0.200, 0.500, 0.061, 0.231, 0.061
112.360, 0.200, 0.500, 0.061, 0.227, 0.065
112.380, 0.200, 0.500, 0.061, 0.223, 0.069
112.400, 0.200, 0.500, 0.061, 0.219, 0.072
112.420, 0.200, 0.500, 0.061, 0.215, 0.075
112.440, 0.200, 0.500, 0.061, 0.211, 0.077
112.460, 0.200, 0.500, 0.061, 0.208, 0.079
112.480, 0.200, 0.500, 0.061, 0.205, 0.081
112.500, 0.200, 0.500, 0.061, 0.203, 0.084
112.520, 0.200, 0.500, 0.061, 0.200, 0.086
112.540, 0.200, 0.500, 0.060, 0.198, 0.090
112.560, 0.200, 0.500, 0.060, 0.197, 0.095
112.580, 0.200, 0.500, 0.059, 0.194, 0.097
112.600, 0.200, 0.500, 0.059, 0.192, 0.095
112.620, 0.200, 0.500, 0.061, 0.191, 0.092
112.640, 0.200, 0.500, 0.063, 0.192, 0.088
112.660, 0.200, 0.500, 0.067, 0.194, 0.085
112.680, 0.200, 0.500, 0.070, 0.197, 0.082
112.700, 0.200, 0.500, 0.073, 0.203, 0.083
112.720, 0.200, 0.500, 0.076, 0.209, 0.084
112.740, 0.200, 0.500, 0.078, 0.217, 0.087
112.760, 0.200, 0.500, 0.080, 0.226, 0.091
112.780, 0.200, 0.500, 0.082, 0.235, 0.096
112.800, 0.200, 0.500, 0.085, 0.245, 0.099
112.820, 0.200, 0.500, 0.088, 0.255, 0.103
112.840, 0.200, 0.500, 0.091, 0.265, 0.105
112.860, 0.200, 0.500, 0.095, 0.275, 0.107
112.880, 0.200, 0.500, 0.100, 0.285, 0.107
112.900, 0.200, 0.500, 0.104, 0.294, 0.107
112.920, 0.200, 0.500, 0.109, 0.304, 0.106
112.940, 0.200, 0.500, 0.113, 0.312, 0.105
112.960, 0.200, 0.500, 0.118, 0.320, 0.103
112.980, 0.200, 0.500, 0.122, 0.327, 0.100
113.000, 0.200, 0.500, 0.126, 0.334, 0.098
113.020, 0.200, 0.500, 0.129, 0.339, 0.094
113.040, 0.200, 0.500, 0.133, 0.344, 0.090
113.060, 0.200, 0.500, 0.137, 0.348, 0.086
113.080, 0.200, 0.500, 0.142, 0.352, 0.081
113.100, 0.200, 0.500, 0.146, 0.356, 0.075
113.120, 0.200, 0.500, 0.150, 0.359, 0.071
113.140, 0.200, 0.500, 0.154, 0.362, 0.072
113.160, 0.200, 0.500, 0.156, 0.363, 0.075
113.180, 0.200, 0.500, 0.158, 0.364, 0.081
113.200, 0.200, 0.500, 0.158, 0.363, 0.088
113.220, 0.200, 0.500, 0.159, 0.361, 0.096
113.240, 0.200, 0.500, 0.158, 0.357, 0.101
113.260, 0.200, 0.500, 0.157, 0.352, 0.101
113.280, 0.200, 0.500, 0.154, 0.347, 0.096
113.300, 0.200, 0.500, 0.151, 0.346, 0.090
113.320, 0.200, 0.500, 0.148, 0.348, 0.083
113.340, 0.200, 0.500, 0.148, 0.353, 0.077
113.360, 0.200, 0.500, 0.151, 0.361, 0.072
113.380, 0.200, 0.500, 0.158, 0.371, 0.069
113.400, 0.200, 0.500, 0.166, 0.383, 0.069
113.420, 0.200, 0.500, 0.175, 0.396, 0.072
113.440, 0.200, 0.500, 0.183, 0.410, 0.076
113.460, 0.200, 0.500, 0.190, 0.424, 0.081
113.480, 0.200, 0.500, 0.196, 0.437, 0.083
113.500, 0.200, 0.500, 0.199, 0.451, 0.083
113.520, 0.200, 0.500, 0.200, 0.463, 0.082
113.540, 0.200, 0.500, 0.200, 0.475, 0.079
113.560, 0.200, 0.500, 0.198, 0.485, 0.074
113.580, 0.200, 0.500, 0.195, 0.494, 0.069
113.600, 0.200, 0.500, 0.191, 0.501, 0.063
113.620, 0.200, 0.500, 0.187, 0.507, 0.058
113.640, 0.200, 0.500, 0.182, 0.510, 0.052
113.660, 0.200, 0.500, 0.178, 0.513, 0.047
113.680, 0.200, 0.500, 0.173, 0.515, 0.043
113.700, 0.200, 0.500, 0.167, 0.516, 0.040
113.720, 0.200, 0.500, 0.165, 0.518, 0.042
113.740, 0.200, 0.500, 0.161, 0.520, 0.046
113.760, 0.200, 0.500, 0.157, 0.520, 0.050
113.780, 0.200, 0.500, 0.154, 0.519, 0.055
113.800, 0.200, 0.500, 0.152, 0.516, 0.060
113.820, 0.200, 0.500, 0.152, 0.513, 0.066
113.840, 0.200, 0.500, 0.152, 0.509, 0.071
113.860, 0.200, 0.500, 0.153, 0.503, 0.078
113.880, 0.200, 0.500, 0.154, 0.497, 0.084
113.900, 0.200, 0.500, 0.156, 0.488, 0.086
113.920, 0.200, 0.500, 0.159, 0.480, 0.082
113.940, 0.200, 0.500, 0.164, 0.473, 0.074
113.960, 0.200, 0.500, 0.170, 0.469, 0.064
113.980, 0.200, 0.500, 0.176, 0.468, 0.056
114.000, 0.200, 0.500, 0.180, 0.469, 0.048
114.020, 0.200, 0.500, 0.183, 0.471, 0.045
114.040, 0.200, 0.500, 0.184, 0.475, 0.044
114.060, 0.200, 0.500, 0.185, 0.479, 0.047
114.080, 0.200, 0.500, 0.186, 0.484, 0.051
114.100, 0.200, 0.500, 0.187, 0.489, 0.057
114.120, 0.200, 0.500, 0.188, 0.493, 0.063
114.140, 0.200, 0.500, 0.190, 0.497, 0.069
114.160, 0.200, 0.500, 0.192, 0.501, 0.075
114.180, 0.200, 0.500, 0.195, 0.506, 0.080
114.200, 0.200, 0.500, 0.198, 0.510, 0.085
114.220, 0.200, 0.500, 0.201, 0.516, 0.089
114.240, 0.200, 0.500, 0.205, 0.521, 0.092
114.260, 0.200, 0.500, 0.208, 0.527, 0.094
114.280, 0.200, 0.500, 0.211, 0.532, 0.096
114.300, 0.200, 0.500, 0.213, 0.537, 0.097
114.320, 0.200, 0.500, 0.216, 0.542, 0.098
114.340, 0.200, 0.500, 0.218, 0.545, 0.098
116.380, 0.300, 0.500, 0.000, 0.000, 0.175
116.400, 0.300, 0.500, 0.001, -0.000, 0.163
116.420, 0.300, 0.500, 0.002, -0.001, 0.145
116.440, 0.300, 0.500, 0.005, -0.001, 0.127
116.460, 0.300, 0.500, 0.007, 0.000, 0.104
116.480, 0.300, 0.500, 0.010, 0.001, 0.084
116.500, 0.300, 0.500, 0.013, 0.003, 0.068
116.520, 0.300, 0.500, 0.016, 0.006, 0.058
116.540, 0.300, 0.500, 0.020, 0.010, 0.054
116.560, 0.300, 0.500, 0.024, 0.012, 0.056
116.580, 0.300, 0.500, 0.026, 0.015, 0.062
116.600, 0.300, 0.500, 0.028, 0.017, 0.072
116.620, 0.300, 0.500, 0.028, 0.019, 0.081
116.640, 0.300, 0.500, 0.027, 0.019, 0.088
116.660, 0.300, 0.500, 0.025, 0.019, 0.088
116.680, 0.300, 0.500, 0.020, 0.020, 0.084
116.700, 0.300, 0.500, 0.016, 0.024, 0.080
116.720, 0.300, 0.500, 0.012, 0.031, 0.074
116.740, 0.300, 0.500, 0.011, 0.041, 0.068
116.760, 0.300, 0.500, 0.013, 0.054, 0.063
116.780, 0.300, 0.500, 0.019, 0.069, 0.059
116.800, 0.300, 0.500, 0.028, 0.086, 0.055
116.820, 0.300, 0.500, 0.036, 0.103, 0.053
116.840, 0.300, 0.500, 0.043, 0.118, 0.050
116.860, 0.300, 0.500, 0.048, 0.134, 0.047
116.880, 0.300, 0.500, 0.049, 0.148, 0.044
116.900, 0.300, 0.500, 0.047, 0.160, 0.040
116.920, 0.300, 0.500, 0.042, 0.171, 0.035
116.940, 0.300, 0.500, 0.038, 0.178, 0.031
116.960, 0.300, 0.500, 0.036, 0.181, 0.034
116.980, 0.300, 0.500, 0.033, 0.180, 0.037
117.000, 0.300, 0.500, 0.029, 0.177, 0.039
117.020, 0.300, 0.500, 0.026, 0.175, 0.039
117.040, 0.300, 0.500, 0.026, 0.172, 0.039
117.060, 0.300, 0.500, 0.027, 0.169, 0.041
117.080, 0.300, 0.500, 0.029, 0.167, 0.043
117.100, 0.300, 0.500, 0.029, 0.164, 0.045
117.120, 0.300, 0.500, 0.030, 0.161, 0.046
117.140, 0.300, 0.500, 0.030, 0.159, 0.048
117.160, 0.300, 0.500, 0.030, 0.156, 0.050
117.180, 0.300, 0.500, 0.029, 0.155, 0.052
117.200, 0.300, 0.500, 0.029, 0.153, 0.055
117.220, 0.300, 0.500, 0.027, 0.151, 0.059
117.240, 0.300, 0.500, 0.026, 0.149, 0.064
117.260, 0.300, 0.500, 0.024, 0.147, 0.069
117.280, 0.300, 0.500, 0.022, 0.143, 0.075
117.300, 0.300, 0.500, 0.022, 0.139, 0.075
117.320, 0.300, 0.500, 0.024, 0.134, 0.072
117.340, 0.300, 0.500, 0.028, 0.132, 0.067
117.360, 0.300, 0.500, 0.034, 0.132, 0.061
117.380, 0.300, 0.500, 0.039, 0.135, 0.056
117.400, 0.300, 0.500, 0.043, 0.139, 0.054
117.420, 0.300, 0.500, 0.044, 0.146, 0.055
117.440, 0.300, 0.500, 0.044, 0.152, 0.059
117.460, 0.300, 0.500, 0.043, 0.159, 0.065
117.480, 0.300, 0.500, 0.041, 0.166, 0.073
117.500, 0.300, 0.500, 0.040, 0.172, 0.081
117.520, 0.300, 0.500, 0.040, 0.178, 0.088
117.540, 0.300, 0.500, 0.041, 0.183, 0.095
117.560, 0.300, 0.500, 0.044, 0.188, 0.100
117.580, 0.300, 0.500, 0.049, 0.192, 0.104
117.600, 0.300, 0.500, 0.054, 0.195, 0.107
117.620, 0.300, 0.500, 0.059, 0.199, 0.110
117.640, 0.300, 0.500, 0.064, 0.201, 0.112
117.660, 0.300, 0.500, 0.068, 0.203, 0.113
117.680, 0.300, 0.500, 0.071, 0.205, 0.114
117.700, 0.300, 0.500, 0.072, 0.206, 0.114
117.720, 0.300, 0.500, 0.074, 0.207, 0.114
117.740, 0.300, 0.500, 0.074, 0.207, 0.114
117.760, 0.300, 0.500, 0.075, 0.207, 0.112
117.780, 0.300, 0.500, 0.076, 0.206, 0.110
117.800, 0.300, 0.500, 0.078, 0.205, 0.108
117.820, 0.300, 0.500, 0.080, 0.204, 0.105
117.840, 0.300, 0.500, 0.083, 0.202, 0.102
117.860, 0.300, 0.500, 0.085, 0.201, 0.099
117.880, 0.300, 0.500, 0.088, 0.199, 0.097
117.900, 0.300, 0.500, 0.091, 0.198, 0.095
117.920, 0.300, 0.500, 0.094, 0.197, 0.092
117.940, 0.300, 0.500, 0.095, 0.195, 0.090
117.960, 0.300, 0.500, 0.096, 0.195, 0.086
117.980, 0.300, 0.500, 0.097, 0.197, 0.079
118.000, 0.300, 0.500, 0.097, 0.200, 0.070
118.020, 0.300, 0.500, 0.097, 0.205, 0.062
118.040, 0.300, 0.500, 0.097, 0.210, 0.055
118.060, 0.300, 0.500, 0.096, 0.216, 0.049
118.080, 0.300, 0.500, 0.096, 0.222, 0.046
118.100, 0.300, 0.500, 0.095, 0.228, 0.045
118.120, 0.300, 0.500, 0.093, 0.234, 0.045
118.140, 0.300, 0.500, 0.092, 0.240, 0.046
118.160, 0.300, 0.500, 0.091, 0.244, 0.046
118.180, 0.300, 0.500, 0.090, 0.248, 0.046
118.200, 0.300, 0.500, 0.089, 0.250, 0.046
118.220, 0.300, 0.500, 0.089, 0.251, 0.047
118.240, 0.300, 0.500, 0.089, 0.251, 0.047
118.260, 0.300, 0.500, 0.090, 0.250, 0.048
118.280, 0.300, 0.500, 0.090, 0.249, 0.049
118.300, 0.300, 0.500, 0.091, 0.246, 0.051
118.320, 0.300, 0.500, 0.091, 0.243, 0.053
118.340, 0.300, 0.500, 0.092, 0.240, 0.056
118.360, 0.300, 0.500, 0.092, 0.236, 0.060
118.380, 0.300, 0.500, 0.092, 0.233, 0.064
118.400, 0.300, 0.500, 0.093, 0.229, 0.068
118.420, 0.300, 0.500, 0.093, 0.225, 0.071
118.440, 0.300, 0.500, 0.094, 0.221, 0.074
118.460, 0.300, 0.500, 0.094, 0.218, 0.076
118.480, 0.300, 0.500, 0.095, 0.215, 0.078
118.500, 0.300, 0.500, 0.095, 0.212, 0.080
118.520, 0.300, 0.500, 0.095, 0.210, 0.083
118.540, 0.300, 0.500, 0.095, 0.208, 0.086
118.560, 0.300, 0.500, 0.095, 0.206, 0.090
118.580, 0.300, 0.500, 0.095, 0.204, 0.095
118.600, 0.300, 0.500, 0.095, 0.201, 0.098
118.620, 0.300, 0.500, 0.096, 0.199, 0.096
118.640, 0.300, 0.500, 0.097, 0.198, 0.093
118.660, 0.300, 0.500, 0.101, 0.198, 0.091
118.680, 0.300, 0.500, 0.105, 0.201, 0.088
118.700, 0.300, 0.500, 0.108, 0.205, 0.086
118.720, 0.300, 0.500, 0.112, 0.211, 0.086
118.740, 0.300, 0.500, 0.114, 0.218, 0.088
118.760, 0.300, 0.500, 0.117, 0.227, 0.091
118.780, 0.300, 0.500, 0.119, 0.236, 0.095
118.800, 0.300, 0.500, 0.122, 0.247, 0.099
118.820, 0.300, 0.500, 0.125, 0.259, 0.103
118.840, 0.300, 0.500, 0.129, 0.271, 0.107
118.860, 0.300, 0.500, 0.133, 0.284, 0.108
118.880, 0.300, 0.500, 0.137, 0.297, 0.109
118.900, 0.300, 0.500, 0.142, 0.311, 0.110
118.920, 0.300, 0.500, 0.147, 0.324, 0.108
118.940, 0.300, 0.500, 0.151, 0.337, 0.106
118.960, 0.300, 0.500, 0.156, 0.350, 0.102
118.980, 0.300, 0.500, 0.161, 0.361, 0.097
119.000, 0.300, 0.500, 0.165, 0.372, 0.092
119.020, 0.300, 0.500, 0.170, 0.381, 0.086
119.040, 0.300, 0.500, 0.175, 0.388, 0.079
119.060, 0.300, 0.500, 0.180, 0.395, 0.071
119.080, 0.300, 0.500, 0.185, 0.401, 0.063
119.100, 0.300, 0.500, 0.189, 0.406, 0.052
119.120, 0.300, 0.500, 0.191, 0.408, 0.046
119.140, 0.300, 0.500, 0.192, 0.409, 0.045
119.160, 0.300, 0.500, 0.194, 0.408, 0.046
119.180, 0.300, 0.500, 0.195, 0.405, 0.051
119.200, 0.300, 0.500, 0.197, 0.401, 0.059
119.220, 0.300, 0.500, 0.198, 0.396, 0.070
119.240, 0.300, 0.500, 0.200, 0.390, 0.082
119.260, 0.300, 0.500, 0.201, 0.383, 0.089
119.280, 0.300, 0.500, 0.201, 0.376, 0.090
119.300, 0.300, 0.500, 0.200, 0.371, 0.087
119.320, 0.300, 0.500, 0.198, 0.370, 0.081
119.340, 0.300, 0.500, 0.197, 0.373, 0.075
119.360, 0.300, 0.500, 0.198, 0.380, 0.069
119.380, 0.300, 0.500, 0.203, 0.390, 0.063
119.400, 0.300, 0.500, 0.213, 0.403, 0.060
119.420, 0.300, 0.500, 0.225, 0.418, 0.060
119.440, 0.300, 0.500, 0.239, 0.434, 0.062
119.460, 0.300, 0.500, 0.252, 0.452, 0.065
119.480, 0.300, 0.500, 0.263, 0.469, 0.069
119.500, 0.300, 0.500, 0.272, 0.485, 0.071
119.520, 0.300, 0.500, 0.277, 0.500, 0.071
119.540, 0.300, 0.500, 0.280, 0.514, 0.069
119.560, 0.300, 0.500, 0.279, 0.526, 0.067
119.580, 0.300, 0.500, 0.276, 0.536, 0.063
119.600, 0.300, 0.500, 0.270, 0.544, 0.058
119.620, 0.300, 0.500, 0.265, 0.549, 0.053
119.640, 0.300, 0.500, 0.258, 0.552, 0.049
119.660, 0.300, 0.500, 0.252, 0.554, 0.044
119.680, 0.300, 0.500, 0.246, 0.555, 0.041
119.700, 0.300, 0.500, 0.243, 0.558, 0.040
119.720, 0.300, 0.500, 0.239, 0.560, 0.042
119.740, 0.300, 0.500, 0.233, 0.561, 0.045
119.760, 0.300, 0.500, 0.227, 0.561, 0.049
119.780, 0.300, 0.500, 0.222, 0.560, 0.053
119.800, 0.300, 0.500, 0.218, 0.557, 0.057
119.820, 0.300, 0.500, 0.216, 0.554, 0.061
119.840, 0.300, 0.500, 0.216, 0.550, 0.064
119.860, 0.300, 0.500, 0.217, 0.545, 0.069
119.880, 0.300, 0.500, 0.218, 0.540, 0.075
119.900, 0.300, 0.500, 0.220, 0.533, 0.081
119.920, 0.300, 0.500, 0.222, 0.526, 0.082
119.940, 0.300, 0.500, 0.225, 0.518, 0.078
119.960, 0.300, 0.500, 0.231, 0.511, 0.070
119.980, 0.300, 0.500, 0.237, 0.507, 0.061
120.000, 0.300, 0.500, 0.243, 0.506, 0.052
120.020, 0.300, 0.500, 0.248, 0.507, 0.046
120.040, 0.300, 0.500, 0.251, 0.510, 0.042
120.060, 0.300, 0.500, 0.252, 0.514, 0.042
120.080, 0.300, 0.500, 0.253, 0.518, 0.046
120.100, 0.300, 0.500, 0.254, 0.522, 0.051
120.120, 0.300, 0.500, 0.255, 0.526, 0.058
120.140, 0.300, 0.500, 0.257, 0.529, 0.066
120.160, 0.300, 0.500, 0.259, 0.533, 0.074
120.180, 0.300, 0.500, 0.263, 0.536, 0.081
120.200, 0.300, 0.500, 0.267, 0.540, 0.087
120.220, 0.300, 0.500, 0.271, 0.544, 0.093
120.240, 0.300, 0.500, 0.276, 0.549, 0.097
120.260, 0.300, 0.500, 0.281, 0.554, 0.101
120.280, 0.300, 0.500, 0.285, 0.560, 0.103
120.300, 0.300, 0.500, 0.288, 0.566, 0.105
120.320, 0.300, 0.500, 0.292, 0.572, 0.106
120.340, 0.300, 0.500, 0.294, 0.577, 0.106
120.360, 0.300, 0.500, 0.297, 0.581, 0.106
122.400, 0.400, 0.500, 0.000, 0.000, 0.175
122.420, 0.400, 0.500, 0.000, -0.001, 0.163
122.440, 0.400, 0.500, 0.002, -0.001, 0.148
122.460, 0.400, 0.500, 0.005, -0.001, 0.128
122.480, 0.400, 0.500, 0.008, -0.000, 0.106
122.500, 0.400, 0.500, 0.011, 0.001, 0.085
122.520, 0.400, 0.500, 0.014, 0.002, 0.070
122.540, 0.400, 0.500, 0.019, 0.005, 0.060
122.560, 0.400, 0.500, 0.024, 0.009, 0.056
122.580, 0.400, 0.500, 0.029, 0.012, 0.057
122.600, 0.400, 0.500, 0.032, 0.015, 0.063
122.620, 0.400, 0.500, 0.034, 0.017, 0.071
122.640, 0.400, 0.500, 0.034, 0.019, 0.081
122.660, 0.400, 0.500, 0.033, 0.020, 0.087
122.680, 0.400, 0.500, 0.030, 0.020, 0.087
122.700, 0.400, 0.500, 0.026, 0.022, 0.084
122.720, 0.400, 0.500, 0.022, 0.027, 0.079
122.740, 0.400, 0.500, 0.019, 0.034, 0.073
122.760, 0.400, 0.500, 0.020, 0.045, 0.068
122.780, 0.400, 0.500, 0.024, 0.059, 0.062
122.800, 0.400, 0.500, 0.034, 0.075, 0.057
122.820, 0.400, 0.500, 0.044, 0.091, 0.055
122.840, 0.400, 0.500, 0.054, 0.106, 0.053
122.860, 0.400, 0.500, 0.063, 0.122, 0.052
122.880, 0.400, 0.500, 0.071, 0.135, 0.048
122.900, 0.400, 0.500, 0.076, 0.148, 0.042
122.920, 0.400, 0.500, 0.076, 0.158, 0.036
122.940, 0.400, 0.500, 0.073, 0.167, 0.032
122.960, 0.400, 0.500, 0.070, 0.174, 0.027
122.980, 0.400, 0.500, 0.068, 0.176, 0.029
123.000, 0.400, 0.500, 0.065, 0.175, 0.033
123.020, 0.400, 0.500, 0.062, 0.172, 0.035
123.040, 0.400, 0.500, 0.060, 0.168, 0.036
123.060, 0.400, 0.500, 0.058, 0.164, 0.037
123.080, 0.400, 0.500, 0.059, 0.161, 0.039
123.100, 0.400, 0.500, 0.061, 0.159, 0.041
123.120, 0.400, 0.500, 0.062, 0.157, 0.043
123.140, 0.400, 0.500, 0.063, 0.155, 0.045
123.160, 0.400, 0.500, 0.063, 0.153, 0.047
123.180, 0.400, 0.500, 0.063, 0.152, 0.050
123.200, 0.400, 0.500, 0.062, 0.150, 0.053
123.220, 0.400, 0.500, 0.061, 0.148, 0.056
123.240, 0.400, 0.500, 0.059, 0.146, 0.061
123.260, 0.400, 0.500, 0.057, 0.144, 0.065
123.280, 0.400, 0.500, 0.056, 0.142, 0.071
123.300, 0.400, 0.500, 0.054, 0.138, 0.076
123.320, 0.400, 0.500, 0.053, 0.133, 0.077
123.340, 0.400, 0.500, 0.055, 0.130, 0.074
123.360, 0.400, 0.500, 0.059, 0.127, 0.069
123.380, 0.400, 0.500, 0.065, 0.128, 0.063
123.400, 0.400, 0.500, 0.071, 0.132, 0.059
123.420, 0.400, 0.500, 0.076, 0.139, 0.058
123.440, 0.400, 0.500, 0.078, 0.147, 0.061
123.460, 0.400, 0.500, 0.079, 0.156, 0.068
123.480, 0.400, 0.500, 0.079, 0.165, 0.076
123.500, 0.400, 0.500, 0.079, 0.174, 0.086
123.520, 0.400, 0.500, 0.080, 0.183, 0.095
123.540, 0.400, 0.500, 0.082, 0.192, 0.104
123.560, 0.400, 0.500, 0.087, 0.202, 0.111
123.580, 0.400, 0.500, 0.093, 0.211, 0.116
123.600, 0.400, 0.500, 0.100, 0.220, 0.120
123.620, 0.400, 0.500, 0.108, 0.228, 0.122
123.640, 0.400, 0.500, 0.115, 0.237, 0.124
123.660, 0.400, 0.500, 0.122, 0.245, 0.125
123.680, 0.400, 0.500, 0.129, 0.252, 0.125
123.700, 0.400, 0.500, 0.134, 0.258, 0.124
123.720, 0.400, 0.500, 0.139, 0.264, 0.123
123.740, 0.400, 0.500, 0.143, 0.268, 0.122
123.760, 0.400, 0.500, 0.147, 0.272, 0.119
123.780, 0.400, 0.500, 0.151, 0.275, 0.117
123.800, 0.400, 0.500, 0.155, 0.278, 0.113
123.820, 0.400, 0.500, 0.159, 0.280, 0.110
123.840, 0.400, 0.500, 0.164, 0.282, 0.106
123.860, 0.400, 0.500, 0.170, 0.284, 0.102
123.880, 0.400, 0.500, 0.176, 0.287, 0.098
123.900, 0.400, 0.500, 0.182, 0.290, 0.094
123.920, 0.400, 0.500, 0.186, 0.292, 0.093
123.940, 0.400, 0.500, 0.189, 0.294, 0.098
123.960, 0.400, 0.500, 0.189, 0.296, 0.104
123.980, 0.400, 0.500, 0.189, 0.298, 0.104
124.000, 0.400, 0.500, 0.189, 0.299, 0.098
124.020, 0.400, 0.500, 0.189, 0.302, 0.090
124.040, 0.400, 0.500, 0.190, 0.308, 0.080
124.060, 0.400, 0.500, 0.193, 0.316, 0.071
124.080, 0.400, 0.500, 0.199, 0.327, 0.064
124.100, 0.400, 0.500, 0.209, 0.340, 0.059
124.120, 0.400, 0.500, 0.221, 0.356, 0.056
124.140, 0.400, 0.500, 0.234, 0.372, 0.054
124.160, 0.400, 0.500, 0.244, 0.387, 0.053
124.180, 0.400, 0.500, 0.251, 0.402, 0.051
124.200, 0.400, 0.500, 0.256, 0.415, 0.046
124.220, 0.400, 0.500, 0.259, 0.427, 0.039
124.240, 0.400, 0.500, 0.261, 0.437, 0.030
124.260, 0.400, 0.500, 0.258, 0.443, 0.026
124.280, 0.400, 0.500, 0.256, 0.444, 0.027
124.300, 0.400, 0.500, 0.254, 0.443, 0.029
124.320, 0.400, 0.500, 0.251, 0.440, 0.030
124.340, 0.400, 0.500, 0.251, 0.439, 0.033
124.360, 0.400, 0.500, 0.251, 0.436, 0.036
124.380, 0.400, 0.500, 0.251, 0.433, 0.039
124.400, 0.400, 0.500, 0.251, 0.430, 0.042
124.420, 0.400, 0.500, 0.250, 0.427, 0.044
124.440, 0.400, 0.500, 0.250, 0.424, 0.046
124.460, 0.400, 0.500, 0.249, 0.421, 0.048
124.480, 0.400, 0.500, 0.249, 0.419, 0.050
124.500, 0.400, 0.500, 0.248, 0.417, 0.053
124.520, 0.400, 0.500, 0.247, 0.416, 0.056
124.540, 0.400, 0.500, 0.246, 0.414, 0.060
124.560, 0.400, 0.500, 0.244, 0.412, 0.064
124.580, 0.400, 0.500, 0.242, 0.410, 0.070
124.600, 0.400, 0.500, 0.240, 0.407, 0.075
124.620, 0.400, 0.500, 0.238, 0.403, 0.078
124.640, 0.400, 0.500, 0.238, 0.399, 0.078
124.660, 0.400, 0.500, 0.242, 0.396, 0.074
124.680, 0.400, 0.500, 0.248, 0.395, 0.068
124.700, 0.400, 0.500, 0.255, 0.398, 0.064
124.720, 0.400, 0.500, 0.261, 0.404, 0.060
124.740, 0.400, 0.500, 0.266, 0.412, 0.060
124.760, 0.400, 0.500, 0.268, 0.421, 0.064
124.780, 0.400, 0.500, 0.269, 0.430, 0.072
124.800, 0.400, 0.500, 0.269, 0.440, 0.082
124.820, 0.400, 0.500, 0.269, 0.449, 0.092
124.840, 0.400, 0.500, 0.271, 0.459, 0.102
124.860, 0.400, 0.500, 0.274, 0.468, 0.110
124.880, 0.400, 0.500, 0.279, 0.478, 0.117
124.900, 0.400, 0.500, 0.286, 0.487, 0.122
124.920, 0.400, 0.500, 0.294, 0.496, 0.125
124.940, 0.400, 0.500, 0.302, 0.504, 0.127
124.960, 0.400, 0.500, 0.309, 0.512, 0.128
124.980, 0.400, 0.500, 0.316, 0.520, 0.128
125.000, 0.400, 0.500, 0.322, 0.526, 0.127
125.020, 0.400, 0.500, 0.326, 0.532, 0.126
125.040, 0.400, 0.500, 0.331, 0.537, 0.125
125.060, 0.400, 0.500, 0.335, 0.541, 0.123
125.080, 0.400, 0.500, 0.338, 0.544, 0.120
125.100, 0.400, 0.500, 0.342, 0.546, 0.117
125.120, 0.400, 0.500, 0.346, 0.548, 0.113
125.140, 0.400, 0.500, 0.351, 0.550, 0.110
125.160, 0.400, 0.500, 0.356, 0.552, 0.106
125.180, 0.400, 0.500, 0.362, 0.554, 0.102
125.200, 0.400, 0.500, 0.368, 0.556, 0.097
125.220, 0.400, 0.500, 0.374, 0.559, 0.095
125.240, 0.400, 0.500, 0.378, 0.562, 0.099
125.260, 0.400, 0.500, 0.379, 0.564, 0.104
125.280, 0.400, 0.500, 0.379, 0.566, 0.107
125.300, 0.400, 0.500, 0.378, 0.567, 0.103
125.320, 0.400, 0.500, 0.378, 0.569, 0.095
125.340, 0.400, 0.500, 0.378, 0.573, 0.086
125.360, 0.400, 0.500, 0.380, 0.580, 0.077
125.380, 0.400, 0.500, 0.384, 0.589, 0.069
125.400, 0.400, 0.500, 0.391, 0.601, 0.063
125.420, 0.400, 0.500, 0.401, 0.615, 0.060
125.440, 0.400, 0.500, 0.413, 0.631, 0.057
125.460, 0.400, 0.500, 0.425, 0.648, 0.056
125.480, 0.400, 0.500, 0.433, 0.663, 0.055
125.500, 0.400, 0.500, 0.439, 0.677, 0.053
125.520, 0.400, 0.500, 0.443, 0.689, 0.047
125.540, 0.400, 0.500, 0.445, 0.700, 0.040
125.560, 0.400, 0.500, 0.446, 0.709, 0.031
125.580, 0.400, 0.500, 0.444, 0.715, 0.025
125.600, 0.400, 0.500, 0.442, 0.717, 0.026
125.620, 0.400, 0.500, 0.440, 0.716, 0.028
125.640, 0.400, 0.500, 0.437, 0.713, 0.030
125.660, 0.400, 0.500, 0.436, 0.711, 0.032
125.680, 0.400, 0.500, 0.437, 0.708, 0.036
125.700, 0.400, 0.500, 0.437, 0.705, 0.039
125.720, 0.400, 0.500, 0.437, 0.702, 0.042
125.740, 0.400, 0.500, 0.437, 0.699, 0.044
125.760, 0.400, 0.500, 0.437, 0.697, 0.047
125.780, 0.400, 0.500, 0.437, 0.694, 0.049
125.800, 0.400, 0.500, 0.437, 0.692, 0.051
125.820, 0.400, 0.500, 0.436, 0.690, 0.054
125.840, 0.400, 0.500, 0.435, 0.688, 0.057
125.860, 0.400, 0.500, 0.434, 0.687, 0.061
125.880, 0.400, 0.500, 0.432, 0.684, 0.066
125.900, 0.400, 0.500, 0.430, 0.682, 0.072
125.920, 0.400, 0.500, 0.427, 0.678, 0.077
125.940, 0.400, 0.500, 0.426, 0.674, 0.078
125.960, 0.400, 0.500, 0.426, 0.669, 0.076
125.980, 0.400, 0.500, 0.431, 0.667, 0.071
126.000, 0.400, 0.500, 0.438, 0.668, 0.065
126.020, 0.400, 0.500, 0.447, 0.672, 0.061
126.040, 0.400, 0.500, 0.454, 0.678, 0.059
126.060, 0.400, 0.500, 0.459, 0.686, 0.060
126.080, 0.400, 0.500, 0.462, 0.695, 0.066
126.100, 0.400, 0.500, 0.463, 0.705, 0.074
126.120, 0.400, 0.500, 0.464, 0.714, 0.085
126.140, 0.400, 0.500, 0.465, 0.724, 0.095
126.160, 0.400, 0.500, 0.467, 0.733, 0.104
126.180, 0.400, 0.500, 0.472, 0.743, 0.112
126.200, 0.400, 0.500, 0.478, 0.752, 0.117
126.220, 0.400, 0.500, 0.485, 0.761, 0.120
126.240, 0.400, 0.500, 0.493, 0.769, 0.122
126.260, 0.400, 0.500, 0.501, 0.777, 0.123
126.280, 0.400, 0.500, 0.508, 0.785, 0.124
126.300, 0.400, 0.500, 0.515, 0.791, 0.124
126.320, 0.400, 0.500, 0.520, 0.797, 0.123
126.340, 0.400, 0.500, 0.525, 0.802, 0.122
126.360, 0.400, 0.500, 0.530, 0.806, 0.121
126.380, 0.400, 0.500, 0.534, 0.810, 0.119
128.420, 0.500, 0.500, 0.000, 0.000, 0.175
128.440, 0.500, 0.500, 0.000, -0.001, 0.163
128.460, 0.500, 0.500, 0.002, -0.001, 0.148
128.480, 0.500, 0.500, 0.004, -0.001, 0.129
128.500, 0.500, 0.500, 0.007, -0.000, 0.107
128.520, 0.500, 0.500, 0.011, 0.001, 0.087
128.540, 0.500, 0.500, 0.015, 0.002, 0.073
128.560, 0.500, 0.500, 0.020, 0.005, 0.064
128.580, 0.500, 0.500, 0.026, 0.008, 0.060
128.600, 0.500, 0.500, 0.030, 0.011, 0.062
128.620, 0.500, 0.500, 0.032, 0.013, 0.067
128.640, 0.500, 0.500, 0.033, 0.015, 0.076
128.660, 0.500, 0.500, 0.032, 0.016, 0.084
128.680, 0.500, 0.500, 0.030, 0.017, 0.088
128.700, 0.500, 0.500, 0.028, 0.018, 0.087
128.720, 0.500, 0.500, 0.025, 0.021, 0.083
128.740, 0.500, 0.500, 0.023, 0.026, 0.078
128.760, 0.500, 0.500, 0.023, 0.034, 0.072
128.780, 0.500, 0.500, 0.026, 0.045, 0.066
128.800, 0.500, 0.500, 0.033, 0.058, 0.061
128.820, 0.500, 0.500, 0.042, 0.072, 0.057
128.840, 0.500, 0.500, 0.052, 0.087, 0.055
128.860, 0.500, 0.500, 0.063, 0.101, 0.052
128.880, 0.500, 0.500, 0.073, 0.116, 0.050
128.900, 0.500, 0.500, 0.083, 0.129, 0.045
128.920, 0.500, 0.500, 0.091, 0.141, 0.039
128.940, 0.500, 0.500, 0.097, 0.151, 0.033
128.960, 0.500, 0.500, 0.100, 0.158, 0.028
128.980, 0.500, 0.500, 0.098, 0.162, 0.027
129.000, 0.500, 0.500, 0.097, 0.162, 0.030
129.020, 0.500, 0.500, 0.095, 0.160, 0.033
129.040, 0.500, 0.500, 0.094, 0.157, 0.036
129.060, 0.500, 0.500, 0.093, 0.154, 0.038
129.080, 0.500, 0.500, 0.093, 0.151, 0.040
129.100, 0.500, 0.500, 0.094, 0.147, 0.042
129.120, 0.500, 0.500, 0.095, 0.144, 0.044
129.140, 0.500, 0.500, 0.096, 0.142, 0.047
129.160, 0.500, 0.500, 0.096, 0.139, 0.050
129.180, 0.500, 0.500, 0.096, 0.137, 0.053
129.200, 0.500, 0.500, 0.096, 0.135, 0.056
129.220, 0.500, 0.500, 0.095, 0.133, 0.059
129.240, 0.500, 0.500, 0.094, 0.132, 0.063
129.260, 0.500, 0.500, 0.093, 0.130, 0.066
129.280, 0.500, 0.500, 0.091, 0.129, 0.071
129.300, 0.500, 0.500, 0.089, 0.127, 0.077
129.320, 0.500, 0.500, 0.087, 0.125, 0.081
129.340, 0.500, 0.500, 0.086, 0.122, 0.083
129.360, 0.500, 0.500, 0.088, 0.121, 0.082
129.380, 0.500, 0.500, 0.093, 0.121, 0.080
129.400, 0.500, 0.500, 0.100, 0.124, 0.078
129.420, 0.500, 0.500, 0.108, 0.129, 0.079
129.440, 0.500, 0.500, 0.115, 0.136, 0.083
129.460, 0.500, 0.500, 0.122, 0.144, 0.090
129.480, 0.500, 0.500, 0.128, 0.152, 0.098
129.500, 0.500, 0.500, 0.134, 0.161, 0.107
129.520, 0.500, 0.500, 0.140, 0.171, 0.115
129.540, 0.500, 0.500, 0.147, 0.180, 0.122
129.560, 0.500, 0.500, 0.153, 0.190, 0.127
129.580, 0.500, 0.500, 0.160, 0.200, 0.130
129.600, 0.500, 0.500, 0.167, 0.209, 0.133
129.620, 0.500, 0.500, 0.174, 0.217, 0.134
129.640, 0.500, 0.500, 0.180, 0.225, 0.134
129.660, 0.500, 0.500, 0.185, 0.232, 0.134
129.680, 0.500, 0.500, 0.190, 0.238, 0.133
129.700, 0.500, 0.500, 0.195, 0.243, 0.133
129.720, 0.500, 0.500, 0.199, 0.247, 0.132
129.740, 0.500, 0.500, 0.203, 0.250, 0.130
129.760, 0.500, 0.500, 0.207, 0.253, 0.128
129.780, 0.500, 0.500, 0.210, 0.255, 0.126
129.800, 0.500, 0.500, 0.214, 0.257, 0.123
129.820, 0.500, 0.500, 0.217, 0.260, 0.119
129.840, 0.500, 0.500, 0.220, 0.263, 0.116
129.860, 0.500, 0.500, 0.224, 0.266, 0.111
129.880, 0.500, 0.500, 0.228, 0.271, 0.107
129.900, 0.500, 0.500, 0.232, 0.277, 0.102
129.920, 0.500, 0.500, 0.234, 0.283, 0.098
129.940, 0.500, 0.500, 0.235, 0.289, 0.101
129.960, 0.500, 0.500, 0.234, 0.295, 0.107
129.980, 0.500, 0.500, 0.232, 0.300, 0.111
130.000, 0.500, 0.500, 0.228, 0.305, 0.110
130.020, 0.500, 0.500, 0.224, 0.310, 0.104
130.040, 0.500, 0.500, 0.221, 0.317, 0.095
130.060, 0.500, 0.500, 0.220, 0.326, 0.086
130.080, 0.500, 0.500, 0.222, 0.337, 0.077
130.100, 0.500, 0.500, 0.227, 0.351, 0.069
130.120, 0.500, 0.500, 0.235, 0.367, 0.063
130.140, 0.500, 0.500, 0.245, 0.384, 0.059
130.160, 0.500, 0.500, 0.254, 0.401, 0.056
130.180, 0.500, 0.500, 0.263, 0.417, 0.054
130.200, 0.500, 0.500, 0.272, 0.430, 0.051
130.220, 0.500, 0.500, 0.280, 0.441, 0.047
130.240, 0.500, 0.500, 0.289, 0.449, 0.041
130.260, 0.500, 0.500, 0.298, 0.455, 0.035
130.280, 0.500, 0.500, 0.306, 0.458, 0.029
130.300, 0.500, 0.500, 0.311, 0.458, 0.025
130.320, 0.500, 0.500, 0.313, 0.457, 0.025
130.340, 0.500, 0.500, 0.314, 0.456, 0.027
130.360, 0.500, 0.500, 0.314, 0.455, 0.029
130.380, 0.500, 0.500, 0.314, 0.454, 0.031
130.400, 0.500, 0.500, 0.315, 0.452, 0.033
130.420, 0.500, 0.500, 0.314, 0.449, 0.035
130.440, 0.500, 0.500, 0.314, 0.447, 0.038
130.460, 0.500, 0.500, 0.314, 0.444, 0.040
130.480, 0.500, 0.500, 0.313, 0.442, 0.043
130.500, 0.500, 0.500, 0.313, 0.439, 0.046
130.520, 0.500, 0.500, 0.312, 0.437, 0.049
130.540, 0.500, 0.500, 0.311, 0.435, 0.053
130.560, 0.500, 0.500, 0.309, 0.433, 0.057
130.580, 0.500, 0.500, 0.308, 0.431, 0.061
130.600, 0.500, 0.500, 0.306, 0.429, 0.067
130.620, 0.500, 0.500, 0.303, 0.427, 0.072
130.640, 0.500, 0.500, 0.301, 0.424, 0.076
130.660, 0.500, 0.500, 0.299, 0.421, 0.077
130.680, 0.500, 0.500, 0.300, 0.419, 0.076
130.700, 0.500, 0.500, 0.304, 0.421, 0.075
130.720, 0.500, 0.500, 0.312, 0.427, 0.073
130.740, 0.500, 0.500, 0.321, 0.436, 0.074
130.760, 0.500, 0.500, 0.330, 0.447, 0.077
130.780, 0.500, 0.500, 0.337, 0.459, 0.083
130.800, 0.500, 0.500, 0.342, 0.471, 0.090
130.820, 0.500, 0.500, 0.347, 0.482, 0.099
130.840, 0.500, 0.500, 0.350, 0.494, 0.106
130.860, 0.500, 0.500, 0.354, 0.506, 0.112
130.880, 0.500, 0.500, 0.358, 0.517, 0.116
130.900, 0.500, 0.500, 0.361, 0.527, 0.119
130.920, 0.500, 0.500, 0.365, 0.538, 0.120
130.940, 0.500, 0.500, 0.368, 0.547, 0.120
130.960, 0.500, 0.500, 0.372, 0.556, 0.119
130.980, 0.500, 0.500, 0.374, 0.563, 0.117
131.000, 0.500, 0.500, 0.377, 0.569, 0.114
131.020, 0.500, 0.500, 0.379, 0.575, 0.112
131.040, 0.500, 0.500, 0.381, 0.580, 0.109
131.060, 0.500, 0.500, 0.383, 0.585, 0.105
131.080, 0.500, 0.500, 0.386, 0.589, 0.101
131.100, 0.500, 0.500, 0.388, 0.594, 0.097
131.120, 0.500, 0.500, 0.391, 0.599, 0.093
131.140, 0.500, 0.500, 0.394, 0.605, 0.087
131.160, 0.500, 0.500, 0.397, 0.612, 0.081
131.180, 0.500, 0.500, 0.399, 0.620, 0.076
131.200, 0.500, 0.500, 0.400, 0.627, 0.076
131.220, 0.500, 0.500, 0.399, 0.632, 0.079
131.240, 0.500, 0.500, 0.397, 0.636, 0.084
131.260, 0.500, 0.500, 0.394, 0.639, 0.091
131.280, 0.500, 0.500, 0.390, 0.641, 0.097
131.300, 0.500, 0.500, 0.386, 0.641, 0.099
131.320, 0.500, 0.500, 0.381, 0.641, 0.098
131.340, 0.500, 0.500, 0.376, 0.643, 0.093
131.360, 0.500, 0.500, 0.370, 0.647, 0.087
131.380, 0.500, 0.500, 0.366, 0.655, 0.080
131.400, 0.500, 0.500, 0.364, 0.666, 0.073
131.420, 0.500, 0.500, 0.364, 0.682, 0.067
131.440, 0.500, 0.500, 0.367, 0.699, 0.064
131.460, 0.500, 0.500, 0.371, 0.718, 0.062
131.480, 0.500, 0.500, 0.375, 0.736, 0.060
131.500, 0.500, 0.500, 0.380, 0.754, 0.058
131.520, 0.500, 0.500, 0.386, 0.769, 0.055
131.540, 0.500, 0.500, 0.393, 0.782, 0.051
131.560, 0.500, 0.500, 0.400, 0.793, 0.045
131.580, 0.500, 0.500, 0.408, 0.802, 0.039
131.600, 0.500, 0.500, 0.416, 0.808, 0.032
131.620, 0.500, 0.500, 0.422, 0.812, 0.026
131.640, 0.500, 0.500, 0.424, 0.812, 0.026
131.660, 0.500, 0.500, 0.425, 0.812, 0.027
131.680, 0.500, 0.500, 0.424, 0.811, 0.030
131.700, 0.500, 0.500, 0.424, 0.810, 0.032
131.720, 0.500, 0.500, 0.424, 0.810, 0.034
131.740, 0.500, 0.500, 0.424, 0.809, 0.036
131.760, 0.500, 0.500, 0.423, 0.807, 0.038
131.780, 0.500, 0.500, 0.423, 0.805, 0.040
131.800, 0.500, 0.500, 0.422, 0.802, 0.043
131.820, 0.500, 0.500, 0.422, 0.800, 0.046
131.840, 0.500, 0.500, 0.421, 0.798, 0.049
131.860, 0.500, 0.500, 0.421, 0.795, 0.053
131.880, 0.500, 0.500, 0.420, 0.793, 0.057
131.900, 0.500, 0.500, 0.420, 0.790, 0.062
131.920, 0.500, 0.500, 0.419, 0.787, 0.068
131.940, 0.500, 0.500, 0.418, 0.783, 0.074
131.960, 0.500, 0.500, 0.417, 0.780, 0.077
131.980, 0.500, 0.500, 0.417, 0.778, 0.077
132.000, 0.500, 0.500, 0.418, 0.780, 0.077
132.020, 0.500, 0.500, 0.418, 0.788, 0.077
132.040, 0.500, 0.500, 0.418, 0.802, 0.079
132.060, 0.500, 0.500, 0.416, 0.818, 0.082
132.080, 0.500, 0.500, 0.411, 0.836, 0.089
132.100, 0.500, 0.500, 0.404, 0.854, 0.097
132.120, 0.500, 0.500, 0.396, 0.873, 0.105
132.140, 0.500, 0.500, 0.387, 0.891, 0.113
132.160, 0.500, 0.500, 0.379, 0.910, 0.118
132.180, 0.500, 0.500, 0.371, 0.928, 0.120
132.200, 0.500, 0.500, 0.365, 0.946, 0.121
132.220, 0.500, 0.500, 0.360, 0.963, 0.119
132.240, 0.500, 0.500, 0.356, 0.978, 0.115
132.260, 0.500, 0.500, 0.354, 0.991, 0.110
132.280, 0.500, 0.500, 0.353, 1.002, 0.103
132.300, 0.500, 0.500, 0.353, 1.011, 0.096
132.320, 0.500, 0.500, 0.355, 1.018, 0.088
132.340, 0.500, 0.500, 0.357, 1.024, 0.081
132.360, 0.500, 0.500, 0.360, 1.029, 0.073
132.380, 0.500, 0.500, 0.363, 1.034, 0.065
132.400, 0.500, 0.500, 0.368, 1.040, 0.057
134.440, -0.500, -0.500, 0.000, 0.000, 0.175
134.460, -0.500, -0.500, -0.000, 0.001, 0.162
134.480, -0.500, -0.500, -0.002, 0.001, 0.148
134.500, -0.500, -0.500, -0.004, 0.001, 0.128
134.520, -0.500, -0.500, -0.007, -0.000, 0.106
134.540, -0.500, -0.500, -0.011, -0.003, 0.089
134.560, -0.500, -0.500, -0.015, -0.005, 0.077
134.580, -0.500, -0.500, -0.020, -0.009, 0.070
134.600, -0.500, -0.500, -0.025, -0.013, 0.068
134.620, -0.500, -0.500, -0.028, -0.016, 0.070
134.640, -0.500, -0.500, -0.030, -0.019, 0.076
134.660, -0.500, -0.500, -0.029, -0.021, 0.084
134.680, -0.500, -0.500, -0.029, -0.023, 0.091
134.700, -0.500, -0.500, -0.028, -0.023, 0.095
134.720, -0.500, -0.500, -0.027, -0.023, 0.093
134.740, -0.500, -0.500, -0.026, -0.025, 0.089
134.760, -0.500, -0.500, -0.026, -0.030, 0.084
134.780, -0.500, -0.500, -0.029, -0.037, 0.079
134.800, -0.500, -0.500, -0.035, -0.048, 0.074
134.820, -0.500, -0.500, -0.044, -0.060, 0.071
134.840, -0.500, -0.500, -0.056, -0.075, 0.068
134.860, -0.500, -0.500, -0.070, -0.091, 0.067
134.880, -0.500, -0.500, -0.082, -0.107, 0.066
134.900, -0.500, -0.500, -0.093, -0.122, 0.063
134.920, -0.500, -0.500, -0.102, -0.137, 0.059
134.940, -0.500, -0.500, -0.108, -0.151, 0.053
134.960, -0.500, -0.500, -0.112, -0.162, 0.046
134.980, -0.500, -0.500, -0.114, -0.171, 0.037
135.000, -0.500, -0.500, -0.111, -0.176, 0.033
135.020, -0.500, -0.500, -0.111, -0.178, 0.032
135.040, -0.500, -0.500, -0.109, -0.178, 0.031
135.060, -0.500, -0.500, -0.107, -0.176, 0.031
135.080, -0.500, -0.500, -0.106, -0.174, 0.032
135.100, -0.500, -0.500, -0.105, -0.173, 0.035
135.120, -0.500, -0.500, -0.105, -0.171, 0.039
135.140, -0.500, -0.500, -0.104, -0.168, 0.041
135.160, -0.500, -0.500, -0.104, -0.164, 0.043
135.180, -0.500, -0.500, -0.104, -0.160, 0.045
135.200, -0.500, -0.500, -0.105, -0.157, 0.047
135.220, -0.500, -0.500, -0.105, -0.153, 0.048
135.240, -0.500, -0.500, -0.106, -0.150, 0.051
135.260, -0.500, -0.500, -0.106, -0.147, 0.054
135.280, -0.500, -0.500, -0.105, -0.144, 0.057
135.300, -0.500, -0.500, -0.104, -0.141, 0.062
135.320, -0.500, -0.500, -0.102, -0.137, 0.067
135.340, -0.500, -0.500, -0.100, -0.133, 0.072
135.360, -0.500, -0.500, -0.099, -0.127, 0.073
135.380, -0.500, -0.500, -0.100, -0.121, 0.070
135.400, -0.500, -0.500, -0.105, -0.117, 0.064
135.420, -0.500, -0.500, -0.112, -0.115, 0.058
135.440, -0.500, -0.500, -0.121, -0.115, 0.055
135.460, -0.500, -0.500, -0.128, -0.117, 0.054
135.480, -0.500, -0.500, -0.135, -0.119, 0.057
135.500, -0.500, -0.500, -0.142, -0.123, 0.063
135.520, -0.500, -0.500, -0.148, -0.126, 0.071
135.540, -0.500, -0.500, -0.155, -0.129, 0.081
135.560, -0.500, -0.500, -0.162, -0.133, 0.091
135.580, -0.500, -0.500, -0.172, -0.136, 0.100
135.600, -0.500, -0.500, -0.182, -0.140, 0.107
135.620, -0.500, -0.500, -0.193, -0.145, 0.113
135.640, -0.500, -0.500, -0.204, -0.150, 0.117
135.660, -0.500, -0.500, -0.216, -0.156, 0.120
135.680, -0.500, -0.500, -0.226, -0.162, 0.123
135.700, -0.500, -0.500, -0.236, -0.168, 0.124
135.720, -0.500, -0.500, -0.244, -0.174, 0.126
135.740, -0.500, -0.500, -0.251, -0.179, 0.126
135.760, -0.500, -0.500, -0.257, -0.184, 0.127
135.780, -0.500, -0.500, -0.262, -0.189, 0.126
135.800, -0.500, -0.500, -0.266, -0.192, 0.125
135.820, -0.500, -0.500, -0.269, -0.195, 0.124
135.840, -0.500, -0.500, -0.272, -0.197, 0.121
135.860, -0.500, -0.500, -0.275, -0.199, 0.119
135.880, -0.500, -0.500, -0.278, -0.201, 0.115
135.900, -0.500, -0.500, -0.280, -0.204, 0.112
135.920, -0.500, -0.500, -0.283, -0.207, 0.109
135.940, -0.500, -0.500, -0.285, -0.210, 0.106
135.960, -0.500, -0.500, -0.287, -0.215, 0.103
135.980, -0.500, -0.500, -0.288, -0.220, 0.101
136.000, -0.500, -0.500, -0.288, -0.224, 0.103
136.020, -0.500, -0.500, -0.287, -0.229, 0.103
136.040, -0.500, -0.500, -0.288, -0.235, 0.097
136.060, -0.500, -0.500, -0.290, -0.242, 0.088
136.080, -0.500, -0.500, -0.294, -0.249, 0.078
136.100, -0.500, -0.500, -0.301, -0.259, 0.069
136.120, -0.500, -0.500, -0.310, -0.271, 0.062
136.140, -0.500, -0.500, -0.322, -0.283, 0.056
136.160, -0.500, -0.500, -0.334, -0.296, 0.051
136.180, -0.500, -0.500, -0.344, -0.309, 0.049
136.200, -0.500, -0.500, -0.352, -0.319, 0.046
136.220, -0.500, -0.500, -0.358, -0.328, 0.044
136.240, -0.500, -0.500, -0.359, -0.333, 0.043
136.260, -0.500, -0.500, -0.361, -0.337, 0.042
136.280, -0.500, -0.500, -0.367, -0.338, 0.040
136.300, -0.500, -0.500, -0.373, -0.338, 0.038
136.320, -0.500, -0.500, -0.379, -0.336, 0.036
136.340, -0.500, -0.500, -0.381, -0.334, 0.035
136.360, -0.500, -0.500, -0.383, -0.331, 0.034
136.380, -0.500, -0.500, -0.386, -0.330, 0.035
136.400, -0.500, -0.500, -0.388, -0.328, 0.036
136.420, -0.500, -0.500, -0.389, -0.327, 0.037
136.440, -0.500, -0.500, -0.388, -0.326, 0.040
136.460, -0.500, -0.500, -0.388, -0.324, 0.042
136.480, -0.500, -0.500, -0.387, -0.322, 0.044
136.500, -0.500, -0.500, -0.386, -0.319, 0.046
136.520, -0.500, -0.500, -0.386, -0.317, 0.048
136.540, -0.500, -0.500, -0.385, -0.314, 0.050
136.560, -0.500, -0.500, -0.384, -0.312, 0.053
136.580, -0.500, -0.500, -0.383, -0.310, 0.057
136.600, -0.500, -0.500, -0.382, -0.307, 0.061
136.620, -0.500, -0.500, -0.380, -0.304, 0.067
136.640, -0.500, -0.500, -0.378, -0.300, 0.072
136.660, -0.500, -0.500, -0.375, -0.296, 0.075
136.680, -0.500, -0.500, -0.375, -0.291, 0.076
136.700, -0.500, -0.500, -0.379, -0.288, 0.073
136.720, -0.500, -0.500, -0.385, -0.288, 0.070
136.740, -0.500, -0.500, -0.393, -0.291, 0.069
136.760, -0.500, -0.500, -0.401, -0.297, 0.070
136.780, -0.500, -0.500, -0.408, -0.305, 0.074
136.800, -0.500, -0.500, -0.414, -0.315, 0.081
136.820, -0.500, -0.500, -0.420, -0.325, 0.090
136.840, -0.500, -0.500, -0.426, -0.336, 0.099
136.860, -0.500, -0.500, -0.432, -0.348, 0.108
136.880, -0.500, -0.500, -0.439, -0.360, 0.114
136.900, -0.500, -0.500, -0.447, -0.372, 0.119
136.920, -0.500, -0.500, -0.455, -0.383, 0.123
136.940, -0.500, -0.500, -0.464, -0.395, 0.125
136.960, -0.500, -0.500, -0.472, -0.406, 0.126
136.980, -0.500, -0.500, -0.479, -0.416, 0.127
137.000, -0.500, -0.500, -0.487, -0.425, 0.127
137.020, -0.500, -0.500, -0.493, -0.433, 0.126
137.040, -0.500, -0.500, -0.500, -0.440, 0.125
137.060, -0.500, -0.500, -0.505, -0.445, 0.123
137.080, -0.500, -0.500, -0.510, -0.449, 0.121
137.100, -0.500, -0.500, -0.515, -0.452, 0.118
137.120, -0.500, -0.500, -0.519, -0.454, 0.115
137.140, -0.500, -0.500, -0.523, -0.457, 0.111
137.160, -0.500, -0.500, -0.527, -0.459, 0.106
137.180, -0.500, -0.500, -0.532, -0.463, 0.101
137.200, -0.500, -0.500, -0.537, -0.467, 0.096
137.220, -0.500, -0.500, -0.540, -0.473, 0.088
137.240, -0.500, -0.500, -0.543, -0.479, 0.086
137.260, -0.500, -0.500, -0.544, -0.484, 0.089
137.280, -0.500, -0.500, -0.544, -0.489, 0.096
137.300, -0.500, -0.500, -0.543, -0.493, 0.102
137.320, -0.500, -0.500, -0.542, -0.495, 0.105
137.340, -0.500, -0.500, -0.542, -0.497, 0.103
137.360, -0.500, -0.500, -0.542, -0.499, 0.098
137.380, -0.500, -0.500, -0.545, -0.504, 0.092
137.400, -0.500, -0.500, -0.550, -0.512, 0.085
137.420, -0.500, -0.500, -0.558, -0.523, 0.080
137.440, -0.500, -0.500, -0.569, -0.536, 0.077
137.460, -0.500, -0.500, -0.584, -0.553, 0.075
137.480, -0.500, -0.500, -0.600, -0.570, 0.075
137.500, -0.500, -0.500, -0.613, -0.587, 0.075
137.520, -0.500, -0.500, -0.624, -0.603, 0.075
137.540, -0.500, -0.500, -0.631, -0.616, 0.073
137.560, -0.500, -0.500, -0.637, -0.627, 0.070
137.580, -0.500, -0.500, -0.641, -0.635, 0.065
137.600, -0.500, -0.500, -0.644, -0.640, 0.059
137.620, -0.500, -0.500, -0.647, -0.643, 0.052
137.640, -0.500, -0.500, -0.650, -0.644, 0.046
137.660, -0.500, -0.500, -0.655, -0.643, 0.040
137.680, -0.500, -0.500, -0.659, -0.642, 0.034
137.700, -0.500, -0.500, -0.663, -0.639, 0.032
137.720, -0.500, -0.500, -0.662, -0.637, 0.035
137.740, -0.500, -0.500, -0.661, -0.635, 0.041
137.760, -0.500, -0.500, -0.660, -0.631, 0.047
137.780, -0.500, -0.500, -0.659, -0.627, 0.052
137.800, -0.500, -0.500, -0.659, -0.623, 0.056
137.820, -0.500, -0.500, -0.658, -0.619, 0.059
137.840, -0.500, -0.500, -0.658, -0.615, 0.062
137.860, -0.500, -0.500, -0.658, -0.611, 0.064
137.880, -0.500, -0.500, -0.658, -0.607, 0.067
137.900, -0.500, -0.500, -0.657, -0.604, 0.070
137.920, -0.500, -0.500, -0.656, -0.602, 0.073
137.940, -0.500, -0.500, -0.655, -0.599, 0.078
137.960, -0.500, -0.500, -0.653, -0.595, 0.082
137.980, -0.500, -0.500, -0.651, -0.591, 0.083
138.000, -0.500, -0.500, -0.652, -0.587, 0.080
138.020, -0.500, -0.500, -0.656, -0.585, 0.076
138.040, -0.500, -0.500, -0.664, -0.586, 0.072
138.060, -0.500, -0.500, -0.674, -0.588, 0.070
138.080, -0.500, -0.500, -0.684, -0.593, 0.072
138.100, -0.500, -0.500, -0.693, -0.598, 0.077
138.120, -0.500, -0.500, -0.702, -0.604, 0.085
138.140, -0.500, -0.500, -0.710, -0.610, 0.095
138.160, -0.500, -0.500, -0.718, -0.616, 0.104
138.180, -0.500, -0.500, -0.727, -0.623, 0.111
138.200, -0.500, -0.500, -0.735, -0.630, 0.117
138.220, -0.500, -0.500, -0.743, -0.637, 0.121
138.240, -0.500, -0.500, -0.751, -0.643, 0.123
138.260, -0.500, -0.500, -0.758, -0.650, 0.124
138.280, -0.500, -0.500, -0.765, -0.655, 0.125
138.300, -0.500, -0.500, -0.771, -0.660, 0.126
138.320, -0.500, -0.500, -0.776, -0.664, 0.126
138.340, -0.500, -0.500, -0.780, -0.667, 0.125
138.360, -0.500, -0.500, -0.784, -0.669, 0.124
138.380, -0.500, -0.500, -0.787, -0.670, 0.123
138.400, -0.500, -0.500, -0.789, -0.671, 0.121
138.420, -0.500, -0.500, -0.791, -0.671, 0.119
140.460, -0.500, -0.400, 0.000, 0.000, 0.175
140.480, -0.500, -0.400, -0.000, 0.001, 0.162
140.500, -0.500, -0.400, -0.002, 0.001, 0.147
140.520, -0.500, -0.400, -0.003, 0.001, 0.128
140.540, -0.500, -0.400, -0.006, -0.000, 0.106
140.560, -0.500, -0.400, -0.010, -0.002, 0.090
140.580, -0.500, -0.400, -0.014, -0.004, 0.078
140.600, -0.500, -0.400, -0.018, -0.007, 0.071
140.620, -0.500, -0.400, -0.023, -0.010, 0.069
140.640, -0.500, -0.400, -0.026, -0.013, 0.073
140.660, -0.500, -0.400, -0.027, -0.015, 0.079
140.680, -0.500, -0.400, -0.027, -0.017, 0.088
140.700, -0.500, -0.400, -0.025, -0.018, 0.095
140.720, -0.500, -0.400, -0.024, -0.019, 0.098
140.740, -0.500, -0.400, -0.023, -0.019, 0.096
140.760, -0.500, -0.400, -0.023, -0.021, 0.091
140.780, -0.500, -0.400, -0.024, -0.026, 0.085
140.800, -0.500, -0.400, -0.027, -0.032, 0.080
140.820, -0.500, -0.400, -0.034, -0.041, 0.075
140.840, -0.500, -0.400, -0.044, -0.052, 0.072
140.860, -0.500, -0.400, -0.056, -0.064, 0.070
140.880, -0.500, -0.400, -0.068, -0.077, 0.070
140.900, -0.500, -0.400, -0.079, -0.090, 0.069
140.920, -0.500, -0.400, -0.089, -0.102, 0.068
140.940, -0.500, -0.400, -0.097, -0.114, 0.066
140.960, -0.500, -0.400, -0.104, -0.125, 0.062
140.980, -0.500, -0.400, -0.110, -0.135, 0.056
141.000, -0.500, -0.400, -0.115, -0.144, 0.049
141.020, -0.500, -0.400, -0.117, -0.150, 0.043
141.040, -0.500, -0.400, -0.118, -0.154, 0.037
141.060, -0.500, -0.400, -0.117, -0.155, 0.036
141.080, -0.500, -0.400, -0.114, -0.155, 0.038
141.100, -0.500, -0.400, -0.111, -0.153, 0.041
141.120, -0.500, -0.400, -0.109, -0.150, 0.043
141.140, -0.500, -0.400, -0.108, -0.145, 0.046
141.160, -0.500, -0.400, -0.108, -0.140, 0.049
141.180, -0.500, -0.400, -0.109, -0.135, 0.052
141.200, -0.500, -0.400, -0.111, -0.131, 0.054
141.220, -0.500, -0.400, -0.112, -0.126, 0.057
141.240, -0.500, -0.400, -0.114, -0.122, 0.060
141.260, -0.500, -0.400, -0.115, -0.119, 0.063
141.280, -0.500, -0.400, -0.115, -0.115, 0.066
141.300, -0.500, -0.400, -0.115, -0.113, 0.069
141.320, -0.500, -0.400, -0.114, -0.110, 0.073
141.340, -0.500, -0.400, -0.113, -0.107, 0.078
141.360, -0.500, -0.400, -0.111, -0.103, 0.082
141.380, -0.500, -0.400, -0.110, -0.099, 0.081
141.400, -0.500, -0.400, -0.111, -0.095, 0.076
141.420, -0.500, -0.400, -0.115, -0.092, 0.070
141.440, -0.500, -0.400, -0.122, -0.090, 0.064
141.460, -0.500, -0.400, -0.130, -0.090, 0.060
141.480, -0.500, -0.400, -0.137, -0.092, 0.060
141.500, -0.500, -0.400, -0.144, -0.094, 0.063
141.520, -0.500, -0.400, -0.151, -0.097, 0.069
141.540, -0.500, -0.400, -0.158, -0.100, 0.077
141.560, -0.500, -0.400, -0.166, -0.103, 0.085
141.580, -0.500, -0.400, -0.175, -0.106, 0.094
141.600, -0.500, -0.400, -0.184, -0.110, 0.101
141.620, -0.500, -0.400, -0.194, -0.114, 0.106
141.640, -0.500, -0.400, -0.204, -0.118, 0.110
141.660, -0.500, -0.400, -0.214, -0.122, 0.113
141.680, -0.500, -0.400, -0.224, -0.127, 0.115
141.700, -0.500, -0.400, -0.233, -0.131, 0.116
141.720, -0.500, -0.400, -0.240, -0.135, 0.117
141.740, -0.500, -0.400, -0.247, -0.138, 0.118
141.760, -0.500, -0.400, -0.252, -0.141, 0.118
141.780, -0.500, -0.400, -0.257, -0.143, 0.117
141.800, -0.500, -0.400, -0.260, -0.144, 0.117
141.820, -0.500, -0.400, -0.262, -0.145, 0.115
141.840, -0.500, -0.400, -0.263, -0.145, 0.113
141.860, -0.500, -0.400, -0.264, -0.146, 0.111
141.880, -0.500, -0.400, -0.265, -0.146, 0.108
141.900, -0.500, -0.400, -0.266, -0.147, 0.105
141.920, -0.500, -0.400, -0.267, -0.148, 0.102
141.940, -0.500, -0.400, -0.267, -0.149, 0.099
141.960, -0.500, -0.400, -0.268, -0.152, 0.097
141.980, -0.500, -0.400, -0.268, -0.155, 0.094
142.000, -0.500, -0.400, -0.267, -0.158, 0.094
142.020, -0.500, -0.400, -0.266, -0.161, 0.097
142.040, -0.500, -0.400, -0.265, -0.166, 0.096
142.060, -0.500, -0.400, -0.264, -0.172, 0.092
142.080, -0.500, -0.400, -0.266, -0.179, 0.083
142.100, -0.500, -0.400, -0.270, -0.187, 0.074
142.120, -0.500, -0.400, -0.277, -0.196, 0.065
142.140, -0.500, -0.400, -0.285, -0.205, 0.057
142.160, -0.500, -0.400, -0.294, -0.215, 0.052
142.180, -0.500, -0.400, -0.303, -0.225, 0.048
142.200, -0.500, -0.400, -0.310, -0.235, 0.045
142.220, -0.500, -0.400, -0.316, -0.243, 0.044
142.240, -0.500, -0.400, -0.322, -0.249, 0.042
142.260, -0.500, -0.400, -0.326, -0.254, 0.040
142.280, -0.500, -0.400, -0.328, -0.257, 0.040
142.300, -0.500, -0.400, -0.331, -0.259, 0.039
142.320, -0.500, -0.400, -0.336, -0.259, 0.039
142.340, -0.500, -0.400, -0.342, -0.258, 0.038
142.360, -0.500, -0.400, -0.347, -0.257, 0.036
142.380, -0.500, -0.400, -0.349, -0.255, 0.035
142.400, -0.500, -0.400, -0.352, -0.253, 0.035
142.420, -0.500, -0.400, -0.353, -0.250, 0.037
142.440, -0.500, -0.400, -0.354, -0.247, 0.039
142.460, -0.500, -0.400, -0.354, -0.244, 0.042
142.480, -0.500, -0.400, -0.354, -0.241, 0.045
142.500, -0.500, -0.400, -0.354, -0.238, 0.047
142.520, -0.500, -0.400, -0.353, -0.236, 0.050
142.540, -0.500, -0.400, -0.352, -0.234, 0.053
142.560, -0.500, -0.400, -0.351, -0.232, 0.055
142.580, -0.500, -0.400, -0.350, -0.230, 0.058
142.600, -0.500, -0.400, -0.349, -0.228, 0.062
142.620, -0.500, -0.400, -0.348, -0.227, 0.065
142.640, -0.500, -0.400, -0.346, -0.225, 0.070
142.660, -0.500, -0.400, -0.344, -0.222, 0.075
142.680, -0.500, -0.400, -0.341, -0.218, 0.077
142.700, -0.500, -0.400, -0.341, -0.214, 0.075
142.720, -0.500, -0.400, -0.344, -0.212, 0.072
142.740, -0.500, -0.400, -0.350, -0.213, 0.069
142.760, -0.500, -0.400, -0.357, -0.217, 0.067
142.780, -0.500, -0.400, -0.364, -0.224, 0.068
142.800, -0.500, -0.400, -0.370, -0.233, 0.071
142.820, -0.500, -0.400, -0.375, -0.243, 0.077
142.840, -0.500, -0.400, -0.380, -0.255, 0.084
142.860, -0.500, -0.400, -0.384, -0.267, 0.091
142.880, -0.500, -0.400, -0.389, -0.280, 0.097
142.900, -0.500, -0.400, -0.394, -0.293, 0.102
142.920, -0.500, -0.400, -0.400, -0.306, 0.106
142.940, -0.500, -0.400, -0.406, -0.319, 0.109
142.960, -0.500, -0.400, -0.412, -0.332, 0.110
142.980, -0.500, -0.400, -0.419, -0.344, 0.111
143.000, -0.500, -0.400, -0.425, -0.355, 0.110
143.020, -0.500, -0.400, -0.431, -0.365, 0.109
143.040, -0.500, -0.400, -0.436, -0.374, 0.107
143.060, -0.500, -0.400, -0.442, -0.381, 0.105
143.080, -0.500, -0.400, -0.446, -0.387, 0.102
143.100, -0.500, -0.400, -0.451, -0.392, 0.098
143.120, -0.500, -0.400, -0.455, -0.396, 0.094
143.140, -0.500, -0.400, -0.460, -0.400, 0.089
143.160, -0.500, -0.400, -0.464, -0.404, 0.084
143.180, -0.500, -0.400, -0.469, -0.409, 0.078
143.200, -0.500, -0.400, -0.473, -0.414, 0.070
143.220, -0.500, -0.400, -0.476, -0.418, 0.068
143.240, -0.500, -0.400, -0.477, -0.421, 0.070
143.260, -0.500, -0.400, -0.478, -0.423, 0.075
143.280, -0.500, -0.400, -0.478, -0.424, 0.081
143.300, -0.500, -0.400, -0.479, -0.424, 0.088
143.320, -0.500, -0.400, -0.479, -0.422, 0.095
143.340, -0.500, -0.400, -0.479, -0.419, 0.098
143.360, -0.500, -0.400, -0.481, -0.416, 0.097
143.380, -0.500, -0.400, -0.483, -0.414, 0.093
143.400, -0.500, -0.400, -0.486, -0.415, 0.088
143.420, -0.500, -0.400, -0.492, -0.420, 0.083
143.440, -0.500, -0.400, -0.502, -0.428, 0.080
143.460, -0.500, -0.400, -0.514, -0.438, 0.078
143.480, -0.500, -0.400, -0.527, -0.450, 0.079
143.500, -0.500, -0.400, -0.541, -0.464, 0.081
143.520, -0.500, -0.400, -0.555, -0.479, 0.083
143.540, -0.500, -0.400, -0.567, -0.495, 0.086
143.560, -0.500, -0.400, -0.577, -0.511, 0.087
143.580, -0.500, -0.400, -0.586, -0.526, 0.086
143.600, -0.500, -0.400, -0.593, -0.539, 0.083
143.620, -0.500, -0.400, -0.598, -0.551, 0.078
143.640, -0.500, -0.400, -0.602, -0.560, 0.070
143.660, -0.500, -0.400, -0.603, -0.566, 0.063
143.680, -0.500, -0.400, -0.603, -0.569, 0.057
143.700, -0.500, -0.400, -0.602, -0.570, 0.051
143.720, -0.500, -0.400, -0.601, -0.569, 0.045
143.740, -0.500, -0.400, -0.601, -0.567, 0.041
143.760, -0.500, -0.400, -0.600, -0.564, 0.041
143.780, -0.500, -0.400, -0.598, -0.560, 0.044
143.800, -0.500, -0.400, -0.596, -0.556, 0.049
143.820, -0.500, -0.400, -0.595, -0.551, 0.054
143.840, -0.500, -0.400, -0.595, -0.547, 0.059
143.860, -0.500, -0.400, -0.595, -0.543, 0.063
143.880, -0.500, -0.400, -0.596, -0.539, 0.068
143.900, -0.500, -0.400, -0.597, -0.535, 0.072
143.920, -0.500, -0.400, -0.599, -0.531, 0.076
143.940, -0.500, -0.400, -0.600, -0.527, 0.079
143.960, -0.500, -0.400, -0.600, -0.523, 0.084
143.980, -0.500, -0.400, -0.600, -0.518, 0.087
144.000, -0.500, -0.400, -0.600, -0.512, 0.085
144.020, -0.500, -0.400, -0.601, -0.506, 0.080
144.040, -0.500, -0.400, -0.605, -0.502, 0.071
144.060, -0.500, -0.400, -0.612, -0.499, 0.063
144.080, -0.500, -0.400, -0.620, -0.497, 0.056
144.100, -0.500, -0.400, -0.627, -0.498, 0.053
144.120, -0.500, -0.400, -0.634, -0.499, 0.054
144.140, -0.500, -0.400, -0.641, -0.501, 0.058
144.160, -0.500, -0.400, -0.648, -0.503, 0.065
144.180, -0.500, -0.400, -0.656, -0.505, 0.074
144.200, -0.500, -0.400, -0.665, -0.507, 0.083
144.220, -0.500, -0.400, -0.675, -0.509, 0.091
144.240, -0.500, -0.400, -0.685, -0.511, 0.097
144.260, -0.500, -0.400, -0.696, -0.513, 0.102
144.280, -0.500, -0.400, -0.708, -0.516, 0.106
144.300, -0.500, -0.400, -0.718, -0.519, 0.109
144.320, -0.500, -0.400, -0.728, -0.523, 0.110
144.340, -0.500, -0.400, -0.736, -0.526, 0.112
144.360, -0.500, -0.400, -0.743, -0.528, 0.113
144.380, -0.500, -0.400, -0.749, -0.530, 0.113
144.400, -0.500, -0.400, -0.753, -0.532, 0.113
144.420, -0.500, -0.400, -0.756, -0.533, 0.112
144.440, -0.500, -0.400, -0.757, -0.534, 0.110
146.480, -0.500, -0.300, 0.000, 0.000, 0.175
146.500, -0.500, -0.300, -0.000, 0.001, 0.162
146.520, -0.500, -0.300, -0.001, 0.001, 0.147
146.540, -0.500, -0.300, -0.002, 0.001, 0.128
146.560, -0.500, -0.300, -0.004, 0.000, 0.106
146.580, -0.500, -0.300, -0.008, -0.001, 0.090
146.600, -0.500, -0.300, -0.012, -0.003, 0.078
146.620, -0.500, -0.300, -0.017, -0.005, 0.071
146.640, -0.500, -0.300, -0.022, -0.007, 0.069
146.660, -0.500, -0.300, -0.024, -0.009, 0.073
146.680, -0.500, -0.300, -0.025, -0.011, 0.080
146.700, -0.500, -0.300, -0.025, -0.012, 0.089
146.720, -0.500, -0.300, -0.023, -0.014, 0.096
146.740, -0.500, -0.300, -0.022, -0.014, 0.098
146.760, -0.500, -0.300, -0.021, -0.015, 0.096
146.780, -0.500, -0.300, -0.021, -0.017, 0.091
146.800, -0.500, -0.300, -0.023, -0.021, 0.084
146.820, -0.500, -0.300, -0.027, -0.027, 0.078
146.840, -0.500, -0.300, -0.034, -0.034, 0.074
146.860, -0.500, -0.300, -0.043, -0.042, 0.070
146.880, -0.500, -0.300, -0.053, -0.052, 0.069
146.900, -0.500, -0.300, -0.063, -0.063, 0.068
146.920, -0.500, -0.300, -0.074, -0.074, 0.068
146.940, -0.500, -0.300, -0.083, -0.085, 0.067
146.960, -0.500, -0.300, -0.092, -0.095, 0.066
146.980, -0.500, -0.300, -0.099, -0.105, 0.064
147.000, -0.500, -0.300, -0.104, -0.114, 0.060
147.020, -0.500, -0.300, -0.109, -0.121, 0.056
147.040, -0.500, -0.300, -0.112, -0.126, 0.052
147.060, -0.500, -0.300, -0.114, -0.130, 0.047
147.080, -0.500, -0.300, -0.115, -0.131, 0.043
147.100, -0.500, -0.300, -0.116, -0.131, 0.040
147.120, -0.500, -0.300, -0.115, -0.130, 0.040
147.140, -0.500, -0.300, -0.114, -0.127, 0.042
147.160, -0.500, -0.300, -0.112, -0.124, 0.046
147.180, -0.500, -0.300, -0.110, -0.120, 0.050
147.200, -0.500, -0.300, -0.110, -0.115, 0.055
147.220, -0.500, -0.300, -0.110, -0.110, 0.059
147.240, -0.500, -0.300, -0.110, -0.106, 0.063
147.260, -0.500, -0.300, -0.111, -0.101, 0.066
147.280, -0.500, -0.300, -0.112, -0.097, 0.069
147.300, -0.500, -0.300, -0.112, -0.094, 0.072
147.320, -0.500, -0.300, -0.112, -0.090, 0.075
147.340, -0.500, -0.300, -0.111, -0.087, 0.078
147.360, -0.500, -0.300, -0.110, -0.084, 0.082
147.380, -0.500, -0.300, -0.109, -0.080, 0.084
147.400, -0.500, -0.300, -0.108, -0.076, 0.083
147.420, -0.500, -0.300, -0.109, -0.073, 0.077
147.440, -0.500, -0.300, -0.114, -0.070, 0.070
147.460, -0.500, -0.300, -0.121, -0.070, 0.064
147.480, -0.500, -0.300, -0.128, -0.070, 0.061
147.500, -0.500, -0.300, -0.136, -0.072, 0.061
147.520, -0.500, -0.300, -0.143, -0.075, 0.064
147.540, -0.500, -0.300, -0.150, -0.078, 0.069
147.560, -0.500, -0.300, -0.158, -0.081, 0.077
147.580, -0.500, -0.300, -0.166, -0.085, 0.084
147.600, -0.500, -0.300, -0.175, -0.090, 0.091
147.620, -0.500, -0.300, -0.184, -0.094, 0.097
147.640, -0.500, -0.300, -0.193, -0.099, 0.102
147.660, -0.500, -0.300, -0.203, -0.104, 0.105
147.680, -0.500, -0.300, -0.212, -0.109, 0.108
147.700, -0.500, -0.300, -0.220, -0.114, 0.109
147.720, -0.500, -0.300, -0.228, -0.118, 0.110
147.740, -0.500, -0.300, -0.235, -0.122, 0.111
147.760, -0.500, -0.300, -0.241, -0.125, 0.111
147.780, -0.500, -0.300, -0.246, -0.128, 0.111
147.800, -0.500, -0.300, -0.249, -0.129, 0.111
147.820, -0.500, -0.300, -0.251, -0.130, 0.110
147.840, -0.500, -0.300, -0.253, -0.131, 0.108
147.860, -0.500, -0.300, -0.254, -0.131, 0.106
147.880, -0.500, -0.300, -0.254, -0.131, 0.103
147.900, -0.500, -0.300, -0.254, -0.132, 0.100
147.920, -0.500, -0.300, -0.254, -0.132, 0.097
147.940, -0.500, -0.300, -0.255, -0.134, 0.094
147.960, -0.500, -0.300, -0.255, -0.136, 0.092
147.980, -0.500, -0.300, -0.255, -0.139, 0.088
148.000, -0.500, -0.300, -0.255, -0.141, 0.090
148.020, -0.500, -0.300, -0.254, -0.143, 0.096
148.040, -0.500, -0.300, -0.253, -0.147, 0.101
148.060, -0.500, -0.300, -0.252, -0.151, 0.100
148.080, -0.500, -0.300, -0.252, -0.157, 0.095
148.100, -0.500, -0.300, -0.255, -0.163, 0.086
148.120, -0.500, -0.300, -0.261, -0.170, 0.078
148.140, -0.500, -0.300, -0.268, -0.176, 0.071
148.160, -0.500, -0.300, -0.277, -0.184, 0.067
148.180, -0.500, -0.300, -0.285, -0.191, 0.064
148.200, -0.500, -0.300, -0.293, -0.199, 0.063
148.220, -0.500, -0.300, -0.301, -0.206, 0.062
148.240, -0.500, -0.300, -0.308, -0.213, 0.062
148.260, -0.500, -0.300, -0.315, -0.220, 0.061
148.280, -0.500, -0.300, -0.320, -0.225, 0.060
148.300, -0.500, -0.300, -0.326, -0.230, 0.058
148.320, -0.500, -0.300, -0.330, -0.234, 0.056
148.340, -0.500, -0.300, -0.335, -0.236, 0.053
148.360, -0.500, -0.300, -0.339, -0.238, 0.051
148.380, -0.500, -0.300, -0.343, -0.239, 0.048
148.400, -0.500, -0.300, -0.347, -0.238, 0.046
148.420, -0.500, -0.300, -0.350, -0.237, 0.044
148.440, -0.500, -0.300, -0.353, -0.236, 0.042
148.460, -0.500, -0.300, -0.355, -0.233, 0.041
148.480, -0.500, -0.300, -0.356, -0.231, 0.041
148.500, -0.500, -0.300, -0.356, -0.228, 0.043
148.520, -0.500, -0.300, -0.355, -0.225, 0.047
148.540, -0.500, -0.300, -0.353, -0.223, 0.051
148.560, -0.500, -0.300, -0.352, -0.220, 0.055
148.580, -0.500, -0.300, -0.350, -0.217, 0.059
148.600, -0.500, -0.300, -0.349, -0.215, 0.062
148.620, -0.500, -0.300, -0.348, -0.213, 0.065
148.640, -0.500, -0.300, -0.346, -0.210, 0.069
148.660, -0.500, -0.300, -0.345, -0.208, 0.072
148.680, -0.500, -0.300, -0.343, -0.205, 0.076
148.700, -0.500, -0.300, -0.341, -0.201, 0.077
148.720, -0.500, -0.300, -0.340, -0.197, 0.075
148.740, -0.500, -0.300, -0.343, -0.194, 0.069
148.760, -0.500, -0.300, -0.348, -0.194, 0.063
148.780, -0.500, -0.300, -0.356, -0.197, 0.059
148.800, -0.500, -0.300, -0.364, -0.201, 0.057
148.820, -0.500, -0.300, -0.371, -0.208, 0.059
148.840, -0.500, -0.300, -0.378, -0.215, 0.064
148.860, -0.500, -0.300, -0.384, -0.224, 0.070
148.880, -0.500, -0.300, -0.390, -0.233, 0.077
148.900, -0.500, -0.300, -0.396, -0.243, 0.083
148.920, -0.500, -0.300, -0.402, -0.253, 0.089
148.940, -0.500, -0.300, -0.410, -0.263, 0.093
148.960, -0.500, -0.300, -0.417, -0.273, 0.096
148.980, -0.500, -0.300, -0.425, -0.283, 0.098
149.000, -0.500, -0.300, -0.433, -0.292, 0.099
149.020, -0.500, -0.300, -0.440, -0.301, 0.100
149.040, -0.500, -0.300, -0.447, -0.309, 0.100
149.060, -0.500, -0.300, -0.454, -0.317, 0.099
149.080, -0.500, -0.300, -0.460, -0.323, 0.098
149.100, -0.500, -0.300, -0.465, -0.329, 0.096
149.120, -0.500, -0.300, -0.470, -0.334, 0.094
149.140, -0.500, -0.300, -0.474, -0.338, 0.091
149.160, -0.500, -0.300, -0.478, -0.342, 0.087
149.180, -0.500, -0.300, -0.481, -0.346, 0.083
149.200, -0.500, -0.300, -0.485, -0.350, 0.078
149.220, -0.500, -0.300, -0.489, -0.356, 0.072
149.240, -0.500, -0.300, -0.491, -0.359, 0.071
149.260, -0.500, -0.300, -0.491, -0.363, 0.074
149.280, -0.500, -0.300, -0.491, -0.366, 0.078
149.300, -0.500, -0.300, -0.491, -0.368, 0.085
149.320, -0.500, -0.300, -0.490, -0.369, 0.092
149.340, -0.500, -0.300, -0.489, -0.368, 0.097
149.360, -0.500, -0.300, -0.488, -0.367, 0.099
149.380, -0.500, -0.300, -0.489, -0.365, 0.097
149.400, -0.500, -0.300, -0.492, -0.365, 0.093
149.420, -0.500, -0.300, -0.496, -0.367, 0.088
149.440, -0.500, -0.300, -0.503, -0.371, 0.083
149.460, -0.500, -0.300, -0.512, -0.378, 0.080
149.480, -0.500, -0.300, -0.524, -0.386, 0.078
149.500, -0.500, -0.300, -0.536, -0.397, 0.079
149.520, -0.500, -0.300, -0.548, -0.408, 0.081
149.540, -0.500, -0.300, -0.560, -0.421, 0.083
149.560, -0.500, -0.300, -0.571, -0.434, 0.085
149.580, -0.500, -0.300, -0.580, -0.447, 0.087
149.600, -0.500, -0.300, -0.587, -0.459, 0.086
149.620, -0.500, -0.300, -0.593, -0.470, 0.084
149.640, -0.500, -0.300, -0.597, -0.479, 0.080
149.660, -0.500, -0.300, -0.600, -0.486, 0.076
149.680, -0.500, -0.300, -0.601, -0.491, 0.072
149.700, -0.500, -0.300, -0.601, -0.493, 0.067
149.720, -0.500, -0.300, -0.601, -0.494, 0.062
149.740, -0.500, -0.300, -0.602, -0.494, 0.058
149.760, -0.500, -0.300, -0.602, -0.492, 0.055
149.780, -0.500, -0.300, -0.604, -0.489, 0.052
149.800, -0.500, -0.300, -0.606, -0.486, 0.051
149.820, -0.500, -0.300, -0.607, -0.482, 0.054
149.840, -0.500, -0.300, -0.608, -0.478, 0.059
149.860, -0.500, -0.300, -0.608, -0.474, 0.064
149.880, -0.500, -0.300, -0.608, -0.470, 0.068
149.900, -0.500, -0.300, -0.608, -0.465, 0.072
149.920, -0.500, -0.300, -0.608, -0.461, 0.076
149.940, -0.500, -0.300, -0.607, -0.458, 0.079
149.960, -0.500, -0.300, -0.607, -0.454, 0.082
149.980, -0.500, -0.300, -0.606, -0.450, 0.086
150.000, -0.500, -0.300, -0.605, -0.446, 0.089
150.020, -0.500, -0.300, -0.604, -0.441, 0.087
150.040, -0.500, -0.300, -0.606, -0.437, 0.082
150.060, -0.500, -0.300, -0.611, -0.434, 0.074
150.080, -0.500, -0.300, -0.618, -0.433, 0.066
150.100, -0.500, -0.300, -0.626, -0.434, 0.061
150.120, -0.500, -0.300, -0.634, -0.436, 0.060
150.140, -0.500, -0.300, -0.641, -0.440, 0.062
150.160, -0.500, -0.300, -0.647, -0.444, 0.067
150.180, -0.500, -0.300, -0.654, -0.449, 0.074
150.200, -0.500, -0.300, -0.662, -0.454, 0.083
150.220, -0.500, -0.300, -0.670, -0.459, 0.090
150.240, -0.500, -0.300, -0.679, -0.465, 0.097
150.260, -0.500, -0.300, -0.688, -0.470, 0.102
150.280, -0.500, -0.300, -0.697, -0.477, 0.106
150.300, -0.500, -0.300, -0.706, -0.483, 0.109
150.320, -0.500, -0.300, -0.714, -0.489, 0.111
150.340, -0.500, -0.300, -0.722, -0.494, 0.112
150.360, -0.500, -0.300, -0.729, -0.499, 0.113
150.380, -0.500, -0.300, -0.734, -0.503, 0.113
150.400, -0.500, -0.300, -0.739, -0.506, 0.113
150.420, -0.500, -0.300, -0.742, -0.508, 0.113
150.440, -0.500, -0.300, -0.745, -0.509, 0.112
150.460, -0.500, -0.300, -0.746, -0.510, 0.110
152.500, -0.500, -0.200, 0.000, 0.000, 0.175
152.520, -0.500, -0.200, -0.000, 0.001, 0.162
152.540, -0.500, -0.200, -0.001, 0.001, 0.147
152.560, -0.500, -0.200, -0.001, 0.001, 0.128
152.580, -0.500, -0.200, -0.003, 0.000, 0.107
152.600, -0.500, -0.200, -0.006, -0.001, 0.091
152.620, -0.500, -0.200, -0.010, -0.002, 0.080
152.640, -0.500, -0.200, -0.015, -0.003, 0.073
152.660, -0.500, -0.200, -0.020, -0.005, 0.073
152.680, -0.500, -0.200, -0.022, -0.006, 0.077
152.700, -0.500, -0.200, -0.022, -0.007, 0.085
152.720, -0.500, -0.200, -0.021, -0.008, 0.093
152.740, -0.500, -0.200, -0.020, -0.009, 0.100
152.760, -0.500, -0.200, -0.019, -0.010, 0.102
152.780, -0.500, -0.200, -0.018, -0.011, 0.099
152.800, -0.500, -0.200, -0.018, -0.013, 0.094
152.820, -0.500, -0.200, -0.021, -0.016, 0.087
152.840, -0.500, -0.200, -0.026, -0.021, 0.081
152.860, -0.500, -0.200, -0.033, -0.026, 0.077
152.880, -0.500, -0.200, -0.041, -0.032, 0.075
152.900, -0.500, -0.200, -0.050, -0.039, 0.073
152.920, -0.500, -0.200, -0.060, -0.047, 0.073
152.940, -0.500, -0.200, -0.069, -0.055, 0.074
152.960, -0.500, -0.200, -0.079, -0.063, 0.074
152.980, -0.500, -0.200, -0.087, -0.071, 0.074
153.000, -0.500, -0.200, -0.095, -0.078, 0.073
153.020, -0.500, -0.200, -0.102, -0.085, 0.072
153.040, -0.500, -0.200, -0.107, -0.091, 0.069
153.060, -0.500, -0.200, -0.112, -0.096, 0.066
153.080, -0.500, -0.200, -0.115, -0.099, 0.063
153.100, -0.500, -0.200, -0.117, -0.101, 0.060
153.120, -0.500, -0.200, -0.118, -0.102, 0.057
153.140, -0.500, -0.200, -0.118, -0.102, 0.055
153.160, -0.500, -0.200, -0.119, -0.100, 0.053
153.180, -0.500, -0.200, -0.118, -0.098, 0.055
153.200, -0.500, -0.200, -0.116, -0.096, 0.058
153.220, -0.500, -0.200, -0.115, -0.092, 0.062
153.240, -0.500, -0.200, -0.114, -0.089, 0.065
153.260, -0.500, -0.200, -0.113, -0.085, 0.069
153.280, -0.500, -0.200, -0.113, -0.081, 0.072
153.300, -0.500, -0.200, -0.113, -0.077, 0.075
153.320, -0.500, -0.200, -0.113, -0.073, 0.077
153.340, -0.500, -0.200, -0.113, -0.069, 0.080
153.360, -0.500, -0.200, -0.113, -0.066, 0.083
153.380, -0.500, -0.200, -0.112, -0.062, 0.087
153.400, -0.500, -0.200, -0.111, -0.058, 0.089
153.420, -0.500, -0.200, -0.110, -0.054, 0.087
153.440, -0.500, -0.200, -0.112, -0.050, 0.081
153.460, -0.500, -0.200, -0.117, -0.047, 0.073
153.480, -0.500, -0.200, -0.124, -0.045, 0.066
153.500, -0.500, -0.200, -0.131, -0.045, 0.061
153.520, -0.500, -0.200, -0.139, -0.045, 0.060
153.540, -0.500, -0.200, -0.147, -0.047, 0.062
153.560, -0.500, -0.200, -0.155, -0.049, 0.066
153.580, -0.500, -0.200, -0.163, -0.052, 0.071
153.600, -0.500, -0.200, -0.172, -0.055, 0.078
153.620, -0.500, -0.200, -0.182, -0.059, 0.084
153.640, -0.500, -0.200, -0.192, -0.063, 0.089
153.660, -0.500, -0.200, -0.202, -0.067, 0.093
153.680, -0.500, -0.200, -0.211, -0.072, 0.097
153.700, -0.500, -0.200, -0.221, -0.077, 0.099
153.720, -0.500, -0.200, -0.229, -0.082, 0.101
153.740, -0.500, -0.200, -0.237, -0.086, 0.103
153.760, -0.500, -0.200, -0.244, -0.090, 0.103
153.780, -0.500, -0.200, -0.250, -0.094, 0.104
153.800, -0.500, -0.200, -0.254, -0.096, 0.104
153.820, -0.500, -0.200, -0.258, -0.099, 0.103
153.840, -0.500, -0.200, -0.260, -0.100, 0.102
153.860, -0.500, -0.200, -0.261, -0.101, 0.101
153.880, -0.500, -0.200, -0.262, -0.103, 0.099
153.900, -0.500, -0.200, -0.262, -0.104, 0.096
153.920, -0.500, -0.200, -0.262, -0.105, 0.093
153.940, -0.500, -0.200, -0.261, -0.107, 0.091
153.960, -0.500, -0.200, -0.261, -0.109, 0.088
153.980, -0.500, -0.200, -0.261, -0.112, 0.085
154.000, -0.500, -0.200, -0.262, -0.115, 0.086
154.020, -0.500, -0.200, -0.262, -0.117, 0.092
154.040, -0.500, -0.200, -0.261, -0.120, 0.099
154.060, -0.500, -0.200, -0.260, -0.123, 0.103
154.080, -0.500, -0.200, -0.259, -0.128, 0.102
154.100, -0.500, -0.200, -0.260, -0.132, 0.097
154.120, -0.500, -0.200, -0.264, -0.137, 0.088
154.140, -0.500, -0.200, -0.270, -0.141, 0.081
154.160, -0.500, -0.200, -0.278, -0.146, 0.076
154.180, -0.500, -0.200, -0.286, -0.151, 0.073
154.200, -0.500, -0.200, -0.294, -0.156, 0.072
154.220, -0.500, -0.200, -0.303, -0.161, 0.072
154.240, -0.500, -0.200, -0.311, -0.166, 0.073
154.260, -0.500, -0.200, -0.318, -0.171, 0.074
154.280, -0.500, -0.200, -0.326, -0.176, 0.074
154.300, -0.500, -0.200, -0.332, -0.182, 0.074
154.320, -0.500, -0.200, -0.338, -0.187, 0.073
154.340, -0.500, -0.200, -0.343, -0.192, 0.071
154.360, -0.500, -0.200, -0.347, -0.196, 0.069
154.380, -0.500, -0.200, -0.350, -0.199, 0.067
154.400, -0.500, -0.200, -0.352, -0.201, 0.065
154.420, -0.500, -0.200, -0.354, -0.203, 0.063
154.440, -0.500, -0.200, -0.355, -0.203, 0.061
154.460, -0.500, -0.200, -0.356, -0.203, 0.060
154.480, -0.500, -0.200, -0.357, -0.202, 0.058
154.500, -0.500, -0.200, -0.357, -0.200, 0.058
154.520, -0.500, -0.200, -0.358, -0.198, 0.057
154.540, -0.500, -0.200, -0.358, -0.195, 0.056
154.560, -0.500, -0.200, -0.358, -0.192, 0.058
154.580, -0.500, -0.200, -0.358, -0.189, 0.061
154.600, -0.500, -0.200, -0.357, -0.186, 0.065
154.620, -0.500, -0.200, -0.356, -0.183, 0.068
154.640, -0.500, -0.200, -0.354, -0.180, 0.072
154.660, -0.500, -0.200, -0.353, -0.177, 0.076
154.680, -0.500, -0.200, -0.352, -0.173, 0.080
154.700, -0.500, -0.200, -0.350, -0.169, 0.083
154.720, -0.500, -0.200, -0.348, -0.165, 0.084
154.740, -0.500, -0.200, -0.347, -0.160, 0.080
154.760, -0.500, -0.200, -0.350, -0.155, 0.073
154.780, -0.500, -0.200, -0.356, -0.153, 0.065
154.800, -0.500, -0.200, -0.363, -0.152, 0.058
154.820, -0.500, -0.200, -0.370, -0.153, 0.055
154.840, -0.500, -0.200, -0.377, -0.155, 0.054
154.860, -0.500, -0.200, -0.384, -0.159, 0.055
154.880, -0.500, -0.200, -0.390, -0.163, 0.059
154.900, -0.500, -0.200, -0.396, -0.168, 0.064
154.920, -0.500, -0.200, -0.402, -0.174, 0.069
154.940, -0.500, -0.200, -0.409, -0.179, 0.075
154.960, -0.500, -0.200, -0.417, -0.185, 0.079
154.980, -0.500, -0.200, -0.425, -0.192, 0.083
155.000, -0.500, -0.200, -0.433, -0.198, 0.087
155.020, -0.500, -0.200, -0.441, -0.205, 0.089
155.040, -0.500, -0.200, -0.448, -0.211, 0.091
155.060, -0.500, -0.200, -0.455, -0.217, 0.092
155.080, -0.500, -0.200, -0.462, -0.223, 0.093
155.100, -0.500, -0.200, -0.467, -0.229, 0.094
155.120, -0.500, -0.200, -0.471, -0.234, 0.093
155.140, -0.500, -0.200, -0.475, -0.239, 0.092
155.160, -0.500, -0.200, -0.478, -0.243, 0.091
155.180, -0.500, -0.200, -0.480, -0.247, 0.089
155.200, -0.500, -0.200, -0.482, -0.251, 0.087
155.220, -0.500, -0.200, -0.483, -0.254, 0.084
155.240, -0.500, -0.200, -0.485, -0.258, 0.080
155.260, -0.500, -0.200, -0.487, -0.263, 0.076
155.280, -0.500, -0.200, -0.489, -0.267, 0.076
155.300, -0.500, -0.200, -0.490, -0.270, 0.080
155.320, -0.500, -0.200, -0.490, -0.273, 0.086
155.340, -0.500, -0.200, -0.490, -0.275, 0.093
155.360, -0.500, -0.200, -0.489, -0.277, 0.099
155.380, -0.500, -0.200, -0.488, -0.277, 0.100
155.400, -0.500, -0.200, -0.489, -0.278, 0.097
155.420, -0.500, -0.200, -0.492, -0.278, 0.092
155.440, -0.500, -0.200, -0.497, -0.279, 0.086
155.460, -0.500, -0.200, -0.504, -0.281, 0.082
155.480, -0.500, -0.200, -0.513, -0.284, 0.080
155.500, -0.500, -0.200, -0.522, -0.287, 0.079
155.520, -0.500, -0.200, -0.533, -0.292, 0.080
155.540, -0.500, -0.200, -0.544, -0.297, 0.081
155.560, -0.500, -0.200, -0.555, -0.303, 0.082
155.580, -0.500, -0.200, -0.566, -0.310, 0.084
155.600, -0.500, -0.200, -0.575, -0.317, 0.085
155.620, -0.500, -0.200, -0.584, -0.324, 0.086
155.640, -0.500, -0.200, -0.592, -0.331, 0.085
155.660, -0.500, -0.200, -0.598, -0.337, 0.083
155.680, -0.500, -0.200, -0.603, -0.343, 0.081
155.700, -0.500, -0.200, -0.606, -0.347, 0.078
155.720, -0.500, -0.200, -0.608, -0.350, 0.075
155.740, -0.500, -0.200, -0.608, -0.351, 0.072
155.760, -0.500, -0.200, -0.608, -0.352, 0.069
155.780, -0.500, -0.200, -0.607, -0.351, 0.066
155.800, -0.500, -0.200, -0.607, -0.350, 0.064
155.820, -0.500, -0.200, -0.607, -0.347, 0.061
155.840, -0.500, -0.200, -0.608, -0.345, 0.062
155.860, -0.500, -0.200, -0.608, -0.342, 0.064
155.880, -0.500, -0.200, -0.607, -0.339, 0.068
155.900, -0.500, -0.200, -0.606, -0.335, 0.072
155.920, -0.500, -0.200, -0.606, -0.331, 0.076
155.940, -0.500, -0.200, -0.605, -0.327, 0.079
155.960, -0.500, -0.200, -0.604, -0.323, 0.082
155.980, -0.500, -0.200, -0.604, -0.319, 0.086
156.000, -0.500, -0.200, -0.603, -0.315, 0.090
156.020, -0.500, -0.200, -0.601, -0.311, 0.092
156.040, -0.500, -0.200, -0.600, -0.305, 0.090
156.060, -0.500, -0.200, -0.602, -0.300, 0.083
156.080, -0.500, -0.200, -0.606, -0.295, 0.074
156.100, -0.500, -0.200, -0.612, -0.293, 0.066
156.120, -0.500, -0.200, -0.619, -0.291, 0.060
156.140, -0.500, -0.200, -0.625, -0.292, 0.057
156.160, -0.500, -0.200, -0.632, -0.293, 0.057
156.180, -0.500, -0.200, -0.639, -0.295, 0.060
156.200, -0.500, -0.200, -0.646, -0.297, 0.065
156.220, -0.500, -0.200, -0.655, -0.299, 0.071
156.240, -0.500, -0.200, -0.664, -0.302, 0.077
156.260, -0.500, -0.200, -0.673, -0.305, 0.082
156.280, -0.500, -0.200, -0.682, -0.308, 0.087
156.300, -0.500, -0.200, -0.691, -0.311, 0.091
156.320, -0.500, -0.200, -0.700, -0.313, 0.094
156.340, -0.500, -0.200, -0.708, -0.316, 0.096
156.360, -0.500, -0.200, -0.716, -0.318, 0.098
156.380, -0.500, -0.200, -0.722, -0.319, 0.099
156.400, -0.500, -0.200, -0.728, -0.321, 0.100
156.420, -0.500, -0.200, -0.732, -0.321, 0.100
156.440, -0.500, -0.200, -0.734, -0.322, 0.100
156.460, -0.500, -0.200, -0.735, -0.322, 0.099
156.480, -0.500, -0.200, -0.735, -0.322, 0.097
158.520, -0.500, -0.100, 0.000, 0.000, 0.175
158.540, -0.500, -0.100, -0.000, 0.001, 0.162
158.560, -0.500, -0.100, -0.000, 0.001, 0.147
158.580, -0.500, -0.100, -0.000, 0.001, 0.128
158.600, -0.500, -0.100, -0.001, 0.000, 0.106
158.620, -0.500, -0.100, -0.003, -0.001, 0.090
158.640, -0.500, -0.100, -0.007, -0.001, 0.078
158.660, -0.500, -0.100, -0.012, -0.002, 0.071
158.680, -0.500, -0.100, -0.016, -0.003, 0.072
158.700, -0.500, -0.100, -0.018, -0.003, 0.077
158.720, -0.500, -0.100, -0.018, -0.004, 0.085
158.740, -0.500, -0.100, -0.017, -0.005, 0.094
158.760, -0.500, -0.100, -0.016, -0.006, 0.101
158.780, -0.500, -0.100, -0.014, -0.007, 0.103
158.800, -0.500, -0.100, -0.014, -0.008, 0.100
158.820, -0.500, -0.100, -0.015, -0.010, 0.094
158.840, -0.500, -0.100, -0.018, -0.012, 0.088
158.860, -0.500, -0.100, -0.023, -0.015, 0.083
158.880, -0.500, -0.100, -0.029, -0.017, 0.080
158.900, -0.500, -0.100, -0.037, -0.020, 0.079
158.920, -0.500, -0.100, -0.045, -0.022, 0.079
158.940, -0.500, -0.100, -0.054, -0.024, 0.080
158.960, -0.500, -0.100, -0.063, -0.026, 0.081
158.980, -0.500, -0.100, -0.073, -0.027, 0.082
159.000, -0.500, -0.100, -0.082, -0.028, 0.082
159.020, -0.500, -0.100, -0.091, -0.028, 0.083
159.040, -0.500, -0.100, -0.100, -0.029, 0.083
159.060, -0.500, -0.100, -0.108, -0.029, 0.082
159.080, -0.500, -0.100, -0.116, -0.028, 0.081
159.100, -0.500, -0.100, -0.123, -0.028, 0.079
159.120, -0.500, -0.100, -0.130, -0.028, 0.077
159.140, -0.500, -0.100, -0.135, -0.027, 0.075
159.160, -0.500, -0.100, -0.141, -0.026, 0.073
159.180, -0.500, -0.100, -0.145, -0.025, 0.071
159.200, -0.500, -0.100, -0.149, -0.023, 0.070
159.220, -0.500, -0.100, -0.152, -0.020, 0.071
159.240, -0.500, -0.100, -0.154, -0.018, 0.073
159.260, -0.500, -0.100, -0.154, -0.016, 0.076
159.280, -0.500, -0.100, -0.153, -0.013, 0.078
159.300, -0.500, -0.100, -0.152, -0.011, 0.081
159.320, -0.500, -0.100, -0.150, -0.008, 0.083
159.340, -0.500, -0.100, -0.148, -0.006, 0.085
159.360, -0.500, -0.100, -0.146, -0.004, 0.088
159.380, -0.500, -0.100, -0.144, -0.002, 0.091
159.400, -0.500, -0.100, -0.142, -0.000, 0.095
159.420, -0.500, -0.100, -0.140, 0.002, 0.097
159.440, -0.500, -0.100, -0.138, 0.004, 0.094
159.460, -0.500, -0.100, -0.138, 0.006, 0.087
159.480, -0.500, -0.100, -0.142, 0.008, 0.079
159.500, -0.500, -0.100, -0.147, 0.011, 0.072
159.520, -0.500, -0.100, -0.155, 0.012, 0.068
159.540, -0.500, -0.100, -0.164, 0.014, 0.066
159.560, -0.500, -0.100, -0.174, 0.014, 0.067
159.580, -0.500, -0.100, -0.186, 0.014, 0.070
159.600, -0.500, -0.100, -0.199, 0.014, 0.075
159.620, -0.500, -0.100, -0.212, 0.013, 0.079
159.640, -0.500, -0.100, -0.225, 0.011, 0.084
159.660, -0.500, -0.100, -0.238, 0.009, 0.088
159.680, -0.500, -0.100, -0.250, 0.005, 0.091
159.700, -0.500, -0.100, -0.262, 0.002, 0.093
159.720, -0.500, -0.100, -0.272, -0.002, 0.095
159.740, -0.500, -0.100, -0.282, -0.005, 0.096
159.760, -0.500, -0.100, -0.290, -0.007, 0.097
159.780, -0.500, -0.100, -0.297, -0.010, 0.097
159.800, -0.500, -0.100, -0.302, -0.011, 0.097
159.820, -0.500, -0.100, -0.306, -0.012, 0.096
159.840, -0.500, -0.100, -0.309, -0.013, 0.095
159.860, -0.500, -0.100, -0.310, -0.014, 0.094
159.880, -0.500, -0.100, -0.310, -0.015, 0.091
159.900, -0.500, -0.100, -0.310, -0.016, 0.089
159.920, -0.500, -0.100, -0.309, -0.017, 0.086
159.940, -0.500, -0.100, -0.308, -0.019, 0.083
159.960, -0.500, -0.100, -0.308, -0.022, 0.079
159.980, -0.500, -0.100, -0.308, -0.025, 0.079
160.000, -0.500, -0.100, -0.308, -0.027, 0.083
160.020, -0.500, -0.100, -0.307, -0.029, 0.088
160.040, -0.500, -0.100, -0.306, -0.032, 0.094
160.060, -0.500, -0.100, -0.305, -0.034, 0.100
160.080, -0.500, -0.100, -0.304, -0.037, 0.104
160.100, -0.500, -0.100, -0.303, -0.040, 0.102
160.120, -0.500, -0.100, -0.306, -0.042, 0.097
160.140, -0.500, -0.100, -0.311, -0.044, 0.089
160.160, -0.500, -0.100, -0.318, -0.045, 0.084
160.180, -0.500, -0.100, -0.327, -0.046, 0.080
160.200, -0.500, -0.100, -0.336, -0.045, 0.080
160.220, -0.500, -0.100, -0.345, -0.044, 0.081
160.240, -0.500, -0.100, -0.355, -0.042, 0.084
160.260, -0.500, -0.100, -0.364, -0.040, 0.087
160.280, -0.500, -0.100, -0.373, -0.038, 0.091
160.300, -0.500, -0.100, -0.382, -0.037, 0.093
160.320, -0.500, -0.100, -0.391, -0.035, 0.095
160.340, -0.500, -0.100, -0.400, -0.034, 0.096
160.360, -0.500, -0.100, -0.408, -0.033, 0.097
160.380, -0.500, -0.100, -0.416, -0.033, 0.096
160.400, -0.500, -0.100, -0.423, -0.033, 0.096
160.420, -0.500, -0.100, -0.430, -0.033, 0.094
160.440, -0.500, -0.100, -0.435, -0.034, 0.093
160.460, -0.500, -0.100, -0.440, -0.034, 0.091
160.480, -0.500, -0.100, -0.443, -0.034, 0.089
160.500, -0.500, -0.100, -0.445, -0.034, 0.087
160.520, -0.500, -0.100, -0.446, -0.033, 0.084
160.540, -0.500, -0.100, -0.445, -0.032, 0.081
160.560, -0.500, -0.100, -0.445, -0.030, 0.077
160.580, -0.500, -0.100, -0.445, -0.028, 0.077
160.600, -0.500, -0.100, -0.444, -0.026, 0.078
160.620, -0.500, -0.100, -0.443, -0.023, 0.082
160.640, -0.500, -0.100, -0.441, -0.021, 0.085
160.660, -0.500, -0.100, -0.439, -0.018, 0.089
160.680, -0.500, -0.100, -0.437, -0.015, 0.092
160.700, -0.500, -0.100, -0.435, -0.012, 0.096
160.720, -0.500, -0.100, -0.433, -0.009, 0.099
160.740, -0.500, -0.100, -0.432, -0.005, 0.099
160.760, -0.500, -0.100, -0.431, -0.001, 0.093
160.780, -0.500, -0.100, -0.433, 0.004, 0.085
160.800, -0.500, -0.100, -0.437, 0.008, 0.076
160.820, -0.500, -0.100, -0.443, 0.011, 0.069
160.840, -0.500, -0.100, -0.450, 0.014, 0.064
160.860, -0.500, -0.100, -0.457, 0.016, 0.062
160.880, -0.500, -0.100, -0.466, 0.017, 0.063
160.900, -0.500, -0.100, -0.476, 0.018, 0.065
160.920, -0.500, -0.100, -0.487, 0.018, 0.068
160.940, -0.500, -0.100, -0.498, 0.018, 0.072
160.960, -0.500, -0.100, -0.510, 0.017, 0.076
160.980, -0.500, -0.100, -0.521, 0.016, 0.079
161.000, -0.500, -0.100, -0.532, 0.014, 0.082
161.020, -0.500, -0.100, -0.543, 0.013, 0.084
161.040, -0.500, -0.100, -0.552, 0.011, 0.086
161.060, -0.500, -0.100, -0.561, 0.009, 0.088
161.080, -0.500, -0.100, -0.568, 0.008, 0.089
161.100, -0.500, -0.100, -0.574, 0.007, 0.089
161.120, -0.500, -0.100, -0.579, 0.006, 0.089
161.140, -0.500, -0.100, -0.582, 0.005, 0.088
161.160, -0.500, -0.100, -0.584, 0.003, 0.087
161.180, -0.500, -0.100, -0.585, 0.002, 0.086
161.200, -0.500, -0.100, -0.585, 0.000, 0.084
161.220, -0.500, -0.100, -0.584, -0.002, 0.082
161.240, -0.500, -0.100, -0.583, -0.005, 0.079
161.260, -0.500, -0.100, -0.583, -0.008, 0.076
161.280, -0.500, -0.100, -0.583, -0.011, 0.075
161.300, -0.500, -0.100, -0.584, -0.014, 0.078
161.320, -0.500, -0.100, -0.584, -0.016, 0.083
161.340, -0.500, -0.100, -0.584, -0.019, 0.088
161.360, -0.500, -0.100, -0.583, -0.021, 0.094
161.380, -0.500, -0.100, -0.582, -0.024, 0.100
161.400, -0.500, -0.100, -0.581, -0.027, 0.101
161.420, -0.500, -0.100, -0.583, -0.029, 0.097
161.440, -0.500, -0.100, -0.587, -0.030, 0.091
161.460, -0.500, -0.100, -0.593, -0.030, 0.085
161.480, -0.500, -0.100, -0.600, -0.029, 0.081
161.500, -0.500, -0.100, -0.608, -0.028, 0.080
161.520, -0.500, -0.100, -0.617, -0.025, 0.080
161.540, -0.500, -0.100, -0.625, -0.022, 0.083
161.560, -0.500, -0.100, -0.634, -0.018, 0.085
161.580, -0.500, -0.100, -0.642, -0.013, 0.089
161.600, -0.500, -0.100, -0.650, -0.009, 0.091
161.620, -0.500, -0.100, -0.659, -0.004, 0.094
161.640, -0.500, -0.100, -0.667, 0.000, 0.096
161.660, -0.500, -0.100, -0.675, 0.005, 0.097
161.680, -0.500, -0.100, -0.683, 0.009, 0.097
161.700, -0.500, -0.100, -0.690, 0.012, 0.097
161.720, -0.500, -0.100, -0.697, 0.015, 0.097
161.740, -0.500, -0.100, -0.703, 0.018, 0.096
161.760, -0.500, -0.100, -0.709, 0.021, 0.095
161.780, -0.500, -0.100, -0.713, 0.023, 0.093
161.800, -0.500, -0.100, -0.717, 0.025, 0.091
161.820, -0.500, -0.100, -0.720, 0.028, 0.088
161.840, -0.500, -0.100, -0.722, 0.030, 0.085
161.860, -0.500, -0.100, -0.724, 0.033, 0.081
161.880, -0.500, -0.100, -0.726, 0.036, 0.078
161.900, -0.500, -0.100, -0.727, 0.038, 0.080
161.920, -0.500, -0.100, -0.728, 0.039, 0.082
161.940, -0.500, -0.100, -0.727, 0.041, 0.086
161.960, -0.500, -0.100, -0.726, 0.041, 0.089
161.980, -0.500, -0.100, -0.725, 0.042, 0.092
162.000, -0.500, -0.100, -0.723, 0.043, 0.096
162.020, -0.500, -0.100, -0.720, 0.044, 0.100
162.040, -0.500, -0.100, -0.718, 0.045, 0.102
162.060, -0.500, -0.100, -0.716, 0.046, 0.099
162.080, -0.500, -0.100, -0.715, 0.048, 0.092
162.100, -0.500, -0.100, -0.718, 0.050, 0.084
162.120, -0.500, -0.100, -0.722, 0.052, 0.077
162.140, -0.500, -0.100, -0.728, 0.054, 0.071
162.160, -0.500, -0.100, -0.735, 0.056, 0.069
162.180, -0.500, -0.100, -0.744, 0.057, 0.069
162.200, -0.500, -0.100, -0.755, 0.057, 0.070
162.220, -0.500, -0.100, -0.767, 0.057, 0.073
162.240, -0.500, -0.100, -0.779, 0.057, 0.077
162.260, -0.500, -0.100, -0.792, 0.056, 0.081
162.280, -0.500, -0.100, -0.805, 0.054, 0.085
162.300, -0.500, -0.100, -0.817, 0.052, 0.088
162.320, -0.500, -0.100, -0.829, 0.050, 0.091
162.340, -0.500, -0.100, -0.839, 0.048, 0.093
162.360, -0.500, -0.100, -0.849, 0.045, 0.095
162.380, -0.500, -0.100, -0.857, 0.043, 0.095
162.400, -0.500, -0.100, -0.864, 0.041, 0.095
162.420, -0.500, -0.100, -0.869, 0.039, 0.095
162.440, -0.500, -0.100, -0.873, 0.037, 0.093
162.460, -0.500, -0.100, -0.876, 0.036, 0.092
162.480, -0.500, -0.100, -0.877, 0.034, 0.089
162.500, -0.500, -0.100, -0.879, 0.031, 0.086
164.540, -0.500, -0.000, 0.000, 0.000, 0.175
164.560, -0.500, -0.000, 0.000, 0.001, 0.161
164.580, -0.500, -0.000, 0.000, 0.001, 0.147
164.600, -0.500, -0.000, 0.001, 0.001, 0.127
164.620, -0.500, -0.000, 0.001, 0.001, 0.106
164.640, -0.500, -0.000, -0.002, 0.000, 0.089
164.660, -0.500, -0.000, -0.006, -0.000, 0.078
164.680, -0.500, -0.000, -0.011, -0.000, 0.071
164.700, -0.500, -0.000, -0.014, 0.000, 0.071
164.720, -0.500, -0.000, -0.016, 0.000, 0.076
164.740, -0.500, -0.000, -0.016, 0.000, 0.085
164.760, -0.500, -0.000, -0.015, 0.000, 0.094
164.780, -0.500, -0.000, -0.014, -0.000, 0.101
164.800, -0.500, -0.000, -0.012, -0.001, 0.103
164.820, -0.500, -0.000, -0.012, -0.002, 0.100
164.840, -0.500, -0.000, -0.013, -0.004, 0.094
164.860, -0.500, -0.000, -0.017, -0.006, 0.088
164.880, -0.500, -0.000, -0.022, -0.007, 0.083
164.900, -0.500, -0.000, -0.027, -0.009, 0.081
164.920, -0.500, -0.000, -0.034, -0.009, 0.079
164.940, -0.500, -0.000, -0.041, -0.010, 0.079
164.960, -0.500, -0.000, -0.048, -0.010, 0.081
164.980, -0.500, -0.000, -0.056, -0.009, 0.082
165.000, -0.500, -0.000, -0.064, -0.008, 0.084
165.020, -0.500, -0.000, -0.072, -0.006, 0.085
165.040, -0.500, -0.000, -0.080, -0.004, 0.086
165.060, -0.500, -0.000, -0.087, -0.002, 0.087
165.080, -0.500, -0.000, -0.095, 0.001, 0.087
165.100, -0.500, -0.000, -0.102, 0.004, 0.086
165.120, -0.500, -0.000, -0.109, 0.006, 0.086
165.140, -0.500, -0.000, -0.116, 0.009, 0.085
165.160, -0.500, -0.000, -0.122, 0.013, 0.084
165.180, -0.500, -0.000, -0.127, 0.016, 0.082
165.200, -0.500, -0.000, -0.133, 0.019, 0.080
165.220, -0.500, -0.000, -0.137, 0.023, 0.078
165.240, -0.500, -0.000, -0.142, 0.026, 0.075
165.260, -0.500, -0.000, -0.146, 0.030, 0.075
165.280, -0.500, -0.000, -0.149, 0.033, 0.076
165.300, -0.500, -0.000, -0.151, 0.035, 0.078
165.320, -0.500, -0.000, -0.152, 0.037, 0.081
165.340, -0.500, -0.000, -0.152, 0.038, 0.084
165.360, -0.500, -0.000, -0.151, 0.039, 0.086
165.380, -0.500, -0.000, -0.149, 0.040, 0.089
165.400, -0.500, -0.000, -0.146, 0.040, 0.092
165.420, -0.500, -0.000, -0.144, 0.040, 0.096
165.440, -0.500, -0.000, -0.141, 0.040, 0.098
165.460, -0.500, -0.000, -0.139, 0.040, 0.096
165.480, -0.500, -0.000, -0.139, 0.040, 0.090
165.500, -0.500, -0.000, -0.142, 0.041, 0.083
165.520, -0.500, -0.000, -0.147, 0.042, 0.076
165.540, -0.500, -0.000, -0.154, 0.043, 0.071
165.560, -0.500, -0.000, -0.164, 0.043, 0.069
165.580, -0.500, -0.000, -0.175, 0.043, 0.069
165.600, -0.500, -0.000, -0.187, 0.043, 0.070
165.620, -0.500, -0.000, -0.200, 0.042, 0.073
165.640, -0.500, -0.000, -0.214, 0.040, 0.076
165.660, -0.500, -0.000, -0.228, 0.038, 0.079
165.680, -0.500, -0.000, -0.241, 0.035, 0.082
165.700, -0.500, -0.000, -0.254, 0.032, 0.085
165.720, -0.500, -0.000, -0.265, 0.029, 0.087
165.740, -0.500, -0.000, -0.276, 0.027, 0.088
165.760, -0.500, -0.000, -0.286, 0.025, 0.089
165.780, -0.500, -0.000, -0.294, 0.024, 0.089
165.800, -0.500, -0.000, -0.300, 0.022, 0.088
165.820, -0.500, -0.000, -0.305, 0.021, 0.087
165.840, -0.500, -0.000, -0.308, 0.021, 0.085
165.860, -0.500, -0.000, -0.311, 0.020, 0.083
165.880, -0.500, -0.000, -0.312, 0.018, 0.081
165.900, -0.500, -0.000, -0.312, 0.017, 0.077
165.920, -0.500, -0.000, -0.312, 0.015, 0.074
165.940, -0.500, -0.000, -0.313, 0.013, 0.071
165.960, -0.500, -0.000, -0.314, 0.012, 0.072
165.980, -0.500, -0.000, -0.314, 0.012, 0.076
166.000, -0.500, -0.000, -0.314, 0.012, 0.080
166.020, -0.500, -0.000, -0.314, 0.013, 0.085
166.040, -0.500, -0.000, -0.313, 0.013, 0.089
166.060, -0.500, -0.000, -0.311, 0.014, 0.094
166.080, -0.500, -0.000, -0.310, 0.015, 0.099
166.100, -0.500, -0.000, -0.308, 0.015, 0.102
166.120, -0.500, -0.000, -0.308, 0.015, 0.101
166.140, -0.500, -0.000, -0.312, 0.016, 0.096
166.160, -0.500, -0.000, -0.318, 0.017, 0.091
166.180, -0.500, -0.000, -0.326, 0.020, 0.087
166.200, -0.500, -0.000, -0.336, 0.023, 0.086
166.220, -0.500, -0.000, -0.346, 0.028, 0.088
166.240, -0.500, -0.000, -0.357, 0.033, 0.091
166.260, -0.500, -0.000, -0.368, 0.039, 0.095
166.280, -0.500, -0.000, -0.378, 0.045, 0.099
166.300, -0.500, -0.000, -0.389, 0.051, 0.103
166.320, -0.500, -0.000, -0.400, 0.057, 0.106
166.340, -0.500, -0.000, -0.410, 0.062, 0.109
166.360, -0.500, -0.000, -0.421, 0.067, 0.110
166.380, -0.500, -0.000, -0.431, 0.072, 0.111
166.400, -0.500, -0.000, -0.441, 0.075, 0.110
166.420, -0.500, -0.000, -0.450, 0.078, 0.110
166.440, -0.500, -0.000, -0.459, 0.081, 0.108
166.460, -0.500, -0.000, -0.467, 0.083, 0.106
166.480, -0.500, -0.000, -0.475, 0.085, 0.103
166.500, -0.500, -0.000, -0.482, 0.087, 0.100
166.520, -0.500, -0.000, -0.488, 0.090, 0.096
166.540, -0.500, -0.000, -0.493, 0.093, 0.090
166.560, -0.500, -0.000, -0.497, 0.097, 0.084
166.580, -0.500, -0.000, -0.502, 0.100, 0.080
166.600, -0.500, -0.000, -0.504, 0.103, 0.081
166.620, -0.500, -0.000, -0.506, 0.105, 0.084
166.640, -0.500, -0.000, -0.507, 0.107, 0.087
166.660, -0.500, -0.000, -0.507, 0.108, 0.089
166.680, -0.500, -0.000, -0.506, 0.109, 0.092
166.700, -0.500, -0.000, -0.504, 0.109, 0.095
166.720, -0.500, -0.000, -0.502, 0.110, 0.099
166.740, -0.500, -0.000, -0.499, 0.109, 0.103
166.760, -0.500, -0.000, -0.495, 0.109, 0.103
166.780, -0.500, -0.000, -0.492, 0.109, 0.099
166.800, -0.500, -0.000, -0.489, 0.110, 0.091
166.820, -0.500, -0.000, -0.489, 0.111, 0.083
166.840, -0.500, -0.000, -0.492, 0.113, 0.075
166.860, -0.500, -0.000, -0.497, 0.116, 0.070
166.880, -0.500, -0.000, -0.505, 0.118, 0.067
166.900, -0.500, -0.000, -0.517, 0.121, 0.067
166.920, -0.500, -0.000, -0.530, 0.124, 0.069
166.940, -0.500, -0.000, -0.545, 0.126, 0.072
166.960, -0.500, -0.000, -0.561, 0.128, 0.075
166.980, -0.500, -0.000, -0.576, 0.130, 0.078
167.000, -0.500, -0.000, -0.591, 0.131, 0.082
167.020, -0.500, -0.000, -0.606, 0.131, 0.085
167.040, -0.500, -0.000, -0.619, 0.132, 0.087
167.060, -0.500, -0.000, -0.630, 0.132, 0.089
167.080, -0.500, -0.000, -0.640, 0.133, 0.090
167.100, -0.500, -0.000, -0.649, 0.134, 0.090
167.120, -0.500, -0.000, -0.655, 0.135, 0.090
167.140, -0.500, -0.000, -0.660, 0.136, 0.089
167.160, -0.500, -0.000, -0.663, 0.136, 0.088
167.180, -0.500, -0.000, -0.664, 0.136, 0.086
167.200, -0.500, -0.000, -0.665, 0.135, 0.083
167.220, -0.500, -0.000, -0.664, 0.133, 0.080
167.240, -0.500, -0.000, -0.664, 0.131, 0.076
167.260, -0.500, -0.000, -0.664, 0.129, 0.073
167.280, -0.500, -0.000, -0.665, 0.127, 0.074
167.300, -0.500, -0.000, -0.665, 0.126, 0.077
167.320, -0.500, -0.000, -0.664, 0.125, 0.081
167.340, -0.500, -0.000, -0.663, 0.124, 0.086
167.360, -0.500, -0.000, -0.662, 0.124, 0.091
167.380, -0.500, -0.000, -0.661, 0.123, 0.096
167.400, -0.500, -0.000, -0.660, 0.123, 0.101
167.420, -0.500, -0.000, -0.659, 0.122, 0.102
167.440, -0.500, -0.000, -0.661, 0.123, 0.099
167.460, -0.500, -0.000, -0.665, 0.124, 0.093
167.480, -0.500, -0.000, -0.672, 0.128, 0.088
167.500, -0.500, -0.000, -0.679, 0.133, 0.086
167.520, -0.500, -0.000, -0.687, 0.140, 0.086
167.540, -0.500, -0.000, -0.696, 0.148, 0.088
167.560, -0.500, -0.000, -0.704, 0.157, 0.092
167.580, -0.500, -0.000, -0.712, 0.166, 0.096
167.600, -0.500, -0.000, -0.720, 0.175, 0.100
167.620, -0.500, -0.000, -0.728, 0.184, 0.103
167.640, -0.500, -0.000, -0.736, 0.193, 0.106
167.660, -0.500, -0.000, -0.744, 0.201, 0.108
167.680, -0.500, -0.000, -0.753, 0.209, 0.109
167.700, -0.500, -0.000, -0.761, 0.216, 0.109
167.720, -0.500, -0.000, -0.769, 0.222, 0.109
167.740, -0.500, -0.000, -0.777, 0.227, 0.107
167.760, -0.500, -0.000, -0.785, 0.232, 0.105
167.780, -0.500, -0.000, -0.792, 0.237, 0.103
167.800, -0.500, -0.000, -0.799, 0.241, 0.099
167.820, -0.500, -0.000, -0.805, 0.245, 0.095
167.840, -0.500, -0.000, -0.810, 0.250, 0.090
167.860, -0.500, -0.000, -0.815, 0.255, 0.083
167.880, -0.500, -0.000, -0.819, 0.259, 0.078
167.900, -0.500, -0.000, -0.822, 0.263, 0.078
167.920, -0.500, -0.000, -0.825, 0.265, 0.080
167.940, -0.500, -0.000, -0.826, 0.266, 0.082
167.960, -0.500, -0.000, -0.827, 0.267, 0.085
167.980, -0.500, -0.000, -0.828, 0.267, 0.088
168.000, -0.500, -0.000, -0.827, 0.267, 0.091
168.020, -0.500, -0.000, -0.826, 0.266, 0.095
168.040, -0.500, -0.000, -0.823, 0.264, 0.100
168.060, -0.500, -0.000, -0.820, 0.263, 0.102
168.080, -0.500, -0.000, -0.816, 0.261, 0.100
168.100, -0.500, -0.000, -0.813, 0.260, 0.095
168.120, -0.500, -0.000, -0.812, 0.261, 0.087
168.140, -0.500, -0.000, -0.812, 0.263, 0.079
168.160, -0.500, -0.000, -0.815, 0.266, 0.073
168.180, -0.500, -0.000, -0.821, 0.270, 0.069
168.200, -0.500, -0.000, -0.830, 0.276, 0.067
168.220, -0.500, -0.000, -0.842, 0.283, 0.068
168.240, -0.500, -0.000, -0.854, 0.289, 0.070
168.260, -0.500, -0.000, -0.868, 0.296, 0.073
168.280, -0.500, -0.000, -0.883, 0.302, 0.076
168.300, -0.500, -0.000, -0.897, 0.307, 0.079
168.320, -0.500, -0.000, -0.911, 0.311, 0.082
168.340, -0.500, -0.000, -0.923, 0.314, 0.084
168.360, -0.500, -0.000, -0.935, 0.317, 0.086
168.380, -0.500, -0.000, -0.945, 0.319, 0.088
168.400, -0.500, -0.000, -0.954, 0.321, 0.088
168.420, -0.500, -0.000, -0.961, 0.322, 0.088
168.440, -0.500, -0.000, -0.966, 0.323, 0.087
168.460, -0.500, -0.000, -0.969, 0.323, 0.086
168.480, -0.500, -0.000, -0.971, 0.323, 0.084
168.500, -0.500, -0.000, -0.973, 0.323, 0.082
168.520, -0.500, -0.000, -0.973, 0.322, 0.080
170.560, -0.500, 0.100, 0.000, 0.000, 0.175
170.580, -0.500, 0.100, 0.000, 0.001, 0.161
170.600, -0.500, 0.100, 0.001, 0.001, 0.146
170.620, -0.500, 0.100, 0.002, 0.001, 0.127
170.640, -0.500, 0.100, 0.002, 0.001, 0.105
170.660, -0.500, 0.100, -0.000, 0.001, 0.089
170.680, -0.500, 0.100, -0.004, 0.001, 0.078
170.700, -0.500, 0.100, -0.009, 0.002, 0.070
170.720, -0.500, 0.100, -0.013, 0.003, 0.070
170.740, -0.500, 0.100, -0.014, 0.004, 0.076
170.760, -0.500, 0.100, -0.014, 0.005, 0.084
170.780, -0.500, 0.100, -0.013, 0.005, 0.093
170.800, -0.500, 0.100, -0.011, 0.005, 0.101
170.820, -0.500, 0.100, -0.010, 0.004, 0.103
170.840, -0.500, 0.100, -0.009, 0.002, 0.100
170.860, -0.500, 0.100, -0.011, 0.001, 0.095
170.880, -0.500, 0.100, -0.015, -0.000, 0.089
170.900, -0.500, 0.100, -0.020, -0.001, 0.084
170.920, -0.500, 0.100, -0.026, -0.001, 0.081
170.940, -0.500, 0.100, -0.031, -0.001, 0.080
170.960, -0.500, 0.100, -0.037, -0.000, 0.080
170.980, -0.500, 0.100, -0.043, 0.002, 0.082
171.000, -0.500, 0.100, -0.050, 0.004, 0.084
171.020, -0.500, 0.100, -0.056, 0.006, 0.086
171.040, -0.500, 0.100, -0.063, 0.010, 0.088
171.060, -0.500, 0.100, -0.070, 0.013, 0.090
171.080, -0.500, 0.100, -0.076, 0.017, 0.091
171.100, -0.500, 0.100, -0.083, 0.021, 0.091
171.120, -0.500, 0.100, -0.089, 0.026, 0.092
171.140, -0.500, 0.100, -0.095, 0.030, 0.091
171.160, -0.500, 0.100, -0.101, 0.035, 0.091
171.180, -0.500, 0.100, -0.106, 0.040, 0.090
171.200, -0.500, 0.100, -0.111, 0.045, 0.088
171.220, -0.500, 0.100, -0.116, 0.050, 0.087
171.240, -0.500, 0.100, -0.120, 0.055, 0.084
171.260, -0.500, 0.100, -0.124, 0.060, 0.081
171.280, -0.500, 0.100, -0.127, 0.065, 0.077
171.300, -0.500, 0.100, -0.131, 0.069, 0.075
171.320, -0.500, 0.100, -0.133, 0.073, 0.076
171.340, -0.500, 0.100, -0.135, 0.075, 0.078
171.360, -0.500, 0.100, -0.136, 0.077, 0.081
171.380, -0.500, 0.100, -0.136, 0.078, 0.084
171.400, -0.500, 0.100, -0.135, 0.078, 0.087
171.420, -0.500, 0.100, -0.134, 0.077, 0.091
171.440, -0.500, 0.100, -0.132, 0.075, 0.095
171.460, -0.500, 0.100, -0.130, 0.073, 0.098
171.480, -0.500, 0.100, -0.129, 0.071, 0.096
171.500, -0.500, 0.100, -0.130, 0.069, 0.090
171.520, -0.500, 0.100, -0.133, 0.068, 0.083
171.540, -0.500, 0.100, -0.138, 0.067, 0.076
171.560, -0.500, 0.100, -0.145, 0.068, 0.071
171.580, -0.500, 0.100, -0.155, 0.068, 0.067
171.600, -0.500, 0.100, -0.167, 0.068, 0.066
171.620, -0.500, 0.100, -0.180, 0.068, 0.066
171.640, -0.500, 0.100, -0.193, 0.068, 0.067
171.660, -0.500, 0.100, -0.207, 0.068, 0.069
171.680, -0.500, 0.100, -0.221, 0.068, 0.070
171.700, -0.500, 0.100, -0.235, 0.068, 0.072
171.720, -0.500, 0.100, -0.249, 0.069, 0.073
171.740, -0.500, 0.100, -0.261, 0.071, 0.073
171.760, -0.500, 0.100, -0.274, 0.074, 0.073
171.780, -0.500, 0.100, -0.284, 0.076, 0.072
171.800, -0.500, 0.100, -0.294, 0.079, 0.070
171.820, -0.500, 0.100, -0.301, 0.082, 0.067
171.840, -0.500, 0.100, -0.307, 0.085, 0.064
171.860, -0.500, 0.100, -0.313, 0.087, 0.061
171.880, -0.500, 0.100, -0.317, 0.088, 0.059
171.900, -0.500, 0.100, -0.319, 0.090, 0.060
171.920, -0.500, 0.100, -0.319, 0.091, 0.062
171.940, -0.500, 0.100, -0.318, 0.092, 0.065
171.960, -0.500, 0.100, -0.316, 0.092, 0.068
171.980, -0.500, 0.100, -0.313, 0.092, 0.071
172.000, -0.500, 0.100, -0.310, 0.091, 0.074
172.020, -0.500, 0.100, -0.308, 0.090, 0.077
172.040, -0.500, 0.100, -0.305, 0.089, 0.080
172.060, -0.500, 0.100, -0.303, 0.087, 0.084
172.080, -0.500, 0.100, -0.300, 0.085, 0.088
172.100, -0.500, 0.100, -0.299, 0.083, 0.094
172.120, -0.500, 0.100, -0.297, 0.080, 0.097
172.140, -0.500, 0.100, -0.297, 0.077, 0.096
172.160, -0.500, 0.100, -0.300, 0.074, 0.092
172.180, -0.500, 0.100, -0.306, 0.073, 0.088
172.200, -0.500, 0.100, -0.314, 0.072, 0.085
172.220, -0.500, 0.100, -0.323, 0.072, 0.085
172.240, -0.500, 0.100, -0.333, 0.073, 0.087
172.260, -0.500, 0.100, -0.343, 0.075, 0.092
172.280, -0.500, 0.100, -0.355, 0.078, 0.099
172.300, -0.500, 0.100, -0.366, 0.081, 0.105
172.320, -0.500, 0.100, -0.378, 0.084, 0.112
172.340, -0.500, 0.100, -0.389, 0.087, 0.117
172.360, -0.500, 0.100, -0.400, 0.091, 0.121
172.380, -0.500, 0.100, -0.410, 0.095, 0.123
172.400, -0.500, 0.100, -0.419, 0.098, 0.125
172.420, -0.500, 0.100, -0.428, 0.101, 0.126
172.440, -0.500, 0.100, -0.436, 0.103, 0.127
172.460, -0.500, 0.100, -0.443, 0.105, 0.127
172.480, -0.500, 0.100, -0.449, 0.105, 0.126
172.500, -0.500, 0.100, -0.454, 0.105, 0.125
172.520, -0.500, 0.100, -0.457, 0.104, 0.124
172.540, -0.500, 0.100, -0.460, 0.102, 0.122
172.560, -0.500, 0.100, -0.461, 0.100, 0.120
172.580, -0.500, 0.100, -0.462, 0.099, 0.117
172.600, -0.500, 0.100, -0.462, 0.097, 0.113
172.620, -0.500, 0.100, -0.461, 0.096, 0.109
172.640, -0.500, 0.100, -0.460, 0.096, 0.105
172.660, -0.500, 0.100, -0.459, 0.096, 0.101
172.680, -0.500, 0.100, -0.459, 0.097, 0.097
172.700, -0.500, 0.100, -0.458, 0.098, 0.093
172.720, -0.500, 0.100, -0.457, 0.099, 0.094
172.740, -0.500, 0.100, -0.457, 0.100, 0.099
172.760, -0.500, 0.100, -0.455, 0.102, 0.104
172.780, -0.500, 0.100, -0.454, 0.106, 0.105
172.800, -0.500, 0.100, -0.453, 0.111, 0.100
172.820, -0.500, 0.100, -0.454, 0.116, 0.090
172.840, -0.500, 0.100, -0.457, 0.121, 0.079
172.860, -0.500, 0.100, -0.463, 0.126, 0.069
172.880, -0.500, 0.100, -0.469, 0.130, 0.062
172.900, -0.500, 0.100, -0.476, 0.133, 0.058
172.920, -0.500, 0.100, -0.483, 0.136, 0.056
172.940, -0.500, 0.100, -0.490, 0.138, 0.056
172.960, -0.500, 0.100, -0.498, 0.140, 0.056
172.980, -0.500, 0.100, -0.506, 0.141, 0.057
173.000, -0.500, 0.100, -0.514, 0.141, 0.057
173.020, -0.500, 0.100, -0.523, 0.141, 0.058
173.040, -0.500, 0.100, -0.531, 0.141, 0.058
173.060, -0.500, 0.100, -0.539, 0.141, 0.057
173.080, -0.500, 0.100, -0.547, 0.141, 0.057
173.100, -0.500, 0.100, -0.554, 0.141, 0.057
173.120, -0.500, 0.100, -0.560, 0.140, 0.056
173.140, -0.500, 0.100, -0.565, 0.140, 0.055
173.160, -0.500, 0.100, -0.569, 0.139, 0.055
173.180, -0.500, 0.100, -0.571, 0.138, 0.055
173.200, -0.500, 0.100, -0.574, 0.136, 0.054
173.220, -0.500, 0.100, -0.575, 0.134, 0.055
173.240, -0.500, 0.100, -0.575, 0.133, 0.058
173.260, -0.500, 0.100, -0.574, 0.132, 0.061
173.280, -0.500, 0.100, -0.572, 0.131, 0.065
173.300, -0.500, 0.100, -0.571, 0.130, 0.068
173.320, -0.500, 0.100, -0.569, 0.129, 0.071
173.340, -0.500, 0.100, -0.568, 0.128, 0.074
173.360, -0.500, 0.100, -0.567, 0.128, 0.077
173.380, -0.500, 0.100, -0.566, 0.127, 0.081
173.400, -0.500, 0.100, -0.565, 0.127, 0.087
173.420, -0.500, 0.100, -0.563, 0.126, 0.091
173.440, -0.500, 0.100, -0.563, 0.125, 0.093
173.460, -0.500, 0.100, -0.565, 0.125, 0.091
173.480, -0.500, 0.100, -0.570, 0.125, 0.088
173.500, -0.500, 0.100, -0.578, 0.127, 0.086
173.520, -0.500, 0.100, -0.588, 0.130, 0.087
173.540, -0.500, 0.100, -0.599, 0.134, 0.089
173.560, -0.500, 0.100, -0.609, 0.140, 0.094
173.580, -0.500, 0.100, -0.619, 0.145, 0.100
173.600, -0.500, 0.100, -0.628, 0.151, 0.106
173.620, -0.500, 0.100, -0.637, 0.158, 0.112
173.640, -0.500, 0.100, -0.645, 0.164, 0.116
173.660, -0.500, 0.100, -0.653, 0.171, 0.120
173.680, -0.500, 0.100, -0.661, 0.177, 0.122
173.700, -0.500, 0.100, -0.669, 0.183, 0.123
173.720, -0.500, 0.100, -0.676, 0.189, 0.123
173.740, -0.500, 0.100, -0.683, 0.194, 0.122
173.760, -0.500, 0.100, -0.689, 0.198, 0.121
173.780, -0.500, 0.100, -0.694, 0.201, 0.119
173.800, -0.500, 0.100, -0.699, 0.204, 0.117
173.820, -0.500, 0.100, -0.704, 0.207, 0.115
173.840, -0.500, 0.100, -0.708, 0.208, 0.112
173.860, -0.500, 0.100, -0.711, 0.210, 0.109
173.880, -0.500, 0.100, -0.713, 0.212, 0.105
173.900, -0.500, 0.100, -0.716, 0.215, 0.101
173.920, -0.500, 0.100, -0.718, 0.218, 0.097
173.940, -0.500, 0.100, -0.720, 0.222, 0.091
173.960, -0.500, 0.100, -0.721, 0.226, 0.089
173.980, -0.500, 0.100, -0.722, 0.230, 0.091
174.000, -0.500, 0.100, -0.722, 0.233, 0.094
174.020, -0.500, 0.100, -0.721, 0.236, 0.097
174.040, -0.500, 0.100, -0.720, 0.239, 0.101
174.060, -0.500, 0.100, -0.718, 0.241, 0.106
174.080, -0.500, 0.100, -0.715, 0.243, 0.108
174.100, -0.500, 0.100, -0.713, 0.244, 0.105
174.120, -0.500, 0.100, -0.712, 0.245, 0.097
174.140, -0.500, 0.100, -0.712, 0.248, 0.088
174.160, -0.500, 0.100, -0.714, 0.251, 0.079
174.180, -0.500, 0.100, -0.719, 0.255, 0.072
174.200, -0.500, 0.100, -0.726, 0.260, 0.067
174.220, -0.500, 0.100, -0.735, 0.265, 0.065
174.240, -0.500, 0.100, -0.746, 0.270, 0.064
174.260, -0.500, 0.100, -0.757, 0.275, 0.065
174.280, -0.500, 0.100, -0.769, 0.280, 0.066
174.300, -0.500, 0.100, -0.781, 0.285, 0.067
174.320, -0.500, 0.100, -0.793, 0.290, 0.068
174.340, -0.500, 0.100, -0.804, 0.295, 0.069
174.360, -0.500, 0.100, -0.814, 0.300, 0.069
174.380, -0.500, 0.100, -0.823, 0.306, 0.069
174.400, -0.500, 0.100, -0.830, 0.311, 0.068
174.420, -0.500, 0.100, -0.836, 0.316, 0.067
174.440, -0.500, 0.100, -0.840, 0.320, 0.066
174.460, -0.500, 0.100, -0.843, 0.323, 0.064
174.480, -0.500, 0.100, -0.844, 0.326, 0.063
174.500, -0.500, 0.100, -0.844, 0.327, 0.061
174.520, -0.500, 0.100, -0.843, 0.327, 0.059
174.540, -0.500, 0.100, -0.842, 0.326, 0.057
176.580, -0.500, 0.200, 0.000, 0.000, 0.175
176.600, -0.500, 0.200, 0.000, 0.001, 0.161
176.620, -0.500, 0.200, 0.002, 0.001, 0.146
176.640, -0.500, 0.200, 0.003, 0.001, 0.127
176.660, -0.500, 0.200, 0.003, 0.001, 0.105
176.680, -0.500, 0.200, 0.002, 0.001, 0.088
176.700, -0.500, 0.200, -0.002, 0.002, 0.077
176.720, -0.500, 0.200, -0.007, 0.004, 0.068
176.740, -0.500, 0.200, -0.011, 0.005, 0.068
176.760, -0.500, 0.200, -0.013, 0.007, 0.073
176.780, -0.500, 0.200, -0.012, 0.008, 0.082
176.800, -0.500, 0.200, -0.011, 0.009, 0.092
176.820, -0.500, 0.200, -0.009, 0.009, 0.099
176.840, -0.500, 0.200, -0.007, 0.008, 0.102
176.860, -0.500, 0.200, -0.007, 0.006, 0.100
176.880, -0.500, 0.200, -0.009, 0.004, 0.095
176.900, -0.500, 0.200, -0.013, 0.003, 0.089
176.920, -0.500, 0.200, -0.019, 0.003, 0.085
176.940, -0.500, 0.200, -0.024, 0.003, 0.082
176.960, -0.500, 0.200, -0.030, 0.005, 0.081
176.980, -0.500, 0.200, -0.035, 0.007, 0.082
177.000, -0.500, 0.200, -0.041, 0.009, 0.084
177.020, -0.500, 0.200, -0.046, 0.013, 0.087
177.040, -0.500, 0.200, -0.052, 0.017, 0.089
177.060, -0.500, 0.200, -0.057, 0.021, 0.092
177.080, -0.500, 0.200, -0.063, 0.026, 0.094
177.100, -0.500, 0.200, -0.069, 0.031, 0.095
177.120, -0.500, 0.200, -0.075, 0.037, 0.096
177.140, -0.500, 0.200, -0.081, 0.043, 0.096
177.160, -0.500, 0.200, -0.087, 0.049, 0.096
177.180, -0.500, 0.200, -0.092, 0.054, 0.095
177.200, -0.500, 0.200, -0.097, 0.060, 0.094
177.220, -0.500, 0.200, -0.101, 0.066, 0.093
177.240, -0.500, 0.200, -0.105, 0.072, 0.091
177.260, -0.500, 0.200, -0.109, 0.078, 0.088
177.280, -0.500, 0.200, -0.112, 0.083, 0.085
177.300, -0.500, 0.200, -0.116, 0.089, 0.081
177.320, -0.500, 0.200, -0.119, 0.095, 0.075
177.340, -0.500, 0.200, -0.121, 0.099, 0.072
177.360, -0.500, 0.200, -0.123, 0.103, 0.073
177.380, -0.500, 0.200, -0.124, 0.106, 0.075
177.400, -0.500, 0.200, -0.125, 0.107, 0.079
177.420, -0.500, 0.200, -0.125, 0.107, 0.083
177.440, -0.500, 0.200, -0.124, 0.107, 0.087
177.460, -0.500, 0.200, -0.123, 0.105, 0.092
177.480, -0.500, 0.200, -0.123, 0.102, 0.095
177.500, -0.500, 0.200, -0.122, 0.098, 0.093
177.520, -0.500, 0.200, -0.123, 0.095, 0.088
177.540, -0.500, 0.200, -0.125, 0.094, 0.081
177.560, -0.500, 0.200, -0.129, 0.094, 0.074
177.580, -0.500, 0.200, -0.136, 0.095, 0.067
177.600, -0.500, 0.200, -0.145, 0.097, 0.063
177.620, -0.500, 0.200, -0.155, 0.099, 0.060
177.640, -0.500, 0.200, -0.168, 0.102, 0.059
177.660, -0.500, 0.200, -0.181, 0.106, 0.059
177.680, -0.500, 0.200, -0.195, 0.110, 0.060
177.700, -0.500, 0.200, -0.209, 0.115, 0.061
177.720, -0.500, 0.200, -0.223, 0.121, 0.062
177.740, -0.500, 0.200, -0.236, 0.127, 0.062
177.760, -0.500, 0.200, -0.249, 0.133, 0.062
177.780, -0.500, 0.200, -0.260, 0.139, 0.060
177.800, -0.500, 0.200, -0.269, 0.145, 0.058
177.820, -0.500, 0.200, -0.277, 0.150, 0.054
177.840, -0.500, 0.200, -0.282, 0.154, 0.051
177.860, -0.500, 0.200, -0.284, 0.158, 0.052
177.880, -0.500, 0.200, -0.283, 0.160, 0.053
177.900, -0.500, 0.200, -0.282, 0.162, 0.055
177.920, -0.500, 0.200, -0.279, 0.164, 0.056
177.940, -0.500, 0.200, -0.276, 0.165, 0.058
177.960, -0.500, 0.200, -0.273, 0.165, 0.060
177.980, -0.500, 0.200, -0.270, 0.164, 0.063
178.000, -0.500, 0.200, -0.267, 0.163, 0.065
178.020, -0.500, 0.200, -0.265, 0.161, 0.068
178.040, -0.500, 0.200, -0.263, 0.158, 0.071
178.060, -0.500, 0.200, -0.262, 0.156, 0.074
178.080, -0.500, 0.200, -0.261, 0.153, 0.078
178.100, -0.500, 0.200, -0.260, 0.150, 0.083
178.120, -0.500, 0.200, -0.260, 0.147, 0.089
178.140, -0.500, 0.200, -0.259, 0.143, 0.093
178.160, -0.500, 0.200, -0.259, 0.139, 0.093
178.180, -0.500, 0.200, -0.263, 0.135, 0.089
178.200, -0.500, 0.200, -0.269, 0.133, 0.085
178.220, -0.500, 0.200, -0.276, 0.132, 0.082
178.240, -0.500, 0.200, -0.285, 0.132, 0.081
178.260, -0.500, 0.200, -0.293, 0.133, 0.083
178.280, -0.500, 0.200, -0.301, 0.135, 0.088
178.300, -0.500, 0.200, -0.310, 0.138, 0.095
178.320, -0.500, 0.200, -0.318, 0.141, 0.102
178.340, -0.500, 0.200, -0.327, 0.144, 0.110
178.360, -0.500, 0.200, -0.336, 0.148, 0.116
178.380, -0.500, 0.200, -0.345, 0.152, 0.121
178.400, -0.500, 0.200, -0.354, 0.156, 0.124
178.420, -0.500, 0.200, -0.362, 0.159, 0.126
178.440, -0.500, 0.200, -0.370, 0.162, 0.127
178.460, -0.500, 0.200, -0.377, 0.165, 0.128
178.480, -0.500, 0.200, -0.383, 0.167, 0.128
178.500, -0.500, 0.200, -0.388, 0.168, 0.128
178.520, -0.500, 0.200, -0.392, 0.168, 0.128
178.540, -0.500, 0.200, -0.396, 0.168, 0.127
178.560, -0.500, 0.200, -0.398, 0.167, 0.126
178.580, -0.500, 0.200, -0.399, 0.165, 0.124
178.600, -0.500, 0.200, -0.399, 0.163, 0.121
178.620, -0.500, 0.200, -0.399, 0.161, 0.118
178.640, -0.500, 0.200, -0.399, 0.160, 0.115
178.660, -0.500, 0.200, -0.399, 0.159, 0.111
178.680, -0.500, 0.200, -0.399, 0.158, 0.108
178.700, -0.500, 0.200, -0.399, 0.157, 0.104
178.720, -0.500, 0.200, -0.399, 0.158, 0.100
178.740, -0.500, 0.200, -0.398, 0.159, 0.096
178.760, -0.500, 0.200, -0.397, 0.159, 0.094
178.780, -0.500, 0.200, -0.395, 0.160, 0.096
178.800, -0.500, 0.200, -0.394, 0.162, 0.097
178.820, -0.500, 0.200, -0.393, 0.166, 0.092
178.840, -0.500, 0.200, -0.393, 0.171, 0.084
178.860, -0.500, 0.200, -0.395, 0.177, 0.073
178.880, -0.500, 0.200, -0.399, 0.182, 0.063
178.900, -0.500, 0.200, -0.403, 0.187, 0.055
178.920, -0.500, 0.200, -0.409, 0.191, 0.049
178.940, -0.500, 0.200, -0.415, 0.195, 0.045
178.960, -0.500, 0.200, -0.421, 0.198, 0.043
178.980, -0.500, 0.200, -0.427, 0.201, 0.041
179.000, -0.500, 0.200, -0.433, 0.203, 0.041
179.020, -0.500, 0.200, -0.439, 0.205, 0.041
179.040, -0.500, 0.200, -0.444, 0.206, 0.041
179.060, -0.500, 0.200, -0.449, 0.207, 0.041
179.080, -0.500, 0.200, -0.454, 0.207, 0.041
179.100, -0.500, 0.200, -0.458, 0.207, 0.042
179.120, -0.500, 0.200, -0.461, 0.207, 0.042
179.140, -0.500, 0.200, -0.462, 0.206, 0.044
179.160, -0.500, 0.200, -0.463, 0.205, 0.046
179.180, -0.500, 0.200, -0.463, 0.204, 0.049
179.200, -0.500, 0.200, -0.462, 0.202, 0.052
179.220, -0.500, 0.200, -0.461, 0.201, 0.055
179.240, -0.500, 0.200, -0.460, 0.200, 0.058
179.260, -0.500, 0.200, -0.459, 0.199, 0.061
179.280, -0.500, 0.200, -0.459, 0.198, 0.064
179.300, -0.500, 0.200, -0.458, 0.197, 0.067
179.320, -0.500, 0.200, -0.458, 0.196, 0.069
179.340, -0.500, 0.200, -0.457, 0.195, 0.072
179.360, -0.500, 0.200, -0.457, 0.195, 0.075
179.380, -0.500, 0.200, -0.457, 0.194, 0.078
179.400, -0.500, 0.200, -0.456, 0.193, 0.083
179.420, -0.500, 0.200, -0.456, 0.192, 0.088
179.440, -0.500, 0.200, -0.455, 0.191, 0.093
179.460, -0.500, 0.200, -0.454, 0.189, 0.096
179.480, -0.500, 0.200, -0.456, 0.188, 0.096
179.500, -0.500, 0.200, -0.461, 0.188, 0.095
179.520, -0.500, 0.200, -0.468, 0.189, 0.096
179.540, -0.500, 0.200, -0.477, 0.192, 0.098
179.560, -0.500, 0.200, -0.485, 0.197, 0.102
179.580, -0.500, 0.200, -0.491, 0.202, 0.106
179.600, -0.500, 0.200, -0.497, 0.209, 0.111
179.620, -0.500, 0.200, -0.501, 0.217, 0.116
179.640, -0.500, 0.200, -0.505, 0.226, 0.121
179.660, -0.500, 0.200, -0.509, 0.235, 0.125
179.680, -0.500, 0.200, -0.512, 0.244, 0.127
179.700, -0.500, 0.200, -0.515, 0.254, 0.129
179.720, -0.500, 0.200, -0.519, 0.263, 0.130
179.740, -0.500, 0.200, -0.522, 0.272, 0.130
179.760, -0.500, 0.200, -0.525, 0.280, 0.129
179.780, -0.500, 0.200, -0.528, 0.287, 0.128
179.800, -0.500, 0.200, -0.531, 0.293, 0.126
179.820, -0.500, 0.200, -0.534, 0.298, 0.124
179.840, -0.500, 0.200, -0.537, 0.303, 0.122
179.860, -0.500, 0.200, -0.540, 0.306, 0.120
179.880, -0.500, 0.200, -0.543, 0.309, 0.117
179.900, -0.500, 0.200, -0.546, 0.312, 0.114
179.920, -0.500, 0.200, -0.549, 0.315, 0.110
179.940, -0.500, 0.200, -0.552, 0.318, 0.106
179.960, -0.500, 0.200, -0.556, 0.322, 0.102
179.980, -0.500, 0.200, -0.559, 0.326, 0.095
180.000, -0.500, 0.200, -0.562, 0.330, 0.093
180.020, -0.500, 0.200, -0.564, 0.333, 0.095
180.040, -0.500, 0.200, -0.566, 0.336, 0.098
180.060, -0.500, 0.200, -0.566, 0.338, 0.102
180.080, -0.500, 0.200, -0.566, 0.339, 0.107
180.100, -0.500, 0.200, -0.565, 0.340, 0.110
180.120, -0.500, 0.200, -0.563, 0.339, 0.108
180.140, -0.500, 0.200, -0.561, 0.338, 0.101
180.160, -0.500, 0.200, -0.560, 0.338, 0.092
180.180, -0.500, 0.200, -0.560, 0.341, 0.082
180.200, -0.500, 0.200, -0.563, 0.344, 0.074
180.220, -0.500, 0.200, -0.569, 0.349, 0.068
180.240, -0.500, 0.200, -0.578, 0.355, 0.065
180.260, -0.500, 0.200, -0.588, 0.361, 0.063
180.280, -0.500, 0.200, -0.599, 0.368, 0.062
180.300, -0.500, 0.200, -0.610, 0.376, 0.063
180.320, -0.500, 0.200, -0.621, 0.383, 0.063
180.340, -0.500, 0.200, -0.632, 0.391, 0.064
180.360, -0.500, 0.200, -0.642, 0.399, 0.064
180.380, -0.500, 0.200, -0.652, 0.407, 0.064
180.400, -0.500, 0.200, -0.660, 0.415, 0.063
180.420, -0.500, 0.200, -0.666, 0.422, 0.061
180.440, -0.500, 0.200, -0.672, 0.429, 0.059
180.460, -0.500, 0.200, -0.675, 0.434, 0.056
180.480, -0.500, 0.200, -0.677, 0.438, 0.053
180.500, -0.500, 0.200, -0.678, 0.441, 0.051
180.520, -0.500, 0.200, -0.678, 0.442, 0.049
180.540, -0.500, 0.200, -0.677, 0.442, 0.050
180.560, -0.500, 0.200, -0.674, 0.441, 0.053
182.600, -0.500, 0.300, 0.000, 0.000, 0.175
182.620, -0.500, 0.300, 0.000, 0.000, 0.161
182.640, -0.500, 0.300, 0.002, 0.001, 0.146
182.660, -0.500, 0.300, 0.004, 0.001, 0.126
182.680, -0.500, 0.300, 0.005, 0.001, 0.104
182.700, -0.500, 0.300, 0.004, 0.001, 0.087
182.720, -0.500, 0.300, 0.000, 0.003, 0.074
182.740, -0.500, 0.300, -0.004, 0.005, 0.065
182.760, -0.500, 0.300, -0.008, 0.008, 0.064
182.780, -0.500, 0.300, -0.009, 0.010, 0.070
182.800, -0.500, 0.300, -0.009, 0.012, 0.079
182.820, -0.500, 0.300, -0.007, 0.013, 0.089
182.840, -0.500, 0.300, -0.005, 0.014, 0.097
182.860, -0.500, 0.300, -0.003, 0.012, 0.101
182.880, -0.500, 0.300, -0.003, 0.010, 0.100
182.900, -0.500, 0.300, -0.005, 0.008, 0.095
182.920, -0.500, 0.300, -0.010, 0.007, 0.090
182.940, -0.500, 0.300, -0.016, 0.008, 0.086
182.960, -0.500, 0.300, -0.022, 0.009, 0.083
182.980, -0.500, 0.300, -0.027, 0.012, 0.083
183.000, -0.500, 0.300, -0.032, 0.015, 0.084
183.020, -0.500, 0.300, -0.037, 0.019, 0.087
183.040, -0.500, 0.300, -0.042, 0.024, 0.090
183.060, -0.500, 0.300, -0.047, 0.030, 0.093
183.080, -0.500, 0.300, -0.052, 0.036, 0.096
183.100, -0.500, 0.300, -0.057, 0.042, 0.098
183.120, -0.500, 0.300, -0.063, 0.049, 0.100
183.140, -0.500, 0.300, -0.069, 0.056, 0.101
183.160, -0.500, 0.300, -0.075, 0.063, 0.101
183.180, -0.500, 0.300, -0.080, 0.070, 0.100
183.200, -0.500, 0.300, -0.085, 0.077, 0.099
183.220, -0.500, 0.300, -0.091, 0.084, 0.098
183.240, -0.500, 0.300, -0.095, 0.091, 0.096
183.260, -0.500, 0.300, -0.100, 0.097, 0.093
183.280, -0.500, 0.300, -0.104, 0.103, 0.090
183.300, -0.500, 0.300, -0.108, 0.109, 0.086
183.320, -0.500, 0.300, -0.112, 0.114, 0.081
183.340, -0.500, 0.300, -0.116, 0.120, 0.075
183.360, -0.500, 0.300, -0.119, 0.125, 0.069
183.380, -0.500, 0.300, -0.121, 0.129, 0.067
183.400, -0.500, 0.300, -0.123, 0.132, 0.068
183.420, -0.500, 0.300, -0.123, 0.133, 0.071
183.440, -0.500, 0.300, -0.124, 0.133, 0.076
183.460, -0.500, 0.300, -0.123, 0.132, 0.081
183.480, -0.500, 0.300, -0.123, 0.130, 0.087
183.500, -0.500, 0.300, -0.122, 0.127, 0.091
183.520, -0.500, 0.300, -0.123, 0.123, 0.090
183.540, -0.500, 0.300, -0.123, 0.119, 0.085
183.560, -0.500, 0.300, -0.124, 0.117, 0.079
183.580, -0.500, 0.300, -0.126, 0.118, 0.071
183.600, -0.500, 0.300, -0.131, 0.121, 0.064
183.620, -0.500, 0.300, -0.138, 0.126, 0.059
183.640, -0.500, 0.300, -0.147, 0.132, 0.055
183.660, -0.500, 0.300, -0.159, 0.139, 0.053
183.680, -0.500, 0.300, -0.171, 0.147, 0.053
183.700, -0.500, 0.300, -0.185, 0.156, 0.053
183.720, -0.500, 0.300, -0.198, 0.165, 0.054
183.740, -0.500, 0.300, -0.212, 0.175, 0.055
183.760, -0.500, 0.300, -0.224, 0.185, 0.054
183.780, -0.500, 0.300, -0.235, 0.195, 0.053
183.800, -0.500, 0.300, -0.245, 0.205, 0.050
183.820, -0.500, 0.300, -0.252, 0.213, 0.045
183.840, -0.500, 0.300, -0.255, 0.220, 0.044
183.860, -0.500, 0.300, -0.254, 0.225, 0.043
183.880, -0.500, 0.300, -0.252, 0.230, 0.043
183.900, -0.500, 0.300, -0.249, 0.234, 0.043
183.920, -0.500, 0.300, -0.246, 0.236, 0.043
183.940, -0.500, 0.300, -0.243, 0.237, 0.045
183.960, -0.500, 0.300, -0.240, 0.237, 0.047
183.980, -0.500, 0.300, -0.238, 0.236, 0.049
184.000, -0.500, 0.300, -0.236, 0.233, 0.052
184.020, -0.500, 0.300, -0.235, 0.230, 0.056
184.040, -0.500, 0.300, -0.234, 0.226, 0.060
184.060, -0.500, 0.300, -0.234, 0.222, 0.064
184.080, -0.500, 0.300, -0.235, 0.217, 0.068
184.100, -0.500, 0.300, -0.235, 0.213, 0.073
184.120, -0.500, 0.300, -0.235, 0.208, 0.078
184.140, -0.500, 0.300, -0.235, 0.204, 0.084
184.160, -0.500, 0.300, -0.234, 0.200, 0.088
184.180, -0.500, 0.300, -0.234, 0.195, 0.089
184.200, -0.500, 0.300, -0.237, 0.191, 0.086
184.220, -0.500, 0.300, -0.243, 0.189, 0.081
184.240, -0.500, 0.300, -0.250, 0.188, 0.078
184.260, -0.500, 0.300, -0.257, 0.189, 0.077
184.280, -0.500, 0.300, -0.263, 0.191, 0.078
184.300, -0.500, 0.300, -0.269, 0.194, 0.083
184.320, -0.500, 0.300, -0.275, 0.198, 0.089
184.340, -0.500, 0.300, -0.280, 0.202, 0.097
184.360, -0.500, 0.300, -0.286, 0.206, 0.105
184.380, -0.500, 0.300, -0.292, 0.210, 0.112
184.400, -0.500, 0.300, -0.298, 0.214, 0.118
184.420, -0.500, 0.300, -0.305, 0.218, 0.122
184.440, -0.500, 0.300, -0.311, 0.222, 0.125
184.460, -0.500, 0.300, -0.318, 0.225, 0.127
184.480, -0.500, 0.300, -0.324, 0.228, 0.128
184.500, -0.500, 0.300, -0.329, 0.230, 0.129
184.520, -0.500, 0.300, -0.334, 0.232, 0.129
184.540, -0.500, 0.300, -0.338, 0.232, 0.129
184.560, -0.500, 0.300, -0.340, 0.232, 0.128
184.580, -0.500, 0.300, -0.342, 0.231, 0.127
184.600, -0.500, 0.300, -0.343, 0.230, 0.125
184.620, -0.500, 0.300, -0.344, 0.229, 0.123
184.640, -0.500, 0.300, -0.344, 0.227, 0.121
184.660, -0.500, 0.300, -0.345, 0.225, 0.118
184.680, -0.500, 0.300, -0.346, 0.224, 0.115
184.700, -0.500, 0.300, -0.347, 0.223, 0.111
184.720, -0.500, 0.300, -0.347, 0.222, 0.108
184.740, -0.500, 0.300, -0.348, 0.222, 0.104
184.760, -0.500, 0.300, -0.349, 0.222, 0.100
184.780, -0.500, 0.300, -0.349, 0.223, 0.097
184.800, -0.500, 0.300, -0.348, 0.224, 0.093
184.820, -0.500, 0.300, -0.347, 0.225, 0.090
184.840, -0.500, 0.300, -0.346, 0.228, 0.084
184.860, -0.500, 0.300, -0.345, 0.232, 0.075
184.880, -0.500, 0.300, -0.346, 0.238, 0.065
184.900, -0.500, 0.300, -0.348, 0.244, 0.055
184.920, -0.500, 0.300, -0.351, 0.250, 0.047
184.940, -0.500, 0.300, -0.354, 0.256, 0.041
184.960, -0.500, 0.300, -0.356, 0.261, 0.038
184.980, -0.500, 0.300, -0.359, 0.266, 0.036
185.000, -0.500, 0.300, -0.361, 0.270, 0.035
185.020, -0.500, 0.300, -0.363, 0.273, 0.035
185.040, -0.500, 0.300, -0.365, 0.275, 0.035
185.060, -0.500, 0.300, -0.367, 0.276, 0.035
185.080, -0.500, 0.300, -0.369, 0.275, 0.036
185.100, -0.500, 0.300, -0.371, 0.275, 0.036
185.120, -0.500, 0.300, -0.372, 0.273, 0.036
185.140, -0.500, 0.300, -0.373, 0.271, 0.037
185.160, -0.500, 0.300, -0.374, 0.268, 0.039
185.180, -0.500, 0.300, -0.375, 0.265, 0.041
185.200, -0.500, 0.300, -0.374, 0.263, 0.043
185.220, -0.500, 0.300, -0.374, 0.260, 0.047
185.240, -0.500, 0.300, -0.374, 0.257, 0.050
185.260, -0.500, 0.300, -0.373, 0.255, 0.054
185.280, -0.500, 0.300, -0.373, 0.253, 0.057
185.300, -0.500, 0.300, -0.372, 0.251, 0.060
185.320, -0.500, 0.300, -0.372, 0.249, 0.063
185.340, -0.500, 0.300, -0.372, 0.248, 0.065
185.360, -0.500, 0.300, -0.372, 0.246, 0.068
185.380, -0.500, 0.300, -0.372, 0.245, 0.071
185.400, -0.500, 0.300, -0.371, 0.244, 0.075
185.420, -0.500, 0.300, -0.371, 0.244, 0.079
185.440, -0.500, 0.300, -0.371, 0.242, 0.085
185.460, -0.500, 0.300, -0.370, 0.241, 0.090
185.480, -0.500, 0.300, -0.369, 0.239, 0.093
185.500, -0.500, 0.300, -0.370, 0.237, 0.093
185.520, -0.500, 0.300, -0.373, 0.236, 0.092
185.540, -0.500, 0.300, -0.378, 0.237, 0.092
185.560, -0.500, 0.300, -0.384, 0.239, 0.093
185.580, -0.500, 0.300, -0.389, 0.243, 0.094
185.600, -0.500, 0.300, -0.394, 0.249, 0.097
185.620, -0.500, 0.300, -0.398, 0.256, 0.101
185.640, -0.500, 0.300, -0.401, 0.263, 0.105
185.660, -0.500, 0.300, -0.404, 0.272, 0.109
185.680, -0.500, 0.300, -0.406, 0.282, 0.112
185.700, -0.500, 0.300, -0.409, 0.292, 0.115
185.720, -0.500, 0.300, -0.412, 0.302, 0.117
185.740, -0.500, 0.300, -0.415, 0.312, 0.119
185.760, -0.500, 0.300, -0.419, 0.321, 0.119
185.780, -0.500, 0.300, -0.422, 0.331, 0.119
185.800, -0.500, 0.300, -0.426, 0.339, 0.118
185.820, -0.500, 0.300, -0.430, 0.347, 0.117
185.840, -0.500, 0.300, -0.433, 0.355, 0.115
185.860, -0.500, 0.300, -0.437, 0.361, 0.113
185.880, -0.500, 0.300, -0.441, 0.367, 0.110
185.900, -0.500, 0.300, -0.444, 0.372, 0.106
185.920, -0.500, 0.300, -0.448, 0.376, 0.102
185.940, -0.500, 0.300, -0.452, 0.380, 0.098
185.960, -0.500, 0.300, -0.456, 0.384, 0.093
185.980, -0.500, 0.300, -0.460, 0.389, 0.087
186.000, -0.500, 0.300, -0.465, 0.393, 0.080
186.020, -0.500, 0.300, -0.468, 0.396, 0.078
186.040, -0.500, 0.300, -0.471, 0.399, 0.079
186.060, -0.500, 0.300, -0.472, 0.401, 0.083
186.080, -0.500, 0.300, -0.473, 0.401, 0.087
186.100, -0.500, 0.300, -0.473, 0.401, 0.094
186.120, -0.500, 0.300, -0.472, 0.399, 0.098
186.140, -0.500, 0.300, -0.471, 0.396, 0.097
186.160, -0.500, 0.300, -0.469, 0.394, 0.092
186.180, -0.500, 0.300, -0.467, 0.393, 0.085
186.200, -0.500, 0.300, -0.466, 0.395, 0.077
186.220, -0.500, 0.300, -0.468, 0.399, 0.069
186.240, -0.500, 0.300, -0.473, 0.406, 0.063
186.260, -0.500, 0.300, -0.481, 0.414, 0.059
186.280, -0.500, 0.300, -0.491, 0.424, 0.056
186.300, -0.500, 0.300, -0.501, 0.435, 0.056
186.320, -0.500, 0.300, -0.512, 0.446, 0.056
186.340, -0.500, 0.300, -0.523, 0.457, 0.057
186.360, -0.500, 0.300, -0.533, 0.469, 0.057
186.380, -0.500, 0.300, -0.543, 0.481, 0.056
186.400, -0.500, 0.300, -0.552, 0.492, 0.054
186.420, -0.500, 0.300, -0.560, 0.503, 0.051
186.440, -0.500, 0.300, -0.566, 0.514, 0.046
186.460, -0.500, 0.300, -0.570, 0.523, 0.041
186.480, -0.500, 0.300, -0.574, 0.529, 0.036
186.500, -0.500, 0.300, -0.572, 0.533, 0.035
186.520, -0.500, 0.300, -0.569, 0.536, 0.036
186.540, -0.500, 0.300, -0.564, 0.536, 0.039
186.560, -0.500, 0.300, -0.561, 0.535, 0.042
186.580, -0.500, 0.300, -0.559, 0.533, 0.047
188.620, -0.500, 0.400, 0.000, 0.000, 0.175
188.640, -0.500, 0.400, 0.001, 0.000, 0.161
188.660, -0.500, 0.400, 0.003, 0.001, 0.146
188.680, -0.500, 0.400, 0.005, 0.001, 0.126
188.700, -0.500, 0.400, 0.006, 0.001, 0.104
188.720, -0.500, 0.400, 0.005, 0.002, 0.085
188.740, -0.500, 0.400, 0.002, 0.004, 0.072
188.760, -0.500, 0.400, -0.003, 0.007, 0.062
188.780, -0.500, 0.400, -0.006, 0.010, 0.061
188.800, -0.500, 0.400, -0.007, 0.012, 0.066
188.820, -0.500, 0.400, -0.007, 0.015, 0.075
188.840, -0.500, 0.400, -0.005, 0.016, 0.086
188.860, -0.500, 0.400, -0.002, 0.017, 0.095
188.880, -0.500, 0.400, -0.000, 0.015, 0.099
188.900, -0.500, 0.400, -0.000, 0.012, 0.099
188.920, -0.500, 0.400, -0.003, 0.010, 0.096
188.940, -0.500, 0.400, -0.009, 0.010, 0.091
188.960, -0.500, 0.400, -0.015, 0.011, 0.088
188.980, -0.500, 0.400, -0.021, 0.013, 0.086
189.000, -0.500, 0.400, -0.026, 0.017, 0.086
189.020, -0.500, 0.400, -0.031, 0.022, 0.087
189.040, -0.500, 0.400, -0.035, 0.028, 0.090
189.060, -0.500, 0.400, -0.039, 0.035, 0.094
189.080, -0.500, 0.400, -0.044, 0.042, 0.098
189.100, -0.500, 0.400, -0.049, 0.050, 0.101
189.120, -0.500, 0.400, -0.054, 0.059, 0.103
189.140, -0.500, 0.400, -0.059, 0.067, 0.105
189.160, -0.500, 0.400, -0.065, 0.076, 0.106
189.180, -0.500, 0.400, -0.071, 0.084, 0.106
189.200, -0.500, 0.400, -0.077, 0.092, 0.105
189.220, -0.500, 0.400, -0.082, 0.100, 0.103
189.240, -0.500, 0.400, -0.088, 0.108, 0.101
189.260, -0.500, 0.400, -0.093, 0.115, 0.098
189.280, -0.500, 0.400, -0.098, 0.122, 0.095
189.300, -0.500, 0.400, -0.102, 0.128, 0.091
189.320, -0.500, 0.400, -0.107, 0.133, 0.086
189.340, -0.500, 0.400, -0.111, 0.139, 0.080
189.360, -0.500, 0.400, -0.116, 0.144, 0.074
189.380, -0.500, 0.400, -0.120, 0.149, 0.066
189.400, -0.500, 0.400, -0.123, 0.152, 0.062
189.420, -0.500, 0.400, -0.125, 0.154, 0.062
189.440, -0.500, 0.400, -0.126, 0.155, 0.064
189.460, -0.500, 0.400, -0.126, 0.154, 0.068
189.480, -0.500, 0.400, -0.126, 0.153, 0.074
189.500, -0.500, 0.400, -0.126, 0.150, 0.081
189.520, -0.500, 0.400, -0.126, 0.146, 0.087
189.540, -0.500, 0.400, -0.127, 0.142, 0.087
189.560, -0.500, 0.400, -0.127, 0.138, 0.083
189.580, -0.500, 0.400, -0.127, 0.137, 0.076
189.600, -0.500, 0.400, -0.128, 0.139, 0.069
189.620, -0.500, 0.400, -0.131, 0.144, 0.062
189.640, -0.500, 0.400, -0.137, 0.152, 0.056
189.660, -0.500, 0.400, -0.146, 0.161, 0.051
189.680, -0.500, 0.400, -0.156, 0.172, 0.049
189.700, -0.500, 0.400, -0.168, 0.184, 0.048
189.720, -0.500, 0.400, -0.181, 0.197, 0.049
189.740, -0.500, 0.400, -0.194, 0.210, 0.049
189.760, -0.500, 0.400, -0.206, 0.224, 0.048
189.780, -0.500, 0.400, -0.217, 0.237, 0.047
189.800, -0.500, 0.400, -0.226, 0.250, 0.044
189.820, -0.500, 0.400, -0.231, 0.261, 0.042
189.840, -0.500, 0.400, -0.232, 0.270, 0.039
189.860, -0.500, 0.400, -0.231, 0.278, 0.038
189.880, -0.500, 0.400, -0.228, 0.284, 0.036
189.900, -0.500, 0.400, -0.224, 0.289, 0.033
189.920, -0.500, 0.400, -0.221, 0.293, 0.031
189.940, -0.500, 0.400, -0.219, 0.295, 0.032
189.960, -0.500, 0.400, -0.216, 0.295, 0.036
189.980, -0.500, 0.400, -0.214, 0.293, 0.039
190.000, -0.500, 0.400, -0.212, 0.289, 0.042
190.020, -0.500, 0.400, -0.211, 0.285, 0.046
190.040, -0.500, 0.400, -0.211, 0.280, 0.049
190.060, -0.500, 0.400, -0.212, 0.275, 0.053
190.080, -0.500, 0.400, -0.213, 0.270, 0.057
190.100, -0.500, 0.400, -0.214, 0.266, 0.061
190.120, -0.500, 0.400, -0.215, 0.262, 0.065
190.140, -0.500, 0.400, -0.215, 0.258, 0.071
190.160, -0.500, 0.400, -0.214, 0.254, 0.077
190.180, -0.500, 0.400, -0.213, 0.250, 0.082
190.200, -0.500, 0.400, -0.212, 0.246, 0.083
190.220, -0.500, 0.400, -0.214, 0.242, 0.081
190.240, -0.500, 0.400, -0.219, 0.240, 0.077
190.260, -0.500, 0.400, -0.225, 0.240, 0.073
190.280, -0.500, 0.400, -0.232, 0.242, 0.072
190.300, -0.500, 0.400, -0.237, 0.245, 0.073
190.320, -0.500, 0.400, -0.242, 0.249, 0.076
190.340, -0.500, 0.400, -0.245, 0.253, 0.083
190.360, -0.500, 0.400, -0.248, 0.258, 0.091
190.380, -0.500, 0.400, -0.252, 0.263, 0.099
190.400, -0.500, 0.400, -0.255, 0.268, 0.107
190.420, -0.500, 0.400, -0.260, 0.273, 0.114
190.440, -0.500, 0.400, -0.265, 0.278, 0.119
190.460, -0.500, 0.400, -0.271, 0.282, 0.123
190.480, -0.500, 0.400, -0.277, 0.286, 0.126
190.500, -0.500, 0.400, -0.283, 0.290, 0.128
190.520, -0.500, 0.400, -0.288, 0.293, 0.129
190.540, -0.500, 0.400, -0.293, 0.295, 0.130
190.560, -0.500, 0.400, -0.298, 0.297, 0.131
190.580, -0.500, 0.400, -0.301, 0.298, 0.131
190.600, -0.500, 0.400, -0.303, 0.299, 0.130
190.620, -0.500, 0.400, -0.305, 0.299, 0.128
190.640, -0.500, 0.400, -0.306, 0.298, 0.126
190.660, -0.500, 0.400, -0.307, 0.297, 0.124
190.680, -0.500, 0.400, -0.308, 0.296, 0.121
190.700, -0.500, 0.400, -0.309, 0.294, 0.118
190.720, -0.500, 0.400, -0.311, 0.293, 0.114
190.740, -0.500, 0.400, -0.312, 0.292, 0.110
190.760, -0.500, 0.400, -0.314, 0.290, 0.107
190.780, -0.500, 0.400, -0.315, 0.290, 0.103
190.800, -0.500, 0.400, -0.316, 0.289, 0.099
190.820, -0.500, 0.400, -0.317, 0.289, 0.094
190.840, -0.500, 0.400, -0.317, 0.290, 0.088
190.860, -0.500, 0.400, -0.316, 0.291, 0.081
190.880, -0.500, 0.400, -0.316, 0.294, 0.071
190.900, -0.500, 0.400, -0.317, 0.299, 0.060
190.920, -0.500, 0.400, -0.319, 0.304, 0.050
190.940, -0.500, 0.400, -0.321, 0.310, 0.042
190.960, -0.500, 0.400, -0.323, 0.316, 0.037
190.980, -0.500, 0.400, -0.325, 0.321, 0.034
191.000, -0.500, 0.400, -0.327, 0.326, 0.032
191.020, -0.500, 0.400, -0.328, 0.331, 0.031
191.040, -0.500, 0.400, -0.329, 0.334, 0.032
191.060, -0.500, 0.400, -0.330, 0.337, 0.032
191.080, -0.500, 0.400, -0.331, 0.339, 0.032
191.100, -0.500, 0.400, -0.331, 0.340, 0.033
191.120, -0.500, 0.400, -0.332, 0.339, 0.033
191.140, -0.500, 0.400, -0.333, 0.339, 0.034
191.160, -0.500, 0.400, -0.334, 0.337, 0.035
191.180, -0.500, 0.400, -0.335, 0.335, 0.036
191.200, -0.500, 0.400, -0.335, 0.333, 0.038
191.220, -0.500, 0.400, -0.335, 0.330, 0.041
191.240, -0.500, 0.400, -0.335, 0.327, 0.044
191.260, -0.500, 0.400, -0.335, 0.325, 0.048
191.280, -0.500, 0.400, -0.335, 0.322, 0.052
191.300, -0.500, 0.400, -0.334, 0.319, 0.056
191.320, -0.500, 0.400, -0.334, 0.317, 0.059
191.340, -0.500, 0.400, -0.334, 0.315, 0.062
191.360, -0.500, 0.400, -0.334, 0.313, 0.065
191.380, -0.500, 0.400, -0.334, 0.311, 0.068
191.400, -0.500, 0.400, -0.334, 0.309, 0.071
191.420, -0.500, 0.400, -0.334, 0.308, 0.074
191.440, -0.500, 0.400, -0.334, 0.306, 0.079
191.460, -0.500, 0.400, -0.333, 0.305, 0.085
191.480, -0.500, 0.400, -0.333, 0.303, 0.090
191.500, -0.500, 0.400, -0.332, 0.300, 0.093
191.520, -0.500, 0.400, -0.333, 0.298, 0.094
191.540, -0.500, 0.400, -0.336, 0.296, 0.094
191.560, -0.500, 0.400, -0.340, 0.297, 0.094
191.580, -0.500, 0.400, -0.345, 0.299, 0.095
191.600, -0.500, 0.400, -0.350, 0.303, 0.097
191.620, -0.500, 0.400, -0.354, 0.309, 0.099
191.640, -0.500, 0.400, -0.357, 0.316, 0.103
191.660, -0.500, 0.400, -0.360, 0.324, 0.107
191.680, -0.500, 0.400, -0.362, 0.334, 0.111
191.700, -0.500, 0.400, -0.364, 0.344, 0.115
191.720, -0.500, 0.400, -0.366, 0.354, 0.119
191.740, -0.500, 0.400, -0.369, 0.365, 0.121
191.760, -0.500, 0.400, -0.372, 0.376, 0.123
191.780, -0.500, 0.400, -0.375, 0.387, 0.124
191.800, -0.500, 0.400, -0.378, 0.397, 0.124
191.820, -0.500, 0.400, -0.382, 0.406, 0.123
191.840, -0.500, 0.400, -0.386, 0.415, 0.122
191.860, -0.500, 0.400, -0.389, 0.423, 0.120
191.880, -0.500, 0.400, -0.393, 0.431, 0.118
191.900, -0.500, 0.400, -0.397, 0.437, 0.115
191.920, -0.500, 0.400, -0.400, 0.442, 0.111
191.940, -0.500, 0.400, -0.404, 0.447, 0.107
191.960, -0.500, 0.400, -0.407, 0.451, 0.102
191.980, -0.500, 0.400, -0.411, 0.455, 0.097
192.000, -0.500, 0.400, -0.416, 0.458, 0.091
192.020, -0.500, 0.400, -0.421, 0.462, 0.084
192.040, -0.500, 0.400, -0.425, 0.466, 0.078
192.060, -0.500, 0.400, -0.429, 0.469, 0.077
192.080, -0.500, 0.400, -0.432, 0.471, 0.079
192.100, -0.500, 0.400, -0.433, 0.472, 0.083
192.120, -0.500, 0.400, -0.434, 0.472, 0.089
192.140, -0.500, 0.400, -0.433, 0.470, 0.094
192.160, -0.500, 0.400, -0.432, 0.467, 0.094
192.180, -0.500, 0.400, -0.430, 0.464, 0.089
192.200, -0.500, 0.400, -0.428, 0.463, 0.082
192.220, -0.500, 0.400, -0.426, 0.466, 0.075
192.240, -0.500, 0.400, -0.426, 0.471, 0.067
192.260, -0.500, 0.400, -0.430, 0.480, 0.060
192.280, -0.500, 0.400, -0.438, 0.491, 0.055
192.300, -0.500, 0.400, -0.447, 0.503, 0.053
192.320, -0.500, 0.400, -0.457, 0.517, 0.052
192.340, -0.500, 0.400, -0.467, 0.532, 0.052
192.360, -0.500, 0.400, -0.477, 0.546, 0.051
192.380, -0.500, 0.400, -0.486, 0.561, 0.050
192.400, -0.500, 0.400, -0.495, 0.576, 0.048
192.420, -0.500, 0.400, -0.502, 0.590, 0.044
192.440, -0.500, 0.400, -0.508, 0.602, 0.038
192.460, -0.500, 0.400, -0.511, 0.612, 0.033
192.480, -0.500, 0.400, -0.511, 0.620, 0.028
192.500, -0.500, 0.400, -0.508, 0.626, 0.026
192.520, -0.500, 0.400, -0.504, 0.630, 0.025
192.540, -0.500, 0.400, -0.501, 0.630, 0.029
192.560, -0.500, 0.400, -0.499, 0.628, 0.033
192.580, -0.500, 0.400, -0.496, 0.624, 0.037
192.600, -0.500, 0.400, -0.495, 0.620, 0.040
194.640, -0.500, 0.500, 0.000, 0.000, 0.175
194.660, -0.500, 0.500, 0.001, 0.000, 0.161
194.680, -0.500, 0.500, 0.003, 0.001, 0.145
194.700, -0.500, 0.500, 0.006, 0.001, 0.126
194.720, -0.500, 0.500, 0.008, 0.001, 0.103
194.740, -0.500, 0.500, 0.008, 0.002, 0.083
194.760, -0.500, 0.500, 0.005, 0.004, 0.069
194.780, -0.500, 0.500, -0.000, 0.007, 0.059
194.800, -0.500, 0.500, -0.004, 0.012, 0.056
194.820, -0.500, 0.500, -0.005, 0.015, 0.061
194.840, -0.500, 0.500, -0.004, 0.018, 0.070
194.860, -0.500, 0.500, -0.001, 0.020, 0.081
194.880, -0.500, 0.500, 0.001, 0.020, 0.091
194.900, -0.500, 0.500, 0.004, 0.018, 0.096
194.920, -0.500, 0.500, 0.004, 0.015, 0.098
194.940, -0.500, 0.500, 0.001, 0.013, 0.095
194.960, -0.500, 0.500, -0.005, 0.012, 0.092
194.980, -0.500, 0.500, -0.012, 0.014, 0.089
195.000, -0.500, 0.500, -0.019, 0.017, 0.087
195.020, -0.500, 0.500, -0.024, 0.023, 0.087
195.040, -0.500, 0.500, -0.028, 0.029, 0.089
195.060, -0.500, 0.500, -0.032, 0.037, 0.093
195.080, -0.500, 0.500, -0.036, 0.046, 0.097
195.100, -0.500, 0.500, -0.040, 0.055, 0.101
195.120, -0.500, 0.500, -0.044, 0.065, 0.104
195.140, -0.500, 0.500, -0.049, 0.075, 0.107
195.160, -0.500, 0.500, -0.055, 0.085, 0.109
195.180, -0.500, 0.500, -0.061, 0.095, 0.109
195.200, -0.500, 0.500, -0.067, 0.105, 0.109
195.220, -0.500, 0.500, -0.073, 0.115, 0.107
195.240, -0.500, 0.500, -0.079, 0.124, 0.105
195.260, -0.500, 0.500, -0.085, 0.132, 0.102
195.280, -0.500, 0.500, -0.090, 0.140, 0.098
195.300, -0.500, 0.500, -0.096, 0.147, 0.094
195.320, -0.500, 0.500, -0.101, 0.153, 0.089
195.340, -0.500, 0.500, -0.106, 0.158, 0.083
195.360, -0.500, 0.500, -0.111, 0.163, 0.076
195.380, -0.500, 0.500, -0.116, 0.167, 0.069
195.400, -0.500, 0.500, -0.122, 0.172, 0.060
195.420, -0.500, 0.500, -0.125, 0.175, 0.054
195.440, -0.500, 0.500, -0.128, 0.176, 0.052
195.460, -0.500, 0.500, -0.130, 0.177, 0.053
195.480, -0.500, 0.500, -0.130, 0.176, 0.057
195.500, -0.500, 0.500, -0.131, 0.174, 0.063
195.520, -0.500, 0.500, -0.131, 0.171, 0.071
195.540, -0.500, 0.500, -0.131, 0.167, 0.078
195.560, -0.500, 0.500, -0.132, 0.162, 0.080
195.580, -0.500, 0.500, -0.132, 0.158, 0.077
195.600, -0.500, 0.500, -0.131, 0.157, 0.072
195.620, -0.500, 0.500, -0.130, 0.159, 0.066
195.640, -0.500, 0.500, -0.132, 0.166, 0.059
195.660, -0.500, 0.500, -0.137, 0.176, 0.053
195.680, -0.500, 0.500, -0.144, 0.189, 0.049
195.700, -0.500, 0.500, -0.154, 0.203, 0.046
195.720, -0.500, 0.500, -0.165, 0.218, 0.045
195.740, -0.500, 0.500, -0.177, 0.235, 0.045
195.760, -0.500, 0.500, -0.189, 0.252, 0.044
195.780, -0.500, 0.500, -0.199, 0.269, 0.043
195.800, -0.500, 0.500, -0.207, 0.285, 0.041
195.820, -0.500, 0.500, -0.212, 0.300, 0.038
195.840, -0.500, 0.500, -0.214, 0.313, 0.035
195.860, -0.500, 0.500, -0.213, 0.324, 0.031
195.880, -0.500, 0.500, -0.210, 0.332, 0.026
195.900, -0.500, 0.500, -0.207, 0.339, 0.024
195.920, -0.500, 0.500, -0.205, 0.340, 0.026
195.940, -0.500, 0.500, -0.201, 0.338, 0.029
195.960, -0.500, 0.500, -0.197, 0.336, 0.031
195.980, -0.500, 0.500, -0.194, 0.332, 0.032
196.000, -0.500, 0.500, -0.192, 0.329, 0.034
196.020, -0.500, 0.500, -0.192, 0.326, 0.035
196.040, -0.500, 0.500, -0.193, 0.323, 0.037
196.060, -0.500, 0.500, -0.194, 0.321, 0.040
196.080, -0.500, 0.500, -0.195, 0.319, 0.043
196.100, -0.500, 0.500, -0.196, 0.317, 0.047
196.120, -0.500, 0.500, -0.196, 0.315, 0.051
196.140, -0.500, 0.500, -0.195, 0.313, 0.056
196.160, -0.500, 0.500, -0.194, 0.310, 0.063
196.180, -0.500, 0.500, -0.192, 0.308, 0.070
196.200, -0.500, 0.500, -0.189, 0.304, 0.076
196.220, -0.500, 0.500, -0.188, 0.299, 0.079
196.240, -0.500, 0.500, -0.190, 0.295, 0.079
196.260, -0.500, 0.500, -0.195, 0.293, 0.076
196.280, -0.500, 0.500, -0.202, 0.293, 0.074
196.300, -0.500, 0.500, -0.209, 0.295, 0.073
196.320, -0.500, 0.500, -0.215, 0.300, 0.075
196.340, -0.500, 0.500, -0.218, 0.305, 0.079
196.360, -0.500, 0.500, -0.221, 0.312, 0.086
196.380, -0.500, 0.500, -0.223, 0.318, 0.095
196.400, -0.500, 0.500, -0.225, 0.325, 0.104
196.420, -0.500, 0.500, -0.227, 0.333, 0.112
196.440, -0.500, 0.500, -0.231, 0.340, 0.120
196.460, -0.500, 0.500, -0.236, 0.346, 0.126
196.480, -0.500, 0.500, -0.241, 0.353, 0.130
196.500, -0.500, 0.500, -0.247, 0.359, 0.134
196.520, -0.500, 0.500, -0.253, 0.365, 0.136
196.540, -0.500, 0.500, -0.259, 0.371, 0.138
196.560, -0.500, 0.500, -0.265, 0.375, 0.140
196.580, -0.500, 0.500, -0.270, 0.379, 0.140
196.600, -0.500, 0.500, -0.274, 0.383, 0.140
196.620, -0.500, 0.500, -0.278, 0.385, 0.140
196.640, -0.500, 0.500, -0.281, 0.387, 0.138
196.660, -0.500, 0.500, -0.283, 0.388, 0.136
196.680, -0.500, 0.500, -0.286, 0.388, 0.134
196.700, -0.500, 0.500, -0.288, 0.388, 0.131
196.720, -0.500, 0.500, -0.290, 0.388, 0.127
196.740, -0.500, 0.500, -0.293, 0.387, 0.124
196.760, -0.500, 0.500, -0.295, 0.386, 0.120
196.780, -0.500, 0.500, -0.297, 0.386, 0.116
196.800, -0.500, 0.500, -0.300, 0.385, 0.111
196.820, -0.500, 0.500, -0.302, 0.385, 0.108
196.840, -0.500, 0.500, -0.305, 0.385, 0.101
196.860, -0.500, 0.500, -0.306, 0.385, 0.095
196.880, -0.500, 0.500, -0.306, 0.386, 0.088
196.900, -0.500, 0.500, -0.306, 0.388, 0.079
196.920, -0.500, 0.500, -0.307, 0.392, 0.067
196.940, -0.500, 0.500, -0.309, 0.396, 0.056
196.960, -0.500, 0.500, -0.313, 0.403, 0.047
196.980, -0.500, 0.500, -0.318, 0.410, 0.040
197.000, -0.500, 0.500, -0.322, 0.417, 0.035
197.020, -0.500, 0.500, -0.325, 0.425, 0.034
197.040, -0.500, 0.500, -0.328, 0.432, 0.034
197.060, -0.500, 0.500, -0.329, 0.439, 0.034
197.080, -0.500, 0.500, -0.331, 0.444, 0.035
197.100, -0.500, 0.500, -0.332, 0.449, 0.035
197.120, -0.500, 0.500, -0.334, 0.453, 0.035
197.140, -0.500, 0.500, -0.337, 0.455, 0.034
197.160, -0.500, 0.500, -0.340, 0.457, 0.034
197.180, -0.500, 0.500, -0.343, 0.457, 0.033
197.200, -0.500, 0.500, -0.345, 0.457, 0.034
197.220, -0.500, 0.500, -0.346, 0.455, 0.035
197.240, -0.500, 0.500, -0.347, 0.453, 0.038
197.260, -0.500, 0.500, -0.346, 0.450, 0.042
197.280, -0.500, 0.500, -0.346, 0.447, 0.046
197.300, -0.500, 0.500, -0.345, 0.444, 0.050
197.320, -0.500, 0.500, -0.345, 0.441, 0.054
197.340, -0.500, 0.500, -0.345, 0.438, 0.058
197.360, -0.500, 0.500, -0.344, 0.435, 0.061
197.380, -0.500, 0.500, -0.344, 0.432, 0.065
197.400, -0.500, 0.500, -0.344, 0.429, 0.068
197.420, -0.500, 0.500, -0.344, 0.427, 0.071
197.440, -0.500, 0.500, -0.344, 0.425, 0.075
197.460, -0.500, 0.500, -0.343, 0.424, 0.079
197.480, -0.500, 0.500, -0.343, 0.422, 0.085
197.500, -0.500, 0.500, -0.342, 0.419, 0.092
197.520, -0.500, 0.500, -0.340, 0.417, 0.095
197.540, -0.500, 0.500, -0.341, 0.415, 0.096
197.560, -0.500, 0.500, -0.345, 0.414, 0.096
197.580, -0.500, 0.500, -0.350, 0.416, 0.097
197.600, -0.500, 0.500, -0.356, 0.419, 0.100
197.620, -0.500, 0.500, -0.362, 0.425, 0.103
197.640, -0.500, 0.500, -0.366, 0.433, 0.108
197.660, -0.500, 0.500, -0.368, 0.443, 0.114
197.680, -0.500, 0.500, -0.370, 0.454, 0.119
197.700, -0.500, 0.500, -0.371, 0.466, 0.125
197.720, -0.500, 0.500, -0.373, 0.478, 0.130
197.740, -0.500, 0.500, -0.374, 0.491, 0.134
197.760, -0.500, 0.500, -0.376, 0.504, 0.137
197.780, -0.500, 0.500, -0.379, 0.517, 0.138
197.800, -0.500, 0.500, -0.382, 0.529, 0.139
197.820, -0.500, 0.500, -0.385, 0.540, 0.139
197.840, -0.500, 0.500, -0.389, 0.551, 0.137
197.860, -0.500, 0.500, -0.392, 0.560, 0.136
197.880, -0.500, 0.500, -0.396, 0.568, 0.133
197.900, -0.500, 0.500, -0.399, 0.575, 0.130
197.920, -0.500, 0.500, -0.403, 0.580, 0.126
197.940, -0.500, 0.500, -0.406, 0.584, 0.123
197.960, -0.500, 0.500, -0.410, 0.587, 0.118
197.980, -0.500, 0.500, -0.413, 0.590, 0.114
198.000, -0.500, 0.500, -0.417, 0.593, 0.109
198.020, -0.500, 0.500, -0.422, 0.595, 0.103
198.040, -0.500, 0.500, -0.428, 0.598, 0.097
198.060, -0.500, 0.500, -0.434, 0.602, 0.091
198.080, -0.500, 0.500, -0.440, 0.605, 0.085
198.100, -0.500, 0.500, -0.444, 0.608, 0.085
198.120, -0.500, 0.500, -0.447, 0.610, 0.088
198.140, -0.500, 0.500, -0.449, 0.611, 0.094
198.160, -0.500, 0.500, -0.449, 0.611, 0.099
198.180, -0.500, 0.500, -0.448, 0.609, 0.099
198.200, -0.500, 0.500, -0.445, 0.607, 0.094
198.220, -0.500, 0.500, -0.442, 0.606, 0.086
198.240, -0.500, 0.500, -0.438, 0.609, 0.078
198.260, -0.500, 0.500, -0.437, 0.615, 0.070
198.280, -0.500, 0.500, -0.439, 0.625, 0.063
198.300, -0.500, 0.500, -0.445, 0.638, 0.058
198.320, -0.500, 0.500, -0.454, 0.653, 0.055
198.340, -0.500, 0.500, -0.465, 0.671, 0.054
198.360, -0.500, 0.500, -0.476, 0.689, 0.053
198.380, -0.500, 0.500, -0.486, 0.708, 0.052
198.400, -0.500, 0.500, -0.494, 0.725, 0.050
198.420, -0.500, 0.500, -0.499, 0.742, 0.046
198.440, -0.500, 0.500, -0.503, 0.757, 0.039
198.460, -0.500, 0.500, -0.506, 0.769, 0.031
198.480, -0.500, 0.500, -0.504, 0.779, 0.025
198.500, -0.500, 0.500, -0.499, 0.785, 0.021
198.520, -0.500, 0.500, -0.494, 0.790, 0.019
198.540, -0.500, 0.500, -0.492, 0.791, 0.022
198.560, -0.500, 0.500, -0.488, 0.789, 0.026
198.580, -0.500, 0.500, -0.485, 0.785, 0.028
198.600, -0.500, 0.500, -0.483, 0.781, 0.031
198.620, -0.500, 0.500, -0.482, 0.777, 0.033
200.660, 0.500, -0.500, 0.000, 0.000, 0.175
200.680, 0.500, -0.500, -0.001, -0.000, 0.165
200.700, 0.500, -0.500, -0.003, -0.001, 0.151
200.720, 0.500, -0.500, -0.006, -0.001, 0.131
200.740, 0.500, -0.500, -0.008, -0.002, 0.110
200.760, 0.500, -0.500, -0.009, -0.003, 0.090
200.780, 0.500, -0.500, -0.007, -0.005, 0.076
200.800, 0.500, -0.500, -0.004, -0.009, 0.066
200.820, 0.500, -0.500, -0.001, -0.013, 0.063
200.840, 0.500, -0.500, -0.001, -0.016, 0.066
200.860, 0.500, -0.500, -0.002, -0.018, 0.072
200.880, 0.500, -0.500, -0.003, -0.020, 0.080
200.900, 0.500, -0.500, -0.005, -0.019, 0.086
200.920, 0.500, -0.500, -0.006, -0.016, 0.088
200.940, 0.500, -0.500, -0.005, -0.012, 0.084
200.960, 0.500, -0.500, -0.001, -0.009, 0.077
200.980, 0.500, -0.500, 0.006, -0.007, 0.070
201.000, 0.500, -0.500, 0.012, -0.007, 0.064
201.020, 0.500, -0.500, 0.019, -0.009, 0.059
201.040, 0.500, -0.500, 0.025, -0.011, 0.057
201.060, 0.500, -0.500, 0.031, -0.014, 0.056
201.080, 0.500, -0.500, 0.037, -0.018, 0.057
201.100, 0.500, -0.500, 0.043, -0.023, 0.060
201.120, 0.500, -0.500, 0.050, -0.029, 0.063
201.140, 0.500, -0.500, 0.058, -0.035, 0.067
201.160, 0.500, -0.500, 0.067, -0.043, 0.070
201.180, 0.500, -0.500, 0.076, -0.051, 0.072
201.200, 0.500, -0.500, 0.085, -0.061, 0.074
201.220, 0.500, -0.500, 0.093, -0.072, 0.074
201.240, 0.500, -0.500, 0.101, -0.083, 0.074
201.260, 0.500, -0.500, 0.108, -0.096, 0.072
201.280, 0.500, -0.500, 0.115, -0.108, 0.071
201.300, 0.500, -0.500, 0.121, -0.121, 0.068
201.320, 0.500, -0.500, 0.127, -0.134, 0.064
201.340, 0.500, -0.500, 0.131, -0.146, 0.059
201.360, 0.500, -0.500, 0.135, -0.157, 0.053
201.380, 0.500, -0.500, 0.140, -0.168, 0.045
201.400, 0.500, -0.500, 0.141, -0.175, 0.041
201.420, 0.500, -0.500, 0.141, -0.179, 0.041
201.440, 0.500, -0.500, 0.141, -0.180, 0.043
201.460, 0.500, -0.500, 0.141, -0.179, 0.047
201.480, 0.500, -0.500, 0.140, -0.175, 0.052
201.500, 0.500, -0.500, 0.141, -0.169, 0.060
201.520, 0.500, -0.500, 0.141, -0.162, 0.069
201.540, 0.500, -0.500, 0.142, -0.153, 0.079
201.560, 0.500, -0.500, 0.144, -0.144, 0.087
201.580, 0.500, -0.500, 0.148, -0.134, 0.091
201.600, 0.500, -0.500, 0.152, -0.126, 0.091
201.620, 0.500, -0.500, 0.157, -0.120, 0.090
201.640, 0.500, -0.500, 0.163, -0.118, 0.086
201.660, 0.500, -0.500, 0.171, -0.120, 0.083
201.680, 0.500, -0.500, 0.183, -0.125, 0.081
201.700, 0.500, -0.500, 0.198, -0.132, 0.082
201.720, 0.500, -0.500, 0.217, -0.141, 0.084
201.740, 0.500, -0.500, 0.237, -0.152, 0.088
201.760, 0.500, -0.500, 0.258, -0.164, 0.092
201.780, 0.500, -0.500, 0.279, -0.178, 0.096
201.800, 0.500, -0.500, 0.298, -0.191, 0.098
201.820, 0.500, -0.500, 0.316, -0.205, 0.097
201.840, 0.500, -0.500, 0.331, -0.217, 0.095
201.860, 0.500, -0.500, 0.341, -0.226, 0.090
201.880, 0.500, -0.500, 0.347, -0.233, 0.087
201.900, 0.500, -0.500, 0.348, -0.237, 0.086
201.920, 0.500, -0.500, 0.347, -0.238, 0.086
201.940, 0.500, -0.500, 0.344, -0.238, 0.085
201.960, 0.500, -0.500, 0.340, -0.237, 0.086
201.980, 0.500, -0.500, 0.335, -0.234, 0.087
202.000, 0.500, -0.500, 0.330, -0.231, 0.088
202.020, 0.500, -0.500, 0.324, -0.227, 0.089
202.040, 0.500, -0.500, 0.316, -0.224, 0.091
202.060, 0.500, -0.500, 0.308, -0.222, 0.092
202.080, 0.500, -0.500, 0.298, -0.219, 0.092
202.100, 0.500, -0.500, 0.287, -0.218, 0.092
202.120, 0.500, -0.500, 0.276, -0.216, 0.091
202.140, 0.500, -0.500, 0.265, -0.216, 0.091
202.160, 0.500, -0.500, 0.257, -0.215, 0.093
202.180, 0.500, -0.500, 0.252, -0.215, 0.095
202.200, 0.500, -0.500, 0.249, -0.214, 0.098
202.220, 0.500, -0.500, 0.248, -0.213, 0.099
202.240, 0.500, -0.500, 0.249, -0.210, 0.094
202.260, 0.500, -0.500, 0.253, -0.206, 0.085
202.280, 0.500, -0.500, 0.259, -0.203, 0.075
202.300, 0.500, -0.500, 0.267, -0.202, 0.066
202.320, 0.500, -0.500, 0.274, -0.201, 0.060
202.340, 0.500, -0.500, 0.281, -0.202, 0.058
202.360, 0.500, -0.500, 0.288, -0.203, 0.059
202.380, 0.500, -0.500, 0.296, -0.205, 0.063
202.400, 0.500, -0.500, 0.304, -0.208, 0.068
202.420, 0.500, -0.500, 0.313, -0.210, 0.074
202.440, 0.500, -0.500, 0.323, -0.213, 0.081
202.460, 0.500, -0.500, 0.333, -0.216, 0.086
202.480, 0.500, -0.500, 0.344, -0.219, 0.091
202.500, 0.500, -0.500, 0.355, -0.222, 0.095
202.520, 0.500, -0.500, 0.366, -0.225, 0.098
202.540, 0.500, -0.500, 0.376, -0.229, 0.100
202.560, 0.500, -0.500, 0.386, -0.233, 0.101
202.580, 0.500, -0.500, 0.394, -0.236, 0.102
202.600, 0.500, -0.500, 0.401, -0.240, 0.103
202.620, 0.500, -0.500, 0.407, -0.244, 0.103
202.640, 0.500, -0.500, 0.412, -0.247, 0.103
202.660, 0.500, -0.500, 0.416, -0.251, 0.102
202.680, 0.500, -0.500, 0.420, -0.254, 0.100
202.700, 0.500, -0.500, 0.423, -0.258, 0.098
202.720, 0.500, -0.500, 0.426, -0.263, 0.095
202.740, 0.500, -0.500, 0.430, -0.267, 0.092
202.760, 0.500, -0.500, 0.434, -0.273, 0.089
202.780, 0.500, -0.500, 0.438, -0.280, 0.084
202.800, 0.500, -0.500, 0.441, -0.286, 0.082
202.820, 0.500, -0.500, 0.443, -0.292, 0.086
202.840, 0.500, -0.500, 0.445, -0.298, 0.093
202.860, 0.500, -0.500, 0.445, -0.303, 0.100
202.880, 0.500, -0.500, 0.445, -0.306, 0.105
202.900, 0.500, -0.500, 0.444, -0.308, 0.106
202.920, 0.500, -0.500, 0.445, -0.310, 0.104
202.940, 0.500, -0.500, 0.447, -0.312, 0.101
202.960, 0.500, -0.500, 0.451, -0.316, 0.097
202.980, 0.500, -0.500, 0.459, -0.321, 0.093
203.000, 0.500, -0.500, 0.468, -0.329, 0.088
203.020, 0.500, -0.500, 0.481, -0.339, 0.085
203.040, 0.500, -0.500, 0.495, -0.350, 0.083
203.060, 0.500, -0.500, 0.510, -0.362, 0.081
203.080, 0.500, -0.500, 0.525, -0.375, 0.079
203.100, 0.500, -0.500, 0.537, -0.388, 0.076
203.120, 0.500, -0.500, 0.545, -0.398, 0.073
203.140, 0.500, -0.500, 0.550, -0.407, 0.069
203.160, 0.500, -0.500, 0.553, -0.413, 0.064
203.180, 0.500, -0.500, 0.555, -0.417, 0.059
203.200, 0.500, -0.500, 0.557, -0.418, 0.053
203.220, 0.500, -0.500, 0.559, -0.417, 0.048
203.240, 0.500, -0.500, 0.563, -0.414, 0.043
203.260, 0.500, -0.500, 0.564, -0.411, 0.043
203.280, 0.500, -0.500, 0.563, -0.407, 0.045
203.300, 0.500, -0.500, 0.561, -0.403, 0.050
203.320, 0.500, -0.500, 0.559, -0.398, 0.055
203.340, 0.500, -0.500, 0.557, -0.394, 0.060
203.360, 0.500, -0.500, 0.556, -0.390, 0.064
203.380, 0.500, -0.500, 0.555, -0.386, 0.068
203.400, 0.500, -0.500, 0.554, -0.382, 0.071
203.420, 0.500, -0.500, 0.553, -0.379, 0.074
203.440, 0.500, -0.500, 0.553, -0.377, 0.076
203.460, 0.500, -0.500, 0.552, -0.374, 0.078
203.480, 0.500, -0.500, 0.550, -0.373, 0.080
203.500, 0.500, -0.500, 0.548, -0.370, 0.083
203.520, 0.500, -0.500, 0.546, -0.368, 0.086
203.540, 0.500, -0.500, 0.543, -0.364, 0.085
203.560, 0.500, -0.500, 0.543, -0.360, 0.081
203.580, 0.500, -0.500, 0.547, -0.356, 0.074
203.600, 0.500, -0.500, 0.553, -0.355, 0.066
203.620, 0.500, -0.500, 0.561, -0.356, 0.061
203.640, 0.500, -0.500, 0.568, -0.359, 0.059
203.660, 0.500, -0.500, 0.574, -0.363, 0.061
203.680, 0.500, -0.500, 0.579, -0.368, 0.067
203.700, 0.500, -0.500, 0.584, -0.374, 0.075
203.720, 0.500, -0.500, 0.590, -0.379, 0.084
203.740, 0.500, -0.500, 0.596, -0.385, 0.093
203.760, 0.500, -0.500, 0.604, -0.391, 0.101
203.780, 0.500, -0.500, 0.612, -0.396, 0.107
203.800, 0.500, -0.500, 0.622, -0.402, 0.111
203.820, 0.500, -0.500, 0.632, -0.407, 0.114
203.840, 0.500, -0.500, 0.641, -0.413, 0.117
203.860, 0.500, -0.500, 0.651, -0.418, 0.118
203.880, 0.500, -0.500, 0.659, -0.423, 0.119
203.900, 0.500, -0.500, 0.666, -0.428, 0.120
203.920, 0.500, -0.500, 0.673, -0.432, 0.120
203.940, 0.500, -0.500, 0.678, -0.435, 0.120
203.960, 0.500, -0.500, 0.683, -0.438, 0.120
203.980, 0.500, -0.500, 0.687, -0.440, 0.119
204.000, 0.500, -0.500, 0.690, -0.442, 0.117
204.020, 0.500, -0.500, 0.694, -0.444, 0.115
204.040, 0.500, -0.500, 0.697, -0.446, 0.112
204.060, 0.500, -0.500, 0.701, -0.447, 0.110
204.080, 0.500, -0.500, 0.704, -0.450, 0.107
204.100, 0.500, -0.500, 0.708, -0.452, 0.104
204.120, 0.500, -0.500, 0.713, -0.456, 0.102
204.140, 0.500, -0.500, 0.716, -0.461, 0.099
204.160, 0.500, -0.500, 0.718, -0.465, 0.104
204.180, 0.500, -0.500, 0.719, -0.470, 0.110
204.200, 0.500, -0.500, 0.718, -0.474, 0.113
204.220, 0.500, -0.500, 0.717, -0.479, 0.111
204.240, 0.500, -0.500, 0.718, -0.484, 0.106
204.260, 0.500, -0.500, 0.720, -0.490, 0.099
204.280, 0.500, -0.500, 0.725, -0.498, 0.092
204.300, 0.500, -0.500, 0.732, -0.507, 0.086
204.320, 0.500, -0.500, 0.741, -0.519, 0.082
204.340, 0.500, -0.500, 0.753, -0.532, 0.078
204.360, 0.500, -0.500, 0.765, -0.547, 0.075
204.380, 0.500, -0.500, 0.778, -0.562, 0.071
204.400, 0.500, -0.500, 0.788, -0.575, 0.067
204.420, 0.500, -0.500, 0.794, -0.587, 0.063
204.440, 0.500, -0.500, 0.799, -0.597, 0.056
204.460, 0.500, -0.500, 0.801, -0.604, 0.049
204.480, 0.500, -0.500, 0.802, -0.609, 0.042
204.500, 0.500, -0.500, 0.802, -0.611, 0.039
204.520, 0.500, -0.500, 0.802, -0.612, 0.038
204.540, 0.500, -0.500, 0.803, -0.610, 0.037
204.560, 0.500, -0.500, 0.806, -0.606, 0.037
204.580, 0.500, -0.500, 0.807, -0.602, 0.039
204.600, 0.500, -0.500, 0.808, -0.597, 0.042
204.620, 0.500, -0.500, 0.808, -0.592, 0.045
204.640, 0.500, -0.500, 0.807, -0.587, 0.049
206.680, 0.500, -0.400, 0.000, 0.000, 0.175
206.700, 0.500, -0.400, -0.001, -0.000, 0.164
206.720, 0.500, -0.400, -0.003, -0.001, 0.150
206.740, 0.500, -0.400, -0.005, -0.001, 0.131
206.760, 0.500, -0.400, -0.007, -0.001, 0.110
206.780, 0.500, -0.400, -0.006, -0.003, 0.092
206.800, 0.500, -0.400, -0.004, -0.005, 0.079
206.820, 0.500, -0.400, 0.000, -0.008, 0.069
206.840, 0.500, -0.400, 0.003, -0.012, 0.068
206.860, 0.500, -0.400, 0.004, -0.015, 0.072
206.880, 0.500, -0.400, 0.004, -0.017, 0.078
206.900, 0.500, -0.400, 0.002, -0.018, 0.086
206.920, 0.500, -0.400, 0.001, -0.018, 0.092
206.940, 0.500, -0.400, -0.001, -0.015, 0.093
206.960, 0.500, -0.400, 0.000, -0.012, 0.088
206.980, 0.500, -0.400, 0.004, -0.009, 0.080
207.000, 0.500, -0.400, 0.009, -0.007, 0.072
207.020, 0.500, -0.400, 0.015, -0.007, 0.064
207.040, 0.500, -0.400, 0.020, -0.007, 0.059
207.060, 0.500, -0.400, 0.026, -0.008, 0.056
207.080, 0.500, -0.400, 0.032, -0.009, 0.055
207.100, 0.500, -0.400, 0.038, -0.011, 0.055
207.120, 0.500, -0.400, 0.045, -0.013, 0.057
207.140, 0.500, -0.400, 0.053, -0.016, 0.060
207.160, 0.500, -0.400, 0.061, -0.019, 0.064
207.180, 0.500, -0.400, 0.070, -0.023, 0.067
207.200, 0.500, -0.400, 0.079, -0.028, 0.069
207.220, 0.500, -0.400, 0.089, -0.034, 0.071
207.240, 0.500, -0.400, 0.098, -0.040, 0.072
207.260, 0.500, -0.400, 0.107, -0.048, 0.072
207.280, 0.500, -0.400, 0.115, -0.056, 0.072
207.300, 0.500, -0.400, 0.123, -0.064, 0.071
207.320, 0.500, -0.400, 0.130, -0.073, 0.070
207.340, 0.500, -0.400, 0.136, -0.083, 0.068
207.360, 0.500, -0.400, 0.141, -0.092, 0.065
207.380, 0.500, -0.400, 0.146, -0.102, 0.062
207.400, 0.500, -0.400, 0.150, -0.113, 0.056
207.420, 0.500, -0.400, 0.151, -0.122, 0.054
207.440, 0.500, -0.400, 0.152, -0.129, 0.055
207.460, 0.500, -0.400, 0.151, -0.134, 0.058
207.480, 0.500, -0.400, 0.150, -0.137, 0.061
207.500, 0.500, -0.400, 0.150, -0.137, 0.066
207.520, 0.500, -0.400, 0.149, -0.136, 0.072
207.540, 0.500, -0.400, 0.148, -0.132, 0.078
207.560, 0.500, -0.400, 0.148, -0.127, 0.086
207.580, 0.500, -0.400, 0.148, -0.120, 0.093
207.600, 0.500, -0.400, 0.149, -0.113, 0.096
207.620, 0.500, -0.400, 0.152, -0.106, 0.096
207.640, 0.500, -0.400, 0.157, -0.101, 0.095
207.660, 0.500, -0.400, 0.164, -0.099, 0.092
207.680, 0.500, -0.400, 0.174, -0.098, 0.089
207.700, 0.500, -0.400, 0.185, -0.101, 0.088
207.720, 0.500, -0.400, 0.200, -0.105, 0.088
207.740, 0.500, -0.400, 0.216, -0.112, 0.089
207.760, 0.500, -0.400, 0.233, -0.120, 0.092
207.780, 0.500, -0.400, 0.251, -0.130, 0.096
207.800, 0.500, -0.400, 0.268, -0.141, 0.099
207.820, 0.500, -0.400, 0.285, -0.153, 0.101
207.840, 0.500, -0.400, 0.299, -0.165, 0.102
207.860, 0.500, -0.400, 0.312, -0.176, 0.099
207.880, 0.500, -0.400, 0.322, -0.186, 0.095
207.900, 0.500, -0.400, 0.329, -0.195, 0.090
207.920, 0.500, -0.400, 0.334, -0.201, 0.083
207.940, 0.500, -0.400, 0.337, -0.205, 0.076
207.960, 0.500, -0.400, 0.338, -0.206, 0.069
207.980, 0.500, -0.400, 0.337, -0.206, 0.064
208.000, 0.500, -0.400, 0.334, -0.205, 0.063
208.020, 0.500, -0.400, 0.328, -0.204, 0.064
208.040, 0.500, -0.400, 0.321, -0.203, 0.066
208.060, 0.500, -0.400, 0.313, -0.202, 0.068
208.080, 0.500, -0.400, 0.304, -0.200, 0.070
208.100, 0.500, -0.400, 0.296, -0.199, 0.072
208.120, 0.500, -0.400, 0.289, -0.199, 0.075
208.140, 0.500, -0.400, 0.283, -0.198, 0.078
208.160, 0.500, -0.400, 0.278, -0.198, 0.081
208.180, 0.500, -0.400, 0.275, -0.197, 0.084
208.200, 0.500, -0.400, 0.273, -0.195, 0.088
208.220, 0.500, -0.400, 0.272, -0.192, 0.091
208.240, 0.500, -0.400, 0.271, -0.188, 0.092
208.260, 0.500, -0.400, 0.271, -0.182, 0.088
208.280, 0.500, -0.400, 0.273, -0.175, 0.079
208.300, 0.500, -0.400, 0.279, -0.167, 0.069
208.320, 0.500, -0.400, 0.286, -0.162, 0.058
208.340, 0.500, -0.400, 0.293, -0.158, 0.050
208.360, 0.500, -0.400, 0.299, -0.155, 0.045
208.380, 0.500, -0.400, 0.305, -0.154, 0.044
208.400, 0.500, -0.400, 0.312, -0.153, 0.047
208.420, 0.500, -0.400, 0.318, -0.153, 0.053
208.440, 0.500, -0.400, 0.325, -0.153, 0.060
208.460, 0.500, -0.400, 0.333, -0.153, 0.068
208.480, 0.500, -0.400, 0.340, -0.153, 0.076
208.500, 0.500, -0.400, 0.349, -0.154, 0.083
208.520, 0.500, -0.400, 0.358, -0.156, 0.088
208.540, 0.500, -0.400, 0.367, -0.157, 0.092
208.560, 0.500, -0.400, 0.376, -0.160, 0.096
208.580, 0.500, -0.400, 0.385, -0.162, 0.098
208.600, 0.500, -0.400, 0.393, -0.165, 0.100
208.620, 0.500, -0.400, 0.400, -0.168, 0.102
208.640, 0.500, -0.400, 0.405, -0.171, 0.103
208.660, 0.500, -0.400, 0.409, -0.174, 0.104
208.680, 0.500, -0.400, 0.412, -0.177, 0.104
208.700, 0.500, -0.400, 0.414, -0.180, 0.104
208.720, 0.500, -0.400, 0.416, -0.182, 0.103
208.740, 0.500, -0.400, 0.417, -0.185, 0.102
208.760, 0.500, -0.400, 0.418, -0.187, 0.101
208.780, 0.500, -0.400, 0.419, -0.189, 0.099
208.800, 0.500, -0.400, 0.420, -0.192, 0.098
208.820, 0.500, -0.400, 0.421, -0.194, 0.096
208.840, 0.500, -0.400, 0.422, -0.197, 0.095
208.860, 0.500, -0.400, 0.423, -0.201, 0.094
208.880, 0.500, -0.400, 0.424, -0.204, 0.096
208.900, 0.500, -0.400, 0.424, -0.207, 0.099
208.920, 0.500, -0.400, 0.424, -0.212, 0.099
208.940, 0.500, -0.400, 0.425, -0.217, 0.095
208.960, 0.500, -0.400, 0.427, -0.223, 0.088
208.980, 0.500, -0.400, 0.431, -0.229, 0.079
209.000, 0.500, -0.400, 0.437, -0.236, 0.071
209.020, 0.500, -0.400, 0.444, -0.244, 0.065
209.040, 0.500, -0.400, 0.453, -0.253, 0.059
209.060, 0.500, -0.400, 0.461, -0.262, 0.055
209.080, 0.500, -0.400, 0.468, -0.270, 0.053
209.100, 0.500, -0.400, 0.474, -0.277, 0.051
209.120, 0.500, -0.400, 0.480, -0.283, 0.049
209.140, 0.500, -0.400, 0.485, -0.287, 0.047
209.160, 0.500, -0.400, 0.490, -0.290, 0.044
209.180, 0.500, -0.400, 0.495, -0.290, 0.041
209.200, 0.500, -0.400, 0.498, -0.290, 0.040
209.220, 0.500, -0.400, 0.499, -0.289, 0.041
209.240, 0.500, -0.400, 0.498, -0.286, 0.043
209.260, 0.500, -0.400, 0.496, -0.283, 0.046
209.280, 0.500, -0.400, 0.494, -0.280, 0.049
209.300, 0.500, -0.400, 0.492, -0.277, 0.052
209.320, 0.500, -0.400, 0.491, -0.273, 0.055
209.340, 0.500, -0.400, 0.489, -0.269, 0.059
209.360, 0.500, -0.400, 0.488, -0.266, 0.062
209.380, 0.500, -0.400, 0.488, -0.263, 0.065
209.400, 0.500, -0.400, 0.487, -0.260, 0.067
209.420, 0.500, -0.400, 0.486, -0.257, 0.070
209.440, 0.500, -0.400, 0.486, -0.255, 0.072
209.460, 0.500, -0.400, 0.485, -0.253, 0.074
209.480, 0.500, -0.400, 0.484, -0.251, 0.076
209.500, 0.500, -0.400, 0.483, -0.249, 0.079
209.520, 0.500, -0.400, 0.481, -0.247, 0.082
209.540, 0.500, -0.400, 0.479, -0.244, 0.085
209.560, 0.500, -0.400, 0.477, -0.241, 0.084
209.580, 0.500, -0.400, 0.477, -0.237, 0.079
209.600, 0.500, -0.400, 0.481, -0.233, 0.073
209.620, 0.500, -0.400, 0.486, -0.232, 0.068
209.640, 0.500, -0.400, 0.492, -0.233, 0.064
209.660, 0.500, -0.400, 0.497, -0.235, 0.062
209.680, 0.500, -0.400, 0.502, -0.240, 0.063
209.700, 0.500, -0.400, 0.506, -0.245, 0.066
209.720, 0.500, -0.400, 0.510, -0.251, 0.071
209.740, 0.500, -0.400, 0.514, -0.258, 0.076
209.760, 0.500, -0.400, 0.519, -0.265, 0.082
209.780, 0.500, -0.400, 0.524, -0.273, 0.087
209.800, 0.500, -0.400, 0.531, -0.281, 0.092
209.820, 0.500, -0.400, 0.537, -0.289, 0.096
209.840, 0.500, -0.400, 0.545, -0.297, 0.099
209.860, 0.500, -0.400, 0.552, -0.305, 0.101
209.880, 0.500, -0.400, 0.559, -0.314, 0.103
209.900, 0.500, -0.400, 0.566, -0.322, 0.104
209.920, 0.500, -0.400, 0.572, -0.330, 0.104
209.940, 0.500, -0.400, 0.577, -0.338, 0.104
209.960, 0.500, -0.400, 0.582, -0.345, 0.103
209.980, 0.500, -0.400, 0.586, -0.352, 0.102
210.000, 0.500, -0.400, 0.590, -0.358, 0.100
210.020, 0.500, -0.400, 0.594, -0.363, 0.098
210.040, 0.500, -0.400, 0.597, -0.368, 0.095
210.060, 0.500, -0.400, 0.601, -0.372, 0.091
210.080, 0.500, -0.400, 0.606, -0.377, 0.088
210.100, 0.500, -0.400, 0.610, -0.382, 0.083
210.120, 0.500, -0.400, 0.613, -0.387, 0.080
210.140, 0.500, -0.400, 0.616, -0.392, 0.081
210.160, 0.500, -0.400, 0.618, -0.395, 0.086
210.180, 0.500, -0.400, 0.619, -0.397, 0.094
210.200, 0.500, -0.400, 0.619, -0.398, 0.101
210.220, 0.500, -0.400, 0.619, -0.397, 0.104
210.240, 0.500, -0.400, 0.620, -0.394, 0.103
210.260, 0.500, -0.400, 0.621, -0.392, 0.100
210.280, 0.500, -0.400, 0.623, -0.391, 0.096
210.300, 0.500, -0.400, 0.627, -0.392, 0.091
210.320, 0.500, -0.400, 0.634, -0.395, 0.087
210.340, 0.500, -0.400, 0.645, -0.400, 0.085
210.360, 0.500, -0.400, 0.658, -0.407, 0.085
210.380, 0.500, -0.400, 0.673, -0.415, 0.086
210.400, 0.500, -0.400, 0.689, -0.424, 0.087
210.420, 0.500, -0.400, 0.705, -0.433, 0.088
210.440, 0.500, -0.400, 0.719, -0.444, 0.088
210.460, 0.500, -0.400, 0.731, -0.453, 0.086
210.480, 0.500, -0.400, 0.741, -0.463, 0.082
210.500, 0.500, -0.400, 0.749, -0.470, 0.076
210.520, 0.500, -0.400, 0.754, -0.476, 0.070
210.540, 0.500, -0.400, 0.757, -0.481, 0.063
210.560, 0.500, -0.400, 0.758, -0.483, 0.055
210.580, 0.500, -0.400, 0.756, -0.485, 0.051
210.600, 0.500, -0.400, 0.751, -0.486, 0.050
210.620, 0.500, -0.400, 0.745, -0.486, 0.051
210.640, 0.500, -0.400, 0.739, -0.486, 0.052
210.660, 0.500, -0.400, 0.733, -0.485, 0.054
212.700, 0.500, -0.300, 0.000, 0.000, 0.175
212.720, 0.500, -0.300, -0.000, -0.000, 0.164
212.740, 0.500, -0.300, -0.002, -0.001, 0.150
212.760, 0.500, -0.300, -0.004, -0.001, 0.131
212.780, 0.500, -0.300, -0.005, -0.001, 0.109
212.800, 0.500, -0.300, -0.005, -0.002, 0.091
212.820, 0.500, -0.300, -0.002, -0.004, 0.078
212.840, 0.500, -0.300, 0.003, -0.007, 0.069
212.860, 0.500, -0.300, 0.006, -0.009, 0.068
212.880, 0.500, -0.300, 0.007, -0.011, 0.073
212.900, 0.500, -0.300, 0.007, -0.013, 0.080
212.920, 0.500, -0.300, 0.006, -0.014, 0.088
212.940, 0.500, -0.300, 0.004, -0.013, 0.094
212.960, 0.500, -0.300, 0.003, -0.011, 0.094
212.980, 0.500, -0.300, 0.003, -0.008, 0.088
213.000, 0.500, -0.300, 0.006, -0.005, 0.080
213.020, 0.500, -0.300, 0.010, -0.003, 0.072
213.040, 0.500, -0.300, 0.015, -0.002, 0.064
213.060, 0.500, -0.300, 0.021, -0.001, 0.058
213.080, 0.500, -0.300, 0.027, -0.001, 0.054
213.100, 0.500, -0.300, 0.033, -0.001, 0.053
213.120, 0.500, -0.300, 0.039, -0.001, 0.053
213.140, 0.500, -0.300, 0.046, -0.002, 0.055
213.160, 0.500, -0.300, 0.054, -0.003, 0.057
213.180, 0.500, -0.300, 0.062, -0.005, 0.060
213.200, 0.500, -0.300, 0.071, -0.007, 0.062
213.220, 0.500, -0.300, 0.080, -0.011, 0.065
213.240, 0.500, -0.300, 0.089, -0.015, 0.066
213.260, 0.500, -0.300, 0.098, -0.020, 0.067
213.280, 0.500, -0.300, 0.106, -0.026, 0.068
213.300, 0.500, -0.300, 0.114, -0.032, 0.067
213.320, 0.500, -0.300, 0.120, -0.040, 0.067
213.340, 0.500, -0.300, 0.127, -0.047, 0.066
213.360, 0.500, -0.300, 0.132, -0.056, 0.064
213.380, 0.500, -0.300, 0.136, -0.064, 0.063
213.400, 0.500, -0.300, 0.140, -0.074, 0.059
213.420, 0.500, -0.300, 0.143, -0.082, 0.058
213.440, 0.500, -0.300, 0.144, -0.089, 0.060
213.460, 0.500, -0.300, 0.144, -0.095, 0.063
213.480, 0.500, -0.300, 0.143, -0.099, 0.066
213.500, 0.500, -0.300, 0.143, -0.101, 0.070
213.520, 0.500, -0.300, 0.142, -0.101, 0.074
213.540, 0.500, -0.300, 0.141, -0.100, 0.078
213.560, 0.500, -0.300, 0.140, -0.096, 0.083
213.580, 0.500, -0.300, 0.139, -0.092, 0.090
213.600, 0.500, -0.300, 0.139, -0.086, 0.096
213.620, 0.500, -0.300, 0.140, -0.080, 0.097
213.640, 0.500, -0.300, 0.143, -0.074, 0.097
213.660, 0.500, -0.300, 0.149, -0.069, 0.094
213.680, 0.500, -0.300, 0.157, -0.065, 0.092
213.700, 0.500, -0.300, 0.167, -0.063, 0.091
213.720, 0.500, -0.300, 0.179, -0.061, 0.091
213.740, 0.500, -0.300, 0.192, -0.061, 0.092
213.760, 0.500, -0.300, 0.207, -0.063, 0.094
213.780, 0.500, -0.300, 0.223, -0.066, 0.096
213.800, 0.500, -0.300, 0.239, -0.071, 0.099
213.820, 0.500, -0.300, 0.256, -0.077, 0.102
213.840, 0.500, -0.300, 0.272, -0.084, 0.104
213.860, 0.500, -0.300, 0.288, -0.091, 0.105
213.880, 0.500, -0.300, 0.302, -0.099, 0.105
213.900, 0.500, -0.300, 0.314, -0.106, 0.103
213.920, 0.500, -0.300, 0.325, -0.112, 0.099
213.940, 0.500, -0.300, 0.333, -0.116, 0.095
213.960, 0.500, -0.300, 0.339, -0.119, 0.089
213.980, 0.500, -0.300, 0.343, -0.120, 0.084
214.000, 0.500, -0.300, 0.346, -0.118, 0.079
214.020, 0.500, -0.300, 0.347, -0.115, 0.075
214.040, 0.500, -0.300, 0.346, -0.112, 0.076
214.060, 0.500, -0.300, 0.342, -0.108, 0.079
214.080, 0.500, -0.300, 0.337, -0.104, 0.083
214.100, 0.500, -0.300, 0.330, -0.100, 0.086
214.120, 0.500, -0.300, 0.323, -0.097, 0.088
214.140, 0.500, -0.300, 0.315, -0.093, 0.090
214.160, 0.500, -0.300, 0.306, -0.091, 0.092
214.180, 0.500, -0.300, 0.297, -0.088, 0.094
214.200, 0.500, -0.300, 0.290, -0.086, 0.096
214.220, 0.500, -0.300, 0.284, -0.085, 0.098
214.240, 0.500, -0.300, 0.280, -0.083, 0.101
214.260, 0.500, -0.300, 0.277, -0.082, 0.101
214.280, 0.500, -0.300, 0.276, -0.079, 0.096
214.300, 0.500, -0.300, 0.279, -0.077, 0.086
214.320, 0.500, -0.300, 0.284, -0.075, 0.076
214.340, 0.500, -0.300, 0.290, -0.075, 0.067
214.360, 0.500, -0.300, 0.297, -0.075, 0.061
214.380, 0.500, -0.300, 0.304, -0.076, 0.058
214.400, 0.500, -0.300, 0.312, -0.078, 0.060
214.420, 0.500, -0.300, 0.321, -0.080, 0.063
214.440, 0.500, -0.300, 0.331, -0.083, 0.069
214.460, 0.500, -0.300, 0.342, -0.085, 0.075
214.480, 0.500, -0.300, 0.354, -0.088, 0.081
214.500, 0.500, -0.300, 0.366, -0.090, 0.086
214.520, 0.500, -0.300, 0.378, -0.093, 0.091
214.540, 0.500, -0.300, 0.390, -0.096, 0.095
214.560, 0.500, -0.300, 0.401, -0.098, 0.097
214.580, 0.500, -0.300, 0.411, -0.100, 0.100
214.600, 0.500, -0.300, 0.421, -0.102, 0.101
214.620, 0.500, -0.300, 0.429, -0.104, 0.102
214.640, 0.500, -0.300, 0.436, -0.105, 0.102
214.660, 0.500, -0.300, 0.441, -0.106, 0.102
214.680, 0.500, -0.300, 0.445, -0.107, 0.101
214.700, 0.500, -0.300, 0.448, -0.109, 0.099
214.720, 0.500, -0.300, 0.451, -0.110, 0.097
214.740, 0.500, -0.300, 0.452, -0.112, 0.095
214.760, 0.500, -0.300, 0.453, -0.114, 0.092
214.780, 0.500, -0.300, 0.455, -0.117, 0.089
214.800, 0.500, -0.300, 0.457, -0.120, 0.085
214.820, 0.500, -0.300, 0.458, -0.125, 0.082
214.840, 0.500, -0.300, 0.460, -0.128, 0.085
214.860, 0.500, -0.300, 0.460, -0.132, 0.091
214.880, 0.500, -0.300, 0.460, -0.136, 0.098
214.900, 0.500, -0.300, 0.459, -0.139, 0.105
214.920, 0.500, -0.300, 0.459, -0.142, 0.108
214.940, 0.500, -0.300, 0.459, -0.145, 0.107
214.960, 0.500, -0.300, 0.461, -0.147, 0.101
214.980, 0.500, -0.300, 0.465, -0.149, 0.095
215.000, 0.500, -0.300, 0.471, -0.153, 0.090
215.020, 0.500, -0.300, 0.479, -0.157, 0.086
215.040, 0.500, -0.300, 0.488, -0.162, 0.083
215.060, 0.500, -0.300, 0.499, -0.168, 0.082
215.080, 0.500, -0.300, 0.511, -0.176, 0.082
215.100, 0.500, -0.300, 0.523, -0.185, 0.082
215.120, 0.500, -0.300, 0.533, -0.194, 0.082
215.140, 0.500, -0.300, 0.543, -0.203, 0.081
215.160, 0.500, -0.300, 0.551, -0.213, 0.079
215.180, 0.500, -0.300, 0.557, -0.221, 0.077
215.200, 0.500, -0.300, 0.561, -0.228, 0.074
215.220, 0.500, -0.300, 0.564, -0.233, 0.071
215.240, 0.500, -0.300, 0.565, -0.236, 0.067
215.260, 0.500, -0.300, 0.567, -0.238, 0.063
215.280, 0.500, -0.300, 0.569, -0.238, 0.060
215.300, 0.500, -0.300, 0.570, -0.237, 0.057
215.320, 0.500, -0.300, 0.572, -0.234, 0.055
215.340, 0.500, -0.300, 0.574, -0.231, 0.053
215.360, 0.500, -0.300, 0.576, -0.227, 0.053
215.380, 0.500, -0.300, 0.575, -0.223, 0.056
215.400, 0.500, -0.300, 0.574, -0.219, 0.060
215.420, 0.500, -0.300, 0.572, -0.215, 0.064
215.440, 0.500, -0.300, 0.571, -0.211, 0.068
215.460, 0.500, -0.300, 0.569, -0.208, 0.072
215.480, 0.500, -0.300, 0.567, -0.205, 0.075
215.500, 0.500, -0.300, 0.566, -0.202, 0.077
215.520, 0.500, -0.300, 0.564, -0.199, 0.080
215.540, 0.500, -0.300, 0.562, -0.197, 0.083
215.560, 0.500, -0.300, 0.560, -0.194, 0.085
215.580, 0.500, -0.300, 0.557, -0.190, 0.084
215.600, 0.500, -0.300, 0.556, -0.185, 0.079
215.620, 0.500, -0.300, 0.559, -0.181, 0.070
215.640, 0.500, -0.300, 0.565, -0.178, 0.061
215.660, 0.500, -0.300, 0.572, -0.178, 0.054
215.680, 0.500, -0.300, 0.578, -0.180, 0.049
215.700, 0.500, -0.300, 0.584, -0.183, 0.048
215.720, 0.500, -0.300, 0.589, -0.186, 0.051
215.740, 0.500, -0.300, 0.594, -0.191, 0.056
215.760, 0.500, -0.300, 0.599, -0.195, 0.062
215.780, 0.500, -0.300, 0.605, -0.200, 0.070
215.800, 0.500, -0.300, 0.611, -0.204, 0.077
215.820, 0.500, -0.300, 0.618, -0.209, 0.083
215.840, 0.500, -0.300, 0.627, -0.214, 0.089
215.860, 0.500, -0.300, 0.635, -0.219, 0.093
215.880, 0.500, -0.300, 0.644, -0.225, 0.096
215.900, 0.500, -0.300, 0.653, -0.230, 0.099
215.920, 0.500, -0.300, 0.662, -0.236, 0.100
215.940, 0.500, -0.300, 0.669, -0.241, 0.101
215.960, 0.500, -0.300, 0.676, -0.247, 0.102
215.980, 0.500, -0.300, 0.681, -0.252, 0.102
216.000, 0.500, -0.300, 0.686, -0.257, 0.102
216.020, 0.500, -0.300, 0.690, -0.261, 0.101
216.040, 0.500, -0.300, 0.694, -0.265, 0.099
216.060, 0.500, -0.300, 0.697, -0.268, 0.097
216.080, 0.500, -0.300, 0.701, -0.271, 0.095
216.100, 0.500, -0.300, 0.704, -0.275, 0.092
216.120, 0.500, -0.300, 0.707, -0.278, 0.089
216.140, 0.500, -0.300, 0.712, -0.282, 0.086
216.160, 0.500, -0.300, 0.715, -0.285, 0.086
216.180, 0.500, -0.300, 0.718, -0.289, 0.090
216.200, 0.500, -0.300, 0.719, -0.292, 0.097
216.220, 0.500, -0.300, 0.719, -0.295, 0.104
216.240, 0.500, -0.300, 0.718, -0.298, 0.105
216.260, 0.500, -0.300, 0.719, -0.299, 0.102
216.280, 0.500, -0.300, 0.720, -0.301, 0.096
216.300, 0.500, -0.300, 0.724, -0.304, 0.090
216.320, 0.500, -0.300, 0.730, -0.309, 0.085
216.340, 0.500, -0.300, 0.738, -0.314, 0.082
216.360, 0.500, -0.300, 0.748, -0.321, 0.079
216.380, 0.500, -0.300, 0.759, -0.329, 0.079
216.400, 0.500, -0.300, 0.771, -0.338, 0.078
216.420, 0.500, -0.300, 0.781, -0.347, 0.078
216.440, 0.500, -0.300, 0.791, -0.357, 0.078
216.460, 0.500, -0.300, 0.799, -0.367, 0.077
216.480, 0.500, -0.300, 0.805, -0.376, 0.074
216.500, 0.500, -0.300, 0.809, -0.383, 0.071
216.520, 0.500, -0.300, 0.812, -0.389, 0.068
216.540, 0.500, -0.300, 0.813, -0.393, 0.064
216.560, 0.500, -0.300, 0.814, -0.395, 0.060
216.580, 0.500, -0.300, 0.816, -0.396, 0.056
216.600, 0.500, -0.300, 0.817, -0.395, 0.053
216.620, 0.500, -0.300, 0.819, -0.393, 0.051
216.640, 0.500, -0.300, 0.821, -0.390, 0.050
216.660, 0.500, -0.300, 0.821, -0.386, 0.053
216.680, 0.500, -0.300, 0.819, -0.382, 0.057
218.720, 0.500, -0.200, 0.000, 0.000, 0.175
218.740, 0.500, -0.200, -0.000, -0.001, 0.164
218.760, 0.500, -0.200, -0.002, -0.001, 0.150
218.780, 0.500, -0.200, -0.003, -0.001, 0.131
218.800, 0.500, -0.200, -0.004, -0.001, 0.109
218.820, 0.500, -0.200, -0.002, -0.002, 0.092
218.840, 0.500, -0.200, 0.001, -0.003, 0.081
218.860, 0.500, -0.200, 0.006, -0.005, 0.073
218.880, 0.500, -0.200, 0.009, -0.007, 0.073
218.900, 0.500, -0.200, 0.011, -0.009, 0.078
218.920, 0.500, -0.200, 0.011, -0.010, 0.085
218.940, 0.500, -0.200, 0.010, -0.011, 0.093
218.960, 0.500, -0.200, 0.008, -0.010, 0.098
218.980, 0.500, -0.200, 0.006, -0.008, 0.097
219.000, 0.500, -0.200, 0.006, -0.006, 0.091
219.020, 0.500, -0.200, 0.008, -0.003, 0.083
219.040, 0.500, -0.200, 0.011, -0.001, 0.074
219.060, 0.500, -0.200, 0.016, 0.001, 0.065
219.080, 0.500, -0.200, 0.021, 0.003, 0.059
219.100, 0.500, -0.200, 0.027, 0.005, 0.055
219.120, 0.500, -0.200, 0.033, 0.006, 0.054
219.140, 0.500, -0.200, 0.040, 0.007, 0.053
219.160, 0.500, -0.200, 0.048, 0.008, 0.054
219.180, 0.500, -0.200, 0.055, 0.009, 0.056
219.200, 0.500, -0.200, 0.064, 0.009, 0.058
219.220, 0.500, -0.200, 0.073, 0.009, 0.060
219.240, 0.500, -0.200, 0.081, 0.008, 0.061
219.260, 0.500, -0.200, 0.090, 0.007, 0.062
219.280, 0.500, -0.200, 0.099, 0.005, 0.063
219.300, 0.500, -0.200, 0.107, 0.002, 0.063
219.320, 0.500, -0.200, 0.114, -0.001, 0.063
219.340, 0.500, -0.200, 0.120, -0.006, 0.063
219.360, 0.500, -0.200, 0.126, -0.010, 0.063
219.380, 0.500, -0.200, 0.131, -0.016, 0.062
219.400, 0.500, -0.200, 0.135, -0.022, 0.061
219.420, 0.500, -0.200, 0.138, -0.029, 0.060
219.440, 0.500, -0.200, 0.140, -0.035, 0.062
219.460, 0.500, -0.200, 0.140, -0.041, 0.065
219.480, 0.500, -0.200, 0.140, -0.046, 0.069
219.500, 0.500, -0.200, 0.139, -0.050, 0.072
219.520, 0.500, -0.200, 0.138, -0.052, 0.075
219.540, 0.500, -0.200, 0.137, -0.054, 0.079
219.560, 0.500, -0.200, 0.136, -0.054, 0.082
219.580, 0.500, -0.200, 0.135, -0.052, 0.087
219.600, 0.500, -0.200, 0.134, -0.050, 0.092
219.620, 0.500, -0.200, 0.134, -0.048, 0.097
219.640, 0.500, -0.200, 0.134, -0.044, 0.098
219.660, 0.500, -0.200, 0.137, -0.041, 0.096
219.680, 0.500, -0.200, 0.142, -0.037, 0.094
219.700, 0.500, -0.200, 0.150, -0.034, 0.092
219.720, 0.500, -0.200, 0.160, -0.031, 0.091
219.740, 0.500, -0.200, 0.171, -0.028, 0.093
219.760, 0.500, -0.200, 0.184, -0.026, 0.095
219.780, 0.500, -0.200, 0.196, -0.023, 0.098
219.800, 0.500, -0.200, 0.209, -0.020, 0.102
219.820, 0.500, -0.200, 0.222, -0.018, 0.105
219.840, 0.500, -0.200, 0.235, -0.016, 0.107
219.860, 0.500, -0.200, 0.247, -0.014, 0.109
219.880, 0.500, -0.200, 0.259, -0.013, 0.110
219.900, 0.500, -0.200, 0.270, -0.013, 0.110
219.920, 0.500, -0.200, 0.281, -0.013, 0.110
219.940, 0.500, -0.200, 0.291, -0.013, 0.108
219.960, 0.500, -0.200, 0.299, -0.014, 0.105
219.980, 0.500, -0.200, 0.307, -0.014, 0.102
220.000, 0.500, -0.200, 0.313, -0.016, 0.098
220.020, 0.500, -0.200, 0.319, -0.017, 0.094
220.040, 0.500, -0.200, 0.324, -0.017, 0.090
220.060, 0.500, -0.200, 0.329, -0.016, 0.085
220.080, 0.500, -0.200, 0.332, -0.016, 0.084
220.100, 0.500, -0.200, 0.333, -0.015, 0.087
220.120, 0.500, -0.200, 0.333, -0.015, 0.090
220.140, 0.500, -0.200, 0.331, -0.014, 0.092
220.160, 0.500, -0.200, 0.329, -0.012, 0.094
220.180, 0.500, -0.200, 0.325, -0.011, 0.096
220.200, 0.500, -0.200, 0.321, -0.009, 0.097
220.220, 0.500, -0.200, 0.315, -0.008, 0.098
220.240, 0.500, -0.200, 0.309, -0.007, 0.100
220.260, 0.500, -0.200, 0.303, -0.005, 0.103
220.280, 0.500, -0.200, 0.297, -0.003, 0.103
220.300, 0.500, -0.200, 0.293, -0.001, 0.098
220.320, 0.500, -0.200, 0.291, 0.002, 0.088
220.340, 0.500, -0.200, 0.293, 0.005, 0.077
220.360, 0.500, -0.200, 0.296, 0.006, 0.068
220.380, 0.500, -0.200, 0.301, 0.007, 0.061
220.400, 0.500, -0.200, 0.307, 0.008, 0.058
220.420, 0.500, -0.200, 0.314, 0.008, 0.058
220.440, 0.500, -0.200, 0.324, 0.007, 0.060
220.460, 0.500, -0.200, 0.334, 0.007, 0.065
220.480, 0.500, -0.200, 0.346, 0.006, 0.070
220.500, 0.500, -0.200, 0.359, 0.005, 0.076
220.520, 0.500, -0.200, 0.372, 0.004, 0.081
220.540, 0.500, -0.200, 0.385, 0.002, 0.086
220.560, 0.500, -0.200, 0.398, 0.001, 0.090
220.580, 0.500, -0.200, 0.410, -0.002, 0.093
220.600, 0.500, -0.200, 0.421, -0.004, 0.096
220.620, 0.500, -0.200, 0.431, -0.006, 0.097
220.640, 0.500, -0.200, 0.439, -0.007, 0.099
220.660, 0.500, -0.200, 0.447, -0.009, 0.099
220.680, 0.500, -0.200, 0.453, -0.010, 0.099
220.700, 0.500, -0.200, 0.457, -0.012, 0.099
220.720, 0.500, -0.200, 0.461, -0.013, 0.097
220.740, 0.500, -0.200, 0.463, -0.014, 0.095
220.760, 0.500, -0.200, 0.465, -0.016, 0.092
220.780, 0.500, -0.200, 0.466, -0.018, 0.089
220.800, 0.500, -0.200, 0.467, -0.021, 0.086
220.820, 0.500, -0.200, 0.469, -0.024, 0.082
220.840, 0.500, -0.200, 0.470, -0.027, 0.081
220.860, 0.500, -0.200, 0.472, -0.030, 0.084
220.880, 0.500, -0.200, 0.472, -0.033, 0.090
220.900, 0.500, -0.200, 0.472, -0.036, 0.096
220.920, 0.500, -0.200, 0.471, -0.039, 0.103
220.940, 0.500, -0.200, 0.470, -0.042, 0.106
220.960, 0.500, -0.200, 0.470, -0.044, 0.104
220.980, 0.500, -0.200, 0.473, -0.045, 0.099
221.000, 0.500, -0.200, 0.477, -0.046, 0.092
221.020, 0.500, -0.200, 0.484, -0.047, 0.088
221.040, 0.500, -0.200, 0.492, -0.048, 0.085
221.060, 0.500, -0.200, 0.501, -0.050, 0.083
221.080, 0.500, -0.200, 0.511, -0.052, 0.083
221.100, 0.500, -0.200, 0.522, -0.055, 0.084
221.120, 0.500, -0.200, 0.533, -0.059, 0.085
221.140, 0.500, -0.200, 0.544, -0.063, 0.086
221.160, 0.500, -0.200, 0.555, -0.068, 0.087
221.180, 0.500, -0.200, 0.565, -0.074, 0.087
221.200, 0.500, -0.200, 0.574, -0.080, 0.086
221.220, 0.500, -0.200, 0.581, -0.085, 0.085
221.240, 0.500, -0.200, 0.587, -0.090, 0.082
221.260, 0.500, -0.200, 0.591, -0.094, 0.080
221.280, 0.500, -0.200, 0.593, -0.097, 0.077
221.300, 0.500, -0.200, 0.593, -0.100, 0.074
221.320, 0.500, -0.200, 0.593, -0.101, 0.071
221.340, 0.500, -0.200, 0.593, -0.101, 0.068
221.360, 0.500, -0.200, 0.593, -0.100, 0.066
221.380, 0.500, -0.200, 0.593, -0.097, 0.064
221.400, 0.500, -0.200, 0.593, -0.095, 0.064
221.420, 0.500, -0.200, 0.593, -0.092, 0.066
221.440, 0.500, -0.200, 0.592, -0.088, 0.069
221.460, 0.500, -0.200, 0.590, -0.085, 0.073
221.480, 0.500, -0.200, 0.589, -0.081, 0.077
221.500, 0.500, -0.200, 0.587, -0.077, 0.080
221.520, 0.500, -0.200, 0.586, -0.074, 0.083
221.540, 0.500, -0.200, 0.584, -0.070, 0.086
221.560, 0.500, -0.200, 0.582, -0.066, 0.089
221.580, 0.500, -0.200, 0.580, -0.062, 0.092
221.600, 0.500, -0.200, 0.577, -0.057, 0.090
221.620, 0.500, -0.200, 0.577, -0.052, 0.084
221.640, 0.500, -0.200, 0.579, -0.047, 0.074
221.660, 0.500, -0.200, 0.584, -0.042, 0.064
221.680, 0.500, -0.200, 0.591, -0.039, 0.056
221.700, 0.500, -0.200, 0.597, -0.038, 0.051
221.720, 0.500, -0.200, 0.603, -0.038, 0.049
221.740, 0.500, -0.200, 0.609, -0.038, 0.049
221.760, 0.500, -0.200, 0.615, -0.038, 0.053
221.780, 0.500, -0.200, 0.621, -0.039, 0.058
221.800, 0.500, -0.200, 0.629, -0.040, 0.063
221.820, 0.500, -0.200, 0.636, -0.041, 0.069
221.840, 0.500, -0.200, 0.644, -0.042, 0.074
221.860, 0.500, -0.200, 0.652, -0.043, 0.079
221.880, 0.500, -0.200, 0.660, -0.044, 0.083
221.900, 0.500, -0.200, 0.669, -0.046, 0.086
221.920, 0.500, -0.200, 0.677, -0.048, 0.089
221.940, 0.500, -0.200, 0.685, -0.050, 0.091
221.960, 0.500, -0.200, 0.691, -0.052, 0.092
221.980, 0.500, -0.200, 0.697, -0.054, 0.093
222.000, 0.500, -0.200, 0.701, -0.056, 0.094
222.020, 0.500, -0.200, 0.704, -0.059, 0.094
222.040, 0.500, -0.200, 0.707, -0.061, 0.093
222.060, 0.500, -0.200, 0.708, -0.063, 0.092
222.080, 0.500, -0.200, 0.709, -0.066, 0.091
222.100, 0.500, -0.200, 0.709, -0.068, 0.089
222.120, 0.500, -0.200, 0.710, -0.070, 0.087
222.140, 0.500, -0.200, 0.710, -0.072, 0.086
222.160, 0.500, -0.200, 0.711, -0.075, 0.084
222.180, 0.500, -0.200, 0.712, -0.077, 0.083
222.200, 0.500, -0.200, 0.714, -0.079, 0.086
222.220, 0.500, -0.200, 0.714, -0.082, 0.093
222.240, 0.500, -0.200, 0.714, -0.085, 0.099
222.260, 0.500, -0.200, 0.714, -0.089, 0.100
222.280, 0.500, -0.200, 0.715, -0.093, 0.097
222.300, 0.500, -0.200, 0.717, -0.096, 0.090
222.320, 0.500, -0.200, 0.722, -0.100, 0.083
222.340, 0.500, -0.200, 0.728, -0.102, 0.078
222.360, 0.500, -0.200, 0.735, -0.104, 0.075
222.380, 0.500, -0.200, 0.742, -0.105, 0.073
222.400, 0.500, -0.200, 0.749, -0.106, 0.073
222.420, 0.500, -0.200, 0.757, -0.107, 0.074
222.440, 0.500, -0.200, 0.764, -0.106, 0.075
222.460, 0.500, -0.200, 0.771, -0.106, 0.075
222.480, 0.500, -0.200, 0.779, -0.105, 0.075
222.500, 0.500, -0.200, 0.786, -0.103, 0.075
222.520, 0.500, -0.200, 0.793, -0.102, 0.075
222.540, 0.500, -0.200, 0.799, -0.100, 0.074
222.560, 0.500, -0.200, 0.805, -0.098, 0.072
222.580, 0.500, -0.200, 0.811, -0.096, 0.071
222.600, 0.500, -0.200, 0.816, -0.094, 0.069
222.620, 0.500, -0.200, 0.821, -0.092, 0.068
222.640, 0.500, -0.200, 0.824, -0.090, 0.067
222.660, 0.500, -0.200, 0.827, -0.088, 0.065
222.680, 0.500, -0.200, 0.828, -0.086, 0.066
222.700, 0.500, -0.200, 0.828, -0.085, 0.068
224.740, 0.500, -0.100, 0.000, 0.000, 0.175
224.760, 0.500, -0.100, -0.000, -0.001, 0.164
224.780, 0.500, -0.100, -0.001, -0.001, 0.150
224.800, 0.500, -0.100, -0.002, -0.001, 0.131
224.820, 0.500, -0.100, -0.002, -0.001, 0.109
224.840, 0.500, -0.100, -0.000, -0.001, 0.092
224.860, 0.500, -0.100, 0.003, -0.002, 0.081
224.880, 0.500, -0.100, 0.008, -0.003, 0.072
224.900, 0.500, -0.100, 0.012, -0.005, 0.072
224.920, 0.500, -0.100, 0.014, -0.006, 0.077
224.940, 0.500, -0.100, 0.014, -0.007, 0.085
224.960, 0.500, -0.100, 0.013, -0.007, 0.092
224.980, 0.500, -0.100, 0.012, -0.006, 0.097
225.000, 0.500, -0.100, 0.010, -0.004, 0.097
225.020, 0.500, -0.100, 0.009, -0.002, 0.091
225.040, 0.500, -0.100, 0.010, 0.000, 0.082
225.060, 0.500, -0.100, 0.013, 0.003, 0.073
225.080, 0.500, -0.100, 0.017, 0.006, 0.064
225.100, 0.500, -0.100, 0.021, 0.009, 0.058
225.120, 0.500, -0.100, 0.027, 0.012, 0.054
225.140, 0.500, -0.100, 0.034, 0.014, 0.052
225.160, 0.500, -0.100, 0.042, 0.016, 0.051
225.180, 0.500, -0.100, 0.050, 0.019, 0.051
225.200, 0.500, -0.100, 0.058, 0.021, 0.052
225.220, 0.500, -0.100, 0.067, 0.022, 0.053
225.240, 0.500, -0.100, 0.076, 0.023, 0.054
225.260, 0.500, -0.100, 0.085, 0.024, 0.055
225.280, 0.500, -0.100, 0.094, 0.024, 0.056
225.300, 0.500, -0.100, 0.102, 0.023, 0.056
225.320, 0.500, -0.100, 0.110, 0.022, 0.056
225.340, 0.500, -0.100, 0.117, 0.020, 0.055
225.360, 0.500, -0.100, 0.123, 0.018, 0.055
225.380, 0.500, -0.100, 0.128, 0.014, 0.054
225.400, 0.500, -0.100, 0.133, 0.010, 0.054
225.420, 0.500, -0.100, 0.135, 0.006, 0.056
225.440, 0.500, -0.100, 0.136, 0.002, 0.059
225.460, 0.500, -0.100, 0.136, -0.002, 0.063
225.480, 0.500, -0.100, 0.135, -0.006, 0.066
225.500, 0.500, -0.100, 0.133, -0.008, 0.069
225.520, 0.500, -0.100, 0.132, -0.010, 0.072
225.540, 0.500, -0.100, 0.131, -0.011, 0.075
225.560, 0.500, -0.100, 0.130, -0.012, 0.077
225.580, 0.500, -0.100, 0.129, -0.011, 0.081
225.600, 0.500, -0.100, 0.128, -0.010, 0.085
225.620, 0.500, -0.100, 0.128, -0.009, 0.090
225.640, 0.500, -0.100, 0.127, -0.008, 0.095
225.660, 0.500, -0.100, 0.127, -0.007, 0.095
225.680, 0.500, -0.100, 0.130, -0.005, 0.093
225.700, 0.500, -0.100, 0.136, -0.003, 0.090
225.720, 0.500, -0.100, 0.145, -0.001, 0.088
225.740, 0.500, -0.100, 0.155, 0.001, 0.089
225.760, 0.500, -0.100, 0.166, 0.004, 0.092
225.780, 0.500, -0.100, 0.177, 0.007, 0.096
225.800, 0.500, -0.100, 0.189, 0.010, 0.100
225.820, 0.500, -0.100, 0.201, 0.013, 0.105
225.840, 0.500, -0.100, 0.212, 0.017, 0.109
225.860, 0.500, -0.100, 0.223, 0.020, 0.112
225.880, 0.500, -0.100, 0.234, 0.023, 0.114
225.900, 0.500, -0.100, 0.244, 0.026, 0.115
225.920, 0.500, -0.100, 0.254, 0.028, 0.115
225.940, 0.500, -0.100, 0.262, 0.030, 0.115
225.960, 0.500, -0.100, 0.270, 0.032, 0.113
225.980, 0.500, -0.100, 0.277, 0.033, 0.111
226.000, 0.500, -0.100, 0.284, 0.034, 0.109
226.020, 0.500, -0.100, 0.289, 0.035, 0.106
226.040, 0.500, -0.100, 0.293, 0.036, 0.103
226.060, 0.500, -0.100, 0.296, 0.037, 0.100
226.080, 0.500, -0.100, 0.299, 0.038, 0.096
226.100, 0.500, -0.100, 0.300, 0.039, 0.092
226.120, 0.500, -0.100, 0.302, 0.042, 0.087
226.140, 0.500, -0.100, 0.304, 0.043, 0.087
226.160, 0.500, -0.100, 0.304, 0.045, 0.089
226.180, 0.500, -0.100, 0.303, 0.046, 0.092
226.200, 0.500, -0.100, 0.302, 0.047, 0.095
226.220, 0.500, -0.100, 0.300, 0.048, 0.097
226.240, 0.500, -0.100, 0.297, 0.050, 0.100
226.260, 0.500, -0.100, 0.295, 0.051, 0.103
226.280, 0.500, -0.100, 0.292, 0.052, 0.107
226.300, 0.500, -0.100, 0.289, 0.055, 0.107
226.320, 0.500, -0.100, 0.288, 0.057, 0.102
226.340, 0.500, -0.100, 0.288, 0.060, 0.093
226.360, 0.500, -0.100, 0.291, 0.063, 0.082
226.380, 0.500, -0.100, 0.295, 0.065, 0.072
226.400, 0.500, -0.100, 0.300, 0.067, 0.066
226.420, 0.500, -0.100, 0.307, 0.067, 0.062
226.440, 0.500, -0.100, 0.316, 0.068, 0.062
226.460, 0.500, -0.100, 0.326, 0.068, 0.064
226.480, 0.500, -0.100, 0.338, 0.067, 0.068
226.500, 0.500, -0.100, 0.350, 0.067, 0.072
226.520, 0.500, -0.100, 0.362, 0.066, 0.076
226.540, 0.500, -0.100, 0.375, 0.064, 0.080
226.560, 0.500, -0.100, 0.388, 0.063, 0.084
226.580, 0.500, -0.100, 0.399, 0.061, 0.087
226.600, 0.500, -0.100, 0.411, 0.060, 0.090
226.620, 0.500, -0.100, 0.421, 0.059, 0.092
226.640, 0.500, -0.100, 0.430, 0.058, 0.093
226.660, 0.500, -0.100, 0.437, 0.057, 0.093
226.680, 0.500, -0.100, 0.443, 0.057, 0.093
226.700, 0.500, -0.100, 0.448, 0.056, 0.093
226.720, 0.500, -0.100, 0.452, 0.055, 0.091
226.740, 0.500, -0.100, 0.454, 0.053, 0.089
226.760, 0.500, -0.100, 0.455, 0.051, 0.087
226.780, 0.500, -0.100, 0.456, 0.048, 0.084
226.800, 0.500, -0.100, 0.457, 0.045, 0.080
226.820, 0.500, -0.100, 0.458, 0.041, 0.077
226.840, 0.500, -0.100, 0.460, 0.038, 0.078
226.860, 0.500, -0.100, 0.460, 0.035, 0.082
226.880, 0.500, -0.100, 0.460, 0.033, 0.087
226.900, 0.500, -0.100, 0.460, 0.030, 0.092
226.920, 0.500, -0.100, 0.459, 0.028, 0.098
226.940, 0.500, -0.100, 0.458, 0.027, 0.104
226.960, 0.500, -0.100, 0.458, 0.026, 0.106
226.980, 0.500, -0.100, 0.458, 0.025, 0.103
227.000, 0.500, -0.100, 0.461, 0.026, 0.098
227.020, 0.500, -0.100, 0.467, 0.027, 0.093
227.040, 0.500, -0.100, 0.474, 0.029, 0.089
227.060, 0.500, -0.100, 0.482, 0.031, 0.088
227.080, 0.500, -0.100, 0.492, 0.033, 0.088
227.100, 0.500, -0.100, 0.502, 0.035, 0.090
227.120, 0.500, -0.100, 0.514, 0.037, 0.092
227.140, 0.500, -0.100, 0.525, 0.039, 0.095
227.160, 0.500, -0.100, 0.537, 0.039, 0.097
227.180, 0.500, -0.100, 0.548, 0.039, 0.099
227.200, 0.500, -0.100, 0.560, 0.039, 0.101
227.220, 0.500, -0.100, 0.570, 0.037, 0.101
227.240, 0.500, -0.100, 0.581, 0.036, 0.101
227.260, 0.500, -0.100, 0.590, 0.034, 0.100
227.280, 0.500, -0.100, 0.597, 0.032, 0.099
227.300, 0.500, -0.100, 0.604, 0.030, 0.097
227.320, 0.500, -0.100, 0.608, 0.029, 0.094
227.340, 0.500, -0.100, 0.611, 0.029, 0.092
227.360, 0.500, -0.100, 0.612, 0.029, 0.089
227.380, 0.500, -0.100, 0.612, 0.030, 0.086
227.400, 0.500, -0.100, 0.610, 0.032, 0.082
227.420, 0.500, -0.100, 0.610, 0.035, 0.079
227.440, 0.500, -0.100, 0.608, 0.037, 0.079
227.460, 0.500, -0.100, 0.606, 0.040, 0.082
227.480, 0.500, -0.100, 0.603, 0.042, 0.086
227.500, 0.500, -0.100, 0.600, 0.045, 0.089
227.520, 0.500, -0.100, 0.598, 0.048, 0.092
227.540, 0.500, -0.100, 0.596, 0.052, 0.095
227.560, 0.500, -0.100, 0.594, 0.055, 0.097
227.580, 0.500, -0.100, 0.592, 0.058, 0.101
227.600, 0.500, -0.100, 0.590, 0.062, 0.103
227.620, 0.500, -0.100, 0.588, 0.066, 0.101
227.640, 0.500, -0.100, 0.587, 0.070, 0.093
227.660, 0.500, -0.100, 0.588, 0.075, 0.083
227.680, 0.500, -0.100, 0.592, 0.079, 0.072
227.700, 0.500, -0.100, 0.596, 0.082, 0.063
227.720, 0.500, -0.100, 0.601, 0.085, 0.058
227.740, 0.500, -0.100, 0.608, 0.088, 0.055
227.760, 0.500, -0.100, 0.616, 0.090, 0.056
227.780, 0.500, -0.100, 0.625, 0.093, 0.059
227.800, 0.500, -0.100, 0.635, 0.095, 0.063
227.820, 0.500, -0.100, 0.646, 0.097, 0.068
227.840, 0.500, -0.100, 0.657, 0.098, 0.073
227.860, 0.500, -0.100, 0.668, 0.099, 0.077
227.880, 0.500, -0.100, 0.679, 0.099, 0.081
227.900, 0.500, -0.100, 0.690, 0.099, 0.085
227.920, 0.500, -0.100, 0.700, 0.098, 0.088
227.940, 0.500, -0.100, 0.709, 0.096, 0.090
227.960, 0.500, -0.100, 0.717, 0.095, 0.092
227.980, 0.500, -0.100, 0.724, 0.093, 0.093
228.000, 0.500, -0.100, 0.730, 0.090, 0.093
228.020, 0.500, -0.100, 0.735, 0.088, 0.093
228.040, 0.500, -0.100, 0.738, 0.086, 0.093
228.060, 0.500, -0.100, 0.740, 0.083, 0.092
228.080, 0.500, -0.100, 0.741, 0.081, 0.090
228.100, 0.500, -0.100, 0.741, 0.078, 0.088
228.120, 0.500, -0.100, 0.742, 0.075, 0.086
228.140, 0.500, -0.100, 0.742, 0.072, 0.084
228.160, 0.500, -0.100, 0.743, 0.068, 0.082
228.180, 0.500, -0.100, 0.745, 0.065, 0.081
228.200, 0.500, -0.100, 0.747, 0.062, 0.086
228.220, 0.500, -0.100, 0.747, 0.060, 0.091
228.240, 0.500, -0.100, 0.748, 0.057, 0.099
228.260, 0.500, -0.100, 0.747, 0.054, 0.104
228.280, 0.500, -0.100, 0.747, 0.050, 0.104
228.300, 0.500, -0.100, 0.748, 0.048, 0.100
228.320, 0.500, -0.100, 0.752, 0.047, 0.093
228.340, 0.500, -0.100, 0.758, 0.047, 0.087
228.360, 0.500, -0.100, 0.765, 0.048, 0.083
228.380, 0.500, -0.100, 0.772, 0.049, 0.081
228.400, 0.500, -0.100, 0.780, 0.051, 0.081
228.420, 0.500, -0.100, 0.789, 0.053, 0.082
228.440, 0.500, -0.100, 0.798, 0.054, 0.084
228.460, 0.500, -0.100, 0.806, 0.055, 0.086
228.480, 0.500, -0.100, 0.815, 0.056, 0.087
228.500, 0.500, -0.100, 0.824, 0.056, 0.088
228.520, 0.500, -0.100, 0.832, 0.056, 0.089
228.540, 0.500, -0.100, 0.841, 0.056, 0.088
228.560, 0.500, -0.100, 0.848, 0.055, 0.088
228.580, 0.500, -0.100, 0.854, 0.054, 0.086
228.600, 0.500, -0.100, 0.859, 0.053, 0.085
228.620, 0.500, -0.100, 0.863, 0.052, 0.083
228.640, 0.500, -0.100, 0.866, 0.051, 0.081
228.660, 0.500, -0.100, 0.867, 0.050, 0.079
228.680, 0.500, -0.100, 0.866, 0.050, 0.077
228.700, 0.500, -0.100, 0.866, 0.051, 0.075
228.720, 0.500, -0.100, 0.865, 0.052, 0.072
230.760, 0.500, -0.000, 0.000, 0.000, 0.175
230.780, 0.500, -0.000, -0.000, -0.001, 0.164
230.800, 0.500, -0.000, -0.000, -0.001, 0.150
230.820, 0.500, -0.000, -0.001, -0.001, 0.130
230.840, 0.500, -0.000, -0.001, -0.001, 0.109
230.860, 0.500, -0.000, 0.001, -0.001, 0.092
230.880, 0.500, -0.000, 0.005, -0.001, 0.080
230.900, 0.500, -0.000, 0.010, -0.001, 0.073
230.920, 0.500, -0.000, 0.014, -0.002, 0.073
230.940, 0.500, -0.000, 0.016, -0.002, 0.078
230.960, 0.500, -0.000, 0.016, -0.002, 0.086
230.980, 0.500, -0.000, 0.016, -0.002, 0.093
231.000, 0.500, -0.000, 0.014, -0.001, 0.099
231.020, 0.500, -0.000, 0.012, 0.000, 0.098
231.040, 0.500, -0.000, 0.011, 0.003, 0.093
231.060, 0.500, -0.000, 0.011, 0.005, 0.084
231.080, 0.500, -0.000, 0.013, 0.008, 0.075
231.100, 0.500, -0.000, 0.017, 0.012, 0.066
231.120, 0.500, -0.000, 0.021, 0.015, 0.060
231.140, 0.500, -0.000, 0.027, 0.019, 0.056
231.160, 0.500, -0.000, 0.035, 0.023, 0.053
231.180, 0.500, -0.000, 0.043, 0.026, 0.052
231.200, 0.500, -0.000, 0.052, 0.029, 0.052
231.220, 0.500, -0.000, 0.061, 0.032, 0.053
231.240, 0.500, -0.000, 0.070, 0.034, 0.053
231.260, 0.500, -0.000, 0.080, 0.037, 0.053
231.280, 0.500, -0.000, 0.089, 0.038, 0.053
231.300, 0.500, -0.000, 0.098, 0.040, 0.053
231.320, 0.500, -0.000, 0.107, 0.040, 0.052
231.340, 0.500, -0.000, 0.115, 0.041, 0.052
231.360, 0.500, -0.000, 0.121, 0.040, 0.051
231.380, 0.500, -0.000, 0.127, 0.039, 0.050
231.400, 0.500, -0.000, 0.131, 0.037, 0.050
231.420, 0.500, -0.000, 0.133, 0.034, 0.053
231.440, 0.500, -0.000, 0.133, 0.032, 0.056
231.460, 0.500, -0.000, 0.132, 0.029, 0.060
231.480, 0.500, -0.000, 0.130, 0.027, 0.063
231.500, 0.500, -0.000, 0.129, 0.024, 0.066
231.520, 0.500, -0.000, 0.127, 0.023, 0.069
231.540, 0.500, -0.000, 0.126, 0.022, 0.072
231.560, 0.500, -0.000, 0.125, 0.021, 0.074
231.580, 0.500, -0.000, 0.125, 0.021, 0.077
231.600, 0.500, -0.000, 0.124, 0.021, 0.080
231.620, 0.500, -0.000, 0.124, 0.021, 0.084
231.640, 0.500, -0.000, 0.123, 0.021, 0.090
231.660, 0.500, -0.000, 0.122, 0.021, 0.094
231.680, 0.500, -0.000, 0.122, 0.020, 0.094
231.700, 0.500, -0.000, 0.125, 0.021, 0.092
231.720, 0.500, -0.000, 0.131, 0.022, 0.089
231.740, 0.500, -0.000, 0.140, 0.024, 0.088
231.760, 0.500, -0.000, 0.150, 0.026, 0.089
231.780, 0.500, -0.000, 0.161, 0.029, 0.092
231.800, 0.500, -0.000, 0.172, 0.032, 0.097
231.820, 0.500, -0.000, 0.183, 0.036, 0.102
231.840, 0.500, -0.000, 0.193, 0.040, 0.108
231.860, 0.500, -0.000, 0.204, 0.044, 0.112
231.880, 0.500, -0.000, 0.214, 0.048, 0.116
231.900, 0.500, -0.000, 0.224, 0.052, 0.118
231.920, 0.500, -0.000, 0.233, 0.056, 0.119
231.940, 0.500, -0.000, 0.241, 0.059, 0.120
231.960, 0.500, -0.000, 0.249, 0.063, 0.119
231.980, 0.500, -0.000, 0.256, 0.065, 0.118
232.000, 0.500, -0.000, 0.262, 0.068, 0.116
232.020, 0.500, -0.000, 0.268, 0.069, 0.114
232.040, 0.500, -0.000, 0.273, 0.070, 0.112
232.060, 0.500, -0.000, 0.276, 0.071, 0.109
232.080, 0.500, -0.000, 0.279, 0.072, 0.106
232.100, 0.500, -0.000, 0.282, 0.072, 0.103
232.120, 0.500, -0.000, 0.283, 0.073, 0.100
232.140, 0.500, -0.000, 0.284, 0.075, 0.096
232.160, 0.500, -0.000, 0.285, 0.077, 0.092
232.180, 0.500, -0.000, 0.286, 0.079, 0.090
232.200, 0.500, -0.000, 0.286, 0.082, 0.092
232.220, 0.500, -0.000, 0.285, 0.084, 0.096
232.240, 0.500, -0.000, 0.283, 0.086, 0.099
232.260, 0.500, -0.000, 0.281, 0.088, 0.103
232.280, 0.500, -0.000, 0.279, 0.090, 0.107
232.300, 0.500, -0.000, 0.277, 0.093, 0.110
232.320, 0.500, -0.000, 0.274, 0.096, 0.111
232.340, 0.500, -0.000, 0.273, 0.099, 0.106
232.360, 0.500, -0.000, 0.273, 0.102, 0.096
232.380, 0.500, -0.000, 0.276, 0.106, 0.086
232.400, 0.500, -0.000, 0.281, 0.109, 0.077
232.420, 0.500, -0.000, 0.287, 0.111, 0.071
232.440, 0.500, -0.000, 0.294, 0.113, 0.067
232.460, 0.500, -0.000, 0.302, 0.114, 0.067
232.480, 0.500, -0.000, 0.313, 0.115, 0.068
232.500, 0.500, -0.000, 0.324, 0.116, 0.070
232.520, 0.500, -0.000, 0.335, 0.116, 0.073
232.540, 0.500, -0.000, 0.347, 0.115, 0.076
232.560, 0.500, -0.000, 0.359, 0.115, 0.079
232.580, 0.500, -0.000, 0.371, 0.114, 0.081
232.600, 0.500, -0.000, 0.382, 0.113, 0.084
232.620, 0.500, -0.000, 0.392, 0.113, 0.085
232.640, 0.500, -0.000, 0.401, 0.113, 0.086
232.660, 0.500, -0.000, 0.409, 0.112, 0.087
232.680, 0.500, -0.000, 0.415, 0.112, 0.087
232.700, 0.500, -0.000, 0.420, 0.112, 0.087
232.720, 0.500, -0.000, 0.424, 0.111, 0.086
232.740, 0.500, -0.000, 0.426, 0.110, 0.085
232.760, 0.500, -0.000, 0.427, 0.109, 0.083
232.780, 0.500, -0.000, 0.428, 0.107, 0.080
232.800, 0.500, -0.000, 0.428, 0.104, 0.078
232.820, 0.500, -0.000, 0.429, 0.101, 0.074
232.840, 0.500, -0.000, 0.430, 0.098, 0.075
232.860, 0.500, -0.000, 0.430, 0.097, 0.078
232.880, 0.500, -0.000, 0.429, 0.095, 0.083
232.900, 0.500, -0.000, 0.429, 0.094, 0.087
232.920, 0.500, -0.000, 0.428, 0.093, 0.092
232.940, 0.500, -0.000, 0.426, 0.092, 0.097
232.960, 0.500, -0.000, 0.425, 0.092, 0.102
232.980, 0.500, -0.000, 0.424, 0.091, 0.104
233.000, 0.500, -0.000, 0.425, 0.091, 0.101
233.020, 0.500, -0.000, 0.428, 0.092, 0.096
233.040, 0.500, -0.000, 0.434, 0.095, 0.091
233.060, 0.500, -0.000, 0.441, 0.098, 0.088
233.080, 0.500, -0.000, 0.449, 0.103, 0.087
233.100, 0.500, -0.000, 0.458, 0.108, 0.088
233.120, 0.500, -0.000, 0.468, 0.114, 0.091
233.140, 0.500, -0.000, 0.478, 0.121, 0.095
233.160, 0.500, -0.000, 0.488, 0.127, 0.099
233.180, 0.500, -0.000, 0.498, 0.133, 0.102
233.200, 0.500, -0.000, 0.508, 0.139, 0.105
233.220, 0.500, -0.000, 0.518, 0.144, 0.106
233.240, 0.500, -0.000, 0.528, 0.149, 0.107
233.260, 0.500, -0.000, 0.538, 0.154, 0.108
233.280, 0.500, -0.000, 0.547, 0.157, 0.107
233.300, 0.500, -0.000, 0.557, 0.161, 0.106
233.320, 0.500, -0.000, 0.565, 0.163, 0.104
233.340, 0.500, -0.000, 0.573, 0.166, 0.102
233.360, 0.500, -0.000, 0.580, 0.169, 0.099
233.380, 0.500, -0.000, 0.586, 0.172, 0.096
233.400, 0.500, -0.000, 0.591, 0.175, 0.092
233.420, 0.500, -0.000, 0.594, 0.180, 0.088
233.440, 0.500, -0.000, 0.598, 0.185, 0.082
233.460, 0.500, -0.000, 0.600, 0.190, 0.082
233.480, 0.500, -0.000, 0.600, 0.194, 0.084
233.500, 0.500, -0.000, 0.599, 0.198, 0.087
233.520, 0.500, -0.000, 0.597, 0.202, 0.090
233.540, 0.500, -0.000, 0.594, 0.204, 0.093
233.560, 0.500, -0.000, 0.591, 0.206, 0.095
233.580, 0.500, -0.000, 0.588, 0.208, 0.098
233.600, 0.500, -0.000, 0.585, 0.209, 0.102
233.620, 0.500, -0.000, 0.581, 0.209, 0.105
233.640, 0.500, -0.000, 0.577, 0.209, 0.103
233.660, 0.500, -0.000, 0.574, 0.208, 0.097
233.680, 0.500, -0.000, 0.572, 0.209, 0.089
233.700, 0.500, -0.000, 0.572, 0.210, 0.080
233.720, 0.500, -0.000, 0.574, 0.212, 0.072
233.740, 0.500, -0.000, 0.579, 0.214, 0.067
233.760, 0.500, -0.000, 0.587, 0.218, 0.065
233.780, 0.500, -0.000, 0.597, 0.222, 0.065
233.800, 0.500, -0.000, 0.610, 0.227, 0.067
233.820, 0.500, -0.000, 0.623, 0.232, 0.071
233.840, 0.500, -0.000, 0.637, 0.237, 0.075
233.860, 0.500, -0.000, 0.652, 0.240, 0.079
233.880, 0.500, -0.000, 0.666, 0.244, 0.082
233.900, 0.500, -0.000, 0.679, 0.246, 0.086
233.920, 0.500, -0.000, 0.692, 0.247, 0.088
233.940, 0.500, -0.000, 0.703, 0.248, 0.090
233.960, 0.500, -0.000, 0.713, 0.248, 0.092
233.980, 0.500, -0.000, 0.722, 0.248, 0.092
234.000, 0.500, -0.000, 0.729, 0.248, 0.093
234.020, 0.500, -0.000, 0.734, 0.248, 0.092
234.040, 0.500, -0.000, 0.738, 0.247, 0.091
234.060, 0.500, -0.000, 0.740, 0.246, 0.089
234.080, 0.500, -0.000, 0.741, 0.244, 0.087
234.100, 0.500, -0.000, 0.742, 0.242, 0.085
234.120, 0.500, -0.000, 0.742, 0.240, 0.082
234.140, 0.500, -0.000, 0.742, 0.237, 0.079
234.160, 0.500, -0.000, 0.743, 0.234, 0.076
234.180, 0.500, -0.000, 0.745, 0.233, 0.079
234.200, 0.500, -0.000, 0.745, 0.232, 0.082
234.220, 0.500, -0.000, 0.745, 0.231, 0.087
234.240, 0.500, -0.000, 0.744, 0.231, 0.093
234.260, 0.500, -0.000, 0.743, 0.231, 0.099
234.280, 0.500, -0.000, 0.741, 0.231, 0.103
234.300, 0.500, -0.000, 0.740, 0.231, 0.103
234.320, 0.500, -0.000, 0.742, 0.232, 0.098
234.340, 0.500, -0.000, 0.745, 0.235, 0.092
234.360, 0.500, -0.000, 0.750, 0.240, 0.086
234.380, 0.500, -0.000, 0.757, 0.246, 0.083
234.400, 0.500, -0.000, 0.764, 0.254, 0.082
234.420, 0.500, -0.000, 0.771, 0.262, 0.084
234.440, 0.500, -0.000, 0.778, 0.271, 0.087
234.460, 0.500, -0.000, 0.786, 0.280, 0.090
234.480, 0.500, -0.000, 0.794, 0.289, 0.094
234.500, 0.500, -0.000, 0.803, 0.297, 0.097
234.520, 0.500, -0.000, 0.811, 0.305, 0.099
234.540, 0.500, -0.000, 0.820, 0.312, 0.100
234.560, 0.500, -0.000, 0.830, 0.319, 0.100
234.580, 0.500, -0.000, 0.839, 0.326, 0.100
234.600, 0.500, -0.000, 0.849, 0.332, 0.099
234.620, 0.500, -0.000, 0.858, 0.337, 0.097
234.640, 0.500, -0.000, 0.866, 0.343, 0.094
234.660, 0.500, -0.000, 0.873, 0.348, 0.091
234.680, 0.500, -0.000, 0.879, 0.354, 0.087
234.700, 0.500, -0.000, 0.884, 0.361, 0.083
234.720, 0.500, -0.000, 0.888, 0.369, 0.077
234.740, 0.500, -0.000, 0.891, 0.375, 0.074
236.780, 0.500, 0.100, 0.000, 0.000, 0.175
236.800, 0.500, 0.100, 0.000, -0.001, 0.164
236.820, 0.500, 0.100, 0.000, -0.001, 0.149
236.840, 0.500, 0.100, 0.000, -0.001, 0.130
236.860, 0.500, 0.100, 0.001, -0.001, 0.108
236.880, 0.500, 0.100, 0.003, -0.000, 0.092
236.900, 0.500, 0.100, 0.007, -0.000, 0.080
236.920, 0.500, 0.100, 0.012, 0.000, 0.072
236.940, 0.500, 0.100, 0.016, 0.001, 0.072
236.960, 0.500, 0.100, 0.019, 0.001, 0.077
236.980, 0.500, 0.100, 0.020, 0.002, 0.084
237.000, 0.500, 0.100, 0.019, 0.002, 0.092
237.020, 0.500, 0.100, 0.018, 0.003, 0.097
237.040, 0.500, 0.100, 0.016, 0.005, 0.097
237.060, 0.500, 0.100, 0.014, 0.007, 0.092
237.080, 0.500, 0.100, 0.014, 0.010, 0.084
237.100, 0.500, 0.100, 0.015, 0.013, 0.075
237.120, 0.500, 0.100, 0.017, 0.017, 0.066
237.140, 0.500, 0.100, 0.022, 0.022, 0.060
237.160, 0.500, 0.100, 0.028, 0.026, 0.055
237.180, 0.500, 0.100, 0.036, 0.030, 0.053
237.200, 0.500, 0.100, 0.045, 0.035, 0.051
237.220, 0.500, 0.100, 0.055, 0.039, 0.050
237.240, 0.500, 0.100, 0.065, 0.042, 0.050
237.260, 0.500, 0.100, 0.075, 0.046, 0.049
237.280, 0.500, 0.100, 0.085, 0.049, 0.049
237.300, 0.500, 0.100, 0.096, 0.051, 0.048
237.320, 0.500, 0.100, 0.105, 0.053, 0.047
237.340, 0.500, 0.100, 0.114, 0.054, 0.046
237.360, 0.500, 0.100, 0.119, 0.055, 0.046
237.380, 0.500, 0.100, 0.123, 0.054, 0.048
237.400, 0.500, 0.100, 0.124, 0.052, 0.051
237.420, 0.500, 0.100, 0.124, 0.051, 0.054
237.440, 0.500, 0.100, 0.123, 0.049, 0.057
237.460, 0.500, 0.100, 0.122, 0.047, 0.060
237.480, 0.500, 0.100, 0.120, 0.045, 0.063
237.500, 0.500, 0.100, 0.119, 0.043, 0.066
237.520, 0.500, 0.100, 0.118, 0.042, 0.068
237.540, 0.500, 0.100, 0.117, 0.041, 0.071
237.560, 0.500, 0.100, 0.117, 0.040, 0.073
237.580, 0.500, 0.100, 0.116, 0.040, 0.075
237.600, 0.500, 0.100, 0.116, 0.039, 0.078
237.620, 0.500, 0.100, 0.116, 0.039, 0.081
237.640, 0.500, 0.100, 0.115, 0.039, 0.086
237.660, 0.500, 0.100, 0.115, 0.038, 0.091
237.680, 0.500, 0.100, 0.114, 0.038, 0.095
237.700, 0.500, 0.100, 0.114, 0.037, 0.096
237.720, 0.500, 0.100, 0.118, 0.037, 0.094
237.740, 0.500, 0.100, 0.124, 0.038, 0.092
237.760, 0.500, 0.100, 0.133, 0.041, 0.092
237.780, 0.500, 0.100, 0.143, 0.044, 0.094
237.800, 0.500, 0.100, 0.153, 0.048, 0.098
237.820, 0.500, 0.100, 0.163, 0.053, 0.103
237.840, 0.500, 0.100, 0.173, 0.058, 0.109
237.860, 0.500, 0.100, 0.182, 0.063, 0.115
237.880, 0.500, 0.100, 0.191, 0.069, 0.119
237.900, 0.500, 0.100, 0.200, 0.076, 0.123
237.920, 0.500, 0.100, 0.208, 0.082, 0.125
237.940, 0.500, 0.100, 0.215, 0.088, 0.126
237.960, 0.500, 0.100, 0.222, 0.093, 0.127
237.980, 0.500, 0.100, 0.229, 0.099, 0.126
238.000, 0.500, 0.100, 0.235, 0.103, 0.125
238.020, 0.500, 0.100, 0.240, 0.107, 0.123
238.040, 0.500, 0.100, 0.245, 0.110, 0.121
238.060, 0.500, 0.100, 0.249, 0.112, 0.119
238.080, 0.500, 0.100, 0.252, 0.114, 0.117
238.100, 0.500, 0.100, 0.255, 0.115, 0.114
238.120, 0.500, 0.100, 0.258, 0.117, 0.111
238.140, 0.500, 0.100, 0.260, 0.119, 0.108
238.160, 0.500, 0.100, 0.262, 0.121, 0.104
238.180, 0.500, 0.100, 0.263, 0.125, 0.100
238.200, 0.500, 0.100, 0.264, 0.129, 0.095
238.220, 0.500, 0.100, 0.265, 0.133, 0.095
238.240, 0.500, 0.100, 0.265, 0.137, 0.098
238.260, 0.500, 0.100, 0.264, 0.140, 0.102
238.280, 0.500, 0.100, 0.262, 0.144, 0.106
238.300, 0.500, 0.100, 0.260, 0.146, 0.109
238.320, 0.500, 0.100, 0.257, 0.149, 0.113
238.340, 0.500, 0.100, 0.255, 0.151, 0.114
238.360, 0.500, 0.100, 0.253, 0.153, 0.109
238.380, 0.500, 0.100, 0.252, 0.154, 0.100
238.400, 0.500, 0.100, 0.253, 0.157, 0.090
238.420, 0.500, 0.100, 0.256, 0.160, 0.081
238.440, 0.500, 0.100, 0.262, 0.163, 0.074
238.460, 0.500, 0.100, 0.269, 0.166, 0.071
238.480, 0.500, 0.100, 0.279, 0.169, 0.069
238.500, 0.500, 0.100, 0.291, 0.173, 0.070
238.520, 0.500, 0.100, 0.303, 0.176, 0.071
238.540, 0.500, 0.100, 0.315, 0.179, 0.072
238.560, 0.500, 0.100, 0.327, 0.182, 0.073
238.580, 0.500, 0.100, 0.339, 0.185, 0.074
238.600, 0.500, 0.100, 0.350, 0.189, 0.075
238.620, 0.500, 0.100, 0.361, 0.193, 0.076
238.640, 0.500, 0.100, 0.370, 0.197, 0.077
238.660, 0.500, 0.100, 0.377, 0.202, 0.077
238.680, 0.500, 0.100, 0.384, 0.207, 0.076
238.700, 0.500, 0.100, 0.388, 0.211, 0.075
238.720, 0.500, 0.100, 0.391, 0.214, 0.074
238.740, 0.500, 0.100, 0.392, 0.217, 0.072
238.760, 0.500, 0.100, 0.393, 0.218, 0.070
238.780, 0.500, 0.100, 0.391, 0.219, 0.068
238.800, 0.500, 0.100, 0.390, 0.218, 0.065
238.820, 0.500, 0.100, 0.390, 0.217, 0.063
238.840, 0.500, 0.100, 0.389, 0.216, 0.065
238.860, 0.500, 0.100, 0.388, 0.214, 0.068
238.880, 0.500, 0.100, 0.387, 0.213, 0.072
238.900, 0.500, 0.100, 0.386, 0.211, 0.076
238.920, 0.500, 0.100, 0.385, 0.208, 0.080
238.940, 0.500, 0.100, 0.385, 0.206, 0.085
238.960, 0.500, 0.100, 0.385, 0.203, 0.090
238.980, 0.500, 0.100, 0.384, 0.200, 0.095
239.000, 0.500, 0.100, 0.383, 0.196, 0.097
239.020, 0.500, 0.100, 0.385, 0.192, 0.095
239.040, 0.500, 0.100, 0.389, 0.191, 0.090
239.060, 0.500, 0.100, 0.396, 0.191, 0.084
239.080, 0.500, 0.100, 0.404, 0.194, 0.081
239.100, 0.500, 0.100, 0.413, 0.199, 0.080
239.120, 0.500, 0.100, 0.421, 0.205, 0.082
239.140, 0.500, 0.100, 0.428, 0.213, 0.087
239.160, 0.500, 0.100, 0.436, 0.221, 0.092
239.180, 0.500, 0.100, 0.443, 0.229, 0.098
239.200, 0.500, 0.100, 0.451, 0.238, 0.103
239.220, 0.500, 0.100, 0.458, 0.247, 0.107
239.240, 0.500, 0.100, 0.465, 0.255, 0.110
239.260, 0.500, 0.100, 0.472, 0.263, 0.112
239.280, 0.500, 0.100, 0.479, 0.271, 0.113
239.300, 0.500, 0.100, 0.485, 0.278, 0.113
239.320, 0.500, 0.100, 0.492, 0.283, 0.112
239.340, 0.500, 0.100, 0.498, 0.288, 0.111
239.360, 0.500, 0.100, 0.503, 0.292, 0.110
239.380, 0.500, 0.100, 0.508, 0.296, 0.108
239.400, 0.500, 0.100, 0.513, 0.298, 0.106
239.420, 0.500, 0.100, 0.517, 0.301, 0.103
239.440, 0.500, 0.100, 0.520, 0.303, 0.100
239.460, 0.500, 0.100, 0.523, 0.306, 0.096
239.480, 0.500, 0.100, 0.525, 0.309, 0.092
239.500, 0.500, 0.100, 0.527, 0.313, 0.087
239.520, 0.500, 0.100, 0.529, 0.317, 0.086
239.540, 0.500, 0.100, 0.529, 0.320, 0.088
239.560, 0.500, 0.100, 0.529, 0.323, 0.091
239.580, 0.500, 0.100, 0.527, 0.326, 0.095
239.600, 0.500, 0.100, 0.525, 0.329, 0.100
239.620, 0.500, 0.100, 0.522, 0.331, 0.104
239.640, 0.500, 0.100, 0.519, 0.332, 0.107
239.660, 0.500, 0.100, 0.516, 0.334, 0.105
239.680, 0.500, 0.100, 0.514, 0.335, 0.099
239.700, 0.500, 0.100, 0.513, 0.338, 0.091
239.720, 0.500, 0.100, 0.515, 0.341, 0.082
239.740, 0.500, 0.100, 0.518, 0.345, 0.075
239.760, 0.500, 0.100, 0.524, 0.350, 0.070
239.780, 0.500, 0.100, 0.531, 0.355, 0.068
239.800, 0.500, 0.100, 0.541, 0.361, 0.068
239.820, 0.500, 0.100, 0.552, 0.366, 0.069
239.840, 0.500, 0.100, 0.564, 0.372, 0.070
239.860, 0.500, 0.100, 0.577, 0.377, 0.072
239.880, 0.500, 0.100, 0.589, 0.382, 0.073
239.900, 0.500, 0.100, 0.601, 0.387, 0.075
239.920, 0.500, 0.100, 0.612, 0.392, 0.075
239.940, 0.500, 0.100, 0.622, 0.396, 0.076
239.960, 0.500, 0.100, 0.630, 0.401, 0.076
239.980, 0.500, 0.100, 0.638, 0.406, 0.076
240.000, 0.500, 0.100, 0.644, 0.410, 0.075
240.020, 0.500, 0.100, 0.648, 0.414, 0.074
240.040, 0.500, 0.100, 0.650, 0.417, 0.073
240.060, 0.500, 0.100, 0.652, 0.419, 0.071
240.080, 0.500, 0.100, 0.652, 0.419, 0.069
240.100, 0.500, 0.100, 0.652, 0.418, 0.067
240.120, 0.500, 0.100, 0.652, 0.417, 0.064
240.140, 0.500, 0.100, 0.652, 0.416, 0.064
240.160, 0.500, 0.100, 0.651, 0.415, 0.067
240.180, 0.500, 0.100, 0.650, 0.413, 0.071
240.200, 0.500, 0.100, 0.649, 0.411, 0.075
240.220, 0.500, 0.100, 0.649, 0.409, 0.079
240.240, 0.500, 0.100, 0.648, 0.407, 0.083
240.260, 0.500, 0.100, 0.648, 0.405, 0.088
240.280, 0.500, 0.100, 0.648, 0.403, 0.093
240.300, 0.500, 0.100, 0.647, 0.400, 0.097
240.320, 0.500, 0.100, 0.648, 0.397, 0.097
240.340, 0.500, 0.100, 0.651, 0.396, 0.093
240.360, 0.500, 0.100, 0.657, 0.397, 0.088
240.380, 0.500, 0.100, 0.664, 0.401, 0.084
240.400, 0.500, 0.100, 0.672, 0.406, 0.082
240.420, 0.500, 0.100, 0.680, 0.413, 0.084
240.440, 0.500, 0.100, 0.688, 0.421, 0.087
240.460, 0.500, 0.100, 0.696, 0.430, 0.093
240.480, 0.500, 0.100, 0.703, 0.439, 0.098
240.500, 0.500, 0.100, 0.710, 0.448, 0.104
240.520, 0.500, 0.100, 0.717, 0.458, 0.108
240.540, 0.500, 0.100, 0.724, 0.467, 0.111
240.560, 0.500, 0.100, 0.730, 0.475, 0.113
240.580, 0.500, 0.100, 0.737, 0.484, 0.114
240.600, 0.500, 0.100, 0.743, 0.491, 0.114
240.620, 0.500, 0.100, 0.749, 0.498, 0.114
240.640, 0.500, 0.100, 0.755, 0.503, 0.113
240.660, 0.500, 0.100, 0.760, 0.508, 0.111
240.680, 0.500, 0.100, 0.765, 0.512, 0.109
240.700, 0.500, 0.100, 0.769, 0.516, 0.107
240.720, 0.500, 0.100, 0.772, 0.519, 0.105
240.740, 0.500, 0.100, 0.775, 0.522, 0.102
240.760, 0.500, 0.100, 0.777, 0.525, 0.098
242.800, 0.500, 0.200, 0.000, 0.000, 0.175
242.820, 0.500, 0.200, 0.000, -0.001, 0.163
242.840, 0.500, 0.200, 0.001, -0.001, 0.149
242.860, 0.500, 0.200, 0.001, -0.001, 0.130
242.880, 0.500, 0.200, 0.002, -0.001, 0.108
242.900, 0.500, 0.200, 0.005, -0.000, 0.091
242.920, 0.500, 0.200, 0.010, 0.000, 0.078
242.940, 0.500, 0.200, 0.015, 0.002, 0.071
242.960, 0.500, 0.200, 0.019, 0.002, 0.071
242.980, 0.500, 0.200, 0.022, 0.003, 0.076
243.000, 0.500, 0.200, 0.023, 0.004, 0.083
243.020, 0.500, 0.200, 0.023, 0.006, 0.090
243.040, 0.500, 0.200, 0.021, 0.007, 0.096
243.060, 0.500, 0.200, 0.019, 0.009, 0.097
243.080, 0.500, 0.200, 0.017, 0.011, 0.093
243.100, 0.500, 0.200, 0.016, 0.014, 0.086
243.120, 0.500, 0.200, 0.016, 0.017, 0.077
243.140, 0.500, 0.200, 0.019, 0.022, 0.070
243.160, 0.500, 0.200, 0.023, 0.027, 0.064
243.180, 0.500, 0.200, 0.030, 0.032, 0.059
243.200, 0.500, 0.200, 0.038, 0.038, 0.056
243.220, 0.500, 0.200, 0.047, 0.043, 0.054
243.240, 0.500, 0.200, 0.056, 0.048, 0.053
243.260, 0.500, 0.200, 0.066, 0.052, 0.053
243.280, 0.500, 0.200, 0.076, 0.056, 0.052
243.300, 0.500, 0.200, 0.086, 0.059, 0.051
243.320, 0.500, 0.200, 0.095, 0.062, 0.050
243.340, 0.500, 0.200, 0.104, 0.064, 0.050
243.360, 0.500, 0.200, 0.110, 0.065, 0.049
243.380, 0.500, 0.200, 0.115, 0.065, 0.049
243.400, 0.500, 0.200, 0.117, 0.065, 0.051
243.420, 0.500, 0.200, 0.118, 0.064, 0.053
243.440, 0.500, 0.200, 0.118, 0.062, 0.056
243.460, 0.500, 0.200, 0.117, 0.061, 0.059
243.480, 0.500, 0.200, 0.115, 0.060, 0.062
243.500, 0.500, 0.200, 0.114, 0.058, 0.065
243.520, 0.500, 0.200, 0.113, 0.057, 0.068
243.540, 0.500, 0.200, 0.112, 0.056, 0.070
243.560, 0.500, 0.200, 0.111, 0.055, 0.073
243.580, 0.500, 0.200, 0.110, 0.055, 0.075
243.600, 0.500, 0.200, 0.110, 0.054, 0.078
243.620, 0.500, 0.200, 0.110, 0.054, 0.080
243.640, 0.500, 0.200, 0.109, 0.054, 0.084
243.660, 0.500, 0.200, 0.109, 0.053, 0.088
243.680, 0.500, 0.200, 0.108, 0.053, 0.093
243.700, 0.500, 0.200, 0.107, 0.052, 0.097
243.720, 0.500, 0.200, 0.107, 0.051, 0.098
243.740, 0.500, 0.200, 0.111, 0.052, 0.097
243.760, 0.500, 0.200, 0.117, 0.054, 0.095
243.780, 0.500, 0.200, 0.126, 0.057, 0.095
243.800, 0.500, 0.200, 0.136, 0.061, 0.097
243.820, 0.500, 0.200, 0.146, 0.067, 0.102
243.840, 0.500, 0.200, 0.156, 0.073, 0.107
243.860, 0.500, 0.200, 0.165, 0.080, 0.113
243.880, 0.500, 0.200, 0.174, 0.087, 0.118
243.900, 0.500, 0.200, 0.182, 0.095, 0.123
243.920, 0.500, 0.200, 0.190, 0.103, 0.126
243.940, 0.500, 0.200, 0.197, 0.111, 0.128
243.960, 0.500, 0.200, 0.205, 0.119, 0.129
243.980, 0.500, 0.200, 0.211, 0.127, 0.130
244.000, 0.500, 0.200, 0.218, 0.134, 0.129
244.020, 0.500, 0.200, 0.223, 0.140, 0.127
244.040, 0.500, 0.200, 0.229, 0.146, 0.125
244.060, 0.500, 0.200, 0.234, 0.150, 0.123
244.080, 0.500, 0.200, 0.238, 0.154, 0.120
244.100, 0.500, 0.200, 0.242, 0.158, 0.118
244.120, 0.500, 0.200, 0.246, 0.162, 0.115
244.140, 0.500, 0.200, 0.250, 0.165, 0.111
244.160, 0.500, 0.200, 0.253, 0.170, 0.107
244.180, 0.500, 0.200, 0.256, 0.175, 0.102
244.200, 0.500, 0.200, 0.258, 0.181, 0.096
244.220, 0.500, 0.200, 0.260, 0.187, 0.091
244.240, 0.500, 0.200, 0.261, 0.193, 0.092
244.260, 0.500, 0.200, 0.260, 0.197, 0.095
244.280, 0.500, 0.200, 0.259, 0.201, 0.099
244.300, 0.500, 0.200, 0.258, 0.204, 0.102
244.320, 0.500, 0.200, 0.256, 0.206, 0.106
244.340, 0.500, 0.200, 0.254, 0.207, 0.111
244.360, 0.500, 0.200, 0.252, 0.207, 0.112
244.380, 0.500, 0.200, 0.250, 0.206, 0.109
244.400, 0.500, 0.200, 0.249, 0.205, 0.101
244.420, 0.500, 0.200, 0.248, 0.205, 0.093
244.440, 0.500, 0.200, 0.251, 0.207, 0.084
244.460, 0.500, 0.200, 0.256, 0.210, 0.077
244.480, 0.500, 0.200, 0.264, 0.215, 0.073
244.500, 0.500, 0.200, 0.275, 0.221, 0.071
244.520, 0.500, 0.200, 0.288, 0.227, 0.070
244.540, 0.500, 0.200, 0.301, 0.234, 0.071
244.560, 0.500, 0.200, 0.314, 0.241, 0.072
244.580, 0.500, 0.200, 0.327, 0.249, 0.074
244.600, 0.500, 0.200, 0.339, 0.257, 0.075
244.620, 0.500, 0.200, 0.350, 0.265, 0.076
244.640, 0.500, 0.200, 0.360, 0.273, 0.076
244.660, 0.500, 0.200, 0.368, 0.281, 0.076
244.680, 0.500, 0.200, 0.375, 0.289, 0.074
244.700, 0.500, 0.200, 0.380, 0.296, 0.072
244.720, 0.500, 0.200, 0.383, 0.302, 0.070
244.740, 0.500, 0.200, 0.384, 0.307, 0.067
244.760, 0.500, 0.200, 0.384, 0.310, 0.063
244.780, 0.500, 0.200, 0.382, 0.311, 0.060
244.800, 0.500, 0.200, 0.381, 0.312, 0.057
244.820, 0.500, 0.200, 0.381, 0.311, 0.055
244.840, 0.500, 0.200, 0.380, 0.311, 0.056
244.860, 0.500, 0.200, 0.378, 0.309, 0.059
244.880, 0.500, 0.200, 0.377, 0.307, 0.063
244.900, 0.500, 0.200, 0.377, 0.305, 0.068
244.920, 0.500, 0.200, 0.376, 0.302, 0.072
244.940, 0.500, 0.200, 0.376, 0.299, 0.076
244.960, 0.500, 0.200, 0.376, 0.295, 0.080
244.980, 0.500, 0.200, 0.376, 0.292, 0.085
245.000, 0.500, 0.200, 0.375, 0.288, 0.090
245.020, 0.500, 0.200, 0.375, 0.284, 0.093
245.040, 0.500, 0.200, 0.376, 0.280, 0.091
245.060, 0.500, 0.200, 0.380, 0.278, 0.087
245.080, 0.500, 0.200, 0.387, 0.279, 0.082
245.100, 0.500, 0.200, 0.396, 0.284, 0.079
245.120, 0.500, 0.200, 0.406, 0.290, 0.078
245.140, 0.500, 0.200, 0.414, 0.298, 0.081
245.160, 0.500, 0.200, 0.422, 0.306, 0.087
245.180, 0.500, 0.200, 0.429, 0.315, 0.093
245.200, 0.500, 0.200, 0.436, 0.325, 0.100
245.220, 0.500, 0.200, 0.443, 0.334, 0.106
245.240, 0.500, 0.200, 0.449, 0.343, 0.111
245.260, 0.500, 0.200, 0.456, 0.352, 0.114
245.280, 0.500, 0.200, 0.462, 0.360, 0.116
245.300, 0.500, 0.200, 0.468, 0.367, 0.117
245.320, 0.500, 0.200, 0.475, 0.374, 0.117
245.340, 0.500, 0.200, 0.480, 0.379, 0.116
245.360, 0.500, 0.200, 0.486, 0.384, 0.115
245.380, 0.500, 0.200, 0.491, 0.388, 0.114
245.400, 0.500, 0.200, 0.495, 0.391, 0.112
245.420, 0.500, 0.200, 0.498, 0.393, 0.110
245.440, 0.500, 0.200, 0.501, 0.395, 0.107
245.460, 0.500, 0.200, 0.503, 0.397, 0.104
245.480, 0.500, 0.200, 0.505, 0.399, 0.101
245.500, 0.500, 0.200, 0.506, 0.401, 0.097
245.520, 0.500, 0.200, 0.506, 0.405, 0.093
245.540, 0.500, 0.200, 0.507, 0.409, 0.088
245.560, 0.500, 0.200, 0.507, 0.413, 0.087
245.580, 0.500, 0.200, 0.506, 0.417, 0.090
245.600, 0.500, 0.200, 0.504, 0.420, 0.094
245.620, 0.500, 0.200, 0.502, 0.423, 0.099
245.640, 0.500, 0.200, 0.499, 0.426, 0.105
245.660, 0.500, 0.200, 0.495, 0.429, 0.108
245.680, 0.500, 0.200, 0.492, 0.431, 0.107
245.700, 0.500, 0.200, 0.489, 0.433, 0.100
245.720, 0.500, 0.200, 0.488, 0.437, 0.091
245.740, 0.500, 0.200, 0.489, 0.442, 0.082
245.760, 0.500, 0.200, 0.491, 0.448, 0.075
245.780, 0.500, 0.200, 0.495, 0.455, 0.070
245.800, 0.500, 0.200, 0.502, 0.463, 0.067
245.820, 0.500, 0.200, 0.510, 0.471, 0.066
245.840, 0.500, 0.200, 0.519, 0.480, 0.066
245.860, 0.500, 0.200, 0.530, 0.488, 0.066
245.880, 0.500, 0.200, 0.540, 0.496, 0.066
245.900, 0.500, 0.200, 0.551, 0.504, 0.066
245.920, 0.500, 0.200, 0.561, 0.511, 0.066
245.940, 0.500, 0.200, 0.570, 0.518, 0.065
245.960, 0.500, 0.200, 0.578, 0.525, 0.064
245.980, 0.500, 0.200, 0.584, 0.531, 0.062
246.000, 0.500, 0.200, 0.589, 0.538, 0.060
246.020, 0.500, 0.200, 0.593, 0.543, 0.058
246.040, 0.500, 0.200, 0.595, 0.548, 0.056
246.060, 0.500, 0.200, 0.595, 0.551, 0.054
246.080, 0.500, 0.200, 0.595, 0.553, 0.052
246.100, 0.500, 0.200, 0.594, 0.553, 0.050
246.120, 0.500, 0.200, 0.592, 0.553, 0.049
246.140, 0.500, 0.200, 0.591, 0.553, 0.050
246.160, 0.500, 0.200, 0.589, 0.552, 0.053
246.180, 0.500, 0.200, 0.588, 0.550, 0.056
246.200, 0.500, 0.200, 0.587, 0.548, 0.060
246.220, 0.500, 0.200, 0.587, 0.546, 0.064
246.240, 0.500, 0.200, 0.587, 0.543, 0.068
246.260, 0.500, 0.200, 0.587, 0.540, 0.072
246.280, 0.500, 0.200, 0.588, 0.537, 0.076
246.300, 0.500, 0.200, 0.588, 0.534, 0.082
246.320, 0.500, 0.200, 0.588, 0.530, 0.086
246.340, 0.500, 0.200, 0.589, 0.526, 0.086
246.360, 0.500, 0.200, 0.591, 0.523, 0.084
246.380, 0.500, 0.200, 0.596, 0.523, 0.079
246.400, 0.500, 0.200, 0.604, 0.527, 0.075
246.420, 0.500, 0.200, 0.612, 0.533, 0.073
246.440, 0.500, 0.200, 0.619, 0.542, 0.074
246.460, 0.500, 0.200, 0.626, 0.551, 0.077
246.480, 0.500, 0.200, 0.632, 0.561, 0.083
246.500, 0.500, 0.200, 0.637, 0.571, 0.090
246.520, 0.500, 0.200, 0.641, 0.581, 0.097
246.540, 0.500, 0.200, 0.645, 0.591, 0.103
246.560, 0.500, 0.200, 0.649, 0.600, 0.107
246.580, 0.500, 0.200, 0.653, 0.609, 0.110
246.600, 0.500, 0.200, 0.657, 0.618, 0.111
246.620, 0.500, 0.200, 0.661, 0.627, 0.112
246.640, 0.500, 0.200, 0.665, 0.634, 0.111
246.660, 0.500, 0.200, 0.669, 0.641, 0.111
246.680, 0.500, 0.200, 0.673, 0.646, 0.109
246.700, 0.500, 0.200, 0.676, 0.651, 0.108
246.720, 0.500, 0.200, 0.679, 0.655, 0.106
246.740, 0.500, 0.200, 0.681, 0.658, 0.104
246.760, 0.500, 0.200, 0.683, 0.661, 0.102
246.780, 0.500, 0.200, 0.684, 0.664, 0.099
248.820, 0.500, 0.300, 0.000, 0.000, 0.175
248.840, 0.500, 0.300, 0.000, -0.001, 0.163
248.860, 0.500, 0.300, 0.001, -0.001, 0.149
248.880, 0.500, 0.300, 0.002, -0.001, 0.130
248.900, 0.500, 0.300, 0.004, -0.001, 0.108
248.920, 0.500, 0.300, 0.007, 0.000, 0.091
248.940, 0.500, 0.300, 0.012, 0.001, 0.078
248.960, 0.500, 0.300, 0.017, 0.003, 0.072
248.980, 0.500, 0.300, 0.022, 0.005, 0.070
249.000, 0.500, 0.300, 0.025, 0.006, 0.074
249.020, 0.500, 0.300, 0.026, 0.008, 0.080
249.040, 0.500, 0.300, 0.026, 0.009, 0.088
249.060, 0.500, 0.300, 0.025, 0.011, 0.095
249.080, 0.500, 0.300, 0.023, 0.012, 0.096
249.100, 0.500, 0.300, 0.021, 0.014, 0.092
249.120, 0.500, 0.300, 0.019, 0.017, 0.086
249.140, 0.500, 0.300, 0.019, 0.022, 0.078
249.160, 0.500, 0.300, 0.021, 0.028, 0.070
249.180, 0.500, 0.300, 0.025, 0.034, 0.064
249.200, 0.500, 0.300, 0.032, 0.041, 0.060
249.220, 0.500, 0.300, 0.041, 0.049, 0.057
249.240, 0.500, 0.300, 0.050, 0.056, 0.055
249.260, 0.500, 0.300, 0.059, 0.063, 0.054
249.280, 0.500, 0.300, 0.068, 0.069, 0.053
249.300, 0.500, 0.300, 0.076, 0.074, 0.053
249.320, 0.500, 0.300, 0.085, 0.079, 0.051
249.340, 0.500, 0.300, 0.092, 0.082, 0.050
249.360, 0.500, 0.300, 0.099, 0.085, 0.049
249.380, 0.500, 0.300, 0.104, 0.087, 0.048
249.400, 0.500, 0.300, 0.108, 0.088, 0.047
249.420, 0.500, 0.300, 0.109, 0.088, 0.048
249.440, 0.500, 0.300, 0.109, 0.087, 0.050
249.460, 0.500, 0.300, 0.107, 0.085, 0.053
249.480, 0.500, 0.300, 0.106, 0.084, 0.056
249.500, 0.500, 0.300, 0.104, 0.082, 0.059
249.520, 0.500, 0.300, 0.103, 0.081, 0.062
249.540, 0.500, 0.300, 0.102, 0.079, 0.065
249.560, 0.500, 0.300, 0.102, 0.078, 0.068
249.580, 0.500, 0.300, 0.101, 0.076, 0.071
249.600, 0.500, 0.300, 0.101, 0.075, 0.073
249.620, 0.500, 0.300, 0.101, 0.074, 0.075
249.640, 0.500, 0.300, 0.100, 0.073, 0.078
249.660, 0.500, 0.300, 0.100, 0.072, 0.082
249.680, 0.500, 0.300, 0.099, 0.071, 0.086
249.700, 0.500, 0.300, 0.098, 0.070, 0.091
249.720, 0.500, 0.300, 0.097, 0.069, 0.095
249.740, 0.500, 0.300, 0.097, 0.068, 0.096
249.760, 0.500, 0.300, 0.100, 0.068, 0.095
249.780, 0.500, 0.300, 0.106, 0.071, 0.093
249.800, 0.500, 0.300, 0.114, 0.074, 0.093
249.820, 0.500, 0.300, 0.123, 0.080, 0.095
249.840, 0.500, 0.300, 0.132, 0.087, 0.099
249.860, 0.500, 0.300, 0.141, 0.095, 0.105
249.880, 0.500, 0.300, 0.149, 0.104, 0.111
249.900, 0.500, 0.300, 0.156, 0.113, 0.117
249.920, 0.500, 0.300, 0.163, 0.123, 0.121
249.940, 0.500, 0.300, 0.170, 0.133, 0.125
249.960, 0.500, 0.300, 0.177, 0.143, 0.127
249.980, 0.500, 0.300, 0.183, 0.153, 0.129
250.000, 0.500, 0.300, 0.190, 0.163, 0.129
250.020, 0.500, 0.300, 0.195, 0.172, 0.127
250.040, 0.500, 0.300, 0.201, 0.180, 0.126
250.060, 0.500, 0.300, 0.206, 0.187, 0.123
250.080, 0.500, 0.300, 0.211, 0.194, 0.120
250.100, 0.500, 0.300, 0.216, 0.199, 0.117
250.120, 0.500, 0.300, 0.220, 0.205, 0.114
250.140, 0.500, 0.300, 0.225, 0.209, 0.110
250.160, 0.500, 0.300, 0.229, 0.214, 0.106
250.180, 0.500, 0.300, 0.233, 0.220, 0.101
250.200, 0.500, 0.300, 0.237, 0.226, 0.095
250.220, 0.500, 0.300, 0.241, 0.233, 0.087
250.240, 0.500, 0.300, 0.243, 0.240, 0.081
250.260, 0.500, 0.300, 0.244, 0.245, 0.080
250.280, 0.500, 0.300, 0.244, 0.250, 0.082
250.300, 0.500, 0.300, 0.244, 0.253, 0.086
250.320, 0.500, 0.300, 0.243, 0.255, 0.091
250.340, 0.500, 0.300, 0.242, 0.256, 0.096
250.360, 0.500, 0.300, 0.240, 0.256, 0.103
250.380, 0.500, 0.300, 0.239, 0.254, 0.106
250.400, 0.500, 0.300, 0.237, 0.251, 0.104
250.420, 0.500, 0.300, 0.235, 0.249, 0.099
250.440, 0.500, 0.300, 0.234, 0.249, 0.092
250.460, 0.500, 0.300, 0.235, 0.252, 0.084
250.480, 0.500, 0.300, 0.240, 0.257, 0.077
250.500, 0.500, 0.300, 0.248, 0.265, 0.072
250.520, 0.500, 0.300, 0.259, 0.274, 0.069
250.540, 0.500, 0.300, 0.271, 0.285, 0.068
250.560, 0.500, 0.300, 0.284, 0.297, 0.068
250.580, 0.500, 0.300, 0.296, 0.309, 0.069
250.600, 0.500, 0.300, 0.308, 0.322, 0.070
250.620, 0.500, 0.300, 0.319, 0.335, 0.071
250.640, 0.500, 0.300, 0.328, 0.347, 0.070
250.660, 0.500, 0.300, 0.337, 0.359, 0.069
250.680, 0.500, 0.300, 0.343, 0.370, 0.066
250.700, 0.500, 0.300, 0.348, 0.379, 0.062
250.720, 0.500, 0.300, 0.351, 0.387, 0.057
250.740, 0.500, 0.300, 0.353, 0.392, 0.052
250.760, 0.500, 0.300, 0.353, 0.396, 0.046
250.780, 0.500, 0.300, 0.353, 0.398, 0.042
250.800, 0.500, 0.300, 0.353, 0.399, 0.039
250.820, 0.500, 0.300, 0.352, 0.398, 0.039
250.840, 0.500, 0.300, 0.350, 0.396, 0.043
250.860, 0.500, 0.300, 0.348, 0.394, 0.047
250.880, 0.500, 0.300, 0.347, 0.391, 0.052
250.900, 0.500, 0.300, 0.347, 0.387, 0.057
250.920, 0.500, 0.300, 0.347, 0.384, 0.062
250.940, 0.500, 0.300, 0.347, 0.380, 0.066
250.960, 0.500, 0.300, 0.347, 0.376, 0.070
250.980, 0.500, 0.300, 0.347, 0.373, 0.074
251.000, 0.500, 0.300, 0.347, 0.369, 0.079
251.020, 0.500, 0.300, 0.346, 0.366, 0.084
251.040, 0.500, 0.300, 0.346, 0.363, 0.086
251.060, 0.500, 0.300, 0.346, 0.360, 0.085
251.080, 0.500, 0.300, 0.349, 0.359, 0.082
251.100, 0.500, 0.300, 0.355, 0.361, 0.078
251.120, 0.500, 0.300, 0.364, 0.367, 0.076
251.140, 0.500, 0.300, 0.373, 0.374, 0.076
251.160, 0.500, 0.300, 0.383, 0.383, 0.080
251.180, 0.500, 0.300, 0.391, 0.392, 0.087
251.200, 0.500, 0.300, 0.399, 0.401, 0.094
251.220, 0.500, 0.300, 0.406, 0.410, 0.102
251.240, 0.500, 0.300, 0.413, 0.418, 0.109
251.260, 0.500, 0.300, 0.420, 0.426, 0.114
251.280, 0.500, 0.300, 0.427, 0.433, 0.118
251.300, 0.500, 0.300, 0.433, 0.440, 0.120
251.320, 0.500, 0.300, 0.439, 0.446, 0.121
251.340, 0.500, 0.300, 0.445, 0.451, 0.122
251.360, 0.500, 0.300, 0.449, 0.456, 0.121
251.380, 0.500, 0.300, 0.453, 0.459, 0.120
251.400, 0.500, 0.300, 0.456, 0.462, 0.119
251.420, 0.500, 0.300, 0.458, 0.464, 0.117
251.440, 0.500, 0.300, 0.460, 0.465, 0.115
251.460, 0.500, 0.300, 0.460, 0.466, 0.112
251.480, 0.500, 0.300, 0.461, 0.467, 0.110
251.500, 0.500, 0.300, 0.461, 0.469, 0.106
251.520, 0.500, 0.300, 0.462, 0.470, 0.103
251.540, 0.500, 0.300, 0.462, 0.472, 0.099
251.560, 0.500, 0.300, 0.463, 0.475, 0.096
251.580, 0.500, 0.300, 0.464, 0.479, 0.091
251.600, 0.500, 0.300, 0.465, 0.483, 0.089
251.620, 0.500, 0.300, 0.464, 0.487, 0.093
251.640, 0.500, 0.300, 0.463, 0.491, 0.098
251.660, 0.500, 0.300, 0.460, 0.494, 0.104
251.680, 0.500, 0.300, 0.456, 0.497, 0.109
251.700, 0.500, 0.300, 0.452, 0.500, 0.108
251.720, 0.500, 0.300, 0.448, 0.504, 0.102
251.740, 0.500, 0.300, 0.446, 0.509, 0.092
251.760, 0.500, 0.300, 0.444, 0.516, 0.082
251.780, 0.500, 0.300, 0.445, 0.523, 0.074
251.800, 0.500, 0.300, 0.447, 0.532, 0.068
251.820, 0.500, 0.300, 0.451, 0.542, 0.064
251.840, 0.500, 0.300, 0.457, 0.552, 0.062
251.860, 0.500, 0.300, 0.465, 0.562, 0.061
251.880, 0.500, 0.300, 0.473, 0.573, 0.060
251.900, 0.500, 0.300, 0.482, 0.582, 0.059
251.920, 0.500, 0.300, 0.491, 0.591, 0.058
251.940, 0.500, 0.300, 0.500, 0.599, 0.055
251.960, 0.500, 0.300, 0.508, 0.607, 0.053
251.980, 0.500, 0.300, 0.515, 0.614, 0.050
252.000, 0.500, 0.300, 0.521, 0.621, 0.046
252.020, 0.500, 0.300, 0.526, 0.627, 0.043
252.040, 0.500, 0.300, 0.530, 0.633, 0.040
252.060, 0.500, 0.300, 0.531, 0.637, 0.038
252.080, 0.500, 0.300, 0.532, 0.640, 0.036
252.100, 0.500, 0.300, 0.531, 0.642, 0.034
252.120, 0.500, 0.300, 0.530, 0.642, 0.033
252.140, 0.500, 0.300, 0.528, 0.641, 0.035
252.160, 0.500, 0.300, 0.525, 0.640, 0.038
252.180, 0.500, 0.300, 0.523, 0.638, 0.042
252.200, 0.500, 0.300, 0.522, 0.636, 0.046
252.220, 0.500, 0.300, 0.521, 0.633, 0.050
252.240, 0.500, 0.300, 0.521, 0.631, 0.054
252.260, 0.500, 0.300, 0.521, 0.627, 0.058
252.280, 0.500, 0.300, 0.521, 0.624, 0.063
252.300, 0.500, 0.300, 0.520, 0.621, 0.067
252.320, 0.500, 0.300, 0.520, 0.617, 0.073
252.340, 0.500, 0.300, 0.520, 0.613, 0.077
252.360, 0.500, 0.300, 0.521, 0.608, 0.078
252.380, 0.500, 0.300, 0.522, 0.605, 0.076
252.400, 0.500, 0.300, 0.525, 0.605, 0.073
252.420, 0.500, 0.300, 0.528, 0.609, 0.070
252.440, 0.500, 0.300, 0.532, 0.618, 0.068
252.460, 0.500, 0.300, 0.535, 0.629, 0.068
252.480, 0.500, 0.300, 0.535, 0.642, 0.071
252.500, 0.500, 0.300, 0.534, 0.657, 0.077
252.520, 0.500, 0.300, 0.532, 0.671, 0.084
252.540, 0.500, 0.300, 0.529, 0.686, 0.091
252.560, 0.500, 0.300, 0.525, 0.701, 0.098
252.580, 0.500, 0.300, 0.522, 0.716, 0.103
252.600, 0.500, 0.300, 0.520, 0.731, 0.106
252.620, 0.500, 0.300, 0.519, 0.745, 0.107
252.640, 0.500, 0.300, 0.518, 0.759, 0.107
252.660, 0.500, 0.300, 0.518, 0.772, 0.106
252.680, 0.500, 0.300, 0.518, 0.783, 0.104
252.700, 0.500, 0.300, 0.520, 0.794, 0.100
252.720, 0.500, 0.300, 0.521, 0.803, 0.097
252.740, 0.500, 0.300, 0.523, 0.811, 0.092
252.760, 0.500, 0.300, 0.526, 0.818, 0.087
252.780, 0.500, 0.300, 0.529, 0.824, 0.082
252.800, 0.500, 0.300, 0.532, 0.830, 0.076
254.840, 0.500, 0.400, 0.000, 0.000, 0.175
254.860, 0.500, 0.400, 0.000, -0.001, 0.163
254.880, 0.500, 0.400, 0.002, -0.001, 0.149
254.900, 0.500, 0.400, 0.003, -0.001, 0.129
254.920, 0.500, 0.400, 0.005, -0.001, 0.108
254.940, 0.500, 0.400, 0.009, 0.000, 0.089
254.960, 0.500, 0.400, 0.013, 0.001, 0.076
254.980, 0.500, 0.400, 0.019, 0.004, 0.068
255.000, 0.500, 0.400, 0.024, 0.007, 0.065
255.020, 0.500, 0.400, 0.028, 0.008, 0.068
255.040, 0.500, 0.400, 0.030, 0.011, 0.074
255.060, 0.500, 0.400, 0.031, 0.012, 0.082
255.080, 0.500, 0.400, 0.030, 0.014, 0.089
255.100, 0.500, 0.400, 0.028, 0.015, 0.092
255.120, 0.500, 0.400, 0.025, 0.017, 0.089
255.140, 0.500, 0.400, 0.023, 0.019, 0.084
255.160, 0.500, 0.400, 0.022, 0.024, 0.077
255.180, 0.500, 0.400, 0.023, 0.031, 0.070
255.200, 0.500, 0.400, 0.027, 0.039, 0.064
255.220, 0.500, 0.400, 0.034, 0.049, 0.060
255.240, 0.500, 0.400, 0.042, 0.059, 0.056
255.260, 0.500, 0.400, 0.052, 0.069, 0.054
255.280, 0.500, 0.400, 0.062, 0.079, 0.052
255.300, 0.500, 0.400, 0.072, 0.089, 0.050
255.320, 0.500, 0.400, 0.080, 0.099, 0.047
255.340, 0.500, 0.400, 0.089, 0.108, 0.044
255.360, 0.500, 0.400, 0.096, 0.117, 0.040
255.380, 0.500, 0.400, 0.101, 0.125, 0.036
255.400, 0.500, 0.400, 0.104, 0.132, 0.033
255.420, 0.500, 0.400, 0.104, 0.136, 0.031
255.440, 0.500, 0.400, 0.102, 0.139, 0.031
255.460, 0.500, 0.400, 0.100, 0.140, 0.032
255.480, 0.500, 0.400, 0.098, 0.140, 0.035
255.500, 0.500, 0.400, 0.097, 0.138, 0.039
255.520, 0.500, 0.400, 0.095, 0.135, 0.042
255.540, 0.500, 0.400, 0.094, 0.132, 0.046
255.560, 0.500, 0.400, 0.094, 0.128, 0.050
255.580, 0.500, 0.400, 0.094, 0.124, 0.053
255.600, 0.500, 0.400, 0.095, 0.120, 0.057
255.620, 0.500, 0.400, 0.095, 0.116, 0.060
255.640, 0.500, 0.400, 0.096, 0.113, 0.063
255.660, 0.500, 0.400, 0.096, 0.109, 0.066
255.680, 0.500, 0.400, 0.096, 0.107, 0.070
255.700, 0.500, 0.400, 0.095, 0.104, 0.074
255.720, 0.500, 0.400, 0.094, 0.102, 0.079
255.740, 0.500, 0.400, 0.092, 0.099, 0.083
255.760, 0.500, 0.400, 0.091, 0.097, 0.084
255.780, 0.500, 0.400, 0.093, 0.096, 0.082
255.800, 0.500, 0.400, 0.097, 0.096, 0.079
255.820, 0.500, 0.400, 0.103, 0.099, 0.076
255.840, 0.500, 0.400, 0.111, 0.103, 0.077
255.860, 0.500, 0.400, 0.118, 0.109, 0.080
255.880, 0.500, 0.400, 0.125, 0.116, 0.086
255.900, 0.500, 0.400, 0.131, 0.124, 0.093
255.920, 0.500, 0.400, 0.137, 0.132, 0.101
255.940, 0.500, 0.400, 0.143, 0.140, 0.109
255.960, 0.500, 0.400, 0.150, 0.149, 0.115
255.980, 0.500, 0.400, 0.156, 0.157, 0.120
256.000, 0.500, 0.400, 0.163, 0.165, 0.123
256.020, 0.500, 0.400, 0.170, 0.173, 0.125
256.040, 0.500, 0.400, 0.177, 0.181, 0.126
256.060, 0.500, 0.400, 0.183, 0.188, 0.126
256.080, 0.500, 0.400, 0.189, 0.194, 0.126
256.100, 0.500, 0.400, 0.194, 0.199, 0.125
256.120, 0.500, 0.400, 0.199, 0.203, 0.124
256.140, 0.500, 0.400, 0.203, 0.207, 0.123
256.160, 0.500, 0.400, 0.207, 0.210, 0.122
256.180, 0.500, 0.400, 0.210, 0.212, 0.120
256.200, 0.500, 0.400, 0.213, 0.214, 0.117
256.220, 0.500, 0.400, 0.216, 0.216, 0.115
256.240, 0.500, 0.400, 0.219, 0.218, 0.111
256.260, 0.500, 0.400, 0.222, 0.221, 0.108
256.280, 0.500, 0.400, 0.225, 0.224, 0.104
256.300, 0.500, 0.400, 0.229, 0.229, 0.100
256.320, 0.500, 0.400, 0.232, 0.235, 0.094
256.340, 0.500, 0.400, 0.233, 0.240, 0.094
256.360, 0.500, 0.400, 0.234, 0.245, 0.099
256.380, 0.500, 0.400, 0.232, 0.250, 0.105
256.400, 0.500, 0.400, 0.230, 0.254, 0.109
256.420, 0.500, 0.400, 0.226, 0.258, 0.107
256.440, 0.500, 0.400, 0.223, 0.263, 0.100
256.460, 0.500, 0.400, 0.222, 0.269, 0.091
256.480, 0.500, 0.400, 0.222, 0.276, 0.082
256.500, 0.500, 0.400, 0.225, 0.285, 0.074
256.520, 0.500, 0.400, 0.230, 0.295, 0.069
256.540, 0.500, 0.400, 0.239, 0.306, 0.065
256.560, 0.500, 0.400, 0.248, 0.317, 0.063
256.580, 0.500, 0.400, 0.259, 0.328, 0.061
256.600, 0.500, 0.400, 0.271, 0.339, 0.060
256.620, 0.500, 0.400, 0.282, 0.348, 0.057
256.640, 0.500, 0.400, 0.293, 0.356, 0.054
256.660, 0.500, 0.400, 0.303, 0.364, 0.049
256.680, 0.500, 0.400, 0.312, 0.370, 0.044
256.700, 0.500, 0.400, 0.320, 0.377, 0.039
256.720, 0.500, 0.400, 0.326, 0.382, 0.033
256.740, 0.500, 0.400, 0.331, 0.387, 0.028
256.760, 0.500, 0.400, 0.333, 0.390, 0.024
256.780, 0.500, 0.400, 0.333, 0.389, 0.024
256.800, 0.500, 0.400, 0.331, 0.389, 0.026
256.820, 0.500, 0.400, 0.329, 0.388, 0.029
256.840, 0.500, 0.400, 0.327, 0.387, 0.033
256.860, 0.500, 0.400, 0.325, 0.385, 0.036
256.880, 0.500, 0.400, 0.323, 0.384, 0.040
256.900, 0.500, 0.400, 0.322, 0.382, 0.043
256.920, 0.500, 0.400, 0.321, 0.380, 0.046
256.940, 0.500, 0.400, 0.319, 0.377, 0.049
256.960, 0.500, 0.400, 0.318, 0.375, 0.052
256.980, 0.500, 0.400, 0.317, 0.372, 0.056
257.000, 0.500, 0.400, 0.316, 0.369, 0.060
257.020, 0.500, 0.400, 0.314, 0.366, 0.065
257.040, 0.500, 0.400, 0.312, 0.362, 0.070
257.060, 0.500, 0.400, 0.310, 0.358, 0.074
257.080, 0.500, 0.400, 0.309, 0.354, 0.074
257.100, 0.500, 0.400, 0.309, 0.352, 0.072
257.120, 0.500, 0.400, 0.312, 0.351, 0.068
257.140, 0.500, 0.400, 0.319, 0.355, 0.065
257.160, 0.500, 0.400, 0.328, 0.363, 0.063
257.180, 0.500, 0.400, 0.336, 0.373, 0.064
257.200, 0.500, 0.400, 0.343, 0.385, 0.067
257.220, 0.500, 0.400, 0.349, 0.398, 0.073
257.240, 0.500, 0.400, 0.354, 0.412, 0.080
257.260, 0.500, 0.400, 0.357, 0.425, 0.087
257.280, 0.500, 0.400, 0.361, 0.439, 0.093
257.300, 0.500, 0.400, 0.365, 0.452, 0.097
257.320, 0.500, 0.400, 0.369, 0.465, 0.099
257.340, 0.500, 0.400, 0.374, 0.477, 0.099
257.360, 0.500, 0.400, 0.379, 0.489, 0.098
257.380, 0.500, 0.400, 0.385, 0.500, 0.096
257.400, 0.500, 0.400, 0.391, 0.510, 0.092
257.420, 0.500, 0.400, 0.396, 0.518, 0.088
257.440, 0.500, 0.400, 0.401, 0.526, 0.084
257.460, 0.500, 0.400, 0.407, 0.534, 0.079
257.480, 0.500, 0.400, 0.411, 0.540, 0.073
257.500, 0.500, 0.400, 0.416, 0.547, 0.067
257.520, 0.500, 0.400, 0.421, 0.554, 0.060
257.540, 0.500, 0.400, 0.424, 0.561, 0.052
257.560, 0.500, 0.400, 0.427, 0.565, 0.049
257.580, 0.500, 0.400, 0.428, 0.568, 0.049
257.600, 0.500, 0.400, 0.428, 0.569, 0.052
257.620, 0.500, 0.400, 0.427, 0.570, 0.056
257.640, 0.500, 0.400, 0.426, 0.569, 0.062
257.660, 0.500, 0.400, 0.424, 0.568, 0.070
257.680, 0.500, 0.400, 0.422, 0.566, 0.078
257.700, 0.500, 0.400, 0.420, 0.563, 0.085
257.720, 0.500, 0.400, 0.418, 0.561, 0.087
257.740, 0.500, 0.400, 0.416, 0.559, 0.087
257.760, 0.500, 0.400, 0.414, 0.561, 0.083
257.780, 0.500, 0.400, 0.412, 0.565, 0.078
257.800, 0.500, 0.400, 0.412, 0.572, 0.073
257.820, 0.500, 0.400, 0.414, 0.582, 0.069
257.840, 0.500, 0.400, 0.418, 0.594, 0.066
257.860, 0.500, 0.400, 0.425, 0.608, 0.064
257.880, 0.500, 0.400, 0.434, 0.622, 0.063
257.900, 0.500, 0.400, 0.444, 0.637, 0.062
257.920, 0.500, 0.400, 0.455, 0.652, 0.061
257.940, 0.500, 0.400, 0.466, 0.667, 0.059
257.960, 0.500, 0.400, 0.476, 0.681, 0.056
257.980, 0.500, 0.400, 0.486, 0.694, 0.052
258.000, 0.500, 0.400, 0.495, 0.706, 0.047
258.020, 0.500, 0.400, 0.502, 0.717, 0.042
258.040, 0.500, 0.400, 0.508, 0.726, 0.036
258.060, 0.500, 0.400, 0.513, 0.732, 0.030
258.080, 0.500, 0.400, 0.514, 0.734, 0.027
258.100, 0.500, 0.400, 0.513, 0.734, 0.029
258.120, 0.500, 0.400, 0.511, 0.732, 0.034
258.140, 0.500, 0.400, 0.508, 0.729, 0.039
258.160, 0.500, 0.400, 0.506, 0.726, 0.044
258.180, 0.500, 0.400, 0.504, 0.723, 0.048
258.200, 0.500, 0.400, 0.502, 0.721, 0.051
258.220, 0.500, 0.400, 0.501, 0.719, 0.055
258.240, 0.500, 0.400, 0.500, 0.717, 0.058
258.260, 0.500, 0.400, 0.499, 0.716, 0.061
258.280, 0.500, 0.400, 0.499, 0.715, 0.063
258.300, 0.500, 0.400, 0.498, 0.713, 0.067
258.320, 0.500, 0.400, 0.498, 0.712, 0.070
258.340, 0.500, 0.400, 0.497, 0.710, 0.076
258.360, 0.500, 0.400, 0.496, 0.707, 0.080
258.380, 0.500, 0.400, 0.496, 0.706, 0.081
258.400, 0.500, 0.400, 0.498, 0.706, 0.081
258.420, 0.500, 0.400, 0.500, 0.711, 0.080
258.440, 0.500, 0.400, 0.502, 0.721, 0.081
258.460, 0.500, 0.400, 0.504, 0.734, 0.085
258.480, 0.500, 0.400, 0.504, 0.750, 0.091
258.500, 0.500, 0.400, 0.503, 0.766, 0.099
258.520, 0.500, 0.400, 0.502, 0.784, 0.107
258.540, 0.500, 0.400, 0.500, 0.802, 0.115
258.560, 0.500, 0.400, 0.498, 0.820, 0.120
258.580, 0.500, 0.400, 0.496, 0.839, 0.124
258.600, 0.500, 0.400, 0.495, 0.856, 0.127
258.620, 0.500, 0.400, 0.493, 0.873, 0.127
258.640, 0.500, 0.400, 0.493, 0.888, 0.126
258.660, 0.500, 0.400, 0.492, 0.902, 0.123
258.680, 0.500, 0.400, 0.493, 0.915, 0.120
258.700, 0.500, 0.400, 0.495, 0.925, 0.116
258.720, 0.500, 0.400, 0.497, 0.934, 0.111
258.740, 0.500, 0.400, 0.501, 0.942, 0.106
258.760, 0.500, 0.400, 0.505, 0.948, 0.101
258.780, 0.500, 0.400, 0.510, 0.954, 0.095
258.800, 0.500, 0.400, 0.515, 0.960, 0.089
258.820, 0.500, 0.400, 0.521, 0.967, 0.083
260.860, 0.500, 0.500, 0.000, 0.000, 0.175
260.880, 0.500, 0.500, 0.000, -0.001, 0.163
260.900, 0.500, 0.500, 0.002, -0.001, 0.148
260.920, 0.500, 0.500, 0.004, -0.001, 0.129
260.940, 0.500, 0.500, 0.007, -0.000, 0.107
260.960, 0.500, 0.500, 0.011, 0.001, 0.087
260.980, 0.500, 0.500, 0.015, 0.002, 0.073
261.000, 0.500, 0.500, 0.020, 0.005, 0.064
261.020, 0.500, 0.500, 0.026, 0.008, 0.060
261.040, 0.500, 0.500, 0.030, 0.011, 0.062
261.060, 0.500, 0.500, 0.032, 0.013, 0.067
261.080, 0.500, 0.500, 0.033, 0.015, 0.076
261.100, 0.500, 0.500, 0.032, 0.016, 0.084
261.120, 0.500, 0.500, 0.030, 0.017, 0.088
261.140, 0.500, 0.500, 0.028, 0.018, 0.087
261.160, 0.500, 0.500, 0.025, 0.021, 0.083
261.180, 0.500, 0.500, 0.023, 0.026, 0.078
261.200, 0.500, 0.500, 0.023, 0.034, 0.072
261.220, 0.500, 0.500, 0.026, 0.045, 0.066
261.240, 0.500, 0.500, 0.033, 0.058, 0.061
261.260, 0.500, 0.500, 0.042, 0.072, 0.057
261.280, 0.500, 0.500, 0.052, 0.087, 0.055
261.300, 0.500, 0.500, 0.063, 0.101, 0.052
261.320, 0.500, 0.500, 0.073, 0.116, 0.050
261.340, 0.500, 0.500, 0.083, 0.129, 0.045
261.360, 0.500, 0.500, 0.091, 0.141, 0.039
261.380, 0.500, 0.500, 0.097, 0.151, 0.033
261.400, 0.500, 0.500, 0.100, 0.158, 0.028
261.420, 0.500, 0.500, 0.098, 0.162, 0.027
261.440, 0.500, 0.500, 0.097, 0.162, 0.030
261.460, 0.500, 0.500, 0.095, 0.160, 0.033
261.480, 0.500, 0.500, 0.093, 0.157, 0.036
261.500, 0.500, 0.500, 0.093, 0.154, 0.038
261.520, 0.500, 0.500, 0.093, 0.151, 0.040
261.540, 0.500, 0.500, 0.094, 0.148, 0.042
261.560, 0.500, 0.500, 0.095, 0.145, 0.044
261.580, 0.500, 0.500, 0.096, 0.142, 0.047
261.600, 0.500, 0.500, 0.096, 0.139, 0.049
261.620, 0.500, 0.500, 0.096, 0.137, 0.052
261.640, 0.500, 0.500, 0.096, 0.135, 0.056
261.660, 0.500, 0.500, 0.095, 0.134, 0.059
261.680, 0.500, 0.500, 0.094, 0.132, 0.062
261.700, 0.500, 0.500, 0.093, 0.131, 0.066
261.720, 0.500, 0.500, 0.091, 0.129, 0.071
261.740, 0.500, 0.500, 0.089, 0.128, 0.076
261.760, 0.500, 0.500, 0.087, 0.125, 0.081
261.780, 0.500, 0.500, 0.086, 0.122, 0.083
261.800, 0.500, 0.500, 0.088, 0.121, 0.082
261.820, 0.500, 0.500, 0.092, 0.122, 0.079
261.840, 0.500, 0.500, 0.100, 0.124, 0.078
261.860, 0.500, 0.500, 0.108, 0.129, 0.079
261.880, 0.500, 0.500, 0.115, 0.136, 0.083
261.900, 0.500, 0.500, 0.122, 0.144, 0.089
261.920, 0.500, 0.500, 0.128, 0.152, 0.098
261.940, 0.500, 0.500, 0.134, 0.161, 0.106
261.960, 0.500, 0.500, 0.140, 0.171, 0.115
261.980, 0.500, 0.500, 0.147, 0.180, 0.121
262.000, 0.500, 0.500, 0.153, 0.190, 0.127
262.020, 0.500, 0.500, 0.160, 0.199, 0.130
262.040, 0.500, 0.500, 0.167, 0.209, 0.132
262.060, 0.500, 0.500, 0.174, 0.217, 0.133
262.080, 0.500, 0.500, 0.180, 0.225, 0.134
262.100, 0.500, 0.500, 0.185, 0.232, 0.134
262.120, 0.500, 0.500, 0.190, 0.238, 0.133
262.140, 0.500, 0.500, 0.195, 0.243, 0.132
262.160, 0.500, 0.500, 0.199, 0.247, 0.131
262.180, 0.500, 0.500, 0.203, 0.250, 0.130
262.200, 0.500, 0.500, 0.207, 0.253, 0.128
262.220, 0.500, 0.500, 0.210, 0.255, 0.126
262.240, 0.500, 0.500, 0.214, 0.257, 0.123
262.260, 0.500, 0.500, 0.217, 0.259, 0.119
262.280, 0.500, 0.500, 0.220, 0.262, 0.116
262.300, 0.500, 0.500, 0.224, 0.266, 0.111
262.320, 0.500, 0.500, 0.228, 0.270, 0.107
262.340, 0.500, 0.500, 0.232, 0.276, 0.102
262.360, 0.500, 0.500, 0.234, 0.283, 0.098
262.380, 0.500, 0.500, 0.236, 0.289, 0.100
262.400, 0.500, 0.500, 0.235, 0.295, 0.105
262.420, 0.500, 0.500, 0.233, 0.301, 0.109
262.440, 0.500, 0.500, 0.229, 0.306, 0.108
262.460, 0.500, 0.500, 0.225, 0.311, 0.102
262.480, 0.500, 0.500, 0.222, 0.318, 0.094
262.500, 0.500, 0.500, 0.221, 0.327, 0.084
262.520, 0.500, 0.500, 0.223, 0.338, 0.076
262.540, 0.500, 0.500, 0.228, 0.352, 0.068
262.560, 0.500, 0.500, 0.236, 0.368, 0.061
262.580, 0.500, 0.500, 0.245, 0.385, 0.057
262.600, 0.500, 0.500, 0.255, 0.402, 0.054
262.620, 0.500, 0.500, 0.264, 0.417, 0.051
262.640, 0.500, 0.500, 0.273, 0.431, 0.048
262.660, 0.500, 0.500, 0.282, 0.442, 0.043
262.680, 0.500, 0.500, 0.291, 0.450, 0.038
262.700, 0.500, 0.500, 0.300, 0.456, 0.032
262.720, 0.500, 0.500, 0.307, 0.458, 0.027
262.740, 0.500, 0.500, 0.309, 0.457, 0.026
262.760, 0.500, 0.500, 0.310, 0.456, 0.026
262.780, 0.500, 0.500, 0.311, 0.455, 0.028
262.800, 0.500, 0.500, 0.312, 0.454, 0.029
262.820, 0.500, 0.500, 0.313, 0.453, 0.031
262.840, 0.500, 0.500, 0.314, 0.451, 0.033
262.860, 0.500, 0.500, 0.313, 0.451, 0.036
262.880, 0.500, 0.500, 0.311, 0.450, 0.038
262.900, 0.500, 0.500, 0.310, 0.448, 0.041
262.920, 0.500, 0.500, 0.309, 0.446, 0.044
262.940, 0.500, 0.500, 0.308, 0.444, 0.046
262.960, 0.500, 0.500, 0.307, 0.441, 0.049
262.980, 0.500, 0.500, 0.307, 0.439, 0.052
263.000, 0.500, 0.500, 0.306, 0.436, 0.055
263.020, 0.500, 0.500, 0.306, 0.434, 0.060
263.040, 0.500, 0.500, 0.305, 0.431, 0.065
263.060, 0.500, 0.500, 0.303, 0.428, 0.070
263.080, 0.500, 0.500, 0.301, 0.424, 0.074
263.100, 0.500, 0.500, 0.300, 0.421, 0.076
263.120, 0.500, 0.500, 0.301, 0.419, 0.075
263.140, 0.500, 0.500, 0.305, 0.420, 0.073
263.160, 0.500, 0.500, 0.312, 0.426, 0.072
263.180, 0.500, 0.500, 0.321, 0.435, 0.072
263.200, 0.500, 0.500, 0.329, 0.447, 0.075
263.220, 0.500, 0.500, 0.335, 0.459, 0.081
263.240, 0.500, 0.500, 0.340, 0.471, 0.089
263.260, 0.500, 0.500, 0.343, 0.484, 0.098
263.280, 0.500, 0.500, 0.347, 0.496, 0.106
263.300, 0.500, 0.500, 0.350, 0.508, 0.112
263.320, 0.500, 0.500, 0.353, 0.520, 0.116
263.340, 0.500, 0.500, 0.357, 0.532, 0.118
263.360, 0.500, 0.500, 0.361, 0.543, 0.119
263.380, 0.500, 0.500, 0.364, 0.553, 0.119
263.400, 0.500, 0.500, 0.368, 0.562, 0.118
263.420, 0.500, 0.500, 0.372, 0.570, 0.116
263.440, 0.500, 0.500, 0.375, 0.577, 0.114
263.460, 0.500, 0.500, 0.378, 0.584, 0.111
263.480, 0.500, 0.500, 0.380, 0.589, 0.108
263.500, 0.500, 0.500, 0.383, 0.594, 0.105
263.520, 0.500, 0.500, 0.386, 0.598, 0.101
263.540, 0.500, 0.500, 0.389, 0.603, 0.097
263.560, 0.500, 0.500, 0.392, 0.608, 0.092
263.580, 0.500, 0.500, 0.395, 0.614, 0.087
263.600, 0.500, 0.500, 0.398, 0.622, 0.080
263.620, 0.500, 0.500, 0.401, 0.629, 0.074
263.640, 0.500, 0.500, 0.402, 0.636, 0.074
263.660, 0.500, 0.500, 0.402, 0.641, 0.077
263.680, 0.500, 0.500, 0.400, 0.645, 0.082
263.700, 0.500, 0.500, 0.397, 0.647, 0.089
263.720, 0.500, 0.500, 0.393, 0.649, 0.096
263.740, 0.500, 0.500, 0.389, 0.649, 0.098
263.760, 0.500, 0.500, 0.385, 0.649, 0.097
263.780, 0.500, 0.500, 0.379, 0.650, 0.093
263.800, 0.500, 0.500, 0.374, 0.655, 0.087
263.820, 0.500, 0.500, 0.370, 0.663, 0.080
263.840, 0.500, 0.500, 0.368, 0.674, 0.073
263.860, 0.500, 0.500, 0.369, 0.690, 0.067
263.880, 0.500, 0.500, 0.372, 0.708, 0.064
263.900, 0.500, 0.500, 0.376, 0.727, 0.062
263.920, 0.500, 0.500, 0.380, 0.746, 0.060
263.940, 0.500, 0.500, 0.385, 0.763, 0.058
263.960, 0.500, 0.500, 0.391, 0.779, 0.055
263.980, 0.500, 0.500, 0.397, 0.792, 0.051
264.000, 0.500, 0.500, 0.404, 0.803, 0.045
264.020, 0.500, 0.500, 0.411, 0.812, 0.039
264.040, 0.500, 0.500, 0.419, 0.819, 0.032
264.060, 0.500, 0.500, 0.424, 0.822, 0.027
264.080, 0.500, 0.500, 0.425, 0.822, 0.027
264.100, 0.500, 0.500, 0.426, 0.822, 0.028
264.120, 0.500, 0.500, 0.426, 0.821, 0.030
264.140, 0.500, 0.500, 0.427, 0.821, 0.031
264.160, 0.500, 0.500, 0.427, 0.821, 0.033
264.180, 0.500, 0.500, 0.427, 0.820, 0.034
264.200, 0.500, 0.500, 0.427, 0.819, 0.037
264.220, 0.500, 0.500, 0.427, 0.818, 0.039
264.240, 0.500, 0.500, 0.426, 0.816, 0.041
264.260, 0.500, 0.500, 0.425, 0.814, 0.044
264.280, 0.500, 0.500, 0.425, 0.811, 0.047
264.300, 0.500, 0.500, 0.424, 0.809, 0.051
264.320, 0.500, 0.500, 0.424, 0.806, 0.055
264.340, 0.500, 0.500, 0.423, 0.804, 0.060
264.360, 0.500, 0.500, 0.422, 0.800, 0.066
264.380, 0.500, 0.500, 0.421, 0.797, 0.072
264.400, 0.500, 0.500, 0.421, 0.793, 0.075
264.420, 0.500, 0.500, 0.421, 0.791, 0.076
264.440, 0.500, 0.500, 0.421, 0.793, 0.076
264.460, 0.500, 0.500, 0.421, 0.801, 0.076
264.480, 0.500, 0.500, 0.421, 0.815, 0.078
264.500, 0.500, 0.500, 0.419, 0.831, 0.082
264.520, 0.500, 0.500, 0.414, 0.849, 0.089
264.540, 0.500, 0.500, 0.407, 0.868, 0.097
264.560, 0.500, 0.500, 0.399, 0.887, 0.106
264.580, 0.500, 0.500, 0.390, 0.906, 0.113
264.600, 0.500, 0.500, 0.382, 0.925, 0.118
264.620, 0.500, 0.500, 0.375, 0.943, 0.121
264.640, 0.500, 0.500, 0.369, 0.961, 0.121
264.660, 0.500, 0.500, 0.364, 0.978, 0.120
264.680, 0.500, 0.500, 0.360, 0.993, 0.116
264.700, 0.500, 0.500, 0.358, 1.006, 0.110
264.720, 0.500, 0.500, 0.358, 1.017, 0.104
264.740, 0.500, 0.500, 0.358, 1.026, 0.097
264.760, 0.500, 0.500, 0.360, 1.033, 0.089
264.780, 0.500, 0.500, 0.362, 1.038, 0.081
264.800, 0.500, 0.500, 0.365, 1.043, 0.074
264.820, 0.500, 0.500, 0.369, 1.048, 0.066
264.840, 0.500, 0.500, 0.373, 1.054, 0.058
